bucket,reason,domain,merchantName,possibleOfficialUrl,title,score,occurrences,notes,sourceFiles
REVIEW,plausible_giftcard_but_needs_human_check,1minutepay.com,The Most Popular Gift Cards In France,https://1minutepay.com/blog/popular-gift-cards-in-france/,The Most Popular Gift Cards In France,100,1,The Most Popular Gift Cards In France · 3. Itunes Gift Card · 4. Netflix Gift Card · 5. Amazon Gift Card · 6. Steam Card Gift card · 6. Neosurf Gift Cards.,data\discovery\mass-harvest-v5\clean-v5.5\review.csv
REVIEW,plausible_giftcard_but_needs_human_check,2gosoftware.eu,Douglas Gift Card - 25 Euro - Germany - 2GO Software,https://2gosoftware.eu/en-gr/douglas-gift-card-25-euro-germany,Douglas Gift Card - 25 Euro - Germany - 2GO Software,100,1,"Douglas Gift Card | 25 Euro | Germany · Money back guarantee · 100% legitimate codes · Real-time, digital delivery (by e-mail).",data\discovery\mass-harvest-v5\clean-v5.5\review.csv
REVIEW,plausible_giftcard_but_needs_human_check,4gold.eu,4gold,https://4gold.eu/en-gr/products/e-giftcard?srsltid=AfmBOooWGuDwlP3Y6vMIScz0AmXa_dCXXGwLXaBMSph0uaLhqLmK9zGW,E-giftcard - 4GOLD,55,1,"The 4Gold E-Gift Card isn't just a gift, it's the perfect boost to help someone fuel their journey towards maximum performance and a healthier lifestyle.",data\discovery\mega-harvest-v6\clean-v6\review.csv | data\discovery\review-universe-v2\manual-review.csv
REVIEW,plausible_giftcard_but_needs_human_check,57fashionbar.com,GIFTCARDS,https://57fashionbar.com/collections/giftcards?srsltid=AfmBOoocuvtx3h_4gHRdVm2M54dTTSWoKy9MMoT6YlU9YkE9aycRdvr8,GIFTCARDS,60,6,"GIFT CARD 50€. Shop Now >. GIFT CARD 50€. GIFT CARD 50€. 57 FASHION BAR. Regular price €50,00 · GIFT CARD 100€. Shop Now >. GIFT CARD 100€.",data\discovery\mass-harvest-v5\clean-v5.1\review.csv | data\discovery\mass-harvest-v5\clean-v5.2\manual-review.csv | data\discovery\mass-harvest-v5\clean-v5.3\global-review.csv | data\discovery\mass-harvest-v5\clean-v5.4\review.csv | data\discovery\mass-harvest-v5\clean-v5.5\review.csv | data\discovery\mega-harvest-v6\clean-v6\review.csv | data\discovery\review-universe-v1\still-review.csv | data\discovery\review-universe-v5\manual-review.csv
REVIEW,plausible_giftcard_but_needs_human_check,8aisti.com,Beauty Salon Kahdeksas Aisti,https://www.8aisti.com/en/gifts/?srsltid=AfmBOorMGnwMxNqFDkAAM1oJ_Yc7Fy0cHA_QXQlg7UDRy7p959o4vMCB,Beauty Salon Kahdeksas Aisti - Gift cards,80,5,"We deliver a high-quality Kahdeksas Aisti gift card in a stylish gift envelope by post to the address of your choice, or you can pick it up at our salon if ...",data\discovery\mass-harvest-v5\clean-v5.1\review.csv | data\discovery\mass-harvest-v5\clean-v5.2\manual-review.csv | data\discovery\mass-harvest-v5\clean-v5.3\global-review.csv | data\discovery\mass-harvest-v5\clean-v5.4\review.csv | data\discovery\mass-harvest-v5\clean-v5.5\review.csv | data\discovery\review-universe-v1\still-review.csv | data\discovery\review-universe-v5\manual-review.csv
REVIEW,plausible_giftcard_but_needs_human_check,abbeytravel.ie,Abbey Travel Gift Vouchers,https://www.abbeytravel.ie/abbey-travel-gift-vouchers,Abbey Travel Gift Vouchers,100,4,Spain Back. Costa ... Abbey Travel Gift Vouchers. Give the gift of travel with an Abbey Travel Gift Voucher. Get A Gift Voucher. Abbey Travel Gift Vouchers ...,data\discovery\mass-harvest-v5\clean-v5.2\global-review.csv | data\discovery\mass-harvest-v5\clean-v5.3\global-review.csv | data\discovery\mass-harvest-v5\clean-v5.4\review.csv | data\discovery\mass-harvest-v5\clean-v5.5\review.csv | data\discovery\review-universe-v2\manual-review.csv
REVIEW,plausible_giftcard_but_needs_human_check,aberdevine.co,Aberdevine,https://aberdevine.co/products/aberdevine-e-gift-card?srsltid=AfmBOor5jrGAjbef3zyqGXV1ecCiTUFT7pwEISPH4OfwxUNM3m3KXv8q,E-GIFT CARD - Aberdevine,100,5,Lingerie gift card. E-Gift Card- perfect lingerie gift. Treat them to the perfect present by letting them choose their own dream Aberdevine lingerie set.,data\discovery\mass-harvest-v5\clean-v5.2\global-review.csv | data\discovery\mass-harvest-v5\clean-v5.3\global-review.csv | data\discovery\mass-harvest-v5\clean-v5.4\review.csv | data\discovery\mass-harvest-v5\clean-v5.5\review.csv | data\discovery\mega-harvest-v6\clean-v6\review.csv | data\discovery\review-universe-v2\manual-review.csv
REVIEW,plausible_giftcard_but_needs_human_check,aceb.com,Buy Sephora Italy Gift Card with Crypto | Instant Delivery,https://aceb.com/giftcards/sephora-italy,Buy Sephora Italy Gift Card with Crypto | Instant Delivery,100,1,Buy securely with cryptocurrency and receive your digital gift card instantly by email. The Sephora Italy Gift Card is the ideal choice for anyone who loves ...,data\discovery\mass-harvest-v5\clean-v5.5\review.csv
REVIEW,plausible_giftcard_but_needs_human_check,achilleassotiriou.com,Gift Card 200€ | ACHILLEAS SOTIRIOU,https://www.achilleassotiriou.com/product-page/gift-card-150-1?srsltid=AfmBOoqyPEjjSHUC_JEqXxxrisoFufdvYRnWQsw8UGft92tgMKb3T_Fk,Gift Card 200€ | ACHILLEAS SOTIRIOU,100,5,"Gift Card 200€ ... A hair salon gift card offers a luxurious experience. Treat yourself or a loved one to expert haircare, styling, and pampering services. It's a ...",data\discovery\mass-harvest-v5\clean-v5.2\global-review.csv | data\discovery\mass-harvest-v5\clean-v5.3\global-review.csv | data\discovery\mass-harvest-v5\clean-v5.4\review.csv | data\discovery\mass-harvest-v5\clean-v5.5\review.csv | data\discovery\mega-harvest-v6\clean-v6\review.csv | data\discovery\review-universe-v2\manual-review.csv
REVIEW,plausible_giftcard_but_needs_human_check,acousticecology.music.uoa.gr,edie parker Gift Card Factory Sale | Bags,https://acousticecology.music.uoa.gr/?a,edie parker Gift Card Factory Sale | Bags,80,8,This Item Ships For Free! edie parker Gift Card. Bags / Edie Parker / edie parker Gift Card Factory Sale. 10 More Colors. 4.74.,data\discovery\focused-harvest-v7\clean-v7\review.csv | data\discovery\focused-harvest-v7-run1-backup\clean-v7\review.csv | data\discovery\mass-harvest-v5\clean-v5.1\review.csv | data\discovery\mass-harvest-v5\clean-v5.2\manual-review.csv | data\discovery\mass-harvest-v5\clean-v5.3\global-review.csv | data\discovery\mass-harvest-v5\clean-v5.4\review.csv | data\discovery\mass-harvest-v5\clean-v5.5\review.csv | data\discovery\mega-harvest-v6\clean-v6\review.csv | data\discovery\review-universe-v1\still-review.csv
REVIEW,plausible_giftcard_but_needs_human_check,acquoofsweden.com,ACQUO of Sweden,https://acquoofsweden.com/products/acquo-gift-card?srsltid=AfmBOop0hzMNoCCrL8WMAwkN2O-d6_8VvJPl-LtmDuZc1udrL_BTn1K1,ACQUO of Sweden - Gift Card,100,4,Give them the gift of choice with a gift card from ACQUO of Sweden. Gift cards are delivered immediately by email and contain instructions to redeem them at ...,data\discovery\mass-harvest-v5\clean-v5.2\global-review.csv | data\discovery\mass-harvest-v5\clean-v5.3\global-review.csv | data\discovery\mass-harvest-v5\clean-v5.4\review.csv | data\discovery\mass-harvest-v5\clean-v5.5\review.csv | data\discovery\review-universe-v2\manual-review.csv
REVIEW,plausible_giftcard_but_needs_human_check,activetravelersingreece.com,Gift Card,https://activetravelersingreece.com/event/giftcard/,Gift Card,100,1,Past Events · Inspire me · Giftcard · Custom Trips; Workout Team; Active Travelers ... Πληροφορίες για τη Δωροκάρτα. Κόστος: 15€ / 35€ / 50€ / 60€ / 80€ / 150 ...,data\discovery\mega-harvest-v6\clean-v6\review.csv | data\discovery\review-universe-v1\still-review.csv | data\discovery\review-universe-v5\manual-review.csv
REVIEW,plausible_giftcard_but_needs_human_check,adelco-eshop.gr,Adelco Eshop,https://adelco-eshop.gr/index.php?route,Gift Cards,85,1,Υπάρχει η Εύκολη Λύση – αγοράστε εύκολα και γρήγορα Ηλεκτρονική Δωροκάρτα με ... experience targeted ads for your interests. Marketing and Retargeting.,data\discovery\focused-harvest-v7\clean-v7\review.csv | data\discovery\focused-harvest-v7-run1-backup\clean-v7\review.csv | data\discovery\mass-harvest-v5\clean-v5.1\review.csv | data\discovery\mass-harvest-v5\clean-v5.2\manual-review.csv | data\discovery\mass-harvest-v5\clean-v5.3\global-review.csv | data\discovery\mass-harvest-v5\clean-v5.4\review.csv | data\discovery\mass-harvest-v5\clean-v5.5\review.csv | data\discovery\mega-harvest-v6\clean-v6\review.csv
REVIEW,plausible_giftcard_but_needs_human_check,adolfodominguez.com,Gift Card | AD Portugal,https://www.adolfodominguez.com/en-pt/gift-card-199990000300.html,Gift Card | AD Portugal,100,4,"We think that one gift is enough. Choose the value of your gift card: €50, €100 or €200. Send it by email to whoever you want. Enjoy the good choice.",data\discovery\mass-harvest-v5\clean-v5.2\global-review.csv | data\discovery\mass-harvest-v5\clean-v5.3\global-review.csv | data\discovery\mass-harvest-v5\clean-v5.4\review.csv | data\discovery\mass-harvest-v5\clean-v5.5\review.csv | data\discovery\review-universe-v1\still-review.csv | data\discovery\review-universe-v5\manual-review.csv
REVIEW,plausible_giftcard_but_needs_human_check,aesthet.com,aesthet.com,https://www.aesthet.com/el/gift-cards-2/?srsltid=AfmBOoohgm8UHEW0EmfgEwmt4H_XYhiuayAVZxRmbavrgsxRnzhd-GHD,Gift Cards - aesthet.com,100,2,Contessina Jewelry · Costarellos · Cristina Beautiful Life · Cutcuutur · Danai ... Κάντε χαρούμενους τους αγαπημένους σας με μια δωροκάρτα Aesthet! Από (OΝ/ΜΟ) ...,data\discovery\focused-harvest-v7\clean-v7\review.csv | data\discovery\focused-harvest-v7-run1-backup\clean-v7\review.csv | data\discovery\review-universe-v2\manual-review.csv
REVIEW,plausible_giftcard_but_needs_human_check,affine-atelier.com,AFFINÉ Gift Card | Hand-Blown Glass Lighting,https://affine-atelier.com/products/gift-card-affine?srsltid=AfmBOoo9pOKbtjAH3qtgEkfeW5cO62OineDHeWLZgrspYcdfkt4ny2S7,AFFINÉ Gift Card | Hand-Blown Glass Lighting,100,1,"Give the gift of timeless design. The Affiné Gift Card can be redeemed on any piece in our hand-blown lighting collection, sent digitally by email.",data\discovery\mega-harvest-v6\clean-v6\review.csv | data\discovery\review-universe-v1\still-review.csv | data\discovery\review-universe-v5\manual-review.csv
REVIEW,plausible_giftcard_but_needs_human_check,afit.gr,Αγοράστε μία Δωροεπιταγή,https://afit.gr/index.php?route,Αγοράστε μία Δωροεπιταγή,85,2,Αυτή η δωροεπιταγή θα αποσταλεί μέ e-mail στον παραλήπτη αφού ... Το Afit.gr δημιουργήθηκε από την εμπειρία της Power Force στον χώρο του fitness ...,data\discovery\focused-harvest-v7\clean-v7\review.csv | data\discovery\focused-harvest-v7-run1-backup\clean-v7\review.csv | data\discovery\review-universe-v1\still-review.csv | data\discovery\review-universe-v4-1\manual-review.csv
REVIEW,plausible_giftcard_but_needs_human_check,aggelonanthi.gr,Aggelonanthi,https://aggelonanthi.gr,European Holiday - Trio Candle Set Gift Card smoky woods,,1,"Wave2Bucket=HIGH_SAFE | Wave2Score=80 | Wave2Reasons=GIFT_TITLE | PURCHASE_SIGNAL | GREEK_DOMAIN | MULTI_QUERY | MULTI_HIT | Queries=site:.gr candles ""gift card"" | site:.gr flowers ""gift card"" | Imported to DISCOVERED only; requires verification before production.",DB:DISCOVERED:cmt9y17d3000xpwiy7dzqs8u2
REVIEW,plausible_giftcard_but_needs_human_check,agorakifissia.com,Gift cards,https://agorakifissia.com/gift-cards/,Gift cards,100,1,"What is the difference between an e-Gift Card and physical Gift Card? A ... Argyropoylou 10, Kifisia 145 62, Attica, Greece. VAT: 033240915. GEMI ...",data\discovery\mega-harvest-v6\clean-v6\review.csv | data\discovery\review-universe-v1\still-review.csv | data\discovery\review-universe-v5-1\manual-review.csv
REVIEW,plausible_giftcard_but_needs_human_check,agramada.com,Buy your Gift Card,https://www.agramada.com/book-gift-card,Buy your Gift Card,100,5,Agramada Hotel. Languages. GR · EN · Press · Feedback Form · Contact Us ... Buy your Gift Card. 0. Your cart. ×. Make a reservation · Reservation ...,data\discovery\mass-harvest-v5\clean-v5.2\global-review.csv | data\discovery\mass-harvest-v5\clean-v5.3\global-review.csv | data\discovery\mass-harvest-v5\clean-v5.4\review.csv | data\discovery\mass-harvest-v5\clean-v5.5\review.csv | data\discovery\mega-harvest-v6\clean-v6\review.csv | data\discovery\review-universe-v1\still-review.csv | data\discovery\review-universe-v5\manual-review.csv
REVIEW,plausible_giftcard_but_needs_human_check,agrotourism.com.cy,Cyprus Gift Cards for Stays & Experiences - Agrotourism,https://agrotourism.com.cy/buy-e-gift-card/,Cyprus Gift Cards for Stays & Experiences - Agrotourism,100,4,giftcard 50. Discover Cyprus Gift Card. Buy Now. €50.00 · giftcard 75. Discover Cyprus Gift Card. Buy Now. €75.00 · giftcard 100. Discover Cyprus Gift Card. Buy ...,data\discovery\mass-harvest-v5\clean-v5.2\global-review.csv | data\discovery\mass-harvest-v5\clean-v5.3\global-review.csv | data\discovery\mass-harvest-v5\clean-v5.4\review.csv | data\discovery\mass-harvest-v5\clean-v5.5\review.csv | data\discovery\review-universe-v1\still-review.csv | data\discovery\review-universe-v5\manual-review.csv
REVIEW,plausible_giftcard_but_needs_human_check,ailanajewelry.com,AILANA JEWELRY GIFT VOUCHER,https://ailanajewelry.com/en-fr/products/gift-voucher-ailana-jewelry?srsltid=AfmBOopxmGJ6iWeKOzeugsnZdF2Qsy8v7W0vXzDgCdCGmJafwykovSDy,AILANA JEWELRY GIFT VOUCHER,100,5,AILANA JEWELRY GIFT VOUCHER ... Tax included. Shipping calculated at checkout. Denominations. 20.00 € 40.00 € 60.00 ...,data\discovery\mass-harvest-v5\clean-v5.2\global-review.csv | data\discovery\mass-harvest-v5\clean-v5.3\global-review.csv | data\discovery\mass-harvest-v5\clean-v5.4\review.csv | data\discovery\mass-harvest-v5\clean-v5.5\review.csv | data\discovery\mega-harvest-v6\clean-v6\review.csv | data\discovery\review-universe-v2\manual-review.csv
REVIEW,plausible_giftcard_but_needs_human_check,airbnb.gr,Παράδεισος. Μοντέρνο. Θέα στη λίμνη. Δωρεάν δωροκάρτα 200,https://www.airbnb.gr/rooms/34914351,Παράδεισος. Μοντέρνο. Θέα στη λίμνη. Δωρεάν δωροκάρτα 200,80,1,"Δωρεάν δωροκάρτα 200 $. Διαμερίσματα σε ... Ό,τι κι αν προτιμάτε, έχουν κάτι για όλους!! *Περιλαμβάνεται - δωροκάρτα 200 $ για θαλάσσια σπορ στη λίμνη του Λας ...",data\discovery\mega-harvest-v6\clean-v6\review.csv | data\discovery\review-universe-v1\still-review.csv | data\discovery\review-universe-v4-1\manual-review.csv
REVIEW,plausible_giftcard_but_needs_human_check,airserbia.com,Gift voucher,https://www.airserbia.com/en/explore/services/gift-voucher,Gift voucher,100,4,Sweden (SEK) · Switzerland (CHF) · Turkey (USD) · United Kingdom (GBP) · United ... Gift voucher. You wish to surprise your dear one with something special ...,data\discovery\mass-harvest-v5\clean-v5.2\global-review.csv | data\discovery\mass-harvest-v5\clean-v5.3\global-review.csv | data\discovery\mass-harvest-v5\clean-v5.4\review.csv | data\discovery\mass-harvest-v5\clean-v5.5\review.csv | data\discovery\review-universe-v1\still-review.csv | data\discovery\review-universe-v5\manual-review.csv
REVIEW,plausible_giftcard_but_needs_human_check,aladastra.com,Aladastra,https://aladastra.com/gift-bundles/e-gift-cards.html,E-Gift Cards - Aladastra Yoga & Wellness Lifestyle,100,1,... €50 E-Gift Card. (). €50.00. wishlist Add to Cart ... Athens (VISIT BY APPOINTMENT). OUR STORY. ABOUT US · OUR PHILOSOPHY.,data\discovery\mega-harvest-v6\clean-v6\review.csv | data\discovery\review-universe-v3\manual-review.csv
REVIEW,plausible_giftcard_but_needs_human_check,alamy.com,Gift card display at store Stock Photos and Images,https://www.alamy.com/stock-photo/gift-card-display-at-store.html,Gift card display at store Stock Photos and Images,70,1,"Poznan, Poland - 26 July 2025: Modern electronics store displays iPhone 16 poster, ... Thessaloniki, Greece - November 24 2025: LIDL Christmas seasonal ...",data\discovery\mega-harvest-v6\clean-v6\review.csv | data\discovery\review-universe-v1\still-review.csv
REVIEW,plausible_giftcard_but_needs_human_check,alayasol.de,Yoga Gift Voucher,https://www.alayasol.de/en/products/geschenk-gutschein?srsltid=AfmBOoqbOWrkGhq3g-IFsdr-vy6QGRQ-5pyhvUyXZRIoIiE59S90yn9K,Yoga Gift Voucher,80,6,"Gift Voucher. Art.-Nr.: Art.-Nr.: Regular price 25,00 €. Sale price Regular ... Für wen ist das Yoga & Meditation Equipment geeignet? Unser Yoga- und ...",data\discovery\mass-harvest-v5\clean-v5.1\review.csv | data\discovery\mass-harvest-v5\clean-v5.2\manual-review.csv | data\discovery\mass-harvest-v5\clean-v5.3\global-review.csv | data\discovery\mass-harvest-v5\clean-v5.4\review.csv | data\discovery\mass-harvest-v5\clean-v5.5\review.csv | data\discovery\mega-harvest-v6\clean-v6\review.csv | data\discovery\review-universe-v1\still-review.csv | data\discovery\review-universe-v5\manual-review.csv
REVIEW,plausible_giftcard_but_needs_human_check,alchemist-aromas.com,Perfume Gift Voucher - Experience Alchemist Aromas® Luxury ...,https://alchemist-aromas.com/en/products/alchemist-aromas-gutschein?srsltid=AfmBOoq15V9pfK6fTtbAAS0BhZ_5WoYHEHAszlO9VFH7Xcc83i9njZSc,Perfume Gift Voucher - Experience Alchemist Aromas® Luxury ...,80,6,Gift the magic of scent with Alchemist Aromas®'s perfume gift voucher. Perfect for exploring exquisite fragrances for everyone ... Greece EUR €; Hungary HUF Ft ...,data\discovery\mass-harvest-v5\clean-v5.1\review.csv | data\discovery\mass-harvest-v5\clean-v5.2\manual-review.csv | data\discovery\mass-harvest-v5\clean-v5.3\global-review.csv | data\discovery\mass-harvest-v5\clean-v5.4\review.csv | data\discovery\mass-harvest-v5\clean-v5.5\review.csv | data\discovery\mega-harvest-v6\clean-v6\review.csv | data\discovery\review-universe-v3\manual-review.csv
REVIEW,plausible_giftcard_but_needs_human_check,alexander-edu.org,Learn Modern and Ancient Greek in Greece!,https://alexander-edu.org/gift-card/,Gift Card - Learn Modern and Ancient Greek in Greece!,100,6,Wonderful experience with this school in Thessaloniki - the right mixture of ... Gift Card. Want to surprise someone with more than just a typical gift ...,data\discovery\focused-harvest-v7\clean-v7\review.csv | data\discovery\focused-harvest-v7-run1-backup\clean-v7\review.csv | data\discovery\mass-harvest-v5\clean-v5.3\greece-market-review.csv | data\discovery\mass-harvest-v5\clean-v5.4\review.csv | data\discovery\mass-harvest-v5\clean-v5.5\review.csv | data\discovery\mega-harvest-v6\clean-v6\review.csv | data\discovery\review-universe-v1\still-review.csv | data\discovery\review-universe-v5-1\manual-review.csv
REVIEW,plausible_giftcard_but_needs_human_check,alfafood.gr,Αγοράστε μία Δωροεπιταγή - ALFA FOOD,https://www.alfafood.gr/index.php?route,Αγοράστε μία Δωροεπιταγή - ALFA FOOD,85,1,Αγοράστε μία Δωροεπιταγή ... Αυτή η δωροεπιταγή θα αποσταλεί μέ e-mail στον παραλήπτη αφού ολοκληρωθεί ή πληρωμή σας. Όνομα παραλήπτη. E-mail παραλήπτη.,data\discovery\focused-harvest-v7\clean-v7\review.csv | data\discovery\focused-harvest-v7-run1-backup\clean-v7\review.csv
REVIEW,plausible_giftcard_but_needs_human_check,alisahne.com,Gift Card | ALISAHNE Resort Collection,https://alisahne.com/en/product/gift-card/,Gift Card | ALISAHNE Resort Collection,100,5,HomeGift cardGift Card. gift-card-n. Gift Card. Shipping Worldwide; Free ... Close submenu (Resort Wear)Resort Wear. Dresses · Jumpsuits – Playsuits · Kaftans ...,data\discovery\mass-harvest-v5\clean-v5.2\global-review.csv | data\discovery\mass-harvest-v5\clean-v5.3\global-review.csv | data\discovery\mass-harvest-v5\clean-v5.4\review.csv | data\discovery\mass-harvest-v5\clean-v5.5\review.csv | data\discovery\mega-harvest-v6\clean-v6\review.csv | data\discovery\review-universe-v2\manual-review.csv
REVIEW,plausible_giftcard_but_needs_human_check,all.accor.com,The Perfect Present: The ALL Accor Gift Card,https://all.accor.com/a/en/experiences/all-gift-card.html,The Perfect Present: The ALL Accor Gift Card,100,1,An extended seaside escape in Crete. ALL ... Any bookings paid in advance will be refunded at the hotel and your gift voucher will be used as payment.,data\discovery\focused-harvest-v7\clean-v7\review.csv | data\discovery\focused-harvest-v7-run1-backup\clean-v7\review.csv | data\discovery\mass-harvest-v5\clean-v5.2\global-review.csv | data\discovery\mass-harvest-v5\clean-v5.3\global-review.csv | data\discovery\mass-harvest-v5\clean-v5.4\review.csv | data\discovery\mass-harvest-v5\clean-v5.5\review.csv
REVIEW,plausible_giftcard_but_needs_human_check,allpeoplephotography.com,Business Thank You Gift Voucher,https://www.allpeoplephotography.com/vouchers/buiness-thank-you-photo-experience-2/,Business Thank You Gift Voucher,80,6,"Business Experience Gift Voucher. As a thank you for your valued custom from one of our business partners & All People Photography ... Greece, Greenland ...",data\discovery\mass-harvest-v5\clean-v5.1\review.csv | data\discovery\mass-harvest-v5\clean-v5.2\manual-review.csv | data\discovery\mass-harvest-v5\clean-v5.3\global-review.csv | data\discovery\mass-harvest-v5\clean-v5.4\review.csv | data\discovery\mass-harvest-v5\clean-v5.5\review.csv | data\discovery\mega-harvest-v6\clean-v6\review.csv | data\discovery\review-universe-v1\still-review.csv | data\discovery\review-universe-v5-1\manual-review.csv
REVIEW,plausible_giftcard_but_needs_human_check,allsportstore.com,All Sports GIFT VOUCHERS,https://www.allsportstore.com/en/All-Sports-GIFT-VOUCHERS/m-19488.aspx,All Sports GIFT VOUCHERS,100,4,All Sports GIFT VOUCHERS | AllSportStore.com AllSportStore.com. Summer Sale: Up ... Why Choose an E-Gift Voucher? Fast and convenient. Available in any ...,data\discovery\mass-harvest-v5\clean-v5.2\global-review.csv | data\discovery\mass-harvest-v5\clean-v5.3\global-review.csv | data\discovery\mass-harvest-v5\clean-v5.4\review.csv | data\discovery\mass-harvest-v5\clean-v5.5\review.csv | data\discovery\review-universe-v1\still-review.csv | data\discovery\review-universe-v5\manual-review.csv
REVIEW,plausible_giftcard_but_needs_human_check,amazon.es,Amazon.es: Gift Cards,https://www.amazon.es/-/en/b?ie=UTF8&node=3564279031,Amazon.es: Gift Cards,85,1,Shop gift cards from popular brands ; Google Play code (send via email; valid only for Spain). €5.00 ; NEU Apple Gift Card - for Spain - by e-mail. €10.00 · 10 ...,data\discovery\mass-harvest-v5\clean-v5.1\review.csv | data\discovery\mass-harvest-v5\clean-v5.2\manual-review.csv | data\discovery\mass-harvest-v5\clean-v5.3\global-review.csv | data\discovery\mass-harvest-v5\clean-v5.4\review.csv | data\discovery\mass-harvest-v5\clean-v5.5\review.csv
REVIEW,plausible_giftcard_but_needs_human_check,ammilos.gr,Κάρτα Δώρου Άμμιλος | Πρωτότυπες Γαστρονομικές Εμπειρίες,https://ammilos.gr/karta-dorou-ammilos/,Κάρτα Δώρου Άμμιλος | Πρωτότυπες Γαστρονομικές Εμπειρίες,80,6,"Η Κάρτα Δώρου Άμμιλος είναι το πιο πρωτότυπο δώρο! Μαθήματα μαγειρικής για παιδιά, εφήβους, ενήλικες και εταιρείες στη Θεσσαλονίκη. Δωρίστε μια εμπειρία ...",data\discovery\mass-harvest-v5\clean-v5.1\review.csv | data\discovery\mass-harvest-v5\clean-v5.2\manual-review.csv | data\discovery\mass-harvest-v5\clean-v5.3\global-review.csv | data\discovery\mass-harvest-v5\clean-v5.4\review.csv | data\discovery\mass-harvest-v5\clean-v5.5\review.csv | data\discovery\mega-harvest-v6\clean-v6\review.csv | data\discovery\review-universe-v1\still-review.csv | data\discovery\review-universe-v4-1\manual-review.csv
REVIEW,plausible_giftcard_but_needs_human_check,ananne.com,Gift voucher for high-quality active ingredient cosmetics | ananné,https://ananne.com/en/products/geschenkgutschein?srsltid=AfmBOorDe79bxQ6MC3h1MDJA4V0Sr1-YBEd_EAgZ6pzO3IAPIsH_GtRq,Gift voucher for high-quality active ingredient cosmetics | ananné,80,6,Gift voucher ananné | Gift voucher to print yourself ➢ natural cosmetics ✓ alcohol-free ✓ plastic-free ✓ cruelty-free ✓ last minute gift | discover ...,data\discovery\mass-harvest-v5\clean-v5.1\review.csv | data\discovery\mass-harvest-v5\clean-v5.2\manual-review.csv | data\discovery\mass-harvest-v5\clean-v5.3\global-review.csv | data\discovery\mass-harvest-v5\clean-v5.4\review.csv | data\discovery\mass-harvest-v5\clean-v5.5\review.csv | data\discovery\mega-harvest-v6\clean-v6\review.csv | data\discovery\review-universe-v2\manual-review.csv
REVIEW,plausible_giftcard_but_needs_human_check,anastasiaskouzina.com.au,Gift Vouchers - Greek Sweets,https://www.anastasiaskouzina.com.au/products/gift-voucher,Gift Vouchers - Greek Sweets,100,1,Bakery · Pantry ... The recipient will automatically receive an email with a digital gift voucher code that can be used to purchase any products on our site.,data\discovery\mega-harvest-v6\clean-v6\review.csv | data\discovery\review-universe-v1\still-review.csv
REVIEW,plausible_giftcard_but_needs_human_check,animapetshop.gr,Αγοράστε μία Δωροεπιταγή,https://www.animapetshop.gr/index.php?route,Αγοράστε μία Δωροεπιταγή,85,2,Anima Pet Shop. Καλάθι 0. O Λογαριασμός μου · Αγορά Δωροεπιταγής ... Αυτή η δωροεπιταγή θα αποσταλεί μέ e-mail στον παραλήπτη αφού ολοκληρωθεί ή πληρωμή σας.,data\discovery\focused-harvest-v7\clean-v7\review.csv | data\discovery\focused-harvest-v7-run1-backup\clean-v7\review.csv | data\discovery\review-universe-v1\still-review.csv | data\discovery\review-universe-v4-1\manual-review.csv
REVIEW,plausible_giftcard_but_needs_human_check,aniri.net,Gift voucher,https://aniri.net/en/products/gut?srsltid=AfmBOoo3-OZUMpXAqqa4QX7rPLKyu3yoCS3WUXfomZ1O8VupJN_YAF8P,Gift voucher,80,1,United StatesUSD ($). Search. Geschenkgutschein - aniri | Sportswear. Gift voucher. Gift voucher. 0.,data\discovery\mega-harvest-v6\clean-v6\review.csv | data\discovery\review-universe-v1\still-review.csv | data\discovery\review-universe-v4\still-review.csv
REVIEW,plausible_giftcard_but_needs_human_check,annesemonin.com,Gift Card - Skincare - Face & Body Treatments,https://www.annesemonin.com/en-de/products/gift-card?srsltid=AfmBOopbCwP7d-TCoBRBIA2-mci_Pzb1z9iiDoyBvto-9j7OUgNP-x64,Gift Card - Skincare - Face & Body Treatments,100,1,"The gift card is sent to you by email only, valid for 1 year. 50,00 €. 100,00 €.",data\discovery\mega-harvest-v6\clean-v6\review.csv | data\discovery\review-universe-v1\still-review.csv | data\discovery\review-universe-v5\manual-review.csv
REVIEW,plausible_giftcard_but_needs_human_check,antevacrafts.com,Gift Card 400,https://antevacrafts.com/products/gift-card-400?srsltid=AfmBOop2b7AI45uSmi_MTYDPF33mtoTLZ9ZnIn9DHw9bfGFGArPBLQBC,Gift Card 400,100,1,"Gift Card 400€. Gift Card 400€. SKU:gc-4. Handcrafted in Athens | A Goldsmith Legacy Since 1958. Regular price €400,00 EUR. Regular price €400,00 EUR Sale price ...",data\discovery\mega-harvest-v6\clean-v6\review.csv | data\discovery\review-universe-v1\still-review.csv | data\discovery\review-universe-v5-1\manual-review.csv
REVIEW,plausible_giftcard_but_needs_human_check,anthea.gr,Αγοράστε μία Δωροεπιταγή,https://www.anthea.gr/index.php?route,Αγοράστε μία Δωροεπιταγή,85,2,Το καλάθι αγορών είναι άδειο! Συνδεση; Εγγραφη. Anthea Cosmetics ... Αυτή η δωροεπιταγή θα αποσταλεί με e-mail στον παραλήπτη αφού ολοκληρωθεί η πληρωμή σας.,data\discovery\focused-harvest-v7\clean-v7\review.csv | data\discovery\focused-harvest-v7-run1-backup\clean-v7\review.csv | data\discovery\review-universe-v1\still-review.csv | data\discovery\review-universe-v4-1\manual-review.csv
REVIEW,plausible_giftcard_but_needs_human_check,apivita.com,e Gift Card Terms,https://www.apivita.com/en/terms-conditions-egift-card?srsltid=AfmBOooSLSeBpqV9j5ulf_DYi5O5Q8AcGjDBdvsTClSZxXin1OzEGsO9,e Gift Card Terms,100,1,Men's Skincare & Grooming · All Products · CONCERN @@. Multiple Signs Of Aging ... It is not possible to redeem an e-Gift Card for the purchase of another e-Gift ...,data\discovery\mega-harvest-v6\clean-v6\review.csv | data\discovery\review-universe-v1\still-review.csv | data\discovery\review-universe-v5\manual-review.csv
REVIEW,plausible_giftcard_but_needs_human_check,apos.audio,Apos Audio Gift Card,https://apos.audio/products/apos-audio-gift-card?srsltid=AfmBOooWRQI2lNqR05WjeP18_a5BeGw1dBc4cH9s0IRsjgwP_-tZuYlc,Apos Audio Gift Card,100,1,"Give the gift of premium audio with an Apos Audio gift card. Perfect for audiophiles and music lovers, our gift cards allow recipients to choose from a wide ...",data\discovery\mega-harvest-v6\clean-v6\review.csv | data\discovery\review-universe-v2\manual-review.csv
REVIEW,plausible_giftcard_but_needs_human_check,apostolouepiplo.gr,Αγοράστε μία Δωροεπιταγή,https://www.apostolouepiplo.gr/index.php?route,Αγοράστε μία Δωροεπιταγή,85,1,Τα καλάθι αγορών σας είναι άδειο! close. Apostolou Furniture - Έπιπλο Αποστόλου ... Αυτή η δωροεπιταγή θα αποσταλεί μέ e-mail στον παραλήπτη αφού ολοκληρωθεί ή ...,data\discovery\focused-harvest-v7\clean-v7\review.csv | data\discovery\review-universe-v1\still-review.csv | data\discovery\review-universe-v4-1\manual-review.csv
REVIEW,plausible_giftcard_but_needs_human_check,apothekespa.com,30,https://www.apothekespa.com/en/gift-card,Gift Card 30,100,2,Give them the gift of choise with an apotheke spa gift card. They are ... Chania +30 2821079797. OPENTIME. 10:00 - 21:00. Sat: 10:00 - 20:00. PREPAYMENT.,data\discovery\focused-harvest-v7\clean-v7\review.csv | data\discovery\focused-harvest-v7-run1-backup\clean-v7\review.csv | data\discovery\review-universe-v1\still-review.csv | data\discovery\review-universe-v5-1\manual-review.csv
REVIEW,plausible_giftcard_but_needs_human_check,app.squareup.com,Order | Hair by Larissa eGift Cards,https://app.squareup.com/gift/MLMSKXKVCZ04W/order,Order | Hair by Larissa eGift Cards,85,1,Order Hair by Larissa eGift Cards online and give the perfect gift ... What kind of gift is it? For one individual. Send a gift card to one recipient. Group gift ...,data\discovery\mass-harvest-v5\clean-v5.1\review.csv | data\discovery\mass-harvest-v5\clean-v5.2\manual-review.csv | data\discovery\mass-harvest-v5\clean-v5.3\global-review.csv | data\discovery\mass-harvest-v5\clean-v5.4\review.csv | data\discovery\mass-harvest-v5\clean-v5.5\review.csv
REVIEW,plausible_giftcard_but_needs_human_check,app.talk-home.com,Buy Hotel Gift Cards for Netherlands,https://app.talk-home.com/en/gift-card/netherlands/hotel?srsltid=AfmBOoq1i6Zy2hYHR9Pl7PgXu6McvMFiNitCxUSwm-I_gw6VVuEqO9Q2,Buy Hotel Gift Cards for Netherlands,100,1,"Hotel Gift Card. netherlands. Country of use: netherlands. No products. Sorry, we don't have any products available for Hotel Gift Card at this moment. The ...",data\discovery\mass-harvest-v5\clean-v5.5\review.csv
REVIEW,plausible_giftcard_but_needs_human_check,applybay.shop,Mid-Level Gift Card Programmes & Planogram Compliance ...,https://applybay.shop/mid-gift-card-programmes-planogram-compliance-rosary-maker-for-fitness-jobs,Mid-Level Gift Card Programmes & Planogram Compliance ...,100,2,"Mid-Level Gift Card Programmes & Planogram Compliance Rosary Maker for Fitness jobs ... Yarham Heaton Health — Chalandri, Chalandri Municipality — EUR ...",data\discovery\focused-harvest-v7\clean-v7\review.csv | data\discovery\focused-harvest-v7-run1-backup\clean-v7\review.csv | data\discovery\review-universe-v1\still-review.csv | data\discovery\review-universe-v5\manual-review.csv
REVIEW,plausible_giftcard_but_needs_human_check,apps.apple.com,Special Gift Cards - App Store,https://apps.apple.com/au/app/special-gift-cards/id1585917288,Special Gift Cards - App Store,100,1,"The voucher has proven to be practically unusable, and I will never purchase a this gift card again. ... Malta · Moldova, Republic Of · Montenegro · Nederland ...",data\discovery\mass-harvest-v5\clean-v5.5\review.csv
REVIEW,plausible_giftcard_but_needs_human_check,aptmedicalaesthetics.com,Gift card - 1 Medical Spa in Oakville,https://aptmedicalaesthetics.com/shop/giftcard/Gift-card/?srsltid=AfmBOoqRnlZCY3W-V8arQkbnmEQbTPQAzGRuLZ1_sLT_x14UjWOC4nwb,Gift card - 1 Medical Spa in Oakville,100,1,"Similar to gift certificates, these gift cards can be purchased for any dollar amount and do not expire. Call us now to order your gift card, or let us know ...",data\discovery\mega-harvest-v6\clean-v6\review.csv | data\discovery\review-universe-v1\still-review.csv | data\discovery\review-universe-v5\manual-review.csv
REVIEW,plausible_giftcard_but_needs_human_check,arakaibeauty.com,Gift Of Beauty Gift Card at Ara'kai Beauty Copenhagen,https://arakaibeauty.com/products/ara-kai-beauty-gift-card-1?srsltid=AfmBOoqabxNySNlzw1kjskxS_gHwESRNbsoLwCsY88woJkA_3_FYCPRO,Gift Of Beauty Gift Card at Ara'kai Beauty Copenhagen,100,4,Share beauty and wellness with an Ara'kai Beauty Gift Card. The Ara´kai Beauty Gift Cards are redeemable at Ara´kai Beauty only (both online and in-store).,data\discovery\mass-harvest-v5\clean-v5.2\global-review.csv | data\discovery\mass-harvest-v5\clean-v5.3\global-review.csv | data\discovery\mass-harvest-v5\clean-v5.4\review.csv | data\discovery\mass-harvest-v5\clean-v5.5\review.csv | data\discovery\review-universe-v2\manual-review.csv
REVIEW,plausible_giftcard_but_needs_human_check,araks.com,Gift Card - Araks,https://www.araks.com/collections/gift-card?srsltid=AfmBOor4_h3wh72qnmNZ_yDFpDzNSqh25YqHObiZbuID0WM9OSkl0AdT,Gift Card - Araks,65,1,Greece (EUR €); Greenland (DKK kr.) Grenada (XCD $); Guadeloupe (EUR ... Araks is consciously crafted lingerie and swimwear. Committed to taking care ...,data\discovery\mega-harvest-v6\clean-v6\review.csv | data\discovery\review-universe-v3\manual-review.csv
REVIEW,plausible_giftcard_but_needs_human_check,arapina.co.uk,Order a voucher delivery in London from Arapina Bakery,https://arapina.co.uk/product/gift-voucher/?srsltid=AfmBOoqDadsY6A2dLGgxll2sitN_mB5btRF785eLcm9gMQTbE3NbfWzd,Order a voucher delivery in London from Arapina Bakery,60,1,"Enjoy eating and living the way Arapina suggests! Buy a gift voucher with us ... The pistachio scroll was also delicious, the pastry itself was a ...",data\discovery\mega-harvest-v6\clean-v6\review.csv | data\discovery\review-universe-v1\still-review.csv | data\discovery\review-universe-v5\manual-review.csv
REVIEW,plausible_giftcard_but_needs_human_check,argento.com,Gifts E-Mail Gift Voucher Argento.com,https://www.argento.com/en/Gifts-E-Mail-Gift-Voucher/m-1803.aspx?srsltid=AfmBOoqzhwZvjMC0c5Vah7BTKRJI2SPSoGoELeZJGSLRqh82uqcLG5aQ,Gifts E-Mail Gift Voucher Argento.com,100,5,Give a loved one the present they've always wanted with an Argento Gift Voucher to spend on their favourite jewellery brands!,data\discovery\mass-harvest-v5\clean-v5.2\global-review.csv | data\discovery\mass-harvest-v5\clean-v5.3\global-review.csv | data\discovery\mass-harvest-v5\clean-v5.4\review.csv | data\discovery\mass-harvest-v5\clean-v5.5\review.csv | data\discovery\mega-harvest-v6\clean-v6\review.csv | data\discovery\review-universe-v2\manual-review.csv
REVIEW,plausible_giftcard_but_needs_human_check,argo-ceramics-gifts.gr,Αγοράστε μία Δωροεπιταγή,https://www.argo-ceramics-gifts.gr/index.php?route,Αγοράστε μία Δωροεπιταγή,85,2,argo-ceramics-gifts.gr · 0. Όλες. Όλες; SHOP; ΑΝΤΙΚΕΙΜΕΝΑ ΤΕΧΝΗΣ ... Αυτή η δωροεπιταγή θα αποσταλεί μέ e-mail στον παραλήπτη αφού ολοκληρωθεί ή πληρωμή σας.,data\discovery\focused-harvest-v7\clean-v7\review.csv | data\discovery\focused-harvest-v7-run1-backup\clean-v7\review.csv | data\discovery\review-universe-v1\still-review.csv | data\discovery\review-universe-v4-1\manual-review.csv
REVIEW,plausible_giftcard_but_needs_human_check,aritswatches.com,Arits Watches & Co. Gift Card,https://aritswatches.com/products/arits-watches-co-gift-card,Arits Watches & Co. Gift Card,100,5,"Arits Watches & Co. Gift Card. Zoom. Arits Watches & Co. Gift Card. Sale price€150,00. Some moments ask for more than a bottle of wine or an envelope with cash ...",data\discovery\mass-harvest-v5\clean-v5.2\global-review.csv | data\discovery\mass-harvest-v5\clean-v5.3\global-review.csv | data\discovery\mass-harvest-v5\clean-v5.4\review.csv | data\discovery\mass-harvest-v5\clean-v5.5\review.csv | data\discovery\mega-harvest-v6\clean-v6\review.csv | data\discovery\review-universe-v2\manual-review.csv
REVIEW,plausible_giftcard_but_needs_human_check,armadio.gr,120,https://www.armadio.gr/en/shop/%CE%B4%CF%89%CF%81%CE%BF%CE%BA%CE%AC%CF%81%CF%84%CE%B1-120,Δωροκάρτα 120 - Gift cards,85,7,Δωροκάρτα 120€ Gift cards Δωροκάρτα αξίας 120 ... Women's clothing; 3Dresses · Shirts; 3Skirts; 7Blouses ... Δωροκάρτα 120€. Δωροκάρτα 120€. dorokarta120-01 ...,data\discovery\focused-harvest-v7\clean-v7\review.csv | data\discovery\focused-harvest-v7-run1-backup\clean-v7\review.csv | data\discovery\mass-harvest-v5\clean-v5.1\review.csv | data\discovery\mass-harvest-v5\clean-v5.2\manual-review.csv | data\discovery\mass-harvest-v5\clean-v5.3\global-review.csv | data\discovery\mass-harvest-v5\clean-v5.4\review.csv | data\discovery\mass-harvest-v5\clean-v5.5\review.csv | data\discovery\review-universe-v1\still-review.csv | data\discovery\review-universe-v4-1\manual-review.csv
REVIEW,plausible_giftcard_but_needs_human_check,artandbeauty.gr,Αγοράστε μία Δωροεπιταγή,https://artandbeauty.gr/index.php?route,Αγοράστε μία Δωροεπιταγή,85,2,Αυτή η δωροεπιταγή θα αποσταλεί μέ e-mail στον παραλήπτη αφού ολοκληρωθεί ή πληρωμή σας. ... Art and beauty nails · art_and_beauty_nails_. Εξυπηρέτηση.,data\discovery\focused-harvest-v7\clean-v7\review.csv | data\discovery\focused-harvest-v7-run1-backup\clean-v7\review.csv | data\discovery\review-universe-v1\still-review.csv | data\discovery\review-universe-v4-1\manual-review.csv
REVIEW,plausible_giftcard_but_needs_human_check,artandwalk.com,Gift Card,https://artandwalk.com/tour/gift-card/,Gift Card,100,1,How It Works: Choose Your Amount – Select a gift card value that suits your budget (€48 covers one adult tour or workshop!),data\discovery\mega-harvest-v6\clean-v6\review.csv | data\discovery\review-universe-v1\still-review.csv | data\discovery\review-universe-v5\manual-review.csv
REVIEW,plausible_giftcard_but_needs_human_check,artdeco.com.gr,belleek Belleek e,https://www.artdeco.com.gr/?a,belleek Belleek e-Gift Voucher Sale,80,8,Easy Redemption: Redeeming our e-Gift Cards is a breeze. Recipients can simply apply their e-Gift Voucher code during the checkout process. Note: Belleek e-Gift ...,data\discovery\focused-harvest-v7\clean-v7\review.csv | data\discovery\focused-harvest-v7-run1-backup\clean-v7\review.csv | data\discovery\mass-harvest-v5\clean-v5.1\review.csv | data\discovery\mass-harvest-v5\clean-v5.2\manual-review.csv | data\discovery\mass-harvest-v5\clean-v5.3\global-review.csv | data\discovery\mass-harvest-v5\clean-v5.4\review.csv | data\discovery\mass-harvest-v5\clean-v5.5\review.csv | data\discovery\mega-harvest-v6\clean-v6\review.csv | data\discovery\review-universe-v1\still-review.csv
REVIEW,plausible_giftcard_but_needs_human_check,articraft.gr,Articraft,https://articraft.gr,Διάλεξε το ποσό που θες ακριβώς με τη Δωροκάρτα ArtiCraft,,1,"Wave2Bucket=HIGH_SAFE | Wave2Score=70 | Wave2Reasons=GIFT_TITLE | GREEK_DOMAIN | MULTI_QUERY | MULTI_HIT | Queries=site:.gr hobby ""gift card"" | ""gift card"" Greece jewelry | Imported to DISCOVERED only; requires verification before production.",DB:DISCOVERED:cmt9y17sa0011pwiy8p3skqs7
REVIEW,plausible_giftcard_but_needs_human_check,artnhobby.ie,Gift Card €25.00,https://www.artnhobby.ie/products/gift-card-2500-gcs25?srsltid=AfmBOorHxFMSOU7C4zzHRGYySCQjqDGKg4bfMS1xxkp9pssBrU5vlXKX,Gift Card €25.00,100,5,Art & Hobby Gift Card €25.00. You can spend this card in any Art & Hobby store nationwide including our online store This Gift Card never expires.... Ever!,data\discovery\mass-harvest-v5\clean-v5.2\global-review.csv | data\discovery\mass-harvest-v5\clean-v5.3\global-review.csv | data\discovery\mass-harvest-v5\clean-v5.4\review.csv | data\discovery\mass-harvest-v5\clean-v5.5\review.csv | data\discovery\mega-harvest-v6\clean-v6\review.csv | data\discovery\review-universe-v1\still-review.csv | data\discovery\review-universe-v5\manual-review.csv
REVIEW,plausible_giftcard_but_needs_human_check,artofescaperoom.com,Gift card,https://www.artofescaperoom.com/product/gift-card/,Gift card,100,5,Treat your recipient to a Escape Room Gift Voucher which can be printed or emailed and used when making the reservation online.,data\discovery\mass-harvest-v5\clean-v5.2\global-review.csv | data\discovery\mass-harvest-v5\clean-v5.3\global-review.csv | data\discovery\mass-harvest-v5\clean-v5.4\review.csv | data\discovery\mass-harvest-v5\clean-v5.5\review.csv | data\discovery\mega-harvest-v6\clean-v6\review.csv | data\discovery\review-universe-v1\still-review.csv | data\discovery\review-universe-v5\manual-review.csv
REVIEW,plausible_giftcard_but_needs_human_check,asdagiftcards.com,Buy Gift Cards and Gift Vouchers - 100+ UK Brands,https://www.asdagiftcards.com/cards?srsltid=AfmBOorFOuVrK9ReoazbXKaFPcdFPKIK1-C1-LLY9DU7dK3VpEPqJosI,Buy Gift Cards and Gift Vouchers - 100+ UK Brands,100,1,"No matter the person, we've got the perfect gift card for them. Buy gift ... £20 - £100. Gift Card New Look UK Gift Card£1 - £200. Gift Card Nike UK£15 ...",data\discovery\mass-harvest-v5\clean-v5.5\review.csv
REVIEW,plausible_giftcard_but_needs_human_check,asos.com,Buy Online Shopping Gift Vouchers,https://www.asos.com/gift-vouchers/,Buy Online Shopping Gift Vouchers,70,5,"Simply choose a design, top it up with an amount of your choice, drop in a message and we'll slide it straight into the lucky person's inbox on your chosen day.",data\discovery\mass-harvest-v5\clean-v5.1\review.csv | data\discovery\mass-harvest-v5\clean-v5.2\manual-review.csv | data\discovery\mass-harvest-v5\clean-v5.3\global-review.csv | data\discovery\mass-harvest-v5\clean-v5.4\review.csv | data\discovery\mass-harvest-v5\clean-v5.5\review.csv | data\discovery\review-universe-v1\still-review.csv | data\discovery\review-universe-v5\manual-review.csv
REVIEW,plausible_giftcard_but_needs_human_check,aspasiajewellery.com,Yoga gift voucher 3 lessons pack,https://www.aspasiajewellery.com/online-yoga-shop/p/yoga-gift-,Yoga gift voucher 3 lessons pack,85,6,Yoga gift voucher 3 lessons pack- Experience the Gift of Yoga. €140.00.,data\discovery\mass-harvest-v5\clean-v5.1\review.csv | data\discovery\mass-harvest-v5\clean-v5.2\manual-review.csv | data\discovery\mass-harvest-v5\clean-v5.3\global-review.csv | data\discovery\mass-harvest-v5\clean-v5.4\review.csv | data\discovery\mass-harvest-v5\clean-v5.5\review.csv | data\discovery\mega-harvest-v6\clean-v6\review.csv | data\discovery\review-universe-v1\still-review.csv | data\discovery\review-universe-v5\manual-review.csv
REVIEW,plausible_giftcard_but_needs_human_check,aspro.store,Get your digital gift card now online,https://aspro.store/en/products/aspro-cleaning-lab-digital-gift-card?srsltid=AfmBOopcSAVecgfjbUIQpImjB0heoUDGuOnDJSE5cYJ-95OwmiqcwpC2,Get your digital gift card now online,100,3,"Digital gift card. Open media 1 in modal. 1 / of 1. aspro store. Digital ... If you are nearby, visit us in our shop in Kavala-Greece. We will be happy ...",data\discovery\mass-harvest-v5\clean-v5.3\greece-market-review.csv | data\discovery\mass-harvest-v5\clean-v5.4\review.csv | data\discovery\mass-harvest-v5\clean-v5.5\review.csv | data\discovery\review-universe-v1\still-review.csv | data\discovery\review-universe-v5-1\manual-review.csv
REVIEW,plausible_giftcard_but_needs_human_check,assos.com,"Gift Card Gold, » ASSOS Of Switzerland",https://www.assos.com/se/gift-card-gold-146465.html,"Gift Card Gold, » ASSOS Of Switzerland",100,4,"Gift Card Gold - ASSOS Of Switzerland - Official Online Shop. Gift Card Gold. 3 100,00 SEK. * required fields. Sender name *. Sender email *. Recipient name ...",data\discovery\mass-harvest-v5\clean-v5.2\global-review.csv | data\discovery\mass-harvest-v5\clean-v5.3\global-review.csv | data\discovery\mass-harvest-v5\clean-v5.4\review.csv | data\discovery\mass-harvest-v5\clean-v5.5\review.csv | data\discovery\review-universe-v2\global-brand-review.csv
REVIEW,plausible_giftcard_but_needs_human_check,ataratma.com,Ataratma London Gift Card,https://www.ataratma.com/products/gift-card?srsltid=AfmBOopMgCCx1R1xXvkBoSmNrlmSFsqID5XEsjGryqQtPe0TPJ1_8bdd,Ataratma London Gift Card,100,1,Greece (EUR €); Guernsey (GBP £); Hong ... ATARATMA perfume bottles on a reflective surface with 'GIFT VOUCHER' text above.,data\discovery\mega-harvest-v6\clean-v6\review.csv | data\discovery\review-universe-v3\manual-review.csv
REVIEW,plausible_giftcard_but_needs_human_check,atenskincare.com,ATEN Skincare Gift Voucher | Digital Gift Card,https://atenskincare.com/products/aten-skincare-gift-voucher?srsltid=AfmBOorGDAEAEO-8oyRf8B6sM10NatJlGUbmeZ1HQnciGu6lCgJ8qBUM,ATEN Skincare Gift Voucher | Digital Gift Card,100,1,"ATEN Skincare Gift Voucher. Regular price €25,00. Sale price €25,00 Regular ... Greece (EUR €), Hungary (HUF Ft), Ireland (EUR €), Italy (EUR €), Latvia (EUR ...",data\discovery\mega-harvest-v6\clean-v6\review.csv | data\discovery\review-universe-v3\manual-review.csv
REVIEW,plausible_giftcard_but_needs_human_check,atentogutschein.de,Taverna Sevi´s Kos Gift Card • City Karte 2026,https://www.atentogutschein.de/en/marketplace_merchants/5327-taverna-sevi-s-kos?community=182,Taverna Sevi´s Kos Gift Card • City Karte 2026,85,5,Taverna Sevi´s Kos gift card redeemable at 11242+ partners in Berlin. Valid 3 years - Instant delivery - From €10 - Buy City Karte gift card now!,data\discovery\mass-harvest-v5\clean-v5.1\review.csv | data\discovery\mass-harvest-v5\clean-v5.2\manual-review.csv | data\discovery\mass-harvest-v5\clean-v5.3\global-review.csv | data\discovery\mass-harvest-v5\clean-v5.4\review.csv | data\discovery\mass-harvest-v5\clean-v5.5\review.csv | data\discovery\review-universe-v1\still-review.csv | data\discovery\review-universe-v5\manual-review.csv
REVIEW,plausible_giftcard_but_needs_human_check,athani.gr,Αθανη Spa 'n' Sauna Gift Card (Δωροκαρτα),https://www.athani.gr/%CE%B4%CF%89%CF%81%CE%BF%CE%BA%CE%B1%CF%81%CF%84%CE%B1/,Αθανη Spa 'n' Sauna Gift Card (Δωροκαρτα),80,7,"Αθανη Spa 'n' Sauna Gift Card (Δωροκαρτα). Ενα ξεχωριστο δωρο ... Κάθε δωροκάρτα έχει ημερομηνία λήξεως, 1 έτος μέτα την ημερομηνία έκδοσης της.",data\discovery\focused-harvest-v7\clean-v7\review.csv | data\discovery\mass-harvest-v5\clean-v5.1\review.csv | data\discovery\mass-harvest-v5\clean-v5.2\manual-review.csv | data\discovery\mass-harvest-v5\clean-v5.3\global-review.csv | data\discovery\mass-harvest-v5\clean-v5.4\review.csv | data\discovery\mass-harvest-v5\clean-v5.5\review.csv | data\discovery\mega-harvest-v6\clean-v6\review.csv | data\discovery\review-universe-v1\still-review.csv | data\discovery\review-universe-v4-1\manual-review.csv
REVIEW,plausible_giftcard_but_needs_human_check,athenaflower.com,Gift voucher for a 60-minute Swedish massage session for ...,https://athenaflower.com/en/gift-voucher-for-a-60-minute-swedish-massage-session-for-women-from-hash-spa-loris-flower-bouquet/p900883755,Gift voucher for a 60-minute Swedish massage session for ...,70,6,"A Greek-themed flower shop in Khobar. We specialize in selling natural, artificial, and dried flowers, and we also offer gift wrapping services. Tax ID number.",data\discovery\mass-harvest-v5\clean-v5.1\review.csv | data\discovery\mass-harvest-v5\clean-v5.2\manual-review.csv | data\discovery\mass-harvest-v5\clean-v5.3\global-review.csv | data\discovery\mass-harvest-v5\clean-v5.4\review.csv | data\discovery\mass-harvest-v5\clean-v5.5\review.csv | data\discovery\mega-harvest-v6\clean-v6\review.csv | data\discovery\review-universe-v1\still-review.csv | data\discovery\review-universe-v5\manual-review.csv
REVIEW,plausible_giftcard_but_needs_human_check,atheneoscafe.com,Atheneos Greek Village Cafe Gift Cards,https://atheneoscafe.com/gift-cards,Atheneos Greek Village Cafe Gift Cards,100,4,Buy Atheneos Greek Village Cafe gift cards online. The perfect gift for any occasion. Send a gift card instantly to family or friends.,data\discovery\mass-harvest-v5\clean-v5.3\greece-market-review.csv | data\discovery\mass-harvest-v5\clean-v5.4\review.csv | data\discovery\mass-harvest-v5\clean-v5.5\review.csv | data\discovery\mega-harvest-v6\clean-v6\review.csv | data\discovery\review-universe-v1\still-review.csv
REVIEW,plausible_giftcard_but_needs_human_check,athens-theater.com,Gift Cards - Athens Theater,https://www.athens-theater.com/for-you/gift-cards,Gift Cards - Athens Theater,100,4,Suggestions. A Beautiful Noise at Classic Center Theatre; The Wiz at Classic Center Theatre ... gift card email you receive. 10. In the event an eGift Card code ...,data\discovery\mass-harvest-v5\clean-v5.3\greece-market-review.csv | data\discovery\mass-harvest-v5\clean-v5.4\review.csv | data\discovery\mass-harvest-v5\clean-v5.5\review.csv | data\discovery\mega-harvest-v6\clean-v6\review.csv | data\discovery\review-universe-v3\manual-review.csv
REVIEW,plausible_giftcard_but_needs_human_check,athensextremesports.com,Gift Card | athens-extreme-sports | Buy a gift coupon online,https://www.athensextremesports.com/gift-card,Gift Card | athens-extreme-sports | Buy a gift coupon online,100,1,Gift Card. €25. Amount. €25. €50. €100. €150. €200. €300 ... Outdoor activities and extreme sports experiences in Greece. contact ...,data\discovery\mass-harvest-v5\clean-v5.4\review.csv | data\discovery\mass-harvest-v5\clean-v5.5\review.csv
REVIEW,plausible_giftcard_but_needs_human_check,athensfishspa.com,Giftcard,https://athensfishspa.com/Page/11/Giftcard,Giftcard,60,5,"Is one of the best spa in Athens, as rated by hundreds of travellers in tripadvisor. Δωροκάρτες. Δείξτε την αγάπη σας – αγοράστε μια δωροκάρτα για τo καλύτερο ...",data\discovery\mass-harvest-v5\clean-v5.1\review.csv | data\discovery\mass-harvest-v5\clean-v5.2\manual-review.csv | data\discovery\mass-harvest-v5\clean-v5.3\global-review.csv | data\discovery\mass-harvest-v5\clean-v5.4\review.csv | data\discovery\mass-harvest-v5\clean-v5.5\review.csv | data\discovery\review-universe-v1\still-review.csv
REVIEW,plausible_giftcard_but_needs_human_check,athensnailbar.com,Gift Card | Nail Salon 30606,https://athensnailbar.com/gift-card/,Gift Card | Nail Salon 30606,65,1,"ATHENS NAIL BAR is a one-stop beauty salon where you can be pretty from top to toe with well-polished nails, nourished hands and feet, silky-soft skin, and ...",data\discovery\mega-harvest-v6\clean-v6\review.csv | data\discovery\review-universe-v1\still-review.csv
REVIEW,plausible_giftcard_but_needs_human_check,athensphototour.com,We are now offering Gift Cards - AthensPhotoTour.com,https://www.athensphototour.com/we-are-now-offering-gift-cards/,We are now offering Gift Cards - AthensPhotoTour.com,100,1,"You can even slice a 200 euros gift card from our daily photo tours, the Athens full day Photo tour,; or the Peloponnese full day Photo tour.",data\discovery\mega-harvest-v6\clean-v6\review.csv | data\discovery\review-universe-v3\manual-review.csv
REVIEW,plausible_giftcard_but_needs_human_check,audiogold.co.uk,Audio Gold Gift Vouchers – AudioGoldLondon,https://audiogold.co.uk/pages/audio-gold-gift-vouchers,Audio Gold Gift Vouchers – AudioGoldLondon,100,1,"Greece (GBP £), Hong Kong SAR (GBP £), Hungary (GBP £), Ireland (GBP £), Israel ... Audio Gold Gift Voucher. £25.00 – £1,000.00. Buy gift card. Special Offers ...",data\discovery\mega-harvest-v6\clean-v6\review.csv | data\discovery\review-universe-v1\still-review.csv | data\discovery\review-universe-v5-1\manual-review.csv
REVIEW,plausible_giftcard_but_needs_human_check,augenoptik-muenster.de,Class Optics - Gift Voucher,https://www.augenoptik-muenster.de/en/products/klasse-optik-geschenkgutschein,Class Optics - Gift Voucher,80,6,"Greece EUR €; Guernsey EUR €; Hungary EUR €; Iceland EUR €; Ireland EUR ... Class Optics - Gift Voucher. Class Optics - Gift Voucher. Regular price €10,00 ...",data\discovery\mass-harvest-v5\clean-v5.1\review.csv | data\discovery\mass-harvest-v5\clean-v5.2\manual-review.csv | data\discovery\mass-harvest-v5\clean-v5.3\global-review.csv | data\discovery\mass-harvest-v5\clean-v5.4\review.csv | data\discovery\mass-harvest-v5\clean-v5.5\review.csv | data\discovery\mega-harvest-v6\clean-v6\review.csv | data\discovery\review-universe-v1\still-review.csv | data\discovery\review-universe-v5-1\manual-review.csv
REVIEW,plausible_giftcard_but_needs_human_check,aura-print.com,Gift Voucher Printing,https://aura-print.com/usa/gift-voucher-printing,Gift Voucher Printing,100,1,"With our custom gift vouchers, you have the liberty to design and print vouchers that resonate with your brand's message, ensuring that each voucher you hand ...",data\discovery\mass-harvest-v5\clean-v5.2\global-review.csv | data\discovery\mass-harvest-v5\clean-v5.3\global-review.csv | data\discovery\mass-harvest-v5\clean-v5.5\review.csv
REVIEW,plausible_giftcard_but_needs_human_check,aureliamobilespa.com,Aurelia Mobile Spa | Spa Services in Corfu,https://aureliamobilespa.com/gift-cards-mobile-spa-in-corfu/,Gift Cards | Aurelia Mobile Spa | Spa Services in Corfu,100,6,"Give the gift of relaxation, rejuvenation, and self-care with our exquisite spa gift cards. Order your gift card & let the tranquility begin! Mobile Spa Corfu.",data\discovery\focused-harvest-v7\clean-v7\review.csv | data\discovery\focused-harvest-v7-run1-backup\clean-v7\review.csv | data\discovery\mass-harvest-v5\clean-v5.3\greece-market-review.csv | data\discovery\mass-harvest-v5\clean-v5.4\review.csv | data\discovery\mass-harvest-v5\clean-v5.5\review.csv | data\discovery\mega-harvest-v6\clean-v6\review.csv | data\discovery\review-universe-v3\manual-review.csv
REVIEW,plausible_giftcard_but_needs_human_check,aureliathebrand.gr,Δωροκάρτα,https://aureliathebrand.gr/shop/accessories/%CE%B4%CF%89%CF%81%CE%BF%CE%BA%CE%AC%CF%81%CF%84%CE%B1/,Δωροκάρτα,85,1,"Δωροκάρτα ; Price range · 10,00€ through 250,00€ ; Προσθέστε 50,00€ ; Κωδικός προϊόντος: Μ/Δ ; Κατηγορία: Accessories ; ΔΩΡΕΑΝ ΜΕΤΑΦΟΡΙΚΑ. Για όλες τις παραγγελίες ...",data\discovery\mega-harvest-v6\clean-v6\review.csv | data\discovery\review-universe-v1\still-review.csv | data\discovery\review-universe-v4-1\manual-review.csv
REVIEW,plausible_giftcard_but_needs_human_check,austrian.com,Austrian Airlines Gift Cards,https://www.austrian.com/ca/en/book/flights/giftvoucher,Austrian Airlines Gift Cards,100,4,Make your loved ones' travel dreams come true and give them an unforgettable experience with a Gift Card. ... Austria. Belarus. Belgium. Bosnia-Herzegovina.,data\discovery\mass-harvest-v5\clean-v5.2\global-review.csv | data\discovery\mass-harvest-v5\clean-v5.3\global-review.csv | data\discovery\mass-harvest-v5\clean-v5.4\review.csv | data\discovery\mass-harvest-v5\clean-v5.5\review.csv | data\discovery\review-universe-v2\global-brand-review.csv
REVIEW,plausible_giftcard_but_needs_human_check,autowin.com,AutoWin Voucher,https://www.autowin.com/en-gr/products/autowin-gift-card?srsltid=AfmBOop1TyB53Ama6Kq8aggMlWnCYizKuAYaJbZhRFEHLb2I2diyjNd4,AutoWin Voucher,60,6,Gift the joy of luxury car accessories with an AutoWin Gift Card. Ideal for any car enthusiast! Shop now and elevate their ride.,data\discovery\mass-harvest-v5\clean-v5.1\review.csv | data\discovery\mass-harvest-v5\clean-v5.2\manual-review.csv | data\discovery\mass-harvest-v5\clean-v5.3\global-review.csv | data\discovery\mass-harvest-v5\clean-v5.4\review.csv | data\discovery\mass-harvest-v5\clean-v5.5\review.csv | data\discovery\mega-harvest-v6\clean-v6\review.csv | data\discovery\review-universe-v2\manual-review.csv
REVIEW,plausible_giftcard_but_needs_human_check,avratoys.gr,Αγοράστε μία Δωροεπιταγή,https://avratoys.gr/index.php?route,Αγοράστε μία Δωροεπιταγή,85,2,Αγοράστε μία Δωροεπιταγή. Αυτή η δωροεπιταγή θα αποσταλεί μέ e-mail στον παραλήπτη αφού ολοκληρωθεί ή πληρωμή σας. ... Avra Toys © 2026.,data\discovery\focused-harvest-v7\clean-v7\review.csv | data\discovery\focused-harvest-v7-run1-backup\clean-v7\review.csv | data\discovery\review-universe-v1\still-review.csv | data\discovery\review-universe-v4-1\manual-review.csv
REVIEW,plausible_giftcard_but_needs_human_check,axhotelsmalta.com,Gift Vouchers,https://axhotelsmalta.com/gift-vouchers/,Gift Vouchers,100,4,"... Gift Voucher unlocks a world of experiences to choose from. PREV. NEXT. AX The Heights Residences. Rabat, Malta · Verdala Wellness – AX Privilege. Rabat, Malta.",data\discovery\mass-harvest-v5\clean-v5.2\global-review.csv | data\discovery\mass-harvest-v5\clean-v5.3\global-review.csv | data\discovery\mass-harvest-v5\clean-v5.4\review.csv | data\discovery\mass-harvest-v5\clean-v5.5\review.csv | data\discovery\review-universe-v1\still-review.csv | data\discovery\review-universe-v5\global-greece-review.csv
REVIEW,plausible_giftcard_but_needs_human_check,babaloo.com.au,babaloo e,https://babaloo.com.au/product/babaloo-gift-voucher?srsltid=AfmBOopoDfhvAsGy44W4v5Q1msR0g29-Ga_XKtzZCoZ86HtcExYFxeOG,babaloo e-Gift Card,100,5,"A babaloo e-Gift Card or Gift Voucher is a thoughtful, joyful surprise that lets them choose exactly what they need -- from adorable essentials to stylish ...",data\discovery\mass-harvest-v5\clean-v5.2\global-review.csv | data\discovery\mass-harvest-v5\clean-v5.3\global-review.csv | data\discovery\mass-harvest-v5\clean-v5.4\review.csv | data\discovery\mass-harvest-v5\clean-v5.5\review.csv | data\discovery\mega-harvest-v6\clean-v6\review.csv | data\discovery\review-universe-v1\still-review.csv | data\discovery\review-universe-v5\manual-review.csv
REVIEW,plausible_giftcard_but_needs_human_check,babyall.gr,Αγοράστε μία Δωροεπιταγή,https://www.babyall.gr/index.php?route,Αγοράστε μία Δωροεπιταγή,85,2,"Αυτή η δωροεπιταγή θα αποσταλεί μέ e-mail στον παραλήπτη αφού ολοκληρωθεί ή πληρωμή σας. ... Στο Baby All, βασικές μας αξίες είναι η Ποιότητα, η Ασφάλεια ...",data\discovery\focused-harvest-v7\clean-v7\review.csv | data\discovery\focused-harvest-v7-run1-backup\clean-v7\review.csv | data\discovery\review-universe-v1\still-review.csv | data\discovery\review-universe-v4-1\manual-review.csv
REVIEW,plausible_giftcard_but_needs_human_check,babycollection.shop,Gift Card,https://babycollection.shop/en/product/dorokarta/?srsltid=AfmBOorb1uKUhzvBSkV_B5b5_Nc0RT48xzrxf_Mj6Hlg64qVDIfZCblj,Gift Card,85,6,Free Shipping for Orders Over €150 100% Greek Business. Gift Card - Image 1. Click to enlarge. Home / BABY GOODS / Bed sheets / Gift Card.,data\discovery\mass-harvest-v5\clean-v5.1\review.csv | data\discovery\mass-harvest-v5\clean-v5.2\manual-review.csv | data\discovery\mass-harvest-v5\clean-v5.3\global-review.csv | data\discovery\mass-harvest-v5\clean-v5.4\review.csv | data\discovery\mass-harvest-v5\clean-v5.5\review.csv | data\discovery\mega-harvest-v6\clean-v6\review.csv | data\discovery\review-universe-v1\still-review.csv | data\discovery\review-universe-v5-1\manual-review.csv
REVIEW,plausible_giftcard_but_needs_human_check,babyhug.gr,Αγοράστε μία Δωροεπιταγή - Baby Hug,https://babyhug.gr/index.php?route,Αγοράστε μία Δωροεπιταγή - Baby Hug,85,1,"Baby Hug · 0 · Καλάθι0 προϊόν(τα) 0,00€ 0. Αναζήτηση... Αγοράστε μία Δωροεπιταγή. home · O Λογαριασμός μου · Αγορά Δωροεπιταγής. Αυτή η δωροεπιταγή θα ...",data\discovery\focused-harvest-v7\clean-v7\review.csv | data\discovery\focused-harvest-v7-run1-backup\clean-v7\review.csv
REVIEW,plausible_giftcard_but_needs_human_check,babyplace.gr,Αγοράστε μία Δωροεπιταγή,https://babyplace.gr/index.php?route,Αγοράστε μία Δωροεπιταγή,85,2,Αγοράστε μία Δωροεπιταγή. Αυτή η δωροεπιταγή θα αποσταλεί μέ e-mail στον παραλήπτη αφού ολοκληρωθεί ή πληρωμή σας. Όνομα παραλήπτη. E-mail παραλήπτη.,data\discovery\focused-harvest-v7\clean-v7\review.csv | data\discovery\focused-harvest-v7-run1-backup\clean-v7\review.csv | data\discovery\review-universe-v1\still-review.csv | data\discovery\review-universe-v4-1\manual-review.csv
REVIEW,plausible_giftcard_but_needs_human_check,babywearing365.com,Δωροεπιταγή 150€ - Κράτα το ευτυχισμένο στην αγκαλιά σου,https://www.babywearing365.com/product/giftcard-150e/,Δωροεπιταγή 150€ - Κράτα το ευτυχισμένο στην αγκαλιά σου,100,4,"Τώρα μπορείτε να επιλέξετε μια δωροεπιταγή από το Babywearing365.com ,για να αποκτήσουν οι φίλοι σας ακριβώς αυτό που χρειάζονται για το πολύτιμο μικρό τους!",data\discovery\mass-harvest-v5\clean-v5.2\global-review.csv | data\discovery\mass-harvest-v5\clean-v5.3\global-review.csv | data\discovery\mass-harvest-v5\clean-v5.4\review.csv | data\discovery\mass-harvest-v5\clean-v5.5\review.csv | data\discovery\review-universe-v1\still-review.csv | data\discovery\review-universe-v5\manual-review.csv
REVIEW,plausible_giftcard_but_needs_human_check,backpackongreece.com,Δωροκάρτα Εκδρομών & Outdoor Εμπειριών,https://backpackongreece.com/shop/gift-card-30/,Δωροκάρτα Εκδρομών & Outdoor Εμπειριών,100,4,"Κατηγορία:Δωροκάρτα Ετικέτες:Gift card hiking, Outdoor gift Greece, Δώρα για πεζοπόρους, Δώρο εμπειρίας, Δωροκάρτα εκδρομών ... outdoor δραστηριότητες.",data\discovery\mass-harvest-v5\clean-v5.3\greece-market-review.csv | data\discovery\mass-harvest-v5\clean-v5.4\review.csv | data\discovery\mass-harvest-v5\clean-v5.5\review.csv | data\discovery\mega-harvest-v6\clean-v6\review.csv | data\discovery\review-universe-v1\still-review.csv | data\discovery\review-universe-v5-1\manual-review.csv
REVIEW,plausible_giftcard_but_needs_human_check,badu.gr,1-5 τμχ Δωροκάρτες Προσκλητήριο γάμου Starry Sky Dried ...,https://badu.gr/1-5-%CF%84%CE%BC%CF%87-%CE%B4%CF%89%CF%81%CE%BF%CE%BA%CE%AC%CF%81%CF%84%CE%B5%CF%82-%CF%80%CF%81%CE%BF%CF%83%CE%BA%CE%BB%CE%B7%CF%84%CE%AE%CF%81%CE%B9%CE%BF-%CE%B3%CE%AC%CE%BC%CE%BF%CF%85-starry-sky-dried-flowers-%CF%87%CE%B5%CE%B9%CF%81%CF%8C%CE%B3%CF%81%CE%B1%CF%86%CE%B7-%CE%B5%CF%85%CE%BB%CE%BF%CE%B3%CE%AF%CE%B1-%CE%B3%CE%B5%CE%BD%CE%AD%CE%B8%CE%BB%CE%B9%CE%B1-%CE%B5%CF%85%CF%87%CE%B1%CF%81%CE%B9%CF%83%CF%84%CF%8E-%CE%B4%CF%89%CF%81%CE%BF%CE%BA%CE%AC%CF%81%CF%84%CE%B1-%CE%B3%CE%B9%CE%B1-%CF%84%CE%B7-%CE%B3%CE%B9%CE%BF%CF%81%CF%84%CE%AE-%CF%84%CE%B7%CF%82-%CE%BC%CE%B7%CF%84%CE%AD%CF%81%CE%B1%CF%82-p-542016.html,1-5 τμχ Δωροκάρτες Προσκλητήριο γάμου Starry Sky Dried ...,80,8,1-5 τμχ Δωροκάρτες Προσκλητήριο γάμου Starry Sky Dried Flowers Χειρόγραφη Ευλογία Γενέθλια Ευχαριστώ Δωροκάρτα για τη γιορτή της μητέραςσε τιμή των 5.8 €.,data\discovery\focused-harvest-v7\clean-v7\review.csv | data\discovery\focused-harvest-v7-run1-backup\clean-v7\review.csv | data\discovery\mass-harvest-v5\clean-v5.1\review.csv | data\discovery\mass-harvest-v5\clean-v5.2\manual-review.csv | data\discovery\mass-harvest-v5\clean-v5.3\global-review.csv | data\discovery\mass-harvest-v5\clean-v5.4\review.csv | data\discovery\mass-harvest-v5\clean-v5.5\review.csv | data\discovery\mega-harvest-v6\clean-v6\review.csv | data\discovery\review-universe-v1\still-review.csv | data\discovery\review-universe-v4-1\manual-review.csv
REVIEW,plausible_giftcard_but_needs_human_check,bags-accessories.gr,Αγοράστε μία Δωροεπιταγή,https://bags-accessories.gr/index.php?route,Αγοράστε μία Δωροεπιταγή,85,2,"Αυτή η δωροεπιταγή θα αποσταλεί μέ e-mail στον παραλήπτη αφού ολοκληρωθεί ή πληρωμή σας. ... bags-accessories , All Rights Reserved, Ανάπτυξη PcView.gr.",data\discovery\focused-harvest-v7\clean-v7\review.csv | data\discovery\focused-harvest-v7-run1-backup\clean-v7\review.csv | data\discovery\review-universe-v1\still-review.csv | data\discovery\review-universe-v4-1\manual-review.csv
REVIEW,plausible_giftcard_but_needs_human_check,bakogiannakis.gr,Αγοράστε μία Δωροεπιταγή,https://bakogiannakis.gr/jewelry/index.php?route,Αγοράστε μία Δωροεπιταγή,85,2,Αγοράστε μία Δωροεπιταγή. Αυτή η δωροεπιταγή θα αποσταλεί μέ e-mail στον παραλήπτη αφού ολοκληρωθεί ή πληρωμή σας. Όνομα παραλήπτη. E-mail παραλήπτη.,data\discovery\focused-harvest-v7\clean-v7\review.csv | data\discovery\focused-harvest-v7-run1-backup\clean-v7\review.csv | data\discovery\review-universe-v1\still-review.csv | data\discovery\review-universe-v4-1\manual-review.csv
REVIEW,plausible_giftcard_but_needs_human_check,bakon-home.gr,Αγοράστε μία Δωροεπιταγή,https://bakon-home.gr/index.php?route,Αγοράστε μία Δωροεπιταγή,85,2,Αυτή η δωροεπιταγή θα αποσταλεί μέ e-mail στον παραλήπτη αφού ολοκληρωθεί ή πληρωμή σας. ... © Copyright 2000 - 2026 | Bakon-Home | All Rights Reserved | ...,data\discovery\focused-harvest-v7\clean-v7\review.csv | data\discovery\focused-harvest-v7-run1-backup\clean-v7\review.csv | data\discovery\review-universe-v1\still-review.csv | data\discovery\review-universe-v4-1\manual-review.csv
REVIEW,plausible_giftcard_but_needs_human_check,balabim.gr,30 Ευρώ,https://www.balabim.gr/dhoroepitayi-30-evro/?srsltid,Δωροεπιταγή 30 Ευρώ,80,3,"Η δωροεπιταγή δε γίνεται να εξαργυρωθεί σε μετρητά. Σε περίπτωση επιστροφής αγαθών που έχουν πληρωθεί με δωροεπιταγή, ο πελάτης θα λάβει επιστροφή ποσού με τη ...",data\discovery\focused-harvest-v7\clean-v7\review.csv | data\discovery\focused-harvest-v7-run1-backup\clean-v7\review.csv | data\discovery\mega-harvest-v6\clean-v6\review.csv | data\discovery\review-universe-v1\still-review.csv | data\discovery\review-universe-v4-1\manual-review.csv
REVIEW,plausible_giftcard_but_needs_human_check,baladeur.gr,Τί είναι η δωροεπιταγή;,https://www.baladeur.gr/ti-einai-dwroepitagi-baladeur.aspx,Τί είναι η δωροεπιταγή;,80,8,"Η δωροεπιταγή είναι Πιστωτικό μέσο προκαθορισμένης αξίας, εξαργυρώσιμο αποκλειστικά σε Voucher Εμπειρίας. Χαρίστε μία δωροεπιταγή Baladeur σε συσκευασία ...",data\discovery\focused-harvest-v7\clean-v7\review.csv | data\discovery\focused-harvest-v7-run1-backup\clean-v7\review.csv | data\discovery\mass-harvest-v5\clean-v5.1\review.csv | data\discovery\mass-harvest-v5\clean-v5.2\manual-review.csv | data\discovery\mass-harvest-v5\clean-v5.3\global-review.csv | data\discovery\mass-harvest-v5\clean-v5.4\review.csv | data\discovery\mass-harvest-v5\clean-v5.5\review.csv | data\discovery\mega-harvest-v6\clean-v6\review.csv | data\discovery\review-universe-v1\still-review.csv | data\discovery\review-universe-v4-1\manual-review.csv
REVIEW,plausible_giftcard_but_needs_human_check,bananaway.eu,Gift Voucher - Bananaway,https://bananaway.eu/products/gift,Gift Voucher - Bananaway,80,1,"Give the gift of adventure with a Bananaway gift voucher for sup lessons, equipment or trips. The perfect present for water sports lovers. From €10.",data\discovery\mega-harvest-v6\clean-v6\review.csv | data\discovery\review-universe-v2\manual-review.csv
REVIEW,plausible_giftcard_but_needs_human_check,banellaconceptstore.com,GIFT CARD,https://banellaconceptstore.com/products/gift-card?srsltid=AfmBOoou6D2qA5ivKGSC9lTdawdQ9sF9HOtZ7RM9qmyuhY6_iIXHbwKm,GIFT CARD,100,1,"Home · / GIFT CARD. GIFT CARD. Banella - The Concept Store. €10,00 EUR. Tax included. Shipping calculated at checkout. Denominations. €10.00 €25.00 €50.00",data\discovery\mega-harvest-v6\clean-v6\review.csv | data\discovery\review-universe-v1\still-review.csv | data\discovery\review-universe-v5\manual-review.csv
REVIEW,plausible_giftcard_but_needs_human_check,bankofwine.gr,Αγοράστε μία Δωροεπιταγή - Οιναποθήκη / Τράπεζα Ελλ-Οίνων,http://www.bankofwine.gr/index.php?route,Αγοράστε μία Δωροεπιταγή - Οιναποθήκη / Τράπεζα Ελλ-Οίνων,85,2,Αγοράστε μία Δωροεπιταγή. Αυτή η δωροεπιταγή θα αποσταλεί μέ email στον παραλήπτη αφού ολοκληρωθεί ή πληρωμή σας. * Όνομα παραλήπτη: * Email παραλήπτη ...,data\discovery\focused-harvest-v7\clean-v7\review.csv | data\discovery\focused-harvest-v7-run1-backup\clean-v7\review.csv | data\discovery\review-universe-v1\still-review.csv | data\discovery\review-universe-v4-1\manual-review.csv
REVIEW,plausible_giftcard_but_needs_human_check,banks.com.gr,(Fake) διαγωνισμός «υπόσχεται» δωροεπιταγές,https://banks.com.gr/fake-diagonismos-yposchetai-doroepitages/,(Fake) διαγωνισμός «υπόσχεται» δωροεπιταγές,80,3,"Καμία σχέση με τον ψευδή (fake) διαγωνισμό που κυκλοφόρησε χθες στο διαδίκτυο και «υπόσχεται» δωροεπιταγές ύψους 800 ευρώ, ...",data\discovery\focused-harvest-v7\clean-v7\review.csv | data\discovery\focused-harvest-v7-run1-backup\clean-v7\review.csv | data\discovery\mega-harvest-v6\clean-v6\review.csv | data\discovery\review-universe-v1\still-review.csv
REVIEW,plausible_giftcard_but_needs_human_check,barber-strong.com,The Barber Strong Gift Card,https://barber-strong.com/products/show-your-favorite-barber-some-love-the-barber-strong-gift-card?srsltid=AfmBOoqdIFS-6sotsW7gcYr5jTuwxArhRO6xZjqZFG9sl4mlcSC9Tgdq,The Barber Strong Gift Card,100,5,Hands-down the best way to show your favorite barber some love! HERE'S HOW OUR DIGITAL GIFT CARD WORKS: 1. Select the $ amount you'd like to gift,data\discovery\mass-harvest-v5\clean-v5.2\global-review.csv | data\discovery\mass-harvest-v5\clean-v5.3\global-review.csv | data\discovery\mass-harvest-v5\clean-v5.4\review.csv | data\discovery\mass-harvest-v5\clean-v5.5\review.csv | data\discovery\mega-harvest-v6\clean-v6\review.csv | data\discovery\review-universe-v2\manual-review.csv
REVIEW,plausible_giftcard_but_needs_human_check,barbrutal.com,The Brutal Voucher · Gift Card,https://barbrutal.com/products/the-brutal-voucher?srsltid=AfmBOor_SO4-APr59c6oiE062wh1ReBy40yItJy5wa7_ui_feVm-mvX4,The Brutal Voucher · Gift Card,80,1,Say WE LUUUUV U / SORRY / CONGRATS / BYEBYE / WELCOME with THE BRUTAL Gift Voucher The gift that keeps on giving; don't look further! In Bar Brutal we have ...,data\discovery\mega-harvest-v6\clean-v6\review.csv | data\discovery\review-universe-v1\still-review.csv | data\discovery\review-universe-v5\manual-review.csv
REVIEW,plausible_giftcard_but_needs_human_check,barcelo.com,Hotel Gift Cards | Give a Barceló Hotel Group experience,https://www.barcelo.com/en-es/gift-card/,Hotel Gift Cards | Give a Barceló Hotel Group experience,100,4,"Cádiz, Spain. 10% discount · Barceló Punta Umbría Mar. Punta Umbría, Spain ... Buy a gift card to make a booking, give as a gift or treat yourself to an ...",data\discovery\mass-harvest-v5\clean-v5.2\global-review.csv | data\discovery\mass-harvest-v5\clean-v5.3\global-review.csv | data\discovery\mass-harvest-v5\clean-v5.4\review.csv | data\discovery\mass-harvest-v5\clean-v5.5\review.csv | data\discovery\review-universe-v2\global-brand-review.csv
REVIEW,plausible_giftcard_but_needs_human_check,bashminton.com,Badminton gift voucher – Give the gift of the game,https://www.bashminton.com/en/pages/gift-voucher?srsltid=AfmBOoq7vmYCZllmdQqWSQpQh4CvNDOfvxLYH7wnSXp0RSRR4mTjqZlG,Badminton gift voucher – Give the gift of the game,100,5,"Give the gift of badminton – with our gift voucher. Badminton is a popular sport – whether for beginners, hobby players, or ambitious athletes. With our gift ...",data\discovery\mass-harvest-v5\clean-v5.2\global-review.csv | data\discovery\mass-harvest-v5\clean-v5.3\global-review.csv | data\discovery\mass-harvest-v5\clean-v5.4\review.csv | data\discovery\mass-harvest-v5\clean-v5.5\review.csv | data\discovery\mega-harvest-v6\clean-v6\review.csv | data\discovery\review-universe-v1\still-review.csv | data\discovery\review-universe-v5\manual-review.csv
REVIEW,plausible_giftcard_but_needs_human_check,baxity.com,Buy Gift Cards with Bank in Austria,https://baxity.com/buy-gift-cards-with-bank-in-austria?srsltid=AfmBOoq2HltdNitoxU_9xjwZWwDnhNwPkLsXjVT8R7vX8VofE3NtrNQv,Buy Gift Cards with Bank in Austria,100,1,"... Store » Buy Gift Cards with Bank in Austria. Payment methods on Baxity Store ... Payments are verified in real time, meaning your gift card ...",data\discovery\mass-harvest-v5\clean-v5.5\review.csv
REVIEW,plausible_giftcard_but_needs_human_check,beatone.co.uk,Be At One Greek St | Bar Gift Card,https://www.beatone.co.uk/greek-street-soho/gift-cards,Be At One Greek St | Bar Gift Card,100,1,"Whether it's for a birthday, Christmas, hen night, or just because, it is THE bar gift card that says ""you deserve a day that starts with cocktails"". BUY NOW, ...",data\discovery\mega-harvest-v6\clean-v6\review.csv | data\discovery\review-universe-v1\still-review.csv
REVIEW,plausible_giftcard_but_needs_human_check,beautifuleveryday.eu,Gift voucher 20 EUR,https://www.beautifuleveryday.eu/gift-voucher-20-eur/,Gift voucher 20 EUR,100,5,"Would you like to buy something for your loved one, but you don't know exactly what it should be? That's why a gift voucher is ideal for these situations.",data\discovery\mass-harvest-v5\clean-v5.2\global-review.csv | data\discovery\mass-harvest-v5\clean-v5.3\global-review.csv | data\discovery\mass-harvest-v5\clean-v5.4\review.csv | data\discovery\mass-harvest-v5\clean-v5.5\review.csv | data\discovery\mega-harvest-v6\clean-v6\review.csv | data\discovery\review-universe-v1\still-review.csv | data\discovery\review-universe-v5\manual-review.csv
REVIEW,plausible_giftcard_but_needs_human_check,beautybeauty.gr,Αγοράστε μία Δωροεπιταγή,https://beautybeauty.gr/index.php?route,Αγοράστε μία Δωροεπιταγή,85,1,Το καλάθι αγορών είναι άδειο! Menu. ΠΡΟΣΦΟΡΕΣ · Θεραπεία Κερατίνης · Beauty ... Beauty Vacum Slim · Είδη Κομμωτηρίου · Βαφή 10 λεπτών ... Αυτή η δωροεπιταγή θα ...,data\discovery\focused-harvest-v7-run1-backup\clean-v7\review.csv | data\discovery\review-universe-v1\still-review.csv | data\discovery\review-universe-v4-1\manual-review.csv
REVIEW,plausible_giftcard_but_needs_human_check,beautycentremalta.com,Gift Card,https://www.beautycentremalta.com/shop/gifts/mothers-day-gift-packs/gift-card-2/,Gift Card,100,4,Description. Give the perfect gift with a Beauty Centre Malta Digital Gift Card. Choose the amount you want to gift and complete your purchase online.,data\discovery\mass-harvest-v5\clean-v5.2\global-review.csv | data\discovery\mass-harvest-v5\clean-v5.3\global-review.csv | data\discovery\mass-harvest-v5\clean-v5.4\review.csv | data\discovery\mass-harvest-v5\clean-v5.5\review.csv | data\discovery\review-universe-v1\still-review.csv | data\discovery\review-universe-v5\manual-review.csv
REVIEW,plausible_giftcard_but_needs_human_check,beautyinc.gr,Αγοράστε μία Δωροεπιταγή,https://www.beautyinc.gr/index.php?route,Αγοράστε μία Δωροεπιταγή,85,2,Beauty Inc. Revlon · O.P.I · Revolution Beauty · Technic · Bondi Sands · Rimmel London ... Αυτή η δωροεπιταγή θα αποσταλεί μέ e-mail στον παραλήπτη αφού ...,data\discovery\focused-harvest-v7\clean-v7\review.csv | data\discovery\focused-harvest-v7-run1-backup\clean-v7\review.csv | data\discovery\review-universe-v1\still-review.csv | data\discovery\review-universe-v4-1\manual-review.csv
REVIEW,plausible_giftcard_but_needs_human_check,becharge.be,Online sales of gift cards - The pleasure of giving,https://www.becharge.be/be-en/giftcards?srsltid=AfmBOooKsPL4clc_zYLe05QfGMg-kTFAyVLZoEZHoVHw71TbNecR-NWv,Online sales of gift cards - The pleasure of giving,100,1,Apple Gift Card beCHARGE Giftcard Bol ... Holland & Barrett Belgium ...,data\discovery\mass-harvest-v5\clean-v5.5\review.csv
REVIEW,plausible_giftcard_but_needs_human_check,beerskincosmetics.lt,Gift Voucher – the freedom to choose your favorite Box Set!,https://beerskincosmetics.lt/products/beerskin-cosmetics-dovanu-kuponas-dvieju-produktu-rinkinys-1?srsltid=AfmBOoow0lGwXNL__J_t-suuBl8EqjEyQzl8TUWNi4j8LbBt6lMcTc1e,Gift Voucher – the freedom to choose your favorite Box Set!,80,6,"Beerskin Cosmetics Baltics - MB ""Milani LT"". Gift Voucher – the freedom to choose your favorite Box Set! Gift Voucher – the freedom to choose your favorite ...",data\discovery\mass-harvest-v5\clean-v5.1\review.csv | data\discovery\mass-harvest-v5\clean-v5.2\manual-review.csv | data\discovery\mass-harvest-v5\clean-v5.3\global-review.csv | data\discovery\mass-harvest-v5\clean-v5.4\review.csv | data\discovery\mass-harvest-v5\clean-v5.5\review.csv | data\discovery\mega-harvest-v6\clean-v6\review.csv | data\discovery\review-universe-v1\still-review.csv | data\discovery\review-universe-v5\manual-review.csv
REVIEW,plausible_giftcard_but_needs_human_check,beleaev.com,Beleaev E,https://beleaev.com/products/beleaev-gift-card?srsltid=AfmBOopmqh2f5A-5gPLIQM5lp7uq9OeqlOTbsC5M6wXP67No_pq-bTSh,Beleaev E-Gift Card | Caviar & Gourmet Gift Voucher,100,1,"Beleaev e-gift card digital gift voucher for online shopping in AED. Open media 1 in modal ... BELEAEV CAVIAR & GOURMET LTD. 85 Great Portland Street, London, ...",data\discovery\mega-harvest-v6\clean-v6\review.csv | data\discovery\review-universe-v2\manual-review.csv
REVIEW,plausible_giftcard_but_needs_human_check,belenka.com,Gift Voucher | Be Lenka,https://www.belenka.com/gift-voucher/,Gift Voucher | Be Lenka,100,5,... clothing. Women's clothing. T-shirts · Pants · Skirts · Shirts. Accessories ... Gift Voucher. Gift Voucher. 1/ 1. Gift. Voucher. 4.97 74 reviews. Give the gift of ...,data\discovery\mass-harvest-v5\clean-v5.2\global-review.csv | data\discovery\mass-harvest-v5\clean-v5.3\global-review.csv | data\discovery\mass-harvest-v5\clean-v5.4\review.csv | data\discovery\mass-harvest-v5\clean-v5.5\review.csv | data\discovery\mega-harvest-v6\clean-v6\review.csv | data\discovery\review-universe-v2\manual-review.csv
REVIEW,plausible_giftcard_but_needs_human_check,bellekids.gr,Αγοράστε μία Δωροεπιταγή - Bellekids,https://bellekids.gr/index.php?route,Αγοράστε μία Δωροεπιταγή - Bellekids,85,1,Αγοράστε μία Δωροεπιταγή. Αυτή η δωροεπιταγή θα αποσταλεί μέ e-mail στον παραλήπτη αφού ολοκληρωθεί ή πληρωμή σας. Όνομα παραλήπτη. E-mail παραλήπτη.,data\discovery\focused-harvest-v7\clean-v7\review.csv | data\discovery\focused-harvest-v7-run1-backup\clean-v7\review.csv
REVIEW,plausible_giftcard_but_needs_human_check,belletrice.com,Belletrice Cosmetics gift voucher,https://belletrice.com/en/products/belletice-cosmetics-geschenkgutschein?srsltid=AfmBOorg99tZi5WaQ-aAzY-ANn8oyRL0NFmdYVlDqq6bv65aqj5yQtTg,Belletrice Cosmetics gift voucher,80,6,"Greece (EUR €); Greenland (DKK kr.) Grenada (XCD $); Guadeloupe (EUR ... Belletrice Cosmetics gift voucher. Regular price: €20 ,00. Regular price: Sale ...",data\discovery\mass-harvest-v5\clean-v5.1\review.csv | data\discovery\mass-harvest-v5\clean-v5.2\manual-review.csv | data\discovery\mass-harvest-v5\clean-v5.3\global-review.csv | data\discovery\mass-harvest-v5\clean-v5.4\review.csv | data\discovery\mass-harvest-v5\clean-v5.5\review.csv | data\discovery\mega-harvest-v6\clean-v6\review.csv | data\discovery\review-universe-v3\manual-review.csv
REVIEW,plausible_giftcard_but_needs_human_check,bellevue.it,Gift card of a massage and spa access at the ...,https://www.bellevue.it/en/gift-card-hotel-sorrento/wellness-harmony,Gift card of a massage and spa access at the ...,100,1,"In the intimate and welcoming atmosphere of the Wellness area, this gift voucher offers a 50-minute customized couples' massage to be shared. ... Greece +30 ...",data\discovery\mega-harvest-v6\clean-v6\review.csv | data\discovery\review-universe-v1\still-review.csv | data\discovery\review-universe-v5-1\manual-review.csv
REVIEW,plausible_giftcard_but_needs_human_check,belvoir.com.au,Gift Vouchers,https://belvoir.com.au/gift-vouchers/,Gift Vouchers,100,5,"What could top a memorable, quirky – and potentially life-changing – night out at the theatre? With a Belvoir gift voucher, you can also leave the selection up ...",data\discovery\mass-harvest-v5\clean-v5.2\global-review.csv | data\discovery\mass-harvest-v5\clean-v5.3\global-review.csv | data\discovery\mass-harvest-v5\clean-v5.4\review.csv | data\discovery\mass-harvest-v5\clean-v5.5\review.csv | data\discovery\mega-harvest-v6\clean-v6\review.csv | data\discovery\review-universe-v1\still-review.csv | data\discovery\review-universe-v5\manual-review.csv
REVIEW,plausible_giftcard_but_needs_human_check,bequeenboutique.com,Com,https://bequeenboutique.com/en/product-category/gift-cards-en/?srsltid=AfmBOoou5ukw60I2MF7TEN1oTtytYsWsTvZFqOu1WOkYg6zLCFFOLV8q,Gift Cards,100,3,"Gift Card – 50. 50,00 €. THESSALONIKI.",data\discovery\focused-harvest-v7\clean-v7\review.csv | data\discovery\focused-harvest-v7-run1-backup\clean-v7\review.csv | data\discovery\mega-harvest-v6\clean-v6\review.csv | data\discovery\review-universe-v1\still-review.csv | data\discovery\review-universe-v5-1\manual-review.csv
REVIEW,plausible_giftcard_but_needs_human_check,bershka.com,Δωροκάρτα - Bershka,https://www.bershka.com/gr/gift-card.html,Δωροκάρτα - Bershka,100,3,Δωροκάρτα (). 0. Ηλεκτρονική κάρτα e-gift card. Ενεργοποίηση κάρτας. Δες το ... Leather-look · Festival season · Party · Summer vibe. GET THE LOOK AΝΤΡΑΣ.,data\discovery\mass-harvest-v5\clean-v5.3\greece-market-review.csv | data\discovery\mass-harvest-v5\clean-v5.4\review.csv | data\discovery\mass-harvest-v5\clean-v5.5\review.csv | data\discovery\review-universe-v2\global-brand-review.csv
REVIEW,plausible_giftcard_but_needs_human_check,best4travel.ie,Holiday Gift Voucher Best4Travel Buy Online!,https://www.best4travel.ie/gift-voucher,Holiday Gift Voucher Best4Travel Buy Online!,75,1,Corfu Crete Halkidiki Santorini Kos. Portugal. Algarve Lisbon Madeira ... Flight & Hotel All. Sun Holidays. Sun Holidays Sun. USA / Canada. USA and Canada ...,data\discovery\focused-harvest-v7\clean-v7\review.csv | data\discovery\focused-harvest-v7-run1-backup\clean-v7\review.csv
REVIEW,plausible_giftcard_but_needs_human_check,bestbattery.gr,Αγοράστε μία Δωροεπιταγή,https://www.bestbattery.gr/index.php?route,Αγοράστε μία Δωροεπιταγή,85,2,Flowers · Appliances · Appliances · Φωτοβολταϊκά · Εκκινητές - Φορτιστές · Αξεσουάρ ... Αυτή η δωροεπιταγή θα αποσταλεί μέ e-mail στον παραλήπτη αφού ολοκληρωθεί ...,data\discovery\focused-harvest-v7\clean-v7\review.csv | data\discovery\focused-harvest-v7-run1-backup\clean-v7\review.csv | data\discovery\review-universe-v1\still-review.csv | data\discovery\review-universe-v4-1\manual-review.csv
REVIEW,plausible_giftcard_but_needs_human_check,bestofdeals.gr,bestofdeals.gr - Κουπόνια,https://bestofdeals.gr/,bestofdeals.gr - Κουπόνια | Δωροεπιταγές,80,1,... NAILS · ΚΟΜΜΩΤΗΡΙΑ · ΠΡΟΣΩΠΟ · ΒΛΕΦΑΡΙΔΕΣ – ΦΡΥΔΙΑ · SOLARIUM · ΣΩΜΑ · ΔΙΑΙΤΑ ... Δωροεπιταγή για να πληρώσετε στην επιχείρηση μόνο 675€ με τη Δωροεπιταγή του ...,data\discovery\focused-harvest-v7\clean-v7\review.csv | data\discovery\focused-harvest-v7-run1-backup\clean-v7\review.csv
REVIEW,plausible_giftcard_but_needs_human_check,beyondbeach.com,Give the Gift of Adventure – Our New Gift Vouchers Are Here!,https://www.beyondbeach.com/blog/give-the-gift-of-adventure-our-new-gift-vouchers-are-here/,Give the Gift of Adventure – Our New Gift Vouchers Are Here!,100,1,"... adventure. They're simple, flexible, and a thoughtful way to add a little adventure and fun to someone's year! Get Your Gift Voucher · Share Tweet. Post ...",data\discovery\mega-harvest-v6\clean-v6\review.csv | data\discovery\review-universe-v1\still-review.csv | data\discovery\review-universe-v5\manual-review.csv
REVIEW,plausible_giftcard_but_needs_human_check,bier-ok.at,Gift Voucher Smyths Vouchers 2018 Toy Catalogue Smyths New ...,https://www.bier-ok.at/?e=185005051660,Gift Voucher Smyths Vouchers 2018 Toy Catalogue Smyths New ...,80,1,"Toy Catalogue Smyths New Toys Out 2018 £500 SMYTHS TOYS Vouchers, Gift Voucher ... Toys One For All Vouchers Gift Card Smyths Find A ... ultra mini ugg greece. My ...",data\discovery\mega-harvest-v6\clean-v6\review.csv | data\discovery\review-universe-v1\still-review.csv | data\discovery\review-universe-v4\still-review.csv
REVIEW,plausible_giftcard_but_needs_human_check,bilderberg.nl,Bilderberg Gift Cards,https://www.bilderberg.nl/en/gift-vouchers/,Bilderberg Gift Cards,100,4,The Bilderberg Gift Card can be used freely at all Bilderberg hotels and restaurants in the Netherlands. Any amount between €25 and €500 is possible. Order your ...,data\discovery\mass-harvest-v5\clean-v5.2\global-review.csv | data\discovery\mass-harvest-v5\clean-v5.3\global-review.csv | data\discovery\mass-harvest-v5\clean-v5.4\review.csv | data\discovery\mass-harvest-v5\clean-v5.5\review.csv | data\discovery\review-universe-v2\global-brand-review.csv
REVIEW,plausible_giftcard_but_needs_human_check,bioaura.eu,gift voucher,https://www.bioaura.eu/en/p/gift-voucher?srsltid=AfmBOor2_TQK38fahJbcbPPXjdp0Va3il1jAUP96pidlN6gtfRLQKhAs,gift voucher,100,5,"A gift voucher for your loved ones, or simply from your loved ones for you ... Bioaura | The Purest Bio and Organic Cosmetics and Makeup.",data\discovery\mass-harvest-v5\clean-v5.2\global-review.csv | data\discovery\mass-harvest-v5\clean-v5.3\global-review.csv | data\discovery\mass-harvest-v5\clean-v5.4\review.csv | data\discovery\mass-harvest-v5\clean-v5.5\review.csv | data\discovery\mega-harvest-v6\clean-v6\review.csv | data\discovery\review-universe-v1\still-review.csv | data\discovery\review-universe-v5\manual-review.csv
REVIEW,plausible_giftcard_but_needs_human_check,biologique-skincare.com,GIFT CARDS - Biologique Skincare,https://biologique-skincare.com/collections/gift-cards?srsltid=AfmBOoodW_YbZycZHN-U0gIY8i0szUi9JxgdcztPRL51xRZR5-1aC9qI,GIFT CARDS - Biologique Skincare,100,4,"CHF 1000.00. E-GIFT CARD. E-GIFT CARD. From CHF 100.00. MAIN MENU. Main menu. HOME ... Switzerland. For a personalized treatment experience, we invite you to ...",data\discovery\mass-harvest-v5\clean-v5.2\global-review.csv | data\discovery\mass-harvest-v5\clean-v5.3\global-review.csv | data\discovery\mass-harvest-v5\clean-v5.4\review.csv | data\discovery\mass-harvest-v5\clean-v5.5\review.csv | data\discovery\review-universe-v2\manual-review.csv
REVIEW,plausible_giftcard_but_needs_human_check,biosophy.gr,Αγοράστε μία Δωροεπιταγή,https://www.biosophy.gr/index.php?route,Αγοράστε μία Δωροεπιταγή,85,2,We use cookies and other similar technologies to improve your browsing experience and the functionality of our site. ... Αυτή η δωροεπιταγή θα αποσταλεί μέ e-mail ...,data\discovery\focused-harvest-v7\clean-v7\review.csv | data\discovery\focused-harvest-v7-run1-backup\clean-v7\review.csv | data\discovery\review-universe-v1\still-review.csv | data\discovery\review-universe-v4-1\manual-review.csv
REVIEW,plausible_giftcard_but_needs_human_check,bitmama.io,Types of Gift Cards in Italy 2023,https://bitmama.io/blog/types-of-gift-cards-in-italy,Types of Gift Cards in Italy 2023,100,1,"Conad Gift Card. Conad is one of the biggest grocery stores in Italy – somewhat of a Walmart equivalent in the United States. Therefore, it's ...",data\discovery\mass-harvest-v5\clean-v5.5\review.csv
REVIEW,plausible_giftcard_but_needs_human_check,bitrefill.com,Buy Cosmetics Gift Cards in Greece with Bitcoin or Crypto,https://www.bitrefill.com/gr/en/gift-cards/cosmetics/,Buy Cosmetics Gift Cards in Greece with Bitcoin or Crypto,100,1,"Bitrefill (Greece) ... Cosmetics. GR Works in GR. Sort By. Online/In-store ... Some great gift cards that people usually buy are: Douglas gift card, Sephora gift ...",data\discovery\mass-harvest-v5\clean-v5.5\review.csv
REVIEW,plausible_giftcard_but_needs_human_check,bkstr.com,Rhodes College Gift Cards,https://www.bkstr.com/rhodesstore/shop/gift-cards,Rhodes College Gift Cards,100,2,"See all Health, Wellness & Beauty · See all Sale & Clearance. Store Hours Track an Order ... $50 Gift Card ADD TO BAG. $50 Gift Card. $50.00. $500 Gift Card ADD ...",data\discovery\focused-harvest-v7\clean-v7\review.csv | data\discovery\focused-harvest-v7-run1-backup\clean-v7\review.csv | data\discovery\review-universe-v1\still-review.csv
REVIEW,plausible_giftcard_but_needs_human_check,blackboxmycar.com,BlackboxMyCar Gift Voucher,https://www.blackboxmycar.com/products/blackboxmycar-gift-card?srsltid=AfmBOoq_kEg5N9iOVDegFf2daFt9cP3e7v-Kzw642DljkjMqyNsOQkme,BlackboxMyCar Gift Voucher,65,6,The perfect gift for that special someone.,data\discovery\mass-harvest-v5\clean-v5.1\review.csv | data\discovery\mass-harvest-v5\clean-v5.2\manual-review.csv | data\discovery\mass-harvest-v5\clean-v5.3\global-review.csv | data\discovery\mass-harvest-v5\clean-v5.4\review.csv | data\discovery\mass-harvest-v5\clean-v5.5\review.csv | data\discovery\mega-harvest-v6\clean-v6\review.csv | data\discovery\review-universe-v2\manual-review.csv
REVIEW,plausible_giftcard_but_needs_human_check,blackhawknetwork.com,Global Hotel Card by Expedia Gift Card,https://blackhawknetwork.com/gift-cards/global-hotel-card-by-expedia-gift-card,Global Hotel Card by Expedia Gift Card,100,1,... Germany (German) · Hong Kong (English) · Indonesia (English) · Indonesia ... Hotel Card by Expedia Gift Card. Image. Global Hotel Card Powered by Expedia Gift ...,data\discovery\mass-harvest-v5\clean-v5.5\review.csv
REVIEW,plausible_giftcard_but_needs_human_check,blackline-parfum.fr,Blackline Perfume Gift Card,https://blackline-parfum.fr/en/products/carte-cadeaux-blackline-parfum?srsltid=AfmBOorCclFoeXTnIvCHpDqty4gBtbeNU2W45iATapKsnfLOdhkzhzGJ,Blackline Perfume Gift Card,80,6,"Blackline Perfume Gift Card. Blackline Perfume Gift Card. Regular price €20,00 EUR.",data\discovery\mass-harvest-v5\clean-v5.1\review.csv | data\discovery\mass-harvest-v5\clean-v5.2\manual-review.csv | data\discovery\mass-harvest-v5\clean-v5.3\global-review.csv | data\discovery\mass-harvest-v5\clean-v5.4\review.csv | data\discovery\mass-harvest-v5\clean-v5.5\review.csv | data\discovery\mega-harvest-v6\clean-v6\review.csv | data\discovery\review-universe-v1\still-review.csv | data\discovery\review-universe-v5\manual-review.csv
REVIEW,plausible_giftcard_but_needs_human_check,blanda-beauty.com,Natural Cosmetics Gift Voucher,https://www.blanda-beauty.com/en/collections/geschenk-gutschein,Natural Cosmetics Gift Voucher,80,6,You want to give natural cosmetics as a gift but aren't sure what exactly? Then a gift voucher from Blanda Beauty is just the right choice.,data\discovery\mass-harvest-v5\clean-v5.1\review.csv | data\discovery\mass-harvest-v5\clean-v5.2\manual-review.csv | data\discovery\mass-harvest-v5\clean-v5.3\global-review.csv | data\discovery\mass-harvest-v5\clean-v5.4\review.csv | data\discovery\mass-harvest-v5\clean-v5.5\review.csv | data\discovery\mega-harvest-v6\clean-v6\review.csv | data\discovery\review-universe-v1\still-review.csv | data\discovery\review-universe-v5\manual-review.csv
REVIEW,plausible_giftcard_but_needs_human_check,blue-lady-tattoo.myshopify.com,Blue Lady Tattoo Gift Voucher,https://blue-lady-tattoo.myshopify.com/products/blue-lady-tattoo-gift-voucher,Blue Lady Tattoo Gift Voucher,100,1,"Blue Lady Tattoo Gift Voucher ... All gift vouchers valid for 3 years from the date of issue, and can be used with any artist at Blue Lady Tattoo. Vouchers are ...",data\discovery\mega-harvest-v6\clean-v6\review.csv | data\discovery\review-universe-v1\still-review.csv | data\discovery\review-universe-v5\manual-review.csv
REVIEW,plausible_giftcard_but_needs_human_check,bluecaledoniadiving.com,Diving Adventure Gift Voucher - Day & Night,https://www.bluecaledoniadiving.com/en/checkout/diving-adventure-gift-voucher-day-night-2187/?xcur=JPY&xevt=122034,Diving Adventure Gift Voucher - Day & Night,100,1,"Diving Adventure Gift Voucher - Day & Night. Nouméa Cedex, NC. Buy a Gift ( 8 Hours ) ... Equipment included (except for dive computers for autonomous divers).",data\discovery\mega-harvest-v6\clean-v6\review.csv | data\discovery\review-universe-v1\still-review.csv | data\discovery\review-universe-v5\manual-review.csv
REVIEW,plausible_giftcard_but_needs_human_check,boards.cruisecritic.com,Warning about gift vouchers - P&O Cruises ( UK ),https://boards.cruisecritic.com/topic/1275265-warning-about-gift-vouchers/,Warning about gift vouchers - P&O Cruises ( UK ),100,1,"We booked a cruise with P&O and were given £100 credit each. As a Christmas present, we had a P&O gift voucher given to us by my parents. Half ...",data\discovery\mega-harvest-v6\clean-v6\review.csv | data\discovery\review-universe-v1\still-review.csv | data\discovery\review-universe-v5\manual-review.csv
REVIEW,plausible_giftcard_but_needs_human_check,bodymaxx.gr,BMXX Δωροκάρτα,https://www.bodymaxx.gr/BMXX-%CE%94%CF%89%CF%81%CE%BF%CE%BA%CE%AC%CF%81%CF%84%CE%B1-p552220280,BMXX Δωροκάρτα,85,5,"Χαρίστε στους αγαπημένους σας το δώρο της επιλογής τους!!!! Αυτή είναι μια ψηφιακή δωροκάρτα. Μετά την αγορά, θα λάβετε ένα email με τη δωροκάρτα και οδηγίες ...",data\discovery\mass-harvest-v5\clean-v5.1\review.csv | data\discovery\mass-harvest-v5\clean-v5.2\manual-review.csv | data\discovery\mass-harvest-v5\clean-v5.3\global-review.csv | data\discovery\mass-harvest-v5\clean-v5.4\review.csv | data\discovery\mass-harvest-v5\clean-v5.5\review.csv | data\discovery\review-universe-v1\still-review.csv | data\discovery\review-universe-v4-1\manual-review.csv
REVIEW,plausible_giftcard_but_needs_human_check,bokashoes.gr,Αγοράστε μία Δωροεπιταγή,https://www.bokashoes.gr/index.php?route,Αγοράστε μία Δωροεπιταγή,85,2,Αυτή η δωροεπιταγή θα αποσταλεί μέ e-mail στον παραλήπτη αφού ολοκληρωθεί ή πληρωμή σας. ... SHOES; Powered by MCLSOFT. Αποδοχή Cookies. Cookies.,data\discovery\focused-harvest-v7\clean-v7\review.csv | data\discovery\focused-harvest-v7-run1-backup\clean-v7\review.csv | data\discovery\review-universe-v1\still-review.csv | data\discovery\review-universe-v4-1\manual-review.csv
REVIEW,plausible_giftcard_but_needs_human_check,booking.anhotel.lt,online booking,https://booking.anhotel.lt/?lang=en,online booking - gift voucher system - AN hotel,85,1,"Online reservation of hotel services and gift voucher system ... paros kainos mokestis, nepriklausomai nuo to, kiek dienų trumpinamas viešnagės laikas.",data\discovery\focused-harvest-v7-run1-backup\clean-v7\review.csv
REVIEW,plausible_giftcard_but_needs_human_check,booking.douloufakis.wine,Wine,https://booking.douloufakis.wine/gift-card,Gift card,70,2,"Official booking page for Douloufakis Winery wine tasting experiences in Dafnes, Heraklion ... We use cookies to enhance your browsing experience, serve ...",data\discovery\focused-harvest-v7\clean-v7\review.csv | data\discovery\focused-harvest-v7-run1-backup\clean-v7\review.csv | data\discovery\review-universe-v1\still-review.csv | data\discovery\review-universe-v5-1\manual-review.csv
REVIEW,plausible_giftcard_but_needs_human_check,booking.gradiali.com,Gradiali Palanga - online booking & gift voucher system,https://booking.gradiali.com/packets?category=9&lang=en,Gradiali Palanga - online booking & gift voucher system,85,1,"Online reservation of hotel services and gift voucher system ... paros kainos mokestis, nepriklausomai nuo to, kiek dienų trumpinamas viešnagės laikas ...",data\discovery\focused-harvest-v7-run1-backup\clean-v7\review.csv
REVIEW,plausible_giftcard_but_needs_human_check,bookme.co.nz,Hotel Montreal - 1 Night Package - Family Suite Gift Voucher,https://www.bookme.co.nz/things-to-do/new-zealand/rhodes_spring/gift-voucher/hotel-montreal-1-night-package-family-suite/8546,Hotel Montreal - 1 Night Package - Family Suite Gift Voucher,100,2,Buy your Hotel Montreal - 1 Night Package - Family Suite Bookme Gift Voucher. Enter an Amount... This must be between $10 and $1000. Email My Voucher Print My ...,data\discovery\focused-harvest-v7\clean-v7\review.csv | data\discovery\focused-harvest-v7-run1-backup\clean-v7\review.csv | data\discovery\review-universe-v1\still-review.csv | data\discovery\review-universe-v5\manual-review.csv
REVIEW,plausible_giftcard_but_needs_human_check,boots.com,Gift Cards & e-Cards,https://www.boots.com/gift/gift-cards?srsltid=AfmBOoqwEe4Q5_7rftgr_q0dgCAh7HlppqTrmEcaPPUO6-X3v9oum_dE,Gift Cards & e-Cards,100,4,Where can I buy a gift card or e-card? UK customers can purchase our gift cards online here or you can purchase them from our stores. Use the store locator ...,data\discovery\mass-harvest-v5\clean-v5.2\global-review.csv | data\discovery\mass-harvest-v5\clean-v5.3\global-review.csv | data\discovery\mass-harvest-v5\clean-v5.4\review.csv | data\discovery\mass-harvest-v5\clean-v5.5\review.csv | data\discovery\review-universe-v1\still-review.csv | data\discovery\review-universe-v5\global-greece-review.csv
REVIEW,plausible_giftcard_but_needs_human_check,borujewelry.com,Boru Jewelry Gift Voucher,https://borujewelry.com/products/boru-jewelry-gift-vocuher?srsltid=AfmBOopX1fa3Sncbi6K-CIfzUhzOsi2RX0ZIGuwC2F2WO0c6iu7Cx6jW,Boru Jewelry Gift Voucher,80,1,"Looking for a gift for a loved one, family member, friend or colleague but don't know quite what to get them? Why not opt for a Boru Jewelry Gift Voucher!",data\discovery\mega-harvest-v6\clean-v6\review.csv | data\discovery\review-universe-v2\manual-review.csv
REVIEW,plausible_giftcard_but_needs_human_check,bothners.co.za,Virtual Gift Voucher - R300,https://bothners.co.za/shop/gifts-lifestyle/gift-vouchers/virtual-gift-voucher-r300/,Virtual Gift Voucher - R300,100,1,"Home Audio & Video · Music Books · Gifts & Lifestyle · Gift Vouchers · Clothing ... He went on to study piano and voice as subjects, before leaving for Greece ...",data\discovery\mega-harvest-v6\clean-v6\review.csv | data\discovery\review-universe-v1\still-review.csv | data\discovery\review-universe-v5-1\manual-review.csv
REVIEW,plausible_giftcard_but_needs_human_check,botilia.gr,€100,https://www.botilia.gr/en/p/gifts/Botilia-gift-cart-100?srsltid,Gift Card €100,80,8,Gift Card €100. The best way to gift wine. At your doorstep in 1 - 3 days.,data\discovery\focused-harvest-v7\clean-v7\review.csv | data\discovery\focused-harvest-v7-run1-backup\clean-v7\review.csv | data\discovery\mass-harvest-v5\clean-v5.1\review.csv | data\discovery\mass-harvest-v5\clean-v5.2\manual-review.csv | data\discovery\mass-harvest-v5\clean-v5.3\global-review.csv | data\discovery\mass-harvest-v5\clean-v5.4\review.csv | data\discovery\mass-harvest-v5\clean-v5.5\review.csv | data\discovery\mega-harvest-v6\clean-v6\review.csv | data\discovery\review-universe-v1\still-review.csv | data\discovery\review-universe-v4-1\manual-review.csv
REVIEW,plausible_giftcard_but_needs_human_check,brainkidtoys.com,GIFT VOUCHERS Archives,https://www.brainkidtoys.com/product-category/gv/,GIFT VOUCHERS Archives,80,6,BRAINKID TOYS (3). GIFT VOUCHER €10 · Add to Wishlist. Quick View. GIFT VOUCHERS. GIFT VOUCHER €10. €10.00 Inc. VAT19%. Add to cart · GIFT VOUCHER €20.,data\discovery\mass-harvest-v5\clean-v5.1\review.csv | data\discovery\mass-harvest-v5\clean-v5.2\manual-review.csv | data\discovery\mass-harvest-v5\clean-v5.3\global-review.csv | data\discovery\mass-harvest-v5\clean-v5.4\review.csv | data\discovery\mass-harvest-v5\clean-v5.5\review.csv | data\discovery\mega-harvest-v6\clean-v6\review.csv | data\discovery\review-universe-v1\still-review.csv | data\discovery\review-universe-v5\manual-review.csv
REVIEW,plausible_giftcard_but_needs_human_check,brandedboxes.eu,"Custom Gift Card Boxes in Ioannina, Greece | Retail | Branded Boxes",https://brandedboxes.eu/industries/retail/products/gift-card-boxes/greece/ioannina,"Custom Gift Card Boxes in Ioannina, Greece | Retail | Branded Boxes",100,1,"... Ioannina. Retail · Ioannina, Greece. Custom Gift Card Boxes in Ioannina, Greece. Premium gift card boxes delivered to Ioannina ... Restaurant gift voucher ...",data\discovery\mass-harvest-v5\clean-v5.5\review.csv
REVIEW,plausible_giftcard_but_needs_human_check,brasmedicalspa.com,Bras Medical Spa Gift Card,https://brasmedicalspa.com/products/bras-medical-spa-gift-card?srsltid=AfmBOoqvFra5nPLfPLf3baBiV-ED7fNUofb318G8lTkxe34ZsuS8JoiI,Bras Medical Spa Gift Card,100,1,Bras Medical Spa Gift Card · Special Order Request.,data\discovery\mega-harvest-v6\clean-v6\review.csv | data\discovery\review-universe-v2\manual-review.csv
REVIEW,plausible_giftcard_but_needs_human_check,bravalingerie.com.au,Brava Lingerie Gift Voucher,https://www.bravalingerie.com.au/products/brava-lingerie-gift-voucher?srsltid=AfmBOoqGOSJdyNS2ST_Do4MFc1nSzlAExZ6Yh3qI2x25UfOXSdszfj3Q,Brava Lingerie Gift Voucher,100,5,Brava Lingerie Gift Voucher. Regular price Sale price $50.00.,data\discovery\mass-harvest-v5\clean-v5.2\global-review.csv | data\discovery\mass-harvest-v5\clean-v5.3\global-review.csv | data\discovery\mass-harvest-v5\clean-v5.4\review.csv | data\discovery\mass-harvest-v5\clean-v5.5\review.csv | data\discovery\mega-harvest-v6\clean-v6\review.csv | data\discovery\review-universe-v1\still-review.csv | data\discovery\review-universe-v5\manual-review.csv
REVIEW,plausible_giftcard_but_needs_human_check,bristolcourses.com,Gift Vouchers | Bristol Courses,https://www.bristolcourses.com/courses/gift-vouchers/,Gift Vouchers | Bristol Courses,100,1,Classics – Latin & Greek · Dutch · French ... Give the gift of learning with our course gift voucher. Learn a New Language with. Bristol Courses Language School.,data\discovery\mega-harvest-v6\clean-v6\review.csv
REVIEW,plausible_giftcard_but_needs_human_check,britishcornershop.co.uk,£50 British Corner Shop Gift Voucher (0g),https://www.britishcornershop.co.uk/50-pound-british-corner-shop-gift-voucher?srsltid=AfmBOoodH4n84onSBdlQmpkhsseo-JDT0PzfvjVQCW99AV_FooflBkoK,£50 British Corner Shop Gift Voucher (0g),100,5,Gift voucher sent via email* If you think a friend or family member would ... British Food Supermarket. Menu. ×. All Categories. Shop Now. Branded Groceries.,data\discovery\mass-harvest-v5\clean-v5.2\global-review.csv | data\discovery\mass-harvest-v5\clean-v5.3\global-review.csv | data\discovery\mass-harvest-v5\clean-v5.4\review.csv | data\discovery\mass-harvest-v5\clean-v5.5\review.csv | data\discovery\mega-harvest-v6\clean-v6\review.csv | data\discovery\review-universe-v1\still-review.csv | data\discovery\review-universe-v5\manual-review.csv
REVIEW,plausible_giftcard_but_needs_human_check,brownthomas.com,The Brown Thomas Arnotts Gift Card,https://www.brownthomas.com/ni/gifts/gift-cards/,The Brown Thomas Arnotts Gift Card,100,4,"A gift card displayed in an open black envelope with 'Brown Thomas' text, ... Ireland (EUR), Northern Ireland (GBP). Continue shopping. Privacy Preference ...",data\discovery\mass-harvest-v5\clean-v5.2\global-review.csv | data\discovery\mass-harvest-v5\clean-v5.3\global-review.csv | data\discovery\mass-harvest-v5\clean-v5.4\review.csv | data\discovery\mass-harvest-v5\clean-v5.5\review.csv | data\discovery\review-universe-v2\global-brand-review.csv
REVIEW,plausible_giftcard_but_needs_human_check,brunchies.shop,LENIKA gift voucher - brunchies,https://brunchies.shop/en/products/lenika-geschenkgutschein,LENIKA gift voucher - brunchies,85,1,... gift voucher. LENIKA gift voucher. Zoom. Previous. Next ... Brunchies combines haircare and jewelry. Hair ... Greece (EUR €) Greenland (EUR €) Grenada (EUR ...,data\discovery\mega-harvest-v6\clean-v6\review.csv | data\discovery\review-universe-v3\manual-review.csv
REVIEW,plausible_giftcard_but_needs_human_check,bryant.dental,Gift Cards | Bryant Dental – Empower Clinicians with Transformative ...,https://bryant.dental/gift-cards,Gift Cards | Bryant Dental – Empower Clinicians with Transformative ...,100,1,Southwest Dental Conference . Register for trade show. This gift card could change someone's life. Every product we make is truly transformative and the ...,data\discovery\mega-harvest-v6\clean-v6\review.csv | data\discovery\review-universe-v2\manual-review.csv
REVIEW,plausible_giftcard_but_needs_human_check,bt45hair.com,BT45 Gift Card | Men's Hair Styling & Grooming Gift Voucher,https://bt45hair.com/products/bt45-gift-card?srsltid=AfmBOooCPpRmK5UW09V0xcYriwsFzS62QOO3Bhxa_jXGtAPqT1nf6OsB,BT45 Gift Card | Men's Hair Styling & Grooming Gift Voucher,65,6,"With over a decade of experience working with industry experts, celebrities, running several barber ... Greece (EUR €); Greenland (DKK kr.) Grenada (XCD ...",data\discovery\mass-harvest-v5\clean-v5.1\review.csv | data\discovery\mass-harvest-v5\clean-v5.2\manual-review.csv | data\discovery\mass-harvest-v5\clean-v5.3\global-review.csv | data\discovery\mass-harvest-v5\clean-v5.4\review.csv | data\discovery\mass-harvest-v5\clean-v5.5\review.csv | data\discovery\mega-harvest-v6\clean-v6\review.csv | data\discovery\review-universe-v1\still-review.csv | data\discovery\review-universe-v5-1\manual-review.csv
REVIEW,plausible_giftcard_but_needs_human_check,budgettravel.ie,Budget Travel Gift Vouchers,https://www.budgettravel.ie/gift-vouchers,Budget Travel Gift Vouchers,100,4,Give the gift of travel with a Budget Travel gift voucher! Perfect for any ... Spain Back. Costa Del Sol · Benalmadena · Fuengirola · Malaga · Nerja ...,data\discovery\mass-harvest-v5\clean-v5.2\global-review.csv | data\discovery\mass-harvest-v5\clean-v5.3\global-review.csv | data\discovery\mass-harvest-v5\clean-v5.4\review.csv | data\discovery\mass-harvest-v5\clean-v5.5\review.csv | data\discovery\review-universe-v2\manual-review.csv
REVIEW,plausible_giftcard_but_needs_human_check,bulldogflowersofathens.com,"Gift Card - Athens, GA",https://bulldogflowersofathens.com/products/gift-card-prd-gift_card,"Gift Card - Athens, GA",100,1,"Send Gift Card - flower bouquet with Bulldog Flowers in Athens, GA. Fresh, handcrafted flowers with same-day delivery available.",data\discovery\mega-harvest-v6\clean-v6\review.csv | data\discovery\review-universe-v1\still-review.csv
REVIEW,plausible_giftcard_but_needs_human_check,business.giftcardstore.co.uk,Fashion Favourites Gift Card,https://business.giftcardstore.co.uk/Products/2212929,Fashion Favourites Gift Card - Gift Card Store,100,1,"... Gift Card. Gift Card. CONTINUE SHOPPING > Gift Cards > Fashion Favourites Gift Card ... UK's top fashion brands, all in one stylish little card. Let them treat ...",data\discovery\mass-harvest-v5\clean-v5.5\review.csv
REVIEW,plausible_giftcard_but_needs_human_check,businessinsider.com,"Geneva Offers Tourists Free Gift Cards for Hotels, Around ...",https://www.businessinsider.com/geneva-switzerland-tourists-free-gift-cards-hotels-restaurants-2020-8,"Geneva Offers Tourists Free Gift Cards for Hotels, Around ...",100,1,The gift card can be used through December 31 of this year. geneva harbor fountain switzerland. French is the main language spoken in Geneva.,data\discovery\mass-harvest-v5\clean-v5.5\review.csv
REVIEW,plausible_giftcard_but_needs_human_check,butik.louisiana.dk,Gift cards for Louisiana,https://butik.louisiana.dk/en-eu/pages/gavekort?srsltid=AfmBOorT7VANkxQC-RMP4cg1HbRZG25UVv_1a3BXzrwhFG5IYNtpJXia,Gift cards for Louisiana,85,1,"Entrance Experience all the exhibitions, the museum's popular park and beautiful architecture. Choose a gift card for DKK 145 for one ticket. Shop and Webshop ...",data\discovery\mega-harvest-v6\clean-v6\review.csv | data\discovery\review-universe-v2\manual-review.csv
REVIEW,plausible_giftcard_but_needs_human_check,butlers.gr,Butlers,https://butlers.gr,Όροι Χρήσης Giftcard,,1,"Wave2Bucket=HIGH_SAFE | Wave2Score=70 | Wave2Reasons=GIFT_TITLE | GREEK_DOMAIN | MULTI_QUERY | MULTI_HIT | Queries=site:.gr patisserie ""gift card"" | site:.gr έπιπλα ""gift card"" | Imported to DISCOVERED only; requires verification before production.",DB:DISCOVERED:cmt9y18ae0016pwiyhfvmzy5y
REVIEW,plausible_giftcard_but_needs_human_check,buysellvouchers.com,Buy Apple Gift Cards Greece,https://www.buysellvouchers.com/en/products/list/gift-cards-apple/GR/?srsltid=AfmBOoodLz4gEwUbt1wlM50lIg6h66zcvfoUrjk1prsyLR-t_yGBKnnL,Buy Apple Gift Cards Greece,100,1,Gaming Entertainment Retail Food Travel Prepaid Sport Electronics Home Beauty Ebooks Mobile Vcc Software Downloads All gift cards. Apple Gift Card Greece.,data\discovery\mass-harvest-v5\clean-v5.5\review.csv
REVIEW,plausible_giftcard_but_needs_human_check,cadeaux.domaine-locguenole.com,Spa - Kos® Experience - World Massage - 60 minutes | Le ...,https://cadeaux.domaine-locguenole.com/en/spa-kos-r-experience-world-massage-60-minutes,Gift card Spa - Kos® Experience - World Massage - 60 minutes | Le ...,85,2,Spa - Kos® Experience - World Massage - 60 minutes ; I choose. and personalise my gift card directly online ; I receive. the gift card immediately by email or by ...,data\discovery\focused-harvest-v7\clean-v7\review.csv | data\discovery\focused-harvest-v7-run1-backup\clean-v7\review.csv | data\discovery\review-universe-v1\still-review.csv | data\discovery\review-universe-v5\manual-review.csv
REVIEW,plausible_giftcard_but_needs_human_check,cafe3sixty.co.uk,Gift Vouchers - Cafe 3 Sixty,https://cafe3sixty.co.uk/gift-vouchers/,Gift Vouchers - Cafe 3 Sixty,100,5,"Gift VOUCHERS · Collection or by Post. You can collect your gift voucher in the cafe or we can post it to you, please select the relevant option below. · Timings.",data\discovery\mass-harvest-v5\clean-v5.2\global-review.csv | data\discovery\mass-harvest-v5\clean-v5.3\global-review.csv | data\discovery\mass-harvest-v5\clean-v5.4\review.csv | data\discovery\mass-harvest-v5\clean-v5.5\review.csv | data\discovery\mega-harvest-v6\clean-v6\review.csv | data\discovery\review-universe-v1\still-review.csv | data\discovery\review-universe-v5\manual-review.csv
REVIEW,plausible_giftcard_but_needs_human_check,cakeart.gr,Cakeart,https://cakeart.gr,Αγοράστε μία Δωροεπιταγή,,1,"Wave2Bucket=HIGH_SAFE | Wave2Score=70 | Wave2Reasons=GIFT_TITLE | PURCHASE_SIGNAL | GREEK_DOMAIN | MULTI_HIT | Queries=site:.gr ""δωροεπιταγή"" αγορά | Imported to DISCOVERED only; requires verification before production.",DB:DISCOVERED:cmt9y1c540028pwiyg5wuh1eo
REVIEW,plausible_giftcard_but_needs_human_check,caminomotorcyclewear.com.au,Camino Motorcycle Wear Gift Voucher,https://www.caminomotorcyclewear.com.au/products/camino-motorcycle-wear-gift-card?srsltid=AfmBOopPYUZ-PdXIwLoy4gTaz6aAVg68dIciz2pHhONCeUAOA7fdEUMs,Camino Motorcycle Wear Gift Voucher,100,5,Camino Motorcycle Wear Gift Voucher ; Denominations: $50.00 ; Small. True to size. Large ; Shop the range. Shop Protective Gear.,data\discovery\mass-harvest-v5\clean-v5.2\global-review.csv | data\discovery\mass-harvest-v5\clean-v5.3\global-review.csv | data\discovery\mass-harvest-v5\clean-v5.4\review.csv | data\discovery\mass-harvest-v5\clean-v5.5\review.csv | data\discovery\mega-harvest-v6\clean-v6\review.csv | data\discovery\review-universe-v1\still-review.csv | data\discovery\review-universe-v5\manual-review.csv
REVIEW,plausible_giftcard_but_needs_human_check,canaves.com,Gift Card – Canaves Oia Santorini | Store,https://store.canaves.com/gift-card/,Gift Card – Canaves Oia Santorini | Store,100,3,Gift card confirmation will be sent to your email address. Terms ... Canaves Oia Resort.,data\discovery\mass-harvest-v5\clean-v5.3\greece-market-review.csv | data\discovery\mass-harvest-v5\clean-v5.4\review.csv | data\discovery\mass-harvest-v5\clean-v5.5\review.csv | data\discovery\review-universe-v3\manual-review.csv
REVIEW,plausible_giftcard_but_needs_human_check,canyonzone.com,Giftcards (vouchers),https://www.canyonzone.com/c-2517833/giftcards-vouchers/?srsltid=AfmBOopLMQnczxn3tHzXl9pCH_M7p6bsAljJNqLt6KncEImiUCqh5B-y,Giftcards (vouchers),60,1,Buy gift card: Gift certificates can be purchased in the store. We have a ... Outdoor Sports Companies · Underwater / (Cave) Diving​. Pay safely with ...,data\discovery\mega-harvest-v6\clean-v6\review.csv | data\discovery\review-universe-v1\still-review.csv | data\discovery\review-universe-v5\manual-review.csv
REVIEW,plausible_giftcard_but_needs_human_check,caprioscaswimwear.com.au,Gift Card | Gift Voucher,https://www.caprioscaswimwear.com.au/products/gift-card,Gift Card | Gift Voucher,100,5,Shopping for someone else but not sure what to give them? Give them the gift of choice with a Capriosca Swimwear Australia gift card.,data\discovery\mass-harvest-v5\clean-v5.2\global-review.csv | data\discovery\mass-harvest-v5\clean-v5.3\global-review.csv | data\discovery\mass-harvest-v5\clean-v5.4\review.csv | data\discovery\mass-harvest-v5\clean-v5.5\review.csv | data\discovery\mega-harvest-v6\clean-v6\review.csv | data\discovery\review-universe-v1\still-review.csv | data\discovery\review-universe-v5\manual-review.csv
REVIEW,plausible_giftcard_but_needs_human_check,car.gr,Car,https://car.gr,Razer Gold Gift Card 10 EURO,,1,"Wave2Bucket=HIGH_SAFE | Wave2Score=80 | Wave2Reasons=GIFT_TITLE | PURCHASE_SIGNAL | GREEK_DOMAIN | MULTI_QUERY | MULTI_HIT | Queries=site:.gr jewelry ""gift card"" | site:.gr jewellery ""gift card"" | site:.gr gaming ""gift card"" | Imported to DISCOVERED only; requires verification before production.",DB:DISCOVERED:cmt9y15qs000hpwiywvd05jk3
REVIEW,plausible_giftcard_but_needs_human_check,carddelivery.com,Larissa G.'s 5-Star Review of USA iTunes Gift Card,https://www.carddelivery.com/reviews/review/great-service-and-communication-597f94d174dcddeda2830816?srsltid=AfmBOooLYFMHytVGUTLhGtI9E1cNwXxSix4LLht9oYjI7tffdma1PUzX,Larissa G.'s 5-Star Review of USA iTunes Gift Card,80,5,Larissa G. Review For USA iTunes Gift Card. 24/7/365 Customer Support. pink. 5 stars Reviews. Excellent! blue. Contact Us.,data\discovery\mass-harvest-v5\clean-v5.1\review.csv | data\discovery\mass-harvest-v5\clean-v5.2\manual-review.csv | data\discovery\mass-harvest-v5\clean-v5.3\global-review.csv | data\discovery\mass-harvest-v5\clean-v5.4\review.csv | data\discovery\mass-harvest-v5\clean-v5.5\review.csv | data\discovery\review-universe-v1\still-review.csv | data\discovery\review-universe-v5\manual-review.csv
REVIEW,plausible_giftcard_but_needs_human_check,cardfly.net,MANGO Greece Gift Card | EUR - CardFly,https://cardfly.net/gift-cards/mango/greece,MANGO Greece Gift Card | EUR - CardFly,100,1,Because typing card details twice is nobody's hobby. Download onApp ... gift voucher code.</p> <p>If the order value is lower than the voucher value ...,data\discovery\mass-harvest-v5\clean-v5.5\review.csv
REVIEW,plausible_giftcard_but_needs_human_check,cardtonic.com,Top 7 Most Common Gift Cards You Can Buy In Greece,https://cardtonic.com/read/gift-cards-in-greece,Top 7 Most Common Gift Cards You Can Buy In Greece,100,1,Top 7 Types of Gift Cards In Greece In 2026 · 1. Amazon Gift Card · 2. Google Play Gift Card · 3. PlayStation Gift Cards · 4. IKEA Gift Cards · 5. Steam Gift Card · 6 ...,data\discovery\mass-harvest-v5\clean-v5.5\review.csv
REVIEW,plausible_giftcard_but_needs_human_check,carolinerandell.co.uk,Gift Card,https://www.carolinerandell.co.uk/products/gift-card?srsltid=AfmBOooPo9Pgvf-dCPcRxzbyZ9zFKvEVPwq8iyoRWbuQ98w0vRfnqmPb,Gift Card,100,5,Our gift cards are incredibly popular and make such a wonderful gift - your loved one can have all the fun of selecting something so special.,data\discovery\mass-harvest-v5\clean-v5.2\global-review.csv | data\discovery\mass-harvest-v5\clean-v5.3\global-review.csv | data\discovery\mass-harvest-v5\clean-v5.4\review.csv | data\discovery\mass-harvest-v5\clean-v5.5\review.csv | data\discovery\mega-harvest-v6\clean-v6\review.csv | data\discovery\review-universe-v1\still-review.csv | data\discovery\review-universe-v5\manual-review.csv
REVIEW,plausible_giftcard_but_needs_human_check,carvlondon.com,"Luxury Leather Gift Voucher | Handmade Gifts by CARV, UK",https://www.carvlondon.com/products/gift-voucher?srsltid=AfmBOorRLy_eMP-7jM3eN9fmHP5dxuuqjSCJSRVBMW3FN-5LYJ8ucMiM,"Luxury Leather Gift Voucher | Handmade Gifts by CARV, UK",100,4,"Give the gift of timeless UK craftsmanship with a leather gift voucher from CARV. Perfect for fathers, mothers, or loved ones. Shop now for digital options.",data\discovery\mass-harvest-v5\clean-v5.2\global-review.csv | data\discovery\mass-harvest-v5\clean-v5.3\global-review.csv | data\discovery\mass-harvest-v5\clean-v5.4\review.csv | data\discovery\mass-harvest-v5\clean-v5.5\review.csv | data\discovery\review-universe-v1\still-review.csv | data\discovery\review-universe-v5\manual-review.csv
REVIEW,plausible_giftcard_but_needs_human_check,carwerkz.com,Gift Voucher Products - CarWerkz.com,https://www.carwerkz.com/collections/gift-voucher-products,Gift Voucher Products - CarWerkz.com,100,6,Car Accessories · 3D Car Mat · Car Decal · Mobile Phone Accessories ... Gift Voucher Products. Filter. 133 Results. Sort: Alphabetically ...,data\discovery\mass-harvest-v5\clean-v5.1\review.csv | data\discovery\mass-harvest-v5\clean-v5.2\global-review.csv | data\discovery\mass-harvest-v5\clean-v5.3\global-review.csv | data\discovery\mass-harvest-v5\clean-v5.4\review.csv | data\discovery\mass-harvest-v5\clean-v5.5\review.csv | data\discovery\mega-harvest-v6\clean-v6\review.csv | data\discovery\review-universe-v2\manual-review.csv
REVIEW,plausible_giftcard_but_needs_human_check,caseystoys.com.au,Gift Cards & Vouchers | Buy Online,https://www.caseystoys.com.au/shopping/gift-cards-vouchers/51/1?srsltid=AfmBOopg1wBowjkphIOHdrANNq3h7AD3hnAbD-kIkFq_P0DOTDPZmONx,Gift Cards & Vouchers | Buy Online,100,5,"Purchase a Casey's Toys gift voucher for the perfect gift or gesture. Your recipient can select from our vast range of toys, games and hobbies ...",data\discovery\mass-harvest-v5\clean-v5.2\global-review.csv | data\discovery\mass-harvest-v5\clean-v5.3\global-review.csv | data\discovery\mass-harvest-v5\clean-v5.4\review.csv | data\discovery\mass-harvest-v5\clean-v5.5\review.csv | data\discovery\mega-harvest-v6\clean-v6\review.csv | data\discovery\review-universe-v1\still-review.csv | data\discovery\review-universe-v5\manual-review.csv
REVIEW,plausible_giftcard_but_needs_human_check,cassidytravel.ie,Gift Voucher,https://www.cassidytravel.ie/gift-vouchers/gift-voucher,Gift Voucher,100,4,"Spain. Costa del sol; Salou; Benidorm; Majorca; More Spain Destinations. Malta ... A Cassidy Travel Gift Voucher is the perfect gift for family, friends or ...",data\discovery\mass-harvest-v5\clean-v5.2\global-review.csv | data\discovery\mass-harvest-v5\clean-v5.3\global-review.csv | data\discovery\mass-harvest-v5\clean-v5.4\review.csv | data\discovery\mass-harvest-v5\clean-v5.5\review.csv | data\discovery\review-universe-v1\still-review.csv | data\discovery\review-universe-v5\manual-review.csv
REVIEW,plausible_giftcard_but_needs_human_check,catcafe.co.uk,Gift Vouchers - Cat Cafe,https://www.catcafe.co.uk/collections/gift-vouchers,Gift Vouchers - Cat Cafe,100,5,Cat Cafe Gift Voucher - Physical · Cat Cafe Gift Voucher - Physical. Regular price From £5.00 · Cat Cafe Gift Voucher - Digital · Cat Cafe Gift Voucher - Digital.,data\discovery\mass-harvest-v5\clean-v5.2\global-review.csv | data\discovery\mass-harvest-v5\clean-v5.3\global-review.csv | data\discovery\mass-harvest-v5\clean-v5.4\review.csv | data\discovery\mass-harvest-v5\clean-v5.5\review.csv | data\discovery\mega-harvest-v6\clean-v6\review.csv | data\discovery\review-universe-v1\still-review.csv | data\discovery\review-universe-v5\manual-review.csv
REVIEW,plausible_giftcard_but_needs_human_check,catrinbeaute.gr,Αγοράστε μία Δωροεπιταγή - Catrinbeaute,https://www.catrinbeaute.gr/index.php?route,Αγοράστε μία Δωροεπιταγή - Catrinbeaute,85,1,Eolia Cosmetics · Ardell Professional ... Αγοράστε μία Δωροεπιταγή. Αυτή η δωροεπιταγή θα αποσταλεί μέ e-mail στον παραλήπτη αφού ολοκληρωθεί ή πληρωμή σας.,data\discovery\focused-harvest-v7\clean-v7\review.csv | data\discovery\focused-harvest-v7-run1-backup\clean-v7\review.csv
REVIEW,plausible_giftcard_but_needs_human_check,cce.sydney.edu.au,Gift voucher | CCE - Centre for Continuing Education,https://cce.sydney.edu.au/product/GIFT,Gift voucher | CCE - Centre for Continuing Education,80,6,Greek courses · Italian courses · Japanese courses · Spanish courses · Marketing ... Gift voucher. Enrol now Download brochure. Jump to… Enrol now. Location.,data\discovery\mass-harvest-v5\clean-v5.1\review.csv | data\discovery\mass-harvest-v5\clean-v5.2\manual-review.csv | data\discovery\mass-harvest-v5\clean-v5.3\global-review.csv | data\discovery\mass-harvest-v5\clean-v5.4\review.csv | data\discovery\mass-harvest-v5\clean-v5.5\review.csv | data\discovery\mega-harvest-v6\clean-v6\review.csv | data\discovery\review-universe-v1\still-review.csv | data\discovery\review-universe-v5-1\manual-review.csv
REVIEW,plausible_giftcard_but_needs_human_check,celebrationcinema.com,"Movie Gift Cards, Popcorn Cards, and Gold Tickets",https://www.celebrationcinema.com/gifts,"Movie Gift Cards, Popcorn Cards, and Gold Tickets",80,6,"Give the gift of movies! Explore Celebration Cinema's gift cards, Gold ... Check Gift Card Balance. Enter your gift card number to check your balance ...",data\discovery\mass-harvest-v5\clean-v5.1\review.csv | data\discovery\mass-harvest-v5\clean-v5.2\manual-review.csv | data\discovery\mass-harvest-v5\clean-v5.3\global-review.csv | data\discovery\mass-harvest-v5\clean-v5.4\review.csv | data\discovery\mass-harvest-v5\clean-v5.5\review.csv | data\discovery\mega-harvest-v6\clean-v6\review.csv | data\discovery\review-universe-v1\still-review.csv | data\discovery\review-universe-v5\manual-review.csv
REVIEW,plausible_giftcard_but_needs_human_check,celebritycruises.com,Celebrity Cruises Gift Card,https://www.celebritycruises.com/gift-cards,Celebrity Cruises Gift Card,100,1,Celebrity Cruises Gift Card. Buy Now. undefined. Home; Gift Cards. GIVE THE GIFT ... Find a Cruise. Start Planning · Social icon pin1 · facebook · instagram ...,data\discovery\mega-harvest-v6\clean-v6\review.csv | data\discovery\review-universe-v2\global-brand-review.csv
REVIEW,plausible_giftcard_but_needs_human_check,celia-thelabel.com,gift cards. - cē.lia,https://celia-thelabel.com/en/collections/gift-cards?srsltid=AfmBOoqNFR1qnsUlJnmpxvX2kjRNWVqS1j4BBE4RbEaD5q7BjbqZI2rN,gift cards. - cē.lia,100,1,"cē.lia gift voucher · cē.lia gift voucher. Regular price From €50,00 EUR. Regular price Sale price From €50,00 EUR. be true. bē you. lingerie made to love your ...",data\discovery\mega-harvest-v6\clean-v6\review.csv | data\discovery\review-universe-v1\still-review.csv | data\discovery\review-universe-v5\manual-review.csv
REVIEW,plausible_giftcard_but_needs_human_check,charizma.gr,Δωροκάρτες,https://www.charizma.gr/pages/%CE%B4%CF%89%CF%81%CE%BF%CE%BA%CE%AC%CF%81%CF%84%CE%B1?srsltid=AfmBOooWE0Da_tvQlv220iorhLhcyst60VbuMRucQ1zdhPSizkRNhMR5,Δωροκάρτες,85,1,Ψάχνετε το τέλειο δώρο αλλά δεν μπορείτε να αποφασίσετε; H λύση είναι απλή: επιλέξτε μια δωροκάρτα από το Charizma Concept Store!,data\discovery\mega-harvest-v6\clean-v6\review.csv | data\discovery\review-universe-v1\still-review.csv | data\discovery\review-universe-v4-1\manual-review.csv
REVIEW,plausible_giftcard_but_needs_human_check,charleskeith.eu,Gift Card - Black Leather - 04 - CHARLES & KEITH GR,https://www.charleskeith.eu/gr/CKGIFTCARD-17.html,Gift Card - Black Leather - 04 - CHARLES & KEITH GR,100,3,Gift Card - Black Leather · The gift card can only be used in the currency that it was purchased in. · The gift card is valid for 1 year from the date of your ...,data\discovery\mass-harvest-v5\clean-v5.3\greece-market-review.csv | data\discovery\mass-harvest-v5\clean-v5.4\review.csv | data\discovery\mass-harvest-v5\clean-v5.5\review.csv | data\discovery\review-universe-v2\global-brand-review.csv
REVIEW,plausible_giftcard_but_needs_human_check,charlybaron.com,Makeup Gift Cards | Give the Gift of Natural Cosmetics - Charly Baron,https://www.charlybaron.com/en/gift-voucher/?srsltid=AfmBOoovX5G88d3igwwaL8EHD7jyGV54Hrvz3624Z1MDfbozWKIJEg2P,Makeup Gift Cards | Give the Gift of Natural Cosmetics - Charly Baron,100,1,"Greece, Hong Kong, Hungary, Iceland, India, Ireland, Israel, Italy, Japan, Jordan ... A cosmetics gift voucher gives the recipient the freedom to choose for ...",data\discovery\mega-harvest-v6\clean-v6\review.csv | data\discovery\review-universe-v3\manual-review.csv
REVIEW,plausible_giftcard_but_needs_human_check,chefshat.com.au,Shop $50 GIFT VOUCHER,https://www.chefshat.com.au/product/4035--50-gift-voucher?srsltid=AfmBOopYkesLP3JjvLfv0M2lF8T4pUXn7GDefz_syn3_Rk_dbwbkxvge,Shop $50 GIFT VOUCHER,70,1,Athens · Athens - Vintage · Atlantis · Austwind · Bogart · Café · Chopsticks · Cutlery ... Shoes · Unisex Jackets · Unisex Pants · Women's Jackets · Women's Pants ...,data\discovery\mega-harvest-v6\clean-v6\review.csv | data\discovery\review-universe-v1\still-review.csv | data\discovery\review-universe-v5-1\manual-review.csv
REVIEW,plausible_giftcard_but_needs_human_check,chelseamagazines.com,The English Garden – National Garden Centre Gift Card Prize Draw ...,https://www.chelseamagazines.com/the-english-garden-national-garden-centre-gift-card-prize-draw-terms-and-conditions/?srsltid=AfmBOorNOoODMu6Vefypm2MVLTHAZcCfET-6OXp1X5xlnhOaksXLZBMn,The English Garden – National Garden Centre Gift Card Prize Draw ...,100,1,"One winning entrant will win a National Garden Centre Gift Card to the value of £250. The prize is subject to availability, non-transferable and there are no ...",data\discovery\mega-harvest-v6\clean-v6\review.csv | data\discovery\review-universe-v1\still-review.csv | data\discovery\review-universe-v5\manual-review.csv
REVIEW,plausible_giftcard_but_needs_human_check,chicgreekgifts.com,Gift Cards,https://chicgreekgifts.com/en/13-gift-cards,Gift Cards,100,5,... Decor · For Her · Sustainable · Ariadnes Thread Eco Series · For Him · Corporate ... We can send your gift card/voucher on any date within the next three months.,data\discovery\mass-harvest-v5\clean-v5.2\global-review.csv | data\discovery\mass-harvest-v5\clean-v5.3\global-review.csv | data\discovery\mass-harvest-v5\clean-v5.4\review.csv | data\discovery\mass-harvest-v5\clean-v5.5\review.csv | data\discovery\mega-harvest-v6\clean-v6\review.csv | data\discovery\review-universe-v1\still-review.csv | data\discovery\review-universe-v5\global-greece-review.csv
REVIEW,plausible_giftcard_but_needs_human_check,chigee.com,CHIGEE Gift Card - Perfect for Motorcycle Lovers,https://www.chigee.com/products/chigee-gift-card?srsltid=AfmBOorC8ibdYXNMypJe88HNd7FBy7oa8PJJDF6361rCLSm51mJHlp-n,CHIGEE Gift Card - Perfect for Motorcycle Lovers,100,5,"A Chigee gift card lets them hand-pick the premium motorcycle parts, accessories and gear they truly want. Our gift cards are emailed instantly and come ...",data\discovery\mass-harvest-v5\clean-v5.2\global-review.csv | data\discovery\mass-harvest-v5\clean-v5.3\global-review.csv | data\discovery\mass-harvest-v5\clean-v5.4\review.csv | data\discovery\mass-harvest-v5\clean-v5.5\review.csv | data\discovery\mega-harvest-v6\clean-v6\review.csv | data\discovery\review-universe-v2\manual-review.csv
REVIEW,plausible_giftcard_but_needs_human_check,choosekos.com,Gift Card,https://choosekos.com/products/gift-card?srsltid=AfmBOordfW0bOgfXYgqL_YM4QUtg0PcJwdZ_EvDpxWTdSq4gWFLtbbAH,Gift Card,100,3,"... Gift Card. No reviews. Choose KOS. $10.00. Denominations. $10.00, $25.00, $50.00, $100.00. $10.00 - $10.00, $25.00 - $25.00, $50.00 - ...",data\discovery\mass-harvest-v5\clean-v5.3\greece-market-review.csv | data\discovery\mass-harvest-v5\clean-v5.4\review.csv | data\discovery\mass-harvest-v5\clean-v5.5\review.csv | data\discovery\review-universe-v1\still-review.csv | data\discovery\review-universe-v5\manual-review.csv
REVIEW,plausible_giftcard_but_needs_human_check,choramykonos.com,Com,https://choramykonos.com/products/gift-card?srsltid=AfmBOophPOxo2iHOYxJfeA6c7nW-v9UCR5edTluHM5iINMzYYG76RI52,GIFT CARD,100,5,"Whether it's for a special occasion or just to show someone you care, our gift cards allow your loved ones to choose their favorite pieces from our exquisite ...",data\discovery\focused-harvest-v7-run1-backup\clean-v7\review.csv | data\discovery\mass-harvest-v5\clean-v5.2\global-review.csv | data\discovery\mass-harvest-v5\clean-v5.3\global-review.csv | data\discovery\mass-harvest-v5\clean-v5.4\review.csv | data\discovery\mass-harvest-v5\clean-v5.5\review.csv | data\discovery\review-universe-v1\still-review.csv | data\discovery\review-universe-v5\manual-review.csv
REVIEW,plausible_giftcard_but_needs_human_check,ciaraphotography.com,Gift Cards - Kerry Wedding & Event Photographer,https://www.ciaraphotography.com/gift-cards/,Gift Cards - Kerry Wedding & Event Photographer,100,5,"... photography tuition from beginners to intermediate level, to festive family ... Date you would like the Recipient to receive the emailed gift voucher.",data\discovery\mass-harvest-v5\clean-v5.2\global-review.csv | data\discovery\mass-harvest-v5\clean-v5.3\global-review.csv | data\discovery\mass-harvest-v5\clean-v5.4\review.csv | data\discovery\mass-harvest-v5\clean-v5.5\review.csv | data\discovery\mega-harvest-v6\clean-v6\review.csv | data\discovery\review-universe-v1\still-review.csv | data\discovery\review-universe-v5\manual-review.csv
REVIEW,plausible_giftcard_but_needs_human_check,cigarfashion.gr,Αγοράστε μία Δωροεπιταγή,https://www.cigarfashion.gr/index.php?route,Αγοράστε μία Δωροεπιταγή,85,2,Αυτή η δωροεπιταγή θα αποσταλεί μέ e-mail στον παραλήπτη αφού ολοκληρωθεί ή πληρωμή σας. ... CIGAR FASHION © 2026. Κατασκευή Eshop Κατασκευή Eshop.,data\discovery\focused-harvest-v7\clean-v7\review.csv | data\discovery\focused-harvest-v7-run1-backup\clean-v7\review.csv | data\discovery\review-universe-v1\still-review.csv | data\discovery\review-universe-v4-1\manual-review.csv
REVIEW,plausible_giftcard_but_needs_human_check,cinobo.com,What is Cinobo Gift Card and what does it offer?,https://cinobo.com/en/help/cinobo-gift-card/what-is-cinobo-gift-card-and-what-does-it-offer,What is Cinobo Gift Card and what does it offer?,100,4,Cinobo Gift Card is a digital gift card that you can purchase as a gift ... Access to the biggest community of cinema lovers in Greece where you get to ...,data\discovery\mass-harvest-v5\clean-v5.3\greece-market-review.csv | data\discovery\mass-harvest-v5\clean-v5.4\review.csv | data\discovery\mass-harvest-v5\clean-v5.5\review.csv | data\discovery\mega-harvest-v6\clean-v6\review.csv | data\discovery\review-universe-v3\manual-review.csv
REVIEW,plausible_giftcard_but_needs_human_check,cinque.gr,Cinque,https://cinque.gr,Cinque Experience Gift Card €100,,1,"StrictBucket=HIGH_SAFE | StrictScore=70 | StrictReasons=STRONG_GIFT_TITLE | PURCHASE_SIGNAL | GREEK_DOMAIN | MULTI_QUERY | OriginalQualityScore=70 | Queries=site:.gr bar ""gift card"" | site:.gr κρασί ""gift card"" | ""gift card"" Greece restaurant | Auto-imported to DISCOVERED only; still requires normal verification before production.",DB:DISCOVERED:cmt9x4k2f0077t0iy0bzlm3dx
REVIEW,plausible_giftcard_but_needs_human_check,circa.co.nz,"Gift vouchers make the perfect present, giving your loved ...",https://www.circa.co.nz/package/circa-theatre-present-ideas/,"Gift vouchers make the perfect present, giving your loved ...",85,6,Circa Theatre Gift Vouchers can be used to purchase tickets to any of ... Click here to buy a gift voucher. We have upcycled old show billboard canvas ...,data\discovery\mass-harvest-v5\clean-v5.1\review.csv | data\discovery\mass-harvest-v5\clean-v5.2\manual-review.csv | data\discovery\mass-harvest-v5\clean-v5.3\global-review.csv | data\discovery\mass-harvest-v5\clean-v5.4\review.csv | data\discovery\mass-harvest-v5\clean-v5.5\review.csv | data\discovery\mega-harvest-v6\clean-v6\review.csv | data\discovery\review-universe-v1\still-review.csv | data\discovery\review-universe-v5\manual-review.csv
REVIEW,plausible_giftcard_but_needs_human_check,cityexperiences.com,Gift Cards - City Experiences | City Cruises | Walks,https://www.cityexperiences.com/el/gift-cards/,Gift Cards - City Experiences | City Cruises | Walks,100,4,"To purchase a Gift Card for our City Cruises UK products in GBP, please visit here. ... Ferry & Transportation. City Ferry Logo. Facebook · Instagram · Twitter ...",data\discovery\mass-harvest-v5\clean-v5.3\greece-market-review.csv | data\discovery\mass-harvest-v5\clean-v5.4\review.csv | data\discovery\mass-harvest-v5\clean-v5.5\review.csv | data\discovery\mega-harvest-v6\clean-v6\review.csv | data\discovery\review-universe-v2\manual-review.csv
REVIEW,plausible_giftcard_but_needs_human_check,classbento.com.au,Fun experience gift cards,https://classbento.com.au/workshop-experience-gift-cards?srsltid=AfmBOoqBqWOq3ZjVRwMVtLitGVlwAN58bDpHaJm2Y1LeMgcQJOMU0fTv,Fun experience gift cards,100,2,"Location Rhodes / Mobile ... Wine tasting experiences, mixology workshops and cheese making classes also make wonderful experience gift voucher ideas for those ...",data\discovery\focused-harvest-v7\clean-v7\review.csv | data\discovery\focused-harvest-v7-run1-backup\clean-v7\review.csv | data\discovery\review-universe-v1\still-review.csv | data\discovery\review-universe-v5-1\manual-review.csv
REVIEW,plausible_giftcard_but_needs_human_check,cliphut.eu,Gift voucher,https://cliphut.eu/en/products/geschenkgutschein?srsltid=AfmBOorgs2mTqgzu8d14aRafPHIzjx7EjXe8JaPvg2ciPIL1v57lw3Bu,Gift voucher,80,1,"Then give a ClipHut gift voucher. With a ClipHut voucher, you not only give the gift of lasting joy, but also contribute to the 'Fighting Fast Furniture' ...",data\discovery\mega-harvest-v6\clean-v6\review.csv | data\discovery\review-universe-v1\still-review.csv | data\discovery\review-universe-v4\still-review.csv
REVIEW,plausible_giftcard_but_needs_human_check,cloudblvd.com.au,Lingerie Gift Voucher - Women's Underwear Gift Cards ...,https://cloudblvd.com.au/products/online-gift-voucher?srsltid=AfmBOoq_eovbimxTscMvdMKUK7aLXJRRxJRcTwriWdrse58gHinY3P0g,Lingerie Gift Voucher - Women's Underwear Gift Cards ...,100,5,"Give the gift of luxury with Cloud Blvd's Lingerie Gift Voucher. Valid for 3 years, redeem online or in-store, and delivered instantly via email.",data\discovery\mass-harvest-v5\clean-v5.2\global-review.csv | data\discovery\mass-harvest-v5\clean-v5.3\global-review.csv | data\discovery\mass-harvest-v5\clean-v5.4\review.csv | data\discovery\mass-harvest-v5\clean-v5.5\review.csv | data\discovery\mega-harvest-v6\clean-v6\review.csv | data\discovery\review-universe-v1\still-review.csv | data\discovery\review-universe-v5\manual-review.csv
REVIEW,plausible_giftcard_but_needs_human_check,coco-mat.com,Com,https://www.coco-mat.com/greece/en/product/gift-card,Gift Card,100,6,Gift Card 200€ - Purchase cost 160€; Gift Card 400€ - Purchase cost 320€; Gift Card 500€ - Purchase cost 400€. €40.00.,data\discovery\focused-harvest-v7\clean-v7\review.csv | data\discovery\focused-harvest-v7-run1-backup\clean-v7\review.csv | data\discovery\mass-harvest-v5\clean-v5.3\greece-market-review.csv | data\discovery\mass-harvest-v5\clean-v5.4\review.csv | data\discovery\mass-harvest-v5\clean-v5.5\review.csv | data\discovery\mega-harvest-v6\clean-v6\review.csv | data\discovery\review-universe-v1\still-review.csv | data\discovery\review-universe-v5-1\manual-review.csv
REVIEW,plausible_giftcard_but_needs_human_check,coconutkids.gr,Προσωποποιημένες Δωροκάρτες,https://coconutkids.gr/de/%CF%80%CF%81%CE%BF%CF%83%CF%89%CF%80%CE%BF%CF%80%CE%BF%CE%B9%CE%B7%CE%BC%CE%AD%CE%BD%CE%B5%CF%82-%CE%B4%CF%89%CF%81%CE%BF%CE%BA%CE%AC%CF%81%CF%84%CE%B5%CF%82/?srsltid=AfmBOoovPEvAy1kzevdLC7PQn16H97_kczc0q4Jxfy4dqQrvKVd4Ykkq,Προσωποποιημένες Δωροκάρτες,80,1,Δωροκάρτα Coconut Baby Boy με προσωποποιημένο μήνυμα. €50.00 – €200.00 ... Δωροκάρτα Coconut Baby Girl με προσωποποιημένο μήνυμα. €50.00 – €200.00 ...,data\discovery\mega-harvest-v6\clean-v6\review.csv | data\discovery\review-universe-v1\still-review.csv | data\discovery\review-universe-v4-1\manual-review.csv
REVIEW,plausible_giftcard_but_needs_human_check,coincards.com,Global Hotel Card Online Gift Card (Electronic Delivery) ...,https://coincards.com/eu/product/global-hotel-card-online-gift-card-electronic-delivery-greece/,Global Hotel Card Online Gift Card (Electronic Delivery) ...,100,1,Global Hotel Card Online Gift Card (Electronic Delivery) (Greece). Redeemable in: Greece. Brand: Global Hotel Card Website: https://www.globalhotelcard.com/ ...,data\discovery\mass-harvest-v5\clean-v5.5\review.csv
REVIEW,plausible_giftcard_but_needs_human_check,coingate.com,Top 10 Gift Cards in Italia: Idee Regalo - CoinGate,https://coingate.com/gift-cards/articles/article/top-10-gift-cards-in-italia?srsltid=AfmBOorFdAX6h3G5PGZYIYvn4LVsYgmqLtz7hUpoI7YDwyem992rqdEo,Top 10 Gift Cards in Italia: Idee Regalo - CoinGate,100,1,"The Italo gift card is a convenient prepaid card that can be used to book train tickets for Italy's high-speed Italo trains, offering flexible ...",data\discovery\mass-harvest-v5\clean-v5.4\review.csv | data\discovery\mass-harvest-v5\clean-v5.5\review.csv
REVIEW,plausible_giftcard_but_needs_human_check,cokkinishotel.com,Δωροκάρτα,https://www.cokkinishotel.com/gr/kinetta-attica-Special-Offers-gift-card/,Δωροκάρτα,100,1,Δωροκάρτα · Δωροκάρτα · Δωροκάρτα · Δωροκάρτα · Δωροκάρτα · Δωροκάρτα · Δωροκάρτα · Δωροκάρτα · Hotel Cokkinis ...,data\discovery\mega-harvest-v6\clean-v6\review.csv | data\discovery\review-universe-v1\still-review.csv | data\discovery\review-universe-v5\manual-review.csv
REVIEW,plausible_giftcard_but_needs_human_check,colnect.com,Greece : Gift Cards [Theme: Furniture | Year: 2007],https://colnect.com/en/gift_cards/list/country/84-Greece/theme/2986-Furniture/year/2007,Greece : Gift Cards [Theme: Furniture | Year: 2007],100,1,"Greece : Gift Cards [Theme: Furniture | Year: 2007] : Colnect . Buy ... Gift Card catalog › Gift Cards (Theme: Furniture, Year: 2007). Switch to list ...",data\discovery\mass-harvest-v5\clean-v5.5\review.csv
REVIEW,plausible_giftcard_but_needs_human_check,congusto.com,Gift Card,https://www.congusto.com/en/collections/gift-card?srsltid=AfmBOopc-OgZFOBDVoes-nVXOD-x2OWJffyUFvZ0klrcvS3Ya_24AazD,Gift Card,100,4,"... Greece (EUR €), Hungary (HUF Ft), Ireland (EUR ... COURSES. Professional courses · Master · International Programs · Enthusiasts courses · Gift Cards · Team ...",data\discovery\mass-harvest-v5\clean-v5.3\greece-market-review.csv | data\discovery\mass-harvest-v5\clean-v5.4\review.csv | data\discovery\mass-harvest-v5\clean-v5.5\review.csv | data\discovery\mega-harvest-v6\clean-v6\review.csv | data\discovery\review-universe-v1\still-review.csv | data\discovery\review-universe-v5-1\manual-review.csv
REVIEW,plausible_giftcard_but_needs_human_check,connections.be,Order now your Gift Card | Connections.be,https://www.connections.be/en/gift-card,Order now your Gift Card | Connections.be,100,4,The gift voucher can be redeemed in our Connections travel shops (not online). ... Meet the Connections crew in our Travel Shops located all over Belgium. All ...,data\discovery\mass-harvest-v5\clean-v5.2\global-review.csv | data\discovery\mass-harvest-v5\clean-v5.3\global-review.csv | data\discovery\mass-harvest-v5\clean-v5.4\review.csv | data\discovery\mass-harvest-v5\clean-v5.5\review.csv | data\discovery\review-universe-v2\manual-review.csv
REVIEW,plausible_giftcard_but_needs_human_check,connollybooks.org,Connolly Books Gift Voucher,https://www.connollybooks.org/product/gift-voucher,Connolly Books Gift Voucher,100,5,... Connolly Books Gift Voucher. Product Code: Gift-Voucher. Rating: Be the first to write a review. Weight: 5.0g. Product Condition: New. With a ...,data\discovery\mass-harvest-v5\clean-v5.2\global-review.csv | data\discovery\mass-harvest-v5\clean-v5.3\global-review.csv | data\discovery\mass-harvest-v5\clean-v5.4\review.csv | data\discovery\mass-harvest-v5\clean-v5.5\review.csv | data\discovery\mega-harvest-v6\clean-v6\review.csv | data\discovery\review-universe-v2\manual-review.csv
REVIEW,plausible_giftcard_but_needs_human_check,contiki.com,Travel Gift Card | Holiday Gift Voucher | Contiki EU,https://www.contiki.com/en-eu/resources/travel-gift-card,Travel Gift Card | Holiday Gift Voucher | Contiki EU,100,4,Want to give a Contiki travel gift card to a special person with a long list of travel dreams ... Caribbean Netherlands (+599). Cayman Islands (+1). Central ...,data\discovery\mass-harvest-v5\clean-v5.2\global-review.csv | data\discovery\mass-harvest-v5\clean-v5.3\global-review.csv | data\discovery\mass-harvest-v5\clean-v5.4\review.csv | data\discovery\mass-harvest-v5\clean-v5.5\review.csv | data\discovery\review-universe-v2\global-brand-review.csv
REVIEW,plausible_giftcard_but_needs_human_check,coolkidsstickerco.com,Gift Vouchers | Removable Wall Decals & Kids Room Decor,https://coolkidsstickerco.com/en-it/products/cool-kids-co-gift-voucher,Gift Vouchers | Removable Wall Decals & Kids Room Decor,100,5,"Give a Cool Kids Co. gift card so they can choose their own wall panels, decals or room decor. Delivered instantly by email, straight to their inbox.",data\discovery\mass-harvest-v5\clean-v5.2\global-review.csv | data\discovery\mass-harvest-v5\clean-v5.3\global-review.csv | data\discovery\mass-harvest-v5\clean-v5.4\review.csv | data\discovery\mass-harvest-v5\clean-v5.5\review.csv | data\discovery\mega-harvest-v6\clean-v6\review.csv | data\discovery\review-universe-v1\still-review.csv | data\discovery\review-universe-v5\manual-review.csv
REVIEW,plausible_giftcard_but_needs_human_check,cooptravelcy.com,GIFT VOUCHER,https://cooptravelcy.com/gift-voucher/,GIFT VOUCHER,100,4,GIFT VOUCHER. Facebook-f Twitter Instagram ... Cyprus Maps · – Cyprus Weather · – Larnaca Airport · – Paphos Airport · – Church of ...,data\discovery\mass-harvest-v5\clean-v5.2\global-review.csv | data\discovery\mass-harvest-v5\clean-v5.3\global-review.csv | data\discovery\mass-harvest-v5\clean-v5.4\review.csv | data\discovery\mass-harvest-v5\clean-v5.5\review.csv | data\discovery\review-universe-v1\still-review.csv | data\discovery\review-universe-v5\manual-review.csv
REVIEW,plausible_giftcard_but_needs_human_check,copenhagenisland.com,Purchase a gift card for a hotel stay in Copenhagen or ...,https://www.copenhagenisland.com/prices/gift-certificate,Purchase a gift card for a hotel stay in Copenhagen or ...,80,5,"Gift card for a hotel stay. Give a gift card for a hotel stay. Looking for the ... 1560 Copenhagen, Denmark (+45) 3338 9600 copenhagenisland@arp-hansen.dk ...",data\discovery\mass-harvest-v5\clean-v5.1\review.csv | data\discovery\mass-harvest-v5\clean-v5.2\manual-review.csv | data\discovery\mass-harvest-v5\clean-v5.3\global-review.csv | data\discovery\mass-harvest-v5\clean-v5.4\review.csv | data\discovery\mass-harvest-v5\clean-v5.5\review.csv | data\discovery\review-universe-v1\still-review.csv | data\discovery\review-universe-v5\manual-review.csv
REVIEW,plausible_giftcard_but_needs_human_check,corfuland.gr,Κερδίστε δωροεπιταγή αξίας 100€ από τα Οπτικά Μαριλένα ...,https://www.corfuland.gr/el/diagonismoi/kerkyra/diagonismoi/kerdiste-doroepitagi-aksias-100-apo-ta-optika-marilena-chondrogianni.html,Κερδίστε δωροεπιταγή αξίας 100€ από τα Οπτικά Μαριλένα ...,80,1,Κερδίστε δωροεπιταγή αξίας 100€ από τα Οπτικά Μαριλένα Χονδρογιάννη ... Optics · eos-villas · Metallinos 07062018. Previous Next Play Pause ...,data\discovery\focused-harvest-v7\clean-v7\review.csv | data\discovery\review-universe-v1\still-review.csv | data\discovery\review-universe-v4-1\manual-review.csv
REVIEW,plausible_giftcard_but_needs_human_check,corporate.wolt.com,Celebrate Employees with Gift Cards | Wolt for Work,https://corporate.wolt.com/pages/en/aut/wolt-for-work/gift-cards,Celebrate Employees with Gift Cards | Wolt for Work,100,1,The Wolt gift card lets your employees order from thousands of businesses ... Austria; English; Theme; Cookies. Accessibility Statement · User Terms of ...,data\discovery\mass-harvest-v5\clean-v5.2\global-review.csv | data\discovery\mass-harvest-v5\clean-v5.3\global-review.csv | data\discovery\mass-harvest-v5\clean-v5.4\review.csv | data\discovery\mass-harvest-v5\clean-v5.5\review.csv
REVIEW,plausible_giftcard_but_needs_human_check,cosmossport.cy,Gift Cards & eGiftcards,https://www.cosmossport.cy/en/content/239-giftcards-cosmos-sport,Gift Cards & eGiftcards,100,4,"... Cyprus. -Is it possible to apply an Online Gift Card over and above a ... The Online Gift Card cannot be returned, you can use the Electronic Gift Card ...",data\discovery\mass-harvest-v5\clean-v5.2\global-review.csv | data\discovery\mass-harvest-v5\clean-v5.3\global-review.csv | data\discovery\mass-harvest-v5\clean-v5.4\review.csv | data\discovery\mass-harvest-v5\clean-v5.5\review.csv | data\discovery\review-universe-v1\still-review.csv | data\discovery\review-universe-v5\manual-review.csv
REVIEW,plausible_giftcard_but_needs_human_check,cosycottagesoap.co.uk,Cosy Cottage 'Choose Your Own Gift' E-Voucher,https://www.cosycottagesoap.co.uk/products/cosy-cottage-choose-your-own-gift-voucher?srsltid=AfmBOoqmBKzUEkZ2qIOKYzvpM36xomg1rANneIfBXbTlrBF0_l0S2lro,Cosy Cottage 'Choose Your Own Gift' E-Voucher,55,1,"Choose thoughtful, ethical birthday, womens', mens' or childrens' gifts with an e-gift voucher from Cosy Cottage from only £ ... Natural Haircare ...",data\discovery\mega-harvest-v6\clean-v6\review.csv | data\discovery\review-universe-v1\still-review.csv | data\discovery\review-universe-v5\manual-review.csv
REVIEW,plausible_giftcard_but_needs_human_check,cottonandcrete.com,Cotton and Crete E,https://cottonandcrete.com/products/cotton-and-crete-gift-card?srsltid=AfmBOoo63n9G2MGKmnszAgfgakrjxoRCHmdmLgZKvlLCLcrKaSjsOrIx,Cotton and Crete E-Gift Card,70,6,"Jewelry · Hair Jewelry · Gifts For Little One · Purses, Handbags, & Totes ... Cotton and Crete E ...",data\discovery\focused-harvest-v7\clean-v7\review.csv | data\discovery\focused-harvest-v7-run1-backup\clean-v7\review.csv | data\discovery\mass-harvest-v5\clean-v5.3\greece-market-review.csv | data\discovery\mass-harvest-v5\clean-v5.4\review.csv | data\discovery\mass-harvest-v5\clean-v5.5\review.csv | data\discovery\mega-harvest-v6\clean-v6\review.csv | data\discovery\review-universe-v3\manual-review.csv
REVIEW,plausible_giftcard_but_needs_human_check,creedboutique.com,Creedboutique,https://creedboutique.com/products/e-gift-card?srsltid=AfmBOoo3qXP6SLLzDXP_dESBbEkLBCVVrj9M5NenK0LOA645W0ZBgPMt,E-Gift Card | Luxury Fragrance Gift Voucher,65,6,"With Creed fragrances the finished perfume will always follow the same identical formula, but also breathe out an individual signature, just as a precious wine ...",data\discovery\mass-harvest-v5\clean-v5.1\review.csv | data\discovery\mass-harvest-v5\clean-v5.2\manual-review.csv | data\discovery\mass-harvest-v5\clean-v5.3\global-review.csv | data\discovery\mass-harvest-v5\clean-v5.4\review.csv | data\discovery\mass-harvest-v5\clean-v5.5\review.csv | data\discovery\mega-harvest-v6\clean-v6\review.csv | data\discovery\review-universe-v2\manual-review.csv
REVIEW,plausible_giftcard_but_needs_human_check,cruisecritic.com,Cruise E,https://www.cruisecritic.com/articles/5-lines-that-make-gift-giving-easy-with-cruise-gift-cards,Cruise E-Gift Cards: Should You Buy Them?,100,1,"The e-gift card can be used towards the payment of the cruise reservation (deposit and final payment), as well as any additional pre-booked ...",data\discovery\mega-harvest-v6\clean-v6\review.csv | data\discovery\review-universe-v1\still-review.csv | data\discovery\review-universe-v5\manual-review.csv
REVIEW,plausible_giftcard_but_needs_human_check,csqworld.com,Gift Cards Gain Popularity in Spain as Consumers ...,https://www.csqworld.com/gift-cards-gain-popularity-in-spain-as-consumers-embrace-flexible-gifting-and-digital-convenience/,Gift Cards Gain Popularity in Spain as Consumers ...,100,1,"Retailers like El Corte Inglés, Amazon.es, and ... gift card sales—solidifying their role as a key component in modern retail strategies across Spain.",data\discovery\mass-harvest-v5\clean-v5.2\global-review.csv | data\discovery\mass-harvest-v5\clean-v5.3\global-review.csv | data\discovery\mass-harvest-v5\clean-v5.5\review.csv
REVIEW,plausible_giftcard_but_needs_human_check,css.lighthouse.gr,Nakas Music Δωροκάρτα 300€ – Lighthouse Comparison Shopping,https://css.lighthouse.gr/product/nakas-music-%CE%B4%CF%89%CF%81%CE%BF%CE%BA%CE%AC%CF%81%CF%84%CE%B1-300e/,Nakas Music Δωροκάρτα 300€ – Lighthouse Comparison Shopping,85,1,"Nakas Music Δωροκάρτα 300€. 300,00 €. Nakas Music Δωροκάρτα 300€. Shop Now. SKU: 824822. Category: Δωροκάρτες, ΠΡΟΙΟΝΤΑ. Description; Additional information ...",data\discovery\mass-harvest-v5\clean-v5.1\review.csv | data\discovery\mass-harvest-v5\clean-v5.2\manual-review.csv | data\discovery\mass-harvest-v5\clean-v5.3\global-review.csv | data\discovery\mass-harvest-v5\clean-v5.4\review.csv | data\discovery\mass-harvest-v5\clean-v5.5\review.csv
REVIEW,plausible_giftcard_but_needs_human_check,cultival.fr,Offering a cultural tour: the Cultival gift voucher,https://www.cultival.fr/en_GB/taxons/indiv/cultival-discover-the-cultival-gift-range?srsltid=AfmBOoqy_b1xBLmvHjV4JvFxVxrn_t6uAkwjIqI22bHnmoa7ROgumwzp,Offering a cultural tour: the Cultival gift voucher,80,5,Gift Voucher Gift voucher for Clairefontaine. French National Football ... Gift Voucher Stade de France gift voucher. Stade de France · passages-couverts ...,data\discovery\mass-harvest-v5\clean-v5.1\review.csv | data\discovery\mass-harvest-v5\clean-v5.2\manual-review.csv | data\discovery\mass-harvest-v5\clean-v5.3\global-review.csv | data\discovery\mass-harvest-v5\clean-v5.4\review.csv | data\discovery\mass-harvest-v5\clean-v5.5\review.csv | data\discovery\review-universe-v2\manual-review.csv
REVIEW,plausible_giftcard_but_needs_human_check,cysend.com,Buy Protect Marine Area Gift Card Gift Card in Greece online securely,https://www.cysend.com/product-page/31761,Buy Protect Marine Area Gift Card Gift Card in Greece online securely,85,6,Support Greek marine conservation with our Protect Marine Area Gift Card. Give the gift of sustainability and contribute to safeguarding Greece's precious ...,data\discovery\mass-harvest-v5\clean-v5.1\review.csv | data\discovery\mass-harvest-v5\clean-v5.2\manual-review.csv | data\discovery\mass-harvest-v5\clean-v5.3\global-review.csv | data\discovery\mass-harvest-v5\clean-v5.4\review.csv | data\discovery\mass-harvest-v5\clean-v5.5\review.csv | data\discovery\mega-harvest-v6\clean-v6\review.csv | data\discovery\review-universe-v1\still-review.csv | data\discovery\review-universe-v5-1\manual-review.csv
REVIEW,plausible_giftcard_but_needs_human_check,dacinzia.be,Da Cinzia Gift Card | Women's Fashion Belgium - Perfect Gift,https://www.dacinzia.be/en/products/offrez-une-carte-cadeau-da-cinzia-mode-tendance-style-feminin?srsltid=AfmBOorihSKV0vxpSRP7gA7prs_GcvSsOhUiNybRUwarcfnXMKZxxuE5,Da Cinzia Gift Card | Women's Fashion Belgium - Perfect Gift,80,5,"Da Cinzia Gift Card | Trendy & Elegant Women's Fashion. Da Cinzia Gift Card ... Be sure to please with Da Cinzia, your women's fashion boutique in Belgium.",data\discovery\mass-harvest-v5\clean-v5.1\review.csv | data\discovery\mass-harvest-v5\clean-v5.2\manual-review.csv | data\discovery\mass-harvest-v5\clean-v5.3\global-review.csv | data\discovery\mass-harvest-v5\clean-v5.4\review.csv | data\discovery\mass-harvest-v5\clean-v5.5\review.csv | data\discovery\review-universe-v2\manual-review.csv
REVIEW,plausible_giftcard_but_needs_human_check,daimonbarber.com,Gift Card,https://www.daimonbarber.com/products/gift-card?srsltid=AfmBOorRSFrTZ1RKpuLYjpXdHpyc769MFvweF6lCWx9O4COTtRnBjslT,Gift Card,100,1,Give them the gift of choice with a Daimon Barber gift card. Gift cards are delivered by email and contain instructions to redeem them at checkout. Our gift ...,data\discovery\mega-harvest-v6\clean-v6\review.csv | data\discovery\review-universe-v1\still-review.csv | data\discovery\review-universe-v5\manual-review.csv
REVIEW,plausible_giftcard_but_needs_human_check,dandolighting.com,D&O Lighting Gift Card,https://www.dandolighting.com/products/d-o-lighting-gift-card?srsltid=AfmBOor1bJydVUe3eez3-s5poQfTc0M7EXuWg4EGZOqq07-8E2aS0L32,D&O Lighting Gift Card,100,1,"... lighting for their film projects, take advantage of our many gift card options. ... Greece, Greenland (Denmark), Grenada, Guadeloupe, Guam, Ghana, Guatemala ...",data\discovery\mega-harvest-v6\clean-v6\review.csv | data\discovery\review-universe-v1\still-review.csv | data\discovery\review-universe-v5-1\manual-review.csv
REVIEW,plausible_giftcard_but_needs_human_check,danske-hoteller.dk,GIVE A GIFT CARD,https://www.danske-hoteller.dk/en/gavekort/,GIVE A GIFT CARD,80,5,"Danske Hoteller A/S' gift card is valid for all of the group's 27 hotels and inns throughout Denmark, giving you the opportunity to explore the region or city ...",data\discovery\mass-harvest-v5\clean-v5.1\review.csv | data\discovery\mass-harvest-v5\clean-v5.2\manual-review.csv | data\discovery\mass-harvest-v5\clean-v5.3\global-review.csv | data\discovery\mass-harvest-v5\clean-v5.4\review.csv | data\discovery\mass-harvest-v5\clean-v5.5\review.csv | data\discovery\review-universe-v1\still-review.csv | data\discovery\review-universe-v5\manual-review.csv
REVIEW,plausible_giftcard_but_needs_human_check,dantemen.com,Gift Cards,https://dantemen.com/collections/gift-card?srsltid=AfmBOoqri6v9Orw84ul7ldNqhv3n7y23A-oVPvO5kJE_2astMhSEh-8C,Gift Cards,100,1,"Shopping for someone else but not sure what to give for?Give them the gift of choice with a Dante gift card ... Chalandri, Aristeidou 46A, 15 234, Phone ...",data\discovery\mega-harvest-v6\clean-v6\review.csv | data\discovery\review-universe-v1\still-review.csv | data\discovery\review-universe-v5\manual-review.csv
REVIEW,plausible_giftcard_but_needs_human_check,daphnes-greekcafe.com,Daphne's Greek Cafe Gift Cards,https://daphnes-greekcafe.com/gift-cards/check,Daphne's Greek Cafe Gift Cards,100,4,Buy Daphne's Greek Cafe gift cards online. The perfect gift for any occasion. Send a gift card instantly to family or friends.,data\discovery\mass-harvest-v5\clean-v5.3\greece-market-review.csv | data\discovery\mass-harvest-v5\clean-v5.4\review.csv | data\discovery\mass-harvest-v5\clean-v5.5\review.csv | data\discovery\mega-harvest-v6\clean-v6\review.csv | data\discovery\review-universe-v3\manual-review.csv
REVIEW,plausible_giftcard_but_needs_human_check,databridgemarketresearch.com,Europe Gift Card Market – Industry Trends and Forecast to ...,https://www.databridgemarketresearch.com/reports/europe-gift-card-market?srsltid=AfmBOoo2DhtOObjMUnmq-NSIw3vVhMZnaiLNWhRwzSUSqhzgKP02KKVX,Europe Gift Card Market – Industry Trends and Forecast to ...,100,4,"The Europe Gift Card market was valued at USD 256857.19 Million in 2022 and is expected to reach USD 896605.19 Million by 2030, growing at a CAGR of 17.20% ...",data\discovery\mass-harvest-v5\clean-v5.2\global-review.csv | data\discovery\mass-harvest-v5\clean-v5.3\global-review.csv | data\discovery\mass-harvest-v5\clean-v5.4\review.csv | data\discovery\mass-harvest-v5\clean-v5.5\review.csv | data\discovery\review-universe-v1\still-review.csv
REVIEW,plausible_giftcard_but_needs_human_check,davosoutdoor.gr,Αγοράστε μία Δωροεπιταγή,https://davosoutdoor.gr/index.php?route,Αγοράστε μία Δωροεπιταγή,85,8,Η ηλεκτρονική δωροκάρτα δεν εξαργυρώνεται με μετρητά. Η Davos Outdoor δεν ευθύνεται σε καμία περίπτωση για την απώλεια ή την κλοπή της ηλεκτρονικής δωροκάρτας.,data\discovery\focused-harvest-v7\clean-v7\review.csv | data\discovery\focused-harvest-v7-run1-backup\clean-v7\review.csv | data\discovery\mass-harvest-v5\clean-v5.1\review.csv | data\discovery\mass-harvest-v5\clean-v5.2\manual-review.csv | data\discovery\mass-harvest-v5\clean-v5.3\global-review.csv | data\discovery\mass-harvest-v5\clean-v5.4\review.csv | data\discovery\mass-harvest-v5\clean-v5.5\review.csv | data\discovery\mega-harvest-v6\clean-v6\review.csv | data\discovery\review-universe-v1\still-review.csv | data\discovery\review-universe-v4-1\manual-review.csv
REVIEW,plausible_giftcard_but_needs_human_check,daydreamevents.gr,Δωροκάρτα,https://daydreamevents.gr/%CE%B4%CF%89%CF%81%CE%BF%CE%BA%CE%AC%CF%81%CF%84%CE%B1?srsltid=AfmBOopa62DV3ntSlNx77_D8FbNEFlUxzK4oza7FsEtdIoMLaPcZBj8w,Δωροκάρτα,85,1,You have no items in your shopping cart. Σύνδεση · DayDream Events ... Δωροκάρτα. Ταξινόμηση ανά. Κορυφαίες επιλογές πρώτα ... © 2026 DayDream Events.,data\discovery\mega-harvest-v6\clean-v6\review.csv | data\discovery\review-universe-v1\still-review.csv | data\discovery\review-universe-v4-1\manual-review.csv
REVIEW,plausible_giftcard_but_needs_human_check,de.accor-giftcards.com,ALL Gift Card – Dive into the love of travel with Accor | Buy Now,https://de.accor-giftcards.com/,ALL Gift Card – Dive into the love of travel with Accor | Buy Now,100,4,"Switzerland (CHF), United Kingdom (GBP). Language. English. Confirm selection ... A gift card, a thousand experiences: stays, spas, dinners, and more! Give ...",data\discovery\mass-harvest-v5\clean-v5.2\global-review.csv | data\discovery\mass-harvest-v5\clean-v5.3\global-review.csv | data\discovery\mass-harvest-v5\clean-v5.4\review.csv | data\discovery\mass-harvest-v5\clean-v5.5\review.csv | data\discovery\review-universe-v1\still-review.csv | data\discovery\review-universe-v5\global-greece-review.csv
REVIEW,plausible_giftcard_but_needs_human_check,deanog.nl,Deanog Gift Card | Gift Voucher for Leather Bags & Accessories,https://www.deanog.nl/en/products/deanog-giftcard?srsltid=AfmBOorCRbCDdvhgvmxu6IsgyLMAWt6rkRX5sAqSagjgcCzuAsgaSQu4,Deanog Gift Card | Gift Voucher for Leather Bags & Accessories,70,6,"Give the Deanog Giftcard as a gift. A timeless gesture for handmade leather bags and accessories, freely redeemable in the webshop.",data\discovery\mass-harvest-v5\clean-v5.1\review.csv | data\discovery\mass-harvest-v5\clean-v5.2\manual-review.csv | data\discovery\mass-harvest-v5\clean-v5.3\global-review.csv | data\discovery\mass-harvest-v5\clean-v5.4\review.csv | data\discovery\mass-harvest-v5\clean-v5.5\review.csv | data\discovery\mega-harvest-v6\clean-v6\review.csv | data\discovery\review-universe-v2\manual-review.csv
REVIEW,plausible_giftcard_but_needs_human_check,decathlon.com.cy,Decathlon cyprus online gift card,https://decathlon.com.cy/products/gift-cards?srsltid=AfmBOor_aN1xotEP8NwOusLh8qxyYxSuFuIOvn7N-_WKs4RjZhZMKQEC,Decathlon cyprus online gift card,100,4,"Start shopping. Decathlon cyprus online gift card. Sale price€10,00. /. Add to cart. Home.",data\discovery\mass-harvest-v5\clean-v5.2\global-review.csv | data\discovery\mass-harvest-v5\clean-v5.3\global-review.csv | data\discovery\mass-harvest-v5\clean-v5.4\review.csv | data\discovery\mass-harvest-v5\clean-v5.5\review.csv | data\discovery\review-universe-v1\still-review.csv | data\discovery\review-universe-v5\global-greece-review.csv
REVIEW,plausible_giftcard_but_needs_human_check,decorofficial.com,Gift Cards,https://decorofficial.com/pages/gift-cards?srsltid=AfmBOop97NYSLqdvdStmsm-TaTuubabVE1cxlKmRWAd1QoiGMxVaqD-d,Gift Cards,100,5,Decor Gift Cards ... The perfect gift for any occasion! Christmas Gift Card - Holiday Shopping Certificate - DecorOfficial Anniversary Gift Card - Perfect ...,data\discovery\mass-harvest-v5\clean-v5.2\global-review.csv | data\discovery\mass-harvest-v5\clean-v5.3\global-review.csv | data\discovery\mass-harvest-v5\clean-v5.4\review.csv | data\discovery\mass-harvest-v5\clean-v5.5\review.csv | data\discovery\mega-harvest-v6\clean-v6\review.csv | data\discovery\review-universe-v1\still-review.csv | data\discovery\review-universe-v5\manual-review.csv
REVIEW,plausible_giftcard_but_needs_human_check,demes-economy.gr,Αγοράστε μία Δωροεπιταγή,https://demes-economy.gr/index.php?route,Αγοράστε μία Δωροεπιταγή,85,1,Watches · IPHONE (0) · SAMSUNG (0) · XIAOMI (0) · WATCH (0) · Εμφάνιση όλων Watches ... Αυτή η δωροεπιταγή θα αποσταλεί μέ e-mail στον παραλήπτη αφού ολοκληρωθεί ...,data\discovery\focused-harvest-v7-run1-backup\clean-v7\review.csv | data\discovery\review-universe-v1\still-review.csv | data\discovery\review-universe-v4-1\manual-review.csv
REVIEW,plausible_giftcard_but_needs_human_check,dentalhygienenation.com,Gift Card - Dental Hygiene Nation,https://www.dentalhygienenation.com/products/gift-card?srsltid=AfmBOooRl9HXCNQY9P8Hm5elJgCQhnbEbjAXDZGxlun6XSD5nmC03dFN,Gift Card - Dental Hygiene Nation,100,1,"Let them choose themselves with a Dental Hygiene Nation gift card! Our gift cards are delivered via email and can be redeemed at checkout. Oh, and did we ...",data\discovery\mega-harvest-v6\clean-v6\review.csv | data\discovery\review-universe-v2\manual-review.csv
REVIEW,plausible_giftcard_but_needs_human_check,derrylinoptical.com,Derrylin Optical Gift Voucher,https://www.derrylinoptical.com/products/derrylin-optical-gift-voucher?srsltid=AfmBOopxyEuAc8DnfYz-ZgOdMoW3Hol3ovfs6007mRQhMy3ewvKEg9OY,Derrylin Optical Gift Voucher,65,6,"A great gift idea for your friends and family who wear glasses, sunglasses or contact lenses.",data\discovery\mass-harvest-v5\clean-v5.1\review.csv | data\discovery\mass-harvest-v5\clean-v5.2\manual-review.csv | data\discovery\mass-harvest-v5\clean-v5.3\global-review.csv | data\discovery\mass-harvest-v5\clean-v5.4\review.csv | data\discovery\mass-harvest-v5\clean-v5.5\review.csv | data\discovery\mega-harvest-v6\clean-v6\review.csv | data\discovery\review-universe-v2\manual-review.csv
REVIEW,plausible_giftcard_but_needs_human_check,designerclothes.gr,Αγοράστε μία Δωροεπιταγή - Designer Clothes,https://designerclothes.gr/index.php?route,Αγοράστε μία Δωροεπιταγή - Designer Clothes,85,1,"Αυτή η δωροεπιταγή θα αποσταλεί μέ e-mail στον παραλήπτη αφού ... Copyright © 2021, Designer Clothes Fashion Store - Σχεδίαση και φιλοξενία AWE.gr.",data\discovery\focused-harvest-v7\clean-v7\review.csv | data\discovery\focused-harvest-v7-run1-backup\clean-v7\review.csv
REVIEW,plausible_giftcard_but_needs_human_check,designmuseumshop.com,Online Shop Gift Card,https://designmuseumshop.com/products/gift-card?srsltid=AfmBOopUM6OmkAR5YnlWR19hdIdQXdfURc48XHcVOr2KmjWmw1bsYJJL,Online Shop Gift Card,100,1,Take the stress and double guessing out of buying a present. Give the gift of great design every time with the Design Museum gift card. Available online only.,data\discovery\mega-harvest-v6\clean-v6\review.csv | data\discovery\review-universe-v1\still-review.csv | data\discovery\review-universe-v5\manual-review.csv
REVIEW,plausible_giftcard_but_needs_human_check,designnest.eu,Gift Card - DesignNest Europe Online Store,https://www.designnest.eu/products/gift-cards-from-10-100?srsltid=AfmBOor0dlUq3dZ0PsMady1PVg8u0r-_sNmvzAW9dizC_fjoQiNBabY-,Gift Card - DesignNest Europe Online Store,100,4,"In the email, you should receive our virtual gift card along with the code. | Step 2 |. Enjoy shopping at our DesignNest Europe Online Store! Add your wish ...",data\discovery\mass-harvest-v5\clean-v5.2\global-review.csv | data\discovery\mass-harvest-v5\clean-v5.3\global-review.csv | data\discovery\mass-harvest-v5\clean-v5.4\review.csv | data\discovery\mass-harvest-v5\clean-v5.5\review.csv | data\discovery\review-universe-v2\manual-review.csv
REVIEW,plausible_giftcard_but_needs_human_check,dexter.com.gr,Αγοράστε μία Δωροεπιταγή,https://www.dexter.com.gr/index.php?route,Αγοράστε μία Δωροεπιταγή,85,3,Αγοράστε μία Δωροεπιταγή. Αυτή η δωροεπιταγή θα αποσταλεί μέ e-mail στον παραλήπτη αφού ολοκληρωθεί ή πληρωμή σας. Όνομα παραλήπτη. E-mail παραλήπτη.,data\discovery\focused-harvest-v7\clean-v7\review.csv | data\discovery\focused-harvest-v7-run1-backup\clean-v7\review.csv | data\discovery\mega-harvest-v6\clean-v6\review.csv | data\discovery\review-universe-v1\still-review.csv | data\discovery\review-universe-v4-1\manual-review.csv
REVIEW,plausible_giftcard_but_needs_human_check,diespens.nl,Nl,https://www.diespens.nl/Gift-Voucher,Gift Voucher -,100,2,"Health, Beauty & Baby. Non Foods. Health, Beauty & Baby. Health & Beauty · Baby ... Gift Voucher. Die Spens Gift Vouchers can be redeemed both in store and ...",data\discovery\focused-harvest-v7\clean-v7\review.csv | data\discovery\focused-harvest-v7-run1-backup\clean-v7\review.csv | data\discovery\review-universe-v1\still-review.csv | data\discovery\review-universe-v5\manual-review.csv
REVIEW,plausible_giftcard_but_needs_human_check,diggecard.com,Diggecard's Joint Venture Creates Gift Card Hub In Ireland,https://diggecard.com/gift-card-hub-in-ireland/,Diggecard's Joint Venture Creates Gift Card Hub In Ireland,100,1,Diggecard partners with Unique Hampers to create gift card hub in Ireland and Europe ... Diggecard is delighted to announce a new strategic ...,data\discovery\mass-harvest-v5\clean-v5.2\global-review.csv | data\discovery\mass-harvest-v5\clean-v5.3\global-review.csv | data\discovery\mass-harvest-v5\clean-v5.4\review.csv | data\discovery\mass-harvest-v5\clean-v5.5\review.csv
REVIEW,plausible_giftcard_but_needs_human_check,digitale-vignette-online.cz,Vignette Gift Voucher,https://digitale-vignette-online.cz/en/shop/gift-voucher,Vignette Gift Voucher,100,4,"Get ready to explore the hidden treasures of the Czech Republic – with the Vignette Gift Voucher. Freedom, flexibility, and the pleasure of traveling await you!",data\discovery\mass-harvest-v5\clean-v5.2\global-review.csv | data\discovery\mass-harvest-v5\clean-v5.3\global-review.csv | data\discovery\mass-harvest-v5\clean-v5.4\review.csv | data\discovery\mass-harvest-v5\clean-v5.5\review.csv | data\discovery\review-universe-v1\still-review.csv | data\discovery\review-universe-v5\manual-review.csv
REVIEW,plausible_giftcard_but_needs_human_check,dimitragoula.gr,Dimitragoula,https://dimitragoula.gr,Printed Gift Card - Dimitra Goula,,1,"Wave2Bucket=HIGH_SAFE | Wave2Score=70 | Wave2Reasons=GIFT_TITLE | GREEK_DOMAIN | MULTI_QUERY | MULTI_HIT | Queries=site:.gr nail salon ""gift card"" | site:.gr cosmetics ""gift card"" | Imported to DISCOVERED only; requires verification before production.",DB:DISCOVERED:cmt9y18oj001apwiy6tsoznrn
REVIEW,plausible_giftcard_but_needs_human_check,dimitrasartglassstudio.com,"Dimitra's Art Glass Studio - Thessaloniki, Greece",https://dimitrasartglassstudio.com/giftcards.php?id=3,"Dimitra's Art Glass Studio - Thessaloniki, Greece",55,1,"Dimitra's Art Glass Studio - Thessaloniki, Greece. ... δωροκάρτα ποσού, δίνοντας στον παραλήπτη τη δυνατότητα να επιλέξει ο ίδιος ...",data\discovery\mega-harvest-v6\clean-v6\review.csv | data\discovery\review-universe-v3\manual-review.csv
REVIEW,plausible_giftcard_but_needs_human_check,dimosjewellery.com,Dimos Gift Card,https://www.dimosjewellery.com/product/gift-card/,Dimos Gift Card,70,7,Dimos Jewellery is one of the oldest representatives of Greek jewelry. Settled in the heart of Athens and in the historic district of Plaka where founder ...,data\discovery\focused-harvest-v7\clean-v7\review.csv | data\discovery\focused-harvest-v7-run1-backup\clean-v7\review.csv | data\discovery\mass-harvest-v5\clean-v5.2\global-review.csv | data\discovery\mass-harvest-v5\clean-v5.3\global-review.csv | data\discovery\mass-harvest-v5\clean-v5.4\review.csv | data\discovery\mass-harvest-v5\clean-v5.5\review.csv | data\discovery\mega-harvest-v6\clean-v6\review.csv | data\discovery\review-universe-v1\still-review.csv | data\discovery\review-universe-v5\manual-review.csv
REVIEW,plausible_giftcard_but_needs_human_check,dimples.co.nz,Gift Voucher - Dimples NZ,https://www.dimples.co.nz/collections/gifts-toys-gift-voucher?srsltid=AfmBOoq_8NRgzP0d7ckzty9DiT6MLqfiuxxk0voKxFCMM6khR9nYZmFu,Gift Voucher - Dimples NZ,100,5,... Car Accessories · Take a Quiz · Prams & Strollers · Pram Bundles · Prams · Carry Cots ... Gift Voucher $50.00 - Dimples. Choose options. Vendor: Dimples. Physical ...,data\discovery\mass-harvest-v5\clean-v5.2\global-review.csv | data\discovery\mass-harvest-v5\clean-v5.3\global-review.csv | data\discovery\mass-harvest-v5\clean-v5.4\review.csv | data\discovery\mass-harvest-v5\clean-v5.5\review.csv | data\discovery\mega-harvest-v6\clean-v6\review.csv | data\discovery\review-universe-v1\still-review.csv | data\discovery\review-universe-v5\manual-review.csv
REVIEW,plausible_giftcard_but_needs_human_check,ding.com,Germany Gift Cards,https://www.ding.com/gift-cards/germany?srsltid=AfmBOorXG-m4GMV6Rdu_9856ibPDGDU_i99lSEPpjwX5X5_CSxjqSMMN,Germany Gift Cards,100,1,Sending a gift card to Germany couldn't be easier with Ding. You to send a Netflix gift card to your loved ones in Germany in seconds. Our online vouchers are ...,data\discovery\mass-harvest-v5\clean-v5.3\global-review.csv | data\discovery\mass-harvest-v5\clean-v5.5\review.csv | data\discovery\mega-harvest-v6\clean-v6\review.csv
REVIEW,plausible_giftcard_but_needs_human_check,discoveringireland.com,Travel Gift Vouchers Ireland | Coupons for travel to Ireland,https://www.discoveringireland.com/gift-vouchers/,Travel Gift Vouchers Ireland | Coupons for travel to Ireland,100,1,The Gift Voucher cannot be used to purchase another Gift Voucher. 4. For ... Ireland and indeed in Ireland travel itself! You will also be among the ...,data\discovery\mass-harvest-v5\clean-v5.4\review.csv | data\discovery\mass-harvest-v5\clean-v5.5\review.csv
REVIEW,plausible_giftcard_but_needs_human_check,divanicaravelhotel.com,The Ultimate Gift | Divani Caravel Hotel Gift Card,https://divanicaravelhotel.com/gift-card/,The Ultimate Gift | Divani Caravel Hotel Gift Card,100,7,"... Athens Spa & Thalasso Center, here you will find them in abundance. Extra tip: the recipient will be able to redeem your Gift within 1 year! Gift Card Type.",data\discovery\focused-harvest-v7\clean-v7\review.csv | data\discovery\focused-harvest-v7-run1-backup\clean-v7\review.csv | data\discovery\mass-harvest-v5\clean-v5.2\global-review.csv | data\discovery\mass-harvest-v5\clean-v5.3\global-review.csv | data\discovery\mass-harvest-v5\clean-v5.4\review.csv | data\discovery\mass-harvest-v5\clean-v5.5\review.csv | data\discovery\mega-harvest-v6\clean-v6\review.csv | data\discovery\review-universe-v3\manual-review.csv
REVIEW,plausible_giftcard_but_needs_human_check,divanicorfuhotel.com,Com,https://divanicorfuhotel.com/gift-card/,Gift Card,100,5,"... Spa & Thalasso Center, here you will find them in abundance. Extra tip: the recipient will be able to redeem your Gift within 1 year! Gift Card Type. Make a ...",data\discovery\focused-harvest-v7\clean-v7\review.csv | data\discovery\focused-harvest-v7-run1-backup\clean-v7\review.csv | data\discovery\mass-harvest-v5\clean-v5.3\greece-market-review.csv | data\discovery\mass-harvest-v5\clean-v5.4\review.csv | data\discovery\mass-harvest-v5\clean-v5.5\review.csv | data\discovery\review-universe-v1\still-review.csv | data\discovery\review-universe-v5\manual-review.csv
REVIEW,plausible_giftcard_but_needs_human_check,divanilarissahotel.com,Gift Card,https://divanilarissahotel.com/gift-card/,Gift Card,100,4,"Easy and quick to create and order, the Divani Gift Card is the most lavish present you may offer on birthdays, anniversaries, graduations, and any ordinary ...",data\discovery\mass-harvest-v5\clean-v5.2\global-review.csv | data\discovery\mass-harvest-v5\clean-v5.3\global-review.csv | data\discovery\mass-harvest-v5\clean-v5.4\review.csv | data\discovery\mass-harvest-v5\clean-v5.5\review.csv | data\discovery\review-universe-v1\still-review.csv | data\discovery\review-universe-v5\manual-review.csv
REVIEW,plausible_giftcard_but_needs_human_check,divineproperty.com,Divine Gift Card - The Gift of Memories,https://divineproperty.com/divine-gift-cards/,Divine Gift Card - The Gift of Memories,70,1,"Paros · Porto Heli · Corfu · Peloponnese · Spetses · Antiparos · Chalkidiki · Milos ... Inside the Complex of Casa Del Mar Hotel,. Aleomandra, 84600, Mykonos.",data\discovery\focused-harvest-v7-run1-backup\clean-v7\review.csv | data\discovery\review-universe-v1\still-review.csv | data\discovery\review-universe-v5-1\manual-review.csv
REVIEW,plausible_giftcard_but_needs_human_check,dmasalonconcept.glossgenius.com,DM at Athens Beauty Collective,https://dmasalonconcept.glossgenius.com/shop/gift-cards,Gift Cards - DM at Athens Beauty Collective,100,2,"$100 $150 $200 $500. Custom amount. Choose a gift card design. Gift card design option 1 at DM at Athens Beauty Collective in GA, GA.",data\discovery\focused-harvest-v7\clean-v7\review.csv | data\discovery\focused-harvest-v7-run1-backup\clean-v7\review.csv | data\discovery\review-universe-v1\still-review.csv
REVIEW,plausible_giftcard_but_needs_human_check,doctorsim.com,Global Experiences Card Greece Gift Cards,https://www.doctorsim.com/en-us/gr/gift-cards/greece-globalexperiencescard/?srsltid=AfmBOopRSCqhjLXl32U5rw2KH2quk9Uf14qLHbXkjoHaP3nf1K6Jv9yS,Global Experiences Card Greece Gift Cards,100,1,"Our 24/7 technical support is ready to assist, ensuring a smooth experience with your gift card. No need to sign up to buy a gift card, but if you do ...",data\discovery\mass-harvest-v5\clean-v5.5\review.csv
REVIEW,plausible_giftcard_but_needs_human_check,domuszamittello.com,Gift Card,https://domuszamittello.com/gift-card/,Gift Card,100,4,Gift a Stay: Treat them to a luxurious getaway by purchasing a gift card for a night's stay or a complete package at our boutique hotel. ... Malta. info ...,data\discovery\mass-harvest-v5\clean-v5.2\global-review.csv | data\discovery\mass-harvest-v5\clean-v5.3\global-review.csv | data\discovery\mass-harvest-v5\clean-v5.4\review.csv | data\discovery\mass-harvest-v5\clean-v5.5\review.csv | data\discovery\review-universe-v1\still-review.csv | data\discovery\review-universe-v5\manual-review.csv
REVIEW,plausible_giftcard_but_needs_human_check,dosakitchen1.voucherconnect.com,Dosa kitchen Gift Card,https://dosakitchen1.voucherconnect.com/product/14201,Dosa kitchen Gift Card,80,1,"... kitchen. Toggle navigation. Home. Reload this page. image for gift voucher. Dosa ... Greece, Greenland, Grenada, Guadeloupe, Guam, Guatemala, Guernsey, Guinea ...",data\discovery\mega-harvest-v6\clean-v6\review.csv | data\discovery\review-universe-v1\still-review.csv | data\discovery\review-universe-v5-1\manual-review.csv
REVIEW,plausible_giftcard_but_needs_human_check,dozytattoo.co.uk,Tattoo Gift Voucher,https://dozytattoo.co.uk/products/tattoo-gift-voucher?srsltid=AfmBOorTkBHc5lkXXInpp__eCCbL9o2t9w8QkDBdKeBGflPkunqDUv04,Tattoo Gift Voucher,100,1,Tattoo Gift Voucher · This voucher may be used for the full or partial payment of a tattoo session to be completed by Roseanna 'Dozy' Hanson before the end of ...,data\discovery\mega-harvest-v6\clean-v6\review.csv | data\discovery\review-universe-v1\still-review.csv | data\discovery\review-universe-v5\manual-review.csv
REVIEW,plausible_giftcard_but_needs_human_check,dreamstime.com,"Itunes Gift Card Greece Images, Pictures And Stock Photos",https://www.dreamstime.com/photos-images/itunes-gift-card-greece.html,"Itunes Gift Card Greece Images, Pictures And Stock Photos",100,1,"Itunes Gift Card Greece Images, Pictures And Stock Photos ... View on apple itunes and app store gift voucher card hold by hand in german supermarket.",data\discovery\mass-harvest-v5\clean-v5.3\greece-market-review.csv | data\discovery\mass-harvest-v5\clean-v5.4\review.csv | data\discovery\mass-harvest-v5\clean-v5.5\review.csv
REVIEW,plausible_giftcard_but_needs_human_check,driffle.com,Electroholic Gift Cards – Electronics & Gadgets Vouchers,https://driffle.com/store/electroholic-gift-cards,Electroholic Gift Cards – Electronics & Gadgets Vouchers,100,5,"Purchase an Electroholic Gift Card for a range of electronics, mobile accessories, and innovative gadgets instantly.",data\discovery\mass-harvest-v5\clean-v5.2\global-review.csv | data\discovery\mass-harvest-v5\clean-v5.3\global-review.csv | data\discovery\mass-harvest-v5\clean-v5.4\review.csv | data\discovery\mass-harvest-v5\clean-v5.5\review.csv | data\discovery\mega-harvest-v6\clean-v6\review.csv | data\discovery\review-universe-v1\still-review.csv
REVIEW,plausible_giftcard_but_needs_human_check,drills-apparel.com,DRILLS Apparel gift voucher - give the gift of pure joy!,https://drills-apparel.com/en/products/gift-card?srsltid=AfmBOopH-DVQ8NZdf78qACrS5i4DMWE1KgeTcu23GLNci1VdzpegepdM,DRILLS Apparel gift voucher - give the gift of pure joy!,65,1,... sportswear and accessories. Our vouchers are available in four denominations ... Greece (EUR €); Hong Kong SAR (EUR €); Hungary (EUR €); Ireland (EUR ...,data\discovery\mega-harvest-v6\clean-v6\review.csv | data\discovery\review-universe-v3\manual-review.csv
REVIEW,plausible_giftcard_but_needs_human_check,drivar.com,Porsche 911 Classic Rental Gift Voucher - DRIVAR,https://drivar.com/en/shop/porsche-911-classic-rental-gift-voucher/,Porsche 911 Classic Rental Gift Voucher - DRIVAR,100,1,Porsche 911 Classic Rental Gift Voucher - Image 9. DESCRIPTION. Gift Voucher for a Porsche 911 Classic Rental ... Wedding car rental · Rent a Limousine · Rent a ...,data\discovery\mega-harvest-v6\clean-v6\review.csv | data\discovery\review-universe-v2\manual-review.csv
REVIEW,plausible_giftcard_but_needs_human_check,drlevy.swiss,Digital Gift Card,https://www.drlevy.swiss/products/digital-gift-card,Digital Gift Card,100,4,Switzerland (CHF). OUR BEST SELLERS · OUR BEFORE AND AFTER. Shop ... This digital gift card is valid for 1 year from the date of issue and can be ...,data\discovery\mass-harvest-v5\clean-v5.2\global-review.csv | data\discovery\mass-harvest-v5\clean-v5.3\global-review.csv | data\discovery\mass-harvest-v5\clean-v5.4\review.csv | data\discovery\mass-harvest-v5\clean-v5.5\review.csv | data\discovery\review-universe-v1\still-review.csv | data\discovery\review-universe-v5\manual-review.csv
REVIEW,plausible_giftcard_but_needs_human_check,dropsjewellery.com,Gift Card,https://dropsjewellery.com/gift-card/,Gift Card,100,1,"Gift Card. Drops ... Special gifts for happy moments · Drops jewellery store · We'd love to hear from you. Join us. 30 Skoufa St, Kolonaki, Athens | +30 210 ...",data\discovery\mega-harvest-v6\clean-v6\review.csv | data\discovery\review-universe-v1\still-review.csv | data\discovery\review-universe-v5-1\manual-review.csv
REVIEW,plausible_giftcard_but_needs_human_check,dsgntouch.com,Salon Gift Card - Elegant Minimalist Design for Beauty Pros,https://dsgntouch.com/products/salon-gift-card-minimalist-black-white?srsltid=AfmBOopDvFB5lfChTkH4AovODXXZSYl8iB8V1kTobQQv-9YR6S-2ray2,Salon Gift Card - Elegant Minimalist Design for Beauty Pros,100,4,Greece USD $; Hungary USD $; Ireland USD $; Israel USD $; Italy ... The salon gift card beautifully displayed on a reception counter in a modern hair salon.,data\discovery\mass-harvest-v5\clean-v5.3\greece-market-review.csv | data\discovery\mass-harvest-v5\clean-v5.4\review.csv | data\discovery\mass-harvest-v5\clean-v5.5\review.csv | data\discovery\mega-harvest-v6\clean-v6\review.csv | data\discovery\review-universe-v1\still-review.csv | data\discovery\review-universe-v5-1\manual-review.csv
REVIEW,plausible_giftcard_but_needs_human_check,dtcab.com,Gift Cards - Bridgeport,https://dtcab.com/mycabaret-gift-cards/,Gift Cards - Bridgeport,100,5,Why not give the gift of LIVE THEATRE? Now ... Create an unforgettable experience and priceless memories by gifting someone a Downtown Cabaret Gift Card.,data\discovery\mass-harvest-v5\clean-v5.2\global-review.csv | data\discovery\mass-harvest-v5\clean-v5.3\global-review.csv | data\discovery\mass-harvest-v5\clean-v5.4\review.csv | data\discovery\mass-harvest-v5\clean-v5.5\review.csv | data\discovery\mega-harvest-v6\clean-v6\review.csv | data\discovery\review-universe-v1\still-review.csv | data\discovery\review-universe-v5\manual-review.csv
REVIEW,plausible_giftcard_but_needs_human_check,dug-glashuette.com,gift voucher - DUG Deutsche Uhrenmanufaktur Glashütte GmbH,https://dug-glashuette.com/en/products/geschenkgutschein?srsltid=AfmBOoph4QVH4YLSb0CQXSqWCQ3BrcHRy0A7ewa1BbQUoH7T8wE6lujS,gift voucher - DUG Deutsche Uhrenmanufaktur Glashütte GmbH,80,6,DUG Glashütte gift voucher – give the gift of time and precision. Can be redeemed for all watches. The perfect gift for watch lovers!,data\discovery\mass-harvest-v5\clean-v5.1\review.csv | data\discovery\mass-harvest-v5\clean-v5.2\manual-review.csv | data\discovery\mass-harvest-v5\clean-v5.3\global-review.csv | data\discovery\mass-harvest-v5\clean-v5.4\review.csv | data\discovery\mass-harvest-v5\clean-v5.5\review.csv | data\discovery\mega-harvest-v6\clean-v6\review.csv | data\discovery\review-universe-v1\still-review.csv | data\discovery\review-universe-v5\manual-review.csv
REVIEW,plausible_giftcard_but_needs_human_check,dundle.com,Purchase gift cards online | Safe and Secure,https://dundle.com/gr/en/,Purchase gift cards online | Safe and Secure,85,6,Buy Gift Cards Online & More. Buy your prepaid payment card on dundle. Buy your gaming ... Uber Gift Voucher. Rituals Gift Card logo. Rituals Gift Card. Kinguin ...,data\discovery\mass-harvest-v5\clean-v5.1\review.csv | data\discovery\mass-harvest-v5\clean-v5.2\manual-review.csv | data\discovery\mass-harvest-v5\clean-v5.3\global-review.csv | data\discovery\mass-harvest-v5\clean-v5.4\review.csv | data\discovery\mass-harvest-v5\clean-v5.5\review.csv | data\discovery\mega-harvest-v6\clean-v6\review.csv | data\discovery\review-universe-v1\still-review.csv
REVIEW,plausible_giftcard_but_needs_human_check,dustylifestyle.com.au,GIFT VOUCHER,https://www.dustylifestyle.com.au/collections/gift-voucher,GIFT VOUCHER,100,5,Shop all Drinkware. CAR ACCESSORIES. Mudflaps · Stickers · Wheel Bags. ACCESSORIES. Ear Tags · Flags · Key Rings · Stickers · GIFT VOUCHER. Search Log in Cart.,data\discovery\mass-harvest-v5\clean-v5.2\global-review.csv | data\discovery\mass-harvest-v5\clean-v5.3\global-review.csv | data\discovery\mass-harvest-v5\clean-v5.4\review.csv | data\discovery\mass-harvest-v5\clean-v5.5\review.csv | data\discovery\mega-harvest-v6\clean-v6\review.csv | data\discovery\review-universe-v1\still-review.csv | data\discovery\review-universe-v5\manual-review.csv
REVIEW,plausible_giftcard_but_needs_human_check,dv8fashion.com,Gift Cards,https://www.dv8fashion.com/en/Gift-Cards/cc-312.aspx,Gift Cards,100,1,"E-Gift Voucher Online. Give the gift of style, send a DV8 e-gift card and let them choose their next fashion fix. ... Greece, Greenland, Grenada, Guadeloupe, Guam ...",data\discovery\mega-harvest-v6\clean-v6\review.csv | data\discovery\review-universe-v1\still-review.csv | data\discovery\review-universe-v5-1\manual-review.csv
REVIEW,plausible_giftcard_but_needs_human_check,e-athlopolis.gr,Αγοράστε μία Δωροεπιταγή,https://www.e-athlopolis.gr/index.php?route,Αγοράστε μία Δωροεπιταγή,85,2,TRAIL | OUTDOOR · ΣΑΝΔΑΛΙΑ · ΣΑΓΙΟΝΑΡΕΣ | ΠΑΝΤΟΦΛΕΣ · ΡΟΥΧΑ · ΜΠΛΟΥΖΑΚΙΑ ΚΟΝΤΟ ... Αυτή η δωροεπιταγή θα αποσταλεί μέ e-mail στον παραλήπτη αφού ολοκληρωθεί ή ...,data\discovery\focused-harvest-v7\clean-v7\review.csv | data\discovery\focused-harvest-v7-run1-backup\clean-v7\review.csv | data\discovery\review-universe-v1\still-review.csv | data\discovery\review-universe-v4-1\manual-review.csv
REVIEW,plausible_giftcard_but_needs_human_check,e-decor.gr,Αγοράστε μία Δωροεπιταγή,https://www.e-decor.gr/index.php?route,Αγοράστε μία Δωροεπιταγή,85,2,"Αυτή η δωροεπιταγή θα αποσταλεί μέ e-mail στον παραλήπτη αφού ολοκληρωθεί ή πληρωμή σας. ... decor.gr, τηλ: 2721027536. © 2020 e-decor.gr. Visa MasterCard ...",data\discovery\focused-harvest-v7\clean-v7\review.csv | data\discovery\focused-harvest-v7-run1-backup\clean-v7\review.csv | data\discovery\review-universe-v1\still-review.csv | data\discovery\review-universe-v4-1\manual-review.csv
REVIEW,plausible_giftcard_but_needs_human_check,e-guma.ch,Gift Voucher - Switzerland Travel Centre,https://shop.e-guma.ch/switzerlandtravelcentre-eur/en/gift-vouchers/40657/gift-voucher,Gift Voucher - Switzerland Travel Centre,100,4,"Gift Voucher ... Gift an unforgettable experience in Switzerland. A panoramic train trip, a relaxing spa weekend in the mountains or a short break in Ticino, we ...",data\discovery\mass-harvest-v5\clean-v5.2\global-review.csv | data\discovery\mass-harvest-v5\clean-v5.3\global-review.csv | data\discovery\mass-harvest-v5\clean-v5.4\review.csv | data\discovery\mass-harvest-v5\clean-v5.5\review.csv | data\discovery\review-universe-v1\still-review.csv | data\discovery\review-universe-v5\manual-review.csv
REVIEW,plausible_giftcard_but_needs_human_check,e-surprise.ch,Gift vouchers from all over Switzerland,https://e-surprise.ch/en,Gift vouchers from all over Switzerland,80,5,Short holiday · Discover more · from CHF 20.00. Travel voucher short trips Whole Switzerland ... Themed gift voucher · Discover more.,data\discovery\mass-harvest-v5\clean-v5.1\review.csv | data\discovery\mass-harvest-v5\clean-v5.2\manual-review.csv | data\discovery\mass-harvest-v5\clean-v5.3\global-review.csv | data\discovery\mass-harvest-v5\clean-v5.4\review.csv | data\discovery\mass-harvest-v5\clean-v5.5\review.csv | data\discovery\review-universe-v1\still-review.csv | data\discovery\review-universe-v5\manual-review.csv
REVIEW,plausible_giftcard_but_needs_human_check,eastatticacruises.com,Com,https://www.eastatticacruises.com/%CE%B4%CF%89%CF%81%CE%BF%CE%BA%CE%AC%CF%81%CF%84%CE%B1/,Δωροκάρτα,80,2,Δωροκάρτα. Χάρισε μια κρουαζιέρα ... east_attica_cruises. Daily cruises from Porto Rafti (Close to Athens and ✈️) Tickets: 42€ per person | Kids' discounts,data\discovery\focused-harvest-v7\clean-v7\review.csv | data\discovery\focused-harvest-v7-run1-backup\clean-v7\review.csv | data\discovery\review-universe-v1\still-review.csv | data\discovery\review-universe-v5-1\manual-review.csv
REVIEW,plausible_giftcard_but_needs_human_check,easy.co.il,Department Store (Dream Card Gift Card) - Best in Ashdod area,https://easy.co.il/en/list/Department-Store?region=26889578&c2=22117,Department Store (Dream Card Gift Card) - Best in Ashdod area,85,1,"Department Store (Dream Card Gift Card) - Best in Ashdod area • Everything you want to know - addresses, opening hours, recommendations, phones and more.",data\discovery\mega-harvest-v6\clean-v6\review.csv | data\discovery\review-universe-v1\still-review.csv | data\discovery\review-universe-v4\still-review.csv
REVIEW,plausible_giftcard_but_needs_human_check,eatpolska.com,"Eat Polska Gift Vouchers | Food, Vodka, Beer & Wine Tours in Poland",https://eatpolska.com/gift-vouchers/,"Eat Polska Gift Vouchers | Food, Vodka, Beer & Wine Tours in Poland",100,4,... Trip · Lesser Poland and Subcarpathia Culinary Trip · We're Eat Polska · Blog · FAQ · Contact Us · polski. BUY A GIFT VOUCHER FOR ONE OF OUR TOURS! Gift ...,data\discovery\mass-harvest-v5\clean-v5.2\global-review.csv | data\discovery\mass-harvest-v5\clean-v5.3\global-review.csv | data\discovery\mass-harvest-v5\clean-v5.4\review.csv | data\discovery\mass-harvest-v5\clean-v5.5\review.csv | data\discovery\review-universe-v2\manual-review.csv
REVIEW,plausible_giftcard_but_needs_human_check,ebay.co.uk,Cinema Date Night Personalised Surprise Ticket Gift Voucher,https://www.ebay.co.uk/itm/198121819740,Cinema Date Night Personalised Surprise Ticket Gift Voucher,80,6,Cinema Date Night Personalised Surprise Ticket Gift Voucher ; ASSURED-SUPPLIES (71703) ; Condition. New ; Quantity. More than 10 available ; Item number.,data\discovery\mass-harvest-v5\clean-v5.1\review.csv | data\discovery\mass-harvest-v5\clean-v5.2\manual-review.csv | data\discovery\mass-harvest-v5\clean-v5.3\global-review.csv | data\discovery\mass-harvest-v5\clean-v5.4\review.csv | data\discovery\mass-harvest-v5\clean-v5.5\review.csv | data\discovery\mega-harvest-v6\clean-v6\review.csv | data\discovery\review-universe-v1\still-review.csv | data\discovery\review-universe-v5\manual-review.csv
REVIEW,plausible_giftcard_but_needs_human_check,eckeroline.com,Gift Voucher 200,https://www.eckeroline.com/giftvoucher-200,Gift Voucher 200,100,4,Gift Voucher 200 €. €200.00. Purchasing a travel gift card from the online ... Sustainable Travel Finland Label · Finnish Service. © Eckerö Line 1998-2026.,data\discovery\mass-harvest-v5\clean-v5.2\global-review.csv | data\discovery\mass-harvest-v5\clean-v5.3\global-review.csv | data\discovery\mass-harvest-v5\clean-v5.4\review.csv | data\discovery\mass-harvest-v5\clean-v5.5\review.csv | data\discovery\review-universe-v1\still-review.csv | data\discovery\review-universe-v5\manual-review.csv
REVIEW,plausible_giftcard_but_needs_human_check,econitaly.com,"Econ Gift Card - Slow Fashion, Honest price, Made in Italy",https://econitaly.com/de/products/econ-gift-card?srsltid=AfmBOoo0zkQHmTw1GoklispeVrHC6G3AKWmRXyfo_AeYo8mgCblJUI2y,"Econ Gift Card - Slow Fashion, Honest price, Made in Italy",100,4,"Discover Econ Italy: Belgian design, Made in Italy. Honest prices ... Econ Gift Card. Schließen. Econ Gift Card. Econ ...",data\discovery\mass-harvest-v5\clean-v5.2\global-review.csv | data\discovery\mass-harvest-v5\clean-v5.3\global-review.csv | data\discovery\mass-harvest-v5\clean-v5.4\review.csv | data\discovery\mass-harvest-v5\clean-v5.5\review.csv | data\discovery\review-universe-v1\still-review.csv | data\discovery\review-universe-v5\manual-review.csv
REVIEW,plausible_giftcard_but_needs_human_check,ecovis.com,Tax-free gift cards for employees. - ECOVIS Legal Denmark,https://www.ecovis.com/denmark/legal/blog/tax-free-gift-cards-for-employees/,Tax-free gift cards for employees. - ECOVIS Legal Denmark,100,1,"The gift card may not exceed DKK 1,200. Several gift cards may be given, as ... ECOVIS Denmark. State Authorized Public Accountants Vendersgade 28 st ...",data\discovery\mass-harvest-v5\clean-v5.2\global-review.csv | data\discovery\mass-harvest-v5\clean-v5.3\global-review.csv | data\discovery\mass-harvest-v5\clean-v5.4\review.csv | data\discovery\mass-harvest-v5\clean-v5.5\review.csv
REVIEW,plausible_giftcard_but_needs_human_check,edenandrhode.com,Gift Voucher,https://edenandrhode.com/products/gift-card?srsltid=AfmBOoptA69jKfWdsG1tcbBbiLMk6lo2J7ynOsVjauhzsZStKRzVGowJ,Gift Voucher,100,5,Gift Voucher. Sale price$50.00. Treat yourself or delight someone special with an Eden & Rhode gift voucher the ultimate present for lingerie lovers. Skip the ...,data\discovery\mass-harvest-v5\clean-v5.2\global-review.csv | data\discovery\mass-harvest-v5\clean-v5.3\global-review.csv | data\discovery\mass-harvest-v5\clean-v5.4\review.csv | data\discovery\mass-harvest-v5\clean-v5.5\review.csv | data\discovery\mega-harvest-v6\clean-v6\review.csv | data\discovery\review-universe-v1\still-review.csv | data\discovery\review-universe-v5\manual-review.csv
REVIEW,plausible_giftcard_but_needs_human_check,edgeobeyond.com,Lingerie Gift Card,https://www.edgeobeyond.com/products/gift-card?srsltid=AfmBOorKCcIb8FaZXe4ZoRrwlNLSYGkTo22PomtNSEG5Cm5D4NnGo4x_,Lingerie Gift Card,100,5,Treat someone special to a luxury lingerie gift voucher; let them choose an underwear set in their favourite style—a perfect present for boudoir lingerie ...,data\discovery\mass-harvest-v5\clean-v5.2\global-review.csv | data\discovery\mass-harvest-v5\clean-v5.3\global-review.csv | data\discovery\mass-harvest-v5\clean-v5.4\review.csv | data\discovery\mass-harvest-v5\clean-v5.5\review.csv | data\discovery\mega-harvest-v6\clean-v6\review.csv | data\discovery\review-universe-v1\still-review.csv | data\discovery\review-universe-v5\manual-review.csv
REVIEW,plausible_giftcard_but_needs_human_check,efeeth.gr,Αγοράστε μία Δωροεπιταγή - Efeeth.gr,https://efeeth.gr/index.php?route,Αγοράστε μία Δωροεπιταγή - Efeeth.gr,85,1,"Αγοράστε μία Δωροεπιταγή ; Δίκλινο Δωμάτιο με Τζάκι στο κτίριο ""Prespa Resort"", 80,00 €, 30,00% ; Δίκλινο Δωμάτιο με Τζάκι στο κτίριο ""Prespa Resort"", 80,00 €, 30 ...",data\discovery\focused-harvest-v7\clean-v7\review.csv | data\discovery\focused-harvest-v7-run1-backup\clean-v7\review.csv
REVIEW,plausible_giftcard_but_needs_human_check,egiftcards.nz,IKEA Gift Card Greece Region for Home Essentials,https://www.egiftcards.nz/product/ikea-gift-card-greece-region-eur-email-delivery/,IKEA Gift Card Greece Region for Home Essentials - eGift Cards,100,1,"Buy IKEA Gift Card Greece Region online for furniture, storage, kitchenware, bedding and home essentials. Choose available amounts with secure checkout.",data\discovery\mass-harvest-v5\clean-v5.5\review.csv
REVIEW,plausible_giftcard_but_needs_human_check,egifter.com,Buy Gift Cards,https://www.egifter.com/en-be/giftcards?srsltid=AfmBOork1-Xj54bLfiNPV82ChydJSzw8oPiAHUcBKdKEICboFS_ltYnG,Buy Gift Cards,100,4,Shop from hundreds of top Gift Card brands. Send as a gift or buy for yourself ... Belgium Belgium. Belgium; Canada; France ...,data\discovery\mass-harvest-v5\clean-v5.2\global-review.csv | data\discovery\mass-harvest-v5\clean-v5.3\global-review.csv | data\discovery\mass-harvest-v5\clean-v5.4\review.csv | data\discovery\mass-harvest-v5\clean-v5.5\review.csv | data\discovery\review-universe-v1\still-review.csv
REVIEW,plausible_giftcard_but_needs_human_check,egit.cz,Gift Cards on the Czech Market,https://www.egit.cz/en/articles/gift-cards-czech-market/,Gift Cards on the Czech Market,100,4,Cultural preferences: gift cards and vouchers are still relatively new in the Czech Republic and have yet to gain widespread popularity. Czech Market Gift Card ...,data\discovery\mass-harvest-v5\clean-v5.2\global-review.csv | data\discovery\mass-harvest-v5\clean-v5.3\global-review.csv | data\discovery\mass-harvest-v5\clean-v5.4\review.csv | data\discovery\mass-harvest-v5\clean-v5.5\review.csv | data\discovery\review-universe-v1\still-review.csv | data\discovery\review-universe-v5\manual-review.csv
REVIEW,plausible_giftcard_but_needs_human_check,ekoi.com,Ekoï Gift Voucher,https://www.ekoi.com/en/gift-vouchers/8204-cheque-gift-ekoi-0400000820408.html,Ekoï Gift Voucher,100,5,Performance Eyewear · Road Cycling Sunglasses · Photochromic Cycling Glasses ... Gift Voucher. 32 reviews. GIFT VOUCHER. 1 / 2. 2 / 2. GIFT VOUCHER. $0.00. select ...,data\discovery\mass-harvest-v5\clean-v5.2\global-review.csv | data\discovery\mass-harvest-v5\clean-v5.3\global-review.csv | data\discovery\mass-harvest-v5\clean-v5.4\review.csv | data\discovery\mass-harvest-v5\clean-v5.5\review.csv | data\discovery\mega-harvest-v6\clean-v6\review.csv | data\discovery\review-universe-v2\global-brand-review.csv
REVIEW,plausible_giftcard_but_needs_human_check,el.glosbe.com,"δωροκάρτα σε Αγγλικά, μετάφραση, Λεξικό Ελληνικά",https://el.glosbe.com/el/en/%CE%B4%CF%89%CF%81%CE%BF%CE%BA%CE%AC%CF%81%CF%84%CE%B1,"δωροκάρτα σε Αγγλικά, μετάφραση, Λεξικό Ελληνικά",80,1,"Πώς είναι το ""δωροκάρτα"" στο Αγγλικά; Ελέγξτε τις μεταφράσεις του ""δωροκάρτα ... mobile phones, watches, batteries, microphones, wireless communication ...",data\discovery\mega-harvest-v6\clean-v6\review.csv | data\discovery\review-universe-v1\still-review.csv | data\discovery\review-universe-v4\still-review.csv
REVIEW,plausible_giftcard_but_needs_human_check,el.wordpress.org,Ultimate Gift Cards for WooCommerce,https://el.wordpress.org/plugins/woo-gift-cards-lite/,Ultimate Gift Cards for WooCommerce,100,1,WooCommerce gift cards lets you sell digital gift cards efficiently by providing your businesses to offer a gratifying experience to your customers and ...,data\discovery\mega-harvest-v6\clean-v6\review.csv | data\discovery\review-universe-v1\still-review.csv | data\discovery\review-universe-v5\manual-review.csv
REVIEW,plausible_giftcard_but_needs_human_check,elaiolithos.com,Gift Cards Archives,https://elaiolithos.com/product-category/gift-cards/,Gift Cards Archives,100,1,"Bottle of Premium Awarded Wine, Seasonal Fruit Basket & Local Cheese Platter ... Gift your loved ones an unforgettable experience with our exclusive gift card ...",data\discovery\mega-harvest-v6\clean-v6\review.csv | data\discovery\review-universe-v1\still-review.csv | data\discovery\review-universe-v5\manual-review.csv
REVIEW,plausible_giftcard_but_needs_human_check,elcapitanart.com,LUXURY GIFT CARD,https://elcapitanart.com/products/luxury-gift-card-500-copy?srsltid=AfmBOoqvtruNS61fyks_IZHnXhOxaaROkvm_oNbGQwk26CrO5lJlqQ9n,LUXURY GIFT CARD,100,1,"Last minute gift solution - ideal for birthdays, weddings, housewarming, or even an anniversary, El Capitan Art gift cards bring a unique touch to any ...",data\discovery\mega-harvest-v6\clean-v6\review.csv | data\discovery\review-universe-v1\still-review.csv | data\discovery\review-universe-v5\manual-review.csv
REVIEW,plausible_giftcard_but_needs_human_check,elcohellas.gr,Αγοράστε μία Δωροεπιταγή,https://www.elcohellas.gr/index.php?route,Αγοράστε μία Δωροεπιταγή,85,2,FLUSH BAGS · ΔΕΙΤΕ ΟΛΑ ΤΑ ΑΞΕΣΟΥΑΡ ΣΚΑΦΩΝ. +- ΑΞΕΣΟΥΑΡ ΑΥΤΟΚΙΝΗΤΩΝ ... Αυτή η δωροεπιταγή θα αποσταλεί μέ e-mail στον παραλήπτη αφού ολοκληρωθεί ή πληρωμή σας.,data\discovery\focused-harvest-v7\clean-v7\review.csv | data\discovery\focused-harvest-v7-run1-backup\clean-v7\review.csv | data\discovery\review-universe-v1\still-review.csv | data\discovery\review-universe-v4-1\manual-review.csv
REVIEW,plausible_giftcard_but_needs_human_check,electronicfirst.com,IKEA €50 Gift Card GR - Perfect Gift for Home Decor,https://www.electronicfirst.com/ikea-eur50-gift-card-gr?c=EUR&srsltid=AfmBOoorUGfoG8OPT4uBr1xOXbm6mKmXHFgtL4itE4zZNLq0tWiOkyrx,IKEA €50 Gift Card GR - Perfect Gift for Home Decor,100,1,"Buy an IKEA €50 Gift Card GR! A perfect gift for home decor lovers, redeemable online or in-store. Give the gift of choice today!",data\discovery\mass-harvest-v5\clean-v5.2\global-review.csv | data\discovery\mass-harvest-v5\clean-v5.5\review.csv
REVIEW,plausible_giftcard_but_needs_human_check,elefsinahotel.gr,Ξενοδοχείο Ελευσίνα | Κάρτα δώρου,https://www.elefsinahotel.gr/el/karta-dorou.html,Ξενοδοχείο Ελευσίνα | Κάρτα δώρου,80,2,"Δωροεπιταγή Elefsina Hotel. Ένα δώρο πρακτικό, εύκολο και ευέλικτο! Δώστε ελευθερία επιλογών στους εορτάζοντες, να διαλέξουν το αγαπημένο τους προϊόν ή ...",data\discovery\focused-harvest-v7\clean-v7\review.csv | data\discovery\focused-harvest-v7-run1-backup\clean-v7\review.csv | data\discovery\review-universe-v1\still-review.csv | data\discovery\review-universe-v4-1\manual-review.csv
REVIEW,plausible_giftcard_but_needs_human_check,elementsmassage.com,Elements Massage Gift Card - Rhodes Ranch,https://elementsmassage.com/rhodes-ranch/gift-cards,Elements Massage Gift Card - Rhodes Ranch,100,1,Elements Massage Gift Card. GIFTING JUST GOT A WHOLE LOT Better. Give the Gift ... Connect with Elements Rhodes Ranch. Franchise · Suppliers · Careers · Contact ...,data\discovery\focused-harvest-v7\clean-v7\review.csv | data\discovery\focused-harvest-v7-run1-backup\clean-v7\review.csv
REVIEW,plausible_giftcard_but_needs_human_check,elenianna.gr,Δωροκάρτες Ελληνικών Γκουρμέ & Πολυτελών Προϊόντων,https://www.elenianna.gr/%CE%BA%CE%AC%CF%81%CF%84%CE%B5%CF%82-%CE%B4%CF%8E%CF%81%CE%BF%CF%85?srsltid=AfmBOopXLSGAayPo9_VjgntRoS9hENy_i12zhnHEnafWlW5HSmr7b-RY,Δωροκάρτες Ελληνικών Γκουρμέ & Πολυτελών Προϊόντων,80,1,"Δωροκάρτες Elenianna Luxury Gourmet. Το τέλειο δώρο είναι η ελευθερία της επιλογής. Με μια δωροκάρτα elenianna , σας προσφέρουμε πρόσβαση στα καλύτερα ...",data\discovery\mega-harvest-v6\clean-v6\review.csv | data\discovery\review-universe-v1\still-review.csv | data\discovery\review-universe-v4-1\manual-review.csv
REVIEW,plausible_giftcard_but_needs_human_check,elenisgiftbox.gr,Elenisgiftbox,https://elenisgiftbox.gr,Αγοράστε μία Δωροεπιταγή - Elenisgiftbox.gr,,1,"Wave2Bucket=HIGH_SAFE | Wave2Score=80 | Wave2Reasons=GIFT_TITLE | PURCHASE_SIGNAL | GREEK_DOMAIN | MULTI_QUERY | MULTI_HIT | Queries=site:.gr hobby ""gift card"" | site:.gr ""δωροεπιταγή"" αγορά | Imported to DISCOVERED only; requires verification before production.",DB:DISCOVERED:cmt9y18s2001bpwiyevpxavze
REVIEW,plausible_giftcard_but_needs_human_check,elite.se,Gift Card - A VALUABLE GIFT,https://www.elite.se/en/buy-gift-cards/,Gift Card - A VALUABLE GIFT,100,4,Valid at The Bishops Arms pubs and Hotel Bishops Arms in Sweden. EASY TO ORDER. Choose the amount you want to give; Choose where the gift card should be sent ...,data\discovery\mass-harvest-v5\clean-v5.2\global-review.csv | data\discovery\mass-harvest-v5\clean-v5.3\global-review.csv | data\discovery\mass-harvest-v5\clean-v5.4\review.csv | data\discovery\mass-harvest-v5\clean-v5.5\review.csv | data\discovery\review-universe-v1\still-review.csv | data\discovery\review-universe-v5\manual-review.csv
REVIEW,plausible_giftcard_but_needs_human_check,elitecrafters.com,Elitecrafters Gift Certificate - Gift Voucher 300,https://www.elitecrafters.com/en/elitecrafters-gift-certificate-gift-voucher-300?srsltid=AfmBOopbVO8fMQ_QK1dxAvBa-sAPwwD_BGP7r5x6YDSivv5918f3J2G7,Elitecrafters Gift Certificate - Gift Voucher 300,100,5,"EliteCrafters Gift Card 300€. Treat the special people in your life to a special gift they will truly treasure, send them a Gift Certificate or Gift Voucher ...",data\discovery\mass-harvest-v5\clean-v5.2\global-review.csv | data\discovery\mass-harvest-v5\clean-v5.3\global-review.csv | data\discovery\mass-harvest-v5\clean-v5.4\review.csv | data\discovery\mass-harvest-v5\clean-v5.5\review.csv | data\discovery\mega-harvest-v6\clean-v6\review.csv | data\discovery\review-universe-v2\manual-review.csv
REVIEW,plausible_giftcard_but_needs_human_check,ellaresorts.com,Wellness Gift Card - Rocrita Resort,https://www.ellaresorts.com/crete/rocrita-resort/wellness/wellness-gift-card/,Wellness Gift Card - Rocrita Resort,100,6,"For more information and for purchasing a Wellness Gift Card, please contact the Spa Reception. ... AGIOS ANDREAS, MOCHLOS, CRETE, GREECE 72057. CONTACT ...",data\discovery\focused-harvest-v7\clean-v7\review.csv | data\discovery\focused-harvest-v7-run1-backup\clean-v7\review.csv | data\discovery\mass-harvest-v5\clean-v5.3\greece-market-review.csv | data\discovery\mass-harvest-v5\clean-v5.4\review.csv | data\discovery\mass-harvest-v5\clean-v5.5\review.csv | data\discovery\mega-harvest-v6\clean-v6\review.csv | data\discovery\review-universe-v1\still-review.csv | data\discovery\review-universe-v5-1\manual-review.csv
REVIEW,plausible_giftcard_but_needs_human_check,elysianwatches.com,Elysian watches Gift Voucher – ElysianWatches,https://elysianwatches.com/en/products/elysianwatches-cadeaubon?srsltid=AfmBOorpPsqCsnJYZExfO0HScIlhxbqKNnaQ_IvCSUZ-4jqna0-9NHKd,Elysian watches Gift Voucher – ElysianWatches,80,6,"Home Elysian watches Gift Voucher. Elysian watches Gift Voucher. Regular price €10,00. Unit price / per. Taxes included. Shipping calculated at checkout.",data\discovery\mass-harvest-v5\clean-v5.1\review.csv | data\discovery\mass-harvest-v5\clean-v5.2\manual-review.csv | data\discovery\mass-harvest-v5\clean-v5.3\global-review.csv | data\discovery\mass-harvest-v5\clean-v5.4\review.csv | data\discovery\mass-harvest-v5\clean-v5.5\review.csv | data\discovery\mega-harvest-v6\clean-v6\review.csv | data\discovery\review-universe-v2\manual-review.csv
REVIEW,plausible_giftcard_but_needs_human_check,emmanouelacosmetics.com,Gift Card,https://emmanouelacosmetics.com/products/gift-card?srsltid=AfmBOopo2yr_JCh-MuTq9jpfGVYvra7Zp5VUFqOWKnxCchYYbNvY70s_,Gift Card,100,5,"Προηγούμενο. Επόμενο. Emmanouela Cosmetics(Live). Gift Card. Τιμή προσφοράς€30,00. Ποσό Δωροκάρτας:€30.00. €30.00. €50.00. €100.00. €200.00. Ποσότητα: Μείωση ...",data\discovery\mass-harvest-v5\clean-v5.2\global-review.csv | data\discovery\mass-harvest-v5\clean-v5.3\global-review.csv | data\discovery\mass-harvest-v5\clean-v5.4\review.csv | data\discovery\mass-harvest-v5\clean-v5.5\review.csv | data\discovery\mega-harvest-v6\clean-v6\review.csv | data\discovery\review-universe-v1\still-review.csv | data\discovery\review-universe-v5\manual-review.csv
REVIEW,plausible_giftcard_but_needs_human_check,en.caudalie.com,eGift Card - Caudalie,https://en.caudalie.com/p/7265/gift-card.html,eGift Card - Caudalie,100,4,An e-Gift Card purchased in boutiques in France can be used on caudalie.com and/or in Caudalie Boutique SPAs in France (excluding Vinothérapie Spas). An e ...,data\discovery\mass-harvest-v5\clean-v5.2\global-review.csv | data\discovery\mass-harvest-v5\clean-v5.3\global-review.csv | data\discovery\mass-harvest-v5\clean-v5.4\review.csv | data\discovery\mass-harvest-v5\clean-v5.5\review.csv | data\discovery\review-universe-v2\global-brand-review.csv
REVIEW,plausible_giftcard_but_needs_human_check,en.kalamata.co.il,Gift Card - Kalamata - קלמטה,https://en.kalamata.co.il/giftcard,Gift Card - Kalamata - קלמטה,100,3,"You can choose between a gift card of your desired amount, or a special gift card for two ... Kalamata - Greek cuisine in the Old City of Jaffa. Please ...",data\discovery\mass-harvest-v5\clean-v5.3\greece-market-review.csv | data\discovery\mass-harvest-v5\clean-v5.4\review.csv | data\discovery\mass-harvest-v5\clean-v5.5\review.csv | data\discovery\review-universe-v1\still-review.csv | data\discovery\review-universe-v5-1\manual-review.csv
REVIEW,plausible_giftcard_but_needs_human_check,en.lesmaisonsdecampagne.com,Com,https://en.lesmaisonsdecampagne.com/bons-cadeaux,Gift vouchers,80,2,"... Spa treatments). All meals (dinner on the day of arrival, breakfast and ... gift voucher. 90-minute massage: €150 gift voucher ‍. All our gift vouchers ...",data\discovery\focused-harvest-v7\clean-v7\review.csv | data\discovery\focused-harvest-v7-run1-backup\clean-v7\review.csv | data\discovery\review-universe-v1\still-review.csv | data\discovery\review-universe-v5\manual-review.csv
REVIEW,plausible_giftcard_but_needs_human_check,en.oohmygreece.com,Gift Card,https://en.oohmygreece.com/carte-cadeau,Gift Card,80,6,Oohmygreece gift vouchers. So beautiful that you will be tempted to keep them for yourself. SEE GIFT CARD.,data\discovery\mass-harvest-v5\clean-v5.1\review.csv | data\discovery\mass-harvest-v5\clean-v5.2\manual-review.csv | data\discovery\mass-harvest-v5\clean-v5.3\global-review.csv | data\discovery\mass-harvest-v5\clean-v5.4\review.csv | data\discovery\mass-harvest-v5\clean-v5.5\review.csv | data\discovery\mega-harvest-v6\clean-v6\review.csv | data\discovery\review-universe-v1\still-review.csv | data\discovery\review-universe-v5\manual-review.csv
REVIEW,plausible_giftcard_but_needs_human_check,en.webtours.bg,Gift voucher - WEB TOURS,https://en.webtours.bg/gifts,Gift voucher - WEB TOURS,80,5,"GIFT VOUCHER. Give the gift of travel! Our vouchers allow your loved ones to choose their perfect adventure. Flexible, convenient and valid for 12 months ...",data\discovery\mass-harvest-v5\clean-v5.1\review.csv | data\discovery\mass-harvest-v5\clean-v5.2\manual-review.csv | data\discovery\mass-harvest-v5\clean-v5.3\global-review.csv | data\discovery\mass-harvest-v5\clean-v5.4\review.csv | data\discovery\mass-harvest-v5\clean-v5.5\review.csv | data\discovery\review-universe-v2\manual-review.csv
REVIEW,plausible_giftcard_but_needs_human_check,endclothing.zendesk.com,Purchasing an Online Gift Card,https://endclothing.zendesk.com/hc/en-us/articles/6016849911580-Purchasing-an-Online-Gift-Card,Purchasing an Online Gift Card,100,4,"Ordering an online gift card is easy! Simply follow these steps: Click HERE to go to our ""END. Gift Card"" page where you can ... (Europe) English ( ...",data\discovery\mass-harvest-v5\clean-v5.2\global-review.csv | data\discovery\mass-harvest-v5\clean-v5.3\global-review.csv | data\discovery\mass-harvest-v5\clean-v5.4\review.csv | data\discovery\mass-harvest-v5\clean-v5.5\review.csv | data\discovery\review-universe-v1\still-review.csv | data\discovery\review-universe-v5\manual-review.csv
REVIEW,plausible_giftcard_but_needs_human_check,eneba.com,AirlineGift Gift Card 100 EUR Key GREECE,https://www.eneba.com/airlinegift-airlinegift-gift-card-100-eur-key-greece?srsltid=AfmBOorauo6TVnmnmuBUPYgUmMJKFD1O-puKseGzc6qXW8A88zXnQcI4,AirlineGift Gift Card 100 EUR Key GREECE,100,1,AirlineGift offers the world's best airline gift card and online travel booking selection with a unique choice of 450 Airlines to book a flight to almost ...,data\discovery\mass-harvest-v5\clean-v5.5\review.csv
REVIEW,plausible_giftcard_but_needs_human_check,energiers.gr,Energiers,https://energiers.gr/index.php?route,Δωροκάρτες,80,1,Δωροκάρτες Energiers. Πόσες φορές δεν αναρωτηθήκατε εάν επιλέξατε το σωστό μέγεθος ή στυλ ρούχου που ταιριάζει στον μικρό σας παραλήπτη; Μην προβληματίζεστε ...,data\discovery\focused-harvest-v7\clean-v7\review.csv | data\discovery\focused-harvest-v7-run1-backup\clean-v7\review.csv | data\discovery\mass-harvest-v5\clean-v5.1\review.csv | data\discovery\mass-harvest-v5\clean-v5.2\manual-review.csv | data\discovery\mass-harvest-v5\clean-v5.3\global-review.csv | data\discovery\mass-harvest-v5\clean-v5.4\review.csv | data\discovery\mass-harvest-v5\clean-v5.5\review.csv | data\discovery\mega-harvest-v6\clean-v6\review.csv
REVIEW,plausible_giftcard_but_needs_human_check,energyin.gr,"Με αγορά LG TWINWash, δωροεπιταγή έως €150 για ...",https://energyin.gr/2018/10/15/%CE%BC%CE%B5-%CE%B1%CE%B3%CE%BF%CF%81%CE%AC-lg-twinwash-%CE%B4%CF%89%CF%81%CE%BF%CE%B5%CF%80%CE%B9%CF%84%CE%B1%CE%B3%CE%AE-%CE%AD%CF%89%CF%82-e150-%CE%B3%CE%B9%CE%B1-%CE%B1%CE%B3%CE%BF%CF%81%CE%AD/,"Με αγορά LG TWINWash, δωροεπιταγή έως €150 για ...",85,6,"Από τη σήμερα 15 Οκτωβρίου μέχρι τις 15 Νοεμβρίου, η LG Electronics ... δωροκάρτα INTERSPORT αξίας έως 150€. Στην προωθητική ενέργεια ...",data\discovery\mass-harvest-v5\clean-v5.1\review.csv | data\discovery\mass-harvest-v5\clean-v5.2\manual-review.csv | data\discovery\mass-harvest-v5\clean-v5.3\global-review.csv | data\discovery\mass-harvest-v5\clean-v5.4\review.csv | data\discovery\mass-harvest-v5\clean-v5.5\review.csv | data\discovery\mega-harvest-v6\clean-v6\review.csv | data\discovery\review-universe-v1\still-review.csv
REVIEW,plausible_giftcard_but_needs_human_check,enoajewellery.com,€20 Énoa Jewellery Studio Gift Card,https://enoajewellery.com/products/20-enoa-jewellery-studio-gift-card?srsltid=AfmBOopGTtSy7L_qDgARaYVTIWWlesfB38kRpcDnFc7Hm5T77SMJknQh,€20 Énoa Jewellery Studio Gift Card,70,1,"Watches · Necklaces · Rings · Earrings · Bracelets · FESTINA · Men's Watches · LOTUS · Lotus ... Peristeri, Attiki 12131. Greece. Orders selected for in-store ...",data\discovery\mega-harvest-v6\clean-v6\review.csv | data\discovery\review-universe-v3\manual-review.csv
REVIEW,plausible_giftcard_but_needs_human_check,ensun.io,Top 17 Gift Card Manufacturers in Netherlands (2026),https://ensun.io/search/gift-card/netherlands,Top 17 Gift Card Manufacturers in Netherlands (2026),100,4,"Discover all relevant Gift Card Manufacturers in Netherlands, including giftcards.group and Eatcard Hospitality Reinvented.",data\discovery\mass-harvest-v5\clean-v5.2\global-review.csv | data\discovery\mass-harvest-v5\clean-v5.3\global-review.csv | data\discovery\mass-harvest-v5\clean-v5.4\review.csv | data\discovery\mass-harvest-v5\clean-v5.5\review.csv | data\discovery\review-universe-v1\still-review.csv
REVIEW,plausible_giftcard_but_needs_human_check,entoyment.co.uk,Entoyment Digital Gift Voucher,https://entoyment.co.uk/products/entoyment-gift-card?srsltid=AfmBOoq_ONjC2P2RPREv5XE8Tecw_QSOnxHRUTsCUDFNUHIm4xwFC_eF,Entoyment Digital Gift Voucher,100,5,Entoyment Wargaming and Hobby Centre. Entoyment Digital Gift Voucher. Entoyment Digital Gift Voucher. Regular price £10.00 GBP. Regular price Sale price £10.00 ...,data\discovery\mass-harvest-v5\clean-v5.2\global-review.csv | data\discovery\mass-harvest-v5\clean-v5.3\global-review.csv | data\discovery\mass-harvest-v5\clean-v5.4\review.csv | data\discovery\mass-harvest-v5\clean-v5.5\review.csv | data\discovery\mega-harvest-v6\clean-v6\review.csv | data\discovery\review-universe-v1\still-review.csv | data\discovery\review-universe-v5\manual-review.csv
REVIEW,plausible_giftcard_but_needs_human_check,epay.de,epay launches gift card solution for ABOUT YOU in Europe,https://epay.de/en/epay-introduces-gift-card-solution-for-about-you-in-europe/,epay launches gift card solution for ABOUT YOU in Europe,100,1,"Euronet unit epay introduces gift card solution for ABOUT YOU in Europe. ABOUT YOU. As a new growth booster for the fashion-tech start-up, the ...",data\discovery\mass-harvest-v5\clean-v5.2\global-review.csv | data\discovery\mass-harvest-v5\clean-v5.3\global-review.csv | data\discovery\mass-harvest-v5\clean-v5.4\review.csv | data\discovery\mass-harvest-v5\clean-v5.5\review.csv
REVIEW,plausible_giftcard_but_needs_human_check,epivatesproastiakou.gr,Adelaide Zero Latency Gift Voucher ...,https://www.epivatesproastiakou.gr/product-similar-image/?7784769011110,Adelaide Zero Latency Gift Voucher ...,80,1,... Gift Voucher Overview ... adelaide zero latency gift voucher ... tech fleece shorts nike men&#039;s sportswear shorts ...,data\discovery\mega-harvest-v6\clean-v6\review.csv | data\discovery\review-universe-v1\still-review.csv | data\discovery\review-universe-v4-1\manual-review.csv
REVIEW,plausible_giftcard_but_needs_human_check,ergo-horeca.gr,Αγοράστε μία Δωροεπιταγή,https://ergo-horeca.gr/index.php?route,Αγοράστε μία Δωροεπιταγή,85,2,"Εξοπλισμοί Κουζίνας, Bar, Cafe, Πιτσαρίας, Ζαχαροπλαστείου, Κρεοπωλείου ... Αυτή η δωροεπιταγή θα αποσταλεί μέ e-mail στον παραλήπτη αφού ολοκληρωθεί ή πληρωμή ...",data\discovery\focused-harvest-v7\clean-v7\review.csv | data\discovery\focused-harvest-v7-run1-backup\clean-v7\review.csv | data\discovery\review-universe-v1\still-review.csv | data\discovery\review-universe-v4-1\manual-review.csv
REVIEW,plausible_giftcard_but_needs_human_check,ersanails.com,Ersa Nails Gift Card,https://ersanails.com/products/ersa-nails-gift-card?srsltid=AfmBOoos23SPMxkmdkd4W1ye6XPxxhstlZy1_zTdo3OTR_STGD2F3HHA,Ersa Nails Gift Card,100,1,"Give the gift of flawless, trendy nails with the Ersa Nails E-Gift Card ... Greece (EUR€); Hong Kong SAR (HKD$); Hungary (HUFFt); Iceland (ISKkr); India (INR ...",data\discovery\mega-harvest-v6\clean-v6\review.csv | data\discovery\review-universe-v3\manual-review.csv
REVIEW,plausible_giftcard_but_needs_human_check,escapeventure.com,Escape Room Gift Voucher for Magdeburg,https://www.escapeventure.com/en/escape-room-magdeburg-gift-voucher?srsltid=AfmBOopeZ_DKIUcxhCjJ508KUZUSfIA3kAI8dFzPFDbIwDXyDRbf3hnX,Escape Room Gift Voucher for Magdeburg,100,5,Escape Room Gift Voucher for Magdeburg · ⏱️ Digital in minutes · Flexible redemption · Valid for 3 years.,data\discovery\mass-harvest-v5\clean-v5.2\global-review.csv | data\discovery\mass-harvest-v5\clean-v5.3\global-review.csv | data\discovery\mass-harvest-v5\clean-v5.4\review.csv | data\discovery\mass-harvest-v5\clean-v5.5\review.csv | data\discovery\mega-harvest-v6\clean-v6\review.csv | data\discovery\review-universe-v1\still-review.csv | data\discovery\review-universe-v5\manual-review.csv
REVIEW,plausible_giftcard_but_needs_human_check,eshop.handospa.gr,"Buy a Gift Card | Hando Massage & Spa in Athens, Greece",https://eshop.handospa.gr/,"Buy a Gift Card | Hando Massage & Spa in Athens, Greece",85,3,valentines day massage gift card. Valentine's Gift Card. Couples Candle Massage (60 mins body massage & 10 mins head massage). 150 € / 70' session. Select ...,data\discovery\focused-harvest-v7\clean-v7\review.csv | data\discovery\focused-harvest-v7-run1-backup\clean-v7\review.csv | data\discovery\mega-harvest-v6\clean-v6\review.csv | data\discovery\review-universe-v1\still-review.csv
REVIEW,plausible_giftcard_but_needs_human_check,esncard.org,Zalando Gift Cards,https://www.esncard.org/discount/zalando-gift-cards,Zalando Gift Cards,100,4,"Zalando is Europe's leading online fashion and lifestyle platform, offering ... The €10-€15 gift card can be redeemed once, while the 10% discount applies each ...",data\discovery\mass-harvest-v5\clean-v5.2\global-review.csv | data\discovery\mass-harvest-v5\clean-v5.3\global-review.csv | data\discovery\mass-harvest-v5\clean-v5.4\review.csv | data\discovery\mass-harvest-v5\clean-v5.5\review.csv | data\discovery\review-universe-v1\still-review.csv | data\discovery\review-universe-v5\manual-review.csv
REVIEW,plausible_giftcard_but_needs_human_check,etheras-toys.gr,Etheras,https://etheras-toys.gr/product/%CE%B4%CF%89%CF%81%CE%BF%CE%BA%CE%AC%CF%81%CF%84%CE%B1-etheras/?srsltid=AfmBOoql00OGH7cZaSMC_H0rBs2vHxsG-eGAbIfgcMCCPA902H5n-rGR,Δωροκάρτα Etheras,80,8,"Etheras Toys > Προϊόντα > Δωροκάρτα Etheras.. Δωροκάρτα Etheras. 15,00 € – 150,00 € Price range: 15,00 € through 150,00 €. Ποσό.",data\discovery\focused-harvest-v7\clean-v7\review.csv | data\discovery\focused-harvest-v7-run1-backup\clean-v7\review.csv | data\discovery\mass-harvest-v5\clean-v5.1\review.csv | data\discovery\mass-harvest-v5\clean-v5.2\manual-review.csv | data\discovery\mass-harvest-v5\clean-v5.3\global-review.csv | data\discovery\mass-harvest-v5\clean-v5.4\review.csv | data\discovery\mass-harvest-v5\clean-v5.5\review.csv | data\discovery\mega-harvest-v6\clean-v6\review.csv | data\discovery\review-universe-v1\still-review.csv | data\discovery\review-universe-v4-1\manual-review.csv
REVIEW,plausible_giftcard_but_needs_human_check,etq-amsterdam.com,ETQ Amsterdam Gift Card - Virtual Gift Voucher,https://www.etq-amsterdam.com/products/gift-card,ETQ Amsterdam Gift Card - Virtual Gift Voucher,65,1,"Sneakers. Loafers Men. Loafers. Runners. Desert ... Greece, Hong Kong SAR, Hungary, Iceland, Ireland, Italy, Latvia, Liechtenstein ...",data\discovery\mega-harvest-v6\clean-v6\review.csv | data\discovery\review-universe-v3\manual-review.csv
REVIEW,plausible_giftcard_but_needs_human_check,etsy.com,Ferry Boat Gift Voucher: Customizable Ticket (digital Product),https://www.etsy.com/ie/listing/4367110822/ferry-boat-gift-voucher-customizable,Ferry Boat Gift Voucher: Customizable Ticket (digital Product),100,1,May include: A ferry ride gift voucher ... Ferry Boat Gift Voucher: Customizable Ticket (Digital Product); Editable Instant Download ... Tickets to Greece Gift - ...,data\discovery\mass-harvest-v5\clean-v5.5\review.csv
REVIEW,plausible_giftcard_but_needs_human_check,eu.globebrand.com,Gift Card - Globe Europe,https://eu.globebrand.com/products/gift-card,Gift Card - Globe Europe,100,4,Shop All Clothing New Arrivals Sale Gift Card. APPAREL. CLOTHING. APPAREL. Shop ... Globe Europe. NEW ARRIVALS NEW ARRIVALS NEW PRODUCTS Shop All New Shop ...,data\discovery\mass-harvest-v5\clean-v5.2\global-review.csv | data\discovery\mass-harvest-v5\clean-v5.3\global-review.csv | data\discovery\mass-harvest-v5\clean-v5.4\review.csv | data\discovery\mass-harvest-v5\clean-v5.5\review.csv | data\discovery\review-universe-v1\still-review.csv | data\discovery\review-universe-v5\manual-review.csv
REVIEW,plausible_giftcard_but_needs_human_check,eu.refybeauty.com,Gift Card - Digital,https://eu.refybeauty.com/products/gift-card-digital,Gift Card - Digital,100,4,"The REFY Digital Gift Card is the perfect present for any beauty lover. Straight to the recipient inbox to shop their REFY favourites any time, anywhere.",data\discovery\mass-harvest-v5\clean-v5.2\global-review.csv | data\discovery\mass-harvest-v5\clean-v5.3\global-review.csv | data\discovery\mass-harvest-v5\clean-v5.4\review.csv | data\discovery\mass-harvest-v5\clean-v5.5\review.csv | data\discovery\review-universe-v1\still-review.csv | data\discovery\review-universe-v5\manual-review.csv
REVIEW,plausible_giftcard_but_needs_human_check,eu.thefrankieshop.com,Eu,https://eu.thefrankieshop.com/products/e-gift-card,E-Gift Card,100,4,... gift card purchases. ... Europe. Aland IslandsEUR. AlbaniaUSD. AndorraEUR. AustriaEUR. BelgiumEUR.,data\discovery\mass-harvest-v5\clean-v5.2\global-review.csv | data\discovery\mass-harvest-v5\clean-v5.3\global-review.csv | data\discovery\mass-harvest-v5\clean-v5.4\review.csv | data\discovery\mass-harvest-v5\clean-v5.5\review.csv | data\discovery\review-universe-v1\still-review.csv | data\discovery\review-universe-v5\manual-review.csv
REVIEW,plausible_giftcard_but_needs_human_check,eu.upcirclebeauty.com,UpCircle Gift Card,https://eu.upcirclebeauty.com/products/gift-card,UpCircle Gift Card,100,4,Easy to order and you get the e-gift card instantly - great for presents! Review for UpCircle Beauty E-Gift Card - £10 from UpCircle Beauty.,data\discovery\mass-harvest-v5\clean-v5.2\global-review.csv | data\discovery\mass-harvest-v5\clean-v5.3\global-review.csv | data\discovery\mass-harvest-v5\clean-v5.4\review.csv | data\discovery\mass-harvest-v5\clean-v5.5\review.csv | data\discovery\review-universe-v1\still-review.csv | data\discovery\review-universe-v5\manual-review.csv
REVIEW,plausible_giftcard_but_needs_human_check,europe.giftpay.com,GiftPay Gift Cards Europe | Instant Online eVouchers,https://europe.giftpay.com/,GiftPay Gift Cards Europe | Instant Online eVouchers,85,1,"Gifts are delivered to recipients via email in an instant. Recipients can then open their online gift card on any smartphone, tablet, laptop or desktop computer ...",data\discovery\mass-harvest-v5\clean-v5.1\review.csv | data\discovery\mass-harvest-v5\clean-v5.2\manual-review.csv | data\discovery\mass-harvest-v5\clean-v5.3\global-review.csv | data\discovery\mass-harvest-v5\clean-v5.4\review.csv | data\discovery\mass-harvest-v5\clean-v5.5\review.csv | data\discovery\mega-harvest-v6\clean-v6\review.csv
REVIEW,plausible_giftcard_but_needs_human_check,europosters.gr,Europosters,https://europosters.gr,"Poster Team Gerry Calligraphy Illustration for Gift Card, Label ...",,1,"Wave2Bucket=HIGH_SAFE | Wave2Score=80 | Wave2Reasons=GIFT_TITLE | PURCHASE_SIGNAL | GREEK_DOMAIN | MULTI_QUERY | MULTI_HIT | Queries=site:.gr stationery ""gift card"" | site:.gr photography ""gift card"" | site:.gr λουλούδια ""gift card"" | Imported to DISCOVERED only; requires verification before production.",DB:DISCOVERED:cmt9y15uh000ipwiycaqh9fck
REVIEW,plausible_giftcard_but_needs_human_check,eventuria.travel,Easy Online Gift Vouchers | Eventuria.Travel,https://eventuria.travel/en/landing/9177/gift-voucher,Easy Online Gift Vouchers | Eventuria.Travel,100,4,"A gift voucher is more than a refined gesture. It's an invitation to a ... It's valid for concerts, sports, festivals and holidays in Romania or abroad.",data\discovery\mass-harvest-v5\clean-v5.2\global-review.csv | data\discovery\mass-harvest-v5\clean-v5.3\global-review.csv | data\discovery\mass-harvest-v5\clean-v5.4\review.csv | data\discovery\mass-harvest-v5\clean-v5.5\review.csv | data\discovery\review-universe-v2\manual-review.csv
REVIEW,plausible_giftcard_but_needs_human_check,evosmofood.gr,Αγοράστε μία Δωροεπιταγή,https://evosmofood.gr/index.php?route,Αγοράστε μία Δωροεπιταγή,85,2,Αγοράστε μία Δωροεπιταγή. Αυτή η δωροεπιταγή θα αποσταλεί μέ e-mail στον παραλήπτη αφού ολοκληρωθεί ή πληρωμή σας. Όνομα παραλήπτη. E-mail παραλήπτη. Το όνομα ...,data\discovery\focused-harvest-v7\clean-v7\review.csv | data\discovery\focused-harvest-v7-run1-backup\clean-v7\review.csv | data\discovery\review-universe-v1\still-review.csv | data\discovery\review-universe-v4-1\manual-review.csv
REVIEW,plausible_giftcard_but_needs_human_check,ewelt-energie.de,Disorient Sunglasses Gift Voucher the Athens planter combines ...,https://ewelt-energie.de/?q=4071672411,Disorient Sunglasses Gift Voucher the Athens planter combines ...,80,1,Disorient Sunglasses Gift Voucher the Athens planter combines classicA subtle ... Tiny Honey Bee Studs - Gold Decor. US ...,data\discovery\mega-harvest-v6\clean-v6\review.csv | data\discovery\review-universe-v1\still-review.csv | data\discovery\review-universe-v4\still-review.csv
REVIEW,plausible_giftcard_but_needs_human_check,eworkshop.gr,Δωροκάρτα - Work Shop - Workshop,https://eworkshop.gr/product/%CE%B4%CF%89%CF%81%CE%BF%CE%BA%CE%AC%CF%81%CF%84%CE%B1/,Δωροκάρτα - Work Shop - Workshop,85,5,Δε μπορείτε να βρείτε το τέλειο δώρο; H δωροκάρτα WORKSHOP είναι το ιδανικό ΔΩΡΟ για κάθε περίσταση ... Smart Tools · Φαρμακεία · Φακοί · Εξειδικευμένα Αξεσουάρ.,data\discovery\mass-harvest-v5\clean-v5.1\review.csv | data\discovery\mass-harvest-v5\clean-v5.2\manual-review.csv | data\discovery\mass-harvest-v5\clean-v5.3\global-review.csv | data\discovery\mass-harvest-v5\clean-v5.4\review.csv | data\discovery\mass-harvest-v5\clean-v5.5\review.csv | data\discovery\review-universe-v1\still-review.csv | data\discovery\review-universe-v4-1\manual-review.csv
REVIEW,plausible_giftcard_but_needs_human_check,expedtribe.com,Gift Voucher,https://expedtribe.com/en/gift-voucher/,Gift Voucher,100,5,Gift Voucher Gift your loved ones with a real adventure! Our vouchers are ... education · Snowshoeing · Igloo Adventure. Summer. Mountaineering · Courses and ...,data\discovery\mass-harvest-v5\clean-v5.2\global-review.csv | data\discovery\mass-harvest-v5\clean-v5.3\global-review.csv | data\discovery\mass-harvest-v5\clean-v5.4\review.csv | data\discovery\mass-harvest-v5\clean-v5.5\review.csv | data\discovery\mega-harvest-v6\clean-v6\review.csv | data\discovery\review-universe-v1\still-review.csv | data\discovery\review-universe-v5\manual-review.csv
REVIEW,plausible_giftcard_but_needs_human_check,ezliving-interiors.ie,EZ Living Gift Voucher,https://www.ezliving-interiors.ie/ez-living-gift-voucher,EZ Living Gift Voucher,100,5,... Gift Voucher Buy Gift Voucher. Buy a loved one a gift voucher from EZ Living ... furniture · Let's Get Social @ezlivinginteriors. €10 off your first order*.,data\discovery\mass-harvest-v5\clean-v5.2\global-review.csv | data\discovery\mass-harvest-v5\clean-v5.3\global-review.csv | data\discovery\mass-harvest-v5\clean-v5.4\review.csv | data\discovery\mass-harvest-v5\clean-v5.5\review.csv | data\discovery\mega-harvest-v6\clean-v6\review.csv | data\discovery\review-universe-v1\still-review.csv | data\discovery\review-universe-v5\manual-review.csv
REVIEW,plausible_giftcard_but_needs_human_check,facetheory.com,Facetheory Digital Gift Card,https://www.facetheory.com/en-gb/products/facetheory-gift-card?srsltid=AfmBOoosqd5zTK0gk_BbC5mV034BHa2nqIgzTx10lp7SJEuMUfmL8IYj,Facetheory Digital Gift Card,65,1,"Greece, Guernsey, Hong Kong SAR, Hungary, Iceland, Ireland, Isle of Man, Italy, Japan, Jersey, Latvia ... SKINCARE QUIZ. Find your best skincare routine. GET ...",data\discovery\mega-harvest-v6\clean-v6\review.csv | data\discovery\review-universe-v3\manual-review.csv
REVIEW,plausible_giftcard_but_needs_human_check,faceyogaforall.gr,Κάρτα Δώρου Face Yoga €50,https://faceyogaforall.gr/product/%CE%BA%CE%AC%CF%81%CF%84%CE%B1-%CE%B4%CF%8E%CF%81%CE%BF%CF%85-face-yoga-e50/,Κάρτα Δώρου Face Yoga €50,85,6,"Κάρτα Δώρου Face Yoga €50 · Συμπληρώστε τα απαιτούμενα πεδία (αποστολέα, μήνυμα, email παραλήπτη), ολοκληρώστε την αγορά σας και η Gift Card θα σταλεί ...",data\discovery\mass-harvest-v5\clean-v5.1\review.csv | data\discovery\mass-harvest-v5\clean-v5.2\manual-review.csv | data\discovery\mass-harvest-v5\clean-v5.3\global-review.csv | data\discovery\mass-harvest-v5\clean-v5.4\review.csv | data\discovery\mass-harvest-v5\clean-v5.5\review.csv | data\discovery\mega-harvest-v6\clean-v6\review.csv | data\discovery\review-universe-v1\still-review.csv | data\discovery\review-universe-v4-1\manual-review.csv
REVIEW,plausible_giftcard_but_needs_human_check,fairmont.com,Luxury Hotel & Spa Gift Cards,https://www.fairmont.com/en/gift-card.html,Luxury Hotel & Spa Gift Cards,100,4,"Give the gift of luxury with a Fairmont hotel gift card, redeemable worldwide for stays, dining, spa and golf ... Switzerland. Geneva - Grand Hotel Geneva ...",data\discovery\mass-harvest-v5\clean-v5.2\global-review.csv | data\discovery\mass-harvest-v5\clean-v5.3\global-review.csv | data\discovery\mass-harvest-v5\clean-v5.4\review.csv | data\discovery\mass-harvest-v5\clean-v5.5\review.csv | data\discovery\review-universe-v1\still-review.csv | data\discovery\review-universe-v5\global-greece-review.csv
REVIEW,plausible_giftcard_but_needs_human_check,fashion-arena.cz,Gift Card,https://www.fashion-arena.cz/en/gift-cards,Gift Card,100,4,"WHAT IS THE FASHION ARENA PRAGUE OUTLET GIFT CARD AND WHERE CAN I USE IT ? ... Zamenhofova 440, Štěrboholy, 108 00 Praha 10, Czech Republic +420 606 069 307.",data\discovery\mass-harvest-v5\clean-v5.2\global-review.csv | data\discovery\mass-harvest-v5\clean-v5.3\global-review.csv | data\discovery\mass-harvest-v5\clean-v5.4\review.csv | data\discovery\mass-harvest-v5\clean-v5.5\review.csv | data\discovery\review-universe-v1\still-review.csv | data\discovery\review-universe-v5\manual-review.csv
REVIEW,plausible_giftcard_but_needs_human_check,fashionnoiz.com,Check here how much credits your Gift Card has left!,https://www.fashionnoiz.com/giftcards/buy,Check here how much credits your Gift Card has left!,100,3,You can optionally add the e-mail of the person you want your Gift Card to be sent and a personalized message for him. ... Kifisia. © fashionnoiz 2018 comodo- ...,data\discovery\focused-harvest-v7\clean-v7\review.csv | data\discovery\focused-harvest-v7-run1-backup\clean-v7\review.csv | data\discovery\mega-harvest-v6\clean-v6\review.csv | data\discovery\review-universe-v1\still-review.csv | data\discovery\review-universe-v5\manual-review.csv
REVIEW,plausible_giftcard_but_needs_human_check,fay.com,Gift Card | Fay,https://www.fay.com/gr-en/add-gift-card/,Gift Card | Fay,100,1,"HOW IS AN ORDER PAID WITH A GIFT CARD AND ANY ADDITIONAL PAYMENT METHOD, REFUNDED? ... Greece · Holland · Hungary · Iceland · Ireland · Italy · Latvia · Lithuania.",data\discovery\mega-harvest-v6\clean-v6\review.csv | data\discovery\review-universe-v1\still-review.csv | data\discovery\review-universe-v5-1\manual-review.csv
REVIEW,plausible_giftcard_but_needs_human_check,feelsilki.com,Gift Voucher,https://feelsilki.com/collections/gift-voucher?srsltid=AfmBOorZXHTAo6_LM0Ned2xmbXMz48o9l2OIqvI-soW4i0VO8TV9C9Oz,Gift Voucher,100,1,All Haircare · All Bodycare · The Mini Collection · Lip Care. Product Type ... Gift Voucher. Silki gift Card Choose options. Silki Gift Card Sale priceFrom R ...,data\discovery\mega-harvest-v6\clean-v6\review.csv | data\discovery\review-universe-v1\still-review.csv | data\discovery\review-universe-v5\manual-review.csv
REVIEW,plausible_giftcard_but_needs_human_check,femmefashion.gr,Αγοράστε μία Δωροεπιταγή - FemmeFashion,https://www.femmefashion.gr/index.php?route,Αγοράστε μία Δωροεπιταγή - FemmeFashion,85,1,Αγοράστε μία Δωροεπιταγή. Αυτή η δωροεπιταγή θα αποσταλεί μέ e-mail στον παραλήπτη αφού ολοκληρωθεί ή πληρωμή σας. Όνομα παραλήπτη.,data\discovery\focused-harvest-v7\clean-v7\review.csv | data\discovery\focused-harvest-v7-run1-backup\clean-v7\review.csv
REVIEW,plausible_giftcard_but_needs_human_check,fenomilano.com,Δωροκάρτα (Gift card) - Δερμάτινα & Sneakers,https://fenomilano.com/product/giftcard/,Δωροκάρτα (Gift card) - Δερμάτινα & Sneakers,100,1,Ανδρικά Παπούτσια | Δερμάτινα & Sneakers – Fenomilano · 0Καλάθι · Ανδρικά Παπούτσια ... Κουπόνι 15% Έκπτωση! Fenomilano Β2Β · Δωροκάρτα (Gift card). ΧΡΗΣΙΜΕΣ ...,data\discovery\mega-harvest-v6\clean-v6\review.csv | data\discovery\review-universe-v1\still-review.csv | data\discovery\review-universe-v5\manual-review.csv
REVIEW,plausible_giftcard_but_needs_human_check,feraobscura.com,Tattoo gift card,https://feraobscura.com/en/products/tatuointilahjakortti-1,Tattoo gift card,80,1,Digital gift card. You will receive a gift card as an attachment to your email after ordering. The service is provided by your chosen tattoo artist (Fera ...,data\discovery\mega-harvest-v6\clean-v6\review.csv | data\discovery\review-universe-v1\still-review.csv | data\discovery\review-universe-v4\still-review.csv
REVIEW,plausible_giftcard_but_needs_human_check,ferkosfinejewelry.com,Ferko's Digital Gift Card,https://ferkosfinejewelry.com/products/gift-card-1?srsltid=AfmBOooyUTWKe1JqO6ZTb013BXNhZnM7n3l3Ni3Rt7TISVPbkYWALwT2,Ferko's Digital Gift Card,100,1,Ferko's Digital Gift Card: Experience luxury and quality by Ferko's Fine Jewelry. A must-have piece for refined taste. Buy now!,data\discovery\focused-harvest-v7-run1-backup\clean-v7\review.csv | data\discovery\review-universe-v1\still-review.csv | data\discovery\review-universe-v5\manual-review.csv
REVIEW,plausible_giftcard_but_needs_human_check,ferry-guide.com,Stena Line - buy gift voucher - Faehren.net,https://ferry-guide.com/shipping-companies/stena-line/stena-line-gift-voucher-buy-gift-voucher/,Stena Line - buy gift voucher - Faehren.net,100,5,"Stena Line voucher for ferry crossings, short trips and hotel bookings. With the Stena Line gift voucher you can make your loved ones happy, ...",data\discovery\mass-harvest-v5\clean-v5.2\global-review.csv | data\discovery\mass-harvest-v5\clean-v5.3\global-review.csv | data\discovery\mass-harvest-v5\clean-v5.4\review.csv | data\discovery\mass-harvest-v5\clean-v5.5\review.csv | data\discovery\mega-harvest-v6\clean-v6\review.csv | data\discovery\review-universe-v1\still-review.csv
REVIEW,plausible_giftcard_but_needs_human_check,figcstore.com,GIFT CARD,https://www.figcstore.com/cz/gift-card,GIFT CARD,100,4,"- Choose the Gift Card amount that you wish to give · - Enter your information, and the recipient's name and e-mail · - Write your personal message · - Add to cart ...",data\discovery\mass-harvest-v5\clean-v5.2\global-review.csv | data\discovery\mass-harvest-v5\clean-v5.3\global-review.csv | data\discovery\mass-harvest-v5\clean-v5.4\review.csv | data\discovery\mass-harvest-v5\clean-v5.5\review.csv | data\discovery\review-universe-v1\still-review.csv | data\discovery\review-universe-v5\manual-review.csv
REVIEW,plausible_giftcard_but_needs_human_check,filotimo-concept.de,PURPLE RUBY KING ❘ Δωροκάρτα - Floral Ευχαριστώ,https://filotimo-concept.de/el/products/lila-ruby-king-_-giftcard-flowers-thank-you?srsltid=AfmBOoonq-onNr_m8Snb1NZ_uvkG64uRObb2jcHWepaWo2S1Ecoh24AJ,PURPLE RUBY KING ❘ Δωροκάρτα - Floral Ευχαριστώ,100,1,"Δωροκάρτα - floral ευχαριστώ ; Προμηθευτής LILA RUBY KING ; FILOTIMO Concept Store Freiburg. Konviktstraße 14, 79098 Φράιμπουργκ. Ώρες λειτουργίας. Δευτέρα - ...",data\discovery\mega-harvest-v6\clean-v6\review.csv | data\discovery\review-universe-v1\still-review.csv | data\discovery\review-universe-v5\manual-review.csv
REVIEW,plausible_giftcard_but_needs_human_check,fincaskinorganics.com,Christmas Skincare Gift Voucher,https://www.fincaskinorganics.com/products/christmas-skincare-gift-voucher?srsltid=AfmBOoqeBEish5YO_GYsd6aWK5mkAvdoKg1YHb86jmWYCrzWQRhqi8-0,Christmas Skincare Gift Voucher,100,1,"Christmas Skincare Gift Voucher ; Our before & afters. See why thousands of people trust Finca Skin Organics. Soothe rosacea and sensitive skin with gentle, ...",data\discovery\mega-harvest-v6\clean-v6\review.csv | data\discovery\review-universe-v1\still-review.csv | data\discovery\review-universe-v5\manual-review.csv
REVIEW,plausible_giftcard_but_needs_human_check,firstclasswatches.co.uk,First Class Watches Gift Vouchers,https://www.firstclasswatches.co.uk/giftvouchers.php?srsltid=AfmBOopQXNun7SM8C4PRBhkNMmFHJ5O7aUd-JDBO_TilaJoB14nuzCM3,First Class Watches Gift Vouchers,100,5,The gift voucher will be delivered by post once the order is verified and charged by First Class Watches' staff. The gift card will be valid for 2 years.,data\discovery\mass-harvest-v5\clean-v5.2\global-review.csv | data\discovery\mass-harvest-v5\clean-v5.3\global-review.csv | data\discovery\mass-harvest-v5\clean-v5.4\review.csv | data\discovery\mass-harvest-v5\clean-v5.5\review.csv | data\discovery\mega-harvest-v6\clean-v6\review.csv | data\discovery\review-universe-v1\still-review.csv | data\discovery\review-universe-v5\manual-review.csv
REVIEW,plausible_giftcard_but_needs_human_check,fivefashion.gr,Fivefashion,https://fivefashion.gr,Υπόλοιπο δωροκάρτας,,1,"Wave2Bucket=HIGH_SAFE | Wave2Score=70 | Wave2Reasons=GIFT_TITLE | GREEK_DOMAIN | MULTI_QUERY | MULTI_HIT | Queries=site:.gr fashion ""gift card"" | ""gift card"" Greece fashion | Imported to DISCOVERED only; requires verification before production.",DB:DISCOVERED:cmt9y192s001epwiytuqz6p5z
REVIEW,plausible_giftcard_but_needs_human_check,flareaudio.com,Gift Card,https://www.flareaudio.com/en-eu/products/gift-card?srsltid=AfmBOoo-sZTTJmS6tojEgyFnvF8Zdk1mlbJZG529EuBWhutfzz5cM6vi,Gift Card,100,1,Give them the gift of choice with a Flare Audio gift card. Gift cards are delivered by email and contain instructions to redeem them at checkout. Our gift cards ...,data\discovery\mega-harvest-v6\clean-v6\review.csv | data\discovery\review-universe-v1\still-review.csv | data\discovery\review-universe-v5\manual-review.csv
REVIEW,plausible_giftcard_but_needs_human_check,flavourofitaly.net,Travel Gift Voucher,https://www.flavourofitaly.net/21-travel-gift-voucher,Travel Gift Voucher,100,4,> Travel Gift Voucher. Travel Gift Voucher. Give your loved ones a dream holiday in Italy! Travel Gift Voucher There are no products in this category.,data\discovery\mass-harvest-v5\clean-v5.2\global-review.csv | data\discovery\mass-harvest-v5\clean-v5.3\global-review.csv | data\discovery\mass-harvest-v5\clean-v5.4\review.csv | data\discovery\mass-harvest-v5\clean-v5.5\review.csv | data\discovery\review-universe-v1\still-review.csv | data\discovery\review-universe-v5\manual-review.csv
REVIEW,plausible_giftcard_but_needs_human_check,flemings-mayfair.co.uk,Luxury Hotel Gift Vouchers Mayfair - London,https://www.flemings-mayfair.co.uk/information/gift-vouchers,Luxury Hotel Gift Vouchers Mayfair - London,100,1,"The ideal gift for a loved one, a gift voucher for Flemings Mayfair Hotel can be redeemed on a sumptuous and delicious meal in our luxury restaurant Ormer ...",data\discovery\focused-harvest-v7-run1-backup\clean-v7\review.csv | data\discovery\review-universe-v1\still-review.csv | data\discovery\review-universe-v5\manual-review.csv
REVIEW,plausible_giftcard_but_needs_human_check,fleximart.ae,Buy Airline Gift Card GREECE 500 EUR,https://fleximart.ae/product/airline-gift-card-greece-500-eur,Buy Airline Gift Card GREECE 500 EUR,100,1,Airline Gift Card GREECE 500 EUR ... Buy Airline Gift Cards Online in Fleximart! Choose from large selection of eGift cards & Vouchers and surprise your friends ...,data\discovery\mass-harvest-v5\clean-v5.5\review.csv
REVIEW,plausible_giftcard_but_needs_human_check,flightgift.com,Flightgift: The Best Airline Gift Card for Flexibility,https://www.flightgift.com/,Flightgift: The Best Airline Gift Card for Flexibility,80,6,"With worldwide shipping and 24/7 customer support, Flightgift is the ultimate airline gift card for every journey. ... Evmolpidon 2311854 AthensGreece. us.",data\discovery\mass-harvest-v5\clean-v5.1\review.csv | data\discovery\mass-harvest-v5\clean-v5.2\manual-review.csv | data\discovery\mass-harvest-v5\clean-v5.3\global-review.csv | data\discovery\mass-harvest-v5\clean-v5.4\review.csv | data\discovery\mass-harvest-v5\clean-v5.5\review.csv | data\discovery\mega-harvest-v6\clean-v6\review.csv | data\discovery\review-universe-v2\manual-review.csv
REVIEW,plausible_giftcard_but_needs_human_check,floracurl.co.uk,Flora & Curl's Digital Gift Card,https://floracurl.co.uk/products/gift-card?srsltid=AfmBOooOhA38oVx61iAWj1X4drPd10-UqkhQwYyY0iuzaXKYZCPz7Ixb,Flora & Curl's Digital Gift Card,70,1,"... haircare that truly nourishes, hydrates and restores dry & damaged curls! ... Greece, Guernsey, Hungary, Iceland, Ireland, Isle of Man, Italy, Jersey, Kosovo ...",data\discovery\mega-harvest-v6\clean-v6\review.csv | data\discovery\review-universe-v1\still-review.csv | data\discovery\review-universe-v5-1\manual-review.csv
REVIEW,plausible_giftcard_but_needs_human_check,floresin.com,Δωροκάρτα Floresin,https://floresin.com/shop/gift-card-floresin/,Δωροκάρτα Floresin,100,1,Η Δωροκάρτα Floresin είναι ο πιο απλός και κομψός τρόπος για να κάνεις δώρο. Με τη φρεσκάδα των πιο όμορφων λουλουδιών που φέρνουν χαμόγελα. ​ Ιδανική για ...,data\discovery\mega-harvest-v6\clean-v6\review.csv | data\discovery\review-universe-v2\manual-review.csv
REVIEW,plausible_giftcard_but_needs_human_check,flowers-balloons.gr,Αγοράστε μία Δωροεπιταγή,https://flowers-balloons.gr/index.php?route,Αγοράστε μία Δωροεπιταγή,85,2,"... Flowers Balloons · 0. 0,00€. Το καλάθι αγορών είναι ... Αυτή η δωροεπιταγή θα αποσταλεί μέ e-mail στον παραλήπτη αφού ολοκληρωθεί ή πληρωμή σας. ... flowers ...",data\discovery\focused-harvest-v7\clean-v7\review.csv | data\discovery\focused-harvest-v7-run1-backup\clean-v7\review.csv | data\discovery\review-universe-v1\still-review.csv | data\discovery\review-universe-v4-1\manual-review.csv
REVIEW,plausible_giftcard_but_needs_human_check,flowyoga.ie,Wellness Gift Vouchers | Yoga & Holistic Gifts at Setu Studio,https://flowyoga.ie/vouchers/,Wellness Gift Vouchers | Yoga & Holistic Gifts at Setu Studio,80,6,"A Setu gift voucher is an invitation to slow down. Redeemable across all of our offerings including yoga, massage and more. How it works: Simply fill in ...",data\discovery\mass-harvest-v5\clean-v5.1\review.csv | data\discovery\mass-harvest-v5\clean-v5.2\manual-review.csv | data\discovery\mass-harvest-v5\clean-v5.3\global-review.csv | data\discovery\mass-harvest-v5\clean-v5.4\review.csv | data\discovery\mass-harvest-v5\clean-v5.5\review.csv | data\discovery\mega-harvest-v6\clean-v6\review.csv | data\discovery\review-universe-v1\still-review.csv | data\discovery\review-universe-v5\manual-review.csv
REVIEW,plausible_giftcard_but_needs_human_check,flswimwear.com,GIFT CARD,https://flswimwear.com/en/products/gift-card,GIFT CARD,100,5,Looking for the perfect gift but unsure about their sizing and preferences? A gift card is the way to go! Let them choose their dream swimwear.,data\discovery\mass-harvest-v5\clean-v5.2\global-review.csv | data\discovery\mass-harvest-v5\clean-v5.3\global-review.csv | data\discovery\mass-harvest-v5\clean-v5.4\review.csv | data\discovery\mass-harvest-v5\clean-v5.5\review.csv | data\discovery\mega-harvest-v6\clean-v6\review.csv | data\discovery\review-universe-v1\still-review.csv | data\discovery\review-universe-v5\manual-review.csv
REVIEW,plausible_giftcard_but_needs_human_check,focus10.com.au,Photography Gift Vouchers,https://www.focus10.com.au/gift_voucher.php,Photography Gift Vouchers,100,5,"If you're looking for a truly unique gift idea, why not give a Focus 10 gift voucher. They can be used for any of our photography services, courses, for private ...",data\discovery\mass-harvest-v5\clean-v5.2\global-review.csv | data\discovery\mass-harvest-v5\clean-v5.3\global-review.csv | data\discovery\mass-harvest-v5\clean-v5.4\review.csv | data\discovery\mass-harvest-v5\clean-v5.5\review.csv | data\discovery\mega-harvest-v6\clean-v6\review.csv | data\discovery\review-universe-v1\still-review.csv | data\discovery\review-universe-v5\manual-review.csv
REVIEW,plausible_giftcard_but_needs_human_check,focusedevents.com,Focused Events Gift Vouchers,https://www.focusedevents.com/trip/focused-events-gift-vouchers/,Focused Events Gift Vouchers,100,1,"A Focused Events Gift Voucher is an ideal gift for all riders wanting to ride their bike (or one of our hirebikes) on a real race circuit, from complete ...",data\discovery\mega-harvest-v6\clean-v6\review.csv | data\discovery\review-universe-v2\manual-review.csv
REVIEW,plausible_giftcard_but_needs_human_check,foratravel.hoteltreats.com,Results matching your search criteria in Hotel Treats Gift Card ...,https://foratravel.hoteltreats.com/en/treats/hotel-treats-gift-card?location=13490,Results matching your search criteria in Hotel Treats Gift Card ...,100,1,A monetary gift card to spend on anything they wish! Hotel Treats Gift Card. from. €15. Buy now. Choose from our curated Hotel Treats Gift Card in Belgium. Buy ...,data\discovery\mass-harvest-v5\clean-v5.2\global-review.csv | data\discovery\mass-harvest-v5\clean-v5.3\global-review.csv | data\discovery\mass-harvest-v5\clean-v5.4\review.csv | data\discovery\mass-harvest-v5\clean-v5.5\review.csv
REVIEW,plausible_giftcard_but_needs_human_check,foreverflowering.com.au,Gift Vouchers,https://foreverflowering.com.au/collections/giftvouchers?srsltid=AfmBOor6cs2uLGlObPkIT2kv0iTIrUx7J6Vir7AzvcKqfFG0JaaBW4PH,Gift Vouchers,100,1,"If you're having trouble knowing what to choose – why not give them a Forever Flowering Gift Voucher! This way, they can decide which flowers they would like ...",data\discovery\mega-harvest-v6\clean-v6\review.csv | data\discovery\review-universe-v1\still-review.csv | data\discovery\review-universe-v5\manual-review.csv
REVIEW,plausible_giftcard_but_needs_human_check,fotoklubben.no,Employees Premium Corporate Gift Cards For ...,https://fotoklubben.no/?q=41930338021150,Gift Voucher Employees Premium Corporate Gift Cards For ...,80,2,Gift Voucher Employees Premium Corporate Gift Cards For Clients Employees In Singapore. ... Fine Jewelry · Fashion Jewelry · Women's Clothing · Accessories · High ...,data\discovery\focused-harvest-v7\clean-v7\review.csv | data\discovery\mega-harvest-v6\clean-v6\review.csv | data\discovery\review-universe-v1\still-review.csv | data\discovery\review-universe-v5\manual-review.csv
REVIEW,plausible_giftcard_but_needs_human_check,fourseasons.com,Four Seasons Gift Cards: Give the Gift of Their Dreams,https://www.fourseasons.com/magazine/discover/unique-gift-ideas/,Four Seasons Gift Cards: Give the Gift of Their Dreams,80,5,"... Gift Card ... Spanish (Spain), Chinese (Simplified), Arabic, Japanese, Russian, Chinese (Traditional), Portuguese (Brazil), Portuguese (Portugal) ...",data\discovery\mass-harvest-v5\clean-v5.1\review.csv | data\discovery\mass-harvest-v5\clean-v5.2\manual-review.csv | data\discovery\mass-harvest-v5\clean-v5.3\global-review.csv | data\discovery\mass-harvest-v5\clean-v5.4\review.csv | data\discovery\mass-harvest-v5\clean-v5.5\review.csv | data\discovery\review-universe-v2\global-brand-review.csv
REVIEW,plausible_giftcard_but_needs_human_check,fourseasons.com.cy,Gift Card,https://www.fourseasons.com.cy/gift-cards,Gift Card,100,4,Gift card €100. Terms & Conditions. • This gift card is valid ONLY at the Four Seasons Cyprus. • The gift card can be redeemed for any purchases at the Hotel ...,data\discovery\mass-harvest-v5\clean-v5.2\global-review.csv | data\discovery\mass-harvest-v5\clean-v5.3\global-review.csv | data\discovery\mass-harvest-v5\clean-v5.4\review.csv | data\discovery\mass-harvest-v5\clean-v5.5\review.csv | data\discovery\review-universe-v1\still-review.csv | data\discovery\review-universe-v5\global-greece-review.csv
REVIEW,plausible_giftcard_but_needs_human_check,foxfashioncyprus.com,FOX e,https://foxfashioncyprus.com/product-category/e-gift-card/?srsltid=AfmBOorICxGQVFbvm6LvDqO4wBn8-_Wu7SVM77zSialuyYqUkt4cS6AA,FOX e-Gift Card,100,4,FOX e-Gift Card. €20.00 – €100.00 Price range: €20.00 ... © Copyright 2026 - Fox Fashion Cyprus. Close Menu · ALL ITEMS · NEWBORN · Bodysuits ...,data\discovery\mass-harvest-v5\clean-v5.2\global-review.csv | data\discovery\mass-harvest-v5\clean-v5.3\global-review.csv | data\discovery\mass-harvest-v5\clean-v5.4\review.csv | data\discovery\mass-harvest-v5\clean-v5.5\review.csv | data\discovery\review-universe-v1\still-review.csv | data\discovery\review-universe-v5\manual-review.csv
REVIEW,plausible_giftcard_but_needs_human_check,fportugal.com,Gift Card,https://www.fportugal.com/en/products/gift-card_684.html?srsltid=AfmBOoqfix3PfLnUEyMZndFFSbB6e6O3PwqFKX-mBKnPIVbotmp65Xup,Gift Card,100,4,Select the value for the Gift Card you want to offer. · Personalize your Gift Card with our card images. · Indicate the shipping options and the recipient's data.,data\discovery\mass-harvest-v5\clean-v5.2\global-review.csv | data\discovery\mass-harvest-v5\clean-v5.3\global-review.csv | data\discovery\mass-harvest-v5\clean-v5.4\review.csv | data\discovery\mass-harvest-v5\clean-v5.5\review.csv | data\discovery\review-universe-v1\still-review.csv | data\discovery\review-universe-v5\manual-review.csv
REVIEW,plausible_giftcard_but_needs_human_check,francetourisme.fr,"Gift card : ideal for Christmas, Birthdays, Events ...",https://www.francetourisme.fr/en/gift-cards.html,"Gift card : ideal for Christmas, Birthdays, Events ...",100,4,"France Tourisme Gift - Offer a Gift card for all your events - Christmas ... The Gift Voucher or the Gift Card, two ways to give and delight! These two ...",data\discovery\mass-harvest-v5\clean-v5.2\global-review.csv | data\discovery\mass-harvest-v5\clean-v5.3\global-review.csv | data\discovery\mass-harvest-v5\clean-v5.4\review.csv | data\discovery\mass-harvest-v5\clean-v5.5\review.csv | data\discovery\review-universe-v1\still-review.csv | data\discovery\review-universe-v5\manual-review.csv
REVIEW,plausible_giftcard_but_needs_human_check,freeport.cz,Gift cards,https://www.freeport.cz/en/gift-card,Gift cards,100,4,"A gift card for the purchase of brand-name clothing and other products ... Freeport Leisure (Czech Republic), s.r.o. · Chvalovice-Hatě 196. About us. About ...",data\discovery\mass-harvest-v5\clean-v5.2\global-review.csv | data\discovery\mass-harvest-v5\clean-v5.3\global-review.csv | data\discovery\mass-harvest-v5\clean-v5.4\review.csv | data\discovery\mass-harvest-v5\clean-v5.5\review.csv | data\discovery\review-universe-v1\still-review.csv | data\discovery\review-universe-v5\manual-review.csv
REVIEW,plausible_giftcard_but_needs_human_check,freeportfashionoutlet.pt,Gift Card | Freeport Lisboa Fashion ...,https://www.freeportfashionoutlet.pt/en/gift-card-en,Gift Card | Freeport Lisboa Fashion ...,100,4,"Purchase your Gift Card valued at €30, €50, €100 or any amount selected by you between €10 and €500. The card can be collected from the Center's Information ...",data\discovery\mass-harvest-v5\clean-v5.2\global-review.csv | data\discovery\mass-harvest-v5\clean-v5.3\global-review.csv | data\discovery\mass-harvest-v5\clean-v5.4\review.csv | data\discovery\mass-harvest-v5\clean-v5.5\review.csv | data\discovery\review-universe-v1\still-review.csv | data\discovery\review-universe-v5\manual-review.csv
REVIEW,plausible_giftcard_but_needs_human_check,frenchie.gr,Δωροεπιταγή 100€,https://frenchie.gr/%CE%B4%CF%89%CF%81%CE%BF%CE%B5%CF%80%CE%B9%CF%84%CE%B1%CE%B3%CE%B5%CF%82/704-dwroepitagi100.html,Δωροεπιταγή 100€,80,5,Δωροεπιταγή 100€ ... Προσφέρετε στα αγαπημένα σας πρόσωπα δωροεπιταγή για να τους μεταδώσετετε τη χαρά που νιώθετε όταν ανοίγετε τις παραγγελίες της Frenchie !!!,data\discovery\mass-harvest-v5\clean-v5.1\review.csv | data\discovery\mass-harvest-v5\clean-v5.2\manual-review.csv | data\discovery\mass-harvest-v5\clean-v5.3\global-review.csv | data\discovery\mass-harvest-v5\clean-v5.4\review.csv | data\discovery\mass-harvest-v5\clean-v5.5\review.csv | data\discovery\review-universe-v1\still-review.csv | data\discovery\review-universe-v4-1\manual-review.csv
REVIEW,plausible_giftcard_but_needs_human_check,freraofsweden.se,Digital Gift Card - Frera Of Sweden - Your Lifestyle Store,https://freraofsweden.se/en/products/digitalt-presentkort?srsltid=AfmBOoqjkiVbJZfQlG5Q0DOVb_OYD8ftnX2_v_A7x93cj8ET2k7uo-Bs,Digital Gift Card - Frera Of Sweden - Your Lifestyle Store,85,5,Digital Gift Card – Frera of Sweden. Give the gift of choice with a digital gift card from Frera of Sweden – the perfect present for any occasion!,data\discovery\mass-harvest-v5\clean-v5.1\review.csv | data\discovery\mass-harvest-v5\clean-v5.2\manual-review.csv | data\discovery\mass-harvest-v5\clean-v5.3\global-review.csv | data\discovery\mass-harvest-v5\clean-v5.4\review.csv | data\discovery\mass-harvest-v5\clean-v5.5\review.csv | data\discovery\review-universe-v2\manual-review.csv
REVIEW,plausible_giftcard_but_needs_human_check,freyanails.com,Gift Voucher - Freya Nails Bulgaria,https://freyanails.com/en/products/podarachen-vaucher,Gift Voucher - Freya Nails Bulgaria,85,1,"Provide the perfect gift with the Freya Nails gift voucher. Ideal for manicure lovers, it allows them to choose their personal preferences from our online ...",data\discovery\mega-harvest-v6\clean-v6\review.csv | data\discovery\review-universe-v2\manual-review.csv
REVIEW,plausible_giftcard_but_needs_human_check,fuganti.be,Gift voucher Fuganti,https://fuganti.be/en/products/cadeaubon-fuganti?srsltid=AfmBOop07fmFt7L7FbD_KdzOxa9q0dBKAFgMmjkuXlmD_PDItqbgYZnv,Gift voucher Fuganti,85,1,"Buying a gift for your girlfriend, sister, mum, or your loved one, but not quite sure what? Then this gift voucher is the perfect solution!",data\discovery\mega-harvest-v6\clean-v6\review.csv | data\discovery\review-universe-v2\manual-review.csv
REVIEW,plausible_giftcard_but_needs_human_check,g2a.com,PLAISIO Gift Card 20 EUR - Plaisio Key - GREECE,https://www.g2a.com/plaisio-gift-card-20-eur-plaisio-key-greece-i10000504140002,PLAISIO Gift Card 20 EUR - Plaisio Key - GREECE,100,1,"With Plaisio's Gift Card, you can purchase a wide range of electronics, including smartphones, laptops, televisions, gaming consoles, home appliances, and audio ...",data\discovery\mass-harvest-v5\clean-v5.5\review.csv
REVIEW,plausible_giftcard_but_needs_human_check,gabe.co.uk,Gift Card,https://gabe.co.uk/products/gift-card?srsltid=AfmBOopwZfseE0bVwgok7-FUfl75WffReDBpeiWNfCMav0AV53P-m0AT,Gift Card,100,1,Give the gift of premium gym wear with a Gabe Sportswear digital gift card. Perfect for any occasion and instantly delivered.,data\discovery\mega-harvest-v6\clean-v6\review.csv | data\discovery\review-universe-v1\still-review.csv | data\discovery\review-universe-v5\manual-review.csv
REVIEW,plausible_giftcard_but_needs_human_check,gaelforcemarine.co.uk,Gift Vouchers,https://www.gaelforcemarine.co.uk/en/Gift-Vouchers/c-199.aspx?srsltid=AfmBOorc7ZOtAoCE1Wk3I4_QkrdzYSdg4pj4w-GPY_zm8ixGxmXog7ry,Gift Vouchers,100,4,Gift Vouchers | Gael Force Marine. SAVE 5% OFF YOUR FIRST ORDER WHEN YOU SIGN UP TO OUR MAILING LIST > ...,data\discovery\mass-harvest-v5\clean-v5.2\global-review.csv | data\discovery\mass-harvest-v5\clean-v5.3\global-review.csv | data\discovery\mass-harvest-v5\clean-v5.4\review.csv | data\discovery\mass-harvest-v5\clean-v5.5\review.csv | data\discovery\review-universe-v1\still-review.csv | data\discovery\review-universe-v5\manual-review.csv
REVIEW,plausible_giftcard_but_needs_human_check,gameboost.com,Where to Buy & How to Redeem Zalando Gift Cards,https://gameboost.com/blog/zalando-gift-cards-guide,Where to Buy & How to Redeem Zalando Gift Cards,100,4,"Zalando operates as Europe's leading online ... If your gift card covers the full order amount, no additional payment method is required.",data\discovery\mass-harvest-v5\clean-v5.2\global-review.csv | data\discovery\mass-harvest-v5\clean-v5.3\global-review.csv | data\discovery\mass-harvest-v5\clean-v5.4\review.csv | data\discovery\mass-harvest-v5\clean-v5.5\review.csv | data\discovery\review-universe-v1\still-review.csv
REVIEW,plausible_giftcard_but_needs_human_check,gamecarddelivery.com,Greece Gift Cards | Buy Game Cards Online,https://www.gamecarddelivery.com/international-email-delivery/greece-game-cards?srsltid=AfmBOorefisTTxQmD70Xu6skbCYpLjkIsZHmFuH111sAALw3PuTpT_Wc,Greece Gift Cards | Buy Game Cards Online,85,1,Why Buy US Gaming Cards? How To Create A US iTunes Account? How To Redeem Your Gift Card? Paying With Paypal. Contact Our Support Team. Email Or Call Us ...,data\discovery\mega-harvest-v6\clean-v6\review.csv | data\discovery\review-universe-v1\still-review.csv
REVIEW,plausible_giftcard_but_needs_human_check,gamecardsdirect.com,Gamecardsdirect | The One-Stop Gift Card Shop,https://gamecardsdirect.com/de-en/,Gamecardsdirect | The One-Stop Gift Card Shop,85,1,"Order a gift voucher on the way and redeem it as soon as you get home! Contact us. Do you have any remarks or questions regarding your order? Call, email or ...",data\discovery\mass-harvest-v5\clean-v5.1\review.csv | data\discovery\mass-harvest-v5\clean-v5.2\manual-review.csv | data\discovery\mass-harvest-v5\clean-v5.3\global-review.csv | data\discovery\mass-harvest-v5\clean-v5.4\review.csv | data\discovery\mass-harvest-v5\clean-v5.5\review.csv | data\discovery\mega-harvest-v6\clean-v6\review.csv
REVIEW,plausible_giftcard_but_needs_human_check,gameseal.com,NiceBeauty Gift Card 100 NOK Key - NORWAY,https://gameseal.com/nicebeauty-gift-card-100-nok-key-norway,NiceBeauty Gift Card 100 NOK Key - NORWAY,100,4,The NiceBeauty Gift Card 100 NOK from Gameseal is the perfect gift for beauty and cosmetics enthusiasts in Norway who love professional products at great prices ...,data\discovery\mass-harvest-v5\clean-v5.2\global-review.csv | data\discovery\mass-harvest-v5\clean-v5.3\global-review.csv | data\discovery\mass-harvest-v5\clean-v5.4\review.csv | data\discovery\mass-harvest-v5\clean-v5.5\review.csv | data\discovery\review-universe-v1\still-review.csv
REVIEW,plausible_giftcard_but_needs_human_check,gamzio.com,Buy Electroholic.GR (Greece) Gift Cards Online,https://gamzio.com/en/electroholic-gr-greece/,Buy Electroholic.GR (Greece) Gift Cards Online,85,1,"Electroholic is one of the most popular online retailers of electronics, computers and accessories, home appliances and more in Greece. ... gift voucher ...",data\discovery\mega-harvest-v6\clean-v6\review.csv | data\discovery\review-universe-v1\still-review.csv | data\discovery\review-universe-v4\still-review.csv
REVIEW,plausible_giftcard_but_needs_human_check,gardenofficial.com,Gardenofficial,https://gardenofficial.com/product/e-gift-card/?srsltid=AfmBOoogjRFXyvjHtSgfkPw3J6ie3Ca6qdsoTdEVUVY2Mfm7xWEWj9lV,E-Gift Card | GARDEN,100,1,"Οι δωροκάρτες Garden είναι η ιδανική λύση για κάθε περίσταση, προσφέροντας τη ... Δωροκάρτα · ΔΩΡΟΚΑΡΤΑ · BLOG · ΧΟΝΔΡΙΚΗ ΠΩΛΗΣΗ · ΕΠΙΚΟΙΝΩΝΙΑ · BEAUTY EVENTS; GR ...",data\discovery\mega-harvest-v6\clean-v6\review.csv | data\discovery\review-universe-v2\manual-review.csv
REVIEW,plausible_giftcard_but_needs_human_check,garderobeitaly.com,Garde Robe Italy Gift Card: The Perfect Gift,https://www.garderobeitaly.com/en/gift-card-garde-robe-italy/,Garde Robe Italy Gift Card: The Perfect Gift,100,4,"Garde Robe Italy Gift Card: The Perfect Gift. Garde Robe Italy gift cards are an elegant gift perfect for any special occasion, ...",data\discovery\mass-harvest-v5\clean-v5.2\global-review.csv | data\discovery\mass-harvest-v5\clean-v5.3\global-review.csv | data\discovery\mass-harvest-v5\clean-v5.4\review.csv | data\discovery\mass-harvest-v5\clean-v5.5\review.csv | data\discovery\review-universe-v2\manual-review.csv
REVIEW,plausible_giftcard_but_needs_human_check,gavekort.scandichotels.dk,Scandic Hotels gift cards,https://gavekort.scandichotels.dk/shop/lang/en,Scandic Hotels gift cards,85,5,Redeemable at any Scandic Hotel in Denmark and valid for 12 months from the day you purchased it. The gift card can be printed or sent to the recipient by email ...,data\discovery\mass-harvest-v5\clean-v5.1\review.csv | data\discovery\mass-harvest-v5\clean-v5.2\manual-review.csv | data\discovery\mass-harvest-v5\clean-v5.3\global-review.csv | data\discovery\mass-harvest-v5\clean-v5.4\review.csv | data\discovery\mass-harvest-v5\clean-v5.5\review.csv | data\discovery\review-universe-v2\manual-review.csv
REVIEW,plausible_giftcard_but_needs_human_check,gavekort.scandichotels.no,Scandic Hotels gift cards,https://gavekort.scandichotels.no/shop/lang/en,Scandic Hotels gift cards,85,5,Redeemable at any Scandic Hotel in Norway and valid for 12 months. The gift card can be printed or sent to the recipient by email. The gift card can not be used ...,data\discovery\mass-harvest-v5\clean-v5.1\review.csv | data\discovery\mass-harvest-v5\clean-v5.2\manual-review.csv | data\discovery\mass-harvest-v5\clean-v5.3\global-review.csv | data\discovery\mass-harvest-v5\clean-v5.4\review.csv | data\discovery\mass-harvest-v5\clean-v5.5\review.csv | data\discovery\review-universe-v2\manual-review.csv
REVIEW,plausible_giftcard_but_needs_human_check,gbcornergifts.com,Athens,https://www.gbcornergifts.com/gift-vouchers,Gift Vouchers Athens,100,6,Incredible Experience Gifts in Athens at GB Corner Gifts · €75 GB CORNER GIFTS & FLAVORS | Gift Voucher · €120 GB CORNER GIFTS & FLAVORS | Gift Voucher · €160 GB ...,data\discovery\focused-harvest-v7\clean-v7\review.csv | data\discovery\focused-harvest-v7-run1-backup\clean-v7\review.csv | data\discovery\mass-harvest-v5\clean-v5.3\greece-market-review.csv | data\discovery\mass-harvest-v5\clean-v5.4\review.csv | data\discovery\mass-harvest-v5\clean-v5.5\review.csv | data\discovery\mega-harvest-v6\clean-v6\review.csv | data\discovery\review-universe-v1\still-review.csv
REVIEW,plausible_giftcard_but_needs_human_check,gdt-implants.com,Check Gift Card Balance: Unlock Your Dental Rewards Today,https://gdt-implants.com/pages/check-gift-card-balance,Check Gift Card Balance: Unlock Your Dental Rewards Today,100,1,Unlock your dental rewards today by checking your gift card balance effortlessly. Manage your benefits seamlessly with our convenient tool. Click here >>>,data\discovery\mega-harvest-v6\clean-v6\review.csv | data\discovery\review-universe-v1\still-review.csv | data\discovery\review-universe-v5\manual-review.csv
REVIEW,plausible_giftcard_but_needs_human_check,georgeartjewels.com,GIFT CARD,https://georgeartjewels.com/product-category/gifts/gift-card/?srsltid=AfmBOorvm42uf7lz26mgQz9Ky2zN6h4mdxS9de59TpWUUvk_WM4tsoJl,GIFT CARD,100,1,"George Art Jewels. search. 0 items. background. GIFT CARD. Close. Categories. LAST ... Areopagitou str, 10558 Athens, Greece; 7 D. Areopagitou str, 11742 ...",data\discovery\mega-harvest-v6\clean-v6\review.csv | data\discovery\review-universe-v1\still-review.csv | data\discovery\review-universe-v5-1\manual-review.csv
REVIEW,plausible_giftcard_but_needs_human_check,german-car-accessories.com,German Car Accessories Gift Card,https://german-car-accessories.com/products/german-car-accessories-gift-card?srsltid=AfmBOorpAE-c2tf8mC7j57h9p9qHXIkUZo8Pu-XpBme78CqntMR_ec7Z,German Car Accessories Gift Card,100,5,"German Car Accessories Gift Card ... No Tax & FREE 5-8 Day USA Shipping! ... See supported models, engine compatibility, and key specs in the description below.",data\discovery\mass-harvest-v5\clean-v5.2\global-review.csv | data\discovery\mass-harvest-v5\clean-v5.3\global-review.csv | data\discovery\mass-harvest-v5\clean-v5.4\review.csv | data\discovery\mass-harvest-v5\clean-v5.5\review.csv | data\discovery\mega-harvest-v6\clean-v6\review.csv | data\discovery\review-universe-v2\manual-review.csv
REVIEW,plausible_giftcard_but_needs_human_check,geschenkgutschein.riverly.com,Gift card Boating in Mecklenburg: The beauty of Germany's lakes ...,https://geschenkgutschein.riverly.com/en/boating-in-mecklenburg-the-beauty-of-germanys-lakes-1,Gift card Boating in Mecklenburg: The beauty of Germany's lakes ...,85,5,Boating in Mecklenburg: The beauty of Germany's lakes ; I choose. and personalise my gift card directly online ; I receive. the gift card immediately by email or ...,data\discovery\mass-harvest-v5\clean-v5.1\review.csv | data\discovery\mass-harvest-v5\clean-v5.2\manual-review.csv | data\discovery\mass-harvest-v5\clean-v5.3\global-review.csv | data\discovery\mass-harvest-v5\clean-v5.4\review.csv | data\discovery\mass-harvest-v5\clean-v5.5\review.csv | data\discovery\review-universe-v1\still-review.csv | data\discovery\review-universe-v5\manual-review.csv
REVIEW,plausible_giftcard_but_needs_human_check,getlocal.ie,"Compare offers for Beauty Gift Cards, Party & Celebration ...",https://www.getlocal.ie/browse-category/party-and-celebration/all/ireland?q=beauty-gift-card,"Compare offers for Beauty Gift Cards, Party & Celebration ...",65,5,foreign_or_market_relevance_unclear,data\discovery\mass-harvest-v5\clean-v5.1\review.csv | data\discovery\mass-harvest-v5\clean-v5.2\manual-review.csv | data\discovery\mass-harvest-v5\clean-v5.3\global-review.csv | data\discovery\mass-harvest-v5\clean-v5.4\review.csv | data\discovery\mass-harvest-v5\clean-v5.5\review.csv | data\discovery\review-universe-v1\still-review.csv | data\discovery\review-universe-v5\manual-review.csv
REVIEW,plausible_giftcard_but_needs_human_check,gifq.com,ASOS Italy gift cards in bulk,https://www.gifq.com/brands/asos-it,ASOS Italy gift cards in bulk,85,6,"The ASOS gift card for Italy can be used on ASOS.com by shoppers in Italy. ASOS is a recognized online fashion destination in Italy, with a large assortment ...",data\discovery\mass-harvest-v5\clean-v5.1\review.csv | data\discovery\mass-harvest-v5\clean-v5.2\manual-review.csv | data\discovery\mass-harvest-v5\clean-v5.3\global-review.csv | data\discovery\mass-harvest-v5\clean-v5.4\review.csv | data\discovery\mass-harvest-v5\clean-v5.5\review.csv | data\discovery\mega-harvest-v6\clean-v6\review.csv | data\discovery\review-universe-v1\still-review.csv | data\discovery\review-universe-v5\manual-review.csv
REVIEW,plausible_giftcard_but_needs_human_check,giftboxboutique.co.nz,Giftbox Boutique Gift Voucher,https://www.giftboxboutique.co.nz/products/giftbox-boutique-gift-card?srsltid=AfmBOoo9xAbLeWPamV2F4ZVNnFFRtnVnMbBGsQu-5sEnxTpNOyd-Hhbo,Giftbox Boutique Gift Voucher,100,1,"Our digital gift vouchers are available in multiple denominations, and with a Giftbox Boutique Gift Voucher you are guaranteed to make someone smile.",data\discovery\mega-harvest-v6\clean-v6\review.csv | data\discovery\review-universe-v1\still-review.csv | data\discovery\review-universe-v5\manual-review.csv
REVIEW,plausible_giftcard_but_needs_human_check,giftcard.co.uk,Purchase a gift card: e,https://www.giftcard.co.uk/,Purchase a gift card: e-gift card or by mail | Giftcard.co.uk,100,1,Find the widest range of gift cards at giftcard.co.uk · Popular gift cards · Buy in bulk for your business · All-in-1 Choice Gift Card · Gift cards by category.,data\discovery\mass-harvest-v5\clean-v5.2\global-review.csv | data\discovery\mass-harvest-v5\clean-v5.4\review.csv | data\discovery\mass-harvest-v5\clean-v5.5\review.csv
REVIEW,plausible_giftcard_but_needs_human_check,giftcard.ie,Top 10 most popular gift cards in Ireland - 2025,https://www.giftcard.ie/blog/top-10-gift-cards-in-ireland/,Top 10 most popular gift cards in Ireland - 2025,100,1,Top 10 gift cards in Ireland · 10. Boohoo Gift Card · 9. Lidl Gift Card · 8. Adidas Gift Card · 7. National Book Tokens Gift Card · 6. H&M Gift Card.,data\discovery\mass-harvest-v5\clean-v5.4\review.csv | data\discovery\mass-harvest-v5\clean-v5.5\review.csv
REVIEW,plausible_giftcard_but_needs_human_check,giftcardgranny.com,"Check Gift Card Balance Online for 1,000+ Brands",https://www.giftcardgranny.com/gift-card-balance-check/,"Check Gift Card Balance Online for 1,000+ Brands | GiftCardGranny",100,1,"Check the balance of gift cards from 1,000+ retailers and restaurants. Most balance checks are instant online using your card number and PIN.",data\discovery\focused-harvest-v7-run1-backup\clean-v7\review.csv | data\discovery\review-universe-v2\manual-review.csv
REVIEW,plausible_giftcard_but_needs_human_check,giftcardmarket.com,Market - Instant Gift Cards via Text for ...,https://www.giftcardmarket.com/,Gift Card Market - Instant Gift Cards via Text for ...,100,2,"Send instant e gift cards online via text for restaurants, spas & salons. Email gift cards and print gift cards for friends, mom, and loved ones. Gift local.",data\discovery\focused-harvest-v7-run1-backup\clean-v7\review.csv | data\discovery\mega-harvest-v6\clean-v6\review.csv | data\discovery\review-universe-v2\manual-review.csv
REVIEW,plausible_giftcard_but_needs_human_check,giftcards.bidali.com,"Buy Plaisio.gr GR Gift Card with USDC, USDT, SOL ...",https://giftcards.bidali.com/brands/greece/plaisio-gr-gr,"Buy Plaisio.gr GR Gift Card with USDC, USDT, SOL ...",100,1,"Plaisio is the biggest Greek retail chain in IT, PC, electronics market and office supplies for 50 years. The Plaisio gift voucher e-code can be used in all ...",data\discovery\mass-harvest-v5\clean-v5.5\review.csv
REVIEW,plausible_giftcard_but_needs_human_check,giftcards.co.uk,Buy All in One Choice Gift Card,https://www.giftcards.co.uk/gift-cards/all-in-one-gift-card/,Buy All in One Choice Gift Card,100,1,To use the All-in-one Choice Gift Card go to giftcards.co.uk/check-your-balance and enter the 19-digit code that you can find on the back of the ...,data\discovery\mass-harvest-v5\clean-v5.2\global-review.csv | data\discovery\mass-harvest-v5\clean-v5.4\review.csv | data\discovery\mass-harvest-v5\clean-v5.5\review.csv
REVIEW,plausible_giftcard_but_needs_human_check,giftcards.ie,Giftcards.ie your #1 in Ireland for Gift Cards,https://www.giftcards.ie/,Giftcards.ie your #1 in Ireland for Gift Cards,100,1,Ireland's leading Gift Card retailer ✓ 100+ top brands available ✓ Digital & physical delivery options ✓ Perfect for any occasion ✓ Shop Gift Cards ...,data\discovery\mass-harvest-v5\clean-v5.4\review.csv | data\discovery\mass-harvest-v5\clean-v5.5\review.csv
REVIEW,plausible_giftcard_but_needs_human_check,giftcards.therealgreek.com,The Real Greek,https://giftcards.therealgreek.com/,The Real Greek - Gift Cards,100,1,Give the taste of Greece. Treat someone special to an authentic Greek dining experience with our gift card - perfect for any occasion! E-gift voucher.,data\discovery\mass-harvest-v5\clean-v5.1\review.csv | data\discovery\mass-harvest-v5\clean-v5.4\review.csv | data\discovery\mass-harvest-v5\clean-v5.5\review.csv
REVIEW,plausible_giftcard_but_needs_human_check,giftiamo.com,Gift card for Italy,https://giftiamo.com/en/allgiftcard/italia.html,Gift card for Italy,100,5,Italy Gift Card. Here you will find gift cards and digital vouchers from international and local brands that can be spent at Italy. Get inspired by Giftiamo ...,data\discovery\mass-harvest-v5\clean-v5.2\global-review.csv | data\discovery\mass-harvest-v5\clean-v5.3\global-review.csv | data\discovery\mass-harvest-v5\clean-v5.4\review.csv | data\discovery\mass-harvest-v5\clean-v5.5\review.csv | data\discovery\mega-harvest-v6\clean-v6\review.csv | data\discovery\review-universe-v1\still-review.csv | data\discovery\review-universe-v5\manual-review.csv
REVIEW,plausible_giftcard_but_needs_human_check,gifting.groupbanyan.com,Angsana Corfu Extra Value e,https://gifting.groupbanyan.com/angsana-corfu/angsana-corfu-extra-value-e-gift-card-042269,Angsana Corfu Extra Value e-Gift Card,100,5,"Gift your loved ones with unique experience at Angsana Corfu with the Extra Value e-Gift Card ... hotel in Corfu, Greece.",data\discovery\focused-harvest-v7\clean-v7\review.csv | data\discovery\focused-harvest-v7-run1-backup\clean-v7\review.csv | data\discovery\mass-harvest-v5\clean-v5.3\greece-market-review.csv | data\discovery\mass-harvest-v5\clean-v5.4\review.csv | data\discovery\mass-harvest-v5\clean-v5.5\review.csv | data\discovery\review-universe-v1\still-review.csv
REVIEW,plausible_giftcard_but_needs_human_check,giftingowl.com,1-Hour Aroma Oil Massage Gift Voucher,https://giftingowl.com/gr/athens/1-hour-aroma-oil-massage-plus-20-minute-free-fish-pedi/?srsltid=AfmBOooegjFzxVdtzpD_OPt0gbBK4ROvH71MUC9bhtTCHYMAmv5XgqaR,1-Hour Aroma Oil Massage Gift Voucher,80,8,"Gift the 1-Hour Aroma Oil Massage plus 20-Minute Free Fish Pedi in Athens, Greece. A relaxing treat to give. Sent instantly as a flexible gift voucher.",data\discovery\focused-harvest-v7\clean-v7\review.csv | data\discovery\focused-harvest-v7-run1-backup\clean-v7\review.csv | data\discovery\mass-harvest-v5\clean-v5.1\review.csv | data\discovery\mass-harvest-v5\clean-v5.2\manual-review.csv | data\discovery\mass-harvest-v5\clean-v5.3\global-review.csv | data\discovery\mass-harvest-v5\clean-v5.4\review.csv | data\discovery\mass-harvest-v5\clean-v5.5\review.csv | data\discovery\mega-harvest-v6\clean-v6\review.csv | data\discovery\review-universe-v1\still-review.csv | data\discovery\review-universe-v5\manual-review.csv
REVIEW,plausible_giftcard_but_needs_human_check,giftly.com,"Buy Restaurant Gift Cards in Athens, GA",https://www.giftly.com/restaurant-gift-cards/athens-ga?srsltid=AfmBOoruYxgCv0hb1CCNYXNNj7lwvuuBnpI5dsvnPO-gMrBhFZX189ts,"Buy Restaurant Gift Cards in Athens, GA",100,7,"Gift up to $1,000 with the suggestion to spend it at any restaurant in Athens, GA. city category. Universal Athens gifts · Giftly Gift Card.",data\discovery\focused-harvest-v7\clean-v7\review.csv | data\discovery\focused-harvest-v7-run1-backup\clean-v7\review.csv | data\discovery\mass-harvest-v5\clean-v5.1\review.csv | data\discovery\mass-harvest-v5\clean-v5.3\greece-market-review.csv | data\discovery\mass-harvest-v5\clean-v5.4\review.csv | data\discovery\mass-harvest-v5\clean-v5.5\review.csv | data\discovery\mega-harvest-v6\clean-v6\review.csv | data\discovery\review-universe-v1\still-review.csv
REVIEW,plausible_giftcard_but_needs_human_check,giftmall.de,Weekend in Germany gift cards,https://giftmall.de/en/catalog/hotels_online_germany_weekend,Weekend in Germany gift cards,85,5,"The ultimate gift of travel! Our versatile gift voucher opens the door to prepaid hotels all across Germany, ranging from 3-star to luxurious 5-star hotels.",data\discovery\mass-harvest-v5\clean-v5.1\review.csv | data\discovery\mass-harvest-v5\clean-v5.2\manual-review.csv | data\discovery\mass-harvest-v5\clean-v5.3\global-review.csv | data\discovery\mass-harvest-v5\clean-v5.4\review.csv | data\discovery\mass-harvest-v5\clean-v5.5\review.csv | data\discovery\review-universe-v1\still-review.csv | data\discovery\review-universe-v5\manual-review.csv
REVIEW,plausible_giftcard_but_needs_human_check,giftoff.com,Buy Electronics Gift Cards & Vouchers,https://giftoff.com/gift-cards-for/electronics,Buy Electronics Gift Cards & Vouchers,100,5,"Give the gift of choice with options for top electronics brands, ensuring your recipient finds exactly what they need. Argos UK gift card. Argos UK. B&Q UK gift ...",data\discovery\mass-harvest-v5\clean-v5.2\global-review.csv | data\discovery\mass-harvest-v5\clean-v5.3\global-review.csv | data\discovery\mass-harvest-v5\clean-v5.4\review.csv | data\discovery\mass-harvest-v5\clean-v5.5\review.csv | data\discovery\mega-harvest-v6\clean-v6\review.csv | data\discovery\review-universe-v1\still-review.csv
REVIEW,plausible_giftcard_but_needs_human_check,giftronaut.com,Gift Card That Works Both in the US and Greece,https://www.giftronaut.com/blog/gift-card-that-works-both-in-the-us-and-greece,Gift Card That Works Both in the US and Greece,100,1,RentacarGift eGift Card; Cosmos Sport Gift Card; Attica Gift Card; Plaisio.gr e-Gift Card; Global Experiences Gift Card; eLearnGift eGift Card; Evertreen Gift ...,data\discovery\mass-harvest-v5\clean-v5.3\greece-market-review.csv | data\discovery\mass-harvest-v5\clean-v5.5\review.csv | data\discovery\mega-harvest-v6\clean-v6\review.csv
REVIEW,plausible_giftcard_but_needs_human_check,giftspot.gr,Giftspot,https://giftspot.gr/gallery/botrinis-en.html,Gift Cards - Giftspot,80,1,Offer an experience ... Chef Table + Wine pairing premium International. 890 €. Chef Table + Wine pairing premium International890 €. Offer a gift card ...,data\discovery\focused-harvest-v7\clean-v7\review.csv | data\discovery\focused-harvest-v7-run1-backup\clean-v7\review.csv | data\discovery\mass-harvest-v5\clean-v5.1\review.csv | data\discovery\mass-harvest-v5\clean-v5.2\manual-review.csv | data\discovery\mass-harvest-v5\clean-v5.3\global-review.csv | data\discovery\mass-harvest-v5\clean-v5.4\review.csv | data\discovery\mass-harvest-v5\clean-v5.5\review.csv | data\discovery\mega-harvest-v6\clean-v6\review.csv
REVIEW,plausible_giftcard_but_needs_human_check,giftvouchers.andronis.com,Andronis Luxury Hotels Greece,https://giftvouchers.andronis.com/,Andronis Luxury Hotels Greece,55,1,Check Gift Card Balance · Contact & Help. About Us. Our Story · Privacy Policy ... Andronis Concept Wellness Resort · Andronis Athens · A77 Suites by Andronis ...,data\discovery\mega-harvest-v6\clean-v6\review.csv | data\discovery\review-universe-v1\still-review.csv | data\discovery\review-universe-v4\still-review.csv
REVIEW,plausible_giftcard_but_needs_human_check,giftvouchers.co.uk,Travel Gift Voucher | giftvouchers.co.uk,https://www.giftvouchers.co.uk/gift-voucher/travel/?srsltid=AfmBOoraB7cDAcDoi6HtPTU0Q_7o2h4DAh75-EYngetPDz2xqhTJ_0-y,Travel Gift Voucher | giftvouchers.co.uk,100,4,Request a quote! Travel Gift Voucher. promotiebeeld ... The Travel Gift Card is a Choice Gift Card that can be redeemed on giftvouchers.co.uk for a variety of ...,data\discovery\mass-harvest-v5\clean-v5.2\global-review.csv | data\discovery\mass-harvest-v5\clean-v5.3\global-review.csv | data\discovery\mass-harvest-v5\clean-v5.4\review.csv | data\discovery\mass-harvest-v5\clean-v5.5\review.csv | data\discovery\review-universe-v1\still-review.csv
REVIEW,plausible_giftcard_but_needs_human_check,giiresearch.com,Europe Gift Card And Incentive Card - Market Share ...,https://www.giiresearch.com/report/moi2116635-europe-gift-card-incentive-card-market-share.html,Europe Gift Card And Incentive Card - Market Share ...,100,1,"Europe Gift Card And Incentive Card - Market Share Analysis, Industry Trends & Statistics, Growth Forecasts (2026 - 2031). PUBLISHED: August ...",data\discovery\mass-harvest-v5\clean-v5.5\review.csv
REVIEW,plausible_giftcard_but_needs_human_check,giorgiafratta.com,Gift Card Giorgia Fratta | Give the Women's Fashion Made ...,https://www.giorgiafratta.com/en/products/gift-card?srsltid=AfmBOorN_xDQYBt6Oxe-8A-vrsMDGIDjkQhSV7ojztGxs5_32aJDuqmn,Gift Card Giorgia Fratta | Give the Women's Fashion Made ...,100,4,Give a Giorgia Fratta Gift Card and leave the freedom to choose women's clothing and accessories made in Italy. Buy it online in just a few clicks!,data\discovery\mass-harvest-v5\clean-v5.2\global-review.csv | data\discovery\mass-harvest-v5\clean-v5.3\global-review.csv | data\discovery\mass-harvest-v5\clean-v5.4\review.csv | data\discovery\mass-harvest-v5\clean-v5.5\review.csv | data\discovery\review-universe-v2\manual-review.csv
REVIEW,plausible_giftcard_but_needs_human_check,giverrang.com,"Fitness Premier Gift Card - Crete, IL",https://giverrang.com/fitness-premier-gift-cards-crete-il/,"Fitness Premier Gift Card - Crete, IL",100,3,The Indie Prepaid Gift Card is designed to promote and support local businesses in Crete. Buying a Card that can be spent at local businesses like Fitness ...,data\discovery\focused-harvest-v7\clean-v7\review.csv | data\discovery\focused-harvest-v7-run1-backup\clean-v7\review.csv | data\discovery\mega-harvest-v6\clean-v6\review.csv | data\discovery\review-universe-v1\still-review.csv
REVIEW,plausible_giftcard_but_needs_human_check,givn.no,Buy gift card for Moon Restaurant,https://givn.no/en/shop/moon,Buy gift card for Moon Restaurant,85,1,"Buy and give gift cards to Moon Restaurant easily at givn.no. Official gift card. Print and give physically, or send digitally.",data\discovery\focused-harvest-v7-run1-backup\clean-v7\review.csv | data\discovery\review-universe-v1\still-review.csv | data\discovery\review-universe-v4\still-review.csv
REVIEW,plausible_giftcard_but_needs_human_check,glamdoll.gr,Αγοράστε μία Δωροεπιταγή,https://glamdoll.gr/index.php?route,Αγοράστε μία Δωροεπιταγή,85,2,... SKINCARE · Μάσκες Προσώπου53 · Headbands7 · Serums19 · Ακμή6 · Αντιγήρανση13 · Απολέπιση ... Αυτή η δωροεπιταγή θα αποσταλεί μέ e-mail στον παραλήπτη αφού ...,data\discovery\focused-harvest-v7\clean-v7\review.csv | data\discovery\focused-harvest-v7-run1-backup\clean-v7\review.csv | data\discovery\review-universe-v1\still-review.csv | data\discovery\review-universe-v4-1\manual-review.csv
REVIEW,plausible_giftcard_but_needs_human_check,glamorousbeauty.gr,Αγοράστε μία Δωροεπιταγή - Glamorous Beauty Salon,https://glamorousbeauty.gr/index.php?route,Αγοράστε μία Δωροεπιταγή - Glamorous Beauty Salon,85,1,GLAMOROUS BEAUTY SALON · SERVICES | ΥΠΗΡΕΣΙΕΣ · BOOK ONLINE ... Glamorous Beauty Salon. Cart 0. O Λογαριασμός μου · Αγορά Δωροεπιταγής. Αγοράστε μία Δωροεπιταγή.,data\discovery\focused-harvest-v7\clean-v7\review.csv | data\discovery\focused-harvest-v7-run1-backup\clean-v7\review.csv
REVIEW,plausible_giftcard_but_needs_human_check,glimmerbeauty.gr,Αγοράστε μία Δωροεπιταγή,https://glimmerbeauty.gr/index.php?route,Αγοράστε μία Δωροεπιταγή,85,2,... Beauty. Ο Λογαριασμός μου · Δημιουργία Λογαριασμού · Σύνδεση Λογαριασμού ... Αυτή η δωροεπιταγή θα αποσταλεί μέ e-mail στον παραλήπτη αφού ολοκληρωθεί ή πληρωμή ...,data\discovery\focused-harvest-v7\clean-v7\review.csv | data\discovery\focused-harvest-v7-run1-backup\clean-v7\review.csv | data\discovery\review-universe-v1\still-review.csv | data\discovery\review-universe-v4-1\manual-review.csv
REVIEW,plausible_giftcard_but_needs_human_check,global.gogift.com,The Ultimate Guide to the B2B Gift Card Market in Greece,https://www.global.gogift.com/gift-card-markets-encyclopedia/the-ultimate-guide-to-the-b2b-gift-card-market-in-greece,The Ultimate Guide to the B2B Gift Card Market in Greece,100,4,"Current size of the B2B gift card market: In value terms, the gift card market in Greece has recorded a CAGR of 6.9% during 2018-2022.",data\discovery\mass-harvest-v5\clean-v5.3\greece-market-review.csv | data\discovery\mass-harvest-v5\clean-v5.4\review.csv | data\discovery\mass-harvest-v5\clean-v5.5\review.csv | data\discovery\mega-harvest-v6\clean-v6\review.csv | data\discovery\review-universe-v1\still-review.csv
REVIEW,plausible_giftcard_but_needs_human_check,glyfadasaltcave.com.gr,Δωροεπιταγες: Δωροεπιταγή Αξίας 90€,https://www.glyfadasaltcave.com.gr/index.php/e-shop/doroepitages/doroepitagi-aksias-90-detail,Δωροεπιταγες: Δωροεπιταγή Αξίας 90€,85,3,Δωροεπιταγή Αξίας 90€ Δωροεπιταγες Κάντε στους αγαπημένους σας δώρο συνεδρίες-υπηρεσίες αναζωογόνησης και ευεξίας!Διάρκεια δωροεπιταγής από την ημέρα ...,data\discovery\focused-harvest-v7\clean-v7\review.csv | data\discovery\focused-harvest-v7-run1-backup\clean-v7\review.csv | data\discovery\mega-harvest-v6\clean-v6\review.csv | data\discovery\review-universe-v1\still-review.csv | data\discovery\review-universe-v4-1\manual-review.csv
REVIEW,plausible_giftcard_but_needs_human_check,goalsports.gr,Αγοράστε μία Δωροεπιταγή - goalsports.gr,https://www.goalsports.gr/index.php?route,Αγοράστε μία Δωροεπιταγή - goalsports.gr,85,1,Αυτή η δωροεπιταγή θα αποσταλεί μέ e-mail στον παραλήπτη αφού ολοκληρωθεί ή πληρωμή σας. Όνομα παραλήπτη. E-mail παραλήπτη. Το όνομα σας. Το e-mail σας. Θέμα ...,data\discovery\focused-harvest-v7\clean-v7\review.csv
REVIEW,plausible_giftcard_but_needs_human_check,gofortix.com,Δωροκάρτα Candlelight - Πάτρα | GoFortix,https://www.gofortix.com/event/greece/patras/%CE%B4%CF%89%CF%81%CE%BF%CE%BA%CE%AC%CF%81%CF%84%CE%B1-candlelight--%CF%80%CE%AC%CF%84%CF%81%CE%B1,Δωροκάρτα Candlelight - Πάτρα | GoFortix,80,5,"Date. Monday, March 3, 2025 ; Location. Patras, Greece ; 🕯️ Μια δωροκάρτα που ισχύει για οποιαδήποτε συναυλία του Candlelight στην Ελλάδα ✔️ Μπορείτε επίσης ...",data\discovery\mass-harvest-v5\clean-v5.1\review.csv | data\discovery\mass-harvest-v5\clean-v5.2\manual-review.csv | data\discovery\mass-harvest-v5\clean-v5.3\global-review.csv | data\discovery\mass-harvest-v5\clean-v5.4\review.csv | data\discovery\mass-harvest-v5\clean-v5.5\review.csv | data\discovery\review-universe-v3\manual-review.csv
REVIEW,plausible_giftcard_but_needs_human_check,gofurnit.com,Gofurnit gift voucher,https://www.gofurnit.com/en-eu/products/gofurnit-gift-voucher?srsltid=AfmBOorlt8PIcaoFxOr-ssIemaOrzCD8EaisLUgCzP-GdOjLzWhFJeqW,Gofurnit gift voucher,100,1,"Gofurnit gift voucher. Ready assembled. Free shipping in DE. 30 ... Customers praise the beautiful designs, high-quality materials, and warm ambient lighting.",data\discovery\mega-harvest-v6\clean-v6\review.csv | data\discovery\review-universe-v2\manual-review.csv
REVIEW,plausible_giftcard_but_needs_human_check,gogift.com,Zalando gift cards - Give top fashion brands as a gift,https://shop.gogift.com/en/no/nok/shop/zalando-no-gift-card/268537433296289792,Zalando gift cards - Give top fashion brands as a gift,100,4,A Zalando gift card gives the recipient access to clothes and shoes from Europe's leading online fashion house. Buy your Zalando gift card easily with us.,data\discovery\mass-harvest-v5\clean-v5.2\global-review.csv | data\discovery\mass-harvest-v5\clean-v5.3\global-review.csv | data\discovery\mass-harvest-v5\clean-v5.4\review.csv | data\discovery\mass-harvest-v5\clean-v5.5\review.csv | data\discovery\review-universe-v1\still-review.csv
REVIEW,plausible_giftcard_but_needs_human_check,goldenpages.ie,"Shops in Ireland, selling E gift card",https://www.goldenpages.ie/s/e-gift-card/ireland/10,"Shops in Ireland, selling E gift card",70,5,foreign_or_market_relevance_unclear,data\discovery\mass-harvest-v5\clean-v5.1\review.csv | data\discovery\mass-harvest-v5\clean-v5.2\manual-review.csv | data\discovery\mass-harvest-v5\clean-v5.3\global-review.csv | data\discovery\mass-harvest-v5\clean-v5.4\review.csv | data\discovery\mass-harvest-v5\clean-v5.5\review.csv | data\discovery\review-universe-v1\still-review.csv | data\discovery\review-universe-v5\manual-review.csv
REVIEW,plausible_giftcard_but_needs_human_check,goldfieldandbanks.com,Luxury Perfume Gift Cards | Perfect Gifts for Women,https://www.goldfieldandbanks.com/collections/gift-cards?srsltid=AfmBOopvBZdTUgBS97RszXH2U9V5xyibEXyr78Al2MxVSGzmSfLN9RsK,Luxury Perfume Gift Cards | Perfect Gifts for Women,100,3,"Perfect perfume gifts for any occasion. Digital gift cards from $25 with instant delivery. Give the gift of choice with a Goldfield & Banks E-Gift Card, ...",data\discovery\mass-harvest-v5\clean-v5.4\review.csv | data\discovery\mass-harvest-v5\clean-v5.5\review.csv | data\discovery\mega-harvest-v6\clean-v6\review.csv | data\discovery\review-universe-v1\still-review.csv | data\discovery\review-universe-v5\manual-review.csv
REVIEW,plausible_giftcard_but_needs_human_check,goldwaschcamp.de,Gift Voucher,https://www.goldwaschcamp.de/en/products/geschenkgutschein,Gift Voucher,80,5,Gift Voucher · Gift vouchers for gold panning items and accessories · Direct delivery to you by email · Voucher for self-printing.,data\discovery\mass-harvest-v5\clean-v5.1\review.csv | data\discovery\mass-harvest-v5\clean-v5.2\manual-review.csv | data\discovery\mass-harvest-v5\clean-v5.3\global-review.csv | data\discovery\mass-harvest-v5\clean-v5.4\review.csv | data\discovery\mass-harvest-v5\clean-v5.5\review.csv | data\discovery\review-universe-v1\still-review.csv
REVIEW,plausible_giftcard_but_needs_human_check,gozo-shop.com,Gift Cards - The Boutique Of GòZo®️,https://gozo-shop.com/collections/gift-gard,Gift Cards - The Boutique Of GòZo®️,85,1,"The Boutique Of GoZo®️ Gift Card. The Boutique Of GòZo®️. from €50,00. Unit price: /per. You're viewing 1-1 of 1 products ...",data\discovery\mega-harvest-v6\clean-v6\review.csv | data\discovery\review-universe-v1\still-review.csv | data\discovery\review-universe-v4\still-review.csv
REVIEW,plausible_giftcard_but_needs_human_check,gr.caudalie.com,Ηλεκτρονική δωροκάρτα - Caudalie,https://gr.caudalie.com/p/7265/gift-card.html,Ηλεκτρονική δωροκάρτα - Caudalie,100,1,Spa & events · Les Sources de Caudalie SPA · Γνωρίστε τους Beauty Experts μας · Οι ... Ηλεκτρονική δωροκάρτα. (8). |. Αφήστε την κριτική σας.,data\discovery\mega-harvest-v6\clean-v6\review.csv | data\discovery\review-universe-v2\global-brand-review.csv
REVIEW,plausible_giftcard_but_needs_human_check,gr.gant.com,Here's your gift card!,https://gr.gant.com/pages/test-test?srsltid=AfmBOopD5gKW5cDdbULAX4aPk0oPTp0cQchseNmMt1YcASi93Om-rQup,Here's your gift card!,80,5,GANT Greece https://gr.gant.com. Here's your gift card! Disabled. Gift card illustration. Use this code at checkout to redeem your gift card. QR code — scan ...,data\discovery\mass-harvest-v5\clean-v5.1\review.csv | data\discovery\mass-harvest-v5\clean-v5.2\manual-review.csv | data\discovery\mass-harvest-v5\clean-v5.3\global-review.csv | data\discovery\mass-harvest-v5\clean-v5.4\review.csv | data\discovery\mass-harvest-v5\clean-v5.5\review.csv | data\discovery\review-universe-v1\still-review.csv | data\discovery\review-universe-v5-1\manual-review.csv
REVIEW,plausible_giftcard_but_needs_human_check,gr.kavehome.com,Έπιπλα σχεδιασμένα για να σας συντροφεύουν μια ζωή,https://gr.kavehome.com/gr/el/gift-card,Έπιπλα σχεδιασμένα για να σας συντροφεύουν μια ζωή,55,1,"Hallway furniture, console tables and shoe racks · Coat racks and hangers. Έπιπλα Μπάνιου. Δείτε τα όλα · Bathroom furniture · Bathroom countertops ... Δωροκάρτα.",data\discovery\mega-harvest-v6\clean-v6\review.csv | data\discovery\review-universe-v1\still-review.csv | data\discovery\review-universe-v4\still-review.csv
REVIEW,plausible_giftcard_but_needs_human_check,gr.loccitane.com,Gift Card Όροι Χρήσης,https://gr.loccitane.com/pages/gift-card-policy?srsltid=AfmBOort_Z4k2IZgEafNDjANfsmD3OLkFKdmfjgiV-_8FCQK4zUq8ztv,Gift Card Όροι Χρήσης,100,1,... gift card απενεργοποιείται και δεν μπ. ... syllogi-haircare Συλλογή Aromachologie · ΠΕΡΙΠΟΙΗΣΗ ΧΕΡΙΩΝ. Τύπος προϊόντος.,data\discovery\mega-harvest-v6\clean-v6\review.csv | data\discovery\review-universe-v1\still-review.csv | data\discovery\review-universe-v5\manual-review.csv
REVIEW,plausible_giftcard_but_needs_human_check,gr.nihaojewelry.com,Ρετρό Χριστουγεννιάτικη ευχετήρια κάρτα Νέο μοντέλο Αρτοποιείο ...,https://gr.nihaojewelry.com/retro-christmas-greeting-card-new-model-bakery-flower-shop-gift-card-head-small-blessing-message-card-hand-drawn-style-paper-nh11406997.html,Ρετρό Χριστουγεννιάτικη ευχετήρια κάρτα Νέο μοντέλο Αρτοποιείο ...,60,1,Ρετρό Χριστουγεννιάτικη ευχετήρια κάρτα Νέο μοντέλο Αρτοποιείο Ανθοπωλείο Δωροκάρτα Κεφαλή Μικρή κάρτα με μήνυμα ευλογίας Χαρτί σε στυλ ζωγραφισμένο στο χέρι.,data\discovery\mega-harvest-v6\clean-v6\review.csv | data\discovery\review-universe-v1\still-review.csv | data\discovery\review-universe-v4\still-review.csv
REVIEW,plausible_giftcard_but_needs_human_check,graftonbarbers.com,Gift Cards (Physical),https://graftonbarbers.com/gift-cards-physical/,Gift Cards (Physical),100,5,€250 Gift Card (Physical). €250.00 Add to cart · A Grafton Barber Gift Voucher · Shampoo Cut & Blow-Dry (Physical). €30.00 Add to cart · A Grafton Barber Gift ...,data\discovery\mass-harvest-v5\clean-v5.2\global-review.csv | data\discovery\mass-harvest-v5\clean-v5.3\global-review.csv | data\discovery\mass-harvest-v5\clean-v5.4\review.csv | data\discovery\mass-harvest-v5\clean-v5.5\review.csv | data\discovery\mega-harvest-v6\clean-v6\review.csv | data\discovery\review-universe-v1\still-review.csv | data\discovery\review-universe-v5\manual-review.csv
REVIEW,plausible_giftcard_but_needs_human_check,grandangletours.com,Give the Adventure: The Grand Angle Gift Card,https://grandangletours.com/the-grand-angle-gift-card,Give the Adventure: The Grand Angle Gift Card,100,1,"Give the Adventure: The Grand Angle Gift Card · An original gift, valid throughout Europe! · Why choose our gift card? · How to get your gift card? · How to Use It.",data\discovery\mega-harvest-v6\clean-v6\review.csv | data\discovery\review-universe-v1\still-review.csv
REVIEW,plausible_giftcard_but_needs_human_check,grandebretagnestore.com,Com,https://www.grandebretagnestore.com/en/gift-cards,Gift Cards,100,6,"Spa Gift Vouchers: The gift voucher receiver should contact the GB Spa and ... Athens, 105 64, Greece; T: +30 210 33 30 750; E: orders ...",data\discovery\focused-harvest-v7\clean-v7\review.csv | data\discovery\focused-harvest-v7-run1-backup\clean-v7\review.csv | data\discovery\mass-harvest-v5\clean-v5.3\greece-market-review.csv | data\discovery\mass-harvest-v5\clean-v5.4\review.csv | data\discovery\mass-harvest-v5\clean-v5.5\review.csv | data\discovery\mega-harvest-v6\clean-v6\review.csv | data\discovery\review-universe-v1\still-review.csv | data\discovery\review-universe-v5-1\manual-review.csv
REVIEW,plausible_giftcard_but_needs_human_check,grandhotelskei.no,Gift cards,https://grandhotelskei.no/en/gift-cards/,Gift cards,100,4,"Jølstravegen 3225, 6843 Skei, NORWAY. Meny. Home ... You can choose to send the gift card immediately or schedule to send it at some point in the future.",data\discovery\mass-harvest-v5\clean-v5.2\global-review.csv | data\discovery\mass-harvest-v5\clean-v5.3\global-review.csv | data\discovery\mass-harvest-v5\clean-v5.4\review.csv | data\discovery\mass-harvest-v5\clean-v5.5\review.csv | data\discovery\review-universe-v1\still-review.csv | data\discovery\review-universe-v5\manual-review.csv
REVIEW,plausible_giftcard_but_needs_human_check,greciamia.it,🎄 Porta l'estate sotto l'albero: la Gift Card Grecia Mia,https://greciamia.it/blogs/blog/gift-card-grecia-mia?srsltid=AfmBOorot6_WZi-yN4_W8D-oQ-5k1VI02rJdL8QLybUXGVrjH_EGXRrL,🎄 Porta l'estate sotto l'albero: la Gift Card Grecia Mia,100,3,Gift card Grecia Mia. Carta Regalo Grecia Mia. Il regalo dell'ultimo ... Mykonos e Santorini. LA GIFT CARD DI GRECIA MIA · Carta regalo Grecia Mia ...,data\discovery\mass-harvest-v5\clean-v5.3\greece-market-review.csv | data\discovery\mass-harvest-v5\clean-v5.4\review.csv | data\discovery\mass-harvest-v5\clean-v5.5\review.csv | data\discovery\review-universe-v3\manual-review.csv
REVIEW,plausible_giftcard_but_needs_human_check,grecotrulygreek.com,Treat Someone You Love to Greek Food with a Greco Gift Card,https://grecotrulygreek.com/gift-cards/,Treat Someone You Love to Greek Food with a Greco Gift Card,100,4,Looking for the perfect gift for the food lover in your life? Give them the gift of authentic Greek cuisine with a Greco Gift Card! Ideal for any occasion ...,data\discovery\mass-harvest-v5\clean-v5.3\greece-market-review.csv | data\discovery\mass-harvest-v5\clean-v5.4\review.csv | data\discovery\mass-harvest-v5\clean-v5.5\review.csv | data\discovery\mega-harvest-v6\clean-v6\review.csv | data\discovery\review-universe-v1\still-review.csv | data\discovery\review-universe-v5-1\manual-review.csv
REVIEW,plausible_giftcard_but_needs_human_check,greek-food-shop.com,$20 Gift Card,https://greek-food-shop.com/shop/biscuits/20-gift-card/?srsltid=AfmBOorXkqPWcoS68S_AE3v0nayP_iEZmpK-dThHNCuOGJc4P3owc4Wy,$20 Gift Card,100,1,Gift Card to Greek Food Shop available to redeem at greek-food-shop.com without any time limit ... Greek Food Shop by Select Bakery. We deliver the taste ...,data\discovery\mega-harvest-v6\clean-v6\review.csv | data\discovery\review-universe-v1\still-review.csv | data\discovery\review-universe-v5-1\manual-review.csv
REVIEW,plausible_giftcard_but_needs_human_check,greekbros.com,Giftcards - Greek Bros. Oyster Bar & Grill,https://www.greekbros.com/giftcards,Giftcards - Greek Bros. Oyster Bar & Grill,55,1,"Instant Digital Gift Card · Made with by Popmenu(opens in a new window) ... Bar Open Wed-Sat 5pm to Closing. Sunday: Closed. opens in a new tab, get ...",data\discovery\mega-harvest-v6\clean-v6\review.csv
REVIEW,plausible_giftcard_but_needs_human_check,greekcargo.com.au,Greek Cargo Gift Voucher,https://greekcargo.com.au/products/greek-cargo-gift-card?srsltid=AfmBOopf0v283brN1ArJ2kS0TbCi3SkGMlBFwIEZn11iOC9F0YAMq8PL,Greek Cargo Gift Voucher,100,4,"Greek Cargo Gift Voucher. $25. /. Not sure what ... Experience the love of Greece with unique, quality made fashion, jewellery and homewares.",data\discovery\mass-harvest-v5\clean-v5.3\greece-market-review.csv | data\discovery\mass-harvest-v5\clean-v5.4\review.csv | data\discovery\mass-harvest-v5\clean-v5.5\review.csv | data\discovery\mega-harvest-v6\clean-v6\review.csv | data\discovery\review-universe-v1\still-review.csv
REVIEW,plausible_giftcard_but_needs_human_check,greekflavours.com,perfect gift for your friends - Greek Flavours,https://www.greekflavours.com/collections/gift-cards?srsltid=AfmBOopGkwsWfnFvG6ncgQSyZoRlhJRNXSLciQC9Gx4LU55-n4HJZrvL,Gift Cards: perfect gift for your friends - Greek Flavours,100,6,"Aegean Flavours Gift Card – Mediterranean Experience - Greek Flavours. Aegean ... Gift Card Crete. Vendor: Greek Flavours. Regular price €40,00 EUR.",data\discovery\focused-harvest-v7\clean-v7\review.csv | data\discovery\focused-harvest-v7-run1-backup\clean-v7\review.csv | data\discovery\mass-harvest-v5\clean-v5.3\greece-market-review.csv | data\discovery\mass-harvest-v5\clean-v5.4\review.csv | data\discovery\mass-harvest-v5\clean-v5.5\review.csv | data\discovery\mega-harvest-v6\clean-v6\review.csv | data\discovery\review-universe-v3\manual-review.csv
REVIEW,plausible_giftcard_but_needs_human_check,greekhousecafe.com,$50 Gift Card,https://www.greekhousecafe.com/items/50-gift-card,$50 Gift Card,100,4,"Gift Card at Greek House Cafe in Simi Valley, CA. View photos, read reviews, and see ratings for $50 Gift Card. $50 Gift Card *please pick up your gift card ...",data\discovery\mass-harvest-v5\clean-v5.3\greece-market-review.csv | data\discovery\mass-harvest-v5\clean-v5.4\review.csv | data\discovery\mass-harvest-v5\clean-v5.5\review.csv | data\discovery\mega-harvest-v6\clean-v6\review.csv | data\discovery\review-universe-v1\still-review.csv
REVIEW,plausible_giftcard_but_needs_human_check,greekmarket.co.uk,Virtual Gift Card,https://greekmarket.co.uk/product/virtual-gift-card/?srsltid=AfmBOooaIYVL2718ig-7wncCWWL-M5zzjnHRCiHDIXaj3GbIApA5I46o,Virtual Gift Card,100,4,With the Greek Market Virtual Gift Card you're offering your loved ... Fight Food Waste · Shop by Greek Brand · Product Recalls · Gift Cards · Greek Market ...,data\discovery\mass-harvest-v5\clean-v5.3\greece-market-review.csv | data\discovery\mass-harvest-v5\clean-v5.4\review.csv | data\discovery\mass-harvest-v5\clean-v5.5\review.csv | data\discovery\mega-harvest-v6\clean-v6\review.csv | data\discovery\review-universe-v1\still-review.csv
REVIEW,plausible_giftcard_but_needs_human_check,greekpeak.net,Gift Cards at Greek Peak,https://www.greekpeak.net/gift-cards-at-greek-peak/,Gift Cards at Greek Peak,100,1,Gift Cards at Greek Peak One gift card. Good everywhere at Greek Peak. Buy a ... Greek Peak Mountain Resort. SHOP. Create Your ...,data\discovery\mass-harvest-v5\clean-v5.3\greece-market-review.csv | data\discovery\mass-harvest-v5\clean-v5.4\review.csv | data\discovery\mass-harvest-v5\clean-v5.5\review.csv | data\discovery\mega-harvest-v6\clean-v6\review.csv
REVIEW,plausible_giftcard_but_needs_human_check,greekroots.shop,GIFT CARD - Jewelry Shop,https://greekroots.shop/product-category/gifts/gift-card/,GIFT CARD - Jewelry Shop,100,5,"Gift Card. 50,00€ – 500,00€ Price range: 50,00€ through 500,00€. LET'S KEEP IN TOUCH. LET'S KEEP IN TOUCH. VISIT US. WEBSITE OPERATING DAYS / HOURS:.",data\discovery\mass-harvest-v5\clean-v5.2\global-review.csv | data\discovery\mass-harvest-v5\clean-v5.3\global-review.csv | data\discovery\mass-harvest-v5\clean-v5.4\review.csv | data\discovery\mass-harvest-v5\clean-v5.5\review.csv | data\discovery\mega-harvest-v6\clean-v6\review.csv | data\discovery\review-universe-v1\still-review.csv | data\discovery\review-universe-v5\manual-review.csv
REVIEW,plausible_giftcard_but_needs_human_check,green-organic.gr,αξίας 30 ευρώ,https://green-organic.gr/product/%CE%B4%CF%89%CF%81%CE%BF%CE%BA%CE%AC%CF%81%CF%84%CE%B1/,Δωροκάρτα αξίας 30 ευρώ,80,7,"δωροκάρτα. HomeΕίδη διακόσμησηςplant gifts- plant gift cardΔωροκάρτα αξίας 30 ευρώ. Δωροκάρτα αξίας 30 ευρώ. 30,00 €. +. Δωροκάρτα αξίας 30 ευρώ ποσότητα -.",data\discovery\focused-harvest-v7-run1-backup\clean-v7\review.csv | data\discovery\mass-harvest-v5\clean-v5.1\review.csv | data\discovery\mass-harvest-v5\clean-v5.2\manual-review.csv | data\discovery\mass-harvest-v5\clean-v5.3\global-review.csv | data\discovery\mass-harvest-v5\clean-v5.4\review.csv | data\discovery\mass-harvest-v5\clean-v5.5\review.csv | data\discovery\mega-harvest-v6\clean-v6\review.csv | data\discovery\review-universe-v1\still-review.csv | data\discovery\review-universe-v4-1\manual-review.csv
REVIEW,plausible_giftcard_but_needs_human_check,greenwing.lv,Virtual Gift Card – Natural Skincare Digital Voucher - GreenWing,https://greenwing.lv/en/products/virtual-gift-card?srsltid=AfmBOopW7NmJUpl8AS0HYV5-SMg42wwO8xo3nc-YAx6UEsolcoYcVsmj,Virtual Gift Card – Natural Skincare Digital Voucher - GreenWing,100,1,Denmark (DKK kr.) Estonia (EUR €); Finland (EUR €); France (EUR €); Germany (EUR €); Greece (EUR €) ... Gift voucher in the value of your choice. Redeemable with ...,data\discovery\mega-harvest-v6\clean-v6\review.csv | data\discovery\review-universe-v3\manual-review.csv
REVIEW,plausible_giftcard_but_needs_human_check,grottagiustispa.com,Spa Gift Voucher,https://www.grottagiustispa.com/en/offers-packages/spa-gift-voucher/,Spa Gift Voucher,100,1,Equilibrium Medical Spa & Diet · Meditarium & Thermarium Thermal Circuits ... Spa Gift Voucher. A voucher to give the gift of a wonderful day at the new ...,data\discovery\mega-harvest-v6\clean-v6\review.csv | data\discovery\review-universe-v1\still-review.csv | data\discovery\review-universe-v5\manual-review.csv
REVIEW,plausible_giftcard_but_needs_human_check,gruppodibambini.gr,Αγοράστε μία Δωροεπιταγή,https://gruppodibambini.gr/index.php?route,Αγοράστε μία Δωροεπιταγή,85,2,"GRUPPO DI BAMBINI-KIDS BOUTIQUE · 0 · 0 προϊόν(τα) - 0,00€ 0. Ψάχνω για ... Αυτή η δωροεπιταγή θα αποσταλεί μέ e-mail στον παραλήπτη αφού ολοκληρωθεί ή πληρωμή ...",data\discovery\focused-harvest-v7\clean-v7\review.csv | data\discovery\focused-harvest-v7-run1-backup\clean-v7\review.csv | data\discovery\review-universe-v1\still-review.csv | data\discovery\review-universe-v4-1\manual-review.csv
REVIEW,plausible_giftcard_but_needs_human_check,gsasport.com,GSA eGift Card | GSA Sport GR,https://www.gsasport.com/gr/product/gsa-egift-card/,GSA eGift Card | GSA Sport GR,100,1,"Yoga · Performance · Οργανικές · ΠΑΠΟΥΤΣΙΑ · Slides · Sneakers · ΑΞΕΣΟΥΑΡ · Αξεσουάρ ... Enter gift card recipient emails, separated by comma (,). From * Enter ...",data\discovery\mega-harvest-v6\clean-v6\review.csv | data\discovery\review-universe-v2\manual-review.csv
REVIEW,plausible_giftcard_but_needs_human_check,gucci.com,Designer Gift Cards,https://www.gucci.com/cz/en_gb/st/giftcard,Designer Gift Cards,100,4,"The Gift Card can be used only in the Czech Republic and in the Gucci boutiques of Prague (""Gucci Boutiques""). Only Gift Cards issued in the Gucci Boutiques are ...",data\discovery\mass-harvest-v5\clean-v5.2\global-review.csv | data\discovery\mass-harvest-v5\clean-v5.3\global-review.csv | data\discovery\mass-harvest-v5\clean-v5.4\review.csv | data\discovery\mass-harvest-v5\clean-v5.5\review.csv | data\discovery\review-universe-v1\still-review.csv | data\discovery\review-universe-v5\global-greece-review.csv
REVIEW,plausible_giftcard_but_needs_human_check,gunnar.fr,Gunnar Gift Card – Premium Blue Light Eyewear,https://gunnar.fr/en/products/gunnar-gift-card,Gunnar Gift Card – Premium Blue Light Eyewear,100,5,"Give the gift of gaming glasses & computer eyewear. The Gunnar Gift Card is available from €15 to €200, redeemable sitewide.",data\discovery\mass-harvest-v5\clean-v5.2\global-review.csv | data\discovery\mass-harvest-v5\clean-v5.3\global-review.csv | data\discovery\mass-harvest-v5\clean-v5.4\review.csv | data\discovery\mass-harvest-v5\clean-v5.5\review.csv | data\discovery\mega-harvest-v6\clean-v6\review.csv | data\discovery\review-universe-v2\manual-review.csv
REVIEW,plausible_giftcard_but_needs_human_check,guruelectrics.gr,Χρήση Κουπονιού,https://guruelectrics.gr/index.php?route=information/information&information_id=11&lng=en,Χρήση Κουπονιού – Δωροεπιταγής,80,1,"Gaming Telephony & GPS House ... In the electronic order form, when completing your order, fill in the code of the gift voucher ...",data\discovery\mega-harvest-v6\clean-v6\review.csv | data\discovery\review-universe-v1\still-review.csv | data\discovery\review-universe-v4-1\manual-review.csv
REVIEW,plausible_giftcard_but_needs_human_check,gvshoes.gr,Αγοράστε μία Δωροεπιταγή,https://gvshoes.gr/index.php?route,Αγοράστε μία Δωροεπιταγή,85,2,Αυτή η δωροεπιταγή θα αποσταλεί μέ e-mail στον παραλήπτη αφού ολοκληρωθεί ή πληρωμή σας. ... G.V. Group of Shoes © 2026.,data\discovery\focused-harvest-v7\clean-v7\review.csv | data\discovery\focused-harvest-v7-run1-backup\clean-v7\review.csv | data\discovery\review-universe-v1\still-review.csv | data\discovery\review-universe-v4-1\manual-review.csv
REVIEW,plausible_giftcard_but_needs_human_check,gymbeam.com,Gift Voucher,https://gymbeam.com/electronic-gift-card.html,Gift Voucher,100,5,"An electronic gift voucher will delight your loved ones on their birthday, name day, Christmas or otherwise ... Fitness Food · Nuts · Seeds · Spreads and Pastes.",data\discovery\mass-harvest-v5\clean-v5.2\global-review.csv | data\discovery\mass-harvest-v5\clean-v5.3\global-review.csv | data\discovery\mass-harvest-v5\clean-v5.4\review.csv | data\discovery\mass-harvest-v5\clean-v5.5\review.csv | data\discovery\mega-harvest-v6\clean-v6\review.csv | data\discovery\review-universe-v1\still-review.csv | data\discovery\review-universe-v5\manual-review.csv
REVIEW,plausible_giftcard_but_needs_human_check,hablax.com,Buy EA SPORTS FC25 Points Gift Cards in Greece,https://www.hablax.com/en/country/greece/giftcard-ea-sports-fc25-points,Buy EA SPORTS FC25 Points Gift Cards in Greece,100,4,Buy EA SPORTS FC25 Points Gift Cards in Greece and enhance your gaming experience ... Buy EA SPORTS FC25 Points Gift Cards in Greece ... Tango Live Gift Voucher ...,data\discovery\mass-harvest-v5\clean-v5.3\greece-market-review.csv | data\discovery\mass-harvest-v5\clean-v5.4\review.csv | data\discovery\mass-harvest-v5\clean-v5.5\review.csv | data\discovery\mega-harvest-v6\clean-v6\review.csv | data\discovery\review-universe-v1\still-review.csv
REVIEW,plausible_giftcard_but_needs_human_check,haircarecyprus.com,HairCare Cyprus Digital Gift Voucher,https://www.haircarecyprus.com/products/haircarecyprus-digital-gift-voucher?srsltid=AfmBOor4m47x3YFfmP1ngX97nI6HEqqp_R7YUHq93maPzbY71Csm_4RV,HairCare Cyprus Digital Gift Voucher,100,1,Give the gift of great hair. The HairCare Cyprus Digital Gift Voucher is delivered instantly by email and can be spent on anything in store — from L'Oréal ...,data\discovery\mega-harvest-v6\clean-v6\review.csv | data\discovery\review-universe-v2\manual-review.csv
REVIEW,plausible_giftcard_but_needs_human_check,hali.gr,Αγοράστε μία Δωροεπιταγή,https://hali.gr/index.php?route,Αγοράστε μία Δωροεπιταγή,85,2,Αγοράστε μία Δωροεπιταγή. Αυτή η δωροεπιταγή θα αποσταλεί μέ email στον ... Home Decor · Παιδικά · Μοκέτες · Lorena Canals · Προσφορές · Διακοσμηση Παιδικου ...,data\discovery\focused-harvest-v7\clean-v7\review.csv | data\discovery\focused-harvest-v7-run1-backup\clean-v7\review.csv | data\discovery\review-universe-v1\still-review.csv | data\discovery\review-universe-v4-1\manual-review.csv
REVIEW,plausible_giftcard_but_needs_human_check,hangmeup.com.au,Gift Vouchers | Give the Gift of Handmade ...,https://hangmeup.com.au/collections/gift-vouchers?srsltid=AfmBOooBirtFtMiSnTPk49sff-zEzA_kvh1aM0FOA1EW9tvuefUFSsIw,Gift Vouchers | Give the Gift of Handmade ...,100,5,Wall Decor Wall Art Flower Art Driftwood Art Clearance. Storage Solutions ... Gift Voucher. From $25.00. Shop. Shop All · Bundle up & Save · Caravan & Travel ...,data\discovery\mass-harvest-v5\clean-v5.2\global-review.csv | data\discovery\mass-harvest-v5\clean-v5.3\global-review.csv | data\discovery\mass-harvest-v5\clean-v5.4\review.csv | data\discovery\mass-harvest-v5\clean-v5.5\review.csv | data\discovery\mega-harvest-v6\clean-v6\review.csv | data\discovery\review-universe-v1\still-review.csv | data\discovery\review-universe-v5\manual-review.csv
REVIEW,plausible_giftcard_but_needs_human_check,happyorganic.gr,Αγοράστε μία Δωροεπιταγή,https://www.happyorganic.gr/index.php?route,Αγοράστε μία Δωροεπιταγή,85,2,Αγοράστε μία Δωροεπιταγή ... Αυτή η δωροεπιταγή θα αποσταλεί μέ e-mail στον παραλήπτη αφού ολοκληρωθεί ή πληρωμή σας. Όνομα παραλήπτη. E-mail παραλήπτη.,data\discovery\focused-harvest-v7\clean-v7\review.csv | data\discovery\focused-harvest-v7-run1-backup\clean-v7\review.csv | data\discovery\review-universe-v1\still-review.csv | data\discovery\review-universe-v4-1\manual-review.csv
REVIEW,plausible_giftcard_but_needs_human_check,hariscotton.com,Com,https://hariscotton.com/linen-clothes-linen-dresses-10?srsltid=AfmBOoooG8wUxBcHMklcCIcWKx5VTVrvvpLI-nZd9bS74MioV2aHCCaU,Gift Cards,80,3,"Haris Cotton gift card, fashion gift card, digital gift card ... gift card, email gift card, stylish gift card. ... Athens, Greece. G.E.M.I. 87631702000. Tel: +30 ...",data\discovery\focused-harvest-v7\clean-v7\review.csv | data\discovery\focused-harvest-v7-run1-backup\clean-v7\review.csv | data\discovery\mega-harvest-v6\clean-v6\review.csv | data\discovery\review-universe-v1\still-review.csv | data\discovery\review-universe-v5-1\manual-review.csv
REVIEW,plausible_giftcard_but_needs_human_check,haruharubeauty.com,"Gift card - Korean skincare & cosmetics | Amsterdam, Rotterdam",https://www.haruharubeauty.com/us/lifestyle/gift-ideas/3-gift-card/,"Gift card - Korean skincare & cosmetics | Amsterdam, Rotterdam",100,4,"Korean skincare & cosmetics | Amsterdam, Rotterdam | Netherlands | Europe ... Or purchase a physical gift card here. Conditions of Haru Haru Beauty gift card.",data\discovery\mass-harvest-v5\clean-v5.2\global-review.csv | data\discovery\mass-harvest-v5\clean-v5.3\global-review.csv | data\discovery\mass-harvest-v5\clean-v5.4\review.csv | data\discovery\mass-harvest-v5\clean-v5.5\review.csv | data\discovery\review-universe-v1\still-review.csv | data\discovery\review-universe-v5\manual-review.csv
REVIEW,plausible_giftcard_but_needs_human_check,hatstore.com,Hatstore Ψηφιακή δωροκάρτα,https://hatstore.com/gr/hatstore/gift-card?srsltid=AfmBOop_gWrdC3uLvFv6HTZcnu-Vz0nAAjrWgROk4M4spmpU9VW7DRjE,Hatstore Ψηφιακή δωροκάρτα,100,1,Αγοράστε Ψηφιακή δωροκάρτα Διαχείριση online ... NBA Cosmic Basketball 2025-26 Hobby Box - 20 Packs (80 Cards) ... Greece. Stay on hatstore.com/gr. Our local ...,data\discovery\mega-harvest-v6\clean-v6\review.csv | data\discovery\review-universe-v3\manual-review.csv
REVIEW,plausible_giftcard_but_needs_human_check,headlineaudio.store,Headline Audio Gift Card,https://headlineaudio.store/products/headline-audio-gift-card?srsltid=AfmBOooSORGNS-N4nOhCPsBxQlitBLmxK0wERHsPt3EgHTvVZWMTJZfH,Headline Audio Gift Card,100,1,"Give the gift of music with a Headline Audio Gift Card! Perfect for musicians and audio enthusiasts, our gift cards can be used on any product in our store.",data\discovery\mega-harvest-v6\clean-v6\review.csv | data\discovery\review-universe-v2\manual-review.csv
REVIEW,plausible_giftcard_but_needs_human_check,healthandfitnesstravel.com,Gift Card,https://www.healthandfitnesstravel.com/gift-card/,Gift Card,100,5,Health and Fitness Travel Gift Voucher · Give the Gift of Wellness with a Luxury Travel Voucher · How to redeem your Health and Fitness Travel Gift Card.,data\discovery\mass-harvest-v5\clean-v5.2\global-review.csv | data\discovery\mass-harvest-v5\clean-v5.3\global-review.csv | data\discovery\mass-harvest-v5\clean-v5.4\review.csv | data\discovery\mass-harvest-v5\clean-v5.5\review.csv | data\discovery\mega-harvest-v6\clean-v6\review.csv | data\discovery\review-universe-v1\still-review.csv
REVIEW,plausible_giftcard_but_needs_human_check,heavenoftoys.gr,Αγοράστε μία Δωροεπιταγή,https://www.heavenoftoys.gr/index.php?route,Αγοράστε μία Δωροεπιταγή,85,2,Heaven of Toys. 0. Όλες οι κατηγορίες. Όλες οι κατηγορίες; Funko ... Αυτή η δωροεπιταγή θα αποσταλεί μέ e-mail στον παραλήπτη αφού ολοκληρωθεί ή πληρωμή σας.,data\discovery\focused-harvest-v7\clean-v7\review.csv | data\discovery\focused-harvest-v7-run1-backup\clean-v7\review.csv | data\discovery\review-universe-v1\still-review.csv | data\discovery\review-universe-v4-1\manual-review.csv
REVIEW,plausible_giftcard_but_needs_human_check,heliconwatches.com,Helicon E-Gift Voucher,https://heliconwatches.com/products/helicon-e-gift-voucher?srsltid=AfmBOooRYclTkOIZyZ82AmZBD4hVTYaG7C_lz9aohce246rKfdtwjes1,Helicon E-Gift Voucher,100,5,"Surprise someone special with a Helicon E-Gift Voucher, an instant gift that will arrive in your inbox (or theirs) within moments ... Helicon Watches. Main menu.",data\discovery\mass-harvest-v5\clean-v5.2\global-review.csv | data\discovery\mass-harvest-v5\clean-v5.3\global-review.csv | data\discovery\mass-harvest-v5\clean-v5.4\review.csv | data\discovery\mass-harvest-v5\clean-v5.5\review.csv | data\discovery\mega-harvest-v6\clean-v6\review.csv | data\discovery\review-universe-v1\still-review.csv | data\discovery\review-universe-v5\manual-review.csv
REVIEW,plausible_giftcard_but_needs_human_check,hellascanyon.com,Gift Card,https://hellascanyon.com/en/product/gift-card/,Gift Card,100,3,"Gift Card. 50,00€ – 200,00€ Price range: 50,00€ through 200,00€. Gift Card ... Gallias 53, Volos, Greece · +30 694 524 2331 · info@hellascanyon.com · Hellas ...",data\discovery\mass-harvest-v5\clean-v5.3\greece-market-review.csv | data\discovery\mass-harvest-v5\clean-v5.4\review.csv | data\discovery\mass-harvest-v5\clean-v5.5\review.csv | data\discovery\review-universe-v1\still-review.csv | data\discovery\review-universe-v5-1\manual-review.csv
REVIEW,plausible_giftcard_but_needs_human_check,hellenic-art.com,Gifts Inspired by Mythology & History,https://www.hellenic-art.com/product/gift-card/,Gift Card | Gifts Inspired by Mythology & History,100,2,Gift Card ... Minoan wall frescoes from the island of Crete · Olympic Games wall frescoes · Wall frescoes of Gods; Ancient Greek Bas Reliefs. Greek Jewelry.,data\discovery\focused-harvest-v7\clean-v7\review.csv | data\discovery\focused-harvest-v7-run1-backup\clean-v7\review.csv | data\discovery\review-universe-v1\still-review.csv | data\discovery\review-universe-v5-1\manual-review.csv
REVIEW,plausible_giftcard_but_needs_human_check,hemithea.gr,Hemithea,https://hemithea.gr,Hemithea Gift Card 50,,1,"Wave2Bucket=HIGH_SAFE | Wave2Score=70 | Wave2Reasons=GIFT_TITLE | GREEK_DOMAIN | MULTI_QUERY | MULTI_HIT | Queries=site:.gr clothing ""gift card"" | site:.gr pet ""gift card"" | site:.gr ""gift card"" ""€"" | Imported to DISCOVERED only; requires verification before production.",DB:DISCOVERED:cmt9y15y3000jpwiyx3pb5zn0
REVIEW,plausible_giftcard_but_needs_human_check,her2ndchance.org,What Gift Card to Give for a Wedding?,https://her2ndchance.org/blogs/recent-blogs/what-gift-card-to-give-for-a-wedding?srsltid=AfmBOoroKiHXWCAczCm8kz3Ta8RkxKcHJEAIwNxFIZEjhGwucEgG45bH,What Gift Card to Give for a Wedding?,100,1,"By personalizing the gift card, you can create a truly unique and thoughtful wedding gift. The couple will appreciate and cherish it long after the big day.",data\discovery\mega-harvest-v6\clean-v6\review.csv | data\discovery\review-universe-v1\still-review.csv | data\discovery\review-universe-v5\manual-review.csv
REVIEW,plausible_giftcard_but_needs_human_check,herbsnbeauty.gr,Αγοράστε μία Δωροεπιταγή,https://www.herbsnbeauty.gr/index.php?route,Αγοράστε μία Δωροεπιταγή,85,1,"2310744968. Menu. Herbs and Beauty · 0 · 0 προϊόν(τα) - 0,00€ 0 · O ... Αυτή η δωροεπιταγή θα αποσταλεί μέ e-mail στον παραλήπτη αφού ολοκληρωθεί ή πληρωμή σας.",data\discovery\focused-harvest-v7-run1-backup\clean-v7\review.csv | data\discovery\review-universe-v1\still-review.csv | data\discovery\review-universe-v4-1\manual-review.csv
REVIEW,plausible_giftcard_but_needs_human_check,herringshoes.co.uk,Herring Shoes Gift Card,https://herringshoes.co.uk/products/herring-shoes-gift-card,Herring Shoes Gift Card,100,1,"... Greece, Greenland, Grenada, Guadeloupe, Guatemala, Guernsey, Guinea, Guinea-Bissau ... Gift Voucher. Herring Shoes Gift Card. 01. Herring Vouchers. Herring Gift ...",data\discovery\mega-harvest-v6\clean-v6\review.csv | data\discovery\review-universe-v1\still-review.csv | data\discovery\review-universe-v5-1\manual-review.csv
REVIEW,plausible_giftcard_but_needs_human_check,hiltongiftcards.co.uk,Hilton Hotel Gift Cards | The Perfect Stay Gift,https://www.hiltongiftcards.co.uk/,Hilton Hotel Gift Cards | The Perfect Stay Gift,100,4,"Give the gift of comfort and adventure. Hilton Hotel Gift Cards are valid for 5 years and can be used at select hotels across the UK, Ireland & Europe.",data\discovery\mass-harvest-v5\clean-v5.2\global-review.csv | data\discovery\mass-harvest-v5\clean-v5.3\global-review.csv | data\discovery\mass-harvest-v5\clean-v5.4\review.csv | data\discovery\mass-harvest-v5\clean-v5.5\review.csv | data\discovery\review-universe-v1\still-review.csv | data\discovery\review-universe-v5\global-greece-review.csv
REVIEW,plausible_giftcard_but_needs_human_check,historichotelsofeurope.com,Hotel Gift Vouchers | Give the Perfect Hotel Experience,https://historichotelsofeurope.com/gift-voucher/?utm_campaign=landingpage&utm_content=carousel&utm_medium=cpc,Hotel Gift Vouchers | Give the Perfect Hotel Experience,100,4,Gift Vouchers for Historic Hotels. The Perfect Gift – Redeemable Across 24+ European Countries. Buy Gift Voucher ... Kyrimai romantic hotel mani greece ...,data\discovery\mass-harvest-v5\clean-v5.3\greece-market-review.csv | data\discovery\mass-harvest-v5\clean-v5.4\review.csv | data\discovery\mass-harvest-v5\clean-v5.5\review.csv | data\discovery\mega-harvest-v6\clean-v6\review.csv | data\discovery\review-universe-v1\still-review.csv | data\discovery\review-universe-v5-1\manual-review.csv
REVIEW,plausible_giftcard_but_needs_human_check,hobby-jungle.com,Gift Card,https://www.hobby-jungle.com/el/collections/gift-card?srsltid=AfmBOorp0T-8XXMtjTXOPzNPd2siW29BpBoDd5qqIsSzFYwW8QcN_XiK,Gift Card,100,3,Hobby Jungle Gift Card · Hobby Jungle Gift Card. Κανονική τιμή Από €10.00 EUR. Κανονική τιμή Τιμή έκπτωσης Από €10.00 EUR. Τιμή μονάδας / ανά ...,data\discovery\mass-harvest-v5\clean-v5.3\greece-market-review.csv | data\discovery\mass-harvest-v5\clean-v5.4\review.csv | data\discovery\mass-harvest-v5\clean-v5.5\review.csv | data\discovery\review-universe-v1\still-review.csv | data\discovery\review-universe-v5\manual-review.csv
REVIEW,plausible_giftcard_but_needs_human_check,hobbycolours.com,Δωροκάρτα HOBBY Colors (10 / 25 / 50 / 100 ευρώ),https://hobbycolours.com/el/collections/electronics/products/hobby-colours-gift-card-10-25-50-100-euros?_pos=11&_fid=195da9ea8&_ss=c,Δωροκάρτα HOBBY Colors (10 / 25 / 50 / 100 ευρώ),100,4,"Δωροκάρτα HOBBY Colors (10 / 25 / 50 / 100 ευρώ)( 10,00 € ) - https://hobbycolours.com/el/products/hobby-colours-gift-card-10-25-50-100-euros?variant ...",data\discovery\mass-harvest-v5\clean-v5.3\greece-market-review.csv | data\discovery\mass-harvest-v5\clean-v5.4\review.csv | data\discovery\mass-harvest-v5\clean-v5.5\review.csv | data\discovery\mega-harvest-v6\clean-v6\review.csv | data\discovery\review-universe-v1\still-review.csv | data\discovery\review-universe-v5\manual-review.csv
REVIEW,plausible_giftcard_but_needs_human_check,hogan.com,Gift Card Boutique,https://www.hogan.com/gr-en/customer-service/gift-card-boutique/,Gift Card Boutique,100,1,"Greece (€). EN. Holland (€). NL · EN. Hungary (€). EN ... Gift Card. Gift Card. Shipment and Delivery ... Boutique or, if purchased on the Website, from ...",data\discovery\mega-harvest-v6\clean-v6\review.csv | data\discovery\review-universe-v1\still-review.csv | data\discovery\review-universe-v5-1\manual-review.csv
REVIEW,plausible_giftcard_but_needs_human_check,holidayclubresorts.com,Holiday gift cards | Gift a vacation in Finland,https://www.holidayclubresorts.com/en/store/buy-gift-cards/?srsltid=AfmBOoq4UCcCCkwWScNg7BNWXr49w8an9sSVR6TkHqfJrK_Avjm4u_gN,Holiday gift cards | Gift a vacation in Finland,100,4,"The gift card is valid at all Holiday Club locations in Finland. · The gift card must be valid at the start of your stay, and it will be charged upon arrival at ...",data\discovery\mass-harvest-v5\clean-v5.2\global-review.csv | data\discovery\mass-harvest-v5\clean-v5.3\global-review.csv | data\discovery\mass-harvest-v5\clean-v5.4\review.csv | data\discovery\mass-harvest-v5\clean-v5.5\review.csv | data\discovery\review-universe-v1\still-review.csv | data\discovery\review-universe-v5\manual-review.csv
REVIEW,plausible_giftcard_but_needs_human_check,hollandandbarrett.gr,Κέρδισε δωροεπιταγή αξίας €3 με τις online αγορές σου από €45 και ...,https://www.hollandandbarrett.gr/oroi-energeion-proothisis/kerdise-doroepitagi-axias-3-me-tis-online-agores-sou-apo-45-kai-ano/,Κέρδισε δωροεπιταγή αξίας €3 με τις online αγορές σου από €45 και ...,85,3,H αναφερόμενη δωροεπιταγή δεν είναι ονομαστική και ενσωματώνει υπόσχεση προς παροχή στον κομιστή. Η εταιρία «Wellness Market MAE» όσον αφορά τις ...,data\discovery\focused-harvest-v7\clean-v7\review.csv | data\discovery\focused-harvest-v7-run1-backup\clean-v7\review.csv | data\discovery\mega-harvest-v6\clean-v6\review.csv | data\discovery\review-universe-v1\still-review.csv
REVIEW,plausible_giftcard_but_needs_human_check,homeandyou.gr,Αγοράστε μία Δωροεπιταγή,https://homeandyou.gr/index.php?route,Αγοράστε μία Δωροεπιταγή,85,1,Home and you. Search. Checkout 0. Το καλάθι αγορών είναι άδειο! Home and you ... Αυτή η δωροεπιταγή θα αποσταλεί μέ e-mail στον παραλήπτη αφού ολοκληρωθεί ή ...,data\discovery\focused-harvest-v7-run1-backup\clean-v7\review.csv | data\discovery\review-universe-v1\still-review.csv | data\discovery\review-universe-v4-1\manual-review.csv
REVIEW,plausible_giftcard_but_needs_human_check,homeunique.gr,Αγοράστε μία Δωροεπιταγή,https://www.homeunique.gr/index.php?route,Αγοράστε μία Δωροεπιταγή,85,2,"Αυτή η δωροεπιταγή θα αποσταλεί μέ e-mail στον παραλήπτη αφού ολοκληρωθεί ή πληρωμή σας. ... Copyright © 2024, Home Unique, All Rights Reserved.",data\discovery\focused-harvest-v7\clean-v7\review.csv | data\discovery\focused-harvest-v7-run1-backup\clean-v7\review.csv | data\discovery\review-universe-v1\still-review.csv | data\discovery\review-universe-v4-1\manual-review.csv
REVIEW,plausible_giftcard_but_needs_human_check,hotel-marina.dk,Buy a gift card for Danske Hotels A / S,https://www.hotel-marina.dk/en/gavekort/,Buy a gift card for Danske Hotels A / S,85,5,"... hotel, or an employee gift card – all can be used at our 27 unique hotels and inns throughout Denmark. Bemærk: The gift cards are print yourself and will be ...",data\discovery\mass-harvest-v5\clean-v5.1\review.csv | data\discovery\mass-harvest-v5\clean-v5.2\manual-review.csv | data\discovery\mass-harvest-v5\clean-v5.3\global-review.csv | data\discovery\mass-harvest-v5\clean-v5.4\review.csv | data\discovery\mass-harvest-v5\clean-v5.5\review.csv | data\discovery\review-universe-v1\still-review.csv | data\discovery\review-universe-v5\manual-review.csv
REVIEW,plausible_giftcard_but_needs_human_check,hotelandsparesorts.com,Ireland's Most Flexible Hotel & Spa Gift Vouchers,https://www.hotelandsparesorts.com/,Ireland's Most Flexible Hotel & Spa Gift Vouchers,80,5,Ireland's Most Flexible Hotel & Spa Gift Voucher ... Proud winner of the Best Luxury Hotel Gift Card 2026 at The Perfect Gift Awards 2026 hosted by LUXlife.,data\discovery\mass-harvest-v5\clean-v5.1\review.csv | data\discovery\mass-harvest-v5\clean-v5.2\manual-review.csv | data\discovery\mass-harvest-v5\clean-v5.3\global-review.csv | data\discovery\mass-harvest-v5\clean-v5.4\review.csv | data\discovery\mass-harvest-v5\clean-v5.5\review.csv | data\discovery\review-universe-v1\still-review.csv | data\discovery\review-universe-v5\manual-review.csv
REVIEW,plausible_giftcard_but_needs_human_check,hotelcstockholm.com,Gift Card - Presentkort,https://hotelcstockholm.com/gift-cards/,Gift Card - Presentkort,100,4,Give the gift of a Stockholm experience with a Hotel C Stockholm or ICEBAR gift card ... Sweden. +46 (0)8 50 56 31 00 reservations@hotelcstockholm.se. Subscribe ...,data\discovery\mass-harvest-v5\clean-v5.2\global-review.csv | data\discovery\mass-harvest-v5\clean-v5.3\global-review.csv | data\discovery\mass-harvest-v5\clean-v5.4\review.csv | data\discovery\mass-harvest-v5\clean-v5.5\review.csv | data\discovery\review-universe-v1\still-review.csv | data\discovery\review-universe-v5\manual-review.csv
REVIEW,plausible_giftcard_but_needs_human_check,hotelequipment.gr,Αγοράστε μία Δωροεπιταγή - Hotel Equipment,https://www.hotelequipment.gr/index.php?route,Αγοράστε μία Δωροεπιταγή - Hotel Equipment,85,1,"Hotel Equipment. 0 · 0 προϊόν(τα) - 0,00€ 0 · O Λογαριασμός μου · Αγορά Δωροεπιταγής. Αγοράστε μία Δωροεπιταγή ... Copyright © 2023, Hotel Equipment, All Rights ...",data\discovery\focused-harvest-v7\clean-v7\review.csv | data\discovery\focused-harvest-v7-run1-backup\clean-v7\review.csv
REVIEW,plausible_giftcard_but_needs_human_check,hotelgift.com,"#1 Hotel Gift Card for +750,000 Global Hotels | Hotelgift",https://www.hotelgift.com/,"#1 Hotel Gift Card for +750,000 Global Hotels | Hotelgift",80,6,The #1 best-selling hotel gift card redeemable on 750000+ hotels and 1200+ hotel chains in more than 170 countries worldwide.,data\discovery\mass-harvest-v5\clean-v5.1\review.csv | data\discovery\mass-harvest-v5\clean-v5.2\manual-review.csv | data\discovery\mass-harvest-v5\clean-v5.3\global-review.csv | data\discovery\mass-harvest-v5\clean-v5.4\review.csv | data\discovery\mass-harvest-v5\clean-v5.5\review.csv | data\discovery\mega-harvest-v6\clean-v6\review.csv | data\discovery\review-universe-v2\manual-review.csv
REVIEW,plausible_giftcard_but_needs_human_check,hotelgiftcard.com,The #1 Hotel Gift Card in Italy!,https://www.hotelgiftcard.com/en-it/,The #1 Hotel Gift Card in Italy!,100,6,The #1 Hotel Gift Card in Italy! Order Now. /sites/default/files/2025-01 ... The hotel gift card with which you are guaranteed to give an unforgettable experience ...,data\discovery\mass-harvest-v5\clean-v5.1\review.csv | data\discovery\mass-harvest-v5\clean-v5.2\global-review.csv | data\discovery\mass-harvest-v5\clean-v5.3\global-review.csv | data\discovery\mass-harvest-v5\clean-v5.4\review.csv | data\discovery\mass-harvest-v5\clean-v5.5\review.csv | data\discovery\mega-harvest-v6\clean-v6\review.csv | data\discovery\review-universe-v2\manual-review.csv
REVIEW,plausible_giftcard_but_needs_human_check,hotelhavanabulgaria.com,Travel gift voucher for 8 march - Hotel Havana Golden Sands Bulgaria,https://hotelhavanabulgaria.com/travel-gift-voucher-for-8-march/,Travel gift voucher for 8 march - Hotel Havana Golden Sands Bulgaria,100,4,Surprise your beloved woman with a non-standard gift for March 8 - a holiday gift voucher for an unforgettable vacation at sea. 40% discount.,data\discovery\mass-harvest-v5\clean-v5.2\global-review.csv | data\discovery\mass-harvest-v5\clean-v5.3\global-review.csv | data\discovery\mass-harvest-v5\clean-v5.4\review.csv | data\discovery\mass-harvest-v5\clean-v5.5\review.csv | data\discovery\review-universe-v1\still-review.csv | data\discovery\review-universe-v5\manual-review.csv
REVIEW,plausible_giftcard_but_needs_human_check,hotelpuntagrande.com,"Gift cards and vouchers - Hotel Puntagrande - Canary islands, Spain",https://hotelpuntagrande.com/gift-cards-vouchers/,"Gift cards and vouchers - Hotel Puntagrande - Canary islands, Spain",100,4,It will automatically be transformed into a gift card as soon as your chosen date is reached. ... Spain. Contact us. Chat on WhatsApp. CERTIFICATIONS. Awards ...,data\discovery\mass-harvest-v5\clean-v5.2\global-review.csv | data\discovery\mass-harvest-v5\clean-v5.3\global-review.csv | data\discovery\mass-harvest-v5\clean-v5.4\review.csv | data\discovery\mass-harvest-v5\clean-v5.5\review.csv | data\discovery\review-universe-v2\manual-review.csv
REVIEW,plausible_giftcard_but_needs_human_check,hotels.com,Buy Travel Gift Cards Online,https://www.hotels.com/lp/b/giftcards,Buy Travel Gift Cards Online,100,4,Will I earn OneKeyCash™ on hotel bookings made with a Hotels.com gift card? ... Hotels in Italy · Hotels in United Kingdom · Hotels in France · Hotels in Spain.,data\discovery\mass-harvest-v5\clean-v5.2\global-review.csv | data\discovery\mass-harvest-v5\clean-v5.3\global-review.csv | data\discovery\mass-harvest-v5\clean-v5.4\review.csv | data\discovery\mass-harvest-v5\clean-v5.5\review.csv | data\discovery\review-universe-v1\still-review.csv | data\discovery\review-universe-v5\global-greece-review.csv
REVIEW,plausible_giftcard_but_needs_human_check,hoteltreats.com,Results matching your search criteria in Hotel Treats Gift Card ...,https://www.hoteltreats.com/en/treats/hotel-treats-gift-card?location=13511,Results matching your search criteria in Hotel Treats Gift Card ...,100,1,"A monetary gift card to spend on anything they wish! Hotel Treats Gift Card. from. €15. Buy now. Choose from our curated Hotel Treats Gift Card in Rethymno , ...",data\discovery\focused-harvest-v7\clean-v7\review.csv | data\discovery\focused-harvest-v7-run1-backup\clean-v7\review.csv | data\discovery\mass-harvest-v5\clean-v5.2\global-review.csv | data\discovery\mass-harvest-v5\clean-v5.3\global-review.csv | data\discovery\mass-harvest-v5\clean-v5.4\review.csv | data\discovery\mass-harvest-v5\clean-v5.5\review.csv | data\discovery\mega-harvest-v6\clean-v6\review.csv
REVIEW,plausible_giftcard_but_needs_human_check,houseofamor.co.uk,GIFT VOUCHER,https://www.houseofamor.co.uk/collections/gift-voucher?srsltid=AfmBOoqXXgJ0_sh4K45FjLGKi1njJ9YoyvQD0You9NzRvbPWhp7mISZX,GIFT VOUCHER,100,1,The Gift Voucher collection at House of Amor offers the perfect solution for ... Press On Nails · Brows & Cosmetics · Bundles · Education · Reviews · SALE · Log ...,data\discovery\mega-harvest-v6\clean-v6\review.csv | data\discovery\review-universe-v1\still-review.csv | data\discovery\review-universe-v5\manual-review.csv
REVIEW,plausible_giftcard_but_needs_human_check,houseofvalerie.com,Gift Vouchers,https://houseofvalerie.com/collections/gift-vouchers?srsltid=AfmBOoqbIvtcvim4mzspNLNf7DfW6h0k8es4fhVDH3RJ7A0hCe10hm2R,Gift Vouchers,100,5,HOUSE OF VALERIE GIFT VOUCHER £25-£200 ... We curate collections that empower you to embrace your individuality and express yourself through daring fashion.,data\discovery\mass-harvest-v5\clean-v5.2\global-review.csv | data\discovery\mass-harvest-v5\clean-v5.3\global-review.csv | data\discovery\mass-harvest-v5\clean-v5.4\review.csv | data\discovery\mass-harvest-v5\clean-v5.5\review.csv | data\discovery\mega-harvest-v6\clean-v6\review.csv | data\discovery\review-universe-v1\still-review.csv | data\discovery\review-universe-v5\manual-review.csv
REVIEW,plausible_giftcard_but_needs_human_check,huggg.me,"Best Gift Cards UK 2026: 10 Most Popular, Ranked",https://www.huggg.me/blog/top-10-most-popular-gift-cards-uk,"Best Gift Cards UK 2026: 10 Most Popular, Ranked",100,4,"One4All gift card. One4All is a multi-store gift card accepted at over 140 UK retailers, including Argos, H&M, Currys, New Look, and TK Maxx.",data\discovery\mass-harvest-v5\clean-v5.2\global-review.csv | data\discovery\mass-harvest-v5\clean-v5.3\global-review.csv | data\discovery\mass-harvest-v5\clean-v5.4\review.csv | data\discovery\mass-harvest-v5\clean-v5.5\review.csv | data\discovery\review-universe-v1\still-review.csv
REVIEW,plausible_giftcard_but_needs_human_check,hunting.com.gr,Κυνήγι - Outdoor,https://www.hunting.com.gr/index.php?route,Δωροεπιταγή | Κυνήγι - Outdoor,80,3,Αρχική · Δωροεπιταγή. Δωροεπιταγή. Δωροεπιταγή. Δείτε το κατάστημα μας : Λογαριασμός. O Λογαριασμός μου · Ιστορικό Παραγγελιών · Λίστα Επιθυμιών (0) ...,data\discovery\focused-harvest-v7\clean-v7\review.csv | data\discovery\focused-harvest-v7-run1-backup\clean-v7\review.csv | data\discovery\mega-harvest-v6\clean-v6\review.csv | data\discovery\review-universe-v1\still-review.csv | data\discovery\review-universe-v4-1\manual-review.csv
REVIEW,plausible_giftcard_but_needs_human_check,huuray.com,Best Gift Cards for Employees in Denmark,https://huuray.com/gift-cards-for-employees-in-denmark/,Best Gift Cards for Employees in Denmark,100,4,"A Magasin gift card offers unmatched variety across fashion, cosmetics, kitchenware, and more. ... Why Madklubben Gift Card works in Denmark. Gives employees ...",data\discovery\mass-harvest-v5\clean-v5.2\global-review.csv | data\discovery\mass-harvest-v5\clean-v5.3\global-review.csv | data\discovery\mass-harvest-v5\clean-v5.4\review.csv | data\discovery\mass-harvest-v5\clean-v5.5\review.csv | data\discovery\review-universe-v1\still-review.csv
REVIEW,plausible_giftcard_but_needs_human_check,hydracaptainsclub.gr,Egift Cards Skechers Shoes Skechers Gift Voucher Step Into ...,https://hydracaptainsclub.gr/product-similar-image/?24283519010870,Egift Cards Skechers Shoes Skechers Gift Voucher Step Into ...,80,1,Egift Cards Skechers Shoes Skechers Gift Voucher Step Into Comfort And Style With Our Skechers Shoes Fest At Zak. Write a review.,data\discovery\mega-harvest-v6\clean-v6\review.csv | data\discovery\review-universe-v1\still-review.csv | data\discovery\review-universe-v4-1\manual-review.csv
REVIEW,plausible_giftcard_but_needs_human_check,hyperlightoptics.com,Gift Cards,https://hyperlightoptics.com/collections/gift-cards?srsltid=AfmBOorH3PFixWlqtiZlI7wEQh7Tkr1X73EBjV8yOLq3tpAs-SPLiV9L,Gift Cards,100,4,"Greece (EUR €); Guernsey (EUR €); Hong Kong SAR (EUR ... Hyperlight Gift Card featuring bold white HYPERLIGHT OPTICS text, a geometric sphere design, and.",data\discovery\mass-harvest-v5\clean-v5.3\greece-market-review.csv | data\discovery\mass-harvest-v5\clean-v5.4\review.csv | data\discovery\mass-harvest-v5\clean-v5.5\review.csv | data\discovery\mega-harvest-v6\clean-v6\review.csv | data\discovery\review-universe-v1\still-review.csv | data\discovery\review-universe-v5-1\manual-review.csv
REVIEW,plausible_giftcard_but_needs_human_check,iberia.com,Iberia Gift Card - The best way to give the gift of Travel,https://www.iberia.com/gr/gift-card/,Iberia Gift Card - The best way to give the gift of Travel,100,3,Luggage. Luggage; Hand luggage · Checked baggage · Baggage Service Centre · More ... Use of the gift card. The recipient can use the gift card whenever they want ...,data\discovery\mass-harvest-v5\clean-v5.3\greece-market-review.csv | data\discovery\mass-harvest-v5\clean-v5.4\review.csv | data\discovery\mass-harvest-v5\clean-v5.5\review.csv | data\discovery\review-universe-v2\manual-review.csv
REVIEW,plausible_giftcard_but_needs_human_check,ie-rubiconwatches.glopalstore.com,Gift Card - Rubicon Watches,https://ie-rubiconwatches.glopalstore.com/products/gift-card,Gift Card - Rubicon Watches,100,5,Rubicon Watches · Account · Cart. Search. Toggle menu. Search ... gift voucher will be refunded and a new gift voucher code will be issued.,data\discovery\mass-harvest-v5\clean-v5.2\global-review.csv | data\discovery\mass-harvest-v5\clean-v5.3\global-review.csv | data\discovery\mass-harvest-v5\clean-v5.4\review.csv | data\discovery\mass-harvest-v5\clean-v5.5\review.csv | data\discovery\mega-harvest-v6\clean-v6\review.csv | data\discovery\review-universe-v1\still-review.csv | data\discovery\review-universe-v5\manual-review.csv
REVIEW,plausible_giftcard_but_needs_human_check,ihf.ie,Time to 'Go Anywhere' with Ireland's Ultimate Hotel Gift Card,https://www.ihf.ie/content/time-go-anywhere-irelands-ultimate-hotel-gift-card,Time to 'Go Anywhere' with Ireland's Ultimate Hotel Gift Card,100,4,"Supported by Fáilte Ireland, the 'Go Anywhere Gift Card' is all about giving the gift of a memorable holiday experience and discovering the very ...",data\discovery\mass-harvest-v5\clean-v5.2\global-review.csv | data\discovery\mass-harvest-v5\clean-v5.3\global-review.csv | data\discovery\mass-harvest-v5\clean-v5.4\review.csv | data\discovery\mass-harvest-v5\clean-v5.5\review.csv | data\discovery\review-universe-v1\still-review.csv | data\discovery\review-universe-v5\manual-review.csv
REVIEW,plausible_giftcard_but_needs_human_check,ikastikos-kiklos.com,Zografikí - Metaxotypíes - TéchniPainting - Silk Screen - Art,https://ikastikos-kiklos.com/en/gift-card/?srsltid=AfmBOorjio-diHkf_L0NtseJeVQjpMWG8u5FUI7JSl9RRDLQrVLpC4U_,Zografikí - Metaxotypíes - TéchniPainting - Silk Screen - Art,55,1,"ART VOUCHER. You can acquire a gift card at the Ikastikos Kyklos Sianti premises. You can decide upon the value of the gift card, giving the recipient the ...",data\discovery\mega-harvest-v6\clean-v6\review.csv | data\discovery\review-universe-v1\still-review.csv | data\discovery\review-universe-v4\still-review.csv
REVIEW,plausible_giftcard_but_needs_human_check,iliabeauty.com,Gift card,https://iliabeauty.com/en-gb/products/gift-card,Gift card,100,4,"Give the gift of clean, skin-centric beauty with a digital gift card from ILIA ... Portugal €PT; Spain €ES; United Kingdom £GB; United ... Give the gift of clean, ...",data\discovery\mass-harvest-v5\clean-v5.2\global-review.csv | data\discovery\mass-harvest-v5\clean-v5.3\global-review.csv | data\discovery\mass-harvest-v5\clean-v5.4\review.csv | data\discovery\mass-harvest-v5\clean-v5.5\review.csv | data\discovery\review-universe-v1\still-review.csv | data\discovery\review-universe-v5\manual-review.csv
REVIEW,plausible_giftcard_but_needs_human_check,imcages.com,Gift Card 200 euros,https://www.imcages.com/en/gift-card-200-euros-933.html?srsltid=AfmBOoqrdHLihTecTmvYWCfXIFAxNZtSajECnePB8ZPO4xMbh84SLQI6,Gift Card 200 euros,100,1,"TERRARIUM LIGHTING · UV Lamps · LED Light · UV Light Bulbs · Infrared Bulbs ... Each gift voucher has a uniquely assigned code, which should be entered in ...",data\discovery\mega-harvest-v6\clean-v6\review.csv | data\discovery\review-universe-v1\still-review.csv | data\discovery\review-universe-v5\manual-review.csv
REVIEW,plausible_giftcard_but_needs_human_check,inbeautyland.gr,Αγοράστε μία Δωροεπιταγή,https://www.inbeautyland.gr/index.php?route,Αγοράστε μία Δωροεπιταγή,85,2,NAILS · ΠΑΚΕΤΑ - ΚΙΤ · ΠΡΟΣΦΟΡΑ 25% · ΗΜΙΜΟΝΙΜΑ ΒΕΡΝΙΚΙΑ · BASE COAT · RUBBER BASE ... Αυτή η δωροεπιταγή θα αποσταλεί μέ e-mail στον παραλήπτη αφού ολοκληρωθεί ή ...,data\discovery\focused-harvest-v7\clean-v7\review.csv | data\discovery\focused-harvest-v7-run1-backup\clean-v7\review.csv | data\discovery\review-universe-v1\still-review.csv | data\discovery\review-universe-v4-1\manual-review.csv
REVIEW,plausible_giftcard_but_needs_human_check,indoorxcycling.gr,GIFT CARD 1 ΩΡΑ ΜΑΣΑΖ - Indoor X - Spinning,https://indoorxcycling.gr/product/gift-cart-1-ora-masaz/,GIFT CARD 1 ΩΡΑ ΜΑΣΑΖ - Indoor X - Spinning,80,6,GIFT CARD 1 ΩΡΑ ΜΑΣΑΖ. Category: giftcart · GIFT CARD 10 ΠΡΟΠΟΝΗΣΕΙΣ · GIFT CARD 3 ΜΗΝΕΣ · GIFT CARD 16 ΠΡΟΠΟΝΗΣΕΙΣ · GIFT CARD 10 ΠΡΟΠΟΝΗΣΕΙΣ ...,data\discovery\mass-harvest-v5\clean-v5.1\review.csv | data\discovery\mass-harvest-v5\clean-v5.2\manual-review.csv | data\discovery\mass-harvest-v5\clean-v5.3\global-review.csv | data\discovery\mass-harvest-v5\clean-v5.4\review.csv | data\discovery\mass-harvest-v5\clean-v5.5\review.csv | data\discovery\mega-harvest-v6\clean-v6\review.csv | data\discovery\review-universe-v1\still-review.csv | data\discovery\review-universe-v4-1\manual-review.csv
REVIEW,plausible_giftcard_but_needs_human_check,industrybeans.com,Buy A Gift Voucher,https://industrybeans.com/pages/giftvouchers?srsltid=AfmBOopx5OabUiKgZSnWEwZaWXo4RfzSHBIKlbjr4cXnWnwE6VR8vrFR,Buy A Gift Voucher,100,4,"These vouchers are only redeemable in store over multiple purchases, and cannot be used online. Shop Cafe Gift Voucher ... Greece (AUD $) Greenland (AUD ...",data\discovery\mass-harvest-v5\clean-v5.3\greece-market-review.csv | data\discovery\mass-harvest-v5\clean-v5.4\review.csv | data\discovery\mass-harvest-v5\clean-v5.5\review.csv | data\discovery\mega-harvest-v6\clean-v6\review.csv | data\discovery\review-universe-v1\still-review.csv | data\discovery\review-universe-v5-1\manual-review.csv
REVIEW,plausible_giftcard_but_needs_human_check,indybeauty.si,Gift Card - Indy Beauty,https://indybeauty.si/en/products/darilni-bon,Gift Card - Indy Beauty,80,1,""" The perfect gift for all lovers of quality makeup? It's an Indy Beauty gift voucher!"" Regular price €26,90. € ...",data\discovery\mega-harvest-v6\clean-v6\review.csv | data\discovery\review-universe-v2\manual-review.csv
REVIEW,plausible_giftcard_but_needs_human_check,infinitymotorcycles.com,Infinity Gift Voucher,https://www.infinitymotorcycles.com/product/infinity-gift-voucher,Infinity Gift Voucher,100,5,"An Infinity Gift Voucher can be used as full or part payment for any product at Infinity Motorcycles, including thousands of motorcycle clothing, helmets and ...",data\discovery\mass-harvest-v5\clean-v5.2\global-review.csv | data\discovery\mass-harvest-v5\clean-v5.3\global-review.csv | data\discovery\mass-harvest-v5\clean-v5.4\review.csv | data\discovery\mass-harvest-v5\clean-v5.5\review.csv | data\discovery\mega-harvest-v6\clean-v6\review.csv | data\discovery\review-universe-v1\still-review.csv | data\discovery\review-universe-v5\manual-review.csv
REVIEW,plausible_giftcard_but_needs_human_check,ingla.de,Ingla gift voucher,https://ingla.de/en/products/ingla-geschenkgutschein?srsltid=AfmBOooIsnGt2XVIOmlRs3XmMm8IXVdBVv9QentVtOQHgVeu4i5SLYla,Ingla gift voucher,85,1,Ingla gift voucher. ingla concept store. Ingla gift voucher. Sale price€10. Tax included. Shipping calculated at checkout. nominal values: €10. nominal values.,data\discovery\mega-harvest-v6\clean-v6\review.csv | data\discovery\review-universe-v2\manual-review.csv
REVIEW,plausible_giftcard_but_needs_human_check,insights.nets.eu,Gift card provider Givn in Norway increases its conversion with ...,https://insights.nets.eu/success-story/gift-card-provider-givn-in-norway-increases-its-conversion-with-payment-solution-nets-easy,Gift card provider Givn in Norway increases its conversion with ...,100,4,For large stores and retail chains ... Gift card provider Givn in Norway increases its conversion with payment solution Nets Easy.,data\discovery\mass-harvest-v5\clean-v5.2\global-review.csv | data\discovery\mass-harvest-v5\clean-v5.3\global-review.csv | data\discovery\mass-harvest-v5\clean-v5.4\review.csv | data\discovery\mass-harvest-v5\clean-v5.5\review.csv | data\discovery\review-universe-v1\still-review.csv
REVIEW,plausible_giftcard_but_needs_human_check,inspiredbygreece.com,Gift Voucher,https://www.inspiredbygreece.com/product/gift-card/,Gift Voucher,100,4,"Give the gift of an Inspired by Greece Gift Voucher! Vouchers can be used for original art, prints, canvas reproductions, tote bags, cushions and all other ...",data\discovery\mass-harvest-v5\clean-v5.3\greece-market-review.csv | data\discovery\mass-harvest-v5\clean-v5.4\review.csv | data\discovery\mass-harvest-v5\clean-v5.5\review.csv | data\discovery\mega-harvest-v6\clean-v6\review.csv | data\discovery\review-universe-v1\still-review.csv | data\discovery\review-universe-v5-1\manual-review.csv
REVIEW,plausible_giftcard_but_needs_human_check,interior365.gr,Αγοράστε μία Δωροεπιταγή,https://www.interior365.gr/index.php?route,Αγοράστε μία Δωροεπιταγή,85,2,Χειροποίητα κεριά & είδη decor18 · Τεχνητά Φυτά · Άνθη & Μπουκέτα0 · Αποξηραμένα43 ... Αυτή η δωροεπιταγή θα αποσταλεί μέ e-mail στον παραλήπτη αφού ολοκληρωθεί ή ...,data\discovery\focused-harvest-v7\clean-v7\review.csv | data\discovery\focused-harvest-v7-run1-backup\clean-v7\review.csv | data\discovery\review-universe-v1\still-review.csv | data\discovery\review-universe-v4-1\manual-review.csv
REVIEW,plausible_giftcard_but_needs_human_check,interka.gr,Interka,https://interka.gr,Cup Card Holder Coffee Cup Gift Card Holder - interka.gr,,1,"Wave2Bucket=HIGH_SAFE | Wave2Score=70 | Wave2Reasons=GIFT_TITLE | GREEK_DOMAIN | MULTI_QUERY | MULTI_HIT | Queries=site:.gr cafe ""gift card"" | site:.gr travel agency ""gift card"" | site:.gr books ""gift card"" | site:.gr flowers ""gift card"" | site:.gr ""gift certificate"" | Imported to DISCOVERED only; requires verification before production.",DB:DISCOVERED:cmt9y14h70004pwiyhy5mjymq
REVIEW,plausible_giftcard_but_needs_human_check,intimissimi.com,Gift Card or Certificate,https://www.intimissimi.com/cy/giftcard/,Gift Card or Certificate,100,4,A gift that never goes out of fashion! Use it online or print it for in-store use. Buy e-gift card for women Buy e-gift card for men ... Cyprus or on the online ...,data\discovery\mass-harvest-v5\clean-v5.2\global-review.csv | data\discovery\mass-harvest-v5\clean-v5.3\global-review.csv | data\discovery\mass-harvest-v5\clean-v5.4\review.csv | data\discovery\mass-harvest-v5\clean-v5.5\review.csv | data\discovery\review-universe-v1\still-review.csv | data\discovery\review-universe-v5\global-greece-review.csv
REVIEW,plausible_giftcard_but_needs_human_check,intrepidtravel.com,Gift Vouchers,https://www.intrepidtravel.com/eu/gift-vouchers,Gift Vouchers,100,4,"Once that's paid, a digital gift voucher will magically appear in your inbox! ... Europe, Germany, Global, Ireland, Malta, Netherlands, New Zealand, South Africa ...",data\discovery\mass-harvest-v5\clean-v5.2\global-review.csv | data\discovery\mass-harvest-v5\clean-v5.3\global-review.csv | data\discovery\mass-harvest-v5\clean-v5.4\review.csv | data\discovery\mass-harvest-v5\clean-v5.5\review.csv | data\discovery\review-universe-v1\still-review.csv | data\discovery\review-universe-v5\manual-review.csv
REVIEW,plausible_giftcard_but_needs_human_check,iouliavasilaki.com,Gift Card – Ioulia Vasilaki – E-Shop,https://iouliavasilaki.com/product/gift-card/?srsltid=AfmBOoq03q3LcgQRJu-4mk0N1pwXg9PVfV1d0QVEFEr1DPWyuZ_yqYIN,Gift Card – Ioulia Vasilaki – E-Shop,100,1,Gifts ... Ioulia Vasilaki gift card is valid for 12 months and redeemable online at www.iouliavasilaki.com or by visiting our showroom in Kifisia.,data\discovery\mega-harvest-v6\clean-v6\review.csv | data\discovery\review-universe-v2\manual-review.csv
REVIEW,plausible_giftcard_but_needs_human_check,irelandhotels.com,Hotels in Ireland | Go Anywhere Gift Card,https://www.irelandhotels.com/ireland.html?srsltid=AfmBOoo1p0E0kn2WDVS4dja4O_z31pHBl9Iasw1m6Qu4TOuw_tpDa9zv,Hotels in Ireland | Go Anywhere Gift Card,85,5,Corporate Gift Card · Ireland Hotels Buy Gift Card · Ireland Hotels Buy Gift Card. Clare www.irelandhotels.com_v3. Counties. Ireland. See All Hotels. Ireland.,data\discovery\mass-harvest-v5\clean-v5.1\review.csv | data\discovery\mass-harvest-v5\clean-v5.2\manual-review.csv | data\discovery\mass-harvest-v5\clean-v5.3\global-review.csv | data\discovery\mass-harvest-v5\clean-v5.4\review.csv | data\discovery\mass-harvest-v5\clean-v5.5\review.csv | data\discovery\review-universe-v1\still-review.csv | data\discovery\review-universe-v5\global-greece-review.csv
REVIEW,plausible_giftcard_but_needs_human_check,irisgalerie.com,Κάρτα δώρου (Ελλάδα) - Iris Galerie,https://irisgalerie.com/products/%CE%BA%CE%AC%CF%81%CF%84%CE%B1-%CE%B4%CF%8E%CF%81%CE%BF%CF%85-%CE%B5%CE%BB%CE%BB%CE%AC%CE%B4%CE%B1,Κάρτα δώρου (Ελλάδα) - Iris Galerie,85,5,"Κάρτα δώρου (Ελλάδα). €50,00. • Αυτή η κάρτα δώρου αποστέλλεται ηλεκτρονικά, στη διεύθυνση email που καθορίζεται, αμέσως μετά την αγορά.",data\discovery\mass-harvest-v5\clean-v5.1\review.csv | data\discovery\mass-harvest-v5\clean-v5.2\manual-review.csv | data\discovery\mass-harvest-v5\clean-v5.3\global-review.csv | data\discovery\mass-harvest-v5\clean-v5.4\review.csv | data\discovery\mass-harvest-v5\clean-v5.5\review.csv | data\discovery\review-universe-v3\manual-review.csv
REVIEW,plausible_giftcard_but_needs_human_check,irishtourism.com,Ireland Gift Vouchers,https://www.irishtourism.com/ireland-gift-vouchers/,Ireland Gift Vouchers,100,4,An Irish Tourism Gift Voucher is the ideal way for friends and family to join together to give the gift of an unforgettable vacation in Ireland. Our gift ...,data\discovery\mass-harvest-v5\clean-v5.2\global-review.csv | data\discovery\mass-harvest-v5\clean-v5.3\global-review.csv | data\discovery\mass-harvest-v5\clean-v5.4\review.csv | data\discovery\mass-harvest-v5\clean-v5.5\review.csv | data\discovery\review-universe-v1\still-review.csv | data\discovery\review-universe-v5\manual-review.csv
REVIEW,plausible_giftcard_but_needs_human_check,isbjornofsweden.com,GIFT CARD - SHOP | Clothes by,https://www.isbjornofsweden.com/en/articles/217/gift-card?srsltid=AfmBOoqttFzjlxSnFx0aM8jYPs3-vmw-Xdjs5Q-AQoGx2jNbwvBYcaqY,GIFT CARD - SHOP | Clothes by,100,4,See all our products under: GIFT CARD - SHOP ✓ Sustainable clothes for kids ... Sweden · Norway · Denmark · Germany · Other countries · PR & Media. Join our ...,data\discovery\mass-harvest-v5\clean-v5.2\global-review.csv | data\discovery\mass-harvest-v5\clean-v5.3\global-review.csv | data\discovery\mass-harvest-v5\clean-v5.4\review.csv | data\discovery\mass-harvest-v5\clean-v5.5\review.csv | data\discovery\review-universe-v1\still-review.csv | data\discovery\review-universe-v5\manual-review.csv
REVIEW,plausible_giftcard_but_needs_human_check,islandgiftcards.net,Mykonos Steak Club - Island Gift Cards,https://islandgiftcards.net/product/mykonos-steak-club/,Mykonos Steak Club - Island Gift Cards,100,4,Home / Gift Card / Mykonos Steak Club.. Mykonos Steak ... This gift card cannot be redeemed for cash. Cannot be combined with other ...,data\discovery\mass-harvest-v5\clean-v5.1\review.csv | data\discovery\mass-harvest-v5\clean-v5.3\greece-market-review.csv | data\discovery\mass-harvest-v5\clean-v5.4\review.csv | data\discovery\mass-harvest-v5\clean-v5.5\review.csv | data\discovery\review-universe-v3\manual-review.csv
REVIEW,plausible_giftcard_but_needs_human_check,italyonabudgettours.com,Gift Vouchers,https://italyonabudgettours.com/gift-vouchers/,Gift Vouchers,100,4,"When you give a gift voucher, you can let them make the decisions! Want to offer some inspiration with your gift? Share the Best of Italy with our favorite ...",data\discovery\mass-harvest-v5\clean-v5.2\global-review.csv | data\discovery\mass-harvest-v5\clean-v5.3\global-review.csv | data\discovery\mass-harvest-v5\clean-v5.4\review.csv | data\discovery\mass-harvest-v5\clean-v5.5\review.csv | data\discovery\review-universe-v1\still-review.csv | data\discovery\review-universe-v5\manual-review.csv
REVIEW,plausible_giftcard_but_needs_human_check,iteurope.es,It Europe Gift Card,https://iteurope.es/en/products/tarjeta-regalo-it-europe?srsltid=AfmBOopuSbnAFVW5D2RPgEyaQHpz8TUnt05sL29NgR28MW988xHNcrgR,It Europe Gift Card,85,5,"Gift summer with this IT Europe gift card and let them choose their favorites. It is sent by email with a unique code to redeem online at checkout, quickly, ...",data\discovery\mass-harvest-v5\clean-v5.1\review.csv | data\discovery\mass-harvest-v5\clean-v5.2\manual-review.csv | data\discovery\mass-harvest-v5\clean-v5.3\global-review.csv | data\discovery\mass-harvest-v5\clean-v5.4\review.csv | data\discovery\mass-harvest-v5\clean-v5.5\review.csv | data\discovery\review-universe-v2\manual-review.csv
REVIEW,plausible_giftcard_but_needs_human_check,ithara.ae,European Capitals: 2 Nights for Two X,https://www.ithara.ae/european-capitals-2-nights-for-two?srsltid=AfmBOordPGeP_peiFcQVlXYXph_ozpo2nwSy4rWUUCLtb4FKyxUb5cMn,European Capitals: 2 Nights for Two X - Gift Voucher - Ithara.ae,80,1,"Choose from 3 to 5 handpicked hotels in cities like London, Paris, Prague, Rome, Athens & more — or over 52,000 hotels worldwide ... Gift Voucher ... Perfume ...",data\discovery\mega-harvest-v6\clean-v6\review.csv
REVIEW,plausible_giftcard_but_needs_human_check,itokos.com,Itokos Grill Gift Cards,https://itokos.com/gift-cards,Itokos Grill Gift Cards,100,1,"Give the gift of a delicious meal with our restaurant gift cards! Perfect for any occasion, our gift cards can be used for takeout or delivery. Gift Card Amount.",data\discovery\focused-harvest-v7-run1-backup\clean-v7\review.csv | data\discovery\review-universe-v2\manual-review.csv
REVIEW,plausible_giftcard_but_needs_human_check,j-born.eu,JBØRN Baby Products Gift Card,https://j-born.eu/products/baby-products-gift-card?srsltid=AfmBOoo37JBESIGFuxxUFDfp7-AMOqiVMGfBTx64sKh4uTl0VrFhh1dJ,JBØRN Baby Products Gift Card,100,5,JBØRN Baby Products Gift Card ; Denominations · €10.00. €25.00. €50.00. €100.00 ; Goes great with · JBØRN Baby Products Gift Card. 1 review. from €10 from €10.00.,data\discovery\mass-harvest-v5\clean-v5.2\global-review.csv | data\discovery\mass-harvest-v5\clean-v5.3\global-review.csv | data\discovery\mass-harvest-v5\clean-v5.4\review.csv | data\discovery\mass-harvest-v5\clean-v5.5\review.csv | data\discovery\mega-harvest-v6\clean-v6\review.csv | data\discovery\review-universe-v1\still-review.csv | data\discovery\review-universe-v5\manual-review.csv
REVIEW,plausible_giftcard_but_needs_human_check,jagdhof.com,Gift voucher - Give a Jagdhof holiday,https://www.jagdhof.com/en/the-jagdhof/gift-card,Gift voucher - Give a Jagdhof holiday,100,1,a treatment or choose from one of our advantageous package-vouchers. All. Beauty & Spa. Gourmet. Piri Specials. Gift Voucher. From €30.00. Gift Voucher. Details.,data\discovery\mega-harvest-v6\clean-v6\review.csv | data\discovery\review-universe-v2\manual-review.csv
REVIEW,plausible_giftcard_but_needs_human_check,janetmedicalclinic.com,Colnect Collectors Puma Gift Card Discount Piraeus Bank Credit ...,https://janetmedicalclinic.com/?e=7879077051880,Colnect Collectors Puma Gift Card Discount Piraeus Bank Credit ...,85,1,HOT ! Colnect Collectors Puma Gift Card Discount Piraeus Bank Credit Card▪️Greece▪️Expired In 1999 · Pick up at the store (Free shipping) · Delivery.,data\discovery\mega-harvest-v6\clean-v6\review.csv | data\discovery\review-universe-v1\still-review.csv | data\discovery\review-universe-v4\still-review.csv
REVIEW,plausible_giftcard_but_needs_human_check,jawollbaby.de,Jawoll Baby Gift Voucher,https://www.jawollbaby.de/en/products/jawoll-baby-geschenkgutschein?srsltid=AfmBOoqtDgqKOs2PEN0PpzrA9SDuDFKpubHELoesm9UjUsyftPSkEj4f,Jawoll Baby Gift Voucher,80,5,"Jawoll Baby Gift Voucher. Jawoll Baby Gift Voucher. Regular price €10,00 EUR.",data\discovery\mass-harvest-v5\clean-v5.1\review.csv | data\discovery\mass-harvest-v5\clean-v5.2\manual-review.csv | data\discovery\mass-harvest-v5\clean-v5.3\global-review.csv | data\discovery\mass-harvest-v5\clean-v5.4\review.csv | data\discovery\mass-harvest-v5\clean-v5.5\review.csv | data\discovery\review-universe-v2\manual-review.csv
REVIEW,plausible_giftcard_but_needs_human_check,jerichokitchen.co.uk,Christmas Gift Vouchers for Cookery Experiences ...,https://jerichokitchen.co.uk/christmas-gift-vouchers-dining-at-jericho-kitchen/,Christmas Gift Vouchers for Cookery Experiences ...,100,1,"A Jericho Kitchen Christmas Gift Voucher gives someone the chance to ... Greece, Greenland, Grenada, Guadeloupe, Guam, Guatemala, Guernsey ...",data\discovery\mega-harvest-v6\clean-v6\review.csv | data\discovery\review-universe-v1\still-review.csv | data\discovery\review-universe-v5-1\manual-review.csv
REVIEW,plausible_giftcard_but_needs_human_check,jesm.gr,Δωροκάρτα 25,https://jesm.gr/product/%CE%B4%CF%89%CF%81%CE%BF%CE%BA%CE%AC%CF%81%CF%84%CE%B1-25e/,Δωροκάρτα 25,85,1,"Category Δωροκάρτα. Δωροκάρτα 25€. €25.00 ... Με αυτήν τη δωροκάρτα, οι αγαπημένοι σας ... Jesm Concept Store. όπου η δημιουργικότητα συναντά ...",data\discovery\mega-harvest-v6\clean-v6\review.csv | data\discovery\review-universe-v1\still-review.csv | data\discovery\review-universe-v4-1\manual-review.csv
REVIEW,plausible_giftcard_but_needs_human_check,jeunessepescara.com,Jeunesse Boutique Gift Voucher,https://jeunessepescara.com/en/products/buono-regalo-jeunesse-boutique?srsltid=AfmBOorl-6SxQYmyYsUPrw81OhdbC1V8JXjIwLKUBIqWTeK6jXp6jDQ-,Jeunesse Boutique Gift Voucher,80,1,"Jeunesse Boutique Gift Voucher. Jeunesse Boutique Gift Voucher. Regular price €10,00 EUR. Regular price Sale price €10,00 EUR. Unit price / per. Sale Sold out.",data\discovery\mega-harvest-v6\clean-v6\review.csv | data\discovery\review-universe-v1\still-review.csv | data\discovery\review-universe-v4\still-review.csv
REVIEW,plausible_giftcard_but_needs_human_check,joyfashion.gr,Αγοράστε μία Δωροεπιταγή - Joy Fashion,https://www.joyfashion.gr/index.php?route,Αγοράστε μία Δωροεπιταγή - Joy Fashion,85,1,Joy Fashion. All. All; BRIGITTE; ΑΞΕΣΟΥΑΡ; ΠΑΠΟΥΤΣΙΑ ... Αυτή η δωροεπιταγή θα αποσταλεί μέ e-mail στον παραλήπτη αφού ολοκληρωθεί ή πληρωμή σας.,data\discovery\focused-harvest-v7\clean-v7\review.csv | data\discovery\focused-harvest-v7-run1-backup\clean-v7\review.csv
REVIEW,plausible_giftcard_but_needs_human_check,joyogram.com,Gift Cards in Greece | 2000+ Brands,https://www.joyogram.com/gift-cards/greece/?srsltid=AfmBOooaqGqrBLg_fZVaZJ1RV6gxF2bfUtftyD-eG7ol7Tzl8t950Cus,Gift Cards in Greece | 2000+ Brands,100,4,Electronics Fashion Food & Drink Gaming Home Sports Travel & Leisure. Arsenal EUR Gift Card. Arsenal EUR. Best Western Greece Gift Card. Best Western Greece.,data\discovery\mass-harvest-v5\clean-v5.3\greece-market-review.csv | data\discovery\mass-harvest-v5\clean-v5.4\review.csv | data\discovery\mass-harvest-v5\clean-v5.5\review.csv | data\discovery\mega-harvest-v6\clean-v6\review.csv | data\discovery\review-universe-v1\still-review.csv
REVIEW,plausible_giftcard_but_needs_human_check,jstor.org,On the Effect of Gift Vouchers Versus Direct ...,https://www.jstor.org/stable/26967334,On the Effect of Gift Vouchers Versus Direct ...,80,2,"από Y Ding · 2020 · Γίνεται αναφορά σε 46 — Because the number of cakes sold is a dis- crete nonnegative count and the data were quite dispersed, we ... a gift voucher for making the purchase. Participants ...",data\discovery\focused-harvest-v7\clean-v7\review.csv | data\discovery\focused-harvest-v7-run1-backup\clean-v7\review.csv | data\discovery\review-universe-v1\still-review.csv
REVIEW,plausible_giftcard_but_needs_human_check,juhi-hobbyhorses.com,Gift card – Juhi - Hobby horse,https://juhi-hobbyhorses.com/products/gift-card,Gift card – Juhi - Hobby horse,100,5,Give your loved ones a voucher of 20 EUR or 40 EUR and let them choose a hobby horse or accessories exactly to their liking. The gift voucher will be sent ...,data\discovery\mass-harvest-v5\clean-v5.2\global-review.csv | data\discovery\mass-harvest-v5\clean-v5.3\global-review.csv | data\discovery\mass-harvest-v5\clean-v5.4\review.csv | data\discovery\mass-harvest-v5\clean-v5.5\review.csv | data\discovery\mega-harvest-v6\clean-v6\review.csv | data\discovery\review-universe-v1\still-review.csv | data\discovery\review-universe-v5\manual-review.csv
REVIEW,plausible_giftcard_but_needs_human_check,juno.co.uk,Juno Gift Vouchers,https://www.juno.co.uk/gift/,Juno Gift Vouchers,80,1,Audio Cables & LeadsAudio Jack AdaptersAudio Splitters | Audio Jack Splitter Cables ... Juno gift voucher can be bought for amounts between £5 and £250 and ...,data\discovery\mega-harvest-v6\clean-v6\review.csv | data\discovery\review-universe-v1\still-review.csv | data\discovery\review-universe-v5\manual-review.csv
REVIEW,plausible_giftcard_but_needs_human_check,juventus.com,Gift Card,https://store.juventus.com/ar/gifts-and-accessories/gifts/gift-card?srsltid=AfmBOoo59e8ecnl8Q_Kwrue4lpGVFKuf0b-igKgYfKwozUr74D-kVEpk,Gift Card,100,3,Car AccessoriesCar Accessories · Beach Collection ... Gift CardGift Card · Gift BagsGift Bags · Bundles ... Greece. English (€) · Hungary.,data\discovery\mass-harvest-v5\clean-v5.3\greece-market-review.csv | data\discovery\mass-harvest-v5\clean-v5.4\review.csv | data\discovery\mass-harvest-v5\clean-v5.5\review.csv | data\discovery\review-universe-v1\still-review.csv | data\discovery\review-universe-v5-1\manual-review.csv
REVIEW,plausible_giftcard_but_needs_human_check,k12print.com,Plastic Gift Cards | Most Orders Shipped in 24 Hrs.,https://k12print.com/plastic-gift-cards/,Plastic Gift Cards | Most Orders Shipped in 24 Hrs.,100,4,... gift card for your business and improve its profitability. The gift cards ... printing machines and in a secure environment to maintain durability ...,data\discovery\mass-harvest-v5\clean-v5.2\global-review.csv | data\discovery\mass-harvest-v5\clean-v5.3\global-review.csv | data\discovery\mass-harvest-v5\clean-v5.4\review.csv | data\discovery\mass-harvest-v5\clean-v5.5\review.csv | data\discovery\review-universe-v1\still-review.csv
REVIEW,plausible_giftcard_but_needs_human_check,k4g.com,Buy Fashion Days Gift Card 50 RON Romania ...,https://k4g.com/product/fashion-days-gift-card-fashion-days-romania-ron-50-cd-key-8D8F3759?currency=RON&tmp=1754340843,Buy Fashion Days Gift Card 50 RON Romania ...,100,4,Fashion Days Gift Card 50 RON Romania Fashion Days CD Key. Add review and get €1. Buy Fashion Days Gift Card 50 RON Romania Fashion Days CD Key.,data\discovery\mass-harvest-v5\clean-v5.2\global-review.csv | data\discovery\mass-harvest-v5\clean-v5.3\global-review.csv | data\discovery\mass-harvest-v5\clean-v5.4\review.csv | data\discovery\mass-harvest-v5\clean-v5.5\review.csv | data\discovery\review-universe-v1\still-review.csv
REVIEW,plausible_giftcard_but_needs_human_check,kaizen-shop.gr,Kaizen Shop,https://kaizen-shop.gr,Δωροκάρτα Silver,,1,"Wave2Bucket=HIGH_SAFE | Wave2Score=70 | Wave2Reasons=GIFT_TITLE | PURCHASE_SIGNAL | GREEK_DOMAIN | MULTI_HIT | Queries=site:.gr intitle:""δωροκάρτα"" shop | Imported to DISCOVERED only; requires verification before production.",DB:DISCOVERED:cmt9y1d3v002hpwiykbjwtfip
REVIEW,plausible_giftcard_but_needs_human_check,kal-opsia.com,Com,https://www.kal-opsia.com/el/pages/gift-cards?srsltid=AfmBOopR3PDskWYg62MMiChLwUIhj3kwcolS3yGjJhbzU8hPzmyttG51,Δωροκάρτες,100,6,... ATHENS με τους όρους που περιγράφονται παρακάτω ... Green & Eco-Friendly Fashion. ✨ Χειμερινές ... Αυτή η Δωροκάρτα (η «Κάρτα») εκδίδεται από την Kalopia Athens ...,data\discovery\focused-harvest-v7\clean-v7\review.csv | data\discovery\focused-harvest-v7-run1-backup\clean-v7\review.csv | data\discovery\mass-harvest-v5\clean-v5.3\greece-market-review.csv | data\discovery\mass-harvest-v5\clean-v5.4\review.csv | data\discovery\mass-harvest-v5\clean-v5.5\review.csv | data\discovery\mega-harvest-v6\clean-v6\review.csv | data\discovery\review-universe-v1\still-review.csv | data\discovery\review-universe-v5-1\manual-review.csv
REVIEW,plausible_giftcard_but_needs_human_check,kalamatafreedivers.com,Gift voucher,https://kalamatafreedivers.com/product/gift-voucher/,Gift voucher,100,3,Here is a perfect freediving gift for you & your loved ones! Gift voucher can be used on all activities and equipment offered in Kalamata Freedivers shop.,data\discovery\mass-harvest-v5\clean-v5.3\greece-market-review.csv | data\discovery\mass-harvest-v5\clean-v5.4\review.csv | data\discovery\mass-harvest-v5\clean-v5.5\review.csv | data\discovery\review-universe-v1\still-review.csv | data\discovery\review-universe-v5-1\manual-review.csv
REVIEW,plausible_giftcard_but_needs_human_check,kalimeratzis.gr,Αγοράστε μία Δωροεπιταγή,https://www.kalimeratzis.gr/index.php?route,Αγοράστε μία Δωροεπιταγή,85,2,Το καλάθι αγορών είναι άδειο! ΓΥΝΑΙΚΕΙΑ · ΕΣΩΡΟΥΧΑ +. LUXURY LINGERIE · ΣΟΥΤΙΕΝ ... Αυτή η δωροεπιταγή θα αποσταλεί μέ e-mail στον παραλήπτη αφού ολοκληρωθεί ή ...,data\discovery\focused-harvest-v7\clean-v7\review.csv | data\discovery\focused-harvest-v7-run1-backup\clean-v7\review.csv | data\discovery\review-universe-v1\still-review.csv | data\discovery\review-universe-v4-1\manual-review.csv
REVIEW,plausible_giftcard_but_needs_human_check,kalini.com,Travel Gift Voucher - Калини,https://kalini.com/travel-gift-voucher/?lang=en,Travel Gift Voucher - Калини,100,4,"Travel Gift Voucher. KALINI – Different, proven ... The gift voucher is an official document ... Bulgaria or abroad; Confirmation from KALINI ...",data\discovery\mass-harvest-v5\clean-v5.2\global-review.csv | data\discovery\mass-harvest-v5\clean-v5.3\global-review.csv | data\discovery\mass-harvest-v5\clean-v5.4\review.csv | data\discovery\mass-harvest-v5\clean-v5.5\review.csv | data\discovery\review-universe-v1\still-review.csv | data\discovery\review-universe-v5\manual-review.csv
REVIEW,plausible_giftcard_but_needs_human_check,kami-skincare.com,KAMI Skincare Gift Voucher,https://www.kami-skincare.com/en/products/kami-skincare-wertgutschein?srsltid=AfmBOoo4mkKBQlz8I2RzeSHaQNBrqSxZWsdLikPwI_lAMnE5jtQglksT,KAMI Skincare Gift Voucher,80,1,The KAMI skincare gift voucher: Enable your loved ones to create their ideal skincare routine themselves. Available in two options: You can print the ...,data\discovery\mega-harvest-v6\clean-v6\review.csv | data\discovery\review-universe-v2\manual-review.csv
REVIEW,plausible_giftcard_but_needs_human_check,kanzohome.gr,Αγοράστε μία Δωροεπιταγή,https://kanzohome.gr/index.php?route,Αγοράστε μία Δωροεπιταγή,85,1,Θέμα Δωροεπιταγής. Απλή δωροεπιταγή Kanzohome. Δωροεπιταγή Χριστουγέννων ... Copyright © 2022 Kanzo Home ...,data\discovery\focused-harvest-v7-run1-backup\clean-v7\review.csv | data\discovery\review-universe-v1\still-review.csv | data\discovery\review-universe-v4-1\manual-review.csv
REVIEW,plausible_giftcard_but_needs_human_check,karampidis.gr,Δωροκάρτα τύπου τραπεζών. 0002dor,https://karampidis.gr/en/home?page=shop.product_details&flypage=&product_id=3499&category_id=0,Δωροκάρτα τύπου τραπεζών. 0002dor,85,6,Φαρμακείο Αυτοκινήτου Car Pharmacy Kit · Είδη ... Δωροκάρτα τύπου τραπεζών. 0002dor. Κωδικός 0002dor ... ΔΩΡΟκάρτα. Πλαστική Κάρτα τύπου τραπεζών. Με ...,data\discovery\mass-harvest-v5\clean-v5.1\review.csv | data\discovery\mass-harvest-v5\clean-v5.2\manual-review.csv | data\discovery\mass-harvest-v5\clean-v5.3\global-review.csv | data\discovery\mass-harvest-v5\clean-v5.4\review.csv | data\discovery\mass-harvest-v5\clean-v5.5\review.csv | data\discovery\mega-harvest-v6\clean-v6\review.csv | data\discovery\review-universe-v1\still-review.csv | data\discovery\review-universe-v4-1\manual-review.csv
REVIEW,plausible_giftcard_but_needs_human_check,karavanclothing.com,Gift card,https://www.karavanclothing.com/products/gift-card?srsltid=AfmBOoqWkCRV4UBUhI46XtlPKrhHkFH3q5bJHl2g_BCs5IApB6f2Etyu,Gift card,100,5,Surprise your loving ones with the Karavan digital gift card and give them the opportunity to choose their favorite designs.,data\discovery\mass-harvest-v5\clean-v5.2\global-review.csv | data\discovery\mass-harvest-v5\clean-v5.3\global-review.csv | data\discovery\mass-harvest-v5\clean-v5.4\review.csv | data\discovery\mass-harvest-v5\clean-v5.5\review.csv | data\discovery\mega-harvest-v6\clean-v6\review.csv | data\discovery\review-universe-v1\still-review.csv | data\discovery\review-universe-v5\manual-review.csv
REVIEW,plausible_giftcard_but_needs_human_check,karenrhodesart.com,Karen Rhodes Art,https://www.karenrhodesart.com/s/gift-cards,Gift cards | Karen Rhodes Art,100,1,... Where to find Karen Rhodes Art; More. Need to check gift card balance? Give the Perfect Gift. Get a voucher for yourself or gift one to a friend.,data\discovery\focused-harvest-v7\clean-v7\review.csv | data\discovery\focused-harvest-v7-run1-backup\clean-v7\review.csv
REVIEW,plausible_giftcard_but_needs_human_check,kashbeauty.com,E-Gift Voucher,https://kashbeauty.com/products/giftcard?srsltid=AfmBOoqnXGMzFfxddNPhhQ1se32S0ZAbIjNcc9JcVRr4JO9T8Ca_fw15,E-Gift Voucher,100,4,E-Gift Voucher. KASH Beauty Gift Voucher Delivered straight to your inbox ... Greece (EUR); Greenland (DKK); Grenada (XCD); Guadeloupe (EUR) ...,data\discovery\mass-harvest-v5\clean-v5.3\greece-market-review.csv | data\discovery\mass-harvest-v5\clean-v5.4\review.csv | data\discovery\mass-harvest-v5\clean-v5.5\review.csv | data\discovery\mega-harvest-v6\clean-v6\review.csv | data\discovery\review-universe-v1\still-review.csv | data\discovery\review-universe-v5-1\manual-review.csv
REVIEW,plausible_giftcard_but_needs_human_check,katekos.com,Com,https://katekos.com/product/gift-card-2/,Gift Card,100,1,Gift Card. €20.00 – €600.00 Price range: €20.00 through €600.00. View ... kids/people · flowers · seascape · landscape · courtown · cahore · ballymoney · gorey ...,data\discovery\focused-harvest-v7-run1-backup\clean-v7\review.csv | data\discovery\review-universe-v1\still-review.csv | data\discovery\review-universe-v5\manual-review.csv
REVIEW,plausible_giftcard_but_needs_human_check,katthelabel.com,Gift Voucher,https://www.katthelabel.com/products/gift-voucher?srsltid=AfmBOooo0exrJ_TZ6FbcAVPwmctnJLVVvWMGzJrypWQMyUnlPV_flWVb,Gift Voucher,100,5,Gift Voucher. Sale price$30. or 4 interest-free payments of $7.50 ... lingerie and classic bridal lingerie complete with garter belts. Our ...,data\discovery\mass-harvest-v5\clean-v5.2\global-review.csv | data\discovery\mass-harvest-v5\clean-v5.3\global-review.csv | data\discovery\mass-harvest-v5\clean-v5.4\review.csv | data\discovery\mass-harvest-v5\clean-v5.5\review.csv | data\discovery\mega-harvest-v6\clean-v6\review.csv | data\discovery\review-universe-v1\still-review.csv | data\discovery\review-universe-v5\manual-review.csv
REVIEW,plausible_giftcard_but_needs_human_check,kavala-praha.cz,Gift Voucher,https://www.kavala-praha.cz/en/darkovy-poukaz/,Gift Voucher,80,5,Indicate the value of the gift voucher and we will send it to you electronically. Address. Charlese de Gaulla 5 Praha 6. Reservation. +420 604 412 203 · kavala@ ...,data\discovery\mass-harvest-v5\clean-v5.1\review.csv | data\discovery\mass-harvest-v5\clean-v5.2\manual-review.csv | data\discovery\mass-harvest-v5\clean-v5.3\global-review.csv | data\discovery\mass-harvest-v5\clean-v5.4\review.csv | data\discovery\mass-harvest-v5\clean-v5.5\review.csv | data\discovery\review-universe-v1\still-review.csv | data\discovery\review-universe-v5\manual-review.csv
REVIEW,plausible_giftcard_but_needs_human_check,kavalacollective.com,Kavala Collective Gift Card,https://kavalacollective.com/products/gift-card?srsltid=AfmBOopiLqPZBN96atWIM08GUWDQUAPddWw_YVId-pJqYnQbGfNATdGA,Kavala Collective Gift Card,100,4,Give the gift of choice with a Kavala Collective Gift Card. Gift cards are delivered by email and contain instructions to redeem them at checkout.,data\discovery\mass-harvest-v5\clean-v5.2\global-review.csv | data\discovery\mass-harvest-v5\clean-v5.3\global-review.csv | data\discovery\mass-harvest-v5\clean-v5.4\review.csv | data\discovery\mass-harvest-v5\clean-v5.5\review.csv | data\discovery\review-universe-v2\manual-review.csv
REVIEW,plausible_giftcard_but_needs_human_check,kavehome.com,Gift Card,https://kavehome.com/en/en/o/gift-card,Gift Card,100,1,Decor · Home furnishings · Lighting · Kitchen · Bathroom · Kids · From 50% off · 30% off ... Gift Card. Filters. Sort by. Relevancy; Price high to low; Price low ...,data\discovery\mega-harvest-v6\clean-v6\review.csv | data\discovery\review-universe-v1\still-review.csv | data\discovery\review-universe-v5\manual-review.csv
REVIEW,plausible_giftcard_but_needs_human_check,kelani-eyewear.com,Gift card,https://kelani-eyewear.com/en/products/gift-carte?variant=52533148549460,Gift card,80,6,... eyewear collections (for men and women) Gift with meaning: 100% r. ... gift voucher · about us · your opinions · FAQ ... Greece (EUR €) Hungary ...,data\discovery\mass-harvest-v5\clean-v5.1\review.csv | data\discovery\mass-harvest-v5\clean-v5.2\manual-review.csv | data\discovery\mass-harvest-v5\clean-v5.3\global-review.csv | data\discovery\mass-harvest-v5\clean-v5.4\review.csv | data\discovery\mass-harvest-v5\clean-v5.5\review.csv | data\discovery\mega-harvest-v6\clean-v6\review.csv | data\discovery\review-universe-v1\still-review.csv | data\discovery\review-universe-v5-1\manual-review.csv
REVIEW,plausible_giftcard_but_needs_human_check,kentro-sindesi.gr,Cosmetics Perfume Gift Voucher Gift Cards For Services Pure ...,https://kentro-sindesi.gr/product-similar-image/?17490332031760,Cosmetics Perfume Gift Voucher Gift Cards For Services Pure ...,80,1,cosmetics perfume gift voucher · zwilling twin gourmet zwilling knife block ...,data\discovery\mega-harvest-v6\clean-v6\review.csv | data\discovery\review-universe-v1\still-review.csv | data\discovery\review-universe-v4-1\manual-review.csv
REVIEW,plausible_giftcard_but_needs_human_check,keysforgames.gr,Gift Cards,https://www.keysforgames.gr/games/gamecards/,Gift Cards,80,6,Ace Racer Direct Top-Up Gift Card. € 2.04. Activitygift Gift Card. € 21.23. Adam Pharmacy Gift Card. € 31.87.,data\discovery\mass-harvest-v5\clean-v5.1\review.csv | data\discovery\mass-harvest-v5\clean-v5.2\manual-review.csv | data\discovery\mass-harvest-v5\clean-v5.3\global-review.csv | data\discovery\mass-harvest-v5\clean-v5.4\review.csv | data\discovery\mass-harvest-v5\clean-v5.5\review.csv | data\discovery\mega-harvest-v6\clean-v6\review.csv | data\discovery\review-universe-v1\still-review.csv | data\discovery\review-universe-v4-1\manual-review.csv
REVIEW,plausible_giftcard_but_needs_human_check,kidsradio.com,Gift cards Kids Radio+ - Kidsradio.com,https://www.kidsradio.com/oroi-diagonismon/gift-cards-kids-radio-plus/,Gift cards Kids Radio+ - Kidsradio.com,100,5,"... Kids Radio 88.6 και θα αναδειχθούν πέντε (5) νικητές, κατόπιν κλήρωσης, οι οποίοι θα κερδίσουν ο καθένας από μια δωροκάρτα (gift card) για 2 μήνες δωρεάν ...",data\discovery\mass-harvest-v5\clean-v5.2\global-review.csv | data\discovery\mass-harvest-v5\clean-v5.3\global-review.csv | data\discovery\mass-harvest-v5\clean-v5.4\review.csv | data\discovery\mass-harvest-v5\clean-v5.5\review.csv | data\discovery\mega-harvest-v6\clean-v6\review.csv | data\discovery\review-universe-v2\manual-review.csv
REVIEW,plausible_giftcard_but_needs_human_check,kiss929.gr,Διεκδικήστε μία δωροεπιταγή αξίας 500 ευρώ από τη ...,https://www.kiss929.gr/article/arheio/8608/diekdikiste-mia-doroepitagi-axias-500-eyro-apo-ti-gotsopoulos-home,Διεκδικήστε μία δωροεπιταγή αξίας 500 ευρώ από τη ...,80,2,Διεκδικήστε μία δωροεπιταγή αξίας 500€ από τη Gotsopoulos Home! Μεγάλες ΧΕΙΜΕΡΙΝΕΣ εκπτώσεις στα έπιπλα GOTSOPOULOS HOME.,data\discovery\focused-harvest-v7\clean-v7\review.csv | data\discovery\focused-harvest-v7-run1-backup\clean-v7\review.csv | data\discovery\review-universe-v1\still-review.csv | data\discovery\review-universe-v4-1\manual-review.csv
REVIEW,plausible_giftcard_but_needs_human_check,kitemana.com,Kitemana Gift Card 10,https://www.kitemana.com/kitemana/gift-card-10-94294,Kitemana Gift Card 10,100,5,Car Accessories · Lycra's Men · Lycra's Women · Sunscreen; 8Protection; 4Spare ... The gift voucher comes by post with a unique code. The code can be redeemed ...,data\discovery\mass-harvest-v5\clean-v5.2\global-review.csv | data\discovery\mass-harvest-v5\clean-v5.3\global-review.csv | data\discovery\mass-harvest-v5\clean-v5.4\review.csv | data\discovery\mass-harvest-v5\clean-v5.5\review.csv | data\discovery\mega-harvest-v6\clean-v6\review.csv | data\discovery\review-universe-v2\manual-review.csv
REVIEW,plausible_giftcard_but_needs_human_check,klara-jewelry.com,Gift voucher The gift of elegance and choice | Klara Fine Jewelry ...,https://klara-jewelry.com/en/products/poklon-bon?srsltid=AfmBOoo7f7TjtsSYGw3EvLICKyK5K3eNwzTRkuFou4zTYoNadpVUVOTG,Gift voucher The gift of elegance and choice | Klara Fine Jewelry ...,80,5,Klara Fine Jewelry gift voucher is the perfect choice for anyone who wants to give something special while still allowing freedom of choice.,data\discovery\mass-harvest-v5\clean-v5.1\review.csv | data\discovery\mass-harvest-v5\clean-v5.2\manual-review.csv | data\discovery\mass-harvest-v5\clean-v5.3\global-review.csv | data\discovery\mass-harvest-v5\clean-v5.4\review.csv | data\discovery\mass-harvest-v5\clean-v5.5\review.csv | data\discovery\review-universe-v1\still-review.csv | data\discovery\review-universe-v5\manual-review.csv
REVIEW,plausible_giftcard_but_needs_human_check,kleanthievoo.com,Gift Card,https://www.kleanthievoo.com/gift-card,Gift Card,100,3,"Gift Card. Gift Cards – Share the Love. 40 €. Amount. 40 €. 60 € ... Skalani, Heraklion 71500. Crete, Greece. EMAIL. info@kleanthievoo.com. PHONE.",data\discovery\mass-harvest-v5\clean-v5.3\greece-market-review.csv | data\discovery\mass-harvest-v5\clean-v5.4\review.csv | data\discovery\mass-harvest-v5\clean-v5.5\review.csv | data\discovery\review-universe-v1\still-review.csv | data\discovery\review-universe-v5-1\manual-review.csv
REVIEW,plausible_giftcard_but_needs_human_check,kleiner-perlenzauber.de,Magical Gift Voucher for Handmade Baby Accessories,https://www.kleiner-perlenzauber.de/en/products/zauberhafter-geschenkgutschein?srsltid=AfmBOopQCm23OiMCxMkNZjIdhyDmpBCKkyeKiotlaNXxui16EIk4qFYS,Magical Gift Voucher for Handmade Baby Accessories,80,6,"Are you looking for a loving gift for a birth, christening, or baby shower, but aren't sure which accessory is most suitable? A gift voucher is always the ...",data\discovery\mass-harvest-v5\clean-v5.1\review.csv | data\discovery\mass-harvest-v5\clean-v5.2\manual-review.csv | data\discovery\mass-harvest-v5\clean-v5.3\global-review.csv | data\discovery\mass-harvest-v5\clean-v5.4\review.csv | data\discovery\mass-harvest-v5\clean-v5.5\review.csv | data\discovery\mega-harvest-v6\clean-v6\review.csv | data\discovery\review-universe-v1\still-review.csv | data\discovery\review-universe-v5\manual-review.csv
REVIEW,plausible_giftcard_but_needs_human_check,kmdive.com,Gift Card,https://kmdive.com/product/gift-card/?srsltid=AfmBOopoW3Nv9kjK4N_dwDEEp83eVtvHdyfHt9HJ2xIuZnlFVa3ayizG,Gift Card,100,5,Gift Card ... Surprise your friends by choosing a unique gift for their favorite hobby. Give them a gift voucher from the options provided below and dedicate them ...,data\discovery\mass-harvest-v5\clean-v5.2\global-review.csv | data\discovery\mass-harvest-v5\clean-v5.3\global-review.csv | data\discovery\mass-harvest-v5\clean-v5.4\review.csv | data\discovery\mass-harvest-v5\clean-v5.5\review.csv | data\discovery\mega-harvest-v6\clean-v6\review.csv | data\discovery\review-universe-v1\still-review.csv | data\discovery\review-universe-v5\manual-review.csv
REVIEW,plausible_giftcard_but_needs_human_check,kobo.com,"eGifts & Gift Cards - eBooks, Audiobooks, eReaders",https://www.kobo.com/gr/en/p/giftcards?srsltid=AfmBOopPLgFdaSCbaGLwTVOBJiFHEduzQOnr49QjKYkanOfxL5tRFwvh,"eGifts & Gift Cards - eBooks, Audiobooks, eReaders",100,4,"Where can I redeem my Kobo Gift Card, and what happens to any leftover balance? ... Anita Rau Badami on the roots of a prickly cha... 73 new books coming out ...",data\discovery\mass-harvest-v5\clean-v5.3\greece-market-review.csv | data\discovery\mass-harvest-v5\clean-v5.4\review.csv | data\discovery\mass-harvest-v5\clean-v5.5\review.csv | data\discovery\mega-harvest-v6\clean-v6\review.csv | data\discovery\review-universe-v1\still-review.csv | data\discovery\review-universe-v5\manual-review.csv
REVIEW,plausible_giftcard_but_needs_human_check,koelia.gr,Αρχεία,https://koelia.gr/product-category/%CE%B4%CF%89%CF%81%CE%BF%CE%BA%CE%AC%CF%81%CF%84%CE%B1/,δωροκάρτα Αρχεία,85,8,"Τώρα μπορείτε να του αγοράσετε μια δωροεπιταγή αξίας 30€, 50€, 70€ ή 100 ... Koelia Jewelry. info@koelia.gr. hours. Δευτέρα - Παρασκευή. 10.00 – 18.00.",data\discovery\focused-harvest-v7\clean-v7\review.csv | data\discovery\focused-harvest-v7-run1-backup\clean-v7\review.csv | data\discovery\mass-harvest-v5\clean-v5.1\review.csv | data\discovery\mass-harvest-v5\clean-v5.2\manual-review.csv | data\discovery\mass-harvest-v5\clean-v5.3\global-review.csv | data\discovery\mass-harvest-v5\clean-v5.4\review.csv | data\discovery\mass-harvest-v5\clean-v5.5\review.csv | data\discovery\mega-harvest-v6\clean-v6\review.csv | data\discovery\review-universe-v1\still-review.csv | data\discovery\review-universe-v4-1\manual-review.csv
REVIEW,plausible_giftcard_but_needs_human_check,koopsmeubelen.com,Koops Furniture Gift Voucher,https://koopsmeubelen.com/en/products/koops-meubelen-cadeaubon?srsltid=AfmBOopTFsXYOapB72cP9tXkRGaM2IgfmXqMGBBO_HOFL6sUnUDRjzIf,Koops Furniture Gift Voucher,80,6,Greece (EUR €) Greenland (DKK kr.) Grenada (XCD ... Koops Furniture Gift Voucher. Koops Meubelen. Koops Furniture Gift Voucher.,data\discovery\mass-harvest-v5\clean-v5.1\review.csv | data\discovery\mass-harvest-v5\clean-v5.2\manual-review.csv | data\discovery\mass-harvest-v5\clean-v5.3\global-review.csv | data\discovery\mass-harvest-v5\clean-v5.4\review.csv | data\discovery\mass-harvest-v5\clean-v5.5\review.csv | data\discovery\mega-harvest-v6\clean-v6\review.csv | data\discovery\review-universe-v1\still-review.csv | data\discovery\review-universe-v5-1\manual-review.csv
REVIEW,plausible_giftcard_but_needs_human_check,kos-paris.com,KOS PARIS Gift Card,https://kos-paris.com/a/l/en/products/carte-cadeau-kos-paris,KOS PARIS Gift Card,80,5,"Let your friends and family discover KOS PARIS thanks to our Digital Gift Card! Select the amount you wish to offer, and print it out in seconds.",data\discovery\mass-harvest-v5\clean-v5.1\review.csv | data\discovery\mass-harvest-v5\clean-v5.2\manual-review.csv | data\discovery\mass-harvest-v5\clean-v5.3\global-review.csv | data\discovery\mass-harvest-v5\clean-v5.4\review.csv | data\discovery\mass-harvest-v5\clean-v5.5\review.csv | data\discovery\review-universe-v2\manual-review.csv
REVIEW,plausible_giftcard_but_needs_human_check,kosallure.com,"KOS ALLURE Gift Card - Korean Skincare & Beauty, Las ...",https://kosallure.com/products/kos-allure-gift-card-korean-skincare-beauty-las-vegas?srsltid=AfmBOoqe3VRPDSYZdx7SYO1NeLc9xRVjf6c0pXz07P15TDSNOCYQKbMo,"KOS ALLURE Gift Card - Korean Skincare & Beauty, Las ...",100,1,"KOS ALLURE Gift Card ... Love K-Beauty, but don't know what they're using? Gift Card is the perfect solution! Shop through various Korean Skincare brands and ...",data\discovery\focused-harvest-v7-run1-backup\clean-v7\review.csv | data\discovery\review-universe-v2\manual-review.csv
REVIEW,plausible_giftcard_but_needs_human_check,kosgastropub.com,KOS Gift Card,https://kosgastropub.com/gift-card/,KOS Gift Card,100,1,"Our Restaurant · Our Team · Menu · Private Events · Info · FAQ's · Gift Card · Online Reservations. KOS Gastropub Gift Card - Westby, WI. KOS Gift Card. 1Gift ...",data\discovery\focused-harvest-v7-run1-backup\clean-v7\review.csv | data\discovery\review-universe-v1\still-review.csv | data\discovery\review-universe-v5\manual-review.csv
REVIEW,plausible_giftcard_but_needs_human_check,kosmig.de,Gift voucher - Kosmig,https://www.kosmig.de/en/gift-voucher/,Gift voucher - Kosmig,100,4,You want to do something special to your loved ones? Treat them to a Kosmig-gift voucher. Learn more. Making an appointment. We take time for you ...,data\discovery\mass-harvest-v5\clean-v5.2\global-review.csv | data\discovery\mass-harvest-v5\clean-v5.3\global-review.csv | data\discovery\mass-harvest-v5\clean-v5.4\review.csv | data\discovery\mass-harvest-v5\clean-v5.5\review.csv | data\discovery\review-universe-v2\manual-review.csv
REVIEW,plausible_giftcard_but_needs_human_check,kosmimaapomitrikogala.gr,Ηλεκτρονική Δωροκάρτα Bronze,https://www.kosmimaapomitrikogala.gr/test,Ηλεκτρονική Δωροκάρτα Bronze,80,6,"Με την Ηλεκτρονική Δωροκάρτα Bronze της Gardens Breastmilk and Keepsake Jewelry στέλνεις στην στιγμή εκτός από την εκτίμησή σου στον δωρολήπτη, την ...",data\discovery\mass-harvest-v5\clean-v5.1\review.csv | data\discovery\mass-harvest-v5\clean-v5.2\manual-review.csv | data\discovery\mass-harvest-v5\clean-v5.3\global-review.csv | data\discovery\mass-harvest-v5\clean-v5.4\review.csv | data\discovery\mass-harvest-v5\clean-v5.5\review.csv | data\discovery\mega-harvest-v6\clean-v6\review.csv | data\discovery\review-universe-v1\still-review.csv | data\discovery\review-universe-v4-1\manual-review.csv
REVIEW,plausible_giftcard_but_needs_human_check,kourbela.com,eGift Card,https://kourbela.com/product/egift-card/?srsltid=AfmBOooCbJw0JRtQdB3DLCp5F2M9jeS-aqpKyxiQeBJI42HE8oYgDmHd,eGift Card,100,2,"Kourbela e-gift card is valid for 12 months and redeemable only online at ... 164 51, Athens, Greece T: +30 210 99 42731 info@kourbela.com. Mon to Fri ...",data\discovery\focused-harvest-v7-run1-backup\clean-v7\review.csv | data\discovery\mega-harvest-v6\clean-v6\review.csv | data\discovery\review-universe-v1\still-review.csv | data\discovery\review-universe-v5-1\manual-review.csv
REVIEW,plausible_giftcard_but_needs_human_check,krikscioniubendruomene.lt,Mothers Day Spa Gift Certificates Mother's Day Gift Card Special ...,https://www.krikscioniubendruomene.lt/?l=21239924021350,Mothers Day Spa Gift Certificates Mother's Day Gift Card Special ...,80,1,"Mother's Day Gift Card Special! Sweet Treat for the Sweetest Mom: $25 Bonus on Gift Cards Vedas Medical Spa Wellness Aesthetic Cosmetic Semaglutide, Special ...",data\discovery\mega-harvest-v6\clean-v6\review.csv | data\discovery\review-universe-v1\still-review.csv | data\discovery\review-universe-v4\still-review.csv
REVIEW,plausible_giftcard_but_needs_human_check,kronenhotels.no,Kronen Hotels Gift Cards,https://kronenhotels.no/en/gift-cards/,Kronen Hotels Gift Cards,100,2,"Svithun Hotell, Hotel Sverre, MatVærket and Bakernes Paradis, unless the gift card is purchased for a specific location or package.",data\discovery\focused-harvest-v7\clean-v7\review.csv | data\discovery\focused-harvest-v7-run1-backup\clean-v7\review.csv | data\discovery\review-universe-v2\manual-review.csv
REVIEW,plausible_giftcard_but_needs_human_check,ktima-logos.gr,tattoo gift card,https://ktima-logos.gr/?b,tattoo gift card,80,1,South Shore Tattoo Co display picture 1. Tattoo Gift Voucher Editable | Tattoo Gift Card | Tattoo display picture 1. leelootattoo | gift ...,data\discovery\mega-harvest-v6\clean-v6\review.csv | data\discovery\review-universe-v1\still-review.csv | data\discovery\review-universe-v4-1\manual-review.csv
REVIEW,plausible_giftcard_but_needs_human_check,ktiniatriokifissia.gr,Ktiniatriokifissia,https://ktiniatriokifissia.gr,Gift Card Psn Network Sale PlayStation ...,,1,"Wave2Bucket=HIGH_SAFE | Wave2Score=80 | Wave2Reasons=GIFT_TITLE | PURCHASE_SIGNAL | GREEK_DOMAIN | MULTI_QUERY | MULTI_HIT | Queries=site:.gr gaming ""gift card"" | site:.gr hobby ""gift card"" | Imported to DISCOVERED only; requires verification before production.",DB:DISCOVERED:cmt9y19hj001ipwiyzeutndvy
REVIEW,plausible_giftcard_but_needs_human_check,kymajewelry.com,Com,https://www.kymajewelry.com/en/31-gift-cards,Gift Cards,100,7,"KYMA Gift Card 25€. €25.00. KYMA ... Lab address: Sofokleous 39, 18452, Athens (Not open to the public).",data\discovery\focused-harvest-v7\clean-v7\review.csv | data\discovery\focused-harvest-v7-run1-backup\clean-v7\review.csv | data\discovery\mass-harvest-v5\clean-v5.2\global-review.csv | data\discovery\mass-harvest-v5\clean-v5.3\global-review.csv | data\discovery\mass-harvest-v5\clean-v5.4\review.csv | data\discovery\mass-harvest-v5\clean-v5.5\review.csv | data\discovery\mega-harvest-v6\clean-v6\review.csv | data\discovery\review-universe-v1\still-review.csv | data\discovery\review-universe-v5-1\manual-review.csv
REVIEW,plausible_giftcard_but_needs_human_check,lacretechamber.com,2017 Restaurant Gift Card Winners,https://lacretechamber.com/2017-restaurant-gift-card-winners/,2017 Restaurant Gift Card Winners,100,2,"2017 Restaurant Gift Card Winners. Published ... Crete, AB T0H 2H0. View Full Listing ...",data\discovery\focused-harvest-v7\clean-v7\review.csv | data\discovery\focused-harvest-v7-run1-backup\clean-v7\review.csv | data\discovery\review-universe-v1\still-review.csv
REVIEW,plausible_giftcard_but_needs_human_check,lagonika.gr,Με κάθε αγορά μηχανής espresso κέρδισε δωροεπιταγή ...,https://www.lagonika.gr/prosfores/me-ka8e-agora-mhxanhs-espresso-kerdise-dwroepitagh-a3ias-ews-100euro-gia-epomenh-ag/,Με κάθε αγορά μηχανής espresso κέρδισε δωροεπιταγή ...,85,8,"Με κάθε αγορά μηχανής espresso κέρδισε δωροεπιταγή αξίας έως 100€ για επόμενη αγορά, ΚΩΤΣΟΒΟΛΟΣ ... Cafe Latte. Με inox επιφάνεια και όμορφο λιτό ...",data\discovery\focused-harvest-v7\clean-v7\review.csv | data\discovery\focused-harvest-v7-run1-backup\clean-v7\review.csv | data\discovery\mass-harvest-v5\clean-v5.1\review.csv | data\discovery\mass-harvest-v5\clean-v5.2\manual-review.csv | data\discovery\mass-harvest-v5\clean-v5.3\global-review.csv | data\discovery\mass-harvest-v5\clean-v5.4\review.csv | data\discovery\mass-harvest-v5\clean-v5.5\review.csv | data\discovery\mega-harvest-v6\clean-v6\review.csv | data\discovery\review-universe-v1\still-review.csv
REVIEW,plausible_giftcard_but_needs_human_check,lahjakortti.scandichotels.fi,Scandic Hotels gift cards,https://lahjakortti.scandichotels.fi/shop/lang/en,Scandic Hotels gift cards,85,5,Redeemable at any Scandic Hotel in Finland and valid for 12 months from the day you purchased it. The gift card cannot be exchanged for money. The gift card is ...,data\discovery\mass-harvest-v5\clean-v5.1\review.csv | data\discovery\mass-harvest-v5\clean-v5.2\manual-review.csv | data\discovery\mass-harvest-v5\clean-v5.3\global-review.csv | data\discovery\mass-harvest-v5\clean-v5.4\review.csv | data\discovery\mass-harvest-v5\clean-v5.5\review.csv | data\discovery\review-universe-v2\manual-review.csv
REVIEW,plausible_giftcard_but_needs_human_check,languagetrainers.com,Language Lessons Gift Card Vouchers,https://www.languagetrainers.com/gift-card-vouchers,Language Lessons Gift Card Vouchers,100,4,"Gift Card Voucher. Are you looking for a unique present? Something that will ... Our general group courses follow a set timetable, featuring 90-minute ...",data\discovery\mass-harvest-v5\clean-v5.2\global-review.csv | data\discovery\mass-harvest-v5\clean-v5.3\global-review.csv | data\discovery\mass-harvest-v5\clean-v5.4\review.csv | data\discovery\mass-harvest-v5\clean-v5.5\review.csv | data\discovery\review-universe-v1\still-review.csv | data\discovery\review-universe-v5\manual-review.csv
REVIEW,plausible_giftcard_but_needs_human_check,larissaann.com,Larissa Ann Fine Art Gift Card,https://larissaann.com/products/larissa-ann-fine-art-gift-card,Larissa Ann Fine Art Gift Card,100,3,"Give the gift of choice with a Larissa Ann Fine Art Gift Card. Perfect for prints, ornaments, or custom commissions—art as unique as your loved one.",data\discovery\mass-harvest-v5\clean-v5.3\greece-market-review.csv | data\discovery\mass-harvest-v5\clean-v5.4\review.csv | data\discovery\mass-harvest-v5\clean-v5.5\review.csv | data\discovery\review-universe-v2\manual-review.csv
REVIEW,plausible_giftcard_but_needs_human_check,larissaloden.com,Digital Gift Card,https://larissaloden.com/products/loden-up-gift-card?srsltid=AfmBOopyHOHHTOoCE93swj0-CEuxg5Cxy2zA-JlbEQq4MxJJHntR7z7j,Digital Gift Card,100,3,You'll get a handy email copy of your digital gift card when you submit your order. ... © Larissa Loden™ 2026. Facebook Twitter Tiktok Pinterest Instagram ...,data\discovery\mass-harvest-v5\clean-v5.3\greece-market-review.csv | data\discovery\mass-harvest-v5\clean-v5.4\review.csv | data\discovery\mass-harvest-v5\clean-v5.5\review.csv | data\discovery\review-universe-v1\still-review.csv | data\discovery\review-universe-v5\manual-review.csv
REVIEW,plausible_giftcard_but_needs_human_check,larissalovecosmetics.com,Gift Card,https://www.larissalovecosmetics.com/products/gift-card,Gift Card,100,3,Shopping for someone else but not sure what to give them? Give them the gift of choice with a Larissa Love Cosmetics Gift Card.,data\discovery\mass-harvest-v5\clean-v5.3\greece-market-review.csv | data\discovery\mass-harvest-v5\clean-v5.4\review.csv | data\discovery\mass-harvest-v5\clean-v5.5\review.csv | data\discovery\review-universe-v1\still-review.csv | data\discovery\review-universe-v5\manual-review.csv
REVIEW,plausible_giftcard_but_needs_human_check,larrykinghair.com,Larry King Haircare Gift Card,https://larrykinghair.com/products/larry-king-haircare-gift-card?srsltid=AfmBOoqNaR2ThCSN7Hdnke41dViqtqHvI4kmoQ_2QS3YPrK7WYFaKwq9,Larry King Haircare Gift Card,100,1,"Give the gift of great hair with a Larry King Haircare digital gift card. Perfect for styling, scalp care & haircare essentials. Online use only.",data\discovery\mega-harvest-v6\clean-v6\review.csv | data\discovery\review-universe-v2\manual-review.csv
REVIEW,plausible_giftcard_but_needs_human_check,lasertouch.gr,Lasertouch,https://lasertouch.gr,Laser Touch Gift Card | Αισθητική Πλαστική Χειρουργική και ...,,1,"Wave2Bucket=HIGH_SAFE | Wave2Score=70 | Wave2Reasons=GIFT_TITLE | GREEK_DOMAIN | MULTI_QUERY | MULTI_HIT | Queries=site:.gr μουσικά ""gift card"" | site:.gr φαρμακείο ""gift card"" | Imported to DISCOVERED only; requires verification before production.",DB:DISCOVERED:cmt9y19oq001kpwiy8n5nv3s1
REVIEW,plausible_giftcard_but_needs_human_check,lavaron.com.gr,300 ευρώ σε Δωροεπιταγές για τις ανάγκες Συνανθρώπων μας ...,https://lavaron.com.gr/300-eyro-se-doroepitages-gia-tis-anagkes-synanthropon-mas-dorizei-akoma-mia-fora-i-syntaktiki-omada-toy-praktoreioy-ekklisiastikis-leitoyrgikis-politistikis-enimerosis-lavaron-com-gr/,300 ευρώ σε Δωροεπιταγές για τις ανάγκες Συνανθρώπων μας ...,80,3,300 ευρώ σε Δωροεπιταγές για τις ανάγκες Συνανθρώπων μας δωρίζει ακόμα μια φορά η Συντακτική ομάδα του Πρακτορείου Εκκλησιαστικής ...,data\discovery\focused-harvest-v7\clean-v7\review.csv | data\discovery\focused-harvest-v7-run1-backup\clean-v7\review.csv | data\discovery\mega-harvest-v6\clean-v6\review.csv | data\discovery\review-universe-v1\still-review.csv | data\discovery\review-universe-v4-1\manual-review.csv
REVIEW,plausible_giftcard_but_needs_human_check,lazydayzdesigns.com,Gift Card Balance - LazyDayz Designs,https://lazydayzdesigns.com/gift-card-balance/,Gift Card Balance - LazyDayz Designs,65,1,"... Accessories Freshmade Handcrafted Bags & Accessories Freshmade Handcrafted Bags & Accessories ... Krispou 1, Ano Poli, 54634, Thessaloniki, Greece. GEMI ...",data\discovery\mega-harvest-v6\clean-v6\review.csv
REVIEW,plausible_giftcard_but_needs_human_check,leathertwist.gr,Δωροκάρτα 100,https://leathertwist.gr/product/%CE%B4%CF%89%CF%81%CE%BF%CE%BA%CE%AC%CF%81%CF%84%CE%B1-100e/?srsltid=AfmBOorg3I0Se8EGLPN7L_UTAF858dqOKphBUtzB4p7dkngbuLis9L12,Δωροκάρτα 100,80,5,Δωροκάρτα 100€. €100.00. Διαθέσιμο σε 1 με 10 εργάσιμες. Διαθέσιμο σε 1 με 10 ... The new era in leather design. Νέες Αφίξεις · Τσάντες · Όλα · Βραδινές Τσάντες ...,data\discovery\mass-harvest-v5\clean-v5.1\review.csv | data\discovery\mass-harvest-v5\clean-v5.2\manual-review.csv | data\discovery\mass-harvest-v5\clean-v5.3\global-review.csv | data\discovery\mass-harvest-v5\clean-v5.4\review.csv | data\discovery\mass-harvest-v5\clean-v5.5\review.csv | data\discovery\review-universe-v1\still-review.csv | data\discovery\review-universe-v4-1\manual-review.csv
REVIEW,plausible_giftcard_but_needs_human_check,leerme.pl,Gift voucher,https://leerme.pl/en/products/bon-podarunkowy,Gift voucher,80,1,Greece EUR €; Hungary HUF Ft; Ireland EUR €; Italy ... Gift voucher. Close. Gift voucher. Materials and quality that matter ... Responsible fashion for everyday ...,data\discovery\mega-harvest-v6\clean-v6\review.csv | data\discovery\review-universe-v1\still-review.csv | data\discovery\review-universe-v4\still-review.csv
REVIEW,plausible_giftcard_but_needs_human_check,lefconceptstore.com,Lef Conceptstore gift voucher,https://lefconceptstore.com/en/products/lef-conceptstore-cadeaubon?srsltid=AfmBOopLYTGbaNPLE0GTKqL7WC4XN77ygFkBz4IC1nqMxf9WLyzV8wF5,Lef Conceptstore gift voucher,85,1,Lef Conceptstore gift voucher. Lef Conceptstore gift voucher. Values. €25.00Variant sold out or unavailable €50.00Variant sold out or unavailable €100.00 ...,data\discovery\mega-harvest-v6\clean-v6\review.csv | data\discovery\review-universe-v2\manual-review.csv
REVIEW,plausible_giftcard_but_needs_human_check,lego.com,Discover LEGO® Gift Cards | Official LEGO® Shop GR,https://www.lego.com/en-gr/gift-cards,Discover LEGO® Gift Cards | Official LEGO® Shop GR,100,5,Plush toys · Puzzles & board games · Stationery · Water Bottles ... Is there a minimum or maximum value that can be loaded onto a LEGO Gift Card or e-Gift Card?,data\discovery\mass-harvest-v5\clean-v5.2\global-review.csv | data\discovery\mass-harvest-v5\clean-v5.3\global-review.csv | data\discovery\mass-harvest-v5\clean-v5.4\review.csv | data\discovery\mass-harvest-v5\clean-v5.5\review.csv | data\discovery\mega-harvest-v6\clean-v6\review.csv | data\discovery\review-universe-v2\manual-review.csv
REVIEW,plausible_giftcard_but_needs_human_check,leonardo-hotels.com,Leonardo Hotels Gift Voucher,https://www.leonardo-hotels.com/gift-voucher,Leonardo Hotels Gift Voucher,100,4,"A Leonardo Hotels gift card is perfect for any occasion — a relaxing weekend ... Cyprus, Czech Republic, Denmark, Djibouti, Dominica, Dominican Republic ...",data\discovery\mass-harvest-v5\clean-v5.2\global-review.csv | data\discovery\mass-harvest-v5\clean-v5.3\global-review.csv | data\discovery\mass-harvest-v5\clean-v5.4\review.csv | data\discovery\mass-harvest-v5\clean-v5.5\review.csv | data\discovery\review-universe-v2\manual-review.csv
REVIEW,plausible_giftcard_but_needs_human_check,lepetit.gr,Αγοράστε μία Δωροεπιταγή,https://lepetit.gr/index.php?route,Αγοράστε μία Δωροεπιταγή,85,2,Gioseppo Kids · Gioseppo Kids · Hρα · Hρα. Igor · Igor · Kids-code · Kids-code. LATTAS ... Αυτή η δωροεπιταγή θα αποσταλεί μέ e-mail στον παραλήπτη αφού ...,data\discovery\focused-harvest-v7\clean-v7\review.csv | data\discovery\focused-harvest-v7-run1-backup\clean-v7\review.csv | data\discovery\review-universe-v1\still-review.csv | data\discovery\review-universe-v4-1\manual-review.csv
REVIEW,plausible_giftcard_but_needs_human_check,lepetitlunetier.com,Gift voucher,https://lepetitlunetier.com/en-eu/collections/carte-cadeau?srsltid=AfmBOooEAX9lGsp5I14RTEqirLDfgH75j1Sy-ENyg2OYd4z95l4pzdDM,Gift voucher,80,6,"As soon as you have successfully placed your order, you will receive your gift voucher via email ... Optics · NEW IN. WOMEN'S PRESCRIPTION GLASSES · Women's ...",data\discovery\mass-harvest-v5\clean-v5.1\review.csv | data\discovery\mass-harvest-v5\clean-v5.2\manual-review.csv | data\discovery\mass-harvest-v5\clean-v5.3\global-review.csv | data\discovery\mass-harvest-v5\clean-v5.4\review.csv | data\discovery\mass-harvest-v5\clean-v5.5\review.csv | data\discovery\mega-harvest-v6\clean-v6\review.csv | data\discovery\review-universe-v1\still-review.csv | data\discovery\review-universe-v5\manual-review.csv
REVIEW,plausible_giftcard_but_needs_human_check,letapeseries.com,Gift voucher L'Etape Slovenia,https://www.letapeseries.com/memories/race/looking-for-a-gift-give-away-a-legendary-experience,Gift voucher L'Etape Slovenia,80,1,"The gift voucher includes a unique code for registering to L'Etape Slovenia by Tour de France, which will take place on Sunday, September 8, 2024. The recipient ...",data\discovery\mega-harvest-v6\clean-v6\review.csv | data\discovery\review-universe-v1\still-review.csv | data\discovery\review-universe-v4\still-review.csv
REVIEW,plausible_giftcard_but_needs_human_check,letmeout.be,GIFT VOUCHER,https://letmeout.be/en/gifts/,GIFT VOUCHER,80,6,"In digital or paper version, offer a gift voucher for an exciting and beautiful escape game in the heart of Brussels ! ... Offer an original escape room in ...",data\discovery\mass-harvest-v5\clean-v5.1\review.csv | data\discovery\mass-harvest-v5\clean-v5.2\manual-review.csv | data\discovery\mass-harvest-v5\clean-v5.3\global-review.csv | data\discovery\mass-harvest-v5\clean-v5.4\review.csv | data\discovery\mass-harvest-v5\clean-v5.5\review.csv | data\discovery\mega-harvest-v6\clean-v6\review.csv | data\discovery\review-universe-v1\still-review.csv | data\discovery\review-universe-v5\manual-review.csv
REVIEW,plausible_giftcard_but_needs_human_check,letoshop.gr,ΛΗΤΩ για όλους,https://www.letoshop.gr/el/p/home/59843-dwroepitagi-giaolous.html?srsltid,Δωροεπιταγή ΛΗΤΩ για όλους,85,8,Η παρούσα δωροεπιταγή ισχύει για (1) ένα έτος από την ημερομηνία αγοράς της από τα Βρεφικά Πολυκαταστήματα Λητώ. Δεν ανταλλάσσεται με χρήματα και μπορεί να ...,data\discovery\focused-harvest-v7\clean-v7\review.csv | data\discovery\focused-harvest-v7-run1-backup\clean-v7\review.csv | data\discovery\mass-harvest-v5\clean-v5.1\review.csv | data\discovery\mass-harvest-v5\clean-v5.2\manual-review.csv | data\discovery\mass-harvest-v5\clean-v5.3\global-review.csv | data\discovery\mass-harvest-v5\clean-v5.4\review.csv | data\discovery\mass-harvest-v5\clean-v5.5\review.csv | data\discovery\mega-harvest-v6\clean-v6\review.csv | data\discovery\review-universe-v1\still-review.csv | data\discovery\review-universe-v4-1\manual-review.csv
REVIEW,plausible_giftcard_but_needs_human_check,letsgotours.com,Travel Gift Voucher,https://letsgotours.com/en/travel-gift-voucher/,Travel Gift Voucher,100,4,"What happens if the travel package price is more that the value of the travel gift voucher? ... 2 Syntagmatos street, 3036 Limassol, Cyprus. +357 25 346033. sales ...",data\discovery\mass-harvest-v5\clean-v5.2\global-review.csv | data\discovery\mass-harvest-v5\clean-v5.3\global-review.csv | data\discovery\mass-harvest-v5\clean-v5.4\review.csv | data\discovery\mass-harvest-v5\clean-v5.5\review.csv | data\discovery\review-universe-v1\still-review.csv | data\discovery\review-universe-v5\manual-review.csv
REVIEW,plausible_giftcard_but_needs_human_check,levainbakery.com,Levainbakery,https://levainbakery.com/products/rise-ai-giftcard?srsltid=AfmBOoqA_xdSU_lxLa0uGkejyQw58NTmylx4Ez4OIN8oyQfBIkqKP53Z,E-Gift Card (for Nationwide Shipping Only),100,1,Greece USD $; Greenland USD $; Grenada USD $; Guadeloupe USD $; Guatemala ... E-Gift Card - Levain Bakery. Get a Free Tote With ...,data\discovery\mega-harvest-v6\clean-v6\review.csv
REVIEW,plausible_giftcard_but_needs_human_check,lga.com.gr,Αγοράστε μία Δωροεπιταγή - Γραφικές Τέχνες Λήμνου,https://lga.com.gr/index.php?route,Αγοράστε μία Δωροεπιταγή - Γραφικές Τέχνες Λήμνου,85,3,Αγοράστε μία Δωροεπιταγή. Αυτή η δωροεπιταγή θα αποσταλεί μέ e-mail στον παραλήπτη αφού ολοκληρωθεί ή πληρωμή σας. Όνομα παραλήπτη. E-mail παραλήπτη. Το όνομα ...,data\discovery\focused-harvest-v7\clean-v7\review.csv | data\discovery\focused-harvest-v7-run1-backup\clean-v7\review.csv | data\discovery\mega-harvest-v6\clean-v6\review.csv | data\discovery\review-universe-v1\still-review.csv | data\discovery\review-universe-v4-1\manual-review.csv
REVIEW,plausible_giftcard_but_needs_human_check,liastravel.com,Δωροκάρτα Ταξιδιού Lia's Travel: Χάρισε Ένα Ταξίδι!,https://liastravel.com/dorokarta-lias-travel-charise-to-pio-omorfo-do/,Δωροκάρτα Ταξιδιού Lia's Travel: Χάρισε Ένα Ταξίδι!,80,1,"Αν θέλεις να κάνεις ένα δώρο που πραγματικά θα ξεχωρίσει, η λύση είναι η Δωροκάρτα του Lia's Travel. Αντί για ένα ακόμη τυποποιημένο αντικείμενο ...",data\discovery\mega-harvest-v6\clean-v6\review.csv | data\discovery\review-universe-v2\manual-review.csv
REVIEW,plausible_giftcard_but_needs_human_check,libertineparfumerie.com.au,Digital Gift Card - Libertine,https://www.libertineparfumerie.com.au/products/digital-gift-card?srsltid=AfmBOopvMasTT-GuMyvPT1mYgqjdrguJ_yxlM6x0f4OlngmtsqAqsOFk,Digital Gift Card - Libertine,65,1,"(GMT+3) Europe / Athens, (GMT+2) Europe / Belgrade, (GMT+2) Europe / Berlin, (GMT+2) ... perfume houses. Discover Find my Perfume. Outlet. Connect With Us.",data\discovery\mega-harvest-v6\clean-v6\review.csv | data\discovery\review-universe-v1\still-review.csv | data\discovery\review-universe-v5-1\manual-review.csv
REVIEW,plausible_giftcard_but_needs_human_check,licentie2go.com,VVV Gift Card | Choose your own value | Netherlands,https://licentie2go.com/en-nl/vvv-giftcard,VVV Gift Card | Choose your own value | Netherlands,100,4,"The VVV Online Gift Card is the #1 digital gift card with more than 1,000 affiliated online shops. ... VVV Gift Card | Choose your own value | Netherlands.",data\discovery\mass-harvest-v5\clean-v5.2\global-review.csv | data\discovery\mass-harvest-v5\clean-v5.3\global-review.csv | data\discovery\mass-harvest-v5\clean-v5.4\review.csv | data\discovery\mass-harvest-v5\clean-v5.5\review.csv | data\discovery\review-universe-v1\still-review.csv | data\discovery\review-universe-v5\manual-review.csv
REVIEW,plausible_giftcard_but_needs_human_check,lifehappensoutdoors.com,Adventure Gift Vouchers & Travel Gift Cards | LHO,https://lifehappensoutdoors.com/life-happens-outdoors-gift-card/?srsltid=AfmBOorguVTiwbVsDh401a2Ty6v0DuwmFPc4ZsbfzjuLqGN3I_Vt8G73,Adventure Gift Vouchers & Travel Gift Cards | LHO,100,4,"Greece · Italy · Norway · Scotland ... Each adventure gift voucher can be used toward guided trekking, climbing, mountaineering and outdoor experiences worldwide.",data\discovery\mass-harvest-v5\clean-v5.3\greece-market-review.csv | data\discovery\mass-harvest-v5\clean-v5.4\review.csv | data\discovery\mass-harvest-v5\clean-v5.5\review.csv | data\discovery\mega-harvest-v6\clean-v6\review.csv | data\discovery\review-universe-v1\still-review.csv
REVIEW,plausible_giftcard_but_needs_human_check,lifestylegiftcards.co.uk,Lifestyle Gift Cards,https://www.lifestylegiftcards.co.uk/,Lifestyle Gift Cards,100,4,GIFT CARDS FOR EVERY OCCASION · Choose a gift card. For sending by post or email · Shop from hundreds of UK brands.,data\discovery\mass-harvest-v5\clean-v5.2\global-review.csv | data\discovery\mass-harvest-v5\clean-v5.3\global-review.csv | data\discovery\mass-harvest-v5\clean-v5.4\review.csv | data\discovery\mass-harvest-v5\clean-v5.5\review.csv | data\discovery\review-universe-v1\still-review.csv
REVIEW,plausible_giftcard_but_needs_human_check,lighthousegolfresort.com,Gift Vouchers,https://lighthousegolfresort.com/gift-vouchers/,Gift Vouchers,100,5,"Celebrate every special moment—be it a birthday, anniversary, Christmas, Valentine's Day, or simply a heartfelt gesture—with a Lighthouse Gift Voucher.",data\discovery\mass-harvest-v5\clean-v5.2\global-review.csv | data\discovery\mass-harvest-v5\clean-v5.3\global-review.csv | data\discovery\mass-harvest-v5\clean-v5.4\review.csv | data\discovery\mass-harvest-v5\clean-v5.5\review.csv | data\discovery\mega-harvest-v6\clean-v6\review.csv | data\discovery\review-universe-v1\still-review.csv | data\discovery\review-universe-v5\manual-review.csv
REVIEW,plausible_giftcard_but_needs_human_check,lilalokids.gr,Αγοράστε μία Δωροεπιταγή,https://lilalokids.gr/index.php?route,Αγοράστε μία Δωροεπιταγή,85,2,"Αυτή η δωροεπιταγή θα αποσταλεί μέ e-mail στον παραλήπτη αφού ολοκληρωθεί ή πληρωμή σας. ... Copyright © 2021, LILALO KIDS | Designed & Hosted by: costas.co ...",data\discovery\focused-harvest-v7\clean-v7\review.csv | data\discovery\focused-harvest-v7-run1-backup\clean-v7\review.csv | data\discovery\review-universe-v1\still-review.csv | data\discovery\review-universe-v4-1\manual-review.csv
REVIEW,plausible_giftcard_but_needs_human_check,lille-barn.com,Gift Voucher,https://lille-barn.com/en/products/gift-voucher?srsltid=AfmBOore2ocul6-v6UmWIFY5P7GuUVEHRMXEfJSPgPAbUrQnLk7eBxw1,Gift Voucher,65,1,"Greece (EUR), Hungary (HUF), Ireland (EUR), Italy (EUR), Latvia (EUR) ... Wooden toys - Marble run tree small - Montessori - Open-ended toys. €54,95.",data\discovery\mega-harvest-v6\clean-v6\review.csv | data\discovery\review-universe-v1\still-review.csv | data\discovery\review-universe-v5-1\manual-review.csv
REVIEW,plausible_giftcard_but_needs_human_check,linasnara.com,Gift Voucher | Choose Your Jewelry Gift - Lina Snara,https://www.linasnara.com/products/gift-voucher?srsltid=AfmBOortTuAbacf03aVpasfSoGUbzvxcsUZRiWyvl_33Qw1cJScjP3ea,Gift Voucher | Choose Your Jewelry Gift - Lina Snara,100,1,"... Load image into Gallery viewer, Gift Voucher. Gift Voucher ... Greece. Croatia flag. Croatia. Hungary flag. Hungary. Ireland flag. Ireland. Israel ...",data\discovery\mega-harvest-v6\clean-v6\review.csv | data\discovery\review-universe-v3\manual-review.csv
REVIEW,plausible_giftcard_but_needs_human_check,lindseyrift.glossgenius.com,Gift Cards,https://lindseyrift.glossgenius.com/shop/gift-cards,Gift Cards,100,1,"$50 $75 $100 $200. Custom amount. Choose a gift card design. Gift card design option 1 at Lindsey Rift Skincare in Athens, GA. Gift card design option 2 at ...",data\discovery\mega-harvest-v6\clean-v6\review.csv | data\discovery\review-universe-v1\still-review.csv | data\discovery\review-universe-v5-1\manual-review.csv
REVIEW,plausible_giftcard_but_needs_human_check,lingerieboutique.gr,Αγοράστε μία Δωροεπιταγή,https://www.lingerieboutique.gr/index.php?route,Αγοράστε μία Δωροεπιταγή,85,2,"Αυτή η δωροεπιταγή θα αποσταλεί μέ e-mail στον παραλήπτη αφού ολοκληρωθεί ή πληρωμή σας. ... Lingerie Boutique, στο Ίλιον. Επιλεγμένες ... Lingerie Boutique -",data\discovery\focused-harvest-v7\clean-v7\review.csv | data\discovery\focused-harvest-v7-run1-backup\clean-v7\review.csv | data\discovery\review-universe-v1\still-review.csv | data\discovery\review-universe-v4-1\manual-review.csv
REVIEW,plausible_giftcard_but_needs_human_check,lingolifto.com,Gift voucher Meaning in Greek,https://www.lingolifto.com/greek/noun/gift-voucher/D9yk_jc9u4U/,Gift voucher Meaning in Greek – δωροεπιταγή,100,1,"Learn the English word 'gift voucher' with Greek translation, a simple definition, audio pronunciation, example sentences, and a short listening story.",data\discovery\mega-harvest-v6\clean-v6\review.csv | data\discovery\review-universe-v1\still-review.csv
REVIEW,plausible_giftcard_but_needs_human_check,littlefinland.de,Online Gift Card 15,https://littlefinland.de/en/gift-cards/1363-virtual-gift-card-15.html,Online Gift Card 15,100,4,"Digital gift card for our online shop. Send it as a present directly to the recipient's email (""Others"") or your own email (""Self"").",data\discovery\mass-harvest-v5\clean-v5.2\global-review.csv | data\discovery\mass-harvest-v5\clean-v5.3\global-review.csv | data\discovery\mass-harvest-v5\clean-v5.4\review.csv | data\discovery\mass-harvest-v5\clean-v5.5\review.csv | data\discovery\review-universe-v1\still-review.csv | data\discovery\review-universe-v5\manual-review.csv
REVIEW,plausible_giftcard_but_needs_human_check,littleflowers.gr,Αγοράστε μία Δωροεπιταγή - Little Flowers,https://littleflowers.gr/index.php?route,Αγοράστε μία Δωροεπιταγή - Little Flowers,85,1,Χαρίστε μια δωροκάρτα Little Flowers στα αγαπημένα σας πρόσωπα και δώστε τους τη δυνατότητα να επιλέξουν αυτοί τα προϊόντα που επιθυμούν!,data\discovery\focused-harvest-v7\clean-v7\review.csv | data\discovery\focused-harvest-v7-run1-backup\clean-v7\review.csv | data\discovery\mass-harvest-v5\clean-v5.1\review.csv | data\discovery\mass-harvest-v5\clean-v5.2\manual-review.csv | data\discovery\mass-harvest-v5\clean-v5.3\global-review.csv | data\discovery\mass-harvest-v5\clean-v5.4\review.csv | data\discovery\mass-harvest-v5\clean-v5.5\review.csv | data\discovery\mega-harvest-v6\clean-v6\review.csv
REVIEW,plausible_giftcard_but_needs_human_check,livecards.net,Cheapest Zalando Gift Card 10 EUR Spain,https://livecards.net/lv/es-zalando-gc-10-eur,Cheapest Zalando Gift Card 10 EUR Spain,85,5,"The Zalando Gift Card 10 EUR (Spain) is a digital prepaid gift card for shopping fashion, shoes, and accessories at Zalando. A perfect way to explore top ...",data\discovery\mass-harvest-v5\clean-v5.1\review.csv | data\discovery\mass-harvest-v5\clean-v5.2\manual-review.csv | data\discovery\mass-harvest-v5\clean-v5.3\global-review.csv | data\discovery\mass-harvest-v5\clean-v5.4\review.csv | data\discovery\mass-harvest-v5\clean-v5.5\review.csv | data\discovery\review-universe-v1\still-review.csv | data\discovery\review-universe-v5\manual-review.csv
REVIEW,plausible_giftcard_but_needs_human_check,livingcrueltyfree.gr,online αγορών αξίας 35 Ευρώ,https://livingcrueltyfree.gr/%CF%80%CF%81%CE%BF%CF%8A%CF%8C%CE%BD/%CE%B4%CF%89%CF%81%CE%BF%CE%B5%CF%80%CE%B9%CF%84%CE%B1%CE%B3%CE%B7-living-35e/?srsltid,Δωροεπιταγή online αγορών αξίας 35 Ευρώ,85,8,"Δωροεπιταγή Living 35€. 35,00€. Δωροκάρτα 35 ευρώ για αγορές πιστοποιημένων cruelty free και vegan καλλυντικών, παπουτσιών ή αξεσουάρ από ...",data\discovery\focused-harvest-v7\clean-v7\review.csv | data\discovery\focused-harvest-v7-run1-backup\clean-v7\review.csv | data\discovery\mass-harvest-v5\clean-v5.1\review.csv | data\discovery\mass-harvest-v5\clean-v5.2\manual-review.csv | data\discovery\mass-harvest-v5\clean-v5.3\global-review.csv | data\discovery\mass-harvest-v5\clean-v5.4\review.csv | data\discovery\mass-harvest-v5\clean-v5.5\review.csv | data\discovery\mega-harvest-v6\clean-v6\review.csv | data\discovery\review-universe-v1\still-review.csv | data\discovery\review-universe-v4-1\manual-review.csv
REVIEW,plausible_giftcard_but_needs_human_check,livlig.com,LIVLIG Gift Voucher – Give Joy for Garden & Balcony,https://livlig.com/en-eu/products/livlig-voucher,LIVLIG Gift Voucher – Give Joy for Garden & Balcony,80,1,LIVLIG Gift Voucher – Give Joy for Garden & Balcony. With the LIVLIG voucher ... Greece Flag Greece. Ireland Flag Ireland. Portugal Flag Portugal. Hungary ...,data\discovery\mega-harvest-v6\clean-v6\review.csv
REVIEW,plausible_giftcard_but_needs_human_check,llearn.gr,Virtual Reality Zero Latency Gift Voucher Gift ... - llearn.gr,https://www.llearn.gr/?r=16295315041260,Virtual Reality Zero Latency Gift Voucher Gift ... - llearn.gr,80,1,Virtual Reality Zero Latency Gift Voucher Gift Vouchers Zero Latency VR Sunshine Coast. ... gymlock mat gym mats direct. Quick Look. gymlock mat ...,data\discovery\mega-harvest-v6\clean-v6\review.csv
REVIEW,plausible_giftcard_but_needs_human_check,loevdeco.com,LOEV DECO Gift Card,https://loevdeco.com/en/products/carte-cadeau-loev-deco?srsltid=AfmBOorezw-uIhjwbZMM1ilG1TvSG49DNmk4vwER5qU6XDIrDbs57hOG,LOEV DECO Gift Card,80,6,"Give a LOEV DECO gift card for a unique, personalized gift. This gift card is valid on our premium wall art and home decor collection.",data\discovery\mass-harvest-v5\clean-v5.1\review.csv | data\discovery\mass-harvest-v5\clean-v5.2\manual-review.csv | data\discovery\mass-harvest-v5\clean-v5.3\global-review.csv | data\discovery\mass-harvest-v5\clean-v5.4\review.csv | data\discovery\mass-harvest-v5\clean-v5.5\review.csv | data\discovery\mega-harvest-v6\clean-v6\review.csv | data\discovery\review-universe-v2\manual-review.csv
REVIEW,plausible_giftcard_but_needs_human_check,logishotels.com,Gift card | Logis Hôtels,https://www.logishotels.com/en/gift/e-gift-cards,Gift card | Logis Hôtels,100,4,"The gift card can be offered by email or printed within a minute of purchase. With our electronic gift card, you can fulfil all your wishes at over 2,000 hotels ...",data\discovery\mass-harvest-v5\clean-v5.2\global-review.csv | data\discovery\mass-harvest-v5\clean-v5.3\global-review.csv | data\discovery\mass-harvest-v5\clean-v5.4\review.csv | data\discovery\mass-harvest-v5\clean-v5.5\review.csv | data\discovery\review-universe-v2\manual-review.csv
REVIEW,plausible_giftcard_but_needs_human_check,lonistattoo.com,LTS Gift Card 50,https://www.lonistattoo.com/component/hikashop/product/41-lts-gift-card,LTS Gift Card 50,100,1,"LTS Gift Card 50. 50,00 €. A unique present for friends and loved ones is this gift card from Lonis Tattoo Studio. Because some gifts are forever! The Gift Card ...",data\discovery\mega-harvest-v6\clean-v6\review.csv | data\discovery\review-universe-v1\still-review.csv | data\discovery\review-universe-v5\manual-review.csv
REVIEW,plausible_giftcard_but_needs_human_check,lopapeysa.dk,Gift voucher www.lopapeysa.dk,https://lopapeysa.dk/en/products/gavekort-lopapeysa-dk,Gift voucher www.lopapeysa.dk,80,6,"Technology. Knitting Patterns · Crochet Patterns · KNITTING KITS. KNITTING KITS ... Gift voucher www.lopapeysa.dk. Add to wishlist. Regular price 100,00 kr.",data\discovery\mass-harvest-v5\clean-v5.1\review.csv | data\discovery\mass-harvest-v5\clean-v5.2\manual-review.csv | data\discovery\mass-harvest-v5\clean-v5.3\global-review.csv | data\discovery\mass-harvest-v5\clean-v5.4\review.csv | data\discovery\mass-harvest-v5\clean-v5.5\review.csv | data\discovery\mega-harvest-v6\clean-v6\review.csv | data\discovery\review-universe-v2\manual-review.csv
REVIEW,plausible_giftcard_but_needs_human_check,lot.com,Gift Voucher,https://www.lot.com/jp/en/journey/additional-services/gift-voucher,Gift Voucher,100,5,Gift Voucher. Flight attendant holding a blue-coloured gift voucher. Give the Gift of Travel with a Gift Voucher! ... Flights to Cyprus · Flights to Larnaca.,data\discovery\mass-harvest-v5\clean-v5.2\global-review.csv | data\discovery\mass-harvest-v5\clean-v5.3\global-review.csv | data\discovery\mass-harvest-v5\clean-v5.4\review.csv | data\discovery\mass-harvest-v5\clean-v5.5\review.csv | data\discovery\mega-harvest-v6\clean-v6\review.csv | data\discovery\review-universe-v1\still-review.csv | data\discovery\review-universe-v5\manual-review.csv
REVIEW,plausible_giftcard_but_needs_human_check,lottejewelry.com,Com,https://lottejewelry.com/en/pages/gift-card?srsltid=AfmBOoo-X1m-qz62hQgMXtfvSD1Ihy5n8QbYuLmIMpDWoN8EFJel2D53,GIFT CARD,100,3,Lotte Jewelry · Account · Cart 0 · Lotte Jewelry ... GIFT CARD. Join our community. This customer is ... Panorama Thessaloniki. Avgerinou 17. 55236. tel:+ 30 ...,data\discovery\focused-harvest-v7\clean-v7\review.csv | data\discovery\focused-harvest-v7-run1-backup\clean-v7\review.csv | data\discovery\mega-harvest-v6\clean-v6\review.csv | data\discovery\review-universe-v1\still-review.csv | data\discovery\review-universe-v5-1\manual-review.csv
REVIEW,plausible_giftcard_but_needs_human_check,louisxviwatches.com,Gift Card,https://www.louisxviwatches.com/products/geschenkkarte,Gift Card,80,1,"Gift Card. No reviews. Sale price€50,00. Tax included. Title: €50,00 EUR. Title ... Greece (EUR €) Greenland (DKK kr.) Grenada (XCD ...",data\discovery\mega-harvest-v6\clean-v6\review.csv | data\discovery\review-universe-v1\still-review.csv | data\discovery\review-universe-v4\still-review.csv
REVIEW,plausible_giftcard_but_needs_human_check,loulerie.com,Loulerie Digital Gift Voucher,https://loulerie.com/products/loulerie-gift-card?srsltid=AfmBOorbyVHgZ1n7-0h9WbWlL2BvTdpqulPJMPMhqxhfVZHuC_7oWysA,Loulerie Digital Gift Voucher,70,1,"Hermina Athens · Joanna Laura Constantine · Loulerie Gifting Jewellery · Loulerie ... Great experience, bought my wife some jewelry, lost receipts, she went ...",data\discovery\focused-harvest-v7\clean-v7\review.csv | data\discovery\focused-harvest-v7-run1-backup\clean-v7\review.csv
REVIEW,plausible_giftcard_but_needs_human_check,love2shop.co.uk,Fashion & Footwear Gift Vouchers and Cards,https://www.love2shop.co.uk/category/fashion-and-footwear-gift-vouchers-cards?srsltid=AfmBOoo1sc_os-KLKZb4IU2Fa3_Qnr6ihCVF8VE_a4VB0Ko7nUiyCr7H,Fashion & Footwear Gift Vouchers and Cards,100,4,"With so much choice from the UK's biggest brands, you will be spoilt for choice on which fashion gift card or voucher to choose for your special someone.",data\discovery\mass-harvest-v5\clean-v5.2\global-review.csv | data\discovery\mass-harvest-v5\clean-v5.3\global-review.csv | data\discovery\mass-harvest-v5\clean-v5.4\review.csv | data\discovery\mass-harvest-v5\clean-v5.5\review.csv | data\discovery\review-universe-v1\still-review.csv | data\discovery\review-universe-v5\manual-review.csv
REVIEW,plausible_giftcard_but_needs_human_check,loventofficial.com,Gift Card,https://loventofficial.com/product/gift-card/,Gift Card,100,1,"HomeShopGift CardGift Card. Gift Card. €10,00 – €300,00. Gift Card Amount. Choose ... Women Fashion Store - Shop Now! About us. Gift Card · Contact us. Help. My ...",data\discovery\mega-harvest-v6\clean-v6\review.csv | data\discovery\review-universe-v1\still-review.csv | data\discovery\review-universe-v5\manual-review.csv
REVIEW,plausible_giftcard_but_needs_human_check,loyaltymagazine.com,Portugal malls embrace gift cards,https://www.loyaltymagazine.com/portugal-malls-embrace-gift-cards/,Portugal malls embrace gift cards,100,1,The MMM Gift Card is a MasterCard prepaid Gift Card that ... In Portugal the group manages a portfolio of 14 shopping centres and ...,data\discovery\mass-harvest-v5\clean-v5.1\review.csv | data\discovery\mass-harvest-v5\clean-v5.2\global-review.csv | data\discovery\mass-harvest-v5\clean-v5.5\review.csv
REVIEW,plausible_giftcard_but_needs_human_check,lucasdivestore.com,Gift Vouchers,https://www.lucasdivestore.com/en/gift-vouchers/?srsltid=AfmBOopf08ZDPbiL0K1nrX0_ILTklYdkbFsSsYsRgDlJK3-C_NNJxl1Z,Gift Vouchers,100,1,"Dive Computers · Instruments · BCD · Watches · Compressors · Underwater cameras ... Gift Voucher €1. This is our gift voucher for € 1,00. (minimum is € 5,00) You ...",data\discovery\mega-harvest-v6\clean-v6\review.csv | data\discovery\review-universe-v1\still-review.csv | data\discovery\review-universe-v5\manual-review.csv
REVIEW,plausible_giftcard_but_needs_human_check,lunaenails.com,Lunae Nails Gift Voucher,https://lunaenails.com/en/products/buono-regalo-lunae-nails?srsltid=AfmBOoohDkKXpiAm8GHL4XYwslCnfO8TvH_PxObMu6cIRdcIGP7kCc-z,Lunae Nails Gift Voucher,80,1,Lunae Nails Gift Voucher · A digital voucher of the selected value · Unique code that can be used throughout the site · Immediate receipt by email after payment.,data\discovery\mega-harvest-v6\clean-v6\review.csv | data\discovery\review-universe-v2\manual-review.csv
REVIEW,plausible_giftcard_but_needs_human_check,lussovitadecor.com,Gift Voucher,https://www.lussovitadecor.com/products/gift-voucher?srsltid=AfmBOoq_QbJ2GQ6PWwt69Rj1-0HRxwWuKbxIDDlh6NjSrzup52FIWlrj,Gift Voucher,100,5,Lusso Vita Decor. Gift Voucher. Gift Voucher. Regular price £50.00 GBP. Regular price Sale price £50.00 GBP. Unit price / per. Sale Sold out. Taxes included ...,data\discovery\mass-harvest-v5\clean-v5.2\global-review.csv | data\discovery\mass-harvest-v5\clean-v5.3\global-review.csv | data\discovery\mass-harvest-v5\clean-v5.4\review.csv | data\discovery\mass-harvest-v5\clean-v5.5\review.csv | data\discovery\mega-harvest-v6\clean-v6\review.csv | data\discovery\review-universe-v1\still-review.csv | data\discovery\review-universe-v5\manual-review.csv
REVIEW,plausible_giftcard_but_needs_human_check,luxfairhotels.com,GIft Cards – Luxfair Hotels,https://luxfairhotels.com/gift-cards/,GIft Cards – Luxfair Hotels,100,4,"Share the Experience of St Julian's Malta ... employee, a Spinola Hotel gift card is a thoughtful and flexible option. For the Public. • Redeemable for stays, ...",data\discovery\mass-harvest-v5\clean-v5.2\global-review.csv | data\discovery\mass-harvest-v5\clean-v5.3\global-review.csv | data\discovery\mass-harvest-v5\clean-v5.4\review.csv | data\discovery\mass-harvest-v5\clean-v5.5\review.csv | data\discovery\review-universe-v2\manual-review.csv
REVIEW,plausible_giftcard_but_needs_human_check,luxpets.com.au,Buy Pet Shop eGift Cards,https://www.luxpets.com.au/collections/gift-card?srsltid=AfmBOoqK4m554xW_eKjyLhBxPc5zgMOMZiLcfuRMNxjvw0wxCU82iZm0,Buy Pet Shop eGift Cards,100,1,"Looking to find the best gift for a cat lover, dog lover or crazy pet owner. Buy our pet shop gift card so they can spoil their pet ... Greece (EUR €) ...",data\discovery\mega-harvest-v6\clean-v6\review.csv | data\discovery\review-universe-v1\still-review.csv | data\discovery\review-universe-v5-1\manual-review.csv
REVIEW,plausible_giftcard_but_needs_human_check,maccosmetics.com,E Gift Cards,https://www.maccosmetics.com/pages/gift-cards,E Gift Cards,100,3,GermanyDeutsch; Greeceελληνικά; HungaryMagyar; ItalyItaliano; Netherlands ... Check Your Gift Card Balance. Enter your card number to view your balance ...,data\discovery\mass-harvest-v5\clean-v5.3\greece-market-review.csv | data\discovery\mass-harvest-v5\clean-v5.4\review.csv | data\discovery\mass-harvest-v5\clean-v5.5\review.csv | data\discovery\review-universe-v1\still-review.csv | data\discovery\review-universe-v5-1\manual-review.csv
REVIEW,plausible_giftcard_but_needs_human_check,macdonaldhotels.co.uk,Luxury Hotel Gift Vouchers & Cards,https://www.macdonaldhotels.co.uk/gift-vouchers,Luxury Hotel Gift Vouchers & Cards,100,4,"Treat a friend or loved one to a revitalising break or outstanding experience with our hotel gift vouchers, redeemable at Macdonald Hotels across the UK.",data\discovery\mass-harvest-v5\clean-v5.2\global-review.csv | data\discovery\mass-harvest-v5\clean-v5.3\global-review.csv | data\discovery\mass-harvest-v5\clean-v5.4\review.csv | data\discovery\mass-harvest-v5\clean-v5.5\review.csv | data\discovery\review-universe-v1\still-review.csv | data\discovery\review-universe-v5\manual-review.csv
REVIEW,plausible_giftcard_but_needs_human_check,macramooncreations.com,", δωροκάρτα, δώρο, επιλογή, macramoon creations, gift for ...",https://macramooncreations.com/gift-card?tag=macramoon,"gift card, δωροκάρτα, δώρο, επιλογή, macramoon creations, gift for ...",100,2,"... jewelry shop, jewelry athens. ... Ηλεκτρονική δωροκάρτα: με αυτήν την επιλογή η δωροκάρτα ... δωροκάρτα θα αποσταλεί στο δικό σου email). -Η δωροκάρτα ...",data\discovery\focused-harvest-v7\clean-v7\review.csv | data\discovery\focused-harvest-v7-run1-backup\clean-v7\review.csv | data\discovery\review-universe-v3\manual-review.csv
REVIEW,plausible_giftcard_but_needs_human_check,macsadventure.com,Macs Adventure Travel Gift Vouchers,https://www.macsadventure.com/about-us/booking/gift-vouchers/,Macs Adventure Travel Gift Vouchers,100,1,Give the gift of adventure with a Macs Adventure walking or cycling holiday gift vouchers ... gift voucher. They'll email you a PDF that you can forward or print ...,data\discovery\mega-harvest-v6\clean-v6\review.csv | data\discovery\review-universe-v2\manual-review.csv
REVIEW,plausible_giftcard_but_needs_human_check,madebytait.com.au,Gift Voucher,https://madebytait.com.au/product/gift-voucher/,Gift Voucher,100,1,Gift Vouchers.. Premium Australian Made Outdoor Furniture. Gift Voucher. AVAILABILITY. Ready to Ship; Made to Order. Voucher Amount. Deep Ocean. In Stock.,data\discovery\mega-harvest-v6\clean-v6\review.csv | data\discovery\review-universe-v1\still-review.csv | data\discovery\review-universe-v5\manual-review.csv
REVIEW,plausible_giftcard_but_needs_human_check,madeofsundays.com,Κάρτα Δώρου,https://www.madeofsundays.com/el/products/gift-card?srsltid=AfmBOoqbeOaVd_dQulo4sQqdmiyMjt5Yc6CgFtVe5ugTQK6AFsjv-QHv,Κάρτα Δώρου,100,1,Η κάρτα ισχύει για ένα έτος από την ημερομηνία αγοράς. Κατεβάστε τη δική σας εκτυπώσιμη δωροκάρτα: Κατεβάστε τη δωροκάρτα. Μετά την αγορά θα λάβετε ένα email ...,data\discovery\mega-harvest-v6\clean-v6\review.csv | data\discovery\review-universe-v1\still-review.csv | data\discovery\review-universe-v5\manual-review.csv
REVIEW,plausible_giftcard_but_needs_human_check,madsnorgaard.com,Gift Card,https://www.madsnorgaard.com/products/giftcard,Gift Card,100,4,Give them the gift of choice with a gift card to www.madsnorgaard.com. Our gift cards are delivered by email and contain instructions to redeem them at checkout ...,data\discovery\mass-harvest-v5\clean-v5.2\global-review.csv | data\discovery\mass-harvest-v5\clean-v5.3\global-review.csv | data\discovery\mass-harvest-v5\clean-v5.4\review.csv | data\discovery\mass-harvest-v5\clean-v5.5\review.csv | data\discovery\review-universe-v1\still-review.csv | data\discovery\review-universe-v5\manual-review.csv
REVIEW,plausible_giftcard_but_needs_human_check,maeliacosmetics.gr,Maeliacosmetics,https://maeliacosmetics.gr,Maelia cosmetics gift card,,1,"Wave2Bucket=HIGH_SAFE | Wave2Score=70 | Wave2Reasons=GIFT_TITLE | GREEK_DOMAIN | MULTI_QUERY | MULTI_HIT | Queries=site:.gr skincare ""gift card"" | site:.gr καλλυντικά ""gift card"" | Imported to DISCOVERED only; requires verification before production.",DB:DISCOVERED:cmt9y1a70001ppwiyfiso1eoj
REVIEW,plausible_giftcard_but_needs_human_check,maestriciccone.com,Gift Voucher,https://maestriciccone.com/en/products/gift-voucher?srsltid=AfmBOopaEiD_QmYrbc3uzijtDsKguwtsNPhqZyi6JlK9Ul0JIbe-WREu,Gift Voucher,100,1,"Ciccone gift voucher for shoes, accessories and shoemaking services. Home ... Greece (EUR €) Hong Kong SAR (HKD $) Hungary ...",data\discovery\mega-harvest-v6\clean-v6\review.csv | data\discovery\review-universe-v1\still-review.csv | data\discovery\review-universe-v5-1\manual-review.csv
REVIEW,plausible_giftcard_but_needs_human_check,mail.anouar.gr,Μασάζ,https://mail.anouar.gr/doro-masaz/,Δωροκάρτα Μασάζ,80,8,Δωροκάρτα Μασάζ - Χαρίστε Μοναδικές Στιγμές Χαλάρωσης ... δωροκάρτα για επαγγελματικό μασάζ που θα τους χαρίσει βαθιά αναζωογόνηση και ανακούφιση ... wellness. Η ...,data\discovery\focused-harvest-v7\clean-v7\review.csv | data\discovery\focused-harvest-v7-run1-backup\clean-v7\review.csv | data\discovery\mass-harvest-v5\clean-v5.1\review.csv | data\discovery\mass-harvest-v5\clean-v5.2\manual-review.csv | data\discovery\mass-harvest-v5\clean-v5.3\global-review.csv | data\discovery\mass-harvest-v5\clean-v5.4\review.csv | data\discovery\mass-harvest-v5\clean-v5.5\review.csv | data\discovery\mega-harvest-v6\clean-v6\review.csv | data\discovery\review-universe-v1\still-review.csv
REVIEW,plausible_giftcard_but_needs_human_check,maison-albar-hotels-le-victoria.com,Gift cards & vouchers | 5-star Hotel Spa French Riviera gifts,https://maison-albar-hotels-le-victoria.com/en/page/gift-card-hotel-spa-french-riviera-5-star.16563.html,Gift cards & vouchers | 5-star Hotel Spa French Riviera gifts,100,4,Hotel gift card · Seminar hotel in Nice · Spa hotel in Nice · Victoria Hotel Nice France · Victoria Hotel Nice · Promenade des Anglais Hotel · Luxury hotel Nice ...,data\discovery\mass-harvest-v5\clean-v5.2\global-review.csv | data\discovery\mass-harvest-v5\clean-v5.3\global-review.csv | data\discovery\mass-harvest-v5\clean-v5.4\review.csv | data\discovery\mass-harvest-v5\clean-v5.5\review.csv | data\discovery\review-universe-v1\still-review.csv | data\discovery\review-universe-v5\manual-review.csv
REVIEW,plausible_giftcard_but_needs_human_check,maisongatore.com,Gift voucher - GATORÉ,https://maisongatore.com/en/products/geschenkgutschein?srsltid=AfmBOoruqi6xeUQsd_uBUOUWXeRBpKI3Uuej50isXIwkPy0lMn5Zj6rh,Gift voucher - GATORÉ,80,6,... PERFUME · GIFT CARD · REVIEWS · CONTACT · HOME · OUR PERFUMES · Oud ... Gift voucher. Open image in full screen. Gift voucher. Close. Gift voucher ...,data\discovery\mass-harvest-v5\clean-v5.1\review.csv | data\discovery\mass-harvest-v5\clean-v5.2\manual-review.csv | data\discovery\mass-harvest-v5\clean-v5.3\global-review.csv | data\discovery\mass-harvest-v5\clean-v5.4\review.csv | data\discovery\mass-harvest-v5\clean-v5.5\review.csv | data\discovery\mega-harvest-v6\clean-v6\review.csv | data\discovery\review-universe-v1\still-review.csv | data\discovery\review-universe-v5\manual-review.csv
REVIEW,plausible_giftcard_but_needs_human_check,makaroon.bg,"Gift voucher for 50,75 or 100 BGN - Makaroon.bg",https://makaroon.bg/gift-voucher,"Gift voucher for 50,75 or 100 BGN - Makaroon.bg",100,4,The gift voucher is valid 12 months in total - man has 12 months to choose an experience and another 12 months to go get it. And you will get the applause for ...,data\discovery\mass-harvest-v5\clean-v5.2\global-review.csv | data\discovery\mass-harvest-v5\clean-v5.3\global-review.csv | data\discovery\mass-harvest-v5\clean-v5.4\review.csv | data\discovery\mass-harvest-v5\clean-v5.5\review.csv | data\discovery\review-universe-v2\manual-review.csv
REVIEW,plausible_giftcard_but_needs_human_check,makemeup.gr,MakeMeUp e,https://www.makemeup.gr/index.php?route,MakeMeUp e-gift card,80,1,"MakeMeUp e-gift card. Αυτή η δωροεπιταγή θα αποσταλεί μέ e-mail στον ... SKINCARE · 2310226216 · info@makemeup.gr · Τσιμισκή 130, 54621. Θεσσαλονίκη, Ελλάδα.",data\discovery\focused-harvest-v7\clean-v7\review.csv | data\discovery\focused-harvest-v7-run1-backup\clean-v7\review.csv | data\discovery\mega-harvest-v6\clean-v6\review.csv
REVIEW,plausible_giftcard_but_needs_human_check,mallgiftcard.com.cy,Get Your Gift Card Today! - Mall Digital Gift Card,https://mallgiftcard.com.cy/,Get Your Gift Card Today! - Mall Digital Gift Card,100,4,"Who is the gift card for? Purchase your gift card online through the options below, or get a physical card at the Mall of Cyprus Information Desk.",data\discovery\mass-harvest-v5\clean-v5.2\global-review.csv | data\discovery\mass-harvest-v5\clean-v5.3\global-review.csv | data\discovery\mass-harvest-v5\clean-v5.4\review.csv | data\discovery\mass-harvest-v5\clean-v5.5\review.csv | data\discovery\review-universe-v1\still-review.csv | data\discovery\review-universe-v5\manual-review.csv
REVIEW,plausible_giftcard_but_needs_human_check,mallofcyprus.com,Introducing: Mall of Cyprus' Digital Gift Card!?,https://mallofcyprus.com/introducing-mall-of-cyprus-digital-gift-card%F0%9F%93%B2/,Introducing: Mall of Cyprus' Digital Gift Card!?,100,4,"The Mall Gift Card goes digital, offering you and your recipients even more flexibility! ?? If you too love the Mall Gift Card by Mall of Cyprus ...",data\discovery\mass-harvest-v5\clean-v5.2\global-review.csv | data\discovery\mass-harvest-v5\clean-v5.3\global-review.csv | data\discovery\mass-harvest-v5\clean-v5.4\review.csv | data\discovery\mass-harvest-v5\clean-v5.5\review.csv | data\discovery\review-universe-v2\manual-review.csv
REVIEW,plausible_giftcard_but_needs_human_check,mallofswitzerland.ch,Gift cards,https://www.mallofswitzerland.ch/en/gift-cards,Gift cards,100,4,"Bring joy to your loved ones and gift them shopping experiences, culinary delights, or exciting activities – with the Mall of Switzerland gift card! Explore ...",data\discovery\mass-harvest-v5\clean-v5.2\global-review.csv | data\discovery\mass-harvest-v5\clean-v5.3\global-review.csv | data\discovery\mass-harvest-v5\clean-v5.4\review.csv | data\discovery\mass-harvest-v5\clean-v5.5\review.csv | data\discovery\review-universe-v1\still-review.csv | data\discovery\review-universe-v5\manual-review.csv
REVIEW,plausible_giftcard_but_needs_human_check,mallorythelabel.com,Gift Card Archives,https://mallorythelabel.com/product-category/gift-card/,Gift Card Archives,100,1,Gift Card · Dresses · Tops · Bottoms · Timeless Pieces · Denim · Jumpsuits · Outwear · Knitwear.,data\discovery\mega-harvest-v6\clean-v6\review.csv | data\discovery\review-universe-v1\still-review.csv | data\discovery\review-universe-v5\manual-review.csv
REVIEW,plausible_giftcard_but_needs_human_check,mallplovdiv.bg,Gift Card,https://mallplovdiv.bg/en/shops/services/gift-card-mall-plovdiv/,Gift Card,100,4,... Bulgaria · Clean Factory · eMAG SAMEDAY easybox · EVN · Gift Card · I&D Print Premium · IQOS · Keysoo · MARKOVO VILLAS PARK · Premium Cigars & Tobacco · SDI ...,data\discovery\mass-harvest-v5\clean-v5.2\global-review.csv | data\discovery\mass-harvest-v5\clean-v5.3\global-review.csv | data\discovery\mass-harvest-v5\clean-v5.4\review.csv | data\discovery\mass-harvest-v5\clean-v5.5\review.csv | data\discovery\review-universe-v1\still-review.csv | data\discovery\review-universe-v5\manual-review.csv
REVIEW,plausible_giftcard_but_needs_human_check,mammanova.com,Gift voucher,https://www.mammanova.com/en/products/cadeaubon,Gift voucher,85,6,"Lingerie Sets. Shop all lingerie sets · Classic · Elegant · High neckline ... Gift voucher. No reviews. Offer price€25,00. Give confidence, comfort, and choice ...",data\discovery\mass-harvest-v5\clean-v5.1\review.csv | data\discovery\mass-harvest-v5\clean-v5.2\manual-review.csv | data\discovery\mass-harvest-v5\clean-v5.3\global-review.csv | data\discovery\mass-harvest-v5\clean-v5.4\review.csv | data\discovery\mass-harvest-v5\clean-v5.5\review.csv | data\discovery\mega-harvest-v6\clean-v6\review.csv | data\discovery\review-universe-v1\still-review.csv | data\discovery\review-universe-v5\manual-review.csv
REVIEW,plausible_giftcard_but_needs_human_check,manawa.com,Booking sites vs. gift voucher sellers: what should you ...,https://www.manawa.com/en/partners/articles/the-differences-between-booking-sites-and-gift-voucher-sellers,Booking sites vs. gift voucher sellers: what should you ...,100,5,"Selling your outdoor activities online is now essential. But between booking websites like Manawa and gift voucher sellers like Smartbox, ...",data\discovery\mass-harvest-v5\clean-v5.2\global-review.csv | data\discovery\mass-harvest-v5\clean-v5.3\global-review.csv | data\discovery\mass-harvest-v5\clean-v5.4\review.csv | data\discovery\mass-harvest-v5\clean-v5.5\review.csv | data\discovery\mega-harvest-v6\clean-v6\review.csv | data\discovery\review-universe-v1\still-review.csv | data\discovery\review-universe-v5\manual-review.csv
REVIEW,plausible_giftcard_but_needs_human_check,manlysurfschool.com,Purchase Gift Vouchers for Surf Lessons - Manly Surf School,https://manlysurfschool.com/gift-vouchers/,Purchase Gift Vouchers for Surf Lessons - Manly Surf School,100,5,Step 2: You will be required to create a profile to generate the gift voucher. ... Surfers Gym · Surfers Compass App. Contact. Contact Us · FAQs · Careers Form.,data\discovery\mass-harvest-v5\clean-v5.2\global-review.csv | data\discovery\mass-harvest-v5\clean-v5.3\global-review.csv | data\discovery\mass-harvest-v5\clean-v5.4\review.csv | data\discovery\mass-harvest-v5\clean-v5.5\review.csv | data\discovery\mega-harvest-v6\clean-v6\review.csv | data\discovery\review-universe-v2\manual-review.csv
REVIEW,plausible_giftcard_but_needs_human_check,mantility.com,Gift Card - Κάρτα Δώρου - Mantility,https://www.mantility.com/el/scarves-gallery/gift-card/,Gift Card - Κάρτα Δώρου - Mantility,100,4,"Κάρτα Δώρου · Αν το ποσό της Κάρτας Δώρου δεν συμπληρώσει ολόκληρο το ποσό της παραγγελίας, θα χρειαστεί να πληρώσετε το υπόλοιπο της αγοράς με τους διαθέσιμους ...",data\discovery\mass-harvest-v5\clean-v5.3\greece-market-review.csv | data\discovery\mass-harvest-v5\clean-v5.4\review.csv | data\discovery\mass-harvest-v5\clean-v5.5\review.csv | data\discovery\mega-harvest-v6\clean-v6\review.csv | data\discovery\review-universe-v2\manual-review.csv
REVIEW,plausible_giftcard_but_needs_human_check,marabika.lt,MARABIKA perfume gift cards,https://marabika.lt/en/gift-cards/,MARABIKA perfume gift cards,100,5,MARABIKA perfume gift cards · Gift voucher 20 € · Gift voucher 30 € · Gift voucher 50 €.,data\discovery\mass-harvest-v5\clean-v5.2\global-review.csv | data\discovery\mass-harvest-v5\clean-v5.3\global-review.csv | data\discovery\mass-harvest-v5\clean-v5.4\review.csv | data\discovery\mass-harvest-v5\clean-v5.5\review.csv | data\discovery\mega-harvest-v6\clean-v6\review.csv | data\discovery\review-universe-v2\manual-review.csv
REVIEW,plausible_giftcard_but_needs_human_check,margaritisoptics.com,MARGARITIS OPTICS gift card,https://www.margaritisoptics.com/products/margaritis-optics-gift-card?srsltid=AfmBOoqGW6u5bHRi8zmB5v9308CGpIXm0zjzo8OlTFTSR-3UKoLO6-Ux,MARGARITIS OPTICS gift card,100,5,MARGARITIS OPTICS gift card ... Taxes included. Shipping calculated at checkout. Denominations. €10.00Variant sold out or unavailable,data\discovery\mass-harvest-v5\clean-v5.2\global-review.csv | data\discovery\mass-harvest-v5\clean-v5.3\global-review.csv | data\discovery\mass-harvest-v5\clean-v5.4\review.csv | data\discovery\mass-harvest-v5\clean-v5.5\review.csv | data\discovery\mega-harvest-v6\clean-v6\review.csv | data\discovery\review-universe-v2\manual-review.csv
REVIEW,plausible_giftcard_but_needs_human_check,mariamaiabeauty.com,Mariamaiabeauty,https://mariamaiabeauty.com/products/e-giftcard?srsltid=AfmBOoqi1hgjeH-Kbj6w4Gy0lAd2fURNdcwyhO5kjmCXOvAJ4Yixp_tK,E-GIFT CARD,100,4,ÈME Beauty digital gift card - the perfect beauty gift. ÈME Beauty gift ... Currency. Portugal (EUR €). Austria (EUR €); Belgium (EUR €); Czechia (CZK Kč) ...,data\discovery\mass-harvest-v5\clean-v5.2\global-review.csv | data\discovery\mass-harvest-v5\clean-v5.3\global-review.csv | data\discovery\mass-harvest-v5\clean-v5.4\review.csv | data\discovery\mass-harvest-v5\clean-v5.5\review.csv | data\discovery\review-universe-v2\manual-review.csv
REVIEW,plausible_giftcard_but_needs_human_check,mariechantal.com,Marie-Chantal E,https://www.mariechantal.com/products/marie-chantal-e-gift-voucher?srsltid=AfmBOooUVm1vYWprAC_8wFi-QgleUyARC_Ka5zTCUU-RtUPv4VIXIzLZ,Marie-Chantal E-Gift Voucher,65,1,"Perfect for new arrivals, birthdays, christenings and all special occasions.",data\discovery\mega-harvest-v6\clean-v6\review.csv | data\discovery\review-universe-v2\manual-review.csv
REVIEW,plausible_giftcard_but_needs_human_check,marine-deals.co.nz,Marine Deals Gift Voucher with Sleeve,https://www.marine-deals.co.nz/gift-vouchers/marine-deals-gift-voucher-with-sleeve/p/84069/c/1126?srsltid=AfmBOorEc0CO-jC_robet4Pmft6dNc4IQBPSEVJlY3vjkWw3V5poBhiI,Marine Deals Gift Voucher with Sleeve,100,4,"The Marine Deals Gift Voucher includes a unique code that is entered upon checkout - so after your loved ones browse the website and add items to their cart, ...",data\discovery\mass-harvest-v5\clean-v5.2\global-review.csv | data\discovery\mass-harvest-v5\clean-v5.3\global-review.csv | data\discovery\mass-harvest-v5\clean-v5.4\review.csv | data\discovery\mass-harvest-v5\clean-v5.5\review.csv | data\discovery\review-universe-v1\still-review.csv | data\discovery\review-universe-v5\manual-review.csv
REVIEW,plausible_giftcard_but_needs_human_check,marmaladyclothingbar.com,GIFT CARD,https://www.marmaladyclothingbar.com/index.php?route=account/voucher&srsltid=AfmBOooq2bl1M9hcfDEZ6fSq_orxDkqZ88CTPj9Q2Ba5yeO60srULGmO,GIFT CARD,85,1,"GIFT CARD. Το ιδανικό δώρο για κάθε περίσταση. Στείλε μια ξεχωριστή ... Mitropoleos 77, Thessaloniki, Z.C 54622 · Store: +30 2310 226 100 · Support: +30 ...",data\discovery\mega-harvest-v6\clean-v6\review.csv | data\discovery\review-universe-v1\still-review.csv | data\discovery\review-universe-v5-1\manual-review.csv
REVIEW,plausible_giftcard_but_needs_human_check,massimodutti.com,Δωροκάρτα,https://www.massimodutti.com/gr/help/faqs_section_gift-card-1?srsltid=AfmBOoqbvbGPpBTSVthbiEO8jEC2FX0qEKB_5ZxGo0f4Z8AOwtWYy1zW,Δωροκάρτα,100,1,LINGERIE · ΜΠΛΟΥΖΕΣ · ΠΡΟΒΟΛΗ ΟΛΩΝ · ΛΕΥΚΕΣ · ΜΑΚΡΙΑ ΜΑΝΙΚΙΑ · ΚΟΝΤΑ ΜΑΝΙΚΙΑ · ΧΩΡΙΣ ... Δωροκάρτα. Δωροκάρτα. Πληροφορίες για Κάρτα Δώρου.,data\discovery\mega-harvest-v6\clean-v6\review.csv | data\discovery\review-universe-v1\still-review.csv | data\discovery\review-universe-v5\manual-review.csv
REVIEW,plausible_giftcard_but_needs_human_check,mastercardgiftcard.com,Mastercard Gift Card,https://www.mastercardgiftcard.com/,Mastercard Gift Card - Gift Cards & eGift Cards,100,1,"Shop Mastercard gift cards and eGift cards online, and find the perfect gift for family & friends or for employees, clients, & customers.",data\discovery\mega-harvest-v6\clean-v6\review.csv | data\discovery\review-universe-v2\manual-review.csv
REVIEW,plausible_giftcard_but_needs_human_check,mastorematadiy.com,Mastorematadiy,https://www.mastorematadiy.com/article/en/10/e-gift-card-3-bhmata-gia-na-aposteilete-dorokarta,e-Gift Card - 3 Βήματα για να αποστείλετε δωροκάρτα,100,3,0. Language: Greek · English. Customer Service. 7000 10 70 · TOOLS · HAND TOOLS ... Gift Voucher. Information. Terms & Conditions · Contact · Privacy Policy ...,data\discovery\mass-harvest-v5\clean-v5.3\greece-market-review.csv | data\discovery\mass-harvest-v5\clean-v5.4\review.csv | data\discovery\mass-harvest-v5\clean-v5.5\review.csv | data\discovery\review-universe-v3\manual-review.csv
REVIEW,plausible_giftcard_but_needs_human_check,matfashion.com,Gift Card,https://shop.matfashion.com/blog/tag/gift-card/,Gift Card - Δωροκάρτα,100,4,Welcome to Mat Fashion! ... 18 August 2010. Real Size | Real Woman | Real Gift Card Τώρα δώστε σε αυτούς που αγαπάτε την πιο chic Gift Card. Gift Card ...,data\discovery\mass-harvest-v5\clean-v5.2\global-review.csv | data\discovery\mass-harvest-v5\clean-v5.3\global-review.csv | data\discovery\mass-harvest-v5\clean-v5.4\review.csv | data\discovery\mass-harvest-v5\clean-v5.5\review.csv | data\discovery\review-universe-v1\still-review.csv | data\discovery\review-universe-v5\manual-review.csv
REVIEW,plausible_giftcard_but_needs_human_check,matis-fashion.com,Com,https://www.matis-fashion.com/en/gift-card/,Gift Card,100,6,"Send a gift card to the one you care about the most! ... Just choose the amount you wanna spend, type your details and your wish, and we will take care all the ...",data\discovery\focused-harvest-v7\clean-v7\review.csv | data\discovery\focused-harvest-v7-run1-backup\clean-v7\review.csv | data\discovery\mass-harvest-v5\clean-v5.3\greece-market-review.csv | data\discovery\mass-harvest-v5\clean-v5.4\review.csv | data\discovery\mass-harvest-v5\clean-v5.5\review.csv | data\discovery\mega-harvest-v6\clean-v6\review.csv | data\discovery\review-universe-v1\still-review.csv | data\discovery\review-universe-v5\manual-review.csv
REVIEW,plausible_giftcard_but_needs_human_check,mattas-sports.gr,Αγοράστε μία Δωροεπιταγή,https://www.mattas-sports.gr/index.php?route,Αγοράστε μία Δωροεπιταγή,85,2,"Αυτή η δωροεπιταγή θα αποσταλεί μέ e-mail στον παραλήπτη αφού ολοκληρωθεί ή πληρωμή σας. ... info@mattas-sports.gr. Copyright © 2023, Mattas Sports. Αποδέχομαι.",data\discovery\focused-harvest-v7\clean-v7\review.csv | data\discovery\focused-harvest-v7-run1-backup\clean-v7\review.csv | data\discovery\review-universe-v1\still-review.csv | data\discovery\review-universe-v4-1\manual-review.csv
REVIEW,plausible_giftcard_but_needs_human_check,matteblack-cafe-catering.myshopify.com,MatteBlack Cafe Gift Voucher – The MatteBlack Group,https://matteblack-cafe-catering.myshopify.com/products/matteblack-cafe-gift-voucher,MatteBlack Cafe Gift Voucher – The MatteBlack Group,100,5,"This gift voucher is valid for use at MatteBlack Cafe only. It is non-refundable, cannot be exchanged for cash, and must be used in full before the expiry date.",data\discovery\mass-harvest-v5\clean-v5.2\global-review.csv | data\discovery\mass-harvest-v5\clean-v5.3\global-review.csv | data\discovery\mass-harvest-v5\clean-v5.4\review.csv | data\discovery\mass-harvest-v5\clean-v5.5\review.csv | data\discovery\mega-harvest-v6\clean-v6\review.csv | data\discovery\review-universe-v1\still-review.csv | data\discovery\review-universe-v5\manual-review.csv
REVIEW,plausible_giftcard_but_needs_human_check,max-kids.gr,Αγοράστε μία Δωροεπιταγή,https://www.max-kids.gr/index.php?route,Αγοράστε μία Δωροεπιταγή,85,2,"Αυτή η δωροεπιταγή θα αποσταλεί μέ e-mail στον παραλήπτη αφού ολοκληρωθεί ή πληρωμή σας. ... kids.gr, τηλ: 2721027536. © 2020 max-kids.gr. Visa MasterCard ...",data\discovery\focused-harvest-v7\clean-v7\review.csv | data\discovery\focused-harvest-v7-run1-backup\clean-v7\review.csv | data\discovery\review-universe-v1\still-review.csv | data\discovery\review-universe-v4-1\manual-review.csv
REVIEW,plausible_giftcard_but_needs_human_check,mbtheatre.com,Gift Cards,https://www.mbtheatre.com/giftcards,Gift Cards,100,4,"Give the gift of live theatre and so more with a gift card to Michigan's Answer to Broadway! ... Greece, Greenland, Grenada, Guadeloupe, Guam, Guatemala ...",data\discovery\mass-harvest-v5\clean-v5.3\greece-market-review.csv | data\discovery\mass-harvest-v5\clean-v5.4\review.csv | data\discovery\mass-harvest-v5\clean-v5.5\review.csv | data\discovery\mega-harvest-v6\clean-v6\review.csv | data\discovery\review-universe-v1\still-review.csv | data\discovery\review-universe-v5-1\manual-review.csv
REVIEW,plausible_giftcard_but_needs_human_check,mcdaidpharmacy.ie,Gift Voucher - Cavan,https://www.mcdaidpharmacy.ie/collections/gift-voucher?srsltid=AfmBOoqS7r3tdsOhSNANPBOVjN0Ia_dJIR0jXmO9NfTVqKZb6wPeH4gW,Gift Voucher - Cavan,100,5,"McDaid Pharmacy E-Gift Card. Sale priceFrom €10,00. McDaid Pharmacy E-Gift Card · Choose options. Quick view. Gift Voucher. Sale priceFrom €5,00. Gift Voucher.",data\discovery\mass-harvest-v5\clean-v5.2\global-review.csv | data\discovery\mass-harvest-v5\clean-v5.3\global-review.csv | data\discovery\mass-harvest-v5\clean-v5.4\review.csv | data\discovery\mass-harvest-v5\clean-v5.5\review.csv | data\discovery\mega-harvest-v6\clean-v6\review.csv | data\discovery\review-universe-v1\still-review.csv | data\discovery\review-universe-v5\manual-review.csv
REVIEW,plausible_giftcard_but_needs_human_check,medex.fi,Gift Cards - Medex Beauty Clinic,https://medex.fi/collections/gift-cards?srsltid=AfmBOopCtR2WKDM8p-Xyhd4VgNDQp7f1laRpqWn8-ferXUougURuPcx6,Gift Cards - Medex Beauty Clinic,100,4,"over 150 € in Finland, and over 250 € in EU. Spend, save ... Medex Beauty Clinic Gift Card. Gift Cards · AVOIN LAHJAKORTTI / OPEN AMOUNT ...",data\discovery\mass-harvest-v5\clean-v5.2\global-review.csv | data\discovery\mass-harvest-v5\clean-v5.3\global-review.csv | data\discovery\mass-harvest-v5\clean-v5.4\review.csv | data\discovery\mass-harvest-v5\clean-v5.5\review.csv | data\discovery\review-universe-v2\manual-review.csv
REVIEW,plausible_giftcard_but_needs_human_check,medik8.com.cy,Medik8 CYPRUS* E,https://www.medik8.com.cy/products/medik8-e-gift-card?srsltid=AfmBOopU-lHw02o3ViKuvXo0Y6PvwBrqP6lJ9BWFTcoeO0fc9tF6ew4s,Medik8 CYPRUS* E-Gift Card,100,4,"A MEDIK8 CYPRUS* E-GIFT CARD by Medik8 is shown upright on a green textured surface with a matching fabric backdrop, offering a convenient digital gift option. ...",data\discovery\mass-harvest-v5\clean-v5.2\global-review.csv | data\discovery\mass-harvest-v5\clean-v5.3\global-review.csv | data\discovery\mass-harvest-v5\clean-v5.4\review.csv | data\discovery\mass-harvest-v5\clean-v5.5\review.csv | data\discovery\review-universe-v1\still-review.csv | data\discovery\review-universe-v5\manual-review.csv
REVIEW,plausible_giftcard_but_needs_human_check,melissaoakleigh.com.au,Gift cards,https://melissaoakleigh.com.au/gift-cards/,Gift cards,100,5,Purchase a Melissa Oakleigh gift voucher for your loved ones - a fantastic ... Join us at Melissa Cafe for a culinary journey worth sharing.,data\discovery\mass-harvest-v5\clean-v5.2\global-review.csv | data\discovery\mass-harvest-v5\clean-v5.3\global-review.csv | data\discovery\mass-harvest-v5\clean-v5.4\review.csv | data\discovery\mass-harvest-v5\clean-v5.5\review.csv | data\discovery\mega-harvest-v6\clean-v6\review.csv | data\discovery\review-universe-v1\still-review.csv | data\discovery\review-universe-v5\manual-review.csv
REVIEW,plausible_giftcard_but_needs_human_check,melissourgos.com.gr,Αγοράστε μία Δωροεπιταγή - Σ. ΜΕΛΙΣΣΟΥΡΓΟΣ & ΣΙΑ Ο.Ε.,https://melissourgos.com.gr/index.php?route,Αγοράστε μία Δωροεπιταγή - Σ. ΜΕΛΙΣΣΟΥΡΓΟΣ & ΣΙΑ Ο.Ε.,85,3,Αγοράστε μία Δωροεπιταγή. Αυτή η δωροεπιταγή θα αποσταλεί μέ e-mail στον παραλήπτη αφού ολοκληρωθεί ή πληρωμή σας. Όνομα παραλήπτη. E-mail παραλήπτη.,data\discovery\focused-harvest-v7\clean-v7\review.csv | data\discovery\focused-harvest-v7-run1-backup\clean-v7\review.csv | data\discovery\mega-harvest-v6\clean-v6\review.csv | data\discovery\review-universe-v1\still-review.csv | data\discovery\review-universe-v4-1\manual-review.csv
REVIEW,plausible_giftcard_but_needs_human_check,memrise.com,How to say the gift card in Greek,https://www.memrise.com/en-us/learn-greek/greek-course/phrasebook/65723643396354/how-to-say-the-gift-card-in-greek,How to say the gift card in Greek,100,1,η δωροκάρτα. Hear how a local says it. Arrow image. Hear how a local says it. Arrow ... Giving Gifts. Lesson. 22 words/phrases. Search for #content you enjoy.,data\discovery\mega-harvest-v6\clean-v6\review.csv | data\discovery\review-universe-v1\still-review.csv
REVIEW,plausible_giftcard_but_needs_human_check,mformama.gr,Mformama,https://mformama.gr,Gift Card,,1,"Wave2Bucket=HIGH_SAFE | Wave2Score=70 | Wave2Reasons=GIFT_TITLE | GREEK_DOMAIN | MULTI_QUERY | MULTI_HIT | Queries=site:.gr εμπειρίες ""gift card"" | site:.gr books ""gift card"" | site:.gr βιβλία ""gift card"" | site:.gr φαρμακείο ""gift card"" | Imported to DISCOVERED only; requires verification before production.",DB:DISCOVERED:cmt9y14v20008pwiyad3ijyvr
REVIEW,plausible_giftcard_but_needs_human_check,milanos-shoes.gr,Αγοράστε μία Δωροεπιταγή - Milanos Shoes,https://milanos-shoes.gr/index.php?route,Αγοράστε μία Δωροεπιταγή - Milanos Shoes,85,1,Αυτή η δωροεπιταγή θα αποσταλεί μέ e-mail στον παραλήπτη αφού ολοκληρωθεί ή πληρωμή σας. ... Milanos Shoes στο Περιστέρι. 45+ χρόνια εμπειρίας στον χώρο ...,data\discovery\focused-harvest-v7\clean-v7\review.csv | data\discovery\focused-harvest-v7-run1-backup\clean-v7\review.csv
REVIEW,plausible_giftcard_but_needs_human_check,milliesavage.com,GIFT VOUCHER,https://www.milliesavage.com/en-eu/collections/gift-voucher?srsltid=AfmBOooOAH2l-Xm52KYgByW2ghwK-bUmaMdkHdJs0RzXEWMQPYHkjrJr,GIFT VOUCHER,65,1,Physical ... lighting or an unsteady hand can affect how accurately you measure. ... Greece / €. Greenland / kr ...,data\discovery\mega-harvest-v6\clean-v6\review.csv | data\discovery\review-universe-v1\still-review.csv | data\discovery\review-universe-v5-1\manual-review.csv
REVIEW,plausible_giftcard_but_needs_human_check,millinghotels.dk,Gift card Milling Hotels | Experience Denmark,https://millinghotels.dk/gift-card/?lang=en,Gift card Milling Hotels | Experience Denmark,100,4,"Order a gift card for Milling Hotels. The gift card applies to all our hotels throughout Denmark and is the perfect gift for a friend, girlfriend or family!",data\discovery\mass-harvest-v5\clean-v5.2\global-review.csv | data\discovery\mass-harvest-v5\clean-v5.3\global-review.csv | data\discovery\mass-harvest-v5\clean-v5.4\review.csv | data\discovery\mass-harvest-v5\clean-v5.5\review.csv | data\discovery\review-universe-v2\manual-review.csv
REVIEW,plausible_giftcard_but_needs_human_check,minas-designs.com,House of Minas Gift Card - Minas Jewellery Athens,https://minas-designs.com/product/house-of-minas/,House of Minas Gift Card - Minas Jewellery Athens,80,1,The House of Minas gift card. Give the choice of any piece from the collection ... Accessories · Bracelets · Chokers & Colliers · Cufflinks · Earrings · Men's ...,data\discovery\mega-harvest-v6\clean-v6\review.csv | data\discovery\review-universe-v1\still-review.csv | data\discovery\review-universe-v4\still-review.csv
REVIEW,plausible_giftcard_but_needs_human_check,minimokidsboutique.gr,Αγοράστε μία Δωροεπιταγή,https://minimokidsboutique.gr/index.php?route,Αγοράστε μία Δωροεπιταγή,85,2,Αυτή η δωροεπιταγή θα αποσταλεί μέ e-mail στον παραλήπτη αφού ολοκληρωθεί ή πληρωμή σας. ... © 2025 Βρεφική - Παιδική μόδα Minimo Kids Boutique | Κατασκευή eshop ...,data\discovery\focused-harvest-v7\clean-v7\review.csv | data\discovery\focused-harvest-v7-run1-backup\clean-v7\review.csv | data\discovery\review-universe-v1\still-review.csv | data\discovery\review-universe-v4-1\manual-review.csv
REVIEW,plausible_giftcard_but_needs_human_check,minnak.de,Gift Vouchers,https://www.minnak.de/en/collections/geschenkgutschein?srsltid=AfmBOoq7kVluyj-yctaKuzb4kKpECvAwD7NORJ6a7M1y2BBWSIoquvBG,Gift Vouchers,80,6,Bring joy to someone with a gift voucher from Minnak Fine Jewelry. Perfect as a gift for any occasion - available immediately.,data\discovery\mass-harvest-v5\clean-v5.1\review.csv | data\discovery\mass-harvest-v5\clean-v5.2\manual-review.csv | data\discovery\mass-harvest-v5\clean-v5.3\global-review.csv | data\discovery\mass-harvest-v5\clean-v5.4\review.csv | data\discovery\mass-harvest-v5\clean-v5.5\review.csv | data\discovery\mega-harvest-v6\clean-v6\review.csv | data\discovery\review-universe-v1\still-review.csv | data\discovery\review-universe-v5\manual-review.csv
REVIEW,plausible_giftcard_but_needs_human_check,minorhotels.com,Online Voucher,https://www.minorhotels.com/en/egiftcard,Online Voucher | eGift Card Redemption,100,4,"Austria, Graz, NH Graz City, Salzburg, NH Collection Salzburg City, Vienna ... If an important anniversary is approaching, a gift card can be the ideal way to ...",data\discovery\mass-harvest-v5\clean-v5.2\global-review.csv | data\discovery\mass-harvest-v5\clean-v5.3\global-review.csv | data\discovery\mass-harvest-v5\clean-v5.4\review.csv | data\discovery\mass-harvest-v5\clean-v5.5\review.csv | data\discovery\review-universe-v1\still-review.csv | data\discovery\review-universe-v5\global-greece-review.csv
REVIEW,plausible_giftcard_but_needs_human_check,miosalon.com,Spa Online Gift Card Management | Salon Gift Voucher ...,https://www.miosalon.com/features/gift-vouchers,Spa Online Gift Card Management | Salon Gift Voucher ...,100,5,Gift voucher management. Generate new gift vouchers and efficiently ... Hair Salon Software. Miosalon gives you Peace of Mind and your clients Good ...,data\discovery\mass-harvest-v5\clean-v5.2\global-review.csv | data\discovery\mass-harvest-v5\clean-v5.3\global-review.csv | data\discovery\mass-harvest-v5\clean-v5.4\review.csv | data\discovery\mass-harvest-v5\clean-v5.5\review.csv | data\discovery\mega-harvest-v6\clean-v6\review.csv | data\discovery\review-universe-v1\still-review.csv | data\discovery\review-universe-v5\manual-review.csv
REVIEW,plausible_giftcard_but_needs_human_check,mizensir.com,The Perfect Niche Perfume Gift Card | Mizensir Luxury,https://www.mizensir.com/en-kw/products/la-carte-cadeau-mizensir?srsltid=AfmBOopGrTuGbpdSxtut2z-7Z0MaIxvBpYa6SEKJOEde_rv8iPhLi0jr,The Perfect Niche Perfume Gift Card | Mizensir Luxury,80,1,"GIFT CARD | MIZENSIR. No reviews. Sale price100.00 ... Artisanal perfume house, founded in 1999 in Geneva by Master Perfumer Alberto Morillas. ... Greece (EUR €)",data\discovery\mass-harvest-v5\clean-v5.1\review.csv | data\discovery\mass-harvest-v5\clean-v5.2\manual-review.csv | data\discovery\mass-harvest-v5\clean-v5.3\global-review.csv | data\discovery\mass-harvest-v5\clean-v5.4\review.csv | data\discovery\mass-harvest-v5\clean-v5.5\review.csv | data\discovery\mega-harvest-v6\clean-v6\review.csv
REVIEW,plausible_giftcard_but_needs_human_check,moanasunglasses.gr,"Δωροκάρτα | Woman, Man Accessories, eshop for sunglasses",https://moanasunglasses.gr/product/%CE%B4%CF%89%CF%81%CE%BF%CE%BA%CE%AC%CF%81%CF%84%CE%B1/,"Δωροκάρτα | Woman, Man Accessories, eshop for sunglasses",85,1,"Moana Sunglasses | Woman, Man Accessories, eshop for sunglasses. ΓΥΝΑΙΚΑ ... Δωροκάρτα. 30.00 € 120.00 €. Οι Δωροεπιταγές (Gift Cards) ισχύουν μόνο για ...",data\discovery\mega-harvest-v6\clean-v6\review.csv | data\discovery\review-universe-v1\still-review.csv | data\discovery\review-universe-v4-1\manual-review.csv
REVIEW,plausible_giftcard_but_needs_human_check,monumenthobbies.eu,Hobby Gift Card,https://monumenthobbies.eu/products/hobby-gift-card?srsltid=AfmBOoqJUTLQTRP2_huzk4KwQ5siZegYqTdJ53us38p461UR4i7waA7_,Hobby Gift Card,100,5,Our Hobby Gift Card lets you spread the Monument Truth to all your friends! Just load it up and send it off. The perfect gift for that Hobby Nerd in your life!,data\discovery\mass-harvest-v5\clean-v5.2\global-review.csv | data\discovery\mass-harvest-v5\clean-v5.3\global-review.csv | data\discovery\mass-harvest-v5\clean-v5.4\review.csv | data\discovery\mass-harvest-v5\clean-v5.5\review.csv | data\discovery\mega-harvest-v6\clean-v6\review.csv | data\discovery\review-universe-v1\still-review.csv | data\discovery\review-universe-v5\manual-review.csv
REVIEW,plausible_giftcard_but_needs_human_check,monzouzou.com,Gift Card Archives,https://www.monzouzou.com/product-category/wps_wgm_giftcard/,Gift Card Archives,100,1,"ACCESSORIES · FOOTWEAR · GIFT CARD · SHOWROOM APPOINTMENT. Hamburger Toggle Menu ... Dimitriou 26, Thessaloniki 546 32 MONDAY – FRIDAY 9.00 – 16.00. BY ...",data\discovery\mega-harvest-v6\clean-v6\review.csv | data\discovery\review-universe-v1\still-review.csv | data\discovery\review-universe-v5-1\manual-review.csv
REVIEW,plausible_giftcard_but_needs_human_check,moonbikesrl.it,Moon Bike Gift Card | Motorcycle & Apparel Gift Voucher,https://www.moonbikesrl.it/en-as/products/gift-card?srsltid=AfmBOopNyjySLcGFUJVWHI9bGl3RixQiwMdQxCINmHTcUKqB_UBIKHVb,Moon Bike Gift Card | Motorcycle & Apparel Gift Voucher,100,5,"Give the perfect gift! Moon Bike Gift Card valid on motorcycle apparel, helmets and accessories. Available in various denominations.",data\discovery\mass-harvest-v5\clean-v5.2\global-review.csv | data\discovery\mass-harvest-v5\clean-v5.3\global-review.csv | data\discovery\mass-harvest-v5\clean-v5.4\review.csv | data\discovery\mass-harvest-v5\clean-v5.5\review.csv | data\discovery\mega-harvest-v6\clean-v6\review.csv | data\discovery\review-universe-v1\still-review.csv | data\discovery\review-universe-v5\manual-review.csv
REVIEW,plausible_giftcard_but_needs_human_check,mooneys.cardfoundry.com,Mooney's Sports Bar & Grill,https://mooneys.cardfoundry.com/,Mooney's Sports Bar & Grill - Gift Cards | Main Menu,85,1,... Athens/Williamsville/Corning · Order Status · Check Balance · Accessibility Version. Gift Cards. Welcome to our online gift card shop! ... computers hard drive by ...,data\discovery\mega-harvest-v6\clean-v6\review.csv | data\discovery\review-universe-v1\still-review.csv | data\discovery\review-universe-v5-1\manual-review.csv
REVIEW,plausible_giftcard_but_needs_human_check,mordorintelligence.com,Italy Gift Card & Incentive Card Market Forecasts 2031,https://www.mordorintelligence.com/industry-reports/italy-gift-card-and-incentive-card-market,Italy Gift Card & Incentive Card Market Forecasts 2031,100,4,The Italy Gift Card And Incentive Card Market worth USD 7.22 billion in 2026 is growing at a CAGR of 7.76% to reach USD 10.49 billion by ...,data\discovery\mass-harvest-v5\clean-v5.2\global-review.csv | data\discovery\mass-harvest-v5\clean-v5.3\global-review.csv | data\discovery\mass-harvest-v5\clean-v5.4\review.csv | data\discovery\mass-harvest-v5\clean-v5.5\review.csv | data\discovery\review-universe-v1\still-review.csv | data\discovery\review-universe-v5\manual-review.csv
REVIEW,plausible_giftcard_but_needs_human_check,morehome.gr,25,https://www.morehome.gr/index.php?route,Δωροεπιταγή 25,80,1,MORE HOME. 0 · 0 τεμάχιο (-α) - 0.00€ 0 · Δωροεπιταγή 25€. Δωροεπιταγή 25 ... Δωροεπιταγή 50€ .. 50.00€. Προσθήκη στο καλάθι. Πρoσθήκη στη ...,data\discovery\focused-harvest-v7-run1-backup\clean-v7\review.csv | data\discovery\review-universe-v1\still-review.csv | data\discovery\review-universe-v4-1\manual-review.csv
REVIEW,plausible_giftcard_but_needs_human_check,morelifeadventures.com,Com,https://morelifeadventures.com/experience-gift-vouchers,Gift Vouchers,100,2,Crete Fitness Retreat. About. Team · Our Story · Sustainability · Work with us ... The recipient can enter the code at checkout to subtract the gift voucher value ...,data\discovery\focused-harvest-v7\clean-v7\review.csv | data\discovery\focused-harvest-v7-run1-backup\clean-v7\review.csv | data\discovery\review-universe-v1\still-review.csv | data\discovery\review-universe-v5-1\manual-review.csv
REVIEW,plausible_giftcard_but_needs_human_check,morenaturalwine.com,Natural Wine Gift Card,https://morenaturalwine.com/products/natural-wine-gift-card?srsltid=AfmBOoq56ADF-AgSGaVZlEQ69VvLEWbFg-vefvwHiR4nXNsJXNAFfmU5,Natural Wine Gift Card,100,1,NATURAL WINE GIFT CARD. MORE Natural Wine. Denominations: 15€.,data\discovery\mega-harvest-v6\clean-v6\review.csv | data\discovery\review-universe-v1\still-review.csv | data\discovery\review-universe-v5\manual-review.csv
REVIEW,plausible_giftcard_but_needs_human_check,morfi-hydraulics.gr,Morfi Hydraulics,https://morfi-hydraulics.gr,HOT ! Blown Away Hair Salon Blown Away Salon Gift Card,,1,"Wave2Bucket=HIGH_SAFE | Wave2Score=70 | Wave2Reasons=GIFT_TITLE | GREEK_DOMAIN | MULTI_QUERY | MULTI_HIT | Queries=site:.gr barber ""gift card"" | site:.gr bar ""gift card"" | Imported to DISCOVERED only; requires verification before production.",DB:DISCOVERED:cmt9y1am0001tpwiy53gdr9jk
REVIEW,plausible_giftcard_but_needs_human_check,mosaicshop.fr,Gift voucher 10 euro - mosaicshop,https://mosaicshop.fr/en/products/kadobon-10-euro-597,Gift voucher 10 euro - mosaicshop,85,5,"Buy Gift voucher 10 euro online for €10.00 at MosaicShop! Your expert for mosaic tiles, tools and supplies.",data\discovery\mass-harvest-v5\clean-v5.1\review.csv | data\discovery\mass-harvest-v5\clean-v5.2\manual-review.csv | data\discovery\mass-harvest-v5\clean-v5.3\global-review.csv | data\discovery\mass-harvest-v5\clean-v5.4\review.csv | data\discovery\mass-harvest-v5\clean-v5.5\review.csv | data\discovery\review-universe-v2\manual-review.csv
REVIEW,plausible_giftcard_but_needs_human_check,motogadget.com,Motorcycle gift voucher for bikers,https://www.motogadget.com/en/products/gift-voucher-1,Motorcycle gift voucher for bikers,100,5,"The perfect gift voucher for motorcyclists: Available from €50 to €500, for high-quality motorcycle accessories. ▻Give the gift of joy now.",data\discovery\mass-harvest-v5\clean-v5.2\global-review.csv | data\discovery\mass-harvest-v5\clean-v5.3\global-review.csv | data\discovery\mass-harvest-v5\clean-v5.4\review.csv | data\discovery\mass-harvest-v5\clean-v5.5\review.csv | data\discovery\mega-harvest-v6\clean-v6\review.csv | data\discovery\review-universe-v1\still-review.csv | data\discovery\review-universe-v5\manual-review.csv
REVIEW,plausible_giftcard_but_needs_human_check,mtcgame.com,Buy Google Play Gift Card Poland Store,https://www.mtcgame.com/google-play/gift-card-poland?srsltid=AfmBOorqcdLrE2DXkyXs44I7Ud1DEvdGAVjRjkDGjh0Q44F25WW2hlKb,Buy Google Play Gift Card Poland Store,100,1,The Google Play Gift Card Poland Store Gift Card code will be sent to your email address after purchase. Quantity. Total Price. Poland.,data\discovery\mass-harvest-v5\clean-v5.2\global-review.csv | data\discovery\mass-harvest-v5\clean-v5.3\global-review.csv | data\discovery\mass-harvest-v5\clean-v5.5\review.csv
REVIEW,plausible_giftcard_but_needs_human_check,mumsnet.com,Gift vouchers for Australian stores,https://www.mumsnet.com/talk/_chat/5463165-gift-vouchers-for-australian-stores,Gift vouchers for Australian stores,100,5,When we visited earlier in the year we went to Myers department store and a number of the Museums - both do gift vouchers. ... Best gift voucher ...,data\discovery\mass-harvest-v5\clean-v5.2\global-review.csv | data\discovery\mass-harvest-v5\clean-v5.3\global-review.csv | data\discovery\mass-harvest-v5\clean-v5.4\review.csv | data\discovery\mass-harvest-v5\clean-v5.5\review.csv | data\discovery\mega-harvest-v6\clean-v6\review.csv | data\discovery\review-universe-v1\still-review.csv | data\discovery\review-universe-v5\manual-review.csv
REVIEW,plausible_giftcard_but_needs_human_check,muni-baby.nl,Muni Baby Gift Voucher,https://muni-baby.nl/en/products/muni-baby-cadeaubonnen?srsltid=AfmBOoqVopG8-9OortnN7vOcWCSdeD-4XBOrYlB2TS50h1z1Pgd90AI6,Muni Baby Gift Voucher,80,6,"With the Muni Baby gift voucher you not only give a gift, but the reassurance that parents can choose the best products for their little one. How does it work?",data\discovery\mass-harvest-v5\clean-v5.1\review.csv | data\discovery\mass-harvest-v5\clean-v5.2\manual-review.csv | data\discovery\mass-harvest-v5\clean-v5.3\global-review.csv | data\discovery\mass-harvest-v5\clean-v5.4\review.csv | data\discovery\mass-harvest-v5\clean-v5.5\review.csv | data\discovery\mega-harvest-v6\clean-v6\review.csv | data\discovery\review-universe-v2\manual-review.csv
REVIEW,plausible_giftcard_but_needs_human_check,muziker.com,Muziker Gift Voucher (Digital Product),https://www.muziker.com/muziker-gifts-gift-card?srsltid=AfmBOoooVkxundETyP6EeeHmniCQ1u1j4e90iLwLv0YXcE8iWZzTPnvt,Muziker Gift Voucher (Digital Product),100,5,Muziker Gift Voucher (Digital Product) United Kingdom. Confirm country Confirm. Gift ideas · FAQ · Muziker Blog · Logo muziker. Music · LP & CD · Merch · Art.,data\discovery\mass-harvest-v5\clean-v5.2\global-review.csv | data\discovery\mass-harvest-v5\clean-v5.3\global-review.csv | data\discovery\mass-harvest-v5\clean-v5.4\review.csv | data\discovery\mass-harvest-v5\clean-v5.5\review.csv | data\discovery\mega-harvest-v6\clean-v6\review.csv | data\discovery\review-universe-v2\manual-review.csv
REVIEW,plausible_giftcard_but_needs_human_check,my-bagfactory.com,Digital gift voucher MyBagFactory,https://www.my-bagfactory.com/en/products/geschenkgutschein-mybagfactory,Digital gift voucher MyBagFactory,80,5,Digital gift voucher MyBagFactory. Bewerten Sie als ... Everything you need to know about our travel bags – from carry-on luggage to care instructions.,data\discovery\mass-harvest-v5\clean-v5.1\review.csv | data\discovery\mass-harvest-v5\clean-v5.2\manual-review.csv | data\discovery\mass-harvest-v5\clean-v5.3\global-review.csv | data\discovery\mass-harvest-v5\clean-v5.4\review.csv | data\discovery\mass-harvest-v5\clean-v5.5\review.csv | data\discovery\review-universe-v2\manual-review.csv
REVIEW,plausible_giftcard_but_needs_human_check,my-myth.com,Com,https://my-myth.com/product-category/gifts/giftcard/,Gift Card,70,3,"... jewelry logo. Contact us. info@my-myth.com. Mobile: 6972214807. Phone:2310459671. Address: Ippokratous 17-19, 55134 Thessaloniki. GCR: 133610006000. Information.",data\discovery\focused-harvest-v7\clean-v7\review.csv | data\discovery\focused-harvest-v7-run1-backup\clean-v7\review.csv | data\discovery\mega-harvest-v6\clean-v6\review.csv | data\discovery\review-universe-v1\still-review.csv | data\discovery\review-universe-v5\manual-review.csv
REVIEW,plausible_giftcard_but_needs_human_check,mycover-protection.com,Motorcycle gift voucher for real bikers - MYCOVER® Protection,https://www.mycover-protection.com/en/produkt/gift-voucher/,Motorcycle gift voucher for real bikers - MYCOVER® Protection,100,1,"Motorcycle gift voucher: MYCOVER® Online store gift voucher ... Greece, 9,90 € / free shipping from 99€ order value. Ireland, 9,90 € / free ...",data\discovery\mass-harvest-v5\clean-v5.3\greece-market-review.csv | data\discovery\mass-harvest-v5\clean-v5.4\review.csv | data\discovery\mass-harvest-v5\clean-v5.5\review.csv | data\discovery\mega-harvest-v6\clean-v6\review.csv
REVIEW,plausible_giftcard_but_needs_human_check,mycruises.com.au,Gift Cards,https://mycruises.com.au/gift-cards/,Gift Cards,100,1,"... Greece ... When your special someone is ready to book, all they need to do is contact our Cruise Experts and quote their gift voucher identification number.",data\discovery\mega-harvest-v6\clean-v6\review.csv | data\discovery\review-universe-v1\still-review.csv | data\discovery\review-universe-v5-1\manual-review.csv
REVIEW,plausible_giftcard_but_needs_human_check,mycurls.gr,Gift Cards,https://mycurls.gr/products/mycurls-gr-gift-cart?srsltid=AfmBOoqJuGtZSoUi6rWaobkZq31Ztca1NJjonY56lbYj_0ePbWp82ag1,Gift Cards,85,6,Gift Cards ... Ο φόρος συμπεριλαμβάνεται. Τα έξοδα αποστολής υπολογίζονται κατά την ολοκλήρωση της αγοράς. Denominations. €10.00 €25.00,data\discovery\mass-harvest-v5\clean-v5.1\review.csv | data\discovery\mass-harvest-v5\clean-v5.2\manual-review.csv | data\discovery\mass-harvest-v5\clean-v5.3\global-review.csv | data\discovery\mass-harvest-v5\clean-v5.4\review.csv | data\discovery\mass-harvest-v5\clean-v5.5\review.csv | data\discovery\mega-harvest-v6\clean-v6\review.csv | data\discovery\review-universe-v1\still-review.csv | data\discovery\review-universe-v4-1\manual-review.csv
REVIEW,plausible_giftcard_but_needs_human_check,mydowntowngiftcards.ca,17th Ave Gift Card | Downtown Gift Cards Canada,https://mydowntowngiftcards.ca/product/17th-ave-gift-card/,17th Ave Gift Card | Downtown Gift Cards Canada,75,1,Where to spend. All (77) Shopping (26) Health + Beauty (8) Food + Drink (43) ... Paros Real Greek. Peppino 17th Ave. Paros Real Greek. 4.6 (623). $$ . 1436 8 ...,data\discovery\focused-harvest-v7-run1-backup\clean-v7\review.csv | data\discovery\review-universe-v1\still-review.csv | data\discovery\review-universe-v5-1\manual-review.csv
REVIEW,plausible_giftcard_but_needs_human_check,myfashionfruit.com,MYFASHIONFRUIT,https://myfashionfruit.com/products/myfashionfruit-gift-card?srsltid=AfmBOoosQZAnYmzb9h_MUI0XHwnEGWaX-BH1fzw8jWL_FRCZo6IAQOtP,Gift Card | MYFASHIONFRUIT,100,7,"Plain maroon gift card — MYFASHIONFRUIT. Μεγάλη εικόνα. Gift ... Athens, Greece. Useful Infos. Πολιτική Επιστροφών · FAQ · Τρόποι Αποστολής · Τρόποι ...",data\discovery\focused-harvest-v7\clean-v7\review.csv | data\discovery\focused-harvest-v7-run1-backup\clean-v7\review.csv | data\discovery\mass-harvest-v5\clean-v5.2\global-review.csv | data\discovery\mass-harvest-v5\clean-v5.3\global-review.csv | data\discovery\mass-harvest-v5\clean-v5.4\review.csv | data\discovery\mass-harvest-v5\clean-v5.5\review.csv | data\discovery\mega-harvest-v6\clean-v6\review.csv | data\discovery\review-universe-v3\manual-review.csv
REVIEW,plausible_giftcard_but_needs_human_check,mygiftcardsupply.com,Buy IKEA Gift Cards Online | Multiple Country Options,https://www.mygiftcardsupply.com/ikea-gift-card/?srsltid=AfmBOorgxHFUv-Efnb8AbpOPbwsCGqPEKHr4420kun9eiowQnvCpuh6C,Buy IKEA Gift Cards Online | Multiple Country Options,100,1,"Shop for furniture, decor, storage, and home essentials with the IKEA gift card version that matches your country, plus fast digital delivery and secure ...",data\discovery\mass-harvest-v5\clean-v5.2\global-review.csv | data\discovery\mass-harvest-v5\clean-v5.5\review.csv
REVIEW,plausible_giftcard_but_needs_human_check,mygreekkitchen.com.au,Gift Vouchers - Greek Cooking Classes,https://mygreekkitchen.com.au/gift-vouchers-greek-cooking,Gift Vouchers - Greek Cooking Classes,100,1,"My Greek Kitchen gift voucher is a great present for someone special celebrating a birthday, anniversary, Christmas gift, or a wonderful way of saying thank ...",data\discovery\mega-harvest-v6\clean-v6\review.csv | data\discovery\review-universe-v1\still-review.csv
REVIEW,plausible_giftcard_but_needs_human_check,myikona.gr,", Δωροκάρτες & Gift Card",https://www.myikona.gr/proionta/deal-doroepitages-myikona/,"Δωροεπιταγές, Δωροκάρτες & Gift Card",80,8,"Δωροκάρτες & δωροεπιταγές για κάθε περίσταση. Χαρίστε επιλογή με gift cards, κουπόνια δώρου & εκπτωτικές κάρτες από το myikona.gr. Άμεση αποστολή!",data\discovery\focused-harvest-v7\clean-v7\review.csv | data\discovery\focused-harvest-v7-run1-backup\clean-v7\review.csv | data\discovery\mass-harvest-v5\clean-v5.1\review.csv | data\discovery\mass-harvest-v5\clean-v5.2\manual-review.csv | data\discovery\mass-harvest-v5\clean-v5.3\global-review.csv | data\discovery\mass-harvest-v5\clean-v5.4\review.csv | data\discovery\mass-harvest-v5\clean-v5.5\review.csv | data\discovery\mega-harvest-v6\clean-v6\review.csv | data\discovery\review-universe-v1\still-review.csv | data\discovery\review-universe-v4-1\manual-review.csv
REVIEW,plausible_giftcard_but_needs_human_check,mykonos-grill.com,Mykonos Grill,https://mykonos-grill.com/gift-cards/,Gift Cards - Mykonos Grill,100,1,"Give us a call, come to our location, or send us an e-mail to purchase a gift card for your loved one today ... Kids Menu · Wine Menu · Gallery · Private Dining.",data\discovery\focused-harvest-v7-run1-backup\clean-v7\review.csv
REVIEW,plausible_giftcard_but_needs_human_check,mykonosonthebay.com,GIFT VOUCHER | MykonosOnTheBay,https://www.mykonosonthebay.com/gift-voucher,GIFT VOUCHER | MykonosOnTheBay,100,3,"Gift Voucher. Treat someone you care to a Good Meal! Discount is applicable ... (Includes Mykonos On The Bay, SolePomodoro Trattoria Pizzeria, Cugini Trattoria ...",data\discovery\mass-harvest-v5\clean-v5.3\greece-market-review.csv | data\discovery\mass-harvest-v5\clean-v5.4\review.csv | data\discovery\mass-harvest-v5\clean-v5.5\review.csv | data\discovery\review-universe-v3\manual-review.csv
REVIEW,plausible_giftcard_but_needs_human_check,mylefkada.gr,Η Δωροεπιταγή του Τηλυκράτη,https://www.mylefkada.gr/eidhseis/74627-74627/,Η Δωροεπιταγή του Τηλυκράτη,80,2,Η Δωροεπιταγή του Τηλυκράτη. My Lefkada Team by My Lefkada Team ... Σε συνεργασία με το Oikos Decor center. Related posts ...,data\discovery\focused-harvest-v7\clean-v7\review.csv | data\discovery\focused-harvest-v7-run1-backup\clean-v7\review.csv | data\discovery\review-universe-v1\still-review.csv | data\discovery\review-universe-v4-1\manual-review.csv
REVIEW,plausible_giftcard_but_needs_human_check,myrto-naturalcosmetics.de,Gift voucher for natural cosmetics,https://www.myrto-naturalcosmetics.de/en/collections/gift-vouchers?srsltid=AfmBOoqcqG4ZdY9AWJT_oFJHacfCo-gTmsHP3GKGDhuPLXzp-2ugUYWE,Gift voucher for natural cosmetics,100,4,Give the gift of high-quality natural cosmetics ... Give the gift of natural beauty – with a myrto gift voucher ... Greece Flag Greece. Hungary Flag Hungary.,data\discovery\mass-harvest-v5\clean-v5.3\greece-market-review.csv | data\discovery\mass-harvest-v5\clean-v5.4\review.csv | data\discovery\mass-harvest-v5\clean-v5.5\review.csv | data\discovery\mega-harvest-v6\clean-v6\review.csv | data\discovery\review-universe-v1\still-review.csv | data\discovery\review-universe-v5-1\manual-review.csv
REVIEW,plausible_giftcard_but_needs_human_check,mysatellite.gr,Αγοράστε μία Δωροεπιταγή,https://www.mysatellite.gr/index.php?route,Αγοράστε μία Δωροεπιταγή,85,2,Satellite Advertising Gifts. Menu. 0. Όλα. Όλα; Αρχική; Κατάλογοι Online. 0 προϊόν ... Αγοράστε μία Δωροεπιταγή. Αυτή η δωροεπιταγή θα αποσταλεί μέ e-mail στον ...,data\discovery\focused-harvest-v7\clean-v7\review.csv | data\discovery\focused-harvest-v7-run1-backup\clean-v7\review.csv | data\discovery\review-universe-v1\still-review.csv | data\discovery\review-universe-v4-1\manual-review.csv
REVIEW,plausible_giftcard_but_needs_human_check,myskstore.at,Gift Vouchers,https://myskstore.at/en/collections/geschenkgutscheine-1?srsltid=AfmBOop_CJEE5NsmJulpVe0pyfyu-McBJdK_8YDxgB0dlIFiIJg8F5f5,Gift Vouchers,85,1,"MYSK gift voucher, you give the gift of free choice from high-quality ; skincare, ; haircare, ; makeup, ; bodycare, and selected personal care products.",data\discovery\mega-harvest-v6\clean-v6\review.csv | data\discovery\review-universe-v1\still-review.csv | data\discovery\review-universe-v4\still-review.csv
REVIEW,plausible_giftcard_but_needs_human_check,mytheresa.com,Gift Card & Store Credit,https://www.mytheresa.com/euro/en/customer-care/gift-card,Gift Card & Store Credit,100,4,Surprise your loved ones with the Mytheresa's gift card - per e-mail or in an exclusive gift box! Find ... Europe|English. Your current delivery country is Spain ...,data\discovery\mass-harvest-v5\clean-v5.2\global-review.csv | data\discovery\mass-harvest-v5\clean-v5.3\global-review.csv | data\discovery\mass-harvest-v5\clean-v5.4\review.csv | data\discovery\mass-harvest-v5\clean-v5.5\review.csv | data\discovery\review-universe-v1\still-review.csv | data\discovery\review-universe-v5\manual-review.csv
REVIEW,plausible_giftcard_but_needs_human_check,mzwallace.com,Designer & Fashion Gift Cards,https://www.mzwallace.com/en-be/collections/gift-cards?srsltid=AfmBOoqQbjY0oKwrQpCiyczy_xaKcHKT0eRmOnodTEfcGfH-ucbhmbHI,Designer & Fashion Gift Cards,100,4,"... official site of MZ Wallace, with free US shipping to MZ Rewards members. MZ Wallace believes in design that does more, crafting designer fashion ... Gift Card. € ...",data\discovery\mass-harvest-v5\clean-v5.2\global-review.csv | data\discovery\mass-harvest-v5\clean-v5.3\global-review.csv | data\discovery\mass-harvest-v5\clean-v5.4\review.csv | data\discovery\mass-harvest-v5\clean-v5.5\review.csv | data\discovery\review-universe-v1\still-review.csv | data\discovery\review-universe-v5\manual-review.csv
REVIEW,plausible_giftcard_but_needs_human_check,naild.de,Gift voucher for Press on Nails (10-50€) ❤️ NAILD,https://www.naild.de/en/products/press-on-nails-geschenkgutschein?srsltid=AfmBOooUMVbKE4_vsMABrdf28mpOOXk_hq2HjnnPSep1oWbYP3hEiSky,Gift voucher for Press on Nails (10-50€) ❤️ NAILD,85,1,Digital gift voucher for Press on Nails & all other products in our online shops ✨ 10 - 50 € ✊ quick & easy ✔️ Give away now!,data\discovery\mega-harvest-v6\clean-v6\review.csv | data\discovery\review-universe-v2\manual-review.csv
REVIEW,plausible_giftcard_but_needs_human_check,naildd.gr,Δωροκάρτα,https://www.naildd.gr/cat/%CE%B4%CF%89%CF%81%CE%BF%CE%BA%CE%AC%CF%81%CF%84%CE%B1/,Δωροκάρτα,85,5,Κάντε ένα αξέχαστο Δώρο στους αγαπημένους σας ή στον εαυτό σας! Αγοράστε την Δωροκάρτα από την ιστοσελίδα μας ή παραλάβετε την από το κατάστημα και δωρίστε την ...,data\discovery\mass-harvest-v5\clean-v5.1\review.csv | data\discovery\mass-harvest-v5\clean-v5.2\manual-review.csv | data\discovery\mass-harvest-v5\clean-v5.3\global-review.csv | data\discovery\mass-harvest-v5\clean-v5.4\review.csv | data\discovery\mass-harvest-v5\clean-v5.5\review.csv | data\discovery\review-universe-v1\still-review.csv | data\discovery\review-universe-v4-1\manual-review.csv
REVIEW,plausible_giftcard_but_needs_human_check,naio-nails.com,Online Gift Voucher,https://naio-nails.com/products/online-gift-voucher?srsltid=AfmBOooxVfQOeX8k5WvmJCp3-00OhQiLam5zTwesiYDdue7GLR9S04_U,Online Gift Voucher,100,1,"Online Gift Voucher Naio Nails. Sold outPre order ... Greece, Hong Kong SAR, Hungary, Iceland, Ireland, Israel, Italy, Japan, Latvia ...",data\discovery\mega-harvest-v6\clean-v6\review.csv | data\discovery\review-universe-v1\still-review.csv | data\discovery\review-universe-v5-1\manual-review.csv
REVIEW,plausible_giftcard_but_needs_human_check,nakas.com.cy,Gift Cards,https://www.nakas.com.cy/en/proionta/gift-cards/?srsltid=AfmBOorW_CTO24yLoxMXyWYfPRPS-2jT12aI1M0TiU44_QKzEexpv_T7,Gift Cards,100,6,Nakas Music Gift Card is a prepaid card which can be purchased and redeemed only in the online store www.nakas.com.cy of NAKAS MUSIC CYPRUS LTD.,data\discovery\mass-harvest-v5\clean-v5.1\review.csv | data\discovery\mass-harvest-v5\clean-v5.2\global-review.csv | data\discovery\mass-harvest-v5\clean-v5.3\global-review.csv | data\discovery\mass-harvest-v5\clean-v5.4\review.csv | data\discovery\mass-harvest-v5\clean-v5.5\review.csv | data\discovery\mega-harvest-v6\clean-v6\review.csv | data\discovery\review-universe-v1\still-review.csv | data\discovery\review-universe-v5\manual-review.csv
REVIEW,plausible_giftcard_but_needs_human_check,nakas.com.gr,Αγοράστε μία Δωροεπιταγή,https://nakas.com.gr/index.php?route,Αγοράστε μία Δωροεπιταγή,85,3,O Λογαριασμός μου · Αγορά Δωροεπιταγής. Αγοράστε μία Δωροεπιταγή. Αυτή η δωροεπιταγή θα αποσταλεί μέ e-mail στον παραλήπτη αφού ολοκληρωθεί ή πληρωμή σας.,data\discovery\focused-harvest-v7\clean-v7\review.csv | data\discovery\focused-harvest-v7-run1-backup\clean-v7\review.csv | data\discovery\mega-harvest-v6\clean-v6\review.csv | data\discovery\review-universe-v1\still-review.csv | data\discovery\review-universe-v4-1\manual-review.csv
REVIEW,plausible_giftcard_but_needs_human_check,namuos.lt,"Home decor gift vouchers for wedding, house warming ...",https://namuos.lt/collections/gift-voucher?srsltid=AfmBOopVGPT6EjRtWt_yEt5a6_EbcaqgUJIkpTFu4-IdYBkXfv316kzu,"Home decor gift vouchers for wedding, house warming ...",100,5,GIFT VOUCHER. Buy a gift voucher for your friends or family so they can shop the perfect home decor item for their home!,data\discovery\mass-harvest-v5\clean-v5.2\global-review.csv | data\discovery\mass-harvest-v5\clean-v5.3\global-review.csv | data\discovery\mass-harvest-v5\clean-v5.4\review.csv | data\discovery\mass-harvest-v5\clean-v5.5\review.csv | data\discovery\mega-harvest-v6\clean-v6\review.csv | data\discovery\review-universe-v1\still-review.csv | data\discovery\review-universe-v5\manual-review.csv
REVIEW,plausible_giftcard_but_needs_human_check,naomischogler.com,YOGA GIFT CARD,https://naomischogler.com/products/yoga-gift-card,YOGA GIFT CARD,100,5,"A Yoga gift card is a lovely thoughtful gift that someone can buy for ... Each gift voucher has a date of expiry, at least one year from the date of ...",data\discovery\mass-harvest-v5\clean-v5.2\global-review.csv | data\discovery\mass-harvest-v5\clean-v5.3\global-review.csv | data\discovery\mass-harvest-v5\clean-v5.4\review.csv | data\discovery\mass-harvest-v5\clean-v5.5\review.csv | data\discovery\mega-harvest-v6\clean-v6\review.csv | data\discovery\review-universe-v1\still-review.csv | data\discovery\review-universe-v5\manual-review.csv
REVIEW,plausible_giftcard_but_needs_human_check,nautiluxhotel.com,Com,https://www.nautiluxhotel.com/offers/gift-cards/,Gift cards,100,2,Gift unforgettable memories for someone special! Please contact us via reservations@nautiluxhotel.com to book your gift card ... Nautilux Rethymno Hotel · The ...,data\discovery\focused-harvest-v7\clean-v7\review.csv | data\discovery\focused-harvest-v7-run1-backup\clean-v7\review.csv | data\discovery\review-universe-v1\still-review.csv | data\discovery\review-universe-v5\manual-review.csv
REVIEW,plausible_giftcard_but_needs_human_check,needlesports.com,The Needle Sports Gift Voucher,https://www.needlesports.com/Information/Gift-Vouchers/The-Needle-Sports-Gift-Voucher-NSP,The Needle Sports Gift Voucher,100,4,Can't decide what to get for the Outdoor Enthusiast in your life? A Needle Sports Gift Voucher takes the stress of deciding what to buy away!,data\discovery\mass-harvest-v5\clean-v5.2\global-review.csv | data\discovery\mass-harvest-v5\clean-v5.3\global-review.csv | data\discovery\mass-harvest-v5\clean-v5.4\review.csv | data\discovery\mass-harvest-v5\clean-v5.5\review.csv | data\discovery\review-universe-v2\manual-review.csv
REVIEW,plausible_giftcard_but_needs_human_check,nethall.gr,Διαγωνισμός BP με δωροεπιταγές αξίας 500€ για Pet Shop,http://www.nethall.gr/diagonismos-bp-pet-shop-163867/,Διαγωνισμός BP με δωροεπιταγές αξίας 500€ για Pet Shop,85,2,H BP διοργανώνει διαγωνισμό και δίνει τη δυνατότητα σε 5 τυχερούς να κερδίσουν από μία δωροεπιταγή αξίας 100€ από γνωστή αλυσίδα Pet Shop!,data\discovery\focused-harvest-v7\clean-v7\review.csv | data\discovery\focused-harvest-v7-run1-backup\clean-v7\review.csv | data\discovery\review-universe-v1\still-review.csv
REVIEW,plausible_giftcard_but_needs_human_check,neweuropetours.eu,Jewellery Gift Voucher,https://www.neweuropetours.eu/jewlerry/jewellery-gift-voucher,Jewellery Gift Voucher,100,2,Athens. Discover the city & find a tour · Auckland ... Jewellery Gift Voucher. Yoann Rousset · Homepage jewelry. Share this page : Why ...,data\discovery\focused-harvest-v7\clean-v7\review.csv | data\discovery\mega-harvest-v6\clean-v6\review.csv | data\discovery\review-universe-v1\still-review.csv | data\discovery\review-universe-v5-1\manual-review.csv
REVIEW,plausible_giftcard_but_needs_human_check,newmovements.com,"Get a gift card - New Movements, Oslo - Norway",https://newmovements.com/products/gift-card?srsltid=AfmBOoqJtnMEPoYjwU2vAwYVQhLCmxdMnFE8LcNSs4LQdxvFmsiYdubZ,"Get a gift card - New Movements, Oslo - Norway",100,4,"... Store at Steen & Strøm, Oslo, Norway ... Log in to check out faster. Continue shopping. Gift Card. NOK 500.",data\discovery\mass-harvest-v5\clean-v5.2\global-review.csv | data\discovery\mass-harvest-v5\clean-v5.3\global-review.csv | data\discovery\mass-harvest-v5\clean-v5.4\review.csv | data\discovery\mass-harvest-v5\clean-v5.5\review.csv | data\discovery\review-universe-v2\manual-review.csv
REVIEW,plausible_giftcard_but_needs_human_check,next.co.uk,Classic Gift Cards | Next Official Site,https://www.next.co.uk/gift-cards,Classic Gift Cards | Next Official Site,100,4,"... uk · COACH · Mulberry · New In · Trainers ... With so much choice at their fingertips, give them the perfect present for every occasion with a gift card from Next ...",data\discovery\mass-harvest-v5\clean-v5.2\global-review.csv | data\discovery\mass-harvest-v5\clean-v5.3\global-review.csv | data\discovery\mass-harvest-v5\clean-v5.4\review.csv | data\discovery\mass-harvest-v5\clean-v5.5\review.csv | data\discovery\review-universe-v1\still-review.csv | data\discovery\review-universe-v5\global-greece-review.csv
REVIEW,plausible_giftcard_but_needs_human_check,nh-hotels.com,Minor Hotels Europe & Americas,https://www.nh-hotels.com/en/giftcards,Minor Hotels Europe & Americas - Gift Cards,100,4,"An Minor Hotels Europe & Americas gift card can be used to pay for accommodation charges and any other services available at participating hotels. So, whether ...",data\discovery\mass-harvest-v5\clean-v5.2\global-review.csv | data\discovery\mass-harvest-v5\clean-v5.3\global-review.csv | data\discovery\mass-harvest-v5\clean-v5.4\review.csv | data\discovery\mass-harvest-v5\clean-v5.5\review.csv | data\discovery\review-universe-v1\still-review.csv | data\discovery\review-universe-v5\global-greece-review.csv
REVIEW,plausible_giftcard_but_needs_human_check,nhbs.com,£50 Gift Voucher,https://www.nhbs.com/50-pound-gift-voucher?srsltid=AfmBOoq6MJJ9X4RpH8sgxxIDkkPTY3j8-sXUHZT6jp9wny1pPbCZDpj1,£50 Gift Voucher,100,1,... Optics · Binoculars · Thermal Imaging · Spotting & Field Scopes · Night Vision ... Gift Voucher In stock. £50.00. #171457 | Stock: 10+. Price: £50.00. Add to ...,data\discovery\mega-harvest-v6\clean-v6\review.csv | data\discovery\review-universe-v1\still-review.csv | data\discovery\review-universe-v5\manual-review.csv
REVIEW,plausible_giftcard_but_needs_human_check,nike.com,Οι δωροκάρτες Nike. Nike GR,https://www.nike.com/gr/dorokartes,Οι δωροκάρτες Nike. Nike GR,80,6,"Συνήθως, οι φυσικές δωροκάρτες παραδίδονται μέσα σε τρεις έως πέντε εργάσιμες ημέρες. Κατά τις περιόδους αυξημένου φόρτου μπορεί να χρειαστεί λίγο περισσότερος ...",data\discovery\mass-harvest-v5\clean-v5.1\review.csv | data\discovery\mass-harvest-v5\clean-v5.2\manual-review.csv | data\discovery\mass-harvest-v5\clean-v5.3\global-review.csv | data\discovery\mass-harvest-v5\clean-v5.4\review.csv | data\discovery\mass-harvest-v5\clean-v5.5\review.csv | data\discovery\mega-harvest-v6\clean-v6\review.csv | data\discovery\review-universe-v2\manual-review.csv
REVIEW,plausible_giftcard_but_needs_human_check,nnormal.com,Nnormal,https://www.nnormal.com/en_GR/men/bags-accessories/linea.plvg/nnormal-e_gift_card-PN007-001,E-Gift Card,100,4,E-Gift Card. 1 / 2. E-Gift Card. Colours: E-Gift Card - PN007-001 ... Greece / English. facebook · instagram · youtube · linkedin.,data\discovery\mass-harvest-v5\clean-v5.3\greece-market-review.csv | data\discovery\mass-harvest-v5\clean-v5.4\review.csv | data\discovery\mass-harvest-v5\clean-v5.5\review.csv | data\discovery\mega-harvest-v6\clean-v6\review.csv | data\discovery\review-universe-v3\manual-review.csv
REVIEW,plausible_giftcard_but_needs_human_check,nobberpharmacy.voucherconnect.com,Nobber Pharmacy Gift Card - Nobber pharmacy Vouchers | Voucher ...,https://nobberpharmacy.voucherconnect.com/product/7900,Nobber Pharmacy Gift Card - Nobber pharmacy Vouchers | Voucher ...,85,6,"Buy a Nobber Pharmacy Gift Voucher and use it against any purchase in store. Voucher Value. Select Value, €25.00, €50.00, €75.00, €100.00 ...",data\discovery\mass-harvest-v5\clean-v5.1\review.csv | data\discovery\mass-harvest-v5\clean-v5.2\manual-review.csv | data\discovery\mass-harvest-v5\clean-v5.3\global-review.csv | data\discovery\mass-harvest-v5\clean-v5.4\review.csv | data\discovery\mass-harvest-v5\clean-v5.5\review.csv | data\discovery\mega-harvest-v6\clean-v6\review.csv | data\discovery\review-universe-v1\still-review.csv | data\discovery\review-universe-v5\manual-review.csv
REVIEW,plausible_giftcard_but_needs_human_check,noemahome.gr,Αγοράστε μία Δωροεπιταγή,https://noemahome.gr/index.php?route,Αγοράστε μία Δωροεπιταγή,85,2,home · O Λογαριασμός μου · Αγορά Δωροεπιταγής. Αγοράστε μία Δωροεπιταγή. Αυτή η δωροεπιταγή θα αποσταλεί μέ e-mail στον παραλήπτη αφού ολοκληρωθεί ή πληρωμή σας ...,data\discovery\focused-harvest-v7\clean-v7\review.csv | data\discovery\focused-harvest-v7-run1-backup\clean-v7\review.csv | data\discovery\review-universe-v1\still-review.csv | data\discovery\review-universe-v4-1\manual-review.csv
REVIEW,plausible_giftcard_but_needs_human_check,nomos-glashuette.com,NOMOS gift voucher – NOMOS Glashütte | GR Store,https://nomos-glashuette.com/en-gr/give-aways/nomos-gift-voucher-scheck75?srsltid=AfmBOorOyA17OLNvsLkYee-on-xKMSGZo_5kpckGd2h8ca5wZVHpQ_Wb,NOMOS gift voucher – NOMOS Glashütte | GR Store,100,4,Shipping to: Greece / EUR Language: English · Search · Shop · Find retailer · Sign in / Register Basket Search · Home · All watches · NOMOS gift voucher.,data\discovery\mass-harvest-v5\clean-v5.3\greece-market-review.csv | data\discovery\mass-harvest-v5\clean-v5.4\review.csv | data\discovery\mass-harvest-v5\clean-v5.5\review.csv | data\discovery\mega-harvest-v6\clean-v6\review.csv | data\discovery\review-universe-v1\still-review.csv | data\discovery\review-universe-v5-1\manual-review.csv
REVIEW,plausible_giftcard_but_needs_human_check,noones.com,Buy ATTICA Greece Gift Cards,https://noones.com/pcm/buy-gift-cards/attica-greece,Buy ATTICA Greece Gift Cards,100,4,Buy ATTICA Greece gift cards with reach 20% discount for NoOnes Gift card ... attica is the country's largest department store which is located in five locations ...,data\discovery\mass-harvest-v5\clean-v5.3\greece-market-review.csv | data\discovery\mass-harvest-v5\clean-v5.4\review.csv | data\discovery\mass-harvest-v5\clean-v5.5\review.csv | data\discovery\mega-harvest-v6\clean-v6\review.csv | data\discovery\review-universe-v1\still-review.csv
REVIEW,plausible_giftcard_but_needs_human_check,nooz-optics.com,Offer Nooz glasses with our gift cards!,https://www.nooz-optics.com/en-int/products/digital/gift-card?srsltid=AfmBOorJlECNea-5qizis1wf-2pPycjWeJ6-YkCZgRMdNGCZIHyHiKYS,Offer Nooz glasses with our gift cards!,100,5,"How does it work? 1. You choose the amount of the gift card (20€, 50€, or 100€). 2. We send you an e-mail containing the gift card right away.",data\discovery\mass-harvest-v5\clean-v5.2\global-review.csv | data\discovery\mass-harvest-v5\clean-v5.3\global-review.csv | data\discovery\mass-harvest-v5\clean-v5.4\review.csv | data\discovery\mass-harvest-v5\clean-v5.5\review.csv | data\discovery\mega-harvest-v6\clean-v6\review.csv | data\discovery\review-universe-v1\still-review.csv | data\discovery\review-universe-v5\manual-review.csv
REVIEW,plausible_giftcard_but_needs_human_check,nordiclighthotel.com,Gift Card,https://nordiclighthotel.com/gift-card/,Gift Card,100,4,Treat someone that you care about to a Nordic Light Hotel gift card. Give your friends and family the ... Sweden - © 2026 Nordic Light Hotel. Chat. 1.,data\discovery\mass-harvest-v5\clean-v5.2\global-review.csv | data\discovery\mass-harvest-v5\clean-v5.3\global-review.csv | data\discovery\mass-harvest-v5\clean-v5.4\review.csv | data\discovery\mass-harvest-v5\clean-v5.5\review.csv | data\discovery\review-universe-v1\still-review.csv | data\discovery\review-universe-v5\manual-review.csv
REVIEW,plausible_giftcard_but_needs_human_check,nordicvisitor.com,Travel gift voucher : Perfect gift,https://www.nordicvisitor.com/gift/,Travel gift voucher : Perfect gift,85,5,Buy a gift voucher from travel agency Nordic Visitor. Give a travel ... Sweden; Scotland; Germany; Italy; See details. Licences. Contact us Get in touch ...,data\discovery\mass-harvest-v5\clean-v5.1\review.csv | data\discovery\mass-harvest-v5\clean-v5.2\manual-review.csv | data\discovery\mass-harvest-v5\clean-v5.3\global-review.csv | data\discovery\mass-harvest-v5\clean-v5.4\review.csv | data\discovery\mass-harvest-v5\clean-v5.5\review.csv | data\discovery\review-universe-v1\still-review.csv | data\discovery\review-universe-v5\manual-review.csv
REVIEW,plausible_giftcard_but_needs_human_check,nostoscenter.com,Chiropractic consulation gift card,https://nostoscenter.com/en/product/chiropractic-consultation-giftcard/,Chiropractic consulation gift card,100,2,Discover the perfect gift with our chiropractic consultation gift card. Experience professional musculoskeletal assessment and personalized care.,data\discovery\focused-harvest-v7\clean-v7\review.csv | data\discovery\focused-harvest-v7-run1-backup\clean-v7\review.csv | data\discovery\review-universe-v1\still-review.csv | data\discovery\review-universe-v5\manual-review.csv
REVIEW,plausible_giftcard_but_needs_human_check,noukouconceptstore.gr,Δωροκάρτα,https://noukouconceptstore.gr/products/%CE%B4%CF%89%CF%81%CE%BF%CE%BA%CE%AC%CF%81%CF%84%CE%B1?srsltid=AfmBOoo85WXMLzLbUic2H3ThThOdcnTAlEEzri6F9bDCi1AYzdkU50V1,Δωροκάρτα,85,1,"Δωροκάρτα. Brand: Noukou Concept Store. Κανονική τιμή 25,00 €. Τιμή προσφοράς ... Δωροκάρτα.",data\discovery\mega-harvest-v6\clean-v6\review.csv | data\discovery\review-universe-v1\still-review.csv | data\discovery\review-universe-v4-1\manual-review.csv
REVIEW,plausible_giftcard_but_needs_human_check,nova-travel.gr,Αγοράστε μία Δωροεπιταγή,https://nova-travel.gr/index.php?route,Αγοράστε μία Δωροεπιταγή,85,2,Nova Travel - Travel Agency Greece. All. All; Αρχείο Εκδρομών; Οργανωμένα ... Αυτή η δωροεπιταγή θα αποσταλεί μέ e-mail στον παραλήπτη αφού ολοκληρωθεί ή πληρωμή ...,data\discovery\focused-harvest-v7\clean-v7\review.csv | data\discovery\focused-harvest-v7-run1-backup\clean-v7\review.csv | data\discovery\review-universe-v1\still-review.csv | data\discovery\review-universe-v4-1\manual-review.csv
REVIEW,plausible_giftcard_but_needs_human_check,ntng.gr,Δωροκάρτα Art Pass,https://www.ntng.gr/en/discover/virtual-museum-single?name,Δωροκάρτα Art Pass,80,6,... Δωροκάρτα Art Pass - Media: PE0000P0054v01.jpg. Thumbnail Photo. Δωροκάρτα ... Airline Sponsor. Metadosis Telecom. DEI ...,data\discovery\mass-harvest-v5\clean-v5.1\review.csv | data\discovery\mass-harvest-v5\clean-v5.2\manual-review.csv | data\discovery\mass-harvest-v5\clean-v5.3\global-review.csv | data\discovery\mass-harvest-v5\clean-v5.4\review.csv | data\discovery\mass-harvest-v5\clean-v5.5\review.csv | data\discovery\mega-harvest-v6\clean-v6\review.csv | data\discovery\review-universe-v1\still-review.csv | data\discovery\review-universe-v4-1\manual-review.csv
REVIEW,plausible_giftcard_but_needs_human_check,nu-denmark.com,NÜ Gift card - The perfect gift - Nu Denmark,https://nu-denmark.com/products/gift-card,NÜ Gift card - The perfect gift - Nu Denmark,100,4,Treat that special someone with a gift card for fashion and accessories.,data\discovery\mass-harvest-v5\clean-v5.2\global-review.csv | data\discovery\mass-harvest-v5\clean-v5.3\global-review.csv | data\discovery\mass-harvest-v5\clean-v5.4\review.csv | data\discovery\mass-harvest-v5\clean-v5.5\review.csv | data\discovery\review-universe-v2\manual-review.csv
REVIEW,plausible_giftcard_but_needs_human_check,nualawoulfe.ie,"Buy Spa Vouchers Ireland, Beauty Salon Gift Voucher Online",https://www.nualawoulfe.ie/products/gift-voucher?srsltid=AfmBOor2nH-QAI938JX3MMI0NxjfB7TCDsP5HMRYuBRyRek5-WmEo4VD,"Buy Spa Vouchers Ireland, Beauty Salon Gift Voucher Online",100,4,"Have a Question? Get in touch today, via the chat or call us. local_shipping. Free Delivery over €100. Ireland only, Fast 1-3 days ... This is a digital gift card ...",data\discovery\mass-harvest-v5\clean-v5.2\global-review.csv | data\discovery\mass-harvest-v5\clean-v5.3\global-review.csv | data\discovery\mass-harvest-v5\clean-v5.4\review.csv | data\discovery\mass-harvest-v5\clean-v5.5\review.csv | data\discovery\review-universe-v1\still-review.csv | data\discovery\review-universe-v5\manual-review.csv
REVIEW,plausible_giftcard_but_needs_human_check,number-a.com,#A Gift Card – number A,https://number-a.com/products/number-a-gift-card,#A Gift Card – number A,100,4,"number A eyewear cycling glasses & goggles MTB gift voucher. Zoom Expand ... Greece (AUD $), Greenland (AUD $), Grenada (AUD $), Guadeloupe (AUD ...",data\discovery\mass-harvest-v5\clean-v5.3\greece-market-review.csv | data\discovery\mass-harvest-v5\clean-v5.4\review.csv | data\discovery\mass-harvest-v5\clean-v5.5\review.csv | data\discovery\mega-harvest-v6\clean-v6\review.csv | data\discovery\review-universe-v3\manual-review.csv
REVIEW,plausible_giftcard_but_needs_human_check,nurblife.com,Rent Race Car Nürburgring,https://nurblife.com/gift-voucher/,Rent Race Car Nürburgring,55,1,Every car lover will be amazed by a Nürblife Gift Voucher · Track car rental for self-drive experience; · Equipment such as Garmin Catalyst and Action Cam – ...,data\discovery\mega-harvest-v6\clean-v6\review.csv | data\discovery\review-universe-v1\still-review.csv | data\discovery\review-universe-v4\still-review.csv
REVIEW,plausible_giftcard_but_needs_human_check,nytgbshop.myshopify.com,NYT Gift Card – The National Youth Theatre Shop,https://nytgbshop.myshopify.com/products/nyt-gift-card,NYT Gift Card – The National Youth Theatre Shop,100,4,"Greece EUR €; Guernsey GBP ... © 2026, The National Youth Theatre Shop Powered by Shopify ... NYT Gift Card.",data\discovery\mass-harvest-v5\clean-v5.3\greece-market-review.csv | data\discovery\mass-harvest-v5\clean-v5.4\review.csv | data\discovery\mass-harvest-v5\clean-v5.5\review.csv | data\discovery\mega-harvest-v6\clean-v6\review.csv | data\discovery\review-universe-v1\still-review.csv | data\discovery\review-universe-v5-1\manual-review.csv
REVIEW,plausible_giftcard_but_needs_human_check,oblikeditions.company.site,Oblik Editions Gift card,https://oblikeditions.company.site/%CE%94%CF%89%CF%81%CE%BF%CE%BA%CE%AC%CF%81%CF%84%CE%B1-Gift-card-p264376435,Oblik Editions Gift card,100,4,Δωροκάρτα/Gift card. Κατάστημα/Θεσσαλονίκη/Thessaloniki. €20.00. Επιλέξτε ποσό. €20.00. €30.00. €50.00. €100.00. Σε στοκ. Ποσότητα:.,data\discovery\mass-harvest-v5\clean-v5.3\greece-market-review.csv | data\discovery\mass-harvest-v5\clean-v5.4\review.csv | data\discovery\mass-harvest-v5\clean-v5.5\review.csv | data\discovery\mega-harvest-v6\clean-v6\review.csv | data\discovery\review-universe-v1\still-review.csv | data\discovery\review-universe-v5-1\manual-review.csv
REVIEW,plausible_giftcard_but_needs_human_check,oceansouth.com,Gift Card | Oceansouth Marine,https://oceansouth.com/en-eu/collections/gift-card?srsltid=AfmBOoow1x4GYv10SRpviEVWmIte38EVHN6pjJN6dP4lcebZGooIxP5F,Gift Card | Oceansouth Marine,100,4,"Shop Oceansouth gift card — marine-grade quality engineered to last on the water. Fast shipping to AU, NZ, Europe & the US.",data\discovery\mass-harvest-v5\clean-v5.2\global-review.csv | data\discovery\mass-harvest-v5\clean-v5.3\global-review.csv | data\discovery\mass-harvest-v5\clean-v5.4\review.csv | data\discovery\mass-harvest-v5\clean-v5.5\review.csv | data\discovery\review-universe-v2\manual-review.csv
REVIEW,plausible_giftcard_but_needs_human_check,odeon.co.uk,buy odeon gift cards online,https://www.odeon.co.uk/gift-cards/,buy odeon gift cards online,100,5,"Give the gift of cinema with an ODEON gift card to pay for tickets, snacks and drinks. Buy gift cards online.",data\discovery\mass-harvest-v5\clean-v5.2\global-review.csv | data\discovery\mass-harvest-v5\clean-v5.3\global-review.csv | data\discovery\mass-harvest-v5\clean-v5.4\review.csv | data\discovery\mass-harvest-v5\clean-v5.5\review.csv | data\discovery\mega-harvest-v6\clean-v6\review.csv | data\discovery\review-universe-v1\still-review.csv | data\discovery\review-universe-v5\manual-review.csv
REVIEW,plausible_giftcard_but_needs_human_check,oebb.at,Gift Voucher Cards,https://www.oebb.at/en/fragen-und-antworten/gutscheine/geschenkgutscheinkarten,Gift Voucher Cards,80,5,"Tickets in Austria & Europa Submenu from ""Tickets in Austria & Europa"". ÖBB ... I have not redeemed the ÖBB gift voucher card, but the ÖBB gift voucher card is no ...",data\discovery\mass-harvest-v5\clean-v5.1\review.csv | data\discovery\mass-harvest-v5\clean-v5.2\manual-review.csv | data\discovery\mass-harvest-v5\clean-v5.3\global-review.csv | data\discovery\mass-harvest-v5\clean-v5.4\review.csv | data\discovery\mass-harvest-v5\clean-v5.5\review.csv | data\discovery\review-universe-v1\still-review.csv | data\discovery\review-universe-v5\manual-review.csv
REVIEW,plausible_giftcard_but_needs_human_check,oefele.de,Gift voucher for self-printing,https://www.oefele.de/en/products/geschenkgutschein-waidmanns-heil-1?srsltid,Gift voucher for self-printing,80,5,"Gift voucher for self-printing. Gift voucher for self-printing. Regular price 10,00€. Sale price 10,00€ Regular price UVP. Unit price. /per. Tax included ...",data\discovery\mass-harvest-v5\clean-v5.1\review.csv | data\discovery\mass-harvest-v5\clean-v5.2\manual-review.csv | data\discovery\mass-harvest-v5\clean-v5.3\global-review.csv | data\discovery\mass-harvest-v5\clean-v5.4\review.csv | data\discovery\mass-harvest-v5\clean-v5.5\review.csv | data\discovery\review-universe-v1\still-review.csv
REVIEW,plausible_giftcard_but_needs_human_check,off-road-romania.com,Off-Road Adventure Gift Vouchers | Romania 4x4 Experience,https://www.off-road-romania.com/voucher.html,Off-Road Adventure Gift Vouchers | Romania 4x4 Experience,85,5,Official Off-Road Romania gift certificate for Super Cars tours. Gift voucher · ORR. Super Cars. Premium supercar driving routes on Romania's iconic roads.,data\discovery\mass-harvest-v5\clean-v5.1\review.csv | data\discovery\mass-harvest-v5\clean-v5.2\manual-review.csv | data\discovery\mass-harvest-v5\clean-v5.3\global-review.csv | data\discovery\mass-harvest-v5\clean-v5.4\review.csv | data\discovery\mass-harvest-v5\clean-v5.5\review.csv | data\discovery\review-universe-v1\still-review.csv | data\discovery\review-universe-v5\manual-review.csv
REVIEW,plausible_giftcard_but_needs_human_check,ogloba.com,Ogloba provide FAnn parfumérie with complete gift card solution,https://www.ogloba.com/?p=16641,Ogloba provide FAnn parfumérie with complete gift card solution,80,1,"The partnership means that FAnn parfumérie will be able to offer their customers with a digital, and mobile gift card (mGC) purchasing and redemption platform, ...",data\discovery\mass-harvest-v5\clean-v5.1\review.csv | data\discovery\mass-harvest-v5\clean-v5.2\manual-review.csv | data\discovery\mass-harvest-v5\clean-v5.3\global-review.csv | data\discovery\mass-harvest-v5\clean-v5.4\review.csv | data\discovery\mass-harvest-v5\clean-v5.5\review.csv
REVIEW,plausible_giftcard_but_needs_human_check,ohsosouvenir.com,Gift Voucher,https://www.ohsosouvenir.com/product/gift-voucher/,Gift Voucher,100,5,Fashion Accessories · Ready to Wear · Self Care · Throws · Tote Bags & Pouches · Deco ... Gift Voucher. €20.00 – €100.00 Price range: €20.00 through €100.00. Gift ...,data\discovery\mass-harvest-v5\clean-v5.2\global-review.csv | data\discovery\mass-harvest-v5\clean-v5.3\global-review.csv | data\discovery\mass-harvest-v5\clean-v5.4\review.csv | data\discovery\mass-harvest-v5\clean-v5.5\review.csv | data\discovery\mega-harvest-v6\clean-v6\review.csv | data\discovery\review-universe-v1\still-review.csv | data\discovery\review-universe-v5\manual-review.csv
REVIEW,plausible_giftcard_but_needs_human_check,oikosepipla.gr,Oikosepipla,https://oikosepipla.gr,Αγοράστε μία Δωροεπιταγή,,1,"Wave2Bucket=HIGH_SAFE | Wave2Score=70 | Wave2Reasons=GIFT_TITLE | PURCHASE_SIGNAL | GREEK_DOMAIN | MULTI_HIT | Queries=site:.gr ""δωροεπιταγή"" αγορά | Imported to DISCOVERED only; requires verification before production.",DB:DISCOVERED:cmt9y1dlt002mpwiyylmncqhf
REVIEW,plausible_giftcard_but_needs_human_check,olasmarine.com,Exposure Marine E,https://olasmarine.com/products/exposure-marine-e-gift-card,Exposure Marine E-Gift card,100,3,Greece · EUR € Guernsey · USD $ Guyana · USD ... Exposure Marine E-Gift card. SKU: Inventory on the way. Regular price £10.00 ...,data\discovery\mass-harvest-v5\clean-v5.3\greece-market-review.csv | data\discovery\mass-harvest-v5\clean-v5.4\review.csv | data\discovery\mass-harvest-v5\clean-v5.5\review.csv | data\discovery\review-universe-v1\still-review.csv | data\discovery\review-universe-v5-1\manual-review.csv
REVIEW,plausible_giftcard_but_needs_human_check,olivaloe.com,Δωροκάρτα - Olivaloe - Natural cosmetics,https://www.olivaloe.com/en/product/gift-card/,Δωροκάρτα - Olivaloe - Natural cosmetics,100,1,"Δωροκάρτα. Gift card. Choose an option, 10€, 20€, 50€, 100€, 150€, 200€. 10€. 20€. 50 ... Lost password? Head Office. VIO.PA. Chania, Souda. Crete, 73200, Greece.",data\discovery\mega-harvest-v6\clean-v6\review.csv | data\discovery\review-universe-v3\manual-review.csv
REVIEW,plausible_giftcard_but_needs_human_check,olonconceptstore.com,Δωροκάρτα 20,https://olonconceptstore.com/product/gift_card20/,Δωροκάρτα 20,100,1,"GREEK HERBS · SUPERFOODS · BLEND POWDERS FOR ... Σχετικά προϊόντα. Δωροκάρτα 100€. 100,00 €. ΚΑΛΑΘΙ · Δωροκάρτα 50€ ... OLON Concept Store. About. ΣΧΕΤΙΚΑ ΜΕ ΕΜΑΣ ...",data\discovery\mega-harvest-v6\clean-v6\review.csv | data\discovery\review-universe-v1\still-review.csv | data\discovery\review-universe-v5-1\manual-review.csv
REVIEW,plausible_giftcard_but_needs_human_check,olympiacoffee.com,Cafe Gift Card (Plastic),https://www.olympiacoffee.com/products/gift-card?srsltid=AfmBOorknILSos1jcx22Qa6THXKKE_U4DNYUu9G36IJVbqaRgTZtZDte,Cafe Gift Card (Plastic),100,5,"Gift Card $10 / Plastic Cafe Gift Card - $10.00 USD, Gift Card $25 / Plastic Cafe Gift Card - $25.00 USD, Gift Card $50 / Plastic Cafe Gift Card - $50.00 USD ...",data\discovery\mass-harvest-v5\clean-v5.2\global-review.csv | data\discovery\mass-harvest-v5\clean-v5.3\global-review.csv | data\discovery\mass-harvest-v5\clean-v5.4\review.csv | data\discovery\mass-harvest-v5\clean-v5.5\review.csv | data\discovery\mega-harvest-v6\clean-v6\review.csv | data\discovery\review-universe-v1\still-review.csv | data\discovery\review-universe-v5\manual-review.csv
REVIEW,plausible_giftcard_but_needs_human_check,olympicsupermarket.com.cy,Δωροκάρτα - Olympic Supermarket,https://olympicsupermarket.com.cy/%CE%B4%CF%89%CF%81%CE%BF%CE%BA%CE%AC%CF%81%CF%84%CE%B1/,Δωροκάρτα - Olympic Supermarket,80,1,Δωροκάρτα · Καριέρα · Επικοινωνία · Ελληνικά · Αγγλικά. Δωροκάρτα. Αρχική · Δωροκάρτα. Olympic Supermarket - Images for WEB 01 e1712827455270. Olympic ...,data\discovery\mega-harvest-v6\clean-v6\review.csv | data\discovery\review-universe-v1\still-review.csv | data\discovery\review-universe-v5\manual-review.csv
REVIEW,plausible_giftcard_but_needs_human_check,olympusport.gr,Αγοράστε μία Δωροεπιταγή,https://olympusport.gr/index.php?route,Αγοράστε μία Δωροεπιταγή,85,2,FITNESS ΡΟΥΧΑ · ΠΑΠΟΥΤΣΙΑ · ΠΑΠΟΥΤΣΙΑ ΠΡΟΠΟΝΗΣΗΣ · ΠΥΓΜΑΧΙΚΑ ΜΠΟΤΑΚΙΑ · ΠΑΠΟΥΤΣΙΑ ... Αυτή η δωροεπιταγή θα αποσταλεί μέ e-mail στον παραλήπτη αφού ολοκληρωθεί ή ...,data\discovery\focused-harvest-v7\clean-v7\review.csv | data\discovery\focused-harvest-v7-run1-backup\clean-v7\review.csv | data\discovery\review-universe-v1\still-review.csv | data\discovery\review-universe-v4-1\manual-review.csv
REVIEW,plausible_giftcard_but_needs_human_check,omentattoo.de,Tattoo Gift Voucher Berlin,https://omentattoo.de/en/gutschein/,Tattoo Gift Voucher Berlin,80,1,"A premium gift voucher for tattoos & piercings at OMEN Tattoo — freely selectable, stylishly designed, and paired with personal consultation. Perfect ...",data\discovery\mega-harvest-v6\clean-v6\review.csv | data\discovery\review-universe-v1\still-review.csv | data\discovery\review-universe-v4\still-review.csv
REVIEW,plausible_giftcard_but_needs_human_check,on.com,Gift Cards | On Cyprus - On Running,https://www.on.com/en-cy/products/digital-gift-card-907644gc?srsltid=AfmBOopMSRmbPftcdSFxJUECM2vbnaOFmp97M36ymLC4MM3PkrPBPK4-,Gift Cards | On Cyprus - On Running,100,5,... Gift Card recipient. Digital Gift Card vouchers don't expire ... Flag of: Cyprus Cyprus. Select your shipping location and language. Shipping ...,data\discovery\mass-harvest-v5\clean-v5.2\global-review.csv | data\discovery\mass-harvest-v5\clean-v5.3\global-review.csv | data\discovery\mass-harvest-v5\clean-v5.4\review.csv | data\discovery\mass-harvest-v5\clean-v5.5\review.csv | data\discovery\mega-harvest-v6\clean-v6\review.csv | data\discovery\review-universe-v1\still-review.csv | data\discovery\review-universe-v5\manual-review.csv
REVIEW,plausible_giftcard_but_needs_human_check,onbuy.com,Δωροκάρτα Stijggn Pocket Heart για αγαπημένα πρόσωπα από ...,https://www.onbuy.com/gr/p/stijggn-pocket-heart-u~p249985529/,Δωροκάρτα Stijggn Pocket Heart για αγαπημένα πρόσωπα από ...,85,1,"Δωροκάρτα Stijggn Pocket Heart για αγαπημένα πρόσωπα από απόσταση ... 17,14 € Έκπτωση 50%! ... Οι τιμές για τα είδη που πωλούνται από την OnBuy περιλαμβάνουν ΦΠΑ.",data\discovery\mega-harvest-v6\clean-v6\review.csv | data\discovery\review-universe-v1\still-review.csv | data\discovery\review-universe-v4\still-review.csv
REVIEW,plausible_giftcard_but_needs_human_check,one4all.com,Beach Breaks by Inspire - Accepts One4all Gift Cards,https://www.one4all.com/beach-breaks-by-inspire.html,Beach Breaks by Inspire - Accepts One4all Gift Cards,80,6,This website is operated by The Gift Voucher ... *Excluding the Restaurant Favourites and Foodie Favourites Gift Cards which are managed by GVS Prepaid Limited.,data\discovery\focused-harvest-v7\clean-v7\review.csv | data\discovery\focused-harvest-v7-run1-backup\clean-v7\review.csv | data\discovery\mass-harvest-v5\clean-v5.2\global-review.csv | data\discovery\mass-harvest-v5\clean-v5.3\global-review.csv | data\discovery\mass-harvest-v5\clean-v5.4\review.csv | data\discovery\mass-harvest-v5\clean-v5.5\review.csv | data\discovery\review-universe-v2\manual-review.csv
REVIEW,plausible_giftcard_but_needs_human_check,one4all.ie,One4all Multi-store Gift Cards | Spend with 1000s of Brands ...,https://www.one4all.ie/,One4all Multi-store Gift Cards | Spend with 1000s of Brands ...,85,5,The One4all and One4all Favourites Gift Card is issued by GVS Prepaid (Europe) Limited. GVS Prepaid (Europe) Limited is a company incorporated in Ireland under ...,data\discovery\mass-harvest-v5\clean-v5.1\review.csv | data\discovery\mass-harvest-v5\clean-v5.2\manual-review.csv | data\discovery\mass-harvest-v5\clean-v5.3\global-review.csv | data\discovery\mass-harvest-v5\clean-v5.4\review.csv | data\discovery\mass-harvest-v5\clean-v5.5\review.csv | data\discovery\review-universe-v2\manual-review.csv
REVIEW,plausible_giftcard_but_needs_human_check,one4allgiftcards.ch,One4all Multi-Store Gift Cards,https://www.one4allgiftcards.ch/ch_en/,One4all Multi-Store Gift Cards,100,4,"Looking for the perfect gift for friends, family or colleagues? Give them a One4all Gift Card! Accepted in over 1500 stores including H&M, Zalando, ...",data\discovery\mass-harvest-v5\clean-v5.2\global-review.csv | data\discovery\mass-harvest-v5\clean-v5.3\global-review.csv | data\discovery\mass-harvest-v5\clean-v5.4\review.csv | data\discovery\mass-harvest-v5\clean-v5.5\review.csv | data\discovery\review-universe-v1\still-review.csv | data\discovery\review-universe-v5\manual-review.csv
REVIEW,plausible_giftcard_but_needs_human_check,onglespro.com,PRO NAILS Gift Card,https://www.onglespro.com/en/products/carte-cadeau-ongles-pro,PRO NAILS Gift Card,80,1,"Greece (EUR €) Greenland (DKK kr.) Grenada (XCD ... PRO NAILS Gift Card. No reviews. Sale price€50,00 Regular price (/). Amounts ...",data\discovery\mega-harvest-v6\clean-v6\review.csv | data\discovery\review-universe-v1\still-review.csv | data\discovery\review-universe-v4\still-review.csv
REVIEW,plausible_giftcard_but_needs_human_check,oparperfumes.com,OPAR Gift Voucher | Create Your Own Perfume Experience ...,https://oparperfumes.com/products/opar-perfume-gift-voucher?srsltid=AfmBOorIWjT70ivmVnE4wxN64ZvpKce7_VwKtv8iR8UP1HHNuq0Pdyjd,OPAR Gift Voucher | Create Your Own Perfume Experience ...,65,6,1.5 hours custom perfume session. Personalised 100ml bottle included. Limited sessions available. Your recipient's name: What type of voucher do you want ...,data\discovery\mass-harvest-v5\clean-v5.1\review.csv | data\discovery\mass-harvest-v5\clean-v5.2\manual-review.csv | data\discovery\mass-harvest-v5\clean-v5.3\global-review.csv | data\discovery\mass-harvest-v5\clean-v5.4\review.csv | data\discovery\mass-harvest-v5\clean-v5.5\review.csv | data\discovery\mega-harvest-v6\clean-v6\review.csv | data\discovery\review-universe-v1\still-review.csv | data\discovery\review-universe-v5\manual-review.csv
REVIEW,plausible_giftcard_but_needs_human_check,opticagaina.gr,Οπτικά Γεωργία Γκαϊνά. Δωροκάρτα 150€ - G. Gaina Optics,https://www.opticagaina.gr/%CE%B4%CF%89%CF%81%CE%BF%CE%BA%CE%AC%CF%81%CF%84%CE%B1-150,Οπτικά Γεωργία Γκαϊνά. Δωροκάρτα 150€ - G. Gaina Optics,80,8,Δωροκάρτα 150 ... Gaina Optics. All rights reserved. Powered by nopCommerce.,data\discovery\focused-harvest-v7\clean-v7\review.csv | data\discovery\focused-harvest-v7-run1-backup\clean-v7\review.csv | data\discovery\mass-harvest-v5\clean-v5.1\review.csv | data\discovery\mass-harvest-v5\clean-v5.2\manual-review.csv | data\discovery\mass-harvest-v5\clean-v5.3\global-review.csv | data\discovery\mass-harvest-v5\clean-v5.4\review.csv | data\discovery\mass-harvest-v5\clean-v5.5\review.csv | data\discovery\mega-harvest-v6\clean-v6\review.csv | data\discovery\review-universe-v1\still-review.csv | data\discovery\review-universe-v4-1\manual-review.csv
REVIEW,plausible_giftcard_but_needs_human_check,optionscard.ie,Choose your favourite Irish brand gift card,https://www.optionscard.ie/ireland-gift-card-brands,Choose your favourite Irish brand gift card,100,4,... Gift Card Now · Send a Gift Card Now. OUR GIFT CARD BRAND PARTNERS. Choose ... Ireland Gift Card. Integration icon. The Buff Day Spa Gift Card. Integration ...,data\discovery\mass-harvest-v5\clean-v5.2\global-review.csv | data\discovery\mass-harvest-v5\clean-v5.3\global-review.csv | data\discovery\mass-harvest-v5\clean-v5.4\review.csv | data\discovery\mass-harvest-v5\clean-v5.5\review.csv | data\discovery\review-universe-v1\still-review.csv | data\discovery\review-universe-v5\manual-review.csv
REVIEW,plausible_giftcard_but_needs_human_check,optique-exclusive.pl,GIFT CARD,https://optique-exclusive.pl/en/menu/gift-card-11351.html,GIFT CARD,100,5,"The gift voucher allows the recipient to choose optical frames, sunglasses, premium frames, or practical optical accessories matched to their own needs ...",data\discovery\mass-harvest-v5\clean-v5.2\global-review.csv | data\discovery\mass-harvest-v5\clean-v5.3\global-review.csv | data\discovery\mass-harvest-v5\clean-v5.4\review.csv | data\discovery\mass-harvest-v5\clean-v5.5\review.csv | data\discovery\mega-harvest-v6\clean-v6\review.csv | data\discovery\review-universe-v1\still-review.csv | data\discovery\review-universe-v5\manual-review.csv
REVIEW,plausible_giftcard_but_needs_human_check,originalirishhotels.com,Buy a Hotel Gift Voucher for a Loved One!,https://www.originalirishhotels.com/oih-gift-vouchers/personal-gift-voucher,Buy a Hotel Gift Voucher for a Loved One!,100,4,Treat someone special to an Original Irish Hotels Gift Voucher today. With a choice of over 50 unique hotels in captivating locations all around Ireland.,data\discovery\mass-harvest-v5\clean-v5.2\global-review.csv | data\discovery\mass-harvest-v5\clean-v5.3\global-review.csv | data\discovery\mass-harvest-v5\clean-v5.4\review.csv | data\discovery\mass-harvest-v5\clean-v5.5\review.csv | data\discovery\review-universe-v1\still-review.csv | data\discovery\review-universe-v5\global-greece-review.csv
REVIEW,plausible_giftcard_but_needs_human_check,orloffbeauty.gr,Αγοράστε μία Δωροεπιταγή,https://www.orloffbeauty.gr/index.php?route,Αγοράστε μία Δωροεπιταγή,85,2,Αγοράστε μία Δωροεπιταγή ... Οι περιποιήσεις spa πραγματοποιούνται μέσω γνήσιων πρωτοκόλλων και με προϊόντα φροντίδας του δέρματος από premium μάρκες Valmont και ...,data\discovery\focused-harvest-v7\clean-v7\review.csv | data\discovery\focused-harvest-v7-run1-backup\clean-v7\review.csv | data\discovery\review-universe-v1\still-review.csv | data\discovery\review-universe-v4-1\manual-review.csv
REVIEW,plausible_giftcard_but_needs_human_check,otticacenter.gr,Αγοράστε μία Δωροεπιταγή,https://www.otticacenter.gr/index.php?route,Αγοράστε μία Δωροεπιταγή,85,2,Smith Optics · Solano · Speyes · Spektre. T. Tiffany Co · Timberland · Tom Ford · Tom's ... Αυτή η δωροεπιταγή θα αποσταλεί μέ e-mail στον παραλήπτη αφού ...,data\discovery\focused-harvest-v7\clean-v7\review.csv | data\discovery\focused-harvest-v7-run1-backup\clean-v7\review.csv | data\discovery\review-universe-v1\still-review.csv | data\discovery\review-universe-v4-1\manual-review.csv
REVIEW,plausible_giftcard_but_needs_human_check,otticasavo.it,Savo Optics Gift Card,https://otticasavo.it/en/products/gift-card-large?srsltid=AfmBOood5R3AnDjyxBzb432ZRTD3o3ov28Kk7ALXxY1aTv-Y7Dl1JyTx,Savo Optics Gift Card,100,5,"Savo Optics Gift Card. Ottica Savo. Regular price €350,00.",data\discovery\mass-harvest-v5\clean-v5.2\global-review.csv | data\discovery\mass-harvest-v5\clean-v5.3\global-review.csv | data\discovery\mass-harvest-v5\clean-v5.4\review.csv | data\discovery\mass-harvest-v5\clean-v5.5\review.csv | data\discovery\mega-harvest-v6\clean-v6\review.csv | data\discovery\review-universe-v1\still-review.csv | data\discovery\review-universe-v5\manual-review.csv
REVIEW,plausible_giftcard_but_needs_human_check,ottolina.gr,"Yoga Gift Cards Yoga Pop Up Card, 3D Yoga Birthday Card ...",https://ottolina.gr/?t=37401738051430,"Yoga Gift Cards Yoga Pop Up Card, 3D Yoga Birthday Card ...",85,5,Yoga Gift Cards One4all Retail Therapy Physical Gift Card $50. My Store Stock： 94. tax included. $ 1.,data\discovery\mass-harvest-v5\clean-v5.1\review.csv | data\discovery\mass-harvest-v5\clean-v5.2\manual-review.csv | data\discovery\mass-harvest-v5\clean-v5.3\global-review.csv | data\discovery\mass-harvest-v5\clean-v5.4\review.csv | data\discovery\mass-harvest-v5\clean-v5.5\review.csv | data\discovery\review-universe-v1\still-review.csv | data\discovery\review-universe-v4-1\manual-review.csv
REVIEW,plausible_giftcard_but_needs_human_check,owlaboutkids.gr,Αγοράστε μία Δωροεπιταγή,https://www.owlaboutkids.gr/index.php?route,Αγοράστε μία Δωροεπιταγή,85,2,Αγοράστε μία Δωροεπιταγή. Αυτή η δωροεπιταγή θα αποσταλεί μέ e-mail στον παραλήπτη αφού ολοκληρωθεί ή πληρωμή σας. Όνομα παραλήπτη. E-mail παραλήπτη.,data\discovery\focused-harvest-v7\clean-v7\review.csv | data\discovery\focused-harvest-v7-run1-backup\clean-v7\review.csv | data\discovery\review-universe-v1\still-review.csv | data\discovery\review-universe-v4-1\manual-review.csv
REVIEW,plausible_giftcard_but_needs_human_check,oysho.com,Δωροκάρτα | OYSHO Ελλάδα,https://www.oysho.com/gr/gift-card/home.html,Δωροκάρτα | OYSHO Ελλάδα,100,1,"Δωροκάρτα | OYSHO Ελλάδα. ... Home, Massimo Dutti, Pull & Bear, Stradivarius, Bershka και Lefties. Κάντε ...",data\discovery\mega-harvest-v6\clean-v6\review.csv | data\discovery\review-universe-v3\manual-review.csv
REVIEW,plausible_giftcard_but_needs_human_check,padmashala.com,Δωροκάρτα Padma Shala | Yoga & Pilates,https://padmashala.com/%CE%B4%CF%89%CF%81%CE%BF%CE%BA%CE%AC%CF%81%CF%84%CE%B1-padma-shala/,Δωροκάρτα Padma Shala | Yoga & Pilates,80,1,Giftcard Padma Shala - Δωροκάρτα Padma Shala | Yoga & Pilates. Κάντε ένα ξεχωριστό & πρωτότυπο ΔΩΡΟ σε αυτούς που αγαπάτε και νοιάζεστε!,data\discovery\mega-harvest-v6\clean-v6\review.csv | data\discovery\review-universe-v2\manual-review.csv
REVIEW,plausible_giftcard_but_needs_human_check,palbatt.gr,Αγοράστε μία Δωροεπιταγή,https://www.palbatt.gr/doroepitages?srsltid,Αγοράστε μία Δωροεπιταγή,85,2,Αυτή η δωροεπιταγή θα αποσταλεί μέ e-mail στον παραλήπτη αφού ολοκληρωθεί ή πληρωμή σας. ... Μπαταρίες για INDIAN MOTORCYCLE. Μπαταρίες για JINCHENG. Μπαταρίες ...,data\discovery\focused-harvest-v7\clean-v7\review.csv | data\discovery\focused-harvest-v7-run1-backup\clean-v7\review.csv | data\discovery\review-universe-v1\still-review.csv | data\discovery\review-universe-v4-1\manual-review.csv
REVIEW,plausible_giftcard_but_needs_human_check,palladiumpraha.cz,Gift vouchers | PALLADIUM Prague,https://www.palladiumpraha.cz/en/gift-vouchers/,Gift vouchers | PALLADIUM Prague,100,4,The total value of the gift voucher must be ... Counterfeiting of gift vouchers is a criminal offense pursuant to the valid laws of the Czech Republic.,data\discovery\mass-harvest-v5\clean-v5.2\global-review.csv | data\discovery\mass-harvest-v5\clean-v5.3\global-review.csv | data\discovery\mass-harvest-v5\clean-v5.4\review.csv | data\discovery\mass-harvest-v5\clean-v5.5\review.csv | data\discovery\review-universe-v1\still-review.csv | data\discovery\review-universe-v5\manual-review.csv
REVIEW,plausible_giftcard_but_needs_human_check,papcorp.com,P.A.P Hotels & Beach Wedding Events - P.A.P. Corp,https://www.papcorp.com/gift-card,Gift Card | P.A.P Hotels & Beach Wedding Events - P.A.P. Corp,100,6,PAP Gift Card. €25. Amount. €25. €50. €100. €150. €200. Quantity ... PAP HOTEL SA. Tsimiski & Salaminos Str. 9. 54626. Thessaloniki. Greece. CONTACT ...,data\discovery\focused-harvest-v7\clean-v7\review.csv | data\discovery\focused-harvest-v7-run1-backup\clean-v7\review.csv | data\discovery\mass-harvest-v5\clean-v5.3\greece-market-review.csv | data\discovery\mass-harvest-v5\clean-v5.4\review.csv | data\discovery\mass-harvest-v5\clean-v5.5\review.csv | data\discovery\mega-harvest-v6\clean-v6\review.csv | data\discovery\review-universe-v3\manual-review.csv
REVIEW,plausible_giftcard_but_needs_human_check,parabita.com,ΔΩΡΟΚΑΡΤΑ,https://www.parabita.com/gr/giftcard,ΔΩΡΟΚΑΡΤΑ,55,1,"Η Δωροκάρτα ανήκει στην ιδιοκτησία του εκδότη της PARABITA A.E.. Η Δωροκάρτα ... Μάθε πρώτη νέα, fashion tips & προσφορές & επιπλέον, Κέρδισε 10% Έκπτωση!",data\discovery\mega-harvest-v6\clean-v6\review.csv | data\discovery\review-universe-v1\still-review.csv | data\discovery\review-universe-v4\still-review.csv
REVIEW,plausible_giftcard_but_needs_human_check,paran.com.au,Au,https://paran.com.au/product-category/gift-cards/,Gift Cards,100,5,Paran Gift Voucher. $50.00 – $400.00 Price range: $50.00 through $400.00 () · Facebook · Instagram. Locations. Top Ryde – Hair Beauty Spa · Rhodes – Hair Design ...,data\discovery\focused-harvest-v7\clean-v7\review.csv | data\discovery\focused-harvest-v7-run1-backup\clean-v7\review.csv | data\discovery\mass-harvest-v5\clean-v5.3\greece-market-review.csv | data\discovery\mass-harvest-v5\clean-v5.4\review.csv | data\discovery\mass-harvest-v5\clean-v5.5\review.csv | data\discovery\review-universe-v1\still-review.csv
REVIEW,plausible_giftcard_but_needs_human_check,parfumista.lv,Gift Card,https://parfumista.lv/products/gift-card?srsltid=AfmBOorfqz9ztFxBmStDfsJ_AszeIOeg0sJGoeGNwlHtHacJG8bpw0B5,Gift Card,100,5,"The Scent Journey Gift Card. Perfect for anyone seeking a unique and personal perfume experience — a chance to explore, taste, learn and enjoy niche ...",data\discovery\mass-harvest-v5\clean-v5.2\global-review.csv | data\discovery\mass-harvest-v5\clean-v5.3\global-review.csv | data\discovery\mass-harvest-v5\clean-v5.4\review.csv | data\discovery\mass-harvest-v5\clean-v5.5\review.csv | data\discovery\mega-harvest-v6\clean-v6\review.csv | data\discovery\review-universe-v1\still-review.csv | data\discovery\review-universe-v5\manual-review.csv
REVIEW,plausible_giftcard_but_needs_human_check,parkhotel.pl,Gift Card | Park Hotel - hotel for adults Świeradów-Zdrój,https://www.parkhotel.pl/en/gift-card-page-391871,Gift Card | Park Hotel - hotel for adults Świeradów-Zdrój,100,4,Gift card. Facebook · Instagram · TikTok · UE logo. Rezerwuj bezpośrednio na ... Poland. Tel: +48 75 78 16 229. E-mail: parkhotel@parkhotel.pl · See our second ...,data\discovery\mass-harvest-v5\clean-v5.2\global-review.csv | data\discovery\mass-harvest-v5\clean-v5.3\global-review.csv | data\discovery\mass-harvest-v5\clean-v5.4\review.csv | data\discovery\mass-harvest-v5\clean-v5.5\review.csv | data\discovery\review-universe-v2\manual-review.csv
REVIEW,plausible_giftcard_but_needs_human_check,parlemoi.co,Gift Cards,https://www.parlemoi.co/collections/giftcard,Gift Cards,100,1,"GIFT CARD Sale price€200,00. Parle moi is Elegant, luxurious ... Mitropoleos 60, Postcode: 54622, Thessaloniki, Greece Tel.: 2310 240347",data\discovery\mega-harvest-v6\clean-v6\review.csv | data\discovery\review-universe-v1\still-review.csv | data\discovery\review-universe-v5-1\manual-review.csv
REVIEW,plausible_giftcard_but_needs_human_check,partyanimalprint.com,Trip To Corfu Pass Personalised Gift Voucher Surprise ...,https://partyanimalprint.com/trip-to-corfu-pass-personalised-gift-voucher-surprise-trip-holiday-ticket/?srsltid=AfmBOooFr67GoX5zBzgDantj7UQOx6oCz8k_oJnxaYzIy2dTVguVxs6x,Trip To Corfu Pass Personalised Gift Voucher Surprise ...,100,3,"This Trip To Corfu Pass Personalised Gift Voucher Surprise Trip Holiday Ticket is printed onto high quality satin finish card, measures 21.5 x 10.6cm and comes ...",data\discovery\mass-harvest-v5\clean-v5.3\greece-market-review.csv | data\discovery\mass-harvest-v5\clean-v5.4\review.csv | data\discovery\mass-harvest-v5\clean-v5.5\review.csv | data\discovery\review-universe-v1\still-review.csv
REVIEW,plausible_giftcard_but_needs_human_check,pautravelmoto.com,Gift Voucher,https://www.pautravelmoto.com/en/gift-certificate/,Gift Voucher,80,6,"The best gift voucher for a motorbiker, the rental of a motorcycle a whole weekend, to Friday to Monday, to make a motorcycle adventure or try the new model.",data\discovery\mass-harvest-v5\clean-v5.1\review.csv | data\discovery\mass-harvest-v5\clean-v5.2\manual-review.csv | data\discovery\mass-harvest-v5\clean-v5.3\global-review.csv | data\discovery\mass-harvest-v5\clean-v5.4\review.csv | data\discovery\mass-harvest-v5\clean-v5.5\review.csv | data\discovery\mega-harvest-v6\clean-v6\review.csv | data\discovery\review-universe-v1\still-review.csv | data\discovery\review-universe-v5\manual-review.csv
REVIEW,plausible_giftcard_but_needs_human_check,pawsomepawsboutique.co.uk,Pawsome Paws Boutique Gift Voucher,https://www.pawsomepawsboutique.co.uk/products/pawsome-paws-boutique-gift-voucher,Pawsome Paws Boutique Gift Voucher,100,1,Greece (EUR) · Greenland (DKK) · Guadeloupe (EUR) · Guernsey (GBP) · Hong Kong SAR ... Pawsome Paws Boutique Gift Voucher. £10.00. check The Perfect Gift for Dog ...,data\discovery\mega-harvest-v6\clean-v6\review.csv | data\discovery\review-universe-v1\still-review.csv | data\discovery\review-universe-v5-1\manual-review.csv
REVIEW,plausible_giftcard_but_needs_human_check,payclarus.com,IKEA,https://payclarus.com/en/gift-cards/greece/ikea,IKEA — gift card: Greece,100,1,"A gift card pays for almost the entire range: cabinet and upholstered furniture, kitchens and appliances, mattresses, lighting, tableware, textiles, storage ...",data\discovery\mass-harvest-v5\clean-v5.5\review.csv
REVIEW,plausible_giftcard_but_needs_human_check,pdhsports.com,PDH Sports Gift Voucher - give the gift of racket sports choice!,https://pdhsports.com/products/pdh-sports-gift-voucher?srsltid=AfmBOorkkjTTyZjgR_gj3V0A_ZbKaulPxM0Ax5cIPe8TzovTyDw916CY,PDH Sports Gift Voucher - give the gift of racket sports choice!,100,4,"PDH Sports Gift Voucher. The perfect gift for racket sports fans! Give them the gift of choice from the best brands in padel, squash, tennis, pickleball, ...",data\discovery\mass-harvest-v5\clean-v5.2\global-review.csv | data\discovery\mass-harvest-v5\clean-v5.3\global-review.csv | data\discovery\mass-harvest-v5\clean-v5.4\review.csv | data\discovery\mass-harvest-v5\clean-v5.5\review.csv | data\discovery\review-universe-v2\manual-review.csv
REVIEW,plausible_giftcard_but_needs_human_check,peaceandchaos.com,GIFT CARD,https://www.peaceandchaos.com/en/gift-card,GIFT CARD,100,5,Gift cards cannot be substituted with cash. Gift cards cannot be returned or canceled after purchase. The gift card is valid exclusively for online purchases ...,data\discovery\mass-harvest-v5\clean-v5.2\global-review.csv | data\discovery\mass-harvest-v5\clean-v5.3\global-review.csv | data\discovery\mass-harvest-v5\clean-v5.4\review.csv | data\discovery\mass-harvest-v5\clean-v5.5\review.csv | data\discovery\mega-harvest-v6\clean-v6\review.csv | data\discovery\review-universe-v1\still-review.csv | data\discovery\review-universe-v5\manual-review.csv
REVIEW,plausible_giftcard_but_needs_human_check,peachesandcremeshop.com,Gift Cards - Peaches&Creme Shop Korean Skincare Malta,https://peachesandcremeshop.com/collections/gift-cards?srsltid=AfmBOopfPPTl0nL033eRTJftpJ54PgkVUhVvurXMJ2qYqtccp0M9RWjv,Gift Cards - Peaches&Creme Shop Korean Skincare Malta,100,4,FREE within Malta for orders above €130. Learn more · SAME-DAY DELIVERY ... €20 Gift Card Peaches&Crème K-Beauty and Skincare. €2000. Quick ...,data\discovery\mass-harvest-v5\clean-v5.2\global-review.csv | data\discovery\mass-harvest-v5\clean-v5.3\global-review.csv | data\discovery\mass-harvest-v5\clean-v5.4\review.csv | data\discovery\mass-harvest-v5\clean-v5.5\review.csv | data\discovery\review-universe-v1\still-review.csv | data\discovery\review-universe-v5\manual-review.csv
REVIEW,plausible_giftcard_but_needs_human_check,pearlmovement.com,Yoga & Pilates Gift Cards — The Pearl,https://www.pearlmovement.com/gift,Yoga & Pilates Gift Cards — The Pearl,80,1,Pilates · Yoga · Kids' Movement · Community Classes · Pricing + Memberships ... Give the gift of movement and wellness with a gift card to The Pearl. Our ...,data\discovery\mega-harvest-v6\clean-v6\review.csv | data\discovery\review-universe-v1\still-review.csv | data\discovery\review-universe-v4\still-review.csv
REVIEW,plausible_giftcard_but_needs_human_check,peggyconceptstore.com,Peggy Concept Store Gift Card,https://peggyconceptstore.com/products/peggy-concept-store-gift-card?srsltid=AfmBOopR7GkcIBlLo5Mzqt6vMOQ-a2-ippY63306Z_yMddGzN7AeRBCv,Peggy Concept Store Gift Card,100,1,Peggy Concept Store Gift Card. ... The Peggy Gift Voucher is a digital gift card is the perfect present that takes the stress out of shopping for someone else!,data\discovery\mega-harvest-v6\clean-v6\review.csv | data\discovery\review-universe-v2\manual-review.csv
REVIEW,plausible_giftcard_but_needs_human_check,peninsulaeyewear.com,Peninsula Eyewear Gift Card - Perfect for choosing your ...,https://www.peninsulaeyewear.com/products/peninsula-eyewear-gift-cards?srsltid=AfmBOoqqO-ceWHWUI6yvhdX34re2vxGNh-I_lbTdtEjQCeRgr3wqc_Jn,Peninsula Eyewear Gift Card - Perfect for choosing your ...,100,5,The Peninsula Eyewear Gift Card is a digital gift voucher designed for purchasing high-quality sunglasses from Peninsula Eyewear. The gift card is available ...,data\discovery\mass-harvest-v5\clean-v5.2\global-review.csv | data\discovery\mass-harvest-v5\clean-v5.3\global-review.csv | data\discovery\mass-harvest-v5\clean-v5.4\review.csv | data\discovery\mass-harvest-v5\clean-v5.5\review.csv | data\discovery\mega-harvest-v6\clean-v6\review.csv | data\discovery\review-universe-v2\manual-review.csv
REVIEW,plausible_giftcard_but_needs_human_check,pennie.gr,25,https://pennie.gr/%CE%94%CF%89%CF%81%CE%BF%CE%BA%CE%AC%CF%81%CF%84%CE%B1-25%E2%82%AC?srsltid,Δωροκάρτα 25,80,8,"Hotel, Spa & Yacht · Υπνοδωμάτιο · Σεντόνια - Hospitality · Παπλωματοθήκες ... Δωροκάρτα 25€. 1; 2. Δωροκαρτα 25€. 25.00 €. Κωδ.: 990000-02. Δωρεάν ...",data\discovery\focused-harvest-v7\clean-v7\review.csv | data\discovery\focused-harvest-v7-run1-backup\clean-v7\review.csv | data\discovery\mass-harvest-v5\clean-v5.1\review.csv | data\discovery\mass-harvest-v5\clean-v5.2\manual-review.csv | data\discovery\mass-harvest-v5\clean-v5.3\global-review.csv | data\discovery\mass-harvest-v5\clean-v5.4\review.csv | data\discovery\mass-harvest-v5\clean-v5.5\review.csv | data\discovery\mega-harvest-v6\clean-v6\review.csv | data\discovery\review-universe-v1\still-review.csv | data\discovery\review-universe-v4-1\manual-review.csv
REVIEW,plausible_giftcard_but_needs_human_check,perfume-shop.gr,Αγοράστε μία Δωροεπιταγή - Perfume-shop,https://perfume-shop.gr/index.php?route,Αγοράστε μία Δωροεπιταγή - Perfume-shop,85,1,Αυτή η δωροεπιταγή θα αποσταλεί μέ e-mail στον ... Εγγραφείτε τώρα στην Perfume ... Perfume Shop. Perfume Shop. Τμήμα Πωλήσεων · Αρχική · Αγαπημένα0 · Σύγκριση0 ...,data\discovery\focused-harvest-v7\clean-v7\review.csv | data\discovery\focused-harvest-v7-run1-backup\clean-v7\review.csv
REVIEW,plausible_giftcard_but_needs_human_check,perfumehouse.de,Digital gift voucher,https://perfumehouse.de/en/products/perfumehouse-geschenkgutschein?srsltid=AfmBOooCoMv9r5gXopSevpw-yix_heQItD_UpzHP6yOR6Yq0g0bXZTIw,Digital gift voucher,80,6,"Digital gift voucher · Select the desired voucher amount – 25, 50, 100 or 200 euros. · After purchase you will receive the voucher by email. · Give the voucher as ...",data\discovery\mass-harvest-v5\clean-v5.1\review.csv | data\discovery\mass-harvest-v5\clean-v5.2\manual-review.csv | data\discovery\mass-harvest-v5\clean-v5.3\global-review.csv | data\discovery\mass-harvest-v5\clean-v5.4\review.csv | data\discovery\mass-harvest-v5\clean-v5.5\review.csv | data\discovery\mega-harvest-v6\clean-v6\review.csv | data\discovery\review-universe-v1\still-review.csv | data\discovery\review-universe-v5\manual-review.csv
REVIEW,plausible_giftcard_but_needs_human_check,perfumelab.cz,Perfume Making Workshop,https://perfumelab.cz/products/perfume-making-workshop-gift-voucher,Perfume Making Workshop – Gift Voucher,70,1,"At our workshop, you'll step into the world of perfumery -- discovering how a fragrance is born, exploring professional scent notes and ingredients -- finding ...",data\discovery\mega-harvest-v6\clean-v6\review.csv | data\discovery\review-universe-v1\still-review.csv | data\discovery\review-universe-v5\manual-review.csv
REVIEW,plausible_giftcard_but_needs_human_check,petpoint.gr,Αγορά Δωροεπιταγής,https://petpoint.gr/agora-doroepitagis/,Αγορά Δωροεπιταγής,85,2,... Wellness Core · Hill's Science Plan · Acana · Orijen · Κλινικές Ξηρές τροφές · AATU ... Η δωροεπιταγή Pet Point είναι ένας εύκολος και πρακτικός τρόπος να κάνετε ...,data\discovery\focused-harvest-v7\clean-v7\review.csv | data\discovery\focused-harvest-v7-run1-backup\clean-v7\review.csv | data\discovery\review-universe-v1\still-review.csv | data\discovery\review-universe-v4-1\manual-review.csv
REVIEW,plausible_giftcard_but_needs_human_check,petstop.ie,Digital Gift Card (online),https://www.petstop.ie/products/gift-card-online,Digital Gift Card (online),100,5,"Whether they're shopping for premium food, toys, grooming essentials, or cozy bedding, this digital gift card lets them choose exactly what their pet needs, ...",data\discovery\mass-harvest-v5\clean-v5.2\global-review.csv | data\discovery\mass-harvest-v5\clean-v5.3\global-review.csv | data\discovery\mass-harvest-v5\clean-v5.4\review.csv | data\discovery\mass-harvest-v5\clean-v5.5\review.csv | data\discovery\mega-harvest-v6\clean-v6\review.csv | data\discovery\review-universe-v1\still-review.csv | data\discovery\review-universe-v5\manual-review.csv
REVIEW,plausible_giftcard_but_needs_human_check,pf.fi,Gift card for Finnish design,https://www.pf.fi/en/,Gift card for Finnish design,80,5,"... gift card, ensuring a smooth and efficient experience. Simply ... Some types of gift cards can be delivered to other EU countries in addition to Finland.",data\discovery\mass-harvest-v5\clean-v5.1\review.csv | data\discovery\mass-harvest-v5\clean-v5.2\manual-review.csv | data\discovery\mass-harvest-v5\clean-v5.3\global-review.csv | data\discovery\mass-harvest-v5\clean-v5.4\review.csv | data\discovery\mass-harvest-v5\clean-v5.5\review.csv | data\discovery\review-universe-v1\still-review.csv | data\discovery\review-universe-v5\manual-review.csv
REVIEW,plausible_giftcard_but_needs_human_check,pflanzenfan.de,All the best - Garden basics,https://pflanzenfan.de/en-en/products/alles-gute-geschenkgutschein?srsltid=AfmBOooaGuJ_Z9B_xKw163lIayY0h3zoNSypIgrefqH1exGHOBT7Xghd,All the best - Garden basics - Gift voucher 🌿 Plant fan,80,1,"Greece (EUR €), Hong Kong SAR (HKD $), Hungary (HUF Ft), Ireland (EUR ... All the best - Garden Basics - Gift Voucher. All the best - Garden Basics ...",data\discovery\mega-harvest-v6\clean-v6\review.csv | data\discovery\review-universe-v1\still-review.csv | data\discovery\review-universe-v4\still-review.csv
REVIEW,plausible_giftcard_but_needs_human_check,pharmassistglyfada.gr,Pharmassistglyfada,https://pharmassistglyfada.gr,Pharmassist Gift Card,,1,"Wave2Bucket=HIGH_SAFE | Wave2Score=70 | Wave2Reasons=GIFT_TITLE | GREEK_DOMAIN | MULTI_QUERY | MULTI_HIT | Queries=site:.gr pharmacy ""gift card"" | site:.gr φαρμακείο ""gift card"" | Imported to DISCOVERED only; requires verification before production.",DB:DISCOVERED:cmt9y171i000upwiy28kazcog
REVIEW,plausible_giftcard_but_needs_human_check,philab.eu,Δωροκάρτα - Philab Skincare,https://philab.eu/el/products/philab-gift-card-digital?srsltid=AfmBOopbC_RMY07dY3Ktg70Xcs1SyWowhpleOOZ4G9WTQgTcR51m5pP3,Δωροκάρτα - Philab Skincare,100,1,"Philab Skincare Logo with brandmark at the left, Purple with transparent background. ... Philab branded gift card in gold with the logo and 'GIFT CARD' text,.",data\discovery\mega-harvest-v6\clean-v6\review.csv | data\discovery\review-universe-v2\manual-review.csv
REVIEW,plausible_giftcard_but_needs_human_check,piamontehotels.com,Gift Card ∙ The Log Porto Hotel ∙ Official Website - Piamonte Hotels,https://www.piamontehotels.com/en/the-log-porto-hotel/gift-card/,Gift Card ∙ The Log Porto Hotel ∙ Official Website - Piamonte Hotels,100,4,"Surprise, inspire, gift The Log Porto Hotel. Gift Card ... Choose your gift card. Request gift card. Voucher ... Rua da Vigorosa, 456 4350-343 Porto, Portugal.",data\discovery\mass-harvest-v5\clean-v5.2\global-review.csv | data\discovery\mass-harvest-v5\clean-v5.3\global-review.csv | data\discovery\mass-harvest-v5\clean-v5.4\review.csv | data\discovery\mass-harvest-v5\clean-v5.5\review.csv | data\discovery\review-universe-v2\manual-review.csv
REVIEW,plausible_giftcard_but_needs_human_check,pickabooshop.gr,Pickabooshop,https://pickabooshop.gr,Gift Card – PICK A BOO,,1,"Wave2Bucket=HIGH_SAFE | Wave2Score=80 | Wave2Reasons=GIFT_TITLE | PURCHASE_SIGNAL | GREEK_DOMAIN | MULTI_QUERY | MULTI_HIT | Queries=site:.gr baby ""gift card"" | site:.gr toys ""gift card"" | site:.gr ""gift certificate"" | Imported to DISCOVERED only; requires verification before production.",DB:DISCOVERED:cmt9y1562000bpwiy2k3loz8o
REVIEW,plausible_giftcard_but_needs_human_check,pillagermany.de,PillaGermany gift voucher,https://www.pillagermany.de/en-eu/products/pillagermany-geschenkgutschein?srsltid=AfmBOopFlq6z_g5z_kA2EiHrOE-Ccy5CoydII-ZVPtWh_4reRXcbyyqa,PillaGermany gift voucher,80,6,"PillaGermany gift voucher ... By combining world-leading ZEISS technology with innovative optics, we ensure that your vision never limits your performance.",data\discovery\mass-harvest-v5\clean-v5.1\review.csv | data\discovery\mass-harvest-v5\clean-v5.2\manual-review.csv | data\discovery\mass-harvest-v5\clean-v5.3\global-review.csv | data\discovery\mass-harvest-v5\clean-v5.4\review.csv | data\discovery\mass-harvest-v5\clean-v5.5\review.csv | data\discovery\mega-harvest-v6\clean-v6\review.csv | data\discovery\review-universe-v2\manual-review.csv
REVIEW,plausible_giftcard_but_needs_human_check,pillowshotels.com,Pillows Hotels Gift Card,https://www.pillowshotels.com/gift-voucher/,Pillows Hotels Gift Card,100,4,"Our gift cards can be used for an overnight stay as well as a culinary experience in one of the restaurants of all Pillows Hotels, located in the Netherlands ...",data\discovery\mass-harvest-v5\clean-v5.2\global-review.csv | data\discovery\mass-harvest-v5\clean-v5.3\global-review.csv | data\discovery\mass-harvest-v5\clean-v5.4\review.csv | data\discovery\mass-harvest-v5\clean-v5.5\review.csv | data\discovery\review-universe-v2\manual-review.csv
REVIEW,plausible_giftcard_but_needs_human_check,pinkboutique.co.uk,Pink Boutique Gift Card,https://www.pinkboutique.co.uk/products/pink-boutique-gift-voucher?srsltid=AfmBOoqkRPlYgbPYhqWrEv7XSscWeesZgVo_pm8bNVfW8LYRlVgDW34C,Pink Boutique Gift Card,100,1,"Treat your besties to a Pink Boutique gift card and they'll be spoilt for choice! Available in £5, £10, £20 or £50, they're the perfect gift and are redeemable ...",data\discovery\mega-harvest-v6\clean-v6\review.csv | data\discovery\review-universe-v1\still-review.csv | data\discovery\review-universe-v5\manual-review.csv
REVIEW,plausible_giftcard_but_needs_human_check,play-asia.com,Google Play EUR 80 Gift Card | Italy Account digital,https://www.play-asia.com/en/google-play-eur-80--gift-card-italy-account/13/70jhen?srsltid=AfmBOoqsnud9UrpBg9wwWPTHhE2BlxkwNrm_5LvqZ7JacACIqeMbh4KO,Google Play EUR 80 Gift Card | Italy Account digital,100,1,Google Play EUR 80 Gift Card | Italy Account digital * Delivers instanly online in your account or by E-Mail. Official Google Play Gift CardStore Value:...,data\discovery\mass-harvest-v5\clean-v5.2\global-review.csv | data\discovery\mass-harvest-v5\clean-v5.3\global-review.csv | data\discovery\mass-harvest-v5\clean-v5.5\review.csv | data\discovery\mega-harvest-v6\clean-v6\review.csv
REVIEW,plausible_giftcard_but_needs_human_check,plesnik.si,Wellness Gift Voucher,https://shop.plesnik.si/products/wellness-gift-voucher-1,Wellness Gift Voucher,100,4,Wellness Gift Voucher · Delivered Instantly Via Email · Perfect Gift For Partner · Green Michelin Star Experience.,data\discovery\mass-harvest-v5\clean-v5.2\global-review.csv | data\discovery\mass-harvest-v5\clean-v5.3\global-review.csv | data\discovery\mass-harvest-v5\clean-v5.4\review.csv | data\discovery\mass-harvest-v5\clean-v5.5\review.csv | data\discovery\review-universe-v1\still-review.csv | data\discovery\review-universe-v5\manual-review.csv
REVIEW,plausible_giftcard_but_needs_human_check,polaroids.gr,ηλεκτρονική δωροκάρτα,https://www.polaroids.gr/p/%CE%B7%CE%BB%CE%B5%CE%BA%CF%84%CF%81%CE%BF%CE%BD%CE%B9%CE%BA%CE%AE-%CE%B4%CF%89%CF%81%CE%BF%CE%BA%CE%AC%CF%81%CF%84%CE%B1/,ηλεκτρονική δωροκάρτα,80,1,"... Έκδοση MoMA · Κασέτα χαρτιού Polaroid Hi·Print 2×3, γενιά 2 – 20 φύλλα · Αρχική σελίδαPolaroid Accessoriesηλεκτρονική δωροκάρτα. ‹ › ηλεκτρονική δωροκάρτα.",data\discovery\mega-harvest-v6\clean-v6\review.csv | data\discovery\review-universe-v1\still-review.csv | data\discovery\review-universe-v4-1\manual-review.csv
REVIEW,plausible_giftcard_but_needs_human_check,polinechildrenshoes.com,Poline eGift card!,https://polinechildrenshoes.com/en/products/poline-egift-card-ideal-doro-gia-kathe-peristasi?srsltid=AfmBOopatVjDlo1ENYeOedb_JQwtlYH8TW_4DcDLundQKFKcj8U8MlvE,Poline eGift card!,100,2,"or at the physical Poline stores in Glyfada and Pagrati, the email with the code must necessarily be printed. ... ✔️ Η δωροκάρτα δεν έχει ημερομηνία λήξης!",data\discovery\focused-harvest-v7\clean-v7\review.csv | data\discovery\focused-harvest-v7-run1-backup\clean-v7\review.csv | data\discovery\review-universe-v1\still-review.csv | data\discovery\review-universe-v5\manual-review.csv
REVIEW,plausible_giftcard_but_needs_human_check,popular-shoes.gr,Αγοράστε μία Δωροεπιταγή - Popular Shoes,https://popular-shoes.gr/index.php?route,Αγοράστε μία Δωροεπιταγή - Popular Shoes,85,1,Αυτή η δωροεπιταγή θα αποσταλεί μέ e-mail στον παραλήπτη αφού ολοκληρωθεί ή πληρωμή σας. ... shoes.gr © 2021 | All rights reserved! Handcrafted by.,data\discovery\focused-harvest-v7\clean-v7\review.csv | data\discovery\focused-harvest-v7-run1-backup\clean-v7\review.csv
REVIEW,plausible_giftcard_but_needs_human_check,portugueseforadaytours.com,Gift Vouchers | Portuguese For a Day Tours,https://www.portugueseforadaytours.com/gift-vouchers/,Gift Vouchers | Portuguese For a Day Tours,100,4,... Portugal. Choose from specific tours or give a flexible ... You cannot obtain any cash advance with your Gift Voucher or redeem your Gift Voucher for cash.,data\discovery\mass-harvest-v5\clean-v5.2\global-review.csv | data\discovery\mass-harvest-v5\clean-v5.3\global-review.csv | data\discovery\mass-harvest-v5\clean-v5.4\review.csv | data\discovery\mass-harvest-v5\clean-v5.5\review.csv | data\discovery\review-universe-v2\manual-review.csv
REVIEW,plausible_giftcard_but_needs_human_check,potamitis.us,"Lenten and Paschal Books – Tagged ""Gift card""",https://potamitis.us/collections/lenten-books/gift-card?srsltid=AfmBOorKZx-8R-YeqJ9Q1h19-G6KOZzBftA6O9i2b8LNzYfqmBkADkyF,"Lenten and Paschal Books – Tagged ""Gift card""",100,1,"Hardcover Books - All books in one set! NEW ... Gift Card. No reviews. Vendor: Potamitis ... We print in Saint Demetrios's hometown, Thessaloniki ...",data\discovery\mega-harvest-v6\clean-v6\review.csv | data\discovery\review-universe-v1\still-review.csv | data\discovery\review-universe-v5-1\manual-review.csv
REVIEW,plausible_giftcard_but_needs_human_check,prada.com,gift-card-store-credit,https://www.prada.com/gr/en/info/gift-card-store-credit.html,gift-card-store-credit,60,6,Leather clothing. Shoes. View all · Sandals and mules · Pumps and ballerinas ... T&C Gift Card & Store Credit. Below are the Terms & Conditions for GIFT CARDS ...,data\discovery\mass-harvest-v5\clean-v5.1\review.csv | data\discovery\mass-harvest-v5\clean-v5.2\manual-review.csv | data\discovery\mass-harvest-v5\clean-v5.3\global-review.csv | data\discovery\mass-harvest-v5\clean-v5.4\review.csv | data\discovery\mass-harvest-v5\clean-v5.5\review.csv | data\discovery\mega-harvest-v6\clean-v6\review.csv | data\discovery\review-universe-v1\still-review.csv | data\discovery\review-universe-v5\manual-review.csv
REVIEW,plausible_giftcard_but_needs_human_check,pratyahara.gr,Gift Card,https://pratyahara.gr/services/yoga-offers/,Gift Card,80,6,Gift Card. ΠΑΡΕ ΤΗΝ ΚΑΡΤΑ ΣΟΥ. Gift Card. ΠΑΡΕ ΤΗΝ ΚΑΡΤΑ ΣΟΥ. yoga gift card. ✨ Προσφορές στο Pratyahara Yoga Center! Κάνε το πιο έξυπνο και ...,data\discovery\mass-harvest-v5\clean-v5.1\review.csv | data\discovery\mass-harvest-v5\clean-v5.2\manual-review.csv | data\discovery\mass-harvest-v5\clean-v5.3\global-review.csv | data\discovery\mass-harvest-v5\clean-v5.4\review.csv | data\discovery\mass-harvest-v5\clean-v5.5\review.csv | data\discovery\mega-harvest-v6\clean-v6\review.csv | data\discovery\review-universe-v1\still-review.csv | data\discovery\review-universe-v4-1\manual-review.csv
REVIEW,plausible_giftcard_but_needs_human_check,presentkort.restaurangguiden.com,"Gift card for restaurants, hotels and spas.",https://presentkort.restaurangguiden.com/en,"Gift card for restaurants, hotels and spas.",80,5,"We have a gift card that's valid for hundreds of restaurant, hotel and spa experiences in both Sweden and Denmark. Many of the restaurants and hotels that honor ...",data\discovery\mass-harvest-v5\clean-v5.1\review.csv | data\discovery\mass-harvest-v5\clean-v5.2\manual-review.csv | data\discovery\mass-harvest-v5\clean-v5.3\global-review.csv | data\discovery\mass-harvest-v5\clean-v5.4\review.csv | data\discovery\mass-harvest-v5\clean-v5.5\review.csv | data\discovery\review-universe-v1\still-review.csv | data\discovery\review-universe-v5\manual-review.csv
REVIEW,plausible_giftcard_but_needs_human_check,press.brusselsairlines.com,Brussels Airlines launches b.gift voucher,https://press.brusselsairlines.com/brussels-airlines-launches-bgift-voucher-in-cooperation-with-uber,Brussels Airlines launches b.gift voucher,100,4,"With a b.gift, one can purchase a gift voucher for a flight within Europe for one to four persons. Brussels Airlines puts a unique gift under ...",data\discovery\mass-harvest-v5\clean-v5.2\global-review.csv | data\discovery\mass-harvest-v5\clean-v5.3\global-review.csv | data\discovery\mass-harvest-v5\clean-v5.4\review.csv | data\discovery\mass-harvest-v5\clean-v5.5\review.csv | data\discovery\review-universe-v2\manual-review.csv
REVIEW,plausible_giftcard_but_needs_human_check,prestigehotels.com,"Buy Prestige Hotels' gift card - Roses, Girona (Spain)",https://www.prestigehotels.com/en/buy-gift-card-prestige,"Buy Prestige Hotels' gift card - Roses, Girona (Spain)",100,4,At the end of the purchase you can send the gift card by email to its recipient. ... Prestige Hotels: holidays on the beach in Spain (Roses - Costa Brava).,data\discovery\mass-harvest-v5\clean-v5.2\global-review.csv | data\discovery\mass-harvest-v5\clean-v5.3\global-review.csv | data\discovery\mass-harvest-v5\clean-v5.4\review.csv | data\discovery\mass-harvest-v5\clean-v5.5\review.csv | data\discovery\review-universe-v2\manual-review.csv
REVIEW,plausible_giftcard_but_needs_human_check,prestomusic.com,Buy streaming gift vouchers,https://www.prestomusic.com/streaming/vouchers?srsltid=AfmBOoqGaBtJeQtbbHrIO8X2sHHXqECrtdgI8iAPw2heXtVU3nT6Tkqv,Buy streaming gift vouchers,85,5,"Presto Music - home. Wishlist · Sign in · Currency is ... If you prefer to give a gift voucher on paper, enter your own email address ...",data\discovery\mass-harvest-v5\clean-v5.1\review.csv | data\discovery\mass-harvest-v5\clean-v5.2\manual-review.csv | data\discovery\mass-harvest-v5\clean-v5.3\global-review.csv | data\discovery\mass-harvest-v5\clean-v5.4\review.csv | data\discovery\mass-harvest-v5\clean-v5.5\review.csv | data\discovery\review-universe-v1\still-review.csv | data\discovery\review-universe-v5\manual-review.csv
REVIEW,plausible_giftcard_but_needs_human_check,prettylittlehome.co.uk,Gift Vouchers,https://www.prettylittlehome.co.uk/collections/gift-vouchers?srsltid=AfmBOoq-lVzIkOK8gReojiJg3FJcDWlaszaa5b4umL4pnakL0NRgV3Tx,Gift Vouchers,100,5,Pretty Little Home Gift Voucher. Quick view. Pretty Little Home Gift Voucher From £10.00 /. Choose options. SHOP. Home Decor · Home Gifts · Kitchen Decor & ...,data\discovery\mass-harvest-v5\clean-v5.2\global-review.csv | data\discovery\mass-harvest-v5\clean-v5.3\global-review.csv | data\discovery\mass-harvest-v5\clean-v5.4\review.csv | data\discovery\mass-harvest-v5\clean-v5.5\review.csv | data\discovery\mega-harvest-v6\clean-v6\review.csv | data\discovery\review-universe-v1\still-review.csv | data\discovery\review-universe-v5\manual-review.csv
REVIEW,plausible_giftcard_but_needs_human_check,prezzee.com,Digital Gift Cards | Prezzee US,https://prezzee.com/en-us?srsltid=AfmBOoqUBPjrOPSWWsV5hkyZYc8Ofte_BvkmcGv6mJ7BVzbxVEoyCd_3,Digital Gift Cards | Prezzee US,85,6,"... department store, department, kids clothing, boys, girls, boys clothing ... For the perfect Mother's Day gift, you can't go past a gift voucher for ...",data\discovery\mass-harvest-v5\clean-v5.1\review.csv | data\discovery\mass-harvest-v5\clean-v5.2\manual-review.csv | data\discovery\mass-harvest-v5\clean-v5.3\global-review.csv | data\discovery\mass-harvest-v5\clean-v5.4\review.csv | data\discovery\mass-harvest-v5\clean-v5.5\review.csv | data\discovery\mega-harvest-v6\clean-v6\review.csv | data\discovery\review-universe-v2\manual-review.csv
REVIEW,plausible_giftcard_but_needs_human_check,prezzee.uk,Fashion and Accessories Gift Cards,https://prezzee.uk/en-gb/categories/fashion-and-accessories-gb?srsltid=AfmBOor_sN5zLiS2ESsemqgpjG8VEh4XA7Rn3Oy243QMmoRfCY9dE3db,Fashion and Accessories Gift Cards,80,5,Fashion and Accessories [uk]. Fashion & Accessories. Fitness & Sports [uk] ... There's a Fashion Gift Card for every style at Prezzee. Browse the range ...,data\discovery\mass-harvest-v5\clean-v5.1\review.csv | data\discovery\mass-harvest-v5\clean-v5.2\manual-review.csv | data\discovery\mass-harvest-v5\clean-v5.3\global-review.csv | data\discovery\mass-harvest-v5\clean-v5.4\review.csv | data\discovery\mass-harvest-v5\clean-v5.5\review.csv | data\discovery\review-universe-v1\still-review.csv | data\discovery\review-universe-v5\manual-review.csv
REVIEW,plausible_giftcard_but_needs_human_check,primarkgiftcards.com,Primark Official eGift Card Store | Primark eGift Cards UK,https://www.primarkgiftcards.com/?srsltid=AfmBOophVLwhLncF74H7TN4dnRXAOUGY443QMNBIe1Yw2dXdVXOVulFG,Primark Official eGift Card Store | Primark eGift Cards UK,100,4,"Buy a Primark gift card today and have it delivered via email or Post. Primark eGift cards are the perfect last minute gift for her,your bestie or even mum!",data\discovery\mass-harvest-v5\clean-v5.2\global-review.csv | data\discovery\mass-harvest-v5\clean-v5.3\global-review.csv | data\discovery\mass-harvest-v5\clean-v5.4\review.csv | data\discovery\mass-harvest-v5\clean-v5.5\review.csv | data\discovery\review-universe-v1\still-review.csv | data\discovery\review-universe-v5\manual-review.csv
REVIEW,plausible_giftcard_but_needs_human_check,princess.com,Princess Gift Cards,https://www.princess.com/ships-and-experience/celebrations/gift-cards,Princess Gift Cards,100,1,Greece · Iceland · Italy · Mediterranean · Norway · Scandinavia & Baltics ... Check your gift card balance and get back to making cruise memories. Redeem ...,data\discovery\mega-harvest-v6\clean-v6\review.csv
REVIEW,plausible_giftcard_but_needs_human_check,printzoo.uk,A6 Gift Voucher Printing UK | 350gsm Vouchers,https://www.printzoo.uk/products/a6-gift-voucher?srsltid,A6 Gift Voucher Printing UK | 350gsm Vouchers,100,1,"Offer customers a professional, branded way to purchase gifts, experiences and store credit with custom A6 gift voucher printing.",data\discovery\mass-harvest-v5\clean-v5.2\global-review.csv | data\discovery\mass-harvest-v5\clean-v5.3\global-review.csv | data\discovery\mass-harvest-v5\clean-v5.5\review.csv
REVIEW,plausible_giftcard_but_needs_human_check,pro.makemeup.gr,Αγοράστε μία Δωροεπιταγή,https://pro.makemeup.gr/index.php?route,Αγοράστε μία Δωροεπιταγή,85,2,BAGS & ACCESSORIES. BAGS & ACCESSORIES. LIFESTYLE & MORE. Bags / Accessories ... Αυτή η δωροεπιταγή θα αποσταλεί μέ e-mail στον παραλήπτη αφού ολοκληρωθεί ή ...,data\discovery\focused-harvest-v7\clean-v7\review.csv | data\discovery\focused-harvest-v7-run1-backup\clean-v7\review.csv | data\discovery\review-universe-v1\still-review.csv | data\discovery\review-universe-v4-1\manual-review.csv
REVIEW,plausible_giftcard_but_needs_human_check,prospectphysioandhealthplus.com,Com,https://prospectphysioandhealthplus.com/shop/gift-card,Gift Card,100,1,"The gift card recipient can either use this gift for a service at the clinic (**excludes podiatry, dietetics, and remedial massage therapy with Mary**) or enter ...",data\discovery\focused-harvest-v7-run1-backup\clean-v7\review.csv | data\discovery\review-universe-v1\still-review.csv | data\discovery\review-universe-v5\manual-review.csv
REVIEW,plausible_giftcard_but_needs_human_check,proteasbars.gr,Ashburn Va Shop Fitness The Shop Gym Giftly Beautiful Gift Card ...,https://proteasbars.gr/?x=43722436071480,Ashburn Va Shop Fitness The Shop Gym Giftly Beautiful Gift Card ...,85,6,HOT ! Ashburn Va Shop Fitness The Shop Gym Giftly Beautiful Gift Card Alternative · Pick up at the store (Free shipping) · Delivery.,data\discovery\mass-harvest-v5\clean-v5.1\review.csv | data\discovery\mass-harvest-v5\clean-v5.2\manual-review.csv | data\discovery\mass-harvest-v5\clean-v5.3\global-review.csv | data\discovery\mass-harvest-v5\clean-v5.4\review.csv | data\discovery\mass-harvest-v5\clean-v5.5\review.csv | data\discovery\mega-harvest-v6\clean-v6\review.csv | data\discovery\review-universe-v1\still-review.csv | data\discovery\review-universe-v4-1\manual-review.csv
REVIEW,plausible_giftcard_but_needs_human_check,psalidixarti.gr,Δωροκάρτα - Γιορτή,https://psalidixarti.gr/en/products/%CE%B4%CF%89%CF%81%CE%BF%CE%BA%CE%AC%CF%81%CF%84%CE%B1-%CE%B3%CE%B9%CE%BF%CF%81%CF%84%CE%AE?srsltid=AfmBOopNS69F1xT2_EwFIL1M7ZOf7Y__prSuV8ki1EOaMeerHwSE_NaR,Δωροκάρτα - Γιορτή,80,6,Δωροκάρτα - Γιορτή Δεν ξέρεις τι δώρο να ... δωροκάρτα: Διάλεξε τη δωροκάρτα που θέλεις να κάνε ... Technology · USB Stick - Memory Cards · Batteries ...,data\discovery\mass-harvest-v5\clean-v5.1\review.csv | data\discovery\mass-harvest-v5\clean-v5.2\manual-review.csv | data\discovery\mass-harvest-v5\clean-v5.3\global-review.csv | data\discovery\mass-harvest-v5\clean-v5.4\review.csv | data\discovery\mass-harvest-v5\clean-v5.5\review.csv | data\discovery\mega-harvest-v6\clean-v6\review.csv | data\discovery\review-universe-v1\still-review.csv | data\discovery\review-universe-v4-1\manual-review.csv
REVIEW,plausible_giftcard_but_needs_human_check,psichogiosmeat.gr,Αγοράστε μία Δωροεπιταγή,https://www.psichogiosmeat.gr/b2b/index.php?route,Αγοράστε μία Δωροεπιταγή,85,2,ΨΥΧΟΓΥΙΟΣ DELICATESSEN FOOD SERVICES. Τηλεφωνικές Παραγγελίες 210 2829759 ... Αγοράστε μία Δωροεπιταγή. Αυτή η δωροεπιταγή θα αποσταλεί μέ e-mail στον παραλήπτη ...,data\discovery\focused-harvest-v7\clean-v7\review.csv | data\discovery\focused-harvest-v7-run1-backup\clean-v7\review.csv | data\discovery\review-universe-v1\still-review.csv | data\discovery\review-universe-v4-1\manual-review.csv
REVIEW,plausible_giftcard_but_needs_human_check,pstrstudio.com,Art Gift Card,https://www.pstrstudio.com/products/art-gift-card?srsltid=AfmBOopVBzFvQ25TORvAy2L49FVTIWyhiqODbkIcNfaTp-17-Pg2-x70,Art Gift Card,100,1,"Art Gift Card ... Select your preferred gift card amount from the available options, or contact us if you need a custom amount. Once your purchase is complete, ...",data\discovery\mega-harvest-v6\clean-v6\review.csv | data\discovery\review-universe-v1\still-review.csv | data\discovery\review-universe-v5\manual-review.csv
REVIEW,plausible_giftcard_but_needs_human_check,public.cy,Public,https://www.public.cy/page/help/e-gift-card,e-gift card | Public Cyprus,100,4,Όροι για Public e-Gift Card. Η ψηφιακή Δωροεπιταγή Public εκδίδεται από την εταιρεία με την επωνυμία «PRC PUBLIC RETAIL CYPRUS LTD» η οποία εδρεύει οδό Αρχ.,data\discovery\mass-harvest-v5\clean-v5.2\global-review.csv | data\discovery\mass-harvest-v5\clean-v5.3\global-review.csv | data\discovery\mass-harvest-v5\clean-v5.4\review.csv | data\discovery\mass-harvest-v5\clean-v5.5\review.csv | data\discovery\review-universe-v2\manual-review.csv
REVIEW,plausible_giftcard_but_needs_human_check,punktid.com,Buy Zalando Norway 500 NOK Gift Card game Online | Punktid,https://punktid.com/zalando-norway-500-nok-gift-card?srsltid=AfmBOor-L_9wvp-ekSwAVbmroJvzEhsPtTlaKywt7PWHA9UcB_MiphE7,Buy Zalando Norway 500 NOK Gift Card game Online | Punktid,100,4,Buy Online: Zalando Norway 500 NOK Gift Card. 45.99 €. Add to cart. In stock. The code will be sent to your ...,data\discovery\mass-harvest-v5\clean-v5.2\global-review.csv | data\discovery\mass-harvest-v5\clean-v5.3\global-review.csv | data\discovery\mass-harvest-v5\clean-v5.4\review.csv | data\discovery\mass-harvest-v5\clean-v5.5\review.csv | data\discovery\review-universe-v2\manual-review.csv
REVIEW,plausible_giftcard_but_needs_human_check,pureandcure.com,Minos Palace Resort Crete | FREE €50 Spa Gift Voucher,https://pureandcure.com/hotel/485/minos-palace-resort,Minos Palace Resort Crete | FREE €50 Spa Gift Voucher,80,3,Adults-only resort on Crete with a private Blue Flag beach and the NAO Longevity Hub. Lowest prices. Bonus on booking: free €50 spa gift voucher per person.,data\discovery\focused-harvest-v7\clean-v7\review.csv | data\discovery\focused-harvest-v7-run1-backup\clean-v7\review.csv | data\discovery\mega-harvest-v6\clean-v6\review.csv | data\discovery\review-universe-v1\still-review.csv
REVIEW,plausible_giftcard_but_needs_human_check,pureraw.de,PureRaw Gift Voucher,https://www.pureraw.de/en/products/pureraw-geschekgutschein?srsltid=AfmBOoqFfS4C6FLBvWbuhudmvwo12LQZnbmTNjh5symWh2nEdKNfriIz,PureRaw Gift Voucher,80,1,"... Dental care · Collage-like · Plant-based collagen peptide · Shaker · Non-food · Shaker ... PureRaw Gift Voucher. Regular price €5,00 EUR. Sale price €5,00 EUR ...",data\discovery\mega-harvest-v6\clean-v6\review.csv | data\discovery\review-universe-v2\manual-review.csv
REVIEW,plausible_giftcard_but_needs_human_check,purityvision.com,Gift Vouchers for Natural Cosmetics,https://www.purityvision.com/collections/gift-vouchers-for-natural-cosmetics,Gift Vouchers for Natural Cosmetics,100,5,Collection: Gift Vouchers for Natural Cosmetics. Give the gift of joy and freedom of choice with a gift voucher for purchasing PURITY VISION® natural cosmetics.,data\discovery\mass-harvest-v5\clean-v5.2\global-review.csv | data\discovery\mass-harvest-v5\clean-v5.3\global-review.csv | data\discovery\mass-harvest-v5\clean-v5.4\review.csv | data\discovery\mass-harvest-v5\clean-v5.5\review.csv | data\discovery\mega-harvest-v6\clean-v6\review.csv | data\discovery\review-universe-v1\still-review.csv | data\discovery\review-universe-v5\manual-review.csv
REVIEW,plausible_giftcard_but_needs_human_check,puzzlehome.gr,Αγοράστε μία Δωροεπιταγή - Puzzlehome - Έπιπλα,https://www.puzzlehome.gr/index.php?route,Αγοράστε μία Δωροεπιταγή - Puzzlehome - Έπιπλα,85,1,Αγοράστε μία Δωροεπιταγή. Αυτή η δωροεπιταγή θα αποσταλεί μέ e-mail στον παραλήπτη αφού ολοκληρωθεί ή πληρωμή σας. Όνομα παραλήπτη. E-mail παραλήπτη. Το όνομα ...,data\discovery\focused-harvest-v7\clean-v7\review.csv
REVIEW,plausible_giftcard_but_needs_human_check,quora.com,How to buy a gift card for someone in Greece,https://www.quora.com/How-do-I-buy-a-gift-card-for-someone-in-Greece,How to buy a gift card for someone in Greece,100,5,How do I buy a gift card for someone in Greece?,data\discovery\focused-harvest-v7\clean-v7\review.csv | data\discovery\mass-harvest-v5\clean-v5.3\greece-market-review.csv | data\discovery\mass-harvest-v5\clean-v5.4\review.csv | data\discovery\mass-harvest-v5\clean-v5.5\review.csv | data\discovery\mega-harvest-v6\clean-v6\review.csv | data\discovery\review-universe-v1\still-review.csv
REVIEW,plausible_giftcard_but_needs_human_check,radne.com,Gift Cards - Radne,https://www.radne.com/collections/klader-vaskor-presentkort?srsltid=AfmBOoqHmA_Lm32WQxBhOosHXbShFB_Ru6ZEFNmwUaVsAUM6D16VxNSd,Gift Cards - Radne,85,6,Aspen Gasoline. Rally & Racing. Car accessories. Aspen Gasoline · Harness ... Gift card Rotax Fan Shop Slickshift · SIM Racing · Moza Racing Sparco Gaming.,data\discovery\mass-harvest-v5\clean-v5.1\review.csv | data\discovery\mass-harvest-v5\clean-v5.2\manual-review.csv | data\discovery\mass-harvest-v5\clean-v5.3\global-review.csv | data\discovery\mass-harvest-v5\clean-v5.4\review.csv | data\discovery\mass-harvest-v5\clean-v5.5\review.csv | data\discovery\mega-harvest-v6\clean-v6\review.csv | data\discovery\review-universe-v2\manual-review.csv
REVIEW,plausible_giftcard_but_needs_human_check,railnewzealand.com,Gift voucher,https://railnewzealand.com/gift-voucher,Gift voucher,100,5,Ferry · Interislander Ferry · BlueBridge Ferry · Stewart Island Ferry · Travel Packages · Day Tours and Attractions · Accommodation · Contact Us. Gift voucher.,data\discovery\mass-harvest-v5\clean-v5.2\global-review.csv | data\discovery\mass-harvest-v5\clean-v5.3\global-review.csv | data\discovery\mass-harvest-v5\clean-v5.4\review.csv | data\discovery\mass-harvest-v5\clean-v5.5\review.csv | data\discovery\mega-harvest-v6\clean-v6\review.csv | data\discovery\review-universe-v1\still-review.csv | data\discovery\review-universe-v5\manual-review.csv
REVIEW,plausible_giftcard_but_needs_human_check,ramakkos.com,Ramakko's Source For Adventure,https://www.ramakkos.com/gift-card.html,Gift Card - Ramakko's Source For Adventure,100,1,Kids · Inflatable · PFD Suits · Dog · Paddles · Canoes · Paddle Accessories · Kayak · SUP ... Gift Card. C$50.00 Excl. tax. Add to cart. Gift Card. Gift Card. C ...,data\discovery\focused-harvest-v7-run1-backup\clean-v7\review.csv | data\discovery\review-universe-v2\manual-review.csv
REVIEW,plausible_giftcard_but_needs_human_check,rarebeauty.com,Rare Beauty E,https://www.rarebeauty.com/products/gift-card?srsltid=AfmBOorEB-SAEFjfpVlduusCXfw9x5Jsh9xzI47PehNwsvm3ujdkD3ki,Rare Beauty E-Gift Cards,100,4,Daugthers first gift card. Review by Diazjess89 on 3 Sep 2021 review stating Daugthers first gift card ... Austria; Bahamas; Bangladesh; Barbados; Belgium ...,data\discovery\mass-harvest-v5\clean-v5.2\global-review.csv | data\discovery\mass-harvest-v5\clean-v5.3\global-review.csv | data\discovery\mass-harvest-v5\clean-v5.4\review.csv | data\discovery\mass-harvest-v5\clean-v5.5\review.csv | data\discovery\review-universe-v2\manual-review.csv
REVIEW,plausible_giftcard_but_needs_human_check,ratherbeinfinland.com,A Piece of Finland,https://ratherbeinfinland.com/products/a-piece-of-finland-gift-card?srsltid=AfmBOorGt0uAxlnN7Zk_LVypAAvxo0OcC52fFupYQWGaPwjjgja0lBME,A Piece of Finland – Gift Card,100,4,"Give the gift of Finnish tranquility and adventure with our 'A Piece of Finland' Gift Card. Perfect for anyone who dreams of cozy cottages, serene lakes, and ...",data\discovery\mass-harvest-v5\clean-v5.2\global-review.csv | data\discovery\mass-harvest-v5\clean-v5.3\global-review.csv | data\discovery\mass-harvest-v5\clean-v5.4\review.csv | data\discovery\mass-harvest-v5\clean-v5.5\review.csv | data\discovery\review-universe-v1\still-review.csv | data\discovery\review-universe-v5\manual-review.csv
REVIEW,plausible_giftcard_but_needs_human_check,reaverfit.com,My REAVERFIT Gift Card - Women's Sportswear,https://reaverfit.com/en/products/carte-cadeau-tenue-sport-reaverfit?srsltid=AfmBOoqrgfbnPfUdBHTaCRExmCCthM9_L3cJ5uKhkuZ141waAS0YVVDs,My REAVERFIT Gift Card - Women's Sportswear,80,1,"Whether it's for yoga, fitness, bodybuilding or simply to feel comfortable and trendy on a daily basis, the gift card is a unique gift suitable for all sports ...",data\discovery\mega-harvest-v6\clean-v6\review.csv | data\discovery\review-universe-v2\manual-review.csv
REVIEW,plausible_giftcard_but_needs_human_check,reboots.com,Digital gift voucher,https://reboots.com/en/products/digitaler-geschenkgutschein,Digital gift voucher,80,6,The digital gift voucher from Reboots is the ideal gift for ambitious athletes and fitness enthusiasts ... Hobby Athlet. What sports do you do? Triathlon.,data\discovery\mass-harvest-v5\clean-v5.1\review.csv | data\discovery\mass-harvest-v5\clean-v5.2\manual-review.csv | data\discovery\mass-harvest-v5\clean-v5.3\global-review.csv | data\discovery\mass-harvest-v5\clean-v5.4\review.csv | data\discovery\mass-harvest-v5\clean-v5.5\review.csv | data\discovery\mega-harvest-v6\clean-v6\review.csv | data\discovery\review-universe-v1\still-review.csv | data\discovery\review-universe-v5\global-greece-review.csv
REVIEW,plausible_giftcard_but_needs_human_check,recruitingforgood.com,How to Earn $5000 Luxury Gift Card to Stay at The ...,https://recruitingforgood.com/how-to-earn-5000-luxury-gift-card-to-stay-at-the-sweetest-hotel-in-santorini/,How to Earn $5000 Luxury Gift Card to Stay at The ...,100,1,Want to earn $5000 Luxury Gift Card to Stay at The Sweetest Hotel (This month she reviewed Grace Hotel in Santorini) visit TheSweetestHotels.,data\discovery\focused-harvest-v7-run1-backup\clean-v7\review.csv | data\discovery\review-universe-v1\still-review.csv
REVIEW,plausible_giftcard_but_needs_human_check,regbarber.com,Reg Barber's Miraculous Gift Card,https://regbarber.com/products/reg-barbers-miraculous-gift-card?srsltid=AfmBOopOyJG5HW5xKmFl-jPo0qfchFb33qHq5bc0SYNtcf-3iMnN-C9P,Reg Barber's Miraculous Gift Card,100,1,Reg Barber gift card. Let the barista or coffee enthusiast in your life choose their own tamper. $75 covers most handles or a stainless base.,data\discovery\mega-harvest-v6\clean-v6\review.csv | data\discovery\review-universe-v2\manual-review.csv
REVIEW,plausible_giftcard_but_needs_human_check,regroup.gr,Regroup,https://regroup.gr,"Νηρηίδες Spa, Πλάκα | Προσφορά Gift Card για Όλες τις ...",,1,"Wave2Bucket=HIGH_SAFE | Wave2Score=70 | Wave2Reasons=GIFT_TITLE | GREEK_DOMAIN | MULTI_QUERY | MULTI_HIT | Queries=site:.gr spa ""gift card"" | ""gift card"" Greece spa | Imported to DISCOVERED only; requires verification before production.",DB:DISCOVERED:cmt9y1b0k001xpwiyq0b7twmv
REVIEW,plausible_giftcard_but_needs_human_check,reppas-kon.gr,Αγοράστε μία Δωροεπιταγή,https://www.reppas-kon.gr/index.php?route,Αγοράστε μία Δωροεπιταγή,85,1,Decor Ζαχαροπλαστικής; Είδη Σφολιάτας & Μπισκότου; Εργαλεία Ζαχαροπλαστικής ... Αυτή η δωροεπιταγή θα αποσταλεί μέ e-mail στον παραλήπτη αφού ολοκληρωθεί ή ...,data\discovery\focused-harvest-v7\clean-v7\review.csv | data\discovery\review-universe-v1\still-review.csv | data\discovery\review-universe-v4-1\manual-review.csv
REVIEW,plausible_giftcard_but_needs_human_check,researchandmarkets.com,Greece Gift Card and Incentive Card Market Intelligence ...,https://www.researchandmarkets.com/reports/4751524/greece-gift-card-and-incentive-card-market?srsltid=AfmBOopxzhwHarVgotRZ8DTN0w-enQexi3ots2GYQndmRAdOBW3nr0CZ,Greece Gift Card and Incentive Card Market Intelligence ...,100,1,"Figure 36: Greece Supermarket, Hypermarket, Convenience Store - Total Gift ... Greece Gift Card Business and Investment Opportunities Databook - 90+ KPIs on Gift ...",data\discovery\mass-harvest-v5\clean-v5.4\review.csv | data\discovery\mass-harvest-v5\clean-v5.5\review.csv
REVIEW,plausible_giftcard_but_needs_human_check,researchgate.net,Gift Cards and Mental Accounting: Green-lighting Hedonic ...,https://www.researchgate.net/publication/260411669_Gift_Cards_and_Mental_Accounting_Green-lighting_Hedonic_Spending,Gift Cards and Mental Accounting: Green-lighting Hedonic ...,100,1,Gift Cards and Mental Accounting: Green-lighting Hedonic Spending ... Gift card recipients' perceptions of gift card givers' effort in selecting ...,data\discovery\mega-harvest-v6\clean-v6\review.csv | data\discovery\review-universe-v1\still-review.csv | data\discovery\review-universe-v5\manual-review.csv
REVIEW,plausible_giftcard_but_needs_human_check,retreatyourself.com,Digital Gift Voucher - Get a Gift Card,https://retreatyourself.com/products/retreat-yourself-gift-voucher?srsltid=AfmBOopLAwMP4l5lpqEIq4h8qlj15dM0xYl9UBpOp7WdsyfNnvK8CBmG,Digital Gift Voucher - Get a Gift Card,65,1,"We can't give away all of the details, but we can tell you that it's filled with $215 worth of full-sized AUS & NZ wellness and self-care products, this ...",data\discovery\mega-harvest-v6\clean-v6\review.csv | data\discovery\review-universe-v1\still-review.csv | data\discovery\review-universe-v5\manual-review.csv
REVIEW,plausible_giftcard_but_needs_human_check,revell.com,Gift voucher,https://revell.com/en-eu/products/gift-voucher?srsltid=AfmBOoqM8FrhYxtqO_gbQN6U5LwXati1SU7lyZh6QLiiGsVibF4RIZ8V,Gift voucher,100,1,"Gift voucher. Art. Nr. 299999999G10. €10,00 €10,00 -10% Club. Offer price ... A cutting mat set and good lighting significantly improve the quality of work.",data\discovery\mega-harvest-v6\clean-v6\review.csv | data\discovery\review-universe-v1\still-review.csv | data\discovery\review-universe-v5\manual-review.csv
REVIEW,plausible_giftcard_but_needs_human_check,reyllen.com,Reyllen Gift Card | CrossFit & Fitness Gift Voucher,https://reyllen.com/products/gift-card?srsltid=AfmBOopbvFJLNqlCx-Puetpc8Wqh4m5yI7oKRzovLCKZ1fMJeRgg7d_4,Reyllen Gift Card | CrossFit & Fitness Gift Voucher,100,5,Shopping for someone else but not sure what to give them? Give them the gift of choice with a Reyllen Fitness gift card. Gift cards are delivered by email ...,data\discovery\mass-harvest-v5\clean-v5.2\global-review.csv | data\discovery\mass-harvest-v5\clean-v5.3\global-review.csv | data\discovery\mass-harvest-v5\clean-v5.4\review.csv | data\discovery\mass-harvest-v5\clean-v5.5\review.csv | data\discovery\mega-harvest-v6\clean-v6\review.csv | data\discovery\review-universe-v2\manual-review.csv
REVIEW,plausible_giftcard_but_needs_human_check,rhodesboutique.com,Rhodes Charleston Gift Cards,https://rhodesboutique.com/products/rhodes-gift-cards?srsltid=AfmBOoqwK0qg2XXMVwkl6trBAWTDI3lWSIWnecxUQtMrQHzQEJU0c6fl,Rhodes Charleston Gift Cards,100,5,"Treat someone special to the gift of their choice with a gift card to Rhodes Boutique and Rhodes Home & Gift. From luxury fashion to home decor, a gift card ...",data\discovery\focused-harvest-v7\clean-v7\review.csv | data\discovery\focused-harvest-v7-run1-backup\clean-v7\review.csv | data\discovery\mass-harvest-v5\clean-v5.3\greece-market-review.csv | data\discovery\mass-harvest-v5\clean-v5.4\review.csv | data\discovery\mass-harvest-v5\clean-v5.5\review.csv | data\discovery\review-universe-v1\still-review.csv | data\discovery\review-universe-v5-1\manual-review.csv
REVIEW,plausible_giftcard_but_needs_human_check,rhodesrentalcar.com,My Way Rent a Car Rhodes Island,https://www.rhodesrentalcar.com/gift-card/?srsltid=AfmBOopM91K378BNIDhKjh0aQCVmnoZFO_fjtwIL3L6jH-N5Jo6siYGo,Gift Card - My Way Rent a Car Rhodes Island,100,3,RESTAURANT BAR LIVE STAGE SHOP MY WAY Gift Card PRIVILEGED CARD FOR REAL ... My Way Rent a Car Rhodes Island – Rhodes Car Rental Services · Home · Cars ...,data\discovery\focused-harvest-v7\clean-v7\review.csv | data\discovery\focused-harvest-v7-run1-backup\clean-v7\review.csv | data\discovery\mega-harvest-v6\clean-v6\review.csv | data\discovery\review-universe-v1\still-review.csv | data\discovery\review-universe-v5-1\manual-review.csv
REVIEW,plausible_giftcard_but_needs_human_check,rhodeswaterside.com.au,Au,https://www.rhodeswaterside.com.au/visit/centre-info-and-services/gift-cards,Gift Cards,100,5,Experience. Visit. Discover Discover Minis. Closed. A Rhodes Waterside Gift Card is the perfect option for that person who seems to have everything! Rhodes ...,data\discovery\focused-harvest-v7\clean-v7\review.csv | data\discovery\focused-harvest-v7-run1-backup\clean-v7\review.csv | data\discovery\mass-harvest-v5\clean-v5.3\greece-market-review.csv | data\discovery\mass-harvest-v5\clean-v5.4\review.csv | data\discovery\mass-harvest-v5\clean-v5.5\review.csv | data\discovery\review-universe-v1\still-review.csv
REVIEW,plausible_giftcard_but_needs_human_check,rhodeswood.co.uk,Rhodes-Wood E Gift Card,https://rhodeswood.co.uk/products/rhodes-wood-e-gift-card?srsltid=AfmBOop3cgjk-B6oOItpAHZRPeIoHO7yw-c9THIiCR2BGJOy8hdKDhlI,Rhodes-Wood E Gift Card,100,3,Rhodes-Wood E Gift Card. Show your appreciation with our e-gift cards! Our e-gift cards are the perfect way to surprise your loved ones.,data\discovery\mass-harvest-v5\clean-v5.3\greece-market-review.csv | data\discovery\mass-harvest-v5\clean-v5.4\review.csv | data\discovery\mass-harvest-v5\clean-v5.5\review.csv | data\discovery\review-universe-v1\still-review.csv
REVIEW,plausible_giftcard_but_needs_human_check,ribbonrouge.ie,Ribbon Rouge Online Gift Card | The Best Fashion Gift,https://ribbonrouge.ie/products/gift-card?srsltid=AfmBOoqQKwKP87WzEMOe0w0c74RiQpK_m3Q8MxmCSUjOh0VsUHS2CN6m,Ribbon Rouge Online Gift Card | The Best Fashion Gift,100,4,Give the gift of choice with a Ribbon Rouge online gift card. Delivered instantly by email and redeemable at RibbonRouge ... IRELAND & N.IRELAND: Orders over €100 ...,data\discovery\mass-harvest-v5\clean-v5.2\global-review.csv | data\discovery\mass-harvest-v5\clean-v5.3\global-review.csv | data\discovery\mass-harvest-v5\clean-v5.4\review.csv | data\discovery\mass-harvest-v5\clean-v5.5\review.csv | data\discovery\review-universe-v2\manual-review.csv
REVIEW,plausible_giftcard_but_needs_human_check,ribigifts.com,"Beauty Choice Gift Card — Paris, France",https://www.ribigifts.com/all/choice-gift-card/beauty/city/paris,"Beauty Choice Gift Card — Paris, France",100,4,"Send a Beauty Choice Gift Card to anyone in Paris, France. They pick one product from a curated selection — and we deliver it straight to their door. Buy Gift ...",data\discovery\mass-harvest-v5\clean-v5.2\global-review.csv | data\discovery\mass-harvest-v5\clean-v5.3\global-review.csv | data\discovery\mass-harvest-v5\clean-v5.4\review.csv | data\discovery\mass-harvest-v5\clean-v5.5\review.csv | data\discovery\review-universe-v1\still-review.csv | data\discovery\review-universe-v5\manual-review.csv
REVIEW,plausible_giftcard_but_needs_human_check,ricki.app,Top 10 Most Popular Gift Card Types in Germany 2026 - Ricki,https://www.ricki.app/blog/popular-gift-card-types-in-germany,Top 10 Most Popular Gift Card Types in Germany 2026 - Ricki,100,1,Top 10 Most Popular Gift Card Types in Germany 2026 · 1. Amazon Gift Cards · 2. Google Play Gift Cards · 3. Apple App Store & iTunes Gift Cards · 4. Steam Gift ...,data\discovery\mass-harvest-v5\clean-v5.4\review.csv | data\discovery\mass-harvest-v5\clean-v5.5\review.csv
REVIEW,plausible_giftcard_but_needs_human_check,rmleathersupply.com,Electronic Gift Card - Rocky Mountain Leather Supply,https://www.rmleathersupply.com/products/gift-card?srsltid=AfmBOop0OwLjiXkLggUSLqd0ZZMIDdNSYmMXTNbuTlYTOrHCEPD5QN6Y,Electronic Gift Card - Rocky Mountain Leather Supply,100,4,Choose Amount: $10.00 ... Shopping for someone else but not sure what to give them? Give them the gift of choice with a Rocky Mountain Leather Supply gift card.,data\discovery\mass-harvest-v5\clean-v5.2\global-review.csv | data\discovery\mass-harvest-v5\clean-v5.3\global-review.csv | data\discovery\mass-harvest-v5\clean-v5.4\review.csv | data\discovery\mass-harvest-v5\clean-v5.5\review.csv | data\discovery\review-universe-v1\still-review.csv | data\discovery\review-universe-v5\manual-review.csv
REVIEW,plausible_giftcard_but_needs_human_check,robo.com.cy,ROBO Gift Voucher €100 - Electronics Gift Card Cyprus,https://robo.com.cy/products/robo-gift-voucher-100?srsltid=AfmBOopInlynQ7C8YGSYn1wYHtOo6Aynzdv13C_8QHXvdJ2R3Ndu_RhI,ROBO Gift Voucher €100 - Electronics Gift Card Cyprus,100,5,"Buy €100 ROBO gift voucher in Cyprus. Perfect gift for electronics enthusiasts, makers, and students. Redeemable on all products. Digital delivery.",data\discovery\mass-harvest-v5\clean-v5.2\global-review.csv | data\discovery\mass-harvest-v5\clean-v5.3\global-review.csv | data\discovery\mass-harvest-v5\clean-v5.4\review.csv | data\discovery\mass-harvest-v5\clean-v5.5\review.csv | data\discovery\mega-harvest-v6\clean-v6\review.csv | data\discovery\review-universe-v1\still-review.csv | data\discovery\review-universe-v5\manual-review.csv
REVIEW,plausible_giftcard_but_needs_human_check,rockettstgeorge.co.uk,Rockettstgeorge,https://www.rockettstgeorge.co.uk/products/gift-voucher,E-Gift Voucher - £10.00,100,1,... Lighting · NEW Gifts · Collections · Back In Stock · Bestsellers · Festival · Animal ... Gift Voucher. E-Gift Voucher. Description. We will email a ...,data\discovery\mega-harvest-v6\clean-v6\review.csv | data\discovery\review-universe-v1\still-review.csv | data\discovery\review-universe-v5\manual-review.csv
REVIEW,plausible_giftcard_but_needs_human_check,rockshop.co.nz,Gift Voucher Rockshop,https://www.rockshop.co.nz/gift-voucher?srsltid=AfmBOoqy8XDTx4mlBQnolOaX-R_DcH6LH0s7aAMbo0Zfj-u-BxG56-y-,Gift Voucher Rockshop,100,4,You can check your balance of your Gift Card here. ROCKSHOP & KBB MUSIC ELECTRONIC GIFT VOUCHER · ROCKSHOP & KBB MUSIC GIFT CARD VOUCHER - PHYSICAL GIFT CARD.,data\discovery\mass-harvest-v5\clean-v5.2\global-review.csv | data\discovery\mass-harvest-v5\clean-v5.3\global-review.csv | data\discovery\mass-harvest-v5\clean-v5.4\review.csv | data\discovery\mass-harvest-v5\clean-v5.5\review.csv | data\discovery\review-universe-v1\still-review.csv | data\discovery\review-universe-v5\manual-review.csv
REVIEW,plausible_giftcard_but_needs_human_check,rocsgrp.com,Gift Voucher | ROCS Group,https://www.rocsgrp.com/gift-voucher,Gift Voucher | ROCS Group,100,4,ABOUT MALTA · OPPORTUNITIES · CONTACT US · JOBS · WHO WE ARE · ROCS SERVICES ... Gift Voucher · Official Press Release · Press Archive. Work with Us​. ​. Careers.,data\discovery\mass-harvest-v5\clean-v5.2\global-review.csv | data\discovery\mass-harvest-v5\clean-v5.3\global-review.csv | data\discovery\mass-harvest-v5\clean-v5.4\review.csv | data\discovery\mass-harvest-v5\clean-v5.5\review.csv | data\discovery\review-universe-v1\still-review.csv
REVIEW,plausible_giftcard_but_needs_human_check,rodirestaurants.co.uk,Gift Vouchers | Rodi Greek Restaurant Welwyn,https://rodirestaurants.co.uk/gift-vouchers,Gift Vouchers | Rodi Greek Restaurant Welwyn,100,4,"... gift voucher is a thoughtful and memorable gift for anyone who loves great food. To request a voucher, fill out the form below with your details and we'll ...",data\discovery\mass-harvest-v5\clean-v5.3\greece-market-review.csv | data\discovery\mass-harvest-v5\clean-v5.4\review.csv | data\discovery\mass-harvest-v5\clean-v5.5\review.csv | data\discovery\mega-harvest-v6\clean-v6\review.csv | data\discovery\review-universe-v1\still-review.csv
REVIEW,plausible_giftcard_but_needs_human_check,rolepilot.shop,Mid-Level Gift Card Programmes & Mystery Shopping Pet ...,https://rolepilot.shop/mid-gift-card-programmes-mystery-shopping-pet-shop-owner-for-home-improvement-jobs-in-asnieres-sur-seine-at-ashton-wenley-search,Mid-Level Gift Card Programmes & Mystery Shopping Pet ...,100,1,Tools & technology you'll use. Franchise SupportGift Card ... Chalandri MunicipalityJobs in OccitaniaJobs in Ash Sharqiyah North ...,data\discovery\mega-harvest-v6\clean-v6\review.csv | data\discovery\review-universe-v1\still-review.csv | data\discovery\review-universe-v5\manual-review.csv
REVIEW,plausible_giftcard_but_needs_human_check,romania-insider.com,Feeling lucky? Biggest mall in Romania offers RON ...,https://www.romania-insider.com/afi-cotroceni-mall-gift-card,Feeling lucky? Biggest mall in Romania offers RON ...,60,5,"Feeling lucky? Biggest mall in Romania offers RON 100,000 gift card for shopping.",data\discovery\mass-harvest-v5\clean-v5.1\review.csv | data\discovery\mass-harvest-v5\clean-v5.2\manual-review.csv | data\discovery\mass-harvest-v5\clean-v5.3\global-review.csv | data\discovery\mass-harvest-v5\clean-v5.4\review.csv | data\discovery\mass-harvest-v5\clean-v5.5\review.csv | data\discovery\review-universe-v1\still-review.csv | data\discovery\review-universe-v5\manual-review.csv
REVIEW,plausible_giftcard_but_needs_human_check,roomcard.com,for Grand Hyatt Athens,https://roomcard.com/hotel/grand-hyatt-athens/30458802,Gift Card for Grand Hyatt Athens,80,8,"Give a personalised hotel gift card for Grand Hyatt Athens with Roomcard, the digital hotel gift card that can be used to book hotels all around the world.",data\discovery\focused-harvest-v7\clean-v7\review.csv | data\discovery\focused-harvest-v7-run1-backup\clean-v7\review.csv | data\discovery\mass-harvest-v5\clean-v5.1\review.csv | data\discovery\mass-harvest-v5\clean-v5.2\manual-review.csv | data\discovery\mass-harvest-v5\clean-v5.3\global-review.csv | data\discovery\mass-harvest-v5\clean-v5.4\review.csv | data\discovery\mass-harvest-v5\clean-v5.5\review.csv | data\discovery\mega-harvest-v6\clean-v6\review.csv | data\discovery\review-universe-v1\still-review.csv
REVIEW,plausible_giftcard_but_needs_human_check,rootshair.gr,Gift card | My Site - Roots Hair Salon,https://www.rootshair.gr/product-page/mini-usb-c-curl-tong,Gift card | My Site - Roots Hair Salon,80,1,Με την Gift Card από το Roots Hair Salon μπορούν να επιλέξουν την υπηρεσία που τους ταιριάζει και να απολαύσουν μια premium εμπειρία ανανέωσης. Το ιδανικό ...,data\discovery\mass-harvest-v5\clean-v5.1\review.csv | data\discovery\mass-harvest-v5\clean-v5.2\manual-review.csv | data\discovery\mass-harvest-v5\clean-v5.3\global-review.csv | data\discovery\mass-harvest-v5\clean-v5.4\review.csv | data\discovery\mass-harvest-v5\clean-v5.5\review.csv | data\discovery\mega-harvest-v6\clean-v6\review.csv
REVIEW,plausible_giftcard_but_needs_human_check,roroshotellene.no,Gift Cards | Experiences at Røroshotellene,https://www.roroshotellene.no/en/buy-gift-cards,Gift Cards | Experiences at Røroshotellene,100,4,Gift card with Historic Hotels & Restaurants in Norway. The perfect gift card for those seeking unique experiences! Book now. Røroshotellene contact info and ...,data\discovery\mass-harvest-v5\clean-v5.2\global-review.csv | data\discovery\mass-harvest-v5\clean-v5.3\global-review.csv | data\discovery\mass-harvest-v5\clean-v5.4\review.csv | data\discovery\mass-harvest-v5\clean-v5.5\review.csv | data\discovery\review-universe-v1\still-review.csv | data\discovery\review-universe-v5\manual-review.csv
REVIEW,plausible_giftcard_but_needs_human_check,roumeliotis-sm.gr,Μην το χάσετε! Κερδίστε δωροεπιταγή 6 € με αγορές άνω ...,https://roumeliotis-sm.gr/el/2025/03/22/doroepitagi-6euro-mhn-to-xasete/,Μην το χάσετε! Κερδίστε δωροεπιταγή 6 € με αγορές άνω ...,80,2,"Με κάθε 50€ αγορών σε μία απόδειξη, αγορές στα καταστήματα Toys & More και Super Market Ρουμελιώτης Γαστούνης, ο πελάτης λαμβάνει δωροεπιταγή ...",data\discovery\focused-harvest-v7\clean-v7\review.csv | data\discovery\focused-harvest-v7-run1-backup\clean-v7\review.csv | data\discovery\review-universe-v1\still-review.csv | data\discovery\review-universe-v4-1\manual-review.csv
REVIEW,plausible_giftcard_but_needs_human_check,roundtravel.gr,Roundtravel,https://roundtravel.gr,Όροι Χρήσης Δωροκάρτας Round Travel,,1,"Wave2Bucket=HIGH_SAFE | Wave2Score=70 | Wave2Reasons=GIFT_TITLE | GREEK_DOMAIN | MULTI_QUERY | MULTI_HIT | Queries=site:.gr ταξίδια ""gift card"" | site:.gr travel agency ""gift card"" | site:.gr tours ""gift card"" | site:.gr cruise ""gift card"" | Imported to DISCOVERED only; requires verification before production.",DB:DISCOVERED:cmt9y14oe0006pwiy8871wk1k
REVIEW,plausible_giftcard_but_needs_human_check,rowit.gr,1 δωροεπιταγή αξίας 30€ Fitness Nutrition – Στάμκος Βαγγέλης ...,https://rowit.gr/tag/1-%CE%B4%CF%89%CF%81%CE%BF%CE%B5%CF%80%CE%B9%CF%84%CE%B1%CE%B3%CE%AE-%CE%B1%CE%BE%CE%AF%CE%B1%CF%82-30e-fitness-nutrition-%CF%83%CF%84%CE%AC%CE%BC%CE%BA%CE%BF%CF%82-%CE%B2%CE%B1%CE%B3%CE%B3/,1 δωροεπιταγή αξίας 30€ Fitness Nutrition – Στάμκος Βαγγέλης ...,80,2,1 δωροεπιταγή αξίας 30€ Fitness Nutrition – Στάμκος Βαγγέλης. Rowit Τελευταία Νέα 1 δωροεπιταγή αξίας 30€ Fitness Nutrition – Στάμκος Βαγγέλης. Όμιλοι · Οι ...,data\discovery\focused-harvest-v7\clean-v7\review.csv | data\discovery\focused-harvest-v7-run1-backup\clean-v7\review.csv | data\discovery\review-universe-v1\still-review.csv | data\discovery\review-universe-v4-1\manual-review.csv
REVIEW,plausible_giftcard_but_needs_human_check,roxynailsparis.com,Roxy Nails Paris gift card,https://roxynailsparis.com/en/products/gift-card,Roxy Nails Paris gift card,100,1,"Roxy Nails Paris gift card ; Montant. €20.00 €30.00 €50.00 €100.00 €200.00 ; What's included. Your press-on nail kit contains: - a full range of nail sizes, from ...",data\discovery\mega-harvest-v6\clean-v6\review.csv | data\discovery\review-universe-v2\manual-review.csv
REVIEW,plausible_giftcard_but_needs_human_check,royalcaribbean.com,Royal Caribbean Gift Card,https://www.royalcaribbean.com/programs/gift-cards,Royal Caribbean Gift Card,100,1,ROYAL CARIBBEAN GIFT CARD. BUY NOW. Royal Birthday Bash Banner birthday ... Largest cruise ships · Family vacations · Cruise ports near me · Royal weddings ...,data\discovery\mega-harvest-v6\clean-v6\review.csv | data\discovery\review-universe-v2\manual-review.csv
REVIEW,plausible_giftcard_but_needs_human_check,rumpf.net,"Gift voucher 15,00 Euro",https://rumpf.net/en/gift-voucher-15-00-euro-G-15,"Gift voucher 15,00 Euro",100,1,"Dance Sports Clothing, Shoes & Accessories order here ✓ Coupon □ Super TIP ... Gift voucher 15,00 Euro. Product number: G-15. €15.00. Prices incl. VAT ...",data\discovery\mass-harvest-v5\clean-v5.4\review.csv | data\discovery\mass-harvest-v5\clean-v5.5\review.csv
REVIEW,plausible_giftcard_but_needs_human_check,russianlabnails.com,Russian Lab Nails Gift Card,https://russianlabnails.com/en/products/buono-regalo-russian-lab-nails,Russian Lab Nails Gift Card,80,1,Russian Lab Nails gift voucher valid for professional products and SK Academy training. Digital code sent via email.,data\discovery\mega-harvest-v6\clean-v6\review.csv | data\discovery\review-universe-v2\manual-review.csv
REVIEW,plausible_giftcard_but_needs_human_check,s-lahjakortti.fi,S Group gift card is a favourite gift,https://www.s-lahjakortti.fi/en/private/,S Group gift card is a favourite gift,80,5,"The S Group gift card can be used for payment at as many as 1,500 S Group outlets throughout Finland, and the recipient is free to choose a present to suit ...",data\discovery\mass-harvest-v5\clean-v5.1\review.csv | data\discovery\mass-harvest-v5\clean-v5.2\manual-review.csv | data\discovery\mass-harvest-v5\clean-v5.3\global-review.csv | data\discovery\mass-harvest-v5\clean-v5.4\review.csv | data\discovery\mass-harvest-v5\clean-v5.5\review.csv | data\discovery\review-universe-v1\still-review.csv | data\discovery\review-universe-v5\manual-review.csv
REVIEW,plausible_giftcard_but_needs_human_check,sailionian.com,Holiday Gift Vouchers | Sail Ionian Lefkada Greece,https://www.sailionian.com/gift-vouchers/,Holiday Gift Vouchers | Sail Ionian Lefkada Greece,100,4,"Types of RYA Courses · Competent Crew ... Whether it's for Christmas, a special Birthday or an anniversary - a gift voucher is thoughtful for any occasion...",data\discovery\mass-harvest-v5\clean-v5.3\greece-market-review.csv | data\discovery\mass-harvest-v5\clean-v5.4\review.csv | data\discovery\mass-harvest-v5\clean-v5.5\review.csv | data\discovery\mega-harvest-v6\clean-v6\review.csv | data\discovery\review-universe-v3\manual-review.csv
REVIEW,plausible_giftcard_but_needs_human_check,sailstar.org,Gift card – sailing course | Sailstar,https://www.sailstar.org/presentkort.html,Gift card – sailing course | Sailstar,85,5,Give the gift of sailing! Buy a Sailstar gift card for any of our sailing courses in Stockholm or Greece.,data\discovery\mass-harvest-v5\clean-v5.1\review.csv | data\discovery\mass-harvest-v5\clean-v5.2\manual-review.csv | data\discovery\mass-harvest-v5\clean-v5.3\global-review.csv | data\discovery\mass-harvest-v5\clean-v5.4\review.csv | data\discovery\mass-harvest-v5\clean-v5.5\review.csv | data\discovery\review-universe-v3\manual-review.csv
REVIEW,plausible_giftcard_but_needs_human_check,saltydreamers.com,Ocean Jewelry Gift Card - Voucher - Salty Dreamers,https://saltydreamers.com/collections/giftcard,Ocean Jewelry Gift Card - Voucher - Salty Dreamers,100,1,"Greece EUR €; Hungary HUF Ft; Ireland EUR €; Italy EUR €; Latvia EUR ... With a Salty Dreamers gift voucher, you'll always be right! The recipient ...",data\discovery\mega-harvest-v6\clean-v6\review.csv | data\discovery\review-universe-v3\manual-review.csv
REVIEW,plausible_giftcard_but_needs_human_check,salzburgadventures.com,GIft vouchers for activites in Salzburg,https://www.salzburgadventures.com/en/vouchers,GIft vouchers for activites in Salzburg,80,1,"... Austria"". Give away experiences that will be remembered! Configure voucher. gift voucher. Gift voucher for a selected offer. Prepaid Value Coupon. Valid for our ...",data\discovery\mass-harvest-v5\clean-v5.1\review.csv | data\discovery\mass-harvest-v5\clean-v5.2\manual-review.csv | data\discovery\mass-harvest-v5\clean-v5.3\global-review.csv | data\discovery\mass-harvest-v5\clean-v5.4\review.csv | data\discovery\mass-harvest-v5\clean-v5.5\review.csv
REVIEW,plausible_giftcard_but_needs_human_check,samosbooks.gr,Αγοράστε μία Δωροεπιταγή,https://www.samosbooks.gr/index.php?route,Αγοράστε μία Δωροεπιταγή,85,2,Αγοράστε μία Δωροεπιταγή. O Λογαριασμός μου · Αγορά Δωροεπιταγής. Αυτή η δωροεπιταγή θα αποσταλεί μέ e-mail στον παραλήπτη αφού ολοκληρωθεί ή πληρωμή σας.,data\discovery\focused-harvest-v7\clean-v7\review.csv | data\discovery\focused-harvest-v7-run1-backup\clean-v7\review.csv | data\discovery\review-universe-v1\still-review.csv | data\discovery\review-universe-v4-1\manual-review.csv
REVIEW,plausible_giftcard_but_needs_human_check,sanahotels.com,Gift Voucher Card - EPIC SANA Marquês,https://www.sanahotels.com/en/hotel/epic-sana-marques/vouchers/sayanna-spa-gift-card/,Gift Voucher Card - EPIC SANA Marquês,100,4,GIFT VOUCHER SAYANNA WELLNESS & SPA. Offer a wellness experience to someone you love. And why not allow someone truly special to reach a state of pure ...,data\discovery\mass-harvest-v5\clean-v5.2\global-review.csv | data\discovery\mass-harvest-v5\clean-v5.3\global-review.csv | data\discovery\mass-harvest-v5\clean-v5.4\review.csv | data\discovery\mass-harvest-v5\clean-v5.5\review.csv | data\discovery\review-universe-v1\still-review.csv | data\discovery\review-universe-v5\global-greece-review.csv
REVIEW,plausible_giftcard_but_needs_human_check,sandboxsu.com,Audio Gift Card,https://sandboxsu.com/products/audio-gift-card?srsltid=AfmBOorWfdszl0Ss7GDDhbsztix3rB4l5_0xom-Jhz_Q_fHLppeckZVr,Audio Gift Card,100,1,"Audio Gift Card. Sale priceLE 85.00 Regular priceLE 100.00. Voice Your Love, and gift an audio card to keep forever! How does it work: 1. Once ...",data\discovery\mega-harvest-v6\clean-v6\review.csv | data\discovery\review-universe-v1\still-review.csv | data\discovery\review-universe-v5\manual-review.csv
REVIEW,plausible_giftcard_but_needs_human_check,santorini.net,25-200 - Santorini Eshop,https://www.santorini.net/shop/gift-cards/gift-card-25/,Gift Card 25-200 - Santorini Eshop,100,5,Beauty & SkinCare · Gifts & Souvenirs · Home & Living · About Santorini ... Santorini eshop gift card 25-200 · Shop / Gift cards. Gift Card 25-200€. Eshop ...,data\discovery\focused-harvest-v7-run1-backup\clean-v7\review.csv | data\discovery\mass-harvest-v5\clean-v5.3\greece-market-review.csv | data\discovery\mass-harvest-v5\clean-v5.4\review.csv | data\discovery\mass-harvest-v5\clean-v5.5\review.csv | data\discovery\mega-harvest-v6\clean-v6\review.csv | data\discovery\review-universe-v3\manual-review.csv
REVIEW,plausible_giftcard_but_needs_human_check,santorinigreekgrill.com,Santorini Greek Grill Gift Cards,https://santorinigreekgrill.com/gift-cards,Santorini Greek Grill Gift Cards,100,1,Buy Santorini Greek Grill gift cards online. The perfect gift for any occasion. Send a gift card instantly to family or friends.,data\discovery\mass-harvest-v5\clean-v5.3\greece-market-review.csv | data\discovery\mass-harvest-v5\clean-v5.4\review.csv | data\discovery\mass-harvest-v5\clean-v5.5\review.csv
REVIEW,plausible_giftcard_but_needs_human_check,santorinijewelry.shop,Shop,https://www.santorinijewelry.shop/products/gift-card?srsltid=AfmBOooEiOCKRZ6pZJGcDWNMF5aS2KPrsW_MSikQaKJhEYuBqvP8V08x,GIFT CARD,100,1,Refer to our Privacy Policy for more information. אשר דחה. תקריב. GIFT CARD. Santorini Jewelry. GIFT CARD. מחיר מבצע100.00 ₪. סכום המתנה:.,data\discovery\focused-harvest-v7-run1-backup\clean-v7\review.csv | data\discovery\review-universe-v1\still-review.csv
REVIEW,plausible_giftcard_but_needs_human_check,santorininapanee.com,Loyalty & Gift Cards,https://santorininapanee.com/loyalty-gift-card/?srsltid=AfmBOoqefjYcgZegjHNSV8RZ-TW_1P89wbvnL-sQI9U_40A5zqBPdm99,Loyalty & Gift Cards,100,3,how to purchase a gift card: You can purchase a Santorini Mediterranean Grill Gift Card either in-store or online. Simply choose the amount you'd like to load ...,data\discovery\mass-harvest-v5\clean-v5.3\greece-market-review.csv | data\discovery\mass-harvest-v5\clean-v5.4\review.csv | data\discovery\mass-harvest-v5\clean-v5.5\review.csv | data\discovery\review-universe-v1\still-review.csv
REVIEW,plausible_giftcard_but_needs_human_check,santorinipizza.com,Santorini Pizza & Pasta Gift Cards,https://santorinipizza.com/gift-cards,Santorini Pizza & Pasta Gift Cards,100,1,"Give the gift of a delicious meal with our restaurant gift cards! Perfect for any occasion, our gift cards can be used for takeout or delivery. Gift Card Amount.",data\discovery\focused-harvest-v7-run1-backup\clean-v7\review.csv
REVIEW,plausible_giftcard_but_needs_human_check,santorinirestaurantgrillbar.com.au,Santorini Restaurant Grill Bar,https://www.santorinirestaurantgrillbar.com.au/gift-vouchers,Santorini Restaurant Grill Bar - Gift vouchers,70,4,Santorini Restaurant Grill Bar ...,data\discovery\focused-harvest-v7-run1-backup\clean-v7\review.csv | data\discovery\mass-harvest-v5\clean-v5.3\greece-market-review.csv | data\discovery\mass-harvest-v5\clean-v5.4\review.csv | data\discovery\mass-harvest-v5\clean-v5.5\review.csv | data\discovery\review-universe-v1\still-review.csv
REVIEW,plausible_giftcard_but_needs_human_check,santorinizenspa.travelotopos.com,Surprise a friend with a Gift Card - Santorini Zen Spa,https://santorinizenspa.travelotopos.com/gift-vouchers,Surprise a friend with a Gift Card - Santorini Zen Spa,70,1,Back to: Santorini Zen Spa. Pick a date. Spa Services in Akrotiri. Aromatherapy Single massages in Akrotiri · Aromatherapy Massage Packages for Couples in ...,data\discovery\focused-harvest-v7-run1-backup\clean-v7\review.csv | data\discovery\review-universe-v1\still-review.csv
REVIEW,plausible_giftcard_but_needs_human_check,sanyamalta.com,Gift Cards - Sanya: Eco Spa,https://sanyamalta.com/gift-cards/,Gift Cards - Sanya: Eco Spa,100,4,"services (yoga, eco spa & treatments, clinic, health bar). You can purchase a gift card online here, or get a physical voucher from our Spa in Naxxar, Malta.",data\discovery\mass-harvest-v5\clean-v5.2\global-review.csv | data\discovery\mass-harvest-v5\clean-v5.3\global-review.csv | data\discovery\mass-harvest-v5\clean-v5.4\review.csv | data\discovery\mass-harvest-v5\clean-v5.5\review.csv | data\discovery\review-universe-v1\still-review.csv | data\discovery\review-universe-v5\manual-review.csv
REVIEW,plausible_giftcard_but_needs_human_check,saunainter.com,GIFT VOUCHER 1000 - Saunainter Latvia,https://www.saunainter.com/lv/de/geschenkidee/geschenkgutschein/gift-card-1000/,GIFT VOUCHER 1000 - Saunainter Latvia,100,1,"... lightingHARVIA Lighting · CARIITTI LIGHTING · Fiber ... GIFT VOUCHER 1000. Select gift card. Gift card value ... Greece, Greenland, Grenada, Guadeloupe, Guam ...",data\discovery\mega-harvest-v6\clean-v6\review.csv
REVIEW,plausible_giftcard_but_needs_human_check,sausalitoferry.com,Gift Card for Sausalito Ferry Co. Toy Store,https://www.sausalitoferry.com/products/gift-card,Gift Card for Sausalito Ferry Co. Toy Store,100,1,"Greece (EUR €) ... Sausalito Ferry gift card with $25 value featuring Golden Gate Bridge silhouette and ""Keep Sausalito.",data\discovery\mass-harvest-v5\clean-v5.3\greece-market-review.csv | data\discovery\mass-harvest-v5\clean-v5.4\review.csv | data\discovery\mass-harvest-v5\clean-v5.5\review.csv | data\discovery\mega-harvest-v6\clean-v6\review.csv
REVIEW,plausible_giftcard_but_needs_human_check,savinskin.com,Gift Cards | SAVIN'SKIN | Romania's Clean Beauty Store,https://savinskin.com/collections/gift-cards?srsltid=AfmBOoonX72kelnEfhQUeu2R9_QYKySTJ9x3qtPdOzPuewxlWXa5Z-la,Gift Cards | SAVIN'SKIN | Romania's Clean Beauty Store,100,4,"Replacing traditional gifts, THE GIFT CARD is the perfect solution for allowing your loved ones to fully customize their routine and adjust it to their own ...",data\discovery\mass-harvest-v5\clean-v5.2\global-review.csv | data\discovery\mass-harvest-v5\clean-v5.3\global-review.csv | data\discovery\mass-harvest-v5\clean-v5.4\review.csv | data\discovery\mass-harvest-v5\clean-v5.5\review.csv | data\discovery\review-universe-v2\manual-review.csv
REVIEW,plausible_giftcard_but_needs_human_check,scandichotels.com,Hotel Gift Cards,https://www.scandichotels.com/en/offers/gift-card,Hotel Gift Cards,100,4,Hotel gift card. Give a hotel stay including a delicious breakfast; Or a ... Denmark · Finland · Germany · Norway · Sweden. Order 10 or more gift cards. If you'd ...,data\discovery\mass-harvest-v5\clean-v5.2\global-review.csv | data\discovery\mass-harvest-v5\clean-v5.3\global-review.csv | data\discovery\mass-harvest-v5\clean-v5.4\review.csv | data\discovery\mass-harvest-v5\clean-v5.5\review.csv | data\discovery\review-universe-v1\still-review.csv | data\discovery\review-universe-v5\global-greece-review.csv
REVIEW,plausible_giftcard_but_needs_human_check,scarpa.com,Scarpa,https://scarpa.com/pages/e-gift-card-terms-conditions,E-Gift Card Terms & Conditions,100,5,"The E-Gift Card is an unnamed bearer gift voucher ... Keep in touch with fresh new releases, product try out tours and events, join our community of outdoor ...",data\discovery\mass-harvest-v5\clean-v5.2\global-review.csv | data\discovery\mass-harvest-v5\clean-v5.3\global-review.csv | data\discovery\mass-harvest-v5\clean-v5.4\review.csv | data\discovery\mass-harvest-v5\clean-v5.5\review.csv | data\discovery\mega-harvest-v6\clean-v6\review.csv | data\discovery\review-universe-v2\manual-review.csv
REVIEW,plausible_giftcard_but_needs_human_check,scrapsnpieces.gr,Δωροεπιταγή 20 Ευρώ,https://scrapsnpieces.gr/%CE%B4%CF%89%CF%81%CE%BF%CE%B5%CF%80%CE%B9%CF%84%CE%B1%CE%B3%CE%AE-20?srsltid=AfmBOoqyp4hMp4Iupb5DBia2mlB3e-8mmCDkytinj9xkVNpTxQG3uf8C,Δωροεπιταγή 20 Ευρώ,85,1,"Δωροεπιταγή 20 Ευρώ ... Κάντε ένα δώρο αξίας 20 ευρώ στους φίλους σας για να αγοράσουν ότι τους αρέσει, και στείλτε το κατ' ευθείαν στο email τους. Δες και αυτά.",data\discovery\mass-harvest-v5\clean-v5.1\review.csv | data\discovery\mass-harvest-v5\clean-v5.2\manual-review.csv | data\discovery\mass-harvest-v5\clean-v5.3\global-review.csv | data\discovery\mass-harvest-v5\clean-v5.4\review.csv | data\discovery\mass-harvest-v5\clean-v5.5\review.csv
REVIEW,plausible_giftcard_but_needs_human_check,scribd.com,Bodia Spa Gift Voucher Sale | PDF,https://www.scribd.com/document/963602296/Vouchers-Treatment-Massage-Bodia-Spa-Cambodia,Bodia Spa Gift Voucher Sale | PDF,80,1,Bodia Spa Gift Voucher Sale. Uploaded by. fmzmjjj49q. AI ... Bodia Spa Gift Voucher Sale. Uploaded by ... Corfu Spa Treatment Price List. 22 pages. Final ...,data\discovery\focused-harvest-v7\clean-v7\review.csv | data\discovery\focused-harvest-v7-run1-backup\clean-v7\review.csv | data\discovery\mass-harvest-v5\clean-v5.5\review.csv
REVIEW,plausible_giftcard_but_needs_human_check,secretgardenglass.fr,Gift Vouchers,https://www.secretgardenglass.fr/en/collections/gift-vouchers,Gift Vouchers,100,1,Greece EUR €; Hungary EUR €; Ireland EUR €; Italy EUR ... Secret Garden Gift Voucher for the online shop ...,data\discovery\mega-harvest-v6\clean-v6\review.csv | data\discovery\review-universe-v1\still-review.csv | data\discovery\review-universe-v5-1\manual-review.csv
REVIEW,plausible_giftcard_but_needs_human_check,selecteyewear.com,Gift Card,https://selecteyewear.com/pages/gift-card?srsltid=AfmBOoqgicAT-zh04vnpIm6Jc0O1R1p0uG3AyEc7Lp0mge5AtOewB5fC,Gift Card,100,5,BERLIN EYEWEARMODO EYEWEARSAINT LAURENT EYEWEARTOM FORD EYEWEAR. BEST SELLERS ... Can I use the gift card on sale items? Yes! Gift cards can be used on ...,data\discovery\mass-harvest-v5\clean-v5.2\global-review.csv | data\discovery\mass-harvest-v5\clean-v5.3\global-review.csv | data\discovery\mass-harvest-v5\clean-v5.4\review.csv | data\discovery\mass-harvest-v5\clean-v5.5\review.csv | data\discovery\mega-harvest-v6\clean-v6\review.csv | data\discovery\review-universe-v1\still-review.csv | data\discovery\review-universe-v5\manual-review.csv
REVIEW,plausible_giftcard_but_needs_human_check,sendachoice.com,Netherlands Fashion Choice Gift Card,https://sendachoice.com/category-gift-cards/netherlands/fashion,Netherlands Fashion Choice Gift Card,100,4,"Dress your best every day. Covers Clothing, Footwear, Accessories. EUR (€). SendaChoice from €15–120 THE GIFT OF CHOICE NETHERLANDS FASHION CHOICE GIFT CARD ...",data\discovery\mass-harvest-v5\clean-v5.2\global-review.csv | data\discovery\mass-harvest-v5\clean-v5.3\global-review.csv | data\discovery\mass-harvest-v5\clean-v5.4\review.csv | data\discovery\mass-harvest-v5\clean-v5.5\review.csv | data\discovery\review-universe-v1\still-review.csv | data\discovery\review-universe-v5\manual-review.csv
REVIEW,plausible_giftcard_but_needs_human_check,sendvalu.com,Send Gift Cards to Greece Instantly,https://www.sendvalu.com/en/send-digital-gift-cards-to-greece,Send Gift Cards to Greece Instantly,100,1,"Easily transfer money or top up mobile phones to support and stay connected with loved ones. ... A gift card is more than a present, it's a way to show ...",data\discovery\mega-harvest-v6\clean-v6\review.csv | data\discovery\review-universe-v1\still-review.csv
REVIEW,plausible_giftcard_but_needs_human_check,senserestaurants.com,SENSE Restaurant Gift Cards,https://www.senserestaurants.com/gift-cards/,SENSE Restaurant Gift Cards,100,7,"... Athens with breathtaking views of the Acropolis. Ideal for birthdays, anniversaries, corporate gifting or festive occasions, a SENSE Gift Card ... Hotel) T ...",data\discovery\focused-harvest-v7\clean-v7\review.csv | data\discovery\focused-harvest-v7-run1-backup\clean-v7\review.csv | data\discovery\mass-harvest-v5\clean-v5.2\global-review.csv | data\discovery\mass-harvest-v5\clean-v5.3\global-review.csv | data\discovery\mass-harvest-v5\clean-v5.4\review.csv | data\discovery\mass-harvest-v5\clean-v5.5\review.csv | data\discovery\mega-harvest-v6\clean-v6\review.csv | data\discovery\review-universe-v1\still-review.csv | data\discovery\review-universe-v5-1\manual-review.csv
REVIEW,plausible_giftcard_but_needs_human_check,sephora.co.uk,Gift Cards | www.sephora.co.uk,https://www.sephora.co.uk/p/gift-cards?srsltid=AfmBOooqYHYQhkeNUYGzo11kFqNl02haTJO1nweM5iIUxWJJdALXpKw0,Gift Cards | www.sephora.co.uk,100,1,"www.sephora.co.uk - The Destination For Beauty. Cancel. Popular searches ... Can I buy a gift card with a discount?No, promotions or discounts are not ...",data\discovery\mass-harvest-v5\clean-v5.2\global-review.csv | data\discovery\mass-harvest-v5\clean-v5.3\global-review.csv | data\discovery\mass-harvest-v5\clean-v5.5\review.csv
REVIEW,plausible_giftcard_but_needs_human_check,sergionails.gr,Αγορά Δωροεπιταγής,https://sergionails.gr/agora-dwroepitaghs/,Αγορά Δωροεπιταγής,85,2,Τα καταστήματα Star Nails – Sergio ανταλλάσσουν την προσκομισθησόμενη δωροεπιταγή παραδίδοντας στον κομιστή εμπορεύματα τουλάχιστον ίσης ή μεγαλύτερης αξίας ...,data\discovery\focused-harvest-v7\clean-v7\review.csv | data\discovery\focused-harvest-v7-run1-backup\clean-v7\review.csv | data\discovery\review-universe-v1\still-review.csv | data\discovery\review-universe-v4-1\manual-review.csv
REVIEW,plausible_giftcard_but_needs_human_check,sessile-athens.com,Δωροκάρτα Sessile Athens 100€ | Retina Theme,https://sessile-athens.com/dwrokarta-sessile-athens-100/4aC1cD562DC7c21/en?sort=vk&srsltid=AfmBOoq-AFN_fF2dtxBPYaet51chLEzi_K5uPrwPxDvaX1CEPL2DHYXl,Δωροκάρτα Sessile Athens 100€ | Retina Theme,80,5,Η ηλεκτρονική Δωροκάρτα Sessile Athens είναι το ιδανικό δώρο για κάθε περίσταση. Ο παραλήπτης της μπορεί να πραγματοποιήσει Αγορές μέσω Sessile Athens ...,data\discovery\mass-harvest-v5\clean-v5.1\review.csv | data\discovery\mass-harvest-v5\clean-v5.2\manual-review.csv | data\discovery\mass-harvest-v5\clean-v5.3\global-review.csv | data\discovery\mass-harvest-v5\clean-v5.4\review.csv | data\discovery\mass-harvest-v5\clean-v5.5\review.csv | data\discovery\review-universe-v3\manual-review.csv
REVIEW,plausible_giftcard_but_needs_human_check,sgb-travel.com,Business Gift Voucher - SGB Travel,https://sgb-travel.com/business-tourism/business-gift-voucher/,Business Gift Voucher - SGB Travel,100,4,"The gift voucher is an official document, showing the right of his/her ... “SGB TRAVEL” Agency, owned by Serenity Group Bulgaria ltd. offers a wide ...",data\discovery\mass-harvest-v5\clean-v5.2\global-review.csv | data\discovery\mass-harvest-v5\clean-v5.3\global-review.csv | data\discovery\mass-harvest-v5\clean-v5.4\review.csv | data\discovery\mass-harvest-v5\clean-v5.5\review.csv | data\discovery\review-universe-v2\manual-review.csv
REVIEW,plausible_giftcard_but_needs_human_check,shandontravel.ie,The Ideal Present | Gift Vouchers,https://www.shandontravel.ie/gift-vouchers,The Ideal Present | Gift Vouchers,100,4,"Give your friends & family a little bit of the world with a Shandon Travel gift voucher, valid for 5 years. Buy gift certificates online, call 021 427 7094, ...",data\discovery\mass-harvest-v5\clean-v5.2\global-review.csv | data\discovery\mass-harvest-v5\clean-v5.3\global-review.csv | data\discovery\mass-harvest-v5\clean-v5.4\review.csv | data\discovery\mass-harvest-v5\clean-v5.5\review.csv | data\discovery\review-universe-v1\still-review.csv | data\discovery\review-universe-v5\manual-review.csv
REVIEW,plausible_giftcard_but_needs_human_check,shera.gr,Αγοράστε μία Δωροεπιταγή,https://shera.gr/index.php?route,Αγοράστε μία Δωροεπιταγή,85,2,"... Clothing Shop · 0 · 0 προϊόν(τα) - 0,00€ 0 · O Λογαριασμός μου · Αγορά Δωροεπιταγής. Αγοράστε μία Δωροεπιταγή. Αυτή η δωροεπιταγή θα αποσταλεί μέ e-mail στον ...",data\discovery\focused-harvest-v7\clean-v7\review.csv | data\discovery\focused-harvest-v7-run1-backup\clean-v7\review.csv | data\discovery\review-universe-v1\still-review.csv | data\discovery\review-universe-v4-1\manual-review.csv
REVIEW,plausible_giftcard_but_needs_human_check,shoeq.ae,Shoeq Gift Card,https://www.shoeq.ae/products/gift-card?srsltid=AfmBOoqykK5t7ixR44Gj-6ImWRhMMvmrSjiK1E6l06nrU8Hx3eGdQo5p,Shoeq Gift Card | Gift Voucher By ...,65,1,"Hania Luxe tan leather cushioned slides Dubai flat shoes Greece. HOT. Sold Out ... Handcrafted in Crete, Greece, these...",data\discovery\mega-harvest-v6\clean-v6\review.csv
REVIEW,plausible_giftcard_but_needs_human_check,shop.chrysler.org,Chrysler Museum Gift Card,https://shop.chrysler.org/products/chrysler-museum-gift-card?srsltid=AfmBOopJwRw32tmyHZB_XnK6pyfvJ63lcBD_kB-e-2n7W9pLXVQ74hbk,Chrysler Museum Gift Card,100,1,"Redeemable for Chrysler membership, programs, classes, and purchases in the Museum Shop · Not valid for Zinnia restaurant · Discounts do not apply to gift card ...",data\discovery\mega-harvest-v6\clean-v6\review.csv | data\discovery\review-universe-v2\manual-review.csv
REVIEW,plausible_giftcard_but_needs_human_check,shop.countrymusichalloffame.org,Museum Store Gift Card,https://shop.countrymusichalloffame.org/products/museum-store-gift-card?srsltid=AfmBOorVkJYoXShdlRHCn02riQEbcP_NqkFDUGimfj61yMzh_nRe4tzR,Museum Store Gift Card,100,1,Museum Store Gift Card. Sale price $10.00. Shipping calculated at checkout.,data\discovery\mega-harvest-v6\clean-v6\review.csv | data\discovery\review-universe-v1\still-review.csv | data\discovery\review-universe-v5\manual-review.csv
REVIEW,plausible_giftcard_but_needs_human_check,shop.khm.at,Gift Voucher 7 Museum Pass Young Adults,https://shop.khm.at/en/products/gutschein-junge-jahreskarte-100000000030859-1924-0?srsltid=AfmBOorHYAtwfjmLJx2Gj5u45Jl-gGLawGPb6xCeTK26_X6D5Fs2Q9E-,Gift Voucher 7 Museum Pass Young Adults,85,1,7 Museum Pass Young Adults Gift Voucher. Gift Voucher for the Annual Ticket U25 for young adults aged 19-25 years. Valid in conjunction with a photo ID. The ...,data\discovery\mega-harvest-v6\clean-v6\review.csv | data\discovery\review-universe-v1\still-review.csv | data\discovery\review-universe-v4\still-review.csv
REVIEW,plausible_giftcard_but_needs_human_check,shop.luvnroll.com,Com,https://shop.luvnroll.com/products/gift-voucher?srsltid=AfmBOop1SJIiZHGd70GoQHtaD7VEFJBt_lLAlZsxSEFspDqUzADu0XxV,Gift Voucher,100,2,Applicable for jewelry and clothing online and in shop. The gift card can ... Santorini Lookbook · PCP Lookbook. Back; COLLECTIONS; LNR SS23 · LNR SS22 ...,data\discovery\focused-harvest-v7-run1-backup\clean-v7\review.csv | data\discovery\mega-harvest-v6\clean-v6\review.csv | data\discovery\review-universe-v1\still-review.csv | data\discovery\review-universe-v5-1\manual-review.csv
REVIEW,plausible_giftcard_but_needs_human_check,shop.matfashion.com,Gift Card,https://shop.matfashion.com/blog/tag/gift-card/,Gift Card - Δωροκάρτα,100,1,Welcome to Mat Fashion! ... 18 August 2010. Real Size | Real Woman | Real Gift Card Τώρα δώστε σε αυτούς που αγαπάτε την πιο chic Gift Card. Gift Card ...,data\discovery\mega-harvest-v6\clean-v6\review.csv | data\discovery\review-universe-v1\still-review.csv | data\discovery\review-universe-v5\manual-review.csv
REVIEW,plausible_giftcard_but_needs_human_check,shop.mnhs.org,Org,https://shop.mnhs.org/products/e-gift-card?srsltid=AfmBOooBNsMqBk2-g5MD7J0Sf21naKWnrDJQY8SBgy4HWKo8JPqIJHP0,e-Gift Card – Minnesota Historical Society,100,1,"E-Gift Card for the Minnesota Historical Society Shop, featuring a gold design with a dollar sign and question mark. Ideal for shopping at museum stores or ...",data\discovery\mega-harvest-v6\clean-v6\review.csv | data\discovery\review-universe-v1\still-review.csv | data\discovery\review-universe-v5\manual-review.csv
REVIEW,plausible_giftcard_but_needs_human_check,shop.plesnik.si,Wellness Gift Voucher,https://shop.plesnik.si/products/wellness-gift-voucher-1,Wellness Gift Voucher,100,1,Wellness Gift Voucher · Delivered Instantly Via Email · Perfect Gift For Partner · Green Michelin Star Experience.,data\discovery\mega-harvest-v6\clean-v6\review.csv | data\discovery\review-universe-v1\still-review.csv | data\discovery\review-universe-v5\manual-review.csv
REVIEW,plausible_giftcard_but_needs_human_check,shop.themodernisthotels.com,The Modernist Gift Voucher,https://shop.themodernisthotels.com/product/the-modernist-gift-voucher/,The Modernist Gift Voucher,100,2,"The Modernist Gift Voucher. €100.00 – €2,000.00 Price range: €100.00 through €2,000.00. Offering your loved ones The Modernist experience has never been easier.",data\discovery\focused-harvest-v7\clean-v7\review.csv | data\discovery\focused-harvest-v7-run1-backup\clean-v7\review.csv | data\discovery\review-universe-v1\still-review.csv | data\discovery\review-universe-v5\global-greece-review.csv
REVIEW,plausible_giftcard_but_needs_human_check,shopanna.ie,"Christmas Gifts Tagged ""gift voucher""",https://www.shopanna.ie/collections/christmas-gifts/gift-voucher,"Christmas Gifts Tagged ""gift voucher""",100,1,"gift voucher, gifts · gloves · gold · gold earrings · gold ... santorini · sasstie · scarf · scarves · shoes · shoulder ... © 2026 Anna Fashion + Lifestyle. Crafted ...",data\discovery\focused-harvest-v7-run1-backup\clean-v7\review.csv | data\discovery\review-universe-v1\still-review.csv | data\discovery\review-universe-v5-1\manual-review.csv
REVIEW,plausible_giftcard_but_needs_human_check,shopanthrax.com,Gift cards,https://shopanthrax.com/gift-cards?srsltid,Gift cards,100,1,gift cards ; Gift Card 50 · €50.00 ; Gift Card 100 · €100.00 ; Gift Card 150 · €150.00.,data\discovery\mega-harvest-v6\clean-v6\review.csv | data\discovery\review-universe-v1\still-review.csv | data\discovery\review-universe-v5\manual-review.csv
REVIEW,plausible_giftcard_but_needs_human_check,shopdecor.com,Δωροκάρτα,https://shopdecor.com/el/products/gift-card,Δωροκάρτα,100,4,Gift Card Bronze - Buy now on ShopDecor - Discover the best products by SHOPDECOR design · Gift Card Gold - Buy now on ShopDecor - Discover the best products by ...,data\discovery\mass-harvest-v5\clean-v5.3\greece-market-review.csv | data\discovery\mass-harvest-v5\clean-v5.4\review.csv | data\discovery\mass-harvest-v5\clean-v5.5\review.csv | data\discovery\mega-harvest-v6\clean-v6\review.csv | data\discovery\review-universe-v1\still-review.csv | data\discovery\review-universe-v5\manual-review.csv
REVIEW,plausible_giftcard_but_needs_human_check,shopluckylane.com,Lucky Lane,https://shopluckylane.com/en/products/lucky-lane-presentkort?srsltid=AfmBOoo_RHXR-S-aVWm5rrmjw6O0CU1bGgkXgmUKxXowqM3HvrHg3-9Z,Lucky Lane - Gift Card,85,6,"Our gift card can be used on the entire range, from our comfortable hoodies to popular car accessories like key chains, air fresheners and decals. Perfect for ...",data\discovery\mass-harvest-v5\clean-v5.1\review.csv | data\discovery\mass-harvest-v5\clean-v5.2\manual-review.csv | data\discovery\mass-harvest-v5\clean-v5.3\global-review.csv | data\discovery\mass-harvest-v5\clean-v5.4\review.csv | data\discovery\mass-harvest-v5\clean-v5.5\review.csv | data\discovery\mega-harvest-v6\clean-v6\review.csv | data\discovery\review-universe-v1\still-review.csv | data\discovery\review-universe-v5\manual-review.csv
REVIEW,plausible_giftcard_but_needs_human_check,shopofpc.gr,Αγοράστε μία Δωροεπιταγή,https://shopofpc.gr/index.php?route,Αγοράστε μία Δωροεπιταγή,85,2,Αυτή η δωροεπιταγή θα αποσταλεί μέ e-mail στον παραλήπτη αφού ολοκληρωθεί ή πληρωμή σας. ... Close We use cookies to offer you the best experience on our site. By ...,data\discovery\focused-harvest-v7\clean-v7\review.csv | data\discovery\focused-harvest-v7-run1-backup\clean-v7\review.csv | data\discovery\review-universe-v1\still-review.csv | data\discovery\review-universe-v4-1\manual-review.csv
REVIEW,plausible_giftcard_but_needs_human_check,shutterstock.com,France 02 January 2025 Gift Card Stock Photo 2584148713,https://www.shutterstock.com/image-photo/france-02-january-2025-gift-card-2584148713,France 02 January 2025 Gift Card Stock Photo 2584148713,100,4,"Find France 02 January 2025 Gift Card stock images in HD and millions of other royalty-free stock photos, 3D objects, illustrations and ...",data\discovery\mass-harvest-v5\clean-v5.2\global-review.csv | data\discovery\mass-harvest-v5\clean-v5.3\global-review.csv | data\discovery\mass-harvest-v5\clean-v5.4\review.csv | data\discovery\mass-harvest-v5\clean-v5.5\review.csv | data\discovery\review-universe-v1\still-review.csv | data\discovery\review-universe-v5\manual-review.csv
REVIEW,plausible_giftcard_but_needs_human_check,sifnosstoneware.com,Gift Cards,https://www.sifnosstoneware.com/en/product-category/gift-cards/?srsltid=AfmBOoo4L5ixsOcxY_xf_JiYAyPpAsCd06o7-IySt4NOqq0KEAW-mwWm,Gift Cards,100,1,Accessories · Salt & Pepper · Pebble Bowls · Pebble Vases · Crystalline ... USEFUL INFORMATION. About Stoneware · Ceramic Process · Use and Care · Gift Voucher ...,data\discovery\mega-harvest-v6\clean-v6\review.csv | data\discovery\review-universe-v1\still-review.csv | data\discovery\review-universe-v5\manual-review.csv
REVIEW,plausible_giftcard_but_needs_human_check,simonacards.com,Gift voucher with a personal QR code printed with offset ...,https://simonacards.com/en/product/gift-voucher-with-a-personal-qr-code-printed-with-offset-technology,Gift voucher with a personal QR code printed with offset ...,100,5,Gift voucher with a personal QR code printed with offset technology · Gift card · Gift card with magnetic stripe · Gift card with barcode · Gift card with scratch ...,data\discovery\mass-harvest-v5\clean-v5.2\global-review.csv | data\discovery\mass-harvest-v5\clean-v5.3\global-review.csv | data\discovery\mass-harvest-v5\clean-v5.4\review.csv | data\discovery\mass-harvest-v5\clean-v5.5\review.csv | data\discovery\mega-harvest-v6\clean-v6\review.csv | data\discovery\review-universe-v1\still-review.csv | data\discovery\review-universe-v5\manual-review.csv
REVIEW,plausible_giftcard_but_needs_human_check,simple-toys.com,SIMPLE GIFT CARD.,https://www.simple-toys.com/en/products/carte-cadeau-simple?srsltid=AfmBOoolPx4zBgqd8Jh_50LA1Fy0SDRqz4rHT2TvD3yXzwuhbOlZGaiO,SIMPLE GIFT CARD.,80,6,"Any occasion is a good one to give our little toys. Choose the amount, your message and the day you want your E-Gift Card sent.",data\discovery\mass-harvest-v5\clean-v5.1\review.csv | data\discovery\mass-harvest-v5\clean-v5.2\manual-review.csv | data\discovery\mass-harvest-v5\clean-v5.3\global-review.csv | data\discovery\mass-harvest-v5\clean-v5.4\review.csv | data\discovery\mass-harvest-v5\clean-v5.5\review.csv | data\discovery\mega-harvest-v6\clean-v6\review.csv | data\discovery\review-universe-v1\still-review.csv | data\discovery\review-universe-v5\manual-review.csv
REVIEW,plausible_giftcard_but_needs_human_check,skandinavianbar.com,Purchase a Gift Card in Advance,https://www.skandinavianbar.com/mykonos-gift-card/,Purchase a Gift Card in Advance,100,4,Purchase a Skandinavian Bar Mykonos Gift Card for your Beloved Ones in Advance.Our Mykonos Gift Card is made to express Love and Friendship.,data\discovery\mass-harvest-v5\clean-v5.3\greece-market-review.csv | data\discovery\mass-harvest-v5\clean-v5.4\review.csv | data\discovery\mass-harvest-v5\clean-v5.5\review.csv | data\discovery\mega-harvest-v6\clean-v6\review.csv | data\discovery\review-universe-v1\still-review.csv | data\discovery\review-universe-v5-1\manual-review.csv
REVIEW,plausible_giftcard_but_needs_human_check,skateconnection.com.au,Au,https://www.skateconnection.com.au/collections/gift-card?srsltid=AfmBOoqbVlLDvWsVvBCqqvspeZQSzlSniu0fUVviTj_w0uyCNf1TSxvJ,Gift Card,70,1,Kids skateboards · Longboards and cruisers · Complete longboards · Complete ... Envy Kos Scooters · Envy Colt Scooters · Envy One Scooters · Envy Scooter Decks ...,data\discovery\focused-harvest-v7-run1-backup\clean-v7\review.csv | data\discovery\review-universe-v1\still-review.csv | data\discovery\review-universe-v5\manual-review.csv
REVIEW,plausible_giftcard_but_needs_human_check,skinhawk.de,Geschenkgutschein - Skinhawk gift voucher,https://skinhawk.de/en/products/gutschein?srsltid=AfmBOoq9mbZ04tQAwz0J3jYI3FqFQjF4GZJ0_7f1qZ3PWqX7dXiqsxCo,Geschenkgutschein - Skinhawk gift voucher,80,1,Skinhawk gift voucher - 25€ is backordered and will ship as soon as it is back in stock. Skinhawk gift vouchers for water sports and winter sports products.,data\discovery\mega-harvest-v6\clean-v6\review.csv | data\discovery\review-universe-v2\manual-review.csv
REVIEW,plausible_giftcard_but_needs_human_check,skinorea.com,SKINOREA gift card - K-beauty in Europe,https://skinorea.com/en/products/gift-card?srsltid=AfmBOor-rH64BS7YPm8QQMuyO6v5ws78tHGRQtF9h_JkFbtiNh-2r7Li,SKINOREA gift card - K-beauty in Europe,100,4,"Give the gift of choice with a €25 SKINOREA gift card. Valid for 1 year and delivered instantly by email, it's the perfect beauty and wellness gift for ...",data\discovery\mass-harvest-v5\clean-v5.2\global-review.csv | data\discovery\mass-harvest-v5\clean-v5.3\global-review.csv | data\discovery\mass-harvest-v5\clean-v5.4\review.csv | data\discovery\mass-harvest-v5\clean-v5.5\review.csv | data\discovery\review-universe-v2\manual-review.csv
REVIEW,plausible_giftcard_but_needs_human_check,skiny.com,SKINY DIGITAL GIFT VOUCHER,https://www.skiny.com/en-de/products/skiny-gift-card,SKINY DIGITAL GIFT VOUCHER,100,5,"SKINY Digital Gift Voucher. Touch to zoom. SKINY Digital Gift Voucher. SKINY ... perfume, deodorant or similar as well as smoke odor). Soiled or damaged ...",data\discovery\mass-harvest-v5\clean-v5.2\global-review.csv | data\discovery\mass-harvest-v5\clean-v5.3\global-review.csv | data\discovery\mass-harvest-v5\clean-v5.4\review.csv | data\discovery\mass-harvest-v5\clean-v5.5\review.csv | data\discovery\mega-harvest-v6\clean-v6\review.csv | data\discovery\review-universe-v2\manual-review.csv
REVIEW,plausible_giftcard_but_needs_human_check,skyros.com,Gift Vouchers - Skyros Holidays,https://skyros.com/gift-vouchers/,Gift Vouchers - Skyros Holidays,100,4,"Art Courses, Astronomy Courses, Comedy Improvisation, Dance Courses, Music ... To purchase a gift card please call us on 01983 865 566 or send an email to ...",data\discovery\mass-harvest-v5\clean-v5.2\global-review.csv | data\discovery\mass-harvest-v5\clean-v5.3\global-review.csv | data\discovery\mass-harvest-v5\clean-v5.4\review.csv | data\discovery\mass-harvest-v5\clean-v5.5\review.csv | data\discovery\review-universe-v2\manual-review.csv
REVIEW,plausible_giftcard_but_needs_human_check,slh.com,Luxury Hotel Gift Cards | SLH,https://slh.com/about-slh/gift-cards,Luxury Hotel Gift Cards | SLH,100,4,Spain · United Kingdom · USA · 0800-0482-314 · Call · Logout » · 0800-0482-314 ... An SLH gift card unlocks a world of choice for any independently minded ...,data\discovery\mass-harvest-v5\clean-v5.2\global-review.csv | data\discovery\mass-harvest-v5\clean-v5.3\global-review.csv | data\discovery\mass-harvest-v5\clean-v5.4\review.csv | data\discovery\mass-harvest-v5\clean-v5.5\review.csv | data\discovery\review-universe-v1\still-review.csv | data\discovery\review-universe-v5\manual-review.csv
REVIEW,plausible_giftcard_but_needs_human_check,smallkind.co.uk,Gift Voucher,https://smallkind.co.uk/products/gift-voucher?srsltid=AfmBOop3Q0ZpaPd-zIYiUI7y9q2wRFnoIknxOkWUGBRZPgpwoyj3Tqlz,Gift Voucher,100,5,Teething + Grasping Toys Comforters + Muslins Bath Toys Soft Toys Nursery Decor ... Gift Voucher. Home /. Gift Voucher. Denominations. Denominations. £5.00.,data\discovery\mass-harvest-v5\clean-v5.2\global-review.csv | data\discovery\mass-harvest-v5\clean-v5.3\global-review.csv | data\discovery\mass-harvest-v5\clean-v5.4\review.csv | data\discovery\mass-harvest-v5\clean-v5.5\review.csv | data\discovery\mega-harvest-v6\clean-v6\review.csv | data\discovery\review-universe-v1\still-review.csv | data\discovery\review-universe-v5\manual-review.csv
REVIEW,plausible_giftcard_but_needs_human_check,smartgifty.com,Why gift cards are Europe's number one present and a retail ...,https://smartgifty.com/why-gift-cards-are-europes-number-one-present-and-a-retail-growth-engine/,Why gift cards are Europe's number one present and a retail ...,100,4,... gift card than a traditional gift. At first ... Why gift cards are Europe's number one present and a retail growth engine ... SmartGifty is a web based gift card ...,data\discovery\mass-harvest-v5\clean-v5.2\global-review.csv | data\discovery\mass-harvest-v5\clean-v5.3\global-review.csv | data\discovery\mass-harvest-v5\clean-v5.4\review.csv | data\discovery\mass-harvest-v5\clean-v5.5\review.csv | data\discovery\review-universe-v1\still-review.csv | data\discovery\review-universe-v5\manual-review.csv
REVIEW,plausible_giftcard_but_needs_human_check,smilepath.com.au,Smilepath Gift Card | Give the Gift of a Beautiful Smile,https://smilepath.com.au/products/smilepath-gift-card?srsltid=AfmBOoow9ZkXW7PwJI9bx9lJTfvLSD2zHfqaZwNveQiTxukebVsvTkRk,Smilepath Gift Card | Give the Gift of a Beautiful Smile,100,1,"It's a digital gift card with a specific value redeemable on smilepath.com.au for clear aligner treatment, teeth whitening products, and more. It's a unique and ...",data\discovery\mega-harvest-v6\clean-v6\review.csv | data\discovery\review-universe-v1\still-review.csv | data\discovery\review-universe-v5\manual-review.csv
REVIEW,plausible_giftcard_but_needs_human_check,snappypay.ng,Top Choice: Gift Cards in Romania for Nigerians 2025,https://snappypay.ng/blog/gift-cards-in-romania-for-nigerians,Top Choice: Gift Cards in Romania for Nigerians 2025,100,5,"In Romania, the gift card market is thriving, with many benefits and options ranging from retail giants like Carrefour to entertainment platforms like Cinema ...",data\discovery\mass-harvest-v5\clean-v5.1\review.csv | data\discovery\mass-harvest-v5\clean-v5.2\global-review.csv | data\discovery\mass-harvest-v5\clean-v5.3\global-review.csv | data\discovery\mass-harvest-v5\clean-v5.4\review.csv | data\discovery\mass-harvest-v5\clean-v5.5\review.csv | data\discovery\review-universe-v1\still-review.csv | data\discovery\review-universe-v5\manual-review.csv
REVIEW,plausible_giftcard_but_needs_human_check,snfru.com,(Single Gift Voucher) - Perfumery Workshop: Create Your Own ...,https://www.snfru.com/en/products/sneferu-perfumery-workshop-single-entry-voucher?srsltid=AfmBOoq8XGzblnNcjYzA-frRmOANeuER8J7NLFgRDPtWY6Fui7ErSV8Y,(Single Gift Voucher) - Perfumery Workshop: Create Your Own ...,85,1,Greece (EUR €); Hong Kong SAR (USD $); Hungary (HUF ... Bespoke Perfume Workshop ... (Single Gift Voucher) - Perfumery Workshop: Create Your Own Perfume.,data\discovery\mega-harvest-v6\clean-v6\review.csv | data\discovery\review-universe-v1\still-review.csv | data\discovery\review-universe-v5-1\manual-review.csv
REVIEW,plausible_giftcard_but_needs_human_check,somanyqueens.com,Gift Vouchers - Home to beautiful small labels - somanyqueens.com,https://www.somanyqueens.com/shop/gift-vouchers-1/,Gift Vouchers - Home to beautiful small labels - somanyqueens.com,100,1,"As a giver, you not only offer a gift voucher worth a certain amount but also a special shopping experience! Our CONCEPT STORE in Perroy / VD is known for its ...",data\discovery\mega-harvest-v6\clean-v6\review.csv | data\discovery\review-universe-v2\manual-review.csv
REVIEW,plausible_giftcard_but_needs_human_check,sorewards.com,Christmas gift cards for your employees' children,https://www.sorewards.com/en/carte-cadeau-sorewards-sur-mesure-et-marque-blanche/carte-cadeau-noel-enfant/,Christmas gift cards for your employees' children,80,1,"The Sorewards children's Christmas gift card is valid everywhere (excluding fuel and food). It's not a gift voucher, but a dematerialized VISA prepaid card ...",data\discovery\mega-harvest-v6\clean-v6\review.csv | data\discovery\review-universe-v1\still-review.csv | data\discovery\review-universe-v4\still-review.csv
REVIEW,plausible_giftcard_but_needs_human_check,spacenk.com,Beauty Gift Cards,https://www.spacenk.com/uk/gifts/gift-cards,Beauty Gift Cards,100,4,Space NK E-Gift Card. Quick Buy. E-Gift Card. Space NK E-Gift Card. £15.00 - £150.00. (298) Reviews. Go to product page · 76 sold today. Space NK Gift Card.,data\discovery\mass-harvest-v5\clean-v5.2\global-review.csv | data\discovery\mass-harvest-v5\clean-v5.3\global-review.csv | data\discovery\mass-harvest-v5\clean-v5.4\review.csv | data\discovery\mass-harvest-v5\clean-v5.5\review.csv | data\discovery\review-universe-v1\still-review.csv | data\discovery\review-universe-v5\manual-review.csv
REVIEW,plausible_giftcard_but_needs_human_check,sparagouay.gr,Αγοράστε μία Δωροεπιταγή,https://sparagouay.gr/index.php?route,Αγοράστε μία Δωροεπιταγή,85,2,Bags - Handbags · Καπέλα · Σκούφοι Sparagouay · Κάλτσες · Κοσμήματα · Αλυσίδες ... Αυτή η δωροεπιταγή θα αποσταλεί μέ e-mail στον παραλήπτη αφού ολοκληρωθεί ή ...,data\discovery\focused-harvest-v7\clean-v7\review.csv | data\discovery\focused-harvest-v7-run1-backup\clean-v7\review.csv | data\discovery\review-universe-v1\still-review.csv | data\discovery\review-universe-v4-1\manual-review.csv
REVIEW,plausible_giftcard_but_needs_human_check,sparkleanddream.nl,Gift voucher – Sparkle&Dream,https://www.sparkleanddream.nl/en/products/cadeaubon-1,Gift voucher – Sparkle&Dream,80,1,"... gift voucher yourself ... Sportswear · Leggings and jackets · T-shirts, sweaters and hoodies · Socks · Sports ...",data\discovery\mega-harvest-v6\clean-v6\review.csv | data\discovery\review-universe-v1\still-review.csv | data\discovery\review-universe-v4\still-review.csv
REVIEW,plausible_giftcard_but_needs_human_check,sparklingwishes.com,Sparklingwishes,https://sparklingwishes.com/products/e-gift-card?srsltid=AfmBOorU9aBE6CU0Fgj0Q40QeFVnwIEVJtF7TjQm3W_v5RSnaZEEMtpR,E-Gift Card,100,4,Give the gift of choice. Our e-gift card is delivered instantly by email and redeemable across our full collection of handcrafted Greek jewelry.,data\discovery\mass-harvest-v5\clean-v5.3\greece-market-review.csv | data\discovery\mass-harvest-v5\clean-v5.4\review.csv | data\discovery\mass-harvest-v5\clean-v5.5\review.csv | data\discovery\mega-harvest-v6\clean-v6\review.csv | data\discovery\review-universe-v3\manual-review.csv
REVIEW,plausible_giftcard_but_needs_human_check,speak-greek.com,Gift voucher - Give your loved ones the gift of ...,https://www.speak-greek.com/2023/12/gift-voucher.html,Gift voucher - Give your loved ones the gift of ...,100,4,Greek LessonsTranslationsOnline coursesPublicationsConsultancyMentoring ... How about a gift voucher for learning the Greek Language via:,data\discovery\mass-harvest-v5\clean-v5.3\greece-market-review.csv | data\discovery\mass-harvest-v5\clean-v5.4\review.csv | data\discovery\mass-harvest-v5\clean-v5.5\review.csv | data\discovery\mega-harvest-v6\clean-v6\review.csv | data\discovery\review-universe-v1\still-review.csv | data\discovery\review-universe-v5-1\manual-review.csv
REVIEW,plausible_giftcard_but_needs_human_check,special-offers.com.cy,Gift Cards - special-offers.com.cy,https://special-offers.com.cy/Gift-Cards,Gift Cards - special-offers.com.cy,100,1,"Car Accessories · Car Accessories · 12v - 24v LED Lights · Car Alarms and ... Εάν επιθυμείτε να αγοράσετε δωροκάρτα για να στείλετε σε κάποιον, μπορείτε ...",data\discovery\mega-harvest-v6\clean-v6\review.csv | data\discovery\review-universe-v1\still-review.csv | data\discovery\review-universe-v5\manual-review.csv
REVIEW,plausible_giftcard_but_needs_human_check,specialpapers.fedrigoni.com,Smart Gift Card,https://specialpapers.fedrigoni.com/smart-gift-card/,Smart Gift Card,100,5,"The Smart Gift Card is our new ground-breaking product that unifies the elegance of paper with the power of digital technology, setting a new standard in ...",data\discovery\mass-harvest-v5\clean-v5.2\global-review.csv | data\discovery\mass-harvest-v5\clean-v5.3\global-review.csv | data\discovery\mass-harvest-v5\clean-v5.4\review.csv | data\discovery\mass-harvest-v5\clean-v5.5\review.csv | data\discovery\mega-harvest-v6\clean-v6\review.csv | data\discovery\review-universe-v1\still-review.csv | data\discovery\review-universe-v5\manual-review.csv
REVIEW,plausible_giftcard_but_needs_human_check,splishsplashswimwear.com.au,Gift Voucher,https://splishsplashswimwear.com.au/collections/gift-voucher?srsltid=AfmBOorI892fzq3hNPuc_B35Rc0oA3XUci5AirSubvvP0wTlALxASvBH,Gift Voucher,100,4,Let your loved one choose their favourite swimwear with a Splish Splash Gift Voucher! They can make their choice online or instore at one of our many locations!,data\discovery\mass-harvest-v5\clean-v5.2\global-review.csv | data\discovery\mass-harvest-v5\clean-v5.3\global-review.csv | data\discovery\mass-harvest-v5\clean-v5.4\review.csv | data\discovery\mass-harvest-v5\clean-v5.5\review.csv | data\discovery\review-universe-v1\still-review.csv | data\discovery\review-universe-v5\manual-review.csv
REVIEW,plausible_giftcard_but_needs_human_check,sportistas.com,Sportistas,https://www.sportistas.com/el/giftcard?srsltid=AfmBOoqDan8zhBnxddj5k6ZxC0sGdayk7fhWR2U4AJ-4FQJAELtnFDNB,Sportistas,55,1,... ShoesΦούτερΦούστεςTop μπλούζες με μακρύ μανίκιΣκούφοιΣανδάλια-Πέδιλα ... Gift card. Sportistas Giftcard. Για ποιόν/α είναι το δώρο;. ΓΙΑ ΤΟΝ ΦΙΛΟ/Η. ΓΙΑ ...,data\discovery\mega-harvest-v6\clean-v6\review.csv | data\discovery\review-universe-v2\manual-review.csv
REVIEW,plausible_giftcard_but_needs_human_check,sportsdirect.mt,Gift Cards | Sports Direct Malta,https://www.sportsdirect.mt/language/en-gb/customerservices/placingorders/giftcards/1000,Gift Cards | Sports Direct Malta,100,4,QUESTION - Can I use my Gift card online? ANSWER. Gift Cards can be redeemed by UK customers online at SportsDirect.com Malta and in branches of ...,data\discovery\mass-harvest-v5\clean-v5.2\global-review.csv | data\discovery\mass-harvest-v5\clean-v5.3\global-review.csv | data\discovery\mass-harvest-v5\clean-v5.4\review.csv | data\discovery\mass-harvest-v5\clean-v5.5\review.csv | data\discovery\review-universe-v2\manual-review.csv
REVIEW,plausible_giftcard_but_needs_human_check,sprhodes.com,Archives - SP RHODES®,https://sprhodes.com/product-category/gift-cards/,Gift Cards Archives - SP RHODES®,100,1,CUSTOMIZABLE KIDS GEAR. All Youth Equestrian · Hats · Tops · Outerwear · Belts ... $750 SP RHODES Gift Card · SP RHODES GIFT CARD $500 · $500 SP RHODES Gift Card.,data\discovery\focused-harvest-v7\clean-v7\review.csv | data\discovery\focused-harvest-v7-run1-backup\clean-v7\review.csv
REVIEW,plausible_giftcard_but_needs_human_check,srsbooks.com,SRS Books Gift Voucher,https://srsbooks.com/products/srs-books-gift-voucher?srsltid=AfmBOop9I8vF8SIZUYLZK0xVkZM2SBmAtT8hRY6PBtakklpnnJzZ1NhB,SRS Books Gift Voucher,100,1,"Offer the gift of devotional literature with an SRS Books gift voucher, redeemable online for books and offerings by Śivarāma Swami ... Greece EUR € ...",data\discovery\mega-harvest-v6\clean-v6\review.csv | data\discovery\review-universe-v3\manual-review.csv
REVIEW,plausible_giftcard_but_needs_human_check,staah.com,How To Create A Successful Gift Voucher Campaign?,https://www.staah.com/blogs/how-to-create-a-successful-gift-voucher-campaign/,How To Create A Successful Gift Voucher Campaign?,100,5,With the right technology – i.e. STAAH Gift Voucher System – you can easily set up an online shop for your guests to purchase gift vouchers.,data\discovery\mass-harvest-v5\clean-v5.2\global-review.csv | data\discovery\mass-harvest-v5\clean-v5.3\global-review.csv | data\discovery\mass-harvest-v5\clean-v5.4\review.csv | data\discovery\mass-harvest-v5\clean-v5.5\review.csv | data\discovery\mega-harvest-v6\clean-v6\review.csv | data\discovery\review-universe-v1\still-review.csv
REVIEW,plausible_giftcard_but_needs_human_check,starhotels.com,"Hotel Gift Card New York, Paris and Italy | E-shop",https://www.starhotels.com/en/egift/,"Hotel Gift Card New York, Paris and Italy | E-shop",85,5,"... Gift Card New York, Paris and Italy | E-shop ... Choose the amount you prefer and buy a Monetary Gift valid for all our hotels in Italy* and Paris.",data\discovery\mass-harvest-v5\clean-v5.1\review.csv | data\discovery\mass-harvest-v5\clean-v5.2\manual-review.csv | data\discovery\mass-harvest-v5\clean-v5.3\global-review.csv | data\discovery\mass-harvest-v5\clean-v5.4\review.csv | data\discovery\mass-harvest-v5\clean-v5.5\review.csv | data\discovery\review-universe-v1\still-review.csv | data\discovery\review-universe-v5\global-greece-review.csv
REVIEW,plausible_giftcard_but_needs_human_check,starstravel.info,Gift Card - Stars Travel,https://www.starstravel.info/en/gift-card,Gift Card - Stars Travel,100,4,Selected Hotels · Dream Destinations · Tourism in Bulgaria · Blog · About Us · Contacts · Gift Card · Travel Insurance · Quality Assurance · Terms and ...,data\discovery\mass-harvest-v5\clean-v5.2\global-review.csv | data\discovery\mass-harvest-v5\clean-v5.3\global-review.csv | data\discovery\mass-harvest-v5\clean-v5.4\review.csv | data\discovery\mass-harvest-v5\clean-v5.5\review.csv | data\discovery\review-universe-v2\manual-review.csv
REVIEW,plausible_giftcard_but_needs_human_check,startselect.com,Buy Digital Gift Cards Online at Startselect,https://startselect.com/gr-en/gift-cards,Buy Digital Gift Cards Online at Startselect,100,5,Startselect offers a wide range of digital gift cards in different categories such as gaming ... This means that you'll always find the perfect gift card for any ...,data\discovery\mass-harvest-v5\clean-v5.2\global-review.csv | data\discovery\mass-harvest-v5\clean-v5.3\global-review.csv | data\discovery\mass-harvest-v5\clean-v5.4\review.csv | data\discovery\mass-harvest-v5\clean-v5.5\review.csv | data\discovery\mega-harvest-v6\clean-v6\review.csv | data\discovery\review-universe-v2\manual-review.csv
REVIEW,plausible_giftcard_but_needs_human_check,stavrosrestaurant.com.au,Stavros Gift Voucher,https://www.stavrosrestaurant.com.au/gift-voucher,Stavros Gift Voucher,100,1,Stavros Gift Voucher · Give the gift of flavour and unforgettable moments at Stavros Restaurant & Bar. · Location · Contact.,data\discovery\mega-harvest-v6\clean-v6\review.csv | data\discovery\review-universe-v1\still-review.csv | data\discovery\review-universe-v5\manual-review.csv
REVIEW,plausible_giftcard_but_needs_human_check,stevenrhodesshop.eu,Steven Rhodes - Gift voucher,https://stevenrhodesshop.eu/en/products/steven-rhodes-geschenkgutschein,Steven Rhodes - Gift voucher,85,5,"Steven Rhodes - Gift Voucher. Simply select the appropriate voucher amount, go to the shopping cart and pay for the voucher.",data\discovery\mass-harvest-v5\clean-v5.1\review.csv | data\discovery\mass-harvest-v5\clean-v5.2\manual-review.csv | data\discovery\mass-harvest-v5\clean-v5.3\global-review.csv | data\discovery\mass-harvest-v5\clean-v5.4\review.csv | data\discovery\mass-harvest-v5\clean-v5.5\review.csv | data\discovery\review-universe-v1\still-review.csv | data\discovery\review-universe-v5-1\manual-review.csv
REVIEW,plausible_giftcard_but_needs_human_check,stigkabooks.gr,στίγκα,https://stigkabooks.gr/products/%CE%B4%CF%89%CF%81%CE%BF%CE%B5%CF%80%CE%B9%CF%84%CE%B1%CE%B3%CE%AE-%CF%83%CF%84%CE%AF%CE%B3%CE%BA%CE%B1?srsltid,Δωροεπιταγή στίγκα,80,2,"Δωροεπιταγή στίγκα. Καμία κριτική. Δωροεπιταγή στίγκα. 10,00€. από Stigka Books. Stigka Books logo. Κωδικός Προϊόντος:.",data\discovery\focused-harvest-v7\clean-v7\review.csv | data\discovery\focused-harvest-v7-run1-backup\clean-v7\review.csv | data\discovery\review-universe-v1\still-review.csv | data\discovery\review-universe-v4-1\manual-review.csv
REVIEW,plausible_giftcard_but_needs_human_check,stock.adobe.com,Beauty Gift Voucher Images,https://stock.adobe.com/search?k=beauty+gift+voucher,Beauty Gift Voucher Images,80,6,"White beauty gift card with red bow on reflective mirror surface surrounded by luxury lipsticks and ... Europe, Middle East, and Africa. Algeria - English ...",data\discovery\mass-harvest-v5\clean-v5.1\review.csv | data\discovery\mass-harvest-v5\clean-v5.2\manual-review.csv | data\discovery\mass-harvest-v5\clean-v5.3\global-review.csv | data\discovery\mass-harvest-v5\clean-v5.4\review.csv | data\discovery\mass-harvest-v5\clean-v5.5\review.csv | data\discovery\mega-harvest-v6\clean-v6\review.csv | data\discovery\review-universe-v1\still-review.csv | data\discovery\review-universe-v5\manual-review.csv
REVIEW,plausible_giftcard_but_needs_human_check,store.canaves.com,Canaves Oia Santorini | Store,https://store.canaves.com/gift-card/,Gift Card – Canaves Oia Santorini | Store,100,2,Gift card confirmation will be sent to your email address. Terms & Conditions ... Canaves Oia Hotel MHTE: 1167Κ035Α0934200 | Canaves Oia Suites MHTE ...,data\discovery\focused-harvest-v7-run1-backup\clean-v7\review.csv | data\discovery\mega-harvest-v6\clean-v6\review.csv | data\discovery\review-universe-v3\manual-review.csv
REVIEW,plausible_giftcard_but_needs_human_check,store.iloveveterinary.com,I Love Veterinary Gift Card,https://store.iloveveterinary.com/products/i-love-veterinary-gift-card?srsltid=AfmBOordnx5Ujqm7bsl9W1mo8-ghEqkGhCG-NGhz8k6jURurCCMZ5zfS,I Love Veterinary Gift Card,100,1,Give them the gift of choice with an I love Veterinary gift card. Gift cards are delivered by email and contain instructions to redeem them at checkout. Our ...,data\discovery\mega-harvest-v6\clean-v6\review.csv | data\discovery\review-universe-v2\manual-review.csv
REVIEW,plausible_giftcard_but_needs_human_check,store.juventus.com,Gift Card,https://store.juventus.com/ar/gifts-and-accessories/gifts/gift-card?srsltid=AfmBOoqjIxLhqoitKBcJO_AYdQNU_Nv_sMAnkOQy78n40hTK8AXDn-Z7,Gift Card,100,1,Car AccessoriesCar Accessories · Beach Collection ... Gift CardGift Card · Gift BagsGift Bags · Bundles ... Greece. English (€) · Hungary.,data\discovery\mega-harvest-v6\clean-v6\review.csv | data\discovery\review-universe-v1\still-review.csv | data\discovery\review-universe-v5-1\manual-review.csv
REVIEW,plausible_giftcard_but_needs_human_check,store.kapetanis.com,Δωροκάρτα GKapetanis,https://store.kapetanis.com/gift-card-dorokarta.html?srsltid=AfmBOoo82aWCVQtSd8E0zc172Qdt8JKVKMjkSXopjy8bg-AAcjkGR5Ho,Δωροκάρτα GKapetanis,100,1,Bluepoint Swimwear · TOP BRANDS. TOP BRANDS. Triumph · Sloggi · Selenehot · LORMAR ... Ηλεκτρονική Δωροκάρτα GKapetanis. Click to enlarge. Μετάβαση στην αρχή της ...,data\discovery\mega-harvest-v6\clean-v6\review.csv | data\discovery\review-universe-v2\manual-review.csv
REVIEW,plausible_giftcard_but_needs_human_check,storetodoorau.com,Buy Gift Card - Online Gift Voucher | Store To Door,https://storetodoorau.com/collections/gift-card?srsltid=AfmBOooObTAGwtui8vvvu658HnUyj11fpXWf4RcaUjLe-LSTEgaDTkCN,Buy Gift Card - Online Gift Voucher | Store To Door,70,1,"The pastry on these is not puff pastry, and it's thinner than short crust. ... Authentically Greek. Each one is really a “main” sized serving. I served ...",data\discovery\mega-harvest-v6\clean-v6\review.csv | data\discovery\review-universe-v1\still-review.csv | data\discovery\review-universe-v5-1\manual-review.csv
REVIEW,plausible_giftcard_but_needs_human_check,stradivarius.com,Κάρτα δώρου | Stradivarius Greek,https://www.stradivarius.com/gr/gift-card.html?srsltid=AfmBOoq5FnwnEZOgrxjrmNRkFChvAOF9nUhr9-VQ9zbTSMGC07efcY7o,Κάρτα δώρου | Stradivarius Greek,100,6,Δεν μπορείς ν' αποφασίσεις ποιο είναι το τέλειο δώρο; Η κάρτα δώρου είναι η σίγουρη επιτυχία. Διάλεξε το ποσό και στείλ'την στον παραλήπτη όποτε επιθυμείς.,data\discovery\mass-harvest-v5\clean-v5.1\review.csv | data\discovery\mass-harvest-v5\clean-v5.2\manual-review.csv | data\discovery\mass-harvest-v5\clean-v5.3\global-review.csv | data\discovery\mass-harvest-v5\clean-v5.4\review.csv | data\discovery\mass-harvest-v5\clean-v5.5\review.csv | data\discovery\mega-harvest-v6\clean-v6\review.csv | data\discovery\review-universe-v3\manual-review.csv
REVIEW,plausible_giftcard_but_needs_human_check,stratic.de,Buy Stratic gift vouchers online | Travel voucher,https://stratic.de/en/pages/geschenkgutscheine?srsltid=AfmBOoo66hmF_axv_LHhyqqejukUbJd9gzUTgFsInyg0ZREw2UNK7L3B,Buy Stratic gift vouchers online | Travel voucher,85,5,"Who is a gift voucher suitable for? A voucher is always the right choice if you know someone needs luggage or a new bag – but are unsure which model, color, or ...",data\discovery\mass-harvest-v5\clean-v5.1\review.csv | data\discovery\mass-harvest-v5\clean-v5.2\manual-review.csv | data\discovery\mass-harvest-v5\clean-v5.3\global-review.csv | data\discovery\mass-harvest-v5\clean-v5.4\review.csv | data\discovery\mass-harvest-v5\clean-v5.5\review.csv | data\discovery\review-universe-v2\manual-review.csv
REVIEW,plausible_giftcard_but_needs_human_check,sugarcandybra.com,Gift Voucher,https://www.sugarcandybra.com/products/gift-voucher?srsltid=AfmBOoru8Mmbm0aEREQq2iGXEZ_xjw49EzdK4P1-ril2apFJRAb2frnH,Gift Voucher,100,1,Give the gift of wire-free support with a Sugar Candy Gift Voucher! Applicable to every single one of our products. Get shopping ... fuel surcharge) · 45 Day ...,data\discovery\mega-harvest-v6\clean-v6\review.csv | data\discovery\review-universe-v1\still-review.csv | data\discovery\review-universe-v5\manual-review.csv
REVIEW,plausible_giftcard_but_needs_human_check,sundevilla.com,Gift voucher - electronic,https://sundevilla.com/en/products/darkovy-poukaz,Gift voucher - electronic,80,6,"Give the gift of a sense of uniqueness, because every woman deserves to shine. This voucher opens up the world of luxury swimwear ... Gift voucher. Info ...",data\discovery\mass-harvest-v5\clean-v5.1\review.csv | data\discovery\mass-harvest-v5\clean-v5.2\manual-review.csv | data\discovery\mass-harvest-v5\clean-v5.3\global-review.csv | data\discovery\mass-harvest-v5\clean-v5.4\review.csv | data\discovery\mass-harvest-v5\clean-v5.5\review.csv | data\discovery\mega-harvest-v6\clean-v6\review.csv | data\discovery\review-universe-v1\still-review.csv | data\discovery\review-universe-v5\manual-review.csv
REVIEW,plausible_giftcard_but_needs_human_check,supportnow.org,New Gift Card for THE RHODES FAMILY,https://www.supportnow.org/the-rhodes-family/gift-cards/new,New Gift Card for THE RHODES FAMILY,100,3,The recipient will choose their preference from these options. DoorDash gift card; Uber Eats gift card; Grubhub gift card; Instacart gift card.,data\discovery\mass-harvest-v5\clean-v5.3\greece-market-review.csv | data\discovery\mass-harvest-v5\clean-v5.4\review.csv | data\discovery\mass-harvest-v5\clean-v5.5\review.csv | data\discovery\review-universe-v1\still-review.csv
REVIEW,plausible_giftcard_but_needs_human_check,surprisy.com,€300 Gift Voucher Cosmos Sport Price,https://surprisy.com/voucher/eur300-gift-voucher-339,€300 Gift Voucher Cosmos Sport Price,100,7,"With a Cosmos Sport Gift Voucher, we offer our loved ones the opportunity to choose their favorite sports shoe, T-Shirt or jacket, fitness accessories or ...",data\discovery\focused-harvest-v7\clean-v7\review.csv | data\discovery\focused-harvest-v7-run1-backup\clean-v7\review.csv | data\discovery\mass-harvest-v5\clean-v5.2\global-review.csv | data\discovery\mass-harvest-v5\clean-v5.3\global-review.csv | data\discovery\mass-harvest-v5\clean-v5.4\review.csv | data\discovery\mass-harvest-v5\clean-v5.5\review.csv | data\discovery\mega-harvest-v6\clean-v6\review.csv | data\discovery\review-universe-v1\still-review.csv | data\discovery\review-universe-v5\manual-review.csv
REVIEW,plausible_giftcard_but_needs_human_check,svc-cosmetics.gr,Αγοράστε μία Δωροεπιταγή,https://www.svc-cosmetics.gr/index.php?route,Αγοράστε μία Δωροεπιταγή,85,2,Αυτή η δωροεπιταγή θα αποσταλεί μέ e-mail στον παραλήπτη αφού ολοκληρωθεί ή πληρωμή σας. ... SVC Cosmetics. ΒΑΣΙΛΕΙΑΔΗΣ ΣΩΤΗΡΙΟΣ. Νέα Πέραμο Καβάλας. 28ης ...,data\discovery\focused-harvest-v7\clean-v7\review.csv | data\discovery\focused-harvest-v7-run1-backup\clean-v7\review.csv | data\discovery\review-universe-v1\still-review.csv | data\discovery\review-universe-v4-1\manual-review.csv
REVIEW,plausible_giftcard_but_needs_human_check,svs.com.gr,Αγοράστε μία Δωροεπιταγή,https://www.svs.com.gr/index.php?route,Αγοράστε μία Δωροεπιταγή,85,3,Αγοράστε μία Δωροεπιταγή. Αυτή η δωροεπιταγή θα αποσταλεί μέ e-mail στον παραλήπτη αφού ολοκληρωθεί ή πληρωμή σας. Όνομα παραλήπτη. E-mail παραλήπτη.,data\discovery\focused-harvest-v7\clean-v7\review.csv | data\discovery\focused-harvest-v7-run1-backup\clean-v7\review.csv | data\discovery\mega-harvest-v6\clean-v6\review.csv | data\discovery\review-universe-v1\still-review.csv | data\discovery\review-universe-v4-1\manual-review.csv
REVIEW,plausible_giftcard_but_needs_human_check,swarovski.com,Δωροκάρτα Swarovski | Swarovski GR,https://www.swarovski.com/el-GR/s-giftcardbuy/,Δωροκάρτα Swarovski | Swarovski GR,100,1,Επιλέξτε το αγαπημένο σας σχέδιο για τη δωροκάρτα μαζί με το ποσό προσφοράς. Κάποιο αγαπημένο σας πρόσωπο θα νιώσει χαρά με τη δωροκάρτα Swarovski ... Experience ...,data\discovery\mega-harvest-v6\clean-v6\review.csv | data\discovery\review-universe-v2\manual-review.csv
REVIEW,plausible_giftcard_but_needs_human_check,swatch.com,"Gift cards, FAQ's",https://www.swatch.com/en-en/gift-cards.html,"Gift cards, FAQ's",100,1,"Can I buy another gift card with my gift card? No, this is not possible. My ... ALL RIGHTS RESERVED: SWISS WATCHES.",data\discovery\mega-harvest-v6\clean-v6\review.csv | data\discovery\review-universe-v1\still-review.csv | data\discovery\review-universe-v5\manual-review.csv
REVIEW,plausible_giftcard_but_needs_human_check,sweetcare.com,BUY GIFT CARD - SweetCare Cyprus,https://www.sweetcare.com/cy/giftcard.aspx?st=02,BUY GIFT CARD - SweetCare Cyprus,100,4,"Select the amount you want to offer, personalize a message and you're done! With SweetCare Gift Card, you will be able to pamper those who most deserve it!",data\discovery\mass-harvest-v5\clean-v5.2\global-review.csv | data\discovery\mass-harvest-v5\clean-v5.3\global-review.csv | data\discovery\mass-harvest-v5\clean-v5.4\review.csv | data\discovery\mass-harvest-v5\clean-v5.5\review.csv | data\discovery\review-universe-v2\manual-review.csv
REVIEW,plausible_giftcard_but_needs_human_check,swissotel.com,Swissôtel Gift Card,https://www.swissotel.com/about-swissotel/gift-card/,Swissôtel Gift Card,100,4,Swissôtel Gift Card - Feel welcome to Swissôtel Hotels and Resorts. Book one ... Switzerland. Bern. Türkiye. Bodrum Gündoğan · Bodrum Turgutreis · Bursa · Cesme ...,data\discovery\mass-harvest-v5\clean-v5.2\global-review.csv | data\discovery\mass-harvest-v5\clean-v5.3\global-review.csv | data\discovery\mass-harvest-v5\clean-v5.4\review.csv | data\discovery\mass-harvest-v5\clean-v5.5\review.csv | data\discovery\review-universe-v2\manual-review.csv
REVIEW,plausible_giftcard_but_needs_human_check,switzerlandtravelcentre.com,Gift Vouchers,https://switzerlandtravelcentre.com/en/information/gift-vouchers,Gift Vouchers,100,4,"Two women laughing while one of them holds a gift voucher. ... Please note that postal delivery is only available within Switzerland, Germany, Austria, France, ...",data\discovery\mass-harvest-v5\clean-v5.2\global-review.csv | data\discovery\mass-harvest-v5\clean-v5.3\global-review.csv | data\discovery\mass-harvest-v5\clean-v5.4\review.csv | data\discovery\mass-harvest-v5\clean-v5.5\review.csv | data\discovery\review-universe-v1\still-review.csv | data\discovery\review-universe-v5\manual-review.csv
REVIEW,plausible_giftcard_but_needs_human_check,sylviap.com.au,Gift Voucher,https://www.sylviap.com.au/products/gift-voucher?srsltid=AfmBOor7wc72AltHuJipwAIE_oIddUkHu1-yJJoAzfvpR-kHBe8ry2WG,Gift Voucher,100,1,Gift Voucher. Sale price$25.00 AUD Regular price (/). Value: $25. Value. $25 ... © 2026 - SylviaP Sportswear Pty Ltd | Website grown in a Glasshouse Digital .,data\discovery\mega-harvest-v6\clean-v6\review.csv | data\discovery\review-universe-v1\still-review.csv | data\discovery\review-universe-v5\manual-review.csv
REVIEW,plausible_giftcard_but_needs_human_check,takka.gr,Αγοράστε μία Δωροεπιταγή,https://takka.gr/index.php?route,Αγοράστε μία Δωροεπιταγή,85,2,Αγοράστε μία Δωροεπιταγή ... Αυτή η δωροεπιταγή θα αποσταλεί μέ e-mail στον παραλήπτη αφού ολοκληρωθεί ή πληρωμή σας. Όνομα παραλήπτη. E-mail παραλήπτη.,data\discovery\focused-harvest-v7\clean-v7\review.csv | data\discovery\focused-harvest-v7-run1-backup\clean-v7\review.csv | data\discovery\review-universe-v1\still-review.csv | data\discovery\review-universe-v4-1\manual-review.csv
REVIEW,plausible_giftcard_but_needs_human_check,tattooedinburgh.com,Okey Dokey Tattoo Gift Voucher Edinburgh | £100,https://tattooedinburgh.com/products/gift-voucher-100?srsltid=AfmBOopLLuk9qw_ZFHDScXNinzB3Wu0Mdlqv9C_ibUr0HjYaY-kEpOOP,Okey Dokey Tattoo Gift Voucher Edinburgh | £100,100,1,This doesn't fade. An Okey Dokey Tattoo gift voucher hands someone the one thing every other present can't: a piece of art they'll wear for life.,data\discovery\mega-harvest-v6\clean-v6\review.csv | data\discovery\review-universe-v1\still-review.csv | data\discovery\review-universe-v5\manual-review.csv
REVIEW,plausible_giftcard_but_needs_human_check,tavellio.com,Tavellio Gift Card | The Perfect Lighting Gift,https://www.tavellio.com/collections/giftcard,Tavellio Gift Card | The Perfect Lighting Gift,100,1,Give the gift of choice with a Tavellio Gift Card and let them discover timeless lighting and premium designs.,data\discovery\mega-harvest-v6\clean-v6\review.csv | data\discovery\review-universe-v2\manual-review.csv
REVIEW,plausible_giftcard_but_needs_human_check,taverna-ionio.gr,Taverna Ionio,https://taverna-ionio.gr,Microsoft Xbox Game Pass Buy Xbox Gift Xbox Gift Card [Digital],,1,"Wave2Bucket=HIGH_SAFE | Wave2Score=80 | Wave2Reasons=GIFT_TITLE | PURCHASE_SIGNAL | GREEK_DOMAIN | MULTI_QUERY | MULTI_HIT | Queries=site:.gr gaming ""gift card"" | site:.gr games ""gift card"" | Imported to DISCOVERED only; requires verification before production.",DB:DISCOVERED:cmt9y1bew0021pwiy057t0qna
REVIEW,plausible_giftcard_but_needs_human_check,tbdeyewear.com,Tbdeyewear,https://www.tbdeyewear.com/pages/gift-card?srsltid=AfmBOor6mtO5XmzD2_hwQo1gIIRKEEj1VT2g7fEjARDUfbP7DiV96hDX,E-Gift Card Policy,100,5,Gift cards can be redeemed only on TBD Eyewear website · The gift card's value can be used towards the purchase of any eligible products available on our website ...,data\discovery\mass-harvest-v5\clean-v5.2\global-review.csv | data\discovery\mass-harvest-v5\clean-v5.3\global-review.csv | data\discovery\mass-harvest-v5\clean-v5.4\review.csv | data\discovery\mass-harvest-v5\clean-v5.5\review.csv | data\discovery\mega-harvest-v6\clean-v6\review.csv | data\discovery\review-universe-v2\manual-review.csv
REVIEW,plausible_giftcard_but_needs_human_check,teamsports.com,Gift voucher 20 Euro for printing at home,https://www.teamsports.com/presents/gift-voucher-20-euro-for-printing-at-home/a-2642,Gift voucher 20 Euro for printing at home,100,1,"You will receive an attractive gift voucher in PDF format for printing. On the voucher is a coupon code that the ""gifted"" then can easily redeem when shopping ...",data\discovery\mass-harvest-v5\clean-v5.4\review.csv | data\discovery\mass-harvest-v5\clean-v5.5\review.csv
REVIEW,plausible_giftcard_but_needs_human_check,temu.com,double sided card pvc card picture printing,https://www.temu.com/gr-en/double-sided--card-pvc-card-picture-printing-customization--on--body-for-printing-patterns-writing-text-pasting-decorations-parent-diy--proofing-commemorative-gift-card--g-606098736132179.html,double sided card pvc card picture printing,60,6,Shop double sided card pvc card picture printing customization on body for printing ... gift card at the lowest price at Temu. Check ...,data\discovery\mass-harvest-v5\clean-v5.1\review.csv | data\discovery\mass-harvest-v5\clean-v5.2\manual-review.csv | data\discovery\mass-harvest-v5\clean-v5.3\global-review.csv | data\discovery\mass-harvest-v5\clean-v5.4\review.csv | data\discovery\mass-harvest-v5\clean-v5.5\review.csv | data\discovery\mega-harvest-v6\clean-v6\review.csv | data\discovery\review-universe-v1\still-review.csv | data\discovery\review-universe-v5\manual-review.csv
REVIEW,plausible_giftcard_but_needs_human_check,teritoria.com,Wedding Gift Card - Gift Shop Teritoria,https://www.teritoria.com/en/gift-shop/our-gift-cards/wedding-gift-card/,Wedding Gift Card - Gift Shop Teritoria,100,4,"Wedding Gift Card. This gift card is valid for 24 months and can be used in ... Greece, Germany and Austria(for a night & breakfast stay or a meal). 1 ...",data\discovery\mass-harvest-v5\clean-v5.3\greece-market-review.csv | data\discovery\mass-harvest-v5\clean-v5.4\review.csv | data\discovery\mass-harvest-v5\clean-v5.5\review.csv | data\discovery\mega-harvest-v6\clean-v6\review.csv | data\discovery\review-universe-v3\manual-review.csv
REVIEW,plausible_giftcard_but_needs_human_check,terme-snovik.si,Value gift voucher 20 €,https://www.terme-snovik.si/en/online-shop/gift-vouchers/gift-voucher-20,Value gift voucher 20 €,100,5,Outdoor pool snack bar · Recipes. Activities. << Nazaj; Events at the thermal spa ... Value gift voucher 20 €. SHOP. ONLINE SHOP · GIFT VOUCHERS · GIFT VOUCHERS.,data\discovery\mass-harvest-v5\clean-v5.2\global-review.csv | data\discovery\mass-harvest-v5\clean-v5.3\global-review.csv | data\discovery\mass-harvest-v5\clean-v5.4\review.csv | data\discovery\mass-harvest-v5\clean-v5.5\review.csv | data\discovery\mega-harvest-v6\clean-v6\review.csv | data\discovery\review-universe-v1\still-review.csv | data\discovery\review-universe-v5\manual-review.csv
REVIEW,plausible_giftcard_but_needs_human_check,tesae.gr,Ενεργοποίηση δυνατότητας δωροεπιταγών (Gift Cards) στο ...,https://www.tesae.gr/articles/protipes-meletes-i-efarmoges-(pegasus-globality)/pegasus-erp-,Ενεργοποίηση δυνατότητας δωροεπιταγών (Gift Cards) στο ...,85,2,Οι δώροεπιταγές μπορούν να παίξουν με δύο σενάρια: O πελάτης να αγοράζει μια δωροεπιταγή με συγκεκριμένο πόσο ή συμπληρώνοντας αυτός το ποσό που ...,data\discovery\focused-harvest-v7\clean-v7\review.csv | data\discovery\focused-harvest-v7-run1-backup\clean-v7\review.csv | data\discovery\review-universe-v1\still-review.csv | data\discovery\review-universe-v4-1\manual-review.csv
REVIEW,plausible_giftcard_but_needs_human_check,tescogiftcards.com,Hotels.com eGift,https://www.tescogiftcards.com/card_designs/hotels-com-egift,Hotels.com eGift,60,5,"Available card balance only to be used for online payment of new hotel bookings at uk.Hotels.com. Only one gift card can be redeemed per online booking, but ...",data\discovery\mass-harvest-v5\clean-v5.1\review.csv | data\discovery\mass-harvest-v5\clean-v5.2\manual-review.csv | data\discovery\mass-harvest-v5\clean-v5.3\global-review.csv | data\discovery\mass-harvest-v5\clean-v5.4\review.csv | data\discovery\mass-harvest-v5\clean-v5.5\review.csv | data\discovery\review-universe-v1\still-review.csv | data\discovery\review-universe-v5\global-greece-review.csv
REVIEW,plausible_giftcard_but_needs_human_check,tezapsidis-jewellery.com,Tezapsidis Gift Card,https://tezapsidis-jewellery.com/el/products/tezapsidis-gift-card?srsltid=AfmBOoo0ywPbAUNgWot0sFxe7yielHmKcVoesQTvDH5MwHopQp-F0qLz,Tezapsidis Gift Card,100,3,"... Gift Card arrives instantly by email to the recipient and is recognized in Tezapsidis Store in Thessaloniki, Greece, on the Web at tezapsidis-jewellery.com ...",data\discovery\focused-harvest-v7\clean-v7\review.csv | data\discovery\focused-harvest-v7-run1-backup\clean-v7\review.csv | data\discovery\mega-harvest-v6\clean-v6\review.csv | data\discovery\review-universe-v1\still-review.csv | data\discovery\review-universe-v5-1\manual-review.csv
REVIEW,plausible_giftcard_but_needs_human_check,thankbox.com,20 Unique Gift Voucher Ideas to Make Anyone Smile,https://www.thankbox.com/blog/20-unique-gift-voucher-ideas-to-make-anyone-smile?srsltid=AfmBOorcfHiov0FVGs97nFpWsjvmARIf0SXYtAskPHma7X553TAseF5h,20 Unique Gift Voucher Ideas to Make Anyone Smile,70,6,"It's an excellent way to support their fitness goals while making new connections. ... Santorini, Greece | Close-up of a funny dog wearing ...",data\discovery\focused-harvest-v7-run1-backup\clean-v7\review.csv | data\discovery\mass-harvest-v5\clean-v5.2\global-review.csv | data\discovery\mass-harvest-v5\clean-v5.3\global-review.csv | data\discovery\mass-harvest-v5\clean-v5.4\review.csv | data\discovery\mass-harvest-v5\clean-v5.5\review.csv | data\discovery\mega-harvest-v6\clean-v6\review.csv | data\discovery\review-universe-v1\still-review.csv | data\discovery\review-universe-v5\manual-review.csv
REVIEW,plausible_giftcard_but_needs_human_check,theartisania.com,Buy Gift Vouchers Online,https://theartisania.com/en-int/pages/gifting?srsltid=AfmBOorxvvgcSui5Mt4CKK5O9kKZo_B-gvTxUYUCUuvUbSRLJv4JwItf,Buy Gift Vouchers Online,85,6,"Send someone the gift of art. Buy digital gift cards for handcrafted furniture, art, and decor ... Let me know if you'd like any refinements! Buy A Gift Voucher.",data\discovery\mass-harvest-v5\clean-v5.1\review.csv | data\discovery\mass-harvest-v5\clean-v5.2\manual-review.csv | data\discovery\mass-harvest-v5\clean-v5.3\global-review.csv | data\discovery\mass-harvest-v5\clean-v5.4\review.csv | data\discovery\mass-harvest-v5\clean-v5.5\review.csv | data\discovery\mega-harvest-v6\clean-v6\review.csv | data\discovery\review-universe-v1\still-review.csv | data\discovery\review-universe-v5\manual-review.csv
REVIEW,plausible_giftcard_but_needs_human_check,theartstore.gr,δωροκάρτα Archives - The Art Store,https://theartstore.gr/product-tag/%CE%B4%CF%89%CF%81%CE%BF%CE%BA%CE%AC%CF%81%CF%84%CE%B1/,δωροκάρτα Archives - The Art Store,85,1,... Art Store · Καλάθι Αγορών €0.00 0 ... δωροκάρτα. Εμφάνιση του μοναδικού αποτελέσματος ... Art Store - a project by atsompanis. Αρ. ΓΕΜΗ: 137831855000. fbpx.,data\discovery\mega-harvest-v6\clean-v6\review.csv
REVIEW,plausible_giftcard_but_needs_human_check,thebaitay.com,GIFT CARD - The BaiTay,https://thebaitay.com/collections/gift-card?srsltid=AfmBOorUBq8ljCKr8szk2xU-lhXJpiAmus50HloxaCo0mIs5QLC8OClp,GIFT CARD - The BaiTay,100,1,BAGS · HAND FAN · ACCESSORIES · TABLEWARE · WALL ART · GIFT CARD · SUMMER SALE · BLANKETS ... Thessaloniki Greece. Contact. info@thebaitay.com. MANTENGAMOS EL ...,data\discovery\mega-harvest-v6\clean-v6\review.csv | data\discovery\review-universe-v3\manual-review.csv
REVIEW,plausible_giftcard_but_needs_human_check,thebbqmag.com,Buy a Gift Voucher,https://www.thebbqmag.com/buy-a-gift-voucher/,Buy a Gift Voucher,100,1,Solid Fuel · Cookery Schools · Restaurants & Experiences · Food · Drink · Grills ... Buy a Gift Voucher. We have a selection of Gift Vouchers which can be ...,data\discovery\mega-harvest-v6\clean-v6\review.csv | data\discovery\review-universe-v1\still-review.csv | data\discovery\review-universe-v5\manual-review.csv
REVIEW,plausible_giftcard_but_needs_human_check,thebodyshop.cy,Thebodyshop,https://thebodyshop.cy/en/products/e-gift-card-1,E-Gift Card,100,4,The Body Shop Cyprus · Log in Search Cart · Trending · Must-have Essentials ... E-Gift Card. SEND AN ONLINE E-GIFT CARD. Stuck for gift ideas? Or did you ...,data\discovery\mass-harvest-v5\clean-v5.2\global-review.csv | data\discovery\mass-harvest-v5\clean-v5.3\global-review.csv | data\discovery\mass-harvest-v5\clean-v5.4\review.csv | data\discovery\mass-harvest-v5\clean-v5.5\review.csv | data\discovery\review-universe-v2\manual-review.csv
REVIEW,plausible_giftcard_but_needs_human_check,thebodyshop.mt,Gift Card,https://www.thebodyshop.mt/products/gift-card?srsltid=AfmBOor3Jyw_8cWsobSveIaHZzsF-G26-xW4xu1qSzZd5fRm3zGctgQX,Gift Card,100,4,Gift Card. What does it do for you? SEND AN ONLINE E-GIFT CARD. Stuck for ... The Body Shop Malta · Instagram · Facebook · Pinterest. © 2026 The Body Shop Malta,data\discovery\mass-harvest-v5\clean-v5.2\global-review.csv | data\discovery\mass-harvest-v5\clean-v5.3\global-review.csv | data\discovery\mass-harvest-v5\clean-v5.4\review.csv | data\discovery\mass-harvest-v5\clean-v5.5\review.csv | data\discovery\review-universe-v1\still-review.csv | data\discovery\review-universe-v5\manual-review.csv
REVIEW,plausible_giftcard_but_needs_human_check,thebookhousebroughtyferry.co.uk,Bookhouse Gift Vouchers,https://thebookhousebroughtyferry.co.uk/collections/bookhouse-gift-vouchers?srsltid=AfmBOoq7Ztis4nZ2sYbFdGOladAowc__2tNnaUoMV9T4Py9v2itqiLwz,Bookhouse Gift Vouchers,100,4,Physical Gift Voucher - Gift Cards from The Bookhouse Broughty Ferry- Just £10! Physical Gift Voucher · Physical Gift Voucher. Regular price From £10.00 GBP.,data\discovery\mass-harvest-v5\clean-v5.2\global-review.csv | data\discovery\mass-harvest-v5\clean-v5.3\global-review.csv | data\discovery\mass-harvest-v5\clean-v5.4\review.csv | data\discovery\mass-harvest-v5\clean-v5.5\review.csv | data\discovery\review-universe-v1\still-review.csv | data\discovery\review-universe-v5\manual-review.csv
REVIEW,plausible_giftcard_but_needs_human_check,theboxgallery.gr,Αγοράστε μία Δωροεπιταγή,https://theboxgallery.gr/index.php?route,Αγοράστε μία Δωροεπιταγή,85,2,Coloring Books · Τρενάκια Ζωγραφικής · Tag Stickers · Καμβάδες Ζωγραφικής · Εργαλεία ... Αυτή η δωροεπιταγή θα αποσταλεί μέ e-mail στον παραλήπτη αφού ολοκληρωθεί ...,data\discovery\focused-harvest-v7\clean-v7\review.csv | data\discovery\focused-harvest-v7-run1-backup\clean-v7\review.csv | data\discovery\review-universe-v1\still-review.csv | data\discovery\review-universe-v4-1\manual-review.csv
REVIEW,plausible_giftcard_but_needs_human_check,thecardzoo.com,Trip To Mykonos Pass Personalised Gift Voucher Surprise ...,https://thecardzoo.com/trip-to-mykonos-pass-personalised-gift-voucher-surprise-trip-holiday-ticket/,Trip To Mykonos Pass Personalised Gift Voucher Surprise ...,70,4,"Whether it's a weekend break, a date night, tickets to a football match, or even something as unique as a tattoo session, we have personalised vouchers for all ...",data\discovery\focused-harvest-v7-run1-backup\clean-v7\review.csv | data\discovery\mass-harvest-v5\clean-v5.3\greece-market-review.csv | data\discovery\mass-harvest-v5\clean-v5.4\review.csv | data\discovery\mass-harvest-v5\clean-v5.5\review.csv | data\discovery\review-universe-v1\still-review.csv
REVIEW,plausible_giftcard_but_needs_human_check,theeurope.com,Christmas 2020 Gift Vouchers & Offers - Killarney,https://www.theeurope.com/blog/gift-vouchers-special-offers-christmas-2020,Christmas 2020 Gift Vouchers & Offers - Killarney,100,4,"Thoughtful luxury Christmas 2020 present guide & ideas for gift vouchers, ESPA, accommodation, special offers & dining from The Europe, ...",data\discovery\mass-harvest-v5\clean-v5.2\global-review.csv | data\discovery\mass-harvest-v5\clean-v5.3\global-review.csv | data\discovery\mass-harvest-v5\clean-v5.4\review.csv | data\discovery\mass-harvest-v5\clean-v5.5\review.csv | data\discovery\review-universe-v1\still-review.csv
REVIEW,plausible_giftcard_but_needs_human_check,thefoundation.com.au,Lingerie Gift Voucher $20 | Last Minute Gift Ideas for Women,https://thefoundation.com.au/products/gift-card-21?srsltid=AfmBOopo5GEmdEF8FFGKYL5hV6MyhvfvlHa5Q74M1I3aKYXyF87oey9u,Lingerie Gift Voucher $20 | Last Minute Gift Ideas for Women,100,5,"Gift Cards and Vouchers for women. Find the perfect gift for women to choose from a wide selection of lingerie, and complimentary bra fitting too.",data\discovery\mass-harvest-v5\clean-v5.2\global-review.csv | data\discovery\mass-harvest-v5\clean-v5.3\global-review.csv | data\discovery\mass-harvest-v5\clean-v5.4\review.csv | data\discovery\mass-harvest-v5\clean-v5.5\review.csv | data\discovery\mega-harvest-v6\clean-v6\review.csv | data\discovery\review-universe-v1\still-review.csv | data\discovery\review-universe-v5\manual-review.csv
REVIEW,plausible_giftcard_but_needs_human_check,thefrankieshop.com,Com,https://thefrankieshop.com/products/e-gift-card,E-Gift Card,100,2,Gift Card · The Frankie Shop. New In. Lifestyle. View All · Decor · Candles & Home Fragrances · Beauty · Perfumes · Textiles · The Frankie Shop. Textiles · The ...,data\discovery\focused-harvest-v7\clean-v7\review.csv | data\discovery\focused-harvest-v7-run1-backup\clean-v7\review.csv | data\discovery\review-universe-v1\still-review.csv | data\discovery\review-universe-v5\manual-review.csv
REVIEW,plausible_giftcard_but_needs_human_check,thegreekoutdoor.com,Gift Card - The Greek Outdoor,https://thegreekoutdoor.com/gift-card/,Gift Card - The Greek Outdoor,100,4,Home Give the Gift of Adventure with Sailing Tours and Outdoor Activities in Greece Travel Gift Card Looking for the perfect travel gift for your loved ones ...,data\discovery\mass-harvest-v5\clean-v5.3\greece-market-review.csv | data\discovery\mass-harvest-v5\clean-v5.4\review.csv | data\discovery\mass-harvest-v5\clean-v5.5\review.csv | data\discovery\mega-harvest-v6\clean-v6\review.csv | data\discovery\review-universe-v3\manual-review.csv
REVIEW,plausible_giftcard_but_needs_human_check,theguardian.com,10 of the best holiday gift voucher ideas | Travel | The Guardian,https://www.theguardian.com/travel/2017/dec/11/10-best-holiday-gift-voucher-ideas,10 of the best holiday gift voucher ideas | Travel | The Guardian,100,4,"... Travel · US · Europe · UK. Gartmore House, Scotland, in its rolling grounds ... 10 of the best holiday gift voucher ideas. This article is more ...",data\discovery\mass-harvest-v5\clean-v5.2\global-review.csv | data\discovery\mass-harvest-v5\clean-v5.3\global-review.csv | data\discovery\mass-harvest-v5\clean-v5.4\review.csv | data\discovery\mass-harvest-v5\clean-v5.5\review.csv | data\discovery\review-universe-v2\manual-review.csv
REVIEW,plausible_giftcard_but_needs_human_check,thegymking.com,eGift Card | Online Gift Card,https://thegymking.com/products/gk-gift-card,eGift Card | Online Gift Card,100,3,"Gym King Gift Card, a fast and easy digital gift with instant delivery and flexible values, ideal for gym clothing, fitness gear, and activewear.",data\discovery\mass-harvest-v5\clean-v5.4\review.csv | data\discovery\mass-harvest-v5\clean-v5.5\review.csv | data\discovery\mega-harvest-v6\clean-v6\review.csv | data\discovery\review-universe-v1\still-review.csv | data\discovery\review-universe-v5\manual-review.csv
REVIEW,plausible_giftcard_but_needs_human_check,thehealthyholidaycompany.co.uk,Our Gift Card. The Perfect Gift,https://thehealthyholidaycompany.co.uk/gift-voucher/,Our Gift Card. The Perfect Gift,100,1,Medical Spa · Ranch Holidays · Safari · Villas. Outdoor Activities. Hiking · Luxury ... We can send you a beautiful digital gift gift voucher so you can surprise ...,data\discovery\mega-harvest-v6\clean-v6\review.csv | data\discovery\review-universe-v1\still-review.csv | data\discovery\review-universe-v5\manual-review.csv
REVIEW,plausible_giftcard_but_needs_human_check,thehellenicodyssey.com,Gift Card,https://thehellenicodyssey.com/product/shop/gift-cards/gift-card/,Gift Card,100,1,Gift Card. $50.00 – $100.00 Price range: $50.00 through $100.00. Don't Know ... pastry. read moreread less. Maria. 25/05/24. Kelly was super friendly and ...,data\discovery\mega-harvest-v6\clean-v6\review.csv | data\discovery\review-universe-v1\still-review.csv | data\discovery\review-universe-v5\manual-review.csv
REVIEW,plausible_giftcard_but_needs_human_check,theleatherrebel.com,Gift voucher,https://theleatherrebel.com/en-eu/collections/cadeaubon?srsltid=AfmBOopqpitxlJWp-A8Vyq7V3ICQczAd7iSdjIr-hvDYVFNLPl_6C5MK,Gift voucher,80,5,"... convenient! Want to give an original gift? Choose a gift voucher from The Leather Rebel! Gift voucher. Choose options. Gift voucher Sale priceFrom €10,00.",data\discovery\mass-harvest-v5\clean-v5.1\review.csv | data\discovery\mass-harvest-v5\clean-v5.2\manual-review.csv | data\discovery\mass-harvest-v5\clean-v5.3\global-review.csv | data\discovery\mass-harvest-v5\clean-v5.4\review.csv | data\discovery\mass-harvest-v5\clean-v5.5\review.csv | data\discovery\review-universe-v1\still-review.csv | data\discovery\review-universe-v5\manual-review.csv
REVIEW,plausible_giftcard_but_needs_human_check,theluxurytravelexpert.com,Why Luxury Hotel Gift Cards Are the Perfect Gift,https://theluxurytravelexpert.com/why-luxury-hotel-gift-cards-are-the-perfect-gift/,Why Luxury Hotel Gift Cards Are the Perfect Gift,100,1,"A Six Senses gift card unlocks access to eco-conscious luxury resorts, wellness programs, spa treatments, and immersive experiences designed ...",data\discovery\mega-harvest-v6\clean-v6\review.csv | data\discovery\review-universe-v1\still-review.csv | data\discovery\review-universe-v5\manual-review.csv
REVIEW,plausible_giftcard_but_needs_human_check,themodernisthotels.com,The Modernist Gift Voucher,https://shop.themodernisthotels.com/product/the-modernist-gift-voucher/,The Modernist Gift Voucher,100,3,"The Modernist Gift Voucher. €100.00 – €2,000.00 Price range: €100.00 ... From stays at The Modernist Athens or The Modernist Thessaloniki to light ...",data\discovery\mass-harvest-v5\clean-v5.3\greece-market-review.csv | data\discovery\mass-harvest-v5\clean-v5.4\review.csv | data\discovery\mass-harvest-v5\clean-v5.5\review.csv | data\discovery\review-universe-v1\still-review.csv | data\discovery\review-universe-v5-1\manual-review.csv
REVIEW,plausible_giftcard_but_needs_human_check,themontenottehotel.com,Hotel & Spa Gift Vouchers Cork,https://www.themontenottehotel.com/gift-vouchers/,Hotel & Spa Gift Vouchers Cork,100,5,"However you choose to gift the Montenotte experience, a gift voucher ensures a memorable holiday treat. ... Cinema. Simply choose the monetary value you ...",data\discovery\mass-harvest-v5\clean-v5.2\global-review.csv | data\discovery\mass-harvest-v5\clean-v5.3\global-review.csv | data\discovery\mass-harvest-v5\clean-v5.4\review.csv | data\discovery\mass-harvest-v5\clean-v5.5\review.csv | data\discovery\mega-harvest-v6\clean-v6\review.csv | data\discovery\review-universe-v1\still-review.csv | data\discovery\review-universe-v5\manual-review.csv
REVIEW,plausible_giftcard_but_needs_human_check,theolivesense.com,Gift Card,https://www.theolivesense.com/products/gift-card?srsltid=AfmBOopZqy_mBMAxk5AVu-GbGzvlZsg063x3tm6h-LwPJCgB7a50xloG,Gift Card,65,1,... skincare product to her face against a beige background. From our hands to ... Greece. (030) 211 4086 920 (030) 6934 919 569. info@theolivesense.com.,data\discovery\mega-harvest-v6\clean-v6\review.csv | data\discovery\review-universe-v1\still-review.csv | data\discovery\review-universe-v5-1\manual-review.csv
REVIEW,plausible_giftcard_but_needs_human_check,thepanicroomonline.net,Store Gift Cards & Escape Room Gifts,https://thepanicroomonline.net/collections/gift-cards-escape-room-gifts,Store Gift Cards & Escape Room Gifts,100,5,Give them the gift of choice with a gift card for The Panic Room Online & Don't Panic ... ... Escape Room Christmas Bundle - The Panic Room Escape Ltd Escape Room ...,data\discovery\mass-harvest-v5\clean-v5.2\global-review.csv | data\discovery\mass-harvest-v5\clean-v5.3\global-review.csv | data\discovery\mass-harvest-v5\clean-v5.4\review.csv | data\discovery\mass-harvest-v5\clean-v5.5\review.csv | data\discovery\mega-harvest-v6\clean-v6\review.csv | data\discovery\review-universe-v1\still-review.csv | data\discovery\review-universe-v5\manual-review.csv
REVIEW,plausible_giftcard_but_needs_human_check,thepaymentsassociation.eu,Gift Card Consumer Research,https://www.thepaymentsassociation.eu/sites/default/files/2021-03/Gift-Card-Consumer-Survey-France-Gx-report.pdf,Gift Card Consumer Research,100,5,The purpose of this study is to build on the gift card information that was presented to the founding members of Prepaid Exchange France in May 2011. Gx has ...,data\discovery\mass-harvest-v5\clean-v5.1\review.csv | data\discovery\mass-harvest-v5\clean-v5.2\global-review.csv | data\discovery\mass-harvest-v5\clean-v5.3\global-review.csv | data\discovery\mass-harvest-v5\clean-v5.4\review.csv | data\discovery\mass-harvest-v5\clean-v5.5\review.csv | data\discovery\review-universe-v1\still-review.csv | data\discovery\review-universe-v5\manual-review.csv
REVIEW,plausible_giftcard_but_needs_human_check,thepropertyof.com,Gift Voucher | Property Of… Gift Card,https://thepropertyof.com/products/gift-voucher?srsltid=AfmBOorcgVapTJ8Tj9BI5AHbl7aBZAGaM2nmZHKbaYbVEIdd_DZ9aHFx,Gift Voucher | Property Of… Gift Card,100,4,Luggage Tags · Other Products · Bottles · Notebooks · Notebook Fillers · Perfume ... GIFT VOUCHER. $15.47 USD. Unit price /. Unavailable. PERFECT FOR: Perfect for ...,data\discovery\mass-harvest-v5\clean-v5.2\global-review.csv | data\discovery\mass-harvest-v5\clean-v5.3\global-review.csv | data\discovery\mass-harvest-v5\clean-v5.4\review.csv | data\discovery\mass-harvest-v5\clean-v5.5\review.csv | data\discovery\review-universe-v1\still-review.csv | data\discovery\review-universe-v5\manual-review.csv
REVIEW,plausible_giftcard_but_needs_human_check,therapyofflowers.com,Therapy of Flowers Gift Card | Digital Gift Voucher,https://www.therapyofflowers.com/products/gift-card-form-therapy-of-flowers?srsltid=AfmBOoqUVVdBgcCTfLTQxKH-7DuNC5ceKIYsSlmC5qAvz81sArrylZTA,Therapy of Flowers Gift Card | Digital Gift Voucher,100,5,"Whether you're celebrating a birthday, saying thank you, or surprising someone ``just because'', a Therapy of Flowers Gift Card lets your loved ones choose ...",data\discovery\mass-harvest-v5\clean-v5.2\global-review.csv | data\discovery\mass-harvest-v5\clean-v5.3\global-review.csv | data\discovery\mass-harvest-v5\clean-v5.4\review.csv | data\discovery\mass-harvest-v5\clean-v5.5\review.csv | data\discovery\mega-harvest-v6\clean-v6\review.csv | data\discovery\review-universe-v2\manual-review.csv
REVIEW,plausible_giftcard_but_needs_human_check,thespisjewellery.gr,Αγοράστε μία Δωροεπιταγή,https://thespisjewellery.gr/index.php?route,Αγοράστε μία Δωροεπιταγή,85,2,Menu. Κατηγορίες. ΕΚΠΤΩΣΕΙΣ PANDORA; PANDORA · NOMINATION · DIMITRIOS EXCLUSIVE · GEROCHRISTO JEWELRY ... Αυτή η δωροεπιταγή θα αποσταλεί μέ e-mail στον παραλήπτη ...,data\discovery\focused-harvest-v7\clean-v7\review.csv | data\discovery\focused-harvest-v7-run1-backup\clean-v7\review.csv | data\discovery\review-universe-v1\still-review.csv | data\discovery\review-universe-v4-1\manual-review.csv
REVIEW,plausible_giftcard_but_needs_human_check,thessaroma.gr,Αγοράστε μία Δωροεπιταγή,https://thessaroma.gr/index.php?route,Αγοράστε μία Δωροεπιταγή,85,2,... Perfume For Home; Candles; Home Refresher; Reed Diffuser; Εποχιακά; AUTUMN; SPRING ... Αυτή η δωροεπιταγή θα αποσταλεί μέ e-mail στον παραλήπτη αφού ολοκληρωθεί ή ...,data\discovery\focused-harvest-v7\clean-v7\review.csv | data\discovery\focused-harvest-v7-run1-backup\clean-v7\review.csv | data\discovery\review-universe-v1\still-review.csv | data\discovery\review-universe-v4-1\manual-review.csv
REVIEW,plausible_giftcard_but_needs_human_check,thessfringe.com,Gift Vouchers,https://thessfringe.com/merch/gift-vouchers-4/,Gift Vouchers,100,3,€8 Gift Voucher. Valid for ThessFringe 2025. Buy Now. €10 Gift Voucher €10 ... The 3rd Thessaloniki Fringe Festival was sponsored and under the auspices of the ...,data\discovery\mass-harvest-v5\clean-v5.3\greece-market-review.csv | data\discovery\mass-harvest-v5\clean-v5.4\review.csv | data\discovery\mass-harvest-v5\clean-v5.5\review.csv | data\discovery\review-universe-v1\still-review.csv | data\discovery\review-universe-v5-1\manual-review.csv
REVIEW,plausible_giftcard_but_needs_human_check,thevenuesco.au,Festive Season Exclusive Offer – 25% Off Dining Gift Voucher,https://thevenuesco.au/festive-season-exclusive-offer-25-off-dining-gift-voucher/,Festive Season Exclusive Offer – 25% Off Dining Gift Voucher,65,1,Jimmy's Kitchen Festive Season Exclusive Offer - 25% Off Dining Gift ... Because it's so much more than just a meal — it's a ticket to Greece without the flight!,data\discovery\mega-harvest-v6\clean-v6\review.csv | data\discovery\review-universe-v1\still-review.csv | data\discovery\review-universe-v5-1\manual-review.csv
REVIEW,plausible_giftcard_but_needs_human_check,tholosrestaurant.co.uk,Gift Voucher - Tholos Restaurant,https://tholosrestaurant.co.uk/gift-voucher/,Gift Voucher - Tholos Restaurant,100,4,"Based on seasonal high-quality ingredients, most of which are supplied directly from Greece ... Gift Voucher · Contact Us. ©2026. Tholos Restaurant. All Rights ...",data\discovery\mass-harvest-v5\clean-v5.3\greece-market-review.csv | data\discovery\mass-harvest-v5\clean-v5.4\review.csv | data\discovery\mass-harvest-v5\clean-v5.5\review.csv | data\discovery\mega-harvest-v6\clean-v6\review.csv | data\discovery\review-universe-v1\still-review.csv
REVIEW,plausible_giftcard_but_needs_human_check,thonhotels.com,Hotel gift card,https://www.thonhotels.com/about-thon-hotels/gift-card/,Hotel gift card,100,4,The gift card from dittgavekort.no cannot be used in Sweden. See dittpresentkort.se for gift cards that can be used in Sweden. Expiry and loss of gift card.,data\discovery\mass-harvest-v5\clean-v5.2\global-review.csv | data\discovery\mass-harvest-v5\clean-v5.3\global-review.csv | data\discovery\mass-harvest-v5\clean-v5.4\review.csv | data\discovery\mass-harvest-v5\clean-v5.5\review.csv | data\discovery\review-universe-v1\still-review.csv | data\discovery\review-universe-v5\global-greece-review.csv
REVIEW,plausible_giftcard_but_needs_human_check,threeshipscoffee.com,Digital Gift Voucher (Cafe Use Only - Purchase Link In ...,https://threeshipscoffee.com/products/gift-card-for-use-in-cafe-copy,Digital Gift Voucher (Cafe Use Only - Purchase Link In ...,100,4,Greece EUR €; Greenland DKK kr. Grenada XCD $; Guadeloupe EUR €; Guatemala ... Digital Gift Voucher (Cafe Use Only - Purchase Link In Description). $0.00.,data\discovery\mass-harvest-v5\clean-v5.3\greece-market-review.csv | data\discovery\mass-harvest-v5\clean-v5.4\review.csv | data\discovery\mass-harvest-v5\clean-v5.5\review.csv | data\discovery\mega-harvest-v6\clean-v6\review.csv | data\discovery\review-universe-v1\still-review.csv | data\discovery\review-universe-v5-1\manual-review.csv
REVIEW,plausible_giftcard_but_needs_human_check,ticket2attraction.com,Ticket2 Gift Voucher: The Perfect Gift of Travel & Experiences,https://www.ticket2attraction.com/blogs/gift-voucher/?srsltid,Ticket2 Gift Voucher: The Perfect Gift of Travel & Experiences,100,1,"... Gift Voucher ... Best Family-Friendly Chao Phraya River Cruises. Discover the best Chao Phraya River cruises in Bangkok for families, kids, and ...",data\discovery\focused-harvest-v7-run1-backup\clean-v7\review.csv | data\discovery\review-universe-v1\still-review.csv | data\discovery\review-universe-v5\manual-review.csv
REVIEW,plausible_giftcard_but_needs_human_check,tiffanylightingdirect.co.uk,Tiffany Lighting Direct Gift Voucher | No Expiry Date Gift Card,https://www.tiffanylightingdirect.co.uk/products/tiffany-lighting-direct-gift-voucher,Tiffany Lighting Direct Gift Voucher | No Expiry Date Gift Card,100,1,"Tiffany Lighting Direct Gift Voucher. The perfect gift with no expiry for stunning lighting. Free UK delivery, free UK returns and 90 days to decide.",data\discovery\mega-harvest-v6\clean-v6\review.csv | data\discovery\review-universe-v1\still-review.csv | data\discovery\review-universe-v5\manual-review.csv
REVIEW,plausible_giftcard_but_needs_human_check,tikiwe.com,Gift Voucher,https://tikiwe.com/en/collections/geschenkgutschein?srsltid=AfmBOoo90d4SmRRbL7NKi0M8DXzKeiUzKFPJir7Bf85P9OWAviMFFnhp,Gift Voucher,80,1,"Greece (EUR €); Greenland (DKK kr.) Grenada (XCD $); Guadeloupe (EUR ... Tikiwe® Cork Bags Gift Voucher. €10,00 - €100,00. View all collections · Home ...",data\discovery\mega-harvest-v6\clean-v6\review.csv | data\discovery\review-universe-v1\still-review.csv | data\discovery\review-universe-v4\still-review.csv
REVIEW,plausible_giftcard_but_needs_human_check,tillo.com,Digital-first: Lessons from the European Digital Gift Card ...,https://www.tillo.com/blog/digital-gift-cards-europe-vs-usa,Digital-first: Lessons from the European Digital Gift Card ...,100,4,"In the world of gift cards, physical gift card malls feature more highly in the US than the UK/Europe. Another significant factor is ...",data\discovery\mass-harvest-v5\clean-v5.2\global-review.csv | data\discovery\mass-harvest-v5\clean-v5.3\global-review.csv | data\discovery\mass-harvest-v5\clean-v5.4\review.csv | data\discovery\mass-harvest-v5\clean-v5.5\review.csv | data\discovery\review-universe-v1\still-review.csv | data\discovery\review-universe-v5\manual-review.csv
REVIEW,plausible_giftcard_but_needs_human_check,time2shop.gr,Αγοράστε μία Δωροεπιταγή,https://time2shop.gr/index.php?route,Αγοράστε μία Δωροεπιταγή,85,2,Αγοράστε μία Δωροεπιταγή. Αυτή η δωροεπιταγή θα αποσταλεί μέ e-mail στον παραλήπτη αφού ολοκληρωθεί ή πληρωμή σας. ... Outdoor Multifuction. Quickview. North Edge ...,data\discovery\focused-harvest-v7\clean-v7\review.csv | data\discovery\focused-harvest-v7-run1-backup\clean-v7\review.csv | data\discovery\review-universe-v1\still-review.csv | data\discovery\review-universe-v4-1\manual-review.csv
REVIEW,plausible_giftcard_but_needs_human_check,timeshop24.com,100 Euro Gift Voucher - Timeshop24,https://www.timeshop24.com/100-gift-voucher.html?srsltid=AfmBOoqRSN10jvgIUZ-ZaV3GFDjAbe6GESHIefw8QNv3WP7FVQAZW09G,100 Euro Gift Voucher - Timeshop24,100,5,Timeshop24 - SHOP FOR WATCHES + JEWELREY SINCE 2004. Search. Search. ×. Advanced ... 100 Euro Gift Voucher. Be the first to review this product. $117.22. In ...,data\discovery\mass-harvest-v5\clean-v5.2\global-review.csv | data\discovery\mass-harvest-v5\clean-v5.3\global-review.csv | data\discovery\mass-harvest-v5\clean-v5.4\review.csv | data\discovery\mass-harvest-v5\clean-v5.5\review.csv | data\discovery\mega-harvest-v6\clean-v6\review.csv | data\discovery\review-universe-v2\manual-review.csv
REVIEW,plausible_giftcard_but_needs_human_check,tinawingphotography.co.uk,Tina Wing Photography Gift Vouchers,https://www.tinawingphotography.co.uk/photography-gift-vouchers,Tina Wing Photography Gift Vouchers,100,5,Give that special gift of beautiful wedding and portrait photography with a Tina Wing Photography gift voucher. Phone now to book on 07927 515996.,data\discovery\mass-harvest-v5\clean-v5.2\global-review.csv | data\discovery\mass-harvest-v5\clean-v5.3\global-review.csv | data\discovery\mass-harvest-v5\clean-v5.4\review.csv | data\discovery\mass-harvest-v5\clean-v5.5\review.csv | data\discovery\mega-harvest-v6\clean-v6\review.csv | data\discovery\review-universe-v1\still-review.csv | data\discovery\review-universe-v5\manual-review.csv
REVIEW,plausible_giftcard_but_needs_human_check,tinggly.com,Best Greece Gift Card,https://tinggly.com/gift_card/greece-gift-card/GCU622O9T?srsltid=AfmBOoooeYYfb2N0L8qAEROGPQNJZroA9dfi5BOVy8cz2TYdJTyWaPFR,Best Greece Gift Card,100,4,"Yes, Tinggly experience gifts usually come with an expiry date. Typically, the gift card is valid for up to two years from the date of purchase, giving ...",data\discovery\mass-harvest-v5\clean-v5.3\greece-market-review.csv | data\discovery\mass-harvest-v5\clean-v5.4\review.csv | data\discovery\mass-harvest-v5\clean-v5.5\review.csv | data\discovery\mega-harvest-v6\clean-v6\review.csv | data\discovery\review-universe-v1\still-review.csv | data\discovery\review-universe-v5-1\manual-review.csv
REVIEW,plausible_giftcard_but_needs_human_check,tinneystoys.com,Gift Cards,https://www.tinneystoys.com/en/Gift-Cards/cc-23.aspx,Gift Cards,100,5,An e-Gift voucher is a wonderful way of giving someone special a treat and sharing the Tinney's Toys shopping experience. Shop e-Gift Vouchers ...,data\discovery\mass-harvest-v5\clean-v5.2\global-review.csv | data\discovery\mass-harvest-v5\clean-v5.3\global-review.csv | data\discovery\mass-harvest-v5\clean-v5.4\review.csv | data\discovery\mass-harvest-v5\clean-v5.5\review.csv | data\discovery\mega-harvest-v6\clean-v6\review.csv | data\discovery\review-universe-v1\still-review.csv | data\discovery\review-universe-v5\manual-review.csv
REVIEW,plausible_giftcard_but_needs_human_check,to-farmakion.gr,Αγοράστε μία Δωροεπιταγή,https://www.to-farmakion.gr/index.php?route,Αγοράστε μία Δωροεπιταγή,85,2,Australian BUSH FLOWERS Essences33 · Μεμονωμένα Ανθοϊάματα Australian Bush ... Αυτή η δωροεπιταγή θα αποσταλεί μέ e-mail στον παραλήπτη αφού ολοκληρωθεί ή πληρωμή ...,data\discovery\focused-harvest-v7\clean-v7\review.csv | data\discovery\focused-harvest-v7-run1-backup\clean-v7\review.csv | data\discovery\review-universe-v1\still-review.csv | data\discovery\review-universe-v4-1\manual-review.csv
REVIEW,plausible_giftcard_but_needs_human_check,tods.com,Tod's Gift Card,https://www.tods.com/gr-en/add-gift-card/,Tod's Gift Card,100,1,"18 Salisbury Road, Tsim Sha Tsui, Kowloon, Hong Kong. SOGO Causeway Bay TOD'S Boutique - Sogo Department Store ... Gift Card. Have you lost your Gift Card code?",data\discovery\mega-harvest-v6\clean-v6\review.csv | data\discovery\review-universe-v2\manual-review.csv
REVIEW,plausible_giftcard_but_needs_human_check,tofillo.com,Gift Cards Αρχεία,https://tofillo.com/en/products/gift-cards-en/,Gift Cards Αρχεία,100,3,"Gift Card 20€. 20,00€. Buy · Gift Card 50€. 50,00€. Buy ... ) Souda, Chania, Crete · +30 28215 06927. Follow us. Facebook-f Instagram Youtube. Website by ...",data\discovery\mass-harvest-v5\clean-v5.3\greece-market-review.csv | data\discovery\mass-harvest-v5\clean-v5.4\review.csv | data\discovery\mass-harvest-v5\clean-v5.5\review.csv | data\discovery\review-universe-v1\still-review.csv | data\discovery\review-universe-v5-1\manual-review.csv
REVIEW,plausible_giftcard_but_needs_human_check,totalbeautymalta.com,Gift Card Balance,https://totalbeautymalta.com/balance/,Gift Card Balance,85,5,"Total Beauty Malta · Home; Shop. Ritzy Nails TM · RIKI Loves RIKI · Glamcor ... Check Gift Card Balance. OPENING HOURS. Monday, 08:00 – 19:00. Tuesday, 07:00 – 13 ...",data\discovery\mass-harvest-v5\clean-v5.1\review.csv | data\discovery\mass-harvest-v5\clean-v5.2\manual-review.csv | data\discovery\mass-harvest-v5\clean-v5.3\global-review.csv | data\discovery\mass-harvest-v5\clean-v5.4\review.csv | data\discovery\mass-harvest-v5\clean-v5.5\review.csv | data\discovery\review-universe-v1\still-review.csv | data\discovery\review-universe-v5\manual-review.csv
REVIEW,plausible_giftcard_but_needs_human_check,toucanforkids.gr,Αγοράστε μία Δωροεπιταγή - Toucan for kids,https://toucanforkids.gr/index.php?route,Αγοράστε μία Δωροεπιταγή - Toucan for kids,85,1,Το καλάθι αγορών είναι άδειο! Login; Register. Toucan for kids| Βρεφικά/Παιδικά Είδη · Ένδυση και ρουχισμός ... Αυτή η δωροεπιταγή θα αποσταλεί μέ e-mail στον ...,data\discovery\focused-harvest-v7\clean-v7\review.csv | data\discovery\focused-harvest-v7-run1-backup\clean-v7\review.csv
REVIEW,plausible_giftcard_but_needs_human_check,toysflix.gr,Αγοράστε μία Δωροεπιταγή,https://toysflix.gr/index.php?route,Αγοράστε μία Δωροεπιταγή,85,2,Kids hits toys13 · Βρεφικά Παιχνίδια Μπάνιου5 · Γιο Γιο1 · Γυμναστήρια Για Μωρά7 ... Αυτή η δωροεπιταγή θα αποσταλεί μέ e-mail στον παραλήπτη αφού ολοκληρωθεί ή ...,data\discovery\focused-harvest-v7\clean-v7\review.csv | data\discovery\focused-harvest-v7-run1-backup\clean-v7\review.csv | data\discovery\review-universe-v1\still-review.csv | data\discovery\review-universe-v4-1\manual-review.csv
REVIEW,plausible_giftcard_but_needs_human_check,trabakopoulos.gr,Αγοράστε μία Δωροεπιταγή - Trabakopoulos Jewelry,https://trabakopoulos.gr/index.php?route,Αγοράστε μία Δωροεπιταγή - Trabakopoulos Jewelry,85,1,Αγοράστε μία Δωροεπιταγή. Trabakopoulos Jewelry ... Αυτή η δωροεπιταγή θα αποσταλεί μέ e-mail στον παραλήπτη αφού ολοκληρωθεί ή πληρωμή σας.,data\discovery\focused-harvest-v7\clean-v7\review.csv | data\discovery\focused-harvest-v7-run1-backup\clean-v7\review.csv
REVIEW,plausible_giftcard_but_needs_human_check,trace-shoes.gr,Αγοράστε μία Δωροεπιταγή,https://www.trace-shoes.gr/dwroepitages.html?srsltid,Αγοράστε μία Δωροεπιταγή,85,2,"Αυτή η δωροεπιταγή θα αποσταλεί μέ e-mail στον παραλήπτη αφού ολοκληρωθεί ή πληρωμή σας. ... Trace Shoes. Φυσικά καταστήματα: 1. Κορίνθου 224, Πάτρα 2. Αγ ...",data\discovery\focused-harvest-v7\clean-v7\review.csv | data\discovery\focused-harvest-v7-run1-backup\clean-v7\review.csv | data\discovery\review-universe-v1\still-review.csv | data\discovery\review-universe-v4-1\manual-review.csv
REVIEW,plausible_giftcard_but_needs_human_check,trai-anfield-photography.com,BUY PHOTOGRAPHY GIFT VOUCHERS | UK,https://www.trai-anfield-photography.com/shop-photography-gift-vouchers,BUY PHOTOGRAPHY GIFT VOUCHERS | UK,100,4,Tailor Made Greece: Dalmation Pelicans · Tailor Made Scotland · Tailor Made ... Photography Gift Voucher £25. Price£25.00 · £50 Photography Gift Voucher. Price ...,data\discovery\mass-harvest-v5\clean-v5.3\greece-market-review.csv | data\discovery\mass-harvest-v5\clean-v5.4\review.csv | data\discovery\mass-harvest-v5\clean-v5.5\review.csv | data\discovery\mega-harvest-v6\clean-v6\review.csv | data\discovery\review-universe-v1\still-review.csv | data\discovery\review-universe-v5-1\manual-review.csv
REVIEW,plausible_giftcard_but_needs_human_check,traingift.com,NS Gift Voucher | Explore The Netherlands with Traingift,https://www.traingift.com/en/partner/ns-gift-voucher/,NS Gift Voucher | Explore The Netherlands with Traingift,100,4,Digital gift voucher. Personalise your voucher. The voucher for people who love train travel ... trip to Amsterdam to travel across the Netherlands & beyond.,data\discovery\mass-harvest-v5\clean-v5.2\global-review.csv | data\discovery\mass-harvest-v5\clean-v5.3\global-review.csv | data\discovery\mass-harvest-v5\clean-v5.4\review.csv | data\discovery\mass-harvest-v5\clean-v5.5\review.csv | data\discovery\review-universe-v2\manual-review.csv
REVIEW,plausible_giftcard_but_needs_human_check,travelbase.world,Travelbase gift voucher,https://travelbase.world/travelbase-giftvoucher/,Travelbase gift voucher,100,4,"Europe. Europe. Finnish Lapland (3); France (3); Iceland (3); Italy (8); Madeira ... Create a gift voucher in just a few clicks, valid on all Travelbase trips!",data\discovery\mass-harvest-v5\clean-v5.2\global-review.csv | data\discovery\mass-harvest-v5\clean-v5.3\global-review.csv | data\discovery\mass-harvest-v5\clean-v5.4\review.csv | data\discovery\mass-harvest-v5\clean-v5.5\review.csv | data\discovery\review-universe-v2\manual-review.csv
REVIEW,plausible_giftcard_but_needs_human_check,traveldepartment.ie,Gift Vouchers,https://www.traveldepartment.ie/gift-voucher,Gift Vouchers,100,4,Purchase your Travel Department gift voucher now and give your loved ones ... Ireland Select. Delivery Details. Do you want the voucher delivered? Yes. No.,data\discovery\mass-harvest-v5\clean-v5.2\global-review.csv | data\discovery\mass-harvest-v5\clean-v5.3\global-review.csv | data\discovery\mass-harvest-v5\clean-v5.4\review.csv | data\discovery\mass-harvest-v5\clean-v5.5\review.csv | data\discovery\review-universe-v1\still-review.csv | data\discovery\review-universe-v5\manual-review.csv
REVIEW,plausible_giftcard_but_needs_human_check,travelgift.uk,Travel Gift Card The Perfect Present Idea,https://travelgift.uk/,Travel Gift Card The Perfect Present Idea,80,1,"Make gifting easy with a Travel Gift Card UK. Ideal for any occasion, it ... Kifisia (Greece), Athens Down Town Hotel Deliveries (Greece), Chalkida Evia ...",data\discovery\mega-harvest-v6\clean-v6\review.csv
REVIEW,plausible_giftcard_but_needs_human_check,travelgiftcard.lastminute.com,"Travel gift vouchers, Best holiday gift card | lastminute.com",https://travelgiftcard.lastminute.com/,"Travel gift vouchers, Best holiday gift card | lastminute.com",100,5,"What is the difference between a gift card, holiday gift voucher or travel gift card? ... lastminute.com ATOL protected – UK Civil Aviation Authority logo ...",data\discovery\mass-harvest-v5\clean-v5.1\review.csv | data\discovery\mass-harvest-v5\clean-v5.2\global-review.csv | data\discovery\mass-harvest-v5\clean-v5.3\global-review.csv | data\discovery\mass-harvest-v5\clean-v5.4\review.csv | data\discovery\mass-harvest-v5\clean-v5.5\review.csv | data\discovery\review-universe-v2\manual-review.csv
REVIEW,plausible_giftcard_but_needs_human_check,treatwell.be,Treatwell Gift Card | The Ultimate Health & Beauty Gift Idea,https://www.treatwell.be/en/gift-card/,Treatwell Gift Card | The Ultimate Health & Beauty Gift Idea,100,4,"Each Treatwell Gift Card carries a digital balance for pampering, redeemable at thousands of salons and wellness venues when you book on treatwell.co.uk or the ...",data\discovery\mass-harvest-v5\clean-v5.2\global-review.csv | data\discovery\mass-harvest-v5\clean-v5.3\global-review.csv | data\discovery\mass-harvest-v5\clean-v5.4\review.csv | data\discovery\mass-harvest-v5\clean-v5.5\review.csv | data\discovery\review-universe-v2\manual-review.csv
REVIEW,plausible_giftcard_but_needs_human_check,treatwell.co.uk,Treatwell Gift Card | The Ultimate Health & Beauty Gift Idea,https://www.treatwell.co.uk/gift-card/,Treatwell Gift Card | The Ultimate Health & Beauty Gift Idea,100,4,"Each Treatwell Gift Card carries a digital balance for pampering, redeemable at thousands of salons and wellness venues when you book on treatwell.co.uk or the ...",data\discovery\mass-harvest-v5\clean-v5.2\global-review.csv | data\discovery\mass-harvest-v5\clean-v5.3\global-review.csv | data\discovery\mass-harvest-v5\clean-v5.4\review.csv | data\discovery\mass-harvest-v5\clean-v5.5\review.csv | data\discovery\review-universe-v1\still-review.csv | data\discovery\review-universe-v5\manual-review.csv
REVIEW,plausible_giftcard_but_needs_human_check,treatwell.ie,Treatwell Gift Card | The Ultimate Health & Beauty Gift Idea,https://www.treatwell.ie/gift-card/,Treatwell Gift Card | The Ultimate Health & Beauty Gift Idea,100,4,"The Treatwell Gift Card. Gift great hair, glowing skin, stress-melting massages, and main-character confidence. You gift it. They live it.",data\discovery\mass-harvest-v5\clean-v5.2\global-review.csv | data\discovery\mass-harvest-v5\clean-v5.3\global-review.csv | data\discovery\mass-harvest-v5\clean-v5.4\review.csv | data\discovery\mass-harvest-v5\clean-v5.5\review.csv | data\discovery\review-universe-v2\manual-review.csv
REVIEW,plausible_giftcard_but_needs_human_check,tribueyewear.co,TRIBU Gift Card – Digital Gift Voucher for Premium Eyewear,https://tribueyewear.co/products/tribu-gift-cards?srsltid=AfmBOoqaIyvR1TbYRda7FhilCtxpYZZ9UepaffoGLrKhVXiqzOwXQcT5,TRIBU Gift Card – Digital Gift Voucher for Premium Eyewear,100,5,"Give the gift of choice with a TRIBU Digital Gift Card. Redeemable online or in-store on all eyewear, custom tints and signature TRIBU frames.",data\discovery\mass-harvest-v5\clean-v5.2\global-review.csv | data\discovery\mass-harvest-v5\clean-v5.3\global-review.csv | data\discovery\mass-harvest-v5\clean-v5.4\review.csv | data\discovery\mass-harvest-v5\clean-v5.5\review.csv | data\discovery\mega-harvest-v6\clean-v6\review.csv | data\discovery\review-universe-v1\still-review.csv | data\discovery\review-universe-v5\manual-review.csv
REVIEW,plausible_giftcard_but_needs_human_check,tripadeal.com.au,TripADeal e-Gift Voucher | Tour Package,https://www.tripadeal.com.au/gift-vouchers,TripADeal e-Gift Voucher | Tour Package,100,4,"Europe. Hotels. Find your next escape. Exclusive Hotel Packages Curated ... To apply any remaining e-Gift Voucher balance to subsequent instalments payment, ...",data\discovery\mass-harvest-v5\clean-v5.2\global-review.csv | data\discovery\mass-harvest-v5\clean-v5.3\global-review.csv | data\discovery\mass-harvest-v5\clean-v5.4\review.csv | data\discovery\mass-harvest-v5\clean-v5.5\review.csv | data\discovery\review-universe-v1\still-review.csv | data\discovery\review-universe-v5\global-greece-review.csv
REVIEW,plausible_giftcard_but_needs_human_check,tripadvisor.ca,Dining Gift Voucher Provided by the Hotel! - Athens,https://www.tripadvisor.ca/LocationPhotoDirectLink-g189400-d198715-i349862702-Hotel_Grande_Bretagne_A_Luxury_Collection_Hotel-Athens_Attica.html,Dining Gift Voucher Provided by the Hotel! - Athens,80,6,"Hotel Grande Bretagne, A Luxury Collection Hotel · Dining Gift Voucher Provided by the Hotel! · It's all about the view · Sensacional.",data\discovery\mass-harvest-v5\clean-v5.1\review.csv | data\discovery\mass-harvest-v5\clean-v5.2\manual-review.csv | data\discovery\mass-harvest-v5\clean-v5.3\global-review.csv | data\discovery\mass-harvest-v5\clean-v5.4\review.csv | data\discovery\mass-harvest-v5\clean-v5.5\review.csv | data\discovery\mega-harvest-v6\clean-v6\review.csv | data\discovery\review-universe-v1\still-review.csv
REVIEW,plausible_giftcard_but_needs_human_check,tripadvisor.co.za,Buy gift voucher from UK for use in Italy - Tripadvisor,https://www.tripadvisor.co.za/ShowTopic-g187768-i20-k13556429-Buy_gift_voucher_from_UK_for_use_in_Italy-Italy.html,Buy gift voucher from UK for use in Italy - Tripadvisor,100,4,Buy gift voucher from UK for use in Italy ... Would like to give someone living in Italy a gift card or certificate for a meal out. Is there any way this can be ...,data\discovery\mass-harvest-v5\clean-v5.2\global-review.csv | data\discovery\mass-harvest-v5\clean-v5.3\global-review.csv | data\discovery\mass-harvest-v5\clean-v5.4\review.csv | data\discovery\mass-harvest-v5\clean-v5.5\review.csv | data\discovery\review-universe-v1\still-review.csv
REVIEW,plausible_giftcard_but_needs_human_check,tsigkos-plakakia.gr,eco by sonya Eco by Sonya Gift Cards Online | Cosmetics,https://tsigkos-plakakia.gr/?t,eco by sonya Eco by Sonya Gift Cards Online | Cosmetics,85,2,Spoil someone you love with an Eco Tan Gift Voucher so they can treat themselves to our Certified Organic goodies! Note: This is an email gift voucher.,data\discovery\focused-harvest-v7-run1-backup\clean-v7\review.csv | data\discovery\mega-harvest-v6\clean-v6\review.csv | data\discovery\review-universe-v1\still-review.csv | data\discovery\review-universe-v4-1\manual-review.csv
REVIEW,plausible_giftcard_but_needs_human_check,tui.co.uk,TUI Travel Gift Card,https://www.tui.co.uk/destinations/info/tui-gift-cards,TUI Travel Gift Card,100,1,"Looking for a present for a special occasion? Choose a TUI travel gift card, and help them get away on their dream holiday today!",data\discovery\focused-harvest-v7-run1-backup\clean-v7\review.csv | data\discovery\review-universe-v1\still-review.csv | data\discovery\review-universe-v5\manual-review.csv
REVIEW,plausible_giftcard_but_needs_human_check,turquoiseshop.gr,Κάρτα Δώρου,https://turquoiseshop.gr/karta-dorou/,Κάρτα Δώρου,85,2,"Αναρωτιέστε τι δώρο να κάνετε στο αγαπημένο σας προσωπο; Μπορείτε απλά να προμηθευτείτε την Δωροκάρτα Τυρκουάζ απο το κατάστημά μας στην οδό Τζανακάκη 21, Χανιά ...",data\discovery\focused-harvest-v7\clean-v7\review.csv | data\discovery\focused-harvest-v7-run1-backup\clean-v7\review.csv | data\discovery\review-universe-v1\still-review.csv | data\discovery\review-universe-v4-1\manual-review.csv
REVIEW,plausible_giftcard_but_needs_human_check,twinklebrowbar.de,Twinkle Gift Voucher Flowers,https://twinklebrowbar.de/en/products/twinkle-gutschein-blumen?srsltid=AfmBOoq0z42ZulGsvUBl3tGKbz8WcXkrQPUGt17r_lg92Mak5TWC9lFW,Twinkle Gift Voucher Flowers,80,6,"Twinkle Gift Voucher Flowers ... Whether for a birthday, Christmas, or as a little thank you – there are countless reasons to give a Twinkle Brow Bar gift voucher ...",data\discovery\mass-harvest-v5\clean-v5.1\review.csv | data\discovery\mass-harvest-v5\clean-v5.2\manual-review.csv | data\discovery\mass-harvest-v5\clean-v5.3\global-review.csv | data\discovery\mass-harvest-v5\clean-v5.4\review.csv | data\discovery\mass-harvest-v5\clean-v5.5\review.csv | data\discovery\mega-harvest-v6\clean-v6\review.csv | data\discovery\review-universe-v1\still-review.csv | data\discovery\review-universe-v5\manual-review.csv
REVIEW,plausible_giftcard_but_needs_human_check,twinkles.net,Gift Card - Twinkles Dental Jewelry,https://www.twinkles.net/products/gift-card-twinkles-dental-jewelry?srsltid=AfmBOoq6zzP_diqYo7DnEf-XBGCpBCJLQTjvnucq24XcgnuP30m3prJv,Gift Card - Twinkles Dental Jewelry,100,1,Gift Card - Twinkles Dental Jewelry. Sale price$33.00 USD. Tax excluded. Shipping calculated at checkout.,data\discovery\mega-harvest-v6\clean-v6\review.csv | data\discovery\review-universe-v2\manual-review.csv
REVIEW,plausible_giftcard_but_needs_human_check,twofacetattoo.com,VOUCHERS & GIFT CARDS – TwoFace Tattoo Studio,https://twofacetattoo.com/collections/vouchers?srsltid=AfmBOorr27T1w7cI2Hwwsc6xs-KZRqeHAFzAAlorYUQw_MV-Ao0riEHl,VOUCHERS & GIFT CARDS – TwoFace Tattoo Studio,80,1,3 products · Digital Tattoo Gift Voucher · Digital Tattoo Gift Voucher · Tattoo Gift Voucher (paper) · Tattoo Gift Voucher (paper) · TwoFace Gift Card · TwoFace Gift ...,data\discovery\mega-harvest-v6\clean-v6\review.csv | data\discovery\review-universe-v2\manual-review.csv
REVIEW,plausible_giftcard_but_needs_human_check,uber.com,Δωροκάρτα Uber,https://www.uber.com/gr/el/gift-cards/,Δωροκάρτα Uber,100,1,Μια δωροκάρτα Uber για εσάς ... Enjoy food from thousands of restaurants in cities around the world.,data\discovery\mega-harvest-v6\clean-v6\review.csv | data\discovery\review-universe-v2\manual-review.csv
REVIEW,plausible_giftcard_but_needs_human_check,ullajewelry.nl,ULLA Jewelry Gift Card / Voucher,https://ullajewelry.nl/products/ulla-jewelry-voucher,ULLA Jewelry Gift Card / Voucher,80,6,ULLA Jewelry · Home; Collections. May 2025 · The Latest · All Collections. Catalog. Earrings · Bracelets · Necklaces · Rings · Gift Voucher · About Me · FAQs ...,data\discovery\mass-harvest-v5\clean-v5.1\review.csv | data\discovery\mass-harvest-v5\clean-v5.2\manual-review.csv | data\discovery\mass-harvest-v5\clean-v5.3\global-review.csv | data\discovery\mass-harvest-v5\clean-v5.4\review.csv | data\discovery\mass-harvest-v5\clean-v5.5\review.csv | data\discovery\mega-harvest-v6\clean-v6\review.csv | data\discovery\review-universe-v2\manual-review.csv
REVIEW,plausible_giftcard_but_needs_human_check,unaitalianhospitality.com,UNA Gift Card,https://www.unaitalianhospitality.com/en/una-gift-card,UNA Gift Card,100,4,"Surprise your beloved ones with an unexpected present: a journey, a gourmet experience, a moment of relaxation in our hotels and resorts with our UNA GIFT CARD.",data\discovery\mass-harvest-v5\clean-v5.2\global-review.csv | data\discovery\mass-harvest-v5\clean-v5.3\global-review.csv | data\discovery\mass-harvest-v5\clean-v5.4\review.csv | data\discovery\mass-harvest-v5\clean-v5.5\review.csv | data\discovery\review-universe-v1\still-review.csv | data\discovery\review-universe-v5\manual-review.csv
REVIEW,plausible_giftcard_but_needs_human_check,unboxgreece.com,Greek Food Gift Card | Buy a Gift Voucher,https://unboxgreece.com/product-category/gift-card/?srsltid=AfmBOoqZibM0cyKszt22zz326IsgGuZgDzhAH6aXD6AHrOdDIXlj8y5V,Greek Food Gift Card | Buy a Gift Voucher,100,4,Give the gift of Greece — buy an Unbox Greece gift card online ... Gift Card. Close. Home / Gift Card. Showing the single result. Show sidebar. Show ...,data\discovery\mass-harvest-v5\clean-v5.3\greece-market-review.csv | data\discovery\mass-harvest-v5\clean-v5.4\review.csv | data\discovery\mass-harvest-v5\clean-v5.5\review.csv | data\discovery\mega-harvest-v6\clean-v6\review.csv | data\discovery\review-universe-v1\still-review.csv | data\discovery\review-universe-v5-1\manual-review.csv
REVIEW,plausible_giftcard_but_needs_human_check,unimaticwatches.com,Gift Card,https://www.unimaticwatches.com/gift-card/?srsltid=AfmBOora6RV1iduHQN5Nn454txH_jXOTY6qOAqcBqhuZyfeJHIHpwzno,Gift Card,100,5,Gift card. Add to Wishlist Remove from Wishlist. Individually numberedGift CardPERSONALIZE YOUR GIFT CARD ... 2026 © UNIMATIC watches - P.Iva 10846090966.,data\discovery\mass-harvest-v5\clean-v5.2\global-review.csv | data\discovery\mass-harvest-v5\clean-v5.3\global-review.csv | data\discovery\mass-harvest-v5\clean-v5.4\review.csv | data\discovery\mass-harvest-v5\clean-v5.5\review.csv | data\discovery\mega-harvest-v6\clean-v6\review.csv | data\discovery\review-universe-v1\still-review.csv | data\discovery\review-universe-v5\manual-review.csv
REVIEW,plausible_giftcard_but_needs_human_check,uquid.com,Fashion Days Gift Card 20 BGN - Fashion Days Key,https://shop.uquid.com/product/fashion-days-gift-card-20-bgn-fashion-days-key-bulgaria-iRoPuaYVkbVHd,Fashion Days Gift Card 20 BGN - Fashion Days Key,100,4,Fashion Days Gift Card 20 BGN - Fashion Days Key - BULGARIA. CAN ACTIVATE IN: BULGARIA. Price: $19.65. Qty: 1 ...,data\discovery\mass-harvest-v5\clean-v5.2\global-review.csv | data\discovery\mass-harvest-v5\clean-v5.3\global-review.csv | data\discovery\mass-harvest-v5\clean-v5.4\review.csv | data\discovery\mass-harvest-v5\clean-v5.5\review.csv | data\discovery\review-universe-v1\still-review.csv | data\discovery\review-universe-v5\manual-review.csv
REVIEW,plausible_giftcard_but_needs_human_check,urbanace.nl,Watch gift card,https://www.urbanace.nl/en/collections/horloge-cadeaubon?srsltid=AfmBOor1uZY8fI5GUjBFTZNMJ84ezHPv4y7I2hjNJSChKDUDMM-9qzzX,Watch gift card,80,1,Give the perfect gift with an Urban Ace Watch Gift Card ✓ Let the recipient choose from premium luxury men's watches ... Easy to use: The gift voucher ... Greece ( ...,data\discovery\mega-harvest-v6\clean-v6\review.csv | data\discovery\review-universe-v1\still-review.csv | data\discovery\review-universe-v4\still-review.csv
REVIEW,plausible_giftcard_but_needs_human_check,urbaneskin.com,Urbane Skin Spa Gift Card: Το Aπόλυτο Δώρο Ομορφιάς!,https://urbaneskin.com/offers/urbane-skin-spa-gift-card/,Urbane Skin Spa Gift Card: Το Aπόλυτο Δώρο Ομορφιάς!,100,7,"| 23, Kanari str., Kolonaki, Athens, 1st floor. | +30 210 72 50 ... Urbane Skin Spa Gift Card: Το απόλυτο δώρο στον απόλυτο προορισμό ...",data\discovery\focused-harvest-v7\clean-v7\review.csv | data\discovery\focused-harvest-v7-run1-backup\clean-v7\review.csv | data\discovery\mass-harvest-v5\clean-v5.2\global-review.csv | data\discovery\mass-harvest-v5\clean-v5.3\global-review.csv | data\discovery\mass-harvest-v5\clean-v5.4\review.csv | data\discovery\mass-harvest-v5\clean-v5.5\review.csv | data\discovery\mega-harvest-v6\clean-v6\review.csv | data\discovery\review-universe-v3\manual-review.csv
REVIEW,plausible_giftcard_but_needs_human_check,urbanfitnessretreat.com,REDEEM GIFT CARD,https://www.urbanfitnessretreat.com/redeemgiftcard,REDEEM GIFT CARD,100,1,Gift cards for fitness retreats Greece Fitness overseas fitnesss. ... To redeem your e-gift card please select from either of the below. Urban Fitness ...,data\discovery\mega-harvest-v6\clean-v6\review.csv | data\discovery\review-universe-v1\still-review.csv | data\discovery\review-universe-v5-1\manual-review.csv
REVIEW,plausible_giftcard_but_needs_human_check,us.harrisshoes.it,Birthday gift voucher - Harris Shoes 1913,https://us.harrisshoes.it/products/birthday-gift-voucher,Birthday gift voucher - Harris Shoes 1913,100,1,"Birthday gift voucher ; Cuts · 400,00 € ; Where art and nature meet. Our artisan sneakers, inspired by Tuscan landscapes, combine elegance and authenticity. Every ...",data\discovery\mega-harvest-v6\clean-v6\review.csv | data\discovery\review-universe-v2\manual-review.csv
REVIEW,plausible_giftcard_but_needs_human_check,usenosh.com,Top 10 Most Popular Types Of Gift Cards in Spain - Nosh,https://usenosh.com/blog/gift-cards-spain,Top 10 Most Popular Types Of Gift Cards in Spain - Nosh,100,1,... Spain: Amazon Spain Gift Card; Decathlon Gift Card; iTunes Gift Card; El Corte Inglés Gift Card; Steam ES Gift Card; Carrefour Gift Card; Cepsa Gift Card; FNAC ...,data\discovery\mass-harvest-v5\clean-v5.5\review.csv
REVIEW,plausible_giftcard_but_needs_human_check,valencifashion.com,Valenci GIFT CARD,https://valencifashion.com/en/products/valenci-fashion-cadeaubon?srsltid=AfmBOooLiOUq9THqLIZDYleTAOm2xg75AcUdljjC2JmVxWW73bcQXg8E,Valenci GIFT CARD,80,1,Linen Set Santorini Black Summer ... Surprise someone special with a VALENCI FASHION gift voucher and give the ultimate gift of premium fashion and style.,data\discovery\focused-harvest-v7-run1-backup\clean-v7\review.csv | data\discovery\review-universe-v1\still-review.csv | data\discovery\review-universe-v4\still-review.csv
REVIEW,plausible_giftcard_but_needs_human_check,valerielingerie.com,Valerie Gift Card | Lingerie Gift Cards NZ,https://valerielingerie.com/products/gift-card?srsltid=AfmBOorng-__pq4mlS9Ry8ByvPSJ6TDqhWbKmrtAV8n99-v9PI-kULdL,Valerie Gift Card | Lingerie Gift Cards NZ,100,5,"Show your special people you love them with a gift card, so they can feel loved everyday! ... Lingerie. Keely wireless bra in organic cotton, front view — Valerie ...",data\discovery\mass-harvest-v5\clean-v5.2\global-review.csv | data\discovery\mass-harvest-v5\clean-v5.3\global-review.csv | data\discovery\mass-harvest-v5\clean-v5.4\review.csv | data\discovery\mass-harvest-v5\clean-v5.5\review.csv | data\discovery\mega-harvest-v6\clean-v6\review.csv | data\discovery\review-universe-v1\still-review.csv | data\discovery\review-universe-v5\manual-review.csv
REVIEW,plausible_giftcard_but_needs_human_check,vamvakashoes.gr,Αγοράστε μία Δωροεπιταγή - Βαμβακά Shoes & Accessories,https://vamvakashoes.gr/index.php?route,Αγοράστε μία Δωροεπιταγή - Βαμβακά Shoes & Accessories,85,2,Αυτή η δωροεπιταγή θα αποσταλεί μέ e-mail στον παραλήπτη αφού ολοκληρωθεί ή πληρωμή σας. ... © 2021 Vamvaka Shoes. All Rights Reserved. Created by CLC Web ...,data\discovery\focused-harvest-v7\clean-v7\review.csv | data\discovery\focused-harvest-v7-run1-backup\clean-v7\review.csv | data\discovery\review-universe-v1\still-review.csv | data\discovery\review-universe-v4-1\manual-review.csv
REVIEW,plausible_giftcard_but_needs_human_check,vasos-kitchen.com,Gift card available.,https://vasos-kitchen.com/gift-card-available/,Gift card available.,100,1,Gift card available. Share. Share on X (Opens in new window) X · Share on ... Email. Like Loading... Vaso's Kitchen. a little piece of Greece. Facebook ...,data\discovery\mega-harvest-v6\clean-v6\review.csv | data\discovery\review-universe-v1\still-review.csv | data\discovery\review-universe-v5-1\manual-review.csv
REVIEW,plausible_giftcard_but_needs_human_check,vass-shoes.com,Gift Card Voucher,https://vass-shoes.com/shop/gift-card-voucher/,Gift Card Voucher,100,5,"The average VAT rate is ~20%. Example: if you want your gift voucher recipient to be able to buy a €417 shoes with shoe trees and shipping, €417 (shoes) ...",data\discovery\mass-harvest-v5\clean-v5.2\global-review.csv | data\discovery\mass-harvest-v5\clean-v5.3\global-review.csv | data\discovery\mass-harvest-v5\clean-v5.4\review.csv | data\discovery\mass-harvest-v5\clean-v5.5\review.csv | data\discovery\mega-harvest-v6\clean-v6\review.csv | data\discovery\review-universe-v1\still-review.csv | data\discovery\review-universe-v5\manual-review.csv
REVIEW,plausible_giftcard_but_needs_human_check,vassiakostara.com,Com,https://www.vassiakostara.com/cms-gift-card?srsltid=AfmBOordWUQTDqNfuFbN9wi7HMofJDMRbezg4vXPa0d6mgFGEZP_Ek89,Gift Cards,100,6,"JEWELRY · SCARVES · TOWELS. GIFT CARD. GIFT CARD; BUY A GIFT CARD · GIFT CARD ... Σε περίπτωση απώλειας, η δωροκάρτα δύναται να αντικατασταθεί με προσκόμιση ...",data\discovery\focused-harvest-v7-run1-backup\clean-v7\review.csv | data\discovery\mass-harvest-v5\clean-v5.2\global-review.csv | data\discovery\mass-harvest-v5\clean-v5.3\global-review.csv | data\discovery\mass-harvest-v5\clean-v5.4\review.csv | data\discovery\mass-harvest-v5\clean-v5.5\review.csv | data\discovery\mega-harvest-v6\clean-v6\review.csv | data\discovery\review-universe-v1\still-review.csv | data\discovery\review-universe-v5\manual-review.csv
REVIEW,plausible_giftcard_but_needs_human_check,vellutini-lingerie.com,Vellutini Lingerie Gift Card,https://vellutini-lingerie.com/products/vellutini-lingerie-gift-card,Vellutini Lingerie Gift Card,100,5,"Perfect for those who appreciate beauty, heritage, and luxurious details, our gift card allows your loved ones to choose their own piece of Mediterranean ...",data\discovery\mass-harvest-v5\clean-v5.2\global-review.csv | data\discovery\mass-harvest-v5\clean-v5.3\global-review.csv | data\discovery\mass-harvest-v5\clean-v5.4\review.csv | data\discovery\mass-harvest-v5\clean-v5.5\review.csv | data\discovery\mega-harvest-v6\clean-v6\review.csv | data\discovery\review-universe-v2\manual-review.csv
REVIEW,plausible_giftcard_but_needs_human_check,vendora.cy,"Sklavenitis Gift Voucher 50€ new - € 49,00",https://vendora.cy/items/86703q/sklavenitis-gift-voucher-50-new.html,"Sklavenitis Gift Voucher 50€ new - € 49,00",100,5,"... Optics Collectibles Computers, Tablets & Peripherals Fashion Furniture ... This title was generated by AI and may not be fully accurate. Sklavenitis Gift Voucher ...",data\discovery\mass-harvest-v5\clean-v5.2\global-review.csv | data\discovery\mass-harvest-v5\clean-v5.3\global-review.csv | data\discovery\mass-harvest-v5\clean-v5.4\review.csv | data\discovery\mass-harvest-v5\clean-v5.5\review.csv | data\discovery\mega-harvest-v6\clean-v6\review.csv | data\discovery\review-universe-v1\still-review.csv | data\discovery\review-universe-v5\manual-review.csv
REVIEW,plausible_giftcard_but_needs_human_check,venturephotography.in,Register a Gift Voucher | Venture Photography Studios UK,https://venturephotography.in/register/,Register a Gift Voucher | Venture Photography Studios UK,80,6,"... Gift Voucher · Photoshoots · Family Photoshoots · Maternity & Baby Photoshoots · Pet ... You will also gain access to fantastic content, photography tips & tricks ...",data\discovery\mass-harvest-v5\clean-v5.1\review.csv | data\discovery\mass-harvest-v5\clean-v5.2\manual-review.csv | data\discovery\mass-harvest-v5\clean-v5.3\global-review.csv | data\discovery\mass-harvest-v5\clean-v5.4\review.csv | data\discovery\mass-harvest-v5\clean-v5.5\review.csv | data\discovery\mega-harvest-v6\clean-v6\review.csv | data\discovery\review-universe-v2\manual-review.csv
REVIEW,plausible_giftcard_but_needs_human_check,vi-control.net,Native Instruments Modular Icons for a $19 Spitfire Audio ...,https://vi-control.net/community/threads/native-instruments-modular-icons-for-a-19-spitfire-audio-gift-card.162283/,Native Instruments Modular Icons for a $19 Spitfire Audio ...,55,1,"(Spyros From Greece) ... I would like to sell/trade my Native Instruments Modular Icons licence,for a $19 Spitfire Audio Gift Card only!",data\discovery\mega-harvest-v6\clean-v6\review.csv | data\discovery\review-universe-v1\still-review.csv | data\discovery\review-universe-v4\still-review.csv
REVIEW,plausible_giftcard_but_needs_human_check,viaduro.de,Gift Cards for Bikers,https://viaduro.de/en/gift-card,Gift Cards for Bikers,100,5,The gift card is valid for any motorcycle tours and motorcycle trainings offered by us and therefore makes a great Christmas gift for every biker you know.,data\discovery\mass-harvest-v5\clean-v5.2\global-review.csv | data\discovery\mass-harvest-v5\clean-v5.3\global-review.csv | data\discovery\mass-harvest-v5\clean-v5.4\review.csv | data\discovery\mass-harvest-v5\clean-v5.5\review.csv | data\discovery\mega-harvest-v6\clean-v6\review.csv | data\discovery\review-universe-v1\still-review.csv | data\discovery\review-universe-v5\manual-review.csv
REVIEW,plausible_giftcard_but_needs_human_check,viagogo.gr,Frameless Gift Card Redemption,https://www.viagogo.gr/E-161622634,Frameless Gift Card Redemption,80,6,"Frameless Gift Card Redemption. Πέμ, 19 Νοε • 12 ... Ricky Gervais. 7:00 PM Alexandra Palace Theatre at Alexandra Palace - Complex. Flag of GB London, GB, ΗΒ ...",data\discovery\mass-harvest-v5\clean-v5.1\review.csv | data\discovery\mass-harvest-v5\clean-v5.2\manual-review.csv | data\discovery\mass-harvest-v5\clean-v5.3\global-review.csv | data\discovery\mass-harvest-v5\clean-v5.4\review.csv | data\discovery\mass-harvest-v5\clean-v5.5\review.csv | data\discovery\mega-harvest-v6\clean-v6\review.csv | data\discovery\review-universe-v1\still-review.csv | data\discovery\review-universe-v4-1\manual-review.csv
REVIEW,plausible_giftcard_but_needs_human_check,victoriassecret.com,Gift Cards,https://www.victoriassecret.com/cz/vs/gift-cards,Gift Cards,100,4,NEED HELP? Gift Card Info | (800) 270-8999 · SIGN UP TO STAY IN THE KNOW ... You are currently shopping on the Czech Republic website. Visit your local ...,data\discovery\mass-harvest-v5\clean-v5.2\global-review.csv | data\discovery\mass-harvest-v5\clean-v5.3\global-review.csv | data\discovery\mass-harvest-v5\clean-v5.4\review.csv | data\discovery\mass-harvest-v5\clean-v5.5\review.csv | data\discovery\review-universe-v1\still-review.csv | data\discovery\review-universe-v5\manual-review.csv
REVIEW,plausible_giftcard_but_needs_human_check,vidaplayer.com,Buy 40 EUR Gift Card (France) Amazon,https://www.vidaplayer.com/en/product/gift-card-amazon-france/40-eur-gift-card,Buy 40 EUR Gift Card (France) Amazon,100,1,With this gift card you get prepaid credit to spend in the world's largest online store. ... 20 EUR Gift Card (France). $23.28. Add to cart.,data\discovery\mass-harvest-v5\clean-v5.1\review.csv | data\discovery\mass-harvest-v5\clean-v5.2\global-review.csv | data\discovery\mass-harvest-v5\clean-v5.5\review.csv
REVIEW,plausible_giftcard_but_needs_human_check,vietcentric.co.uk,Vietcentric,https://www.vietcentric.co.uk/product/egift-voucher/,E-Gift Voucher (Customer Favourite!),100,1,Related products. Gift Voucher. Gift Voucher (Delivery). £65.00 ... © Copyright - Vietcentric - Designed by Newark Computers. Link to Facebook ...,data\discovery\mega-harvest-v6\clean-v6\review.csv | data\discovery\review-universe-v1\still-review.csv | data\discovery\review-universe-v5\manual-review.csv
REVIEW,plausible_giftcard_but_needs_human_check,vikingmarine.ie,Viking Marine Gift Voucher,https://vikingmarine.ie/products/gift-voucher?srsltid=AfmBOorad1AbRg1GvmQ39X2bTaBoSlD-y3-f-X-ew2xmYfs8CapBpE3M,Viking Marine Gift Voucher,100,4,Viking Marine Gift Voucher. €10.00 /. Tax included. Shipping calculated at checkout.,data\discovery\mass-harvest-v5\clean-v5.2\global-review.csv | data\discovery\mass-harvest-v5\clean-v5.3\global-review.csv | data\discovery\mass-harvest-v5\clean-v5.4\review.csv | data\discovery\mass-harvest-v5\clean-v5.5\review.csv | data\discovery\review-universe-v2\manual-review.csv
REVIEW,plausible_giftcard_but_needs_human_check,viladocondefashionoutlet.pt,Gift Card | Vila do Conde Porto Fashion Outlet,https://www.viladocondefashionoutlet.pt/en/gift-card-en,Gift Card | Vila do Conde Porto Fashion Outlet,100,4,"The Vila do Conde Porto Fashion Outlet Gift Card is now just a click away. Purchase your Gift Card valued at €30, €50, €100 or any amount selected by you ...",data\discovery\mass-harvest-v5\clean-v5.2\global-review.csv | data\discovery\mass-harvest-v5\clean-v5.3\global-review.csv | data\discovery\mass-harvest-v5\clean-v5.4\review.csv | data\discovery\mass-harvest-v5\clean-v5.5\review.csv | data\discovery\review-universe-v1\still-review.csv | data\discovery\review-universe-v5\manual-review.csv
REVIEW,plausible_giftcard_but_needs_human_check,vincerocollective.com,Let Them Choose - The Gift Card - Vincero Collective,https://vincerocollective.com/products/gift-card,Let Them Choose - The Gift Card - Vincero Collective,100,5,"You have so many exciting styles of men's and women's watches. To chose for someone else would almost be unfair. Anyway, I gave four gift cards and all got back ...",data\discovery\mass-harvest-v5\clean-v5.2\global-review.csv | data\discovery\mass-harvest-v5\clean-v5.3\global-review.csv | data\discovery\mass-harvest-v5\clean-v5.4\review.csv | data\discovery\mass-harvest-v5\clean-v5.5\review.csv | data\discovery\mega-harvest-v6\clean-v6\review.csv | data\discovery\review-universe-v2\manual-review.csv
REVIEW,plausible_giftcard_but_needs_human_check,vinoble-cosmetics.at,Gift Cards | VINOBLE Cosmetics Shop,https://www.vinoble-cosmetics.at/en/accessories/gift-cards.html?srsltid=AfmBOopUyfGHM40gMgpQdKnG5uuVEc3vtvOUNB4o625fgJVR-xYubcpG,Gift Cards | VINOBLE Cosmetics Shop,100,4,"... Austria! 1 Item. Sort By. Position, Product Name, Price, Content. VINOBLE COSMETICS Gift Card · Gift card. Freely selectable amount. From €30.00. To €500.00.",data\discovery\mass-harvest-v5\clean-v5.2\global-review.csv | data\discovery\mass-harvest-v5\clean-v5.3\global-review.csv | data\discovery\mass-harvest-v5\clean-v5.4\review.csv | data\discovery\mass-harvest-v5\clean-v5.5\review.csv | data\discovery\review-universe-v2\manual-review.csv
REVIEW,plausible_giftcard_but_needs_human_check,vitalitaly.net,Italian Gourmet Gift Voucher — Premium Personalised ...,https://vitalitaly.net/products/vitalitaly-italian-gourmet-gift-voucher?srsltid=AfmBOoqMgtEeTC2YhP8XQG0vmf911ebz7JgC9ZTF45YmfbkuHTa2-lX6,Italian Gourmet Gift Voucher — Premium Personalised ...,100,1,"Give the gift of Italy — Vitalitaly's premium gourmet gift voucher from €10 to €100. Personalised, electronic or postal delivery. Perfect for any occasion.",data\discovery\mega-harvest-v6\clean-v6\review.csv | data\discovery\review-universe-v1\still-review.csv | data\discovery\review-universe-v5\manual-review.csv
REVIEW,plausible_giftcard_but_needs_human_check,vivaldimusiclessons.nl,Music Lessons Gift Voucher,https://vivaldimusiclessons.nl/en/music-lessons-gift-voucher,Music Lessons Gift Voucher,100,4,The Music Lesson Gift Card is 24 months valid. Unused gift cards are non-refundable. The trial lesson is not applicable in combination with a gift voucher.,data\discovery\mass-harvest-v5\clean-v5.2\global-review.csv | data\discovery\mass-harvest-v5\clean-v5.3\global-review.csv | data\discovery\mass-harvest-v5\clean-v5.4\review.csv | data\discovery\mass-harvest-v5\clean-v5.5\review.csv | data\discovery\review-universe-v1\still-review.csv | data\discovery\review-universe-v5\manual-review.csv
REVIEW,plausible_giftcard_but_needs_human_check,vkathbeauty.com,100 € - VKATHENS,https://vkathbeauty.com/product/gif-card-100-e/,GIFT CARD 100 € - VKATHENS,85,3,"GIFT CARD 100 €. 100,00 €. GIFT CARD 100 € ποσότητα. Προσθήκη στο καλάθι ... Η VKATH ATHENS είναι περισσότερα από ένα απλό eShop, είναι ένας προορισμός ...",data\discovery\focused-harvest-v7\clean-v7\review.csv | data\discovery\focused-harvest-v7-run1-backup\clean-v7\review.csv | data\discovery\mega-harvest-v6\clean-v6\review.csv | data\discovery\review-universe-v1\still-review.csv
REVIEW,plausible_giftcard_but_needs_human_check,vleesetendeplantshop.be,Gift Voucher Carnivorous Plants | a surprise for plant lovers,https://vleesetendeplantshop.be/en/collections/cadeaubon-vleesetende-planten?srsltid=AfmBOoqWcbgLSJ3AFjp0kh56wvper6Xk1vCv4zZ3dSsc7Q9jpwC1-WlW,Gift Voucher Carnivorous Plants | a surprise for plant lovers,85,6,"Greece EUR € ... Gift voucher. Do you want to buy a gift for a ... Visits to other growers, exchange fairs and years of cultivation later, a hobby nursery grew out ...",data\discovery\mass-harvest-v5\clean-v5.1\review.csv | data\discovery\mass-harvest-v5\clean-v5.2\manual-review.csv | data\discovery\mass-harvest-v5\clean-v5.3\global-review.csv | data\discovery\mass-harvest-v5\clean-v5.4\review.csv | data\discovery\mass-harvest-v5\clean-v5.5\review.csv | data\discovery\mega-harvest-v6\clean-v6\review.csv | data\discovery\review-universe-v1\still-review.csv | data\discovery\review-universe-v5-1\manual-review.csv
REVIEW,plausible_giftcard_but_needs_human_check,vnyglasses.com,VNY Gift Card,https://vnyglasses.com/product/vny-gift-card?srsltid=AfmBOoqGFPGPTUaKXHu7jDgtBpEhS5ZDM3KraTXodfGmTE9_tQTQWmbs,VNY Gift Card,100,1,"Αρχική/Eyewear/VNY Gift Card. Gift card with skincare products and sunglasses in a box, featuring the brand 'VNY. VNY Gift Card. €20.00€25.00-20%. 20% off VNY ...",data\discovery\mega-harvest-v6\clean-v6\review.csv | data\discovery\review-universe-v1\still-review.csv | data\discovery\review-universe-v5\manual-review.csv
REVIEW,plausible_giftcard_but_needs_human_check,vodafonecu.gr,10€ δωροεπιταγή στα Factory Outlet!,https://www.vodafonecu.gr/cu-around/offer/10-doroepitagi-sta-factory-outlet-2025/,10€ δωροεπιταγή στα Factory Outlet!,80,1,FOOD & DRINK. BEAUTY & STYLE. TRAVEL & EXPERIENCES. HOME SWEET HOME. BETTER YOU ... Πάρε την προσφορά και έχεις δωροεπιταγή αξίας 10 ευρώ για αγορές άνω των 50€.,data\discovery\focused-harvest-v7\clean-v7\review.csv | data\discovery\review-universe-v1\still-review.csv | data\discovery\review-universe-v4-1\manual-review.csv
REVIEW,plausible_giftcard_but_needs_human_check,voicemap.me,Buy a travel gift card for VoiceMap tours ...,https://voicemap.me/travel-gift-card,Buy a travel gift card for VoiceMap tours ...,100,5,Boat or Ferry Tour Use the same tour upriver and down. Partner. Pricing ... Buying a gift voucher provides your recipient with tour credits. Each credit ...,data\discovery\mass-harvest-v5\clean-v5.2\global-review.csv | data\discovery\mass-harvest-v5\clean-v5.3\global-review.csv | data\discovery\mass-harvest-v5\clean-v5.4\review.csv | data\discovery\mass-harvest-v5\clean-v5.5\review.csv | data\discovery\mega-harvest-v6\clean-v6\review.csv | data\discovery\review-universe-v2\manual-review.csv
REVIEW,plausible_giftcard_but_needs_human_check,voltawinebar.com,Gift Cards - Volta Wine Bar Store,https://voltawinebar.com/pages/gift-cards,Gift Cards - Volta Wine Bar Store,100,1,... gift voucher when making your booking ... Bar is open | Free delivery on orders over €60 Bar is open | Free delivery on orders over €60. Account · Cart (0).,data\discovery\mega-harvest-v6\clean-v6\review.csv | data\discovery\review-universe-v2\manual-review.csv
REVIEW,plausible_giftcard_but_needs_human_check,voucher.ariescreative.com,Gift voucher - smartVoucher,https://voucher.ariescreative.com/widget/voucher.php?kID=V001023&lng=3&css=https://voucher.ariescreative.com/admin/images/user_upload/k23/voucher.css&path=/en/service/voucher&furl=https%3A%2F%2Fwww.vierjahreszeiten.it%2Fen%2Fservice%2Fvoucher%3F_gl%3D1%252A12f3cw%252A_up%252AMQ..%252A_gs%252ANQ..%26cHash%3D396baebf253439adc7b7a9c5a1f22ca1,Gift voucher - smartVoucher,80,6,Gift voucher. Create your own voucher and choose the amount you want to give ... Partial massage (legs or back). Pure relaxation for legs or back. The ...,data\discovery\mass-harvest-v5\clean-v5.1\review.csv | data\discovery\mass-harvest-v5\clean-v5.2\manual-review.csv | data\discovery\mass-harvest-v5\clean-v5.3\global-review.csv | data\discovery\mass-harvest-v5\clean-v5.4\review.csv | data\discovery\mass-harvest-v5\clean-v5.5\review.csv | data\discovery\mega-harvest-v6\clean-v6\review.csv | data\discovery\review-universe-v1\still-review.csv | data\discovery\review-universe-v5\manual-review.csv
REVIEW,plausible_giftcard_but_needs_human_check,voucherexpress.com,Gift Cards for Fashion & Footwear,https://www.voucherexpress.com/categories/fashion-and-footwear,Gift Cards for Fashion & Footwear,85,5,"VEX Gift Card UK Versions. VEX EatsVEX Home · VEX Gift Card Ireland. Inspiration ... Can I buy a VEX Gift Card over the value of £500? Yes, you can! But ...",data\discovery\mass-harvest-v5\clean-v5.1\review.csv | data\discovery\mass-harvest-v5\clean-v5.2\manual-review.csv | data\discovery\mass-harvest-v5\clean-v5.3\global-review.csv | data\discovery\mass-harvest-v5\clean-v5.4\review.csv | data\discovery\mass-harvest-v5\clean-v5.5\review.csv | data\discovery\review-universe-v1\still-review.csv | data\discovery\review-universe-v5\manual-review.csv
REVIEW,plausible_giftcard_but_needs_human_check,vouchers.kmmaltairlines.com,KM Malta Gift Vouchers,https://vouchers.kmmaltairlines.com/,KM Malta Gift Vouchers,80,5,Customise Your Gift Voucher. Voucher Theme. ❮. Upload your own image. Custom ... 2025 © KM Malta Airlines Limited. All rights reserved.,data\discovery\mass-harvest-v5\clean-v5.1\review.csv | data\discovery\mass-harvest-v5\clean-v5.2\manual-review.csv | data\discovery\mass-harvest-v5\clean-v5.3\global-review.csv | data\discovery\mass-harvest-v5\clean-v5.4\review.csv | data\discovery\mass-harvest-v5\clean-v5.5\review.csv | data\discovery\review-universe-v1\still-review.csv | data\discovery\review-universe-v5\manual-review.csv
REVIEW,plausible_giftcard_but_needs_human_check,vouchersdepot.com,Gift Card - Attica - Greece,https://www.vouchersdepot.com/product/Greece/ATTICA,Gift Card - Attica - Greece,85,5,Gift Card - Attica - Greece. Το attica είναι το μεγαλύτερο ... attica is the country's largest department store which is located in five locations in Greece ...,data\discovery\mass-harvest-v5\clean-v5.1\review.csv | data\discovery\mass-harvest-v5\clean-v5.2\manual-review.csv | data\discovery\mass-harvest-v5\clean-v5.3\global-review.csv | data\discovery\mass-harvest-v5\clean-v5.4\review.csv | data\discovery\mass-harvest-v5\clean-v5.5\review.csv | data\discovery\review-universe-v1\still-review.csv
REVIEW,plausible_giftcard_but_needs_human_check,vpflowers.ie,Gift Voucher - VPFLOWERS,https://vpflowers.ie/gift-voucher,Gift Voucher - VPFLOWERS,100,5,"Gift Voucher - Not quite sure what to get for your loved one(s)? Send them ... VP Flowers is a Dublin based florist which is located in Phibsborough, a ...",data\discovery\mass-harvest-v5\clean-v5.2\global-review.csv | data\discovery\mass-harvest-v5\clean-v5.3\global-review.csv | data\discovery\mass-harvest-v5\clean-v5.4\review.csv | data\discovery\mass-harvest-v5\clean-v5.5\review.csv | data\discovery\mega-harvest-v6\clean-v6\review.csv | data\discovery\review-universe-v2\manual-review.csv
REVIEW,plausible_giftcard_but_needs_human_check,wa.gov.au,Commissioner's blog: Gift card rules reminder,https://www.wa.gov.au/government/announcements/commissioners-blog-gift-card-rules-reminder,Commissioner's blog: Gift card rules reminder,70,1,Animal and veterinary sciences ... A caller to one of our regular radio segments claims she was left out of pocket after buying a $400 gift ...,data\discovery\mega-harvest-v6\clean-v6\review.csv | data\discovery\review-universe-v1\still-review.csv | data\discovery\review-universe-v5\manual-review.csv
REVIEW,plausible_giftcard_but_needs_human_check,wanderboat.ai,Sustainable Fashion Gift Card - Amsterdam,https://wanderboat.ai/local-businesses/netherlands/amsterdam/sustainable-fashion-gift-card/oY6VJCB6S6S_IfhTHZAiAQ,Sustainable Fashion Gift Card - Amsterdam,100,4,"Plan your visit to Sustainable Fashion Gift Card in Piet Mondriaanstraat 113, 1061 TP Amsterdam, Netherlands. Check opening hours, address, photos, ...",data\discovery\mass-harvest-v5\clean-v5.2\global-review.csv | data\discovery\mass-harvest-v5\clean-v5.3\global-review.csv | data\discovery\mass-harvest-v5\clean-v5.4\review.csv | data\discovery\mass-harvest-v5\clean-v5.5\review.csv | data\discovery\review-universe-v1\still-review.csv | data\discovery\review-universe-v5\manual-review.csv
REVIEW,plausible_giftcard_but_needs_human_check,watches.trabakopoulos.gr,Αγοράστε μία Δωροεπιταγή - Trabakopoulos Watches,https://watches.trabakopoulos.gr/index.php?route,Αγοράστε μία Δωροεπιταγή - Trabakopoulos Watches,85,1,"Trabakopoulos Watches. 0 προϊόν(τα) - 0,00€ 0. O Λογαριασμός μου ... Αυτή η δωροεπιταγή θα αποσταλεί μέ e-mail στον παραλήπτη αφού ολοκληρωθεί ή πληρωμή σας.",data\discovery\focused-harvest-v7\clean-v7\review.csv | data\discovery\focused-harvest-v7-run1-backup\clean-v7\review.csv
REVIEW,plausible_giftcard_but_needs_human_check,watches24.gr,Αγοράστε μία Δωροεπιταγή,https://www.watches24.gr/index.php?route,Αγοράστε μία Δωροεπιταγή,85,2,Αγοράστε μία Δωροεπιταγή. Αυτή η δωροεπιταγή θα αποσταλεί μέ e-mail στον παραλήπτη αφού ολοκληρωθεί ή πληρωμή σας. Όνομα παραλήπτη. E-mail παραλήπτη. Το όνομα ...,data\discovery\focused-harvest-v7\clean-v7\review.csv | data\discovery\focused-harvest-v7-run1-backup\clean-v7\review.csv | data\discovery\review-universe-v1\still-review.csv | data\discovery\review-universe-v4-1\manual-review.csv
REVIEW,plausible_giftcard_but_needs_human_check,weekday.com,Gift Card,https://www.weekday.com/en-eu/gift-card/?srsltid=AfmBOooB1-oeotCAtSkwq_MttQHHVUeQ-g3YHIW8_e64xsBD91HEB_rC,Gift Card,100,4,"GIFT CARD ... You can find more information on available payment methods here. Weekday digital Gift Cards are currently available in Sweden, Germany, UK, France, ...",data\discovery\mass-harvest-v5\clean-v5.2\global-review.csv | data\discovery\mass-harvest-v5\clean-v5.3\global-review.csv | data\discovery\mass-harvest-v5\clean-v5.4\review.csv | data\discovery\mass-harvest-v5\clean-v5.5\review.csv | data\discovery\review-universe-v1\still-review.csv | data\discovery\review-universe-v5\manual-review.csv
REVIEW,plausible_giftcard_but_needs_human_check,wellskino.com,Wellskino Gift Voucher,https://wellskino.com/products/wellskino-gift-card,Wellskino Gift Voucher,100,1,Language · Wellskino Gift Voucher · Wellskino Electronic Gift Voucher Conditions · Exceptional Skincare Results · Explore other products: · Information · Information.,data\discovery\mega-harvest-v6\clean-v6\review.csv | data\discovery\review-universe-v2\manual-review.csv
REVIEW,plausible_giftcard_but_needs_human_check,westincostanavarino.skchase.com,Official gift voucher for The Westin Resort Costa Navarino,https://westincostanavarino.skchase.com/,Official gift voucher for The Westin Resort Costa Navarino,85,6,Gift Cards - The Westin Resort Costa Navarino. £0 - £500+.,data\discovery\mass-harvest-v5\clean-v5.1\review.csv | data\discovery\mass-harvest-v5\clean-v5.2\manual-review.csv | data\discovery\mass-harvest-v5\clean-v5.3\global-review.csv | data\discovery\mass-harvest-v5\clean-v5.4\review.csv | data\discovery\mass-harvest-v5\clean-v5.5\review.csv | data\discovery\mega-harvest-v6\clean-v6\review.csv | data\discovery\review-universe-v1\still-review.csv | data\discovery\review-universe-v5\manual-review.csv
REVIEW,plausible_giftcard_but_needs_human_check,whatsonreading.com,Gift vouchers,https://whatsonreading.com/gift-vouchers,Gift vouchers,100,5,"Gift Vouchers. ""Reading Arts and Venues gift vouchers are the perfect gift for anyone who enjoys live music, comedy, theatre and family events.",data\discovery\mass-harvest-v5\clean-v5.2\global-review.csv | data\discovery\mass-harvest-v5\clean-v5.3\global-review.csv | data\discovery\mass-harvest-v5\clean-v5.4\review.csv | data\discovery\mass-harvest-v5\clean-v5.5\review.csv | data\discovery\mega-harvest-v6\clean-v6\review.csv | data\discovery\review-universe-v1\still-review.csv | data\discovery\review-universe-v5\manual-review.csv
REVIEW,plausible_giftcard_but_needs_human_check,wickedthemusical.co.uk,Wicked Gift Cards | Wicked The Musical - UK,https://www.wickedthemusical.co.uk/giftcards/,Wicked Gift Cards | Wicked The Musical - UK,100,5,Choose your seats on the theatre seat plan and proceed to the check out. At the checkout enter your unique Gift Card code where indicated and proceed to enter ...,data\discovery\mass-harvest-v5\clean-v5.2\global-review.csv | data\discovery\mass-harvest-v5\clean-v5.3\global-review.csv | data\discovery\mass-harvest-v5\clean-v5.4\review.csv | data\discovery\mass-harvest-v5\clean-v5.5\review.csv | data\discovery\mega-harvest-v6\clean-v6\review.csv | data\discovery\review-universe-v1\still-review.csv | data\discovery\review-universe-v5\manual-review.csv
REVIEW,plausible_giftcard_but_needs_human_check,wildrisingskincare.com,Natural Skincare Gift Card,https://wildrisingskincare.com/collections/gift-card?srsltid=AfmBOooB-TJdFXr9vCtK6OK1--_SjySZOPBvJVUCiCBXNGwJtFFCKlcB,Natural Skincare Gift Card,100,1,Greece (EUR €); Greenland (GBP £); Grenada (GBP £); Guadeloupe (EUR ... Natural Skincare Gift Voucher. From £15.00. Let's talk about natural skincare ...,data\discovery\mega-harvest-v6\clean-v6\review.csv | data\discovery\review-universe-v1\still-review.csv | data\discovery\review-universe-v5-1\manual-review.csv
REVIEW,plausible_giftcard_but_needs_human_check,wizzgift.com,Abdullah Electronics Gift Voucher - Buy with Crypto,https://www.wizzgift.com/en-GR/gift-cards/abdullah-electronics-gift-voucher,Abdullah Electronics Gift Voucher - Buy with Crypto,100,3,"Buy Abdullah Electronics Gift Voucher with crypto, secure digital delivery, and worldwide support. Shop on WizzGift Greece today!",data\discovery\mass-harvest-v5\clean-v5.3\greece-market-review.csv | data\discovery\mass-harvest-v5\clean-v5.4\review.csv | data\discovery\mass-harvest-v5\clean-v5.5\review.csv | data\discovery\review-universe-v1\still-review.csv
REVIEW,plausible_giftcard_but_needs_human_check,wollongong.nsw.gov.au,Gift Vouchers | Wollongong City Leisure Centres,https://wollongong.nsw.gov.au/leisurecentres/join/gift-vouchers,Gift Vouchers | Wollongong City Leisure Centres,100,5,"A Wollongong City Leisure Centres gift voucher is a great option for that hard to buy person, or someone who wants to get fit.",data\discovery\mass-harvest-v5\clean-v5.2\global-review.csv | data\discovery\mass-harvest-v5\clean-v5.3\global-review.csv | data\discovery\mass-harvest-v5\clean-v5.4\review.csv | data\discovery\mass-harvest-v5\clean-v5.5\review.csv | data\discovery\mega-harvest-v6\clean-v6\review.csv | data\discovery\review-universe-v1\still-review.csv | data\discovery\review-universe-v5\manual-review.csv
REVIEW,plausible_giftcard_but_needs_human_check,wooden-toys.gr,Αγοράστε μία Δωροεπιταγή - www.Wooden-Toys.gr,https://www.wooden-toys.gr/index.php?route,Αγοράστε μία Δωροεπιταγή - www.Wooden-Toys.gr,85,1,"www.Wooden-Toys.gr. 0 προϊόν(τα) - 0,00€ 0. All. All; Ξύλινα ... Αυτή η δωροεπιταγή θα αποσταλεί μέ e-mail στον παραλήπτη αφού ολοκληρωθεί ή πληρωμή σας.",data\discovery\focused-harvest-v7\clean-v7\review.csv | data\discovery\focused-harvest-v7-run1-backup\clean-v7\review.csv
REVIEW,plausible_giftcard_but_needs_human_check,woolsocks.eu,Buy Global Hotel Card France gift card,https://woolsocks.eu/cadeaukaart/68c5b868-690b-4ba6-a7a4-979235fa2ab5,Buy Global Hotel Card France gift card,85,5,"About Global Hotel Card France. The Global Hotel Card Powered by Expedia Partner Solutions is the premier gift card for hotels, resorts, vacation rentals and ...",data\discovery\mass-harvest-v5\clean-v5.1\review.csv | data\discovery\mass-harvest-v5\clean-v5.2\manual-review.csv | data\discovery\mass-harvest-v5\clean-v5.3\global-review.csv | data\discovery\mass-harvest-v5\clean-v5.4\review.csv | data\discovery\mass-harvest-v5\clean-v5.5\review.csv | data\discovery\review-universe-v1\still-review.csv | data\discovery\review-universe-v5\manual-review.csv
REVIEW,plausible_giftcard_but_needs_human_check,wordreference.com,gift voucher - Αγγλοελληνικό Λεξικό WordReference.com,https://www.wordreference.com/engr/gift%20voucher,gift voucher - Αγγλοελληνικό Λεξικό WordReference.com,80,5,"Κύριες μεταφράσεις ; Αγγλικά, Ελληνικά ; gift voucher n, (gift token), κάρτα δώρου ουσ θηλ ; κουπόνι δώρου ουσ ουδ ; His only present was a gift voucher worth £5.",data\discovery\mass-harvest-v5\clean-v5.1\review.csv | data\discovery\mass-harvest-v5\clean-v5.2\manual-review.csv | data\discovery\mass-harvest-v5\clean-v5.3\global-review.csv | data\discovery\mass-harvest-v5\clean-v5.4\review.csv | data\discovery\mass-harvest-v5\clean-v5.5\review.csv | data\discovery\review-universe-v2\manual-review.csv
REVIEW,plausible_giftcard_but_needs_human_check,worldexpeditions.com,Gift Vouchers | Travel Vouchers,https://worldexpeditions.com/Gift-Vouchers,Gift Vouchers | Travel Vouchers,100,5,"... Travel is the only thing you buy that makes you richer."" Treat your loved one to the adventure of a lifetime with a gift voucher from World Expeditions ... Sweden ...",data\discovery\mass-harvest-v5\clean-v5.2\global-review.csv | data\discovery\mass-harvest-v5\clean-v5.3\global-review.csv | data\discovery\mass-harvest-v5\clean-v5.4\review.csv | data\discovery\mass-harvest-v5\clean-v5.5\review.csv | data\discovery\mega-harvest-v6\clean-v6\review.csv | data\discovery\review-universe-v1\still-review.csv | data\discovery\review-universe-v5\manual-review.csv
REVIEW,plausible_giftcard_but_needs_human_check,worldofdutchflowersandplants.com,Gift voucher - World of Dutch Flowers & Plants,https://www.worldofdutchflowersandplants.com/en/products/cadeaubon?srsltid=AfmBOop4NTHjnvMVJyp56ShuH2gtY528Ueja2l6TWXIKo83KE_wthc4E,Gift voucher - World of Dutch Flowers & Plants,80,6,Greece (EUR €); Hungary (EUR €); Ireland (EUR €); Italy (EUR €); Latvia ... Gift voucher - World of Dutch Flowers & Plants.,data\discovery\mass-harvest-v5\clean-v5.1\review.csv | data\discovery\mass-harvest-v5\clean-v5.2\manual-review.csv | data\discovery\mass-harvest-v5\clean-v5.3\global-review.csv | data\discovery\mass-harvest-v5\clean-v5.4\review.csv | data\discovery\mass-harvest-v5\clean-v5.5\review.csv | data\discovery\mega-harvest-v6\clean-v6\review.csv | data\discovery\review-universe-v1\still-review.csv | data\discovery\review-universe-v5-1\manual-review.csv
REVIEW,plausible_giftcard_but_needs_human_check,wowcher.co.uk,€25 for €40 Gift Voucher for Good Place Clinic Spa - Dublin,https://www.wowcher.co.uk/deal/dublin/38505731/25-40-gift-voucher-good-place-clinic-spa,€25 for €40 Gift Voucher for Good Place Clinic Spa - Dublin,100,2,"What's On Offer: €40 spa gift voucher for only €25 – enjoy a 38% discount at Good Place Clinic Spa. Treatments: Choose from Back, Neck & Shoulder Massage, ...",data\discovery\focused-harvest-v7\clean-v7\review.csv | data\discovery\focused-harvest-v7-run1-backup\clean-v7\review.csv | data\discovery\review-universe-v1\still-review.csv | data\discovery\review-universe-v5\manual-review.csv
REVIEW,plausible_giftcard_but_needs_human_check,wowcher.ie,€25 for €40 Gift Voucher for Good Place Clinic Spa - Dublin,https://www.wowcher.ie/deal/vip/38505731/25-40-gift-voucher-good-place-clinic-spa?from_lsie=true,€25 for €40 Gift Voucher for Good Place Clinic Spa - Dublin,100,2,"Spa Gift Voucher: €40 to Spend on Treatments – Good Place Clinic Spa, Dublin ... Mystery Holiday™ - Crete, Tenerife, Turkey, Rome, Venice & More! 202 ...",data\discovery\focused-harvest-v7\clean-v7\review.csv | data\discovery\focused-harvest-v7-run1-backup\clean-v7\review.csv | data\discovery\review-universe-v1\still-review.csv | data\discovery\review-universe-v5-1\manual-review.csv
REVIEW,plausible_giftcard_but_needs_human_check,www2.hm.com,δωροκαρτες,https://www2.hm.com/el_gr/customer-service/gift-card.html?srsltid=AfmBOorkT7RYvBeG-CxK44cRXTKDXv7fJw2sHQ1teRjejLEGsvr2KndH,δωροκαρτες,60,6,"Θέλεις να αγοράσεις μια δωροκάρτα για φίλους ή συγγενείς, Διαθέτουμε ψηφιακές & έντυπες δωροκάρτες που μπορείς να παραγγείλεις online. Μάθε περισσότερα σήμερα.",data\discovery\mass-harvest-v5\clean-v5.1\review.csv | data\discovery\mass-harvest-v5\clean-v5.2\manual-review.csv | data\discovery\mass-harvest-v5\clean-v5.3\global-review.csv | data\discovery\mass-harvest-v5\clean-v5.4\review.csv | data\discovery\mass-harvest-v5\clean-v5.5\review.csv | data\discovery\mega-harvest-v6\clean-v6\review.csv | data\discovery\review-universe-v1\still-review.csv | data\discovery\review-universe-v5\manual-review.csv
REVIEW,plausible_giftcard_but_needs_human_check,xaliglyfada.gr,A Gift That Lasts a Lifetime - XALIGLYFADA Gift card,https://www.xaliglyfada.gr/journal3/blog/post?journal_blog_post_id=40,A Gift That Lasts a Lifetime - XALIGLYFADA Gift card,85,1,"✨ A gift card today, a lifelong treasure tomorrow. Discover the Xali Glyfada Gift Card in-store or online, and give the gift of timeless beauty.",data\discovery\focused-harvest-v7\clean-v7\review.csv | data\discovery\focused-harvest-v7-run1-backup\clean-v7\review.csv | data\discovery\mega-harvest-v6\clean-v6\review.csv
REVIEW,plausible_giftcard_but_needs_human_check,xbankang.com,What Greece Gift Card is Available? Discover Now,https://www.xbankang.com/blogs/greece-gift-card-available-now-in-2025,What Greece Gift Card is Available? Discover Now,100,4,"The most frequent uses of a gift card in Greece are at fashion outlets, electronics suppliers and supermarkets. ... Gift Card Store in Greece.",data\discovery\mass-harvest-v5\clean-v5.3\greece-market-review.csv | data\discovery\mass-harvest-v5\clean-v5.4\review.csv | data\discovery\mass-harvest-v5\clean-v5.5\review.csv | data\discovery\mega-harvest-v6\clean-v6\review.csv | data\discovery\review-universe-v1\still-review.csv
REVIEW,plausible_giftcard_but_needs_human_check,xkdisplay.com,Top Gift Cards Manufacturers and Suppliers in Greece,https://www.xkdisplay.com/top-gift-cards-manufacturers-and-suppliers-in-greece.html,Top Gift Cards Manufacturers and Suppliers in Greece,100,3,"What role do OEMs play in Greek gift card programs? OEMs facilitate global logistics, premium printing, and packaging, ensuring brand ...",data\discovery\mass-harvest-v5\clean-v5.3\greece-market-review.csv | data\discovery\mass-harvest-v5\clean-v5.4\review.csv | data\discovery\mass-harvest-v5\clean-v5.5\review.csv | data\discovery\review-universe-v1\still-review.csv
REVIEW,plausible_giftcard_but_needs_human_check,xperiencepoland.com,Gift Voucher - XperiencePoland.com,https://www.xperiencepoland.com/en/gift-voucher/,Gift Voucher - XperiencePoland.com,100,4,Surprise Travel Gift Voucher. Happy Birthday Gift Voucher XperiencePoland.com ... Car Rental Poland · Company Event Warsaw. Languages. en_US English. en_US ...,data\discovery\mass-harvest-v5\clean-v5.2\global-review.csv | data\discovery\mass-harvest-v5\clean-v5.3\global-review.csv | data\discovery\mass-harvest-v5\clean-v5.4\review.csv | data\discovery\mass-harvest-v5\clean-v5.5\review.csv | data\discovery\review-universe-v2\manual-review.csv
REVIEW,plausible_giftcard_but_needs_human_check,yaloyoga.com,Yalo Yoga E,https://yaloyoga.com/el/products/yalo-yoga-e-gift-card?srsltid=AfmBOophMQtWEckLWN_o4-ujOVYl-EISWgQR0vFS7ZI-QBdVsJbzO_9L,Yalo Yoga E-Gift Card,100,4,"Yalo Yoga E-Gift Card. €15,00 EUR. Ονομασίες 15 ευρώ. 15 ευρώ Variant sold out ... Ελλάδα (GR €); Ελβετία (CH CHF); Ερυθραία (ER €); Εσουατίνι (SZ €); Εσθονία ...",data\discovery\mass-harvest-v5\clean-v5.3\greece-market-review.csv | data\discovery\mass-harvest-v5\clean-v5.4\review.csv | data\discovery\mass-harvest-v5\clean-v5.5\review.csv | data\discovery\mega-harvest-v6\clean-v6\review.csv | data\discovery\review-universe-v3\manual-review.csv
REVIEW,plausible_giftcard_but_needs_human_check,yelp.com,"TOP 10 BEST Gift Cards in Paris, France - Updated 2026",https://www.yelp.com/search?find_desc=Gift+Cards&find_loc=Paris,"TOP 10 BEST Gift Cards in Paris, France - Updated 2026",85,6,"Gift CardsParis, France. Map. Filters. Yelp · Shopping · Gift Cards ... Now, can anyone give me an unlimited line of gift card, so I can start shopping?!",data\discovery\mass-harvest-v5\clean-v5.1\review.csv | data\discovery\mass-harvest-v5\clean-v5.2\manual-review.csv | data\discovery\mass-harvest-v5\clean-v5.3\global-review.csv | data\discovery\mass-harvest-v5\clean-v5.4\review.csv | data\discovery\mass-harvest-v5\clean-v5.5\review.csv | data\discovery\mega-harvest-v6\clean-v6\review.csv | data\discovery\review-universe-v1\still-review.csv
REVIEW,plausible_giftcard_but_needs_human_check,yiayiasgreekkitchen.com,Gift Cards,https://yiayiasgreekkitchen.com/gift-cards/,Gift Cards,100,1,"Yiayia's Greek Kitchen · Menu · About · Gift ... Give us a ring! For questions about phone or online gift card orders, please contact the Pappas gift card team.",data\discovery\mega-harvest-v6\clean-v6\review.csv | data\discovery\review-universe-v1\still-review.csv | data\discovery\review-universe-v5-1\manual-review.csv
REVIEW,plausible_giftcard_but_needs_human_check,yoga-hero.com,Yoga Hero Gift Card,https://yoga-hero.com/products/gift-card,Yoga Hero Gift Card,100,5,Redeemable across the entire Yoga Hero range. Add to cart. Frequently Asked Questions. How do I receive the gift voucher? The voucher will be sent to you ...,data\discovery\mass-harvest-v5\clean-v5.2\global-review.csv | data\discovery\mass-harvest-v5\clean-v5.3\global-review.csv | data\discovery\mass-harvest-v5\clean-v5.4\review.csv | data\discovery\mass-harvest-v5\clean-v5.5\review.csv | data\discovery\mega-harvest-v6\clean-v6\review.csv | data\discovery\review-universe-v2\manual-review.csv
REVIEW,plausible_giftcard_but_needs_human_check,yogafusionshala.com,Yoga Fusion Shala's Gift Card!,https://www.yogafusionshala.com/gift-card,Yoga Fusion Shala's Gift Card!,100,5,"Discover the perfect present with Yoga Fusion Shala Gift Card! Elevate well-being with live & online yoga, blissful massages, retreats, and more.",data\discovery\mass-harvest-v5\clean-v5.2\global-review.csv | data\discovery\mass-harvest-v5\clean-v5.3\global-review.csv | data\discovery\mass-harvest-v5\clean-v5.4\review.csv | data\discovery\mass-harvest-v5\clean-v5.5\review.csv | data\discovery\mega-harvest-v6\clean-v6\review.csv | data\discovery\review-universe-v2\manual-review.csv
REVIEW,plausible_giftcard_but_needs_human_check,yogamatters.com,Yogamatters E,https://www.yogamatters.com/products/yogamatters-gift-card,Yogamatters E-Gift Card,100,5,"... Yoga Mats Men's Yoga Mats Yoga Mat Kits Wholesale Yoga Mats Yoga Mat Guide ... Each gift voucher has a date of expiry, at least one year from the date of ...",data\discovery\mass-harvest-v5\clean-v5.2\global-review.csv | data\discovery\mass-harvest-v5\clean-v5.3\global-review.csv | data\discovery\mass-harvest-v5\clean-v5.4\review.csv | data\discovery\mass-harvest-v5\clean-v5.5\review.csv | data\discovery\mega-harvest-v6\clean-v6\review.csv | data\discovery\review-universe-v2\manual-review.csv
REVIEW,plausible_giftcard_but_needs_human_check,yoganand.co.uk,gift vouchers,https://www.yoganand.co.uk/giftvouchers,gift vouchers,100,1,Please enter their name and email address so the gift voucher can be sent to them. ... Can be used on both Mat and Reformer Pilates classes. It will activate on ...,data\discovery\mega-harvest-v6\clean-v6\review.csv | data\discovery\review-universe-v1\still-review.csv | data\discovery\review-universe-v5\manual-review.csv
REVIEW,plausible_giftcard_but_needs_human_check,yolandaschocolatiers.com,Gift Cards In Cyprus,https://yolandaschocolatiers.com/product-category/gift-cards/,Gift Cards In Cyprus,100,5,Surprise a chocolate lover with the Yolanda's Chocolatiers gift cards Cyprus. Delightful chocolates await them. Get your gift card today!,data\discovery\mass-harvest-v5\clean-v5.1\review.csv | data\discovery\mass-harvest-v5\clean-v5.2\global-review.csv | data\discovery\mass-harvest-v5\clean-v5.3\global-review.csv | data\discovery\mass-harvest-v5\clean-v5.4\review.csv | data\discovery\mass-harvest-v5\clean-v5.5\review.csv | data\discovery\review-universe-v1\still-review.csv | data\discovery\review-universe-v5\manual-review.csv
REVIEW,plausible_giftcard_but_needs_human_check,yorktheatreroyal.co.uk,Gift Vouchers,https://www.yorktheatreroyal.co.uk/gift-vouchers/,Gift Vouchers,100,5,... Theatre Autumn Term 2026 (Theatre Making Skills). Quick ... If you use vouchers and the value of the transaction is less than the value of the gift voucher ...,data\discovery\mass-harvest-v5\clean-v5.2\global-review.csv | data\discovery\mass-harvest-v5\clean-v5.3\global-review.csv | data\discovery\mass-harvest-v5\clean-v5.4\review.csv | data\discovery\mass-harvest-v5\clean-v5.5\review.csv | data\discovery\mega-harvest-v6\clean-v6\review.csv | data\discovery\review-universe-v1\still-review.csv | data\discovery\review-universe-v5\manual-review.csv
REVIEW,plausible_giftcard_but_needs_human_check,zaharakos.com,Com,https://www.zaharakos.com/zaharakosgiftcard.html,Gift Card,100,1,"To purchase a gift card, click the link: https://services.shift4.com/gc/ZAHARAKOS. Zaharakos Ice Cream Parlor • Restaurant • Museum",data\discovery\focused-harvest-v7-run1-backup\clean-v7\review.csv | data\discovery\review-universe-v1\still-review.csv | data\discovery\review-universe-v5\manual-review.csv
REVIEW,plausible_giftcard_but_needs_human_check,zara.com,Activate card,https://www.zara.com/cz/en/z-zara-card/activation?c=815535,Activate card-Gift Card-+ Info | Czech Republic,85,6,GIFT CARD. STORES. JOIN LIFE. CAREERS. + INFO. DOWNLOAD APP. AARON LEVINE · THE NEW ... Czech Republic. ČEŠTINA; English. © All rights reserved.,data\discovery\mass-harvest-v5\clean-v5.1\review.csv | data\discovery\mass-harvest-v5\clean-v5.2\manual-review.csv | data\discovery\mass-harvest-v5\clean-v5.3\global-review.csv | data\discovery\mass-harvest-v5\clean-v5.4\review.csv | data\discovery\mass-harvest-v5\clean-v5.5\review.csv | data\discovery\mega-harvest-v6\clean-v6\review.csv | data\discovery\review-universe-v1\still-review.csv | data\discovery\review-universe-v5\manual-review.csv
REVIEW,plausible_giftcard_but_needs_human_check,zarahome.com,Έλεγχος υπολοίπου,https://www.zarahome.com/gr/gift-card-balance.html,Έλεγχος υπολοίπου - Δωροκάρτα,65,1,Zara Home.,data\discovery\mega-harvest-v6\clean-v6\review.csv | data\discovery\review-universe-v1\still-review.csv | data\discovery\review-universe-v5\manual-review.csv
REVIEW,plausible_giftcard_but_needs_human_check,zazzle.com,Haircut Barber Shop Gift Voucher Certificate,https://www.zazzle.com/haircut_barber_shop_gift_voucher_certificate-256963058569819328?srsltid=AfmBOooMb0XLGvgL047RijDMjioJxsdVISrqTacLRCATcbCPTx8hytTF,Haircut Barber Shop Gift Voucher Certificate,100,5,4.8 out of 5 stars - Shop Haircut Barber Shop Gift Voucher Certificate created by PandaBeeCreation. Personalize it with photos & text or ...,data\discovery\mass-harvest-v5\clean-v5.2\global-review.csv | data\discovery\mass-harvest-v5\clean-v5.3\global-review.csv | data\discovery\mass-harvest-v5\clean-v5.4\review.csv | data\discovery\mass-harvest-v5\clean-v5.5\review.csv | data\discovery\mega-harvest-v6\clean-v6\review.csv | data\discovery\review-universe-v1\still-review.csv | data\discovery\review-universe-v5\manual-review.csv
REVIEW,plausible_giftcard_but_needs_human_check,zenin.com.au,Purchase a Massage Gift Voucher Now,https://www.zenin.com.au/Massage-Gift-Voucher/Sydney/Inner-West/Rhodes,Purchase a Massage Gift Voucher Now,100,2,Booking a massage session in Rhodes is made easy and stress-free with our ... What can I put on my massage gift voucher? When purchasing a Zenin massage ...,data\discovery\focused-harvest-v7\clean-v7\review.csv | data\discovery\focused-harvest-v7-run1-backup\clean-v7\review.csv | data\discovery\review-universe-v1\still-review.csv | data\discovery\review-universe-v5-1\manual-review.csv
REVIEW,plausible_giftcard_but_needs_human_check,ziniboutique.com,Gift Voucher,https://www.ziniboutique.com/el-gr/giftcard?srsltid=AfmBOoqOSiZMTlH79OtuuLpAQR7Qgacpq-iWJoTQOWU21fpLADRUBSw7,Gift Voucher,100,1,"ZINI δωροκάρτες - Επιλέξτε το αγαπημένο πρόσωπο που θέλετε να χαρίσετε τη δωροκάρτα σας, ορίστε το ποσό και την ημερομηνία, γράψτε την ευχή σας και είστε ...",data\discovery\mega-harvest-v6\clean-v6\review.csv | data\discovery\review-universe-v1\still-review.csv | data\discovery\review-universe-v5\manual-review.csv
REVIEW,plausible_giftcard_but_needs_human_check,zipsterbaby.gr,Zipster,https://zipsterbaby.gr/products/%CE%B4%CF%89%CF%81%CE%BF%CE%BA%CE%AC%CF%81%CF%84%CE%B1,Δωροκάρτα - Zipster,85,8,"Ψωνίζετε για κάποιον άλλον αλλά δεν ξέρετε τι να του δώσετε; Δώστε το δώρο της επιλογής με μια δωροκάρτα ... Shop our bestselling zip-up baby suits, rompers, and ...",data\discovery\focused-harvest-v7\clean-v7\review.csv | data\discovery\focused-harvest-v7-run1-backup\clean-v7\review.csv | data\discovery\mass-harvest-v5\clean-v5.1\review.csv | data\discovery\mass-harvest-v5\clean-v5.2\manual-review.csv | data\discovery\mass-harvest-v5\clean-v5.3\global-review.csv | data\discovery\mass-harvest-v5\clean-v5.4\review.csv | data\discovery\mass-harvest-v5\clean-v5.5\review.csv | data\discovery\mega-harvest-v6\clean-v6\review.csv | data\discovery\review-universe-v1\still-review.csv | data\discovery\review-universe-v4-1\manual-review.csv
REVIEW,plausible_giftcard_but_needs_human_check,zooarea.gr,Αγοράστε μία Δωροεπιταγή - ZooArea Pet Shop Περιστέρι,https://www.zooarea.gr/index.php?route,Αγοράστε μία Δωροεπιταγή - ZooArea Pet Shop Περιστέρι,85,1,Core Wellness · Κλινικές Τροφές Σκύλου +. Purina · Animonda Integra Dog · Hills ... Αυτή η δωροεπιταγή θα αποσταλεί μέ e-mail στον παραλήπτη αφού ολοκληρωθεί ή ...,data\discovery\focused-harvest-v7\clean-v7\review.csv | data\discovery\focused-harvest-v7-run1-backup\clean-v7\review.csv
REVIEW,plausible_giftcard_but_needs_human_check,zweigundfaden.de,Gift Voucher for Birth & Baby Shower,https://zweigundfaden.de/en/products/geschenkgutschein-baby-geburt?srsltid=AfmBOorgLwr2nauw_JzkuDKnMoJ9V8DD1KAeikWvfsV8xaDg1Az466IP,Gift Voucher for Birth & Baby Shower,80,6,"With our digital Zweig & Faden gift voucher, you're always guaranteed to be right. Whether it's dreamy muslin baby bedding, cute comforters with wooden ...",data\discovery\mass-harvest-v5\clean-v5.1\review.csv | data\discovery\mass-harvest-v5\clean-v5.2\manual-review.csv | data\discovery\mass-harvest-v5\clean-v5.3\global-review.csv | data\discovery\mass-harvest-v5\clean-v5.4\review.csv | data\discovery\mass-harvest-v5\clean-v5.5\review.csv | data\discovery\mega-harvest-v6\clean-v6\review.csv | data\discovery\review-universe-v1\still-review.csv | data\discovery\review-universe-v5\manual-review.csv
