score,domain,merchant_name,possible_official_url,title,snippet,query,occurrences,source_files,discovery_statuses,result_bucket,result_reason
100,1minutepay.com,The Most Popular Gift Cards In France,https://1minutepay.com/blog/popular-gift-cards-in-france/,The Most Popular Gift Cards In France,The Most Popular Gift Cards In France · 3. Itunes Gift Card · 4. Netflix Gift Card · 5. Amazon Gift Card · 6. Steam Card Gift card · 6. Neosurf Gift Cards.,"""France"" fashion ""gift card"" official",1,data\discovery\mass-harvest-v5\clean-v5.5\review.csv,,REJECT,known_false_positive_or_reseller
100,2gosoftware.eu,Douglas Gift Card - 25 Euro - Germany - 2GO Software,https://2gosoftware.eu/en-gr/douglas-gift-card-25-euro-germany,Douglas Gift Card - 25 Euro - Germany - 2GO Software,"Douglas Gift Card | 25 Euro | Germany · Money back guarantee · 100% legitimate codes · Real-time, digital delivery (by e-mail).","""Germany"" beauty ""gift card"" official",1,data\discovery\mass-harvest-v5\clean-v5.5\review.csv,,REJECT,known_false_positive_or_reseller
55,4gold.eu,4gold,https://4gold.eu/en-gr/products/e-giftcard?srsltid=AfmBOooWGuDwlP3Y6vMIScz0AmXa_dCXXGwLXaBMSph0uaLhqLmK9zGW,E-giftcard - 4GOLD,"The 4Gold E-Gift Card isn't just a gift, it's the perfect boost to help someone fuel their journey towards maximum performance and a healthier lifestyle.","""fuel"" ""gift card"" Greece",1,data\discovery\mega-harvest-v6\clean-v6\review.csv,,SECOND_PASS_SAFE,non_greek_brand_coherent_direct_gift_card
60,57fashionbar.com,GIFTCARDS,https://57fashionbar.com/collections/giftcards?srsltid=AfmBOoocuvtx3h_4gHRdVm2M54dTTSWoKy9MMoT6YlU9YkE9aycRdvr8,GIFTCARDS,"GIFT CARD 50€. Shop Now >. GIFT CARD 50€. GIFT CARD 50€. 57 FASHION BAR. Regular price €50,00 · GIFT CARD 100€. Shop Now >. GIFT CARD 100€.","""fashion"" ""gift card"" Greece",6,data\discovery\mass-harvest-v5\clean-v5.1\review.csv | data\discovery\mass-harvest-v5\clean-v5.2\manual-review.csv | data\discovery\mass-harvest-v5\clean-v5.3\global-review.csv | data\discovery\mass-harvest-v5\clean-v5.4\review.csv | data\discovery\mass-harvest-v5\clean-v5.5\review.csv | data\discovery\mega-harvest-v6\clean-v6\review.csv,,REVIEW,non_greek_brand_coherence_unclear
80,5star-travel.gr,5star Travel,https://www.5star-travel.gr/B137AE32.el.aspx,Gift Voucher,"Το 5 STAR TRAVEL GIFT VOUCHER, είναι μια δωροκάρτα μέσα από την οποία έχετε την δυνατότητα να καταθέσετε στο γραφείο μας ένα ποσό (50 ευρώ και άνω) το οποίο ...","site:.gr ""travel"" ""gift voucher""",8,data\discovery\focused-harvest-v7\clean-v7\review.csv | data\discovery\focused-harvest-v7-run1-backup\clean-v7\review.csv | data\discovery\mass-harvest-v5\clean-v5.1\review.csv | data\discovery\mass-harvest-v5\clean-v5.2\manual-review.csv | data\discovery\mass-harvest-v5\clean-v5.3\global-review.csv | data\discovery\mass-harvest-v5\clean-v5.4\review.csv | data\discovery\mass-harvest-v5\clean-v5.5\review.csv | data\discovery\mega-harvest-v6\clean-v6\review.csv,,SECOND_PASS_SAFE,greek_brand_coherent_direct_gift_card
80,8aisti.com,Beauty Salon Kahdeksas Aisti,https://www.8aisti.com/en/gifts/?srsltid=AfmBOorMGnwMxNqFDkAAM1oJ_Yc7Fy0cHA_QXQlg7UDRy7p959o4vMCB,Beauty Salon Kahdeksas Aisti - Gift cards,"We deliver a high-quality Kahdeksas Aisti gift card in a stylish gift envelope by post to the address of your choice, or you can pick it up at our salon if ...","""Finland"" beauty ""gift card"" official",5,data\discovery\mass-harvest-v5\clean-v5.1\review.csv | data\discovery\mass-harvest-v5\clean-v5.2\manual-review.csv | data\discovery\mass-harvest-v5\clean-v5.3\global-review.csv | data\discovery\mass-harvest-v5\clean-v5.4\review.csv | data\discovery\mass-harvest-v5\clean-v5.5\review.csv,,REVIEW,non_greek_brand_coherence_unclear
80,abajourmonamour.gr,Abajourmonamour,https://www.abajourmonamour.gr/en/product-category/dorokartes/,Gift cards,Kids-Baby · Ceiling light shade for kids · Wall sconce for children's room · Victorian ... Δωροκάρτα Abajourmonamour 40€-Abajourmonamour. Gift Cards. Gift Card ...,"""Chania"" ""kids"" ""δωροκάρτα""",3,data\discovery\focused-harvest-v7\clean-v7\review.csv | data\discovery\focused-harvest-v7-run1-backup\clean-v7\review.csv | data\discovery\mega-harvest-v6\clean-v6\review.csv,,SECOND_PASS_SAFE,greek_brand_coherent_direct_gift_card
100,abbeytravel.ie,Abbey Travel Gift Vouchers,https://www.abbeytravel.ie/abbey-travel-gift-vouchers,Abbey Travel Gift Vouchers,Spain Back. Costa ... Abbey Travel Gift Vouchers. Give the gift of travel with an Abbey Travel Gift Voucher. Get A Gift Voucher. Abbey Travel Gift Vouchers ...,"""Spain"" travel ""gift voucher"" official",4,data\discovery\mass-harvest-v5\clean-v5.2\global-review.csv | data\discovery\mass-harvest-v5\clean-v5.3\global-review.csv | data\discovery\mass-harvest-v5\clean-v5.4\review.csv | data\discovery\mass-harvest-v5\clean-v5.5\review.csv,,SECOND_PASS_SAFE,non_greek_brand_coherent_direct_gift_card
100,aberdevine.co,Aberdevine,https://aberdevine.co/products/aberdevine-e-gift-card?srsltid=AfmBOor5jrGAjbef3zyqGXV1ecCiTUFT7pwEISPH4OfwxUNM3m3KXv8q,E-GIFT CARD - Aberdevine,Lingerie gift card. E-Gift Card- perfect lingerie gift. Treat them to the perfect present by letting them choose their own dream Aberdevine lingerie set.,"""lingerie"" ""gift card"" Greece",5,data\discovery\mass-harvest-v5\clean-v5.2\global-review.csv | data\discovery\mass-harvest-v5\clean-v5.3\global-review.csv | data\discovery\mass-harvest-v5\clean-v5.4\review.csv | data\discovery\mass-harvest-v5\clean-v5.5\review.csv | data\discovery\mega-harvest-v6\clean-v6\review.csv,,SECOND_PASS_SAFE,non_greek_brand_coherent_direct_gift_card
100,aceb.com,Buy Sephora Italy Gift Card with Crypto | Instant Delivery,https://aceb.com/giftcards/sephora-italy,Buy Sephora Italy Gift Card with Crypto | Instant Delivery,Buy securely with cryptocurrency and receive your digital gift card instantly by email. The Sephora Italy Gift Card is the ideal choice for anyone who loves ...,"""Italy"" beauty ""gift card"" official",1,data\discovery\mass-harvest-v5\clean-v5.5\review.csv,,REJECT,known_false_positive_or_reseller
100,achilleassotiriou.com,Gift Card 200€ | ACHILLEAS SOTIRIOU,https://www.achilleassotiriou.com/product-page/gift-card-150-1?srsltid=AfmBOoqyPEjjSHUC_JEqXxxrisoFufdvYRnWQsw8UGft92tgMKb3T_Fk,Gift Card 200€ | ACHILLEAS SOTIRIOU,"Gift Card 200€ ... A hair salon gift card offers a luxurious experience. Treat yourself or a loved one to expert haircare, styling, and pampering services. It's a ...","""hair salon"" ""gift card"" Greece",5,data\discovery\mass-harvest-v5\clean-v5.2\global-review.csv | data\discovery\mass-harvest-v5\clean-v5.3\global-review.csv | data\discovery\mass-harvest-v5\clean-v5.4\review.csv | data\discovery\mass-harvest-v5\clean-v5.5\review.csv | data\discovery\mega-harvest-v6\clean-v6\review.csv,,SECOND_PASS_SAFE,non_greek_brand_coherent_direct_gift_card
80,acousticecology.music.uoa.gr,edie parker Gift Card Factory Sale | Bags,https://acousticecology.music.uoa.gr/?a,edie parker Gift Card Factory Sale | Bags,This Item Ships For Free! edie parker Gift Card. Bags / Edie Parker / edie parker Gift Card Factory Sale. 10 More Colors. 4.74.,"site:.gr ""bags"" ""gift card""",8,data\discovery\focused-harvest-v7\clean-v7\review.csv | data\discovery\focused-harvest-v7-run1-backup\clean-v7\review.csv | data\discovery\mass-harvest-v5\clean-v5.1\review.csv | data\discovery\mass-harvest-v5\clean-v5.2\manual-review.csv | data\discovery\mass-harvest-v5\clean-v5.3\global-review.csv | data\discovery\mass-harvest-v5\clean-v5.4\review.csv | data\discovery\mass-harvest-v5\clean-v5.5\review.csv | data\discovery\mega-harvest-v6\clean-v6\review.csv,,REVIEW,greek_domain_brand_coherence_unclear
100,acquoofsweden.com,ACQUO of Sweden,https://acquoofsweden.com/products/acquo-gift-card?srsltid=AfmBOop0hzMNoCCrL8WMAwkN2O-d6_8VvJPl-LtmDuZc1udrL_BTn1K1,ACQUO of Sweden - Gift Card,Give them the gift of choice with a gift card from ACQUO of Sweden. Gift cards are delivered immediately by email and contain instructions to redeem them at ...,"""Sweden"" fashion ""gift card"" official",4,data\discovery\mass-harvest-v5\clean-v5.2\global-review.csv | data\discovery\mass-harvest-v5\clean-v5.3\global-review.csv | data\discovery\mass-harvest-v5\clean-v5.4\review.csv | data\discovery\mass-harvest-v5\clean-v5.5\review.csv,,SECOND_PASS_SAFE,non_greek_brand_coherent_direct_gift_card
100,activetravelersingreece.com,Gift Card,https://activetravelersingreece.com/event/giftcard/,Gift Card,Past Events · Inspire me · Giftcard · Custom Trips; Workout Team; Active Travelers ... Πληροφορίες για τη Δωροκάρτα. Κόστος: 15€ / 35€ / 50€ / 60€ / 80€ / 150 ...,"""events"" ""δωροκάρτα"" Greece",1,data\discovery\mega-harvest-v6\clean-v6\review.csv,,REVIEW,non_greek_brand_coherence_unclear
85,adelco-eshop.gr,Adelco Eshop,https://adelco-eshop.gr/index.php?route,Gift Cards,Υπάρχει η Εύκολη Λύση – αγοράστε εύκολα και γρήγορα Ηλεκτρονική Δωροκάρτα με ... experience targeted ads for your interests. Marketing and Retargeting.,"site:.gr ""experience"" ""δωροκάρτα""",8,data\discovery\focused-harvest-v7\clean-v7\review.csv | data\discovery\focused-harvest-v7-run1-backup\clean-v7\review.csv | data\discovery\mass-harvest-v5\clean-v5.1\review.csv | data\discovery\mass-harvest-v5\clean-v5.2\manual-review.csv | data\discovery\mass-harvest-v5\clean-v5.3\global-review.csv | data\discovery\mass-harvest-v5\clean-v5.4\review.csv | data\discovery\mass-harvest-v5\clean-v5.5\review.csv | data\discovery\mega-harvest-v6\clean-v6\review.csv,,SECOND_PASS_SAFE,greek_brand_coherent_direct_gift_card
100,adolfodominguez.com,Gift Card | AD Portugal,https://www.adolfodominguez.com/en-pt/gift-card-199990000300.html,Gift Card | AD Portugal,"We think that one gift is enough. Choose the value of your gift card: €50, €100 or €200. Send it by email to whoever you want. Enjoy the good choice.","""Portugal"" fashion ""gift card"" official",4,data\discovery\mass-harvest-v5\clean-v5.2\global-review.csv | data\discovery\mass-harvest-v5\clean-v5.3\global-review.csv | data\discovery\mass-harvest-v5\clean-v5.4\review.csv | data\discovery\mass-harvest-v5\clean-v5.5\review.csv,,REVIEW,non_greek_brand_coherence_unclear
80,adventurejunkies.gr,Δωροκάρτα 90€ - Adventure Junkies | Ride - Hike - Camp,https://www.adventurejunkies.gr/product/%CE%B4%CF%89%CF%81%CE%BF%CE%BA%CE%AC%CF%81%CF%84%CE%B1-90e/?srsltid=AfmBOooP4o3COPGY61u2V9iXNihOJXGF_hMLUvIWDbO6JOLFzv2kIsDH,Δωροκάρτα 90€ - Adventure Junkies | Ride - Hike - Camp,Adventure Junkies | Ride ... Adventure Junkies | Ride - Hike - Camp ... Δωροκάρτα 90€. Home. /. Κατάστημα. /. Δωροκάρτα 90€ ...,"site:.gr ""adventure"" ""δωροκάρτα""",1,data\discovery\mega-harvest-v6\clean-v6\review.csv,,SECOND_PASS_SAFE,greek_brand_coherent_direct_gift_card
100,aesthet.com,aesthet.com,https://www.aesthet.com/el/gift-cards-2/?srsltid=AfmBOoohgm8UHEW0EmfgEwmt4H_XYhiuayAVZxRmbavrgsxRnzhd-GHD,Gift Cards - aesthet.com,Contessina Jewelry · Costarellos · Cristina Beautiful Life · Cutcuutur · Danai ... Κάντε χαρούμενους τους αγαπημένους σας με μια δωροκάρτα Aesthet! Από (OΝ/ΜΟ) ...,"""Athens"" ""jewelry"" ""δωροκάρτα""",2,data\discovery\focused-harvest-v7\clean-v7\review.csv | data\discovery\focused-harvest-v7-run1-backup\clean-v7\review.csv,,SECOND_PASS_SAFE,non_greek_brand_coherent_direct_gift_card
100,affine-atelier.com,AFFINÉ Gift Card | Hand-Blown Glass Lighting,https://affine-atelier.com/products/gift-card-affine?srsltid=AfmBOoo9pOKbtjAH3qtgEkfeW5cO62OineDHeWLZgrspYcdfkt4ny2S7,AFFINÉ Gift Card | Hand-Blown Glass Lighting,"Give the gift of timeless design. The Affiné Gift Card can be redeemed on any piece in our hand-blown lighting collection, sent digitally by email.","""lighting"" ""gift card"" Greece",1,data\discovery\mega-harvest-v6\clean-v6\review.csv,,REVIEW,non_greek_brand_coherence_unclear
85,afit.gr,Αγοράστε μία Δωροεπιταγή,https://afit.gr/index.php?route,Αγοράστε μία Δωροεπιταγή,Αυτή η δωροεπιταγή θα αποσταλεί μέ e-mail στον παραλήπτη αφού ... Το Afit.gr δημιουργήθηκε από την εμπειρία της Power Force στον χώρο του fitness ...,"site:.gr ""fitness"" ""δωροεπιταγή""",2,data\discovery\focused-harvest-v7\clean-v7\review.csv | data\discovery\focused-harvest-v7-run1-backup\clean-v7\review.csv,,REVIEW,greek_domain_brand_coherence_unclear
100,agorakifissia.com,Gift cards,https://agorakifissia.com/gift-cards/,Gift cards,"What is the difference between an e-Gift Card and physical Gift Card? A ... Argyropoylou 10, Kifisia 145 62, Attica, Greece. VAT: 033240915. GEMI ...","""Kifisia"" ""garden"" ""gift card""",1,data\discovery\mega-harvest-v6\clean-v6\review.csv,,REVIEW,non_greek_brand_coherence_unclear
100,agramada.com,Buy your Gift Card,https://www.agramada.com/book-gift-card,Buy your Gift Card,Agramada Hotel. Languages. GR · EN · Press · Feedback Form · Contact Us ... Buy your Gift Card. 0. Your cart. ×. Make a reservation · Reservation ...,"""hotel"" ""gift card"" Greece",5,data\discovery\mass-harvest-v5\clean-v5.2\global-review.csv | data\discovery\mass-harvest-v5\clean-v5.3\global-review.csv | data\discovery\mass-harvest-v5\clean-v5.4\review.csv | data\discovery\mass-harvest-v5\clean-v5.5\review.csv | data\discovery\mega-harvest-v6\clean-v6\review.csv,,REVIEW,non_greek_brand_coherence_unclear
100,agrotourism.com.cy,Cyprus Gift Cards for Stays & Experiences - Agrotourism,https://agrotourism.com.cy/buy-e-gift-card/,Cyprus Gift Cards for Stays & Experiences - Agrotourism,giftcard 50. Discover Cyprus Gift Card. Buy Now. €50.00 · giftcard 75. Discover Cyprus Gift Card. Buy Now. €75.00 · giftcard 100. Discover Cyprus Gift Card. Buy ...,"""Cyprus"" hotel ""gift card"" official",4,data\discovery\mass-harvest-v5\clean-v5.2\global-review.csv | data\discovery\mass-harvest-v5\clean-v5.3\global-review.csv | data\discovery\mass-harvest-v5\clean-v5.4\review.csv | data\discovery\mass-harvest-v5\clean-v5.5\review.csv,,REVIEW,non_greek_brand_coherence_unclear
100,aidha.org,Buy a Gift Card!,https://aidha.org/events-and-news/gift-of-education-2022/giftcard/,Buy a Gift Card!,... education course: Module 1 – Manage Your Money & Tech. Available as a physical gift card (no e-cards available). The gift card will be posted to the address ...,"""education"" ""gift card"" Greece",1,data\discovery\mega-harvest-v6\clean-v6\review.csv,,REVIEW,non_greek_brand_coherence_unclear
100,ailanajewelry.com,AILANA JEWELRY GIFT VOUCHER,https://ailanajewelry.com/en-fr/products/gift-voucher-ailana-jewelry?srsltid=AfmBOopxmGJ6iWeKOzeugsnZdF2Qsy8v7W0vXzDgCdCGmJafwykovSDy,AILANA JEWELRY GIFT VOUCHER,AILANA JEWELRY GIFT VOUCHER ... Tax included. Shipping calculated at checkout. Denominations. 20.00 € 40.00 € 60.00 ...,"""jewelry"" ""gift voucher"" Greece",5,data\discovery\mass-harvest-v5\clean-v5.2\global-review.csv | data\discovery\mass-harvest-v5\clean-v5.3\global-review.csv | data\discovery\mass-harvest-v5\clean-v5.4\review.csv | data\discovery\mass-harvest-v5\clean-v5.5\review.csv | data\discovery\mega-harvest-v6\clean-v6\review.csv,,SECOND_PASS_SAFE,non_greek_brand_coherent_direct_gift_card
55,aioloscourier.gr,Personalised Scratch-Off Theatre Show Ticket – Surprise Reveal ...,https://aioloscourier.gr/Scratch-Off-Theatre-Show-Ticket-Surprise-Reveal-Gift-Voucher-1306719/,Personalised Scratch-Off Theatre Show Ticket – Surprise Reveal ...,Personalised Scratch-Off Theatre Show Ticket – Surprise Reveal Gift Voucher ... Get it delivered as soon as today. Schedule your delivery in checkout. More ...,"site:.gr ""theatre"" ""gift voucher""",1,data\discovery\mega-harvest-v6\clean-v6\review.csv,,REVIEW,greek_domain_brand_coherence_unclear
80,airbnb.gr,Παράδεισος. Μοντέρνο. Θέα στη λίμνη. Δωρεάν δωροκάρτα 200,https://www.airbnb.gr/rooms/34914351,Παράδεισος. Μοντέρνο. Θέα στη λίμνη. Δωρεάν δωροκάρτα 200,"Δωρεάν δωροκάρτα 200 $. Διαμερίσματα σε ... Ό,τι κι αν προτιμάτε, έχουν κάτι για όλους!! *Περιλαμβάνεται - δωροκάρτα 200 $ για θαλάσσια σπορ στη λίμνη του Λας ...","site:.gr ""water sports"" ""δωροκάρτα""",1,data\discovery\mega-harvest-v6\clean-v6\review.csv,,REVIEW,greek_domain_brand_coherence_unclear
100,airserbia.com,Gift voucher,https://www.airserbia.com/en/explore/services/gift-voucher,Gift voucher,Sweden (SEK) · Switzerland (CHF) · Turkey (USD) · United Kingdom (GBP) · United ... Gift voucher. You wish to surprise your dear one with something special ...,"""Sweden"" travel ""gift voucher"" official",4,data\discovery\mass-harvest-v5\clean-v5.2\global-review.csv | data\discovery\mass-harvest-v5\clean-v5.3\global-review.csv | data\discovery\mass-harvest-v5\clean-v5.4\review.csv | data\discovery\mass-harvest-v5\clean-v5.5\review.csv,,REVIEW,non_greek_brand_coherence_unclear
100,aladastra.com,Aladastra,https://aladastra.com/gift-bundles/e-gift-cards.html,E-Gift Cards - Aladastra Yoga & Wellness Lifestyle,... €50 E-Gift Card. (). €50.00. wishlist Add to Cart ... Athens (VISIT BY APPOINTMENT). OUR STORY. ABOUT US · OUR PHILOSOPHY.,"""Athens"" ""yoga"" ""gift card""",1,data\discovery\mega-harvest-v6\clean-v6\review.csv,,SECOND_PASS_SAFE,non_greek_brand_coherent_direct_gift_card
70,alamy.com,Gift card display at store Stock Photos and Images,https://www.alamy.com/stock-photo/gift-card-display-at-store.html,Gift card display at store Stock Photos and Images,"Poznan, Poland - 26 July 2025: Modern electronics store displays iPhone 16 poster, ... Thessaloniki, Greece - November 24 2025: LIDL Christmas seasonal ...","""Thessaloniki"" ""electronics"" ""gift card""",1,data\discovery\mega-harvest-v6\clean-v6\review.csv,,REVIEW,non_greek_brand_coherence_unclear
80,alayasol.de,Yoga Gift Voucher,https://www.alayasol.de/en/products/geschenk-gutschein?srsltid=AfmBOoqbOWrkGhq3g-IFsdr-vy6QGRQ-5pyhvUyXZRIoIiE59S90yn9K,Yoga Gift Voucher,"Gift Voucher. Art.-Nr.: Art.-Nr.: Regular price 25,00 €. Sale price Regular ... Für wen ist das Yoga & Meditation Equipment geeignet? Unser Yoga- und ...","""yoga"" ""gift voucher"" Greece",6,data\discovery\mass-harvest-v5\clean-v5.1\review.csv | data\discovery\mass-harvest-v5\clean-v5.2\manual-review.csv | data\discovery\mass-harvest-v5\clean-v5.3\global-review.csv | data\discovery\mass-harvest-v5\clean-v5.4\review.csv | data\discovery\mass-harvest-v5\clean-v5.5\review.csv | data\discovery\mega-harvest-v6\clean-v6\review.csv,,REVIEW,non_greek_brand_coherence_unclear
80,alchemist-aromas.com,Perfume Gift Voucher - Experience Alchemist Aromas® Luxury ...,https://alchemist-aromas.com/en/products/alchemist-aromas-gutschein?srsltid=AfmBOoq15V9pfK6fTtbAAS0BhZ_5WoYHEHAszlO9VFH7Xcc83i9njZSc,Perfume Gift Voucher - Experience Alchemist Aromas® Luxury ...,Gift the magic of scent with Alchemist Aromas®'s perfume gift voucher. Perfect for exploring exquisite fragrances for everyone ... Greece EUR €; Hungary HUF Ft ...,"""perfume"" ""gift voucher"" Greece",6,data\discovery\mass-harvest-v5\clean-v5.1\review.csv | data\discovery\mass-harvest-v5\clean-v5.2\manual-review.csv | data\discovery\mass-harvest-v5\clean-v5.3\global-review.csv | data\discovery\mass-harvest-v5\clean-v5.4\review.csv | data\discovery\mass-harvest-v5\clean-v5.5\review.csv | data\discovery\mega-harvest-v6\clean-v6\review.csv,,SECOND_PASS_SAFE,non_greek_brand_coherent_direct_gift_card
100,aldoshoes.gr,Gift Card – ALDO Greece,https://aldoshoes.gr/pages/gift-card,Gift Card – ALDO Greece,"Gift Card. Customer Care. Help Center · Orders ... Shoes you'll love. Accessories you'll wear ... By submitting this form, you consent to receive informational ( ...","""shoes"" ""gift card"" Greece",3,data\discovery\mass-harvest-v5\clean-v5.4\review.csv | data\discovery\mass-harvest-v5\clean-v5.5\review.csv | data\discovery\mega-harvest-v6\clean-v6\review.csv,,REVIEW,greek_domain_brand_coherence_unclear
85,aleboutique.gr,Δωροκάρτα - Aleboutique.gr,https://aleboutique.gr/%CE%B4%CF%89%CF%81%CE%BF%CE%BA%CE%AC%CF%81%CF%84%CE%B1-aleboutique,Δωροκάρτα - Aleboutique.gr,Αγοράστε μία Δωροκάρτα αξίας από 10€ έως 200€ | Το Aleboutique.gr σου ... BAGS · SHOULDER BAGS · STRAW BAGS · CLUTCH BAGS · PHONE BAGS · BACKPACK · WALLETS ...,"""bags"" ""δωροκάρτα"" Greece",8,data\discovery\focused-harvest-v7\clean-v7\review.csv | data\discovery\focused-harvest-v7-run1-backup\clean-v7\review.csv | data\discovery\mass-harvest-v5\clean-v5.1\review.csv | data\discovery\mass-harvest-v5\clean-v5.2\manual-review.csv | data\discovery\mass-harvest-v5\clean-v5.3\global-review.csv | data\discovery\mass-harvest-v5\clean-v5.4\review.csv | data\discovery\mass-harvest-v5\clean-v5.5\review.csv | data\discovery\mega-harvest-v6\clean-v6\review.csv,,SECOND_PASS_SAFE,greek_brand_coherent_direct_gift_card
100,alexander-edu.org,Learn Modern and Ancient Greek in Greece!,https://alexander-edu.org/gift-card/,Gift Card - Learn Modern and Ancient Greek in Greece!,Wonderful experience with this school in Thessaloniki - the right mixture of ... Gift Card. Want to surprise someone with more than just a typical gift ...,"""Thessaloniki"" ""experience"" ""gift card""",6,data\discovery\focused-harvest-v7\clean-v7\review.csv | data\discovery\focused-harvest-v7-run1-backup\clean-v7\review.csv | data\discovery\mass-harvest-v5\clean-v5.3\greece-market-review.csv | data\discovery\mass-harvest-v5\clean-v5.4\review.csv | data\discovery\mass-harvest-v5\clean-v5.5\review.csv | data\discovery\mega-harvest-v6\clean-v6\review.csv,,REVIEW,non_greek_brand_coherence_unclear
100,alexandrisstores.gr,Valentine's day Gift Card,https://alexandrisstores.gr/en/product/valentines-day-gift-card-%CE%B4%CF%89%CF%81%CE%BF%CE%BA%CE%AC%CF%81%CF%84%CE%B1/,Valentine's day Gift Card - Δωροκάρτα - Αλεξανδρής Καταστήματα,Weeks Special. alexandris-stores-leather-sneakers-mple-blue-dermatina-anatomika- ... Valentine's day Gift Card – Δωροκάρτα ... δωροκάρτα με το ποσό και το κείμενο ...,"site:.gr ""leather"" ""δωροκάρτα""",2,data\discovery\mass-harvest-v5\clean-v5.4\review.csv | data\discovery\mass-harvest-v5\clean-v5.5\review.csv,,REVIEW,greek_domain_brand_coherence_unclear
85,alfafood.gr,Αγοράστε μία Δωροεπιταγή - ALFA FOOD,https://www.alfafood.gr/index.php?route,Αγοράστε μία Δωροεπιταγή - ALFA FOOD,Αγοράστε μία Δωροεπιταγή ... Αυτή η δωροεπιταγή θα αποσταλεί μέ e-mail στον παραλήπτη αφού ολοκληρωθεί ή πληρωμή σας. Όνομα παραλήπτη. E-mail παραλήπτη.,"site:.gr ""food"" ""δωροεπιταγή""",2,data\discovery\focused-harvest-v7\clean-v7\review.csv | data\discovery\focused-harvest-v7-run1-backup\clean-v7\review.csv,,SECOND_PASS_SAFE,greek_brand_coherent_direct_gift_card
80,alhimistisbags.gr,Alhimistis Bags,https://alhimistisbags.gr/product/dwroepitagh-alhimistis-bags/?srsltid,Δωροεπιταγή Alhimistis Bags,"Δωροεπιταγή Alhimistis Bags. 50,00 € ; From: To: ; Θα μας βρείτε. Διεύθυνση καταστήματος: Λεωφ. Ελευθερίου Βενιζέλου 57 (Πανεπιστημίου 57) Τ.Κ. 10564, Αθήνα. E- ...","site:.gr ""bags"" ""δωροεπιταγή""",2,data\discovery\focused-harvest-v7\clean-v7\review.csv | data\discovery\focused-harvest-v7-run1-backup\clean-v7\review.csv,,SECOND_PASS_SAFE,greek_brand_coherent_direct_gift_card
100,alisahne.com,Gift Card | ALISAHNE Resort Collection,https://alisahne.com/en/product/gift-card/,Gift Card | ALISAHNE Resort Collection,HomeGift cardGift Card. gift-card-n. Gift Card. Shipping Worldwide; Free ... Close submenu (Resort Wear)Resort Wear. Dresses · Jumpsuits – Playsuits · Kaftans ...,"""resort"" ""gift card"" Greece",5,data\discovery\mass-harvest-v5\clean-v5.2\global-review.csv | data\discovery\mass-harvest-v5\clean-v5.3\global-review.csv | data\discovery\mass-harvest-v5\clean-v5.4\review.csv | data\discovery\mass-harvest-v5\clean-v5.5\review.csv | data\discovery\mega-harvest-v6\clean-v6\review.csv,,SECOND_PASS_SAFE,non_greek_brand_coherent_direct_gift_card
100,all.accor.com,The Perfect Present: The ALL Accor Gift Card,https://all.accor.com/a/en/experiences/all-gift-card.html,The Perfect Present: The ALL Accor Gift Card,An extended seaside escape in Crete. ALL ... Any bookings paid in advance will be refunded at the hotel and your gift voucher will be used as payment.,"""Crete"" ""hotel"" ""gift voucher""",6,data\discovery\focused-harvest-v7\clean-v7\review.csv | data\discovery\focused-harvest-v7-run1-backup\clean-v7\review.csv | data\discovery\mass-harvest-v5\clean-v5.2\global-review.csv | data\discovery\mass-harvest-v5\clean-v5.3\global-review.csv | data\discovery\mass-harvest-v5\clean-v5.4\review.csv | data\discovery\mass-harvest-v5\clean-v5.5\review.csv,,SECOND_PASS_SAFE,non_greek_brand_coherent_direct_gift_card
100,alliedmarketresearch.com,"Italy Gift Cards Market Size, Share, Growth, Trends | Analysis",https://www.alliedmarketresearch.com/italy-gift-cards-market,"Italy Gift Cards Market Size, Share, Growth, Trends | Analysis","For instance in April 16, 2020, Instagram in Italy has now officially announced the addition of its new gift card, food order, and fundraiser tools for stories ...","""Italy"" retail ""gift card"" official",1,data\discovery\mass-harvest-v5\clean-v5.5\review.csv,,REJECT,known_false_positive_or_reseller
80,allpeoplephotography.com,Business Thank You Gift Voucher,https://www.allpeoplephotography.com/vouchers/buiness-thank-you-photo-experience-2/,Business Thank You Gift Voucher,"Business Experience Gift Voucher. As a thank you for your valued custom from one of our business partners & All People Photography ... Greece, Greenland ...","""photography"" ""gift voucher"" Greece",6,data\discovery\mass-harvest-v5\clean-v5.1\review.csv | data\discovery\mass-harvest-v5\clean-v5.2\manual-review.csv | data\discovery\mass-harvest-v5\clean-v5.3\global-review.csv | data\discovery\mass-harvest-v5\clean-v5.4\review.csv | data\discovery\mass-harvest-v5\clean-v5.5\review.csv | data\discovery\mega-harvest-v6\clean-v6\review.csv,,REVIEW,non_greek_brand_coherence_unclear
100,allsportstore.com,All Sports GIFT VOUCHERS,https://www.allsportstore.com/en/All-Sports-GIFT-VOUCHERS/m-19488.aspx,All Sports GIFT VOUCHERS,All Sports GIFT VOUCHERS | AllSportStore.com AllSportStore.com. Summer Sale: Up ... Why Choose an E-Gift Voucher? Fast and convenient. Available in any ...,"""sports"" ""gift voucher"" Greece",4,data\discovery\mass-harvest-v5\clean-v5.2\global-review.csv | data\discovery\mass-harvest-v5\clean-v5.3\global-review.csv | data\discovery\mass-harvest-v5\clean-v5.4\review.csv | data\discovery\mass-harvest-v5\clean-v5.5\review.csv,,REVIEW,non_greek_brand_coherence_unclear
100,alteregofashion.gr,AlterEgo,https://alteregofashion.gr/en/product/gift-card/,Δωροκάρτα AlterEgo,"Choose the amount you want to donate and a gift card with your message will ... Thessaloniki, TK. 56429 2310 681328. In the event that you wish to use ...","""Thessaloniki"" ""fashion"" ""gift card""",2,data\discovery\focused-harvest-v7\clean-v7\review.csv | data\discovery\focused-harvest-v7-run1-backup\clean-v7\review.csv,,REVIEW,greek_domain_brand_coherence_unclear
85,amazon.es,Amazon.es: Gift Cards,https://www.amazon.es/-/en/b?ie=UTF8&node=3564279031,Amazon.es: Gift Cards,Shop gift cards from popular brands ; Google Play code (send via email; valid only for Spain). €5.00 ; NEU Apple Gift Card - for Spain - by e-mail. €10.00 · 10 ...,"""Spain"" retail ""gift card"" official",5,data\discovery\mass-harvest-v5\clean-v5.1\review.csv | data\discovery\mass-harvest-v5\clean-v5.2\manual-review.csv | data\discovery\mass-harvest-v5\clean-v5.3\global-review.csv | data\discovery\mass-harvest-v5\clean-v5.4\review.csv | data\discovery\mass-harvest-v5\clean-v5.5\review.csv,,REJECT,third_party_apple_gift_card
80,ammilos.gr,Κάρτα Δώρου Άμμιλος | Πρωτότυπες Γαστρονομικές Εμπειρίες,https://ammilos.gr/karta-dorou-ammilos/,Κάρτα Δώρου Άμμιλος | Πρωτότυπες Γαστρονομικές Εμπειρίες,"Η Κάρτα Δώρου Άμμιλος είναι το πιο πρωτότυπο δώρο! Μαθήματα μαγειρικής για παιδιά, εφήβους, ενήλικες και εταιρείες στη Θεσσαλονίκη. Δωρίστε μια εμπειρία ...","""κάρτα δώρου""",6,data\discovery\mass-harvest-v5\clean-v5.1\review.csv | data\discovery\mass-harvest-v5\clean-v5.2\manual-review.csv | data\discovery\mass-harvest-v5\clean-v5.3\global-review.csv | data\discovery\mass-harvest-v5\clean-v5.4\review.csv | data\discovery\mass-harvest-v5\clean-v5.5\review.csv | data\discovery\mega-harvest-v6\clean-v6\review.csv,,REVIEW,greek_domain_brand_coherence_unclear
80,ananne.com,Gift voucher for high-quality active ingredient cosmetics | ananné,https://ananne.com/en/products/geschenkgutschein?srsltid=AfmBOorDe79bxQ6MC3h1MDJA4V0Sr1-YBEd_EAgZ6pzO3IAPIsH_GtRq,Gift voucher for high-quality active ingredient cosmetics | ananné,Gift voucher ananné | Gift voucher to print yourself ➢ natural cosmetics ✓ alcohol-free ✓ plastic-free ✓ cruelty-free ✓ last minute gift | discover ...,"""cosmetics"" ""gift voucher"" Greece",6,data\discovery\mass-harvest-v5\clean-v5.1\review.csv | data\discovery\mass-harvest-v5\clean-v5.2\manual-review.csv | data\discovery\mass-harvest-v5\clean-v5.3\global-review.csv | data\discovery\mass-harvest-v5\clean-v5.4\review.csv | data\discovery\mass-harvest-v5\clean-v5.5\review.csv | data\discovery\mega-harvest-v6\clean-v6\review.csv,,SECOND_PASS_SAFE,non_greek_brand_coherent_direct_gift_card
100,anastasiaskouzina.com.au,Gift Vouchers - Greek Sweets,https://www.anastasiaskouzina.com.au/products/gift-voucher,Gift Vouchers - Greek Sweets,Bakery · Pantry ... The recipient will automatically receive an email with a digital gift voucher code that can be used to purchase any products on our site.,"""bakery"" ""gift voucher"" Greece",1,data\discovery\mega-harvest-v6\clean-v6\review.csv,,REVIEW,non_greek_brand_coherence_unclear
100,anemifashion.gr,ANEMH clothing&fashion items,https://anemifashion.gr/shop/dorokarta/dorokarta/?attribute_gift-card-amount,Δωροκάρτα – ANEMH clothing&fashion items,Clean and Minimalist Fashion Gift Voucher Certificate (1). Δωροκάρτα €50. €10.00 – €200.00 Price range: €10.00 through €200.00. Ποσό Δωροκάρτας. Κάντε μία ...,"site:.gr ""fashion"" ""δωροκάρτα""",5,data\discovery\focused-harvest-v7\clean-v7\review.csv | data\discovery\focused-harvest-v7-run1-backup\clean-v7\review.csv | data\discovery\mass-harvest-v5\clean-v5.4\review.csv | data\discovery\mass-harvest-v5\clean-v5.5\review.csv | data\discovery\mega-harvest-v6\clean-v6\review.csv,,REVIEW,greek_domain_brand_coherence_unclear
80,angelopouloshair.gr,Gift Card | AngelopoulosHair,https://www.angelopouloshair.gr/en/dorokartes?srsltid=AfmBOopSrCMnfE7kswjWktDCrTT6aSFoi5VjZx_G2eM9i0Hu-h69_FoG,Gift Card | AngelopoulosHair,Barber Chairs · Pets · Barber Corner. Back; View all products · Mens Cologne · Shampoo ... Gift Card. gift-first. MAKE A NICE GIFT. gift-sect-one. Give a gift ...,"""barber"" ""gift card"" Greece",6,data\discovery\mass-harvest-v5\clean-v5.1\review.csv | data\discovery\mass-harvest-v5\clean-v5.2\manual-review.csv | data\discovery\mass-harvest-v5\clean-v5.3\global-review.csv | data\discovery\mass-harvest-v5\clean-v5.4\review.csv | data\discovery\mass-harvest-v5\clean-v5.5\review.csv | data\discovery\mega-harvest-v6\clean-v6\review.csv,,SECOND_PASS_SAFE,greek_brand_coherent_direct_gift_card
100,angels-boutique.gr,Gift Card,https://www.angels-boutique.gr/product-category/mwb_wgm_giftcard,Gift Card,Δωροκάρτα. €30.00 - €200.00 VIEW CARD Preview · Angels Boutique · 2311299188. ANGELS BOUTIQUE. Σχετικά με εμάς · Επικοινωνία · Δωροκάρτα · Όροι Χρήσης ...,"site:.gr ""boutique"" ""δωροκάρτα""",1,data\discovery\mega-harvest-v6\clean-v6\review.csv,,REVIEW,greek_domain_brand_coherence_unclear
80,angelsflowers.gr,Angelsflowers,https://angelsflowers.gr/product/dwrokarta/,Δωροκάρτα,Δωροκάρτα. Πληροφορίες Παράδοσης. Παράδοση παντού στη ... Βρείτε μας στα: Instagram Facebook. © Copyright 2023. All Rights Reserved by Angel's Flowers.,"site:.gr ""flowers"" ""δωροκάρτα""",8,data\discovery\focused-harvest-v7\clean-v7\review.csv | data\discovery\focused-harvest-v7-run1-backup\clean-v7\review.csv | data\discovery\mass-harvest-v5\clean-v5.1\review.csv | data\discovery\mass-harvest-v5\clean-v5.2\manual-review.csv | data\discovery\mass-harvest-v5\clean-v5.3\global-review.csv | data\discovery\mass-harvest-v5\clean-v5.4\review.csv | data\discovery\mass-harvest-v5\clean-v5.5\review.csv | data\discovery\mega-harvest-v6\clean-v6\review.csv,,SECOND_PASS_SAFE,greek_brand_coherent_direct_gift_card
85,animapetshop.gr,Αγοράστε μία Δωροεπιταγή,https://www.animapetshop.gr/index.php?route,Αγοράστε μία Δωροεπιταγή,Anima Pet Shop. Καλάθι 0. O Λογαριασμός μου · Αγορά Δωροεπιταγής ... Αυτή η δωροεπιταγή θα αποσταλεί μέ e-mail στον παραλήπτη αφού ολοκληρωθεί ή πληρωμή σας.,"site:.gr ""pet shop"" ""δωροεπιταγή""",2,data\discovery\focused-harvest-v7\clean-v7\review.csv | data\discovery\focused-harvest-v7-run1-backup\clean-v7\review.csv,,REVIEW,greek_domain_brand_coherence_unclear
80,aniri.net,Gift voucher,https://aniri.net/en/products/gut?srsltid=AfmBOoo3-OZUMpXAqqa4QX7rPLKyu3yoCS3WUXfomZ1O8VupJN_YAF8P,Gift voucher,United StatesUSD ($). Search. Geschenkgutschein - aniri | Sportswear. Gift voucher. Gift voucher. 0.,"""sportswear"" ""gift voucher"" Greece",1,data\discovery\mega-harvest-v6\clean-v6\review.csv,,REVIEW,non_greek_brand_coherence_unclear
100,annesemonin.com,Gift Card - Skincare - Face & Body Treatments,https://www.annesemonin.com/en-de/products/gift-card?srsltid=AfmBOopbCwP7d-TCoBRBIA2-mci_Pzb1z9iiDoyBvto-9j7OUgNP-x64,Gift Card - Skincare - Face & Body Treatments,"The gift card is sent to you by email only, valid for 1 year. 50,00 €. 100,00 €.","""skincare"" ""gift card"" Greece",1,data\discovery\mega-harvest-v6\clean-v6\review.csv,,REVIEW,non_greek_brand_coherence_unclear
100,antevacrafts.com,Gift Card 400,https://antevacrafts.com/products/gift-card-400?srsltid=AfmBOop2b7AI45uSmi_MTYDPF33mtoTLZ9ZnIn9DHw9bfGFGArPBLQBC,Gift Card 400,"Gift Card 400€. Gift Card 400€. SKU:gc-4. Handcrafted in Athens | A Goldsmith Legacy Since 1958. Regular price €400,00 EUR. Regular price €400,00 EUR Sale price ...","""Athens"" ""perfume"" ""gift card""",1,data\discovery\mega-harvest-v6\clean-v6\review.csv,,REVIEW,non_greek_brand_coherence_unclear
85,anthea.gr,Αγοράστε μία Δωροεπιταγή,https://www.anthea.gr/index.php?route,Αγοράστε μία Δωροεπιταγή,Το καλάθι αγορών είναι άδειο! Συνδεση; Εγγραφη. Anthea Cosmetics ... Αυτή η δωροεπιταγή θα αποσταλεί με e-mail στον παραλήπτη αφού ολοκληρωθεί η πληρωμή σας.,"site:.gr ""cosmetics"" ""δωροεπιταγή""",2,data\discovery\focused-harvest-v7\clean-v7\review.csv | data\discovery\focused-harvest-v7-run1-backup\clean-v7\review.csv,,REVIEW,greek_domain_brand_coherence_unclear
85,antithesisclothing.gr,Ηλεκτρονική Δωροκάρτα,https://antithesisclothing.gr/shop/dorokarta/?srsltid,Ηλεκτρονική Δωροκάρτα,Τότε η δωροκάρτα ... ΣΥΝΔΕΣΗ/ΕΓΓΡΑΦΗ. Ο ΛΟΓΑΡΙΑΣΜΟΣ ΜΟΥ · ΟΙ ΠΑΡΑΓΓΕΛΙΕΣ ΜΟΥ · ΤΑ ΑΓΑΠΗΜΕΝΑ ΜΟΥ · ΔΩΡΟΚΑΡΤΑ · Instagram. © 2026 Antithesis Clothing Clothing - All ...,"site:.gr ""clothing"" ""δωροκάρτα""",2,data\discovery\focused-harvest-v7\clean-v7\review.csv | data\discovery\focused-harvest-v7-run1-backup\clean-v7\review.csv,,REVIEW,greek_domain_brand_coherence_unclear
100,apivita.com,e Gift Card Terms,https://www.apivita.com/en/terms-conditions-egift-card?srsltid=AfmBOooSLSeBpqV9j5ulf_DYi5O5Q8AcGjDBdvsTClSZxXin1OzEGsO9,e Gift Card Terms,Men's Skincare & Grooming · All Products · CONCERN @@. Multiple Signs Of Aging ... It is not possible to redeem an e-Gift Card for the purchase of another e-Gift ...,"""Athens"" ""skincare"" ""gift card""",1,data\discovery\mega-harvest-v6\clean-v6\review.csv,,REVIEW,non_greek_brand_coherence_unclear
100,apos.audio,Apos Audio Gift Card,https://apos.audio/products/apos-audio-gift-card?srsltid=AfmBOooWRQI2lNqR05WjeP18_a5BeGw1dBc4cH9s0IRsjgwP_-tZuYlc,Apos Audio Gift Card,"Give the gift of premium audio with an Apos Audio gift card. Perfect for audiophiles and music lovers, our gift cards allow recipients to choose from a wide ...","""audio"" ""gift card"" Greece",1,data\discovery\mega-harvest-v6\clean-v6\review.csv,,SECOND_PASS_SAFE,non_greek_brand_coherent_direct_gift_card
85,apostolouepiplo.gr,Αγοράστε μία Δωροεπιταγή,https://www.apostolouepiplo.gr/index.php?route,Αγοράστε μία Δωροεπιταγή,Τα καλάθι αγορών σας είναι άδειο! close. Apostolou Furniture - Έπιπλο Αποστόλου ... Αυτή η δωροεπιταγή θα αποσταλεί μέ e-mail στον παραλήπτη αφού ολοκληρωθεί ή ...,"site:.gr ""furniture"" ""δωροεπιταγή""",1,data\discovery\focused-harvest-v7\clean-v7\review.csv,,REVIEW,greek_domain_brand_coherence_unclear
100,apothekespa.com,30,https://www.apothekespa.com/en/gift-card,Gift Card 30,Give them the gift of choise with an apotheke spa gift card. They are ... Chania +30 2821079797. OPENTIME. 10:00 - 21:00. Sat: 10:00 - 20:00. PREPAYMENT.,"""Chania"" ""spa"" ""gift card""",2,data\discovery\focused-harvest-v7\clean-v7\review.csv | data\discovery\focused-harvest-v7-run1-backup\clean-v7\review.csv,,REVIEW,non_greek_brand_coherence_unclear
85,app.squareup.com,Order | Hair by Larissa eGift Cards,https://app.squareup.com/gift/MLMSKXKVCZ04W/order,Order | Hair by Larissa eGift Cards,Order Hair by Larissa eGift Cards online and give the perfect gift ... What kind of gift is it? For one individual. Send a gift card to one recipient. Group gift ...,"""Larissa"" ""gift card""",5,data\discovery\mass-harvest-v5\clean-v5.1\review.csv | data\discovery\mass-harvest-v5\clean-v5.2\manual-review.csv | data\discovery\mass-harvest-v5\clean-v5.3\global-review.csv | data\discovery\mass-harvest-v5\clean-v5.4\review.csv | data\discovery\mass-harvest-v5\clean-v5.5\review.csv,,REJECT,unsafe_subdomain
100,app.talk-home.com,Buy Hotel Gift Cards for Netherlands,https://app.talk-home.com/en/gift-card/netherlands/hotel?srsltid=AfmBOoq1i6Zy2hYHR9Pl7PgXu6McvMFiNitCxUSwm-I_gw6VVuEqO9Q2,Buy Hotel Gift Cards for Netherlands,"Hotel Gift Card. netherlands. Country of use: netherlands. No products. Sorry, we don't have any products available for Hotel Gift Card at this moment. The ...","""Netherlands"" hotel ""gift card"" official",1,data\discovery\mass-harvest-v5\clean-v5.5\review.csv,,REJECT,unsafe_subdomain
100,applybay.shop,Mid-Level Gift Card Programmes & Planogram Compliance ...,https://applybay.shop/mid-gift-card-programmes-planogram-compliance-rosary-maker-for-fitness-jobs,Mid-Level Gift Card Programmes & Planogram Compliance ...,"Mid-Level Gift Card Programmes & Planogram Compliance Rosary Maker for Fitness jobs ... Yarham Heaton Health — Chalandri, Chalandri Municipality — EUR ...","""Chalandri"" ""fitness"" ""gift card""",2,data\discovery\focused-harvest-v7\clean-v7\review.csv | data\discovery\focused-harvest-v7-run1-backup\clean-v7\review.csv,,REVIEW,non_greek_brand_coherence_unclear
100,apps.apple.com,Special Gift Cards - App Store,https://apps.apple.com/au/app/special-gift-cards/id1585917288,Special Gift Cards - App Store,"The voucher has proven to be practically unusable, and I will never purchase a this gift card again. ... Malta · Moldova, Republic Of · Montenegro · Nederland ...","""Malta"" retail ""gift card"" official",1,data\discovery\mass-harvest-v5\clean-v5.5\review.csv,,REJECT,known_false_positive_or_reseller
100,aptmedicalaesthetics.com,Gift card - 1 Medical Spa in Oakville,https://aptmedicalaesthetics.com/shop/giftcard/Gift-card/?srsltid=AfmBOoqRnlZCY3W-V8arQkbnmEQbTPQAzGRuLZ1_sLT_x14UjWOC4nwb,Gift card - 1 Medical Spa in Oakville,"Similar to gift certificates, these gift cards can be purchased for any dollar amount and do not expire. Call us now to order your gift card, or let us know ...","""medical spa"" ""gift card"" Greece",1,data\discovery\mega-harvest-v6\clean-v6\review.csv,,REVIEW,non_greek_brand_coherence_unclear
100,arakaibeauty.com,Gift Of Beauty Gift Card at Ara'kai Beauty Copenhagen,https://arakaibeauty.com/products/ara-kai-beauty-gift-card-1?srsltid=AfmBOoqabxNySNlzw1kjskxS_gHwESRNbsoLwCsY88woJkA_3_FYCPRO,Gift Of Beauty Gift Card at Ara'kai Beauty Copenhagen,Share beauty and wellness with an Ara'kai Beauty Gift Card. The Ara´kai Beauty Gift Cards are redeemable at Ara´kai Beauty only (both online and in-store).,"""Denmark"" beauty ""gift card"" official",4,data\discovery\mass-harvest-v5\clean-v5.2\global-review.csv | data\discovery\mass-harvest-v5\clean-v5.3\global-review.csv | data\discovery\mass-harvest-v5\clean-v5.4\review.csv | data\discovery\mass-harvest-v5\clean-v5.5\review.csv,,SECOND_PASS_SAFE,non_greek_brand_coherent_direct_gift_card
65,araks.com,Gift Card - Araks,https://www.araks.com/collections/gift-card?srsltid=AfmBOor4_h3wh72qnmNZ_yDFpDzNSqh25YqHObiZbuID0WM9OSkl0AdT,Gift Card - Araks,Greece (EUR €); Greenland (DKK kr.) Grenada (XCD $); Guadeloupe (EUR ... Araks is consciously crafted lingerie and swimwear. Committed to taking care ...,"""Greece"" ""lingerie"" ""gift card""",1,data\discovery\mega-harvest-v6\clean-v6\review.csv,,SECOND_PASS_SAFE,non_greek_brand_coherent_direct_gift_card
60,arapina.co.uk,Order a voucher delivery in London from Arapina Bakery,https://arapina.co.uk/product/gift-voucher/?srsltid=AfmBOoqDadsY6A2dLGgxll2sitN_mB5btRF785eLcm9gMQTbE3NbfWzd,Order a voucher delivery in London from Arapina Bakery,"Enjoy eating and living the way Arapina suggests! Buy a gift voucher with us ... The pistachio scroll was also delicious, the pastry itself was a ...","""pastry"" ""gift voucher"" Greece",1,data\discovery\mega-harvest-v6\clean-v6\review.csv,,REVIEW,non_greek_brand_coherence_unclear
100,archaeotours.gr,Ancient Greece,https://www.archaeotours.gr/product-category/wps_wgm_giftcard/,Gift Card - Ancient Greece,"Mythology for Kids (2). Our Best Sellers. Destination Nafplio. Rated 0 ... Crete, there's a Destination Gift Card waiting for you. Our Destination Gift ...","""Crete"" ""kids"" ""gift card""",5,data\discovery\focused-harvest-v7\clean-v7\review.csv | data\discovery\focused-harvest-v7-run1-backup\clean-v7\review.csv | data\discovery\mass-harvest-v5\clean-v5.4\review.csv | data\discovery\mass-harvest-v5\clean-v5.5\review.csv | data\discovery\mega-harvest-v6\clean-v6\review.csv,,REVIEW,greek_domain_brand_coherence_unclear
100,argento.com,Gifts E-Mail Gift Voucher Argento.com,https://www.argento.com/en/Gifts-E-Mail-Gift-Voucher/m-1803.aspx?srsltid=AfmBOoqzhwZvjMC0c5Vah7BTKRJI2SPSoGoELeZJGSLRqh82uqcLG5aQ,Gifts E-Mail Gift Voucher Argento.com,Give a loved one the present they've always wanted with an Argento Gift Voucher to spend on their favourite jewellery brands!,"""watches"" ""gift voucher"" Greece",5,data\discovery\mass-harvest-v5\clean-v5.2\global-review.csv | data\discovery\mass-harvest-v5\clean-v5.3\global-review.csv | data\discovery\mass-harvest-v5\clean-v5.4\review.csv | data\discovery\mass-harvest-v5\clean-v5.5\review.csv | data\discovery\mega-harvest-v6\clean-v6\review.csv,,SECOND_PASS_SAFE,non_greek_brand_coherent_direct_gift_card
85,argo-ceramics-gifts.gr,Αγοράστε μία Δωροεπιταγή,https://www.argo-ceramics-gifts.gr/index.php?route,Αγοράστε μία Δωροεπιταγή,argo-ceramics-gifts.gr · 0. Όλες. Όλες; SHOP; ΑΝΤΙΚΕΙΜΕΝΑ ΤΕΧΝΗΣ ... Αυτή η δωροεπιταγή θα αποσταλεί μέ e-mail στον παραλήπτη αφού ολοκληρωθεί ή πληρωμή σας.,"site:.gr ""gifts"" ""δωροεπιταγή""",2,data\discovery\focused-harvest-v7\clean-v7\review.csv | data\discovery\focused-harvest-v7-run1-backup\clean-v7\review.csv,,REVIEW,greek_domain_brand_coherence_unclear
100,aritswatches.com,Arits Watches & Co. Gift Card,https://aritswatches.com/products/arits-watches-co-gift-card,Arits Watches & Co. Gift Card,"Arits Watches & Co. Gift Card. Zoom. Arits Watches & Co. Gift Card. Sale price€150,00. Some moments ask for more than a bottle of wine or an envelope with cash ...","""watches"" ""gift card"" Greece",5,data\discovery\mass-harvest-v5\clean-v5.2\global-review.csv | data\discovery\mass-harvest-v5\clean-v5.3\global-review.csv | data\discovery\mass-harvest-v5\clean-v5.4\review.csv | data\discovery\mass-harvest-v5\clean-v5.5\review.csv | data\discovery\mega-harvest-v6\clean-v6\review.csv,,SECOND_PASS_SAFE,non_greek_brand_coherent_direct_gift_card
85,armadio.gr,120,https://www.armadio.gr/en/shop/%CE%B4%CF%89%CF%81%CE%BF%CE%BA%CE%AC%CF%81%CF%84%CE%B1-120,Δωροκάρτα 120 - Gift cards,Δωροκάρτα 120€ Gift cards Δωροκάρτα αξίας 120 ... Women's clothing; 3Dresses · Shirts; 3Skirts; 7Blouses ... Δωροκάρτα 120€. Δωροκάρτα 120€. dorokarta120-01 ...,"site:.gr ""clothing"" ""δωροκάρτα""",7,data\discovery\focused-harvest-v7\clean-v7\review.csv | data\discovery\focused-harvest-v7-run1-backup\clean-v7\review.csv | data\discovery\mass-harvest-v5\clean-v5.1\review.csv | data\discovery\mass-harvest-v5\clean-v5.2\manual-review.csv | data\discovery\mass-harvest-v5\clean-v5.3\global-review.csv | data\discovery\mass-harvest-v5\clean-v5.4\review.csv | data\discovery\mass-harvest-v5\clean-v5.5\review.csv,,REVIEW,greek_domain_brand_coherence_unclear
100,armoniawellness.gr,Christmas Gift Cards,https://www.armoniawellness.gr/christmas-gift-cards/,Christmas Gift Cards,"Κανενα προϊον στο καλαθι σας. Armonia Wellness ... Ψάχνεις Χριστουγεννιάτικο δώρο; Χάρισε μία δωροεπιταγή μας για massage, θεραπεία προσώπου, Body Scrub ή ...","site:.gr ""wellness"" ""δωροεπιταγή""",2,data\discovery\focused-harvest-v7\clean-v7\review.csv | data\discovery\focused-harvest-v7-run1-backup\clean-v7\review.csv,,REVIEW,greek_domain_brand_coherence_unclear
80,art-center.com.gr,Art Center,https://www.art-center.com.gr/categories/4565/dora-doroepitages-/,Δωροεπιταγές,Δωροεπιταγές · Προϊόντα · ΕΥΡΟΣ ΤΙΜΗΣ · Δωροεπιταγή 10 euro · Δωροεπιταγή 20 euro · Δωροεπιταγή 30 euro · Δωροεπιταγή 50 euro · Δωροεπιταγή 100 euro · Η εταιρία.,"site:.com.gr ""δωροεπιταγές""",3,data\discovery\focused-harvest-v7\clean-v7\review.csv | data\discovery\focused-harvest-v7-run1-backup\clean-v7\review.csv | data\discovery\mega-harvest-v6\clean-v6\review.csv,,SECOND_PASS_SAFE,greek_brand_coherent_direct_gift_card
85,artandbeauty.gr,Αγοράστε μία Δωροεπιταγή,https://artandbeauty.gr/index.php?route,Αγοράστε μία Δωροεπιταγή,Αυτή η δωροεπιταγή θα αποσταλεί μέ e-mail στον παραλήπτη αφού ολοκληρωθεί ή πληρωμή σας. ... Art and beauty nails · art_and_beauty_nails_. Εξυπηρέτηση.,"site:.gr ""nails"" ""δωροεπιταγή""",2,data\discovery\focused-harvest-v7\clean-v7\review.csv | data\discovery\focused-harvest-v7-run1-backup\clean-v7\review.csv,,REVIEW,greek_domain_brand_coherence_unclear
100,artandwalk.com,Gift Card,https://artandwalk.com/tour/gift-card/,Gift Card,How It Works: Choose Your Amount – Select a gift card value that suits your budget (€48 covers one adult tour or workshop!),"""tour"" ""gift card"" Greece",1,data\discovery\mega-harvest-v6\clean-v6\review.csv,,REVIEW,non_greek_brand_coherence_unclear
85,artdeco.com.gr,eshave Gift Card Outlet Online,https://www.artdeco.com.gr/?a=cate-76530256,eshave Gift Card Outlet Online,eshave Gift Card Outlet Online ; Sales unit · 1 piece ; Delivery date · 2026-08-29 Later ; Product features. Product: eshave Gift Card Brand: Eshave Type: Cosmetics,"site:.com.gr ""gift card""",8,data\discovery\focused-harvest-v7\clean-v7\review.csv | data\discovery\focused-harvest-v7-run1-backup\clean-v7\review.csv | data\discovery\mass-harvest-v5\clean-v5.1\review.csv | data\discovery\mass-harvest-v5\clean-v5.2\manual-review.csv | data\discovery\mass-harvest-v5\clean-v5.3\global-review.csv | data\discovery\mass-harvest-v5\clean-v5.4\review.csv | data\discovery\mass-harvest-v5\clean-v5.5\review.csv | data\discovery\mega-harvest-v6\clean-v6\review.csv,,REVIEW,greek_domain_brand_coherence_unclear
100,artnhobby.ie,Gift Card €25.00,https://www.artnhobby.ie/products/gift-card-2500-gcs25?srsltid=AfmBOorHxFMSOU7C4zzHRGYySCQjqDGKg4bfMS1xxkp9pssBrU5vlXKX,Gift Card €25.00,Art & Hobby Gift Card €25.00. You can spend this card in any Art & Hobby store nationwide including our online store This Gift Card never expires.... Ever!,"""hobby"" ""gift card"" Greece",5,data\discovery\mass-harvest-v5\clean-v5.2\global-review.csv | data\discovery\mass-harvest-v5\clean-v5.3\global-review.csv | data\discovery\mass-harvest-v5\clean-v5.4\review.csv | data\discovery\mass-harvest-v5\clean-v5.5\review.csv | data\discovery\mega-harvest-v6\clean-v6\review.csv,,REVIEW,non_greek_brand_coherence_unclear
100,artofescaperoom.com,Gift card,https://www.artofescaperoom.com/product/gift-card/,Gift card,Treat your recipient to a Escape Room Gift Voucher which can be printed or emailed and used when making the reservation online.,"""escape room"" ""gift voucher"" Greece",5,data\discovery\mass-harvest-v5\clean-v5.2\global-review.csv | data\discovery\mass-harvest-v5\clean-v5.3\global-review.csv | data\discovery\mass-harvest-v5\clean-v5.4\review.csv | data\discovery\mass-harvest-v5\clean-v5.5\review.csv | data\discovery\mega-harvest-v6\clean-v6\review.csv,,REVIEW,non_greek_brand_coherence_unclear
100,asdagiftcards.com,Buy Gift Cards and Gift Vouchers - 100+ UK Brands,https://www.asdagiftcards.com/cards?srsltid=AfmBOorFOuVrK9ReoazbXKaFPcdFPKIK1-C1-LLY9DU7dK3VpEPqJosI,Buy Gift Cards and Gift Vouchers - 100+ UK Brands,"No matter the person, we've got the perfect gift card for them. Buy gift ... £20 - £100. Gift Card New Look UK Gift Card£1 - £200. Gift Card Nike UK£15 ...","""UK"" retail ""gift card"" official",1,data\discovery\mass-harvest-v5\clean-v5.5\review.csv,,REJECT,known_false_positive_or_reseller
80,asianforall.gr,Δωροκάρτα Asian For All 50ε,https://asianforall.gr/books/vivlia-kinezikwn/%CE%B4%CF%89%CF%81%CE%BF%CE%BA%CE%AC%CF%81%CF%84%CE%B1-asianforall/,Δωροκάρτα Asian For All 50ε,50.00€. Προσθήκη στο καλάθι. Προϊόν. Δωροκάρτα Asian ... AUDIO 33.00€.,"site:.gr ""audio"" ""δωροκάρτα""",1,data\discovery\mega-harvest-v6\clean-v6\review.csv,,SECOND_PASS_SAFE,greek_brand_coherent_direct_gift_card
60,ask.ab.gr,Προσφέρετε επιταγές δώρων σε εταιρίες και ιδιώτες; - AB Eshop,https://ask.ab.gr/s/article/Do-you-offer-gift-cards-to-companies-and-private-individuals,Προσφέρετε επιταγές δώρων σε εταιρίες και ιδιώτες; - AB Eshop,"Nαι, προσφέρουμε! Οι δωροεπιταγές ΑΒ αποτελούν πολύ χρήσιμα δώρα και προτιμώνται ιδιαιτέρως από εταιρίες για τους εργαζομένους τους την περίοδο των εορτών.","""δωροεπιταγές""",6,data\discovery\mass-harvest-v5\clean-v5.1\review.csv | data\discovery\mass-harvest-v5\clean-v5.2\manual-review.csv | data\discovery\mass-harvest-v5\clean-v5.3\global-review.csv | data\discovery\mass-harvest-v5\clean-v5.4\review.csv | data\discovery\mass-harvest-v5\clean-v5.5\review.csv | data\discovery\mega-harvest-v6\clean-v6\review.csv,,REVIEW,greek_domain_brand_coherence_unclear
70,asos.com,Buy Online Shopping Gift Vouchers,https://www.asos.com/gift-vouchers/,Buy Online Shopping Gift Vouchers,"Simply choose a design, top it up with an amount of your choice, drop in a message and we'll slide it straight into the lucky person's inbox on your chosen day.","""fashion"" ""gift voucher"" Greece",5,data\discovery\mass-harvest-v5\clean-v5.1\review.csv | data\discovery\mass-harvest-v5\clean-v5.2\manual-review.csv | data\discovery\mass-harvest-v5\clean-v5.3\global-review.csv | data\discovery\mass-harvest-v5\clean-v5.4\review.csv | data\discovery\mass-harvest-v5\clean-v5.5\review.csv,,REVIEW,non_greek_brand_coherence_unclear
85,aspasiajewellery.com,Yoga gift voucher 3 lessons pack,https://www.aspasiajewellery.com/online-yoga-shop/p/yoga-gift-,Yoga gift voucher 3 lessons pack,Yoga gift voucher 3 lessons pack- Experience the Gift of Yoga. €140.00.,"""yoga"" ""gift voucher"" Greece",6,data\discovery\mass-harvest-v5\clean-v5.1\review.csv | data\discovery\mass-harvest-v5\clean-v5.2\manual-review.csv | data\discovery\mass-harvest-v5\clean-v5.3\global-review.csv | data\discovery\mass-harvest-v5\clean-v5.4\review.csv | data\discovery\mass-harvest-v5\clean-v5.5\review.csv | data\discovery\mega-harvest-v6\clean-v6\review.csv,,REVIEW,non_greek_brand_coherence_unclear
100,aspro.store,Get your digital gift card now online,https://aspro.store/en/products/aspro-cleaning-lab-digital-gift-card?srsltid=AfmBOopcSAVecgfjbUIQpImjB0heoUDGuOnDJSE5cYJ-95OwmiqcwpC2,Get your digital gift card now online,"Digital gift card. Open media 1 in modal. 1 / of 1. aspro store. Digital ... If you are nearby, visit us in our shop in Kavala-Greece. We will be happy ...","""Kavala"" ""gift card""",3,data\discovery\mass-harvest-v5\clean-v5.3\greece-market-review.csv | data\discovery\mass-harvest-v5\clean-v5.4\review.csv | data\discovery\mass-harvest-v5\clean-v5.5\review.csv,,REVIEW,non_greek_brand_coherence_unclear
100,assos.com,"Gift Card Gold, » ASSOS Of Switzerland",https://www.assos.com/se/gift-card-gold-146465.html,"Gift Card Gold, » ASSOS Of Switzerland","Gift Card Gold - ASSOS Of Switzerland - Official Online Shop. Gift Card Gold. 3 100,00 SEK. * required fields. Sender name *. Sender email *. Recipient name ...","""Switzerland"" retail ""gift card"" official",4,data\discovery\mass-harvest-v5\clean-v5.2\global-review.csv | data\discovery\mass-harvest-v5\clean-v5.3\global-review.csv | data\discovery\mass-harvest-v5\clean-v5.4\review.csv | data\discovery\mass-harvest-v5\clean-v5.5\review.csv,,SECOND_PASS_SAFE,non_greek_brand_coherent_direct_gift_card
100,ataratma.com,Ataratma London Gift Card,https://www.ataratma.com/products/gift-card?srsltid=AfmBOopMgCCx1R1xXvkBoSmNrlmSFsqID5XEsjGryqQtPe0TPJ1_8bdd,Ataratma London Gift Card,Greece (EUR €); Guernsey (GBP £); Hong ... ATARATMA perfume bottles on a reflective surface with 'GIFT VOUCHER' text above.,"""Greece"" ""perfume"" ""gift voucher""",1,data\discovery\mega-harvest-v6\clean-v6\review.csv,,SECOND_PASS_SAFE,non_greek_brand_coherent_direct_gift_card
100,atenskincare.com,ATEN Skincare Gift Voucher | Digital Gift Card,https://atenskincare.com/products/aten-skincare-gift-voucher?srsltid=AfmBOorGDAEAEO-8oyRf8B6sM10NatJlGUbmeZ1HQnciGu6lCgJ8qBUM,ATEN Skincare Gift Voucher | Digital Gift Card,"ATEN Skincare Gift Voucher. Regular price €25,00. Sale price €25,00 Regular ... Greece (EUR €), Hungary (HUF Ft), Ireland (EUR €), Italy (EUR €), Latvia (EUR ...","""skincare"" ""gift voucher"" Greece",1,data\discovery\mega-harvest-v6\clean-v6\review.csv,,SECOND_PASS_SAFE,non_greek_brand_coherent_direct_gift_card
85,atentogutschein.de,Taverna Sevi´s Kos Gift Card • City Karte 2026,https://www.atentogutschein.de/en/marketplace_merchants/5327-taverna-sevi-s-kos?community=182,Taverna Sevi´s Kos Gift Card • City Karte 2026,Taverna Sevi´s Kos gift card redeemable at 11242+ partners in Berlin. Valid 3 years - Instant delivery - From €10 - Buy City Karte gift card now!,"""Kos"" ""gift card""",5,data\discovery\mass-harvest-v5\clean-v5.1\review.csv | data\discovery\mass-harvest-v5\clean-v5.2\manual-review.csv | data\discovery\mass-harvest-v5\clean-v5.3\global-review.csv | data\discovery\mass-harvest-v5\clean-v5.4\review.csv | data\discovery\mass-harvest-v5\clean-v5.5\review.csv,,REVIEW,non_greek_brand_coherence_unclear
80,athani.gr,Αθανη Spa 'n' Sauna Gift Card (Δωροκαρτα),https://www.athani.gr/%CE%B4%CF%89%CF%81%CE%BF%CE%BA%CE%B1%CF%81%CF%84%CE%B1/,Αθανη Spa 'n' Sauna Gift Card (Δωροκαρτα),"Αθανη Spa 'n' Sauna Gift Card (Δωροκαρτα). Ενα ξεχωριστο δωρο ... Κάθε δωροκάρτα έχει ημερομηνία λήξεως, 1 έτος μέτα την ημερομηνία έκδοσης της.","site:.gr ""spa"" ""δωροκάρτα""",7,data\discovery\focused-harvest-v7\clean-v7\review.csv | data\discovery\mass-harvest-v5\clean-v5.1\review.csv | data\discovery\mass-harvest-v5\clean-v5.2\manual-review.csv | data\discovery\mass-harvest-v5\clean-v5.3\global-review.csv | data\discovery\mass-harvest-v5\clean-v5.4\review.csv | data\discovery\mass-harvest-v5\clean-v5.5\review.csv | data\discovery\mega-harvest-v6\clean-v6\review.csv,,REVIEW,greek_domain_brand_coherence_unclear
100,athenaflower.com,Gift voucher for a 60-minute Swedish massage session for women ...,https://athenaflower.com/en/gift-voucher-for-a-60-minute-swedish-massage-session-for-women-from-hash-spa-loris-flower-bouquet/p900883755,Gift voucher for a 60-minute Swedish massage session for women ...,Gift voucher for a 60-minute Swedish massage session for women from Hash Spa | Loris flower bouquet. 0. 462. 462. In Stock.,"""massage"" ""gift voucher"" Greece",6,data\discovery\mass-harvest-v5\clean-v5.1\review.csv | data\discovery\mass-harvest-v5\clean-v5.2\manual-review.csv | data\discovery\mass-harvest-v5\clean-v5.3\global-review.csv | data\discovery\mass-harvest-v5\clean-v5.4\review.csv | data\discovery\mass-harvest-v5\clean-v5.5\review.csv | data\discovery\mega-harvest-v6\clean-v6\review.csv,,REVIEW,non_greek_brand_coherence_unclear
100,atheneoscafe.com,Atheneos Greek Village Cafe Gift Cards,https://atheneoscafe.com/gift-cards,Atheneos Greek Village Cafe Gift Cards,Buy Atheneos Greek Village Cafe gift cards online. The perfect gift for any occasion. Send a gift card instantly to family or friends.,"""cafe"" ""gift card"" Greece",4,data\discovery\mass-harvest-v5\clean-v5.3\greece-market-review.csv | data\discovery\mass-harvest-v5\clean-v5.4\review.csv | data\discovery\mass-harvest-v5\clean-v5.5\review.csv | data\discovery\mega-harvest-v6\clean-v6\review.csv,,REVIEW,non_greek_brand_coherence_unclear
100,athens-stay.gr,for Stay in Greece | Restay Resort and Suites L.P.,https://www.athens-stay.gr/gift-card,Gift Card for Stay in Greece | Restay Resort and Suites L.P.,"Surprise your loved ones with a Restay Resort & Suites Gift Card. Perfect for holidays, city breaks in Athens, or seaside escapes in Agiokampos.","site:.gr ""resort"" ""gift card""",5,data\discovery\focused-harvest-v7\clean-v7\review.csv | data\discovery\focused-harvest-v7-run1-backup\clean-v7\review.csv | data\discovery\mass-harvest-v5\clean-v5.4\review.csv | data\discovery\mass-harvest-v5\clean-v5.5\review.csv | data\discovery\mega-harvest-v6\clean-v6\review.csv,,REVIEW,greek_domain_brand_coherence_unclear
100,athens-theater.com,Gift Cards - Athens Theater,https://www.athens-theater.com/for-you/gift-cards,Gift Cards - Athens Theater,Suggestions. A Beautiful Noise at Classic Center Theatre; The Wiz at Classic Center Theatre ... gift card email you receive. 10. In the event an eGift Card code ...,"""theatre"" ""gift card"" Greece",4,data\discovery\mass-harvest-v5\clean-v5.3\greece-market-review.csv | data\discovery\mass-harvest-v5\clean-v5.4\review.csv | data\discovery\mass-harvest-v5\clean-v5.5\review.csv | data\discovery\mega-harvest-v6\clean-v6\review.csv,,SECOND_PASS_SAFE,non_greek_brand_coherent_direct_gift_card
100,athens.virtual-room.com,Virtual Reality Athens,https://athens.virtual-room.com/gift-vouchers/,Gift vouchers - Virtual Reality Athens,Kids birthday · Bachelor & Bachelorette Parties · Gift vouchers · Contact · Book now ... athens@virtual-room.com. Contact us. SITE MAP. Booking · Gift Vouchers ...,"""Athens"" ""kids"" ""gift voucher""",3,data\discovery\focused-harvest-v7\clean-v7\review.csv | data\discovery\focused-harvest-v7-run1-backup\clean-v7\review.csv | data\discovery\mega-harvest-v6\clean-v6\review.csv,,REVIEW,non_greek_brand_coherence_unclear
100,athensextremesports.com,Gift Card | athens-extreme-sports | Buy a gift coupon online,https://www.athensextremesports.com/gift-card,Gift Card | athens-extreme-sports | Buy a gift coupon online,Gift Card. €25. Amount. €25. €50. €100. €150. €200. €300 ... Outdoor activities and extreme sports experiences in Greece. contact ...,"""sports"" ""gift card"" Greece",2,data\discovery\mass-harvest-v5\clean-v5.4\review.csv | data\discovery\mass-harvest-v5\clean-v5.5\review.csv,,REJECT,non_merchant_signal
60,athensfishspa.com,Giftcard,https://athensfishspa.com/Page/11/Giftcard,Giftcard,"Is one of the best spa in Athens, as rated by hundreds of travellers in tripadvisor. Δωροκάρτες. Δείξτε την αγάπη σας – αγοράστε μια δωροκάρτα για τo καλύτερο ...","""Athens"" ""δωροκάρτα""",5,data\discovery\mass-harvest-v5\clean-v5.1\review.csv | data\discovery\mass-harvest-v5\clean-v5.2\manual-review.csv | data\discovery\mass-harvest-v5\clean-v5.3\global-review.csv | data\discovery\mass-harvest-v5\clean-v5.4\review.csv | data\discovery\mass-harvest-v5\clean-v5.5\review.csv,,REVIEW,non_greek_brand_coherence_unclear
65,athensnailbar.com,Gift Card | Nail Salon 30606,https://athensnailbar.com/gift-card/,Gift Card | Nail Salon 30606,"ATHENS NAIL BAR is a one-stop beauty salon where you can be pretty from top to toe with well-polished nails, nourished hands and feet, silky-soft skin, and ...","""Athens"" ""nails"" ""gift card""",1,data\discovery\mega-harvest-v6\clean-v6\review.csv,,REVIEW,non_greek_brand_coherence_unclear
100,athensphototour.com,We are now offering Gift Cards - AthensPhotoTour.com,https://www.athensphototour.com/we-are-now-offering-gift-cards/,We are now offering Gift Cards - AthensPhotoTour.com,"You can even slice a 200 euros gift card from our daily photo tours, the Athens full day Photo tour,; or the Peloponnese full day Photo tour.","""tour"" ""gift card"" Greece",1,data\discovery\mega-harvest-v6\clean-v6\review.csv,,SECOND_PASS_SAFE,non_greek_brand_coherent_direct_gift_card
70,athoshellas.gr,Θεσσαλονίκη,https://www.athoshellas.gr/el/Article/giftcard.aspx,Gift Card - Θεσσαλονίκη,... travel center. instagram athos hellas travel center. tik tok athos hellas travel center. linkedin icon athos hellas travel center. #athostravel. ΕΓΓΡΑΦΗ ΣΤΟ ...,"site:.gr ""travel"" ""δωροκάρτα""",8,data\discovery\focused-harvest-v7\clean-v7\review.csv | data\discovery\focused-harvest-v7-run1-backup\clean-v7\review.csv | data\discovery\mass-harvest-v5\clean-v5.1\review.csv | data\discovery\mass-harvest-v5\clean-v5.2\manual-review.csv | data\discovery\mass-harvest-v5\clean-v5.3\global-review.csv | data\discovery\mass-harvest-v5\clean-v5.4\review.csv | data\discovery\mass-harvest-v5\clean-v5.5\review.csv | data\discovery\mega-harvest-v6\clean-v6\review.csv,,REVIEW,greek_domain_brand_coherence_unclear
100,audiogold.co.uk,Audio Gold Gift Vouchers – AudioGoldLondon,https://audiogold.co.uk/pages/audio-gold-gift-vouchers,Audio Gold Gift Vouchers – AudioGoldLondon,"Greece (GBP £), Hong Kong SAR (GBP £), Hungary (GBP £), Ireland (GBP £), Israel ... Audio Gold Gift Voucher. £25.00 – £1,000.00. Buy gift card. Special Offers ...","""audio"" ""gift voucher"" Greece",1,data\discovery\mega-harvest-v6\clean-v6\review.csv,,REVIEW,non_greek_brand_coherence_unclear
80,augenoptik-muenster.de,Class Optics - Gift Voucher,https://www.augenoptik-muenster.de/en/products/klasse-optik-geschenkgutschein,Class Optics - Gift Voucher,"Greece EUR €; Guernsey EUR €; Hungary EUR €; Iceland EUR €; Ireland EUR ... Class Optics - Gift Voucher. Class Optics - Gift Voucher. Regular price €10,00 ...","""optics"" ""gift voucher"" Greece",6,data\discovery\mass-harvest-v5\clean-v5.1\review.csv | data\discovery\mass-harvest-v5\clean-v5.2\manual-review.csv | data\discovery\mass-harvest-v5\clean-v5.3\global-review.csv | data\discovery\mass-harvest-v5\clean-v5.4\review.csv | data\discovery\mass-harvest-v5\clean-v5.5\review.csv | data\discovery\mega-harvest-v6\clean-v6\review.csv,,REVIEW,non_greek_brand_coherence_unclear
100,aura-print.com,Gift Voucher Printing,https://aura-print.com/usa/gift-voucher-printing,Gift Voucher Printing,"With our custom gift vouchers, you have the liberty to design and print vouchers that resonate with your brand's message, ensuring that each voucher you hand ...","""printing"" ""gift voucher"" Greece",3,data\discovery\mass-harvest-v5\clean-v5.2\global-review.csv | data\discovery\mass-harvest-v5\clean-v5.3\global-review.csv | data\discovery\mass-harvest-v5\clean-v5.5\review.csv,,REJECT,non_merchant_signal
100,aureliamobilespa.com,Aurelia Mobile Spa | Spa Services in Corfu,https://aureliamobilespa.com/gift-cards-mobile-spa-in-corfu/,Gift Cards | Aurelia Mobile Spa | Spa Services in Corfu,"Give the gift of relaxation, rejuvenation, and self-care with our exquisite spa gift cards. Order your gift card & let the tranquility begin! Mobile Spa Corfu.","""Corfu"" ""spa"" ""gift card""",6,data\discovery\focused-harvest-v7\clean-v7\review.csv | data\discovery\focused-harvest-v7-run1-backup\clean-v7\review.csv | data\discovery\mass-harvest-v5\clean-v5.3\greece-market-review.csv | data\discovery\mass-harvest-v5\clean-v5.4\review.csv | data\discovery\mass-harvest-v5\clean-v5.5\review.csv | data\discovery\mega-harvest-v6\clean-v6\review.csv,,SECOND_PASS_SAFE,non_greek_brand_coherent_direct_gift_card
85,aureliathebrand.gr,Δωροκάρτα,https://aureliathebrand.gr/shop/accessories/%CE%B4%CF%89%CF%81%CE%BF%CE%BA%CE%AC%CF%81%CF%84%CE%B1/,Δωροκάρτα,"Δωροκάρτα ; Price range · 10,00€ through 250,00€ ; Προσθέστε 50,00€ ; Κωδικός προϊόντος: Μ/Δ ; Κατηγορία: Accessories ; ΔΩΡΕΑΝ ΜΕΤΑΦΟΡΙΚΑ. Για όλες τις παραγγελίες ...","site:.gr ""accessories"" ""δωροκάρτα""",1,data\discovery\mega-harvest-v6\clean-v6\review.csv,,REVIEW,greek_domain_brand_coherence_unclear
100,austrian.com,Austrian Airlines Gift Cards,https://www.austrian.com/ca/en/book/flights/giftvoucher,Austrian Airlines Gift Cards,Make your loved ones' travel dreams come true and give them an unforgettable experience with a Gift Card. ... Austria. Belarus. Belgium. Bosnia-Herzegovina.,"""Austria"" beauty ""gift card"" official",4,data\discovery\mass-harvest-v5\clean-v5.2\global-review.csv | data\discovery\mass-harvest-v5\clean-v5.3\global-review.csv | data\discovery\mass-harvest-v5\clean-v5.4\review.csv | data\discovery\mass-harvest-v5\clean-v5.5\review.csv,,SECOND_PASS_SAFE,non_greek_brand_coherent_direct_gift_card
85,autotriti.gr,Με κάθε αγορά ελαστικών Falken και δωροκάρτες καυσίμων ...,https://www.autotriti.gr/data/news/preview_news/falken-fill-up-winter-campaign-ellada_276992.asp,Με κάθε αγορά ελαστικών Falken και δωροκάρτες καυσίμων ...,... Car Accessories ... Εγγράφεστε στην πλατφόρμα: campaign.falkentyre.com/gr και παραλαμβάνετε τη δωροκάρτα καυσίμων EKO εύκολα και γρήγορα.,"site:.gr ""car accessories"" ""δωροκάρτα""",6,data\discovery\mass-harvest-v5\clean-v5.1\review.csv | data\discovery\mass-harvest-v5\clean-v5.2\manual-review.csv | data\discovery\mass-harvest-v5\clean-v5.3\global-review.csv | data\discovery\mass-harvest-v5\clean-v5.4\review.csv | data\discovery\mass-harvest-v5\clean-v5.5\review.csv | data\discovery\mega-harvest-v6\clean-v6\review.csv,,REVIEW,greek_domain_brand_coherence_unclear
60,autowin.com,AutoWin Voucher,https://www.autowin.com/en-gr/products/autowin-gift-card?srsltid=AfmBOop1TyB53Ama6Kq8aggMlWnCYizKuAYaJbZhRFEHLb2I2diyjNd4,AutoWin Voucher,Gift the joy of luxury car accessories with an AutoWin Gift Card. Ideal for any car enthusiast! Shop now and elevate their ride.,"""car accessories"" ""gift card"" Greece",6,data\discovery\mass-harvest-v5\clean-v5.1\review.csv | data\discovery\mass-harvest-v5\clean-v5.2\manual-review.csv | data\discovery\mass-harvest-v5\clean-v5.3\global-review.csv | data\discovery\mass-harvest-v5\clean-v5.4\review.csv | data\discovery\mass-harvest-v5\clean-v5.5\review.csv | data\discovery\mega-harvest-v6\clean-v6\review.csv,,SECOND_PASS_SAFE,non_greek_brand_coherent_direct_gift_card
85,avratoys.gr,Αγοράστε μία Δωροεπιταγή,https://avratoys.gr/index.php?route,Αγοράστε μία Δωροεπιταγή,Αγοράστε μία Δωροεπιταγή. Αυτή η δωροεπιταγή θα αποσταλεί μέ e-mail στον παραλήπτη αφού ολοκληρωθεί ή πληρωμή σας. ... Avra Toys © 2026.,"site:.gr ""toys"" ""δωροεπιταγή""",2,data\discovery\focused-harvest-v7\clean-v7\review.csv | data\discovery\focused-harvest-v7-run1-backup\clean-v7\review.csv,,REVIEW,greek_domain_brand_coherence_unclear
100,axhotelsmalta.com,Gift Vouchers,https://axhotelsmalta.com/gift-vouchers/,Gift Vouchers,"... Gift Voucher unlocks a world of experiences to choose from. PREV. NEXT. AX The Heights Residences. Rabat, Malta · Verdala Wellness – AX Privilege. Rabat, Malta.","""Malta"" travel ""gift voucher"" official",4,data\discovery\mass-harvest-v5\clean-v5.2\global-review.csv | data\discovery\mass-harvest-v5\clean-v5.3\global-review.csv | data\discovery\mass-harvest-v5\clean-v5.4\review.csv | data\discovery\mass-harvest-v5\clean-v5.5\review.csv,,REVIEW,non_greek_brand_coherence_unclear
100,babaloo.com.au,babaloo e,https://babaloo.com.au/product/babaloo-gift-voucher?srsltid=AfmBOopoDfhvAsGy44W4v5Q1msR0g29-Ga_XKtzZCoZ86HtcExYFxeOG,babaloo e-Gift Card,"A babaloo e-Gift Card or Gift Voucher is a thoughtful, joyful surprise that lets them choose exactly what they need -- from adorable essentials to stylish ...","""car accessories"" ""gift voucher"" Greece",5,data\discovery\mass-harvest-v5\clean-v5.2\global-review.csv | data\discovery\mass-harvest-v5\clean-v5.3\global-review.csv | data\discovery\mass-harvest-v5\clean-v5.4\review.csv | data\discovery\mass-harvest-v5\clean-v5.5\review.csv | data\discovery\mega-harvest-v6\clean-v6\review.csv,,REVIEW,non_greek_brand_coherence_unclear
85,babyall.gr,Αγοράστε μία Δωροεπιταγή,https://www.babyall.gr/index.php?route,Αγοράστε μία Δωροεπιταγή,"Αυτή η δωροεπιταγή θα αποσταλεί μέ e-mail στον παραλήπτη αφού ολοκληρωθεί ή πληρωμή σας. ... Στο Baby All, βασικές μας αξίες είναι η Ποιότητα, η Ασφάλεια ...","site:.gr ""baby"" ""δωροεπιταγή""",2,data\discovery\focused-harvest-v7\clean-v7\review.csv | data\discovery\focused-harvest-v7-run1-backup\clean-v7\review.csv,,REVIEW,greek_domain_brand_coherence_unclear
85,babycollection.shop,Gift Card,https://babycollection.shop/en/product/dorokarta/?srsltid=AfmBOorb1uKUhzvBSkV_B5b5_Nc0RT48xzrxf_Mj6Hlg64qVDIfZCblj,Gift Card,Free Shipping for Orders Over €150 100% Greek Business. Gift Card - Image 1. Click to enlarge. Home / BABY GOODS / Bed sheets / Gift Card.,"""baby"" ""gift card"" Greece",6,data\discovery\mass-harvest-v5\clean-v5.1\review.csv | data\discovery\mass-harvest-v5\clean-v5.2\manual-review.csv | data\discovery\mass-harvest-v5\clean-v5.3\global-review.csv | data\discovery\mass-harvest-v5\clean-v5.4\review.csv | data\discovery\mass-harvest-v5\clean-v5.5\review.csv | data\discovery\mega-harvest-v6\clean-v6\review.csv,,REVIEW,non_greek_brand_coherence_unclear
85,babyhug.gr,Αγοράστε μία Δωροεπιταγή - Baby Hug,https://babyhug.gr/index.php?route,Αγοράστε μία Δωροεπιταγή - Baby Hug,"Baby Hug · 0 · Καλάθι0 προϊόν(τα) 0,00€ 0. Αναζήτηση... Αγοράστε μία Δωροεπιταγή. home · O Λογαριασμός μου · Αγορά Δωροεπιταγής. Αυτή η δωροεπιταγή θα ...","site:.gr ""baby"" ""δωροεπιταγή""",2,data\discovery\focused-harvest-v7\clean-v7\review.csv | data\discovery\focused-harvest-v7-run1-backup\clean-v7\review.csv,,SECOND_PASS_SAFE,greek_brand_coherent_direct_gift_card
85,babyplace.gr,Αγοράστε μία Δωροεπιταγή,https://babyplace.gr/index.php?route,Αγοράστε μία Δωροεπιταγή,Αγοράστε μία Δωροεπιταγή. Αυτή η δωροεπιταγή θα αποσταλεί μέ e-mail στον παραλήπτη αφού ολοκληρωθεί ή πληρωμή σας. Όνομα παραλήπτη. E-mail παραλήπτη.,"site:.gr ""baby"" ""δωροεπιταγή""",2,data\discovery\focused-harvest-v7\clean-v7\review.csv | data\discovery\focused-harvest-v7-run1-backup\clean-v7\review.csv,,REVIEW,greek_domain_brand_coherence_unclear
85,babyshop.com.gr,Διαγωνισμός 2 Δωροεπιταγές αξίας 100€,https://babyshop.com.gr/%CE%B4%CE%B9%CE%B1%CE%B3%CF%89%CE%BD%CE%B9%CF%83%CE%BC%CF%8C%CF%82-2-%CE%B4%CF%89%CF%81%CE%BF%CE%B5%CF%80%CE%B9%CF%84%CE%B1%CE%B3%CE%AD%CF%82-%CE%B1%CE%BE%CE%AF%CE%B1%CF%82-100-el/?srsltid,Διαγωνισμός 2 Δωροεπιταγές αξίας 100€,Διαγωνισμός 2 Δωροεπιταγές αξίας 100€. Διαβάστε τους όρους του Διαγωνισμού. ΕΓΓΡΑΦΗ ΣΤΟ NEWSLETTER. Μάθετε πρώτοι για τις προσφορές μας! e-mail. ΕΓΓΡΑΦΗ ...,"site:.com.gr ""δωροεπιταγές""",3,data\discovery\focused-harvest-v7\clean-v7\review.csv | data\discovery\focused-harvest-v7-run1-backup\clean-v7\review.csv | data\discovery\mega-harvest-v6\clean-v6\review.csv,,REVIEW,greek_domain_brand_coherence_unclear
100,babywearing365.com,Δωροεπιταγή 150€ - Κράτα το ευτυχισμένο στην αγκαλιά σου,https://www.babywearing365.com/product/giftcard-150e/,Δωροεπιταγή 150€ - Κράτα το ευτυχισμένο στην αγκαλιά σου,"Τώρα μπορείτε να επιλέξετε μια δωροεπιταγή από το Babywearing365.com ,για να αποκτήσουν οι φίλοι σας ακριβώς αυτό που χρειάζονται για το πολύτιμο μικρό τους!","""δωροεπιταγή""",4,data\discovery\mass-harvest-v5\clean-v5.2\global-review.csv | data\discovery\mass-harvest-v5\clean-v5.3\global-review.csv | data\discovery\mass-harvest-v5\clean-v5.4\review.csv | data\discovery\mass-harvest-v5\clean-v5.5\review.csv,,REVIEW,non_greek_brand_coherence_unclear
100,backpackongreece.com,Δωροκάρτα Εκδρομών & Outdoor Εμπειριών,https://backpackongreece.com/shop/gift-card-30/,Δωροκάρτα Εκδρομών & Outdoor Εμπειριών,"Κατηγορία:Δωροκάρτα Ετικέτες:Gift card hiking, Outdoor gift Greece, Δώρα για πεζοπόρους, Δώρο εμπειρίας, Δωροκάρτα εκδρομών ... outdoor δραστηριότητες.","""outdoor"" ""gift card"" Greece",4,data\discovery\mass-harvest-v5\clean-v5.3\greece-market-review.csv | data\discovery\mass-harvest-v5\clean-v5.4\review.csv | data\discovery\mass-harvest-v5\clean-v5.5\review.csv | data\discovery\mega-harvest-v6\clean-v6\review.csv,,REVIEW,non_greek_brand_coherence_unclear
100,badila.gr,Gift Card,https://www.badila.gr/en/giftcard/,Gift Card,"Gift Card ... Receiver's Details. Name. Surname. E-mail. Confirm E-mail ... Categories: Men, Jacket ,Leather. Tags: Men's Clothing, Clothing, Fashion. Share:.","site:.gr ""leather"" ""gift card""",2,data\discovery\mass-harvest-v5\clean-v5.4\review.csv | data\discovery\mass-harvest-v5\clean-v5.5\review.csv,,REVIEW,greek_domain_brand_coherence_unclear
80,badu.gr,1-5 τμχ Δωροκάρτες Προσκλητήριο γάμου Starry Sky Dried ...,https://badu.gr/1-5-%CF%84%CE%BC%CF%87-%CE%B4%CF%89%CF%81%CE%BF%CE%BA%CE%AC%CF%81%CF%84%CE%B5%CF%82-%CF%80%CF%81%CE%BF%CF%83%CE%BA%CE%BB%CE%B7%CF%84%CE%AE%CF%81%CE%B9%CE%BF-%CE%B3%CE%AC%CE%BC%CE%BF%CF%85-starry-sky-dried-flowers-%CF%87%CE%B5%CE%B9%CF%81%CF%8C%CE%B3%CF%81%CE%B1%CF%86%CE%B7-%CE%B5%CF%85%CE%BB%CE%BF%CE%B3%CE%AF%CE%B1-%CE%B3%CE%B5%CE%BD%CE%AD%CE%B8%CE%BB%CE%B9%CE%B1-%CE%B5%CF%85%CF%87%CE%B1%CF%81%CE%B9%CF%83%CF%84%CF%8E-%CE%B4%CF%89%CF%81%CE%BF%CE%BA%CE%AC%CF%81%CF%84%CE%B1-%CE%B3%CE%B9%CE%B1-%CF%84%CE%B7-%CE%B3%CE%B9%CE%BF%CF%81%CF%84%CE%AE-%CF%84%CE%B7%CF%82-%CE%BC%CE%B7%CF%84%CE%AD%CF%81%CE%B1%CF%82-p-542016.html,1-5 τμχ Δωροκάρτες Προσκλητήριο γάμου Starry Sky Dried ...,1-5 τμχ Δωροκάρτες Προσκλητήριο γάμου Starry Sky Dried Flowers Χειρόγραφη Ευλογία Γενέθλια Ευχαριστώ Δωροκάρτα για τη γιορτή της μητέραςσε τιμή των 5.8 €.,"site:.gr ""flowers"" ""δωροκάρτα""",8,data\discovery\focused-harvest-v7\clean-v7\review.csv | data\discovery\focused-harvest-v7-run1-backup\clean-v7\review.csv | data\discovery\mass-harvest-v5\clean-v5.1\review.csv | data\discovery\mass-harvest-v5\clean-v5.2\manual-review.csv | data\discovery\mass-harvest-v5\clean-v5.3\global-review.csv | data\discovery\mass-harvest-v5\clean-v5.4\review.csv | data\discovery\mass-harvest-v5\clean-v5.5\review.csv | data\discovery\mega-harvest-v6\clean-v6\review.csv,,REVIEW,greek_domain_brand_coherence_unclear
85,bags-accessories.gr,Αγοράστε μία Δωροεπιταγή,https://bags-accessories.gr/index.php?route,Αγοράστε μία Δωροεπιταγή,"Αυτή η δωροεπιταγή θα αποσταλεί μέ e-mail στον παραλήπτη αφού ολοκληρωθεί ή πληρωμή σας. ... bags-accessories , All Rights Reserved, Ανάπτυξη PcView.gr.","site:.gr ""bags"" ""δωροεπιταγή""",2,data\discovery\focused-harvest-v7\clean-v7\review.csv | data\discovery\focused-harvest-v7-run1-backup\clean-v7\review.csv,,REVIEW,greek_domain_brand_coherence_unclear
85,bakogiannakis.gr,Αγοράστε μία Δωροεπιταγή,https://bakogiannakis.gr/jewelry/index.php?route,Αγοράστε μία Δωροεπιταγή,Αγοράστε μία Δωροεπιταγή. Αυτή η δωροεπιταγή θα αποσταλεί μέ e-mail στον παραλήπτη αφού ολοκληρωθεί ή πληρωμή σας. Όνομα παραλήπτη. E-mail παραλήπτη.,"site:.gr ""jewelry"" ""δωροεπιταγή""",2,data\discovery\focused-harvest-v7\clean-v7\review.csv | data\discovery\focused-harvest-v7-run1-backup\clean-v7\review.csv,,REVIEW,greek_domain_brand_coherence_unclear
85,bakon-home.gr,Αγοράστε μία Δωροεπιταγή,https://bakon-home.gr/index.php?route,Αγοράστε μία Δωροεπιταγή,Αυτή η δωροεπιταγή θα αποσταλεί μέ e-mail στον παραλήπτη αφού ολοκληρωθεί ή πληρωμή σας. ... © Copyright 2000 - 2026 | Bakon-Home | All Rights Reserved | ...,"site:.gr ""home"" ""δωροεπιταγή""",2,data\discovery\focused-harvest-v7\clean-v7\review.csv | data\discovery\focused-harvest-v7-run1-backup\clean-v7\review.csv,,REVIEW,greek_domain_brand_coherence_unclear
85,balabim.gr,Δωροεπιταγή 30 Ευρώ,https://www.balabim.gr/dhoroepitayi-30-evro/?srsltid=AfmBOooF22rhYxYqgljEu6Pq_jVhffxCa8hkZqHX6_zXNOVz7_LPDo6k,Δωροεπιταγή 30 Ευρώ,"Η χρήση της δωροεπιταγής περιορίζεται σε 1 έτος από την ημερομηνία αγοράς· μετά το πέρας αυτής της περιόδου, η δωροεπιταγή δεν ισχύει πλέον. Η αξία της ...","site:.gr ""δωροεπιταγή""",3,data\discovery\focused-harvest-v7\clean-v7\review.csv | data\discovery\focused-harvest-v7-run1-backup\clean-v7\review.csv | data\discovery\mega-harvest-v6\clean-v6\review.csv,,REVIEW,greek_domain_brand_coherence_unclear
80,baladeur.gr,Τί είναι η δωροεπιταγή;,https://www.baladeur.gr/ti-einai-dwroepitagi-baladeur.aspx,Τί είναι η δωροεπιταγή;,"Η δωροεπιταγή είναι Πιστωτικό μέσο προκαθορισμένης αξίας, εξαργυρώσιμο αποκλειστικά σε Voucher Εμπειρίας. Χαρίστε μία δωροεπιταγή Baladeur σε συσκευασία ...","site:.gr ""δωροεπιταγή""",8,data\discovery\focused-harvest-v7\clean-v7\review.csv | data\discovery\focused-harvest-v7-run1-backup\clean-v7\review.csv | data\discovery\mass-harvest-v5\clean-v5.1\review.csv | data\discovery\mass-harvest-v5\clean-v5.2\manual-review.csv | data\discovery\mass-harvest-v5\clean-v5.3\global-review.csv | data\discovery\mass-harvest-v5\clean-v5.4\review.csv | data\discovery\mass-harvest-v5\clean-v5.5\review.csv | data\discovery\mega-harvest-v6\clean-v6\review.csv,,REVIEW,greek_domain_brand_coherence_unclear
80,bananaway.eu,Gift Voucher - Bananaway,https://bananaway.eu/products/gift,Gift Voucher - Bananaway,"Give the gift of adventure with a Bananaway gift voucher for sup lessons, equipment or trips. The perfect present for water sports lovers. From €10.","""water sports"" ""gift voucher"" Greece",1,data\discovery\mega-harvest-v6\clean-v6\review.csv,,SECOND_PASS_SAFE,non_greek_brand_coherent_direct_gift_card
100,banellaconceptstore.com,GIFT CARD,https://banellaconceptstore.com/products/gift-card?srsltid=AfmBOoou6D2qA5ivKGSC9lTdawdQ9sF9HOtZ7RM9qmyuhY6_iIXHbwKm,GIFT CARD,"Home · / GIFT CARD. GIFT CARD. Banella - The Concept Store. €10,00 EUR. Tax included. Shipping calculated at checkout. Denominations. €10.00 €25.00 €50.00","""concept store"" ""gift card"" Greece",1,data\discovery\mega-harvest-v6\clean-v6\review.csv,,REVIEW,non_greek_brand_coherence_unclear
85,bankofwine.gr,Αγοράστε μία Δωροεπιταγή - Οιναποθήκη / Τράπεζα Ελλ-Οίνων,http://www.bankofwine.gr/index.php?route,Αγοράστε μία Δωροεπιταγή - Οιναποθήκη / Τράπεζα Ελλ-Οίνων,Αγοράστε μία Δωροεπιταγή. Αυτή η δωροεπιταγή θα αποσταλεί μέ email στον παραλήπτη αφού ολοκληρωθεί ή πληρωμή σας. * Όνομα παραλήπτη: * Email παραλήπτη ...,"site:.gr ""wine"" ""δωροεπιταγή""",2,data\discovery\focused-harvest-v7\clean-v7\review.csv | data\discovery\focused-harvest-v7-run1-backup\clean-v7\review.csv,,REVIEW,greek_domain_brand_coherence_unclear
80,banks.com.gr,(Fake) διαγωνισμός «υπόσχεται» δωροεπιταγές,https://banks.com.gr/fake-diagonismos-yposchetai-doroepitages/,(Fake) διαγωνισμός «υπόσχεται» δωροεπιταγές,"Καμία σχέση με τον ψευδή (fake) διαγωνισμό που κυκλοφόρησε χθες στο διαδίκτυο και «υπόσχεται» δωροεπιταγές ύψους 800 ευρώ, ...","site:.com.gr ""δωροεπιταγές""",3,data\discovery\focused-harvest-v7\clean-v7\review.csv | data\discovery\focused-harvest-v7-run1-backup\clean-v7\review.csv | data\discovery\mega-harvest-v6\clean-v6\review.csv,,REVIEW,greek_domain_brand_coherence_unclear
100,banya.gr,Gift Card,https://www.banya.gr/product/gift-card/,Gift Card,"Home / Giftcard / Gift Card.. Gift Card. 30,00 € – 500,00 €. Give the gift of ultimate relaxation! Surprise your loved ones with a Banya Gift Card.","site:.gr ""home"" ""gift card""",3,data\discovery\mass-harvest-v5\clean-v5.4\review.csv | data\discovery\mass-harvest-v5\clean-v5.5\review.csv | data\discovery\mega-harvest-v6\clean-v6\review.csv,,REVIEW,greek_domain_brand_coherence_unclear
100,barber-strong.com,The Barber Strong Gift Card,https://barber-strong.com/products/show-your-favorite-barber-some-love-the-barber-strong-gift-card?srsltid=AfmBOoqdIFS-6sotsW7gcYr5jTuwxArhRO6xZjqZFG9sl4mlcSC9Tgdq,The Barber Strong Gift Card,Hands-down the best way to show your favorite barber some love! HERE'S HOW OUR DIGITAL GIFT CARD WORKS: 1. Select the $ amount you'd like to gift,"""barber"" ""gift card"" Greece",5,data\discovery\mass-harvest-v5\clean-v5.2\global-review.csv | data\discovery\mass-harvest-v5\clean-v5.3\global-review.csv | data\discovery\mass-harvest-v5\clean-v5.4\review.csv | data\discovery\mass-harvest-v5\clean-v5.5\review.csv | data\discovery\mega-harvest-v6\clean-v6\review.csv,,SECOND_PASS_SAFE,non_greek_brand_coherent_direct_gift_card
80,barbrutal.com,The Brutal Voucher · Gift Card,https://barbrutal.com/products/the-brutal-voucher?srsltid=AfmBOor_SO4-APr59c6oiE062wh1ReBy40yItJy5wa7_ui_feVm-mvX4,The Brutal Voucher · Gift Card,Say WE LUUUUV U / SORRY / CONGRATS / BYEBYE / WELCOME with THE BRUTAL Gift Voucher The gift that keeps on giving; don't look further! In Bar Brutal we have ...,"""bar"" ""gift voucher"" Greece",1,data\discovery\mega-harvest-v6\clean-v6\review.csv,,REVIEW,non_greek_brand_coherence_unclear
100,barcelo.com,Hotel Gift Cards | Give a Barceló Hotel Group experience,https://www.barcelo.com/en-es/gift-card/,Hotel Gift Cards | Give a Barceló Hotel Group experience,"Cádiz, Spain. 10% discount · Barceló Punta Umbría Mar. Punta Umbría, Spain ... Buy a gift card to make a booking, give as a gift or treat yourself to an ...","""Spain"" hotel ""gift card"" official",4,data\discovery\mass-harvest-v5\clean-v5.2\global-review.csv | data\discovery\mass-harvest-v5\clean-v5.3\global-review.csv | data\discovery\mass-harvest-v5\clean-v5.4\review.csv | data\discovery\mass-harvest-v5\clean-v5.5\review.csv,,SECOND_PASS_SAFE,non_greek_brand_coherent_direct_gift_card
100,bashminton.com,Badminton gift voucher – Give the gift of the game,https://www.bashminton.com/en/pages/gift-voucher?srsltid=AfmBOoq7vmYCZllmdQqWSQpQh4CvNDOfvxLYH7wnSXp0RSRR4mTjqZlG,Badminton gift voucher – Give the gift of the game,"Give the gift of badminton – with our gift voucher. Badminton is a popular sport – whether for beginners, hobby players, or ambitious athletes. With our gift ...","""hobby"" ""gift voucher"" Greece",5,data\discovery\mass-harvest-v5\clean-v5.2\global-review.csv | data\discovery\mass-harvest-v5\clean-v5.3\global-review.csv | data\discovery\mass-harvest-v5\clean-v5.4\review.csv | data\discovery\mass-harvest-v5\clean-v5.5\review.csv | data\discovery\mega-harvest-v6\clean-v6\review.csv,,REVIEW,non_greek_brand_coherence_unclear
100,baxity.com,Buy Gift Cards with Bank in Austria,https://baxity.com/buy-gift-cards-with-bank-in-austria?srsltid=AfmBOoq2HltdNitoxU_9xjwZWwDnhNwPkLsXjVT8R7vX8VofE3NtrNQv,Buy Gift Cards with Bank in Austria,"... Store » Buy Gift Cards with Bank in Austria. Payment methods on Baxity Store ... Payments are verified in real time, meaning your gift card ...","""Austria"" retail ""gift card"" official",1,data\discovery\mass-harvest-v5\clean-v5.5\review.csv,,REJECT,known_false_positive_or_reseller
100,beatone.co.uk,Be At One Greek St | Bar Gift Card,https://www.beatone.co.uk/greek-street-soho/gift-cards,Be At One Greek St | Bar Gift Card,"Whether it's for a birthday, Christmas, hen night, or just because, it is THE bar gift card that says ""you deserve a day that starts with cocktails"". BUY NOW, ...","""bar"" ""gift card"" Greece",1,data\discovery\mega-harvest-v6\clean-v6\review.csv,,REVIEW,non_greek_brand_coherence_unclear
100,beautifuleveryday.eu,Gift voucher 20 EUR,https://www.beautifuleveryday.eu/gift-voucher-20-eur/,Gift voucher 20 EUR,"Would you like to buy something for your loved one, but you don't know exactly what it should be? That's why a gift voucher is ideal for these situations.","""cosmetics"" ""gift voucher"" Greece",5,data\discovery\mass-harvest-v5\clean-v5.2\global-review.csv | data\discovery\mass-harvest-v5\clean-v5.3\global-review.csv | data\discovery\mass-harvest-v5\clean-v5.4\review.csv | data\discovery\mass-harvest-v5\clean-v5.5\review.csv | data\discovery\mega-harvest-v6\clean-v6\review.csv,,REVIEW,non_greek_brand_coherence_unclear
85,beautybeauty.gr,Αγοράστε μία Δωροεπιταγή,https://beautybeauty.gr/index.php?route,Αγοράστε μία Δωροεπιταγή,Το καλάθι αγορών είναι άδειο! Menu. ΠΡΟΣΦΟΡΕΣ · Θεραπεία Κερατίνης · Beauty ... Beauty Vacum Slim · Είδη Κομμωτηρίου · Βαφή 10 λεπτών ... Αυτή η δωροεπιταγή θα ...,"site:.gr ""beauty"" ""δωροεπιταγή""",1,data\discovery\focused-harvest-v7-run1-backup\clean-v7\review.csv,,REVIEW,greek_domain_brand_coherence_unclear
100,beautycentremalta.com,Gift Card,https://www.beautycentremalta.com/shop/gifts/mothers-day-gift-packs/gift-card-2/,Gift Card,Description. Give the perfect gift with a Beauty Centre Malta Digital Gift Card. Choose the amount you want to gift and complete your purchase online.,"""Malta"" beauty ""gift card"" official",4,data\discovery\mass-harvest-v5\clean-v5.2\global-review.csv | data\discovery\mass-harvest-v5\clean-v5.3\global-review.csv | data\discovery\mass-harvest-v5\clean-v5.4\review.csv | data\discovery\mass-harvest-v5\clean-v5.5\review.csv,,REVIEW,non_greek_brand_coherence_unclear
100,beautyhallrhodes.gr,“Beauty Hall”,https://beautyhallrhodes.gr/gift-card-beauty-hall/,GIFT CARD “Beauty Hall”,GIFT CARD “Beauty Hall” ... Χαρίστε ένα δώρο ομορφιάς στα αγαπημένα σας πρόσωπα!!! Share Post.,"""Rhodes"" ""beauty"" ""gift card""",2,data\discovery\focused-harvest-v7\clean-v7\review.csv | data\discovery\focused-harvest-v7-run1-backup\clean-v7\review.csv,,REVIEW,greek_domain_brand_coherence_unclear
85,beautyinc.gr,Αγοράστε μία Δωροεπιταγή,https://www.beautyinc.gr/index.php?route,Αγοράστε μία Δωροεπιταγή,Beauty Inc. Revlon · O.P.I · Revolution Beauty · Technic · Bondi Sands · Rimmel London ... Αυτή η δωροεπιταγή θα αποσταλεί μέ e-mail στον παραλήπτη αφού ...,"site:.gr ""beauty"" ""δωροεπιταγή""",2,data\discovery\focused-harvest-v7\clean-v7\review.csv | data\discovery\focused-harvest-v7-run1-backup\clean-v7\review.csv,,REVIEW,greek_domain_brand_coherence_unclear
80,beautyqueens.gr,Beauty Queens,https://www.beautyqueens.gr/%CE%B4%CF%89%CF%81%CE%BF%CE%BA%CE%AC%CF%81%CF%84%CE%B1/,Δωροκάρτα - Beauty Queens,Δωροκάρτα Η δωροκάρτα μας είναι η ιδανική επιλογή για να κάνετε δώρο ... © 2013 - 2026 • Beauty Queens • All Rights Reserved. Page load ...,"site:.gr ""beauty"" ""δωροκάρτα""",8,data\discovery\focused-harvest-v7\clean-v7\review.csv | data\discovery\focused-harvest-v7-run1-backup\clean-v7\review.csv | data\discovery\mass-harvest-v5\clean-v5.1\review.csv | data\discovery\mass-harvest-v5\clean-v5.2\manual-review.csv | data\discovery\mass-harvest-v5\clean-v5.3\global-review.csv | data\discovery\mass-harvest-v5\clean-v5.4\review.csv | data\discovery\mass-harvest-v5\clean-v5.5\review.csv | data\discovery\mega-harvest-v6\clean-v6\review.csv,,SECOND_PASS_SAFE,greek_brand_coherent_direct_gift_card
100,becharge.be,Online sales of gift cards - The pleasure of giving,https://www.becharge.be/be-en/giftcards?srsltid=AfmBOooKsPL4clc_zYLe05QfGMg-kTFAyVLZoEZHoVHw71TbNecR-NWv,Online sales of gift cards - The pleasure of giving,Apple Gift Card beCHARGE Giftcard Bol ... Holland & Barrett Belgium ...,"""Belgium"" retail ""gift card"" official",1,data\discovery\mass-harvest-v5\clean-v5.5\review.csv,,REJECT,known_false_positive_or_reseller
80,beerskincosmetics.lt,Gift Voucher – the freedom to choose your favorite Box Set!,https://beerskincosmetics.lt/products/beerskin-cosmetics-dovanu-kuponas-dvieju-produktu-rinkinys-1?srsltid=AfmBOoow0lGwXNL__J_t-suuBl8EqjEyQzl8TUWNi4j8LbBt6lMcTc1e,Gift Voucher – the freedom to choose your favorite Box Set!,"Beerskin Cosmetics Baltics - MB ""Milani LT"". Gift Voucher – the freedom to choose your favorite Box Set! Gift Voucher – the freedom to choose your favorite ...","""cosmetics"" ""gift voucher"" Greece",6,data\discovery\mass-harvest-v5\clean-v5.1\review.csv | data\discovery\mass-harvest-v5\clean-v5.2\manual-review.csv | data\discovery\mass-harvest-v5\clean-v5.3\global-review.csv | data\discovery\mass-harvest-v5\clean-v5.4\review.csv | data\discovery\mass-harvest-v5\clean-v5.5\review.csv | data\discovery\mega-harvest-v6\clean-v6\review.csv,,REVIEW,non_greek_brand_coherence_unclear
85,bekids.gr,Αγοράστε μία Δωροκάρτα,https://bekids.gr/index.php?route=account/voucher&srsltid=AfmBOopNimYNuFAEiPI7LGQPqUxTn5PveHGrA0N1n7ZuZk2OkYXBEdAr,Αγοράστε μία Δωροκάρτα,Αυτή η δωροκάρτα θα αποσταλεί μέ e-mail στον παραλήπτη αφού ολοκληρωθεί ή πληρωμή σας. ... Piraeus · 3DSecure · BestPrice.gr. © Copyright - All rights reserved ...,"""Piraeus"" ""kids"" ""δωροκάρτα""",2,data\discovery\focused-harvest-v7\clean-v7\review.csv | data\discovery\focused-harvest-v7-run1-backup\clean-v7\review.csv,,REVIEW,greek_domain_brand_coherence_unclear
100,beleaev.com,Beleaev E,https://beleaev.com/products/beleaev-gift-card?srsltid=AfmBOopmqh2f5A-5gPLIQM5lp7uq9OeqlOTbsC5M6wXP67No_pq-bTSh,Beleaev E-Gift Card | Caviar & Gourmet Gift Voucher,"Beleaev e-gift card digital gift voucher for online shopping in AED. Open media 1 in modal ... BELEAEV CAVIAR & GOURMET LTD. 85 Great Portland Street, London, ...","""gourmet"" ""gift voucher"" Greece",1,data\discovery\mega-harvest-v6\clean-v6\review.csv,,SECOND_PASS_SAFE,non_greek_brand_coherent_direct_gift_card
100,belenka.com,Gift Voucher | Be Lenka,https://www.belenka.com/gift-voucher/,Gift Voucher | Be Lenka,... clothing. Women's clothing. T-shirts · Pants · Skirts · Shirts. Accessories ... Gift Voucher. Gift Voucher. 1/ 1. Gift. Voucher. 4.97 74 reviews. Give the gift of ...,"""clothing"" ""gift voucher"" Greece",5,data\discovery\mass-harvest-v5\clean-v5.2\global-review.csv | data\discovery\mass-harvest-v5\clean-v5.3\global-review.csv | data\discovery\mass-harvest-v5\clean-v5.4\review.csv | data\discovery\mass-harvest-v5\clean-v5.5\review.csv | data\discovery\mega-harvest-v6\clean-v6\review.csv,,SECOND_PASS_SAFE,non_greek_brand_coherent_direct_gift_card
85,bellekids.gr,Αγοράστε μία Δωροεπιταγή - Bellekids,https://bellekids.gr/index.php?route,Αγοράστε μία Δωροεπιταγή - Bellekids,Αγοράστε μία Δωροεπιταγή. Αυτή η δωροεπιταγή θα αποσταλεί μέ e-mail στον παραλήπτη αφού ολοκληρωθεί ή πληρωμή σας. Όνομα παραλήπτη. E-mail παραλήπτη.,"site:.gr ""kids"" ""δωροεπιταγή""",2,data\discovery\focused-harvest-v7\clean-v7\review.csv | data\discovery\focused-harvest-v7-run1-backup\clean-v7\review.csv,,SECOND_PASS_SAFE,greek_brand_coherent_direct_gift_card
80,belletrice.com,Belletrice Cosmetics gift voucher,https://belletrice.com/en/products/belletice-cosmetics-geschenkgutschein?srsltid=AfmBOorg99tZi5WaQ-aAzY-ANn8oyRL0NFmdYVlDqq6bv65aqj5yQtTg,Belletrice Cosmetics gift voucher,"Greece (EUR €); Greenland (DKK kr.) Grenada (XCD $); Guadeloupe (EUR ... Belletrice Cosmetics gift voucher. Regular price: €20 ,00. Regular price: Sale ...","""cosmetics"" ""gift voucher"" Greece",6,data\discovery\mass-harvest-v5\clean-v5.1\review.csv | data\discovery\mass-harvest-v5\clean-v5.2\manual-review.csv | data\discovery\mass-harvest-v5\clean-v5.3\global-review.csv | data\discovery\mass-harvest-v5\clean-v5.4\review.csv | data\discovery\mass-harvest-v5\clean-v5.5\review.csv | data\discovery\mega-harvest-v6\clean-v6\review.csv,,SECOND_PASS_SAFE,non_greek_brand_coherent_direct_gift_card
100,bellevue.it,Gift card of a massage and spa access at the ...,https://www.bellevue.it/en/gift-card-hotel-sorrento/wellness-harmony,Gift card of a massage and spa access at the ...,"In the intimate and welcoming atmosphere of the Wellness area, this gift voucher offers a 50-minute customized couples' massage to be shared. ... Greece +30 ...","""Greece"" ""massage"" ""gift voucher""",1,data\discovery\mega-harvest-v6\clean-v6\review.csv,,REVIEW,non_greek_brand_coherence_unclear
100,belvoir.com.au,Gift Vouchers,https://belvoir.com.au/gift-vouchers/,Gift Vouchers,"What could top a memorable, quirky – and potentially life-changing – night out at the theatre? With a Belvoir gift voucher, you can also leave the selection up ...","""theatre"" ""gift voucher"" Greece",5,data\discovery\mass-harvest-v5\clean-v5.2\global-review.csv | data\discovery\mass-harvest-v5\clean-v5.3\global-review.csv | data\discovery\mass-harvest-v5\clean-v5.4\review.csv | data\discovery\mass-harvest-v5\clean-v5.5\review.csv | data\discovery\mega-harvest-v6\clean-v6\review.csv,,REVIEW,non_greek_brand_coherence_unclear
100,bequeenboutique.com,Com,https://bequeenboutique.com/en/product-category/gift-cards-en/?srsltid=AfmBOoou5ukw60I2MF7TEN1oTtytYsWsTvZFqOu1WOkYg6zLCFFOLV8q,Gift Cards,"Gift Card – 50. 50,00 €. THESSALONIKI.","""Thessaloniki"" ""fashion"" ""gift card""",3,data\discovery\focused-harvest-v7\clean-v7\review.csv | data\discovery\focused-harvest-v7-run1-backup\clean-v7\review.csv | data\discovery\mega-harvest-v6\clean-v6\review.csv,,REVIEW,non_greek_brand_coherence_unclear
100,bershka.com,Δωροκάρτα - Bershka,https://www.bershka.com/gr/gift-card.html,Δωροκάρτα - Bershka,Δωροκάρτα (). 0. Ηλεκτρονική κάρτα e-gift card. Ενεργοποίηση κάρτας. Δες το ... Leather-look · Festival season · Party · Summer vibe. GET THE LOOK AΝΤΡΑΣ.,"""leather"" ""gift card"" Greece",3,data\discovery\mass-harvest-v5\clean-v5.3\greece-market-review.csv | data\discovery\mass-harvest-v5\clean-v5.4\review.csv | data\discovery\mass-harvest-v5\clean-v5.5\review.csv,,SECOND_PASS_SAFE,non_greek_brand_coherent_direct_gift_card
75,best4travel.ie,Holiday Gift Voucher Best4Travel Buy Online!,https://www.best4travel.ie/gift-voucher,Holiday Gift Voucher Best4Travel Buy Online!,Corfu Crete Halkidiki Santorini Kos. Portugal. Algarve Lisbon Madeira ... Flight & Hotel All. Sun Holidays. Sun Holidays Sun. USA / Canada. USA and Canada ...,"""Corfu"" ""hotel"" ""gift voucher""",2,data\discovery\focused-harvest-v7\clean-v7\review.csv | data\discovery\focused-harvest-v7-run1-backup\clean-v7\review.csv,,SECOND_PASS_SAFE,non_greek_brand_coherent_direct_gift_card
85,bestbattery.gr,Αγοράστε μία Δωροεπιταγή,https://www.bestbattery.gr/index.php?route,Αγοράστε μία Δωροεπιταγή,Flowers · Appliances · Appliances · Φωτοβολταϊκά · Εκκινητές - Φορτιστές · Αξεσουάρ ... Αυτή η δωροεπιταγή θα αποσταλεί μέ e-mail στον παραλήπτη αφού ολοκληρωθεί ...,"site:.gr ""flowers"" ""δωροεπιταγή""",2,data\discovery\focused-harvest-v7\clean-v7\review.csv | data\discovery\focused-harvest-v7-run1-backup\clean-v7\review.csv,,REVIEW,greek_domain_brand_coherence_unclear
80,bestofdeals.gr,bestofdeals.gr - Κουπόνια,https://bestofdeals.gr/,bestofdeals.gr - Κουπόνια | Δωροεπιταγές,... NAILS · ΚΟΜΜΩΤΗΡΙΑ · ΠΡΟΣΩΠΟ · ΒΛΕΦΑΡΙΔΕΣ – ΦΡΥΔΙΑ · SOLARIUM · ΣΩΜΑ · ΔΙΑΙΤΑ ... Δωροεπιταγή για να πληρώσετε στην επιχείρηση μόνο 675€ με τη Δωροεπιταγή του ...,"site:.gr ""nails"" ""δωροεπιταγή""",2,data\discovery\focused-harvest-v7\clean-v7\review.csv | data\discovery\focused-harvest-v7-run1-backup\clean-v7\review.csv,,SECOND_PASS_SAFE,greek_brand_coherent_direct_gift_card
85,bestwestern.gr,Best Western Gift Card,https://www.bestwestern.gr/ro/travel-card,Best Western Gift Card,"Best Western Gift Card (numit și „Travel Card”) este un card cadou preplătit care poate fi achiziționat și reîncărcat (în anumite cazuri) online în USD, CAD, ...","site:.gr ""technology"" ""gift card""",8,data\discovery\focused-harvest-v7\clean-v7\review.csv | data\discovery\focused-harvest-v7-run1-backup\clean-v7\review.csv | data\discovery\mass-harvest-v5\clean-v5.1\review.csv | data\discovery\mass-harvest-v5\clean-v5.2\manual-review.csv | data\discovery\mass-harvest-v5\clean-v5.3\global-review.csv | data\discovery\mass-harvest-v5\clean-v5.4\review.csv | data\discovery\mass-harvest-v5\clean-v5.5\review.csv | data\discovery\mega-harvest-v6\clean-v6\review.csv,,SECOND_PASS_SAFE,greek_brand_coherent_direct_gift_card
100,beyondbeach.com,Give the Gift of Adventure – Our New Gift Vouchers Are Here!,https://www.beyondbeach.com/blog/give-the-gift-of-adventure-our-new-gift-vouchers-are-here/,Give the Gift of Adventure – Our New Gift Vouchers Are Here!,"... adventure. They're simple, flexible, and a thoughtful way to add a little adventure and fun to someone's year! Get Your Gift Voucher · Share Tweet. Post ...","""adventure"" ""gift voucher"" Greece",1,data\discovery\mega-harvest-v6\clean-v6\review.csv,,REVIEW,non_greek_brand_coherence_unclear
85,biano.gr,Δωροκάρτα 30€ | BIANO,https://www.biano.gr/proion/v/258790556-dorokarta-30eur,Δωροκάρτα 30€ | BIANO,Δωροκάρτα 30€ · Παρόμοια προϊόντα · Τα καλύτερα προϊόντα από Mom&Me Family Concept Store · Σχετικά με το Biano · Για χρήστες · Για καταστήματα · Φροντίστε να ...,"site:.gr ""concept store"" ""δωροκάρτα""",1,data\discovery\mega-harvest-v6\clean-v6\review.csv,,SECOND_PASS_SAFE,greek_brand_coherent_direct_gift_card
80,bier-ok.at,Gift Voucher Smyths Vouchers 2018 Toy Catalogue Smyths New ...,https://www.bier-ok.at/?e=185005051660,Gift Voucher Smyths Vouchers 2018 Toy Catalogue Smyths New ...,"Toy Catalogue Smyths New Toys Out 2018 £500 SMYTHS TOYS Vouchers, Gift Voucher ... Toys One For All Vouchers Gift Card Smyths Find A ... ultra mini ugg greece. My ...","""Greece"" ""toys"" ""gift voucher""",1,data\discovery\mega-harvest-v6\clean-v6\review.csv,,REVIEW,non_greek_brand_coherence_unclear
100,bilderberg.nl,Bilderberg Gift Cards,https://www.bilderberg.nl/en/gift-vouchers/,Bilderberg Gift Cards,The Bilderberg Gift Card can be used freely at all Bilderberg hotels and restaurants in the Netherlands. Any amount between €25 and €500 is possible. Order your ...,"""Netherlands"" hotel ""gift card"" official",4,data\discovery\mass-harvest-v5\clean-v5.2\global-review.csv | data\discovery\mass-harvest-v5\clean-v5.3\global-review.csv | data\discovery\mass-harvest-v5\clean-v5.4\review.csv | data\discovery\mass-harvest-v5\clean-v5.5\review.csv,,SECOND_PASS_SAFE,non_greek_brand_coherent_direct_gift_card
100,bioaromacrete.com,SPA Gift Card,https://www.bioaromacrete.com/products/spa-gift-card,SPA Gift Card,"SPA Gift Card. Treat your loved ones to the ultimate relaxation with our luxurious spa treatments, inspired by Crete's rich botanical heritage. Each ...","""Crete"" ""spa"" ""gift card""",5,data\discovery\focused-harvest-v7\clean-v7\review.csv | data\discovery\focused-harvest-v7-run1-backup\clean-v7\review.csv | data\discovery\mass-harvest-v5\clean-v5.3\greece-market-review.csv | data\discovery\mass-harvest-v5\clean-v5.4\review.csv | data\discovery\mass-harvest-v5\clean-v5.5\review.csv,,REVIEW,non_greek_brand_coherence_unclear
100,bioaura.eu,gift voucher,https://www.bioaura.eu/en/p/gift-voucher?srsltid=AfmBOor2_TQK38fahJbcbPPXjdp0Va3il1jAUP96pidlN6gtfRLQKhAs,gift voucher,"A gift voucher for your loved ones, or simply from your loved ones for you ... Bioaura | The Purest Bio and Organic Cosmetics and Makeup.","""cosmetics"" ""gift voucher"" Greece",5,data\discovery\mass-harvest-v5\clean-v5.2\global-review.csv | data\discovery\mass-harvest-v5\clean-v5.3\global-review.csv | data\discovery\mass-harvest-v5\clean-v5.4\review.csv | data\discovery\mass-harvest-v5\clean-v5.5\review.csv | data\discovery\mega-harvest-v6\clean-v6\review.csv,,REVIEW,non_greek_brand_coherence_unclear
100,biologique-skincare.com,GIFT CARDS - Biologique Skincare,https://biologique-skincare.com/collections/gift-cards?srsltid=AfmBOoodW_YbZycZHN-U0gIY8i0szUi9JxgdcztPRL51xRZR5-1aC9qI,GIFT CARDS - Biologique Skincare,"CHF 1000.00. E-GIFT CARD. E-GIFT CARD. From CHF 100.00. MAIN MENU. Main menu. HOME ... Switzerland. For a personalized treatment experience, we invite you to ...","""Switzerland"" beauty ""gift card"" official",4,data\discovery\mass-harvest-v5\clean-v5.2\global-review.csv | data\discovery\mass-harvest-v5\clean-v5.3\global-review.csv | data\discovery\mass-harvest-v5\clean-v5.4\review.csv | data\discovery\mass-harvest-v5\clean-v5.5\review.csv,,SECOND_PASS_SAFE,non_greek_brand_coherent_direct_gift_card
85,biosophy.gr,Αγοράστε μία Δωροεπιταγή,https://www.biosophy.gr/index.php?route,Αγοράστε μία Δωροεπιταγή,We use cookies and other similar technologies to improve your browsing experience and the functionality of our site. ... Αυτή η δωροεπιταγή θα αποσταλεί μέ e-mail ...,"site:.gr ""experience"" ""δωροεπιταγή""",2,data\discovery\focused-harvest-v7\clean-v7\review.csv | data\discovery\focused-harvest-v7-run1-backup\clean-v7\review.csv,,REVIEW,greek_domain_brand_coherence_unclear
100,bitmama.io,Types of Gift Cards in Italy 2023,https://bitmama.io/blog/types-of-gift-cards-in-italy,Types of Gift Cards in Italy 2023,"Conad Gift Card. Conad is one of the biggest grocery stores in Italy – somewhat of a Walmart equivalent in the United States. Therefore, it's ...","""Italy"" retail ""gift card"" official",1,data\discovery\mass-harvest-v5\clean-v5.5\review.csv,,REJECT,known_false_positive_or_reseller
100,bitrefill.com,Buy Cosmetics Gift Cards in Greece with Bitcoin or Crypto,https://www.bitrefill.com/gr/en/gift-cards/cosmetics/,Buy Cosmetics Gift Cards in Greece with Bitcoin or Crypto,"Bitrefill (Greece) ... Cosmetics. GR Works in GR. Sort By. Online/In-store ... Some great gift cards that people usually buy are: Douglas gift card, Sephora gift ...","""cosmetics"" ""gift card"" Greece",1,data\discovery\mass-harvest-v5\clean-v5.5\review.csv,,REJECT,known_false_positive_or_reseller
100,bkstr.com,Rhodes College Gift Cards,https://www.bkstr.com/rhodesstore/shop/gift-cards,Rhodes College Gift Cards,"See all Health, Wellness & Beauty · See all Sale & Clearance. Store Hours Track an Order ... $50 Gift Card ADD TO BAG. $50 Gift Card. $50.00. $500 Gift Card ADD ...","""Rhodes"" ""beauty"" ""gift card""",2,data\discovery\focused-harvest-v7\clean-v7\review.csv | data\discovery\focused-harvest-v7-run1-backup\clean-v7\review.csv,,REVIEW,non_greek_brand_coherence_unclear
65,blackboxmycar.com,BlackboxMyCar Gift Voucher,https://www.blackboxmycar.com/products/blackboxmycar-gift-card?srsltid=AfmBOoq_kEg5N9iOVDegFf2daFt9cP3e7v-Kzw642DljkjMqyNsOQkme,BlackboxMyCar Gift Voucher,The perfect gift for that special someone.,"""car accessories"" ""gift voucher"" Greece",6,data\discovery\mass-harvest-v5\clean-v5.1\review.csv | data\discovery\mass-harvest-v5\clean-v5.2\manual-review.csv | data\discovery\mass-harvest-v5\clean-v5.3\global-review.csv | data\discovery\mass-harvest-v5\clean-v5.4\review.csv | data\discovery\mass-harvest-v5\clean-v5.5\review.csv | data\discovery\mega-harvest-v6\clean-v6\review.csv,,SECOND_PASS_SAFE,non_greek_brand_coherent_direct_gift_card
100,blackhawknetwork.com,Global Hotel Card by Expedia Gift Card,https://blackhawknetwork.com/gift-cards/global-hotel-card-by-expedia-gift-card,Global Hotel Card by Expedia Gift Card,... Germany (German) · Hong Kong (English) · Indonesia (English) · Indonesia ... Hotel Card by Expedia Gift Card. Image. Global Hotel Card Powered by Expedia Gift ...,"""Germany"" hotel ""gift card"" official",1,data\discovery\mass-harvest-v5\clean-v5.5\review.csv,,REJECT,known_false_positive_or_reseller
80,blackline-parfum.fr,Blackline Perfume Gift Card,https://blackline-parfum.fr/en/products/carte-cadeaux-blackline-parfum?srsltid=AfmBOorCclFoeXTnIvCHpDqty4gBtbeNU2W45iATapKsnfLOdhkzhzGJ,Blackline Perfume Gift Card,"Blackline Perfume Gift Card. Blackline Perfume Gift Card. Regular price €20,00 EUR.","""perfume"" ""gift card"" Greece",6,data\discovery\mass-harvest-v5\clean-v5.1\review.csv | data\discovery\mass-harvest-v5\clean-v5.2\manual-review.csv | data\discovery\mass-harvest-v5\clean-v5.3\global-review.csv | data\discovery\mass-harvest-v5\clean-v5.4\review.csv | data\discovery\mass-harvest-v5\clean-v5.5\review.csv | data\discovery\mega-harvest-v6\clean-v6\review.csv,,REVIEW,non_greek_brand_coherence_unclear
80,blacklotusmassage.gr,Black Lotus Massage Δωροκάρτα 30 Ευρώ,https://blacklotusmassage.gr/product/%CE%B4%CF%89%CF%81%CE%BF%CE%BA%CE%AC%CF%81%CF%84%CE%B1-40-%CE%B5%CF%85%CF%81%CF%8E/,Black Lotus Massage Δωροκάρτα 30 Ευρώ,"Μασάζ στην Γλυφάδα Massage Glyfada Επαγγελματικό Χαλαρωτικό Μασάζ Το καλύτερο Massage Γλυφάδα Γλυφάδα. ... Δωροκάρτα 50 Ευρώ. 50,00 €. Από. Μήνυμα δώρου. Black ...","site:.gr ""massage"" ""δωροκάρτα""",1,data\discovery\focused-harvest-v7\clean-v7\review.csv,,SECOND_PASS_SAFE,greek_brand_coherent_direct_gift_card
80,blackswan-lbs.gr,Δωροκάρτα - Blackswan-lbs.gr,https://www.blackswan-lbs.gr/index.php?route=product/product&product_id=849,Δωροκάρτα - Blackswan-lbs.gr,"Δώστε τους τη δυνατότητα να επιλέξουν αυτό που πραγματικά επιθυμούν, ανάμεσα σε αμέτρητες επιλογές,. προσφέροντάς τους μια Δωροκάρτα Black Swan Luxury Beauty ...","site:.gr ""luxury"" ""δωροκάρτα""",1,data\discovery\mega-harvest-v6\clean-v6\review.csv,,SECOND_PASS_SAFE,greek_brand_coherent_direct_gift_card
80,blanda-beauty.com,Natural Cosmetics Gift Voucher,https://www.blanda-beauty.com/en/collections/geschenk-gutschein,Natural Cosmetics Gift Voucher,You want to give natural cosmetics as a gift but aren't sure what exactly? Then a gift voucher from Blanda Beauty is just the right choice.,"""cosmetics"" ""gift voucher"" Greece",6,data\discovery\mass-harvest-v5\clean-v5.1\review.csv | data\discovery\mass-harvest-v5\clean-v5.2\manual-review.csv | data\discovery\mass-harvest-v5\clean-v5.3\global-review.csv | data\discovery\mass-harvest-v5\clean-v5.4\review.csv | data\discovery\mass-harvest-v5\clean-v5.5\review.csv | data\discovery\mega-harvest-v6\clean-v6\review.csv,,REVIEW,non_greek_brand_coherence_unclear
80,blog.enafood.gr,Δωροκάρτα και Κουπόνι Προσφοράς Archives - ENABLOG,https://blog.enafood.gr/tag/%CE%B4%CF%89%CF%81%CE%BF%CE%BA%CE%AC%CF%81%CF%84%CE%B1-%CE%BA%CE%B1%CE%B9-%CE%BA%CE%BF%CF%85%CF%80%CF%8C%CE%BD%CE%B9-%CF%80%CF%81%CE%BF%CF%83%CF%86%CE%BF%CF%81%CE%AC%CF%82/,Δωροκάρτα και Κουπόνι Προσφοράς Archives - ENABLOG,Δωροκάρτα και Κουπόνι Προσφοράς · Επιχειρήσεις εστίασης: 4 συμβουλές για αποδοτική διαχείριση του Facebook · Χρειάζεστε Βοήθεια; · Σχετικά με την ...,"site:.gr ""food"" ""δωροκάρτα""",5,data\discovery\mass-harvest-v5\clean-v5.1\review.csv | data\discovery\mass-harvest-v5\clean-v5.2\manual-review.csv | data\discovery\mass-harvest-v5\clean-v5.3\global-review.csv | data\discovery\mass-harvest-v5\clean-v5.4\review.csv | data\discovery\mass-harvest-v5\clean-v5.5\review.csv,,REJECT,unsafe_subdomain
100,blog.nosh.ng,Five Of The Most Popular Gift Card Types Available In Sweden,https://blog.nosh.ng/popular-gift-cards-available-sweden,Five Of The Most Popular Gift Card Types Available In Sweden,"Ahlens Gift Card is issued by a famous retail store in Sweden. They are well known for diverse home products, fashion, media, and beauty products. An Ahlens ...","""Sweden"" beauty ""gift card"" official",1,data\discovery\mass-harvest-v5\clean-v5.5\review.csv,,REJECT,unsafe_subdomain
100,blue-lady-tattoo.myshopify.com,Blue Lady Tattoo Gift Voucher,https://blue-lady-tattoo.myshopify.com/products/blue-lady-tattoo-gift-voucher,Blue Lady Tattoo Gift Voucher,"Blue Lady Tattoo Gift Voucher ... All gift vouchers valid for 3 years from the date of issue, and can be used with any artist at Blue Lady Tattoo. Vouchers are ...","""tattoo"" ""gift voucher"" Greece",1,data\discovery\mega-harvest-v6\clean-v6\review.csv,,REVIEW,non_greek_brand_coherence_unclear
100,blue-print.gr,Δωροεπιταγές,https://blue-print.gr/product/doroepitages-gift-cards/,Δωροεπιταγές – Gift Cards,"Δωροεπιταγές – Gift Cards. Από 40€ η χιλιάδα. Αγόρασε τώρα. Πλήρωσε σε 3 ... Δωροεπιταγές Gift Cards, ΧΩΡΙΣ ΠΛΑΣΤΙΚΟΠΟΙΗΣΗ, GLOSS Η MATT. 9Χ6 εκ, 40,00€, 50 ...","site:.gr ""δωροεπιταγές""",1,data\discovery\mega-harvest-v6\clean-v6\review.csv,,REVIEW,greek_domain_brand_coherence_unclear
100,blueblue.gr,Gift Cards,https://blueblue.gr/shop/gift-cards,Gift Cards,"Men's Swimwear · Beachwear · Accessories · Special Offer up to -70% OFF · Gift ... Gift Card 50. 0 Review. Gift Cards. 50,00 €. Free Shipping & Returns in Greece.","""swimwear"" ""gift card"" Greece",3,data\discovery\mass-harvest-v5\clean-v5.4\review.csv | data\discovery\mass-harvest-v5\clean-v5.5\review.csv | data\discovery\mega-harvest-v6\clean-v6\review.csv,,REVIEW,greek_domain_brand_coherence_unclear
100,bluecaledoniadiving.com,Diving Adventure Gift Voucher - Day & Night,https://www.bluecaledoniadiving.com/en/checkout/diving-adventure-gift-voucher-day-night-2187/?xcur=JPY&xevt=122034,Diving Adventure Gift Voucher - Day & Night,"Diving Adventure Gift Voucher - Day & Night. Nouméa Cedex, NC. Buy a Gift ( 8 Hours ) ... Equipment included (except for dive computers for autonomous divers).","""computers"" ""gift voucher"" Greece",1,data\discovery\mega-harvest-v6\clean-v6\review.csv,,REVIEW,non_greek_brand_coherence_unclear
100,bmwpap.gr,Αγοράστε μία Δωροεπιταγή,https://www.bmwpap.gr/gift-voucher/,Αγοράστε μία Δωροεπιταγή,Tour. K 1600 B · R 1300 RT · K 1600 GT · K 1600 GTL · K 1600 Grand America · Sport ... Αυτή η δωροεπιταγή θα αποσταλεί μέ e-mail στον παραλήπτη αφού ολοκληρωθεί ή ...,"site:.gr ""tour"" ""δωροεπιταγή""",2,data\discovery\focused-harvest-v7\clean-v7\review.csv | data\discovery\focused-harvest-v7-run1-backup\clean-v7\review.csv,,REVIEW,greek_domain_brand_coherence_unclear
100,boards.cruisecritic.com,Warning about gift vouchers - P&O Cruises ( UK ),https://boards.cruisecritic.com/topic/1275265-warning-about-gift-vouchers/,Warning about gift vouchers - P&O Cruises ( UK ),"We booked a cruise with P&O and were given £100 credit each. As a Christmas present, we had a P&O gift voucher given to us by my parents. Half ...","""cruise"" ""gift voucher"" Greece",1,data\discovery\mega-harvest-v6\clean-v6\review.csv,,REVIEW,non_greek_brand_coherence_unclear
85,bodymaxx.gr,BMXX Δωροκάρτα,https://www.bodymaxx.gr/BMXX-%CE%94%CF%89%CF%81%CE%BF%CE%BA%CE%AC%CF%81%CF%84%CE%B1-p552220280,BMXX Δωροκάρτα,"Χαρίστε στους αγαπημένους σας το δώρο της επιλογής τους!!!! Αυτή είναι μια ψηφιακή δωροκάρτα. Μετά την αγορά, θα λάβετε ένα email με τη δωροκάρτα και οδηγίες ...","""Greece"" ""δωροκάρτα""",5,data\discovery\mass-harvest-v5\clean-v5.1\review.csv | data\discovery\mass-harvest-v5\clean-v5.2\manual-review.csv | data\discovery\mass-harvest-v5\clean-v5.3\global-review.csv | data\discovery\mass-harvest-v5\clean-v5.4\review.csv | data\discovery\mass-harvest-v5\clean-v5.5\review.csv,,REVIEW,greek_domain_brand_coherence_unclear
80,bodywise.gr,Δωροκάρτα - Bodywise Studio στη Θεσσαλονίκη,https://bodywise.gr/dorokarta/,Δωροκάρτα - Bodywise Studio στη Θεσσαλονίκη,Outdoor Training · Ελεύθερα Βάρη και Μηχανήματα Δύναμης · Λάστιχα Ενδυνάμωσης ... Δωροκάρτα. Home; Δωροκαρτα. Διαλέξτε από τη μεγάλη γκάμα ολιστικών θεραπειών ...,"site:.gr ""outdoor"" ""δωροκάρτα""",6,data\discovery\mass-harvest-v5\clean-v5.1\review.csv | data\discovery\mass-harvest-v5\clean-v5.2\manual-review.csv | data\discovery\mass-harvest-v5\clean-v5.3\global-review.csv | data\discovery\mass-harvest-v5\clean-v5.4\review.csv | data\discovery\mass-harvest-v5\clean-v5.5\review.csv | data\discovery\mega-harvest-v6\clean-v6\review.csv,,SECOND_PASS_SAFE,greek_brand_coherent_direct_gift_card
85,bokashoes.gr,Αγοράστε μία Δωροεπιταγή,https://www.bokashoes.gr/index.php?route,Αγοράστε μία Δωροεπιταγή,Αυτή η δωροεπιταγή θα αποσταλεί μέ e-mail στον παραλήπτη αφού ολοκληρωθεί ή πληρωμή σας. ... SHOES; Powered by MCLSOFT. Αποδοχή Cookies. Cookies.,"site:.gr ""shoes"" ""δωροεπιταγή""",2,data\discovery\focused-harvest-v7\clean-v7\review.csv | data\discovery\focused-harvest-v7-run1-backup\clean-v7\review.csv,,REVIEW,greek_domain_brand_coherence_unclear
85,booking.anhotel.lt,online booking,https://booking.anhotel.lt/?lang=en,online booking - gift voucher system - AN hotel,"Online reservation of hotel services and gift voucher system ... paros kainos mokestis, nepriklausomai nuo to, kiek dienų trumpinamas viešnagės laikas.","""Paros"" ""hotel"" ""gift voucher""",1,data\discovery\focused-harvest-v7-run1-backup\clean-v7\review.csv,,SECOND_PASS_SAFE,non_greek_brand_coherent_direct_gift_card
70,booking.douloufakis.wine,Wine,https://booking.douloufakis.wine/gift-card,Gift card,"Official booking page for Douloufakis Winery wine tasting experiences in Dafnes, Heraklion ... We use cookies to enhance your browsing experience, serve ...","""Heraklion"" ""experience"" ""gift card""",2,data\discovery\focused-harvest-v7\clean-v7\review.csv | data\discovery\focused-harvest-v7-run1-backup\clean-v7\review.csv,,REVIEW,non_greek_brand_coherence_unclear
85,booking.gradiali.com,Gradiali Palanga - online booking & gift voucher system,https://booking.gradiali.com/packets?category=9&lang=en,Gradiali Palanga - online booking & gift voucher system,"Online reservation of hotel services and gift voucher system ... paros kainos mokestis, nepriklausomai nuo to, kiek dienų trumpinamas viešnagės laikas ...","""Paros"" ""hotel"" ""gift voucher""",1,data\discovery\focused-harvest-v7-run1-backup\clean-v7\review.csv,,SECOND_PASS_SAFE,non_greek_brand_coherent_direct_gift_card
100,bookme.co.nz,Hotel Montreal - 1 Night Package - Family Suite Gift Voucher,https://www.bookme.co.nz/things-to-do/new-zealand/rhodes_spring/gift-voucher/hotel-montreal-1-night-package-family-suite/8546,Hotel Montreal - 1 Night Package - Family Suite Gift Voucher,Buy your Hotel Montreal - 1 Night Package - Family Suite Bookme Gift Voucher. Enter an Amount... This must be between $10 and $1000. Email My Voucher Print My ...,"""Rhodes"" ""hotel"" ""gift voucher""",2,data\discovery\focused-harvest-v7\clean-v7\review.csv | data\discovery\focused-harvest-v7-run1-backup\clean-v7\review.csv,,REVIEW,non_greek_brand_coherence_unclear
100,boots.com,Gift Cards & e-Cards,https://www.boots.com/gift/gift-cards?srsltid=AfmBOoqwEe4Q5_7rftgr_q0dgCAh7HlppqTrmEcaPPUO6-X3v9oum_dE,Gift Cards & e-Cards,Where can I buy a gift card or e-card? UK customers can purchase our gift cards online here or you can purchase them from our stores. Use the store locator ...,"""UK"" beauty ""gift card"" official",4,data\discovery\mass-harvest-v5\clean-v5.2\global-review.csv | data\discovery\mass-harvest-v5\clean-v5.3\global-review.csv | data\discovery\mass-harvest-v5\clean-v5.4\review.csv | data\discovery\mass-harvest-v5\clean-v5.5\review.csv,,REVIEW,non_greek_brand_coherence_unclear
80,borsanuova.gr,Borsanuova,https://borsanuova.gr/product-category/dorokartes/,Δωροκάρτες,Δωροκάρτα Borsanuova 100€ | Borsa Nuova | Δωροκάρτες | Borsa Nuova ... Έλεγξε και τα ανεπιθύμητα αν δεν το βρεις. Borsa Nuova Leather · Bags · Travel. Η ...,"site:.gr ""bags"" ""δωροκάρτα""",7,data\discovery\focused-harvest-v7\clean-v7\review.csv | data\discovery\mass-harvest-v5\clean-v5.1\review.csv | data\discovery\mass-harvest-v5\clean-v5.2\manual-review.csv | data\discovery\mass-harvest-v5\clean-v5.3\global-review.csv | data\discovery\mass-harvest-v5\clean-v5.4\review.csv | data\discovery\mass-harvest-v5\clean-v5.5\review.csv | data\discovery\mega-harvest-v6\clean-v6\review.csv,,SECOND_PASS_SAFE,greek_brand_coherent_direct_gift_card
80,borujewelry.com,Boru Jewelry Gift Voucher,https://borujewelry.com/products/boru-jewelry-gift-vocuher?srsltid=AfmBOopX1fa3Sncbi6K-CIfzUhzOsi2RX0ZIGuwC2F2WO0c6iu7Cx6jW,Boru Jewelry Gift Voucher,"Looking for a gift for a loved one, family member, friend or colleague but don't know quite what to get them? Why not opt for a Boru Jewelry Gift Voucher!","""jewelry"" ""gift voucher"" Greece",1,data\discovery\mega-harvest-v6\clean-v6\review.csv,,SECOND_PASS_SAFE,non_greek_brand_coherent_direct_gift_card
85,boss-shoes.gr,Αγοράστε μία Δωροεπιταγή - Boss Shoes!,https://www.boss-shoes.gr/index.php?route,Αγοράστε μία Δωροεπιταγή - Boss Shoes!,Αυτή η δωροεπιταγή θα αποσταλεί μέ e-mail στον παραλήπτη αφού ολοκληρωθεί ή πληρωμή σας. ... Γίνε μέλος στο Newsletter της Boss Shoes και κέρδισε εκπτωτικό ...,"site:.gr ""shoes"" ""δωροεπιταγή""",2,data\discovery\focused-harvest-v7\clean-v7\review.csv | data\discovery\focused-harvest-v7-run1-backup\clean-v7\review.csv,,SECOND_PASS_SAFE,greek_brand_coherent_direct_gift_card
100,bothners.co.za,Virtual Gift Voucher - R300,https://bothners.co.za/shop/gifts-lifestyle/gift-vouchers/virtual-gift-voucher-r300/,Virtual Gift Voucher - R300,"Home Audio & Video · Music Books · Gifts & Lifestyle · Gift Vouchers · Clothing ... He went on to study piano and voice as subjects, before leaving for Greece ...","""Greece"" ""audio"" ""gift voucher""",1,data\discovery\mega-harvest-v6\clean-v6\review.csv,,REVIEW,non_greek_brand_coherence_unclear
85,botilia.gr,Κάρτα Δώρου 50,https://www.botilia.gr/p/dwra/Botilia-gift-cart-50?srsltid,Κάρτα Δώρου 50,"Μόνο μία δωροκάρτα κάθε φορά μπορεί να χρησιμοποιηθεί για κάθε παραγγελία. Μετά την αγορά της δωροκάρτας, θα σας σταλλεί με email η δωροκάρτα ... WINE ...","site:.gr ""wine"" ""δωροκάρτα""",8,data\discovery\focused-harvest-v7\clean-v7\review.csv | data\discovery\focused-harvest-v7-run1-backup\clean-v7\review.csv | data\discovery\mass-harvest-v5\clean-v5.1\review.csv | data\discovery\mass-harvest-v5\clean-v5.2\manual-review.csv | data\discovery\mass-harvest-v5\clean-v5.3\global-review.csv | data\discovery\mass-harvest-v5\clean-v5.4\review.csv | data\discovery\mass-harvest-v5\clean-v5.5\review.csv | data\discovery\mega-harvest-v6\clean-v6\review.csv,,REVIEW,greek_domain_brand_coherence_unclear
100,boussiasnews.cy,"Mall Gift Card: Τώρα και ψηφιακή, η αγαπημένη δωροκάρτα ...",https://www.boussiasnews.cy/el/news/1709043606/mall-gift-card-twra-kai-psifiaki-i-aghapimeni-dorokarta-apo-to-mall-of-cyprus-mall-of-engomi,"Mall Gift Card: Τώρα και ψηφιακή, η αγαπημένη δωροκάρτα ...","Mall Gift Card: Τώρα και ψηφιακή, η αγαπημένη δωροκάρτα από το Mall of Cyprus & Mall of Engomi! ... mobile phones. Digital or physical, whichever ...","""mobile phones"" ""δωροκάρτα"" Greece",1,data\discovery\mega-harvest-v6\clean-v6\review.csv,,REVIEW,non_greek_brand_coherence_unclear
80,brainkidtoys.com,GIFT VOUCHERS Archives,https://www.brainkidtoys.com/product-category/gv/,GIFT VOUCHERS Archives,BRAINKID TOYS (3). GIFT VOUCHER €10 · Add to Wishlist. Quick View. GIFT VOUCHERS. GIFT VOUCHER €10. €10.00 Inc. VAT19%. Add to cart · GIFT VOUCHER €20.,"""toys"" ""gift voucher"" Greece",6,data\discovery\mass-harvest-v5\clean-v5.1\review.csv | data\discovery\mass-harvest-v5\clean-v5.2\manual-review.csv | data\discovery\mass-harvest-v5\clean-v5.3\global-review.csv | data\discovery\mass-harvest-v5\clean-v5.4\review.csv | data\discovery\mass-harvest-v5\clean-v5.5\review.csv | data\discovery\mega-harvest-v6\clean-v6\review.csv,,REVIEW,non_greek_brand_coherence_unclear
100,brandedboxes.eu,"Custom Gift Card Boxes in Ioannina, Greece | Retail | Branded Boxes",https://brandedboxes.eu/industries/retail/products/gift-card-boxes/greece/ioannina,"Custom Gift Card Boxes in Ioannina, Greece | Retail | Branded Boxes","... Ioannina. Retail · Ioannina, Greece. Custom Gift Card Boxes in Ioannina, Greece. Premium gift card boxes delivered to Ioannina ... Restaurant gift voucher ...","""Ioannina"" ""gift voucher""",1,data\discovery\mass-harvest-v5\clean-v5.5\review.csv,,REJECT,non_merchant_signal
100,brasmedicalspa.com,Bras Medical Spa Gift Card,https://brasmedicalspa.com/products/bras-medical-spa-gift-card?srsltid=AfmBOoqvFra5nPLfPLf3baBiV-ED7fNUofb318G8lTkxe34ZsuS8JoiI,Bras Medical Spa Gift Card,Bras Medical Spa Gift Card · Special Order Request.,"""medical spa"" ""gift card"" Greece",1,data\discovery\mega-harvest-v6\clean-v6\review.csv,,SECOND_PASS_SAFE,non_greek_brand_coherent_direct_gift_card
100,bravalingerie.com.au,Brava Lingerie Gift Voucher,https://www.bravalingerie.com.au/products/brava-lingerie-gift-voucher?srsltid=AfmBOoqGOSJdyNS2ST_Do4MFc1nSzlAExZ6Yh3qI2x25UfOXSdszfj3Q,Brava Lingerie Gift Voucher,Brava Lingerie Gift Voucher. Regular price Sale price $50.00.,"""lingerie"" ""gift voucher"" Greece",5,data\discovery\mass-harvest-v5\clean-v5.2\global-review.csv | data\discovery\mass-harvest-v5\clean-v5.3\global-review.csv | data\discovery\mass-harvest-v5\clean-v5.4\review.csv | data\discovery\mass-harvest-v5\clean-v5.5\review.csv | data\discovery\mega-harvest-v6\clean-v6\review.csv,,REVIEW,non_greek_brand_coherence_unclear
85,brigitteboutique.gr,Αγοράστε μία Δωροεπιταγή,https://brigitteboutique.gr/index.php?route=account/voucher,Αγοράστε μία Δωροεπιταγή,Swimwear24. GR EN. Find Us. Facebook · Instagram · TikTok. Καλάθι. Το καλάθι ... Δωροκάρτα. Πληροφοριες. My Account · WishList0 · Πολιτική Απορρήτου · Όροι χρήσης ...,"site:.gr ""swimwear"" ""δωροκάρτα""",6,data\discovery\mass-harvest-v5\clean-v5.1\review.csv | data\discovery\mass-harvest-v5\clean-v5.2\manual-review.csv | data\discovery\mass-harvest-v5\clean-v5.3\global-review.csv | data\discovery\mass-harvest-v5\clean-v5.4\review.csv | data\discovery\mass-harvest-v5\clean-v5.5\review.csv | data\discovery\mega-harvest-v6\clean-v6\review.csv,,REVIEW,greek_domain_brand_coherence_unclear
100,bristolcourses.com,Gift Vouchers | Bristol Courses,https://www.bristolcourses.com/courses/gift-vouchers/,Gift Vouchers | Bristol Courses,Classics – Latin & Greek · Dutch · French ... Give the gift of learning with our course gift voucher. Learn a New Language with. Bristol Courses Language School.,"""language school"" ""gift voucher"" Greece",1,data\discovery\mega-harvest-v6\clean-v6\review.csv,,SECOND_PASS_SAFE,non_greek_brand_coherent_direct_gift_card
100,britishcornershop.co.uk,£50 British Corner Shop Gift Voucher (0g),https://www.britishcornershop.co.uk/50-pound-british-corner-shop-gift-voucher?srsltid=AfmBOoodH4n84onSBdlQmpkhsseo-JDT0PzfvjVQCW99AV_FooflBkoK,£50 British Corner Shop Gift Voucher (0g),Gift voucher sent via email* If you think a friend or family member would ... British Food Supermarket. Menu. ×. All Categories. Shop Now. Branded Groceries.,"""supermarket"" ""gift voucher"" Greece",5,data\discovery\mass-harvest-v5\clean-v5.2\global-review.csv | data\discovery\mass-harvest-v5\clean-v5.3\global-review.csv | data\discovery\mass-harvest-v5\clean-v5.4\review.csv | data\discovery\mass-harvest-v5\clean-v5.5\review.csv | data\discovery\mega-harvest-v6\clean-v6\review.csv,,REVIEW,non_greek_brand_coherence_unclear
100,brownthomas.com,The Brown Thomas Arnotts Gift Card,https://www.brownthomas.com/ni/gifts/gift-cards/,The Brown Thomas Arnotts Gift Card,"A gift card displayed in an open black envelope with 'Brown Thomas' text, ... Ireland (EUR), Northern Ireland (GBP). Continue shopping. Privacy Preference ...","""Ireland"" beauty ""gift card"" official",4,data\discovery\mass-harvest-v5\clean-v5.2\global-review.csv | data\discovery\mass-harvest-v5\clean-v5.3\global-review.csv | data\discovery\mass-harvest-v5\clean-v5.4\review.csv | data\discovery\mass-harvest-v5\clean-v5.5\review.csv,,SECOND_PASS_SAFE,non_greek_brand_coherent_direct_gift_card
85,brunchies.shop,LENIKA gift voucher - brunchies,https://brunchies.shop/en/products/lenika-geschenkgutschein,LENIKA gift voucher - brunchies,... gift voucher. LENIKA gift voucher. Zoom. Previous. Next ... Brunchies combines haircare and jewelry. Hair ... Greece (EUR €) Greenland (EUR €) Grenada (EUR ...,"""haircare"" ""gift voucher"" Greece",1,data\discovery\mega-harvest-v6\clean-v6\review.csv,,SECOND_PASS_SAFE,non_greek_brand_coherent_direct_gift_card
100,bryant.dental,Gift Cards | Bryant Dental – Empower Clinicians with Transformative ...,https://bryant.dental/gift-cards,Gift Cards | Bryant Dental – Empower Clinicians with Transformative ...,Southwest Dental Conference . Register for trade show. This gift card could change someone's life. Every product we make is truly transformative and the ...,"""dental"" ""gift card"" Greece",1,data\discovery\mega-harvest-v6\clean-v6\review.csv,,SECOND_PASS_SAFE,non_greek_brand_coherent_direct_gift_card
65,bt45hair.com,BT45 Gift Card | Men's Hair Styling & Grooming Gift Voucher,https://bt45hair.com/products/bt45-gift-card?srsltid=AfmBOooCPpRmK5UW09V0xcYriwsFzS62QOO3Bhxa_jXGtAPqT1nf6OsB,BT45 Gift Card | Men's Hair Styling & Grooming Gift Voucher,"With over a decade of experience working with industry experts, celebrities, running several barber ... Greece (EUR €); Greenland (DKK kr.) Grenada (XCD ...","""barber"" ""gift voucher"" Greece",6,data\discovery\mass-harvest-v5\clean-v5.1\review.csv | data\discovery\mass-harvest-v5\clean-v5.2\manual-review.csv | data\discovery\mass-harvest-v5\clean-v5.3\global-review.csv | data\discovery\mass-harvest-v5\clean-v5.4\review.csv | data\discovery\mass-harvest-v5\clean-v5.5\review.csv | data\discovery\mega-harvest-v6\clean-v6\review.csv,,REVIEW,non_greek_brand_coherence_unclear
100,budgettravel.ie,Budget Travel Gift Vouchers,https://www.budgettravel.ie/gift-vouchers,Budget Travel Gift Vouchers,Give the gift of travel with a Budget Travel gift voucher! Perfect for any ... Spain Back. Costa Del Sol · Benalmadena · Fuengirola · Malaga · Nerja ...,"""Spain"" travel ""gift voucher"" official",4,data\discovery\mass-harvest-v5\clean-v5.2\global-review.csv | data\discovery\mass-harvest-v5\clean-v5.3\global-review.csv | data\discovery\mass-harvest-v5\clean-v5.4\review.csv | data\discovery\mass-harvest-v5\clean-v5.5\review.csv,,SECOND_PASS_SAFE,non_greek_brand_coherent_direct_gift_card
100,bulldogflowersofathens.com,"Gift Card - Athens, GA",https://bulldogflowersofathens.com/products/gift-card-prd-gift_card,"Gift Card - Athens, GA","Send Gift Card - flower bouquet with Bulldog Flowers in Athens, GA. Fresh, handcrafted flowers with same-day delivery available.","""Athens"" ""flowers"" ""gift card""",1,data\discovery\mega-harvest-v6\clean-v6\review.csv,,REVIEW,non_greek_brand_coherence_unclear
55,business-travel.gr,Business Travel Giftcard - Corporate Travel | DMC | MICE,https://business-travel.gr/en/tour/business-travel-giftcard-en/,Business Travel Giftcard - Corporate Travel | DMC | MICE,"The perfect gift for any occasion, any traveler, and any dream. Make Dreams Come True with the Business Travel Gift Card! Choose the color and the amount for ...","site:.gr ""travel"" ""gift card""",1,data\discovery\mega-harvest-v6\clean-v6\review.csv,,SECOND_PASS_SAFE,greek_brand_coherent_direct_gift_card
100,business.giftcardstore.co.uk,Fashion Favourites Gift Card,https://business.giftcardstore.co.uk/Products/2212929,Fashion Favourites Gift Card - Gift Card Store,"... Gift Card. Gift Card. CONTINUE SHOPPING > Gift Cards > Fashion Favourites Gift Card ... UK's top fashion brands, all in one stylish little card. Let them treat ...","""UK"" fashion ""gift card"" official",1,data\discovery\mass-harvest-v5\clean-v5.5\review.csv,,REJECT,unsafe_subdomain
100,businessinsider.com,"Geneva Offers Tourists Free Gift Cards for Hotels, Around ...",https://www.businessinsider.com/geneva-switzerland-tourists-free-gift-cards-hotels-restaurants-2020-8,"Geneva Offers Tourists Free Gift Cards for Hotels, Around ...",The gift card can be used through December 31 of this year. geneva harbor fountain switzerland. French is the main language spoken in Geneva.,"""Switzerland"" hotel ""gift card"" official",1,data\discovery\mass-harvest-v5\clean-v5.5\review.csv,,REJECT,known_false_positive_or_reseller
100,businesswire.com,Greece Gift Card and Incentive Card Market Intelligence ...,https://www.businesswire.com/news/home/20240415539994/en/Greece-Gift-Card-and-Incentive-Card-Market-Intelligence-and-Future-Dynamics-2024-Market-will-Increase-from-%24800-Billion-in-2023-to-Reach-%241.1-Billion-by-2028---ResearchAndMarkets.com,Greece Gift Card and Incentive Card Market Intelligence ...,Jewelry; Sporting Goods; Home & Kitchen Accessories & Appliances; Travel; Entertainment & Gaming; Other. Gift Card Spend by Retail Sector (Split ...,"""jewelry"" ""gift card"" Greece",1,data\discovery\mass-harvest-v5\clean-v5.5\review.csv,,REJECT,known_false_positive_or_reseller
85,butik.louisiana.dk,Gift cards for Louisiana,https://butik.louisiana.dk/en-eu/pages/gavekort?srsltid=AfmBOorT7VANkxQC-RMP4cg1HbRZG25UVv_1a3BXzrwhFG5IYNtpJXia,Gift cards for Louisiana,"Entrance Experience all the exhibitions, the museum's popular park and beautiful architecture. Choose a gift card for DKK 145 for one ticket. Shop and Webshop ...","""museum"" ""gift card"" Greece",1,data\discovery\mega-harvest-v6\clean-v6\review.csv,,SECOND_PASS_SAFE,non_greek_brand_coherent_direct_gift_card
100,buysellvouchers.com,Buy Apple Gift Cards Greece,https://www.buysellvouchers.com/en/products/list/gift-cards-apple/GR/?srsltid=AfmBOoodLz4gEwUbt1wlM50lIg6h66zcvfoUrjk1prsyLR-t_yGBKnnL,Buy Apple Gift Cards Greece,Gaming Entertainment Retail Food Travel Prepaid Sport Electronics Home Beauty Ebooks Mobile Vcc Software Downloads All gift cards. Apple Gift Card Greece.,"""electronics"" ""gift card"" Greece",1,data\discovery\mass-harvest-v5\clean-v5.5\review.csv,,REJECT,known_false_positive_or_reseller
85,cadeaux.domaine-locguenole.com,Spa - Kos® Experience - World Massage - 60 minutes | Le ...,https://cadeaux.domaine-locguenole.com/en/spa-kos-r-experience-world-massage-60-minutes,Gift card Spa - Kos® Experience - World Massage - 60 minutes | Le ...,Spa - Kos® Experience - World Massage - 60 minutes ; I choose. and personalise my gift card directly online ; I receive. the gift card immediately by email or by ...,"""Kos"" ""spa"" ""gift card""",2,data\discovery\focused-harvest-v7\clean-v7\review.csv | data\discovery\focused-harvest-v7-run1-backup\clean-v7\review.csv,,REVIEW,non_greek_brand_coherence_unclear
100,cafe3sixty.co.uk,Gift Vouchers - Cafe 3 Sixty,https://cafe3sixty.co.uk/gift-vouchers/,Gift Vouchers - Cafe 3 Sixty,"Gift VOUCHERS · Collection or by Post. You can collect your gift voucher in the cafe or we can post it to you, please select the relevant option below. · Timings.","""cafe"" ""gift voucher"" Greece",5,data\discovery\mass-harvest-v5\clean-v5.2\global-review.csv | data\discovery\mass-harvest-v5\clean-v5.3\global-review.csv | data\discovery\mass-harvest-v5\clean-v5.4\review.csv | data\discovery\mass-harvest-v5\clean-v5.5\review.csv | data\discovery\mega-harvest-v6\clean-v6\review.csv,,REVIEW,non_greek_brand_coherence_unclear
80,cafemanteio.gr,Cafe Manteio - Ψυχικοί Σύμβουλοι,https://cafemanteio.gr/product/%CE%B4%CF%89%CF%81%CE%BF%CE%BA%CE%AC%CF%81%CF%84%CE%B1/,Δωροκάρτα - Cafe Manteio - Ψυχικοί Σύμβουλοι,Cafe Manteio – Ψυχικοί Σύμβουλοι. Προηγούνται τα ... Αρχική σελίδα / Χωρίς κατηγορία / Δωροκάρτα.,"site:.gr ""cafe"" ""δωροκάρτα""",8,data\discovery\focused-harvest-v7\clean-v7\review.csv | data\discovery\focused-harvest-v7-run1-backup\clean-v7\review.csv | data\discovery\mass-harvest-v5\clean-v5.1\review.csv | data\discovery\mass-harvest-v5\clean-v5.2\manual-review.csv | data\discovery\mass-harvest-v5\clean-v5.3\global-review.csv | data\discovery\mass-harvest-v5\clean-v5.4\review.csv | data\discovery\mass-harvest-v5\clean-v5.5\review.csv | data\discovery\mega-harvest-v6\clean-v6\review.csv,,SECOND_PASS_SAFE,greek_brand_coherent_direct_gift_card
100,callistioia.com,Santorini Honeymoon Spa Gift Card,https://www.callistioia.com/gift-cardnewlywedsoia,Santorini Honeymoon Spa Gift Card,Surprise your loved ones with a Santorini honeymoon spa gift card. Treat them to a romantic sunset massage experience in Oia's serene setting.,"""Santorini"" ""spa"" ""gift card""",4,data\discovery\focused-harvest-v7-run1-backup\clean-v7\review.csv | data\discovery\mass-harvest-v5\clean-v5.3\greece-market-review.csv | data\discovery\mass-harvest-v5\clean-v5.4\review.csv | data\discovery\mass-harvest-v5\clean-v5.5\review.csv,,REVIEW,non_greek_brand_coherence_unclear
80,calza.gr,Calza,https://www.calza.gr/proion/dorokarta/,Δωροκάρτα - Calza,Kids · Αθλητικές · Αστραγάλου · Μεσαίου Μεγέθους · Packs · GREEKSTEPS · Gift Card ... #ilovesocks #calza ##socks #jimmylionsocks #thessaloniki. ##ilovesocks # ...,"""Thessaloniki"" ""kids"" ""δωροκάρτα""",2,data\discovery\focused-harvest-v7\clean-v7\review.csv | data\discovery\focused-harvest-v7-run1-backup\clean-v7\review.csv,,SECOND_PASS_SAFE,greek_brand_coherent_direct_gift_card
100,caminomotorcyclewear.com.au,Camino Motorcycle Wear Gift Voucher,https://www.caminomotorcyclewear.com.au/products/camino-motorcycle-wear-gift-card?srsltid=AfmBOopPYUZ-PdXIwLoy4gTaz6aAVg68dIciz2pHhONCeUAOA7fdEUMs,Camino Motorcycle Wear Gift Voucher,Camino Motorcycle Wear Gift Voucher ; Denominations: $50.00 ; Small. True to size. Large ; Shop the range. Shop Protective Gear.,"""motorcycle"" ""gift voucher"" Greece",5,data\discovery\mass-harvest-v5\clean-v5.2\global-review.csv | data\discovery\mass-harvest-v5\clean-v5.3\global-review.csv | data\discovery\mass-harvest-v5\clean-v5.4\review.csv | data\discovery\mass-harvest-v5\clean-v5.5\review.csv | data\discovery\mega-harvest-v6\clean-v6\review.csv,,REVIEW,non_greek_brand_coherence_unclear
100,canaves.com,Gift Card – Canaves Oia Santorini | Store,https://store.canaves.com/gift-card/,Gift Card – Canaves Oia Santorini | Store,Gift card confirmation will be sent to your email address. Terms ... Canaves Oia Resort.,"""resort"" ""gift card"" Greece",3,data\discovery\mass-harvest-v5\clean-v5.3\greece-market-review.csv | data\discovery\mass-harvest-v5\clean-v5.4\review.csv | data\discovery\mass-harvest-v5\clean-v5.5\review.csv,,SECOND_PASS_SAFE,non_greek_brand_coherent_direct_gift_card
60,canyonzone.com,Giftcards (vouchers),https://www.canyonzone.com/c-2517833/giftcards-vouchers/?srsltid=AfmBOopLMQnczxn3tHzXl9pCH_M7p6bsAljJNqLt6KncEImiUCqh5B-y,Giftcards (vouchers),Buy gift card: Gift certificates can be purchased in the store. We have a ... Outdoor Sports Companies · Underwater / (Cave) Diving​. Pay safely with ...,"""Crete"" ""outdoor"" ""gift card""",1,data\discovery\mega-harvest-v6\clean-v6\review.csv,,REVIEW,non_greek_brand_coherence_unclear
80,capital.gr,Ηλεκτρονική δωροκάρτα Skroutz: Μια ακόμη υπηρεσία του ...,https://www.capital.gr/market-news/3642201/ilektroniki-dorokarta-skroutz-mia-akomi-upiresia-tou-skroutz-marketplace-gia-kathe-peristasi/,Ηλεκτρονική δωροκάρτα Skroutz: Μια ακόμη υπηρεσία του ...,"Ο χρήστης μπορεί να επιλέξει δωροκάρτα αξίας 20€, 50€, 100€ και 150€, και για την αποστολή της αρκεί απλά να γνωρίζει το email του παραλήπτη. Η ...","""Santorini"" ""δωροκάρτα""",5,data\discovery\mass-harvest-v5\clean-v5.1\review.csv | data\discovery\mass-harvest-v5\clean-v5.2\manual-review.csv | data\discovery\mass-harvest-v5\clean-v5.3\global-review.csv | data\discovery\mass-harvest-v5\clean-v5.4\review.csv | data\discovery\mass-harvest-v5\clean-v5.5\review.csv,,REJECT,third_party_skroutz_gift_card
100,capri.org.au,Buy a Gift Voucher,https://capri.org.au/buy-a-gift-voucher/,Buy a Gift Voucher,The Capri is an independent not-for-profit cinema run by a network of generous volunteers. ... Gift Voucher · Contact · Events · History of the Capri · News · Our ...,"""cinema"" ""gift voucher"" Greece",5,data\discovery\mass-harvest-v5\clean-v5.2\global-review.csv | data\discovery\mass-harvest-v5\clean-v5.3\global-review.csv | data\discovery\mass-harvest-v5\clean-v5.4\review.csv | data\discovery\mass-harvest-v5\clean-v5.5\review.csv | data\discovery\mega-harvest-v6\clean-v6\review.csv,,REVIEW,non_greek_brand_coherence_unclear
100,caprioscaswimwear.com.au,Gift Card | Gift Voucher,https://www.caprioscaswimwear.com.au/products/gift-card,Gift Card | Gift Voucher,Shopping for someone else but not sure what to give them? Give them the gift of choice with a Capriosca Swimwear Australia gift card.,"""swimwear"" ""gift voucher"" Greece",5,data\discovery\mass-harvest-v5\clean-v5.2\global-review.csv | data\discovery\mass-harvest-v5\clean-v5.3\global-review.csv | data\discovery\mass-harvest-v5\clean-v5.4\review.csv | data\discovery\mass-harvest-v5\clean-v5.5\review.csv | data\discovery\mega-harvest-v6\clean-v6\review.csv,,REVIEW,non_greek_brand_coherence_unclear
100,caravin.gr,Κάρτα Δώρου,https://www.caravin.gr/el/giftcard-2/,Κάρτα Δώρου,"Η δωροκάρτα ισχύει για 6 μήνες μετά την αγορά της κι εξαργυρώνεται μόνο μέσω κράτησης, ανάλογα με τη διαθεσιμότητα του εστιατορίου. Σε καμία περίπτωση δεν ...","site:.gr ""wine"" ""δωροκάρτα""",3,data\discovery\focused-harvest-v7\clean-v7\review.csv | data\discovery\focused-harvest-v7-run1-backup\clean-v7\review.csv | data\discovery\mega-harvest-v6\clean-v6\review.csv,,REVIEW,greek_domain_brand_coherence_unclear
80,carddelivery.com,Larissa G.'s 5-Star Review of USA iTunes Gift Card,https://www.carddelivery.com/reviews/review/great-service-and-communication-597f94d174dcddeda2830816?srsltid=AfmBOooLYFMHytVGUTLhGtI9E1cNwXxSix4LLht9oYjI7tffdma1PUzX,Larissa G.'s 5-Star Review of USA iTunes Gift Card,Larissa G. Review For USA iTunes Gift Card. 24/7/365 Customer Support. pink. 5 stars Reviews. Excellent! blue. Contact Us.,"""Larissa"" ""gift card""",5,data\discovery\mass-harvest-v5\clean-v5.1\review.csv | data\discovery\mass-harvest-v5\clean-v5.2\manual-review.csv | data\discovery\mass-harvest-v5\clean-v5.3\global-review.csv | data\discovery\mass-harvest-v5\clean-v5.4\review.csv | data\discovery\mass-harvest-v5\clean-v5.5\review.csv,,REVIEW,non_greek_brand_coherence_unclear
85,carddepot.com,Buy Discount Gift Cards — Card Depot,https://carddepot.com/,Buy Discount Gift Cards — Card Depot,Save big with discount gift cards from your favorite brands. Shop smarter with Card Depot — gift cards that never expire and always keep money in your pocket.,"""Glyfada"" ""decor"" ""gift card""",1,data\discovery\mega-harvest-v6\clean-v6\review.csv,,SECOND_PASS_SAFE,non_greek_brand_coherent_direct_gift_card
100,cardfly.net,MANGO Greece Gift Card | EUR - CardFly,https://cardfly.net/gift-cards/mango/greece,MANGO Greece Gift Card | EUR - CardFly,Because typing card details twice is nobody's hobby. Download onApp ... gift voucher code.</p> <p>If the order value is lower than the voucher value ...,"""hobby"" ""gift voucher"" Greece",1,data\discovery\mass-harvest-v5\clean-v5.5\review.csv,,REJECT,known_false_positive_or_reseller
100,cardtonic.com,Top 7 Most Common Gift Cards You Can Buy In Greece,https://cardtonic.com/read/gift-cards-in-greece,Top 7 Most Common Gift Cards You Can Buy In Greece,Top 7 Types of Gift Cards In Greece In 2026 · 1. Amazon Gift Card · 2. Google Play Gift Card · 3. PlayStation Gift Cards · 4. IKEA Gift Cards · 5. Steam Gift Card · 6 ...,"""gift card"" Greece",1,data\discovery\mass-harvest-v5\clean-v5.5\review.csv,,REJECT,known_false_positive_or_reseller
100,carolinerandell.co.uk,Gift Card,https://www.carolinerandell.co.uk/products/gift-card?srsltid=AfmBOooPo9Pgvf-dCPcRxzbyZ9zFKvEVPwq8iyoRWbuQ98w0vRfnqmPb,Gift Card,Our gift cards are incredibly popular and make such a wonderful gift - your loved one can have all the fun of selecting something so special.,"""lingerie"" ""gift voucher"" Greece",5,data\discovery\mass-harvest-v5\clean-v5.2\global-review.csv | data\discovery\mass-harvest-v5\clean-v5.3\global-review.csv | data\discovery\mass-harvest-v5\clean-v5.4\review.csv | data\discovery\mass-harvest-v5\clean-v5.5\review.csv | data\discovery\mega-harvest-v6\clean-v6\review.csv,,REVIEW,non_greek_brand_coherence_unclear
100,carrotstore.gr,150€ Gift Card,https://carrotstore.gr/gift-cards/150e-gift-card/,150€ Gift Card,"Home Shop Gift Cards 150€ Gift Card. 150€ Gift Card. 150,00 €. Lowest price in the last 30 days: 150,00 €. 150€ Gift Card quantity. Add to cart.","site:.gr ""concept store"" ""gift card""",1,data\discovery\mega-harvest-v6\clean-v6\review.csv,,REVIEW,greek_domain_brand_coherence_unclear
100,carvlondon.com,"Luxury Leather Gift Voucher | Handmade Gifts by CARV, UK",https://www.carvlondon.com/products/gift-voucher?srsltid=AfmBOorRLy_eMP-7jM3eN9fmHP5dxuuqjSCJSRVBMW3FN-5LYJ8ucMiM,"Luxury Leather Gift Voucher | Handmade Gifts by CARV, UK","Give the gift of timeless UK craftsmanship with a leather gift voucher from CARV. Perfect for fathers, mothers, or loved ones. Shop now for digital options.","""leather"" ""gift voucher"" Greece",4,data\discovery\mass-harvest-v5\clean-v5.2\global-review.csv | data\discovery\mass-harvest-v5\clean-v5.3\global-review.csv | data\discovery\mass-harvest-v5\clean-v5.4\review.csv | data\discovery\mass-harvest-v5\clean-v5.5\review.csv,,REVIEW,non_greek_brand_coherence_unclear
100,carwerkz.com,Gift Voucher Products - CarWerkz.com,https://www.carwerkz.com/collections/gift-voucher-products,Gift Voucher Products - CarWerkz.com,Car Accessories · 3D Car Mat · Car Decal · Mobile Phone Accessories ... Gift Voucher Products. Filter. 133 Results. Sort: Alphabetically ...,"""car accessories"" ""gift voucher"" Greece",6,data\discovery\mass-harvest-v5\clean-v5.1\review.csv | data\discovery\mass-harvest-v5\clean-v5.2\global-review.csv | data\discovery\mass-harvest-v5\clean-v5.3\global-review.csv | data\discovery\mass-harvest-v5\clean-v5.4\review.csv | data\discovery\mass-harvest-v5\clean-v5.5\review.csv | data\discovery\mega-harvest-v6\clean-v6\review.csv,,SECOND_PASS_SAFE,non_greek_brand_coherent_direct_gift_card
100,caseystoys.com.au,Gift Cards & Vouchers | Buy Online,https://www.caseystoys.com.au/shopping/gift-cards-vouchers/51/1?srsltid=AfmBOopg1wBowjkphIOHdrANNq3h7AD3hnAbD-kIkFq_P0DOTDPZmONx,Gift Cards & Vouchers | Buy Online,"Purchase a Casey's Toys gift voucher for the perfect gift or gesture. Your recipient can select from our vast range of toys, games and hobbies ...","""toys"" ""gift voucher"" Greece",5,data\discovery\mass-harvest-v5\clean-v5.2\global-review.csv | data\discovery\mass-harvest-v5\clean-v5.3\global-review.csv | data\discovery\mass-harvest-v5\clean-v5.4\review.csv | data\discovery\mass-harvest-v5\clean-v5.5\review.csv | data\discovery\mega-harvest-v6\clean-v6\review.csv,,REVIEW,non_greek_brand_coherence_unclear
100,cassidytravel.ie,Gift Voucher,https://www.cassidytravel.ie/gift-vouchers/gift-voucher,Gift Voucher,"Spain. Costa del sol; Salou; Benidorm; Majorca; More Spain Destinations. Malta ... A Cassidy Travel Gift Voucher is the perfect gift for family, friends or ...","""Spain"" travel ""gift voucher"" official",4,data\discovery\mass-harvest-v5\clean-v5.2\global-review.csv | data\discovery\mass-harvest-v5\clean-v5.3\global-review.csv | data\discovery\mass-harvest-v5\clean-v5.4\review.csv | data\discovery\mass-harvest-v5\clean-v5.5\review.csv,,REVIEW,non_greek_brand_coherence_unclear
100,catcafe.co.uk,Gift Vouchers - Cat Cafe,https://www.catcafe.co.uk/collections/gift-vouchers,Gift Vouchers - Cat Cafe,Cat Cafe Gift Voucher - Physical · Cat Cafe Gift Voucher - Physical. Regular price From £5.00 · Cat Cafe Gift Voucher - Digital · Cat Cafe Gift Voucher - Digital.,"""cafe"" ""gift voucher"" Greece",5,data\discovery\mass-harvest-v5\clean-v5.2\global-review.csv | data\discovery\mass-harvest-v5\clean-v5.3\global-review.csv | data\discovery\mass-harvest-v5\clean-v5.4\review.csv | data\discovery\mass-harvest-v5\clean-v5.5\review.csv | data\discovery\mega-harvest-v6\clean-v6\review.csv,,REVIEW,non_greek_brand_coherence_unclear
85,catrinbeaute.gr,Αγοράστε μία Δωροεπιταγή - Catrinbeaute,https://www.catrinbeaute.gr/index.php?route,Αγοράστε μία Δωροεπιταγή - Catrinbeaute,Eolia Cosmetics · Ardell Professional ... Αγοράστε μία Δωροεπιταγή. Αυτή η δωροεπιταγή θα αποσταλεί μέ e-mail στον παραλήπτη αφού ολοκληρωθεί ή πληρωμή σας.,"site:.gr ""cosmetics"" ""δωροεπιταγή""",2,data\discovery\focused-harvest-v7\clean-v7\review.csv | data\discovery\focused-harvest-v7-run1-backup\clean-v7\review.csv,,SECOND_PASS_SAFE,greek_brand_coherent_direct_gift_card
80,cce.sydney.edu.au,Gift voucher | CCE - Centre for Continuing Education,https://cce.sydney.edu.au/product/GIFT,Gift voucher | CCE - Centre for Continuing Education,Greek courses · Italian courses · Japanese courses · Spanish courses · Marketing ... Gift voucher. Enrol now Download brochure. Jump to… Enrol now. Location.,"""courses"" ""gift voucher"" Greece",6,data\discovery\mass-harvest-v5\clean-v5.1\review.csv | data\discovery\mass-harvest-v5\clean-v5.2\manual-review.csv | data\discovery\mass-harvest-v5\clean-v5.3\global-review.csv | data\discovery\mass-harvest-v5\clean-v5.4\review.csv | data\discovery\mass-harvest-v5\clean-v5.5\review.csv | data\discovery\mega-harvest-v6\clean-v6\review.csv,,REVIEW,non_greek_brand_coherence_unclear
100,cdkeyprices.gr,Αγοράστε φθηνό Carnival Cruise Lines Gift Card Καλύτερη τιμή,https://cdkeyprices.gr/gift-card/carnival-cruise-lines-gift-card/,Αγοράστε φθηνό Carnival Cruise Lines Gift Card Καλύτερη τιμή,Σημείωση: Η δωροκάρτα Carnival Cruise Lines διατίθεται μόνο για χρήση στις Ηνωμένες Πολιτείες. Η κάρτα δεν μπορεί να χρησιμοποιηθεί για αγορές σε άλλες ...,"site:.gr ""cruise"" ""δωροκάρτα""",1,data\discovery\mega-harvest-v6\clean-v6\review.csv,,REVIEW,greek_domain_brand_coherence_unclear
80,celebrationcinema.com,"Movie Gift Cards, Popcorn Cards, and Gold Tickets",https://www.celebrationcinema.com/gifts,"Movie Gift Cards, Popcorn Cards, and Gold Tickets","Give the gift of movies! Explore Celebration Cinema's gift cards, Gold ... Check Gift Card Balance. Enter your gift card number to check your balance ...","""cinema"" ""gift card"" Greece",6,data\discovery\mass-harvest-v5\clean-v5.1\review.csv | data\discovery\mass-harvest-v5\clean-v5.2\manual-review.csv | data\discovery\mass-harvest-v5\clean-v5.3\global-review.csv | data\discovery\mass-harvest-v5\clean-v5.4\review.csv | data\discovery\mass-harvest-v5\clean-v5.5\review.csv | data\discovery\mega-harvest-v6\clean-v6\review.csv,,REVIEW,non_greek_brand_coherence_unclear
100,celebritycruises.com,Celebrity Cruises Gift Card,https://www.celebritycruises.com/gift-cards,Celebrity Cruises Gift Card,Celebrity Cruises Gift Card. Buy Now. undefined. Home; Gift Cards. GIVE THE GIFT ... Find a Cruise. Start Planning · Social icon pin1 · facebook · instagram ...,"""cruise"" ""gift card"" Greece",1,data\discovery\mega-harvest-v6\clean-v6\review.csv,,SECOND_PASS_SAFE,non_greek_brand_coherent_direct_gift_card
100,celia-thelabel.com,gift cards. - cē.lia,https://celia-thelabel.com/en/collections/gift-cards?srsltid=AfmBOoqNFR1qnsUlJnmpxvX2kjRNWVqS1j4BBE4RbEaD5q7BjbqZI2rN,gift cards. - cē.lia,"cē.lia gift voucher · cē.lia gift voucher. Regular price From €50,00 EUR. Regular price Sale price From €50,00 EUR. be true. bē you. lingerie made to love your ...","""Greece"" ""lingerie"" ""gift voucher""",1,data\discovery\mega-harvest-v6\clean-v6\review.csv,,REVIEW,non_greek_brand_coherence_unclear
80,cestino.gr,Δωροκάρτα – Cestino,https://cestino.gr/product-category/%CE%B4%CF%89%CF%81%CE%BF%CE%BA%CE%AC%CF%81%CF%84%CE%B1/,Δωροκάρτα – Cestino,Δωροκάρτα · Σπίτι · Κουζίνα · Hobby · Περιποίηση · Παιδί · Κατοικίδια · Προσφορές Έως και 18/05 · Δωροκάρτα.,"site:.gr ""hobby"" ""δωροκάρτα""",6,data\discovery\mass-harvest-v5\clean-v5.1\review.csv | data\discovery\mass-harvest-v5\clean-v5.2\manual-review.csv | data\discovery\mass-harvest-v5\clean-v5.3\global-review.csv | data\discovery\mass-harvest-v5\clean-v5.4\review.csv | data\discovery\mass-harvest-v5\clean-v5.5\review.csv | data\discovery\mega-harvest-v6\clean-v6\review.csv,,SECOND_PASS_SAFE,greek_brand_coherent_direct_gift_card
100,chania-culture.gr,Δωροκάρτα,https://shop.chania-culture.gr/product/gift-card/,Δωροκάρτα,Δωροκάρτα. 10.00€. Από: Προς: Δωροκάρτα. 10.00€ – 100.00€ Price range ... g-politismos@chania.gr · Φόρμα επικοινωνίας. Social Media. Όροι & Προϋποθέσεις ...,"""Chania"" ""δωροκάρτα""",2,data\discovery\mass-harvest-v5\clean-v5.4\review.csv | data\discovery\mass-harvest-v5\clean-v5.5\review.csv,,REVIEW,greek_domain_brand_coherence_unclear
80,chaniapetworld.gr,Δωροκάρτα,https://www.chaniapetworld.gr/product/dorokarta/,Δωροκάρτα,Δωροκάρτα - Image 1 ... Εξυπηρετηση Πελατων. Επικοινωνήστε μαζί μας · Ο λογαριασμός μου · Λίστα επιθυμιών · Ιστορικό παραγγελιών. Chania Pet World 2023 Κατασκευή ...,"""Chania"" ""δωροκάρτα""",5,data\discovery\mass-harvest-v5\clean-v5.1\review.csv | data\discovery\mass-harvest-v5\clean-v5.2\manual-review.csv | data\discovery\mass-harvest-v5\clean-v5.3\global-review.csv | data\discovery\mass-harvest-v5\clean-v5.4\review.csv | data\discovery\mass-harvest-v5\clean-v5.5\review.csv,,REVIEW,greek_domain_brand_coherence_unclear
85,charizma.gr,Δωροκάρτες,https://www.charizma.gr/pages/%CE%B4%CF%89%CF%81%CE%BF%CE%BA%CE%AC%CF%81%CF%84%CE%B1?srsltid=AfmBOooWE0Da_tvQlv220iorhLhcyst60VbuMRucQ1zdhPSizkRNhMR5,Δωροκάρτες,Ψάχνετε το τέλειο δώρο αλλά δεν μπορείτε να αποφασίσετε; H λύση είναι απλή: επιλέξτε μια δωροκάρτα από το Charizma Concept Store!,"site:.gr ""concept store"" ""δωροκάρτα""",1,data\discovery\mega-harvest-v6\clean-v6\review.csv,,REVIEW,greek_domain_brand_coherence_unclear
100,charleskeith.eu,Gift Card - Black Leather - 04 - CHARLES & KEITH GR,https://www.charleskeith.eu/gr/CKGIFTCARD-17.html,Gift Card - Black Leather - 04 - CHARLES & KEITH GR,Gift Card - Black Leather · The gift card can only be used in the currency that it was purchased in. · The gift card is valid for 1 year from the date of your ...,"""leather"" ""gift card"" Greece",3,data\discovery\mass-harvest-v5\clean-v5.3\greece-market-review.csv | data\discovery\mass-harvest-v5\clean-v5.4\review.csv | data\discovery\mass-harvest-v5\clean-v5.5\review.csv,,SECOND_PASS_SAFE,non_greek_brand_coherent_direct_gift_card
100,charlybaron.com,Makeup Gift Cards | Give the Gift of Natural Cosmetics - Charly Baron,https://www.charlybaron.com/en/gift-voucher/?srsltid=AfmBOoovX5G88d3igwwaL8EHD7jyGV54Hrvz3624Z1MDfbozWKIJEg2P,Makeup Gift Cards | Give the Gift of Natural Cosmetics - Charly Baron,"Greece, Hong Kong, Hungary, Iceland, India, Ireland, Israel, Italy, Japan, Jordan ... A cosmetics gift voucher gives the recipient the freedom to choose for ...","""Greece"" ""cosmetics"" ""gift voucher""",1,data\discovery\mega-harvest-v6\clean-v6\review.csv,,SECOND_PASS_SAFE,non_greek_brand_coherent_direct_gift_card
85,cheapet.gr,Αγοράστε μια δωροεπιταγή,https://cheapet.gr/account/voucher,Αγοράστε μια δωροεπιταγή,Αρχική » Λογαριασμός » Δωροεπιταγή. Αγοράστε μια δωροεπιταγή. Αυτή η δωροεπιταγή θα αποσταλεί μέσω E-Mail στον παραλήπτη μόλις ολοκληρωθεί η πληρωμή. * Όνομα ...,"site:.gr ""pet shop"" ""δωροεπιταγή""",2,data\discovery\focused-harvest-v7\clean-v7\review.csv | data\discovery\focused-harvest-v7-run1-backup\clean-v7\review.csv,,REVIEW,greek_domain_brand_coherence_unclear
70,chefshat.com.au,Shop $50 GIFT VOUCHER,https://www.chefshat.com.au/product/4035--50-gift-voucher?srsltid=AfmBOopYkesLP3JjvLfv0M2lF8T4pUXn7GDefz_syn3_Rk_dbwbkxvge,Shop $50 GIFT VOUCHER,Athens · Athens - Vintage · Atlantis · Austwind · Bogart · Café · Chopsticks · Cutlery ... Shoes · Unisex Jackets · Unisex Pants · Women's Jackets · Women's Pants ...,"""Athens"" ""shoes"" ""gift voucher""",1,data\discovery\mega-harvest-v6\clean-v6\review.csv,,REVIEW,non_greek_brand_coherence_unclear
100,chelseamagazines.com,The English Garden – National Garden Centre Gift Card Prize Draw ...,https://www.chelseamagazines.com/the-english-garden-national-garden-centre-gift-card-prize-draw-terms-and-conditions/?srsltid=AfmBOorNOoODMu6Vefypm2MVLTHAZcCfET-6OXp1X5xlnhOaksXLZBMn,The English Garden – National Garden Centre Gift Card Prize Draw ...,"One winning entrant will win a National Garden Centre Gift Card to the value of £250. The prize is subject to availability, non-transferable and there are no ...","""garden"" ""gift card"" Greece",1,data\discovery\mega-harvest-v6\clean-v6\review.csv,,REVIEW,non_greek_brand_coherence_unclear
100,cherrybox.gr,You are My Super Mom Gift Card,https://cherrybox.gr/1683635829833-you-are-my-super-mom-gift-card.html,You are My Super Mom Gift Card,You are My Super Mom Gift Card. Εγγραφή. ΕΓΓΡΑΦΗ. Σύνδεση. Διεύθυνση Email ... bubble-t-cosmetics. Toggle Nav Cherrybox · Zevioo CX Badge Zevioo Product Badge ...,"site:.gr ""cosmetics"" ""gift card""",2,data\discovery\focused-harvest-v7\clean-v7\review.csv | data\discovery\focused-harvest-v7-run1-backup\clean-v7\review.csv,,REVIEW,greek_domain_brand_coherence_unclear
100,chicgreekgifts.com,Gift Cards,https://chicgreekgifts.com/en/13-gift-cards,Gift Cards,... Decor · For Her · Sustainable · Ariadnes Thread Eco Series · For Him · Corporate ... We can send your gift card/voucher on any date within the next three months.,"""decor"" ""gift card"" Greece",5,data\discovery\mass-harvest-v5\clean-v5.2\global-review.csv | data\discovery\mass-harvest-v5\clean-v5.3\global-review.csv | data\discovery\mass-harvest-v5\clean-v5.4\review.csv | data\discovery\mass-harvest-v5\clean-v5.5\review.csv | data\discovery\mega-harvest-v6\clean-v6\review.csv,,REVIEW,non_greek_brand_coherence_unclear
100,chigee.com,CHIGEE Gift Card - Perfect for Motorcycle Lovers,https://www.chigee.com/products/chigee-gift-card?srsltid=AfmBOorC8ibdYXNMypJe88HNd7FBy7oa8PJJDF6361rCLSm51mJHlp-n,CHIGEE Gift Card - Perfect for Motorcycle Lovers,"A Chigee gift card lets them hand-pick the premium motorcycle parts, accessories and gear they truly want. Our gift cards are emailed instantly and come ...","""motorcycle"" ""gift card"" Greece",5,data\discovery\mass-harvest-v5\clean-v5.2\global-review.csv | data\discovery\mass-harvest-v5\clean-v5.3\global-review.csv | data\discovery\mass-harvest-v5\clean-v5.4\review.csv | data\discovery\mass-harvest-v5\clean-v5.5\review.csv | data\discovery\mega-harvest-v6\clean-v6\review.csv,,SECOND_PASS_SAFE,non_greek_brand_coherent_direct_gift_card
100,choosekos.com,Gift Card,https://choosekos.com/products/gift-card?srsltid=AfmBOordfW0bOgfXYgqL_YM4QUtg0PcJwdZ_EvDpxWTdSq4gWFLtbbAH,Gift Card,"... Gift Card. No reviews. Choose KOS. $10.00. Denominations. $10.00, $25.00, $50.00, $100.00. $10.00 - $10.00, $25.00 - $25.00, $50.00 - ...","""Kos"" ""gift card""",3,data\discovery\mass-harvest-v5\clean-v5.3\greece-market-review.csv | data\discovery\mass-harvest-v5\clean-v5.4\review.csv | data\discovery\mass-harvest-v5\clean-v5.5\review.csv,,REVIEW,non_greek_brand_coherence_unclear
100,choramykonos.com,Com,https://choramykonos.com/products/gift-card?srsltid=AfmBOophPOxo2iHOYxJfeA6c7nW-v9UCR5edTluHM5iINMzYYG76RI52,GIFT CARD,"Whether it's for a special occasion or just to show someone you care, our gift cards allow your loved ones to choose their favorite pieces from our exquisite ...","""Mykonos"" ""beauty"" ""gift card""",5,data\discovery\focused-harvest-v7-run1-backup\clean-v7\review.csv | data\discovery\mass-harvest-v5\clean-v5.2\global-review.csv | data\discovery\mass-harvest-v5\clean-v5.3\global-review.csv | data\discovery\mass-harvest-v5\clean-v5.4\review.csv | data\discovery\mass-harvest-v5\clean-v5.5\review.csv,,REVIEW,non_greek_brand_coherence_unclear
100,christakisathens.com,Christakis Gift Card – Online & In-Store,https://christakisathens.com/product/christakis-gift-card-online-in-store/,Christakis Gift Card – Online & In-Store,Christakis Athens Gift Card. Christakis Gift Card – Online & In-Store. Offer the gift of choice with the Christakis Gift Card. This flexible gift allows the ...,"""Athens"" ""gift card""",3,data\discovery\mass-harvest-v5\clean-v5.3\greece-market-review.csv | data\discovery\mass-harvest-v5\clean-v5.4\review.csv | data\discovery\mass-harvest-v5\clean-v5.5\review.csv,,REVIEW,non_greek_brand_coherence_unclear
100,christinabrampti.com,GIFT CARD TERMS & CONDITIONS,https://christinabrampti.com/pages/gift-card-terms-conditions?srsltid=AfmBOor68jY0oSbNlZ3ihBQenf_aQ9bnuKJmjtHpmlS5tGk6rNcPJ9OP,GIFT CARD TERMS & CONDITIONS,"... Athens, TIN: 062617994 Tax At. ... HOME DECOR · GIFT IDEAS · GIFT CARD · News · About Us · Contact Us · Become a B2B Partner · Log in · Instagram · Facebook ...","""Athens"" ""decor"" ""gift card""",1,data\discovery\mega-harvest-v6\clean-v6\review.csv,,REVIEW,non_greek_brand_coherence_unclear
100,ciaraphotography.com,Gift Cards - Kerry Wedding & Event Photographer,https://www.ciaraphotography.com/gift-cards/,Gift Cards - Kerry Wedding & Event Photographer,"... photography tuition from beginners to intermediate level, to festive family ... Date you would like the Recipient to receive the emailed gift voucher.","""photography"" ""gift voucher"" Greece",5,data\discovery\mass-harvest-v5\clean-v5.2\global-review.csv | data\discovery\mass-harvest-v5\clean-v5.3\global-review.csv | data\discovery\mass-harvest-v5\clean-v5.4\review.csv | data\discovery\mass-harvest-v5\clean-v5.5\review.csv | data\discovery\mega-harvest-v6\clean-v6\review.csv,,REVIEW,non_greek_brand_coherence_unclear
100,cicado.gr,Archives,https://cicado.gr/en/product-category/gift-cards/?srsltid,GIft Cards Archives,"GIft Cards. ... Gift Card. Gift Cards 100,00 € – 300,00 € Price range: 100,00 € through 300,00 €. Gift Card Amount. Choose an amount, 100 €, 150 €, 200 €, 300 ...","site:.gr ""gift cards""",5,data\discovery\focused-harvest-v7\clean-v7\review.csv | data\discovery\focused-harvest-v7-run1-backup\clean-v7\review.csv | data\discovery\mass-harvest-v5\clean-v5.4\review.csv | data\discovery\mass-harvest-v5\clean-v5.5\review.csv | data\discovery\mega-harvest-v6\clean-v6\review.csv,,REVIEW,greek_domain_brand_coherence_unclear
85,cigarfashion.gr,Αγοράστε μία Δωροεπιταγή,https://www.cigarfashion.gr/index.php?route,Αγοράστε μία Δωροεπιταγή,Αυτή η δωροεπιταγή θα αποσταλεί μέ e-mail στον παραλήπτη αφού ολοκληρωθεί ή πληρωμή σας. ... CIGAR FASHION © 2026. Κατασκευή Eshop Κατασκευή Eshop.,"site:.gr ""fashion"" ""δωροεπιταγή""",2,data\discovery\focused-harvest-v7\clean-v7\review.csv | data\discovery\focused-harvest-v7-run1-backup\clean-v7\review.csv,,REVIEW,greek_domain_brand_coherence_unclear
100,cinobo.com,What is Cinobo Gift Card and what does it offer?,https://cinobo.com/en/help/cinobo-gift-card/what-is-cinobo-gift-card-and-what-does-it-offer,What is Cinobo Gift Card and what does it offer?,Cinobo Gift Card is a digital gift card that you can purchase as a gift ... Access to the biggest community of cinema lovers in Greece where you get to ...,"""cinema"" ""gift card"" Greece",4,data\discovery\mass-harvest-v5\clean-v5.3\greece-market-review.csv | data\discovery\mass-harvest-v5\clean-v5.4\review.csv | data\discovery\mass-harvest-v5\clean-v5.5\review.csv | data\discovery\mega-harvest-v6\clean-v6\review.csv,,SECOND_PASS_SAFE,non_greek_brand_coherent_direct_gift_card
85,circa.co.nz,"Gift vouchers make the perfect present, giving your loved ...",https://www.circa.co.nz/package/circa-theatre-present-ideas/,"Gift vouchers make the perfect present, giving your loved ...",Circa Theatre Gift Vouchers can be used to purchase tickets to any of ... Click here to buy a gift voucher. We have upcycled old show billboard canvas ...,"""theatre"" ""gift voucher"" Greece",6,data\discovery\mass-harvest-v5\clean-v5.1\review.csv | data\discovery\mass-harvest-v5\clean-v5.2\manual-review.csv | data\discovery\mass-harvest-v5\clean-v5.3\global-review.csv | data\discovery\mass-harvest-v5\clean-v5.4\review.csv | data\discovery\mass-harvest-v5\clean-v5.5\review.csv | data\discovery\mega-harvest-v6\clean-v6\review.csv,,REVIEW,non_greek_brand_coherence_unclear
100,cityexperiences.com,Gift Cards - City Experiences | City Cruises | Walks,https://www.cityexperiences.com/el/gift-cards/,Gift Cards - City Experiences | City Cruises | Walks,"To purchase a Gift Card for our City Cruises UK products in GBP, please visit here. ... Ferry & Transportation. City Ferry Logo. Facebook · Instagram · Twitter ...","""ferry"" ""gift card"" Greece",4,data\discovery\mass-harvest-v5\clean-v5.3\greece-market-review.csv | data\discovery\mass-harvest-v5\clean-v5.4\review.csv | data\discovery\mass-harvest-v5\clean-v5.5\review.csv | data\discovery\mega-harvest-v6\clean-v6\review.csv,,SECOND_PASS_SAFE,non_greek_brand_coherent_direct_gift_card
100,clachic.gr,Terms of Purchase & Use of Gift Vouchers,https://www.clachic.gr/en-gb/terms-of-purchase-and-use-of-gift-vouchers?srsltid,Terms of Purchase & Use of Gift Vouchers,"The gift voucher can be redeemed either by printing and presenting it at the physical store of ClacChic.gr, or through online purchases from the website clachic ...","site:.gr ""jewelry"" ""gift voucher""",3,data\discovery\focused-harvest-v7\clean-v7\review.csv | data\discovery\focused-harvest-v7-run1-backup\clean-v7\review.csv | data\discovery\mega-harvest-v6\clean-v6\review.csv,,REVIEW,greek_domain_brand_coherence_unclear
100,classbento.com.au,Fun experience gift cards,https://classbento.com.au/workshop-experience-gift-cards?srsltid=AfmBOoqBqWOq3ZjVRwMVtLitGVlwAN58bDpHaJm2Y1LeMgcQJOMU0fTv,Fun experience gift cards,"Location Rhodes / Mobile ... Wine tasting experiences, mixology workshops and cheese making classes also make wonderful experience gift voucher ideas for those ...","""Rhodes"" ""beauty"" ""gift voucher""",2,data\discovery\focused-harvest-v7\clean-v7\review.csv | data\discovery\focused-harvest-v7-run1-backup\clean-v7\review.csv,,REVIEW,non_greek_brand_coherence_unclear
80,cliphut.eu,Gift voucher,https://cliphut.eu/en/products/geschenkgutschein?srsltid=AfmBOorgs2mTqgzu8d14aRafPHIzjx7EjXe8JaPvg2ciPIL1v57lw3Bu,Gift voucher,"Then give a ClipHut gift voucher. With a ClipHut voucher, you not only give the gift of lasting joy, but also contribute to the 'Fighting Fast Furniture' ...","""Greece"" ""furniture"" ""gift voucher""",1,data\discovery\mega-harvest-v6\clean-v6\review.csv,,REVIEW,non_greek_brand_coherence_unclear
100,cloudblvd.com.au,Lingerie Gift Voucher - Women's Underwear Gift Cards ...,https://cloudblvd.com.au/products/online-gift-voucher?srsltid=AfmBOoq_eovbimxTscMvdMKUK7aLXJRRxJRcTwriWdrse58gHinY3P0g,Lingerie Gift Voucher - Women's Underwear Gift Cards ...,"Give the gift of luxury with Cloud Blvd's Lingerie Gift Voucher. Valid for 3 years, redeem online or in-store, and delivered instantly via email.","""lingerie"" ""gift voucher"" Greece",5,data\discovery\mass-harvest-v5\clean-v5.2\global-review.csv | data\discovery\mass-harvest-v5\clean-v5.3\global-review.csv | data\discovery\mass-harvest-v5\clean-v5.4\review.csv | data\discovery\mass-harvest-v5\clean-v5.5\review.csv | data\discovery\mega-harvest-v6\clean-v6\review.csv,,REVIEW,non_greek_brand_coherence_unclear
100,coco-mat.com,Com,https://www.coco-mat.com/greece/en/product/gift-card,Gift Card,Gift Card 200€ - Purchase cost 160€; Gift Card 400€ - Purchase cost 320€; Gift Card 500€ - Purchase cost 400€. €40.00.,"""Kifisia"" ""experience"" ""gift card""",6,data\discovery\focused-harvest-v7\clean-v7\review.csv | data\discovery\focused-harvest-v7-run1-backup\clean-v7\review.csv | data\discovery\mass-harvest-v5\clean-v5.3\greece-market-review.csv | data\discovery\mass-harvest-v5\clean-v5.4\review.csv | data\discovery\mass-harvest-v5\clean-v5.5\review.csv | data\discovery\mega-harvest-v6\clean-v6\review.csv,,REVIEW,non_greek_brand_coherence_unclear
80,coconutkids.gr,Προσωποποιημένες Δωροκάρτες,https://coconutkids.gr/de/%CF%80%CF%81%CE%BF%CF%83%CF%89%CF%80%CE%BF%CF%80%CE%BF%CE%B9%CE%B7%CE%BC%CE%AD%CE%BD%CE%B5%CF%82-%CE%B4%CF%89%CF%81%CE%BF%CE%BA%CE%AC%CF%81%CF%84%CE%B5%CF%82/?srsltid=AfmBOoovPEvAy1kzevdLC7PQn16H97_kczc0q4Jxfy4dqQrvKVd4Ykkq,Προσωποποιημένες Δωροκάρτες,Δωροκάρτα Coconut Baby Boy με προσωποποιημένο μήνυμα. €50.00 – €200.00 ... Δωροκάρτα Coconut Baby Girl με προσωποποιημένο μήνυμα. €50.00 – €200.00 ...,"site:.gr ""baby"" ""δωροκάρτα""",1,data\discovery\mega-harvest-v6\clean-v6\review.csv,,REVIEW,greek_domain_brand_coherence_unclear
55,coffeelovers.gr,Coffeelovers Giftcard,https://coffeelovers.gr/product/coffeelovers-giftcard/,Coffeelovers Giftcard,Δωροκάρτα (Giftcard) · Αρχική · Επαγγελματικός Εξοπλισμός Cafe – Bar · Το αντικείμενο μας · Οι Υπηρεσίες μας · SCA Coffee Skills Diploma · SCA Coffee Skills ...,"site:.gr ""cafe"" ""δωροκάρτα""",1,data\discovery\mega-harvest-v6\clean-v6\review.csv,,SECOND_PASS_SAFE,greek_brand_coherent_direct_gift_card
100,coincards.com,Global Hotel Card Online Gift Card (Electronic Delivery) ...,https://coincards.com/eu/product/global-hotel-card-online-gift-card-electronic-delivery-greece/,Global Hotel Card Online Gift Card (Electronic Delivery) ...,Global Hotel Card Online Gift Card (Electronic Delivery) (Greece). Redeemable in: Greece. Brand: Global Hotel Card Website: https://www.globalhotelcard.com/ ...,"""hotel"" ""gift card"" Greece",1,data\discovery\mass-harvest-v5\clean-v5.5\review.csv,,REJECT,known_false_positive_or_reseller
100,coingate.com,Top 10 Gift Cards in Italia: Idee Regalo - CoinGate,https://coingate.com/gift-cards/articles/article/top-10-gift-cards-in-italia?srsltid=AfmBOorFdAX6h3G5PGZYIYvn4LVsYgmqLtz7hUpoI7YDwyem992rqdEo,Top 10 Gift Cards in Italia: Idee Regalo - CoinGate,"The Italo gift card is a convenient prepaid card that can be used to book train tickets for Italy's high-speed Italo trains, offering flexible ...","""Italy"" hotel ""gift card"" official",2,data\discovery\mass-harvest-v5\clean-v5.4\review.csv | data\discovery\mass-harvest-v5\clean-v5.5\review.csv,,SECOND_PASS_SAFE,non_greek_brand_coherent_direct_gift_card
100,coinsbee.com,Buy Electroholic.gr Gift Cards with Crypto,https://www.coinsbee.com/en/gift-cards/electronics/electroholic-gr/,Buy Electroholic.gr Gift Cards with Crypto,"This versatile e-gift card works like a convenient Electroholic.gr prepaid card for electronics, ideal for upgrading laptops, smartphones, gaming gear, ...","""electronics"" ""gift card"" Greece",3,data\discovery\mass-harvest-v5\clean-v5.4\review.csv | data\discovery\mass-harvest-v5\clean-v5.5\review.csv | data\discovery\mega-harvest-v6\clean-v6\review.csv,,REVIEW,non_greek_brand_coherence_unclear
100,cokkinishotel.com,Δωροκάρτα,https://www.cokkinishotel.com/gr/kinetta-attica-Special-Offers-gift-card/,Δωροκάρτα,Δωροκάρτα · Δωροκάρτα · Δωροκάρτα · Δωροκάρτα · Δωροκάρτα · Δωροκάρτα · Δωροκάρτα · Δωροκάρτα · Hotel Cokkinis ...,"""hotel"" ""δωροκάρτα"" Greece",1,data\discovery\mega-harvest-v6\clean-v6\review.csv,,REVIEW,non_greek_brand_coherence_unclear
100,colnect.com,Greece : Gift Cards [Theme: Furniture | Year: 2007],https://colnect.com/en/gift_cards/list/country/84-Greece/theme/2986-Furniture/year/2007,Greece : Gift Cards [Theme: Furniture | Year: 2007],"Greece : Gift Cards [Theme: Furniture | Year: 2007] : Colnect . Buy ... Gift Card catalog › Gift Cards (Theme: Furniture, Year: 2007). Switch to list ...","""furniture"" ""gift card"" Greece",1,data\discovery\mass-harvest-v5\clean-v5.5\review.csv,,REJECT,known_false_positive_or_reseller
55,colordrop.gr,Giftcard - ColorDrop,https://colordrop.gr/giftcard/,Giftcard - ColorDrop,Δωροκάρτα μέσω e-mail. Κάντε ένα ξεχωριστό δώρο στα αγαπημένα σας πρόσωπα ... BUSINESS DECOR · Google reviews · IRIS Card · NFC Business Card · Social Links ...,"site:.gr ""decor"" ""δωροκάρτα""",1,data\discovery\mega-harvest-v6\clean-v6\review.csv,,SECOND_PASS_SAFE,greek_brand_coherent_direct_gift_card
80,confetti-gifts.gr,Δωροκάρτα - Confetti - Gifts,https://confetti-gifts.gr/product/dwrokarta-confetti-gifts/,Δωροκάρτα - Confetti - Gifts,"Χάρισε απόλυτη ευελιξία με τη δωροκάρτα Confetti Gifts! Ιδανική για κάθε περίσταση, με άμεση ηλεκτρονική αποστολή και επιλογή ποσού.","site:.gr ""gifts"" ""δωροκάρτα""",1,data\discovery\mega-harvest-v6\clean-v6\review.csv,,SECOND_PASS_SAFE,greek_brand_coherent_direct_gift_card
100,congusto.com,Gift Card,https://www.congusto.com/en/collections/gift-card?srsltid=AfmBOopc-OgZFOBDVoes-nVXOD-x2OWJffyUFvZ0klrcvS3Ya_24AazD,Gift Card,"... Greece (EUR €), Hungary (HUF Ft), Ireland (EUR ... COURSES. Professional courses · Master · International Programs · Enthusiasts courses · Gift Cards · Team ...","""courses"" ""gift card"" Greece",4,data\discovery\mass-harvest-v5\clean-v5.3\greece-market-review.csv | data\discovery\mass-harvest-v5\clean-v5.4\review.csv | data\discovery\mass-harvest-v5\clean-v5.5\review.csv | data\discovery\mega-harvest-v6\clean-v6\review.csv,,REVIEW,non_greek_brand_coherence_unclear
100,connections.be,Order now your Gift Card | Connections.be,https://www.connections.be/en/gift-card,Order now your Gift Card | Connections.be,The gift voucher can be redeemed in our Connections travel shops (not online). ... Meet the Connections crew in our Travel Shops located all over Belgium. All ...,"""Belgium"" travel ""gift voucher"" official",4,data\discovery\mass-harvest-v5\clean-v5.2\global-review.csv | data\discovery\mass-harvest-v5\clean-v5.3\global-review.csv | data\discovery\mass-harvest-v5\clean-v5.4\review.csv | data\discovery\mass-harvest-v5\clean-v5.5\review.csv,,SECOND_PASS_SAFE,non_greek_brand_coherent_direct_gift_card
100,connollybooks.org,Connolly Books Gift Voucher,https://www.connollybooks.org/product/gift-voucher,Connolly Books Gift Voucher,... Connolly Books Gift Voucher. Product Code: Gift-Voucher. Rating: Be the first to write a review. Weight: 5.0g. Product Condition: New. With a ...,"""books"" ""gift voucher"" Greece",5,data\discovery\mass-harvest-v5\clean-v5.2\global-review.csv | data\discovery\mass-harvest-v5\clean-v5.3\global-review.csv | data\discovery\mass-harvest-v5\clean-v5.4\review.csv | data\discovery\mass-harvest-v5\clean-v5.5\review.csv | data\discovery\mega-harvest-v6\clean-v6\review.csv,,SECOND_PASS_SAFE,non_greek_brand_coherent_direct_gift_card
100,contiki.com,Travel Gift Card | Holiday Gift Voucher | Contiki EU,https://www.contiki.com/en-eu/resources/travel-gift-card,Travel Gift Card | Holiday Gift Voucher | Contiki EU,Want to give a Contiki travel gift card to a special person with a long list of travel dreams ... Caribbean Netherlands (+599). Cayman Islands (+1). Central ...,"""Netherlands"" travel ""gift voucher"" official",4,data\discovery\mass-harvest-v5\clean-v5.2\global-review.csv | data\discovery\mass-harvest-v5\clean-v5.3\global-review.csv | data\discovery\mass-harvest-v5\clean-v5.4\review.csv | data\discovery\mass-harvest-v5\clean-v5.5\review.csv,,SECOND_PASS_SAFE,non_greek_brand_coherent_direct_gift_card
100,coolkidsstickerco.com,Gift Vouchers | Removable Wall Decals & Kids Room Decor,https://coolkidsstickerco.com/en-it/products/cool-kids-co-gift-voucher,Gift Vouchers | Removable Wall Decals & Kids Room Decor,"Give a Cool Kids Co. gift card so they can choose their own wall panels, decals or room decor. Delivered instantly by email, straight to their inbox.","""kids"" ""gift voucher"" Greece",5,data\discovery\mass-harvest-v5\clean-v5.2\global-review.csv | data\discovery\mass-harvest-v5\clean-v5.3\global-review.csv | data\discovery\mass-harvest-v5\clean-v5.4\review.csv | data\discovery\mass-harvest-v5\clean-v5.5\review.csv | data\discovery\mega-harvest-v6\clean-v6\review.csv,,REVIEW,non_greek_brand_coherence_unclear
100,cooptravelcy.com,GIFT VOUCHER,https://cooptravelcy.com/gift-voucher/,GIFT VOUCHER,GIFT VOUCHER. Facebook-f Twitter Instagram ... Cyprus Maps · – Cyprus Weather · – Larnaca Airport · – Paphos Airport · – Church of ...,"""Cyprus"" travel ""gift voucher"" official",4,data\discovery\mass-harvest-v5\clean-v5.2\global-review.csv | data\discovery\mass-harvest-v5\clean-v5.3\global-review.csv | data\discovery\mass-harvest-v5\clean-v5.4\review.csv | data\discovery\mass-harvest-v5\clean-v5.5\review.csv,,REVIEW,non_greek_brand_coherence_unclear
80,copenhagenisland.com,Purchase a gift card for a hotel stay in Copenhagen or ...,https://www.copenhagenisland.com/prices/gift-certificate,Purchase a gift card for a hotel stay in Copenhagen or ...,"Gift card for a hotel stay. Give a gift card for a hotel stay. Looking for the ... 1560 Copenhagen, Denmark (+45) 3338 9600 copenhagenisland@arp-hansen.dk ...","""Denmark"" hotel ""gift card"" official",5,data\discovery\mass-harvest-v5\clean-v5.1\review.csv | data\discovery\mass-harvest-v5\clean-v5.2\manual-review.csv | data\discovery\mass-harvest-v5\clean-v5.3\global-review.csv | data\discovery\mass-harvest-v5\clean-v5.4\review.csv | data\discovery\mass-harvest-v5\clean-v5.5\review.csv,,REVIEW,non_greek_brand_coherence_unclear
85,cordella.gr,500€,https://www.cordella.gr/shop/empeiries/taxidia-metakiniseis/xenodoxeia-diamones/dorokarta-500_10995,Δωροκάρτα 500€,"Αξιοποιήστε τη Δωροκάρτα για τη διαμονή σας, εξαργυρώνοντάς τη σε διανυκτερεύσεις ή και για να απολαύσετε τις διαθέσιμες εμπειρίες του Saint Hotel Santorini ...","""Santorini"" ""hotel"" ""δωροκάρτα""",8,data\discovery\focused-harvest-v7\clean-v7\review.csv | data\discovery\focused-harvest-v7-run1-backup\clean-v7\review.csv | data\discovery\mass-harvest-v5\clean-v5.1\review.csv | data\discovery\mass-harvest-v5\clean-v5.2\manual-review.csv | data\discovery\mass-harvest-v5\clean-v5.3\global-review.csv | data\discovery\mass-harvest-v5\clean-v5.4\review.csv | data\discovery\mass-harvest-v5\clean-v5.5\review.csv | data\discovery\mega-harvest-v6\clean-v6\review.csv,,REVIEW,greek_domain_brand_coherence_unclear
80,corfuland.gr,Κερδίστε δωροεπιταγή αξίας 100€ από τα Οπτικά Μαριλένα ...,https://www.corfuland.gr/el/diagonismoi/kerkyra/diagonismoi/kerdiste-doroepitagi-aksias-100-apo-ta-optika-marilena-chondrogianni.html,Κερδίστε δωροεπιταγή αξίας 100€ από τα Οπτικά Μαριλένα ...,Κερδίστε δωροεπιταγή αξίας 100€ από τα Οπτικά Μαριλένα Χονδρογιάννη ... Optics · eos-villas · Metallinos 07062018. Previous Next Play Pause ...,"site:.gr ""optics"" ""δωροεπιταγή""",1,data\discovery\focused-harvest-v7\clean-v7\review.csv,,REVIEW,greek_domain_brand_coherence_unclear
100,corfutravelco.com,Win a €100 Venetian Well Gift Voucher in Corfu Town — Corfu ...,https://www.corfutravelco.com/travel-guide/win-a-100-venetian-well-gift-voucher-discover-one-of-corfu-towns-most-romantic-restaurants,Win a €100 Venetian Well Gift Voucher in Corfu Town — Corfu ...,"Enter the Corfu Travel Co giveaway for the chance to win a €100 gift voucher for The Venetian Well, one of Corfu Old Town's most romantic restaurants.","""Corfu"" ""gift voucher""",1,data\discovery\mass-harvest-v5\clean-v5.5\review.csv,,REJECT,non_merchant_signal
100,corporate.wolt.com,Celebrate Employees with Gift Cards | Wolt for Work,https://corporate.wolt.com/pages/en/aut/wolt-for-work/gift-cards,Celebrate Employees with Gift Cards | Wolt for Work,The Wolt gift card lets your employees order from thousands of businesses ... Austria; English; Theme; Cookies. Accessibility Statement · User Terms of ...,"""Austria"" fashion ""gift card"" official",4,data\discovery\mass-harvest-v5\clean-v5.2\global-review.csv | data\discovery\mass-harvest-v5\clean-v5.3\global-review.csv | data\discovery\mass-harvest-v5\clean-v5.4\review.csv | data\discovery\mass-harvest-v5\clean-v5.5\review.csv,,SECOND_PASS_SAFE,non_greek_brand_coherent_direct_gift_card
100,cosmossport.cy,Gift Cards & eGiftcards,https://www.cosmossport.cy/en/content/239-giftcards-cosmos-sport,Gift Cards & eGiftcards,"... Cyprus. -Is it possible to apply an Online Gift Card over and above a ... The Online Gift Card cannot be returned, you can use the Electronic Gift Card ...","""Cyprus"" fashion ""gift card"" official",4,data\discovery\mass-harvest-v5\clean-v5.2\global-review.csv | data\discovery\mass-harvest-v5\clean-v5.3\global-review.csv | data\discovery\mass-harvest-v5\clean-v5.4\review.csv | data\discovery\mass-harvest-v5\clean-v5.5\review.csv,,REVIEW,non_greek_brand_coherence_unclear
55,cosycottagesoap.co.uk,Cosy Cottage 'Choose Your Own Gift' E-Voucher,https://www.cosycottagesoap.co.uk/products/cosy-cottage-choose-your-own-gift-voucher?srsltid=AfmBOoqmBKzUEkZ2qIOKYzvpM36xomg1rANneIfBXbTlrBF0_l0S2lro,Cosy Cottage 'Choose Your Own Gift' E-Voucher,"Choose thoughtful, ethical birthday, womens', mens' or childrens' gifts with an e-gift voucher from Cosy Cottage from only £ ... Natural Haircare ...","""haircare"" ""gift voucher"" Greece",1,data\discovery\mega-harvest-v6\clean-v6\review.csv,,REVIEW,non_greek_brand_coherence_unclear
100,cottonandcrete.com,Cotton and Crete E,https://cottonandcrete.com/products/cotton-and-crete-gift-card?srsltid=AfmBOor0XJZehj8qBkx7LSMjjDpSL8bDW_p4DxHp0HxpA0yaMhX-Z15d,Cotton and Crete E-Gift Card,Cotton and Crete E-Gift Card. $10.00. Change. Regular price $10.00. Add to Bag.,"""Crete"" ""gift card""",6,data\discovery\focused-harvest-v7\clean-v7\review.csv | data\discovery\focused-harvest-v7-run1-backup\clean-v7\review.csv | data\discovery\mass-harvest-v5\clean-v5.3\greece-market-review.csv | data\discovery\mass-harvest-v5\clean-v5.4\review.csv | data\discovery\mass-harvest-v5\clean-v5.5\review.csv | data\discovery\mega-harvest-v6\clean-v6\review.csv,,SECOND_PASS_SAFE,non_greek_brand_coherent_direct_gift_card
80,cougarsport.gr,Δωροκάρτα,https://www.cougarsport.gr/product/dwrokarta/,Δωροκάρτα,ΑΡΧΙΚΗ|Uncategorized|Δωροκάρτα. Δωροκάρτα. Κωδικός: cougarsport ... Nike Sportswear Phoenix Fleece Γυναικείο Παντελόνι Φόρμας-1 Nike Sportswear ...,"site:.gr ""sportswear"" ""δωροκάρτα""",1,data\discovery\mega-harvest-v6\clean-v6\review.csv,,REVIEW,greek_domain_brand_coherence_unclear
100,coyamykonos.giftpro.co.uk,Monetary Gift Voucher - COYA Mykonos,https://coyamykonos.giftpro.co.uk/vouchers/monetary-gift-voucher/,Monetary Gift Voucher - COYA Mykonos,Join us in our open-air restaurant for an engaging and immersive ... Monetary Gift Voucher at COYA Mykonos gift voucher packaging. E-Delivery. Your ...,"""Mykonos"" ""restaurant"" ""gift voucher""",4,data\discovery\focused-harvest-v7-run1-backup\clean-v7\review.csv | data\discovery\mass-harvest-v5\clean-v5.3\greece-market-review.csv | data\discovery\mass-harvest-v5\clean-v5.4\review.csv | data\discovery\mass-harvest-v5\clean-v5.5\review.csv,,REVIEW,non_greek_brand_coherence_unclear
100,createathens.gr,Create Gift Card,https://createathens.gr/el/shop/items/coffee-tools/create-gift-card-gr/,Create Gift Card,"Δώρο για λάτρεις του καφέ! Η Create Gift Card χρησιμοποιείται για σεμινάρια, γευσιγνωσίες και προϊόντα στο κατάστημα. Για σένα ή για δώρο!","""tools"" ""gift card"" Greece",2,data\discovery\mass-harvest-v5\clean-v5.4\review.csv | data\discovery\mass-harvest-v5\clean-v5.5\review.csv,,REVIEW,greek_domain_brand_coherence_unclear
65,creedboutique.com,Creedboutique,https://creedboutique.com/products/e-gift-card?srsltid=AfmBOoo3qXP6SLLzDXP_dESBbEkLBCVVrj9M5NenK0LOA645W0ZBgPMt,E-Gift Card | Luxury Fragrance Gift Voucher,"With Creed fragrances the finished perfume will always follow the same identical formula, but also breathe out an individual signature, just as a precious wine ...","""perfume"" ""gift voucher"" Greece",6,data\discovery\mass-harvest-v5\clean-v5.1\review.csv | data\discovery\mass-harvest-v5\clean-v5.2\manual-review.csv | data\discovery\mass-harvest-v5\clean-v5.3\global-review.csv | data\discovery\mass-harvest-v5\clean-v5.4\review.csv | data\discovery\mass-harvest-v5\clean-v5.5\review.csv | data\discovery\mega-harvest-v6\clean-v6\review.csv,,SECOND_PASS_SAFE,non_greek_brand_coherent_direct_gift_card
100,crescendo-rodi.gr,Crescendo,https://www.crescendo-rodi.gr/gift-cards/,Gift Cards - Crescendo,Bags · Purses · Belts. Menu. Home · About Us; Collections; Accessories · Bags · Purses ... Golden gift voucher. Crescendo Logo. About. About Us · My Account ...,"site:.gr ""bags"" ""gift voucher""",5,data\discovery\focused-harvest-v7\clean-v7\review.csv | data\discovery\focused-harvest-v7-run1-backup\clean-v7\review.csv | data\discovery\mass-harvest-v5\clean-v5.4\review.csv | data\discovery\mass-harvest-v5\clean-v5.5\review.csv | data\discovery\mega-harvest-v6\clean-v6\review.csv,,REVIEW,greek_domain_brand_coherence_unclear
80,cretalive.gr,It's a perfect Easter gift για το βαφτιστήρι σου!,https://www.cretalive.gr/kriti/dorokarta-its-perfect-easter-gift-gia-baftistiri-soy-0,Δωροκάρτα: It's a perfect Easter gift για το βαφτιστήρι σου!,Η βαφτιστήρα σου μεγαλώνει και μαζί της μεγαλώνει και το στυλ της και η δωροκάρτα μετατρέπεται σε fashion statement. ... Best of Crete. Ι ...,"""Crete"" ""fashion"" ""δωροκάρτα""",2,data\discovery\focused-harvest-v7\clean-v7\review.csv | data\discovery\focused-harvest-v7-run1-backup\clean-v7\review.csv,,REVIEW,greek_domain_brand_coherence_unclear
100,cretegolfclub.com,Com,https://www.cretegolfclub.com/el/gift-cards/,Gift Cards,"Crete Golf · Home · The Course · The Hotel · The Club · Events · Gallery · About Crete ... Gift Card. Promo Gift Card. Card Value1,000.00€. Never Expiry. Never ...","""Crete"" ""hotel"" ""gift card""",5,data\discovery\focused-harvest-v7\clean-v7\review.csv | data\discovery\focused-harvest-v7-run1-backup\clean-v7\review.csv | data\discovery\mass-harvest-v5\clean-v5.3\greece-market-review.csv | data\discovery\mass-harvest-v5\clean-v5.4\review.csv | data\discovery\mass-harvest-v5\clean-v5.5\review.csv,,REVIEW,non_greek_brand_coherence_unclear
100,cretelocaladventures.com,Com,https://www.cretelocaladventures.com/gift-card/,Gift Card,"Gift Card. Give them an experience they'll remember! text, icon. 1. Book Now ... Crete Tours · About Us · Contact Us · Privacy & Cookie Statement.","""Crete"" ""experience"" ""gift card""",5,data\discovery\focused-harvest-v7\clean-v7\review.csv | data\discovery\focused-harvest-v7-run1-backup\clean-v7\review.csv | data\discovery\mass-harvest-v5\clean-v5.3\greece-market-review.csv | data\discovery\mass-harvest-v5\clean-v5.4\review.csv | data\discovery\mass-harvest-v5\clean-v5.5\review.csv,,REVIEW,non_greek_brand_coherence_unclear
100,cruisecritic.com,Cruise E,https://www.cruisecritic.com/articles/5-lines-that-make-gift-giving-easy-with-cruise-gift-cards,Cruise E-Gift Cards: Should You Buy Them?,"The e-gift card can be used towards the payment of the cruise reservation (deposit and final payment), as well as any additional pre-booked ...","""cruise"" ""gift card"" Greece",1,data\discovery\mega-harvest-v6\clean-v6\review.csv,,REVIEW,non_greek_brand_coherence_unclear
100,csqworld.com,Gift Cards Gain Popularity in Spain as Consumers ...,https://www.csqworld.com/gift-cards-gain-popularity-in-spain-as-consumers-embrace-flexible-gifting-and-digital-convenience/,Gift Cards Gain Popularity in Spain as Consumers ...,"Retailers like El Corte Inglés, Amazon.es, and ... gift card sales—solidifying their role as a key component in modern retail strategies across Spain.","""Spain"" retail ""gift card"" official",3,data\discovery\mass-harvest-v5\clean-v5.2\global-review.csv | data\discovery\mass-harvest-v5\clean-v5.3\global-review.csv | data\discovery\mass-harvest-v5\clean-v5.5\review.csv,,REJECT,third_party_amazon_gift_card
85,css.lighthouse.gr,Nakas Music Δωροκάρτα 300€ – Lighthouse Comparison Shopping,https://css.lighthouse.gr/product/nakas-music-%CE%B4%CF%89%CF%81%CE%BF%CE%BA%CE%AC%CF%81%CF%84%CE%B1-300e/,Nakas Music Δωροκάρτα 300€ – Lighthouse Comparison Shopping,"Nakas Music Δωροκάρτα 300€. 300,00 €. Nakas Music Δωροκάρτα 300€. Shop Now. SKU: 824822. Category: Δωροκάρτες, ΠΡΟΙΟΝΤΑ. Description; Additional information ...","site:.gr ""music"" ""δωροκάρτα""",5,data\discovery\mass-harvest-v5\clean-v5.1\review.csv | data\discovery\mass-harvest-v5\clean-v5.2\manual-review.csv | data\discovery\mass-harvest-v5\clean-v5.3\global-review.csv | data\discovery\mass-harvest-v5\clean-v5.4\review.csv | data\discovery\mass-harvest-v5\clean-v5.5\review.csv,,SECOND_PASS_SAFE,greek_brand_coherent_direct_gift_card
100,cuka.gr,Δωροκάρτα - Δεν ξέρεις τι δώρο να κάνεις σε ένα αγαπημένο ...,https://cuka.gr/shop/new-collection-ss-26-all/gift-card-2/,Δωροκάρτα - Δεν ξέρεις τι δώρο να κάνεις σε ένα αγαπημένο ...,compania fantastica cukagr volos. 206679885 101450452201347 ... Δωροκάρτα – Δεν ξέρεις τι δώρο να κάνεις σε ένα αγαπημένο σου πρόσωπο? Τώρα μπορείς να ...,"""Volos"" ""δωροκάρτα""",2,data\discovery\mass-harvest-v5\clean-v5.4\review.csv | data\discovery\mass-harvest-v5\clean-v5.5\review.csv,,REVIEW,greek_domain_brand_coherence_unclear
80,cultival.fr,Offering a cultural tour: the Cultival gift voucher,https://www.cultival.fr/en_GB/taxons/indiv/cultival-discover-the-cultival-gift-range?srsltid=AfmBOoqy_b1xBLmvHjV4JvFxVxrn_t6uAkwjIqI22bHnmoa7ROgumwzp,Offering a cultural tour: the Cultival gift voucher,Gift Voucher Gift voucher for Clairefontaine. French National Football ... Gift Voucher Stade de France gift voucher. Stade de France · passages-couverts ...,"""France"" travel ""gift voucher"" official",5,data\discovery\mass-harvest-v5\clean-v5.1\review.csv | data\discovery\mass-harvest-v5\clean-v5.2\manual-review.csv | data\discovery\mass-harvest-v5\clean-v5.3\global-review.csv | data\discovery\mass-harvest-v5\clean-v5.4\review.csv | data\discovery\mass-harvest-v5\clean-v5.5\review.csv,,SECOND_PASS_SAFE,non_greek_brand_coherent_direct_gift_card
85,cysend.com,Buy Protect Marine Area Gift Card Gift Card in Greece online securely,https://www.cysend.com/product-page/31761,Buy Protect Marine Area Gift Card Gift Card in Greece online securely,Support Greek marine conservation with our Protect Marine Area Gift Card. Give the gift of sustainability and contribute to safeguarding Greece's precious ...,"""marine"" ""gift card"" Greece",6,data\discovery\mass-harvest-v5\clean-v5.1\review.csv | data\discovery\mass-harvest-v5\clean-v5.2\manual-review.csv | data\discovery\mass-harvest-v5\clean-v5.3\global-review.csv | data\discovery\mass-harvest-v5\clean-v5.4\review.csv | data\discovery\mass-harvest-v5\clean-v5.5\review.csv | data\discovery\mega-harvest-v6\clean-v6\review.csv,,REVIEW,non_greek_brand_coherence_unclear
80,dacinzia.be,Da Cinzia Gift Card | Women's Fashion Belgium - Perfect Gift,https://www.dacinzia.be/en/products/offrez-une-carte-cadeau-da-cinzia-mode-tendance-style-feminin?srsltid=AfmBOorihSKV0vxpSRP7gA7prs_GcvSsOhUiNybRUwarcfnXMKZxxuE5,Da Cinzia Gift Card | Women's Fashion Belgium - Perfect Gift,"Da Cinzia Gift Card | Trendy & Elegant Women's Fashion. Da Cinzia Gift Card ... Be sure to please with Da Cinzia, your women's fashion boutique in Belgium.","""Belgium"" fashion ""gift card"" official",5,data\discovery\mass-harvest-v5\clean-v5.1\review.csv | data\discovery\mass-harvest-v5\clean-v5.2\manual-review.csv | data\discovery\mass-harvest-v5\clean-v5.3\global-review.csv | data\discovery\mass-harvest-v5\clean-v5.4\review.csv | data\discovery\mass-harvest-v5\clean-v5.5\review.csv,,SECOND_PASS_SAFE,non_greek_brand_coherent_direct_gift_card
100,daimonbarber.com,Gift Card,https://www.daimonbarber.com/products/gift-card?srsltid=AfmBOorRSFrTZ1RKpuLYjpXdHpyc769MFvweF6lCWx9O4COTtRnBjslT,Gift Card,Give them the gift of choice with a Daimon Barber gift card. Gift cards are delivered by email and contain instructions to redeem them at checkout. Our gift ...,"""barber"" ""gift card"" Greece",1,data\discovery\mega-harvest-v6\clean-v6\review.csv,,REVIEW,non_greek_brand_coherence_unclear
100,dalisleather.gr,Δωροκάρτα,https://dalisleather.gr/product/gift-card/,Δωροκάρτα,... Δωροκάρτα · Αρχική σελίδα / Χωρίς κατηγορία / Δωροκάρτα Χωρίς κατηγορία ... Leather. Running by Dropwebart ltd. Κύλιση στην κορυφή.,"site:.gr ""leather"" ""δωροκάρτα""",2,data\discovery\mass-harvest-v5\clean-v5.4\review.csv | data\discovery\mass-harvest-v5\clean-v5.5\review.csv,,REVIEW,greek_domain_brand_coherence_unclear
100,dandolighting.com,D&O Lighting Gift Card,https://www.dandolighting.com/products/d-o-lighting-gift-card?srsltid=AfmBOor1bJydVUe3eez3-s5poQfTc0M7EXuWg4EGZOqq07-8E2aS0L32,D&O Lighting Gift Card,"... lighting for their film projects, take advantage of our many gift card options. ... Greece, Greenland (Denmark), Grenada, Guadeloupe, Guam, Ghana, Guatemala ...","""lighting"" ""gift card"" Greece",1,data\discovery\mega-harvest-v6\clean-v6\review.csv,,REVIEW,non_greek_brand_coherence_unclear
100,danessamyricksbeauty.eu,Danessa Myricks Beauty €50 Gift Card,https://danessamyricksbeauty.eu/gift-card-50?srsltid=AfmBOoqNkHZKKVgdIboi9ug-70LYXJuMnCpAYtG7cyyuCaB9_eF5yjVW,Danessa Myricks Beauty €50 Gift Card,Give the gift of beauty with a Danessa Myricks Beauty €50 Gift Card ... Beauty Europe. Read our Terms and Conditions ... official email addresses. Visit ...,"""Europe"" beauty ""gift card"" official",4,data\discovery\mass-harvest-v5\clean-v5.2\global-review.csv | data\discovery\mass-harvest-v5\clean-v5.3\global-review.csv | data\discovery\mass-harvest-v5\clean-v5.4\review.csv | data\discovery\mass-harvest-v5\clean-v5.5\review.csv,,SECOND_PASS_SAFE,non_greek_brand_coherent_direct_gift_card
80,danske-hoteller.dk,GIVE A GIFT CARD,https://www.danske-hoteller.dk/en/gavekort/,GIVE A GIFT CARD,"Danske Hoteller A/S' gift card is valid for all of the group's 27 hotels and inns throughout Denmark, giving you the opportunity to explore the region or city ...","""Denmark"" hotel ""gift card"" official",5,data\discovery\mass-harvest-v5\clean-v5.1\review.csv | data\discovery\mass-harvest-v5\clean-v5.2\manual-review.csv | data\discovery\mass-harvest-v5\clean-v5.3\global-review.csv | data\discovery\mass-harvest-v5\clean-v5.4\review.csv | data\discovery\mass-harvest-v5\clean-v5.5\review.csv,,REVIEW,non_greek_brand_coherence_unclear
100,dantemen.com,Gift Cards,https://dantemen.com/collections/gift-card?srsltid=AfmBOoqri6v9Orw84ul7ldNqhv3n7y23A-oVPvO5kJE_2astMhSEh-8C,Gift Cards,"Shopping for someone else but not sure what to give for?Give them the gift of choice with a Dante gift card ... Chalandri, Aristeidou 46A, 15 234, Phone ...","""Chalandri"" ""home"" ""gift card""",1,data\discovery\mega-harvest-v6\clean-v6\review.csv,,REVIEW,non_greek_brand_coherence_unclear
100,daphnes-greekcafe.com,Daphne's Greek Cafe Gift Cards,https://daphnes-greekcafe.com/gift-cards/check,Daphne's Greek Cafe Gift Cards,Buy Daphne's Greek Cafe gift cards online. The perfect gift for any occasion. Send a gift card instantly to family or friends.,"""cafe"" ""gift card"" Greece",4,data\discovery\mass-harvest-v5\clean-v5.3\greece-market-review.csv | data\discovery\mass-harvest-v5\clean-v5.4\review.csv | data\discovery\mass-harvest-v5\clean-v5.5\review.csv | data\discovery\mega-harvest-v6\clean-v6\review.csv,,SECOND_PASS_SAFE,non_greek_brand_coherent_direct_gift_card
100,databridgemarketresearch.com,Europe Gift Card Market – Industry Trends and Forecast to ...,https://www.databridgemarketresearch.com/reports/europe-gift-card-market?srsltid=AfmBOoo2DhtOObjMUnmq-NSIw3vVhMZnaiLNWhRwzSUSqhzgKP02KKVX,Europe Gift Card Market – Industry Trends and Forecast to ...,"The Europe Gift Card market was valued at USD 256857.19 Million in 2022 and is expected to reach USD 896605.19 Million by 2030, growing at a CAGR of 17.20% ...","""Europe"" retail ""gift card"" official",4,data\discovery\mass-harvest-v5\clean-v5.2\global-review.csv | data\discovery\mass-harvest-v5\clean-v5.3\global-review.csv | data\discovery\mass-harvest-v5\clean-v5.4\review.csv | data\discovery\mass-harvest-v5\clean-v5.5\review.csv,,REVIEW,non_greek_brand_coherence_unclear
85,davosoutdoor.gr,Αγοράστε μία Δωροεπιταγή,https://davosoutdoor.gr/index.php?route,Αγοράστε μία Δωροεπιταγή,Η ηλεκτρονική δωροκάρτα δεν εξαργυρώνεται με μετρητά. Η Davos Outdoor δεν ευθύνεται σε καμία περίπτωση για την απώλεια ή την κλοπή της ηλεκτρονικής δωροκάρτας.,"site:.gr ""outdoor"" ""δωροκάρτα""",8,data\discovery\focused-harvest-v7\clean-v7\review.csv | data\discovery\focused-harvest-v7-run1-backup\clean-v7\review.csv | data\discovery\mass-harvest-v5\clean-v5.1\review.csv | data\discovery\mass-harvest-v5\clean-v5.2\manual-review.csv | data\discovery\mass-harvest-v5\clean-v5.3\global-review.csv | data\discovery\mass-harvest-v5\clean-v5.4\review.csv | data\discovery\mass-harvest-v5\clean-v5.5\review.csv | data\discovery\mega-harvest-v6\clean-v6\review.csv,,REVIEW,greek_domain_brand_coherence_unclear
85,daydreamevents.gr,Δωροκάρτα,https://daydreamevents.gr/%CE%B4%CF%89%CF%81%CE%BF%CE%BA%CE%AC%CF%81%CF%84%CE%B1?srsltid=AfmBOopa62DV3ntSlNx77_D8FbNEFlUxzK4oza7FsEtdIoMLaPcZBj8w,Δωροκάρτα,You have no items in your shopping cart. Σύνδεση · DayDream Events ... Δωροκάρτα. Ταξινόμηση ανά. Κορυφαίες επιλογές πρώτα ... © 2026 DayDream Events.,"site:.gr ""events"" ""δωροκάρτα""",1,data\discovery\mega-harvest-v6\clean-v6\review.csv,,REVIEW,greek_domain_brand_coherence_unclear
80,dazzeal.gr,Αγόρασε μία Δωροκάρτα,https://dazzeal.gr/index.php?route=account/voucher&srsltid=AfmBOoqy_hnVJ619i7JS0M-6fqh-xPd9tZ5LD_kRAp7W_2gzhg5-DrE8,Αγόρασε μία Δωροκάρτα,"Haircare · HAIRCARE · Conditioners & Μάσκες Μαλλιών · Styling · Θεραπείες Μαλλιών ... και κανε την ημερα τους πιο Dazzealing! Ποσό*. Δωροκάρτα 25€, Δωροκάρτα 50 ...","site:.gr ""haircare"" ""δωροκάρτα""",1,data\discovery\mega-harvest-v6\clean-v6\review.csv,,REVIEW,greek_domain_brand_coherence_unclear
100,de.accor-giftcards.com,ALL Gift Card – Dive into the love of travel with Accor | Buy Now,https://de.accor-giftcards.com/,ALL Gift Card – Dive into the love of travel with Accor | Buy Now,"Switzerland (CHF), United Kingdom (GBP). Language. English. Confirm selection ... A gift card, a thousand experiences: stays, spas, dinners, and more! Give ...","""Switzerland"" hotel ""gift card"" official",4,data\discovery\mass-harvest-v5\clean-v5.2\global-review.csv | data\discovery\mass-harvest-v5\clean-v5.3\global-review.csv | data\discovery\mass-harvest-v5\clean-v5.4\review.csv | data\discovery\mass-harvest-v5\clean-v5.5\review.csv,,REVIEW,non_greek_brand_coherence_unclear
70,deanog.nl,Deanog Gift Card | Gift Voucher for Leather Bags & Accessories,https://www.deanog.nl/en/products/deanog-giftcard?srsltid=AfmBOorCRbCDdvhgvmxu6IsgyLMAWt6rkRX5sAqSagjgcCzuAsgaSQu4,Deanog Gift Card | Gift Voucher for Leather Bags & Accessories,"Give the Deanog Giftcard as a gift. A timeless gesture for handmade leather bags and accessories, freely redeemable in the webshop.","""leather"" ""gift voucher"" Greece",6,data\discovery\mass-harvest-v5\clean-v5.1\review.csv | data\discovery\mass-harvest-v5\clean-v5.2\manual-review.csv | data\discovery\mass-harvest-v5\clean-v5.3\global-review.csv | data\discovery\mass-harvest-v5\clean-v5.4\review.csv | data\discovery\mass-harvest-v5\clean-v5.5\review.csv | data\discovery\mega-harvest-v6\clean-v6\review.csv,,SECOND_PASS_SAFE,non_greek_brand_coherent_direct_gift_card
100,decathlon.com.cy,Decathlon cyprus online gift card,https://decathlon.com.cy/products/gift-cards?srsltid=AfmBOor_aN1xotEP8NwOusLh8qxyYxSuFuIOvn7N-_WKs4RjZhZMKQEC,Decathlon cyprus online gift card,"Start shopping. Decathlon cyprus online gift card. Sale price€10,00. /. Add to cart. Home.","""Cyprus"" fashion ""gift card"" official",4,data\discovery\mass-harvest-v5\clean-v5.2\global-review.csv | data\discovery\mass-harvest-v5\clean-v5.3\global-review.csv | data\discovery\mass-harvest-v5\clean-v5.4\review.csv | data\discovery\mass-harvest-v5\clean-v5.5\review.csv,,REVIEW,non_greek_brand_coherence_unclear
80,decomagia.gr,Decomagia,https://www.decomagia.gr/product/%CE%B4%CF%89%CF%81%CE%BF%CE%B5%CF%80%CE%B9%CF%84%CE%B1%CE%B3%CE%AE/?srsltid,Δωροεπιταγή,"INKA SILK VIVA DECOR 62,5ML · PERLEN PEN 25ML VIVA DECOR · ΑΚΡΥΛΙΚΑ ΧΡΩΜΑΤΑ ... Δωροεπιταγή. Κωδικός προϊόντος: 245253. Κωδικός Κατασκευαστή: gft1. BOX NOW ...","site:.gr ""decor"" ""δωροεπιταγή""",2,data\discovery\focused-harvest-v7\clean-v7\review.csv | data\discovery\focused-harvest-v7-run1-backup\clean-v7\review.csv,,SECOND_PASS_SAFE,greek_brand_coherent_direct_gift_card
100,decorofficial.com,Gift Cards,https://decorofficial.com/pages/gift-cards?srsltid=AfmBOop97NYSLqdvdStmsm-TaTuubabVE1cxlKmRWAd1QoiGMxVaqD-d,Gift Cards,Decor Gift Cards ... The perfect gift for any occasion! Christmas Gift Card - Holiday Shopping Certificate - DecorOfficial Anniversary Gift Card - Perfect ...,"""decor"" ""gift card"" Greece",5,data\discovery\mass-harvest-v5\clean-v5.2\global-review.csv | data\discovery\mass-harvest-v5\clean-v5.3\global-review.csv | data\discovery\mass-harvest-v5\clean-v5.4\review.csv | data\discovery\mass-harvest-v5\clean-v5.5\review.csv | data\discovery\mega-harvest-v6\clean-v6\review.csv,,REVIEW,non_greek_brand_coherence_unclear
100,deltarestaurant.gr,Προσφέρετε μια δωροκάρτα - Επιλέξτε την Αξία,https://deltarestaurant.gr/el/product/offer-a-gift-card-choose-the-value/,Προσφέρετε μια δωροκάρτα - Επιλέξτε την Αξία,Προσφέρετε μια δωροκάρτα - Επιλέξτε την Αξία. Voucher Value (50 - 800 ... Το Delta Restaurant βραβεύτηκε στα Mediterranean Special Awards 2023 του LA LISTE.,"site:.gr ""restaurant"" ""δωροκάρτα""",3,data\discovery\focused-harvest-v7\clean-v7\review.csv | data\discovery\focused-harvest-v7-run1-backup\clean-v7\review.csv | data\discovery\mega-harvest-v6\clean-v6\review.csv,,REVIEW,greek_domain_brand_coherence_unclear
85,demes-economy.gr,Αγοράστε μία Δωροεπιταγή,https://demes-economy.gr/index.php?route,Αγοράστε μία Δωροεπιταγή,Watches · IPHONE (0) · SAMSUNG (0) · XIAOMI (0) · WATCH (0) · Εμφάνιση όλων Watches ... Αυτή η δωροεπιταγή θα αποσταλεί μέ e-mail στον παραλήπτη αφού ολοκληρωθεί ...,"site:.gr ""watches"" ""δωροεπιταγή""",1,data\discovery\focused-harvest-v7-run1-backup\clean-v7\review.csv,,REVIEW,greek_domain_brand_coherence_unclear
100,democratandchronicle.com,"Bed, Bath & Beyond is accepting Toys R Us gift cards, but ...",https://www.democratandchronicle.com/story/news/2018/04/04/bed-bath-beyond-accepting-toys-r-us-gift-cards-but-not-long/484786002/,"Bed, Bath & Beyond is accepting Toys R Us gift cards, but ...","Anyone with an unused Toys R Us gift card can exchange it for credit at Bed, Bath & Beyond. Bed Bath & Beyond. But the deal ends soon.","""toys"" ""gift card"" Greece",5,data\discovery\mass-harvest-v5\clean-v5.2\global-review.csv | data\discovery\mass-harvest-v5\clean-v5.3\global-review.csv | data\discovery\mass-harvest-v5\clean-v5.4\review.csv | data\discovery\mass-harvest-v5\clean-v5.5\review.csv | data\discovery\mega-harvest-v6\clean-v6\review.csv,,REVIEW,non_greek_brand_coherence_unclear
100,dentalhygienenation.com,Gift Card - Dental Hygiene Nation,https://www.dentalhygienenation.com/products/gift-card?srsltid=AfmBOooRl9HXCNQY9P8Hm5elJgCQhnbEbjAXDZGxlun6XSD5nmC03dFN,Gift Card - Dental Hygiene Nation,"Let them choose themselves with a Dental Hygiene Nation gift card! Our gift cards are delivered via email and can be redeemed at checkout. Oh, and did we ...","""dental"" ""gift card"" Greece",1,data\discovery\mega-harvest-v6\clean-v6\review.csv,,SECOND_PASS_SAFE,non_greek_brand_coherent_direct_gift_card
100,dermargylab.gr,GIFT CARDS,https://www.dermargylab.gr/gift-cards/,GIFT CARDS,"ASAP Gym for the skin · HydroDermaBrasion · Φωτοθεραπεία · ΘΕΡΑΠΕΙΕΣ ΣΩΜΑΤΟΣ ... ✓ Χαρίζοντας τη Δωροκάρτα στο αγαπημένο σας πρόσωπο, ο παραλήπτης του δώρου ...","site:.gr ""gym"" ""δωροκάρτα""",3,data\discovery\mass-harvest-v5\clean-v5.4\review.csv | data\discovery\mass-harvest-v5\clean-v5.5\review.csv | data\discovery\mega-harvest-v6\clean-v6\review.csv,,REVIEW,greek_domain_brand_coherence_unclear
65,derrylinoptical.com,Derrylin Optical Gift Voucher,https://www.derrylinoptical.com/products/derrylin-optical-gift-voucher?srsltid=AfmBOopxyEuAc8DnfYz-ZgOdMoW3Hol3ovfs6007mRQhMy3ewvKEg9OY,Derrylin Optical Gift Voucher,"A great gift idea for your friends and family who wear glasses, sunglasses or contact lenses.","""eyewear"" ""gift voucher"" Greece",6,data\discovery\mass-harvest-v5\clean-v5.1\review.csv | data\discovery\mass-harvest-v5\clean-v5.2\manual-review.csv | data\discovery\mass-harvest-v5\clean-v5.3\global-review.csv | data\discovery\mass-harvest-v5\clean-v5.4\review.csv | data\discovery\mass-harvest-v5\clean-v5.5\review.csv | data\discovery\mega-harvest-v6\clean-v6\review.csv,,SECOND_PASS_SAFE,non_greek_brand_coherent_direct_gift_card
85,designerclothes.gr,Αγοράστε μία Δωροεπιταγή - Designer Clothes,https://designerclothes.gr/index.php?route,Αγοράστε μία Δωροεπιταγή - Designer Clothes,"Αυτή η δωροεπιταγή θα αποσταλεί μέ e-mail στον παραλήπτη αφού ... Copyright © 2021, Designer Clothes Fashion Store - Σχεδίαση και φιλοξενία AWE.gr.","site:.gr ""fashion"" ""δωροεπιταγή""",2,data\discovery\focused-harvest-v7\clean-v7\review.csv | data\discovery\focused-harvest-v7-run1-backup\clean-v7\review.csv,,SECOND_PASS_SAFE,greek_brand_coherent_direct_gift_card
100,designmuseumshop.com,Online Shop Gift Card,https://designmuseumshop.com/products/gift-card?srsltid=AfmBOopUM6OmkAR5YnlWR19hdIdQXdfURc48XHcVOr2KmjWmw1bsYJJL,Online Shop Gift Card,Take the stress and double guessing out of buying a present. Give the gift of great design every time with the Design Museum gift card. Available online only.,"""museum"" ""gift card"" Greece",1,data\discovery\mega-harvest-v6\clean-v6\review.csv,,REVIEW,non_greek_brand_coherence_unclear
100,designnest.eu,Gift Card - DesignNest Europe Online Store,https://www.designnest.eu/products/gift-cards-from-10-100?srsltid=AfmBOor0dlUq3dZ0PsMady1PVg8u0r-_sNmvzAW9dizC_fjoQiNBabY-,Gift Card - DesignNest Europe Online Store,"In the email, you should receive our virtual gift card along with the code. | Step 2 |. Enjoy shopping at our DesignNest Europe Online Store! Add your wish ...","""Europe"" retail ""gift card"" official",4,data\discovery\mass-harvest-v5\clean-v5.2\global-review.csv | data\discovery\mass-harvest-v5\clean-v5.3\global-review.csv | data\discovery\mass-harvest-v5\clean-v5.4\review.csv | data\discovery\mass-harvest-v5\clean-v5.5\review.csv,,SECOND_PASS_SAFE,non_greek_brand_coherent_direct_gift_card
85,dexter.com.gr,Αγοράστε μία Δωροεπιταγή,https://www.dexter.com.gr/index.php?route,Αγοράστε μία Δωροεπιταγή,Αγοράστε μία Δωροεπιταγή. Αυτή η δωροεπιταγή θα αποσταλεί μέ e-mail στον παραλήπτη αφού ολοκληρωθεί ή πληρωμή σας. Όνομα παραλήπτη. E-mail παραλήπτη.,"site:.com.gr ""δωροεπιταγή""",3,data\discovery\focused-harvest-v7\clean-v7\review.csv | data\discovery\focused-harvest-v7-run1-backup\clean-v7\review.csv | data\discovery\mega-harvest-v6\clean-v6\review.csv,,REVIEW,greek_domain_brand_coherence_unclear
70,diatautaathens.com,Dia Tauta Gift Shop e,https://diatautaathens.com/products/dia-tauta-gift-shop-e-gift-card?srsltid=AfmBOoqDy6B3tsmqKXpzi9kXUvXHZL7LRNO7p0M_S3fbxtODruu4iyYK,Dia Tauta Gift Shop e-gift card,"Cosmetics & Soaps + - · All Cosmetics & Soaps · Hair · Face · Body · Hand & Foot ... Copyright © 2026, Dia Tauta Athens. Powered by Shopify. Payment icons.","""Athens"" ""cosmetics"" ""gift card""",1,data\discovery\mega-harvest-v6\clean-v6\review.csv,,REVIEW,non_greek_brand_coherence_unclear
85,didocosmetics.gr,Archives,https://www.didocosmetics.gr/product-category/proionta/dwrokarta/,Δωροκάρτα Archives,Dido Cosmetics · 0 €0.00 · Αρχική; Μακιγιάζ. Πρόσωπο · Ντεμακιγιάζ ... Κατηγορία: Δωροκάρτα. Home / Eshop / Προϊόντα / Δωροκάρτα. €30.00 απομένουν ...,"site:.gr ""cosmetics"" ""δωροκάρτα""",8,data\discovery\focused-harvest-v7\clean-v7\review.csv | data\discovery\focused-harvest-v7-run1-backup\clean-v7\review.csv | data\discovery\mass-harvest-v5\clean-v5.1\review.csv | data\discovery\mass-harvest-v5\clean-v5.2\manual-review.csv | data\discovery\mass-harvest-v5\clean-v5.3\global-review.csv | data\discovery\mass-harvest-v5\clean-v5.4\review.csv | data\discovery\mass-harvest-v5\clean-v5.5\review.csv | data\discovery\mega-harvest-v6\clean-v6\review.csv,,REVIEW,greek_domain_brand_coherence_unclear
100,diespens.nl,Nl,https://www.diespens.nl/Gift-Voucher,Gift Voucher -,"Health, Beauty & Baby. Non Foods. Health, Beauty & Baby. Health & Beauty · Baby ... Gift Voucher. Die Spens Gift Vouchers can be redeemed both in store and ...","""Rhodes"" ""beauty"" ""gift voucher""",2,data\discovery\focused-harvest-v7\clean-v7\review.csv | data\discovery\focused-harvest-v7-run1-backup\clean-v7\review.csv,,REVIEW,non_greek_brand_coherence_unclear
100,digas.gr,Terms of Purchase and Use of Gift Vouchers,https://www.digas.gr/en-gb/terms-of-purchase-and-use-of-gift-vouchers?srsltid,Terms of Purchase and Use of Gift Vouchers,"Education · Airway medical Stimulators ... The gift voucher can not be redeemed in cash, it ... The gift voucher can be redeemed either by ...","site:.gr ""education"" ""gift voucher""",1,data\discovery\mega-harvest-v6\clean-v6\review.csv,,REVIEW,greek_domain_brand_coherence_unclear
100,diggecard.com,Diggecard's Joint Venture Creates Gift Card Hub In Ireland,https://diggecard.com/gift-card-hub-in-ireland/,Diggecard's Joint Venture Creates Gift Card Hub In Ireland,Diggecard partners with Unique Hampers to create gift card hub in Ireland and Europe ... Diggecard is delighted to announce a new strategic ...,"""Ireland"" retail ""gift card"" official",4,data\discovery\mass-harvest-v5\clean-v5.2\global-review.csv | data\discovery\mass-harvest-v5\clean-v5.3\global-review.csv | data\discovery\mass-harvest-v5\clean-v5.4\review.csv | data\discovery\mass-harvest-v5\clean-v5.5\review.csv,,SECOND_PASS_SAFE,non_greek_brand_coherent_direct_gift_card
100,digitale-vignette-online.cz,Vignette Gift Voucher,https://digitale-vignette-online.cz/en/shop/gift-voucher,Vignette Gift Voucher,"Get ready to explore the hidden treasures of the Czech Republic – with the Vignette Gift Voucher. Freedom, flexibility, and the pleasure of traveling await you!","""Czech Republic"" travel ""gift voucher"" official",4,data\discovery\mass-harvest-v5\clean-v5.2\global-review.csv | data\discovery\mass-harvest-v5\clean-v5.3\global-review.csv | data\discovery\mass-harvest-v5\clean-v5.4\review.csv | data\discovery\mass-harvest-v5\clean-v5.5\review.csv,,REVIEW,non_greek_brand_coherence_unclear
100,dimidistours.gr,my travel gift card,https://dimidistours.gr/my-travel-gift-card-%CE%B4%CF%89%CF%81%CE%BF%CE%B5%CF%80%CE%B9%CF%84%CE%B1%CE%B3%CE%AE-t275.html,my travel gift card - Δωροεπιταγή,Δημιουργήστε μια travel gift card - Δωροεπιταγή επιλεγοντας το ποσό που εσεις επιθυμείτε και αφήστε να τη χρησιμοποιήσουν μέσα σε ένα χρόνο με το μέσο και το ...,"site:.gr ""travel"" ""gift card""",5,data\discovery\focused-harvest-v7\clean-v7\review.csv | data\discovery\focused-harvest-v7-run1-backup\clean-v7\review.csv | data\discovery\mass-harvest-v5\clean-v5.4\review.csv | data\discovery\mass-harvest-v5\clean-v5.5\review.csv | data\discovery\mega-harvest-v6\clean-v6\review.csv,,REVIEW,greek_domain_brand_coherence_unclear
55,dimitrasartglassstudio.com,"Dimitra's Art Glass Studio - Thessaloniki, Greece",https://dimitrasartglassstudio.com/giftcards.php?id=3,"Dimitra's Art Glass Studio - Thessaloniki, Greece","Dimitra's Art Glass Studio - Thessaloniki, Greece. ... δωροκάρτα ποσού, δίνοντας στον παραλήπτη τη δυνατότητα να επιλέξει ο ίδιος ...","""art"" ""δωροκάρτα"" Greece",1,data\discovery\mega-harvest-v6\clean-v6\review.csv,,SECOND_PASS_SAFE,non_greek_brand_coherent_direct_gift_card
85,dimitriou-fashion.gr,Αγοράστε μία Δωροεπιταγή,https://dimitriou-fashion.gr/voucher,Αγοράστε μία Δωροεπιταγή,Αυτή η δωροεπιταγή θα αποσταλεί μέ e-mail στον παραλήπτη αφού ολοκληρωθεί ή πληρωμή σας. ... fashion.gr. All Rights Reserved. VS; iris. Χρησιμοποιούμε ...,"site:.gr ""fashion"" ""δωροεπιταγή""",2,data\discovery\focused-harvest-v7\clean-v7\review.csv | data\discovery\focused-harvest-v7-run1-backup\clean-v7\review.csv,,REVIEW,greek_domain_brand_coherence_unclear
100,dimosjewellery.com,Dimos Gift Card,https://www.dimosjewellery.com/product/gift-card/,Dimos Gift Card,"To redeem a Virtual Gift Card, just enter the Virtual Gift Card code in the ... Jewelry © 2026. Privacy Policy | Cookies. Developed by 80bytes. The Dimos ...","""jewelry"" ""gift card"" Greece",7,data\discovery\focused-harvest-v7\clean-v7\review.csv | data\discovery\focused-harvest-v7-run1-backup\clean-v7\review.csv | data\discovery\mass-harvest-v5\clean-v5.2\global-review.csv | data\discovery\mass-harvest-v5\clean-v5.3\global-review.csv | data\discovery\mass-harvest-v5\clean-v5.4\review.csv | data\discovery\mass-harvest-v5\clean-v5.5\review.csv | data\discovery\mega-harvest-v6\clean-v6\review.csv,,REVIEW,non_greek_brand_coherence_unclear
100,dimples.co.nz,Gift Voucher - Dimples NZ,https://www.dimples.co.nz/collections/gifts-toys-gift-voucher?srsltid=AfmBOoq_8NRgzP0d7ckzty9DiT6MLqfiuxxk0voKxFCMM6khR9nYZmFu,Gift Voucher - Dimples NZ,... Car Accessories · Take a Quiz · Prams & Strollers · Pram Bundles · Prams · Carry Cots ... Gift Voucher $50.00 - Dimples. Choose options. Vendor: Dimples. Physical ...,"""car accessories"" ""gift voucher"" Greece",5,data\discovery\mass-harvest-v5\clean-v5.2\global-review.csv | data\discovery\mass-harvest-v5\clean-v5.3\global-review.csv | data\discovery\mass-harvest-v5\clean-v5.4\review.csv | data\discovery\mass-harvest-v5\clean-v5.5\review.csv | data\discovery\mega-harvest-v6\clean-v6\review.csv,,REVIEW,non_greek_brand_coherence_unclear
100,ding.com,Germany Gift Cards,https://www.ding.com/gift-cards/germany?srsltid=AfmBOorXG-m4GMV6Rdu_9856ibPDGDU_i99lSEPpjwX5X5_CSxjqSMMN,Germany Gift Cards,Sending a gift card to Germany couldn't be easier with Ding. You to send a Netflix gift card to your loved ones in Germany in seconds. Our online vouchers are ...,"""Germany"" retail ""gift card"" official",3,data\discovery\mass-harvest-v5\clean-v5.3\global-review.csv | data\discovery\mass-harvest-v5\clean-v5.5\review.csv | data\discovery\mega-harvest-v6\clean-v6\review.csv,,REJECT,third_party_netflix_gift_card
55,dioptra.gr,Κάνε δώρο σε έναν φίλο/φίλη σου,https://www.dioptra.gr/category/gift-card-info,Κάνε δώρο σε έναν φίλο/φίλη σου,Δωροκάρτα Διόπτρα για τους αγαπημένους σας. < Χάρισε μία ηλεκτρονική ... Επίλεξε αυτή που θέλεις και χάρισε αμέτρητες επιλογές σε βιβλία και e-books!,"site:.gr ""books"" ""δωροκάρτα""",1,data\discovery\mega-harvest-v6\clean-v6\review.csv,,REVIEW,greek_domain_brand_coherence_unclear
100,discoveringireland.com,Travel Gift Vouchers Ireland | Coupons for travel to Ireland,https://www.discoveringireland.com/gift-vouchers/,Travel Gift Vouchers Ireland | Coupons for travel to Ireland,The Gift Voucher cannot be used to purchase another Gift Voucher. 4. For ... Ireland and indeed in Ireland travel itself! You will also be among the ...,"""Ireland"" travel ""gift voucher"" official",2,data\discovery\mass-harvest-v5\clean-v5.4\review.csv | data\discovery\mass-harvest-v5\clean-v5.5\review.csv,,REJECT,non_merchant_signal
80,district75.gr,Χάρισε μια Δωροκάρτα - District75,https://www.district75.gr/doro-karta,Χάρισε μια Δωροκάρτα - District75,e-Gift Card · All For You. Επιστροφές. Χάρισε μια Δωροκάρτα ... Η Δωροκάρτα εξαργυρώνεται στο district75.gr & σε όλα τα φυσικά καταστήματα ZAKCRET Sports.,"site:.gr ""sports"" ""gift card""",7,data\discovery\focused-harvest-v7\clean-v7\review.csv | data\discovery\focused-harvest-v7-run1-backup\clean-v7\review.csv | data\discovery\mass-harvest-v5\clean-v5.1\review.csv | data\discovery\mass-harvest-v5\clean-v5.2\manual-review.csv | data\discovery\mass-harvest-v5\clean-v5.3\global-review.csv | data\discovery\mass-harvest-v5\clean-v5.4\review.csv | data\discovery\mass-harvest-v5\clean-v5.5\review.csv,,SECOND_PASS_SAFE,greek_brand_coherent_direct_gift_card
100,divaniacropolishotel.com,The Ultimate Travel Gift | Divani Palace Acropolis Gift Card,https://divaniacropolishotel.com/gift-card/,The Ultimate Travel Gift | Divani Palace Acropolis Gift Card,Extra tip: the recipient will be able to redeem your Gift within 1 year! Gift Card Type. Make a choice. Amount; A Divani Athens ...,"""Athens"" ""hotel"" ""gift card""",6,data\discovery\focused-harvest-v7\clean-v7\review.csv | data\discovery\focused-harvest-v7-run1-backup\clean-v7\review.csv | data\discovery\mass-harvest-v5\clean-v5.3\greece-market-review.csv | data\discovery\mass-harvest-v5\clean-v5.4\review.csv | data\discovery\mass-harvest-v5\clean-v5.5\review.csv | data\discovery\mega-harvest-v6\clean-v6\review.csv,,REVIEW,non_greek_brand_coherence_unclear
100,divaniapollonhotel.com,& Spa Vouchers | Divani Athens Spa & Thalasso,https://divaniapollonhotel.com/gift-card/,Gift Card & Spa Vouchers | Divani Athens Spa & Thalasso,You can purchase a Divani gift card online by selecting either a monetary amount or a specific treatment at the Divani Athens Spa & Thalasso Center through our ...,"""Athens"" ""spa"" ""gift card""",6,data\discovery\focused-harvest-v7\clean-v7\review.csv | data\discovery\focused-harvest-v7-run1-backup\clean-v7\review.csv | data\discovery\mass-harvest-v5\clean-v5.3\greece-market-review.csv | data\discovery\mass-harvest-v5\clean-v5.4\review.csv | data\discovery\mass-harvest-v5\clean-v5.5\review.csv | data\discovery\mega-harvest-v6\clean-v6\review.csv,,REVIEW,non_greek_brand_coherence_unclear
100,divanicaravelhotel.com,The Ultimate Gift | Divani Caravel Hotel Gift Card,https://divanicaravelhotel.com/gift-card/,The Ultimate Gift | Divani Caravel Hotel Gift Card,"... Athens Spa & Thalasso Center, here you will find them in abundance. Extra tip: the recipient will be able to redeem your Gift within 1 year! Gift Card Type.","""Athens"" ""spa"" ""gift card""",7,data\discovery\focused-harvest-v7\clean-v7\review.csv | data\discovery\focused-harvest-v7-run1-backup\clean-v7\review.csv | data\discovery\mass-harvest-v5\clean-v5.2\global-review.csv | data\discovery\mass-harvest-v5\clean-v5.3\global-review.csv | data\discovery\mass-harvest-v5\clean-v5.4\review.csv | data\discovery\mass-harvest-v5\clean-v5.5\review.csv | data\discovery\mega-harvest-v6\clean-v6\review.csv,,SECOND_PASS_SAFE,non_greek_brand_coherent_direct_gift_card
100,divanicorfuhotel.com,Com,https://divanicorfuhotel.com/gift-card/,Gift Card,"... Spa & Thalasso Center, here you will find them in abundance. Extra tip: the recipient will be able to redeem your Gift within 1 year! Gift Card Type. Make a ...","""Corfu"" ""spa"" ""gift card""",5,data\discovery\focused-harvest-v7\clean-v7\review.csv | data\discovery\focused-harvest-v7-run1-backup\clean-v7\review.csv | data\discovery\mass-harvest-v5\clean-v5.3\greece-market-review.csv | data\discovery\mass-harvest-v5\clean-v5.4\review.csv | data\discovery\mass-harvest-v5\clean-v5.5\review.csv,,REVIEW,non_greek_brand_coherence_unclear
100,divanilarissahotel.com,Gift Card,https://divanilarissahotel.com/gift-card/,Gift Card,"Easy and quick to create and order, the Divani Gift Card is the most lavish present you may offer on birthdays, anniversaries, graduations, and any ordinary ...","""Larissa"" ""gift card""",4,data\discovery\mass-harvest-v5\clean-v5.2\global-review.csv | data\discovery\mass-harvest-v5\clean-v5.3\global-review.csv | data\discovery\mass-harvest-v5\clean-v5.4\review.csv | data\discovery\mass-harvest-v5\clean-v5.5\review.csv,,REVIEW,non_greek_brand_coherence_unclear
70,divineproperty.com,Divine Gift Card - The Gift of Memories,https://divineproperty.com/divine-gift-cards/,Divine Gift Card - The Gift of Memories,"Paros · Porto Heli · Corfu · Peloponnese · Spetses · Antiparos · Chalkidiki · Milos ... Inside the Complex of Casa Del Mar Hotel,. Aleomandra, 84600, Mykonos.","""Paros"" ""hotel"" ""gift card""",1,data\discovery\focused-harvest-v7-run1-backup\clean-v7\review.csv,,REVIEW,non_greek_brand_coherence_unclear
100,dmasalonconcept.glossgenius.com,DM at Athens Beauty Collective,https://dmasalonconcept.glossgenius.com/shop/gift-cards,Gift Cards - DM at Athens Beauty Collective,"$100 $150 $200 $500. Custom amount. Choose a gift card design. Gift card design option 1 at DM at Athens Beauty Collective in GA, GA.","""Athens"" ""beauty"" ""gift card""",2,data\discovery\focused-harvest-v7\clean-v7\review.csv | data\discovery\focused-harvest-v7-run1-backup\clean-v7\review.csv,,REVIEW,non_greek_brand_coherence_unclear
80,dmktools.gr,Δωροκάρτα - Dmktools.gr,https://dmktools.gr/product/organa-metrisis/trochi-odikis-metrisis/%CE%B4%CF%89%CF%81%CE%BF%CE%BA%CE%AC%CF%81%CF%84%CE%B1/,Δωροκάρτα - Dmktools.gr,Δωροκάρτα. 32.00€. Δωροκάρτα ποσότητα. Προσθήκη στο καλάθι. Προσθήκη στην λίστα επιθυμιών. Κατηγορία: Τροχοί Οδικής Μέτρησης. Κοινοποίηση. Facebook Email ...,"site:.gr ""tools"" ""δωροκάρτα""",5,data\discovery\mass-harvest-v5\clean-v5.1\review.csv | data\discovery\mass-harvest-v5\clean-v5.2\manual-review.csv | data\discovery\mass-harvest-v5\clean-v5.3\global-review.csv | data\discovery\mass-harvest-v5\clean-v5.4\review.csv | data\discovery\mass-harvest-v5\clean-v5.5\review.csv,,SECOND_PASS_SAFE,greek_brand_coherent_direct_gift_card
100,doctorsim.com,Global Experiences Card Greece Gift Cards,https://www.doctorsim.com/en-us/gr/gift-cards/greece-globalexperiencescard/?srsltid=AfmBOopRSCqhjLXl32U5rw2KH2quk9Uf14qLHbXkjoHaP3nf1K6Jv9yS,Global Experiences Card Greece Gift Cards,"Our 24/7 technical support is ready to assist, ensuring a smooth experience with your gift card. No need to sign up to buy a gift card, but if you do ...","""experience"" ""gift card"" Greece",1,data\discovery\mass-harvest-v5\clean-v5.5\review.csv,,REJECT,known_false_positive_or_reseller
100,domuszamittello.com,Gift Card,https://domuszamittello.com/gift-card/,Gift Card,Gift a Stay: Treat them to a luxurious getaway by purchasing a gift card for a night's stay or a complete package at our boutique hotel. ... Malta. info ...,"""Malta"" hotel ""gift card"" official",4,data\discovery\mass-harvest-v5\clean-v5.2\global-review.csv | data\discovery\mass-harvest-v5\clean-v5.3\global-review.csv | data\discovery\mass-harvest-v5\clean-v5.4\review.csv | data\discovery\mass-harvest-v5\clean-v5.5\review.csv,,REVIEW,non_greek_brand_coherence_unclear
80,dosakitchen1.voucherconnect.com,Dosa kitchen Gift Card,https://dosakitchen1.voucherconnect.com/product/14201,Dosa kitchen Gift Card,"... kitchen. Toggle navigation. Home. Reload this page. image for gift voucher. Dosa ... Greece, Greenland, Grenada, Guadeloupe, Guam, Guatemala, Guernsey, Guinea ...","""Greece"" ""kitchen"" ""gift voucher""",1,data\discovery\mega-harvest-v6\clean-v6\review.csv,,REVIEW,non_greek_brand_coherence_unclear
100,dozytattoo.co.uk,Tattoo Gift Voucher,https://dozytattoo.co.uk/products/tattoo-gift-voucher?srsltid=AfmBOorTkBHc5lkXXInpp__eCCbL9o2t9w8QkDBdKeBGflPkunqDUv04,Tattoo Gift Voucher,Tattoo Gift Voucher · This voucher may be used for the full or partial payment of a tattoo session to be completed by Roseanna 'Dozy' Hanson before the end of ...,"""tattoo"" ""gift voucher"" Greece",1,data\discovery\mega-harvest-v6\clean-v6\review.csv,,REVIEW,non_greek_brand_coherence_unclear
100,dreamstime.com,"Itunes Gift Card Greece Images, Pictures And Stock Photos",https://www.dreamstime.com/photos-images/itunes-gift-card-greece.html,"Itunes Gift Card Greece Images, Pictures And Stock Photos","Itunes Gift Card Greece Images, Pictures And Stock Photos ... View on apple itunes and app store gift voucher card hold by hand in german supermarket.","""supermarket"" ""gift voucher"" Greece",3,data\discovery\mass-harvest-v5\clean-v5.3\greece-market-review.csv | data\discovery\mass-harvest-v5\clean-v5.4\review.csv | data\discovery\mass-harvest-v5\clean-v5.5\review.csv,,REJECT,third_party_apple_gift_card
100,driffle.com,Electroholic Gift Cards – Electronics & Gadgets Vouchers,https://driffle.com/store/electroholic-gift-cards,Electroholic Gift Cards – Electronics & Gadgets Vouchers,"Purchase an Electroholic Gift Card for a range of electronics, mobile accessories, and innovative gadgets instantly.","""electronics"" ""gift card"" Greece",5,data\discovery\mass-harvest-v5\clean-v5.2\global-review.csv | data\discovery\mass-harvest-v5\clean-v5.3\global-review.csv | data\discovery\mass-harvest-v5\clean-v5.4\review.csv | data\discovery\mass-harvest-v5\clean-v5.5\review.csv | data\discovery\mega-harvest-v6\clean-v6\review.csv,,REVIEW,non_greek_brand_coherence_unclear
65,drills-apparel.com,DRILLS Apparel gift voucher - give the gift of pure joy!,https://drills-apparel.com/en/products/gift-card?srsltid=AfmBOopH-DVQ8NZdf78qACrS5i4DMWE1KgeTcu23GLNci1VdzpegepdM,DRILLS Apparel gift voucher - give the gift of pure joy!,... sportswear and accessories. Our vouchers are available in four denominations ... Greece (EUR €); Hong Kong SAR (EUR €); Hungary (EUR €); Ireland (EUR ...,"""Greece"" ""sportswear"" ""gift voucher""",1,data\discovery\mega-harvest-v6\clean-v6\review.csv,,SECOND_PASS_SAFE,non_greek_brand_coherent_direct_gift_card
100,drivar.com,Porsche 911 Classic Rental Gift Voucher - DRIVAR,https://drivar.com/en/shop/porsche-911-classic-rental-gift-voucher/,Porsche 911 Classic Rental Gift Voucher - DRIVAR,Porsche 911 Classic Rental Gift Voucher - Image 9. DESCRIPTION. Gift Voucher for a Porsche 911 Classic Rental ... Wedding car rental · Rent a Limousine · Rent a ...,"""car rental"" ""gift voucher"" Greece",1,data\discovery\mega-harvest-v6\clean-v6\review.csv,,SECOND_PASS_SAFE,non_greek_brand_coherent_direct_gift_card
100,drlevy.swiss,Digital Gift Card,https://www.drlevy.swiss/products/digital-gift-card,Digital Gift Card,Switzerland (CHF). OUR BEST SELLERS · OUR BEFORE AND AFTER. Shop ... This digital gift card is valid for 1 year from the date of issue and can be ...,"""Switzerland"" beauty ""gift card"" official",4,data\discovery\mass-harvest-v5\clean-v5.2\global-review.csv | data\discovery\mass-harvest-v5\clean-v5.3\global-review.csv | data\discovery\mass-harvest-v5\clean-v5.4\review.csv | data\discovery\mass-harvest-v5\clean-v5.5\review.csv,,REVIEW,non_greek_brand_coherence_unclear
100,dronehouse.gr,Gift Cards,https://dronehouse.gr/product-category/gift-cards/,Gift Cards,Gift Card 50€. Βαθμολογήθηκε με 0 από 5. In Stock. 50.00 €. Επιλογή επιλογών. SKU ... Lito Accessories · DJI Flip · Flip Accessories · Flip Drones & Combos · DJI ...,"""Peristeri"" ""accessories"" ""gift card""",1,data\discovery\mega-harvest-v6\clean-v6\review.csv,,REVIEW,greek_domain_brand_coherence_unclear
100,dropsjewellery.com,Gift Card,https://dropsjewellery.com/gift-card/,Gift Card,"Gift Card. Drops ... Special gifts for happy moments · Drops jewellery store · We'd love to hear from you. Join us. 30 Skoufa St, Kolonaki, Athens | +30 210 ...","""Athens"" ""gifts"" ""gift card""",1,data\discovery\mega-harvest-v6\clean-v6\review.csv,,REVIEW,non_greek_brand_coherence_unclear
100,dsgntouch.com,Salon Gift Card - Elegant Minimalist Design for Beauty Pros,https://dsgntouch.com/products/salon-gift-card-minimalist-black-white?srsltid=AfmBOopDvFB5lfChTkH4AovODXXZSYl8iB8V1kTobQQv-9YR6S-2ray2,Salon Gift Card - Elegant Minimalist Design for Beauty Pros,Greece USD $; Hungary USD $; Ireland USD $; Israel USD $; Italy ... The salon gift card beautifully displayed on a reception counter in a modern hair salon.,"""hair salon"" ""gift card"" Greece",4,data\discovery\mass-harvest-v5\clean-v5.3\greece-market-review.csv | data\discovery\mass-harvest-v5\clean-v5.4\review.csv | data\discovery\mass-harvest-v5\clean-v5.5\review.csv | data\discovery\mega-harvest-v6\clean-v6\review.csv,,REVIEW,non_greek_brand_coherence_unclear
100,dtcab.com,Gift Cards - Bridgeport,https://dtcab.com/mycabaret-gift-cards/,Gift Cards - Bridgeport,Why not give the gift of LIVE THEATRE? Now ... Create an unforgettable experience and priceless memories by gifting someone a Downtown Cabaret Gift Card.,"""theatre"" ""gift card"" Greece",5,data\discovery\mass-harvest-v5\clean-v5.2\global-review.csv | data\discovery\mass-harvest-v5\clean-v5.3\global-review.csv | data\discovery\mass-harvest-v5\clean-v5.4\review.csv | data\discovery\mass-harvest-v5\clean-v5.5\review.csv | data\discovery\mega-harvest-v6\clean-v6\review.csv,,REVIEW,non_greek_brand_coherence_unclear
80,dug-glashuette.com,gift voucher - DUG Deutsche Uhrenmanufaktur Glashütte GmbH,https://dug-glashuette.com/en/products/geschenkgutschein?srsltid=AfmBOoph4QVH4YLSb0CQXSqWCQ3BrcHRy0A7ewa1BbQUoH7T8wE6lujS,gift voucher - DUG Deutsche Uhrenmanufaktur Glashütte GmbH,DUG Glashütte gift voucher – give the gift of time and precision. Can be redeemed for all watches. The perfect gift for watch lovers!,"""watches"" ""gift voucher"" Greece",6,data\discovery\mass-harvest-v5\clean-v5.1\review.csv | data\discovery\mass-harvest-v5\clean-v5.2\manual-review.csv | data\discovery\mass-harvest-v5\clean-v5.3\global-review.csv | data\discovery\mass-harvest-v5\clean-v5.4\review.csv | data\discovery\mass-harvest-v5\clean-v5.5\review.csv | data\discovery\mega-harvest-v6\clean-v6\review.csv,,REVIEW,non_greek_brand_coherence_unclear
100,dundle.com,Αγοράστε Gift Cards – γρήγορη & άμεση λήψη μέσω email,https://dundle.com/gr/giftcards/,Αγοράστε Gift Cards – γρήγορη & άμεση λήψη μέσω email,"Βρείτε το τέλειο δώρο! Αγοράστε μία ψηφιακή δωροκάρτα για ψώνια, gaming, φαγητό. H gift card θα σταλεί αμέσως στο email σας. Δεν απαιτείται λογαριασμός!","""gaming"" ""δωροκάρτα"" Greece",6,data\discovery\mass-harvest-v5\clean-v5.1\review.csv | data\discovery\mass-harvest-v5\clean-v5.2\manual-review.csv | data\discovery\mass-harvest-v5\clean-v5.3\global-review.csv | data\discovery\mass-harvest-v5\clean-v5.4\review.csv | data\discovery\mass-harvest-v5\clean-v5.5\review.csv | data\discovery\mega-harvest-v6\clean-v6\review.csv,,REVIEW,non_greek_brand_coherence_unclear
100,dustylifestyle.com.au,GIFT VOUCHER,https://www.dustylifestyle.com.au/collections/gift-voucher,GIFT VOUCHER,Shop all Drinkware. CAR ACCESSORIES. Mudflaps · Stickers · Wheel Bags. ACCESSORIES. Ear Tags · Flags · Key Rings · Stickers · GIFT VOUCHER. Search Log in Cart.,"""car accessories"" ""gift voucher"" Greece",5,data\discovery\mass-harvest-v5\clean-v5.2\global-review.csv | data\discovery\mass-harvest-v5\clean-v5.3\global-review.csv | data\discovery\mass-harvest-v5\clean-v5.4\review.csv | data\discovery\mass-harvest-v5\clean-v5.5\review.csv | data\discovery\mega-harvest-v6\clean-v6\review.csv,,REVIEW,non_greek_brand_coherence_unclear
100,dv8fashion.com,Gift Cards,https://www.dv8fashion.com/en/Gift-Cards/cc-312.aspx,Gift Cards,"E-Gift Voucher Online. Give the gift of style, send a DV8 e-gift card and let them choose their next fashion fix. ... Greece, Greenland, Grenada, Guadeloupe, Guam ...","""fashion"" ""gift voucher"" Greece",1,data\discovery\mega-harvest-v6\clean-v6\review.csv,,REVIEW,non_greek_brand_coherence_unclear
85,e-athlopolis.gr,Αγοράστε μία Δωροεπιταγή,https://www.e-athlopolis.gr/index.php?route,Αγοράστε μία Δωροεπιταγή,TRAIL | OUTDOOR · ΣΑΝΔΑΛΙΑ · ΣΑΓΙΟΝΑΡΕΣ | ΠΑΝΤΟΦΛΕΣ · ΡΟΥΧΑ · ΜΠΛΟΥΖΑΚΙΑ ΚΟΝΤΟ ... Αυτή η δωροεπιταγή θα αποσταλεί μέ e-mail στον παραλήπτη αφού ολοκληρωθεί ή ...,"site:.gr ""outdoor"" ""δωροεπιταγή""",2,data\discovery\focused-harvest-v7\clean-v7\review.csv | data\discovery\focused-harvest-v7-run1-backup\clean-v7\review.csv,,REVIEW,greek_domain_brand_coherence_unclear
85,e-decor.gr,Αγοράστε μία Δωροεπιταγή,https://www.e-decor.gr/index.php?route,Αγοράστε μία Δωροεπιταγή,"Αυτή η δωροεπιταγή θα αποσταλεί μέ e-mail στον παραλήπτη αφού ολοκληρωθεί ή πληρωμή σας. ... decor.gr, τηλ: 2721027536. © 2020 e-decor.gr. Visa MasterCard ...","site:.gr ""decor"" ""δωροεπιταγή""",2,data\discovery\focused-harvest-v7\clean-v7\review.csv | data\discovery\focused-harvest-v7-run1-backup\clean-v7\review.csv,,REVIEW,greek_domain_brand_coherence_unclear
100,e-guma.ch,Gift Voucher - Switzerland Travel Centre,https://shop.e-guma.ch/switzerlandtravelcentre-eur/en/gift-vouchers/40657/gift-voucher,Gift Voucher - Switzerland Travel Centre,"Gift Voucher ... Gift an unforgettable experience in Switzerland. A panoramic train trip, a relaxing spa weekend in the mountains or a short break in Ticino, we ...","""Switzerland"" travel ""gift voucher"" official",4,data\discovery\mass-harvest-v5\clean-v5.2\global-review.csv | data\discovery\mass-harvest-v5\clean-v5.3\global-review.csv | data\discovery\mass-harvest-v5\clean-v5.4\review.csv | data\discovery\mass-harvest-v5\clean-v5.5\review.csv,,REVIEW,non_greek_brand_coherence_unclear
80,e-surprise.ch,Gift vouchers from all over Switzerland,https://e-surprise.ch/en,Gift vouchers from all over Switzerland,Short holiday · Discover more · from CHF 20.00. Travel voucher short trips Whole Switzerland ... Themed gift voucher · Discover more.,"""Switzerland"" travel ""gift voucher"" official",5,data\discovery\mass-harvest-v5\clean-v5.1\review.csv | data\discovery\mass-harvest-v5\clean-v5.2\manual-review.csv | data\discovery\mass-harvest-v5\clean-v5.3\global-review.csv | data\discovery\mass-harvest-v5\clean-v5.4\review.csv | data\discovery\mass-harvest-v5\clean-v5.5\review.csv,,REVIEW,non_greek_brand_coherence_unclear
100,easlanidis.gr,Δωροκάρτα,https://www.easlanidis.gr/gift-cards,Δωροκάρτα,Ήχος - Home Cinema. Ήχος - Home Cinema; Sounbars · Mini HiFi · Ηχεία All in One ... Δωροκάρτα. Το τέλειο δώρο για κάθε περίσταση! Η ηλεκτρονική δωροκάρτα ...,"site:.gr ""cinema"" ""δωροκάρτα""",3,data\discovery\mass-harvest-v5\clean-v5.4\review.csv | data\discovery\mass-harvest-v5\clean-v5.5\review.csv | data\discovery\mega-harvest-v6\clean-v6\review.csv,,REVIEW,greek_domain_brand_coherence_unclear
80,eastatticacruises.com,Com,https://www.eastatticacruises.com/%CE%B4%CF%89%CF%81%CE%BF%CE%BA%CE%AC%CF%81%CF%84%CE%B1/,Δωροκάρτα,Δωροκάρτα. Χάρισε μια κρουαζιέρα ... east_attica_cruises. Daily cruises from Porto Rafti (Close to Athens and ✈️) Tickets: 42€ per person | Kids' discounts,"""Athens"" ""kids"" ""δωροκάρτα""",2,data\discovery\focused-harvest-v7\clean-v7\review.csv | data\discovery\focused-harvest-v7-run1-backup\clean-v7\review.csv,,REVIEW,non_greek_brand_coherence_unclear
85,easy.co.il,Department Store (Dream Card Gift Card) - Best in Ashdod area,https://easy.co.il/en/list/Department-Store?region=26889578&c2=22117,Department Store (Dream Card Gift Card) - Best in Ashdod area,"Department Store (Dream Card Gift Card) - Best in Ashdod area • Everything you want to know - addresses, opening hours, recommendations, phones and more.","""department store"" ""gift card"" Greece",1,data\discovery\mega-harvest-v6\clean-v6\review.csv,,REVIEW,non_greek_brand_coherence_unclear
100,eatpolska.com,"Eat Polska Gift Vouchers | Food, Vodka, Beer & Wine Tours in Poland",https://eatpolska.com/gift-vouchers/,"Eat Polska Gift Vouchers | Food, Vodka, Beer & Wine Tours in Poland",... Trip · Lesser Poland and Subcarpathia Culinary Trip · We're Eat Polska · Blog · FAQ · Contact Us · polski. BUY A GIFT VOUCHER FOR ONE OF OUR TOURS! Gift ...,"""Poland"" travel ""gift voucher"" official",4,data\discovery\mass-harvest-v5\clean-v5.2\global-review.csv | data\discovery\mass-harvest-v5\clean-v5.3\global-review.csv | data\discovery\mass-harvest-v5\clean-v5.4\review.csv | data\discovery\mass-harvest-v5\clean-v5.5\review.csv,,SECOND_PASS_SAFE,non_greek_brand_coherent_direct_gift_card
80,ebay.co.uk,Cinema Date Night Personalised Surprise Ticket Gift Voucher,https://www.ebay.co.uk/itm/198121819740,Cinema Date Night Personalised Surprise Ticket Gift Voucher,Cinema Date Night Personalised Surprise Ticket Gift Voucher ; ASSURED-SUPPLIES (71703) ; Condition. New ; Quantity. More than 10 available ; Item number.,"""cinema"" ""gift voucher"" Greece",6,data\discovery\mass-harvest-v5\clean-v5.1\review.csv | data\discovery\mass-harvest-v5\clean-v5.2\manual-review.csv | data\discovery\mass-harvest-v5\clean-v5.3\global-review.csv | data\discovery\mass-harvest-v5\clean-v5.4\review.csv | data\discovery\mass-harvest-v5\clean-v5.5\review.csv | data\discovery\mega-harvest-v6\clean-v6\review.csv,,REVIEW,non_greek_brand_coherence_unclear
80,eboxing.gr,eboxing,https://www.eboxing.gr/%CF%80%CF%81%CE%BF%CF%8A%CF%8C%CE%BD%CF%84%CE%B1/gift/,Δωροκάρτα eboxing,"... Δωροκάρτα eboxing. / Προϊόν.. Δωροκάρτα eboxing. 10,00 € - 500,00 €. Σε ... fitness, ακόμη και όργανα γυμναστικής. Εύκολα Βήματα για να χαρίσεις eGift ...","site:.gr ""fitness"" ""δωροκάρτα""",8,data\discovery\focused-harvest-v7\clean-v7\review.csv | data\discovery\focused-harvest-v7-run1-backup\clean-v7\review.csv | data\discovery\mass-harvest-v5\clean-v5.1\review.csv | data\discovery\mass-harvest-v5\clean-v5.2\manual-review.csv | data\discovery\mass-harvest-v5\clean-v5.3\global-review.csv | data\discovery\mass-harvest-v5\clean-v5.4\review.csv | data\discovery\mass-harvest-v5\clean-v5.5\review.csv | data\discovery\mega-harvest-v6\clean-v6\review.csv,,SECOND_PASS_SAFE,greek_brand_coherent_direct_gift_card
100,eckeroline.com,Gift Voucher 200,https://www.eckeroline.com/giftvoucher-200,Gift Voucher 200,Gift Voucher 200 €. €200.00. Purchasing a travel gift card from the online ... Sustainable Travel Finland Label · Finnish Service. © Eckerö Line 1998-2026.,"""Finland"" travel ""gift voucher"" official",4,data\discovery\mass-harvest-v5\clean-v5.2\global-review.csv | data\discovery\mass-harvest-v5\clean-v5.3\global-review.csv | data\discovery\mass-harvest-v5\clean-v5.4\review.csv | data\discovery\mass-harvest-v5\clean-v5.5\review.csv,,REVIEW,non_greek_brand_coherence_unclear
100,econitaly.com,"Econ Gift Card - Slow Fashion, Honest price, Made in Italy",https://econitaly.com/de/products/econ-gift-card?srsltid=AfmBOoo0zkQHmTw1GoklispeVrHC6G3AKWmRXyfo_AeYo8mgCblJUI2y,"Econ Gift Card - Slow Fashion, Honest price, Made in Italy","Discover Econ Italy: Belgian design, Made in Italy. Honest prices ... Econ Gift Card. Schließen. Econ Gift Card. Econ ...","""Italy"" fashion ""gift card"" official",4,data\discovery\mass-harvest-v5\clean-v5.2\global-review.csv | data\discovery\mass-harvest-v5\clean-v5.3\global-review.csv | data\discovery\mass-harvest-v5\clean-v5.4\review.csv | data\discovery\mass-harvest-v5\clean-v5.5\review.csv,,REVIEW,non_greek_brand_coherence_unclear
100,ecovis.com,Tax-free gift cards for employees. - ECOVIS Legal Denmark,https://www.ecovis.com/denmark/legal/blog/tax-free-gift-cards-for-employees/,Tax-free gift cards for employees. - ECOVIS Legal Denmark,"The gift card may not exceed DKK 1,200. Several gift cards may be given, as ... ECOVIS Denmark. State Authorized Public Accountants Vendersgade 28 st ...","""Denmark"" hotel ""gift card"" official",4,data\discovery\mass-harvest-v5\clean-v5.2\global-review.csv | data\discovery\mass-harvest-v5\clean-v5.3\global-review.csv | data\discovery\mass-harvest-v5\clean-v5.4\review.csv | data\discovery\mass-harvest-v5\clean-v5.5\review.csv,,SECOND_PASS_SAFE,non_greek_brand_coherent_direct_gift_card
100,edenandrhode.com,Gift Voucher,https://edenandrhode.com/products/gift-card?srsltid=AfmBOoptA69jKfWdsG1tcbBbiLMk6lo2J7ynOsVjauhzsZStKRzVGowJ,Gift Voucher,Gift Voucher. Sale price$50.00. Treat yourself or delight someone special with an Eden & Rhode gift voucher the ultimate present for lingerie lovers. Skip the ...,"""lingerie"" ""gift voucher"" Greece",5,data\discovery\mass-harvest-v5\clean-v5.2\global-review.csv | data\discovery\mass-harvest-v5\clean-v5.3\global-review.csv | data\discovery\mass-harvest-v5\clean-v5.4\review.csv | data\discovery\mass-harvest-v5\clean-v5.5\review.csv | data\discovery\mega-harvest-v6\clean-v6\review.csv,,REVIEW,non_greek_brand_coherence_unclear
100,edenred.gr,Ticket Compliments,https://www.edenred.gr/etaireies/ticket-compliments-gift-card,Δωροκάρτα Ticket Compliments,Χαρίστε ένα έξυπνο δώρο στους ανθρώπους σας με τη δωροκάρτα Ticket Compliments. Ανακαλύψτε τη δωροκάρτα ... Ticket Restaurant · MyBenefits · Spendeo · Ticket ...,"site:.gr ""restaurant"" ""δωροκάρτα""",5,data\discovery\focused-harvest-v7\clean-v7\review.csv | data\discovery\focused-harvest-v7-run1-backup\clean-v7\review.csv | data\discovery\mass-harvest-v5\clean-v5.4\review.csv | data\discovery\mass-harvest-v5\clean-v5.5\review.csv | data\discovery\mega-harvest-v6\clean-v6\review.csv,,REVIEW,greek_domain_brand_coherence_unclear
100,edgeobeyond.com,Lingerie Gift Card,https://www.edgeobeyond.com/products/gift-card?srsltid=AfmBOorKCcIb8FaZXe4ZoRrwlNLSYGkTo22PomtNSEG5Cm5D4NnGo4x_,Lingerie Gift Card,Treat someone special to a luxury lingerie gift voucher; let them choose an underwear set in their favourite style—a perfect present for boudoir lingerie ...,"""lingerie"" ""gift voucher"" Greece",5,data\discovery\mass-harvest-v5\clean-v5.2\global-review.csv | data\discovery\mass-harvest-v5\clean-v5.3\global-review.csv | data\discovery\mass-harvest-v5\clean-v5.4\review.csv | data\discovery\mass-harvest-v5\clean-v5.5\review.csv | data\discovery\mega-harvest-v6\clean-v6\review.csv,,REVIEW,non_greek_brand_coherence_unclear
85,efeeth.gr,Αγοράστε μία Δωροεπιταγή - Efeeth.gr,https://efeeth.gr/index.php?route,Αγοράστε μία Δωροεπιταγή - Efeeth.gr,"Αγοράστε μία Δωροεπιταγή ; Δίκλινο Δωμάτιο με Τζάκι στο κτίριο ""Prespa Resort"", 80,00 €, 30,00% ; Δίκλινο Δωμάτιο με Τζάκι στο κτίριο ""Prespa Resort"", 80,00 €, 30 ...","site:.gr ""resort"" ""δωροεπιταγή""",2,data\discovery\focused-harvest-v7\clean-v7\review.csv | data\discovery\focused-harvest-v7-run1-backup\clean-v7\review.csv,,SECOND_PASS_SAFE,greek_brand_coherent_direct_gift_card
100,egiftcards.nz,IKEA Gift Card Greece Region for Home Essentials,https://www.egiftcards.nz/product/ikea-gift-card-greece-region-eur-email-delivery/,IKEA Gift Card Greece Region for Home Essentials - eGift Cards,"Buy IKEA Gift Card Greece Region online for furniture, storage, kitchenware, bedding and home essentials. Choose available amounts with secure checkout.","""furniture"" ""gift card"" Greece",1,data\discovery\mass-harvest-v5\clean-v5.5\review.csv,,REJECT,known_false_positive_or_reseller
100,egifter.com,Buy Gift Cards,https://www.egifter.com/en-be/giftcards?srsltid=AfmBOork1-Xj54bLfiNPV82ChydJSzw8oPiAHUcBKdKEICboFS_ltYnG,Buy Gift Cards,Shop from hundreds of top Gift Card brands. Send as a gift or buy for yourself ... Belgium Belgium. Belgium; Canada; France ...,"""Belgium"" retail ""gift card"" official",4,data\discovery\mass-harvest-v5\clean-v5.2\global-review.csv | data\discovery\mass-harvest-v5\clean-v5.3\global-review.csv | data\discovery\mass-harvest-v5\clean-v5.4\review.csv | data\discovery\mass-harvest-v5\clean-v5.5\review.csv,,REVIEW,non_greek_brand_coherence_unclear
100,egit.cz,Gift Cards on the Czech Market,https://www.egit.cz/en/articles/gift-cards-czech-market/,Gift Cards on the Czech Market,Cultural preferences: gift cards and vouchers are still relatively new in the Czech Republic and have yet to gain widespread popularity. Czech Market Gift Card ...,"""Czech Republic"" fashion ""gift card"" official",4,data\discovery\mass-harvest-v5\clean-v5.2\global-review.csv | data\discovery\mass-harvest-v5\clean-v5.3\global-review.csv | data\discovery\mass-harvest-v5\clean-v5.4\review.csv | data\discovery\mass-harvest-v5\clean-v5.5\review.csv,,REVIEW,non_greek_brand_coherence_unclear
100,ekoi.com,Ekoï Gift Voucher,https://www.ekoi.com/en/gift-vouchers/8204-cheque-gift-ekoi-0400000820408.html,Ekoï Gift Voucher,Performance Eyewear · Road Cycling Sunglasses · Photochromic Cycling Glasses ... Gift Voucher. 32 reviews. GIFT VOUCHER. 1 / 2. 2 / 2. GIFT VOUCHER. $0.00. select ...,"""eyewear"" ""gift voucher"" Greece",5,data\discovery\mass-harvest-v5\clean-v5.2\global-review.csv | data\discovery\mass-harvest-v5\clean-v5.3\global-review.csv | data\discovery\mass-harvest-v5\clean-v5.4\review.csv | data\discovery\mass-harvest-v5\clean-v5.5\review.csv | data\discovery\mega-harvest-v6\clean-v6\review.csv,,SECOND_PASS_SAFE,non_greek_brand_coherent_direct_gift_card
80,el.glosbe.com,"δωροκάρτα σε Αγγλικά, μετάφραση, Λεξικό Ελληνικά",https://el.glosbe.com/el/en/%CE%B4%CF%89%CF%81%CE%BF%CE%BA%CE%AC%CF%81%CF%84%CE%B1,"δωροκάρτα σε Αγγλικά, μετάφραση, Λεξικό Ελληνικά","Πώς είναι το ""δωροκάρτα"" στο Αγγλικά; Ελέγξτε τις μεταφράσεις του ""δωροκάρτα ... mobile phones, watches, batteries, microphones, wireless communication ...","""mobile phones"" ""δωροκάρτα"" Greece",1,data\discovery\mega-harvest-v6\clean-v6\review.csv,,REVIEW,non_greek_brand_coherence_unclear
100,el.wordpress.org,Ultimate Gift Cards for WooCommerce,https://el.wordpress.org/plugins/woo-gift-cards-lite/,Ultimate Gift Cards for WooCommerce,WooCommerce gift cards lets you sell digital gift cards efficiently by providing your businesses to offer a gratifying experience to your customers and ...,"""experience"" ""gift voucher"" Greece",1,data\discovery\mega-harvest-v6\clean-v6\review.csv,,REVIEW,non_greek_brand_coherence_unclear
100,elaiolithos.com,Gift Cards Archives,https://elaiolithos.com/product-category/gift-cards/,Gift Cards Archives,"Bottle of Premium Awarded Wine, Seasonal Fruit Basket & Local Cheese Platter ... Gift your loved ones an unforgettable experience with our exclusive gift card ...","""wine"" ""gift card"" Greece",1,data\discovery\mega-harvest-v6\clean-v6\review.csv,,REVIEW,non_greek_brand_coherence_unclear
80,elbeauty.gr,Δωροκάρτα,https://www.elbeauty.gr/el/product/elbeautydorokarta/?srsltid=AfmBOooIemxH4IZdzSNUqBacPDUhyJZvd_1kJjjiBiTO6iZDUvIi5iG0,Δωροκάρτα,Ασφαλείς πληρωμές. Ασφαλές checkout. Χρειάζεσαι βοήθεια;. el beauty gift card. Δωροκάρτα.,"""beauty"" ""δωροκάρτα"" Greece",1,data\discovery\mega-harvest-v6\clean-v6\review.csv,,REVIEW,greek_domain_brand_coherence_unclear
85,elbebeboutique.gr,Δωροκάρτα,https://elbebeboutique.gr/shop-default/dorokartes/dorokarta/,Δωροκάρτα,"Δωροκάρτα. 50,00 € – 150,00 €. Ποσό Δωροκάρτας. Κάντε μία επιλογή, 50,00 €, 100 ... Δωροκάρτα ποσότητα ﹣ ﹢. Προσθήκη στο καλάθι. Προσθήκη στο Καλάθι. Περιγραφή ...","site:.gr ""boutique"" ""δωροκάρτα""",1,data\discovery\mega-harvest-v6\clean-v6\review.csv,,REVIEW,greek_domain_brand_coherence_unclear
100,elcapitanart.com,LUXURY GIFT CARD,https://elcapitanart.com/products/luxury-gift-card-500-copy?srsltid=AfmBOoqvtruNS61fyks_IZHnXhOxaaROkvm_oNbGQwk26CrO5lJlqQ9n,LUXURY GIFT CARD,"Last minute gift solution - ideal for birthdays, weddings, housewarming, or even an anniversary, El Capitan Art gift cards bring a unique touch to any ...","""luxury"" ""gift card"" Greece",1,data\discovery\mega-harvest-v6\clean-v6\review.csv,,REVIEW,non_greek_brand_coherence_unclear
85,elcohellas.gr,Αγοράστε μία Δωροεπιταγή,https://www.elcohellas.gr/index.php?route,Αγοράστε μία Δωροεπιταγή,FLUSH BAGS · ΔΕΙΤΕ ΟΛΑ ΤΑ ΑΞΕΣΟΥΑΡ ΣΚΑΦΩΝ. +- ΑΞΕΣΟΥΑΡ ΑΥΤΟΚΙΝΗΤΩΝ ... Αυτή η δωροεπιταγή θα αποσταλεί μέ e-mail στον παραλήπτη αφού ολοκληρωθεί ή πληρωμή σας.,"site:.gr ""bags"" ""δωροεπιταγή""",2,data\discovery\focused-harvest-v7\clean-v7\review.csv | data\discovery\focused-harvest-v7-run1-backup\clean-v7\review.csv,,REVIEW,greek_domain_brand_coherence_unclear
55,electronet.gr,Όροι και Προϋποθέσεις Προωθητικής Ενέργειας «LG OLED ...,https://www.electronet.gr/sites/default/files/sites/default/files/custom/LG-GX-OLED-TVs-Goulandris-Gift-Cards-oroi.pdf?srsltid=AfmBOorsQRz6lmfGCU5MrzVeEtmDiUslhnUX39-SAKfBxYRsQ6k5Xz7s,Όροι και Προϋποθέσεις Προωθητικής Ενέργειας «LG OLED ...,"Η Δωροκάρτα εκδίδεται από το Ίδρυμα Βασίλη & Ελίζας Γουλανδρή στην Αθήνα ... Ελλάδα και συγκεκριμένα στην απώτερη μητρική εταιρεία της, LG Electronics Inc.","site:.gr ""electronics"" ""δωροκάρτα""",1,data\discovery\mega-harvest-v6\clean-v6\review.csv,,REVIEW,greek_domain_brand_coherence_unclear
100,electronicfirst.com,IKEA €50 Gift Card GR - Perfect Gift for Home Decor,https://www.electronicfirst.com/ikea-eur50-gift-card-gr?c=EUR&srsltid=AfmBOoorUGfoG8OPT4uBr1xOXbm6mKmXHFgtL4itE4zZNLq0tWiOkyrx,IKEA €50 Gift Card GR - Perfect Gift for Home Decor,"Buy an IKEA €50 Gift Card GR! A perfect gift for home decor lovers, redeemable online or in-store. Give the gift of choice today!","""decor"" ""gift card"" Greece",2,data\discovery\mass-harvest-v5\clean-v5.2\global-review.csv | data\discovery\mass-harvest-v5\clean-v5.5\review.csv,,REJECT,third_party_ikea_gift_card
80,elefsinahotel.gr,Ξενοδοχείο Ελευσίνα | Κάρτα δώρου,https://www.elefsinahotel.gr/el/karta-dorou.html,Ξενοδοχείο Ελευσίνα | Κάρτα δώρου,"Δωροεπιταγή Elefsina Hotel. Ένα δώρο πρακτικό, εύκολο και ευέλικτο! Δώστε ελευθερία επιλογών στους εορτάζοντες, να διαλέξουν το αγαπημένο τους προϊόν ή ...","site:.gr ""hotel"" ""δωροεπιταγή""",2,data\discovery\focused-harvest-v7\clean-v7\review.csv | data\discovery\focused-harvest-v7-run1-backup\clean-v7\review.csv,,REVIEW,greek_domain_brand_coherence_unclear
100,elementalpilates.gr,Gift Card | Elemental Studios,https://www.elementalpilates.gr/gift-card,Gift Card | Elemental Studios,E-lementalGift Card · Elemental Pilates Studios Φρειδ. Τσέντνερ 20 - N. Ψυχικό - Τ.Κ 11525. Νικ. Πλαστήρα 7 - Λυκόβρυση - Τ.Κ 14123.,"site:.gr ""pilates"" ""gift card""",1,data\discovery\mega-harvest-v6\clean-v6\review.csv,,REVIEW,greek_domain_brand_coherence_unclear
100,elementsmassage.com,Elements Massage Gift Card - Rhodes Ranch,https://elementsmassage.com/rhodes-ranch/gift-cards,Elements Massage Gift Card - Rhodes Ranch,Elements Massage Gift Card. GIFTING JUST GOT A WHOLE LOT Better. Give the Gift ... Connect with Elements Rhodes Ranch. Franchise · Suppliers · Careers · Contact ...,"""Rhodes"" ""massage"" ""gift card""",2,data\discovery\focused-harvest-v7\clean-v7\review.csv | data\discovery\focused-harvest-v7-run1-backup\clean-v7\review.csv,,SECOND_PASS_SAFE,non_greek_brand_coherent_direct_gift_card
80,elenianna.gr,Δωροκάρτες Ελληνικών Γκουρμέ & Πολυτελών Προϊόντων,https://www.elenianna.gr/%CE%BA%CE%AC%CF%81%CF%84%CE%B5%CF%82-%CE%B4%CF%8E%CF%81%CE%BF%CF%85?srsltid=AfmBOopXLSGAayPo9_VjgntRoS9hENy_i12zhnHEnafWlW5HSmr7b-RY,Δωροκάρτες Ελληνικών Γκουρμέ & Πολυτελών Προϊόντων,"Δωροκάρτες Elenianna Luxury Gourmet. Το τέλειο δώρο είναι η ελευθερία της επιλογής. Με μια δωροκάρτα elenianna , σας προσφέρουμε πρόσβαση στα καλύτερα ...","site:.gr ""gourmet"" ""δωροκάρτα""",1,data\discovery\mega-harvest-v6\clean-v6\review.csv,,REVIEW,greek_domain_brand_coherence_unclear
100,elite.se,Gift Card - A VALUABLE GIFT,https://www.elite.se/en/buy-gift-cards/,Gift Card - A VALUABLE GIFT,Valid at The Bishops Arms pubs and Hotel Bishops Arms in Sweden. EASY TO ORDER. Choose the amount you want to give; Choose where the gift card should be sent ...,"""Sweden"" hotel ""gift card"" official",4,data\discovery\mass-harvest-v5\clean-v5.2\global-review.csv | data\discovery\mass-harvest-v5\clean-v5.3\global-review.csv | data\discovery\mass-harvest-v5\clean-v5.4\review.csv | data\discovery\mass-harvest-v5\clean-v5.5\review.csv,,REVIEW,non_greek_brand_coherence_unclear
100,elitecrafters.com,Elitecrafters Gift Certificate - Gift Voucher 300,https://www.elitecrafters.com/en/elitecrafters-gift-certificate-gift-voucher-300?srsltid=AfmBOopbVO8fMQ_QK1dxAvBa-sAPwwD_BGP7r5x6YDSivv5918f3J2G7,Elitecrafters Gift Certificate - Gift Voucher 300,"EliteCrafters Gift Card 300€. Treat the special people in your life to a special gift they will truly treasure, send them a Gift Certificate or Gift Voucher ...","""wedding"" ""gift voucher"" Greece",5,data\discovery\mass-harvest-v5\clean-v5.2\global-review.csv | data\discovery\mass-harvest-v5\clean-v5.3\global-review.csv | data\discovery\mass-harvest-v5\clean-v5.4\review.csv | data\discovery\mass-harvest-v5\clean-v5.5\review.csv | data\discovery\mega-harvest-v6\clean-v6\review.csv,,SECOND_PASS_SAFE,non_greek_brand_coherent_direct_gift_card
100,ellaresorts.com,Wellness Gift Card - Rocrita Resort,https://www.ellaresorts.com/crete/rocrita-resort/wellness/wellness-gift-card/,Wellness Gift Card - Rocrita Resort,"For more information and for purchasing a Wellness Gift Card, please contact the Spa Reception. ... AGIOS ANDREAS, MOCHLOS, CRETE, GREECE 72057. CONTACT ...","""Crete"" ""spa"" ""gift card""",6,data\discovery\focused-harvest-v7\clean-v7\review.csv | data\discovery\focused-harvest-v7-run1-backup\clean-v7\review.csv | data\discovery\mass-harvest-v5\clean-v5.3\greece-market-review.csv | data\discovery\mass-harvest-v5\clean-v5.4\review.csv | data\discovery\mass-harvest-v5\clean-v5.5\review.csv | data\discovery\mega-harvest-v6\clean-v6\review.csv,,REVIEW,non_greek_brand_coherence_unclear
100,ellievfashion.gr,Αρχεία,https://www.ellievfashion.gr/product-category/giftcard/,Δωροκάρτα Αρχεία,Δωροκάρτα. Αρχική σελίδα›Προϊόντα›Δωροκάρτα. Κατηγορίες Προϊόντων. Best Seller (0) · New Collection (133) · Premium Collection (0) ... Thessaloniki. Back to Top ...,"""Thessaloniki"" ""fashion"" ""δωροκάρτα""",2,data\discovery\focused-harvest-v7\clean-v7\review.csv | data\discovery\focused-harvest-v7-run1-backup\clean-v7\review.csv,,REVIEW,greek_domain_brand_coherence_unclear
80,elysianwatches.com,Elysian watches Gift Voucher – ElysianWatches,https://elysianwatches.com/en/products/elysianwatches-cadeaubon?srsltid=AfmBOorpPsqCsnJYZExfO0HScIlhxbqKNnaQ_IvCSUZ-4jqna0-9NHKd,Elysian watches Gift Voucher – ElysianWatches,"Home Elysian watches Gift Voucher. Elysian watches Gift Voucher. Regular price €10,00. Unit price / per. Taxes included. Shipping calculated at checkout.","""watches"" ""gift voucher"" Greece",6,data\discovery\mass-harvest-v5\clean-v5.1\review.csv | data\discovery\mass-harvest-v5\clean-v5.2\manual-review.csv | data\discovery\mass-harvest-v5\clean-v5.3\global-review.csv | data\discovery\mass-harvest-v5\clean-v5.4\review.csv | data\discovery\mass-harvest-v5\clean-v5.5\review.csv | data\discovery\mega-harvest-v6\clean-v6\review.csv,,SECOND_PASS_SAFE,non_greek_brand_coherent_direct_gift_card
100,emmanouelacosmetics.com,Gift Card,https://emmanouelacosmetics.com/products/gift-card?srsltid=AfmBOopo2yr_JCh-MuTq9jpfGVYvra7Zp5VUFqOWKnxCchYYbNvY70s_,Gift Card,"Προηγούμενο. Επόμενο. Emmanouela Cosmetics(Live). Gift Card. Τιμή προσφοράς€30,00. Ποσό Δωροκάρτας:€30.00. €30.00. €50.00. €100.00. €200.00. Ποσότητα: Μείωση ...","""cosmetics"" ""gift card"" Greece",5,data\discovery\mass-harvest-v5\clean-v5.2\global-review.csv | data\discovery\mass-harvest-v5\clean-v5.3\global-review.csv | data\discovery\mass-harvest-v5\clean-v5.4\review.csv | data\discovery\mass-harvest-v5\clean-v5.5\review.csv | data\discovery\mega-harvest-v6\clean-v6\review.csv,,REVIEW,non_greek_brand_coherence_unclear
100,en.aegeanair.com,AEGEAN Gift Card,https://en.aegeanair.com/flight-deals/gift-card/,AEGEAN Gift Card,"... sports equipment, or pet/animal transportation) via ""My Booking"". Who can ... Gift Voucher promo code. What if the flight I used my AEGEAN Gift Card is ...","""sports"" ""gift voucher"" Greece",3,data\discovery\mass-harvest-v5\clean-v5.4\review.csv | data\discovery\mass-harvest-v5\clean-v5.5\review.csv | data\discovery\mega-harvest-v6\clean-v6\review.csv,,REJECT,non_merchant_signal
100,en.caudalie.com,eGift Card - Caudalie,https://en.caudalie.com/p/7265/gift-card.html,eGift Card - Caudalie,An e-Gift Card purchased in boutiques in France can be used on caudalie.com and/or in Caudalie Boutique SPAs in France (excluding Vinothérapie Spas). An e ...,"""France"" beauty ""gift card"" official",4,data\discovery\mass-harvest-v5\clean-v5.2\global-review.csv | data\discovery\mass-harvest-v5\clean-v5.3\global-review.csv | data\discovery\mass-harvest-v5\clean-v5.4\review.csv | data\discovery\mass-harvest-v5\clean-v5.5\review.csv,,SECOND_PASS_SAFE,non_greek_brand_coherent_direct_gift_card
100,en.kalamata.co.il,Gift Card - Kalamata - קלמטה,https://en.kalamata.co.il/giftcard,Gift Card - Kalamata - קלמטה,"You can choose between a gift card of your desired amount, or a special gift card for two ... Kalamata - Greek cuisine in the Old City of Jaffa. Please ...","""Kalamata"" ""gift card""",3,data\discovery\mass-harvest-v5\clean-v5.3\greece-market-review.csv | data\discovery\mass-harvest-v5\clean-v5.4\review.csv | data\discovery\mass-harvest-v5\clean-v5.5\review.csv,,REVIEW,non_greek_brand_coherence_unclear
80,en.lesmaisonsdecampagne.com,Com,https://en.lesmaisonsdecampagne.com/bons-cadeaux,Gift vouchers,"... Spa treatments). All meals (dinner on the day of arrival, breakfast and ... gift voucher. 90-minute massage: €150 gift voucher ‍. All our gift vouchers ...","""Kos"" ""spa"" ""gift voucher""",2,data\discovery\focused-harvest-v7\clean-v7\review.csv | data\discovery\focused-harvest-v7-run1-backup\clean-v7\review.csv,,REVIEW,non_greek_brand_coherence_unclear
80,en.oohmygreece.com,Gift Card,https://en.oohmygreece.com/carte-cadeau,Gift Card,Oohmygreece gift vouchers. So beautiful that you will be tempted to keep them for yourself. SEE GIFT CARD.,"""gift vouchers"" Greece",6,data\discovery\mass-harvest-v5\clean-v5.1\review.csv | data\discovery\mass-harvest-v5\clean-v5.2\manual-review.csv | data\discovery\mass-harvest-v5\clean-v5.3\global-review.csv | data\discovery\mass-harvest-v5\clean-v5.4\review.csv | data\discovery\mass-harvest-v5\clean-v5.5\review.csv | data\discovery\mega-harvest-v6\clean-v6\review.csv,,REVIEW,non_greek_brand_coherence_unclear
80,en.webtours.bg,Gift voucher - WEB TOURS,https://en.webtours.bg/gifts,Gift voucher - WEB TOURS,"GIFT VOUCHER. Give the gift of travel! Our vouchers allow your loved ones to choose their perfect adventure. Flexible, convenient and valid for 12 months ...","""Bulgaria"" travel ""gift voucher"" official",5,data\discovery\mass-harvest-v5\clean-v5.1\review.csv | data\discovery\mass-harvest-v5\clean-v5.2\manual-review.csv | data\discovery\mass-harvest-v5\clean-v5.3\global-review.csv | data\discovery\mass-harvest-v5\clean-v5.4\review.csv | data\discovery\mass-harvest-v5\clean-v5.5\review.csv,,SECOND_PASS_SAFE,non_greek_brand_coherent_direct_gift_card
100,endclothing.zendesk.com,Purchasing an Online Gift Card,https://endclothing.zendesk.com/hc/en-us/articles/6016849911580-Purchasing-an-Online-Gift-Card,Purchasing an Online Gift Card,"Ordering an online gift card is easy! Simply follow these steps: Click HERE to go to our ""END. Gift Card"" page where you can ... (Europe) English ( ...","""Europe"" fashion ""gift card"" official",4,data\discovery\mass-harvest-v5\clean-v5.2\global-review.csv | data\discovery\mass-harvest-v5\clean-v5.3\global-review.csv | data\discovery\mass-harvest-v5\clean-v5.4\review.csv | data\discovery\mass-harvest-v5\clean-v5.5\review.csv,,REVIEW,non_greek_brand_coherence_unclear
100,eneba.com,AirlineGift Gift Card 100 EUR Key GREECE,https://www.eneba.com/airlinegift-airlinegift-gift-card-100-eur-key-greece?srsltid=AfmBOorauo6TVnmnmuBUPYgUmMJKFD1O-puKseGzc6qXW8A88zXnQcI4,AirlineGift Gift Card 100 EUR Key GREECE,AirlineGift offers the world's best airline gift card and online travel booking selection with a unique choice of 450 Airlines to book a flight to almost ...,"""airline"" ""gift card"" Greece",1,data\discovery\mass-harvest-v5\clean-v5.5\review.csv,,REJECT,known_false_positive_or_reseller
80,energiers.gr,Energiers,https://energiers.gr/index.php?route,Δωροκάρτες,Δωροκάρτες Energiers. Πόσες φορές δεν αναρωτηθήκατε εάν επιλέξατε το σωστό μέγεθος ή στυλ ρούχου που ταιριάζει στον μικρό σας παραλήπτη; Μην προβληματίζεστε ...,"site:.gr ""δωροκάρτες""",8,data\discovery\focused-harvest-v7\clean-v7\review.csv | data\discovery\focused-harvest-v7-run1-backup\clean-v7\review.csv | data\discovery\mass-harvest-v5\clean-v5.1\review.csv | data\discovery\mass-harvest-v5\clean-v5.2\manual-review.csv | data\discovery\mass-harvest-v5\clean-v5.3\global-review.csv | data\discovery\mass-harvest-v5\clean-v5.4\review.csv | data\discovery\mass-harvest-v5\clean-v5.5\review.csv | data\discovery\mega-harvest-v6\clean-v6\review.csv,,SECOND_PASS_SAFE,greek_brand_coherent_direct_gift_card
85,energyin.gr,"Με αγορά LG TWINWash, δωροεπιταγή έως €150 για ...",https://energyin.gr/2018/10/15/%CE%BC%CE%B5-%CE%B1%CE%B3%CE%BF%CF%81%CE%AC-lg-twinwash-%CE%B4%CF%89%CF%81%CE%BF%CE%B5%CF%80%CE%B9%CF%84%CE%B1%CE%B3%CE%AE-%CE%AD%CF%89%CF%82-e150-%CE%B3%CE%B9%CE%B1-%CE%B1%CE%B3%CE%BF%CF%81%CE%AD/,"Με αγορά LG TWINWash, δωροεπιταγή έως €150 για ...","Από τη σήμερα 15 Οκτωβρίου μέχρι τις 15 Νοεμβρίου, η LG Electronics ... δωροκάρτα INTERSPORT αξίας έως 150€. Στην προωθητική ενέργεια ...","site:.gr ""electronics"" ""δωροκάρτα""",6,data\discovery\mass-harvest-v5\clean-v5.1\review.csv | data\discovery\mass-harvest-v5\clean-v5.2\manual-review.csv | data\discovery\mass-harvest-v5\clean-v5.3\global-review.csv | data\discovery\mass-harvest-v5\clean-v5.4\review.csv | data\discovery\mass-harvest-v5\clean-v5.5\review.csv | data\discovery\mega-harvest-v6\clean-v6\review.csv,,REVIEW,greek_domain_brand_coherence_unclear
55,enerwave.gr,Customer Service,https://www.enerwave.gr/en/customer-service/faq-eko-easter-promo/can-i-transfer-the-gift-vouchers-to-someone-else-/,Customer Service,The EKO Gift Voucher is strictly personal and non‑transferable. ... The voucher is issued to the EKO Smile mobile number that you designate in your application.,"site:.gr ""home"" ""gift voucher""",1,data\discovery\mega-harvest-v6\clean-v6\review.csv,,REVIEW,greek_domain_brand_coherence_unclear
70,enoajewellery.com,€20 Énoa Jewellery Studio Gift Card,https://enoajewellery.com/products/20-enoa-jewellery-studio-gift-card?srsltid=AfmBOopGTtSy7L_qDgARaYVTIWWlesfB38kRpcDnFc7Hm5T77SMJknQh,€20 Énoa Jewellery Studio Gift Card,"Watches · Necklaces · Rings · Earrings · Bracelets · FESTINA · Men's Watches · LOTUS · Lotus ... Peristeri, Attiki 12131. Greece. Orders selected for in-store ...","""Peristeri"" ""watches"" ""gift card""",1,data\discovery\mega-harvest-v6\clean-v6\review.csv,,SECOND_PASS_SAFE,non_greek_brand_coherent_direct_gift_card
100,ensun.io,Top 17 Gift Card Manufacturers in Netherlands (2026),https://ensun.io/search/gift-card/netherlands,Top 17 Gift Card Manufacturers in Netherlands (2026),"Discover all relevant Gift Card Manufacturers in Netherlands, including giftcards.group and Eatcard Hospitality Reinvented.","""Netherlands"" retail ""gift card"" official",4,data\discovery\mass-harvest-v5\clean-v5.2\global-review.csv | data\discovery\mass-harvest-v5\clean-v5.3\global-review.csv | data\discovery\mass-harvest-v5\clean-v5.4\review.csv | data\discovery\mass-harvest-v5\clean-v5.5\review.csv,,REVIEW,non_greek_brand_coherence_unclear
100,entoyment.co.uk,Entoyment Digital Gift Voucher,https://entoyment.co.uk/products/entoyment-gift-card?srsltid=AfmBOoq_ONjC2P2RPREv5XE8Tecw_QSOnxHRUTsCUDFNUHIm4xwFC_eF,Entoyment Digital Gift Voucher,Entoyment Wargaming and Hobby Centre. Entoyment Digital Gift Voucher. Entoyment Digital Gift Voucher. Regular price £10.00 GBP. Regular price Sale price £10.00 ...,"""hobby"" ""gift voucher"" Greece",5,data\discovery\mass-harvest-v5\clean-v5.2\global-review.csv | data\discovery\mass-harvest-v5\clean-v5.3\global-review.csv | data\discovery\mass-harvest-v5\clean-v5.4\review.csv | data\discovery\mass-harvest-v5\clean-v5.5\review.csv | data\discovery\mega-harvest-v6\clean-v6\review.csv,,REVIEW,non_greek_brand_coherence_unclear
100,epay.de,epay launches gift card solution for ABOUT YOU in Europe,https://epay.de/en/epay-introduces-gift-card-solution-for-about-you-in-europe/,epay launches gift card solution for ABOUT YOU in Europe,"Euronet unit epay introduces gift card solution for ABOUT YOU in Europe. ABOUT YOU. As a new growth booster for the fashion-tech start-up, the ...","""Europe"" fashion ""gift card"" official",4,data\discovery\mass-harvest-v5\clean-v5.2\global-review.csv | data\discovery\mass-harvest-v5\clean-v5.3\global-review.csv | data\discovery\mass-harvest-v5\clean-v5.4\review.csv | data\discovery\mass-harvest-v5\clean-v5.5\review.csv,,SECOND_PASS_SAFE,non_greek_brand_coherent_direct_gift_card
80,epivatesproastiakou.gr,Adelaide Zero Latency Gift Voucher ...,https://www.epivatesproastiakou.gr/product-similar-image/?7784769011110,Adelaide Zero Latency Gift Voucher ...,... Gift Voucher Overview ... adelaide zero latency gift voucher ... tech fleece shorts nike men&#039;s sportswear shorts ...,"site:.gr ""sportswear"" ""gift voucher""",1,data\discovery\mega-harvest-v6\clean-v6\review.csv,,REVIEW,greek_domain_brand_coherence_unclear
80,epixeiro.gr,SKY gift μια e,https://www.epixeiro.gr/business-news/article/304510/sky-gift-mia-e-dorokarta-ghia-olo-to-khrono-apo-ti-sky-express,SKY gift μια e-δωροκάρτα για όλο το χρόνο από τη SKY express,"SKY gift μια e-δωροκάρτα ... Πρόκειται για το «SKY gift», μία e-δωροκάρτα με ... Η Marine Tours εντάσσεται στο δίκτυο υποστηρικτών της πρωτοβουλίας ΕΛΛΑ-ΔΙΚΑ ΜΑΣ.","site:.gr ""marine"" ""δωροκάρτα""",5,data\discovery\mass-harvest-v5\clean-v5.1\review.csv | data\discovery\mass-harvest-v5\clean-v5.2\manual-review.csv | data\discovery\mass-harvest-v5\clean-v5.3\global-review.csv | data\discovery\mass-harvest-v5\clean-v5.4\review.csv | data\discovery\mass-harvest-v5\clean-v5.5\review.csv,,REVIEW,greek_domain_brand_coherence_unclear
100,eqs-news.com,Citycon launches a new shopping centre gift card ...,https://www.eqs-news.com/news/corporate/citycon-launches-a-new-shopping-centre-gift-card-in-finland-and-estonia/0c5f9c17-5bfd-4020-b94b-3423258d7980,Citycon launches a new shopping centre gift card ...,"Citycon launches a new shopping centre gift card in Finland and Estonia ... In Finland, the gift card can first be used in five shopping centres: Iso ...","""Finland"" retail ""gift card"" official",4,data\discovery\mass-harvest-v5\clean-v5.2\global-review.csv | data\discovery\mass-harvest-v5\clean-v5.3\global-review.csv | data\discovery\mass-harvest-v5\clean-v5.4\review.csv | data\discovery\mass-harvest-v5\clean-v5.5\review.csv,,REVIEW,non_greek_brand_coherence_unclear
100,era.com.cy,ANNOUNCEMENT REGARDING GIFT CARDS ISSUED ... - ERA,https://era.com.cy/general/announcement-regarding-gift-cards-issued-by-ermes-department-stores-plc/,ANNOUNCEMENT REGARDING GIFT CARDS ISSUED ... - ERA,"ANNOUNCEMENT REGARDING GIFT CARDS ISSUED BY ERMES DEPARTMENT STORES PLC As of 1st of December 2024, the Gift Card Terms and Conditions are being ...","""Cyprus"" beauty ""gift card"" official",4,data\discovery\mass-harvest-v5\clean-v5.2\global-review.csv | data\discovery\mass-harvest-v5\clean-v5.3\global-review.csv | data\discovery\mass-harvest-v5\clean-v5.4\review.csv | data\discovery\mass-harvest-v5\clean-v5.5\review.csv,,REVIEW,non_greek_brand_coherence_unclear
85,ergo-horeca.gr,Αγοράστε μία Δωροεπιταγή,https://ergo-horeca.gr/index.php?route,Αγοράστε μία Δωροεπιταγή,"Εξοπλισμοί Κουζίνας, Bar, Cafe, Πιτσαρίας, Ζαχαροπλαστείου, Κρεοπωλείου ... Αυτή η δωροεπιταγή θα αποσταλεί μέ e-mail στον παραλήπτη αφού ολοκληρωθεί ή πληρωμή ...","site:.gr ""cafe"" ""δωροεπιταγή""",2,data\discovery\focused-harvest-v7\clean-v7\review.csv | data\discovery\focused-harvest-v7-run1-backup\clean-v7\review.csv,,REVIEW,greek_domain_brand_coherence_unclear
80,eroscandles.gr,Έρως Candles,https://eroscandles.gr/product/dorokarta/,Δωροκάρτα - Έρως Candles,Κωδικός προϊόντος: Μ/Δ Κατηγορία: Gift Card. Περιγραφή; Αξιολογήσεις (0). Το τέλειο δώρο για τους ... Home Decor Toggle child menu. Αρωματιστές · Gift Card.,"site:.gr ""decor"" ""gift card""",8,data\discovery\focused-harvest-v7\clean-v7\review.csv | data\discovery\focused-harvest-v7-run1-backup\clean-v7\review.csv | data\discovery\mass-harvest-v5\clean-v5.1\review.csv | data\discovery\mass-harvest-v5\clean-v5.2\manual-review.csv | data\discovery\mass-harvest-v5\clean-v5.3\global-review.csv | data\discovery\mass-harvest-v5\clean-v5.4\review.csv | data\discovery\mass-harvest-v5\clean-v5.5\review.csv | data\discovery\mega-harvest-v6\clean-v6\review.csv,,REVIEW,greek_domain_brand_coherence_unclear
100,ersanails.com,Ersa Nails Gift Card,https://ersanails.com/products/ersa-nails-gift-card?srsltid=AfmBOoos23SPMxkmdkd4W1ye6XPxxhstlZy1_zTdo3OTR_STGD2F3HHA,Ersa Nails Gift Card,"Give the gift of flawless, trendy nails with the Ersa Nails E-Gift Card ... Greece (EUR€); Hong Kong SAR (HKD$); Hungary (HUFFt); Iceland (ISKkr); India (INR ...","""Greece"" ""nails"" ""gift card""",1,data\discovery\mega-harvest-v6\clean-v6\review.csv,,SECOND_PASS_SAFE,non_greek_brand_coherent_direct_gift_card
100,escapeventure.com,Escape Room Gift Voucher for Magdeburg,https://www.escapeventure.com/en/escape-room-magdeburg-gift-voucher?srsltid=AfmBOopeZ_DKIUcxhCjJ508KUZUSfIA3kAI8dFzPFDbIwDXyDRbf3hnX,Escape Room Gift Voucher for Magdeburg,Escape Room Gift Voucher for Magdeburg · ⏱️ Digital in minutes · Flexible redemption · Valid for 3 years.,"""escape room"" ""gift voucher"" Greece",5,data\discovery\mass-harvest-v5\clean-v5.2\global-review.csv | data\discovery\mass-harvest-v5\clean-v5.3\global-review.csv | data\discovery\mass-harvest-v5\clean-v5.4\review.csv | data\discovery\mass-harvest-v5\clean-v5.5\review.csv | data\discovery\mega-harvest-v6\clean-v6\review.csv,,REVIEW,non_greek_brand_coherence_unclear
100,eshop.handospa.gr,Product categories,https://eshop.handospa.gr/product-category/gift-cards,Gift Cards | Product categories,100€ Gift Card. 100 € per gift card. Select number of gift cards. 100 ... Hando Spa will remain closed for the rest of today due to a minor technical ...,"""Mykonos"" ""spa"" ""gift card""",3,data\discovery\focused-harvest-v7\clean-v7\review.csv | data\discovery\focused-harvest-v7-run1-backup\clean-v7\review.csv | data\discovery\mega-harvest-v6\clean-v6\review.csv,,REVIEW,greek_domain_brand_coherence_unclear
100,esncard.org,Zalando Gift Cards,https://www.esncard.org/discount/zalando-gift-cards,Zalando Gift Cards,"Zalando is Europe's leading online fashion and lifestyle platform, offering ... The €10-€15 gift card can be redeemed once, while the 10% discount applies each ...","""Europe"" fashion ""gift card"" official",4,data\discovery\mass-harvest-v5\clean-v5.2\global-review.csv | data\discovery\mass-harvest-v5\clean-v5.3\global-review.csv | data\discovery\mass-harvest-v5\clean-v5.4\review.csv | data\discovery\mass-harvest-v5\clean-v5.5\review.csv,,REVIEW,non_greek_brand_coherence_unclear
85,espressoshop.gr,Espressoshop.gr Νο 1 Κατάστημα πώλησης ...,https://espressoshop.gr/dorokarta/,Δωροκάρτα - Espressoshop.gr Νο 1 Κατάστημα πώλησης ...,"Intenso Cafe · Caffe Parana · Golden Brazil · Gran Salvador · Tonino Lamborghini ... Δωροκάρτα. Αγοράστε μια δωροκάρτα, και δώστε την δυνατότητα σε φίλους και ...","site:.gr ""cafe"" ""δωροκάρτα""",8,data\discovery\focused-harvest-v7\clean-v7\review.csv | data\discovery\focused-harvest-v7-run1-backup\clean-v7\review.csv | data\discovery\mass-harvest-v5\clean-v5.1\review.csv | data\discovery\mass-harvest-v5\clean-v5.2\manual-review.csv | data\discovery\mass-harvest-v5\clean-v5.3\global-review.csv | data\discovery\mass-harvest-v5\clean-v5.4\review.csv | data\discovery\mass-harvest-v5\clean-v5.5\review.csv | data\discovery\mega-harvest-v6\clean-v6\review.csv,,SECOND_PASS_SAFE,greek_brand_coherent_direct_gift_card
100,estiathens.com,Gift Card Detail,https://estiathens.com/en/pages/gift-card?srsltid=AfmBOoqoEnNdfwRoZuTYIyHi3ME4k-FcJjoPosTdQ_rkkOzbyGMsvRNg,Gift Card Detail,"GV Gift Card Detail, do not change this page. ... Εσώρουχα Γυναικεία | Lingerie | Ελκυστικά & Αισθησιακά | Esti Athens ... GIFT CARDGIFT CARD. Language English.","""Athens"" ""lingerie"" ""gift card""",1,data\discovery\mega-harvest-v6\clean-v6\review.csv,,REVIEW,non_greek_brand_coherence_unclear
80,etheras-toys.gr,Etheras,https://etheras-toys.gr/product/%CE%B4%CF%89%CF%81%CE%BF%CE%BA%CE%AC%CF%81%CF%84%CE%B1-etheras/?srsltid=AfmBOoql00OGH7cZaSMC_H0rBs2vHxsG-eGAbIfgcMCCPA902H5n-rGR,Δωροκάρτα Etheras,"Etheras Toys > Προϊόντα > Δωροκάρτα Etheras.. Δωροκάρτα Etheras. 15,00 € – 150,00 € Price range: 15,00 € through 150,00 €. Ποσό.","site:.gr ""toys"" ""δωροκάρτα""",8,data\discovery\focused-harvest-v7\clean-v7\review.csv | data\discovery\focused-harvest-v7-run1-backup\clean-v7\review.csv | data\discovery\mass-harvest-v5\clean-v5.1\review.csv | data\discovery\mass-harvest-v5\clean-v5.2\manual-review.csv | data\discovery\mass-harvest-v5\clean-v5.3\global-review.csv | data\discovery\mass-harvest-v5\clean-v5.4\review.csv | data\discovery\mass-harvest-v5\clean-v5.5\review.csv | data\discovery\mega-harvest-v6\clean-v6\review.csv,,REVIEW,greek_domain_brand_coherence_unclear
65,etq-amsterdam.com,ETQ Amsterdam Gift Card - Virtual Gift Voucher,https://www.etq-amsterdam.com/products/gift-card,ETQ Amsterdam Gift Card - Virtual Gift Voucher,"Sneakers. Loafers Men. Loafers. Runners. Desert ... Greece, Hong Kong SAR, Hungary, Iceland, Ireland, Italy, Latvia, Liechtenstein ...","""Greece"" ""sneakers"" ""gift voucher""",1,data\discovery\mega-harvest-v6\clean-v6\review.csv,,SECOND_PASS_SAFE,non_greek_brand_coherent_direct_gift_card
100,etsy.com,Ferry Boat Gift Voucher: Customizable Ticket (digital Product),https://www.etsy.com/ie/listing/4367110822/ferry-boat-gift-voucher-customizable,Ferry Boat Gift Voucher: Customizable Ticket (digital Product),May include: A ferry ride gift voucher ... Ferry Boat Gift Voucher: Customizable Ticket (Digital Product); Editable Instant Download ... Tickets to Greece Gift - ...,"""ferry"" ""gift voucher"" Greece",1,data\discovery\mass-harvest-v5\clean-v5.5\review.csv,,REJECT,known_false_positive_or_reseller
100,eu.globebrand.com,Gift Card - Globe Europe,https://eu.globebrand.com/products/gift-card,Gift Card - Globe Europe,Shop All Clothing New Arrivals Sale Gift Card. APPAREL. CLOTHING. APPAREL. Shop ... Globe Europe. NEW ARRIVALS NEW ARRIVALS NEW PRODUCTS Shop All New Shop ...,"""Europe"" retail ""gift card"" official",4,data\discovery\mass-harvest-v5\clean-v5.2\global-review.csv | data\discovery\mass-harvest-v5\clean-v5.3\global-review.csv | data\discovery\mass-harvest-v5\clean-v5.4\review.csv | data\discovery\mass-harvest-v5\clean-v5.5\review.csv,,REVIEW,non_greek_brand_coherence_unclear
100,eu.refybeauty.com,Gift Card - Digital,https://eu.refybeauty.com/products/gift-card-digital,Gift Card - Digital,"The REFY Digital Gift Card is the perfect present for any beauty lover. Straight to the recipient inbox to shop their REFY favourites any time, anywhere.","""Europe"" beauty ""gift card"" official",4,data\discovery\mass-harvest-v5\clean-v5.2\global-review.csv | data\discovery\mass-harvest-v5\clean-v5.3\global-review.csv | data\discovery\mass-harvest-v5\clean-v5.4\review.csv | data\discovery\mass-harvest-v5\clean-v5.5\review.csv,,REVIEW,non_greek_brand_coherence_unclear
100,eu.thefrankieshop.com,Eu,https://eu.thefrankieshop.com/products/e-gift-card,E-Gift Card,... gift card purchases. ... Europe. Aland IslandsEUR. AlbaniaUSD. AndorraEUR. AustriaEUR. BelgiumEUR.,"""Europe"" fashion ""gift card"" official",4,data\discovery\mass-harvest-v5\clean-v5.2\global-review.csv | data\discovery\mass-harvest-v5\clean-v5.3\global-review.csv | data\discovery\mass-harvest-v5\clean-v5.4\review.csv | data\discovery\mass-harvest-v5\clean-v5.5\review.csv,,REVIEW,non_greek_brand_coherence_unclear
100,eu.upcirclebeauty.com,UpCircle Gift Card,https://eu.upcirclebeauty.com/products/gift-card,UpCircle Gift Card,Easy to order and you get the e-gift card instantly - great for presents! Review for UpCircle Beauty E-Gift Card - £10 from UpCircle Beauty.,"""Europe"" beauty ""gift card"" official",4,data\discovery\mass-harvest-v5\clean-v5.2\global-review.csv | data\discovery\mass-harvest-v5\clean-v5.3\global-review.csv | data\discovery\mass-harvest-v5\clean-v5.4\review.csv | data\discovery\mass-harvest-v5\clean-v5.5\review.csv,,REVIEW,non_greek_brand_coherence_unclear
100,eurekathens.com,eureka athens gift card,https://eurekathens.com/athens-gift-card/,eureka athens gift card,"EUREKA ATHENS GIFT CARD Treat your loved ones to an unforgettable tour! Whether you are celebrating a special occasion such as birthday, anniversary, ...","""tour"" ""gift card"" Greece",1,data\discovery\mega-harvest-v6\clean-v6\review.csv,,REVIEW,non_greek_brand_coherence_unclear
70,europages.co.uk,Gift card Greece | B2B companies and suppliers | europages,https://www.europages.co.uk/companies/greece/gift-card.html,Gift card Greece | B2B companies and suppliers | europages,"Peristeri. Employees. 1-4. Delivery: Europe. Distributor. Online store for mobile accessories, electronics, car accessories, household appliances ...","""Peristeri"" ""electronics"" ""gift card""",6,data\discovery\mass-harvest-v5\clean-v5.1\review.csv | data\discovery\mass-harvest-v5\clean-v5.2\manual-review.csv | data\discovery\mass-harvest-v5\clean-v5.3\global-review.csv | data\discovery\mass-harvest-v5\clean-v5.4\review.csv | data\discovery\mass-harvest-v5\clean-v5.5\review.csv | data\discovery\mega-harvest-v6\clean-v6\review.csv,,REVIEW,non_greek_brand_coherence_unclear
85,europe.giftpay.com,GiftPay Gift Cards Europe | Instant Online eVouchers,https://europe.giftpay.com/,GiftPay Gift Cards Europe | Instant Online eVouchers,"Gifts are delivered to recipients via email in an instant. Recipients can then open their online gift card on any smartphone, tablet, laptop or desktop computer ...","""technology"" ""gift card"" Greece",6,data\discovery\mass-harvest-v5\clean-v5.1\review.csv | data\discovery\mass-harvest-v5\clean-v5.2\manual-review.csv | data\discovery\mass-harvest-v5\clean-v5.3\global-review.csv | data\discovery\mass-harvest-v5\clean-v5.4\review.csv | data\discovery\mass-harvest-v5\clean-v5.5\review.csv | data\discovery\mega-harvest-v6\clean-v6\review.csv,,SECOND_PASS_SAFE,non_greek_brand_coherent_direct_gift_card
100,eventuria.travel,Easy Online Gift Vouchers | Eventuria.Travel,https://eventuria.travel/en/landing/9177/gift-voucher,Easy Online Gift Vouchers | Eventuria.Travel,"A gift voucher is more than a refined gesture. It's an invitation to a ... It's valid for concerts, sports, festivals and holidays in Romania or abroad.","""Romania"" travel ""gift voucher"" official",4,data\discovery\mass-harvest-v5\clean-v5.2\global-review.csv | data\discovery\mass-harvest-v5\clean-v5.3\global-review.csv | data\discovery\mass-harvest-v5\clean-v5.4\review.csv | data\discovery\mass-harvest-v5\clean-v5.5\review.csv,,SECOND_PASS_SAFE,non_greek_brand_coherent_direct_gift_card
85,evosmofood.gr,Αγοράστε μία Δωροεπιταγή,https://evosmofood.gr/index.php?route,Αγοράστε μία Δωροεπιταγή,Αγοράστε μία Δωροεπιταγή. Αυτή η δωροεπιταγή θα αποσταλεί μέ e-mail στον παραλήπτη αφού ολοκληρωθεί ή πληρωμή σας. Όνομα παραλήπτη. E-mail παραλήπτη. Το όνομα ...,"site:.gr ""food"" ""δωροεπιταγή""",2,data\discovery\focused-harvest-v7\clean-v7\review.csv | data\discovery\focused-harvest-v7-run1-backup\clean-v7\review.csv,,REVIEW,greek_domain_brand_coherence_unclear
80,ewelt-energie.de,Disorient Sunglasses Gift Voucher the Athens planter combines ...,https://ewelt-energie.de/?q=4071672411,Disorient Sunglasses Gift Voucher the Athens planter combines ...,Disorient Sunglasses Gift Voucher the Athens planter combines classicA subtle ... Tiny Honey Bee Studs - Gold Decor. US ...,"""Athens"" ""decor"" ""gift voucher""",1,data\discovery\mega-harvest-v6\clean-v6\review.csv,,REVIEW,non_greek_brand_coherence_unclear
85,eworkshop.gr,Δωροκάρτα - Work Shop - Workshop,https://eworkshop.gr/product/%CE%B4%CF%89%CF%81%CE%BF%CE%BA%CE%AC%CF%81%CF%84%CE%B1/,Δωροκάρτα - Work Shop - Workshop,Δε μπορείτε να βρείτε το τέλειο δώρο; H δωροκάρτα WORKSHOP είναι το ιδανικό ΔΩΡΟ για κάθε περίσταση ... Smart Tools · Φαρμακεία · Φακοί · Εξειδικευμένα Αξεσουάρ.,"site:.gr ""tools"" ""δωροκάρτα""",5,data\discovery\mass-harvest-v5\clean-v5.1\review.csv | data\discovery\mass-harvest-v5\clean-v5.2\manual-review.csv | data\discovery\mass-harvest-v5\clean-v5.3\global-review.csv | data\discovery\mass-harvest-v5\clean-v5.4\review.csv | data\discovery\mass-harvest-v5\clean-v5.5\review.csv,,REVIEW,greek_domain_brand_coherence_unclear
80,expats.cz,Gift voucher guide 2022: From spa stays to culture tips for ...,https://www.expats.cz/czech-news/article/looking-for-the-perfect-christmas-gift,Gift voucher guide 2022: From spa stays to culture tips for ...,"Give your loved ones a choice of fine dining experiences with the Ambiente Group gift card, accepted at 28 restaurants and businesses.","""Czech Republic"" retail ""gift card"" official",5,data\discovery\mass-harvest-v5\clean-v5.1\review.csv | data\discovery\mass-harvest-v5\clean-v5.2\manual-review.csv | data\discovery\mass-harvest-v5\clean-v5.3\global-review.csv | data\discovery\mass-harvest-v5\clean-v5.4\review.csv | data\discovery\mass-harvest-v5\clean-v5.5\review.csv,,REVIEW,non_greek_brand_coherence_unclear
100,expedtribe.com,Gift Voucher,https://expedtribe.com/en/gift-voucher/,Gift Voucher,Gift Voucher Gift your loved ones with a real adventure! Our vouchers are ... education · Snowshoeing · Igloo Adventure. Summer. Mountaineering · Courses and ...,"""education"" ""gift voucher"" Greece",5,data\discovery\mass-harvest-v5\clean-v5.2\global-review.csv | data\discovery\mass-harvest-v5\clean-v5.3\global-review.csv | data\discovery\mass-harvest-v5\clean-v5.4\review.csv | data\discovery\mass-harvest-v5\clean-v5.5\review.csv | data\discovery\mega-harvest-v6\clean-v6\review.csv,,REVIEW,non_greek_brand_coherence_unclear
100,exploremessinia.com,Unforgettable Experience Gift Cards in Greece,https://exploremessinia.com/giftcard/,Unforgettable Experience Gift Cards in Greece,Surprise someone special with our Experience Gift Cards in Greece ... GIFT CARD. Struggling to find the perfect gift for someone special ...,"""experience"" ""gift card"" Greece",5,data\discovery\mass-harvest-v5\clean-v5.1\review.csv | data\discovery\mass-harvest-v5\clean-v5.3\greece-market-review.csv | data\discovery\mass-harvest-v5\clean-v5.4\review.csv | data\discovery\mass-harvest-v5\clean-v5.5\review.csv | data\discovery\mega-harvest-v6\clean-v6\review.csv,,REVIEW,non_greek_brand_coherence_unclear
100,ezliving-interiors.ie,EZ Living Gift Voucher,https://www.ezliving-interiors.ie/ez-living-gift-voucher,EZ Living Gift Voucher,... Gift Voucher Buy Gift Voucher. Buy a loved one a gift voucher from EZ Living ... furniture · Let's Get Social @ezlivinginteriors. €10 off your first order*.,"""furniture"" ""gift voucher"" Greece",5,data\discovery\mass-harvest-v5\clean-v5.2\global-review.csv | data\discovery\mass-harvest-v5\clean-v5.3\global-review.csv | data\discovery\mass-harvest-v5\clean-v5.4\review.csv | data\discovery\mass-harvest-v5\clean-v5.5\review.csv | data\discovery\mega-harvest-v6\clean-v6\review.csv,,REVIEW,non_greek_brand_coherence_unclear
65,facetheory.com,Facetheory Digital Gift Card,https://www.facetheory.com/en-gb/products/facetheory-gift-card?srsltid=AfmBOoosqd5zTK0gk_BbC5mV034BHa2nqIgzTx10lp7SJEuMUfmL8IYj,Facetheory Digital Gift Card,"Greece, Guernsey, Hong Kong SAR, Hungary, Iceland, Ireland, Isle of Man, Italy, Japan, Jersey, Latvia ... SKINCARE QUIZ. Find your best skincare routine. GET ...","""skincare"" ""gift voucher"" Greece",1,data\discovery\mega-harvest-v6\clean-v6\review.csv,,SECOND_PASS_SAFE,non_greek_brand_coherent_direct_gift_card
85,faceyogaforall.gr,Κάρτα Δώρου Face Yoga €50,https://faceyogaforall.gr/product/%CE%BA%CE%AC%CF%81%CF%84%CE%B1-%CE%B4%CF%8E%CF%81%CE%BF%CF%85-face-yoga-e50/,Κάρτα Δώρου Face Yoga €50,"Κάρτα Δώρου Face Yoga €50 · Συμπληρώστε τα απαιτούμενα πεδία (αποστολέα, μήνυμα, email παραλήπτη), ολοκληρώστε την αγορά σας και η Gift Card θα σταλεί ...","""yoga"" ""gift card"" Greece",6,data\discovery\mass-harvest-v5\clean-v5.1\review.csv | data\discovery\mass-harvest-v5\clean-v5.2\manual-review.csv | data\discovery\mass-harvest-v5\clean-v5.3\global-review.csv | data\discovery\mass-harvest-v5\clean-v5.4\review.csv | data\discovery\mass-harvest-v5\clean-v5.5\review.csv | data\discovery\mega-harvest-v6\clean-v6\review.csv,,REVIEW,greek_domain_brand_coherence_unclear
85,fagottobooks.gr,αξίας 40 ευρώ,https://fagottobooks.gr/en/6005-dorokarta-axias-40-eyro.html,Δωροκάρτα αξίας 40 ευρώ,Με τη δωροκάρτα αυτή δίνετε στα αγαπημένα σας πρόσωπα τα είδη που πραγματικά επιθυμούν. Η δωροκάρτα μπορεί να χρησιμοποιηθεί τόσο για online αγορές στο ...,"site:.gr ""books"" ""δωροκάρτα""",7,data\discovery\focused-harvest-v7-run1-backup\clean-v7\review.csv | data\discovery\mass-harvest-v5\clean-v5.1\review.csv | data\discovery\mass-harvest-v5\clean-v5.2\manual-review.csv | data\discovery\mass-harvest-v5\clean-v5.3\global-review.csv | data\discovery\mass-harvest-v5\clean-v5.4\review.csv | data\discovery\mass-harvest-v5\clean-v5.5\review.csv | data\discovery\mega-harvest-v6\clean-v6\review.csv,,REVIEW,greek_domain_brand_coherence_unclear
100,fairmont.com,Luxury Hotel & Spa Gift Cards,https://www.fairmont.com/en/gift-card.html,Luxury Hotel & Spa Gift Cards,"Give the gift of luxury with a Fairmont hotel gift card, redeemable worldwide for stays, dining, spa and golf ... Switzerland. Geneva - Grand Hotel Geneva ...","""Switzerland"" hotel ""gift card"" official",4,data\discovery\mass-harvest-v5\clean-v5.2\global-review.csv | data\discovery\mass-harvest-v5\clean-v5.3\global-review.csv | data\discovery\mass-harvest-v5\clean-v5.4\review.csv | data\discovery\mass-harvest-v5\clean-v5.5\review.csv,,REVIEW,non_greek_brand_coherence_unclear
85,fanpharmacy.gr,Δωροκάρτα - fanpharmacy.gr,https://fanpharmacy.gr/product/dorokarta/,Δωροκάρτα - fanpharmacy.gr,"Δωροκάρτα ... Κάντε το καλύτερο δώρο στους αγαπημένους σας. Εσείς κάνετε την αγορά της δωροκάρτας fanpharmacy και ο παραλήπτης μπορεί να διαλέξει ό,τι θέλει από ...","site:.gr ""pharmacy"" ""δωροκάρτα""",6,data\discovery\mass-harvest-v5\clean-v5.1\review.csv | data\discovery\mass-harvest-v5\clean-v5.2\manual-review.csv | data\discovery\mass-harvest-v5\clean-v5.3\global-review.csv | data\discovery\mass-harvest-v5\clean-v5.4\review.csv | data\discovery\mass-harvest-v5\clean-v5.5\review.csv | data\discovery\mega-harvest-v6\clean-v6\review.csv,,SECOND_PASS_SAFE,greek_brand_coherent_direct_gift_card
100,faq.sephora.gr,Πώς μπορώ να χρησιμοποιήσω τη Gift card μου διαδικτυακά;,https://faq.sephora.gr/s/article/%CE%9C%CF%80%CE%BF%CF%81%CF%8E-%CE%BD%CE%B1-%CE%B1%CE%B3%CE%BF%CF%81%CE%AC%CF%83%CF%89-%CE%BC%CE%B9%CE%B1-Gift-Card%CF%83%CF%84%CE%BF-Sephora-gr,Πώς μπορώ να χρησιμοποιήσω τη Gift card μου διαδικτυακά;,Για να χρησιμοποιήσετε τη Gift card σας ... Μπορείτε να επικοινωνήσετε με την Εξυπηρέτηση Πελατών 2111000800 αναφέροντας τον αριθμό της Gift card σας.,"site:.gr ""gift card""",2,data\discovery\focused-harvest-v7\clean-v7\review.csv | data\discovery\focused-harvest-v7-run1-backup\clean-v7\review.csv,,REVIEW,greek_domain_brand_coherence_unclear
100,fashion-arena.cz,Gift Card,https://www.fashion-arena.cz/en/gift-cards,Gift Card,"WHAT IS THE FASHION ARENA PRAGUE OUTLET GIFT CARD AND WHERE CAN I USE IT ? ... Zamenhofova 440, Štěrboholy, 108 00 Praha 10, Czech Republic +420 606 069 307.","""Czech Republic"" fashion ""gift card"" official",4,data\discovery\mass-harvest-v5\clean-v5.2\global-review.csv | data\discovery\mass-harvest-v5\clean-v5.3\global-review.csv | data\discovery\mass-harvest-v5\clean-v5.4\review.csv | data\discovery\mass-harvest-v5\clean-v5.5\review.csv,,REVIEW,non_greek_brand_coherence_unclear
100,fashioncity-outlet.gr,Κέρδισε δωροεπιταγή -20% από τον Μουστάκα,https://www.fashioncity-outlet.gr/moystakas-giftcard/,Κέρδισε δωροεπιταγή -20% από τον Μουστάκα,Fashion City Outlet · ΤΟ OUTLET · ΘΕΣΕΙΣ ΕΡΓΑΣΙΑΣ · CONCEPT ... δωροεπιταγή -20% από τον Μουστάκα. Αυτό το Σάββατο 9 Δεκεμβρίου ...,"site:.gr ""fashion"" ""δωροεπιταγή""",3,data\discovery\focused-harvest-v7\clean-v7\review.csv | data\discovery\focused-harvest-v7-run1-backup\clean-v7\review.csv | data\discovery\mega-harvest-v6\clean-v6\review.csv,,REVIEW,greek_domain_brand_coherence_unclear
100,fashionnoiz.com,Check here how much credits your Gift Card has left!,https://www.fashionnoiz.com/giftcards/buy,Check here how much credits your Gift Card has left!,You can optionally add the e-mail of the person you want your Gift Card to be sent and a personalized message for him. ... Kifisia. © fashionnoiz 2018 comodo- ...,"""Kifisia"" ""fashion"" ""gift card""",3,data\discovery\focused-harvest-v7\clean-v7\review.csv | data\discovery\focused-harvest-v7-run1-backup\clean-v7\review.csv | data\discovery\mega-harvest-v6\clean-v6\review.csv,,REVIEW,non_greek_brand_coherence_unclear
100,fay.com,Gift Card | Fay,https://www.fay.com/gr-en/add-gift-card/,Gift Card | Fay,"HOW IS AN ORDER PAID WITH A GIFT CARD AND ANY ADDITIONAL PAYMENT METHOD, REFUNDED? ... Greece · Holland · Hungary · Iceland · Ireland · Italy · Latvia · Lithuania.","""Greece"" ""computers"" ""gift card""",1,data\discovery\mega-harvest-v6\clean-v6\review.csv,,REVIEW,non_greek_brand_coherence_unclear
100,feedmepetshop.gr,/ Giftcard 25€ - Feed Me,https://www.feedmepetshop.gr/%CE%B4%CF%89%CF%81%CE%BF%CE%BA%CE%AC%CF%81%CF%84%CE%B1-giftcard-25e/,Δωροκάρτα / Giftcard 25€ - Feed Me,"Δωροκάρτα / Giftcard 25€. 25,00 €. Άμεση αποστολή κουπονιού με email ... Pet Shop Θεσσαλονίκη. maestro mastercard visa sc_62x34 vbv. Μενού. Pet Shop - Feed Me.","site:.gr ""pet shop"" ""δωροκάρτα""",5,data\discovery\focused-harvest-v7\clean-v7\review.csv | data\discovery\focused-harvest-v7-run1-backup\clean-v7\review.csv | data\discovery\mass-harvest-v5\clean-v5.4\review.csv | data\discovery\mass-harvest-v5\clean-v5.5\review.csv | data\discovery\mega-harvest-v6\clean-v6\review.csv,,REVIEW,greek_domain_brand_coherence_unclear
100,feelsilki.com,Gift Voucher,https://feelsilki.com/collections/gift-voucher?srsltid=AfmBOorZXHTAo6_LM0Ned2xmbXMz48o9l2OIqvI-soW4i0VO8TV9C9Oz,Gift Voucher,All Haircare · All Bodycare · The Mini Collection · Lip Care. Product Type ... Gift Voucher. Silki gift Card Choose options. Silki Gift Card Sale priceFrom R ...,"""haircare"" ""gift voucher"" Greece",1,data\discovery\mega-harvest-v6\clean-v6\review.csv,,REVIEW,non_greek_brand_coherence_unclear
100,felicia-concept.gr,Greek Designers Store,https://felicia-concept.gr/product/gift-card/,Gift Card | Greek Designers Store,Shop the perfect present with a Felicia Concept Store Gift Card. Let your loved ones choose from elegant fashion and lifestyle products.,"""Crete"" ""fashion"" ""gift card""",3,data\discovery\focused-harvest-v7\clean-v7\review.csv | data\discovery\focused-harvest-v7-run1-backup\clean-v7\review.csv | data\discovery\mega-harvest-v6\clean-v6\review.csv,,REVIEW,greek_domain_brand_coherence_unclear
85,femmefashion.gr,Αγοράστε μία Δωροεπιταγή - FemmeFashion,https://www.femmefashion.gr/index.php?route,Αγοράστε μία Δωροεπιταγή - FemmeFashion,Αγοράστε μία Δωροεπιταγή. Αυτή η δωροεπιταγή θα αποσταλεί μέ e-mail στον παραλήπτη αφού ολοκληρωθεί ή πληρωμή σας. Όνομα παραλήπτη.,"site:.gr ""fashion"" ""δωροεπιταγή""",2,data\discovery\focused-harvest-v7\clean-v7\review.csv | data\discovery\focused-harvest-v7-run1-backup\clean-v7\review.csv,,SECOND_PASS_SAFE,greek_brand_coherent_direct_gift_card
80,femmefatale.gr,Δωροκάρτα,https://femmefatale.gr/product-category/dorokarta/,Δωροκάρτα,Femme Fatale Thessaloniki.. Skip to content ... Δωροκάρτα. Αρχική σελίδα / Δωροκάρτα. Δωροκάρτα. Προβάλλονται όλα - 6 ...,"""Thessaloniki"" ""δωροκάρτα""",5,data\discovery\mass-harvest-v5\clean-v5.1\review.csv | data\discovery\mass-harvest-v5\clean-v5.2\manual-review.csv | data\discovery\mass-harvest-v5\clean-v5.3\global-review.csv | data\discovery\mass-harvest-v5\clean-v5.4\review.csv | data\discovery\mass-harvest-v5\clean-v5.5\review.csv,,REVIEW,greek_domain_brand_coherence_unclear
100,fenomilano.com,Δωροκάρτα (Gift card) - Δερμάτινα & Sneakers,https://fenomilano.com/product/giftcard/,Δωροκάρτα (Gift card) - Δερμάτινα & Sneakers,Ανδρικά Παπούτσια | Δερμάτινα & Sneakers – Fenomilano · 0Καλάθι · Ανδρικά Παπούτσια ... Κουπόνι 15% Έκπτωση! Fenomilano Β2Β · Δωροκάρτα (Gift card). ΧΡΗΣΙΜΕΣ ...,"""sneakers"" ""gift card"" Greece",1,data\discovery\mega-harvest-v6\clean-v6\review.csv,,REVIEW,non_greek_brand_coherence_unclear
80,feraobscura.com,Tattoo gift card,https://feraobscura.com/en/products/tatuointilahjakortti-1,Tattoo gift card,Digital gift card. You will receive a gift card as an attachment to your email after ordering. The service is provided by your chosen tattoo artist (Fera ...,"""tattoo"" ""gift card"" Greece",1,data\discovery\mega-harvest-v6\clean-v6\review.csv,,REVIEW,non_greek_brand_coherence_unclear
100,ferkosfinejewelry.com,Ferko's Digital Gift Card,https://ferkosfinejewelry.com/products/gift-card-1?srsltid=AfmBOooyUTWKe1JqO6ZTb013BXNhZnM7n3l3Ni3Rt7TISVPbkYWALwT2,Ferko's Digital Gift Card,Ferko's Digital Gift Card: Experience luxury and quality by Ferko's Fine Jewelry. A must-have piece for refined taste. Buy now!,"""Kos"" ""jewelry"" ""gift card""",1,data\discovery\focused-harvest-v7-run1-backup\clean-v7\review.csv,,REVIEW,non_greek_brand_coherence_unclear
100,ferry-guide.com,Stena Line - buy gift voucher - Faehren.net,https://ferry-guide.com/shipping-companies/stena-line/stena-line-gift-voucher-buy-gift-voucher/,Stena Line - buy gift voucher - Faehren.net,"Stena Line voucher for ferry crossings, short trips and hotel bookings. With the Stena Line gift voucher you can make your loved ones happy, ...","""ferry"" ""gift voucher"" Greece",5,data\discovery\mass-harvest-v5\clean-v5.2\global-review.csv | data\discovery\mass-harvest-v5\clean-v5.3\global-review.csv | data\discovery\mass-harvest-v5\clean-v5.4\review.csv | data\discovery\mass-harvest-v5\clean-v5.5\review.csv | data\discovery\mega-harvest-v6\clean-v6\review.csv,,REVIEW,non_greek_brand_coherence_unclear
85,fifthelement.gr,Αγοράστε μία Δωροκάρτα,https://www.fifthelement.gr/index.php?route=account/voucher,Αγοράστε μία Δωροκάρτα,"Fifth Element - Adventure Store. 0 . . 0 προϊόν(τα) - 0,00€ 0. Το καλάθι ... Κάντε δώρο στους αγαπημένους σας, επιλέγοντας τη Δωροκάρτα (Gift Card) της Fifth ...","site:.gr ""adventure"" ""δωροκάρτα""",1,data\discovery\mega-harvest-v6\clean-v6\review.csv,,REVIEW,greek_domain_brand_coherence_unclear
100,figcstore.com,GIFT CARD,https://www.figcstore.com/cz/gift-card,GIFT CARD,"- Choose the Gift Card amount that you wish to give · - Enter your information, and the recipient's name and e-mail · - Write your personal message · - Add to cart ...","""Czech Republic"" fashion ""gift card"" official",4,data\discovery\mass-harvest-v5\clean-v5.2\global-review.csv | data\discovery\mass-harvest-v5\clean-v5.3\global-review.csv | data\discovery\mass-harvest-v5\clean-v5.4\review.csv | data\discovery\mass-harvest-v5\clean-v5.5\review.csv,,REVIEW,non_greek_brand_coherence_unclear
100,filotimo-concept.de,PURPLE RUBY KING ❘ Δωροκάρτα - Floral Ευχαριστώ,https://filotimo-concept.de/el/products/lila-ruby-king-_-giftcard-flowers-thank-you?srsltid=AfmBOoonq-onNr_m8Snb1NZ_uvkG64uRObb2jcHWepaWo2S1Ecoh24AJ,PURPLE RUBY KING ❘ Δωροκάρτα - Floral Ευχαριστώ,"Δωροκάρτα - floral ευχαριστώ ; Προμηθευτής LILA RUBY KING ; FILOTIMO Concept Store Freiburg. Konviktstraße 14, 79098 Φράιμπουργκ. Ώρες λειτουργίας. Δευτέρα - ...","""concept store"" ""δωροκάρτα"" Greece",1,data\discovery\mega-harvest-v6\clean-v6\review.csv,,REVIEW,non_greek_brand_coherence_unclear
100,finance.yahoo.com,Austria Gift Card Business Intelligence Report 2026,https://finance.yahoo.com/news/austria-gift-card-business-intelligence-155500154.html,Austria Gift Card Business Intelligence Report 2026,The Gift Card market in Austria is expected to grow by 7% on annual basis to reach US$1.56 billion in 2026. The gift card market in the country ...,"""Austria"" retail ""gift card"" official",4,data\discovery\mass-harvest-v5\clean-v5.2\global-review.csv | data\discovery\mass-harvest-v5\clean-v5.3\global-review.csv | data\discovery\mass-harvest-v5\clean-v5.4\review.csv | data\discovery\mass-harvest-v5\clean-v5.5\review.csv,,REVIEW,non_greek_brand_coherence_unclear
100,fincaskinorganics.com,Christmas Skincare Gift Voucher,https://www.fincaskinorganics.com/products/christmas-skincare-gift-voucher?srsltid=AfmBOoqeBEish5YO_GYsd6aWK5mkAvdoKg1YHb86jmWYCrzWQRhqi8-0,Christmas Skincare Gift Voucher,"Christmas Skincare Gift Voucher ; Our before & afters. See why thousands of people trust Finca Skin Organics. Soothe rosacea and sensitive skin with gentle, ...","""skincare"" ""gift voucher"" Greece",1,data\discovery\mega-harvest-v6\clean-v6\review.csv,,REVIEW,non_greek_brand_coherence_unclear
85,find.gr,The Art Lab - Workshops,https://www.find.gr/p/17816707/the-art-lab-workshops-dorokarta-axias-100eur,The Art Lab - Workshops - Δωροκάρτα αξίας 100,"Inner Lotus & Spa – Yoga, Massage & Ολιστική Ευεξία - Δωροκάρτα αξίας 100€. από ...","site:.gr ""yoga"" ""δωροκάρτα""",1,data\discovery\mega-harvest-v6\clean-v6\review.csv,,REVIEW,greek_domain_brand_coherence_unclear
100,firstclasswatches.co.uk,First Class Watches Gift Vouchers,https://www.firstclasswatches.co.uk/giftvouchers.php?srsltid=AfmBOopQXNun7SM8C4PRBhkNMmFHJ5O7aUd-JDBO_TilaJoB14nuzCM3,First Class Watches Gift Vouchers,The gift voucher will be delivered by post once the order is verified and charged by First Class Watches' staff. The gift card will be valid for 2 years.,"""watches"" ""gift voucher"" Greece",5,data\discovery\mass-harvest-v5\clean-v5.2\global-review.csv | data\discovery\mass-harvest-v5\clean-v5.3\global-review.csv | data\discovery\mass-harvest-v5\clean-v5.4\review.csv | data\discovery\mass-harvest-v5\clean-v5.5\review.csv | data\discovery\mega-harvest-v6\clean-v6\review.csv,,REVIEW,non_greek_brand_coherence_unclear
100,fiscal-requirements.com,New document was uploaded: Gift Card Treatment – Bulgaria ...,https://www.fiscal-requirements.com/news/670-new-document-was-uploaded-gift-card-treatment-bulgaria,New document was uploaded: Gift Card Treatment – Bulgaria ...,New document was uploaded: Gift Card Treatment – Bulgaria. Private | Bulgaria | Author: Kristina Dosen | Subject: Fiscal subject related | Views: 733 | Date ...,"""Bulgaria"" retail ""gift card"" official",4,data\discovery\mass-harvest-v5\clean-v5.2\global-review.csv | data\discovery\mass-harvest-v5\clean-v5.3\global-review.csv | data\discovery\mass-harvest-v5\clean-v5.4\review.csv | data\discovery\mass-harvest-v5\clean-v5.5\review.csv,,REVIEW,non_greek_brand_coherence_unclear
100,fivepm.gr,5pm,https://fivepm.gr/products/gift-card?srsltid,Gift Card - 5pm,"Let them explore, express, and embrace the allure of 5pm with the flexibility of a gift card. Fashion dreams await! Wash & Care. Dry cleaning or hand wash in ...","site:.gr ""fashion"" ""gift card""",5,data\discovery\focused-harvest-v7\clean-v7\review.csv | data\discovery\focused-harvest-v7-run1-backup\clean-v7\review.csv | data\discovery\mass-harvest-v5\clean-v5.4\review.csv | data\discovery\mass-harvest-v5\clean-v5.5\review.csv | data\discovery\mega-harvest-v6\clean-v6\review.csv,,REVIEW,greek_domain_brand_coherence_unclear
100,flareaudio.com,Gift Card,https://www.flareaudio.com/en-eu/products/gift-card?srsltid=AfmBOoo-sZTTJmS6tojEgyFnvF8Zdk1mlbJZG529EuBWhutfzz5cM6vi,Gift Card,Give them the gift of choice with a Flare Audio gift card. Gift cards are delivered by email and contain instructions to redeem them at checkout. Our gift cards ...,"""audio"" ""gift card"" Greece",1,data\discovery\mega-harvest-v6\clean-v6\review.csv,,REVIEW,non_greek_brand_coherence_unclear
100,flavourofitaly.net,Travel Gift Voucher,https://www.flavourofitaly.net/21-travel-gift-voucher,Travel Gift Voucher,> Travel Gift Voucher. Travel Gift Voucher. Give your loved ones a dream holiday in Italy! Travel Gift Voucher There are no products in this category.,"""Italy"" travel ""gift voucher"" official",4,data\discovery\mass-harvest-v5\clean-v5.2\global-review.csv | data\discovery\mass-harvest-v5\clean-v5.3\global-review.csv | data\discovery\mass-harvest-v5\clean-v5.4\review.csv | data\discovery\mass-harvest-v5\clean-v5.5\review.csv,,REVIEW,non_greek_brand_coherence_unclear
100,flemings-mayfair.co.uk,Luxury Hotel Gift Vouchers Mayfair - London,https://www.flemings-mayfair.co.uk/information/gift-vouchers,Luxury Hotel Gift Vouchers Mayfair - London,"The ideal gift for a loved one, a gift voucher for Flemings Mayfair Hotel can be redeemed on a sumptuous and delicious meal in our luxury restaurant Ormer ...","""Mykonos"" ""restaurant"" ""gift voucher""",1,data\discovery\focused-harvest-v7-run1-backup\clean-v7\review.csv,,REVIEW,non_greek_brand_coherence_unclear
100,fleximart.ae,Buy Airline Gift Card GREECE 500 EUR,https://fleximart.ae/product/airline-gift-card-greece-500-eur,Buy Airline Gift Card GREECE 500 EUR,Airline Gift Card GREECE 500 EUR ... Buy Airline Gift Cards Online in Fleximart! Choose from large selection of eGift cards & Vouchers and surprise your friends ...,"""airline"" ""gift card"" Greece",1,data\discovery\mass-harvest-v5\clean-v5.5\review.csv,,REJECT,known_false_positive_or_reseller
80,flightgift.com,Flightgift: The Best Airline Gift Card for Flexibility,https://www.flightgift.com/,Flightgift: The Best Airline Gift Card for Flexibility,"With worldwide shipping and 24/7 customer support, Flightgift is the ultimate airline gift card for every journey. ... Evmolpidon 2311854 AthensGreece. us.","""airline"" ""gift card"" Greece",6,data\discovery\mass-harvest-v5\clean-v5.1\review.csv | data\discovery\mass-harvest-v5\clean-v5.2\manual-review.csv | data\discovery\mass-harvest-v5\clean-v5.3\global-review.csv | data\discovery\mass-harvest-v5\clean-v5.4\review.csv | data\discovery\mass-harvest-v5\clean-v5.5\review.csv | data\discovery\mega-harvest-v6\clean-v6\review.csv,,SECOND_PASS_SAFE,non_greek_brand_coherent_direct_gift_card
70,floracurl.co.uk,Flora & Curl's Digital Gift Card,https://floracurl.co.uk/products/gift-card?srsltid=AfmBOooOhA38oVx61iAWj1X4drPd10-UqkhQwYyY0iuzaXKYZCPz7Ixb,Flora & Curl's Digital Gift Card,"... haircare that truly nourishes, hydrates and restores dry & damaged curls! ... Greece, Guernsey, Hungary, Iceland, Ireland, Isle of Man, Italy, Jersey, Kosovo ...","""Greece"" ""haircare"" ""gift card""",1,data\discovery\mega-harvest-v6\clean-v6\review.csv,,REVIEW,non_greek_brand_coherence_unclear
65,floraplant.gr,GIFT CARD,https://floraplant.gr/gift-card/,GIFT CARD - Δωροκάρτα - Floraplant & Garden Center,Ανθοκομικές & Γεωπονικές Επιχειρήσεις Ανθοπωλείο Garden Center Γεωπονικό Κατάστημα Φυτώριο Παραγωγής Έργα Πρασίνου ... Garden Center. Please leave this field ...,"site:.gr ""garden"" ""δωροκάρτα""",1,data\discovery\mega-harvest-v6\clean-v6\review.csv,,SECOND_PASS_SAFE,greek_brand_coherent_direct_gift_card
100,floresin.com,Δωροκάρτα Floresin,https://floresin.com/shop/gift-card-floresin/,Δωροκάρτα Floresin,Η Δωροκάρτα Floresin είναι ο πιο απλός και κομψός τρόπος για να κάνεις δώρο. Με τη φρεσκάδα των πιο όμορφων λουλουδιών που φέρνουν χαμόγελα. ​ Ιδανική για ...,"""flowers"" ""δωροκάρτα"" Greece",1,data\discovery\mega-harvest-v6\clean-v6\review.csv,,SECOND_PASS_SAFE,non_greek_brand_coherent_direct_gift_card
85,flowers-balloons.gr,Αγοράστε μία Δωροεπιταγή,https://flowers-balloons.gr/index.php?route,Αγοράστε μία Δωροεπιταγή,"... Flowers Balloons · 0. 0,00€. Το καλάθι αγορών είναι ... Αυτή η δωροεπιταγή θα αποσταλεί μέ e-mail στον παραλήπτη αφού ολοκληρωθεί ή πληρωμή σας. ... flowers ...","site:.gr ""flowers"" ""δωροεπιταγή""",2,data\discovery\focused-harvest-v7\clean-v7\review.csv | data\discovery\focused-harvest-v7-run1-backup\clean-v7\review.csv,,REVIEW,greek_domain_brand_coherence_unclear
80,flowyoga.ie,Wellness Gift Vouchers | Yoga & Holistic Gifts at Setu Studio,https://flowyoga.ie/vouchers/,Wellness Gift Vouchers | Yoga & Holistic Gifts at Setu Studio,"A Setu gift voucher is an invitation to slow down. Redeemable across all of our offerings including yoga, massage and more. How it works: Simply fill in ...","""yoga"" ""gift voucher"" Greece",6,data\discovery\mass-harvest-v5\clean-v5.1\review.csv | data\discovery\mass-harvest-v5\clean-v5.2\manual-review.csv | data\discovery\mass-harvest-v5\clean-v5.3\global-review.csv | data\discovery\mass-harvest-v5\clean-v5.4\review.csv | data\discovery\mass-harvest-v5\clean-v5.5\review.csv | data\discovery\mega-harvest-v6\clean-v6\review.csv,,REVIEW,non_greek_brand_coherence_unclear
100,flswimwear.com,GIFT CARD,https://flswimwear.com/en/products/gift-card,GIFT CARD,Looking for the perfect gift but unsure about their sizing and preferences? A gift card is the way to go! Let them choose their dream swimwear.,"""swimwear"" ""gift card"" Greece",5,data\discovery\mass-harvest-v5\clean-v5.2\global-review.csv | data\discovery\mass-harvest-v5\clean-v5.3\global-review.csv | data\discovery\mass-harvest-v5\clean-v5.4\review.csv | data\discovery\mass-harvest-v5\clean-v5.5\review.csv | data\discovery\mega-harvest-v6\clean-v6\review.csv,,REVIEW,non_greek_brand_coherence_unclear
100,flyone.eu,Gift Voucher - Terms and Conditions,https://flyone.eu/en/Gift-Voucher-Terms-Conditions,Gift Voucher - Terms and Conditions,Gift Voucher - Terms and Conditions. How to book. MyFLYONE · Fare Families · MyBookings · Passenger ... IOSA Registered Airline · Privacy policy · Cookies · Terms ...,"""airline"" ""gift voucher"" Greece",5,data\discovery\mass-harvest-v5\clean-v5.2\global-review.csv | data\discovery\mass-harvest-v5\clean-v5.3\global-review.csv | data\discovery\mass-harvest-v5\clean-v5.4\review.csv | data\discovery\mass-harvest-v5\clean-v5.5\review.csv | data\discovery\mega-harvest-v6\clean-v6\review.csv,,REVIEW,non_greek_brand_coherence_unclear
100,focus10.com.au,Photography Gift Vouchers,https://www.focus10.com.au/gift_voucher.php,Photography Gift Vouchers,"If you're looking for a truly unique gift idea, why not give a Focus 10 gift voucher. They can be used for any of our photography services, courses, for private ...","""photography"" ""gift voucher"" Greece",5,data\discovery\mass-harvest-v5\clean-v5.2\global-review.csv | data\discovery\mass-harvest-v5\clean-v5.3\global-review.csv | data\discovery\mass-harvest-v5\clean-v5.4\review.csv | data\discovery\mass-harvest-v5\clean-v5.5\review.csv | data\discovery\mega-harvest-v6\clean-v6\review.csv,,REVIEW,non_greek_brand_coherence_unclear
100,focusedevents.com,Focused Events Gift Vouchers,https://www.focusedevents.com/trip/focused-events-gift-vouchers/,Focused Events Gift Vouchers,"A Focused Events Gift Voucher is an ideal gift for all riders wanting to ride their bike (or one of our hirebikes) on a real race circuit, from complete ...","""events"" ""gift voucher"" Greece",1,data\discovery\mega-harvest-v6\clean-v6\review.csv,,SECOND_PASS_SAFE,non_greek_brand_coherent_direct_gift_card
100,foratravel.hoteltreats.com,Results matching your search criteria in Hotel Treats Gift Card ...,https://foratravel.hoteltreats.com/en/treats/hotel-treats-gift-card?location=13490,Results matching your search criteria in Hotel Treats Gift Card ...,A monetary gift card to spend on anything they wish! Hotel Treats Gift Card. from. €15. Buy now. Choose from our curated Hotel Treats Gift Card in Belgium. Buy ...,"""Belgium"" hotel ""gift card"" official",4,data\discovery\mass-harvest-v5\clean-v5.2\global-review.csv | data\discovery\mass-harvest-v5\clean-v5.3\global-review.csv | data\discovery\mass-harvest-v5\clean-v5.4\review.csv | data\discovery\mass-harvest-v5\clean-v5.5\review.csv,,SECOND_PASS_SAFE,non_greek_brand_coherent_direct_gift_card
100,foreverflowering.com.au,Gift Vouchers,https://foreverflowering.com.au/collections/giftvouchers?srsltid=AfmBOor6cs2uLGlObPkIT2kv0iTIrUx7J6Vir7AzvcKqfFG0JaaBW4PH,Gift Vouchers,"If you're having trouble knowing what to choose – why not give them a Forever Flowering Gift Voucher! This way, they can decide which flowers they would like ...","""Greece"" ""flowers"" ""gift voucher""",1,data\discovery\mega-harvest-v6\clean-v6\review.csv,,REVIEW,non_greek_brand_coherence_unclear
80,fortyboutique.gr,F.O.R.T.Y. Boutique Gift Card - The Perfect Gift for Every Occasion,https://www.fortyboutique.gr/en/products/%CE%B4%CF%89%CF%81%CE%BF%CE%BA%CE%AC%CF%81%CF%84%CE%B1-f-o-r-t-y-boutique?srsltid,F.O.R.T.Y. Boutique Gift Card - The Perfect Gift for Every Occasion,Clothing · T-shirts & Tops · Shirts · Knitwear ... Δωροκάρτα F.O.R.T.Y. Boutique - Final. Close. Δωροκάρτα F.O.R.T.Y. Boutique - Final. F.O.R.T.Y. Boutique Gift ...,"site:.gr ""clothing"" ""δωροκάρτα""",8,data\discovery\focused-harvest-v7\clean-v7\review.csv | data\discovery\focused-harvest-v7-run1-backup\clean-v7\review.csv | data\discovery\mass-harvest-v5\clean-v5.1\review.csv | data\discovery\mass-harvest-v5\clean-v5.2\manual-review.csv | data\discovery\mass-harvest-v5\clean-v5.3\global-review.csv | data\discovery\mass-harvest-v5\clean-v5.4\review.csv | data\discovery\mass-harvest-v5\clean-v5.5\review.csv | data\discovery\mega-harvest-v6\clean-v6\review.csv,,SECOND_PASS_SAFE,greek_brand_coherent_direct_gift_card
80,fotoklubben.no,Employees Premium Corporate Gift Cards For ...,https://fotoklubben.no/?q=41930338021150,Gift Voucher Employees Premium Corporate Gift Cards For ...,Gift Voucher Employees Premium Corporate Gift Cards For Clients Employees In Singapore. ... Fine Jewelry · Fashion Jewelry · Women's Clothing · Accessories · High ...,"""Athens"" ""jewelry"" ""gift voucher""",2,data\discovery\focused-harvest-v7\clean-v7\review.csv | data\discovery\mega-harvest-v6\clean-v6\review.csv,,REVIEW,non_greek_brand_coherence_unclear
80,fourseasons.com,Four Seasons Gift Cards: Give the Gift of Their Dreams,https://www.fourseasons.com/magazine/discover/unique-gift-ideas/,Four Seasons Gift Cards: Give the Gift of Their Dreams,"... Gift Card ... Spanish (Spain), Chinese (Simplified), Arabic, Japanese, Russian, Chinese (Traditional), Portuguese (Brazil), Portuguese (Portugal) ...","""Spain"" hotel ""gift card"" official",5,data\discovery\mass-harvest-v5\clean-v5.1\review.csv | data\discovery\mass-harvest-v5\clean-v5.2\manual-review.csv | data\discovery\mass-harvest-v5\clean-v5.3\global-review.csv | data\discovery\mass-harvest-v5\clean-v5.4\review.csv | data\discovery\mass-harvest-v5\clean-v5.5\review.csv,,SECOND_PASS_SAFE,non_greek_brand_coherent_direct_gift_card
100,fourseasons.com.cy,Gift Card,https://www.fourseasons.com.cy/gift-cards,Gift Card,Gift card €100. Terms & Conditions. • This gift card is valid ONLY at the Four Seasons Cyprus. • The gift card can be redeemed for any purchases at the Hotel ...,"""Cyprus"" hotel ""gift card"" official",4,data\discovery\mass-harvest-v5\clean-v5.2\global-review.csv | data\discovery\mass-harvest-v5\clean-v5.3\global-review.csv | data\discovery\mass-harvest-v5\clean-v5.4\review.csv | data\discovery\mass-harvest-v5\clean-v5.5\review.csv,,REVIEW,non_greek_brand_coherence_unclear
100,fourseasonsastirpalacehotelathens.giftpro.co.uk,Mercato Monetary Gift Card,https://fourseasonsastirpalacehotelathens.giftpro.co.uk/vouchers/mercato-monetary-gift-card/,Mercato Monetary Gift Card,The Spa & Boutique at Four Seasons Astir Palace Athens ... Mercato Monetary Gift Card at Four Seasons Astir Palace Hotel Athens gift voucher packaging ...,"""Athens"" ""spa"" ""gift voucher""",6,data\discovery\focused-harvest-v7\clean-v7\review.csv | data\discovery\focused-harvest-v7-run1-backup\clean-v7\review.csv | data\discovery\mass-harvest-v5\clean-v5.3\greece-market-review.csv | data\discovery\mass-harvest-v5\clean-v5.4\review.csv | data\discovery\mass-harvest-v5\clean-v5.5\review.csv | data\discovery\mega-harvest-v6\clean-v6\review.csv,,REVIEW,non_greek_brand_coherence_unclear
100,foxfashioncyprus.com,FOX e,https://foxfashioncyprus.com/product-category/e-gift-card/?srsltid=AfmBOorICxGQVFbvm6LvDqO4wBn8-_Wu7SVM77zSialuyYqUkt4cS6AA,FOX e-Gift Card,FOX e-Gift Card. €20.00 – €100.00 Price range: €20.00 ... © Copyright 2026 - Fox Fashion Cyprus. Close Menu · ALL ITEMS · NEWBORN · Bodysuits ...,"""Cyprus"" fashion ""gift card"" official",4,data\discovery\mass-harvest-v5\clean-v5.2\global-review.csv | data\discovery\mass-harvest-v5\clean-v5.3\global-review.csv | data\discovery\mass-harvest-v5\clean-v5.4\review.csv | data\discovery\mass-harvest-v5\clean-v5.5\review.csv,,REVIEW,non_greek_brand_coherence_unclear
100,fportugal.com,Gift Card,https://www.fportugal.com/en/products/gift-card_684.html?srsltid=AfmBOoqfix3PfLnUEyMZndFFSbB6e6O3PwqFKX-mBKnPIVbotmp65Xup,Gift Card,Select the value for the Gift Card you want to offer. · Personalize your Gift Card with our card images. · Indicate the shipping options and the recipient's data.,"""Portugal"" retail ""gift card"" official",4,data\discovery\mass-harvest-v5\clean-v5.2\global-review.csv | data\discovery\mass-harvest-v5\clean-v5.3\global-review.csv | data\discovery\mass-harvest-v5\clean-v5.4\review.csv | data\discovery\mass-harvest-v5\clean-v5.5\review.csv,,REVIEW,non_greek_brand_coherence_unclear
65,francesca.gr,Gift Card | francesca,https://www.francesca.gr/gift-card?lang=en,Gift Card | francesca,"Shipping to every part of the world. Pay securely with credit card/Paypal. Francesca Jewels - Tsamadou 33, Piraeus, Greece tel.+30 210 4132478. Facebook Page ...","""Piraeus"" ""home"" ""gift card""",1,data\discovery\mega-harvest-v6\clean-v6\review.csv,,SECOND_PASS_SAFE,greek_brand_coherent_direct_gift_card
100,francetourisme.fr,"Gift card : ideal for Christmas, Birthdays, Events ...",https://www.francetourisme.fr/en/gift-cards.html,"Gift card : ideal for Christmas, Birthdays, Events ...","France Tourisme Gift - Offer a Gift card for all your events - Christmas ... The Gift Voucher or the Gift Card, two ways to give and delight! These two ...","""France"" travel ""gift voucher"" official",4,data\discovery\mass-harvest-v5\clean-v5.2\global-review.csv | data\discovery\mass-harvest-v5\clean-v5.3\global-review.csv | data\discovery\mass-harvest-v5\clean-v5.4\review.csv | data\discovery\mass-harvest-v5\clean-v5.5\review.csv,,REVIEW,non_greek_brand_coherence_unclear
100,fredericmalle.eu,Gift Card Terms and Conditions - Frederic Malle,https://www.fredericmalle.eu/terms-giftcard,Gift Card Terms and Conditions - Frederic Malle,"Greece, Hungary, Ireland, Italy, Latvia, Lithuania, Luxembourg, Malta, Monaco ... Any issue with using the Gift Card (e.g. Gift Card number or secret code not ...","""Greece"" ""computers"" ""gift card""",1,data\discovery\mega-harvest-v6\clean-v6\review.csv,,SECOND_PASS_SAFE,non_greek_brand_coherent_direct_gift_card
100,freelancer.com,URGENT- dental gift voucher design,https://www.freelancer.com/contest/urgent-dental-gift-voucher-design-74937,URGENT- dental gift voucher design,"URGENT- dental gift voucher design contest on Freelancer. Enter this Graphic Design contest, find Design jobs or post a similar contest for free!","""dental"" ""gift voucher"" Greece",1,data\discovery\mega-harvest-v6\clean-v6\review.csv,,REVIEW,non_greek_brand_coherence_unclear
100,freeport.cz,Gift cards,https://www.freeport.cz/en/gift-card,Gift cards,"A gift card for the purchase of brand-name clothing and other products ... Freeport Leisure (Czech Republic), s.r.o. · Chvalovice-Hatě 196. About us. About ...","""Czech Republic"" fashion ""gift card"" official",4,data\discovery\mass-harvest-v5\clean-v5.2\global-review.csv | data\discovery\mass-harvest-v5\clean-v5.3\global-review.csv | data\discovery\mass-harvest-v5\clean-v5.4\review.csv | data\discovery\mass-harvest-v5\clean-v5.5\review.csv,,REVIEW,non_greek_brand_coherence_unclear
100,freeportfashionoutlet.pt,Gift Card | Freeport Lisboa Fashion ...,https://www.freeportfashionoutlet.pt/en/gift-card-en,Gift Card | Freeport Lisboa Fashion ...,"Purchase your Gift Card valued at €30, €50, €100 or any amount selected by you between €10 and €500. The card can be collected from the Center's Information ...","""Portugal"" fashion ""gift card"" official",4,data\discovery\mass-harvest-v5\clean-v5.2\global-review.csv | data\discovery\mass-harvest-v5\clean-v5.3\global-review.csv | data\discovery\mass-harvest-v5\clean-v5.4\review.csv | data\discovery\mass-harvest-v5\clean-v5.5\review.csv,,REVIEW,non_greek_brand_coherence_unclear
80,frenchie.gr,Δωροεπιταγή 100€,https://frenchie.gr/%CE%B4%CF%89%CF%81%CE%BF%CE%B5%CF%80%CE%B9%CF%84%CE%B1%CE%B3%CE%B5%CF%82/704-dwroepitagi100.html,Δωροεπιταγή 100€,Δωροεπιταγή 100€ ... Προσφέρετε στα αγαπημένα σας πρόσωπα δωροεπιταγή για να τους μεταδώσετετε τη χαρά που νιώθετε όταν ανοίγετε τις παραγγελίες της Frenchie !!!,"""δωροεπιταγή""",5,data\discovery\mass-harvest-v5\clean-v5.1\review.csv | data\discovery\mass-harvest-v5\clean-v5.2\manual-review.csv | data\discovery\mass-harvest-v5\clean-v5.3\global-review.csv | data\discovery\mass-harvest-v5\clean-v5.4\review.csv | data\discovery\mass-harvest-v5\clean-v5.5\review.csv,,REVIEW,greek_domain_brand_coherence_unclear
85,freraofsweden.se,Digital Gift Card - Frera Of Sweden - Your Lifestyle Store,https://freraofsweden.se/en/products/digitalt-presentkort?srsltid=AfmBOoqjkiVbJZfQlG5Q0DOVb_OYD8ftnX2_v_A7x93cj8ET2k7uo-Bs,Digital Gift Card - Frera Of Sweden - Your Lifestyle Store,Digital Gift Card – Frera of Sweden. Give the gift of choice with a digital gift card from Frera of Sweden – the perfect present for any occasion!,"""Sweden"" beauty ""gift card"" official",5,data\discovery\mass-harvest-v5\clean-v5.1\review.csv | data\discovery\mass-harvest-v5\clean-v5.2\manual-review.csv | data\discovery\mass-harvest-v5\clean-v5.3\global-review.csv | data\discovery\mass-harvest-v5\clean-v5.4\review.csv | data\discovery\mass-harvest-v5\clean-v5.5\review.csv,,SECOND_PASS_SAFE,non_greek_brand_coherent_direct_gift_card
85,freyanails.com,Gift Voucher - Freya Nails Bulgaria,https://freyanails.com/en/products/podarachen-vaucher,Gift Voucher - Freya Nails Bulgaria,"Provide the perfect gift with the Freya Nails gift voucher. Ideal for manicure lovers, it allows them to choose their personal preferences from our online ...","""nails"" ""gift voucher"" Greece",1,data\discovery\mega-harvest-v6\clean-v6\review.csv,,SECOND_PASS_SAFE,non_greek_brand_coherent_direct_gift_card
60,fruugo.gr,"12-piece jewelry gift box, necklace, earrings, ring, cardboard ...",https://www.fruugo.gr/12-piece-jewelry-gift-box-necklace-earrings-ring-cardboard-round-gift-card/p-482586788-1002597518?language=en,"12-piece jewelry gift box, necklace, earrings, ring, cardboard ...","Shop 12-piece jewelry gift box, necklace, earrings, ring, cardboard round gift card. One of many items available from our Gift Boxes & Tins department here ...","site:.gr ""jewelry"" ""gift card""",6,data\discovery\mass-harvest-v5\clean-v5.1\review.csv | data\discovery\mass-harvest-v5\clean-v5.2\manual-review.csv | data\discovery\mass-harvest-v5\clean-v5.3\global-review.csv | data\discovery\mass-harvest-v5\clean-v5.4\review.csv | data\discovery\mass-harvest-v5\clean-v5.5\review.csv | data\discovery\mega-harvest-v6\clean-v6\review.csv,,REVIEW,greek_domain_brand_coherence_unclear
85,fuganti.be,Gift voucher Fuganti,https://fuganti.be/en/products/cadeaubon-fuganti?srsltid=AfmBOop07fmFt7L7FbD_KdzOxa9q0dBKAFgMmjkuXlmD_PDItqbgYZnv,Gift voucher Fuganti,"Buying a gift for your girlfriend, sister, mum, or your loved one, but not quite sure what? Then this gift voucher is the perfect solution!","""sportswear"" ""gift voucher"" Greece",1,data\discovery\mega-harvest-v6\clean-v6\review.csv,,SECOND_PASS_SAFE,non_greek_brand_coherent_direct_gift_card
100,g2a.com,PLAISIO Gift Card 20 EUR - Plaisio Key - GREECE,https://www.g2a.com/plaisio-gift-card-20-eur-plaisio-key-greece-i10000504140002,PLAISIO Gift Card 20 EUR - Plaisio Key - GREECE,"With Plaisio's Gift Card, you can purchase a wide range of electronics, including smartphones, laptops, televisions, gaming consoles, home appliances, and audio ...","""electronics"" ""gift voucher"" Greece",1,data\discovery\mass-harvest-v5\clean-v5.5\review.csv,,REJECT,known_false_positive_or_reseller
100,gabe.co.uk,Gift Card,https://gabe.co.uk/products/gift-card?srsltid=AfmBOopwZfseE0bVwgok7-FUfl75WffReDBpeiWNfCMav0AV53P-m0AT,Gift Card,Give the gift of premium gym wear with a Gabe Sportswear digital gift card. Perfect for any occasion and instantly delivered.,"""sportswear"" ""gift voucher"" Greece",1,data\discovery\mega-harvest-v6\clean-v6\review.csv,,REVIEW,non_greek_brand_coherence_unclear
100,gaelforcemarine.co.uk,Gift Vouchers,https://www.gaelforcemarine.co.uk/en/Gift-Vouchers/c-199.aspx?srsltid=AfmBOorc7ZOtAoCE1Wk3I4_QkrdzYSdg4pj4w-GPY_zm8ixGxmXog7ry,Gift Vouchers,Gift Vouchers | Gael Force Marine. SAVE 5% OFF YOUR FIRST ORDER WHEN YOU SIGN UP TO OUR MAILING LIST > ...,"""marine"" ""gift voucher"" Greece",4,data\discovery\mass-harvest-v5\clean-v5.2\global-review.csv | data\discovery\mass-harvest-v5\clean-v5.3\global-review.csv | data\discovery\mass-harvest-v5\clean-v5.4\review.csv | data\discovery\mass-harvest-v5\clean-v5.5\review.csv,,REVIEW,non_greek_brand_coherence_unclear
80,galanthus-cosmetics.gr,Galanthus Cosmetics,https://galanthus-cosmetics.gr/product/dorokarta/?srsltid,Δωροκάρτα,Δωροκάρτα. ... © Galanthus Cosmetics. All Rights Reserved. Όροι Χρήσης και Πολιτική Απορρήτου. toggle icon. gr en de es fr it pl se fi pt ro si sk nl dk cz hu ...,"site:.gr ""cosmetics"" ""δωροκάρτα""",8,data\discovery\focused-harvest-v7\clean-v7\review.csv | data\discovery\focused-harvest-v7-run1-backup\clean-v7\review.csv | data\discovery\mass-harvest-v5\clean-v5.1\review.csv | data\discovery\mass-harvest-v5\clean-v5.2\manual-review.csv | data\discovery\mass-harvest-v5\clean-v5.3\global-review.csv | data\discovery\mass-harvest-v5\clean-v5.4\review.csv | data\discovery\mass-harvest-v5\clean-v5.5\review.csv | data\discovery\mega-harvest-v6\clean-v6\review.csv,,SECOND_PASS_SAFE,greek_brand_coherent_direct_gift_card
100,gameboost.com,Where to Buy & How to Redeem Zalando Gift Cards,https://gameboost.com/blog/zalando-gift-cards-guide,Where to Buy & How to Redeem Zalando Gift Cards,"Zalando operates as Europe's leading online ... If your gift card covers the full order amount, no additional payment method is required.","""Europe"" beauty ""gift card"" official",4,data\discovery\mass-harvest-v5\clean-v5.2\global-review.csv | data\discovery\mass-harvest-v5\clean-v5.3\global-review.csv | data\discovery\mass-harvest-v5\clean-v5.4\review.csv | data\discovery\mass-harvest-v5\clean-v5.5\review.csv,,REVIEW,non_greek_brand_coherence_unclear
85,gamecarddelivery.com,Greece Gift Cards | Buy Game Cards Online,https://www.gamecarddelivery.com/international-email-delivery/greece-game-cards?srsltid=AfmBOorefisTTxQmD70Xu6skbCYpLjkIsZHmFuH111sAALw3PuTpT_Wc,Greece Gift Cards | Buy Game Cards Online,Why Buy US Gaming Cards? How To Create A US iTunes Account? How To Redeem Your Gift Card? Paying With Paypal. Contact Our Support Team. Email Or Call Us ...,"""Athens"" ""gaming"" ""gift card""",1,data\discovery\mega-harvest-v6\clean-v6\review.csv,,REVIEW,non_greek_brand_coherence_unclear
85,gamecardsdirect.com,Gamecardsdirect | The One-Stop Gift Card Shop,https://gamecardsdirect.com/de-en/,Gamecardsdirect | The One-Stop Gift Card Shop,"Order a gift voucher on the way and redeem it as soon as you get home! Contact us. Do you have any remarks or questions regarding your order? Call, email or ...","""gaming"" ""gift voucher"" Greece",6,data\discovery\mass-harvest-v5\clean-v5.1\review.csv | data\discovery\mass-harvest-v5\clean-v5.2\manual-review.csv | data\discovery\mass-harvest-v5\clean-v5.3\global-review.csv | data\discovery\mass-harvest-v5\clean-v5.4\review.csv | data\discovery\mass-harvest-v5\clean-v5.5\review.csv | data\discovery\mega-harvest-v6\clean-v6\review.csv,,SECOND_PASS_SAFE,non_greek_brand_coherent_direct_gift_card
100,gameseal.com,NiceBeauty Gift Card 100 NOK Key - NORWAY,https://gameseal.com/nicebeauty-gift-card-100-nok-key-norway,NiceBeauty Gift Card 100 NOK Key - NORWAY,The NiceBeauty Gift Card 100 NOK from Gameseal is the perfect gift for beauty and cosmetics enthusiasts in Norway who love professional products at great prices ...,"""Norway"" beauty ""gift card"" official",4,data\discovery\mass-harvest-v5\clean-v5.2\global-review.csv | data\discovery\mass-harvest-v5\clean-v5.3\global-review.csv | data\discovery\mass-harvest-v5\clean-v5.4\review.csv | data\discovery\mass-harvest-v5\clean-v5.5\review.csv,,REVIEW,non_greek_brand_coherence_unclear
85,gamzio.com,Buy Electroholic.GR (Greece) Gift Cards Online,https://gamzio.com/en/electroholic-gr-greece/,Buy Electroholic.GR (Greece) Gift Cards Online,"Electroholic is one of the most popular online retailers of electronics, computers and accessories, home appliances and more in Greece. ... gift voucher ...","""computers"" ""gift voucher"" Greece",1,data\discovery\mega-harvest-v6\clean-v6\review.csv,,REVIEW,non_greek_brand_coherence_unclear
100,gardenofficial.com,Gardenofficial,https://gardenofficial.com/product/e-gift-card/?srsltid=AfmBOoogjRFXyvjHtSgfkPw3J6ie3Ca6qdsoTdEVUVY2Mfm7xWEWj9lV,E-Gift Card | GARDEN,"Οι δωροκάρτες Garden είναι η ιδανική λύση για κάθε περίσταση, προσφέροντας τη ... Δωροκάρτα · ΔΩΡΟΚΑΡΤΑ · BLOG · ΧΟΝΔΡΙΚΗ ΠΩΛΗΣΗ · ΕΠΙΚΟΙΝΩΝΙΑ · BEAUTY EVENTS; GR ...","""garden"" ""δωροκάρτα"" Greece",1,data\discovery\mega-harvest-v6\clean-v6\review.csv,,SECOND_PASS_SAFE,non_greek_brand_coherent_direct_gift_card
100,garderobeitaly.com,Garde Robe Italy Gift Card: The Perfect Gift,https://www.garderobeitaly.com/en/gift-card-garde-robe-italy/,Garde Robe Italy Gift Card: The Perfect Gift,"Garde Robe Italy Gift Card: The Perfect Gift. Garde Robe Italy gift cards are an elegant gift perfect for any special occasion, ...","""Italy"" fashion ""gift card"" official",4,data\discovery\mass-harvest-v5\clean-v5.2\global-review.csv | data\discovery\mass-harvest-v5\clean-v5.3\global-review.csv | data\discovery\mass-harvest-v5\clean-v5.4\review.csv | data\discovery\mass-harvest-v5\clean-v5.5\review.csv,,SECOND_PASS_SAFE,non_greek_brand_coherent_direct_gift_card
100,gateaux.com.gr,"50 Sets Gift Certificates For Business, Blank Kraft Gift Cards",https://www.gateaux.com.gr/Certificates-For-Business-Blank-Kraft-Gift-Cards-t-1312544,"50 Sets Gift Certificates For Business, Blank Kraft Gift Cards","50 Sets Gift Certificates For Business, Blank Kraft Gift Cards · Each Set Includes One Blank Kraft Paper Certificate (5.9x2.36 Inches) And A Matching Envelope ( ...","site:.com.gr ""gift cards""",3,data\discovery\focused-harvest-v7\clean-v7\review.csv | data\discovery\focused-harvest-v7-run1-backup\clean-v7\review.csv | data\discovery\mega-harvest-v6\clean-v6\review.csv,,REVIEW,greek_domain_brand_coherence_unclear
80,gatos-shoes.gr,75€ d75,https://gatos-shoes.gr/product/dorokarta-75e/,Δωροκάρτα 75€ d75,"Δωροκάρτα 75€ d75. 75,00 €. Από: Προς: Δωροκαρτα 75 ... info@gatos-shoes.gr. Καταστημα. K. Χιωτάκη 7 & Στρ. Τζανακάκη 11, Χανιά 731 34 ...","site:.gr ""shoes"" ""δωροκάρτα""",8,data\discovery\focused-harvest-v7\clean-v7\review.csv | data\discovery\focused-harvest-v7-run1-backup\clean-v7\review.csv | data\discovery\mass-harvest-v5\clean-v5.1\review.csv | data\discovery\mass-harvest-v5\clean-v5.2\manual-review.csv | data\discovery\mass-harvest-v5\clean-v5.3\global-review.csv | data\discovery\mass-harvest-v5\clean-v5.4\review.csv | data\discovery\mass-harvest-v5\clean-v5.5\review.csv | data\discovery\mega-harvest-v6\clean-v6\review.csv,,REVIEW,greek_domain_brand_coherence_unclear
85,gavekort.scandichotels.dk,Scandic Hotels gift cards,https://gavekort.scandichotels.dk/shop/lang/en,Scandic Hotels gift cards,Redeemable at any Scandic Hotel in Denmark and valid for 12 months from the day you purchased it. The gift card can be printed or sent to the recipient by email ...,"""Denmark"" hotel ""gift card"" official",5,data\discovery\mass-harvest-v5\clean-v5.1\review.csv | data\discovery\mass-harvest-v5\clean-v5.2\manual-review.csv | data\discovery\mass-harvest-v5\clean-v5.3\global-review.csv | data\discovery\mass-harvest-v5\clean-v5.4\review.csv | data\discovery\mass-harvest-v5\clean-v5.5\review.csv,,SECOND_PASS_SAFE,non_greek_brand_coherent_direct_gift_card
85,gavekort.scandichotels.no,Scandic Hotels gift cards,https://gavekort.scandichotels.no/shop/lang/en,Scandic Hotels gift cards,Redeemable at any Scandic Hotel in Norway and valid for 12 months. The gift card can be printed or sent to the recipient by email. The gift card can not be used ...,"""Norway"" hotel ""gift card"" official",5,data\discovery\mass-harvest-v5\clean-v5.1\review.csv | data\discovery\mass-harvest-v5\clean-v5.2\manual-review.csv | data\discovery\mass-harvest-v5\clean-v5.3\global-review.csv | data\discovery\mass-harvest-v5\clean-v5.4\review.csv | data\discovery\mass-harvest-v5\clean-v5.5\review.csv,,SECOND_PASS_SAFE,non_greek_brand_coherent_direct_gift_card
100,gbcornergifts.com,Athens,https://www.gbcornergifts.com/gift-vouchers,Gift Vouchers Athens,Incredible Experience Gifts in Athens at GB Corner Gifts · €75 GB CORNER GIFTS & FLAVORS | Gift Voucher · €120 GB CORNER GIFTS & FLAVORS | Gift Voucher · €160 GB ...,"""Athens"" ""experience"" ""gift voucher""",6,data\discovery\focused-harvest-v7\clean-v7\review.csv | data\discovery\focused-harvest-v7-run1-backup\clean-v7\review.csv | data\discovery\mass-harvest-v5\clean-v5.3\greece-market-review.csv | data\discovery\mass-harvest-v5\clean-v5.4\review.csv | data\discovery\mass-harvest-v5\clean-v5.5\review.csv | data\discovery\mega-harvest-v6\clean-v6\review.csv,,REVIEW,non_greek_brand_coherence_unclear
100,gdt-implants.com,Check Gift Card Balance: Unlock Your Dental Rewards Today,https://gdt-implants.com/pages/check-gift-card-balance,Check Gift Card Balance: Unlock Your Dental Rewards Today,Unlock your dental rewards today by checking your gift card balance effortlessly. Manage your benefits seamlessly with our convenient tool. Click here >>>,"""dental"" ""gift card"" Greece",1,data\discovery\mega-harvest-v6\clean-v6\review.csv,,REVIEW,non_greek_brand_coherence_unclear
80,geliajewelry.gr,Gelia Jewelry & Creations,https://geliajewelry.gr/products/dorokarta,Δωροκάρτα - Gelia Jewelry & Creations,"Άνοιγμα μέσου 6 στο βοηθητικό παράθυρο. 1 / από 1. Gelia Jewelry & Creations. Δωροκάρτα. Δωροκάρτα. Κανονική τιμή €20,00 EUR. Κανονική τιμή Τιμή έκπτωσης €20,00 ...","site:.gr ""jewelry"" ""δωροκάρτα""",3,data\discovery\focused-harvest-v7\clean-v7\review.csv | data\discovery\focused-harvest-v7-run1-backup\clean-v7\review.csv | data\discovery\mega-harvest-v6\clean-v6\review.csv,,SECOND_PASS_SAFE,greek_brand_coherent_direct_gift_card
100,georgeartjewels.com,GIFT CARD,https://georgeartjewels.com/product-category/gifts/gift-card/?srsltid=AfmBOorvm42uf7lz26mgQz9Ky2zN6h4mdxS9de59TpWUUvk_WM4tsoJl,GIFT CARD,"George Art Jewels. search. 0 items. background. GIFT CARD. Close. Categories. LAST ... Areopagitou str, 10558 Athens, Greece; 7 D. Areopagitou str, 11742 ...","""art"" ""gift card"" Greece",1,data\discovery\mega-harvest-v6\clean-v6\review.csv,,REVIEW,non_greek_brand_coherence_unclear
100,german-car-accessories.com,German Car Accessories Gift Card,https://german-car-accessories.com/products/german-car-accessories-gift-card?srsltid=AfmBOorpAE-c2tf8mC7j57h9p9qHXIkUZo8Pu-XpBme78CqntMR_ec7Z,German Car Accessories Gift Card,"German Car Accessories Gift Card ... No Tax & FREE 5-8 Day USA Shipping! ... See supported models, engine compatibility, and key specs in the description below.","""car accessories"" ""gift card"" Greece",5,data\discovery\mass-harvest-v5\clean-v5.2\global-review.csv | data\discovery\mass-harvest-v5\clean-v5.3\global-review.csv | data\discovery\mass-harvest-v5\clean-v5.4\review.csv | data\discovery\mass-harvest-v5\clean-v5.5\review.csv | data\discovery\mega-harvest-v6\clean-v6\review.csv,,SECOND_PASS_SAFE,non_greek_brand_coherent_direct_gift_card
100,gerochristojewelry.gr,Archives,https://gerochristojewelry.gr/jewelry/mwb_wgm_giftcard/?srsltid,Gift Card Archives,Gerochristo jewelry eshop buy online byzantine jewelry · WOMEN'S MEN'S GIFTS ... Gift Card. Home · Shop. Gift Card. FILTERS. Showing all 2 resultsSorted by ...,"site:.gr ""jewelry"" ""gift card""",5,data\discovery\focused-harvest-v7\clean-v7\review.csv | data\discovery\focused-harvest-v7-run1-backup\clean-v7\review.csv | data\discovery\mass-harvest-v5\clean-v5.4\review.csv | data\discovery\mass-harvest-v5\clean-v5.5\review.csv | data\discovery\mega-harvest-v6\clean-v6\review.csv,,REVIEW,greek_domain_brand_coherence_unclear
85,geschenkgutschein.riverly.com,Gift card Boating in Mecklenburg: The beauty of Germany's lakes ...,https://geschenkgutschein.riverly.com/en/boating-in-mecklenburg-the-beauty-of-germanys-lakes-1,Gift card Boating in Mecklenburg: The beauty of Germany's lakes ...,Boating in Mecklenburg: The beauty of Germany's lakes ; I choose. and personalise my gift card directly online ; I receive. the gift card immediately by email or ...,"""Germany"" beauty ""gift card"" official",5,data\discovery\mass-harvest-v5\clean-v5.1\review.csv | data\discovery\mass-harvest-v5\clean-v5.2\manual-review.csv | data\discovery\mass-harvest-v5\clean-v5.3\global-review.csv | data\discovery\mass-harvest-v5\clean-v5.4\review.csv | data\discovery\mass-harvest-v5\clean-v5.5\review.csv,,REVIEW,non_greek_brand_coherence_unclear
65,getlocal.ie,"Compare offers for Beauty Gift Cards, Party & Celebration ...",https://www.getlocal.ie/browse-category/party-and-celebration/all/ireland?q=beauty-gift-card,"Compare offers for Beauty Gift Cards, Party & Celebration ...",,"""Ireland"" beauty ""gift card"" official",5,data\discovery\mass-harvest-v5\clean-v5.1\review.csv | data\discovery\mass-harvest-v5\clean-v5.2\manual-review.csv | data\discovery\mass-harvest-v5\clean-v5.3\global-review.csv | data\discovery\mass-harvest-v5\clean-v5.4\review.csv | data\discovery\mass-harvest-v5\clean-v5.5\review.csv,,REVIEW,non_greek_brand_coherence_unclear
85,gifq.com,ASOS Italy gift cards in bulk,https://www.gifq.com/brands/asos-it,ASOS Italy gift cards in bulk,"The ASOS gift card for Italy can be used on ASOS.com by shoppers in Italy. ASOS is a recognized online fashion destination in Italy, with a large assortment ...","""Italy"" fashion ""gift card"" official",6,data\discovery\mass-harvest-v5\clean-v5.1\review.csv | data\discovery\mass-harvest-v5\clean-v5.2\manual-review.csv | data\discovery\mass-harvest-v5\clean-v5.3\global-review.csv | data\discovery\mass-harvest-v5\clean-v5.4\review.csv | data\discovery\mass-harvest-v5\clean-v5.5\review.csv | data\discovery\mega-harvest-v6\clean-v6\review.csv,,REVIEW,non_greek_brand_coherence_unclear
100,giftboxboutique.co.nz,Giftbox Boutique Gift Voucher,https://www.giftboxboutique.co.nz/products/giftbox-boutique-gift-card?srsltid=AfmBOoo9xAbLeWPamV2F4ZVNnFFRtnVnMbBGsQu-5sEnxTpNOyd-Hhbo,Giftbox Boutique Gift Voucher,"Our digital gift vouchers are available in multiple denominations, and with a Giftbox Boutique Gift Voucher you are guaranteed to make someone smile.","""boutique"" ""gift voucher"" Greece",1,data\discovery\mega-harvest-v6\clean-v6\review.csv,,REVIEW,non_greek_brand_coherence_unclear
100,giftcard.co.uk,Purchase a gift card: e,https://www.giftcard.co.uk/,Purchase a gift card: e-gift card or by mail | Giftcard.co.uk,Find the widest range of gift cards at giftcard.co.uk · Popular gift cards · Buy in bulk for your business · All-in-1 Choice Gift Card · Gift cards by category.,"""UK"" retail ""gift card"" official",3,data\discovery\mass-harvest-v5\clean-v5.2\global-review.csv | data\discovery\mass-harvest-v5\clean-v5.4\review.csv | data\discovery\mass-harvest-v5\clean-v5.5\review.csv,,REJECT,unsafe_subdomain
100,giftcard.ie,Top 10 most popular gift cards in Ireland - 2025,https://www.giftcard.ie/blog/top-10-gift-cards-in-ireland/,Top 10 most popular gift cards in Ireland - 2025,Top 10 gift cards in Ireland · 10. Boohoo Gift Card · 9. Lidl Gift Card · 8. Adidas Gift Card · 7. National Book Tokens Gift Card · 6. H&M Gift Card.,"""Ireland"" fashion ""gift card"" official",2,data\discovery\mass-harvest-v5\clean-v5.4\review.csv | data\discovery\mass-harvest-v5\clean-v5.5\review.csv,,REJECT,unsafe_subdomain
100,giftcardgranny.com,"Check Gift Card Balance Online for 1,000+ Brands",https://www.giftcardgranny.com/gift-card-balance-check/,"Check Gift Card Balance Online for 1,000+ Brands | GiftCardGranny","Check the balance of gift cards from 1,000+ retailers and restaurants. Most balance checks are instant online using your card number and PIN.","""Marousi"" ""restaurant"" ""gift card""",1,data\discovery\focused-harvest-v7-run1-backup\clean-v7\review.csv,,SECOND_PASS_SAFE,non_greek_brand_coherent_direct_gift_card
100,giftcardmarket.com,Market - Instant Gift Cards via Text for ...,https://www.giftcardmarket.com/,Gift Card Market - Instant Gift Cards via Text for ...,"Send instant e gift cards online via text for restaurants, spas & salons. Email gift cards and print gift cards for friends, mom, and loved ones. Gift local.","""Marousi"" ""restaurant"" ""gift card""",2,data\discovery\focused-harvest-v7-run1-backup\clean-v7\review.csv | data\discovery\mega-harvest-v6\clean-v6\review.csv,,SECOND_PASS_SAFE,non_greek_brand_coherent_direct_gift_card
100,giftcardplace.com,Place - Buy & Sell Gift Cards For Discount ...,https://www.giftcardplace.com/gift-card-balance-check,Gift Card Place - Buy & Sell Gift Cards For Discount ...,"Buy gift cards for up to 60% off discount. Sell your gift cards and get up to 90% value as cash. GiftCardPlace.com is the largest discount gift card marketplace, where you can compare the gift card discounts and save money.","""Marousi"" ""restaurant"" ""gift card""",1,data\discovery\focused-harvest-v7-run1-backup\clean-v7\review.csv,,SECOND_PASS_SAFE,non_greek_brand_coherent_direct_gift_card
100,giftcards.bidali.com,"Buy Plaisio.gr GR Gift Card with USDC, USDT, SOL ...",https://giftcards.bidali.com/brands/greece/plaisio-gr-gr,"Buy Plaisio.gr GR Gift Card with USDC, USDT, SOL ...","Plaisio is the biggest Greek retail chain in IT, PC, electronics market and office supplies for 50 years. The Plaisio gift voucher e-code can be used in all ...","""electronics"" ""gift voucher"" Greece",1,data\discovery\mass-harvest-v5\clean-v5.5\review.csv,,REJECT,known_false_positive_or_reseller
100,giftcards.co.uk,Buy All in One Choice Gift Card,https://www.giftcards.co.uk/gift-cards/all-in-one-gift-card/,Buy All in One Choice Gift Card,To use the All-in-one Choice Gift Card go to giftcards.co.uk/check-your-balance and enter the 19-digit code that you can find on the back of the ...,"""UK"" retail ""gift card"" official",3,data\discovery\mass-harvest-v5\clean-v5.2\global-review.csv | data\discovery\mass-harvest-v5\clean-v5.4\review.csv | data\discovery\mass-harvest-v5\clean-v5.5\review.csv,,REJECT,unsafe_subdomain
100,giftcards.ie,Giftcards.ie your #1 in Ireland for Gift Cards,https://www.giftcards.ie/,Giftcards.ie your #1 in Ireland for Gift Cards,Ireland's leading Gift Card retailer ✓ 100+ top brands available ✓ Digital & physical delivery options ✓ Perfect for any occasion ✓ Shop Gift Cards ...,"""Ireland"" retail ""gift card"" official",2,data\discovery\mass-harvest-v5\clean-v5.4\review.csv | data\discovery\mass-harvest-v5\clean-v5.5\review.csv,,REJECT,unsafe_subdomain
100,giftcards.therealgreek.com,The Real Greek,https://giftcards.therealgreek.com/,The Real Greek - Gift Cards,Give the taste of Greece. Treat someone special to an authentic Greek dining experience with our gift card - perfect for any occasion! E-gift voucher.,"""experience"" ""gift voucher"" Greece",3,data\discovery\mass-harvest-v5\clean-v5.1\review.csv | data\discovery\mass-harvest-v5\clean-v5.4\review.csv | data\discovery\mass-harvest-v5\clean-v5.5\review.csv,,REJECT,unsafe_subdomain
100,giftiamo.com,Gift card for Italy,https://giftiamo.com/en/allgiftcard/italia.html,Gift card for Italy,Italy Gift Card. Here you will find gift cards and digital vouchers from international and local brands that can be spent at Italy. Get inspired by Giftiamo ...,"""Italy"" retail ""gift card"" official",5,data\discovery\mass-harvest-v5\clean-v5.2\global-review.csv | data\discovery\mass-harvest-v5\clean-v5.3\global-review.csv | data\discovery\mass-harvest-v5\clean-v5.4\review.csv | data\discovery\mass-harvest-v5\clean-v5.5\review.csv | data\discovery\mega-harvest-v6\clean-v6\review.csv,,REVIEW,non_greek_brand_coherence_unclear
100,gifting.groupbanyan.com,Angsana Corfu Extra Value e,https://gifting.groupbanyan.com/angsana-corfu/angsana-corfu-extra-value-e-gift-card-042269,Angsana Corfu Extra Value e-Gift Card,"Gift your loved ones with unique experience at Angsana Corfu with the Extra Value e-Gift Card ... hotel in Corfu, Greece.","""Corfu"" ""hotel"" ""gift card""",5,data\discovery\focused-harvest-v7\clean-v7\review.csv | data\discovery\focused-harvest-v7-run1-backup\clean-v7\review.csv | data\discovery\mass-harvest-v5\clean-v5.3\greece-market-review.csv | data\discovery\mass-harvest-v5\clean-v5.4\review.csv | data\discovery\mass-harvest-v5\clean-v5.5\review.csv,,REVIEW,non_greek_brand_coherence_unclear
85,giftingowl.com,Germany Experience Gift Vouchers and Activity Bookings,https://giftingowl.com/de/?srsltid=AfmBOoqnGR4qYTwlnkcwEpP3hUuG1oZt4ekATcabF5q0CRi7VOkv974i,Germany Experience Gift Vouchers and Activity Bookings,Is it possible to buy a Germany gift voucher from abroad? Of course! You can ... Travel Explore. Water Explore. Waterpark Explore. Wildlife Explore. Yoga ...,"""Germany"" travel ""gift voucher"" official",8,data\discovery\focused-harvest-v7\clean-v7\review.csv | data\discovery\focused-harvest-v7-run1-backup\clean-v7\review.csv | data\discovery\mass-harvest-v5\clean-v5.1\review.csv | data\discovery\mass-harvest-v5\clean-v5.2\manual-review.csv | data\discovery\mass-harvest-v5\clean-v5.3\global-review.csv | data\discovery\mass-harvest-v5\clean-v5.4\review.csv | data\discovery\mass-harvest-v5\clean-v5.5\review.csv | data\discovery\mega-harvest-v6\clean-v6\review.csv,,REVIEW,non_greek_brand_coherence_unclear
100,giftly.com,"Buy Restaurant Gift Cards in Athens, GA",https://www.giftly.com/restaurant-gift-cards/athens-ga?srsltid=AfmBOoruYxgCv0hb1CCNYXNNj7lwvuuBnpI5dsvnPO-gMrBhFZX189ts,"Buy Restaurant Gift Cards in Athens, GA","Gift up to $1,000 with the suggestion to spend it at any restaurant in Athens, GA. city category. Universal Athens gifts · Giftly Gift Card.","""Athens"" ""restaurant"" ""gift card""",7,data\discovery\focused-harvest-v7\clean-v7\review.csv | data\discovery\focused-harvest-v7-run1-backup\clean-v7\review.csv | data\discovery\mass-harvest-v5\clean-v5.1\review.csv | data\discovery\mass-harvest-v5\clean-v5.3\greece-market-review.csv | data\discovery\mass-harvest-v5\clean-v5.4\review.csv | data\discovery\mass-harvest-v5\clean-v5.5\review.csv | data\discovery\mega-harvest-v6\clean-v6\review.csv,,REVIEW,non_greek_brand_coherence_unclear
85,giftmall.de,Weekend in Germany gift cards,https://giftmall.de/en/catalog/hotels_online_germany_weekend,Weekend in Germany gift cards,"The ultimate gift of travel! Our versatile gift voucher opens the door to prepaid hotels all across Germany, ranging from 3-star to luxurious 5-star hotels.","""Germany"" travel ""gift voucher"" official",5,data\discovery\mass-harvest-v5\clean-v5.1\review.csv | data\discovery\mass-harvest-v5\clean-v5.2\manual-review.csv | data\discovery\mass-harvest-v5\clean-v5.3\global-review.csv | data\discovery\mass-harvest-v5\clean-v5.4\review.csv | data\discovery\mass-harvest-v5\clean-v5.5\review.csv,,REVIEW,non_greek_brand_coherence_unclear
100,giftoff.com,Buy Electronics Gift Cards & Vouchers,https://giftoff.com/gift-cards-for/electronics,Buy Electronics Gift Cards & Vouchers,"Give the gift of choice with options for top electronics brands, ensuring your recipient finds exactly what they need. Argos UK gift card. Argos UK. B&Q UK gift ...","""electronics"" ""gift card"" Greece",5,data\discovery\mass-harvest-v5\clean-v5.2\global-review.csv | data\discovery\mass-harvest-v5\clean-v5.3\global-review.csv | data\discovery\mass-harvest-v5\clean-v5.4\review.csv | data\discovery\mass-harvest-v5\clean-v5.5\review.csv | data\discovery\mega-harvest-v6\clean-v6\review.csv,,REVIEW,non_greek_brand_coherence_unclear
100,giftronaut.com,Gift Card That Works Both in the US and Greece,https://www.giftronaut.com/blog/gift-card-that-works-both-in-the-us-and-greece,Gift Card That Works Both in the US and Greece,RentacarGift eGift Card; Cosmos Sport Gift Card; Attica Gift Card; Plaisio.gr e-Gift Card; Global Experiences Gift Card; eLearnGift eGift Card; Evertreen Gift ...,"""e-gift card"" Greece",3,data\discovery\mass-harvest-v5\clean-v5.3\greece-market-review.csv | data\discovery\mass-harvest-v5\clean-v5.5\review.csv | data\discovery\mega-harvest-v6\clean-v6\review.csv,,REJECT,third_party_plaisio_gift_card
85,gifts4all.com.gr,Αγοράστε μία Δωροεπιταγή - Gifts 4 All,https://www.gifts4all.com.gr/account/voucher,Αγοράστε μία Δωροεπιταγή - Gifts 4 All,Αγοράστε μία Δωροεπιταγή ... Αυτή η δωροεπιταγή θα αποσταλεί μέ e-mail στον παραλήπτη αφού ολοκληρωθεί ή πληρωμή σας. Όνομα παραλήπτη. E-mail παραλήπτη.,"site:.com.gr ""δωροεπιταγή""",3,data\discovery\focused-harvest-v7\clean-v7\review.csv | data\discovery\focused-harvest-v7-run1-backup\clean-v7\review.csv | data\discovery\mega-harvest-v6\clean-v6\review.csv,,SECOND_PASS_SAFE,greek_brand_coherent_direct_gift_card
80,giftspot.gr,Giftspot,https://giftspot.gr/gallery/botrinis-en.html,Gift Cards - Giftspot,Offer an experience ... Chef Table + Wine pairing premium International. 890 €. Chef Table + Wine pairing premium International890 €. Offer a gift card ...,"site:.gr ""experience"" ""gift card""",8,data\discovery\focused-harvest-v7\clean-v7\review.csv | data\discovery\focused-harvest-v7-run1-backup\clean-v7\review.csv | data\discovery\mass-harvest-v5\clean-v5.1\review.csv | data\discovery\mass-harvest-v5\clean-v5.2\manual-review.csv | data\discovery\mass-harvest-v5\clean-v5.3\global-review.csv | data\discovery\mass-harvest-v5\clean-v5.4\review.csv | data\discovery\mass-harvest-v5\clean-v5.5\review.csv | data\discovery\mega-harvest-v6\clean-v6\review.csv,,SECOND_PASS_SAFE,greek_brand_coherent_direct_gift_card
55,giftvouchers.andronis.com,Andronis Luxury Hotels Greece,https://giftvouchers.andronis.com/,Andronis Luxury Hotels Greece,Check Gift Card Balance · Contact & Help. About Us. Our Story · Privacy Policy ... Andronis Concept Wellness Resort · Andronis Athens · A77 Suites by Andronis ...,"""Greece"" ""wellness"" ""gift card""",1,data\discovery\mega-harvest-v6\clean-v6\review.csv,,REVIEW,gift_signal_only_in_snippet
100,giftvouchers.co.uk,Travel Gift Voucher | giftvouchers.co.uk,https://www.giftvouchers.co.uk/gift-voucher/travel/?srsltid=AfmBOoraB7cDAcDoi6HtPTU0Q_7o2h4DAh75-EYngetPDz2xqhTJ_0-y,Travel Gift Voucher | giftvouchers.co.uk,Request a quote! Travel Gift Voucher. promotiebeeld ... The Travel Gift Card is a Choice Gift Card that can be redeemed on giftvouchers.co.uk for a variety of ...,"""UK"" travel ""gift voucher"" official",4,data\discovery\mass-harvest-v5\clean-v5.2\global-review.csv | data\discovery\mass-harvest-v5\clean-v5.3\global-review.csv | data\discovery\mass-harvest-v5\clean-v5.4\review.csv | data\discovery\mass-harvest-v5\clean-v5.5\review.csv,,REVIEW,non_greek_brand_coherence_unclear
100,giiresearch.com,Europe Gift Card And Incentive Card - Market Share ...,https://www.giiresearch.com/report/moi2116635-europe-gift-card-incentive-card-market-share.html,Europe Gift Card And Incentive Card - Market Share ...,"Europe Gift Card And Incentive Card - Market Share Analysis, Industry Trends & Statistics, Growth Forecasts (2026 - 2031). PUBLISHED: August ...","""Europe"" retail ""gift card"" official",1,data\discovery\mass-harvest-v5\clean-v5.5\review.csv,,REJECT,non_merchant_signal
100,giorgiafratta.com,Gift Card Giorgia Fratta | Give the Women's Fashion Made ...,https://www.giorgiafratta.com/en/products/gift-card?srsltid=AfmBOorN_xDQYBt6Oxe-8A-vrsMDGIDjkQhSV7ojztGxs5_32aJDuqmn,Gift Card Giorgia Fratta | Give the Women's Fashion Made ...,Give a Giorgia Fratta Gift Card and leave the freedom to choose women's clothing and accessories made in Italy. Buy it online in just a few clicks!,"""Italy"" fashion ""gift card"" official",4,data\discovery\mass-harvest-v5\clean-v5.2\global-review.csv | data\discovery\mass-harvest-v5\clean-v5.3\global-review.csv | data\discovery\mass-harvest-v5\clean-v5.4\review.csv | data\discovery\mass-harvest-v5\clean-v5.5\review.csv,,SECOND_PASS_SAFE,non_greek_brand_coherent_direct_gift_card
100,giverrang.com,"Fitness Premier Gift Card - Crete, IL",https://giverrang.com/fitness-premier-gift-cards-crete-il/,"Fitness Premier Gift Card - Crete, IL",The Indie Prepaid Gift Card is designed to promote and support local businesses in Crete. Buying a Card that can be spent at local businesses like Fitness ...,"""Crete"" ""fitness"" ""gift card""",3,data\discovery\focused-harvest-v7\clean-v7\review.csv | data\discovery\focused-harvest-v7-run1-backup\clean-v7\review.csv | data\discovery\mega-harvest-v6\clean-v6\review.csv,,REVIEW,non_greek_brand_coherence_unclear
85,givn.no,Buy gift card for Moon Restaurant,https://givn.no/en/shop/moon,Buy gift card for Moon Restaurant,"Buy and give gift cards to Moon Restaurant easily at givn.no. Official gift card. Print and give physically, or send digitally.","""Kos"" ""restaurant"" ""gift card""",1,data\discovery\focused-harvest-v7-run1-backup\clean-v7\review.csv,,REVIEW,non_greek_brand_coherence_unclear
85,glamdoll.gr,Αγοράστε μία Δωροεπιταγή,https://glamdoll.gr/index.php?route,Αγοράστε μία Δωροεπιταγή,... SKINCARE · Μάσκες Προσώπου53 · Headbands7 · Serums19 · Ακμή6 · Αντιγήρανση13 · Απολέπιση ... Αυτή η δωροεπιταγή θα αποσταλεί μέ e-mail στον παραλήπτη αφού ...,"site:.gr ""skincare"" ""δωροεπιταγή""",2,data\discovery\focused-harvest-v7\clean-v7\review.csv | data\discovery\focused-harvest-v7-run1-backup\clean-v7\review.csv,,REVIEW,greek_domain_brand_coherence_unclear
80,glami.gr,Silenzio Δωροκάρτα αξίας 75,https://www.glami.gr/silenzio/silenzio-dorokarta-axias-75-eur-12393100/,Silenzio Δωροκάρτα αξίας 75,Silenzio Δωροκάρτα αξίας 75 € ... Nike Sportswear Nike Icon AIR Force 1 Card Wallet 92800648980. One size.,"site:.gr ""sportswear"" ""δωροκάρτα""",1,data\discovery\mega-harvest-v6\clean-v6\review.csv,,REVIEW,greek_domain_brand_coherence_unclear
85,glamorousbeauty.gr,Αγοράστε μία Δωροεπιταγή - Glamorous Beauty Salon,https://glamorousbeauty.gr/index.php?route,Αγοράστε μία Δωροεπιταγή - Glamorous Beauty Salon,GLAMOROUS BEAUTY SALON · SERVICES | ΥΠΗΡΕΣΙΕΣ · BOOK ONLINE ... Glamorous Beauty Salon. Cart 0. O Λογαριασμός μου · Αγορά Δωροεπιταγής. Αγοράστε μία Δωροεπιταγή.,"site:.gr ""beauty"" ""δωροεπιταγή""",2,data\discovery\focused-harvest-v7\clean-v7\review.csv | data\discovery\focused-harvest-v7-run1-backup\clean-v7\review.csv,,SECOND_PASS_SAFE,greek_brand_coherent_direct_gift_card
85,glimmerbeauty.gr,Αγοράστε μία Δωροεπιταγή,https://glimmerbeauty.gr/index.php?route,Αγοράστε μία Δωροεπιταγή,... Beauty. Ο Λογαριασμός μου · Δημιουργία Λογαριασμού · Σύνδεση Λογαριασμού ... Αυτή η δωροεπιταγή θα αποσταλεί μέ e-mail στον παραλήπτη αφού ολοκληρωθεί ή πληρωμή ...,"site:.gr ""beauty"" ""δωροεπιταγή""",2,data\discovery\focused-harvest-v7\clean-v7\review.csv | data\discovery\focused-harvest-v7-run1-backup\clean-v7\review.csv,,REVIEW,greek_domain_brand_coherence_unclear
100,global.gogift.com,The Ultimate Guide to the B2B Gift Card Market in Greece,https://www.global.gogift.com/gift-card-markets-encyclopedia/the-ultimate-guide-to-the-b2b-gift-card-market-in-greece,The Ultimate Guide to the B2B Gift Card Market in Greece,"Current size of the B2B gift card market: In value terms, the gift card market in Greece has recorded a CAGR of 6.9% during 2018-2022.","""gifts"" ""gift card"" Greece",4,data\discovery\mass-harvest-v5\clean-v5.3\greece-market-review.csv | data\discovery\mass-harvest-v5\clean-v5.4\review.csv | data\discovery\mass-harvest-v5\clean-v5.5\review.csv | data\discovery\mega-harvest-v6\clean-v6\review.csv,,REVIEW,non_greek_brand_coherence_unclear
100,globenewswire.com,Italy Gift Card Business and Investment Report 2026: A,https://www.globenewswire.com/news-release/2026/03/03/3248619/28124/en/italy-gift-card-business-and-investment-report-2026-a-10-98-billion-market-by-2030-featuring-selex-conad-crai-gruppo-vege-esselunga-unicoop-etruria-eurospin-icg-real-estate-ipercoo.html,Italy Gift Card Business and Investment Report 2026: A,"Italy Gift Card Business and Investment Report 2026: A $10.98 Billion Market by 2030 Featuring Selex, Conad, Crai, Gruppo Vege, Esselunga ...","""Italy"" beauty ""gift card"" official",4,data\discovery\mass-harvest-v5\clean-v5.2\global-review.csv | data\discovery\mass-harvest-v5\clean-v5.3\global-review.csv | data\discovery\mass-harvest-v5\clean-v5.4\review.csv | data\discovery\mass-harvest-v5\clean-v5.5\review.csv,,REVIEW,non_greek_brand_coherence_unclear
85,globi.gr,Globi Digital Gift Card,https://globi.gr/product/dwrokarta/,Globi Digital Gift Card | Δωροκάρτα Τεχνολογίας Online,Αγόρασε δωροκάρτα τεχνολογίας Online από το Globi. Digital Gift Card με άμεση ... SteelSeries Gaming Keyboard Apex Pro TKL Wireless 2023 US-Layout (64865).,"site:.gr ""gaming"" ""δωροκάρτα""",6,data\discovery\mass-harvest-v5\clean-v5.1\review.csv | data\discovery\mass-harvest-v5\clean-v5.2\manual-review.csv | data\discovery\mass-harvest-v5\clean-v5.3\global-review.csv | data\discovery\mass-harvest-v5\clean-v5.4\review.csv | data\discovery\mass-harvest-v5\clean-v5.5\review.csv | data\discovery\mega-harvest-v6\clean-v6\review.csv,,SECOND_PASS_SAFE,greek_brand_coherent_direct_gift_card
85,glyfadasaltcave.com.gr,Δωροεπιταγες: Δωροεπιταγή Αξίας 90€,https://www.glyfadasaltcave.com.gr/index.php/e-shop/doroepitages/doroepitagi-aksias-90-detail,Δωροεπιταγες: Δωροεπιταγή Αξίας 90€,Δωροεπιταγή Αξίας 90€ Δωροεπιταγες Κάντε στους αγαπημένους σας δώρο συνεδρίες-υπηρεσίες αναζωογόνησης και ευεξίας!Διάρκεια δωροεπιταγής από την ημέρα ...,"site:.com.gr ""δωροεπιταγή""",3,data\discovery\focused-harvest-v7\clean-v7\review.csv | data\discovery\focused-harvest-v7-run1-backup\clean-v7\review.csv | data\discovery\mega-harvest-v6\clean-v6\review.csv,,REVIEW,greek_domain_brand_coherence_unclear
85,goalsports.gr,Αγοράστε μία Δωροεπιταγή - goalsports.gr,https://www.goalsports.gr/index.php?route,Αγοράστε μία Δωροεπιταγή - goalsports.gr,Αυτή η δωροεπιταγή θα αποσταλεί μέ e-mail στον παραλήπτη αφού ολοκληρωθεί ή πληρωμή σας. Όνομα παραλήπτη. E-mail παραλήπτη. Το όνομα σας. Το e-mail σας. Θέμα ...,"site:.gr ""sports"" ""δωροεπιταγή""",1,data\discovery\focused-harvest-v7\clean-v7\review.csv,,SECOND_PASS_SAFE,greek_brand_coherent_direct_gift_card
100,godblesswomen.gr,25 CHF Gift card,https://godblesswomen.gr/products/25-chf-gift-card/236339811/?srsltid,25 CHF Gift card,"Outdoor & Sports · General · 25 CHF Gift card. Bestseller ranking. General. 1. Banshee Rune V3 Mountain Bike - 2020, X ...","site:.gr ""outdoor"" ""gift card""",4,data\discovery\focused-harvest-v7\clean-v7\review.csv | data\discovery\mass-harvest-v5\clean-v5.4\review.csv | data\discovery\mass-harvest-v5\clean-v5.5\review.csv | data\discovery\mega-harvest-v6\clean-v6\review.csv,,REVIEW,greek_domain_brand_coherence_unclear
80,gofortix.com,Δωροκάρτα Candlelight - Πάτρα | GoFortix,https://www.gofortix.com/event/greece/patras/%CE%B4%CF%89%CF%81%CE%BF%CE%BA%CE%AC%CF%81%CF%84%CE%B1-candlelight--%CF%80%CE%AC%CF%84%CF%81%CE%B1,Δωροκάρτα Candlelight - Πάτρα | GoFortix,"Date. Monday, March 3, 2025 ; Location. Patras, Greece ; 🕯️ Μια δωροκάρτα που ισχύει για οποιαδήποτε συναυλία του Candlelight στην Ελλάδα ✔️ Μπορείτε επίσης ...","""Patras"" ""δωροκάρτα""",5,data\discovery\mass-harvest-v5\clean-v5.1\review.csv | data\discovery\mass-harvest-v5\clean-v5.2\manual-review.csv | data\discovery\mass-harvest-v5\clean-v5.3\global-review.csv | data\discovery\mass-harvest-v5\clean-v5.4\review.csv | data\discovery\mass-harvest-v5\clean-v5.5\review.csv,,SECOND_PASS_SAFE,non_greek_brand_coherent_direct_gift_card
100,gofurnit.com,Gofurnit gift voucher,https://www.gofurnit.com/en-eu/products/gofurnit-gift-voucher?srsltid=AfmBOorlt8PIcaoFxOr-ssIemaOrzCD8EaisLUgCzP-GdOjLzWhFJeqW,Gofurnit gift voucher,"Gofurnit gift voucher. Ready assembled. Free shipping in DE. 30 ... Customers praise the beautiful designs, high-quality materials, and warm ambient lighting.","""lighting"" ""gift voucher"" Greece",1,data\discovery\mega-harvest-v6\clean-v6\review.csv,,SECOND_PASS_SAFE,non_greek_brand_coherent_direct_gift_card
100,gogift.com,Zalando gift cards - Give top fashion brands as a gift,https://shop.gogift.com/en/no/nok/shop/zalando-no-gift-card/268537433296289792,Zalando gift cards - Give top fashion brands as a gift,A Zalando gift card gives the recipient access to clothes and shoes from Europe's leading online fashion house. Buy your Zalando gift card easily with us.,"""Europe"" fashion ""gift card"" official",4,data\discovery\mass-harvest-v5\clean-v5.2\global-review.csv | data\discovery\mass-harvest-v5\clean-v5.3\global-review.csv | data\discovery\mass-harvest-v5\clean-v5.4\review.csv | data\discovery\mass-harvest-v5\clean-v5.5\review.csv,,REVIEW,non_greek_brand_coherence_unclear
70,goldenpages.ie,"Shops in Ireland, selling E gift card",https://www.goldenpages.ie/s/e-gift-card/ireland/10,"Shops in Ireland, selling E gift card",,"""Ireland"" fashion ""gift card"" official",5,data\discovery\mass-harvest-v5\clean-v5.1\review.csv | data\discovery\mass-harvest-v5\clean-v5.2\manual-review.csv | data\discovery\mass-harvest-v5\clean-v5.3\global-review.csv | data\discovery\mass-harvest-v5\clean-v5.4\review.csv | data\discovery\mass-harvest-v5\clean-v5.5\review.csv,,REVIEW,non_greek_brand_coherence_unclear
100,goldfieldandbanks.com,Luxury Perfume Gift Cards | Perfect Gifts for Women,https://www.goldfieldandbanks.com/collections/gift-cards?srsltid=AfmBOopvBZdTUgBS97RszXH2U9V5xyibEXyr78Al2MxVSGzmSfLN9RsK,Luxury Perfume Gift Cards | Perfect Gifts for Women,"Perfect perfume gifts for any occasion. Digital gift cards from $25 with instant delivery. Give the gift of choice with a Goldfield & Banks E-Gift Card, ...","""perfume"" ""gift card"" Greece",3,data\discovery\mass-harvest-v5\clean-v5.4\review.csv | data\discovery\mass-harvest-v5\clean-v5.5\review.csv | data\discovery\mega-harvest-v6\clean-v6\review.csv,,REVIEW,non_greek_brand_coherence_unclear
80,goldwaschcamp.de,Gift Voucher,https://www.goldwaschcamp.de/en/products/geschenkgutschein,Gift Voucher,Gift Voucher · Gift vouchers for gold panning items and accessories · Direct delivery to you by email · Voucher for self-printing.,"""printing"" ""gift voucher"" Greece",5,data\discovery\mass-harvest-v5\clean-v5.1\review.csv | data\discovery\mass-harvest-v5\clean-v5.2\manual-review.csv | data\discovery\mass-harvest-v5\clean-v5.3\global-review.csv | data\discovery\mass-harvest-v5\clean-v5.4\review.csv | data\discovery\mass-harvest-v5\clean-v5.5\review.csv,,REVIEW,non_greek_brand_coherence_unclear
85,gozo-shop.com,Gift Cards - The Boutique Of GòZo®️,https://gozo-shop.com/collections/gift-gard,Gift Cards - The Boutique Of GòZo®️,"The Boutique Of GoZo®️ Gift Card. The Boutique Of GòZo®️. from €50,00. Unit price: /per. You're viewing 1-1 of 1 products ...","""boutique"" ""gift card"" Greece",1,data\discovery\mega-harvest-v6\clean-v6\review.csv,,REVIEW,non_greek_brand_coherence_unclear
100,gr.caudalie.com,Ηλεκτρονική δωροκάρτα - Caudalie,https://gr.caudalie.com/p/7265/gift-card.html,Ηλεκτρονική δωροκάρτα - Caudalie,Spa & events · Les Sources de Caudalie SPA · Γνωρίστε τους Beauty Experts μας · Οι ... Ηλεκτρονική δωροκάρτα. (8). |. Αφήστε την κριτική σας.,"""spa"" ""δωροκάρτα"" Greece",1,data\discovery\mega-harvest-v6\clean-v6\review.csv,,SECOND_PASS_SAFE,non_greek_brand_coherent_direct_gift_card
80,gr.gant.com,Here's your gift card!,https://gr.gant.com/pages/test-test?srsltid=AfmBOopD5gKW5cDdbULAX4aPk0oPTp0cQchseNmMt1YcASi93Om-rQup,Here's your gift card!,GANT Greece https://gr.gant.com. Here's your gift card! Disabled. Gift card illustration. Use this code at checkout to redeem your gift card. QR code — scan ...,"""Greece"" ""gift card""",5,data\discovery\mass-harvest-v5\clean-v5.1\review.csv | data\discovery\mass-harvest-v5\clean-v5.2\manual-review.csv | data\discovery\mass-harvest-v5\clean-v5.3\global-review.csv | data\discovery\mass-harvest-v5\clean-v5.4\review.csv | data\discovery\mass-harvest-v5\clean-v5.5\review.csv,,REVIEW,non_greek_brand_coherence_unclear
55,gr.kavehome.com,Έπιπλα σχεδιασμένα για να σας συντροφεύουν μια ζωή,https://gr.kavehome.com/gr/el/gift-card,Έπιπλα σχεδιασμένα για να σας συντροφεύουν μια ζωή,"Hallway furniture, console tables and shoe racks · Coat racks and hangers. Έπιπλα Μπάνιου. Δείτε τα όλα · Bathroom furniture · Bathroom countertops ... Δωροκάρτα.","""furniture"" ""δωροκάρτα"" Greece",1,data\discovery\mega-harvest-v6\clean-v6\review.csv,,REVIEW,non_greek_brand_coherence_unclear
100,gr.loccitane.com,Gift Card Όροι Χρήσης,https://gr.loccitane.com/pages/gift-card-policy?srsltid=AfmBOort_Z4k2IZgEafNDjANfsmD3OLkFKdmfjgiV-_8FCQK4zUq8ztv,Gift Card Όροι Χρήσης,... gift card απενεργοποιείται και δεν μπ. ... syllogi-haircare Συλλογή Aromachologie · ΠΕΡΙΠΟΙΗΣΗ ΧΕΡΙΩΝ. Τύπος προϊόντος.,"""haircare"" ""gift card"" Greece",1,data\discovery\mega-harvest-v6\clean-v6\review.csv,,REVIEW,non_greek_brand_coherence_unclear
60,gr.nihaojewelry.com,Ρετρό Χριστουγεννιάτικη ευχετήρια κάρτα Νέο μοντέλο Αρτοποιείο ...,https://gr.nihaojewelry.com/retro-christmas-greeting-card-new-model-bakery-flower-shop-gift-card-head-small-blessing-message-card-hand-drawn-style-paper-nh11406997.html,Ρετρό Χριστουγεννιάτικη ευχετήρια κάρτα Νέο μοντέλο Αρτοποιείο ...,Ρετρό Χριστουγεννιάτικη ευχετήρια κάρτα Νέο μοντέλο Αρτοποιείο Ανθοπωλείο Δωροκάρτα Κεφαλή Μικρή κάρτα με μήνυμα ευλογίας Χαρτί σε στυλ ζωγραφισμένο στο χέρι.,"""bakery"" ""δωροκάρτα"" Greece",1,data\discovery\mega-harvest-v6\clean-v6\review.csv,,REVIEW,non_greek_brand_coherence_unclear
100,graftonbarbers.com,Gift Cards (Physical),https://graftonbarbers.com/gift-cards-physical/,Gift Cards (Physical),€250 Gift Card (Physical). €250.00 Add to cart · A Grafton Barber Gift Voucher · Shampoo Cut & Blow-Dry (Physical). €30.00 Add to cart · A Grafton Barber Gift ...,"""barber"" ""gift voucher"" Greece",5,data\discovery\mass-harvest-v5\clean-v5.2\global-review.csv | data\discovery\mass-harvest-v5\clean-v5.3\global-review.csv | data\discovery\mass-harvest-v5\clean-v5.4\review.csv | data\discovery\mass-harvest-v5\clean-v5.5\review.csv | data\discovery\mega-harvest-v6\clean-v6\review.csv,,REVIEW,non_greek_brand_coherence_unclear
100,grandangletours.com,Give the Adventure: The Grand Angle Gift Card,https://grandangletours.com/the-grand-angle-gift-card,Give the Adventure: The Grand Angle Gift Card,"Give the Adventure: The Grand Angle Gift Card · An original gift, valid throughout Europe! · Why choose our gift card? · How to get your gift card? · How to Use It.","""adventure"" ""gift card"" Greece",1,data\discovery\mega-harvest-v6\clean-v6\review.csv,,REVIEW,non_greek_brand_coherence_unclear
100,grandebretagnestore.com,Com,https://www.grandebretagnestore.com/en/gift-cards,Gift Cards,"Spa Gift Vouchers: The gift voucher receiver should contact the GB Spa and ... Athens, 105 64, Greece; T: +30 210 33 30 750; E: orders ...","""Athens"" ""spa"" ""gift voucher""",6,data\discovery\focused-harvest-v7\clean-v7\review.csv | data\discovery\focused-harvest-v7-run1-backup\clean-v7\review.csv | data\discovery\mass-harvest-v5\clean-v5.3\greece-market-review.csv | data\discovery\mass-harvest-v5\clean-v5.4\review.csv | data\discovery\mass-harvest-v5\clean-v5.5\review.csv | data\discovery\mega-harvest-v6\clean-v6\review.csv,,REVIEW,non_greek_brand_coherence_unclear
100,grandhotelskei.no,Gift cards,https://grandhotelskei.no/en/gift-cards/,Gift cards,"Jølstravegen 3225, 6843 Skei, NORWAY. Meny. Home ... You can choose to send the gift card immediately or schedule to send it at some point in the future.","""Norway"" hotel ""gift card"" official",4,data\discovery\mass-harvest-v5\clean-v5.2\global-review.csv | data\discovery\mass-harvest-v5\clean-v5.3\global-review.csv | data\discovery\mass-harvest-v5\clean-v5.4\review.csv | data\discovery\mass-harvest-v5\clean-v5.5\review.csv,,REVIEW,non_greek_brand_coherence_unclear
80,grandpharmacy.gr,Δωροκάρτα Best Mom για τη Γιορτή της Μητέρας,https://grandpharmacy.gr/product/dorokarta_best_mom_giorth_miteras/,Δωροκάρτα Best Mom για τη Γιορτή της Μητέρας,Στείλτε τις ευχές και την αγάπη σας για τη Γιορτή της Μητέρας με ένα γλυκό μήνυμα και… μία δωροκάρτα από το Grandpharmacy.gr!,"site:.gr ""pharmacy"" ""δωροκάρτα""",6,data\discovery\mass-harvest-v5\clean-v5.1\review.csv | data\discovery\mass-harvest-v5\clean-v5.2\manual-review.csv | data\discovery\mass-harvest-v5\clean-v5.3\global-review.csv | data\discovery\mass-harvest-v5\clean-v5.4\review.csv | data\discovery\mass-harvest-v5\clean-v5.5\review.csv | data\discovery\mega-harvest-v6\clean-v6\review.csv,,REVIEW,greek_domain_brand_coherence_unclear
100,greciamia.it,🎄 Porta l'estate sotto l'albero: la Gift Card Grecia Mia,https://greciamia.it/blogs/blog/gift-card-grecia-mia?srsltid=AfmBOorot6_WZi-yN4_W8D-oQ-5k1VI02rJdL8QLybUXGVrjH_EGXRrL,🎄 Porta l'estate sotto l'albero: la Gift Card Grecia Mia,Gift card Grecia Mia. Carta Regalo Grecia Mia. Il regalo dell'ultimo ... Mykonos e Santorini. LA GIFT CARD DI GRECIA MIA · Carta regalo Grecia Mia ...,"""Mykonos"" ""gift card""",3,data\discovery\mass-harvest-v5\clean-v5.3\greece-market-review.csv | data\discovery\mass-harvest-v5\clean-v5.4\review.csv | data\discovery\mass-harvest-v5\clean-v5.5\review.csv,,SECOND_PASS_SAFE,non_greek_brand_coherent_direct_gift_card
100,grecotrulygreek.com,Treat Someone You Love to Greek Food with a Greco Gift Card,https://grecotrulygreek.com/gift-cards/,Treat Someone You Love to Greek Food with a Greco Gift Card,Looking for the perfect gift for the food lover in your life? Give them the gift of authentic Greek cuisine with a Greco Gift Card! Ideal for any occasion ...,"""food"" ""gift card"" Greece",4,data\discovery\mass-harvest-v5\clean-v5.3\greece-market-review.csv | data\discovery\mass-harvest-v5\clean-v5.4\review.csv | data\discovery\mass-harvest-v5\clean-v5.5\review.csv | data\discovery\mega-harvest-v6\clean-v6\review.csv,,REVIEW,non_greek_brand_coherence_unclear
100,greek-food-shop.com,$20 Gift Card,https://greek-food-shop.com/shop/biscuits/20-gift-card/?srsltid=AfmBOorXkqPWcoS68S_AE3v0nayP_iEZmpK-dThHNCuOGJc4P3owc4Wy,$20 Gift Card,Gift Card to Greek Food Shop available to redeem at greek-food-shop.com without any time limit ... Greek Food Shop by Select Bakery. We deliver the taste ...,"""bakery"" ""gift card"" Greece",1,data\discovery\mega-harvest-v6\clean-v6\review.csv,,REVIEW,non_greek_brand_coherence_unclear
55,greekbros.com,Giftcards - Greek Bros. Oyster Bar & Grill,https://www.greekbros.com/giftcards,Giftcards - Greek Bros. Oyster Bar & Grill,"Instant Digital Gift Card · Made with by Popmenu(opens in a new window) ... Bar Open Wed-Sat 5pm to Closing. Sunday: Closed. opens in a new tab, get ...","""bar"" ""gift card"" Greece",1,data\discovery\mega-harvest-v6\clean-v6\review.csv,,SECOND_PASS_SAFE,non_greek_brand_coherent_direct_gift_card
100,greekcargo.com.au,Greek Cargo Gift Voucher,https://greekcargo.com.au/products/greek-cargo-gift-card?srsltid=AfmBOopf0v283brN1ArJ2kS0TbCi3SkGMlBFwIEZn11iOC9F0YAMq8PL,Greek Cargo Gift Voucher,"Greek Cargo Gift Voucher. $25. /. Not sure what ... Experience the love of Greece with unique, quality made fashion, jewellery and homewares.","""fashion"" ""gift voucher"" Greece",4,data\discovery\mass-harvest-v5\clean-v5.3\greece-market-review.csv | data\discovery\mass-harvest-v5\clean-v5.4\review.csv | data\discovery\mass-harvest-v5\clean-v5.5\review.csv | data\discovery\mega-harvest-v6\clean-v6\review.csv,,REVIEW,non_greek_brand_coherence_unclear
100,greekflavours.com,perfect gift for your friends - Greek Flavours,https://www.greekflavours.com/collections/gift-cards?srsltid=AfmBOopGkwsWfnFvG6ncgQSyZoRlhJRNXSLciQC9Gx4LU55-n4HJZrvL,Gift Cards: perfect gift for your friends - Greek Flavours,"Aegean Flavours Gift Card – Mediterranean Experience - Greek Flavours. Aegean ... Gift Card Crete. Vendor: Greek Flavours. Regular price €40,00 EUR.","""Crete"" ""experience"" ""gift card""",6,data\discovery\focused-harvest-v7\clean-v7\review.csv | data\discovery\focused-harvest-v7-run1-backup\clean-v7\review.csv | data\discovery\mass-harvest-v5\clean-v5.3\greece-market-review.csv | data\discovery\mass-harvest-v5\clean-v5.4\review.csv | data\discovery\mass-harvest-v5\clean-v5.5\review.csv | data\discovery\mega-harvest-v6\clean-v6\review.csv,,SECOND_PASS_SAFE,non_greek_brand_coherent_direct_gift_card
100,greekhousecafe.com,$50 Gift Card,https://www.greekhousecafe.com/items/50-gift-card,$50 Gift Card,"Gift Card at Greek House Cafe in Simi Valley, CA. View photos, read reviews, and see ratings for $50 Gift Card. $50 Gift Card *please pick up your gift card ...","""cafe"" ""gift card"" Greece",4,data\discovery\mass-harvest-v5\clean-v5.3\greece-market-review.csv | data\discovery\mass-harvest-v5\clean-v5.4\review.csv | data\discovery\mass-harvest-v5\clean-v5.5\review.csv | data\discovery\mega-harvest-v6\clean-v6\review.csv,,REVIEW,non_greek_brand_coherence_unclear
100,greekmarket.co.uk,Virtual Gift Card,https://greekmarket.co.uk/product/virtual-gift-card/?srsltid=AfmBOooaIYVL2718ig-7wncCWWL-M5zzjnHRCiHDIXaj3GbIApA5I46o,Virtual Gift Card,With the Greek Market Virtual Gift Card you're offering your loved ... Fight Food Waste · Shop by Greek Brand · Product Recalls · Gift Cards · Greek Market ...,"""food"" ""gift card"" Greece",4,data\discovery\mass-harvest-v5\clean-v5.3\greece-market-review.csv | data\discovery\mass-harvest-v5\clean-v5.4\review.csv | data\discovery\mass-harvest-v5\clean-v5.5\review.csv | data\discovery\mega-harvest-v6\clean-v6\review.csv,,REVIEW,non_greek_brand_coherence_unclear
100,greekpeak.net,Gift Cards at Greek Peak,https://www.greekpeak.net/gift-cards-at-greek-peak/,Gift Cards at Greek Peak,Gift Cards at Greek Peak One gift card. Good everywhere at Greek Peak. Buy a ... Greek Peak Mountain Resort. SHOP. Create Your ...,"""resort"" ""gift card"" Greece",4,data\discovery\mass-harvest-v5\clean-v5.3\greece-market-review.csv | data\discovery\mass-harvest-v5\clean-v5.4\review.csv | data\discovery\mass-harvest-v5\clean-v5.5\review.csv | data\discovery\mega-harvest-v6\clean-v6\review.csv,,SECOND_PASS_SAFE,non_greek_brand_coherent_direct_gift_card
100,greekroots.shop,GIFT CARD - Jewelry Shop,https://greekroots.shop/product-category/gifts/gift-card/,GIFT CARD - Jewelry Shop,"Gift Card. 50,00€ – 500,00€ Price range: 50,00€ through 500,00€. LET'S KEEP IN TOUCH. LET'S KEEP IN TOUCH. VISIT US. WEBSITE OPERATING DAYS / HOURS:.","""gift card"" Greece",5,data\discovery\mass-harvest-v5\clean-v5.2\global-review.csv | data\discovery\mass-harvest-v5\clean-v5.3\global-review.csv | data\discovery\mass-harvest-v5\clean-v5.4\review.csv | data\discovery\mass-harvest-v5\clean-v5.5\review.csv | data\discovery\mega-harvest-v6\clean-v6\review.csv,,REVIEW,non_greek_brand_coherence_unclear
80,green-organic.gr,αξίας 30 ευρώ,https://green-organic.gr/product/%CE%B4%CF%89%CF%81%CE%BF%CE%BA%CE%AC%CF%81%CF%84%CE%B1/,Δωροκάρτα αξίας 30 ευρώ,"δωροκάρτα. HomeΕίδη διακόσμησηςplant gifts- plant gift cardΔωροκάρτα αξίας 30 ευρώ. Δωροκάρτα αξίας 30 ευρώ. 30,00 €. +. Δωροκάρτα αξίας 30 ευρώ ποσότητα -.","site:.gr ""gifts"" ""δωροκάρτα""",7,data\discovery\focused-harvest-v7-run1-backup\clean-v7\review.csv | data\discovery\mass-harvest-v5\clean-v5.1\review.csv | data\discovery\mass-harvest-v5\clean-v5.2\manual-review.csv | data\discovery\mass-harvest-v5\clean-v5.3\global-review.csv | data\discovery\mass-harvest-v5\clean-v5.4\review.csv | data\discovery\mass-harvest-v5\clean-v5.5\review.csv | data\discovery\mega-harvest-v6\clean-v6\review.csv,,REVIEW,greek_domain_brand_coherence_unclear
85,greenartstore.gr,Δωροκάρτα GreenArt,https://greenartstore.gr/product/dorokarta-greenart/?srsltid=AfmBOor3IdVDFCbCJB0ChoUieVl7mY2CWuuyzwjg-FWtSrStgvine9ye,Δωροκάρτα GreenArt,"Δωροκάρτα GreenArt ; Κωδικός προϊόντος: greenart-73949 ; Price range · 30,00 € through 100,00 € ; Αξία δωροκάρτας, 100€, 30€, 50€, 80€ ; Original price was · 18,00 €.","site:.gr ""art"" ""δωροκάρτα""",1,data\discovery\mega-harvest-v6\clean-v6\review.csv,,REVIEW,greek_domain_brand_coherence_unclear
100,greenwing.lv,Virtual Gift Card – Natural Skincare Digital Voucher - GreenWing,https://greenwing.lv/en/products/virtual-gift-card?srsltid=AfmBOopW7NmJUpl8AS0HYV5-SMg42wwO8xo3nc-YAx6UEsolcoYcVsmj,Virtual Gift Card – Natural Skincare Digital Voucher - GreenWing,Denmark (DKK kr.) Estonia (EUR €); Finland (EUR €); France (EUR €); Germany (EUR €); Greece (EUR €) ... Gift voucher in the value of your choice. Redeemable with ...,"""Greece"" ""skincare"" ""gift voucher""",1,data\discovery\mega-harvest-v6\clean-v6\review.csv,,SECOND_PASS_SAFE,non_greek_brand_coherent_direct_gift_card
85,groombox.gr,Groombox,https://groombox.gr/product/%CE%B4%CF%89%CF%81%CE%BF%CE%BA%CE%AC%CF%81%CF%84%CE%B1/,Δωροκάρτα - Groombox,PET SHOP Αγία Βαρβάρα · PET SHOP Αγία Μαρίνα · PET SHOP Αγία Παρασκευή · PET ... Αρχική σελίδα / PET SHOP Πύργος / Δωροκάρτα.,"site:.gr ""pet shop"" ""δωροκάρτα""",8,data\discovery\focused-harvest-v7\clean-v7\review.csv | data\discovery\focused-harvest-v7-run1-backup\clean-v7\review.csv | data\discovery\mass-harvest-v5\clean-v5.1\review.csv | data\discovery\mass-harvest-v5\clean-v5.2\manual-review.csv | data\discovery\mass-harvest-v5\clean-v5.3\global-review.csv | data\discovery\mass-harvest-v5\clean-v5.4\review.csv | data\discovery\mass-harvest-v5\clean-v5.5\review.csv | data\discovery\mega-harvest-v6\clean-v6\review.csv,,SECOND_PASS_SAFE,greek_brand_coherent_direct_gift_card
100,grottagiustispa.com,Spa Gift Voucher,https://www.grottagiustispa.com/en/offers-packages/spa-gift-voucher/,Spa Gift Voucher,Equilibrium Medical Spa & Diet · Meditarium & Thermarium Thermal Circuits ... Spa Gift Voucher. A voucher to give the gift of a wonderful day at the new ...,"""medical spa"" ""gift voucher"" Greece",1,data\discovery\mega-harvest-v6\clean-v6\review.csv,,REVIEW,non_greek_brand_coherence_unclear
85,gruppodibambini.gr,Αγοράστε μία Δωροεπιταγή,https://gruppodibambini.gr/index.php?route,Αγοράστε μία Δωροεπιταγή,"GRUPPO DI BAMBINI-KIDS BOUTIQUE · 0 · 0 προϊόν(τα) - 0,00€ 0. Ψάχνω για ... Αυτή η δωροεπιταγή θα αποσταλεί μέ e-mail στον παραλήπτη αφού ολοκληρωθεί ή πληρωμή ...","site:.gr ""kids"" ""δωροεπιταγή""",2,data\discovery\focused-harvest-v7\clean-v7\review.csv | data\discovery\focused-harvest-v7-run1-backup\clean-v7\review.csv,,REVIEW,greek_domain_brand_coherence_unclear
100,gsasport.com,GSA eGift Card | GSA Sport GR,https://www.gsasport.com/gr/product/gsa-egift-card/,GSA eGift Card | GSA Sport GR,"Yoga · Performance · Οργανικές · ΠΑΠΟΥΤΣΙΑ · Slides · Sneakers · ΑΞΕΣΟΥΑΡ · Αξεσουάρ ... Enter gift card recipient emails, separated by comma (,). From * Enter ...","""Peristeri"" ""yoga"" ""gift card""",1,data\discovery\mega-harvest-v6\clean-v6\review.csv,,SECOND_PASS_SAFE,non_greek_brand_coherent_direct_gift_card
100,gucci.com,Designer Gift Cards,https://www.gucci.com/cz/en_gb/st/giftcard,Designer Gift Cards,"The Gift Card can be used only in the Czech Republic and in the Gucci boutiques of Prague (""Gucci Boutiques""). Only Gift Cards issued in the Gucci Boutiques are ...","""Czech Republic"" fashion ""gift card"" official",4,data\discovery\mass-harvest-v5\clean-v5.2\global-review.csv | data\discovery\mass-harvest-v5\clean-v5.3\global-review.csv | data\discovery\mass-harvest-v5\clean-v5.4\review.csv | data\discovery\mass-harvest-v5\clean-v5.5\review.csv,,REVIEW,non_greek_brand_coherence_unclear
100,gunnar.fr,Gunnar Gift Card – Premium Blue Light Eyewear,https://gunnar.fr/en/products/gunnar-gift-card,Gunnar Gift Card – Premium Blue Light Eyewear,"Give the gift of gaming glasses & computer eyewear. The Gunnar Gift Card is available from €15 to €200, redeemable sitewide.","""eyewear"" ""gift card"" Greece",5,data\discovery\mass-harvest-v5\clean-v5.2\global-review.csv | data\discovery\mass-harvest-v5\clean-v5.3\global-review.csv | data\discovery\mass-harvest-v5\clean-v5.4\review.csv | data\discovery\mass-harvest-v5\clean-v5.5\review.csv | data\discovery\mega-harvest-v6\clean-v6\review.csv,,SECOND_PASS_SAFE,non_greek_brand_coherent_direct_gift_card
80,guruelectrics.gr,Χρήση Κουπονιού,https://guruelectrics.gr/index.php?route=information/information&information_id=11&lng=en,Χρήση Κουπονιού – Δωροεπιταγής,"Gaming Telephony & GPS House ... In the electronic order form, when completing your order, fill in the code of the gift voucher ...","site:.gr ""gaming"" ""gift voucher""",1,data\discovery\mega-harvest-v6\clean-v6\review.csv,,REVIEW,greek_domain_brand_coherence_unclear
85,gvshoes.gr,Αγοράστε μία Δωροεπιταγή,https://gvshoes.gr/index.php?route,Αγοράστε μία Δωροεπιταγή,Αυτή η δωροεπιταγή θα αποσταλεί μέ e-mail στον παραλήπτη αφού ολοκληρωθεί ή πληρωμή σας. ... G.V. Group of Shoes © 2026.,"site:.gr ""shoes"" ""δωροεπιταγή""",2,data\discovery\focused-harvest-v7\clean-v7\review.csv | data\discovery\focused-harvest-v7-run1-backup\clean-v7\review.csv,,REVIEW,greek_domain_brand_coherence_unclear
100,gymbeam.com,Gift Voucher,https://gymbeam.com/electronic-gift-card.html,Gift Voucher,"An electronic gift voucher will delight your loved ones on their birthday, name day, Christmas or otherwise ... Fitness Food · Nuts · Seeds · Spreads and Pastes.","""fitness"" ""gift voucher"" Greece",5,data\discovery\mass-harvest-v5\clean-v5.2\global-review.csv | data\discovery\mass-harvest-v5\clean-v5.3\global-review.csv | data\discovery\mass-harvest-v5\clean-v5.4\review.csv | data\discovery\mass-harvest-v5\clean-v5.5\review.csv | data\discovery\mega-harvest-v6\clean-v6\review.csv,,REVIEW,non_greek_brand_coherence_unclear
100,hablax.com,Buy EA SPORTS FC25 Points Gift Cards in Greece,https://www.hablax.com/en/country/greece/giftcard-ea-sports-fc25-points,Buy EA SPORTS FC25 Points Gift Cards in Greece,Buy EA SPORTS FC25 Points Gift Cards in Greece and enhance your gaming experience ... Buy EA SPORTS FC25 Points Gift Cards in Greece ... Tango Live Gift Voucher ...,"""sports"" ""gift voucher"" Greece",4,data\discovery\mass-harvest-v5\clean-v5.3\greece-market-review.csv | data\discovery\mass-harvest-v5\clean-v5.4\review.csv | data\discovery\mass-harvest-v5\clean-v5.5\review.csv | data\discovery\mega-harvest-v6\clean-v6\review.csv,,REVIEW,non_greek_brand_coherence_unclear
100,haircarecyprus.com,HairCare Cyprus Digital Gift Voucher,https://www.haircarecyprus.com/products/haircarecyprus-digital-gift-voucher?srsltid=AfmBOor4m47x3YFfmP1ngX97nI6HEqqp_R7YUHq93maPzbY71Csm_4RV,HairCare Cyprus Digital Gift Voucher,Give the gift of great hair. The HairCare Cyprus Digital Gift Voucher is delivered instantly by email and can be spent on anything in store — from L'Oréal ...,"""haircare"" ""gift voucher"" Greece",1,data\discovery\mega-harvest-v6\clean-v6\review.csv,,SECOND_PASS_SAFE,non_greek_brand_coherent_direct_gift_card
85,hali.gr,Αγοράστε μία Δωροεπιταγή,https://hali.gr/index.php?route,Αγοράστε μία Δωροεπιταγή,Αγοράστε μία Δωροεπιταγή. Αυτή η δωροεπιταγή θα αποσταλεί μέ email στον ... Home Decor · Παιδικά · Μοκέτες · Lorena Canals · Προσφορές · Διακοσμηση Παιδικου ...,"site:.gr ""decor"" ""δωροεπιταγή""",2,data\discovery\focused-harvest-v7\clean-v7\review.csv | data\discovery\focused-harvest-v7-run1-backup\clean-v7\review.csv,,REVIEW,greek_domain_brand_coherence_unclear
100,handospa.gr,Hando Massage & Spa,https://handospa.gr/en/massage-gift-card/,Hando Massage & Spa - Gift Card,Treat your loved ones to an unforgettable wellness experience with our luxurious spa and massage services. Wellness Gift Card. Escape from the ordinary ...,"site:.gr ""wellness"" ""gift card""",5,data\discovery\focused-harvest-v7\clean-v7\review.csv | data\discovery\focused-harvest-v7-run1-backup\clean-v7\review.csv | data\discovery\mass-harvest-v5\clean-v5.4\review.csv | data\discovery\mass-harvest-v5\clean-v5.5\review.csv | data\discovery\mega-harvest-v6\clean-v6\review.csv,,REVIEW,greek_domain_brand_coherence_unclear
100,hangmeup.com.au,Gift Vouchers | Give the Gift of Handmade ...,https://hangmeup.com.au/collections/gift-vouchers?srsltid=AfmBOooBirtFtMiSnTPk49sff-zEzA_kvh1aM0FOA1EW9tvuefUFSsIw,Gift Vouchers | Give the Gift of Handmade ...,Wall Decor Wall Art Flower Art Driftwood Art Clearance. Storage Solutions ... Gift Voucher. From $25.00. Shop. Shop All · Bundle up & Save · Caravan & Travel ...,"""decor"" ""gift voucher"" Greece",5,data\discovery\mass-harvest-v5\clean-v5.2\global-review.csv | data\discovery\mass-harvest-v5\clean-v5.3\global-review.csv | data\discovery\mass-harvest-v5\clean-v5.4\review.csv | data\discovery\mass-harvest-v5\clean-v5.5\review.csv | data\discovery\mega-harvest-v6\clean-v6\review.csv,,REVIEW,non_greek_brand_coherence_unclear
80,happydonkey.gr,Happydonkey,https://happydonkey.gr/products/%CE%B4%CF%89%CF%81%CE%BF%CE%BA%CE%AC%CF%81%CF%84%CE%B1?srsltid,Δωροκάρτα,"Αρχική / Προιόντα / Δωροκάρτα. Δωροκάρτα · Happy Donkey Crafts and Gifts. Δωροκάρτα. €10,00 €10,00. Ποσό Δωροκάρτας: €10.00. €10.00, €15.00, €20.00, €25.00, € ...","site:.gr ""gifts"" ""δωροκάρτα""",8,data\discovery\focused-harvest-v7\clean-v7\review.csv | data\discovery\focused-harvest-v7-run1-backup\clean-v7\review.csv | data\discovery\mass-harvest-v5\clean-v5.1\review.csv | data\discovery\mass-harvest-v5\clean-v5.2\manual-review.csv | data\discovery\mass-harvest-v5\clean-v5.3\global-review.csv | data\discovery\mass-harvest-v5\clean-v5.4\review.csv | data\discovery\mass-harvest-v5\clean-v5.5\review.csv | data\discovery\mega-harvest-v6\clean-v6\review.csv,,SECOND_PASS_SAFE,greek_brand_coherent_direct_gift_card
85,happyorganic.gr,Αγοράστε μία Δωροεπιταγή,https://www.happyorganic.gr/index.php?route,Αγοράστε μία Δωροεπιταγή,Αγοράστε μία Δωροεπιταγή ... Αυτή η δωροεπιταγή θα αποσταλεί μέ e-mail στον παραλήπτη αφού ολοκληρωθεί ή πληρωμή σας. Όνομα παραλήπτη. E-mail παραλήπτη.,"site:.gr ""cosmetics"" ""δωροεπιταγή""",2,data\discovery\focused-harvest-v7\clean-v7\review.csv | data\discovery\focused-harvest-v7-run1-backup\clean-v7\review.csv,,REVIEW,greek_domain_brand_coherence_unclear
80,hariscotton.com,Com,https://hariscotton.com/linen-clothes-linen-dresses-10?srsltid=AfmBOoooG8wUxBcHMklcCIcWKx5VTVrvvpLI-nZd9bS74MioV2aHCCaU,Gift Cards,"Haris Cotton gift card, fashion gift card, digital gift card ... gift card, email gift card, stylish gift card. ... Athens, Greece. G.E.M.I. 87631702000. Tel: +30 ...","""Athens"" ""fashion"" ""gift card""",3,data\discovery\focused-harvest-v7\clean-v7\review.csv | data\discovery\focused-harvest-v7-run1-backup\clean-v7\review.csv | data\discovery\mega-harvest-v6\clean-v6\review.csv,,REVIEW,non_greek_brand_coherence_unclear
100,haruharubeauty.com,"Gift card - Korean skincare & cosmetics | Amsterdam, Rotterdam",https://www.haruharubeauty.com/us/lifestyle/gift-ideas/3-gift-card/,"Gift card - Korean skincare & cosmetics | Amsterdam, Rotterdam","Korean skincare & cosmetics | Amsterdam, Rotterdam | Netherlands | Europe ... Or purchase a physical gift card here. Conditions of Haru Haru Beauty gift card.","""Europe"" beauty ""gift card"" official",4,data\discovery\mass-harvest-v5\clean-v5.2\global-review.csv | data\discovery\mass-harvest-v5\clean-v5.3\global-review.csv | data\discovery\mass-harvest-v5\clean-v5.4\review.csv | data\discovery\mass-harvest-v5\clean-v5.5\review.csv,,REVIEW,non_greek_brand_coherence_unclear
100,hatstore.com,Hatstore Ψηφιακή δωροκάρτα,https://hatstore.com/gr/hatstore/gift-card?srsltid=AfmBOop_gWrdC3uLvFv6HTZcnu-Vz0nAAjrWgROk4M4spmpU9VW7DRjE,Hatstore Ψηφιακή δωροκάρτα,Αγοράστε Ψηφιακή δωροκάρτα Διαχείριση online ... NBA Cosmic Basketball 2025-26 Hobby Box - 20 Packs (80 Cards) ... Greece. Stay on hatstore.com/gr. Our local ...,"""hobby"" ""δωροκάρτα"" Greece",1,data\discovery\mega-harvest-v6\clean-v6\review.csv,,SECOND_PASS_SAFE,non_greek_brand_coherent_direct_gift_card
100,headlineaudio.store,Headline Audio Gift Card,https://headlineaudio.store/products/headline-audio-gift-card?srsltid=AfmBOooSORGNS-N4nOhCPsBxQlitBLmxK0wERHsPt3EgHTvVZWMTJZfH,Headline Audio Gift Card,"Give the gift of music with a Headline Audio Gift Card! Perfect for musicians and audio enthusiasts, our gift cards can be used on any product in our store.","""audio"" ""gift card"" Greece",1,data\discovery\mega-harvest-v6\clean-v6\review.csv,,SECOND_PASS_SAFE,non_greek_brand_coherent_direct_gift_card
100,headplus.gr,Δωροκάρτα,https://headplus.gr/product/dorokarta-gift-card/,Δωροκάρτα,"Δωροκάρτα - Image 1. Κάντε κλικ για μεγέθυνση. HeadPlus. Δωροκάρτα. 20,00 ... Hair Salon · Personal Training Κομμωτών · Blog. Όροι & Πολιτικές. Σχετικά με εμάς ...","site:.gr ""hair salon"" ""δωροκάρτα""",3,data\discovery\mass-harvest-v5\clean-v5.4\review.csv | data\discovery\mass-harvest-v5\clean-v5.5\review.csv | data\discovery\mega-harvest-v6\clean-v6\review.csv,,REVIEW,greek_domain_brand_coherence_unclear
100,healthandfitnesstravel.com,Gift Card,https://www.healthandfitnesstravel.com/gift-card/,Gift Card,Health and Fitness Travel Gift Voucher · Give the Gift of Wellness with a Luxury Travel Voucher · How to redeem your Health and Fitness Travel Gift Card.,"""fitness"" ""gift voucher"" Greece",5,data\discovery\mass-harvest-v5\clean-v5.2\global-review.csv | data\discovery\mass-harvest-v5\clean-v5.3\global-review.csv | data\discovery\mass-harvest-v5\clean-v5.4\review.csv | data\discovery\mass-harvest-v5\clean-v5.5\review.csv | data\discovery\mega-harvest-v6\clean-v6\review.csv,,REVIEW,non_greek_brand_coherence_unclear
85,heavenoftoys.gr,Αγοράστε μία Δωροεπιταγή,https://www.heavenoftoys.gr/index.php?route,Αγοράστε μία Δωροεπιταγή,Heaven of Toys. 0. Όλες οι κατηγορίες. Όλες οι κατηγορίες; Funko ... Αυτή η δωροεπιταγή θα αποσταλεί μέ e-mail στον παραλήπτη αφού ολοκληρωθεί ή πληρωμή σας.,"site:.gr ""toys"" ""δωροεπιταγή""",2,data\discovery\focused-harvest-v7\clean-v7\review.csv | data\discovery\focused-harvest-v7-run1-backup\clean-v7\review.csv,,REVIEW,greek_domain_brand_coherence_unclear
100,hehe-messyplay.gr,Messy Play Gift Card,https://hehe-messyplay.gr/messy-play-gift-card-mobile/,Messy Play Gift Card,"Χαρίστε ένα δώρο πολύ πρωτότυπο, την Messy Play Gift Card, μια συνδρομή για ... hehe.art; messyplayhehe. QUICK CONTACT. Αποδέχομαι τους όρους χρήσης.","site:.gr ""art"" ""gift card""",1,data\discovery\mega-harvest-v6\clean-v6\review.csv,,REVIEW,greek_domain_brand_coherence_unclear
100,heliconwatches.com,Helicon E-Gift Voucher,https://heliconwatches.com/products/helicon-e-gift-voucher?srsltid=AfmBOooRYclTkOIZyZ82AmZBD4hVTYaG7C_lz9aohce246rKfdtwjes1,Helicon E-Gift Voucher,"Surprise someone special with a Helicon E-Gift Voucher, an instant gift that will arrive in your inbox (or theirs) within moments ... Helicon Watches. Main menu.","""watches"" ""gift voucher"" Greece",5,data\discovery\mass-harvest-v5\clean-v5.2\global-review.csv | data\discovery\mass-harvest-v5\clean-v5.3\global-review.csv | data\discovery\mass-harvest-v5\clean-v5.4\review.csv | data\discovery\mass-harvest-v5\clean-v5.5\review.csv | data\discovery\mega-harvest-v6\clean-v6\review.csv,,REVIEW,non_greek_brand_coherence_unclear
100,hellascanyon.com,Gift Card,https://hellascanyon.com/en/product/gift-card/,Gift Card,"Gift Card. 50,00€ – 200,00€ Price range: 50,00€ through 200,00€. Gift Card ... Gallias 53, Volos, Greece · +30 694 524 2331 · info@hellascanyon.com · Hellas ...","""Volos"" ""gift card""",3,data\discovery\mass-harvest-v5\clean-v5.3\greece-market-review.csv | data\discovery\mass-harvest-v5\clean-v5.4\review.csv | data\discovery\mass-harvest-v5\clean-v5.5\review.csv,,REVIEW,non_greek_brand_coherence_unclear
100,hellenic-art.com,Gifts Inspired by Mythology & History,https://www.hellenic-art.com/product/gift-card/,Gift Card | Gifts Inspired by Mythology & History,Gift Card ... Minoan wall frescoes from the island of Crete · Olympic Games wall frescoes · Wall frescoes of Gods; Ancient Greek Bas Reliefs. Greek Jewelry.,"""Crete"" ""jewelry"" ""gift card""",2,data\discovery\focused-harvest-v7\clean-v7\review.csv | data\discovery\focused-harvest-v7-run1-backup\clean-v7\review.csv,,REVIEW,non_greek_brand_coherence_unclear
80,hellokids.gr,Ηλεκτρονική Δωροκάρτα – HelloKids.gr,https://www.hellokids.gr/products/%CE%B7%CE%BB%CE%B5%CE%BA%CF%84%CF%81%CE%BF%CE%BD%CE%B9%CE%BA%CE%AE-%CE%B4%CF%89%CF%81%CE%BF%CE%BA%CE%AC%CF%81%CF%84%CE%B1?srsltid,Ηλεκτρονική Δωροκάρτα – HelloKids.gr,"Με τη δωροκάρτα hello kids, ο κάτοχος μπορεί να κάνει αγορές και να επιλέξει ανάμεσα σε 3.000 παιχνίδια, κατασκευές, παζλ, stencil, μωσαϊκά, επιτραπέζια, είδη ...","site:.gr ""kids"" ""δωροκάρτα""",8,data\discovery\focused-harvest-v7\clean-v7\review.csv | data\discovery\focused-harvest-v7-run1-backup\clean-v7\review.csv | data\discovery\mass-harvest-v5\clean-v5.1\review.csv | data\discovery\mass-harvest-v5\clean-v5.2\manual-review.csv | data\discovery\mass-harvest-v5\clean-v5.3\global-review.csv | data\discovery\mass-harvest-v5\clean-v5.4\review.csv | data\discovery\mass-harvest-v5\clean-v5.5\review.csv | data\discovery\mega-harvest-v6\clean-v6\review.csv,,SECOND_PASS_SAFE,greek_brand_coherent_direct_gift_card
100,help.flightcentre.co.uk,How to Use a Gift Voucher with Flight Centre,https://help.flightcentre.co.uk/s/article/how-to-use-a-gift-voucher-uk,How to Use a Gift Voucher with Flight Centre,how-to-use-a-gift-voucher-uk. Article Details. Leisure Content. A Gift Voucher is commonly issued for a Flight Centre promotion or marketing activity. These ...,"""UK"" travel ""gift voucher"" official",4,data\discovery\mass-harvest-v5\clean-v5.2\global-review.csv | data\discovery\mass-harvest-v5\clean-v5.3\global-review.csv | data\discovery\mass-harvest-v5\clean-v5.4\review.csv | data\discovery\mass-harvest-v5\clean-v5.5\review.csv,,REVIEW,non_greek_brand_coherence_unclear
100,help.kmmaltairlines.com,How can I redeem my Gift Voucher?,https://help.kmmaltairlines.com/s/article/How-can-I-redeem-my-gift-voucher,How can I redeem my Gift Voucher?,How can I redeem my Gift Voucher? Gift vouchers can be redeemed as payment for KM Malta Airlines flights (in both Economy and Business Class) as well as for ...,"""Malta"" travel ""gift voucher"" official",4,data\discovery\mass-harvest-v5\clean-v5.2\global-review.csv | data\discovery\mass-harvest-v5\clean-v5.3\global-review.csv | data\discovery\mass-harvest-v5\clean-v5.4\review.csv | data\discovery\mass-harvest-v5\clean-v5.5\review.csv,,REVIEW,non_greek_brand_coherence_unclear
100,help.myswitzerland.com,Where can I find gift vouchers for travelling in Switzerland?,https://help.myswitzerland.com/hc/en-us/articles/360001142669-Where-can-I-find-gift-vouchers-for-travelling-in-Switzerland,Where can I find gift vouchers for travelling in Switzerland?,Seize the chance and create a voucher that is as unique as the recipient. Link. Find the right gift voucher now ... What can I do in Switzerland in summer?,"""Switzerland"" travel ""gift voucher"" official",4,data\discovery\mass-harvest-v5\clean-v5.2\global-review.csv | data\discovery\mass-harvest-v5\clean-v5.3\global-review.csv | data\discovery\mass-harvest-v5\clean-v5.4\review.csv | data\discovery\mass-harvest-v5\clean-v5.5\review.csv,,REVIEW,non_greek_brand_coherence_unclear
100,help.revolut.com,How to redeem RevPoints for gift cards,https://help.revolut.com/en-GR/help/revpoints/gift-cards/how-to-redeem-gift-cards/,How to redeem RevPoints for gift cards,Airline Miles · eSIM · Shops · Gift Cards · Stays ... You can use your RevPoints to redeem 2 types of gift cards — a code-redeemable gift card or an auto-applied ...,"""airline"" ""gift card"" Greece",3,data\discovery\mass-harvest-v5\clean-v5.4\review.csv | data\discovery\mass-harvest-v5\clean-v5.5\review.csv | data\discovery\mega-harvest-v6\clean-v6\review.csv,,REVIEW,non_greek_brand_coherence_unclear
100,help.ryanair.com,Gift Cards,https://help.ryanair.com/hc/en-gb/categories/12503071460881-Gift-Cards,Gift Cards,"Austria (German). Belgium (Dutch). Belgium (French). Bosnia (English) ... You won't be able to use a Gift Card for car hire, transfers, or hotel bookings.","""Austria"" hotel ""gift card"" official",4,data\discovery\mass-harvest-v5\clean-v5.2\global-review.csv | data\discovery\mass-harvest-v5\clean-v5.3\global-review.csv | data\discovery\mass-harvest-v5\clean-v5.4\review.csv | data\discovery\mass-harvest-v5\clean-v5.5\review.csv,,REVIEW,non_greek_brand_coherence_unclear
100,help.spacenk.com,Gift Cards FAQs,https://help.spacenk.com/hc/en-us/articles/360007266053-Gift-Cards-FAQs,Gift Cards FAQs,... Ireland. We reserve the right to refuse the redemption of any gift card and e-gift card purchased via third party websites. Please note only one e-gift card ...,"""Ireland"" beauty ""gift card"" official",4,data\discovery\mass-harvest-v5\clean-v5.2\global-review.csv | data\discovery\mass-harvest-v5\clean-v5.3\global-review.csv | data\discovery\mass-harvest-v5\clean-v5.4\review.csv | data\discovery\mass-harvest-v5\clean-v5.5\review.csv,,REVIEW,non_greek_brand_coherence_unclear
85,help.sportsdirect.gr,Αντιμετωπίζω προβλήματα με τη δωροκάρτα ή τη δωροεπιταγή μου,https://help.sportsdirect.gr/hc/el/articles/6018338408863-%CE%91%CE%BD%CF%84%CE%B9%CE%BC%CE%B5%CF%84%CF%89%CF%80%CE%AF%CE%B6%CF%89-%CF%80%CF%81%CE%BF%CE%B2%CE%BB%CE%AE%CE%BC%CE%B1%CF%84%CE%B1-%CE%BC%CE%B5-%CF%84%CE%B7-%CE%B4%CF%89%CF%81%CE%BF%CE%BA%CE%AC%CF%81%CF%84%CE%B1-%CE%AE-%CF%84%CE%B7-%CE%B4%CF%89%CF%81%CE%BF%CE%B5%CF%80%CE%B9%CF%84%CE%B1%CE%B3%CE%AE-%CE%BC%CE%BF%CF%85,Αντιμετωπίζω προβλήματα με τη δωροκάρτα ή τη δωροεπιταγή μου,Αντιμετωπίζω προβλήματα με τη δωροκάρτα ή τη δωροεπιταγή μου · Οι δωροκάρτες και τα ηλεκτρονικά κουπόνια ισχύουν για δύο χρόνια μετά την αγορά τους. · Οι ...,"""experience"" ""δωροκάρτα"" Greece",6,data\discovery\mass-harvest-v5\clean-v5.1\review.csv | data\discovery\mass-harvest-v5\clean-v5.2\manual-review.csv | data\discovery\mass-harvest-v5\clean-v5.3\global-review.csv | data\discovery\mass-harvest-v5\clean-v5.4\review.csv | data\discovery\mass-harvest-v5\clean-v5.5\review.csv | data\discovery\mega-harvest-v6\clean-v6\review.csv,,REVIEW,greek_domain_brand_coherence_unclear
100,help.tigerofsweden.com,Can I Pay with a Voucher or a Gift Card?,https://help.tigerofsweden.com/hc/en-us/articles/360011215079-Can-I-Pay-with-a-Voucher-or-a-Gift-Card,Can I Pay with a Voucher or a Gift Card?,Can I Pay with a Voucher or a Gift Card? ... Please note that gift cards purchased in-store can only be redeemed in physical Tiger of Sweden retail stores and ...,"""Sweden"" retail ""gift card"" official",4,data\discovery\mass-harvest-v5\clean-v5.2\global-review.csv | data\discovery\mass-harvest-v5\clean-v5.3\global-review.csv | data\discovery\mass-harvest-v5\clean-v5.4\review.csv | data\discovery\mass-harvest-v5\clean-v5.5\review.csv,,REVIEW,non_greek_brand_coherence_unclear
85,help.uber.com,Πώς να αγοράσετε και να χρησιμοποιήσετε δωροκάρτες Uber,https://help.uber.com/el-GR/ubereats/restaurants/article/uber-cadeaubonnen-kopen-en-gebruiken-?nodeId=6a654583-8df1-4e6c-a697-8ad81181e8a5,Πώς να αγοράσετε και να χρησιμοποιήσετε δωροκάρτες Uber,Physical gift cards will be sold at pharmacy or convenience stores ... Uber Gift Card has a PIN/ Serial number. If you add a PIN code to your ...,"""pharmacy"" ""gift card"" Greece",6,data\discovery\mass-harvest-v5\clean-v5.1\review.csv | data\discovery\mass-harvest-v5\clean-v5.2\manual-review.csv | data\discovery\mass-harvest-v5\clean-v5.3\global-review.csv | data\discovery\mass-harvest-v5\clean-v5.4\review.csv | data\discovery\mass-harvest-v5\clean-v5.5\review.csv | data\discovery\mega-harvest-v6\clean-v6\review.csv,,SECOND_PASS_SAFE,non_greek_brand_coherent_direct_gift_card
100,her2ndchance.org,What Gift Card to Give for a Wedding?,https://her2ndchance.org/blogs/recent-blogs/what-gift-card-to-give-for-a-wedding?srsltid=AfmBOoroKiHXWCAczCm8kz3Ta8RkxKcHJEAIwNxFIZEjhGwucEgG45bH,What Gift Card to Give for a Wedding?,"By personalizing the gift card, you can create a truly unique and thoughtful wedding gift. The couple will appreciate and cherish it long after the big day.","""wedding"" ""gift card"" Greece",1,data\discovery\mega-harvest-v6\clean-v6\review.csv,,REVIEW,non_greek_brand_coherence_unclear
85,heraklionimprov.gr,Δωροκάρτα Heraklion Improv Theater,https://www.heraklionimprov.gr/shop/dorokarta-heraklion-improv-theater/,Δωροκάρτα Heraklion Improv Theater,"Δώρισε Improv! ... Επίλεξε το ποσό που θέλεις, και δώσε την Δωροκάρτα της Heraklion Improv Theater στα αγαπημένα σου πρόσωπα! Κάνε τους να πετάνε απ' την χαρά!","""Heraklion"" ""δωροκάρτα""",5,data\discovery\mass-harvest-v5\clean-v5.1\review.csv | data\discovery\mass-harvest-v5\clean-v5.2\manual-review.csv | data\discovery\mass-harvest-v5\clean-v5.3\global-review.csv | data\discovery\mass-harvest-v5\clean-v5.4\review.csv | data\discovery\mass-harvest-v5\clean-v5.5\review.csv,,SECOND_PASS_SAFE,greek_brand_coherent_direct_gift_card
85,herbsnbeauty.gr,Αγοράστε μία Δωροεπιταγή,https://www.herbsnbeauty.gr/index.php?route,Αγοράστε μία Δωροεπιταγή,"2310744968. Menu. Herbs and Beauty · 0 · 0 προϊόν(τα) - 0,00€ 0 · O ... Αυτή η δωροεπιταγή θα αποσταλεί μέ e-mail στον παραλήπτη αφού ολοκληρωθεί ή πληρωμή σας.","site:.gr ""beauty"" ""δωροεπιταγή""",1,data\discovery\focused-harvest-v7-run1-backup\clean-v7\review.csv,,REVIEW,greek_domain_brand_coherence_unclear
100,herminaathens.com,Com,https://herminaathens.com/product/gift-card/,Gift Card,The Hermina Athens Gift Card is a flexible digital or in-store gift option that allows the recipient to choose freely from the brand's jewelry collections.,"""Athens"" ""jewelry"" ""gift card""",3,data\discovery\focused-harvest-v7\clean-v7\review.csv | data\discovery\focused-harvest-v7-run1-backup\clean-v7\review.csv | data\discovery\mega-harvest-v6\clean-v6\review.csv,,REVIEW,non_greek_brand_coherence_unclear
100,herringshoes.co.uk,Herring Shoes Gift Card,https://herringshoes.co.uk/products/herring-shoes-gift-card,Herring Shoes Gift Card,"... Greece, Greenland, Grenada, Guadeloupe, Guatemala, Guernsey, Guinea, Guinea-Bissau ... Gift Voucher. Herring Shoes Gift Card. 01. Herring Vouchers. Herring Gift ...","""Greece"" ""shoes"" ""gift voucher""",1,data\discovery\mega-harvest-v6\clean-v6\review.csv,,REVIEW,non_greek_brand_coherence_unclear
100,hiltongiftcards.co.uk,Hilton Hotel Gift Cards | The Perfect Stay Gift,https://www.hiltongiftcards.co.uk/,Hilton Hotel Gift Cards | The Perfect Stay Gift,"Give the gift of comfort and adventure. Hilton Hotel Gift Cards are valid for 5 years and can be used at select hotels across the UK, Ireland & Europe.","""UK"" hotel ""gift card"" official",4,data\discovery\mass-harvest-v5\clean-v5.2\global-review.csv | data\discovery\mass-harvest-v5\clean-v5.3\global-review.csv | data\discovery\mass-harvest-v5\clean-v5.4\review.csv | data\discovery\mass-harvest-v5\clean-v5.5\review.csv,,REVIEW,non_greek_brand_coherence_unclear
100,historichotelsofeurope.com,Hotel Gift Vouchers | Give the Perfect Hotel Experience,https://historichotelsofeurope.com/gift-voucher/?utm_campaign=landingpage&utm_content=carousel&utm_medium=cpc,Hotel Gift Vouchers | Give the Perfect Hotel Experience,Gift Vouchers for Historic Hotels. The Perfect Gift – Redeemable Across 24+ European Countries. Buy Gift Voucher ... Kyrimai romantic hotel mani greece ...,"""hotel"" ""gift voucher"" Greece",4,data\discovery\mass-harvest-v5\clean-v5.3\greece-market-review.csv | data\discovery\mass-harvest-v5\clean-v5.4\review.csv | data\discovery\mass-harvest-v5\clean-v5.5\review.csv | data\discovery\mega-harvest-v6\clean-v6\review.csv,,REVIEW,non_greek_brand_coherence_unclear
100,hobby-jungle.com,Gift Card,https://www.hobby-jungle.com/el/collections/gift-card?srsltid=AfmBOorp0T-8XXMtjTXOPzNPd2siW29BpBoDd5qqIsSzFYwW8QcN_XiK,Gift Card,Hobby Jungle Gift Card · Hobby Jungle Gift Card. Κανονική τιμή Από €10.00 EUR. Κανονική τιμή Τιμή έκπτωσης Από €10.00 EUR. Τιμή μονάδας / ανά ...,"""hobby"" ""gift card"" Greece",3,data\discovery\mass-harvest-v5\clean-v5.3\greece-market-review.csv | data\discovery\mass-harvest-v5\clean-v5.4\review.csv | data\discovery\mass-harvest-v5\clean-v5.5\review.csv,,REVIEW,non_greek_brand_coherence_unclear
100,hobbycolours.com,Δωροκάρτα HOBBY Colors (10 / 25 / 50 / 100 ευρώ),https://hobbycolours.com/el/collections/electronics/products/hobby-colours-gift-card-10-25-50-100-euros?_pos=11&_fid=195da9ea8&_ss=c,Δωροκάρτα HOBBY Colors (10 / 25 / 50 / 100 ευρώ),"Δωροκάρτα HOBBY Colors (10 / 25 / 50 / 100 ευρώ)( 10,00 € ) - https://hobbycolours.com/el/products/hobby-colours-gift-card-10-25-50-100-euros?variant ...","""hobby"" ""gift card"" Greece",4,data\discovery\mass-harvest-v5\clean-v5.3\greece-market-review.csv | data\discovery\mass-harvest-v5\clean-v5.4\review.csv | data\discovery\mass-harvest-v5\clean-v5.5\review.csv | data\discovery\mega-harvest-v6\clean-v6\review.csv,,REVIEW,non_greek_brand_coherence_unclear
60,hobbywood.gr,ΔΩΡΟΚΑΡΤΑ 100€,https://www.hobbywood.gr/GIFTCARD100,ΔΩΡΟΚΑΡΤΑ 100€,Χρώματα Hobby ... Για την αγορά δωροκάρτας στο πεδίο παρατηρήσεις βάλτε μας το e-mail και ονοματεπώνυμο του παραλήπτη για να του στείλουμε τη δωροκάρτα ...,"""hobby"" ""δωροκάρτα"" Greece",1,data\discovery\mega-harvest-v6\clean-v6\review.csv,,REVIEW,greek_domain_brand_coherence_unclear
100,hogan.com,Gift Card Boutique,https://www.hogan.com/gr-en/customer-service/gift-card-boutique/,Gift Card Boutique,"Greece (€). EN. Holland (€). NL · EN. Hungary (€). EN ... Gift Card. Gift Card. Shipment and Delivery ... Boutique or, if purchased on the Website, from ...","""boutique"" ""gift card"" Greece",1,data\discovery\mega-harvest-v6\clean-v6\review.csv,,REVIEW,non_greek_brand_coherence_unclear
100,holidayclubresorts.com,Holiday gift cards | Gift a vacation in Finland,https://www.holidayclubresorts.com/en/store/buy-gift-cards/?srsltid=AfmBOoq4UCcCCkwWScNg7BNWXr49w8an9sSVR6TkHqfJrK_Avjm4u_gN,Holiday gift cards | Gift a vacation in Finland,"The gift card is valid at all Holiday Club locations in Finland. · The gift card must be valid at the start of your stay, and it will be charged upon arrival at ...","""Finland"" hotel ""gift card"" official",4,data\discovery\mass-harvest-v5\clean-v5.2\global-review.csv | data\discovery\mass-harvest-v5\clean-v5.3\global-review.csv | data\discovery\mass-harvest-v5\clean-v5.4\review.csv | data\discovery\mass-harvest-v5\clean-v5.5\review.csv,,REVIEW,non_greek_brand_coherence_unclear
85,hollandandbarrett.gr,Κέρδισε δωροεπιταγή αξίας €3 με τις online αγορές σου από €45 και ...,https://www.hollandandbarrett.gr/oroi-energeion-proothisis/kerdise-doroepitagi-axias-3-me-tis-online-agores-sou-apo-45-kai-ano/,Κέρδισε δωροεπιταγή αξίας €3 με τις online αγορές σου από €45 και ...,H αναφερόμενη δωροεπιταγή δεν είναι ονομαστική και ενσωματώνει υπόσχεση προς παροχή στον κομιστή. Η εταιρία «Wellness Market MAE» όσον αφορά τις ...,"site:.gr ""wellness"" ""δωροεπιταγή""",3,data\discovery\focused-harvest-v7\clean-v7\review.csv | data\discovery\focused-harvest-v7-run1-backup\clean-v7\review.csv | data\discovery\mega-harvest-v6\clean-v6\review.csv,,REVIEW,greek_domain_brand_coherence_unclear
85,homeandyou.gr,Αγοράστε μία Δωροεπιταγή,https://homeandyou.gr/index.php?route,Αγοράστε μία Δωροεπιταγή,Home and you. Search. Checkout 0. Το καλάθι αγορών είναι άδειο! Home and you ... Αυτή η δωροεπιταγή θα αποσταλεί μέ e-mail στον παραλήπτη αφού ολοκληρωθεί ή ...,"site:.gr ""home"" ""δωροεπιταγή""",1,data\discovery\focused-harvest-v7-run1-backup\clean-v7\review.csv,,REVIEW,greek_domain_brand_coherence_unclear
80,homebynature.gr,HOME MADE,https://homebynature.gr/katastima/dorokarta-home-made/,Δωροκάρτα HOME MADE,Δωροκάρτα HOME MADE ... Χαρίστε στους αγαπημένους σας την δυνατότητα να γευτούν αλμυρές αλλά και γλυκές εμπειρίες προϊόντων φτιαγμένων με μεράκι από 100% ...,"site:.gr ""home"" ""δωροκάρτα""",8,data\discovery\focused-harvest-v7\clean-v7\review.csv | data\discovery\focused-harvest-v7-run1-backup\clean-v7\review.csv | data\discovery\mass-harvest-v5\clean-v5.1\review.csv | data\discovery\mass-harvest-v5\clean-v5.2\manual-review.csv | data\discovery\mass-harvest-v5\clean-v5.3\global-review.csv | data\discovery\mass-harvest-v5\clean-v5.4\review.csv | data\discovery\mass-harvest-v5\clean-v5.5\review.csv | data\discovery\mega-harvest-v6\clean-v6\review.csv,,REVIEW,greek_domain_brand_coherence_unclear
85,homeunique.gr,Αγοράστε μία Δωροεπιταγή,https://www.homeunique.gr/index.php?route,Αγοράστε μία Δωροεπιταγή,"Αυτή η δωροεπιταγή θα αποσταλεί μέ e-mail στον παραλήπτη αφού ολοκληρωθεί ή πληρωμή σας. ... Copyright © 2024, Home Unique, All Rights Reserved.","site:.gr ""home"" ""δωροεπιταγή""",2,data\discovery\focused-harvest-v7\clean-v7\review.csv | data\discovery\focused-harvest-v7-run1-backup\clean-v7\review.csv,,REVIEW,greek_domain_brand_coherence_unclear
85,hotel-marina.dk,Buy a gift card for Danske Hotels A / S,https://www.hotel-marina.dk/en/gavekort/,Buy a gift card for Danske Hotels A / S,"... hotel, or an employee gift card – all can be used at our 27 unique hotels and inns throughout Denmark. Bemærk: The gift cards are print yourself and will be ...","""Denmark"" hotel ""gift card"" official",5,data\discovery\mass-harvest-v5\clean-v5.1\review.csv | data\discovery\mass-harvest-v5\clean-v5.2\manual-review.csv | data\discovery\mass-harvest-v5\clean-v5.3\global-review.csv | data\discovery\mass-harvest-v5\clean-v5.4\review.csv | data\discovery\mass-harvest-v5\clean-v5.5\review.csv,,REVIEW,non_greek_brand_coherence_unclear
100,hotelandcateringreview.ie,The Europe Hotel & Resort Gift Card,https://hotelandcateringreview.ie/2020/give-the-gift-of-luxury-this-christmas-with-the-europe-hotel-resort/the-europe-hotel-resort-gift-card/,The Europe Hotel & Resort Gift Card,The Europe Hotel & Resort Gift Card. By Hotel and Catering News|2020 ... Europe Hotel & Resort Gift Card. Get Social. #GMA22IRL. Find It.,"""Europe"" hotel ""gift card"" official",4,data\discovery\mass-harvest-v5\clean-v5.2\global-review.csv | data\discovery\mass-harvest-v5\clean-v5.3\global-review.csv | data\discovery\mass-harvest-v5\clean-v5.4\review.csv | data\discovery\mass-harvest-v5\clean-v5.5\review.csv,,REVIEW,non_greek_brand_coherence_unclear
80,hotelandsparesorts.com,Ireland's Most Flexible Hotel & Spa Gift Vouchers,https://www.hotelandsparesorts.com/,Ireland's Most Flexible Hotel & Spa Gift Vouchers,Ireland's Most Flexible Hotel & Spa Gift Voucher ... Proud winner of the Best Luxury Hotel Gift Card 2026 at The Perfect Gift Awards 2026 hosted by LUXlife.,"""Ireland"" hotel ""gift card"" official",5,data\discovery\mass-harvest-v5\clean-v5.1\review.csv | data\discovery\mass-harvest-v5\clean-v5.2\manual-review.csv | data\discovery\mass-harvest-v5\clean-v5.3\global-review.csv | data\discovery\mass-harvest-v5\clean-v5.4\review.csv | data\discovery\mass-harvest-v5\clean-v5.5\review.csv,,REVIEW,non_greek_brand_coherence_unclear
100,hotelcstockholm.com,Gift Card - Presentkort,https://hotelcstockholm.com/gift-cards/,Gift Card - Presentkort,Give the gift of a Stockholm experience with a Hotel C Stockholm or ICEBAR gift card ... Sweden. +46 (0)8 50 56 31 00 reservations@hotelcstockholm.se. Subscribe ...,"""Sweden"" hotel ""gift card"" official",4,data\discovery\mass-harvest-v5\clean-v5.2\global-review.csv | data\discovery\mass-harvest-v5\clean-v5.3\global-review.csv | data\discovery\mass-harvest-v5\clean-v5.4\review.csv | data\discovery\mass-harvest-v5\clean-v5.5\review.csv,,REVIEW,non_greek_brand_coherence_unclear
85,hotelequipment.gr,Αγοράστε μία Δωροεπιταγή - Hotel Equipment,https://www.hotelequipment.gr/index.php?route,Αγοράστε μία Δωροεπιταγή - Hotel Equipment,"Hotel Equipment. 0 · 0 προϊόν(τα) - 0,00€ 0 · O Λογαριασμός μου · Αγορά Δωροεπιταγής. Αγοράστε μία Δωροεπιταγή ... Copyright © 2023, Hotel Equipment, All Rights ...","site:.gr ""hotel"" ""δωροεπιταγή""",2,data\discovery\focused-harvest-v7\clean-v7\review.csv | data\discovery\focused-harvest-v7-run1-backup\clean-v7\review.csv,,SECOND_PASS_SAFE,greek_brand_coherent_direct_gift_card
80,hotelgift.com,"#1 Hotel Gift Card for +750,000 Global Hotels | Hotelgift",https://www.hotelgift.com/,"#1 Hotel Gift Card for +750,000 Global Hotels | Hotelgift",The #1 best-selling hotel gift card redeemable on 750000+ hotels and 1200+ hotel chains in more than 170 countries worldwide.,"""hotel"" ""gift card"" Greece",6,data\discovery\mass-harvest-v5\clean-v5.1\review.csv | data\discovery\mass-harvest-v5\clean-v5.2\manual-review.csv | data\discovery\mass-harvest-v5\clean-v5.3\global-review.csv | data\discovery\mass-harvest-v5\clean-v5.4\review.csv | data\discovery\mass-harvest-v5\clean-v5.5\review.csv | data\discovery\mega-harvest-v6\clean-v6\review.csv,,SECOND_PASS_SAFE,non_greek_brand_coherent_direct_gift_card
100,hotelgiftcard.com,The #1 Hotel Gift Card in Italy!,https://www.hotelgiftcard.com/en-it/,The #1 Hotel Gift Card in Italy!,The #1 Hotel Gift Card in Italy! Order Now. /sites/default/files/2025-01 ... The hotel gift card with which you are guaranteed to give an unforgettable experience ...,"""Italy"" hotel ""gift card"" official",6,data\discovery\mass-harvest-v5\clean-v5.1\review.csv | data\discovery\mass-harvest-v5\clean-v5.2\global-review.csv | data\discovery\mass-harvest-v5\clean-v5.3\global-review.csv | data\discovery\mass-harvest-v5\clean-v5.4\review.csv | data\discovery\mass-harvest-v5\clean-v5.5\review.csv | data\discovery\mega-harvest-v6\clean-v6\review.csv,,SECOND_PASS_SAFE,non_greek_brand_coherent_direct_gift_card
100,hotelhavanabulgaria.com,Travel gift voucher for 8 march - Hotel Havana Golden Sands Bulgaria,https://hotelhavanabulgaria.com/travel-gift-voucher-for-8-march/,Travel gift voucher for 8 march - Hotel Havana Golden Sands Bulgaria,Surprise your beloved woman with a non-standard gift for March 8 - a holiday gift voucher for an unforgettable vacation at sea. 40% discount.,"""Bulgaria"" travel ""gift voucher"" official",4,data\discovery\mass-harvest-v5\clean-v5.2\global-review.csv | data\discovery\mass-harvest-v5\clean-v5.3\global-review.csv | data\discovery\mass-harvest-v5\clean-v5.4\review.csv | data\discovery\mass-harvest-v5\clean-v5.5\review.csv,,REVIEW,non_greek_brand_coherence_unclear
100,hotelpuntagrande.com,"Gift cards and vouchers - Hotel Puntagrande - Canary islands, Spain",https://hotelpuntagrande.com/gift-cards-vouchers/,"Gift cards and vouchers - Hotel Puntagrande - Canary islands, Spain",It will automatically be transformed into a gift card as soon as your chosen date is reached. ... Spain. Contact us. Chat on WhatsApp. CERTIFICATIONS. Awards ...,"""Spain"" hotel ""gift card"" official",4,data\discovery\mass-harvest-v5\clean-v5.2\global-review.csv | data\discovery\mass-harvest-v5\clean-v5.3\global-review.csv | data\discovery\mass-harvest-v5\clean-v5.4\review.csv | data\discovery\mass-harvest-v5\clean-v5.5\review.csv,,SECOND_PASS_SAFE,non_greek_brand_coherent_direct_gift_card
100,hotels.com,Buy Travel Gift Cards Online,https://www.hotels.com/lp/b/giftcards,Buy Travel Gift Cards Online,Will I earn OneKeyCash™ on hotel bookings made with a Hotels.com gift card? ... Hotels in Italy · Hotels in United Kingdom · Hotels in France · Hotels in Spain.,"""Italy"" hotel ""gift card"" official",4,data\discovery\mass-harvest-v5\clean-v5.2\global-review.csv | data\discovery\mass-harvest-v5\clean-v5.3\global-review.csv | data\discovery\mass-harvest-v5\clean-v5.4\review.csv | data\discovery\mass-harvest-v5\clean-v5.5\review.csv,,REVIEW,non_greek_brand_coherence_unclear
100,hoteltreats.com,Results matching your search criteria in Hotel Treats Gift Card ...,https://www.hoteltreats.com/en/treats/hotel-treats-gift-card?location=13511,Results matching your search criteria in Hotel Treats Gift Card ...,"A monetary gift card to spend on anything they wish! Hotel Treats Gift Card. from. €15. Buy now. Choose from our curated Hotel Treats Gift Card in Rethymno , ...","""Rethymno"" ""hotel"" ""gift card""",7,data\discovery\focused-harvest-v7\clean-v7\review.csv | data\discovery\focused-harvest-v7-run1-backup\clean-v7\review.csv | data\discovery\mass-harvest-v5\clean-v5.2\global-review.csv | data\discovery\mass-harvest-v5\clean-v5.3\global-review.csv | data\discovery\mass-harvest-v5\clean-v5.4\review.csv | data\discovery\mass-harvest-v5\clean-v5.5\review.csv | data\discovery\mega-harvest-v6\clean-v6\review.csv,,SECOND_PASS_SAFE,non_greek_brand_coherent_direct_gift_card
100,houhouliarika.gr,Αγοράστε μία Δωροεπιταγή,https://houhouliarika.gr/gift-voucher,Αγοράστε μία Δωροεπιταγή,G.P.C. · HOMELINE · Ilis Home · Joy Bath · KENTIA · LA LUNA · Mc Decor · Mc Linen · MELINEN ... Αυτή η δωροεπιταγή θα αποσταλεί μέ e-mail στον παραλήπτη αφού ...,"site:.gr ""decor"" ""δωροεπιταγή""",2,data\discovery\focused-harvest-v7\clean-v7\review.csv | data\discovery\focused-harvest-v7-run1-backup\clean-v7\review.csv,,REVIEW,greek_domain_brand_coherence_unclear
100,houseofamor.co.uk,GIFT VOUCHER,https://www.houseofamor.co.uk/collections/gift-voucher?srsltid=AfmBOoqXXgJ0_sh4K45FjLGKi1njJ9YoyvQD0You9NzRvbPWhp7mISZX,GIFT VOUCHER,The Gift Voucher collection at House of Amor offers the perfect solution for ... Press On Nails · Brows & Cosmetics · Bundles · Education · Reviews · SALE · Log ...,"""nails"" ""gift voucher"" Greece",1,data\discovery\mega-harvest-v6\clean-v6\review.csv,,REVIEW,non_greek_brand_coherence_unclear
100,houseofvalerie.com,Gift Vouchers,https://houseofvalerie.com/collections/gift-vouchers?srsltid=AfmBOoqbIvtcvim4mzspNLNf7DfW6h0k8es4fhVDH3RJ7A0hCe10hm2R,Gift Vouchers,HOUSE OF VALERIE GIFT VOUCHER £25-£200 ... We curate collections that empower you to embrace your individuality and express yourself through daring fashion.,"""fashion"" ""gift voucher"" Greece",5,data\discovery\mass-harvest-v5\clean-v5.2\global-review.csv | data\discovery\mass-harvest-v5\clean-v5.3\global-review.csv | data\discovery\mass-harvest-v5\clean-v5.4\review.csv | data\discovery\mass-harvest-v5\clean-v5.5\review.csv | data\discovery\mega-harvest-v6\clean-v6\review.csv,,REVIEW,non_greek_brand_coherence_unclear
85,hshome.gr,Αγοράστε μία Δωροεπιταγή,https://hshome.gr/voucher,Αγοράστε μία Δωροεπιταγή,HOME SWEET HOME by konstantinos Zois · 0. search. Όλες. Όλες; ΠΛΑΚΑΚΙΑ. Search ... Αυτή η δωροεπιταγή θα αποσταλεί μέ e-mail στον παραλήπτη αφού ολοκληρωθεί ή ...,"site:.gr ""home"" ""δωροεπιταγή""",2,data\discovery\focused-harvest-v7\clean-v7\review.csv | data\discovery\focused-harvest-v7-run1-backup\clean-v7\review.csv,,REVIEW,greek_domain_brand_coherence_unclear
100,huggg.me,"Best Gift Cards UK 2026: 10 Most Popular, Ranked",https://www.huggg.me/blog/top-10-most-popular-gift-cards-uk,"Best Gift Cards UK 2026: 10 Most Popular, Ranked","One4All gift card. One4All is a multi-store gift card accepted at over 140 UK retailers, including Argos, H&M, Currys, New Look, and TK Maxx.","""UK"" retail ""gift card"" official",4,data\discovery\mass-harvest-v5\clean-v5.2\global-review.csv | data\discovery\mass-harvest-v5\clean-v5.3\global-review.csv | data\discovery\mass-harvest-v5\clean-v5.4\review.csv | data\discovery\mass-harvest-v5\clean-v5.5\review.csv,,REVIEW,non_greek_brand_coherence_unclear
80,hunting.com.gr,Κυνήγι - Outdoor,https://www.hunting.com.gr/index.php?route,Δωροεπιταγή | Κυνήγι - Outdoor,Αρχική · Δωροεπιταγή. Δωροεπιταγή. Δωροεπιταγή. Δείτε το κατάστημα μας : Λογαριασμός. O Λογαριασμός μου · Ιστορικό Παραγγελιών · Λίστα Επιθυμιών (0) ...,"site:.com.gr ""δωροεπιταγή""",3,data\discovery\focused-harvest-v7\clean-v7\review.csv | data\discovery\focused-harvest-v7-run1-backup\clean-v7\review.csv | data\discovery\mega-harvest-v6\clean-v6\review.csv,,REVIEW,greek_domain_brand_coherence_unclear
100,huuray.com,Best Gift Cards for Employees in Denmark,https://huuray.com/gift-cards-for-employees-in-denmark/,Best Gift Cards for Employees in Denmark,"A Magasin gift card offers unmatched variety across fashion, cosmetics, kitchenware, and more. ... Why Madklubben Gift Card works in Denmark. Gives employees ...","""Denmark"" beauty ""gift card"" official",4,data\discovery\mass-harvest-v5\clean-v5.2\global-review.csv | data\discovery\mass-harvest-v5\clean-v5.3\global-review.csv | data\discovery\mass-harvest-v5\clean-v5.4\review.csv | data\discovery\mass-harvest-v5\clean-v5.5\review.csv,,REVIEW,non_greek_brand_coherence_unclear
80,hydracaptainsclub.gr,Egift Cards Skechers Shoes Skechers Gift Voucher Step Into ...,https://hydracaptainsclub.gr/product-similar-image/?24283519010870,Egift Cards Skechers Shoes Skechers Gift Voucher Step Into ...,Egift Cards Skechers Shoes Skechers Gift Voucher Step Into Comfort And Style With Our Skechers Shoes Fest At Zak. Write a review.,"site:.gr ""sportswear"" ""gift voucher""",1,data\discovery\mega-harvest-v6\clean-v6\review.csv,,REVIEW,greek_domain_brand_coherence_unclear
100,hyperlightoptics.com,Gift Cards,https://hyperlightoptics.com/collections/gift-cards?srsltid=AfmBOorH3PFixWlqtiZlI7wEQh7Tkr1X73EBjV8yOLq3tpAs-SPLiV9L,Gift Cards,"Greece (EUR €); Guernsey (EUR €); Hong Kong SAR (EUR ... Hyperlight Gift Card featuring bold white HYPERLIGHT OPTICS text, a geometric sphere design, and.","""optics"" ""gift card"" Greece",4,data\discovery\mass-harvest-v5\clean-v5.3\greece-market-review.csv | data\discovery\mass-harvest-v5\clean-v5.4\review.csv | data\discovery\mass-harvest-v5\clean-v5.5\review.csv | data\discovery\mega-harvest-v6\clean-v6\review.csv,,REVIEW,non_greek_brand_coherence_unclear
85,hypnotejewelry.gr,"Hypnote Jewelry | Woman, Man Accessories ...",https://hypnotejewelry.gr/product/%CE%B4%CF%89%CF%81%CE%BF%CE%BA%CE%AC%CF%81%CF%84%CE%B1/,"Δωροκάρτα - Hypnote Jewelry | Woman, Man Accessories ...","Hypnote Jewelry | Woman, Man Accessories, eshop for jewelry. Search open. 0 ... Δωροκάρτα. 5.00 € 50.00 € -50% OFF. Ποσό Δωροκάρτας. Κάντε μία επιλογή, 10 ...","site:.gr ""jewelry"" ""δωροκάρτα""",8,data\discovery\focused-harvest-v7\clean-v7\review.csv | data\discovery\focused-harvest-v7-run1-backup\clean-v7\review.csv | data\discovery\mass-harvest-v5\clean-v5.1\review.csv | data\discovery\mass-harvest-v5\clean-v5.2\manual-review.csv | data\discovery\mass-harvest-v5\clean-v5.3\global-review.csv | data\discovery\mass-harvest-v5\clean-v5.4\review.csv | data\discovery\mass-harvest-v5\clean-v5.5\review.csv | data\discovery\mega-harvest-v6\clean-v6\review.csv,,SECOND_PASS_SAFE,greek_brand_coherent_direct_gift_card
100,iasispa.gr,Iasis,https://iasispa.gr/product-category/gift-cards/,GIFT CARDS - Iasis,"Από premium προϊόντα περιποίησης έως μοναδικά beauty & wellness essentials, η δωροκάρτα αποτελεί το ιδανικό δώρο για κάθε περίσταση. Γιατί το πιο όμορφο ...","site:.gr ""wellness"" ""δωροκάρτα""",4,data\discovery\focused-harvest-v7-run1-backup\clean-v7\review.csv | data\discovery\mass-harvest-v5\clean-v5.4\review.csv | data\discovery\mass-harvest-v5\clean-v5.5\review.csv | data\discovery\mega-harvest-v6\clean-v6\review.csv,,REVIEW,greek_domain_brand_coherence_unclear
100,iberia.com,Iberia Gift Card - The best way to give the gift of Travel,https://www.iberia.com/gr/gift-card/,Iberia Gift Card - The best way to give the gift of Travel,Luggage. Luggage; Hand luggage · Checked baggage · Baggage Service Centre · More ... Use of the gift card. The recipient can use the gift card whenever they want ...,"""luggage"" ""gift card"" Greece",3,data\discovery\mass-harvest-v5\clean-v5.3\greece-market-review.csv | data\discovery\mass-harvest-v5\clean-v5.4\review.csv | data\discovery\mass-harvest-v5\clean-v5.5\review.csv,,SECOND_PASS_SAFE,non_greek_brand_coherent_direct_gift_card
100,ie-rubiconwatches.glopalstore.com,Gift Card - Rubicon Watches,https://ie-rubiconwatches.glopalstore.com/products/gift-card,Gift Card - Rubicon Watches,Rubicon Watches · Account · Cart. Search. Toggle menu. Search ... gift voucher will be refunded and a new gift voucher code will be issued.,"""watches"" ""gift voucher"" Greece",5,data\discovery\mass-harvest-v5\clean-v5.2\global-review.csv | data\discovery\mass-harvest-v5\clean-v5.3\global-review.csv | data\discovery\mass-harvest-v5\clean-v5.4\review.csv | data\discovery\mass-harvest-v5\clean-v5.5\review.csv | data\discovery\mega-harvest-v6\clean-v6\review.csv,,REVIEW,non_greek_brand_coherence_unclear
80,iefimerida.gr,Cityzen: Δωροκάρτα για πλύσιμο αυτοκινήτου ή βιολογικό ...,https://www.iefimerida.gr/aytokinito/cityzen-dorokarta-gia-plysimo-aytokinitoy-i-biologiko-katharismo,Cityzen: Δωροκάρτα για πλύσιμο αυτοκινήτου ή βιολογικό ...,... Δωροκάρτα για πλύσιμο αυτοκινήτου ή βιολογικό καθαρισμό. Cityzen Parking. Πρόσθεσε το iefimerida.gr ως προτιμώμενη πηγή στη ...,"site:.gr ""parking"" ""δωροκάρτα""",1,data\discovery\mega-harvest-v6\clean-v6\review.csv,,REVIEW,greek_domain_brand_coherence_unclear
85,ifadishop.gr,Pall Mall Barbers Fitzrovia Luxury Wet Shave Gift Voucher,https://ifadishop.gr/Voucher-Gift-For-Men-Pall-Mall-Barbers-Australia-269483,Pall Mall Barbers Fitzrovia Luxury Wet Shave Gift Voucher,Luxury Wet Shave Gift Voucher - Gift For Men - Pall Mall Barbers Australia ... Direct from vendor: Usually ships within 3 business days. 10. Not ...,"site:.gr ""barber"" ""gift voucher""",1,data\discovery\mega-harvest-v6\clean-v6\review.csv,,REVIEW,greek_domain_brand_coherence_unclear
100,ihf.ie,Time to 'Go Anywhere' with Ireland's Ultimate Hotel Gift Card,https://www.ihf.ie/content/time-go-anywhere-irelands-ultimate-hotel-gift-card,Time to 'Go Anywhere' with Ireland's Ultimate Hotel Gift Card,"Supported by Fáilte Ireland, the 'Go Anywhere Gift Card' is all about giving the gift of a memorable holiday experience and discovering the very ...","""Ireland"" hotel ""gift card"" official",4,data\discovery\mass-harvest-v5\clean-v5.2\global-review.csv | data\discovery\mass-harvest-v5\clean-v5.3\global-review.csv | data\discovery\mass-harvest-v5\clean-v5.4\review.csv | data\discovery\mass-harvest-v5\clean-v5.5\review.csv,,REVIEW,non_greek_brand_coherence_unclear
55,ikastikos-kiklos.com,Zografikí - Metaxotypíes - TéchniPainting - Silk Screen - Art,https://ikastikos-kiklos.com/en/gift-card/?srsltid=AfmBOorjio-diHkf_L0NtseJeVQjpMWG8u5FUI7JSl9RRDLQrVLpC4U_,Zografikí - Metaxotypíes - TéchniPainting - Silk Screen - Art,"ART VOUCHER. You can acquire a gift card at the Ikastikos Kyklos Sianti premises. You can decide upon the value of the gift card, giving the recipient the ...","""art"" ""gift card"" Greece",1,data\discovery\mega-harvest-v6\clean-v6\review.csv,,REVIEW,non_greek_brand_coherence_unclear
100,iliabeauty.com,Gift card,https://iliabeauty.com/en-gb/products/gift-card,Gift card,"Give the gift of clean, skin-centric beauty with a digital gift card from ILIA ... Portugal €PT; Spain €ES; United Kingdom £GB; United ... Give the gift of clean, ...","""Portugal"" beauty ""gift card"" official",4,data\discovery\mass-harvest-v5\clean-v5.2\global-review.csv | data\discovery\mass-harvest-v5\clean-v5.3\global-review.csv | data\discovery\mass-harvest-v5\clean-v5.4\review.csv | data\discovery\mass-harvest-v5\clean-v5.5\review.csv,,REVIEW,non_greek_brand_coherence_unclear
100,imcages.com,Gift Card 200 euros,https://www.imcages.com/en/gift-card-200-euros-933.html?srsltid=AfmBOoqrdHLihTecTmvYWCfXIFAxNZtSajECnePB8ZPO4xMbh84SLQI6,Gift Card 200 euros,"TERRARIUM LIGHTING · UV Lamps · LED Light · UV Light Bulbs · Infrared Bulbs ... Each gift voucher has a uniquely assigned code, which should be entered in ...","""lighting"" ""gift voucher"" Greece",1,data\discovery\mega-harvest-v6\clean-v6\review.csv,,REVIEW,non_greek_brand_coherence_unclear
85,inbeautyland.gr,Αγοράστε μία Δωροεπιταγή,https://www.inbeautyland.gr/index.php?route,Αγοράστε μία Δωροεπιταγή,NAILS · ΠΑΚΕΤΑ - ΚΙΤ · ΠΡΟΣΦΟΡΑ 25% · ΗΜΙΜΟΝΙΜΑ ΒΕΡΝΙΚΙΑ · BASE COAT · RUBBER BASE ... Αυτή η δωροεπιταγή θα αποσταλεί μέ e-mail στον παραλήπτη αφού ολοκληρωθεί ή ...,"site:.gr ""nails"" ""δωροεπιταγή""",2,data\discovery\focused-harvest-v7\clean-v7\review.csv | data\discovery\focused-harvest-v7-run1-backup\clean-v7\review.csv,,REVIEW,greek_domain_brand_coherence_unclear
80,indoorxcycling.gr,GIFT CARD 1 ΩΡΑ ΜΑΣΑΖ - Indoor X - Spinning,https://indoorxcycling.gr/product/gift-cart-1-ora-masaz/,GIFT CARD 1 ΩΡΑ ΜΑΣΑΖ - Indoor X - Spinning,GIFT CARD 1 ΩΡΑ ΜΑΣΑΖ. Category: giftcart · GIFT CARD 10 ΠΡΟΠΟΝΗΣΕΙΣ · GIFT CARD 3 ΜΗΝΕΣ · GIFT CARD 16 ΠΡΟΠΟΝΗΣΕΙΣ · GIFT CARD 10 ΠΡΟΠΟΝΗΣΕΙΣ ...,"""fitness"" ""gift card"" Greece",6,data\discovery\mass-harvest-v5\clean-v5.1\review.csv | data\discovery\mass-harvest-v5\clean-v5.2\manual-review.csv | data\discovery\mass-harvest-v5\clean-v5.3\global-review.csv | data\discovery\mass-harvest-v5\clean-v5.4\review.csv | data\discovery\mass-harvest-v5\clean-v5.5\review.csv | data\discovery\mega-harvest-v6\clean-v6\review.csv,,REVIEW,greek_domain_brand_coherence_unclear
100,industrybeans.com,Buy A Gift Voucher,https://industrybeans.com/pages/giftvouchers?srsltid=AfmBOopx5OabUiKgZSnWEwZaWXo4RfzSHBIKlbjr4cXnWnwE6VR8vrFR,Buy A Gift Voucher,"These vouchers are only redeemable in store over multiple purchases, and cannot be used online. Shop Cafe Gift Voucher ... Greece (AUD $) Greenland (AUD ...","""cafe"" ""gift voucher"" Greece",4,data\discovery\mass-harvest-v5\clean-v5.3\greece-market-review.csv | data\discovery\mass-harvest-v5\clean-v5.4\review.csv | data\discovery\mass-harvest-v5\clean-v5.5\review.csv | data\discovery\mega-harvest-v6\clean-v6\review.csv,,REVIEW,non_greek_brand_coherence_unclear
80,indybeauty.si,Gift Card - Indy Beauty,https://indybeauty.si/en/products/darilni-bon,Gift Card - Indy Beauty,""" The perfect gift for all lovers of quality makeup? It's an Indy Beauty gift voucher!"" Regular price €26,90. € ...","""beauty"" ""gift voucher"" Greece",1,data\discovery\mega-harvest-v6\clean-v6\review.csv,,SECOND_PASS_SAFE,non_greek_brand_coherent_direct_gift_card
100,infinitymotorcycles.com,Infinity Gift Voucher,https://www.infinitymotorcycles.com/product/infinity-gift-voucher,Infinity Gift Voucher,"An Infinity Gift Voucher can be used as full or part payment for any product at Infinity Motorcycles, including thousands of motorcycle clothing, helmets and ...","""motorcycle"" ""gift voucher"" Greece",5,data\discovery\mass-harvest-v5\clean-v5.2\global-review.csv | data\discovery\mass-harvest-v5\clean-v5.3\global-review.csv | data\discovery\mass-harvest-v5\clean-v5.4\review.csv | data\discovery\mass-harvest-v5\clean-v5.5\review.csv | data\discovery\mega-harvest-v6\clean-v6\review.csv,,REVIEW,non_greek_brand_coherence_unclear
85,ingla.de,Ingla gift voucher,https://ingla.de/en/products/ingla-geschenkgutschein?srsltid=AfmBOooIsnGt2XVIOmlRs3XmMm8IXVdBVv9QentVtOQHgVeu4i5SLYla,Ingla gift voucher,Ingla gift voucher. ingla concept store. Ingla gift voucher. Sale price€10. Tax included. Shipping calculated at checkout. nominal values: €10. nominal values.,"""concept store"" ""gift voucher"" Greece",1,data\discovery\mega-harvest-v6\clean-v6\review.csv,,SECOND_PASS_SAFE,non_greek_brand_coherent_direct_gift_card
85,insidehome.gr,Αγοράστε μία Δωροεπιταγή,https://www.insidehome.gr/account/voucher,Αγοράστε μία Δωροεπιταγή,Home · O Λογαριασμός μου · Αγορά Δωροεπιταγής. Αυτή η δωροεπιταγή θα αποσταλεί μέ e-mail στον παραλήπτη αφού ολοκληρωθεί ή πληρωμή σας. Όνομα παραλήπτη.,"site:.gr ""home"" ""δωροεπιταγή""",1,data\discovery\focused-harvest-v7\clean-v7\review.csv,,REVIEW,greek_domain_brand_coherence_unclear
100,insights.nets.eu,Gift card provider Givn in Norway increases its conversion with ...,https://insights.nets.eu/success-story/gift-card-provider-givn-in-norway-increases-its-conversion-with-payment-solution-nets-easy,Gift card provider Givn in Norway increases its conversion with ...,For large stores and retail chains ... Gift card provider Givn in Norway increases its conversion with payment solution Nets Easy.,"""Norway"" retail ""gift card"" official",4,data\discovery\mass-harvest-v5\clean-v5.2\global-review.csv | data\discovery\mass-harvest-v5\clean-v5.3\global-review.csv | data\discovery\mass-harvest-v5\clean-v5.4\review.csv | data\discovery\mass-harvest-v5\clean-v5.5\review.csv,,REVIEW,non_greek_brand_coherence_unclear
100,insomnia.gr,Aγορά Gaming Gift Cards με επιστροφή σε Yellows της ...,https://www.insomnia.gr/forums/topic/804030-a%CE%B3%CE%BF%CF%81%CE%AC-gaming-gift-cards-%CE%BC%CE%B5-%CE%B5%CF%80%CE%B9%CF%83%CF%84%CF%81%CE%BF%CF%86%CE%AE-%CF%83%CE%B5-yellows-%CF%84%CE%B7%CF%82-%CE%B1%CE%BE%CE%AF%CE%B1%CF%82-%CF%83%CF%85%CE%BD%CE%B1%CE%BB%CE%BB%CE%B1%CE%B3%CE%AE%CF%82-winbank-%CF%84%CE%B5%CE%BB%CE%BF%CF%83/page/9/,Aγορά Gaming Gift Cards με επιστροφή σε Yellows της ...,Aγορά Gaming Gift Cards με επιστροφή σε Yellows της αξίας συναλλαγής - Winbank [ΤΕΛΟΣ] ... gift card του αξίας 100 ευρώ ας πούμε με την mastercard ...,"site:.gr ""gaming"" ""gift card""",1,data\discovery\mega-harvest-v6\clean-v6\review.csv,,REVIEW,greek_domain_brand_coherence_unclear
100,inspiredbygreece.com,Gift Voucher,https://www.inspiredbygreece.com/product/gift-card/,Gift Voucher,"Give the gift of an Inspired by Greece Gift Voucher! Vouchers can be used for original art, prints, canvas reproductions, tote bags, cushions and all other ...","""gift voucher"" Greece",4,data\discovery\mass-harvest-v5\clean-v5.3\greece-market-review.csv | data\discovery\mass-harvest-v5\clean-v5.4\review.csv | data\discovery\mass-harvest-v5\clean-v5.5\review.csv | data\discovery\mega-harvest-v6\clean-v6\review.csv,,REVIEW,non_greek_brand_coherence_unclear
85,interior365.gr,Αγοράστε μία Δωροεπιταγή,https://www.interior365.gr/index.php?route,Αγοράστε μία Δωροεπιταγή,Χειροποίητα κεριά & είδη decor18 · Τεχνητά Φυτά · Άνθη & Μπουκέτα0 · Αποξηραμένα43 ... Αυτή η δωροεπιταγή θα αποσταλεί μέ e-mail στον παραλήπτη αφού ολοκληρωθεί ή ...,"site:.gr ""decor"" ""δωροεπιταγή""",2,data\discovery\focused-harvest-v7\clean-v7\review.csv | data\discovery\focused-harvest-v7-run1-backup\clean-v7\review.csv,,REVIEW,greek_domain_brand_coherence_unclear
100,intimissimi.com,Gift Card or Certificate,https://www.intimissimi.com/cy/giftcard/,Gift Card or Certificate,A gift that never goes out of fashion! Use it online or print it for in-store use. Buy e-gift card for women Buy e-gift card for men ... Cyprus or on the online ...,"""Cyprus"" beauty ""gift card"" official",4,data\discovery\mass-harvest-v5\clean-v5.2\global-review.csv | data\discovery\mass-harvest-v5\clean-v5.3\global-review.csv | data\discovery\mass-harvest-v5\clean-v5.4\review.csv | data\discovery\mass-harvest-v5\clean-v5.5\review.csv,,REVIEW,non_greek_brand_coherence_unclear
100,intrepidtravel.com,Gift Vouchers,https://www.intrepidtravel.com/eu/gift-vouchers,Gift Vouchers,"Once that's paid, a digital gift voucher will magically appear in your inbox! ... Europe, Germany, Global, Ireland, Malta, Netherlands, New Zealand, South Africa ...","""Europe"" travel ""gift voucher"" official",4,data\discovery\mass-harvest-v5\clean-v5.2\global-review.csv | data\discovery\mass-harvest-v5\clean-v5.3\global-review.csv | data\discovery\mass-harvest-v5\clean-v5.4\review.csv | data\discovery\mass-harvest-v5\clean-v5.5\review.csv,,REVIEW,non_greek_brand_coherence_unclear
80,ioannasnotebook.gr,3+1 Λόγοι που μια δωροκάρτα είναι το καλύτερο δώρο για ...,https://www.ioannasnotebook.gr/31-logoi-poy-mia-dorokarta-einai-to-kaly/,3+1 Λόγοι που μια δωροκάρτα είναι το καλύτερο δώρο για ...,"Χαρίζοντας μια δωροκάρτα, δίνεται στους αγαπημένους σας αυτό που πραγματικά θέλουν αλλά και την ευκαιρία ... Δώρα/GiftsΧριστούγεννα/Christmas.","site:.gr ""gifts"" ""δωροκάρτα""",1,data\discovery\focused-harvest-v7\clean-v7\review.csv,,REVIEW,greek_domain_brand_coherence_unclear
85,ioannou-cosmetics.gr,50,https://www.ioannou-cosmetics.gr/shop/dwrokartes/dwrokarta-50-e/,Δωροκάρτα 50,Δωροκάρτα 30 €. Κερδίζεις 30 πόντους. Δωροκάρτα 30 €. 30.00 ... Copyright © 2026 - Ioannou Cosmetics - Περιεχόμενο πνευματικών δικαιωμάτων.,"site:.gr ""cosmetics"" ""δωροκάρτα""",8,data\discovery\focused-harvest-v7\clean-v7\review.csv | data\discovery\focused-harvest-v7-run1-backup\clean-v7\review.csv | data\discovery\mass-harvest-v5\clean-v5.1\review.csv | data\discovery\mass-harvest-v5\clean-v5.2\manual-review.csv | data\discovery\mass-harvest-v5\clean-v5.3\global-review.csv | data\discovery\mass-harvest-v5\clean-v5.4\review.csv | data\discovery\mass-harvest-v5\clean-v5.5\review.csv | data\discovery\mega-harvest-v6\clean-v6\review.csv,,REVIEW,greek_domain_brand_coherence_unclear
100,iouliavasilaki.com,Gift Card – Ioulia Vasilaki – E-Shop,https://iouliavasilaki.com/product/gift-card/?srsltid=AfmBOoq03q3LcgQRJu-4mk0N1pwXg9PVfV1d0QVEFEr1DPWyuZ_yqYIN,Gift Card – Ioulia Vasilaki – E-Shop,Gifts ... Ioulia Vasilaki gift card is valid for 12 months and redeemable online at www.iouliavasilaki.com or by visiting our showroom in Kifisia.,"""Kifisia"" ""gifts"" ""gift card""",1,data\discovery\mega-harvest-v6\clean-v6\review.csv,,SECOND_PASS_SAFE,non_greek_brand_coherent_direct_gift_card
85,irelandhotels.com,Hotels in Ireland | Go Anywhere Gift Card,https://www.irelandhotels.com/ireland.html?srsltid=AfmBOoo1p0E0kn2WDVS4dja4O_z31pHBl9Iasw1m6Qu4TOuw_tpDa9zv,Hotels in Ireland | Go Anywhere Gift Card,Corporate Gift Card · Ireland Hotels Buy Gift Card · Ireland Hotels Buy Gift Card. Clare www.irelandhotels.com_v3. Counties. Ireland. See All Hotels. Ireland.,"""Ireland"" hotel ""gift card"" official",5,data\discovery\mass-harvest-v5\clean-v5.1\review.csv | data\discovery\mass-harvest-v5\clean-v5.2\manual-review.csv | data\discovery\mass-harvest-v5\clean-v5.3\global-review.csv | data\discovery\mass-harvest-v5\clean-v5.4\review.csv | data\discovery\mass-harvest-v5\clean-v5.5\review.csv,,REVIEW,non_greek_brand_coherence_unclear
85,irisgalerie.com,Κάρτα δώρου (Ελλάδα) - Iris Galerie,https://irisgalerie.com/products/%CE%BA%CE%AC%CF%81%CF%84%CE%B1-%CE%B4%CF%8E%CF%81%CE%BF%CF%85-%CE%B5%CE%BB%CE%BB%CE%AC%CE%B4%CE%B1,Κάρτα δώρου (Ελλάδα) - Iris Galerie,"Κάρτα δώρου (Ελλάδα). €50,00. • Αυτή η κάρτα δώρου αποστέλλεται ηλεκτρονικά, στη διεύθυνση email που καθορίζεται, αμέσως μετά την αγορά.","""κάρτα δώρου""",5,data\discovery\mass-harvest-v5\clean-v5.1\review.csv | data\discovery\mass-harvest-v5\clean-v5.2\manual-review.csv | data\discovery\mass-harvest-v5\clean-v5.3\global-review.csv | data\discovery\mass-harvest-v5\clean-v5.4\review.csv | data\discovery\mass-harvest-v5\clean-v5.5\review.csv,,SECOND_PASS_SAFE,non_greek_brand_coherent_direct_gift_card
100,irishtourism.com,Ireland Gift Vouchers,https://www.irishtourism.com/ireland-gift-vouchers/,Ireland Gift Vouchers,An Irish Tourism Gift Voucher is the ideal way for friends and family to join together to give the gift of an unforgettable vacation in Ireland. Our gift ...,"""Ireland"" travel ""gift voucher"" official",4,data\discovery\mass-harvest-v5\clean-v5.2\global-review.csv | data\discovery\mass-harvest-v5\clean-v5.3\global-review.csv | data\discovery\mass-harvest-v5\clean-v5.4\review.csv | data\discovery\mass-harvest-v5\clean-v5.5\review.csv,,REVIEW,non_greek_brand_coherence_unclear
100,isbjornofsweden.com,GIFT CARD - SHOP | Clothes by,https://www.isbjornofsweden.com/en/articles/217/gift-card?srsltid=AfmBOoqttFzjlxSnFx0aM8jYPs3-vmw-Xdjs5Q-AQoGx2jNbwvBYcaqY,GIFT CARD - SHOP | Clothes by,See all our products under: GIFT CARD - SHOP ✓ Sustainable clothes for kids ... Sweden · Norway · Denmark · Germany · Other countries · PR & Media. Join our ...,"""Sweden"" fashion ""gift card"" official",4,data\discovery\mass-harvest-v5\clean-v5.2\global-review.csv | data\discovery\mass-harvest-v5\clean-v5.3\global-review.csv | data\discovery\mass-harvest-v5\clean-v5.4\review.csv | data\discovery\mass-harvest-v5\clean-v5.5\review.csv,,REVIEW,non_greek_brand_coherence_unclear
100,islandgiftcards.net,Mykonos Steak Club - Island Gift Cards,https://islandgiftcards.net/product/mykonos-steak-club/,Mykonos Steak Club - Island Gift Cards,Home / Gift Card / Mykonos Steak Club.. Mykonos Steak ... This gift card cannot be redeemed for cash. Cannot be combined with other ...,"""Mykonos"" ""gift card""",4,data\discovery\mass-harvest-v5\clean-v5.1\review.csv | data\discovery\mass-harvest-v5\clean-v5.3\greece-market-review.csv | data\discovery\mass-harvest-v5\clean-v5.4\review.csv | data\discovery\mass-harvest-v5\clean-v5.5\review.csv,,SECOND_PASS_SAFE,non_greek_brand_coherent_direct_gift_card
100,isolaboutique.gr,Gift Cards,https://www.isolaboutique.gr/product-category/gift-cards/,Gift Cards,Gift Cards · Isola Gift Card 500€ · Isola Gift Card 300€ · Isola Gift Card 200€ · Isola Gift Card 150€ · Isola Gift Card 100€ · Isola Gift Card 70€ · Isola Gift Card ...,"site:.gr ""boutique"" ""gift card""",1,data\discovery\mega-harvest-v6\clean-v6\review.csv,,REVIEW,greek_domain_brand_coherence_unclear
100,istionclub.gr,Why a Get a Room! Gift Card is the Only Present to Give This Year ...,https://istionclub.gr/why-a-get-a-room-gift-card-is-the-only-present-to-give-this-year/,Why a Get a Room! Gift Card is the Only Present to Give This Year ...,"Gift Card is the Only Present to Give This Year. Amidst the cerulean Aegean Sea and the azure sky of the Cyclades Islands, the Sunway luxury suites in Santorini ...","""Santorini"" ""spa"" ""gift card""",1,data\discovery\focused-harvest-v7-run1-backup\clean-v7\review.csv,,REVIEW,greek_domain_brand_coherence_unclear
100,italyonabudgettours.com,Gift Vouchers,https://italyonabudgettours.com/gift-vouchers/,Gift Vouchers,"When you give a gift voucher, you can let them make the decisions! Want to offer some inspiration with your gift? Share the Best of Italy with our favorite ...","""Italy"" travel ""gift voucher"" official",4,data\discovery\mass-harvest-v5\clean-v5.2\global-review.csv | data\discovery\mass-harvest-v5\clean-v5.3\global-review.csv | data\discovery\mass-harvest-v5\clean-v5.4\review.csv | data\discovery\mass-harvest-v5\clean-v5.5\review.csv,,REVIEW,non_greek_brand_coherence_unclear
85,iteurope.es,It Europe Gift Card,https://iteurope.es/en/products/tarjeta-regalo-it-europe?srsltid=AfmBOopuSbnAFVW5D2RPgEyaQHpz8TUnt05sL29NgR28MW988xHNcrgR,It Europe Gift Card,"Gift summer with this IT Europe gift card and let them choose their favorites. It is sent by email with a unique code to redeem online at checkout, quickly, ...","""Europe"" fashion ""gift card"" official",5,data\discovery\mass-harvest-v5\clean-v5.1\review.csv | data\discovery\mass-harvest-v5\clean-v5.2\manual-review.csv | data\discovery\mass-harvest-v5\clean-v5.3\global-review.csv | data\discovery\mass-harvest-v5\clean-v5.4\review.csv | data\discovery\mass-harvest-v5\clean-v5.5\review.csv,,SECOND_PASS_SAFE,non_greek_brand_coherent_direct_gift_card
80,ithara.ae,European Capitals: 2 Nights for Two X,https://www.ithara.ae/european-capitals-2-nights-for-two?srsltid=AfmBOordPGeP_peiFcQVlXYXph_ozpo2nwSy4rWUUCLtb4FKyxUb5cMn,European Capitals: 2 Nights for Two X - Gift Voucher - Ithara.ae,"Choose from 3 to 5 handpicked hotels in cities like London, Paris, Prague, Rome, Athens & more — or over 52,000 hotels worldwide ... Gift Voucher ... Perfume ...","""Athens"" ""perfume"" ""gift voucher""",1,data\discovery\mega-harvest-v6\clean-v6\review.csv,,SECOND_PASS_SAFE,non_greek_brand_coherent_direct_gift_card
100,itokos.com,Itokos Grill Gift Cards,https://itokos.com/gift-cards,Itokos Grill Gift Cards,"Give the gift of a delicious meal with our restaurant gift cards! Perfect for any occasion, our gift cards can be used for takeout or delivery. Gift Card Amount.","""Kos"" ""restaurant"" ""gift card""",1,data\discovery\focused-harvest-v7-run1-backup\clean-v7\review.csv,,SECOND_PASS_SAFE,non_greek_brand_coherent_direct_gift_card
100,j-born.eu,JBØRN Baby Products Gift Card,https://j-born.eu/products/baby-products-gift-card?srsltid=AfmBOoo37JBESIGFuxxUFDfp7-AMOqiVMGfBTx64sKh4uTl0VrFhh1dJ,JBØRN Baby Products Gift Card,JBØRN Baby Products Gift Card ; Denominations · €10.00. €25.00. €50.00. €100.00 ; Goes great with · JBØRN Baby Products Gift Card. 1 review. from €10 from €10.00.,"""baby"" ""gift card"" Greece",5,data\discovery\mass-harvest-v5\clean-v5.2\global-review.csv | data\discovery\mass-harvest-v5\clean-v5.3\global-review.csv | data\discovery\mass-harvest-v5\clean-v5.4\review.csv | data\discovery\mass-harvest-v5\clean-v5.5\review.csv | data\discovery\mega-harvest-v6\clean-v6\review.csv,,REVIEW,non_greek_brand_coherence_unclear
100,jagdhof.com,Gift voucher - Give a Jagdhof holiday,https://www.jagdhof.com/en/the-jagdhof/gift-card,Gift voucher - Give a Jagdhof holiday,a treatment or choose from one of our advantageous package-vouchers. All. Beauty & Spa. Gourmet. Piri Specials. Gift Voucher. From €30.00. Gift Voucher. Details.,"""gourmet"" ""gift voucher"" Greece",1,data\discovery\mega-harvest-v6\clean-v6\review.csv,,SECOND_PASS_SAFE,non_greek_brand_coherent_direct_gift_card
85,janetmedicalclinic.com,Colnect Collectors Puma Gift Card Discount Piraeus Bank Credit ...,https://janetmedicalclinic.com/?e=7879077051880,Colnect Collectors Puma Gift Card Discount Piraeus Bank Credit ...,HOT ! Colnect Collectors Puma Gift Card Discount Piraeus Bank Credit Card▪️Greece▪️Expired In 1999 · Pick up at the store (Free shipping) · Delivery.,"""Piraeus"" ""sneakers"" ""gift card""",1,data\discovery\mega-harvest-v6\clean-v6\review.csv,,REVIEW,non_greek_brand_coherence_unclear
80,jawollbaby.de,Jawoll Baby Gift Voucher,https://www.jawollbaby.de/en/products/jawoll-baby-geschenkgutschein?srsltid=AfmBOoqtDgqKOs2PEN0PpzrA9SDuDFKpubHELoesm9UjUsyftPSkEj4f,Jawoll Baby Gift Voucher,"Jawoll Baby Gift Voucher. Jawoll Baby Gift Voucher. Regular price €10,00 EUR.","""baby"" ""gift voucher"" Greece",5,data\discovery\mass-harvest-v5\clean-v5.1\review.csv | data\discovery\mass-harvest-v5\clean-v5.2\manual-review.csv | data\discovery\mass-harvest-v5\clean-v5.3\global-review.csv | data\discovery\mass-harvest-v5\clean-v5.4\review.csv | data\discovery\mass-harvest-v5\clean-v5.5\review.csv,,SECOND_PASS_SAFE,non_greek_brand_coherent_direct_gift_card
100,jerichokitchen.co.uk,Christmas Gift Vouchers for Cookery Experiences ...,https://jerichokitchen.co.uk/christmas-gift-vouchers-dining-at-jericho-kitchen/,Christmas Gift Vouchers for Cookery Experiences ...,"A Jericho Kitchen Christmas Gift Voucher gives someone the chance to ... Greece, Greenland, Grenada, Guadeloupe, Guam, Guatemala, Guernsey ...","""Greece"" ""kitchen"" ""gift voucher""",1,data\discovery\mega-harvest-v6\clean-v6\review.csv,,REVIEW,non_greek_brand_coherence_unclear
85,jesm.gr,Δωροκάρτα 25,https://jesm.gr/product/%CE%B4%CF%89%CF%81%CE%BF%CE%BA%CE%AC%CF%81%CF%84%CE%B1-25e/,Δωροκάρτα 25,"Category Δωροκάρτα. Δωροκάρτα 25€. €25.00 ... Με αυτήν τη δωροκάρτα, οι αγαπημένοι σας ... Jesm Concept Store. όπου η δημιουργικότητα συναντά ...","site:.gr ""concept store"" ""δωροκάρτα""",1,data\discovery\mega-harvest-v6\clean-v6\review.csv,,REVIEW,greek_domain_brand_coherence_unclear
80,jeunessepescara.com,Jeunesse Boutique Gift Voucher,https://jeunessepescara.com/en/products/buono-regalo-jeunesse-boutique?srsltid=AfmBOorl-6SxQYmyYsUPrw81OhdbC1V8JXjIwLKUBIqWTeK6jXp6jDQ-,Jeunesse Boutique Gift Voucher,"Jeunesse Boutique Gift Voucher. Jeunesse Boutique Gift Voucher. Regular price €10,00 EUR. Regular price Sale price €10,00 EUR. Unit price / per. Sale Sold out.","""boutique"" ""gift voucher"" Greece",1,data\discovery\mega-harvest-v6\clean-v6\review.csv,,REVIEW,non_greek_brand_coherence_unclear
85,joyfashion.gr,Αγοράστε μία Δωροεπιταγή - Joy Fashion,https://www.joyfashion.gr/index.php?route,Αγοράστε μία Δωροεπιταγή - Joy Fashion,Joy Fashion. All. All; BRIGITTE; ΑΞΕΣΟΥΑΡ; ΠΑΠΟΥΤΣΙΑ ... Αυτή η δωροεπιταγή θα αποσταλεί μέ e-mail στον παραλήπτη αφού ολοκληρωθεί ή πληρωμή σας.,"site:.gr ""fashion"" ""δωροεπιταγή""",2,data\discovery\focused-harvest-v7\clean-v7\review.csv | data\discovery\focused-harvest-v7-run1-backup\clean-v7\review.csv,,SECOND_PASS_SAFE,greek_brand_coherent_direct_gift_card
80,joykidsboutique.gr,Joykidsboutique,https://joykidsboutique.gr/?post_type,Δωροκάρτα,Δωρίστε μια Δωροκάρτα στους αγαπημένους σας και αφήστε τους να διαλέξουν το δώρο τους. Δωροκάρτα ... Copyright © 2026 Joy Kids Boutique. Powered by MK.,"site:.gr ""kids"" ""δωροκάρτα""",8,data\discovery\focused-harvest-v7\clean-v7\review.csv | data\discovery\focused-harvest-v7-run1-backup\clean-v7\review.csv | data\discovery\mass-harvest-v5\clean-v5.1\review.csv | data\discovery\mass-harvest-v5\clean-v5.2\manual-review.csv | data\discovery\mass-harvest-v5\clean-v5.3\global-review.csv | data\discovery\mass-harvest-v5\clean-v5.4\review.csv | data\discovery\mass-harvest-v5\clean-v5.5\review.csv | data\discovery\mega-harvest-v6\clean-v6\review.csv,,SECOND_PASS_SAFE,greek_brand_coherent_direct_gift_card
100,joyogram.com,Gift Cards in Greece | 2000+ Brands,https://www.joyogram.com/gift-cards/greece/?srsltid=AfmBOooaqGqrBLg_fZVaZJ1RV6gxF2bfUtftyD-eG7ol7Tzl8t950Cus,Gift Cards in Greece | 2000+ Brands,Electronics Fashion Food & Drink Gaming Home Sports Travel & Leisure. Arsenal EUR Gift Card. Arsenal EUR. Best Western Greece Gift Card. Best Western Greece.,"""electronics"" ""gift card"" Greece",4,data\discovery\mass-harvest-v5\clean-v5.3\greece-market-review.csv | data\discovery\mass-harvest-v5\clean-v5.4\review.csv | data\discovery\mass-harvest-v5\clean-v5.5\review.csv | data\discovery\mega-harvest-v6\clean-v6\review.csv,,REVIEW,non_greek_brand_coherence_unclear
80,jstor.org,On the Effect of Gift Vouchers Versus Direct ...,https://www.jstor.org/stable/26967334,On the Effect of Gift Vouchers Versus Direct ...,"από Y Ding · 2020 · Γίνεται αναφορά σε 46 — Because the number of cakes sold is a dis- crete nonnegative count and the data were quite dispersed, we ... a gift voucher for making the purchase. Participants ...","""Crete"" ""jewelry"" ""gift voucher""",2,data\discovery\focused-harvest-v7\clean-v7\review.csv | data\discovery\focused-harvest-v7-run1-backup\clean-v7\review.csv,,REVIEW,non_greek_brand_coherence_unclear
100,juhi-hobbyhorses.com,Gift card – Juhi - Hobby horse,https://juhi-hobbyhorses.com/products/gift-card,Gift card – Juhi - Hobby horse,Give your loved ones a voucher of 20 EUR or 40 EUR and let them choose a hobby horse or accessories exactly to their liking. The gift voucher will be sent ...,"""hobby"" ""gift voucher"" Greece",5,data\discovery\mass-harvest-v5\clean-v5.2\global-review.csv | data\discovery\mass-harvest-v5\clean-v5.3\global-review.csv | data\discovery\mass-harvest-v5\clean-v5.4\review.csv | data\discovery\mass-harvest-v5\clean-v5.5\review.csv | data\discovery\mega-harvest-v6\clean-v6\review.csv,,REVIEW,non_greek_brand_coherence_unclear
80,juno.co.uk,Juno Gift Vouchers,https://www.juno.co.uk/gift/,Juno Gift Vouchers,Audio Cables & LeadsAudio Jack AdaptersAudio Splitters | Audio Jack Splitter Cables ... Juno gift voucher can be bought for amounts between £5 and £250 and ...,"""audio"" ""gift voucher"" Greece",1,data\discovery\mega-harvest-v6\clean-v6\review.csv,,REVIEW,non_greek_brand_coherence_unclear
100,juventus.com,Gift Card,https://store.juventus.com/ar/gifts-and-accessories/gifts/gift-card?srsltid=AfmBOoo59e8ecnl8Q_Kwrue4lpGVFKuf0b-igKgYfKwozUr74D-kVEpk,Gift Card,Car AccessoriesCar Accessories · Beach Collection ... Gift CardGift Card · Gift BagsGift Bags · Bundles ... Greece. English (€) · Hungary.,"""car accessories"" ""gift card"" Greece",3,data\discovery\mass-harvest-v5\clean-v5.3\greece-market-review.csv | data\discovery\mass-harvest-v5\clean-v5.4\review.csv | data\discovery\mass-harvest-v5\clean-v5.5\review.csv,,REVIEW,non_greek_brand_coherence_unclear
100,k12print.com,Plastic Gift Cards | Most Orders Shipped in 24 Hrs.,https://k12print.com/plastic-gift-cards/,Plastic Gift Cards | Most Orders Shipped in 24 Hrs.,... gift card for your business and improve its profitability. The gift cards ... printing machines and in a secure environment to maintain durability ...,"""printing"" ""gift card"" Greece",4,data\discovery\mass-harvest-v5\clean-v5.2\global-review.csv | data\discovery\mass-harvest-v5\clean-v5.3\global-review.csv | data\discovery\mass-harvest-v5\clean-v5.4\review.csv | data\discovery\mass-harvest-v5\clean-v5.5\review.csv,,REVIEW,non_greek_brand_coherence_unclear
100,k4g.com,Buy Fashion Days Gift Card 50 RON Romania ...,https://k4g.com/product/fashion-days-gift-card-fashion-days-romania-ron-50-cd-key-8D8F3759?currency=RON&tmp=1754340843,Buy Fashion Days Gift Card 50 RON Romania ...,Fashion Days Gift Card 50 RON Romania Fashion Days CD Key. Add review and get €1. Buy Fashion Days Gift Card 50 RON Romania Fashion Days CD Key.,"""Romania"" fashion ""gift card"" official",4,data\discovery\mass-harvest-v5\clean-v5.2\global-review.csv | data\discovery\mass-harvest-v5\clean-v5.3\global-review.csv | data\discovery\mass-harvest-v5\clean-v5.4\review.csv | data\discovery\mass-harvest-v5\clean-v5.5\review.csv,,REVIEW,non_greek_brand_coherence_unclear
100,kakiasoptics.gr,Δωροκάρτα,https://kakiasoptics.gr/products/gift-card/,Δωροκάρτα | Gift card,Δωροκάρτα | Gift card. Δωροκάρτα | Gift card.. Δωροκάρτα | Gift card. €0.00 inc. VAT | με ΦΠΑ. €0.00 inc. VAT | με ΦΠΑ. Αξία δωροκάρτας | Gift card value.,"""optics"" ""δωροκάρτα"" Greece",1,data\discovery\mega-harvest-v6\clean-v6\review.csv,,REVIEW,greek_domain_brand_coherence_unclear
100,kal-opsia.com,Com,https://www.kal-opsia.com/el/pages/gift-cards?srsltid=AfmBOopR3PDskWYg62MMiChLwUIhj3kwcolS3yGjJhbzU8hPzmyttG51,Δωροκάρτες,... ATHENS με τους όρους που περιγράφονται παρακάτω ... Green & Eco-Friendly Fashion. ✨ Χειμερινές ... Αυτή η Δωροκάρτα (η «Κάρτα») εκδίδεται από την Kalopia Athens ...,"""Athens"" ""fashion"" ""δωροκάρτα""",6,data\discovery\focused-harvest-v7\clean-v7\review.csv | data\discovery\focused-harvest-v7-run1-backup\clean-v7\review.csv | data\discovery\mass-harvest-v5\clean-v5.3\greece-market-review.csv | data\discovery\mass-harvest-v5\clean-v5.4\review.csv | data\discovery\mass-harvest-v5\clean-v5.5\review.csv | data\discovery\mega-harvest-v6\clean-v6\review.csv,,REVIEW,non_greek_brand_coherence_unclear
100,kalamatafreedivers.com,Gift voucher,https://kalamatafreedivers.com/product/gift-voucher/,Gift voucher,Here is a perfect freediving gift for you & your loved ones! Gift voucher can be used on all activities and equipment offered in Kalamata Freedivers shop.,"""Kalamata"" ""gift voucher""",3,data\discovery\mass-harvest-v5\clean-v5.3\greece-market-review.csv | data\discovery\mass-harvest-v5\clean-v5.4\review.csv | data\discovery\mass-harvest-v5\clean-v5.5\review.csv,,REVIEW,non_greek_brand_coherence_unclear
85,kalimeratzis.gr,Αγοράστε μία Δωροεπιταγή,https://www.kalimeratzis.gr/index.php?route,Αγοράστε μία Δωροεπιταγή,Το καλάθι αγορών είναι άδειο! ΓΥΝΑΙΚΕΙΑ · ΕΣΩΡΟΥΧΑ +. LUXURY LINGERIE · ΣΟΥΤΙΕΝ ... Αυτή η δωροεπιταγή θα αποσταλεί μέ e-mail στον παραλήπτη αφού ολοκληρωθεί ή ...,"site:.gr ""lingerie"" ""δωροεπιταγή""",2,data\discovery\focused-harvest-v7\clean-v7\review.csv | data\discovery\focused-harvest-v7-run1-backup\clean-v7\review.csv,,REVIEW,greek_domain_brand_coherence_unclear
100,kalini.com,Travel Gift Voucher - Калини,https://kalini.com/travel-gift-voucher/?lang=en,Travel Gift Voucher - Калини,"Travel Gift Voucher. KALINI – Different, proven ... The gift voucher is an official document ... Bulgaria or abroad; Confirmation from KALINI ...","""Bulgaria"" travel ""gift voucher"" official",4,data\discovery\mass-harvest-v5\clean-v5.2\global-review.csv | data\discovery\mass-harvest-v5\clean-v5.3\global-review.csv | data\discovery\mass-harvest-v5\clean-v5.4\review.csv | data\discovery\mass-harvest-v5\clean-v5.5\review.csv,,REVIEW,non_greek_brand_coherence_unclear
80,kami-skincare.com,KAMI Skincare Gift Voucher,https://www.kami-skincare.com/en/products/kami-skincare-wertgutschein?srsltid=AfmBOoo4mkKBQlz8I2RzeSHaQNBrqSxZWsdLikPwI_lAMnE5jtQglksT,KAMI Skincare Gift Voucher,The KAMI skincare gift voucher: Enable your loved ones to create their ideal skincare routine themselves. Available in two options: You can print the ...,"""skincare"" ""gift voucher"" Greece",1,data\discovery\mega-harvest-v6\clean-v6\review.csv,,SECOND_PASS_SAFE,non_greek_brand_coherent_direct_gift_card
85,kanzohome.gr,Αγοράστε μία Δωροεπιταγή,https://kanzohome.gr/index.php?route,Αγοράστε μία Δωροεπιταγή,Θέμα Δωροεπιταγής. Απλή δωροεπιταγή Kanzohome. Δωροεπιταγή Χριστουγέννων ... Copyright © 2022 Kanzo Home ...,"site:.gr ""home"" ""δωροεπιταγή""",1,data\discovery\focused-harvest-v7-run1-backup\clean-v7\review.csv,,REVIEW,greek_domain_brand_coherence_unclear
85,karam.gr,Karam Spa - Karam - Προϊόντα ευεξίας & ομορφιάς,https://karam.gr/product/dwrokarta-karam-spa/,Δωροκάρτα Karam Spa - Karam - Προϊόντα ευεξίας & ομορφιάς,"Η Δωροκάρτα μπορεί να χρησιμοποιηθεί στα παρακάτω: ☆ Mystras Grand Hotel Resort & Spa ☆ Las Hotel & Spa. * Αφού προχωρήσετε στην αγορά, σε επόμενο βήμα θα ...","site:.gr ""hotel"" ""δωροκάρτα""",8,data\discovery\focused-harvest-v7\clean-v7\review.csv | data\discovery\focused-harvest-v7-run1-backup\clean-v7\review.csv | data\discovery\mass-harvest-v5\clean-v5.1\review.csv | data\discovery\mass-harvest-v5\clean-v5.2\manual-review.csv | data\discovery\mass-harvest-v5\clean-v5.3\global-review.csv | data\discovery\mass-harvest-v5\clean-v5.4\review.csv | data\discovery\mass-harvest-v5\clean-v5.5\review.csv | data\discovery\mega-harvest-v6\clean-v6\review.csv,,SECOND_PASS_SAFE,greek_brand_coherent_direct_gift_card
85,karampidis.gr,Δωροκάρτα τύπου τραπεζών. 0002dor,https://karampidis.gr/en/home?page=shop.product_details&flypage=&product_id=3499&category_id=0,Δωροκάρτα τύπου τραπεζών. 0002dor,Φαρμακείο Αυτοκινήτου Car Pharmacy Kit · Είδη ... Δωροκάρτα τύπου τραπεζών. 0002dor. Κωδικός 0002dor ... ΔΩΡΟκάρτα. Πλαστική Κάρτα τύπου τραπεζών. Με ...,"site:.gr ""pharmacy"" ""δωροκάρτα""",6,data\discovery\mass-harvest-v5\clean-v5.1\review.csv | data\discovery\mass-harvest-v5\clean-v5.2\manual-review.csv | data\discovery\mass-harvest-v5\clean-v5.3\global-review.csv | data\discovery\mass-harvest-v5\clean-v5.4\review.csv | data\discovery\mass-harvest-v5\clean-v5.5\review.csv | data\discovery\mega-harvest-v6\clean-v6\review.csv,,REVIEW,greek_domain_brand_coherence_unclear
100,karavanclothing.com,Gift card,https://www.karavanclothing.com/products/gift-card?srsltid=AfmBOoqWkCRV4UBUhI46XtlPKrhHkFH3q5bJHl2g_BCs5IApB6f2Etyu,Gift card,Surprise your loving ones with the Karavan digital gift card and give them the opportunity to choose their favorite designs.,"""clothing"" ""gift card"" Greece",5,data\discovery\mass-harvest-v5\clean-v5.2\global-review.csv | data\discovery\mass-harvest-v5\clean-v5.3\global-review.csv | data\discovery\mass-harvest-v5\clean-v5.4\review.csv | data\discovery\mass-harvest-v5\clean-v5.5\review.csv | data\discovery\mega-harvest-v6\clean-v6\review.csv,,REVIEW,non_greek_brand_coherence_unclear
100,karenrhodesart.com,Karen Rhodes Art,https://www.karenrhodesart.com/s/gift-cards,Gift cards | Karen Rhodes Art,... Where to find Karen Rhodes Art; More. Need to check gift card balance? Give the Perfect Gift. Get a voucher for yourself or gift one to a friend.,"""Rhodes"" ""jewelry"" ""gift card""",2,data\discovery\focused-harvest-v7\clean-v7\review.csv | data\discovery\focused-harvest-v7-run1-backup\clean-v7\review.csv,,SECOND_PASS_SAFE,non_greek_brand_coherent_direct_gift_card
100,kartoula.gr,Toys Center e,https://kartoula.gr/card/toys-center-e-gift-card,Toys Center e-Gift Card - Σύγκριση καρτών,Toys Center e-Gift Card · – Διαθέσιμη για ποσά από 25€ έως 200€ · – Διάρκεια ισχύος: 12 μήνες · – Εξαργύρωση online και στα καταστήματα.,"""toys"" ""gift card"" Greece",3,data\discovery\mass-harvest-v5\clean-v5.4\review.csv | data\discovery\mass-harvest-v5\clean-v5.5\review.csv | data\discovery\mega-harvest-v6\clean-v6\review.csv,,REVIEW,greek_domain_brand_coherence_unclear
100,kashbeauty.com,E-Gift Voucher,https://kashbeauty.com/products/giftcard?srsltid=AfmBOoqnXGMzFfxddNPhhQ1se32S0ZAbIjNcc9JcVRr4JO9T8Ca_fw15,E-Gift Voucher,E-Gift Voucher. KASH Beauty Gift Voucher Delivered straight to your inbox ... Greece (EUR); Greenland (DKK); Grenada (XCD); Guadeloupe (EUR) ...,"""beauty"" ""gift voucher"" Greece",4,data\discovery\mass-harvest-v5\clean-v5.3\greece-market-review.csv | data\discovery\mass-harvest-v5\clean-v5.4\review.csv | data\discovery\mass-harvest-v5\clean-v5.5\review.csv | data\discovery\mega-harvest-v6\clean-v6\review.csv,,REVIEW,non_greek_brand_coherence_unclear
100,katekos.com,Com,https://katekos.com/product/gift-card-2/,Gift Card,Gift Card. €20.00 – €600.00 Price range: €20.00 through €600.00. View ... kids/people · flowers · seascape · landscape · courtown · cahore · ballymoney · gorey ...,"""Kos"" ""kids"" ""gift card""",1,data\discovery\focused-harvest-v7-run1-backup\clean-v7\review.csv,,REVIEW,non_greek_brand_coherence_unclear
80,katoflitavern.gr,www.katoflitavern.gr,https://www.katoflitavern.gr/en/product/dorokarta/,Δωροκάρτα – www.katoflitavern.gr,"Offer the Gift of a Dining Experience. Gift Card Amount. Choose an amount, 50 €, 100 €, 150 €, 200 €, Other amount. Clear. Other amount (€).","site:.gr ""experience"" ""δωροκάρτα""",6,data\discovery\focused-harvest-v7-run1-backup\clean-v7\review.csv | data\discovery\mass-harvest-v5\clean-v5.1\review.csv | data\discovery\mass-harvest-v5\clean-v5.2\manual-review.csv | data\discovery\mass-harvest-v5\clean-v5.3\global-review.csv | data\discovery\mass-harvest-v5\clean-v5.4\review.csv | data\discovery\mass-harvest-v5\clean-v5.5\review.csv,,SECOND_PASS_SAFE,greek_brand_coherent_direct_gift_card
100,katthelabel.com,Gift Voucher,https://www.katthelabel.com/products/gift-voucher?srsltid=AfmBOooo0exrJ_TZ6FbcAVPwmctnJLVVvWMGzJrypWQMyUnlPV_flWVb,Gift Voucher,Gift Voucher. Sale price$30. or 4 interest-free payments of $7.50 ... lingerie and classic bridal lingerie complete with garter belts. Our ...,"""lingerie"" ""gift voucher"" Greece",5,data\discovery\mass-harvest-v5\clean-v5.2\global-review.csv | data\discovery\mass-harvest-v5\clean-v5.3\global-review.csv | data\discovery\mass-harvest-v5\clean-v5.4\review.csv | data\discovery\mass-harvest-v5\clean-v5.5\review.csv | data\discovery\mega-harvest-v6\clean-v6\review.csv,,REVIEW,non_greek_brand_coherence_unclear
80,kavala-praha.cz,Gift Voucher,https://www.kavala-praha.cz/en/darkovy-poukaz/,Gift Voucher,Indicate the value of the gift voucher and we will send it to you electronically. Address. Charlese de Gaulla 5 Praha 6. Reservation. +420 604 412 203 · kavala@ ...,"""Kavala"" ""gift voucher""",5,data\discovery\mass-harvest-v5\clean-v5.1\review.csv | data\discovery\mass-harvest-v5\clean-v5.2\manual-review.csv | data\discovery\mass-harvest-v5\clean-v5.3\global-review.csv | data\discovery\mass-harvest-v5\clean-v5.4\review.csv | data\discovery\mass-harvest-v5\clean-v5.5\review.csv,,REVIEW,non_greek_brand_coherence_unclear
100,kavalacollective.com,Kavala Collective Gift Card,https://kavalacollective.com/products/gift-card?srsltid=AfmBOopiLqPZBN96atWIM08GUWDQUAPddWw_YVId-pJqYnQbGfNATdGA,Kavala Collective Gift Card,Give the gift of choice with a Kavala Collective Gift Card. Gift cards are delivered by email and contain instructions to redeem them at checkout.,"""Kavala"" ""gift card""",4,data\discovery\mass-harvest-v5\clean-v5.2\global-review.csv | data\discovery\mass-harvest-v5\clean-v5.3\global-review.csv | data\discovery\mass-harvest-v5\clean-v5.4\review.csv | data\discovery\mass-harvest-v5\clean-v5.5\review.csv,,SECOND_PASS_SAFE,non_greek_brand_coherent_direct_gift_card
100,kavehome.com,Gift Card,https://kavehome.com/en/en/o/gift-card,Gift Card,Decor · Home furnishings · Lighting · Kitchen · Bathroom · Kids · From 50% off · 30% off ... Gift Card. Filters. Sort by. Relevancy; Price high to low; Price low ...,"""decor"" ""gift card"" Greece",1,data\discovery\mega-harvest-v6\clean-v6\review.csv,,REVIEW,non_greek_brand_coherence_unclear
80,kelani-eyewear.com,Gift card,https://kelani-eyewear.com/en/products/gift-carte?variant=52533148549460,Gift card,... eyewear collections (for men and women) Gift with meaning: 100% r. ... gift voucher · about us · your opinions · FAQ ... Greece (EUR €) Hungary ...,"""eyewear"" ""gift voucher"" Greece",6,data\discovery\mass-harvest-v5\clean-v5.1\review.csv | data\discovery\mass-harvest-v5\clean-v5.2\manual-review.csv | data\discovery\mass-harvest-v5\clean-v5.3\global-review.csv | data\discovery\mass-harvest-v5\clean-v5.4\review.csv | data\discovery\mass-harvest-v5\clean-v5.5\review.csv | data\discovery\mega-harvest-v6\clean-v6\review.csv,,REVIEW,non_greek_brand_coherence_unclear
80,kentro-sindesi.gr,Cosmetics Perfume Gift Voucher Gift Cards For Services Pure ...,https://kentro-sindesi.gr/product-similar-image/?17490332031760,Cosmetics Perfume Gift Voucher Gift Cards For Services Pure ...,cosmetics perfume gift voucher · zwilling twin gourmet zwilling knife block ...,"site:.gr ""gourmet"" ""gift voucher""",1,data\discovery\mega-harvest-v6\clean-v6\review.csv,,REVIEW,greek_domain_brand_coherence_unclear
80,keysforgames.gr,Gift Cards,https://www.keysforgames.gr/games/gamecards/,Gift Cards,Ace Racer Direct Top-Up Gift Card. € 2.04. Activitygift Gift Card. € 21.23. Adam Pharmacy Gift Card. € 31.87.,"site:.gr ""pharmacy"" ""gift card""",6,data\discovery\mass-harvest-v5\clean-v5.1\review.csv | data\discovery\mass-harvest-v5\clean-v5.2\manual-review.csv | data\discovery\mass-harvest-v5\clean-v5.3\global-review.csv | data\discovery\mass-harvest-v5\clean-v5.4\review.csv | data\discovery\mass-harvest-v5\clean-v5.5\review.csv | data\discovery\mega-harvest-v6\clean-v6\review.csv,,REVIEW,greek_domain_brand_coherence_unclear
100,kidsradio.com,Gift cards Kids Radio+ - Kidsradio.com,https://www.kidsradio.com/oroi-diagonismon/gift-cards-kids-radio-plus/,Gift cards Kids Radio+ - Kidsradio.com,"... Kids Radio 88.6 και θα αναδειχθούν πέντε (5) νικητές, κατόπιν κλήρωσης, οι οποίοι θα κερδίσουν ο καθένας από μια δωροκάρτα (gift card) για 2 μήνες δωρεάν ...","""kids"" ""gift card"" Greece",5,data\discovery\mass-harvest-v5\clean-v5.2\global-review.csv | data\discovery\mass-harvest-v5\clean-v5.3\global-review.csv | data\discovery\mass-harvest-v5\clean-v5.4\review.csv | data\discovery\mass-harvest-v5\clean-v5.5\review.csv | data\discovery\mega-harvest-v6\clean-v6\review.csv,,SECOND_PASS_SAFE,non_greek_brand_coherent_direct_gift_card
100,kinesis-gym.gr,Christmas Gift Cards,https://kinesis-gym.gr/christmas-gift-cards/,Christmas Gift Cards,"Μην αργείτε προμηθευτείτε την Χριστουγεννιάτικη Gift Card απο το γυμναστήριο μας και χαρίστε χαμόγελα στα αγαπημένα σας πρόσωπα !! ... Fitness, FITNESS ...","site:.gr ""fitness"" ""gift card""",3,data\discovery\focused-harvest-v7-run1-backup\clean-v7\review.csv | data\discovery\mass-harvest-v5\clean-v5.4\review.csv | data\discovery\mass-harvest-v5\clean-v5.5\review.csv,,REVIEW,greek_domain_brand_coherence_unclear
80,kiss929.gr,Διεκδικήστε μία δωροεπιταγή αξίας 500 ευρώ από τη ...,https://www.kiss929.gr/article/arheio/8608/diekdikiste-mia-doroepitagi-axias-500-eyro-apo-ti-gotsopoulos-home,Διεκδικήστε μία δωροεπιταγή αξίας 500 ευρώ από τη ...,Διεκδικήστε μία δωροεπιταγή αξίας 500€ από τη Gotsopoulos Home! Μεγάλες ΧΕΙΜΕΡΙΝΕΣ εκπτώσεις στα έπιπλα GOTSOPOULOS HOME.,"site:.gr ""home"" ""δωροεπιταγή""",2,data\discovery\focused-harvest-v7\clean-v7\review.csv | data\discovery\focused-harvest-v7-run1-backup\clean-v7\review.csv,,REVIEW,greek_domain_brand_coherence_unclear
100,kitemana.com,Kitemana Gift Card 10,https://www.kitemana.com/kitemana/gift-card-10-94294,Kitemana Gift Card 10,Car Accessories · Lycra's Men · Lycra's Women · Sunscreen; 8Protection; 4Spare ... The gift voucher comes by post with a unique code. The code can be redeemed ...,"""car accessories"" ""gift voucher"" Greece",5,data\discovery\mass-harvest-v5\clean-v5.2\global-review.csv | data\discovery\mass-harvest-v5\clean-v5.3\global-review.csv | data\discovery\mass-harvest-v5\clean-v5.4\review.csv | data\discovery\mass-harvest-v5\clean-v5.5\review.csv | data\discovery\mega-harvest-v6\clean-v6\review.csv,,SECOND_PASS_SAFE,non_greek_brand_coherent_direct_gift_card
80,kivotosoniron.gr,Kivotos Oniron | ideas for kids,https://www.kivotosoniron.gr/product/%CE%B4%CF%89%CF%81%CE%BF%CE%BA%CE%AC%CF%81%CF%84%CE%B1/,Δωροκάρτα - Kivotos Oniron | ideas for kids,"Δωροκάρτα ; Price range · €10,00 through €200,00 ; Κωδικός προϊόντος: Μ/Δ ; Κατηγορία: ΔΩΡΟΚΑΡΤΑ ; Newsletter. Εγγραφή στο ενημερωτικό δελτίο ; KIVOTOSONIRON 2025 ...","site:.gr ""kids"" ""δωροκάρτα""",8,data\discovery\focused-harvest-v7\clean-v7\review.csv | data\discovery\focused-harvest-v7-run1-backup\clean-v7\review.csv | data\discovery\mass-harvest-v5\clean-v5.1\review.csv | data\discovery\mass-harvest-v5\clean-v5.2\manual-review.csv | data\discovery\mass-harvest-v5\clean-v5.3\global-review.csv | data\discovery\mass-harvest-v5\clean-v5.4\review.csv | data\discovery\mass-harvest-v5\clean-v5.5\review.csv | data\discovery\mega-harvest-v6\clean-v6\review.csv,,SECOND_PASS_SAFE,greek_brand_coherent_direct_gift_card
100,klaoudatos.gr,ΚΛΑΟΥΔΑΤΟΣ OUTDOOR,https://klaoudatos.gr/product/gift-card/?srsltid,Δωροκάρτα - ΚΛΑΟΥΔΑΤΟΣ OUTDOOR,"Αγοράστε δωροκάρτα για αγορές απο το κατάστημα Klaoudatos Outdoor και στειλτε την στην οικογένεια και στους φίλους σας. Επιπλέον πληροφορίες. Βάρος, 100 γρ.","site:.gr ""outdoor"" ""δωροκάρτα""",5,data\discovery\focused-harvest-v7\clean-v7\review.csv | data\discovery\focused-harvest-v7-run1-backup\clean-v7\review.csv | data\discovery\mass-harvest-v5\clean-v5.4\review.csv | data\discovery\mass-harvest-v5\clean-v5.5\review.csv | data\discovery\mega-harvest-v6\clean-v6\review.csv,,REVIEW,greek_domain_brand_coherence_unclear
80,klara-jewelry.com,Gift voucher The gift of elegance and choice | Klara Fine Jewelry ...,https://klara-jewelry.com/en/products/poklon-bon?srsltid=AfmBOoo7f7TjtsSYGw3EvLICKyK5K3eNwzTRkuFou4zTYoNadpVUVOTG,Gift voucher The gift of elegance and choice | Klara Fine Jewelry ...,Klara Fine Jewelry gift voucher is the perfect choice for anyone who wants to give something special while still allowing freedom of choice.,"""jewelry"" ""gift voucher"" Greece",5,data\discovery\mass-harvest-v5\clean-v5.1\review.csv | data\discovery\mass-harvest-v5\clean-v5.2\manual-review.csv | data\discovery\mass-harvest-v5\clean-v5.3\global-review.csv | data\discovery\mass-harvest-v5\clean-v5.4\review.csv | data\discovery\mass-harvest-v5\clean-v5.5\review.csv,,REVIEW,non_greek_brand_coherence_unclear
100,kleanthievoo.com,Gift Card,https://www.kleanthievoo.com/gift-card,Gift Card,"Gift Card. Gift Cards – Share the Love. 40 €. Amount. 40 €. 60 € ... Skalani, Heraklion 71500. Crete, Greece. EMAIL. info@kleanthievoo.com. PHONE.","""Heraklion"" ""gift card""",3,data\discovery\mass-harvest-v5\clean-v5.3\greece-market-review.csv | data\discovery\mass-harvest-v5\clean-v5.4\review.csv | data\discovery\mass-harvest-v5\clean-v5.5\review.csv,,REVIEW,non_greek_brand_coherence_unclear
80,kleiner-perlenzauber.de,Magical Gift Voucher for Handmade Baby Accessories,https://www.kleiner-perlenzauber.de/en/products/zauberhafter-geschenkgutschein?srsltid=AfmBOopQCm23OiMCxMkNZjIdhyDmpBCKkyeKiotlaNXxui16EIk4qFYS,Magical Gift Voucher for Handmade Baby Accessories,"Are you looking for a loving gift for a birth, christening, or baby shower, but aren't sure which accessory is most suitable? A gift voucher is always the ...","""baby"" ""gift voucher"" Greece",6,data\discovery\mass-harvest-v5\clean-v5.1\review.csv | data\discovery\mass-harvest-v5\clean-v5.2\manual-review.csv | data\discovery\mass-harvest-v5\clean-v5.3\global-review.csv | data\discovery\mass-harvest-v5\clean-v5.4\review.csv | data\discovery\mass-harvest-v5\clean-v5.5\review.csv | data\discovery\mega-harvest-v6\clean-v6\review.csv,,REVIEW,non_greek_brand_coherence_unclear
100,kmdive.com,Gift Card,https://kmdive.com/product/gift-card/?srsltid=AfmBOopoW3Nv9kjK4N_dwDEEp83eVtvHdyfHt9HJ2xIuZnlFVa3ayizG,Gift Card,Gift Card ... Surprise your friends by choosing a unique gift for their favorite hobby. Give them a gift voucher from the options provided below and dedicate them ...,"""hobby"" ""gift card"" Greece",5,data\discovery\mass-harvest-v5\clean-v5.2\global-review.csv | data\discovery\mass-harvest-v5\clean-v5.3\global-review.csv | data\discovery\mass-harvest-v5\clean-v5.4\review.csv | data\discovery\mass-harvest-v5\clean-v5.5\review.csv | data\discovery\mega-harvest-v6\clean-v6\review.csv,,REVIEW,non_greek_brand_coherence_unclear
100,kobo.com,"eGifts & Gift Cards - eBooks, Audiobooks, eReaders",https://www.kobo.com/gr/en/p/giftcards?srsltid=AfmBOopPLgFdaSCbaGLwTVOBJiFHEduzQOnr49QjKYkanOfxL5tRFwvh,"eGifts & Gift Cards - eBooks, Audiobooks, eReaders","Where can I redeem my Kobo Gift Card, and what happens to any leftover balance? ... Anita Rau Badami on the roots of a prickly cha... 73 new books coming out ...","""books"" ""gift card"" Greece",4,data\discovery\mass-harvest-v5\clean-v5.3\greece-market-review.csv | data\discovery\mass-harvest-v5\clean-v5.4\review.csv | data\discovery\mass-harvest-v5\clean-v5.5\review.csv | data\discovery\mega-harvest-v6\clean-v6\review.csv,,REVIEW,non_greek_brand_coherence_unclear
85,koelia.gr,Αρχεία,https://koelia.gr/product-category/%CE%B4%CF%89%CF%81%CE%BF%CE%BA%CE%AC%CF%81%CF%84%CE%B1/,δωροκάρτα Αρχεία,"Τώρα μπορείτε να του αγοράσετε μια δωροεπιταγή αξίας 30€, 50€, 70€ ή 100 ... Koelia Jewelry. info@koelia.gr. hours. Δευτέρα - Παρασκευή. 10.00 – 18.00.","site:.gr ""jewelry"" ""δωροεπιταγή""",8,data\discovery\focused-harvest-v7\clean-v7\review.csv | data\discovery\focused-harvest-v7-run1-backup\clean-v7\review.csv | data\discovery\mass-harvest-v5\clean-v5.1\review.csv | data\discovery\mass-harvest-v5\clean-v5.2\manual-review.csv | data\discovery\mass-harvest-v5\clean-v5.3\global-review.csv | data\discovery\mass-harvest-v5\clean-v5.4\review.csv | data\discovery\mass-harvest-v5\clean-v5.5\review.csv | data\discovery\mega-harvest-v6\clean-v6\review.csv,,REVIEW,greek_domain_brand_coherence_unclear
80,kois.e-pragma.gr,Δωροκάρτα 100€ | KOIS OPTICS,https://kois.e-pragma.gr/el/products/dorokarta-100eur?v=7682,Δωροκάρτα 100€ | KOIS OPTICS,"Λιακάδα, στυλ και το τέλειο ζευγάρι γυαλιών. Αυτή η δωροκάρτα επιτρέπει στους φιλους σας να επιλέξουν τα γυαλιά ηλίου που θα λατρέψουν όλη τη σεζόν.","""optics"" ""δωροκάρτα"" Greece",1,data\discovery\mega-harvest-v6\clean-v6\review.csv,,REVIEW,greek_domain_brand_coherence_unclear
100,konstantinidisdental.gr,KONSTANTINIDIS GIFT CARD - Νο1 Κέντρο Εμφυτευμάτων,https://www.konstantinidisdental.gr/gift-card/,KONSTANTINIDIS GIFT CARD - Νο1 Κέντρο Εμφυτευμάτων,"με κατάθεση στον τραπεζικό λογαριασμό της KONSTANTINIDIS DENTAL. Η Δωροκάρτα δεν ανταλλάσσεται με χρήματα, εξαργυρώνεται με θεραπείες ίσης ή μεγαλύτερης αξίας.","site:.gr ""dental"" ""δωροκάρτα""",1,data\discovery\mega-harvest-v6\clean-v6\review.csv,,REVIEW,greek_domain_brand_coherence_unclear
80,koopsmeubelen.com,Koops Furniture Gift Voucher,https://koopsmeubelen.com/en/products/koops-meubelen-cadeaubon?srsltid=AfmBOopTFsXYOapB72cP9tXkRGaM2IgfmXqMGBBO_HOFL6sUnUDRjzIf,Koops Furniture Gift Voucher,Greece (EUR €) Greenland (DKK kr.) Grenada (XCD ... Koops Furniture Gift Voucher. Koops Meubelen. Koops Furniture Gift Voucher.,"""furniture"" ""gift voucher"" Greece",6,data\discovery\mass-harvest-v5\clean-v5.1\review.csv | data\discovery\mass-harvest-v5\clean-v5.2\manual-review.csv | data\discovery\mass-harvest-v5\clean-v5.3\global-review.csv | data\discovery\mass-harvest-v5\clean-v5.4\review.csv | data\discovery\mass-harvest-v5\clean-v5.5\review.csv | data\discovery\mega-harvest-v6\clean-v6\review.csv,,REVIEW,non_greek_brand_coherence_unclear
80,kos-paris.com,KOS PARIS Gift Card,https://kos-paris.com/a/l/en/products/carte-cadeau-kos-paris,KOS PARIS Gift Card,"Let your friends and family discover KOS PARIS thanks to our Digital Gift Card! Select the amount you wish to offer, and print it out in seconds.","""Kos"" ""gift card""",5,data\discovery\mass-harvest-v5\clean-v5.1\review.csv | data\discovery\mass-harvest-v5\clean-v5.2\manual-review.csv | data\discovery\mass-harvest-v5\clean-v5.3\global-review.csv | data\discovery\mass-harvest-v5\clean-v5.4\review.csv | data\discovery\mass-harvest-v5\clean-v5.5\review.csv,,SECOND_PASS_SAFE,non_greek_brand_coherent_direct_gift_card
100,kosallure.com,"KOS ALLURE Gift Card - Korean Skincare & Beauty, Las ...",https://kosallure.com/products/kos-allure-gift-card-korean-skincare-beauty-las-vegas?srsltid=AfmBOoqe3VRPDSYZdx7SYO1NeLc9xRVjf6c0pXz07P15TDSNOCYQKbMo,"KOS ALLURE Gift Card - Korean Skincare & Beauty, Las ...","KOS ALLURE Gift Card ... Love K-Beauty, but don't know what they're using? Gift Card is the perfect solution! Shop through various Korean Skincare brands and ...","""Kos"" ""beauty"" ""gift card""",1,data\discovery\focused-harvest-v7-run1-backup\clean-v7\review.csv,,SECOND_PASS_SAFE,non_greek_brand_coherent_direct_gift_card
100,kosgastropub.com,KOS Gift Card,https://kosgastropub.com/gift-card/,KOS Gift Card,"Our Restaurant · Our Team · Menu · Private Events · Info · FAQ's · Gift Card · Online Reservations. KOS Gastropub Gift Card - Westby, WI. KOS Gift Card. 1Gift ...","""Kos"" ""restaurant"" ""gift card""",1,data\discovery\focused-harvest-v7-run1-backup\clean-v7\review.csv,,REVIEW,non_greek_brand_coherence_unclear
100,kosmig.de,Gift voucher - Kosmig,https://www.kosmig.de/en/gift-voucher/,Gift voucher - Kosmig,You want to do something special to your loved ones? Treat them to a Kosmig-gift voucher. Learn more. Making an appointment. We take time for you ...,"""Kos"" ""gift voucher""",4,data\discovery\mass-harvest-v5\clean-v5.2\global-review.csv | data\discovery\mass-harvest-v5\clean-v5.3\global-review.csv | data\discovery\mass-harvest-v5\clean-v5.4\review.csv | data\discovery\mass-harvest-v5\clean-v5.5\review.csv,,SECOND_PASS_SAFE,non_greek_brand_coherent_direct_gift_card
80,kosmimaapomitrikogala.gr,Ηλεκτρονική Δωροκάρτα Bronze,https://www.kosmimaapomitrikogala.gr/test,Ηλεκτρονική Δωροκάρτα Bronze,"Με την Ηλεκτρονική Δωροκάρτα Bronze της Gardens Breastmilk and Keepsake Jewelry στέλνεις στην στιγμή εκτός από την εκτίμησή σου στον δωρολήπτη, την ...","site:.gr ""jewelry"" ""δωροκάρτα""",6,data\discovery\mass-harvest-v5\clean-v5.1\review.csv | data\discovery\mass-harvest-v5\clean-v5.2\manual-review.csv | data\discovery\mass-harvest-v5\clean-v5.3\global-review.csv | data\discovery\mass-harvest-v5\clean-v5.4\review.csv | data\discovery\mass-harvest-v5\clean-v5.5\review.csv | data\discovery\mega-harvest-v6\clean-v6\review.csv,,REVIEW,greek_domain_brand_coherence_unclear
85,kosmimamakarezos.gr,Αγοράστε μία Δωροεπιταγή,https://www.kosmimamakarezos.gr/account/voucher,Αγοράστε μία Δωροεπιταγή,Αγοράστε μία Δωροεπιταγή ... Αυτή η δωροεπιταγή θα αποσταλεί μέ e-mail στον παραλήπτη αφού ολοκληρωθεί ή πληρωμή σας. Όνομα παραλήπτη. E-mail παραλήπτη.,"site:.gr ""watches"" ""δωροεπιταγή""",2,data\discovery\focused-harvest-v7\clean-v7\review.csv | data\discovery\focused-harvest-v7-run1-backup\clean-v7\review.csv,,REVIEW,greek_domain_brand_coherence_unclear
100,kospilarhotel.com,KOS Pilar Hotel,https://www.kospilarhotel.com/en/category/Gift-Card,Gift Card - KOS Pilar Hotel,Gift Card. Tienda / Gift Card · Gift Card · Gift Card. $200.000 ... SPA & FITNESS CENTER · TRUFA RESTAURANT. Newsletter ... All rights reserved | KOS Pilar Hotel.,"""Kos"" ""spa"" ""gift card""",2,data\discovery\focused-harvest-v7\clean-v7\review.csv | data\discovery\focused-harvest-v7-run1-backup\clean-v7\review.csv,,SECOND_PASS_SAFE,non_greek_brand_coherent_direct_gift_card
100,kotsovolos.gr,Gift Card,https://www.kotsovolos.gr/pages/e-giftcard?srsltid=AfmBOooynIdTXWB_9dwgzswLt06PZkCVZOxuDCpy8DLYFUtnDuVaOw_W,Gift Card - Δωροκάρτα | ΚΩΤΣΟΒΟΛΟΣ,"Φτιάξε μία Gift Card Κωτσόβολος και στείλε την στους αγαπημένους σου εύκολα και γρήγορα, για να αποκτήσουν αυτό που επιθυμούν!","site:.gr ""δωροκάρτα""",1,data\discovery\mega-harvest-v6\clean-v6\review.csv,,REVIEW,greek_domain_brand_coherence_unclear
100,kourbela.com,eGift Card,https://kourbela.com/product/egift-card/?srsltid=AfmBOooCbJw0JRtQdB3DLCp5F2M9jeS-aqpKyxiQeBJI42HE8oYgDmHd,eGift Card,"Kourbela e-gift card is valid for 12 months and redeemable only online at ... 164 51, Athens, Greece T: +30 210 99 42731 info@kourbela.com. Mon to Fri ...","""Athens"" ""kids"" ""gift card""",2,data\discovery\focused-harvest-v7-run1-backup\clean-v7\review.csv | data\discovery\mega-harvest-v6\clean-v6\review.csv,,REVIEW,non_greek_brand_coherence_unclear
100,kourtakis-lighting.gr,gift card Archives - Φωτιστικά Κουρτάκης,https://kourtakis-lighting.gr/product-category/gift-card/,gift card Archives - Φωτιστικά Κουρτάκης,"Gift Card ... Η οικογένεια Κουρτάκη δραστηριοποιείται στην Κόρινθο, στον τομέα «φωτισμός» από το 1975. Η πολυετής εμπειρία γίνεται η εγγύηση για τη σύγχρονη ...","site:.gr ""lighting"" ""gift card""",1,data\discovery\mega-harvest-v6\clean-v6\review.csv,,REVIEW,greek_domain_brand_coherence_unclear
85,kouskoufashionproject.gr,Kouskoufashionproject,https://kouskoufashionproject.gr/en/collections/%CE%B4%CF%89%CF%81%CE%BF%CE%BA%CE%AC%CF%81%CF%84%CE%B1,Δωροκάρτα,Δωροκάρτα. Filter. Sort by. Most relevant. Featured ... Whether you are in Rhodes or part of our online ... © 2026 Kouskou Fashion Project. Powered by ...,"""Rhodes"" ""fashion"" ""δωροκάρτα""",7,data\discovery\focused-harvest-v7\clean-v7\review.csv | data\discovery\focused-harvest-v7-run1-backup\clean-v7\review.csv | data\discovery\mass-harvest-v5\clean-v5.1\review.csv | data\discovery\mass-harvest-v5\clean-v5.2\manual-review.csv | data\discovery\mass-harvest-v5\clean-v5.3\global-review.csv | data\discovery\mass-harvest-v5\clean-v5.4\review.csv | data\discovery\mass-harvest-v5\clean-v5.5\review.csv,,SECOND_PASS_SAFE,greek_brand_coherent_direct_gift_card
80,krikscioniubendruomene.lt,Mothers Day Spa Gift Certificates Mother's Day Gift Card Special ...,https://www.krikscioniubendruomene.lt/?l=21239924021350,Mothers Day Spa Gift Certificates Mother's Day Gift Card Special ...,"Mother's Day Gift Card Special! Sweet Treat for the Sweetest Mom: $25 Bonus on Gift Cards Vedas Medical Spa Wellness Aesthetic Cosmetic Semaglutide, Special ...","""medical spa"" ""gift card"" Greece",1,data\discovery\mega-harvest-v6\clean-v6\review.csv,,REVIEW,non_greek_brand_coherence_unclear
100,kronenhotels.no,Kronen Hotels Gift Cards,https://kronenhotels.no/en/gift-cards/,Kronen Hotels Gift Cards,"Svithun Hotell, Hotel Sverre, MatVærket and Bakernes Paradis, unless the gift card is purchased for a specific location or package.","""Kos"" ""hotel"" ""gift card""",2,data\discovery\focused-harvest-v7\clean-v7\review.csv | data\discovery\focused-harvest-v7-run1-backup\clean-v7\review.csv,,SECOND_PASS_SAFE,non_greek_brand_coherent_direct_gift_card
80,ktima-logos.gr,tattoo gift card,https://ktima-logos.gr/?b,tattoo gift card,South Shore Tattoo Co display picture 1. Tattoo Gift Voucher Editable | Tattoo Gift Card | Tattoo display picture 1. leelootattoo | gift ...,"site:.gr ""tattoo"" ""gift card""",1,data\discovery\mega-harvest-v6\clean-v6\review.csv,,REVIEW,greek_domain_brand_coherence_unclear
100,ktmpatras.gr,Προϊόντα με ετικέτα: 'gift card giftcard καρτα δωρου δωροκαρτα',https://ktmpatras.gr/gift-card-giftcard-%CE%BA%CE%B1%CF%81%CF%84%CE%B1-%CE%B4%CF%89%CF%81%CE%BF%CF%85-%CE%B4%CF%89%CF%81%CE%BF%CE%BA%CE%B1%CF%81%CF%84%CE%B1,Προϊόντα με ετικέτα: 'gift card giftcard καρτα δωρου δωροκαρτα',KTM Patras. MobileHeaderLinksStandalone Popup ... Προϊόντα με ετικέτα: 'gift card giftcard καρτα δωρου δωροκαρτα' ... © 2026 KTM Patras. Powered by nopCommerce.,"""Patras"" ""gift card""",2,data\discovery\mass-harvest-v5\clean-v5.4\review.csv | data\discovery\mass-harvest-v5\clean-v5.5\review.csv,,REVIEW,greek_domain_brand_coherence_unclear
100,kymajewelry.com,Com,https://www.kymajewelry.com/en/31-gift-cards,Gift Cards,"KYMA Gift Card 25€. €25.00. KYMA ... Lab address: Sofokleous 39, 18452, Athens (Not open to the public).","""Athens"" ""jewelry"" ""gift card""",7,data\discovery\focused-harvest-v7\clean-v7\review.csv | data\discovery\focused-harvest-v7-run1-backup\clean-v7\review.csv | data\discovery\mass-harvest-v5\clean-v5.2\global-review.csv | data\discovery\mass-harvest-v5\clean-v5.3\global-review.csv | data\discovery\mass-harvest-v5\clean-v5.4\review.csv | data\discovery\mass-harvest-v5\clean-v5.5\review.csv | data\discovery\mega-harvest-v6\clean-v6\review.csv,,REVIEW,non_greek_brand_coherence_unclear
70,kymasurf.gr,Gift Card,https://kymasurf.gr/product-category/gift-card/,Gift Card,"Surf Accessories · Boardbags · Fins · Thruster · Twin · Quad · Single · Sidebites ... GLYFADA,16675,GREECE,ATHENS. SURF SHOP:2108982666. SURF SCHOOL:6944276638.","""Glyfada"" ""accessories"" ""gift card""",1,data\discovery\mega-harvest-v6\clean-v6\review.csv,,REVIEW,greek_domain_brand_coherence_unclear
100,lacretechamber.com,2017 Restaurant Gift Card Winners,https://lacretechamber.com/2017-restaurant-gift-card-winners/,2017 Restaurant Gift Card Winners,"2017 Restaurant Gift Card Winners. Published ... Crete, AB T0H 2H0. View Full Listing ...","""Crete"" ""restaurant"" ""gift card""",2,data\discovery\focused-harvest-v7\clean-v7\review.csv | data\discovery\focused-harvest-v7-run1-backup\clean-v7\review.csv,,REVIEW,non_greek_brand_coherence_unclear
80,ladylike.gr,Anytime Home Economic= €30 Δωροκάρτα IKEA + έως και €100 ...,https://www.ladylike.gr/publi/anytime-home-economic-30-dwrokarta-ikea-ews-kai-100-xamhlotera-asfalistra-to-xrono/,Anytime Home Economic= €30 Δωροκάρτα IKEA + έως και €100 ...,Anytime Home Economic= €30 Δωροκάρτα IKEA + έως και €100 χαμηλότερα ασφάλιστρα το χρόνο! ... Chic by the Sea: This Season's Swimwear Trends · ΕΠΙΚΑΙΡΟΤΗΤΑ.,"site:.gr ""swimwear"" ""δωροκάρτα""",5,data\discovery\mass-harvest-v5\clean-v5.1\review.csv | data\discovery\mass-harvest-v5\clean-v5.2\manual-review.csv | data\discovery\mass-harvest-v5\clean-v5.3\global-review.csv | data\discovery\mass-harvest-v5\clean-v5.4\review.csv | data\discovery\mass-harvest-v5\clean-v5.5\review.csv,,REJECT,third_party_ikea_gift_card
85,lagonika.gr,Με κάθε αγορά μηχανής espresso κέρδισε δωροεπιταγή ...,https://www.lagonika.gr/prosfores/me-ka8e-agora-mhxanhs-espresso-kerdise-dwroepitagh-a3ias-ews-100euro-gia-epomenh-ag/,Με κάθε αγορά μηχανής espresso κέρδισε δωροεπιταγή ...,"Με κάθε αγορά μηχανής espresso κέρδισε δωροεπιταγή αξίας έως 100€ για επόμενη αγορά, ΚΩΤΣΟΒΟΛΟΣ ... Cafe Latte. Με inox επιφάνεια και όμορφο λιτό ...","site:.gr ""cafe"" ""δωροεπιταγή""",8,data\discovery\focused-harvest-v7\clean-v7\review.csv | data\discovery\focused-harvest-v7-run1-backup\clean-v7\review.csv | data\discovery\mass-harvest-v5\clean-v5.1\review.csv | data\discovery\mass-harvest-v5\clean-v5.2\manual-review.csv | data\discovery\mass-harvest-v5\clean-v5.3\global-review.csv | data\discovery\mass-harvest-v5\clean-v5.4\review.csv | data\discovery\mass-harvest-v5\clean-v5.5\review.csv | data\discovery\mega-harvest-v6\clean-v6\review.csv,,REVIEW,greek_domain_brand_coherence_unclear
85,lahjakortti.scandichotels.fi,Scandic Hotels gift cards,https://lahjakortti.scandichotels.fi/shop/lang/en,Scandic Hotels gift cards,Redeemable at any Scandic Hotel in Finland and valid for 12 months from the day you purchased it. The gift card cannot be exchanged for money. The gift card is ...,"""Finland"" hotel ""gift card"" official",5,data\discovery\mass-harvest-v5\clean-v5.1\review.csv | data\discovery\mass-harvest-v5\clean-v5.2\manual-review.csv | data\discovery\mass-harvest-v5\clean-v5.3\global-review.csv | data\discovery\mass-harvest-v5\clean-v5.4\review.csv | data\discovery\mass-harvest-v5\clean-v5.5\review.csv,,SECOND_PASS_SAFE,non_greek_brand_coherent_direct_gift_card
100,languagetrainers.com,Language Lessons Gift Card Vouchers,https://www.languagetrainers.com/gift-card-vouchers,Language Lessons Gift Card Vouchers,"Gift Card Voucher. Are you looking for a unique present? Something that will ... Our general group courses follow a set timetable, featuring 90-minute ...","""courses"" ""gift card"" Greece",4,data\discovery\mass-harvest-v5\clean-v5.2\global-review.csv | data\discovery\mass-harvest-v5\clean-v5.3\global-review.csv | data\discovery\mass-harvest-v5\clean-v5.4\review.csv | data\discovery\mass-harvest-v5\clean-v5.5\review.csv,,REVIEW,non_greek_brand_coherence_unclear
100,larissaann.com,Larissa Ann Fine Art Gift Card,https://larissaann.com/products/larissa-ann-fine-art-gift-card,Larissa Ann Fine Art Gift Card,"Give the gift of choice with a Larissa Ann Fine Art Gift Card. Perfect for prints, ornaments, or custom commissions—art as unique as your loved one.","""Larissa"" ""gift card""",3,data\discovery\mass-harvest-v5\clean-v5.3\greece-market-review.csv | data\discovery\mass-harvest-v5\clean-v5.4\review.csv | data\discovery\mass-harvest-v5\clean-v5.5\review.csv,,SECOND_PASS_SAFE,non_greek_brand_coherent_direct_gift_card
100,larissaloden.com,Digital Gift Card,https://larissaloden.com/products/loden-up-gift-card?srsltid=AfmBOopyHOHHTOoCE93swj0-CEuxg5Cxy2zA-JlbEQq4MxJJHntR7z7j,Digital Gift Card,You'll get a handy email copy of your digital gift card when you submit your order. ... © Larissa Loden™ 2026. Facebook Twitter Tiktok Pinterest Instagram ...,"""Larissa"" ""gift card""",3,data\discovery\mass-harvest-v5\clean-v5.3\greece-market-review.csv | data\discovery\mass-harvest-v5\clean-v5.4\review.csv | data\discovery\mass-harvest-v5\clean-v5.5\review.csv,,REVIEW,non_greek_brand_coherence_unclear
100,larissalovecosmetics.com,Gift Card,https://www.larissalovecosmetics.com/products/gift-card,Gift Card,Shopping for someone else but not sure what to give them? Give them the gift of choice with a Larissa Love Cosmetics Gift Card.,"""Larissa"" ""gift card""",3,data\discovery\mass-harvest-v5\clean-v5.3\greece-market-review.csv | data\discovery\mass-harvest-v5\clean-v5.4\review.csv | data\discovery\mass-harvest-v5\clean-v5.5\review.csv,,REVIEW,non_greek_brand_coherence_unclear
100,larrykinghair.com,Larry King Haircare Gift Card,https://larrykinghair.com/products/larry-king-haircare-gift-card?srsltid=AfmBOoqNaR2ThCSN7Hdnke41dViqtqHvI4kmoQ_2QS3YPrK7WYFaKwq9,Larry King Haircare Gift Card,"Give the gift of great hair with a Larry King Haircare digital gift card. Perfect for styling, scalp care & haircare essentials. Online use only.","""haircare"" ""gift card"" Greece",1,data\discovery\mega-harvest-v6\clean-v6\review.csv,,SECOND_PASS_SAFE,non_greek_brand_coherent_direct_gift_card
80,lartedimassaggio.gr,Δωροκάρτα Μασάζ L'Arte di Massaggio -,https://lartedimassaggio.gr/%CE%B4%CF%89%CF%81%CE%BF%CE%BA%CE%AC%CF%81%CF%84%CE%B1/,Δωροκάρτα Μασάζ L'Arte di Massaggio -,Η δωροκάρτα μασάζ και όχι μόνο μας παρέχει την ελευθερία στον παραλήπτη ... Body Massage · Body Treatments · Face Treatments · Slimming & Sculpting Massage.,"site:.gr ""massage"" ""δωροκάρτα""",1,data\discovery\mega-harvest-v6\clean-v6\review.csv,,SECOND_PASS_SAFE,greek_brand_coherent_direct_gift_card
100,latravel.gr,Travel Gift Voucher,https://www.latravel.gr/gift-voucher/,Travel Gift Voucher,Travel Gift Voucher. Ένα πρωτότυπο δώρο που δεν χρειάζεται κάρτα αλλαγής. Μερικά δώρα διαρκούν για όσο χρησιμοποιούνται. Κάποια άλλα ανταλλάσσονται με συμβολικό ...,"site:.gr ""travel"" ""gift voucher""",3,data\discovery\focused-harvest-v7\clean-v7\review.csv | data\discovery\focused-harvest-v7-run1-backup\clean-v7\review.csv | data\discovery\mega-harvest-v6\clean-v6\review.csv,,REVIEW,greek_domain_brand_coherence_unclear
85,lavalmore.gr,Lavalmore,https://lavalmore.gr/categories/%CE%B4%CF%89%CF%81%CE%BF%CE%BA%CE%AC%CF%81%CF%84%CE%B1/?srsltid,Δωροκάρτα,Χάρισε ένα μοναδικό δώρο σε εκείνους που αγαπάς με την δωροκάρτα του Lavalmore. Επίλεξε ποσό online και φόρτωσε τη Lavalmore GiftCard ... Flower Lace Lingerie ...,"site:.gr ""lingerie"" ""δωροκάρτα""",8,data\discovery\focused-harvest-v7\clean-v7\review.csv | data\discovery\focused-harvest-v7-run1-backup\clean-v7\review.csv | data\discovery\mass-harvest-v5\clean-v5.1\review.csv | data\discovery\mass-harvest-v5\clean-v5.2\manual-review.csv | data\discovery\mass-harvest-v5\clean-v5.3\global-review.csv | data\discovery\mass-harvest-v5\clean-v5.4\review.csv | data\discovery\mass-harvest-v5\clean-v5.5\review.csv | data\discovery\mega-harvest-v6\clean-v6\review.csv,,SECOND_PASS_SAFE,greek_brand_coherent_direct_gift_card
80,lavaron.com.gr,300 ευρώ σε Δωροεπιταγές για τις ανάγκες Συνανθρώπων μας ...,https://lavaron.com.gr/300-eyro-se-doroepitages-gia-tis-anagkes-synanthropon-mas-dorizei-akoma-mia-fora-i-syntaktiki-omada-toy-praktoreioy-ekklisiastikis-leitoyrgikis-politistikis-enimerosis-lavaron-com-gr/,300 ευρώ σε Δωροεπιταγές για τις ανάγκες Συνανθρώπων μας ...,300 ευρώ σε Δωροεπιταγές για τις ανάγκες Συνανθρώπων μας δωρίζει ακόμα μια φορά η Συντακτική ομάδα του Πρακτορείου Εκκλησιαστικής ...,"site:.com.gr ""δωροεπιταγές""",3,data\discovery\focused-harvest-v7\clean-v7\review.csv | data\discovery\focused-harvest-v7-run1-backup\clean-v7\review.csv | data\discovery\mega-harvest-v6\clean-v6\review.csv,,REVIEW,greek_domain_brand_coherence_unclear
85,laviejewelry.gr,Laviejewelry,https://www.laviejewelry.gr/el/collections/gift-cart?srsltid,Δωροκάρτα,"Συλλογή: Δωροκάρτα. Φιλτράρισμα: Διαθεσιμότητα ... La Vie Jewelry Gift Cart. Παραγγελίες. Πολιτική ... © 2026, La Vie Jewelry Με την υποστήριξη της Shopify.","site:.gr ""jewelry"" ""δωροκάρτα""",8,data\discovery\focused-harvest-v7\clean-v7\review.csv | data\discovery\focused-harvest-v7-run1-backup\clean-v7\review.csv | data\discovery\mass-harvest-v5\clean-v5.1\review.csv | data\discovery\mass-harvest-v5\clean-v5.2\manual-review.csv | data\discovery\mass-harvest-v5\clean-v5.3\global-review.csv | data\discovery\mass-harvest-v5\clean-v5.4\review.csv | data\discovery\mass-harvest-v5\clean-v5.5\review.csv | data\discovery\mega-harvest-v6\clean-v6\review.csv,,SECOND_PASS_SAFE,greek_brand_coherent_direct_gift_card
65,lazydayzdesigns.com,Gift Card Balance - LazyDayz Designs,https://lazydayzdesigns.com/gift-card-balance/,Gift Card Balance - LazyDayz Designs,"... Accessories Freshmade Handcrafted Bags & Accessories Freshmade Handcrafted Bags & Accessories ... Krispou 1, Ano Poli, 54634, Thessaloniki, Greece. GEMI ...","""Thessaloniki"" ""accessories"" ""gift card""",1,data\discovery\mega-harvest-v6\clean-v6\review.csv,,SECOND_PASS_SAFE,non_greek_brand_coherent_direct_gift_card
80,leathertwist.gr,Δωροκάρτα 100,https://leathertwist.gr/product/%CE%B4%CF%89%CF%81%CE%BF%CE%BA%CE%AC%CF%81%CF%84%CE%B1-100e/?srsltid=AfmBOorg3I0Se8EGLPN7L_UTAF858dqOKphBUtzB4p7dkngbuLis9L12,Δωροκάρτα 100,Δωροκάρτα 100€. €100.00. Διαθέσιμο σε 1 με 10 εργάσιμες. Διαθέσιμο σε 1 με 10 ... The new era in leather design. Νέες Αφίξεις · Τσάντες · Όλα · Βραδινές Τσάντες ...,"site:.gr ""leather"" ""δωροκάρτα""",5,data\discovery\mass-harvest-v5\clean-v5.1\review.csv | data\discovery\mass-harvest-v5\clean-v5.2\manual-review.csv | data\discovery\mass-harvest-v5\clean-v5.3\global-review.csv | data\discovery\mass-harvest-v5\clean-v5.4\review.csv | data\discovery\mass-harvest-v5\clean-v5.5\review.csv,,REVIEW,greek_domain_brand_coherence_unclear
80,leerme.pl,Gift voucher,https://leerme.pl/en/products/bon-podarunkowy,Gift voucher,Greece EUR €; Hungary HUF Ft; Ireland EUR €; Italy ... Gift voucher. Close. Gift voucher. Materials and quality that matter ... Responsible fashion for everyday ...,"""Greece"" ""fashion"" ""gift voucher""",1,data\discovery\mega-harvest-v6\clean-v6\review.csv,,REVIEW,non_greek_brand_coherence_unclear
85,lefconceptstore.com,Lef Conceptstore gift voucher,https://lefconceptstore.com/en/products/lef-conceptstore-cadeaubon?srsltid=AfmBOopLYTGbaNPLE0GTKqL7WC4XN77ygFkBz4IC1nqMxf9WLyzV8wF5,Lef Conceptstore gift voucher,Lef Conceptstore gift voucher. Lef Conceptstore gift voucher. Values. €25.00Variant sold out or unavailable €50.00Variant sold out or unavailable €100.00 ...,"""concept store"" ""gift voucher"" Greece",1,data\discovery\mega-harvest-v6\clean-v6\review.csv,,SECOND_PASS_SAFE,non_greek_brand_coherent_direct_gift_card
100,lego.com,Discover LEGO® Gift Cards | Official LEGO® Shop GR,https://www.lego.com/en-gr/gift-cards,Discover LEGO® Gift Cards | Official LEGO® Shop GR,Plush toys · Puzzles & board games · Stationery · Water Bottles ... Is there a minimum or maximum value that can be loaded onto a LEGO Gift Card or e-Gift Card?,"""toys"" ""gift card"" Greece",5,data\discovery\mass-harvest-v5\clean-v5.2\global-review.csv | data\discovery\mass-harvest-v5\clean-v5.3\global-review.csv | data\discovery\mass-harvest-v5\clean-v5.4\review.csv | data\discovery\mass-harvest-v5\clean-v5.5\review.csv | data\discovery\mega-harvest-v6\clean-v6\review.csv,,SECOND_PASS_SAFE,non_greek_brand_coherent_direct_gift_card
100,lego.storegreece.gr,Lego,https://www.lego.storegreece.gr/upiresies/gift-cards/e-gift-card/?srsltid=AfmBOoqTiDLstS5UtdAowIuCCwD3HoowSDQtBZOo0JEbqlXrS0FvSOHn,e-Gift Card,Ψάχνετε το καλύτερο δώρο; Αγοράστε μία e-Gift Card από το lego.storegreece.gr ώστε το αγαπημένο σας πρόσωπο να επιλέξει ένα μοναδικό δώρο που θα λατρέψει!,"""gift card"" Greece",2,data\discovery\mass-harvest-v5\clean-v5.4\review.csv | data\discovery\mass-harvest-v5\clean-v5.5\review.csv,,REVIEW,greek_domain_brand_coherence_unclear
80,lemontreekids.gr,LemonTreeKids - Χάρισε Αγάπη!,https://lemontreekids.gr/dorokarta/?srsltid,Δωροκάρτα LemonTreeKids - Χάρισε Αγάπη!,"Lemon Tree Kids. Search. 0. Cart. Δωροκάρτα ... Εξαργύρωσε μια δωροκάρτα Για να εξαργυρώσεις τη δωροκάρτα, απλώς ...","site:.gr ""kids"" ""δωροκάρτα""",8,data\discovery\focused-harvest-v7\clean-v7\review.csv | data\discovery\focused-harvest-v7-run1-backup\clean-v7\review.csv | data\discovery\mass-harvest-v5\clean-v5.1\review.csv | data\discovery\mass-harvest-v5\clean-v5.2\manual-review.csv | data\discovery\mass-harvest-v5\clean-v5.3\global-review.csv | data\discovery\mass-harvest-v5\clean-v5.4\review.csv | data\discovery\mass-harvest-v5\clean-v5.5\review.csv | data\discovery\mega-harvest-v6\clean-v6\review.csv,,SECOND_PASS_SAFE,greek_brand_coherent_direct_gift_card
100,leonardo-hotels.com,Leonardo Hotels Gift Voucher,https://www.leonardo-hotels.com/gift-voucher,Leonardo Hotels Gift Voucher,"A Leonardo Hotels gift card is perfect for any occasion — a relaxing weekend ... Cyprus, Czech Republic, Denmark, Djibouti, Dominica, Dominican Republic ...","""Cyprus"" hotel ""gift card"" official",4,data\discovery\mass-harvest-v5\clean-v5.2\global-review.csv | data\discovery\mass-harvest-v5\clean-v5.3\global-review.csv | data\discovery\mass-harvest-v5\clean-v5.4\review.csv | data\discovery\mass-harvest-v5\clean-v5.5\review.csv,,SECOND_PASS_SAFE,non_greek_brand_coherent_direct_gift_card
85,lepetit.gr,Αγοράστε μία Δωροεπιταγή,https://lepetit.gr/index.php?route,Αγοράστε μία Δωροεπιταγή,Gioseppo Kids · Gioseppo Kids · Hρα · Hρα. Igor · Igor · Kids-code · Kids-code. LATTAS ... Αυτή η δωροεπιταγή θα αποσταλεί μέ e-mail στον παραλήπτη αφού ...,"site:.gr ""kids"" ""δωροεπιταγή""",2,data\discovery\focused-harvest-v7\clean-v7\review.csv | data\discovery\focused-harvest-v7-run1-backup\clean-v7\review.csv,,REVIEW,greek_domain_brand_coherence_unclear
80,lepetitlunetier.com,Gift voucher,https://lepetitlunetier.com/en-eu/collections/carte-cadeau?srsltid=AfmBOooEAX9lGsp5I14RTEqirLDfgH75j1Sy-ENyg2OYd4z95l4pzdDM,Gift voucher,"As soon as you have successfully placed your order, you will receive your gift voucher via email ... Optics · NEW IN. WOMEN'S PRESCRIPTION GLASSES · Women's ...","""optics"" ""gift voucher"" Greece",6,data\discovery\mass-harvest-v5\clean-v5.1\review.csv | data\discovery\mass-harvest-v5\clean-v5.2\manual-review.csv | data\discovery\mass-harvest-v5\clean-v5.3\global-review.csv | data\discovery\mass-harvest-v5\clean-v5.4\review.csv | data\discovery\mass-harvest-v5\clean-v5.5\review.csv | data\discovery\mega-harvest-v6\clean-v6\review.csv,,REVIEW,non_greek_brand_coherence_unclear
80,letapeseries.com,Gift voucher L'Etape Slovenia,https://www.letapeseries.com/memories/race/looking-for-a-gift-give-away-a-legendary-experience,Gift voucher L'Etape Slovenia,"The gift voucher includes a unique code for registering to L'Etape Slovenia by Tour de France, which will take place on Sunday, September 8, 2024. The recipient ...","""tour"" ""gift voucher"" Greece",1,data\discovery\mega-harvest-v6\clean-v6\review.csv,,REVIEW,non_greek_brand_coherence_unclear
80,letmeout.be,GIFT VOUCHER,https://letmeout.be/en/gifts/,GIFT VOUCHER,"In digital or paper version, offer a gift voucher for an exciting and beautiful escape game in the heart of Brussels ! ... Offer an original escape room in ...","""escape room"" ""gift voucher"" Greece",6,data\discovery\mass-harvest-v5\clean-v5.1\review.csv | data\discovery\mass-harvest-v5\clean-v5.2\manual-review.csv | data\discovery\mass-harvest-v5\clean-v5.3\global-review.csv | data\discovery\mass-harvest-v5\clean-v5.4\review.csv | data\discovery\mass-harvest-v5\clean-v5.5\review.csv | data\discovery\mega-harvest-v6\clean-v6\review.csv,,REVIEW,non_greek_brand_coherence_unclear
85,letoshop.gr,ΛΗΤΩ για όλους,https://www.letoshop.gr/el/p/home/59843-dwroepitagi-giaolous.html?srsltid,Δωροεπιταγή ΛΗΤΩ για όλους,Η παρούσα δωροεπιταγή ισχύει για (1) ένα έτος από την ημερομηνία αγοράς της από τα Βρεφικά Πολυκαταστήματα Λητώ. Δεν ανταλλάσσεται με χρήματα και μπορεί να ...,"site:.gr ""δωροεπιταγή""",8,data\discovery\focused-harvest-v7\clean-v7\review.csv | data\discovery\focused-harvest-v7-run1-backup\clean-v7\review.csv | data\discovery\mass-harvest-v5\clean-v5.1\review.csv | data\discovery\mass-harvest-v5\clean-v5.2\manual-review.csv | data\discovery\mass-harvest-v5\clean-v5.3\global-review.csv | data\discovery\mass-harvest-v5\clean-v5.4\review.csv | data\discovery\mass-harvest-v5\clean-v5.5\review.csv | data\discovery\mega-harvest-v6\clean-v6\review.csv,,REVIEW,greek_domain_brand_coherence_unclear
100,letsgotours.com,Travel Gift Voucher,https://letsgotours.com/en/travel-gift-voucher/,Travel Gift Voucher,"What happens if the travel package price is more that the value of the travel gift voucher? ... 2 Syntagmatos street, 3036 Limassol, Cyprus. +357 25 346033. sales ...","""Cyprus"" travel ""gift voucher"" official",4,data\discovery\mass-harvest-v5\clean-v5.2\global-review.csv | data\discovery\mass-harvest-v5\clean-v5.3\global-review.csv | data\discovery\mass-harvest-v5\clean-v5.4\review.csv | data\discovery\mass-harvest-v5\clean-v5.5\review.csv,,REVIEW,non_greek_brand_coherence_unclear
100,levainbakery.com,Levainbakery,https://levainbakery.com/products/rise-ai-giftcard?srsltid=AfmBOoqA_xdSU_lxLa0uGkejyQw58NTmylx4Ez4OIN8oyQfBIkqKP53Z,E-Gift Card (for Nationwide Shipping Only),Greece USD $; Greenland USD $; Grenada USD $; Guadeloupe USD $; Guatemala ... E-Gift Card - Levain Bakery. Get a Free Tote With ...,"""bakery"" ""gift card"" Greece",1,data\discovery\mega-harvest-v6\clean-v6\review.csv,,SECOND_PASS_SAFE,non_greek_brand_coherent_direct_gift_card
85,lga.com.gr,Αγοράστε μία Δωροεπιταγή - Γραφικές Τέχνες Λήμνου,https://lga.com.gr/index.php?route,Αγοράστε μία Δωροεπιταγή - Γραφικές Τέχνες Λήμνου,Αγοράστε μία Δωροεπιταγή. Αυτή η δωροεπιταγή θα αποσταλεί μέ e-mail στον παραλήπτη αφού ολοκληρωθεί ή πληρωμή σας. Όνομα παραλήπτη. E-mail παραλήπτη. Το όνομα ...,"site:.com.gr ""δωροεπιταγή""",3,data\discovery\focused-harvest-v7\clean-v7\review.csv | data\discovery\focused-harvest-v7-run1-backup\clean-v7\review.csv | data\discovery\mega-harvest-v6\clean-v6\review.csv,,REVIEW,greek_domain_brand_coherence_unclear
80,liastravel.com,Δωροκάρτα Ταξιδιού Lia's Travel: Χάρισε Ένα Ταξίδι!,https://liastravel.com/dorokarta-lias-travel-charise-to-pio-omorfo-do/,Δωροκάρτα Ταξιδιού Lia's Travel: Χάρισε Ένα Ταξίδι!,"Αν θέλεις να κάνεις ένα δώρο που πραγματικά θα ξεχωρίσει, η λύση είναι η Δωροκάρτα του Lia's Travel. Αντί για ένα ακόμη τυποποιημένο αντικείμενο ...","""travel"" ""δωροκάρτα"" Greece",1,data\discovery\mega-harvest-v6\clean-v6\review.csv,,SECOND_PASS_SAFE,non_greek_brand_coherent_direct_gift_card
65,libertineparfumerie.com.au,Digital Gift Card - Libertine,https://www.libertineparfumerie.com.au/products/digital-gift-card?srsltid=AfmBOopvMasTT-GuMyvPT1mYgqjdrguJ_yxlM6x0f4OlngmtsqAqsOFk,Digital Gift Card - Libertine,"(GMT+3) Europe / Athens, (GMT+2) Europe / Belgrade, (GMT+2) Europe / Berlin, (GMT+2) ... perfume houses. Discover Find my Perfume. Outlet. Connect With Us.","""Athens"" ""perfume"" ""gift card""",1,data\discovery\mega-harvest-v6\clean-v6\review.csv,,REVIEW,non_greek_brand_coherence_unclear
100,licentie2go.com,VVV Gift Card | Choose your own value | Netherlands,https://licentie2go.com/en-nl/vvv-giftcard,VVV Gift Card | Choose your own value | Netherlands,"The VVV Online Gift Card is the #1 digital gift card with more than 1,000 affiliated online shops. ... VVV Gift Card | Choose your own value | Netherlands.","""Netherlands"" retail ""gift card"" official",4,data\discovery\mass-harvest-v5\clean-v5.2\global-review.csv | data\discovery\mass-harvest-v5\clean-v5.3\global-review.csv | data\discovery\mass-harvest-v5\clean-v5.4\review.csv | data\discovery\mass-harvest-v5\clean-v5.5\review.csv,,REVIEW,non_greek_brand_coherence_unclear
100,lifehappensoutdoors.com,Adventure Gift Vouchers & Travel Gift Cards | LHO,https://lifehappensoutdoors.com/life-happens-outdoors-gift-card/?srsltid=AfmBOorguVTiwbVsDh401a2Ty6v0DuwmFPc4ZsbfzjuLqGN3I_Vt8G73,Adventure Gift Vouchers & Travel Gift Cards | LHO,"Greece · Italy · Norway · Scotland ... Each adventure gift voucher can be used toward guided trekking, climbing, mountaineering and outdoor experiences worldwide.","""outdoor"" ""gift voucher"" Greece",4,data\discovery\mass-harvest-v5\clean-v5.3\greece-market-review.csv | data\discovery\mass-harvest-v5\clean-v5.4\review.csv | data\discovery\mass-harvest-v5\clean-v5.5\review.csv | data\discovery\mega-harvest-v6\clean-v6\review.csv,,REVIEW,non_greek_brand_coherence_unclear
100,lifestylegiftcards.co.uk,Lifestyle Gift Cards,https://www.lifestylegiftcards.co.uk/,Lifestyle Gift Cards,GIFT CARDS FOR EVERY OCCASION · Choose a gift card. For sending by post or email · Shop from hundreds of UK brands.,"""UK"" retail ""gift card"" official",4,data\discovery\mass-harvest-v5\clean-v5.2\global-review.csv | data\discovery\mass-harvest-v5\clean-v5.3\global-review.csv | data\discovery\mass-harvest-v5\clean-v5.4\review.csv | data\discovery\mass-harvest-v5\clean-v5.5\review.csv,,REVIEW,non_greek_brand_coherence_unclear
100,lighthousegolfresort.com,Gift Vouchers,https://lighthousegolfresort.com/gift-vouchers/,Gift Vouchers,"Celebrate every special moment—be it a birthday, anniversary, Christmas, Valentine's Day, or simply a heartfelt gesture—with a Lighthouse Gift Voucher.","""resort"" ""gift voucher"" Greece",5,data\discovery\mass-harvest-v5\clean-v5.2\global-review.csv | data\discovery\mass-harvest-v5\clean-v5.3\global-review.csv | data\discovery\mass-harvest-v5\clean-v5.4\review.csv | data\discovery\mass-harvest-v5\clean-v5.5\review.csv | data\discovery\mega-harvest-v6\clean-v6\review.csv,,REVIEW,non_greek_brand_coherence_unclear
85,lilalokids.gr,Αγοράστε μία Δωροεπιταγή,https://lilalokids.gr/index.php?route,Αγοράστε μία Δωροεπιταγή,"Αυτή η δωροεπιταγή θα αποσταλεί μέ e-mail στον παραλήπτη αφού ολοκληρωθεί ή πληρωμή σας. ... Copyright © 2021, LILALO KIDS | Designed & Hosted by: costas.co ...","site:.gr ""kids"" ""δωροεπιταγή""",2,data\discovery\focused-harvest-v7\clean-v7\review.csv | data\discovery\focused-harvest-v7-run1-backup\clean-v7\review.csv,,REVIEW,greek_domain_brand_coherence_unclear
65,lille-barn.com,Gift Voucher,https://lille-barn.com/en/products/gift-voucher?srsltid=AfmBOore2ocul6-v6UmWIFY5P7GuUVEHRMXEfJSPgPAbUrQnLk7eBxw1,Gift Voucher,"Greece (EUR), Hungary (HUF), Ireland (EUR), Italy (EUR), Latvia (EUR) ... Wooden toys - Marble run tree small - Montessori - Open-ended toys. €54,95.","""Greece"" ""toys"" ""gift voucher""",1,data\discovery\mega-harvest-v6\clean-v6\review.csv,,REVIEW,non_greek_brand_coherence_unclear
100,linasnara.com,Gift Voucher | Choose Your Jewelry Gift - Lina Snara,https://www.linasnara.com/products/gift-voucher?srsltid=AfmBOortTuAbacf03aVpasfSoGUbzvxcsUZRiWyvl_33Qw1cJScjP3ea,Gift Voucher | Choose Your Jewelry Gift - Lina Snara,"... Load image into Gallery viewer, Gift Voucher. Gift Voucher ... Greece. Croatia flag. Croatia. Hungary flag. Hungary. Ireland flag. Ireland. Israel ...","""Greece"" ""jewelry"" ""gift voucher""",1,data\discovery\mega-harvest-v6\clean-v6\review.csv,,SECOND_PASS_SAFE,non_greek_brand_coherent_direct_gift_card
100,lindseyrift.glossgenius.com,Gift Cards,https://lindseyrift.glossgenius.com/shop/gift-cards,Gift Cards,"$50 $75 $100 $200. Custom amount. Choose a gift card design. Gift card design option 1 at Lindsey Rift Skincare in Athens, GA. Gift card design option 2 at ...","""Athens"" ""skincare"" ""gift card""",1,data\discovery\mega-harvest-v6\clean-v6\review.csv,,REVIEW,non_greek_brand_coherence_unclear
85,lingerieboutique.gr,Αγοράστε μία Δωροεπιταγή,https://www.lingerieboutique.gr/index.php?route,Αγοράστε μία Δωροεπιταγή,"Αυτή η δωροεπιταγή θα αποσταλεί μέ e-mail στον παραλήπτη αφού ολοκληρωθεί ή πληρωμή σας. ... Lingerie Boutique, στο Ίλιον. Επιλεγμένες ... Lingerie Boutique -","site:.gr ""lingerie"" ""δωροεπιταγή""",2,data\discovery\focused-harvest-v7\clean-v7\review.csv | data\discovery\focused-harvest-v7-run1-backup\clean-v7\review.csv,,REVIEW,greek_domain_brand_coherence_unclear
100,lingolifto.com,Gift voucher Meaning in Greek,https://www.lingolifto.com/greek/noun/gift-voucher/D9yk_jc9u4U/,Gift voucher Meaning in Greek – δωροεπιταγή,"Learn the English word 'gift voucher' with Greek translation, a simple definition, audio pronunciation, example sentences, and a short listening story.","""audio"" ""gift voucher"" Greece",1,data\discovery\mega-harvest-v6\clean-v6\review.csv,,REVIEW,non_greek_brand_coherence_unclear
80,linguee.gr,Ελληνική μετάφραση,https://www.linguee.gr/%CE%B1%CE%B3%CE%B3%CE%BB%CE%B9%CE%BA%CE%AC-%CE%B5%CE%BB%CE%BB%CE%B7%CE%BD%CE%B9%CE%BA%CE%AC/%CE%BC%CE%B5%CF%84%CE%AC%CF%86%CF%81%CE%B1%CF%83%CE%B7/gift+voucher.html,gift voucher - Ελληνική μετάφραση,Πολλές ενδεικτικές μεταφρασμένες προτάσεις που περιέχουν «gift voucher» – Ελληνο-Αγγλικό λεξικό και μηχανή αναζήτησης για ελληνικές μεταφράσεις.,"site:.gr ""gift voucher""",2,data\discovery\focused-harvest-v7\clean-v7\review.csv | data\discovery\focused-harvest-v7-run1-backup\clean-v7\review.csv,,REVIEW,greek_domain_brand_coherence_unclear
80,linsonmoto.gr,Δωροκάρτα 200€ ДРУГИ | Linson Moto,https://linsonmoto.gr/dwrokarta-200,Δωροκάρτα 200€ ДРУГИ | Linson Moto,"Δωροκάρτες LINSON MOTO Δωροκάρτα 200€ ДРУГИ στην τιμή 200,00€ με γρήγορη παράδοση και δυνατότητα επιστροφής ή αλλαγής του προϊόντος εντός 30 ημερών στο ...","site:.gr ""parking"" ""δωροκάρτα""",1,data\discovery\mega-harvest-v6\clean-v6\review.csv,,SECOND_PASS_SAFE,greek_brand_coherent_direct_gift_card
100,littlefinland.de,Online Gift Card 15,https://littlefinland.de/en/gift-cards/1363-virtual-gift-card-15.html,Online Gift Card 15,"Digital gift card for our online shop. Send it as a present directly to the recipient's email (""Others"") or your own email (""Self"").","""Finland"" retail ""gift card"" official",4,data\discovery\mass-harvest-v5\clean-v5.2\global-review.csv | data\discovery\mass-harvest-v5\clean-v5.3\global-review.csv | data\discovery\mass-harvest-v5\clean-v5.4\review.csv | data\discovery\mass-harvest-v5\clean-v5.5\review.csv,,REVIEW,non_greek_brand_coherence_unclear
85,littleflowers.gr,Αγοράστε μία Δωροεπιταγή - Little Flowers,https://littleflowers.gr/index.php?route,Αγοράστε μία Δωροεπιταγή - Little Flowers,Χαρίστε μια δωροκάρτα Little Flowers στα αγαπημένα σας πρόσωπα και δώστε τους τη δυνατότητα να επιλέξουν αυτοί τα προϊόντα που επιθυμούν!,"site:.gr ""flowers"" ""δωροκάρτα""",8,data\discovery\focused-harvest-v7\clean-v7\review.csv | data\discovery\focused-harvest-v7-run1-backup\clean-v7\review.csv | data\discovery\mass-harvest-v5\clean-v5.1\review.csv | data\discovery\mass-harvest-v5\clean-v5.2\manual-review.csv | data\discovery\mass-harvest-v5\clean-v5.3\global-review.csv | data\discovery\mass-harvest-v5\clean-v5.4\review.csv | data\discovery\mass-harvest-v5\clean-v5.5\review.csv | data\discovery\mega-harvest-v6\clean-v6\review.csv,,SECOND_PASS_SAFE,greek_brand_coherent_direct_gift_card
85,livecards.net,Cheapest Zalando Gift Card 10 EUR Spain,https://livecards.net/lv/es-zalando-gc-10-eur,Cheapest Zalando Gift Card 10 EUR Spain,"The Zalando Gift Card 10 EUR (Spain) is a digital prepaid gift card for shopping fashion, shoes, and accessories at Zalando. A perfect way to explore top ...","""Spain"" fashion ""gift card"" official",5,data\discovery\mass-harvest-v5\clean-v5.1\review.csv | data\discovery\mass-harvest-v5\clean-v5.2\manual-review.csv | data\discovery\mass-harvest-v5\clean-v5.3\global-review.csv | data\discovery\mass-harvest-v5\clean-v5.4\review.csv | data\discovery\mass-harvest-v5\clean-v5.5\review.csv,,REVIEW,non_greek_brand_coherence_unclear
85,livingcrueltyfree.gr,online αγορών αξίας 35 Ευρώ,https://livingcrueltyfree.gr/%CF%80%CF%81%CE%BF%CF%8A%CF%8C%CE%BD/%CE%B4%CF%89%CF%81%CE%BF%CE%B5%CF%80%CE%B9%CF%84%CE%B1%CE%B3%CE%B7-living-35e/?srsltid,Δωροεπιταγή online αγορών αξίας 35 Ευρώ,"Δωροεπιταγή Living 35€. 35,00€. Δωροκάρτα 35 ευρώ για αγορές πιστοποιημένων cruelty free και vegan καλλυντικών, παπουτσιών ή αξεσουάρ από ...","site:.gr ""δωροεπιταγή""",8,data\discovery\focused-harvest-v7\clean-v7\review.csv | data\discovery\focused-harvest-v7-run1-backup\clean-v7\review.csv | data\discovery\mass-harvest-v5\clean-v5.1\review.csv | data\discovery\mass-harvest-v5\clean-v5.2\manual-review.csv | data\discovery\mass-harvest-v5\clean-v5.3\global-review.csv | data\discovery\mass-harvest-v5\clean-v5.4\review.csv | data\discovery\mass-harvest-v5\clean-v5.5\review.csv | data\discovery\mega-harvest-v6\clean-v6\review.csv,,REVIEW,greek_domain_brand_coherence_unclear
80,livlig.com,LIVLIG Gift Voucher – Give Joy for Garden & Balcony,https://livlig.com/en-eu/products/livlig-voucher,LIVLIG Gift Voucher – Give Joy for Garden & Balcony,LIVLIG Gift Voucher – Give Joy for Garden & Balcony. With the LIVLIG voucher ... Greece Flag Greece. Ireland Flag Ireland. Portugal Flag Portugal. Hungary ...,"""Greece"" ""garden"" ""gift voucher""",1,data\discovery\mega-harvest-v6\clean-v6\review.csv,,SECOND_PASS_SAFE,non_greek_brand_coherent_direct_gift_card
80,llearn.gr,Virtual Reality Zero Latency Gift Voucher Gift ... - llearn.gr,https://www.llearn.gr/?r=16295315041260,Virtual Reality Zero Latency Gift Voucher Gift ... - llearn.gr,Virtual Reality Zero Latency Gift Voucher Gift Vouchers Zero Latency VR Sunshine Coast. ... gymlock mat gym mats direct. Quick Look. gymlock mat ...,"site:.gr ""gym"" ""gift voucher""",1,data\discovery\mega-harvest-v6\clean-v6\review.csv,,SECOND_PASS_SAFE,greek_brand_coherent_direct_gift_card
80,loevdeco.com,LOEV DECO Gift Card,https://loevdeco.com/en/products/carte-cadeau-loev-deco?srsltid=AfmBOorezw-uIhjwbZMM1ilG1TvSG49DNmk4vwER5qU6XDIrDbs57hOG,LOEV DECO Gift Card,"Give a LOEV DECO gift card for a unique, personalized gift. This gift card is valid on our premium wall art and home decor collection.","""decor"" ""gift card"" Greece",6,data\discovery\mass-harvest-v5\clean-v5.1\review.csv | data\discovery\mass-harvest-v5\clean-v5.2\manual-review.csv | data\discovery\mass-harvest-v5\clean-v5.3\global-review.csv | data\discovery\mass-harvest-v5\clean-v5.4\review.csv | data\discovery\mass-harvest-v5\clean-v5.5\review.csv | data\discovery\mega-harvest-v6\clean-v6\review.csv,,SECOND_PASS_SAFE,non_greek_brand_coherent_direct_gift_card
100,logishotels.com,Gift card | Logis Hôtels,https://www.logishotels.com/en/gift/e-gift-cards,Gift card | Logis Hôtels,"The gift card can be offered by email or printed within a minute of purchase. With our electronic gift card, you can fulfil all your wishes at over 2,000 hotels ...","""Belgium"" hotel ""gift card"" official",4,data\discovery\mass-harvest-v5\clean-v5.2\global-review.csv | data\discovery\mass-harvest-v5\clean-v5.3\global-review.csv | data\discovery\mass-harvest-v5\clean-v5.4\review.csv | data\discovery\mass-harvest-v5\clean-v5.5\review.csv,,SECOND_PASS_SAFE,non_greek_brand_coherent_direct_gift_card
100,lonistattoo.com,LTS Gift Card 50,https://www.lonistattoo.com/component/hikashop/product/41-lts-gift-card,LTS Gift Card 50,"LTS Gift Card 50. 50,00 €. A unique present for friends and loved ones is this gift card from Lonis Tattoo Studio. Because some gifts are forever! The Gift Card ...","""tattoo"" ""gift card"" Greece",1,data\discovery\mega-harvest-v6\clean-v6\review.csv,,REVIEW,non_greek_brand_coherence_unclear
100,lookshop.gr,Δωροκάρτα Super Dad,https://lookshop.gr/giftcard2.html,Δωροκάρτα Super Dad,"Το Look Shop προσφέρει την δυνατότητα να κάνετε δώρο μια δωροκάρτα σε ένα αγαπημένο σας πρόσωπο ,την οποία θα μπορεί να εξαργυρώσει ο παραλήπτης στο ...","site:.gr ""eyewear"" ""δωροκάρτα""",3,data\discovery\mass-harvest-v5\clean-v5.4\review.csv | data\discovery\mass-harvest-v5\clean-v5.5\review.csv | data\discovery\mega-harvest-v6\clean-v6\review.csv,,REVIEW,greek_domain_brand_coherence_unclear
80,lopapeysa.dk,Gift voucher www.lopapeysa.dk,https://lopapeysa.dk/en/products/gavekort-lopapeysa-dk,Gift voucher www.lopapeysa.dk,"Technology. Knitting Patterns · Crochet Patterns · KNITTING KITS. KNITTING KITS ... Gift voucher www.lopapeysa.dk. Add to wishlist. Regular price 100,00 kr.","""technology"" ""gift voucher"" Greece",6,data\discovery\mass-harvest-v5\clean-v5.1\review.csv | data\discovery\mass-harvest-v5\clean-v5.2\manual-review.csv | data\discovery\mass-harvest-v5\clean-v5.3\global-review.csv | data\discovery\mass-harvest-v5\clean-v5.4\review.csv | data\discovery\mass-harvest-v5\clean-v5.5\review.csv | data\discovery\mega-harvest-v6\clean-v6\review.csv,,SECOND_PASS_SAFE,non_greek_brand_coherent_direct_gift_card
85,loriot.gr,Αγοράστε μία Δωροεπιταγή,https://www.loriot.gr/dorokarta,Αγοράστε μία Δωροεπιταγή,"Η Δωροκάρτα είναι ιδανική, καθώς παρέχει την ελευθερία επιλογής ανάμεσα σε αγαπημένα προϊόντα από luxury brands. * Ισχύει μόνο για το e-shop loriot.gr και όχι ...","site:.gr ""luxury"" ""δωροκάρτα""",1,data\discovery\mega-harvest-v6\clean-v6\review.csv,,REVIEW,greek_domain_brand_coherence_unclear
100,lot.com,Gift Voucher,https://www.lot.com/jp/en/journey/additional-services/gift-voucher,Gift Voucher,Gift Voucher. Flight attendant holding a blue-coloured gift voucher. Give the Gift of Travel with a Gift Voucher! ... Flights to Cyprus · Flights to Larnaca.,"""Cyprus"" travel ""gift voucher"" official",5,data\discovery\mass-harvest-v5\clean-v5.2\global-review.csv | data\discovery\mass-harvest-v5\clean-v5.3\global-review.csv | data\discovery\mass-harvest-v5\clean-v5.4\review.csv | data\discovery\mass-harvest-v5\clean-v5.5\review.csv | data\discovery\mega-harvest-v6\clean-v6\review.csv,,REVIEW,non_greek_brand_coherence_unclear
100,lottejewelry.com,Com,https://lottejewelry.com/en/pages/gift-card?srsltid=AfmBOoo-X1m-qz62hQgMXtfvSD1Ihy5n8QbYuLmIMpDWoN8EFJel2D53,GIFT CARD,Lotte Jewelry · Account · Cart 0 · Lotte Jewelry ... GIFT CARD. Join our community. This customer is ... Panorama Thessaloniki. Avgerinou 17. 55236. tel:+ 30 ...,"""Thessaloniki"" ""jewelry"" ""gift card""",3,data\discovery\focused-harvest-v7\clean-v7\review.csv | data\discovery\focused-harvest-v7-run1-backup\clean-v7\review.csv | data\discovery\mega-harvest-v6\clean-v6\review.csv,,REVIEW,non_greek_brand_coherence_unclear
80,louisxviwatches.com,Gift Card,https://www.louisxviwatches.com/products/geschenkkarte,Gift Card,"Gift Card. No reviews. Sale price€50,00. Tax included. Title: €50,00 EUR. Title ... Greece (EUR €) Greenland (DKK kr.) Grenada (XCD ...","""Greece"" ""watches"" ""gift card""",1,data\discovery\mega-harvest-v6\clean-v6\review.csv,,REVIEW,non_greek_brand_coherence_unclear
70,loulerie.com,Loulerie Digital Gift Voucher,https://loulerie.com/products/loulerie-gift-card?srsltid=AfmBOorbyVHgZ1n7-0h9WbWlL2BvTdpqulPJMPMhqxhfVZHuC_7oWysA,Loulerie Digital Gift Voucher,"Hermina Athens · Joanna Laura Constantine · Loulerie Gifting Jewellery · Loulerie ... Great experience, bought my wife some jewelry, lost receipts, she went ...","""Athens"" ""jewelry"" ""gift voucher""",2,data\discovery\focused-harvest-v7\clean-v7\review.csv | data\discovery\focused-harvest-v7-run1-backup\clean-v7\review.csv,,SECOND_PASS_SAFE,non_greek_brand_coherent_direct_gift_card
100,love2shop.co.uk,Fashion & Footwear Gift Vouchers and Cards,https://www.love2shop.co.uk/category/fashion-and-footwear-gift-vouchers-cards?srsltid=AfmBOoo1sc_os-KLKZb4IU2Fa3_Qnr6ihCVF8VE_a4VB0Ko7nUiyCr7H,Fashion & Footwear Gift Vouchers and Cards,"With so much choice from the UK's biggest brands, you will be spoilt for choice on which fashion gift card or voucher to choose for your special someone.","""UK"" fashion ""gift card"" official",4,data\discovery\mass-harvest-v5\clean-v5.2\global-review.csv | data\discovery\mass-harvest-v5\clean-v5.3\global-review.csv | data\discovery\mass-harvest-v5\clean-v5.4\review.csv | data\discovery\mass-harvest-v5\clean-v5.5\review.csv,,REVIEW,non_greek_brand_coherence_unclear
100,lovelucy.gr,Δωροκάρτα Αρχεία,https://lovelucy.gr/product-category/wps_wgm_giftcard/,Δωροκάρτα Αρχεία,Love Lucy Boutique · custom-icon Login / Register · 0 items ... Δωροκάρτα · Χειμερινό Bazaar έως και -70%. Αναζήτηση. Δωροκάρτα. ΑρχικήΔωροκάρτα.,"site:.gr ""boutique"" ""δωροκάρτα""",1,data\discovery\mega-harvest-v6\clean-v6\review.csv,,REVIEW,greek_domain_brand_coherence_unclear
100,loventofficial.com,Gift Card,https://loventofficial.com/product/gift-card/,Gift Card,"HomeShopGift CardGift Card. Gift Card. €10,00 – €300,00. Gift Card Amount. Choose ... Women Fashion Store - Shop Now! About us. Gift Card · Contact us. Help. My ...","""women fashion"" ""gift card"" Greece",1,data\discovery\mega-harvest-v6\clean-v6\review.csv,,REVIEW,non_greek_brand_coherence_unclear
100,loyaltymagazine.com,Portugal malls embrace gift cards,https://www.loyaltymagazine.com/portugal-malls-embrace-gift-cards/,Portugal malls embrace gift cards,The MMM Gift Card is a MasterCard prepaid Gift Card that ... In Portugal the group manages a portfolio of 14 shopping centres and ...,"""Portugal"" retail ""gift card"" official",3,data\discovery\mass-harvest-v5\clean-v5.1\review.csv | data\discovery\mass-harvest-v5\clean-v5.2\global-review.csv | data\discovery\mass-harvest-v5\clean-v5.5\review.csv,,REJECT,non_merchant_signal
100,lucasdivestore.com,Gift Vouchers,https://www.lucasdivestore.com/en/gift-vouchers/?srsltid=AfmBOopf08ZDPbiL0K1nrX0_ILTklYdkbFsSsYsRgDlJK3-C_NNJxl1Z,Gift Vouchers,"Dive Computers · Instruments · BCD · Watches · Compressors · Underwater cameras ... Gift Voucher €1. This is our gift voucher for € 1,00. (minimum is € 5,00) You ...","""computers"" ""gift voucher"" Greece",1,data\discovery\mega-harvest-v6\clean-v6\review.csv,,REVIEW,non_greek_brand_coherence_unclear
100,luckyboutique.gr,Δωροκάρτα 20€ - 250€,https://luckyboutique.gr/custom-giftcard.html,Δωροκάρτα 20€ - 250€,... ΕΚΠΤΩΣΗ ΤΩΡΑ; ΚΟΥΠΟΝΙ LUCKY10 ΓΙΑ ΕΚΠΤΩΣΗ -10%! Αρχική; Δωροκάρτα 20€ - 250€. Δωροκάρτα 20€ - 250€. Κωδικός προϊόντος: 0119911. Από 20.00 €. Έως 250.00 €. 0.00 ...,"site:.gr ""boutique"" ""δωροκάρτα""",1,data\discovery\mega-harvest-v6\clean-v6\review.csv,,REVIEW,greek_domain_brand_coherence_unclear
80,lumina.gr,LUMINA - Κέντρο Αισθητικής - Ηράκλειο,https://lumina.gr/product/dorokarta/?srsltid,Δωροκάρτα - LUMINA - Κέντρο Αισθητικής - Ηράκλειο,"Δωροκάρτα. Αρχική · Προϊόντα; Δωροκάρτα. Gift ... Skincare. Εάν πάλι θέλεις να τη δώσεις εσύ, εμείς θα την ετοιμάσουμε και ...","site:.gr ""skincare"" ""δωροκάρτα""",3,data\discovery\focused-harvest-v7\clean-v7\review.csv | data\discovery\focused-harvest-v7-run1-backup\clean-v7\review.csv | data\discovery\mega-harvest-v6\clean-v6\review.csv,,SECOND_PASS_SAFE,greek_brand_coherent_direct_gift_card
80,lunaenails.com,Lunae Nails Gift Voucher,https://lunaenails.com/en/products/buono-regalo-lunae-nails?srsltid=AfmBOoohDkKXpiAm8GHL4XYwslCnfO8TvH_PxObMu6cIRdcIGP7kCc-z,Lunae Nails Gift Voucher,Lunae Nails Gift Voucher · A digital voucher of the selected value · Unique code that can be used throughout the site · Immediate receipt by email after payment.,"""nails"" ""gift voucher"" Greece",1,data\discovery\mega-harvest-v6\clean-v6\review.csv,,SECOND_PASS_SAFE,non_greek_brand_coherent_direct_gift_card
100,lussovitadecor.com,Gift Voucher,https://www.lussovitadecor.com/products/gift-voucher?srsltid=AfmBOoq_QbJ2GQ6PWwt69Rj1-0HRxwWuKbxIDDlh6NjSrzup52FIWlrj,Gift Voucher,Lusso Vita Decor. Gift Voucher. Gift Voucher. Regular price £50.00 GBP. Regular price Sale price £50.00 GBP. Unit price / per. Sale Sold out. Taxes included ...,"""decor"" ""gift voucher"" Greece",5,data\discovery\mass-harvest-v5\clean-v5.2\global-review.csv | data\discovery\mass-harvest-v5\clean-v5.3\global-review.csv | data\discovery\mass-harvest-v5\clean-v5.4\review.csv | data\discovery\mass-harvest-v5\clean-v5.5\review.csv | data\discovery\mega-harvest-v6\clean-v6\review.csv,,REVIEW,non_greek_brand_coherence_unclear
100,luxfairhotels.com,GIft Cards – Luxfair Hotels,https://luxfairhotels.com/gift-cards/,GIft Cards – Luxfair Hotels,"Share the Experience of St Julian's Malta ... employee, a Spinola Hotel gift card is a thoughtful and flexible option. For the Public. • Redeemable for stays, ...","""Malta"" hotel ""gift card"" official",4,data\discovery\mass-harvest-v5\clean-v5.2\global-review.csv | data\discovery\mass-harvest-v5\clean-v5.3\global-review.csv | data\discovery\mass-harvest-v5\clean-v5.4\review.csv | data\discovery\mass-harvest-v5\clean-v5.5\review.csv,,SECOND_PASS_SAFE,non_greek_brand_coherent_direct_gift_card
100,luxpets.com.au,Buy Pet Shop eGift Cards,https://www.luxpets.com.au/collections/gift-card?srsltid=AfmBOoqK4m554xW_eKjyLhBxPc5zgMOMZiLcfuRMNxjvw0wxCU82iZm0,Buy Pet Shop eGift Cards,"Looking to find the best gift for a cat lover, dog lover or crazy pet owner. Buy our pet shop gift card so they can spoil their pet ... Greece (EUR €) ...","""Greece"" ""pet shop"" ""gift card""",1,data\discovery\mega-harvest-v6\clean-v6\review.csv,,REVIEW,non_greek_brand_coherence_unclear
100,luxurycandles.gr,Gift Card - luxurycandle.gr,https://luxurycandles.gr/en/product/giftcard/?srsltid=AfmBOorYXXm4zAsAgFgTyPZVJEDscLW8maMIeOsYMHf9Oc4QYmfUO4yI,Gift Card - luxurycandle.gr,"... WEDDING FAVOR · B2B · CORPORATE GIFTS ... Με διάρκεια 6 μήνες, η δωροκάρτα μας αποτελεί το απόλυτο δώρο για τους λάτρεις της πολυτέλειας και των αρωμάτων.","""wedding"" ""δωροκάρτα"" Greece",1,data\discovery\mega-harvest-v6\clean-v6\review.csv,,REVIEW,greek_domain_brand_coherence_unclear
100,lvk.ufr.gr,5€ | Γυμναστήριο LVK PREMIUM FITNESS Ν. Σμύρνη,https://lvk.ufr.gr/reward-archives/5euro-giftcard-wheel/,Δωροκάρτα 5€ | Γυμναστήριο LVK PREMIUM FITNESS Ν. Σμύρνη,"ΕΙΔΙΚΟΙ ΟΡΟΙ REWARD LVK PREMIUM FITNESS - ΓΥΜΝΑΣΤΗΡΙΟ Ν. ΣΜΥΡΝH. ΠΕΡΙΓΡΑΦΗ REWARD. Δωροκάρτα 5€ Για ό,τι θέλεις να αποκτήσεις είτε συνδρομή είτε συνεδρίες.","site:.gr ""fitness"" ""δωροκάρτα""",5,data\discovery\focused-harvest-v7\clean-v7\review.csv | data\discovery\focused-harvest-v7-run1-backup\clean-v7\review.csv | data\discovery\mass-harvest-v5\clean-v5.4\review.csv | data\discovery\mass-harvest-v5\clean-v5.5\review.csv | data\discovery\mega-harvest-v6\clean-v6\review.csv,,REVIEW,greek_domain_brand_coherence_unclear
55,m-s-v.eu,MSV Vouchers,https://m-s-v.eu/en/stands-cables-accessories/gift-voucher/?srsltid=AfmBOormGxXvgh-hKxXst6oMe4rzxoRZS6Svxj96Z6JE_lP7JYEhROd5,MSV Vouchers,"Audio & PA · DJ · Cases · Stands, Cables, Accessories · SALE · News · Show all Music ... MSV Gift Voucher EUR 150,00. MSV Gift Vouchers ...","""audio"" ""gift voucher"" Greece",1,data\discovery\mega-harvest-v6\clean-v6\review.csv,,REVIEW,non_greek_brand_coherence_unclear
80,maamonpapa.gr,Στείλτε μια Δωροκάρτα,https://www.maamonpapa.gr/index.php?route=account/voucher,Στείλτε μια Δωροκάρτα,Στείλτε μια Δωροκάρτα. Προσφέρετε το τέλειο δώρο — μια ... Tommy Hilfiger Sneakers Μαύρα Low Cut Lace-Up Black/Platinum. Γρήγορη προβολή.,"site:.gr ""sneakers"" ""δωροκάρτα""",1,data\discovery\mega-harvest-v6\clean-v6\review.csv,,REVIEW,greek_domain_brand_coherence_unclear
100,maccosmetics.com,E Gift Cards,https://www.maccosmetics.com/pages/gift-cards,E Gift Cards,GermanyDeutsch; Greeceελληνικά; HungaryMagyar; ItalyItaliano; Netherlands ... Check Your Gift Card Balance. Enter your card number to view your balance ...,"""Germany"" beauty ""gift card"" official",3,data\discovery\mass-harvest-v5\clean-v5.3\greece-market-review.csv | data\discovery\mass-harvest-v5\clean-v5.4\review.csv | data\discovery\mass-harvest-v5\clean-v5.5\review.csv,,REVIEW,non_greek_brand_coherence_unclear
100,maccosmetics.gr,FAQ,https://www.maccosmetics.gr/en-e-gr/giftcards/faq,Gift Cards - FAQ,Gift Card amounts are not included in the calculation of shipping and handling charges. ... © MAKE-UP ART COSMETICS. ALL WORLDWIDE RIGHTS RESERVED. PRIVACY ...,"site:.gr ""cosmetics"" ""gift card""",5,data\discovery\focused-harvest-v7\clean-v7\review.csv | data\discovery\focused-harvest-v7-run1-backup\clean-v7\review.csv | data\discovery\mass-harvest-v5\clean-v5.4\review.csv | data\discovery\mass-harvest-v5\clean-v5.5\review.csv | data\discovery\mega-harvest-v6\clean-v6\review.csv,,REVIEW,greek_domain_brand_coherence_unclear
100,macdonaldhotels.co.uk,Luxury Hotel Gift Vouchers & Cards,https://www.macdonaldhotels.co.uk/gift-vouchers,Luxury Hotel Gift Vouchers & Cards,"Treat a friend or loved one to a revitalising break or outstanding experience with our hotel gift vouchers, redeemable at Macdonald Hotels across the UK.","""UK"" hotel ""gift card"" official",4,data\discovery\mass-harvest-v5\clean-v5.2\global-review.csv | data\discovery\mass-harvest-v5\clean-v5.3\global-review.csv | data\discovery\mass-harvest-v5\clean-v5.4\review.csv | data\discovery\mass-harvest-v5\clean-v5.5\review.csv,,REVIEW,non_greek_brand_coherence_unclear
100,macramooncreations.com,", δωροκάρτα, δώρο, επιλογή, macramoon creations, gift for ...",https://macramooncreations.com/gift-card?tag=macramoon,"gift card, δωροκάρτα, δώρο, επιλογή, macramoon creations, gift for ...","... jewelry shop, jewelry athens. ... Ηλεκτρονική δωροκάρτα: με αυτήν την επιλογή η δωροκάρτα ... δωροκάρτα θα αποσταλεί στο δικό σου email). -Η δωροκάρτα ...","""Athens"" ""jewelry"" ""δωροκάρτα""",2,data\discovery\focused-harvest-v7\clean-v7\review.csv | data\discovery\focused-harvest-v7-run1-backup\clean-v7\review.csv,,SECOND_PASS_SAFE,non_greek_brand_coherent_direct_gift_card
100,macsadventure.com,Macs Adventure Travel Gift Vouchers,https://www.macsadventure.com/about-us/booking/gift-vouchers/,Macs Adventure Travel Gift Vouchers,Give the gift of adventure with a Macs Adventure walking or cycling holiday gift vouchers ... gift voucher. They'll email you a PDF that you can forward or print ...,"""adventure"" ""gift voucher"" Greece",1,data\discovery\mega-harvest-v6\clean-v6\review.csv,,SECOND_PASS_SAFE,non_greek_brand_coherent_direct_gift_card
100,madebytait.com.au,Gift Voucher,https://madebytait.com.au/product/gift-voucher/,Gift Voucher,Gift Vouchers.. Premium Australian Made Outdoor Furniture. Gift Voucher. AVAILABILITY. Ready to Ship; Made to Order. Voucher Amount. Deep Ocean. In Stock.,"""Greece"" ""furniture"" ""gift voucher""",1,data\discovery\mega-harvest-v6\clean-v6\review.csv,,REVIEW,non_greek_brand_coherence_unclear
100,madeofsundays.com,Κάρτα Δώρου,https://www.madeofsundays.com/el/products/gift-card?srsltid=AfmBOoqbeOaVd_dQulo4sQqdmiyMjt5Yc6CgFtVe5ugTQK6AFsjv-QHv,Κάρτα Δώρου,Η κάρτα ισχύει για ένα έτος από την ημερομηνία αγοράς. Κατεβάστε τη δική σας εκτυπώσιμη δωροκάρτα: Κατεβάστε τη δωροκάρτα. Μετά την αγορά θα λάβετε ένα email ...,"""decor"" ""δωροκάρτα"" Greece",1,data\discovery\mega-harvest-v6\clean-v6\review.csv,,REVIEW,non_greek_brand_coherence_unclear
100,madsnorgaard.com,Gift Card,https://www.madsnorgaard.com/products/giftcard,Gift Card,Give them the gift of choice with a gift card to www.madsnorgaard.com. Our gift cards are delivered by email and contain instructions to redeem them at checkout ...,"""Denmark"" fashion ""gift card"" official",4,data\discovery\mass-harvest-v5\clean-v5.2\global-review.csv | data\discovery\mass-harvest-v5\clean-v5.3\global-review.csv | data\discovery\mass-harvest-v5\clean-v5.4\review.csv | data\discovery\mass-harvest-v5\clean-v5.5\review.csv,,REVIEW,non_greek_brand_coherence_unclear
100,maestriciccone.com,Gift Voucher,https://maestriciccone.com/en/products/gift-voucher?srsltid=AfmBOopaEiD_QmYrbc3uzijtDsKguwtsNPhqZyi6JlK9Ul0JIbe-WREu,Gift Voucher,"Ciccone gift voucher for shoes, accessories and shoemaking services. Home ... Greece (EUR €) Hong Kong SAR (HKD $) Hungary ...","""Greece"" ""shoes"" ""gift voucher""",1,data\discovery\mega-harvest-v6\clean-v6\review.csv,,REVIEW,non_greek_brand_coherence_unclear
85,magento2dev.wellshaved.gr,Wellshaved,https://magento2dev.wellshaved.gr/dorokarta-wellshaved,Δωροκάρτα Wellshaved,Δωροκάρτα Wellshaved. Αν θέλετε να προσφέρετε ... Skin Food · After Shave Balm · After Shave Lotion ... Δωροκάρτα. Αρχική; Δωροκάρτα. Αγορά κατά. Επιλογες Αγορων.,"site:.gr ""food"" ""δωροκάρτα""",7,data\discovery\focused-harvest-v7\clean-v7\review.csv | data\discovery\mass-harvest-v5\clean-v5.1\review.csv | data\discovery\mass-harvest-v5\clean-v5.2\manual-review.csv | data\discovery\mass-harvest-v5\clean-v5.3\global-review.csv | data\discovery\mass-harvest-v5\clean-v5.4\review.csv | data\discovery\mass-harvest-v5\clean-v5.5\review.csv | data\discovery\mega-harvest-v6\clean-v6\review.csv,,SECOND_PASS_SAFE,greek_brand_coherent_direct_gift_card
80,mail.anouar.gr,Μασάζ,https://mail.anouar.gr/doro-masaz/,Δωροκάρτα Μασάζ,Δωροκάρτα Μασάζ - Χαρίστε Μοναδικές Στιγμές Χαλάρωσης ... δωροκάρτα για επαγγελματικό μασάζ που θα τους χαρίσει βαθιά αναζωογόνηση και ανακούφιση ... wellness. Η ...,"site:.gr ""wellness"" ""δωροκάρτα""",8,data\discovery\focused-harvest-v7\clean-v7\review.csv | data\discovery\focused-harvest-v7-run1-backup\clean-v7\review.csv | data\discovery\mass-harvest-v5\clean-v5.1\review.csv | data\discovery\mass-harvest-v5\clean-v5.2\manual-review.csv | data\discovery\mass-harvest-v5\clean-v5.3\global-review.csv | data\discovery\mass-harvest-v5\clean-v5.4\review.csv | data\discovery\mass-harvest-v5\clean-v5.5\review.csv | data\discovery\mega-harvest-v6\clean-v6\review.csv,,REVIEW,greek_domain_brand_coherence_unclear
100,maison-albar-hotels-le-victoria.com,Gift cards & vouchers | 5-star Hotel Spa French Riviera gifts,https://maison-albar-hotels-le-victoria.com/en/page/gift-card-hotel-spa-french-riviera-5-star.16563.html,Gift cards & vouchers | 5-star Hotel Spa French Riviera gifts,Hotel gift card · Seminar hotel in Nice · Spa hotel in Nice · Victoria Hotel Nice France · Victoria Hotel Nice · Promenade des Anglais Hotel · Luxury hotel Nice ...,"""France"" hotel ""gift card"" official",4,data\discovery\mass-harvest-v5\clean-v5.2\global-review.csv | data\discovery\mass-harvest-v5\clean-v5.3\global-review.csv | data\discovery\mass-harvest-v5\clean-v5.4\review.csv | data\discovery\mass-harvest-v5\clean-v5.5\review.csv,,REVIEW,non_greek_brand_coherence_unclear
80,maisongatore.com,Gift voucher - GATORÉ,https://maisongatore.com/en/products/geschenkgutschein?srsltid=AfmBOoruqi6xeUQsd_uBUOUWXeRBpKI3Uuej50isXIwkPy0lMn5Zj6rh,Gift voucher - GATORÉ,... PERFUME · GIFT CARD · REVIEWS · CONTACT · HOME · OUR PERFUMES · Oud ... Gift voucher. Open image in full screen. Gift voucher. Close. Gift voucher ...,"""perfume"" ""gift voucher"" Greece",6,data\discovery\mass-harvest-v5\clean-v5.1\review.csv | data\discovery\mass-harvest-v5\clean-v5.2\manual-review.csv | data\discovery\mass-harvest-v5\clean-v5.3\global-review.csv | data\discovery\mass-harvest-v5\clean-v5.4\review.csv | data\discovery\mass-harvest-v5\clean-v5.5\review.csv | data\discovery\mega-harvest-v6\clean-v6\review.csv,,REVIEW,non_greek_brand_coherence_unclear
100,makaroon.bg,"Gift voucher for 50,75 or 100 BGN - Makaroon.bg",https://makaroon.bg/gift-voucher,"Gift voucher for 50,75 or 100 BGN - Makaroon.bg",The gift voucher is valid 12 months in total - man has 12 months to choose an experience and another 12 months to go get it. And you will get the applause for ...,"""Bulgaria"" travel ""gift voucher"" official",4,data\discovery\mass-harvest-v5\clean-v5.2\global-review.csv | data\discovery\mass-harvest-v5\clean-v5.3\global-review.csv | data\discovery\mass-harvest-v5\clean-v5.4\review.csv | data\discovery\mass-harvest-v5\clean-v5.5\review.csv,,SECOND_PASS_SAFE,non_greek_brand_coherent_direct_gift_card
80,makemeup.gr,MakeMeUp e,https://www.makemeup.gr/index.php?route,MakeMeUp e-gift card,"MakeMeUp e-gift card. Αυτή η δωροεπιταγή θα αποσταλεί μέ e-mail στον ... SKINCARE · 2310226216 · info@makemeup.gr · Τσιμισκή 130, 54621. Θεσσαλονίκη, Ελλάδα.","site:.gr ""skincare"" ""gift card""",3,data\discovery\focused-harvest-v7\clean-v7\review.csv | data\discovery\focused-harvest-v7-run1-backup\clean-v7\review.csv | data\discovery\mega-harvest-v6\clean-v6\review.csv,,SECOND_PASS_SAFE,greek_brand_coherent_direct_gift_card
100,malleconcept.gr,Gift card Αρχεία,https://www.malleconcept.gr/product-category/gift-card/,Gift card Αρχεία,"100€ Gift Card. 100,00 €. Gift card. 50€ gift card. Επιλέξτε ποσό · Add to ... Τηλέφωνο: 2310 323 150. Email: info@malle.gr. Malle Concept Store Διεύθυνση ...","site:.gr ""concept store"" ""gift card""",1,data\discovery\mega-harvest-v6\clean-v6\review.csv,,REVIEW,greek_domain_brand_coherence_unclear
100,mallgiftcard.com.cy,Get Your Gift Card Today! - Mall Digital Gift Card,https://mallgiftcard.com.cy/,Get Your Gift Card Today! - Mall Digital Gift Card,"Who is the gift card for? Purchase your gift card online through the options below, or get a physical card at the Mall of Cyprus Information Desk.","""Cyprus"" retail ""gift card"" official",4,data\discovery\mass-harvest-v5\clean-v5.2\global-review.csv | data\discovery\mass-harvest-v5\clean-v5.3\global-review.csv | data\discovery\mass-harvest-v5\clean-v5.4\review.csv | data\discovery\mass-harvest-v5\clean-v5.5\review.csv,,REVIEW,non_greek_brand_coherence_unclear
100,mallofcyprus.com,Introducing: Mall of Cyprus' Digital Gift Card!?,https://mallofcyprus.com/introducing-mall-of-cyprus-digital-gift-card%F0%9F%93%B2/,Introducing: Mall of Cyprus' Digital Gift Card!?,"The Mall Gift Card goes digital, offering you and your recipients even more flexibility! ?? If you too love the Mall Gift Card by Mall of Cyprus ...","""Cyprus"" retail ""gift card"" official",4,data\discovery\mass-harvest-v5\clean-v5.2\global-review.csv | data\discovery\mass-harvest-v5\clean-v5.3\global-review.csv | data\discovery\mass-harvest-v5\clean-v5.4\review.csv | data\discovery\mass-harvest-v5\clean-v5.5\review.csv,,SECOND_PASS_SAFE,non_greek_brand_coherent_direct_gift_card
100,mallofswitzerland.ch,Gift cards,https://www.mallofswitzerland.ch/en/gift-cards,Gift cards,"Bring joy to your loved ones and gift them shopping experiences, culinary delights, or exciting activities – with the Mall of Switzerland gift card! Explore ...","""Switzerland"" retail ""gift card"" official",4,data\discovery\mass-harvest-v5\clean-v5.2\global-review.csv | data\discovery\mass-harvest-v5\clean-v5.3\global-review.csv | data\discovery\mass-harvest-v5\clean-v5.4\review.csv | data\discovery\mass-harvest-v5\clean-v5.5\review.csv,,REVIEW,non_greek_brand_coherence_unclear
100,mallorythelabel.com,Gift Card Archives,https://mallorythelabel.com/product-category/gift-card/,Gift Card Archives,Gift Card · Dresses · Tops · Bottoms · Timeless Pieces · Denim · Jumpsuits · Outwear · Knitwear.,"""Chalandri"" ""accessories"" ""gift card""",1,data\discovery\mega-harvest-v6\clean-v6\review.csv,,REVIEW,non_greek_brand_coherence_unclear
100,mallplovdiv.bg,Gift Card,https://mallplovdiv.bg/en/shops/services/gift-card-mall-plovdiv/,Gift Card,... Bulgaria · Clean Factory · eMAG SAMEDAY easybox · EVN · Gift Card · I&D Print Premium · IQOS · Keysoo · MARKOVO VILLAS PARK · Premium Cigars & Tobacco · SDI ...,"""Bulgaria"" retail ""gift card"" official",4,data\discovery\mass-harvest-v5\clean-v5.2\global-review.csv | data\discovery\mass-harvest-v5\clean-v5.3\global-review.csv | data\discovery\mass-harvest-v5\clean-v5.4\review.csv | data\discovery\mass-harvest-v5\clean-v5.5\review.csv,,REVIEW,non_greek_brand_coherence_unclear
85,mammanova.com,Gift voucher,https://www.mammanova.com/en/products/cadeaubon,Gift voucher,"Lingerie Sets. Shop all lingerie sets · Classic · Elegant · High neckline ... Gift voucher. No reviews. Offer price€25,00. Give confidence, comfort, and choice ...","""lingerie"" ""gift voucher"" Greece",6,data\discovery\mass-harvest-v5\clean-v5.1\review.csv | data\discovery\mass-harvest-v5\clean-v5.2\manual-review.csv | data\discovery\mass-harvest-v5\clean-v5.3\global-review.csv | data\discovery\mass-harvest-v5\clean-v5.4\review.csv | data\discovery\mass-harvest-v5\clean-v5.5\review.csv | data\discovery\mega-harvest-v6\clean-v6\review.csv,,REVIEW,non_greek_brand_coherence_unclear
100,manawa.com,Booking sites vs. gift voucher sellers: what should you ...,https://www.manawa.com/en/partners/articles/the-differences-between-booking-sites-and-gift-voucher-sellers,Booking sites vs. gift voucher sellers: what should you ...,"Selling your outdoor activities online is now essential. But between booking websites like Manawa and gift voucher sellers like Smartbox, ...","""outdoor"" ""gift voucher"" Greece",5,data\discovery\mass-harvest-v5\clean-v5.2\global-review.csv | data\discovery\mass-harvest-v5\clean-v5.3\global-review.csv | data\discovery\mass-harvest-v5\clean-v5.4\review.csv | data\discovery\mass-harvest-v5\clean-v5.5\review.csv | data\discovery\mega-harvest-v6\clean-v6\review.csv,,REVIEW,non_greek_brand_coherence_unclear
100,manicurious.gr,GIFT CARD,https://www.manicurious.gr/gift-card,GIFT CARD,"Gift Card. €25. Amount. €25. €50. €100. €150. €200. Other amount. Quantity. Buy Now. CONTACT. ADDRESS. Xenofontos 26. Glyfada, 16675. OPENING HOURS.","site:.gr ""gift card""",3,data\discovery\mass-harvest-v5\clean-v5.4\review.csv | data\discovery\mass-harvest-v5\clean-v5.5\review.csv | data\discovery\mega-harvest-v6\clean-v6\review.csv,,REVIEW,greek_domain_brand_coherence_unclear
100,manlysurfschool.com,Purchase Gift Vouchers for Surf Lessons - Manly Surf School,https://manlysurfschool.com/gift-vouchers/,Purchase Gift Vouchers for Surf Lessons - Manly Surf School,Step 2: You will be required to create a profile to generate the gift voucher. ... Surfers Gym · Surfers Compass App. Contact. Contact Us · FAQs · Careers Form.,"""gym"" ""gift voucher"" Greece",5,data\discovery\mass-harvest-v5\clean-v5.2\global-review.csv | data\discovery\mass-harvest-v5\clean-v5.3\global-review.csv | data\discovery\mass-harvest-v5\clean-v5.4\review.csv | data\discovery\mass-harvest-v5\clean-v5.5\review.csv | data\discovery\mega-harvest-v6\clean-v6\review.csv,,SECOND_PASS_SAFE,non_greek_brand_coherent_direct_gift_card
100,mantility.com,Gift Card - Κάρτα Δώρου - Mantility,https://www.mantility.com/el/scarves-gallery/gift-card/,Gift Card - Κάρτα Δώρου - Mantility,"Κάρτα Δώρου · Αν το ποσό της Κάρτας Δώρου δεν συμπληρώσει ολόκληρο το ποσό της παραγγελίας, θα χρειαστεί να πληρώσετε το υπόλοιπο της αγοράς με τους διαθέσιμους ...","""κάρτα δώρου""",4,data\discovery\mass-harvest-v5\clean-v5.3\greece-market-review.csv | data\discovery\mass-harvest-v5\clean-v5.4\review.csv | data\discovery\mass-harvest-v5\clean-v5.5\review.csv | data\discovery\mega-harvest-v6\clean-v6\review.csv,,SECOND_PASS_SAFE,non_greek_brand_coherent_direct_gift_card
100,marabika.lt,MARABIKA perfume gift cards,https://marabika.lt/en/gift-cards/,MARABIKA perfume gift cards,MARABIKA perfume gift cards · Gift voucher 20 € · Gift voucher 30 € · Gift voucher 50 €.,"""perfume"" ""gift voucher"" Greece",5,data\discovery\mass-harvest-v5\clean-v5.2\global-review.csv | data\discovery\mass-harvest-v5\clean-v5.3\global-review.csv | data\discovery\mass-harvest-v5\clean-v5.4\review.csv | data\discovery\mass-harvest-v5\clean-v5.5\review.csv | data\discovery\mega-harvest-v6\clean-v6\review.csv,,SECOND_PASS_SAFE,non_greek_brand_coherent_direct_gift_card
85,marashoes.gr,Αγοράστε μία Δωροεπιταγή,https://marashoes.gr/pages/agora-dwroepitagis?srsltid,Αγοράστε μία Δωροεπιταγή,"Mara Shoes Newsletter ... Αυτό το Email δεν είναι έκγυρο ή χρησιμοποιείται ήδη. Κλείσιμο. Αγοράστε μία Δωροεπιταγή ... Copyright © 2026, Mara Shoes. Αρ. ΓΕΜΗ: ...","site:.gr ""shoes"" ""δωροεπιταγή""",2,data\discovery\focused-harvest-v7\clean-v7\review.csv | data\discovery\focused-harvest-v7-run1-backup\clean-v7\review.csv,,REVIEW,greek_domain_brand_coherence_unclear
100,margaritisoptics.com,MARGARITIS OPTICS gift card,https://www.margaritisoptics.com/products/margaritis-optics-gift-card?srsltid=AfmBOoqGW6u5bHRi8zmB5v9308CGpIXm0zjzo8OlTFTSR-3UKoLO6-Ux,MARGARITIS OPTICS gift card,MARGARITIS OPTICS gift card ... Taxes included. Shipping calculated at checkout. Denominations. €10.00Variant sold out or unavailable,"""optics"" ""gift card"" Greece",5,data\discovery\mass-harvest-v5\clean-v5.2\global-review.csv | data\discovery\mass-harvest-v5\clean-v5.3\global-review.csv | data\discovery\mass-harvest-v5\clean-v5.4\review.csv | data\discovery\mass-harvest-v5\clean-v5.5\review.csv | data\discovery\mega-harvest-v6\clean-v6\review.csv,,SECOND_PASS_SAFE,non_greek_brand_coherent_direct_gift_card
100,mariamaiabeauty.com,Mariamaiabeauty,https://mariamaiabeauty.com/products/e-giftcard?srsltid=AfmBOoqi1hgjeH-Kbj6w4Gy0lAd2fURNdcwyhO5kjmCXOvAJ4Yixp_tK,E-GIFT CARD,ÈME Beauty digital gift card - the perfect beauty gift. ÈME Beauty gift ... Currency. Portugal (EUR €). Austria (EUR €); Belgium (EUR €); Czechia (CZK Kč) ...,"""Portugal"" beauty ""gift card"" official",4,data\discovery\mass-harvest-v5\clean-v5.2\global-review.csv | data\discovery\mass-harvest-v5\clean-v5.3\global-review.csv | data\discovery\mass-harvest-v5\clean-v5.4\review.csv | data\discovery\mass-harvest-v5\clean-v5.5\review.csv,,SECOND_PASS_SAFE,non_greek_brand_coherent_direct_gift_card
65,mariechantal.com,Marie-Chantal E,https://www.mariechantal.com/products/marie-chantal-e-gift-voucher?srsltid=AfmBOooUVm1vYWprAC_8wFi-QgleUyARC_Ka5zTCUU-RtUPv4VIXIzLZ,Marie-Chantal E-Gift Voucher,"Perfect for new arrivals, birthdays, christenings and all special occasions.","""Greece"" ""toys"" ""gift voucher""",1,data\discovery\mega-harvest-v6\clean-v6\review.csv,,SECOND_PASS_SAFE,non_greek_brand_coherent_direct_gift_card
100,marine-deals.co.nz,Marine Deals Gift Voucher with Sleeve,https://www.marine-deals.co.nz/gift-vouchers/marine-deals-gift-voucher-with-sleeve/p/84069/c/1126?srsltid=AfmBOorEc0CO-jC_robet4Pmft6dNc4IQBPSEVJlY3vjkWw3V5poBhiI,Marine Deals Gift Voucher with Sleeve,"The Marine Deals Gift Voucher includes a unique code that is entered upon checkout - so after your loved ones browse the website and add items to their cart, ...","""marine"" ""gift voucher"" Greece",4,data\discovery\mass-harvest-v5\clean-v5.2\global-review.csv | data\discovery\mass-harvest-v5\clean-v5.3\global-review.csv | data\discovery\mass-harvest-v5\clean-v5.4\review.csv | data\discovery\mass-harvest-v5\clean-v5.5\review.csv,,REVIEW,non_greek_brand_coherence_unclear
80,markakis.gr,Δώρα για βαφτιστήρια,https://www.markakis.gr/el/blog-9268/dwra-gia-vaftistiria-dwrokarta-gualia-269002?srsltid=AfmBOorTN9igx3CK3QLDxaBDdD4lXsu1DKxBtIYDm45a32jv8jSfPlQ_,Δώρα για βαφτιστήρια | Δωροκάρτα Γυαλιά Οπτικά Μαρκάκης,"Δωροκάρτα: Δώρο για το βαφτιστήρι στα φυσικά καταστήματα ''Οπτικά Κέντρα Μαρκάκης'' & Markakis White Eyewear. Στα Οπτικά Κέντρα Μαρκάκης, οι ...","site:.gr ""eyewear"" ""δωροκάρτα""",6,data\discovery\mass-harvest-v5\clean-v5.1\review.csv | data\discovery\mass-harvest-v5\clean-v5.2\manual-review.csv | data\discovery\mass-harvest-v5\clean-v5.3\global-review.csv | data\discovery\mass-harvest-v5\clean-v5.4\review.csv | data\discovery\mass-harvest-v5\clean-v5.5\review.csv | data\discovery\mega-harvest-v6\clean-v6\review.csv,,REVIEW,greek_domain_brand_coherence_unclear
85,marmaladyclothingbar.com,GIFT CARD,https://www.marmaladyclothingbar.com/index.php?route=account/voucher&srsltid=AfmBOooq2bl1M9hcfDEZ6fSq_orxDkqZ88CTPj9Q2Ba5yeO60srULGmO,GIFT CARD,"GIFT CARD. Το ιδανικό δώρο για κάθε περίσταση. Στείλε μια ξεχωριστή ... Mitropoleos 77, Thessaloniki, Z.C 54622 · Store: +30 2310 226 100 · Support: +30 ...","""Thessaloniki"" ""swimwear"" ""gift card""",1,data\discovery\mega-harvest-v6\clean-v6\review.csv,,REVIEW,non_greek_brand_coherence_unclear
100,massage-crete.com,Massage Gift Card by Mindful Touch in Chania Crete,https://massage-crete.com/massage-gift-card-crete/,Massage Gift Card by Mindful Touch in Chania Crete,Offer to your loved ones a therapeutic massage gift card by Mindul Touch ... © Copyright - massage-crete.com | Tryseo.gr Κατασκευή Ιστοσελίδων Wordpress ...,"""Crete"" ""massage"" ""gift card""",2,data\discovery\focused-harvest-v7\clean-v7\review.csv | data\discovery\focused-harvest-v7-run1-backup\clean-v7\review.csv,,REVIEW,non_greek_brand_coherence_unclear
100,massage4kefalonia.com,Massage Gift Cards Kefalonia,https://massage4kefalonia.com/gift-cards,Massage Gift Cards Kefalonia,"Gift Card Questions ... Premium massage therapy in Kefalonia, Greece. Studio & mobile service across the island. 5.0 — 277 Google Reviews. Explore.","""Greece"" ""massage"" ""gift card""",1,data\discovery\mega-harvest-v6\clean-v6\review.csv,,REVIEW,non_greek_brand_coherence_unclear
100,massimodutti.com,Δωροκάρτα,https://www.massimodutti.com/gr/help/faqs_section_gift-card-1?srsltid=AfmBOoqbvbGPpBTSVthbiEO8jEC2FX0qEKB_5ZxGo0f4Z8AOwtWYy1zW,Δωροκάρτα,LINGERIE · ΜΠΛΟΥΖΕΣ · ΠΡΟΒΟΛΗ ΟΛΩΝ · ΛΕΥΚΕΣ · ΜΑΚΡΙΑ ΜΑΝΙΚΙΑ · ΚΟΝΤΑ ΜΑΝΙΚΙΑ · ΧΩΡΙΣ ... Δωροκάρτα. Δωροκάρτα. Πληροφορίες για Κάρτα Δώρου.,"""lingerie"" ""δωροκάρτα"" Greece",1,data\discovery\mega-harvest-v6\clean-v6\review.csv,,REVIEW,non_greek_brand_coherence_unclear
100,mastercardgiftcard.com,Mastercard Gift Card,https://www.mastercardgiftcard.com/,Mastercard Gift Card - Gift Cards & eGift Cards,"Shop Mastercard gift cards and eGift cards online, and find the perfect gift for family & friends or for employees, clients, & customers.","""Glyfada"" ""decor"" ""gift card""",1,data\discovery\mega-harvest-v6\clean-v6\review.csv,,SECOND_PASS_SAFE,non_greek_brand_coherent_direct_gift_card
100,mastorematadiy.com,Mastorematadiy,https://www.mastorematadiy.com/article/en/10/e-gift-card-3-bhmata-gia-na-aposteilete-dorokarta,e-Gift Card - 3 Βήματα για να αποστείλετε δωροκάρτα,0. Language: Greek · English. Customer Service. 7000 10 70 · TOOLS · HAND TOOLS ... Gift Voucher. Information. Terms & Conditions · Contact · Privacy Policy ...,"""tools"" ""gift voucher"" Greece",3,data\discovery\mass-harvest-v5\clean-v5.3\greece-market-review.csv | data\discovery\mass-harvest-v5\clean-v5.4\review.csv | data\discovery\mass-harvest-v5\clean-v5.5\review.csv,,SECOND_PASS_SAFE,non_greek_brand_coherent_direct_gift_card
100,matfashion.com,Gift Card,https://shop.matfashion.com/blog/tag/gift-card/,Gift Card - Δωροκάρτα,Welcome to Mat Fashion! ... 18 August 2010. Real Size | Real Woman | Real Gift Card Τώρα δώστε σε αυτούς που αγαπάτε την πιο chic Gift Card. Gift Card ...,"""fashion"" ""gift card"" Greece",4,data\discovery\mass-harvest-v5\clean-v5.2\global-review.csv | data\discovery\mass-harvest-v5\clean-v5.3\global-review.csv | data\discovery\mass-harvest-v5\clean-v5.4\review.csv | data\discovery\mass-harvest-v5\clean-v5.5\review.csv,,REVIEW,non_greek_brand_coherence_unclear
100,matiartgallery.com,MATI Santorini,https://matiartgallery.com/gift-card/,Gift Cards - MATI Santorini,"The Gift Card can be redeemed on any of our artworks or jewelry designs, with no expiration time. ... MATI Santorini. © 2026 MATI Art Gallery · Yorgos Kypris ...","""Santorini"" ""jewelry"" ""gift card""",1,data\discovery\focused-harvest-v7-run1-backup\clean-v7\review.csv,,REVIEW,non_greek_brand_coherence_unclear
100,matis-fashion.com,Com,https://www.matis-fashion.com/en/gift-card/,Gift Card,"Send a gift card to the one you care about the most! ... Just choose the amount you wanna spend, type your details and your wish, and we will take care all the ...","""Piraeus"" ""fashion"" ""gift card""",6,data\discovery\focused-harvest-v7\clean-v7\review.csv | data\discovery\focused-harvest-v7-run1-backup\clean-v7\review.csv | data\discovery\mass-harvest-v5\clean-v5.3\greece-market-review.csv | data\discovery\mass-harvest-v5\clean-v5.4\review.csv | data\discovery\mass-harvest-v5\clean-v5.5\review.csv | data\discovery\mega-harvest-v6\clean-v6\review.csv,,REVIEW,non_greek_brand_coherence_unclear
85,mattas-sports.gr,Αγοράστε μία Δωροεπιταγή,https://www.mattas-sports.gr/index.php?route,Αγοράστε μία Δωροεπιταγή,"Αυτή η δωροεπιταγή θα αποσταλεί μέ e-mail στον παραλήπτη αφού ολοκληρωθεί ή πληρωμή σας. ... info@mattas-sports.gr. Copyright © 2023, Mattas Sports. Αποδέχομαι.","site:.gr ""sports"" ""δωροεπιταγή""",2,data\discovery\focused-harvest-v7\clean-v7\review.csv | data\discovery\focused-harvest-v7-run1-backup\clean-v7\review.csv,,REVIEW,greek_domain_brand_coherence_unclear
100,matteblack-cafe-catering.myshopify.com,MatteBlack Cafe Gift Voucher – The MatteBlack Group,https://matteblack-cafe-catering.myshopify.com/products/matteblack-cafe-gift-voucher,MatteBlack Cafe Gift Voucher – The MatteBlack Group,"This gift voucher is valid for use at MatteBlack Cafe only. It is non-refundable, cannot be exchanged for cash, and must be used in full before the expiry date.","""cafe"" ""gift voucher"" Greece",5,data\discovery\mass-harvest-v5\clean-v5.2\global-review.csv | data\discovery\mass-harvest-v5\clean-v5.3\global-review.csv | data\discovery\mass-harvest-v5\clean-v5.4\review.csv | data\discovery\mass-harvest-v5\clean-v5.5\review.csv | data\discovery\mega-harvest-v6\clean-v6\review.csv,,REVIEW,non_greek_brand_coherence_unclear
85,max-kids.gr,Αγοράστε μία Δωροεπιταγή,https://www.max-kids.gr/index.php?route,Αγοράστε μία Δωροεπιταγή,"Αυτή η δωροεπιταγή θα αποσταλεί μέ e-mail στον παραλήπτη αφού ολοκληρωθεί ή πληρωμή σας. ... kids.gr, τηλ: 2721027536. © 2020 max-kids.gr. Visa MasterCard ...","site:.gr ""kids"" ""δωροεπιταγή""",2,data\discovery\focused-harvest-v7\clean-v7\review.csv | data\discovery\focused-harvest-v7-run1-backup\clean-v7\review.csv,,REVIEW,greek_domain_brand_coherence_unclear
100,mbtheatre.com,Gift Cards,https://www.mbtheatre.com/giftcards,Gift Cards,"Give the gift of live theatre and so more with a gift card to Michigan's Answer to Broadway! ... Greece, Greenland, Grenada, Guadeloupe, Guam, Guatemala ...","""theatre"" ""gift card"" Greece",4,data\discovery\mass-harvest-v5\clean-v5.3\greece-market-review.csv | data\discovery\mass-harvest-v5\clean-v5.4\review.csv | data\discovery\mass-harvest-v5\clean-v5.5\review.csv | data\discovery\mega-harvest-v6\clean-v6\review.csv,,REVIEW,non_greek_brand_coherence_unclear
100,mcdaidpharmacy.ie,Gift Voucher - Cavan,https://www.mcdaidpharmacy.ie/collections/gift-voucher?srsltid=AfmBOoqS7r3tdsOhSNANPBOVjN0Ia_dJIR0jXmO9NfTVqKZb6wPeH4gW,Gift Voucher - Cavan,"McDaid Pharmacy E-Gift Card. Sale priceFrom €10,00. McDaid Pharmacy E-Gift Card · Choose options. Quick view. Gift Voucher. Sale priceFrom €5,00. Gift Voucher.","""pharmacy"" ""gift voucher"" Greece",5,data\discovery\mass-harvest-v5\clean-v5.2\global-review.csv | data\discovery\mass-harvest-v5\clean-v5.3\global-review.csv | data\discovery\mass-harvest-v5\clean-v5.4\review.csv | data\discovery\mass-harvest-v5\clean-v5.5\review.csv | data\discovery\mega-harvest-v6\clean-v6\review.csv,,REVIEW,non_greek_brand_coherence_unclear
100,medex.fi,Gift Cards - Medex Beauty Clinic,https://medex.fi/collections/gift-cards?srsltid=AfmBOopCtR2WKDM8p-Xyhd4VgNDQp7f1laRpqWn8-ferXUougURuPcx6,Gift Cards - Medex Beauty Clinic,"over 150 € in Finland, and over 250 € in EU. Spend, save ... Medex Beauty Clinic Gift Card. Gift Cards · AVOIN LAHJAKORTTI / OPEN AMOUNT ...","""Finland"" beauty ""gift card"" official",4,data\discovery\mass-harvest-v5\clean-v5.2\global-review.csv | data\discovery\mass-harvest-v5\clean-v5.3\global-review.csv | data\discovery\mass-harvest-v5\clean-v5.4\review.csv | data\discovery\mass-harvest-v5\clean-v5.5\review.csv,,SECOND_PASS_SAFE,non_greek_brand_coherent_direct_gift_card
100,medik8.com.cy,Medik8 CYPRUS* E,https://www.medik8.com.cy/products/medik8-e-gift-card?srsltid=AfmBOopU-lHw02o3ViKuvXo0Y6PvwBrqP6lJ9BWFTcoeO0fc9tF6ew4s,Medik8 CYPRUS* E-Gift Card,"A MEDIK8 CYPRUS* E-GIFT CARD by Medik8 is shown upright on a green textured surface with a matching fabric backdrop, offering a convenient digital gift option. ...","""Cyprus"" retail ""gift card"" official",4,data\discovery\mass-harvest-v5\clean-v5.2\global-review.csv | data\discovery\mass-harvest-v5\clean-v5.3\global-review.csv | data\discovery\mass-harvest-v5\clean-v5.4\review.csv | data\discovery\mass-harvest-v5\clean-v5.5\review.csv,,REVIEW,non_greek_brand_coherence_unclear
100,melissaoakleigh.com.au,Gift cards,https://melissaoakleigh.com.au/gift-cards/,Gift cards,Purchase a Melissa Oakleigh gift voucher for your loved ones - a fantastic ... Join us at Melissa Cafe for a culinary journey worth sharing.,"""cafe"" ""gift voucher"" Greece",5,data\discovery\mass-harvest-v5\clean-v5.2\global-review.csv | data\discovery\mass-harvest-v5\clean-v5.3\global-review.csv | data\discovery\mass-harvest-v5\clean-v5.4\review.csv | data\discovery\mass-harvest-v5\clean-v5.5\review.csv | data\discovery\mega-harvest-v6\clean-v6\review.csv,,REVIEW,non_greek_brand_coherence_unclear
100,melissinos-sandals.gr,55,http://www.melissinos-sandals.gr/giftvouchers/gift-card-55-detail,Gift Voucher - 55,"Gift Voucher - 55 ... The Voucher is valid for one year from the purchase date. It can be used both at our physical shop and eshop, to purchase any product of ...","site:.gr ""gift voucher""",5,data\discovery\focused-harvest-v7\clean-v7\review.csv | data\discovery\focused-harvest-v7-run1-backup\clean-v7\review.csv | data\discovery\mass-harvest-v5\clean-v5.4\review.csv | data\discovery\mass-harvest-v5\clean-v5.5\review.csv | data\discovery\mega-harvest-v6\clean-v6\review.csv,,REVIEW,greek_domain_brand_coherence_unclear
85,melissourgos.com.gr,Αγοράστε μία Δωροεπιταγή - Σ. ΜΕΛΙΣΣΟΥΡΓΟΣ & ΣΙΑ Ο.Ε.,https://melissourgos.com.gr/index.php?route,Αγοράστε μία Δωροεπιταγή - Σ. ΜΕΛΙΣΣΟΥΡΓΟΣ & ΣΙΑ Ο.Ε.,Αγοράστε μία Δωροεπιταγή. Αυτή η δωροεπιταγή θα αποσταλεί μέ e-mail στον παραλήπτη αφού ολοκληρωθεί ή πληρωμή σας. Όνομα παραλήπτη. E-mail παραλήπτη.,"site:.com.gr ""δωροεπιταγή""",3,data\discovery\focused-harvest-v7\clean-v7\review.csv | data\discovery\focused-harvest-v7-run1-backup\clean-v7\review.csv | data\discovery\mega-harvest-v6\clean-v6\review.csv,,REVIEW,greek_domain_brand_coherence_unclear
70,melloncollection.gr,Gift Card,https://melloncollection.gr/product/gift-card/,Gift Card,"The perfect gift choice for every style! Give your loved ones the freedom to choose their favorite sunglasses, eyewear, and accessories from our online store.","""eyewear"" ""gift card"" Greece",6,data\discovery\mass-harvest-v5\clean-v5.1\review.csv | data\discovery\mass-harvest-v5\clean-v5.2\manual-review.csv | data\discovery\mass-harvest-v5\clean-v5.3\global-review.csv | data\discovery\mass-harvest-v5\clean-v5.4\review.csv | data\discovery\mass-harvest-v5\clean-v5.5\review.csv | data\discovery\mega-harvest-v6\clean-v6\review.csv,,REVIEW,greek_domain_brand_coherence_unclear
80,melody-spa.gr,MELODY-SPA,https://melody-spa.gr/voucher/,GIFT VOUCHER - MELODY-SPA,"Discover the ultimate in relaxation and rejuvenation at Melody Spa in Greece ... GIFT VOUCHER. Dear guest, We are pleased to ... Spa for Children (chocolate- ...","site:.gr ""spa"" ""gift voucher""",3,data\discovery\focused-harvest-v7\clean-v7\review.csv | data\discovery\focused-harvest-v7-run1-backup\clean-v7\review.csv | data\discovery\mega-harvest-v6\clean-v6\review.csv,,SECOND_PASS_SAFE,greek_brand_coherent_direct_gift_card
100,memrise.com,How to say the gift card in Greek,https://www.memrise.com/en-us/learn-greek/greek-course/phrasebook/65723643396354/how-to-say-the-gift-card-in-greek,How to say the gift card in Greek,η δωροκάρτα. Hear how a local says it. Arrow image. Hear how a local says it. Arrow ... Giving Gifts. Lesson. 22 words/phrases. Search for #content you enjoy.,"""gifts"" ""δωροκάρτα"" Greece",1,data\discovery\mega-harvest-v6\clean-v6\review.csv,,REVIEW,non_greek_brand_coherence_unclear
100,mgc-europe.com,"Portugal's gift card market, quiet boom with growing opportunity",https://mgc-europe.com/f/portugal%E2%80%99s-gift-card-market-quiet-boom-with-growing-opportunity,"Portugal's gift card market, quiet boom with growing opportunity",OláCard. Portugal's leading gift card marketplace. Proof that we don't just advise — we build and operate successful platforms. Discover OláCard →.,"""Portugal"" retail ""gift card"" official",4,data\discovery\mass-harvest-v5\clean-v5.2\global-review.csv | data\discovery\mass-harvest-v5\clean-v5.3\global-review.csv | data\discovery\mass-harvest-v5\clean-v5.4\review.csv | data\discovery\mass-harvest-v5\clean-v5.5\review.csv,,REVIEW,non_greek_brand_coherence_unclear
100,miamitattoo.gr,TATTOO GIFT CARD -,https://miamitattoo.gr/news/EN/Our_News/News_Events/TATTOO-GIFT-CARD,TATTOO GIFT CARD -,TATTOO · DRAW · PIERCING · VIDEO · Our News · Special Thanks · News & Events · Book Now! Contact Us. Our News \ News & Events. TATTOO GIFT CARD. back.,"site:.gr ""tattoo"" ""gift card""",1,data\discovery\mega-harvest-v6\clean-v6\review.csv,,REVIEW,greek_domain_brand_coherence_unclear
85,milanos-shoes.gr,Αγοράστε μία Δωροεπιταγή - Milanos Shoes,https://milanos-shoes.gr/index.php?route,Αγοράστε μία Δωροεπιταγή - Milanos Shoes,Αυτή η δωροεπιταγή θα αποσταλεί μέ e-mail στον παραλήπτη αφού ολοκληρωθεί ή πληρωμή σας. ... Milanos Shoes στο Περιστέρι. 45+ χρόνια εμπειρίας στον χώρο ...,"site:.gr ""shoes"" ""δωροεπιταγή""",2,data\discovery\focused-harvest-v7\clean-v7\review.csv | data\discovery\focused-harvest-v7-run1-backup\clean-v7\review.csv,,SECOND_PASS_SAFE,greek_brand_coherent_direct_gift_card
65,milliesavage.com,GIFT VOUCHER,https://www.milliesavage.com/en-eu/collections/gift-voucher?srsltid=AfmBOooOAH2l-Xm52KYgByW2ghwK-bUmaMdkHdJs0RzXEWMQPYHkjrJr,GIFT VOUCHER,Physical ... lighting or an unsteady hand can affect how accurately you measure. ... Greece / €. Greenland / kr ...,"""Greece"" ""lighting"" ""gift voucher""",1,data\discovery\mega-harvest-v6\clean-v6\review.csv,,REVIEW,non_greek_brand_coherence_unclear
100,millinghotels.dk,Gift card Milling Hotels | Experience Denmark,https://millinghotels.dk/gift-card/?lang=en,Gift card Milling Hotels | Experience Denmark,"Order a gift card for Milling Hotels. The gift card applies to all our hotels throughout Denmark and is the perfect gift for a friend, girlfriend or family!","""Denmark"" hotel ""gift card"" official",4,data\discovery\mass-harvest-v5\clean-v5.2\global-review.csv | data\discovery\mass-harvest-v5\clean-v5.3\global-review.csv | data\discovery\mass-harvest-v5\clean-v5.4\review.csv | data\discovery\mass-harvest-v5\clean-v5.5\review.csv,,SECOND_PASS_SAFE,non_greek_brand_coherent_direct_gift_card
80,minas-designs.com,House of Minas Gift Card - Minas Jewellery Athens,https://minas-designs.com/product/house-of-minas/,House of Minas Gift Card - Minas Jewellery Athens,The House of Minas gift card. Give the choice of any piece from the collection ... Accessories · Bracelets · Chokers & Colliers · Cufflinks · Earrings · Men's ...,"""Athens"" ""accessories"" ""gift card""",1,data\discovery\mega-harvest-v6\clean-v6\review.csv,,REVIEW,non_greek_brand_coherence_unclear
85,miniatureshoes.gr,Miniature Shoes,https://miniatureshoes.gr/product/%CE%B4%CF%89%CF%81%CE%BF%CE%BA%CE%AC%CF%81%CF%84%CE%B1/,Δωροκάρτα - Miniature Shoes,Αγοράστε μία δωροκάρτα και δώστε στους αγαπημένους σας την δυνατότητα να διαλέξουν οποιοδήποτε προιόν επιθυμούν! ... Miniature Shoes © 2020.,"site:.gr ""shoes"" ""δωροκάρτα""",8,data\discovery\focused-harvest-v7\clean-v7\review.csv | data\discovery\focused-harvest-v7-run1-backup\clean-v7\review.csv | data\discovery\mass-harvest-v5\clean-v5.1\review.csv | data\discovery\mass-harvest-v5\clean-v5.2\manual-review.csv | data\discovery\mass-harvest-v5\clean-v5.3\global-review.csv | data\discovery\mass-harvest-v5\clean-v5.4\review.csv | data\discovery\mass-harvest-v5\clean-v5.5\review.csv | data\discovery\mega-harvest-v6\clean-v6\review.csv,,SECOND_PASS_SAFE,greek_brand_coherent_direct_gift_card
85,minimokidsboutique.gr,Αγοράστε μία Δωροεπιταγή,https://minimokidsboutique.gr/index.php?route,Αγοράστε μία Δωροεπιταγή,Αυτή η δωροεπιταγή θα αποσταλεί μέ e-mail στον παραλήπτη αφού ολοκληρωθεί ή πληρωμή σας. ... © 2025 Βρεφική - Παιδική μόδα Minimo Kids Boutique | Κατασκευή eshop ...,"site:.gr ""kids"" ""δωροεπιταγή""",2,data\discovery\focused-harvest-v7\clean-v7\review.csv | data\discovery\focused-harvest-v7-run1-backup\clean-v7\review.csv,,REVIEW,greek_domain_brand_coherence_unclear
80,minnak.de,Gift Vouchers,https://www.minnak.de/en/collections/geschenkgutschein?srsltid=AfmBOoq7kVluyj-yctaKuzb4kKpECvAwD7NORJ6a7M1y2BBWSIoquvBG,Gift Vouchers,Bring joy to someone with a gift voucher from Minnak Fine Jewelry. Perfect as a gift for any occasion - available immediately.,"""jewelry"" ""gift voucher"" Greece",6,data\discovery\mass-harvest-v5\clean-v5.1\review.csv | data\discovery\mass-harvest-v5\clean-v5.2\manual-review.csv | data\discovery\mass-harvest-v5\clean-v5.3\global-review.csv | data\discovery\mass-harvest-v5\clean-v5.4\review.csv | data\discovery\mass-harvest-v5\clean-v5.5\review.csv | data\discovery\mega-harvest-v6\clean-v6\review.csv,,REVIEW,non_greek_brand_coherence_unclear
100,minorhotels.com,Online Voucher,https://www.minorhotels.com/en/egiftcard,Online Voucher | eGift Card Redemption,"Austria, Graz, NH Graz City, Salzburg, NH Collection Salzburg City, Vienna ... If an important anniversary is approaching, a gift card can be the ideal way to ...","""Austria"" hotel ""gift card"" official",4,data\discovery\mass-harvest-v5\clean-v5.2\global-review.csv | data\discovery\mass-harvest-v5\clean-v5.3\global-review.csv | data\discovery\mass-harvest-v5\clean-v5.4\review.csv | data\discovery\mass-harvest-v5\clean-v5.5\review.csv,,REVIEW,non_greek_brand_coherence_unclear
100,miosalon.com,Spa Online Gift Card Management | Salon Gift Voucher ...,https://www.miosalon.com/features/gift-vouchers,Spa Online Gift Card Management | Salon Gift Voucher ...,Gift voucher management. Generate new gift vouchers and efficiently ... Hair Salon Software. Miosalon gives you Peace of Mind and your clients Good ...,"""hair salon"" ""gift voucher"" Greece",5,data\discovery\mass-harvest-v5\clean-v5.2\global-review.csv | data\discovery\mass-harvest-v5\clean-v5.3\global-review.csv | data\discovery\mass-harvest-v5\clean-v5.4\review.csv | data\discovery\mass-harvest-v5\clean-v5.5\review.csv | data\discovery\mega-harvest-v6\clean-v6\review.csv,,REVIEW,non_greek_brand_coherence_unclear
85,missyandme.gr,MissYandME | Fashion gift card,https://missyandme.gr/%CE%B4%CF%89%CF%81%CE%BF%CE%BA%CE%AC%CF%81%CF%84%CE%B1/,Δωροκάρτα MissYandME | Fashion gift card,"Χάρισε δωροκάρτα MissYandME για γυναικεία μόδα, αξεσουάρ και online αγορές με εύκολη επιλογή ποσού και εξαργύρωση.","site:.gr ""fashion"" ""δωροκάρτα""",8,data\discovery\focused-harvest-v7\clean-v7\review.csv | data\discovery\focused-harvest-v7-run1-backup\clean-v7\review.csv | data\discovery\mass-harvest-v5\clean-v5.1\review.csv | data\discovery\mass-harvest-v5\clean-v5.2\manual-review.csv | data\discovery\mass-harvest-v5\clean-v5.3\global-review.csv | data\discovery\mass-harvest-v5\clean-v5.4\review.csv | data\discovery\mass-harvest-v5\clean-v5.5\review.csv | data\discovery\mega-harvest-v6\clean-v6\review.csv,,SECOND_PASS_SAFE,greek_brand_coherent_direct_gift_card
100,mixandmatch.gr,DIGITAL GIFT CARD,https://mixandmatch.gr/product/digital-gift-card/,DIGITAL GIFT CARD,THE RESORT EDIT S'23 · SS23 · FW 22-23 · SS22 · SS21 · FW20-21 · Prefall20 · SS20 · FW19-20 ... SKU: GIFT CARD Category: GIFT CARD. Share: GET CLOSER TO OUR ...,"site:.gr ""resort"" ""gift card""",5,data\discovery\focused-harvest-v7\clean-v7\review.csv | data\discovery\focused-harvest-v7-run1-backup\clean-v7\review.csv | data\discovery\mass-harvest-v5\clean-v5.4\review.csv | data\discovery\mass-harvest-v5\clean-v5.5\review.csv | data\discovery\mega-harvest-v6\clean-v6\review.csv,,REVIEW,greek_domain_brand_coherence_unclear
80,mizensir.com,The Perfect Niche Perfume Gift Card | Mizensir Luxury,https://www.mizensir.com/en-kw/products/la-carte-cadeau-mizensir?srsltid=AfmBOopGrTuGbpdSxtut2z-7Z0MaIxvBpYa6SEKJOEde_rv8iPhLi0jr,The Perfect Niche Perfume Gift Card | Mizensir Luxury,"GIFT CARD | MIZENSIR. No reviews. Sale price100.00 ... Artisanal perfume house, founded in 1999 in Geneva by Master Perfumer Alberto Morillas. ... Greece (EUR €)","""perfume"" ""gift card"" Greece",6,data\discovery\mass-harvest-v5\clean-v5.1\review.csv | data\discovery\mass-harvest-v5\clean-v5.2\manual-review.csv | data\discovery\mass-harvest-v5\clean-v5.3\global-review.csv | data\discovery\mass-harvest-v5\clean-v5.4\review.csv | data\discovery\mass-harvest-v5\clean-v5.5\review.csv | data\discovery\mega-harvest-v6\clean-v6\review.csv,,SECOND_PASS_SAFE,non_greek_brand_coherent_direct_gift_card
85,moanasunglasses.gr,"Δωροκάρτα | Woman, Man Accessories, eshop for sunglasses",https://moanasunglasses.gr/product/%CE%B4%CF%89%CF%81%CE%BF%CE%BA%CE%AC%CF%81%CF%84%CE%B1/,"Δωροκάρτα | Woman, Man Accessories, eshop for sunglasses","Moana Sunglasses | Woman, Man Accessories, eshop for sunglasses. ΓΥΝΑΙΚΑ ... Δωροκάρτα. 30.00 € 120.00 €. Οι Δωροεπιταγές (Gift Cards) ισχύουν μόνο για ...","site:.gr ""accessories"" ""δωροκάρτα""",1,data\discovery\mega-harvest-v6\clean-v6\review.csv,,REVIEW,greek_domain_brand_coherence_unclear
100,momandme.gr,Δωροκάρτα 100€ - Mom & Me,https://momandme.gr/product/gift-card-100/,Δωροκάρτα 100€ - Mom & Me,Μόλις επιβεβαιώσουμε την πληρωμή θα λάβετε τη δωροκάρτα με τον εκπτωτικό κωδικό σ... ... Mom&Me ... Δωροκάρτα 100€. BestPrice.gr. Δωροκάρτα 100€ ποσότητα. Προσθήκη ...,"site:.gr ""concept store"" ""δωροκάρτα""",1,data\discovery\mega-harvest-v6\clean-v6\review.csv,,REVIEW,greek_domain_brand_coherence_unclear
100,monkeesofathens.com,Digital Gift Card,https://monkeesofathens.com/products/monkees-of-athens-gift-card?srsltid=AfmBOordjIPEqHtICbK-Db9XnP_g9haKf49TEtT3QzmN6JgEcnGjCdmC,Digital Gift Card,"Purchase a digital gift card with Monkee's, and use in store or online! This gift card ... Sneakers · Accessories · All Accessories · Jewelry · Sunglasses ...","""Athens"" ""sneakers"" ""gift card""",1,data\discovery\mega-harvest-v6\clean-v6\review.csv,,REVIEW,non_greek_brand_coherence_unclear
100,monumenthobbies.eu,Hobby Gift Card,https://monumenthobbies.eu/products/hobby-gift-card?srsltid=AfmBOoqJUTLQTRP2_huzk4KwQ5siZegYqTdJ53us38p461UR4i7waA7_,Hobby Gift Card,Our Hobby Gift Card lets you spread the Monument Truth to all your friends! Just load it up and send it off. The perfect gift for that Hobby Nerd in your life!,"""hobby"" ""gift card"" Greece",5,data\discovery\mass-harvest-v5\clean-v5.2\global-review.csv | data\discovery\mass-harvest-v5\clean-v5.3\global-review.csv | data\discovery\mass-harvest-v5\clean-v5.4\review.csv | data\discovery\mass-harvest-v5\clean-v5.5\review.csv | data\discovery\mega-harvest-v6\clean-v6\review.csv,,REVIEW,non_greek_brand_coherence_unclear
100,monzouzou.com,Gift Card Archives,https://www.monzouzou.com/product-category/wps_wgm_giftcard/,Gift Card Archives,"ACCESSORIES · FOOTWEAR · GIFT CARD · SHOWROOM APPOINTMENT. Hamburger Toggle Menu ... Dimitriou 26, Thessaloniki 546 32 MONDAY – FRIDAY 9.00 – 16.00. BY ...","""Thessaloniki"" ""accessories"" ""gift card""",1,data\discovery\mega-harvest-v6\clean-v6\review.csv,,REVIEW,non_greek_brand_coherence_unclear
100,moonbikesrl.it,Moon Bike Gift Card | Motorcycle & Apparel Gift Voucher,https://www.moonbikesrl.it/en-as/products/gift-card?srsltid=AfmBOopNyjySLcGFUJVWHI9bGl3RixQiwMdQxCINmHTcUKqB_UBIKHVb,Moon Bike Gift Card | Motorcycle & Apparel Gift Voucher,"Give the perfect gift! Moon Bike Gift Card valid on motorcycle apparel, helmets and accessories. Available in various denominations.","""motorcycle"" ""gift card"" Greece",5,data\discovery\mass-harvest-v5\clean-v5.2\global-review.csv | data\discovery\mass-harvest-v5\clean-v5.3\global-review.csv | data\discovery\mass-harvest-v5\clean-v5.4\review.csv | data\discovery\mass-harvest-v5\clean-v5.5\review.csv | data\discovery\mega-harvest-v6\clean-v6\review.csv,,REVIEW,non_greek_brand_coherence_unclear
85,mooneys.cardfoundry.com,Mooney's Sports Bar & Grill,https://mooneys.cardfoundry.com/,Mooney's Sports Bar & Grill - Gift Cards | Main Menu,... Athens/Williamsville/Corning · Order Status · Check Balance · Accessibility Version. Gift Cards. Welcome to our online gift card shop! ... computers hard drive by ...,"""Athens"" ""computers"" ""gift card""",1,data\discovery\mega-harvest-v6\clean-v6\review.csv,,REVIEW,non_greek_brand_coherence_unclear
100,mordorintelligence.com,Italy Gift Card & Incentive Card Market Forecasts 2031,https://www.mordorintelligence.com/industry-reports/italy-gift-card-and-incentive-card-market,Italy Gift Card & Incentive Card Market Forecasts 2031,The Italy Gift Card And Incentive Card Market worth USD 7.22 billion in 2026 is growing at a CAGR of 7.76% to reach USD 10.49 billion by ...,"""Italy"" retail ""gift card"" official",4,data\discovery\mass-harvest-v5\clean-v5.2\global-review.csv | data\discovery\mass-harvest-v5\clean-v5.3\global-review.csv | data\discovery\mass-harvest-v5\clean-v5.4\review.csv | data\discovery\mass-harvest-v5\clean-v5.5\review.csv,,REVIEW,non_greek_brand_coherence_unclear
80,morehome.gr,25,https://www.morehome.gr/index.php?route,Δωροεπιταγή 25,MORE HOME. 0 · 0 τεμάχιο (-α) - 0.00€ 0 · Δωροεπιταγή 25€. Δωροεπιταγή 25 ... Δωροεπιταγή 50€ .. 50.00€. Προσθήκη στο καλάθι. Πρoσθήκη στη ...,"site:.gr ""home"" ""δωροεπιταγή""",1,data\discovery\focused-harvest-v7-run1-backup\clean-v7\review.csv,,REVIEW,greek_domain_brand_coherence_unclear
100,morelifeadventures.com,Com,https://morelifeadventures.com/experience-gift-vouchers,Gift Vouchers,Crete Fitness Retreat. About. Team · Our Story · Sustainability · Work with us ... The recipient can enter the code at checkout to subtract the gift voucher value ...,"""Crete"" ""fitness"" ""gift voucher""",2,data\discovery\focused-harvest-v7\clean-v7\review.csv | data\discovery\focused-harvest-v7-run1-backup\clean-v7\review.csv,,REVIEW,non_greek_brand_coherence_unclear
100,morenaturalwine.com,Natural Wine Gift Card,https://morenaturalwine.com/products/natural-wine-gift-card?srsltid=AfmBOoq56ADF-AgSGaVZlEQ69VvLEWbFg-vefvwHiR4nXNsJXNAFfmU5,Natural Wine Gift Card,NATURAL WINE GIFT CARD. MORE Natural Wine. Denominations: 15€.,"""wine"" ""gift card"" Greece",1,data\discovery\mega-harvest-v6\clean-v6\review.csv,,REVIEW,non_greek_brand_coherence_unclear
85,mosaicshop.fr,Gift voucher 10 euro - mosaicshop,https://mosaicshop.fr/en/products/kadobon-10-euro-597,Gift voucher 10 euro - mosaicshop,"Buy Gift voucher 10 euro online for €10.00 at MosaicShop! Your expert for mosaic tiles, tools and supplies.","""tools"" ""gift voucher"" Greece",5,data\discovery\mass-harvest-v5\clean-v5.1\review.csv | data\discovery\mass-harvest-v5\clean-v5.2\manual-review.csv | data\discovery\mass-harvest-v5\clean-v5.3\global-review.csv | data\discovery\mass-harvest-v5\clean-v5.4\review.csv | data\discovery\mass-harvest-v5\clean-v5.5\review.csv,,SECOND_PASS_SAFE,non_greek_brand_coherent_direct_gift_card
100,motogadget.com,Motorcycle gift voucher for bikers,https://www.motogadget.com/en/products/gift-voucher-1,Motorcycle gift voucher for bikers,"The perfect gift voucher for motorcyclists: Available from €50 to €500, for high-quality motorcycle accessories. ▻Give the gift of joy now.","""motorcycle"" ""gift card"" Greece",5,data\discovery\mass-harvest-v5\clean-v5.2\global-review.csv | data\discovery\mass-harvest-v5\clean-v5.3\global-review.csv | data\discovery\mass-harvest-v5\clean-v5.4\review.csv | data\discovery\mass-harvest-v5\clean-v5.5\review.csv | data\discovery\mega-harvest-v6\clean-v6\review.csv,,REVIEW,non_greek_brand_coherence_unclear
100,mouyer.gr,Αρχεία - Παιδικά Παπούτσια Μούγερ,https://www.mouyer.gr/en/product-category/gift-cards/,GIFT CARDS Αρχεία - Παιδικά Παπούτσια Μούγερ,"GIFT CARD 100€ ... fashion trends. Πρωταρχικός στόχος του Ομίλου ... Athens Metro Mall, Avenue, Piraeus, Glyfada, Nea Smyrni, Agia Paraskevi.","""Glyfada"" ""fashion"" ""gift card""",3,data\discovery\focused-harvest-v7\clean-v7\review.csv | data\discovery\focused-harvest-v7-run1-backup\clean-v7\review.csv | data\discovery\mega-harvest-v6\clean-v6\review.csv,,REVIEW,greek_domain_brand_coherence_unclear
100,mrandmrsspa.gr,Mr & Mrs Spa | Wellness Club,https://mrandmrsspa.gr/product-category/dorokarta-gift-voucher/,Δωροκάρτα - Mr & Mrs Spa | Wellness Club,Spa Consulting · Επικοινωνία. Mini Cart. Δωροκάρτα. Αρχική σελίδαΔωροκάρτα. Προβάλλονται όλα - 11 αποτελέσματαSorted by latest. Filter. Ταξινόμηση με βάση τη ...,"site:.gr ""spa"" ""δωροκάρτα""",8,data\discovery\focused-harvest-v7\clean-v7\review.csv | data\discovery\focused-harvest-v7-run1-backup\clean-v7\review.csv | data\discovery\mass-harvest-v5\clean-v5.1\review.csv | data\discovery\mass-harvest-v5\clean-v5.2\manual-review.csv | data\discovery\mass-harvest-v5\clean-v5.3\global-review.csv | data\discovery\mass-harvest-v5\clean-v5.4\review.csv | data\discovery\mass-harvest-v5\clean-v5.5\review.csv | data\discovery\mega-harvest-v6\clean-v6\review.csv,,REVIEW,greek_domain_brand_coherence_unclear
100,mtcgame.com,Buy Google Play Gift Card Poland Store,https://www.mtcgame.com/google-play/gift-card-poland?srsltid=AfmBOorqcdLrE2DXkyXs44I7Ud1DEvdGAVjRjkDGjh0Q44F25WW2hlKb,Buy Google Play Gift Card Poland Store,The Google Play Gift Card Poland Store Gift Card code will be sent to your email address after purchase. Quantity. Total Price. Poland.,"""Poland"" retail ""gift card"" official",3,data\discovery\mass-harvest-v5\clean-v5.2\global-review.csv | data\discovery\mass-harvest-v5\clean-v5.3\global-review.csv | data\discovery\mass-harvest-v5\clean-v5.5\review.csv,,REJECT,third_party_googleplay_gift_card
100,mumsnet.com,Gift vouchers for Australian stores,https://www.mumsnet.com/talk/_chat/5463165-gift-vouchers-for-australian-stores,Gift vouchers for Australian stores,When we visited earlier in the year we went to Myers department store and a number of the Museums - both do gift vouchers. ... Best gift voucher ...,"""department store"" ""gift voucher"" Greece",5,data\discovery\mass-harvest-v5\clean-v5.2\global-review.csv | data\discovery\mass-harvest-v5\clean-v5.3\global-review.csv | data\discovery\mass-harvest-v5\clean-v5.4\review.csv | data\discovery\mass-harvest-v5\clean-v5.5\review.csv | data\discovery\mega-harvest-v6\clean-v6\review.csv,,REVIEW,non_greek_brand_coherence_unclear
80,muni-baby.nl,Muni Baby Gift Voucher,https://muni-baby.nl/en/products/muni-baby-cadeaubonnen?srsltid=AfmBOoqVopG8-9OortnN7vOcWCSdeD-4XBOrYlB2TS50h1z1Pgd90AI6,Muni Baby Gift Voucher,"With the Muni Baby gift voucher you not only give a gift, but the reassurance that parents can choose the best products for their little one. How does it work?","""baby"" ""gift voucher"" Greece",6,data\discovery\mass-harvest-v5\clean-v5.1\review.csv | data\discovery\mass-harvest-v5\clean-v5.2\manual-review.csv | data\discovery\mass-harvest-v5\clean-v5.3\global-review.csv | data\discovery\mass-harvest-v5\clean-v5.4\review.csv | data\discovery\mass-harvest-v5\clean-v5.5\review.csv | data\discovery\mega-harvest-v6\clean-v6\review.csv,,SECOND_PASS_SAFE,non_greek_brand_coherent_direct_gift_card
80,mustmenfashion.gr,Δωροεπιταγές,https://mustmenfashion.gr/voucher-purchase,Δωροεπιταγές,σου στέλνω μια δωροκάρτα αξίας 10 € από το ηλεκτρονικό κατάστημα Must Men Fashion. Κωδικός δωροκάρτας: XX-XXX-XXXX-XX-XXXX. Επικοινωνία. MUST Men Fashion.,"site:.gr ""men fashion"" ""δωροκάρτα""",1,data\discovery\mega-harvest-v6\clean-v6\review.csv,,REVIEW,greek_domain_brand_coherence_unclear
100,muziker.com,Muziker Gift Voucher (Digital Product),https://www.muziker.com/muziker-gifts-gift-card?srsltid=AfmBOoooVkxundETyP6EeeHmniCQ1u1j4e90iLwLv0YXcE8iWZzTPnvt,Muziker Gift Voucher (Digital Product),Muziker Gift Voucher (Digital Product) United Kingdom. Confirm country Confirm. Gift ideas · FAQ · Muziker Blog · Logo muziker. Music · LP & CD · Merch · Art.,"""music"" ""gift voucher"" Greece",5,data\discovery\mass-harvest-v5\clean-v5.2\global-review.csv | data\discovery\mass-harvest-v5\clean-v5.3\global-review.csv | data\discovery\mass-harvest-v5\clean-v5.4\review.csv | data\discovery\mass-harvest-v5\clean-v5.5\review.csv | data\discovery\mega-harvest-v6\clean-v6\review.csv,,SECOND_PASS_SAFE,non_greek_brand_coherent_direct_gift_card
80,my-bagfactory.com,Digital gift voucher MyBagFactory,https://www.my-bagfactory.com/en/products/geschenkgutschein-mybagfactory,Digital gift voucher MyBagFactory,Digital gift voucher MyBagFactory. Bewerten Sie als ... Everything you need to know about our travel bags – from carry-on luggage to care instructions.,"""luggage"" ""gift voucher"" Greece",5,data\discovery\mass-harvest-v5\clean-v5.1\review.csv | data\discovery\mass-harvest-v5\clean-v5.2\manual-review.csv | data\discovery\mass-harvest-v5\clean-v5.3\global-review.csv | data\discovery\mass-harvest-v5\clean-v5.4\review.csv | data\discovery\mass-harvest-v5\clean-v5.5\review.csv,,SECOND_PASS_SAFE,non_greek_brand_coherent_direct_gift_card
100,my-myth.com,Gift Card,https://my-myth.com/product-category/gifts/giftcard/,Gift Card,"... Gift Card. Home / SHOP / Gifts ... jewelry logo. Contact us. info@my-myth.com. Mobile: 6972214807. Phone:2310459671. Address: Ippokratous 17-19, 55134 ...","""Thessaloniki"" ""jewelry"" ""gift card""",3,data\discovery\focused-harvest-v7\clean-v7\review.csv | data\discovery\focused-harvest-v7-run1-backup\clean-v7\review.csv | data\discovery\mega-harvest-v6\clean-v6\review.csv,,REVIEW,non_greek_brand_coherence_unclear
100,myconianambassador.gr,Ambassador Mykonos,https://www.myconianambassador.gr/gift-cards/,Gift Cards | Ambassador Mykonos,Offer the ultimate Myconian dream. Myconian Ambassador | Gift Cards.,"site:.gr ""gift cards""",5,data\discovery\focused-harvest-v7\clean-v7\review.csv | data\discovery\focused-harvest-v7-run1-backup\clean-v7\review.csv | data\discovery\mass-harvest-v5\clean-v5.4\review.csv | data\discovery\mass-harvest-v5\clean-v5.5\review.csv | data\discovery\mega-harvest-v6\clean-v6\review.csv,,REVIEW,greek_domain_brand_coherence_unclear
100,mycover-protection.com,Motorcycle gift voucher for real bikers - MYCOVER® Protection,https://www.mycover-protection.com/en/produkt/gift-voucher/,Motorcycle gift voucher for real bikers - MYCOVER® Protection,"Motorcycle gift voucher: MYCOVER® Online store gift voucher ... Greece, 9,90 € / free shipping from 99€ order value. Ireland, 9,90 € / free ...","""motorcycle"" ""gift voucher"" Greece",4,data\discovery\mass-harvest-v5\clean-v5.3\greece-market-review.csv | data\discovery\mass-harvest-v5\clean-v5.4\review.csv | data\discovery\mass-harvest-v5\clean-v5.5\review.csv | data\discovery\mega-harvest-v6\clean-v6\review.csv,,SECOND_PASS_SAFE,non_greek_brand_coherent_direct_gift_card
100,mycruises.com.au,Gift Cards,https://mycruises.com.au/gift-cards/,Gift Cards,"... Greece ... When your special someone is ready to book, all they need to do is contact our Cruise Experts and quote their gift voucher identification number.","""cruise"" ""gift voucher"" Greece",1,data\discovery\mega-harvest-v6\clean-v6\review.csv,,REVIEW,non_greek_brand_coherence_unclear
85,mycurls.gr,Gift Cards,https://mycurls.gr/products/mycurls-gr-gift-cart?srsltid=AfmBOoqJuGtZSoUi6rWaobkZq31Ztca1NJjonY56lbYj_0ePbWp82ag1,Gift Cards,Gift Cards ... Ο φόρος συμπεριλαμβάνεται. Τα έξοδα αποστολής υπολογίζονται κατά την ολοκλήρωση της αγοράς. Denominations. €10.00 €25.00,"site:.gr ""gift cards""",6,data\discovery\mass-harvest-v5\clean-v5.1\review.csv | data\discovery\mass-harvest-v5\clean-v5.2\manual-review.csv | data\discovery\mass-harvest-v5\clean-v5.3\global-review.csv | data\discovery\mass-harvest-v5\clean-v5.4\review.csv | data\discovery\mass-harvest-v5\clean-v5.5\review.csv | data\discovery\mega-harvest-v6\clean-v6\review.csv,,REVIEW,greek_domain_brand_coherence_unclear
75,mydowntowngiftcards.ca,17th Ave Gift Card | Downtown Gift Cards Canada,https://mydowntowngiftcards.ca/product/17th-ave-gift-card/,17th Ave Gift Card | Downtown Gift Cards Canada,Where to spend. All (77) Shopping (26) Health + Beauty (8) Food + Drink (43) ... Paros Real Greek. Peppino 17th Ave. Paros Real Greek. 4.6 (623). $$ . 1436 8 ...,"""Paros"" ""beauty"" ""gift card""",1,data\discovery\focused-harvest-v7-run1-backup\clean-v7\review.csv,,REVIEW,non_greek_brand_coherence_unclear
100,myfashionfruit.com,MYFASHIONFRUIT,https://myfashionfruit.com/products/myfashionfruit-gift-card?srsltid=AfmBOoosQZAnYmzb9h_MUI0XHwnEGWaX-BH1fzw8jWL_FRCZo6IAQOtP,Gift Card | MYFASHIONFRUIT,"Plain maroon gift card — MYFASHIONFRUIT. Μεγάλη εικόνα. Gift ... Athens, Greece. Useful Infos. Πολιτική Επιστροφών · FAQ · Τρόποι Αποστολής · Τρόποι ...","""Athens"" ""fashion"" ""gift card""",7,data\discovery\focused-harvest-v7\clean-v7\review.csv | data\discovery\focused-harvest-v7-run1-backup\clean-v7\review.csv | data\discovery\mass-harvest-v5\clean-v5.2\global-review.csv | data\discovery\mass-harvest-v5\clean-v5.3\global-review.csv | data\discovery\mass-harvest-v5\clean-v5.4\review.csv | data\discovery\mass-harvest-v5\clean-v5.5\review.csv | data\discovery\mega-harvest-v6\clean-v6\review.csv,,SECOND_PASS_SAFE,non_greek_brand_coherent_direct_gift_card
100,mygiftcardsupply.com,Buy IKEA Gift Cards Online | Multiple Country Options,https://www.mygiftcardsupply.com/ikea-gift-card/?srsltid=AfmBOorgxHFUv-Efnb8AbpOPbwsCGqPEKHr4420kun9eiowQnvCpuh6C,Buy IKEA Gift Cards Online | Multiple Country Options,"Shop for furniture, decor, storage, and home essentials with the IKEA gift card version that matches your country, plus fast digital delivery and secure ...","""decor"" ""gift card"" Greece",2,data\discovery\mass-harvest-v5\clean-v5.2\global-review.csv | data\discovery\mass-harvest-v5\clean-v5.5\review.csv,,REJECT,third_party_ikea_gift_card
100,mygreekkitchen.com.au,Gift Vouchers - Greek Cooking Classes,https://mygreekkitchen.com.au/gift-vouchers-greek-cooking,Gift Vouchers - Greek Cooking Classes,"My Greek Kitchen gift voucher is a great present for someone special celebrating a birthday, anniversary, Christmas gift, or a wonderful way of saying thank ...","""kitchen"" ""gift voucher"" Greece",1,data\discovery\mega-harvest-v6\clean-v6\review.csv,,REVIEW,non_greek_brand_coherence_unclear
80,myikona.gr,", Δωροκάρτες & Gift Card",https://www.myikona.gr/proionta/deal-doroepitages-myikona/,"Δωροεπιταγές, Δωροκάρτες & Gift Card","Δωροκάρτες & δωροεπιταγές για κάθε περίσταση. Χαρίστε επιλογή με gift cards, κουπόνια δώρου & εκπτωτικές κάρτες από το myikona.gr. Άμεση αποστολή!","site:.gr ""δωροεπιταγές""",8,data\discovery\focused-harvest-v7\clean-v7\review.csv | data\discovery\focused-harvest-v7-run1-backup\clean-v7\review.csv | data\discovery\mass-harvest-v5\clean-v5.1\review.csv | data\discovery\mass-harvest-v5\clean-v5.2\manual-review.csv | data\discovery\mass-harvest-v5\clean-v5.3\global-review.csv | data\discovery\mass-harvest-v5\clean-v5.4\review.csv | data\discovery\mass-harvest-v5\clean-v5.5\review.csv | data\discovery\mega-harvest-v6\clean-v6\review.csv,,REVIEW,greek_domain_brand_coherence_unclear
100,mykonos-grill.com,Mykonos Grill,https://mykonos-grill.com/gift-cards/,Gift Cards - Mykonos Grill,"Give us a call, come to our location, or send us an e-mail to purchase a gift card for your loved one today ... Kids Menu · Wine Menu · Gallery · Private Dining.","""Mykonos"" ""kids"" ""gift card""",1,data\discovery\focused-harvest-v7-run1-backup\clean-v7\review.csv,,SECOND_PASS_SAFE,non_greek_brand_coherent_direct_gift_card
100,mykonosonthebay.com,GIFT VOUCHER | MykonosOnTheBay,https://www.mykonosonthebay.com/gift-voucher,GIFT VOUCHER | MykonosOnTheBay,"Gift Voucher. Treat someone you care to a Good Meal! Discount is applicable ... (Includes Mykonos On The Bay, SolePomodoro Trattoria Pizzeria, Cugini Trattoria ...","""Mykonos"" ""gift voucher""",3,data\discovery\mass-harvest-v5\clean-v5.3\greece-market-review.csv | data\discovery\mass-harvest-v5\clean-v5.4\review.csv | data\discovery\mass-harvest-v5\clean-v5.5\review.csv,,SECOND_PASS_SAFE,non_greek_brand_coherent_direct_gift_card
80,mylefkada.gr,Η Δωροεπιταγή του Τηλυκράτη,https://www.mylefkada.gr/eidhseis/74627-74627/,Η Δωροεπιταγή του Τηλυκράτη,Η Δωροεπιταγή του Τηλυκράτη. My Lefkada Team by My Lefkada Team ... Σε συνεργασία με το Oikos Decor center. Related posts ...,"site:.gr ""decor"" ""δωροεπιταγή""",2,data\discovery\focused-harvest-v7\clean-v7\review.csv | data\discovery\focused-harvest-v7-run1-backup\clean-v7\review.csv,,REVIEW,greek_domain_brand_coherence_unclear
85,mylifelikes.gr,Αγοράστε μία Δωροεπιταγή,https://mylifelikes.gr/account/voucher,Αγοράστε μία Δωροεπιταγή,... Baby Shower · Εγκαίνια · Βάφτιση · Αναμνηστικά · Για Το Νεο Σπίτι · Αποφοίτηση · Για Το ... Αγοράστε μία Δωροεπιταγή. Χαρίστε στους αγαπημένους σας την ελευθερία ...,"site:.gr ""baby"" ""δωροεπιταγή""",2,data\discovery\focused-harvest-v7\clean-v7\review.csv | data\discovery\focused-harvest-v7-run1-backup\clean-v7\review.csv,,REVIEW,greek_domain_brand_coherence_unclear
100,myrto-naturalcosmetics.de,Gift voucher for natural cosmetics,https://www.myrto-naturalcosmetics.de/en/collections/gift-vouchers?srsltid=AfmBOoqcqG4ZdY9AWJT_oFJHacfCo-gTmsHP3GKGDhuPLXzp-2ugUYWE,Gift voucher for natural cosmetics,Give the gift of high-quality natural cosmetics ... Give the gift of natural beauty – with a myrto gift voucher ... Greece Flag Greece. Hungary Flag Hungary.,"""cosmetics"" ""gift voucher"" Greece",4,data\discovery\mass-harvest-v5\clean-v5.3\greece-market-review.csv | data\discovery\mass-harvest-v5\clean-v5.4\review.csv | data\discovery\mass-harvest-v5\clean-v5.5\review.csv | data\discovery\mega-harvest-v6\clean-v6\review.csv,,REVIEW,non_greek_brand_coherence_unclear
85,mysatellite.gr,Αγοράστε μία Δωροεπιταγή,https://www.mysatellite.gr/index.php?route,Αγοράστε μία Δωροεπιταγή,Satellite Advertising Gifts. Menu. 0. Όλα. Όλα; Αρχική; Κατάλογοι Online. 0 προϊόν ... Αγοράστε μία Δωροεπιταγή. Αυτή η δωροεπιταγή θα αποσταλεί μέ e-mail στον ...,"site:.gr ""gifts"" ""δωροεπιταγή""",2,data\discovery\focused-harvest-v7\clean-v7\review.csv | data\discovery\focused-harvest-v7-run1-backup\clean-v7\review.csv,,REVIEW,greek_domain_brand_coherence_unclear
85,myskstore.at,Gift Vouchers,https://myskstore.at/en/collections/geschenkgutscheine-1?srsltid=AfmBOop_CJEE5NsmJulpVe0pyfyu-McBJdK_8YDxgB0dlIFiIJg8F5f5,Gift Vouchers,"MYSK gift voucher, you give the gift of free choice from high-quality ; skincare, ; haircare, ; makeup, ; bodycare, and selected personal care products.","""haircare"" ""gift voucher"" Greece",1,data\discovery\mega-harvest-v6\clean-v6\review.csv,,REVIEW,non_greek_brand_coherence_unclear
100,mytheresa.com,Gift Card & Store Credit,https://www.mytheresa.com/euro/en/customer-care/gift-card,Gift Card & Store Credit,Surprise your loved ones with the Mytheresa's gift card - per e-mail or in an exclusive gift box! Find ... Europe|English. Your current delivery country is Spain ...,"""Europe"" fashion ""gift card"" official",4,data\discovery\mass-harvest-v5\clean-v5.2\global-review.csv | data\discovery\mass-harvest-v5\clean-v5.3\global-review.csv | data\discovery\mass-harvest-v5\clean-v5.4\review.csv | data\discovery\mass-harvest-v5\clean-v5.5\review.csv,,REVIEW,non_greek_brand_coherence_unclear
100,mzwallace.com,Designer & Fashion Gift Cards,https://www.mzwallace.com/en-be/collections/gift-cards?srsltid=AfmBOoqQbjY0oKwrQpCiyczy_xaKcHKT0eRmOnodTEfcGfH-ucbhmbHI,Designer & Fashion Gift Cards,"... official site of MZ Wallace, with free US shipping to MZ Rewards members. MZ Wallace believes in design that does more, crafting designer fashion ... Gift Card. € ...","""Belgium"" fashion ""gift card"" official",4,data\discovery\mass-harvest-v5\clean-v5.2\global-review.csv | data\discovery\mass-harvest-v5\clean-v5.3\global-review.csv | data\discovery\mass-harvest-v5\clean-v5.4\review.csv | data\discovery\mass-harvest-v5\clean-v5.5\review.csv,,REVIEW,non_greek_brand_coherence_unclear
85,naild.de,Gift voucher for Press on Nails (10-50€) ❤️ NAILD,https://www.naild.de/en/products/press-on-nails-geschenkgutschein?srsltid=AfmBOooUMVbKE4_vsMABrdf28mpOOXk_hq2HjnnPSep1oWbYP3hEiSky,Gift voucher for Press on Nails (10-50€) ❤️ NAILD,Digital gift voucher for Press on Nails & all other products in our online shops ✨ 10 - 50 € ✊ quick & easy ✔️ Give away now!,"""nails"" ""gift voucher"" Greece",1,data\discovery\mega-harvest-v6\clean-v6\review.csv,,SECOND_PASS_SAFE,non_greek_brand_coherent_direct_gift_card
85,naildd.gr,Δωροκάρτα,https://www.naildd.gr/cat/%CE%B4%CF%89%CF%81%CE%BF%CE%BA%CE%AC%CF%81%CF%84%CE%B1/,Δωροκάρτα,Κάντε ένα αξέχαστο Δώρο στους αγαπημένους σας ή στον εαυτό σας! Αγοράστε την Δωροκάρτα από την ιστοσελίδα μας ή παραλάβετε την από το κατάστημα και δωρίστε την ...,"""Thessaloniki"" ""δωροκάρτα""",5,data\discovery\mass-harvest-v5\clean-v5.1\review.csv | data\discovery\mass-harvest-v5\clean-v5.2\manual-review.csv | data\discovery\mass-harvest-v5\clean-v5.3\global-review.csv | data\discovery\mass-harvest-v5\clean-v5.4\review.csv | data\discovery\mass-harvest-v5\clean-v5.5\review.csv,,REVIEW,greek_domain_brand_coherence_unclear
100,naio-nails.com,Online Gift Voucher,https://naio-nails.com/products/online-gift-voucher?srsltid=AfmBOooxVfQOeX8k5WvmJCp3-00OhQiLam5zTwesiYDdue7GLR9S04_U,Online Gift Voucher,"Online Gift Voucher Naio Nails. Sold outPre order ... Greece, Hong Kong SAR, Hungary, Iceland, Ireland, Israel, Italy, Japan, Latvia ...","""nails"" ""gift voucher"" Greece",1,data\discovery\mega-harvest-v6\clean-v6\review.csv,,REVIEW,non_greek_brand_coherence_unclear
100,nakas.com.cy,Gift Cards,https://www.nakas.com.cy/en/proionta/gift-cards/?srsltid=AfmBOorW_CTO24yLoxMXyWYfPRPS-2jT12aI1M0TiU44_QKzEexpv_T7,Gift Cards,Nakas Music Gift Card is a prepaid card which can be purchased and redeemed only in the online store www.nakas.com.cy of NAKAS MUSIC CYPRUS LTD.,"""music"" ""gift card"" Greece",6,data\discovery\mass-harvest-v5\clean-v5.1\review.csv | data\discovery\mass-harvest-v5\clean-v5.2\global-review.csv | data\discovery\mass-harvest-v5\clean-v5.3\global-review.csv | data\discovery\mass-harvest-v5\clean-v5.4\review.csv | data\discovery\mass-harvest-v5\clean-v5.5\review.csv | data\discovery\mega-harvest-v6\clean-v6\review.csv,,REVIEW,non_greek_brand_coherence_unclear
85,nakas.com.gr,Αγοράστε μία Δωροεπιταγή,https://nakas.com.gr/index.php?route,Αγοράστε μία Δωροεπιταγή,O Λογαριασμός μου · Αγορά Δωροεπιταγής. Αγοράστε μία Δωροεπιταγή. Αυτή η δωροεπιταγή θα αποσταλεί μέ e-mail στον παραλήπτη αφού ολοκληρωθεί ή πληρωμή σας.,"site:.com.gr ""δωροεπιταγή""",3,data\discovery\focused-harvest-v7\clean-v7\review.csv | data\discovery\focused-harvest-v7-run1-backup\clean-v7\review.csv | data\discovery\mega-harvest-v6\clean-v6\review.csv,,REVIEW,greek_domain_brand_coherence_unclear
85,nakasconcept.gr,Nakasconcept,https://www.nakasconcept.gr/el/proionta/dorokartes/,Δωροκάρτες,"Μπορείτε να επιλέξετε μία ή παραπάνω από τις δωροκάρτες των 10€, 20€, 50€, 100€, 200€, 300€, 400€ ή και 500€ ή συνδυασμό αυτών. Μπορείτε να αγοράσετε τη ...","site:.gr ""δωροκάρτες""",3,data\discovery\focused-harvest-v7\clean-v7\review.csv | data\discovery\focused-harvest-v7-run1-backup\clean-v7\review.csv | data\discovery\mega-harvest-v6\clean-v6\review.csv,,SECOND_PASS_SAFE,greek_brand_coherent_direct_gift_card
100,namuos.lt,"Home decor gift vouchers for wedding, house warming ...",https://namuos.lt/collections/gift-voucher?srsltid=AfmBOopVGPT6EjRtWt_yEt5a6_EbcaqgUJIkpTFu4-IdYBkXfv316kzu,"Home decor gift vouchers for wedding, house warming ...",GIFT VOUCHER. Buy a gift voucher for your friends or family so they can shop the perfect home decor item for their home!,"""decor"" ""gift voucher"" Greece",5,data\discovery\mass-harvest-v5\clean-v5.2\global-review.csv | data\discovery\mass-harvest-v5\clean-v5.3\global-review.csv | data\discovery\mass-harvest-v5\clean-v5.4\review.csv | data\discovery\mass-harvest-v5\clean-v5.5\review.csv | data\discovery\mega-harvest-v6\clean-v6\review.csv,,REVIEW,non_greek_brand_coherence_unclear
80,naninails.gr,αξίας 20 EUR - NaniNails.gr,https://www.naninails.gr/dorokarta-axias-20-eur/?srsltid,Δωροκάρτα αξίας 20 EUR - NaniNails.gr,"Προσφέρουμε δωροκάρτες αξίας 10, 20 και 40 €. Εάν παραγγείλετε τη δωροκάρτα ξεχωριστά, υπάρχει η δυνατότητα να σας αποσταλεί ηλεκτρονικά μέσω e-mail. Η ...","site:.gr ""nails"" ""δωροκάρτα""",3,data\discovery\focused-harvest-v7\clean-v7\review.csv | data\discovery\focused-harvest-v7-run1-backup\clean-v7\review.csv | data\discovery\mega-harvest-v6\clean-v6\review.csv,,SECOND_PASS_SAFE,greek_brand_coherent_direct_gift_card
100,naomischogler.com,YOGA GIFT CARD,https://naomischogler.com/products/yoga-gift-card,YOGA GIFT CARD,"A Yoga gift card is a lovely thoughtful gift that someone can buy for ... Each gift voucher has a date of expiry, at least one year from the date of ...","""yoga"" ""gift voucher"" Greece",5,data\discovery\mass-harvest-v5\clean-v5.2\global-review.csv | data\discovery\mass-harvest-v5\clean-v5.3\global-review.csv | data\discovery\mass-harvest-v5\clean-v5.4\review.csv | data\discovery\mass-harvest-v5\clean-v5.5\review.csv | data\discovery\mega-harvest-v6\clean-v6\review.csv,,REVIEW,non_greek_brand_coherence_unclear
100,naos-optics.com,Naos,https://www.naos-optics.com/en-eu/products/naos-gift-card?srsltid=AfmBOorLIP5X0dwstG2EH52-8s3yODLSLG0J1hCzaJy4Bgz-LdvbtpzU,Naos - Gift Card,"Surprise your loved ones with a gift card, applicable to all our products ... info@naos-optics.com. Born in Belgium. BE0786.373.258. Newsletter. Stay up ...","""optics"" ""gift card"" Greece",5,data\discovery\mass-harvest-v5\clean-v5.2\global-review.csv | data\discovery\mass-harvest-v5\clean-v5.3\global-review.csv | data\discovery\mass-harvest-v5\clean-v5.4\review.csv | data\discovery\mass-harvest-v5\clean-v5.5\review.csv | data\discovery\mega-harvest-v6\clean-v6\review.csv,,REVIEW,non_greek_brand_coherence_unclear
85,nativis.gr,Nativis,https://nativis.gr/shop-products/%CE%B4%CF%89%CF%81%CE%BF%CE%BA%CE%AC%CF%81%CF%84%CE%B1/,Δωροκάρτα,Η δωροκάρτα απο το www.nativis.gr είναι ένα μοναδικό και αξέχαστο δώρο για ... Nativis Natural Cosmetics. 5.0. powered by Google. αξιολογήστε μας στο.,"site:.gr ""cosmetics"" ""δωροκάρτα""",8,data\discovery\focused-harvest-v7\clean-v7\review.csv | data\discovery\focused-harvest-v7-run1-backup\clean-v7\review.csv | data\discovery\mass-harvest-v5\clean-v5.1\review.csv | data\discovery\mass-harvest-v5\clean-v5.2\manual-review.csv | data\discovery\mass-harvest-v5\clean-v5.3\global-review.csv | data\discovery\mass-harvest-v5\clean-v5.4\review.csv | data\discovery\mass-harvest-v5\clean-v5.5\review.csv | data\discovery\mega-harvest-v6\clean-v6\review.csv,,SECOND_PASS_SAFE,greek_brand_coherent_direct_gift_card
100,nautiluxhotel.com,Com,https://www.nautiluxhotel.com/offers/gift-cards/,Gift cards,Gift unforgettable memories for someone special! Please contact us via reservations@nautiluxhotel.com to book your gift card ... Nautilux Rethymno Hotel · The ...,"""Rethymno"" ""hotel"" ""gift card""",2,data\discovery\focused-harvest-v7\clean-v7\review.csv | data\discovery\focused-harvest-v7-run1-backup\clean-v7\review.csv,,REVIEW,non_greek_brand_coherence_unclear
80,neakriti.gr,Δωροκάρτα: It's a perfect Easter gift για το βαφτιστήρι σου!,https://www.neakriti.gr/oikonomia/epiheiriseis/2112303_dorokarta-its-perfect-easter-gift-gia-baftistiri-soy,Δωροκάρτα: It's a perfect Easter gift για το βαφτιστήρι σου!,Δωροκάρτα: It's a perfect Easter gift για το ... Διαθέσιμη στα φυσικά καταστήματα ''Οπτικά Κέντρα Μαρκάκης'' & Markakis White Eyewear.,"site:.gr ""eyewear"" ""δωροκάρτα""",6,data\discovery\mass-harvest-v5\clean-v5.1\review.csv | data\discovery\mass-harvest-v5\clean-v5.2\manual-review.csv | data\discovery\mass-harvest-v5\clean-v5.3\global-review.csv | data\discovery\mass-harvest-v5\clean-v5.4\review.csv | data\discovery\mass-harvest-v5\clean-v5.5\review.csv | data\discovery\mega-harvest-v6\clean-v6\review.csv,,REVIEW,greek_domain_brand_coherence_unclear
100,needlesports.com,The Needle Sports Gift Voucher,https://www.needlesports.com/Information/Gift-Vouchers/The-Needle-Sports-Gift-Voucher-NSP,The Needle Sports Gift Voucher,Can't decide what to get for the Outdoor Enthusiast in your life? A Needle Sports Gift Voucher takes the stress of deciding what to buy away!,"""sports"" ""gift voucher"" Greece",4,data\discovery\mass-harvest-v5\clean-v5.2\global-review.csv | data\discovery\mass-harvest-v5\clean-v5.3\global-review.csv | data\discovery\mass-harvest-v5\clean-v5.4\review.csv | data\discovery\mass-harvest-v5\clean-v5.5\review.csv,,SECOND_PASS_SAFE,non_greek_brand_coherent_direct_gift_card
100,nellasina.de,Gift voucher,https://nellasina.de/en/products/gift-voucher?srsltid=AfmBOooNlou2p8kY5do1FCs_9ml3j4Vqp4rvXK7iDC6CDeHd7luVRKD7,Gift voucher,"Gift voucher. Sale price€25,00. Tax included. Shipping calculated at ... Jewelry care · Together for Animals · Events · Newsletter. INFO. About us · Engraving ...","""jewelry"" ""gift voucher"" Greece",5,data\discovery\mass-harvest-v5\clean-v5.2\global-review.csv | data\discovery\mass-harvest-v5\clean-v5.3\global-review.csv | data\discovery\mass-harvest-v5\clean-v5.4\review.csv | data\discovery\mass-harvest-v5\clean-v5.5\review.csv | data\discovery\mega-harvest-v6\clean-v6\review.csv,,REVIEW,non_greek_brand_coherence_unclear
80,neolaia.gr,Δωροκάρτα (art pass) - εισιτήρια,https://www.neolaia.gr/neolaia-tickets/event/2024-05-31/dorokarta-art-pass/,Δωροκάρτα (art pass) - εισιτήρια,Δωροκάρτα (art pass). ΚΘΒΕ. 31 Μαΐ. ΕΙΣΙΤΗΡΙΑ. Δωροκάρτα ΚΘΒΕ. Art ... Skiathos Garden Theatre. Skiathos Audio Tour. 27. ΙΟΥΝ. 2026. Πολλαπλοί ...,"site:.gr ""theatre"" ""δωροκάρτα""",6,data\discovery\mass-harvest-v5\clean-v5.1\review.csv | data\discovery\mass-harvest-v5\clean-v5.2\manual-review.csv | data\discovery\mass-harvest-v5\clean-v5.3\global-review.csv | data\discovery\mass-harvest-v5\clean-v5.4\review.csv | data\discovery\mass-harvest-v5\clean-v5.5\review.csv | data\discovery\mega-harvest-v6\clean-v6\review.csv,,REVIEW,greek_domain_brand_coherence_unclear
85,nethall.gr,Διαγωνισμός BP με δωροεπιταγές αξίας 500€ για Pet Shop,http://www.nethall.gr/diagonismos-bp-pet-shop-163867/,Διαγωνισμός BP με δωροεπιταγές αξίας 500€ για Pet Shop,H BP διοργανώνει διαγωνισμό και δίνει τη δυνατότητα σε 5 τυχερούς να κερδίσουν από μία δωροεπιταγή αξίας 100€ από γνωστή αλυσίδα Pet Shop!,"site:.gr ""pet shop"" ""δωροεπιταγή""",2,data\discovery\focused-harvest-v7\clean-v7\review.csv | data\discovery\focused-harvest-v7-run1-backup\clean-v7\review.csv,,REVIEW,greek_domain_brand_coherence_unclear
100,neweuropetours.eu,Jewellery Gift Voucher,https://www.neweuropetours.eu/jewlerry/jewellery-gift-voucher,Jewellery Gift Voucher,Athens. Discover the city & find a tour · Auckland ... Jewellery Gift Voucher. Yoann Rousset · Homepage jewelry. Share this page : Why ...,"""Athens"" ""jewelry"" ""gift voucher""",2,data\discovery\focused-harvest-v7\clean-v7\review.csv | data\discovery\mega-harvest-v6\clean-v6\review.csv,,REVIEW,non_greek_brand_coherence_unclear
100,newmovements.com,"Get a gift card - New Movements, Oslo - Norway",https://newmovements.com/products/gift-card?srsltid=AfmBOoqJtnMEPoYjwU2vAwYVQhLCmxdMnFE8LcNSs4LQdxvFmsiYdubZ,"Get a gift card - New Movements, Oslo - Norway","... Store at Steen & Strøm, Oslo, Norway ... Log in to check out faster. Continue shopping. Gift Card. NOK 500.","""Norway"" retail ""gift card"" official",4,data\discovery\mass-harvest-v5\clean-v5.2\global-review.csv | data\discovery\mass-harvest-v5\clean-v5.3\global-review.csv | data\discovery\mass-harvest-v5\clean-v5.4\review.csv | data\discovery\mass-harvest-v5\clean-v5.5\review.csv,,SECOND_PASS_SAFE,non_greek_brand_coherent_direct_gift_card
60,news.gtp.gr,Sabre: Eleventh-hour Christmas Shoppers are Driving a Boom ...,https://news.gtp.gr/2023/12/13/sabre-eleventh-hour-christmas-shoppers-are-driving-a-boom-in-hotel-gift-card-sales/,Sabre: Eleventh-hour Christmas Shoppers are Driving a Boom ...,"... technology provider. The hotel gift card industry is burgeoning; currently worth around $60bn, and growing year-on-year at an average rate ...","site:.gr ""technology"" ""gift card""",6,data\discovery\mass-harvest-v5\clean-v5.1\review.csv | data\discovery\mass-harvest-v5\clean-v5.2\manual-review.csv | data\discovery\mass-harvest-v5\clean-v5.3\global-review.csv | data\discovery\mass-harvest-v5\clean-v5.4\review.csv | data\discovery\mass-harvest-v5\clean-v5.5\review.csv | data\discovery\mega-harvest-v6\clean-v6\review.csv,,REVIEW,greek_domain_brand_coherence_unclear
55,news.travelling.gr,Celebrity Cruises Hires Agnes Fasano as Global Marketing ...,https://news.travelling.gr/2023/03/celebrity-cruises-hires-agnes-fasano-as-global-marketing-manager-for-corporate-groups-charters-gift-cards/,Celebrity Cruises Hires Agnes Fasano as Global Marketing ...,"She now joins Celebrity, with 15 years of experience within the cruise industry, in Marketing and the gift card market. Fasano's passion for ...","site:.gr ""cruise"" ""gift card""",1,data\discovery\mega-harvest-v6\clean-v6\review.csv,,REVIEW,greek_domain_brand_coherence_unclear
80,newsbeast.gr,Επιστήμονες αποθήκευσαν στο DNA μια δωροκάρτα και μια ταινία,https://www.newsbeast.gr/technology/news/arthro/2601421/epistimones-apothikefsan-sto-dna-mia-dorokarta-ke-mia-tenia,Επιστήμονες αποθήκευσαν στο DNA μια δωροκάρτα και μια ταινία,"Επιστήμονες αποθήκευσαν στο DNA μια δωροκάρτα και μια ταινία. Το μόριο της ... δωροκάρτα Amazon αξίας 50 δολαρίων, έναν ιό υπολογιστή, μία πλάκα Pioneer ...","site:.gr ""technology"" ""δωροκάρτα""",5,data\discovery\mass-harvest-v5\clean-v5.1\review.csv | data\discovery\mass-harvest-v5\clean-v5.2\manual-review.csv | data\discovery\mass-harvest-v5\clean-v5.3\global-review.csv | data\discovery\mass-harvest-v5\clean-v5.4\review.csv | data\discovery\mass-harvest-v5\clean-v5.5\review.csv,,REJECT,third_party_amazon_gift_card
100,next.co.uk,Classic Gift Cards | Next Official Site,https://www.next.co.uk/gift-cards,Classic Gift Cards | Next Official Site,"... uk · COACH · Mulberry · New In · Trainers ... With so much choice at their fingertips, give them the perfect present for every occasion with a gift card from Next ...","""UK"" retail ""gift card"" official",4,data\discovery\mass-harvest-v5\clean-v5.2\global-review.csv | data\discovery\mass-harvest-v5\clean-v5.3\global-review.csv | data\discovery\mass-harvest-v5\clean-v5.4\review.csv | data\discovery\mass-harvest-v5\clean-v5.5\review.csv,,REVIEW,non_greek_brand_coherence_unclear
100,nh-hotels.com,Minor Hotels Europe & Americas,https://www.nh-hotels.com/en/giftcards,Minor Hotels Europe & Americas - Gift Cards,"An Minor Hotels Europe & Americas gift card can be used to pay for accommodation charges and any other services available at participating hotels. So, whether ...","""Europe"" hotel ""gift card"" official",4,data\discovery\mass-harvest-v5\clean-v5.2\global-review.csv | data\discovery\mass-harvest-v5\clean-v5.3\global-review.csv | data\discovery\mass-harvest-v5\clean-v5.4\review.csv | data\discovery\mass-harvest-v5\clean-v5.5\review.csv,,REVIEW,non_greek_brand_coherence_unclear
100,nhbs.com,£50 Gift Voucher,https://www.nhbs.com/50-pound-gift-voucher?srsltid=AfmBOoq6MJJ9X4RpH8sgxxIDkkPTY3j8-sXUHZT6jp9wny1pPbCZDpj1,£50 Gift Voucher,... Optics · Binoculars · Thermal Imaging · Spotting & Field Scopes · Night Vision ... Gift Voucher In stock. £50.00. #171457 | Stock: 10+. Price: £50.00. Add to ...,"""optics"" ""gift voucher"" Greece",1,data\discovery\mega-harvest-v6\clean-v6\review.csv,,REVIEW,non_greek_brand_coherence_unclear
100,niche-beauty.com,Gift Cards,https://www.niche-beauty.com/en-de/info/gift-cards,Gift Cards,"CLEAN IS COOL! the Studio · Beauty Deals · 2 Free Samples · Gift Card · Newsletter ... Portugal, Puerto Rico, Qatar, Reunion, Romania, Saint Kitts and Nevis ...","""Portugal"" beauty ""gift card"" official",4,data\discovery\mass-harvest-v5\clean-v5.2\global-review.csv | data\discovery\mass-harvest-v5\clean-v5.3\global-review.csv | data\discovery\mass-harvest-v5\clean-v5.4\review.csv | data\discovery\mass-harvest-v5\clean-v5.5\review.csv,,REVIEW,non_greek_brand_coherence_unclear
80,nike.com,Οι δωροκάρτες Nike. Nike GR,https://www.nike.com/gr/dorokartes,Οι δωροκάρτες Nike. Nike GR,"Συνήθως, οι φυσικές δωροκάρτες παραδίδονται μέσα σε τρεις έως πέντε εργάσιμες ημέρες. Κατά τις περιόδους αυξημένου φόρτου μπορεί να χρειαστεί λίγο περισσότερος ...","""δωροκάρτες""",6,data\discovery\mass-harvest-v5\clean-v5.1\review.csv | data\discovery\mass-harvest-v5\clean-v5.2\manual-review.csv | data\discovery\mass-harvest-v5\clean-v5.3\global-review.csv | data\discovery\mass-harvest-v5\clean-v5.4\review.csv | data\discovery\mass-harvest-v5\clean-v5.5\review.csv | data\discovery\mega-harvest-v6\clean-v6\review.csv,,SECOND_PASS_SAFE,non_greek_brand_coherent_direct_gift_card
100,nirvana-massage.gr,Massage Gift Vouchers in Chania | The Perfect Wellness Gift,https://www.nirvana-massage.gr/gift-vouchers/,Massage Gift Vouchers in Chania | The Perfect Wellness Gift,Give the gift of relaxation in Chania. Nirvana Gift ... A gift voucher from Nirvana Massage & Beauty Spa is a thoughtful way to show someone you care.,"""Chania"" ""spa"" ""gift voucher""",5,data\discovery\focused-harvest-v7\clean-v7\review.csv | data\discovery\focused-harvest-v7-run1-backup\clean-v7\review.csv | data\discovery\mass-harvest-v5\clean-v5.4\review.csv | data\discovery\mass-harvest-v5\clean-v5.5\review.csv | data\discovery\mega-harvest-v6\clean-v6\review.csv,,REVIEW,greek_domain_brand_coherence_unclear
100,nnormal.com,Nnormal,https://www.nnormal.com/en_GR/men/bags-accessories/linea.plvg/nnormal-e_gift_card-PN007-001,E-Gift Card,E-Gift Card. 1 / 2. E-Gift Card. Colours: E-Gift Card - PN007-001 ... Greece / English. facebook · instagram · youtube · linkedin.,"""bags"" ""gift card"" Greece",4,data\discovery\mass-harvest-v5\clean-v5.3\greece-market-review.csv | data\discovery\mass-harvest-v5\clean-v5.4\review.csv | data\discovery\mass-harvest-v5\clean-v5.5\review.csv | data\discovery\mega-harvest-v6\clean-v6\review.csv,,SECOND_PASS_SAFE,non_greek_brand_coherent_direct_gift_card
85,nobberpharmacy.voucherconnect.com,Nobber Pharmacy Gift Card - Nobber pharmacy Vouchers | Voucher ...,https://nobberpharmacy.voucherconnect.com/product/7900,Nobber Pharmacy Gift Card - Nobber pharmacy Vouchers | Voucher ...,"Buy a Nobber Pharmacy Gift Voucher and use it against any purchase in store. Voucher Value. Select Value, €25.00, €50.00, €75.00, €100.00 ...","""pharmacy"" ""gift voucher"" Greece",6,data\discovery\mass-harvest-v5\clean-v5.1\review.csv | data\discovery\mass-harvest-v5\clean-v5.2\manual-review.csv | data\discovery\mass-harvest-v5\clean-v5.3\global-review.csv | data\discovery\mass-harvest-v5\clean-v5.4\review.csv | data\discovery\mass-harvest-v5\clean-v5.5\review.csv | data\discovery\mega-harvest-v6\clean-v6\review.csv,,REVIEW,non_greek_brand_coherence_unclear
85,noemahome.gr,Αγοράστε μία Δωροεπιταγή,https://noemahome.gr/index.php?route,Αγοράστε μία Δωροεπιταγή,home · O Λογαριασμός μου · Αγορά Δωροεπιταγής. Αγοράστε μία Δωροεπιταγή. Αυτή η δωροεπιταγή θα αποσταλεί μέ e-mail στον παραλήπτη αφού ολοκληρωθεί ή πληρωμή σας ...,"site:.gr ""home"" ""δωροεπιταγή""",2,data\discovery\focused-harvest-v7\clean-v7\review.csv | data\discovery\focused-harvest-v7-run1-backup\clean-v7\review.csv,,REVIEW,greek_domain_brand_coherence_unclear
100,nomos-glashuette.com,NOMOS gift voucher – NOMOS Glashütte | GR Store,https://nomos-glashuette.com/en-gr/give-aways/nomos-gift-voucher-scheck75?srsltid=AfmBOorOyA17OLNvsLkYee-on-xKMSGZo_5kpckGd2h8ca5wZVHpQ_Wb,NOMOS gift voucher – NOMOS Glashütte | GR Store,Shipping to: Greece / EUR Language: English · Search · Shop · Find retailer · Sign in / Register Basket Search · Home · All watches · NOMOS gift voucher.,"""watches"" ""gift voucher"" Greece",4,data\discovery\mass-harvest-v5\clean-v5.3\greece-market-review.csv | data\discovery\mass-harvest-v5\clean-v5.4\review.csv | data\discovery\mass-harvest-v5\clean-v5.5\review.csv | data\discovery\mega-harvest-v6\clean-v6\review.csv,,REVIEW,non_greek_brand_coherence_unclear
100,noones.com,Buy ATTICA Greece Gift Cards,https://noones.com/pcm/buy-gift-cards/attica-greece,Buy ATTICA Greece Gift Cards,Buy ATTICA Greece gift cards with reach 20% discount for NoOnes Gift card ... attica is the country's largest department store which is located in five locations ...,"""department store"" ""gift card"" Greece",4,data\discovery\mass-harvest-v5\clean-v5.3\greece-market-review.csv | data\discovery\mass-harvest-v5\clean-v5.4\review.csv | data\discovery\mass-harvest-v5\clean-v5.5\review.csv | data\discovery\mega-harvest-v6\clean-v6\review.csv,,REVIEW,non_greek_brand_coherence_unclear
100,nooz-optics.com,Offer Nooz glasses with our gift cards!,https://www.nooz-optics.com/en-int/products/digital/gift-card?srsltid=AfmBOorJlECNea-5qizis1wf-2pPycjWeJ6-YkCZgRMdNGCZIHyHiKYS,Offer Nooz glasses with our gift cards!,"How does it work? 1. You choose the amount of the gift card (20€, 50€, or 100€). 2. We send you an e-mail containing the gift card right away.","""optics"" ""gift card"" Greece",5,data\discovery\mass-harvest-v5\clean-v5.2\global-review.csv | data\discovery\mass-harvest-v5\clean-v5.3\global-review.csv | data\discovery\mass-harvest-v5\clean-v5.4\review.csv | data\discovery\mass-harvest-v5\clean-v5.5\review.csv | data\discovery\mega-harvest-v6\clean-v6\review.csv,,REVIEW,non_greek_brand_coherence_unclear
100,nordiclighthotel.com,Gift Card,https://nordiclighthotel.com/gift-card/,Gift Card,Treat someone that you care about to a Nordic Light Hotel gift card. Give your friends and family the ... Sweden - © 2026 Nordic Light Hotel. Chat. 1.,"""Sweden"" hotel ""gift card"" official",4,data\discovery\mass-harvest-v5\clean-v5.2\global-review.csv | data\discovery\mass-harvest-v5\clean-v5.3\global-review.csv | data\discovery\mass-harvest-v5\clean-v5.4\review.csv | data\discovery\mass-harvest-v5\clean-v5.5\review.csv,,REVIEW,non_greek_brand_coherence_unclear
85,nordicvisitor.com,Travel gift voucher : Perfect gift,https://www.nordicvisitor.com/gift/,Travel gift voucher : Perfect gift,Buy a gift voucher from travel agency Nordic Visitor. Give a travel ... Sweden; Scotland; Germany; Italy; See details. Licences. Contact us Get in touch ...,"""Sweden"" travel ""gift voucher"" official",5,data\discovery\mass-harvest-v5\clean-v5.1\review.csv | data\discovery\mass-harvest-v5\clean-v5.2\manual-review.csv | data\discovery\mass-harvest-v5\clean-v5.3\global-review.csv | data\discovery\mass-harvest-v5\clean-v5.4\review.csv | data\discovery\mass-harvest-v5\clean-v5.5\review.csv,,REVIEW,non_greek_brand_coherence_unclear
100,northandsouthjewelry.gr,North & South jewelry gift card,https://www.northandsouthjewelry.gr/products/north-south-jewelry-gift-card?srsltid,North & South jewelry gift card,"Η δωροκάρτα North & South jewelry gift card διατίθεται σε ψηφιακή μορφή. Μόλις ολοκληρώσετε την παραγγελία μιας δωροκάρτας, θα λάβετε ένα μήνυμα ηλεκτρονικού ...","site:.gr ""jewelry"" ""gift card""",5,data\discovery\focused-harvest-v7\clean-v7\review.csv | data\discovery\focused-harvest-v7-run1-backup\clean-v7\review.csv | data\discovery\mass-harvest-v5\clean-v5.4\review.csv | data\discovery\mass-harvest-v5\clean-v5.5\review.csv | data\discovery\mega-harvest-v6\clean-v6\review.csv,,REVIEW,greek_domain_brand_coherence_unclear
100,northsantorini.com,Com,https://www.northsantorini.com/gift-cards,Gift Cards,"North Santorini - A Luxury Spa Hotel in Santorini. FAQs. MENU. BOOK ONLINE. Home ... Select Gift Card, Luxury Romance Package, Bottle of Prosecco & Fruit ...","""Santorini"" ""spa"" ""gift card""",4,data\discovery\focused-harvest-v7-run1-backup\clean-v7\review.csv | data\discovery\mass-harvest-v5\clean-v5.3\greece-market-review.csv | data\discovery\mass-harvest-v5\clean-v5.4\review.csv | data\discovery\mass-harvest-v5\clean-v5.5\review.csv,,REVIEW,non_greek_brand_coherence_unclear
100,nostoscenter.com,Chiropractic consulation gift card,https://nostoscenter.com/en/product/chiropractic-consultation-giftcard/,Chiropractic consulation gift card,Discover the perfect gift with our chiropractic consultation gift card. Experience professional musculoskeletal assessment and personalized care.,"""Rhodes"" ""massage"" ""gift card""",2,data\discovery\focused-harvest-v7\clean-v7\review.csv | data\discovery\focused-harvest-v7-run1-backup\clean-v7\review.csv,,REVIEW,non_greek_brand_coherence_unclear
85,noukouconceptstore.gr,Δωροκάρτα,https://noukouconceptstore.gr/products/%CE%B4%CF%89%CF%81%CE%BF%CE%BA%CE%AC%CF%81%CF%84%CE%B1?srsltid=AfmBOoo85WXMLzLbUic2H3ThThOdcnTAlEEzri6F9bDCi1AYzdkU50V1,Δωροκάρτα,"Δωροκάρτα. Brand: Noukou Concept Store. Κανονική τιμή 25,00 €. Τιμή προσφοράς ... Δωροκάρτα.","site:.gr ""concept store"" ""δωροκάρτα""",1,data\discovery\mega-harvest-v6\clean-v6\review.csv,,REVIEW,greek_domain_brand_coherence_unclear
85,nova-travel.gr,Αγοράστε μία Δωροεπιταγή,https://nova-travel.gr/index.php?route,Αγοράστε μία Δωροεπιταγή,Nova Travel - Travel Agency Greece. All. All; Αρχείο Εκδρομών; Οργανωμένα ... Αυτή η δωροεπιταγή θα αποσταλεί μέ e-mail στον παραλήπτη αφού ολοκληρωθεί ή πληρωμή ...,"site:.gr ""travel"" ""δωροεπιταγή""",2,data\discovery\focused-harvest-v7\clean-v7\review.csv | data\discovery\focused-harvest-v7-run1-backup\clean-v7\review.csv,,REVIEW,greek_domain_brand_coherence_unclear
85,ntng.gr,Δωροκάρτα Art Pass,https://www.ntng.gr/en/discover/virtual-museum-single?name=%CE%B4%CF%89%CF%81%CE%BF%CE%BA%CE%B1%CF%81%CF%84%CE%B1-art-pass&id=1046885,Δωροκάρτα Art Pass,Related files. Thumbnail Photo. Δωροκάρτα Art Pass - Media: PE0000P0054v03.jpg. Thumbnail Photo. Δωροκάρτα ... Aegean | Official Airline Sponsor ... The National ...,"""airline"" ""δωροκάρτα"" Greece",6,data\discovery\mass-harvest-v5\clean-v5.1\review.csv | data\discovery\mass-harvest-v5\clean-v5.2\manual-review.csv | data\discovery\mass-harvest-v5\clean-v5.3\global-review.csv | data\discovery\mass-harvest-v5\clean-v5.4\review.csv | data\discovery\mass-harvest-v5\clean-v5.5\review.csv | data\discovery\mega-harvest-v6\clean-v6\review.csv,,REVIEW,greek_domain_brand_coherence_unclear
100,nu-denmark.com,NÜ Gift card - The perfect gift - Nu Denmark,https://nu-denmark.com/products/gift-card,NÜ Gift card - The perfect gift - Nu Denmark,Treat that special someone with a gift card for fashion and accessories.,"""Denmark"" retail ""gift card"" official",4,data\discovery\mass-harvest-v5\clean-v5.2\global-review.csv | data\discovery\mass-harvest-v5\clean-v5.3\global-review.csv | data\discovery\mass-harvest-v5\clean-v5.4\review.csv | data\discovery\mass-harvest-v5\clean-v5.5\review.csv,,SECOND_PASS_SAFE,non_greek_brand_coherent_direct_gift_card
100,nualawoulfe.ie,"Buy Spa Vouchers Ireland, Beauty Salon Gift Voucher Online",https://www.nualawoulfe.ie/products/gift-voucher?srsltid=AfmBOor2nH-QAI938JX3MMI0NxjfB7TCDsP5HMRYuBRyRek5-WmEo4VD,"Buy Spa Vouchers Ireland, Beauty Salon Gift Voucher Online","Have a Question? Get in touch today, via the chat or call us. local_shipping. Free Delivery over €100. Ireland only, Fast 1-3 days ... This is a digital gift card ...","""Ireland"" beauty ""gift card"" official",4,data\discovery\mass-harvest-v5\clean-v5.2\global-review.csv | data\discovery\mass-harvest-v5\clean-v5.3\global-review.csv | data\discovery\mass-harvest-v5\clean-v5.4\review.csv | data\discovery\mass-harvest-v5\clean-v5.5\review.csv,,REVIEW,non_greek_brand_coherence_unclear
100,number-a.com,#A Gift Card – number A,https://number-a.com/products/number-a-gift-card,#A Gift Card – number A,"number A eyewear cycling glasses & goggles MTB gift voucher. Zoom Expand ... Greece (AUD $), Greenland (AUD $), Grenada (AUD $), Guadeloupe (AUD ...","""eyewear"" ""gift voucher"" Greece",4,data\discovery\mass-harvest-v5\clean-v5.3\greece-market-review.csv | data\discovery\mass-harvest-v5\clean-v5.4\review.csv | data\discovery\mass-harvest-v5\clean-v5.5\review.csv | data\discovery\mega-harvest-v6\clean-v6\review.csv,,SECOND_PASS_SAFE,non_greek_brand_coherent_direct_gift_card
55,nurblife.com,Rent Race Car Nürburgring,https://nurblife.com/gift-voucher/,Rent Race Car Nürburgring,Every car lover will be amazed by a Nürblife Gift Voucher · Track car rental for self-drive experience; · Equipment such as Garmin Catalyst and Action Cam – ...,"""car rental"" ""gift voucher"" Greece",1,data\discovery\mega-harvest-v6\clean-v6\review.csv,,REVIEW,non_greek_brand_coherence_unclear
80,nurnco.gr,Nur and Co,https://nurnco.gr/products/dorokartes?srsltid,Δωροκάρτες - Nur and Co,"Δωροκάρτες. 1/5. Κλείσιμο ... Δωροκάρτες. €10,00. Τιμή έκπτωσης €10,00 Κανονική τιμή. Ονομαστικές αξίες. 10,00 ...","site:.gr ""δωροκάρτες""",3,data\discovery\focused-harvest-v7\clean-v7\review.csv | data\discovery\focused-harvest-v7-run1-backup\clean-v7\review.csv | data\discovery\mega-harvest-v6\clean-v6\review.csv,,REVIEW,greek_domain_brand_coherence_unclear
100,nytgbshop.myshopify.com,NYT Gift Card – The National Youth Theatre Shop,https://nytgbshop.myshopify.com/products/nyt-gift-card,NYT Gift Card – The National Youth Theatre Shop,"Greece EUR €; Guernsey GBP ... © 2026, The National Youth Theatre Shop Powered by Shopify ... NYT Gift Card.","""theatre"" ""gift card"" Greece",4,data\discovery\mass-harvest-v5\clean-v5.3\greece-market-review.csv | data\discovery\mass-harvest-v5\clean-v5.4\review.csv | data\discovery\mass-harvest-v5\clean-v5.5\review.csv | data\discovery\mega-harvest-v6\clean-v6\review.csv,,REVIEW,non_greek_brand_coherence_unclear
100,oblikeditions.company.site,Oblik Editions Gift card,https://oblikeditions.company.site/%CE%94%CF%89%CF%81%CE%BF%CE%BA%CE%AC%CF%81%CF%84%CE%B1-Gift-card-p264376435,Oblik Editions Gift card,Δωροκάρτα/Gift card. Κατάστημα/Θεσσαλονίκη/Thessaloniki. €20.00. Επιλέξτε ποσό. €20.00. €30.00. €50.00. €100.00. Σε στοκ. Ποσότητα:.,"""Thessaloniki"" ""δωροκάρτα""",4,data\discovery\mass-harvest-v5\clean-v5.3\greece-market-review.csv | data\discovery\mass-harvest-v5\clean-v5.4\review.csv | data\discovery\mass-harvest-v5\clean-v5.5\review.csv | data\discovery\mega-harvest-v6\clean-v6\review.csv,,REVIEW,non_greek_brand_coherence_unclear
100,oceansouth.com,Gift Card | Oceansouth Marine,https://oceansouth.com/en-eu/collections/gift-card?srsltid=AfmBOoow1x4GYv10SRpviEVWmIte38EVHN6pjJN6dP4lcebZGooIxP5F,Gift Card | Oceansouth Marine,"Shop Oceansouth gift card — marine-grade quality engineered to last on the water. Fast shipping to AU, NZ, Europe & the US.","""marine"" ""gift card"" Greece",4,data\discovery\mass-harvest-v5\clean-v5.2\global-review.csv | data\discovery\mass-harvest-v5\clean-v5.3\global-review.csv | data\discovery\mass-harvest-v5\clean-v5.4\review.csv | data\discovery\mass-harvest-v5\clean-v5.5\review.csv,,SECOND_PASS_SAFE,non_greek_brand_coherent_direct_gift_card
100,odeon.co.uk,buy odeon gift cards online,https://www.odeon.co.uk/gift-cards/,buy odeon gift cards online,"Give the gift of cinema with an ODEON gift card to pay for tickets, snacks and drinks. Buy gift cards online.","""cinema"" ""gift card"" Greece",5,data\discovery\mass-harvest-v5\clean-v5.2\global-review.csv | data\discovery\mass-harvest-v5\clean-v5.3\global-review.csv | data\discovery\mass-harvest-v5\clean-v5.4\review.csv | data\discovery\mass-harvest-v5\clean-v5.5\review.csv | data\discovery\mega-harvest-v6\clean-v6\review.csv,,REVIEW,non_greek_brand_coherence_unclear
80,oebb.at,Gift Voucher Cards,https://www.oebb.at/en/fragen-und-antworten/gutscheine/geschenkgutscheinkarten,Gift Voucher Cards,"Tickets in Austria & Europa Submenu from ""Tickets in Austria & Europa"". ÖBB ... I have not redeemed the ÖBB gift voucher card, but the ÖBB gift voucher card is no ...","""Austria"" travel ""gift voucher"" official",5,data\discovery\mass-harvest-v5\clean-v5.1\review.csv | data\discovery\mass-harvest-v5\clean-v5.2\manual-review.csv | data\discovery\mass-harvest-v5\clean-v5.3\global-review.csv | data\discovery\mass-harvest-v5\clean-v5.4\review.csv | data\discovery\mass-harvest-v5\clean-v5.5\review.csv,,REVIEW,non_greek_brand_coherence_unclear
80,oefele.de,Gift voucher for self-printing,https://www.oefele.de/en/products/geschenkgutschein-waidmanns-heil-1?srsltid,Gift voucher for self-printing,"Gift voucher for self-printing. Gift voucher for self-printing. Regular price 10,00€. Sale price 10,00€ Regular price UVP. Unit price. /per. Tax included ...","""printing"" ""gift voucher"" Greece",5,data\discovery\mass-harvest-v5\clean-v5.1\review.csv | data\discovery\mass-harvest-v5\clean-v5.2\manual-review.csv | data\discovery\mass-harvest-v5\clean-v5.3\global-review.csv | data\discovery\mass-harvest-v5\clean-v5.4\review.csv | data\discovery\mass-harvest-v5\clean-v5.5\review.csv,,REVIEW,non_greek_brand_coherence_unclear
85,off-road-romania.com,Off-Road Adventure Gift Vouchers | Romania 4x4 Experience,https://www.off-road-romania.com/voucher.html,Off-Road Adventure Gift Vouchers | Romania 4x4 Experience,Official Off-Road Romania gift certificate for Super Cars tours. Gift voucher · ORR. Super Cars. Premium supercar driving routes on Romania's iconic roads.,"""Romania"" travel ""gift voucher"" official",5,data\discovery\mass-harvest-v5\clean-v5.1\review.csv | data\discovery\mass-harvest-v5\clean-v5.2\manual-review.csv | data\discovery\mass-harvest-v5\clean-v5.3\global-review.csv | data\discovery\mass-harvest-v5\clean-v5.4\review.csv | data\discovery\mass-harvest-v5\clean-v5.5\review.csv,,REVIEW,non_greek_brand_coherence_unclear
100,offroadcrete.gr,Gift Card - Quad & Buggy Safari Crete,https://www.offroadcrete.gr/gift-card,Gift Card - Quad & Buggy Safari Crete,Gift Card. €25. Amount. €25. €50. €100. €150. €200. Other amount. Quantity. Buy Now. QUAD & BUGGY. SAFARI CRETE. Get exclusive updates,"""Crete"" ""gift card""",2,data\discovery\mass-harvest-v5\clean-v5.4\review.csv | data\discovery\mass-harvest-v5\clean-v5.5\review.csv,,REVIEW,greek_domain_brand_coherence_unclear
80,ogloba.com,Ogloba provide FAnn parfumérie with complete gift card solution,https://www.ogloba.com/?p=16641,Ogloba provide FAnn parfumérie with complete gift card solution,"The partnership means that FAnn parfumérie will be able to offer their customers with a digital, and mobile gift card (mGC) purchasing and redemption platform, ...","""Czech Republic"" beauty ""gift card"" official",5,data\discovery\mass-harvest-v5\clean-v5.1\review.csv | data\discovery\mass-harvest-v5\clean-v5.2\manual-review.csv | data\discovery\mass-harvest-v5\clean-v5.3\global-review.csv | data\discovery\mass-harvest-v5\clean-v5.4\review.csv | data\discovery\mass-harvest-v5\clean-v5.5\review.csv,,SECOND_PASS_SAFE,non_greek_brand_coherent_direct_gift_card
100,ohsosouvenir.com,Gift Voucher,https://www.ohsosouvenir.com/product/gift-voucher/,Gift Voucher,Fashion Accessories · Ready to Wear · Self Care · Throws · Tote Bags & Pouches · Deco ... Gift Voucher. €20.00 – €100.00 Price range: €20.00 through €100.00. Gift ...,"""fashion"" ""gift voucher"" Greece",5,data\discovery\mass-harvest-v5\clean-v5.2\global-review.csv | data\discovery\mass-harvest-v5\clean-v5.3\global-review.csv | data\discovery\mass-harvest-v5\clean-v5.4\review.csv | data\discovery\mass-harvest-v5\clean-v5.5\review.csv | data\discovery\mega-harvest-v6\clean-v6\review.csv,,REVIEW,non_greek_brand_coherence_unclear
100,olasmarine.com,Exposure Marine E,https://olasmarine.com/products/exposure-marine-e-gift-card,Exposure Marine E-Gift card,Greece · EUR € Guernsey · USD $ Guyana · USD ... Exposure Marine E-Gift card. SKU: Inventory on the way. Regular price £10.00 ...,"""marine"" ""gift card"" Greece",3,data\discovery\mass-harvest-v5\clean-v5.3\greece-market-review.csv | data\discovery\mass-harvest-v5\clean-v5.4\review.csv | data\discovery\mass-harvest-v5\clean-v5.5\review.csv,,REVIEW,non_greek_brand_coherence_unclear
80,olia.com.gr,Olia,https://www.olia.com.gr/product/dorokarta/,Δωροκάρτα,"Αρχική σελίδα Δωροκάρτα Δωροκάρτα. Ζουμ. Δωροκάρτα. €30,00 – €150,00.","site:.com.gr ""δωροκάρτα""",8,data\discovery\focused-harvest-v7\clean-v7\review.csv | data\discovery\focused-harvest-v7-run1-backup\clean-v7\review.csv | data\discovery\mass-harvest-v5\clean-v5.1\review.csv | data\discovery\mass-harvest-v5\clean-v5.2\manual-review.csv | data\discovery\mass-harvest-v5\clean-v5.3\global-review.csv | data\discovery\mass-harvest-v5\clean-v5.4\review.csv | data\discovery\mass-harvest-v5\clean-v5.5\review.csv | data\discovery\mega-harvest-v6\clean-v6\review.csv,,SECOND_PASS_SAFE,greek_brand_coherent_direct_gift_card
100,olivaloe.com,Δωροκάρτα - Olivaloe - Natural cosmetics,https://www.olivaloe.com/en/product/gift-card/,Δωροκάρτα - Olivaloe - Natural cosmetics,"Δωροκάρτα. Gift card. Choose an option, 10€, 20€, 50€, 100€, 150€, 200€. 10€. 20€. 50 ... Lost password? Head Office. VIO.PA. Chania, Souda. Crete, 73200, Greece.","""Greece"" ""cosmetics"" ""gift card""",1,data\discovery\mega-harvest-v6\clean-v6\review.csv,,SECOND_PASS_SAFE,non_greek_brand_coherent_direct_gift_card
100,olonconceptstore.com,Δωροκάρτα 20,https://olonconceptstore.com/product/gift_card20/,Δωροκάρτα 20,"GREEK HERBS · SUPERFOODS · BLEND POWDERS FOR ... Σχετικά προϊόντα. Δωροκάρτα 100€. 100,00 €. ΚΑΛΑΘΙ · Δωροκάρτα 50€ ... OLON Concept Store. About. ΣΧΕΤΙΚΑ ΜΕ ΕΜΑΣ ...","""concept store"" ""δωροκάρτα"" Greece",1,data\discovery\mega-harvest-v6\clean-v6\review.csv,,REVIEW,non_greek_brand_coherence_unclear
100,olympiacoffee.com,Cafe Gift Card (Plastic),https://www.olympiacoffee.com/products/gift-card?srsltid=AfmBOorknILSos1jcx22Qa6THXKKE_U4DNYUu9G36IJVbqaRgTZtZDte,Cafe Gift Card (Plastic),"Gift Card $10 / Plastic Cafe Gift Card - $10.00 USD, Gift Card $25 / Plastic Cafe Gift Card - $25.00 USD, Gift Card $50 / Plastic Cafe Gift Card - $50.00 USD ...","""cafe"" ""gift card"" Greece",5,data\discovery\mass-harvest-v5\clean-v5.2\global-review.csv | data\discovery\mass-harvest-v5\clean-v5.3\global-review.csv | data\discovery\mass-harvest-v5\clean-v5.4\review.csv | data\discovery\mass-harvest-v5\clean-v5.5\review.csv | data\discovery\mega-harvest-v6\clean-v6\review.csv,,REVIEW,non_greek_brand_coherence_unclear
80,olympicsupermarket.com.cy,Δωροκάρτα - Olympic Supermarket,https://olympicsupermarket.com.cy/%CE%B4%CF%89%CF%81%CE%BF%CE%BA%CE%AC%CF%81%CF%84%CE%B1/,Δωροκάρτα - Olympic Supermarket,Δωροκάρτα · Καριέρα · Επικοινωνία · Ελληνικά · Αγγλικά. Δωροκάρτα. Αρχική · Δωροκάρτα. Olympic Supermarket - Images for WEB 01 e1712827455270. Olympic ...,"""supermarket"" ""δωροκάρτα"" Greece",1,data\discovery\mega-harvest-v6\clean-v6\review.csv,,REVIEW,non_greek_brand_coherence_unclear
85,olympusport.gr,Αγοράστε μία Δωροεπιταγή,https://olympusport.gr/index.php?route,Αγοράστε μία Δωροεπιταγή,FITNESS ΡΟΥΧΑ · ΠΑΠΟΥΤΣΙΑ · ΠΑΠΟΥΤΣΙΑ ΠΡΟΠΟΝΗΣΗΣ · ΠΥΓΜΑΧΙΚΑ ΜΠΟΤΑΚΙΑ · ΠΑΠΟΥΤΣΙΑ ... Αυτή η δωροεπιταγή θα αποσταλεί μέ e-mail στον παραλήπτη αφού ολοκληρωθεί ή ...,"site:.gr ""fitness"" ""δωροεπιταγή""",2,data\discovery\focused-harvest-v7\clean-v7\review.csv | data\discovery\focused-harvest-v7-run1-backup\clean-v7\review.csv,,REVIEW,greek_domain_brand_coherence_unclear
80,omentattoo.de,Tattoo Gift Voucher Berlin,https://omentattoo.de/en/gutschein/,Tattoo Gift Voucher Berlin,"A premium gift voucher for tattoos & piercings at OMEN Tattoo — freely selectable, stylishly designed, and paired with personal consultation. Perfect ...","""tattoo"" ""gift voucher"" Greece",1,data\discovery\mega-harvest-v6\clean-v6\review.csv,,REVIEW,non_greek_brand_coherence_unclear
70,omg.gr,OMG Gift Card – Funny Tees & Baby Gifts | OMG,https://omg.gr/products/omg-gift-card,OMG Gift Card – Funny Tees & Baby Gifts | OMG,"let them pick their own funny slogan tee or baby bodysuit. Delivered by email, redeemable across the whole OMG range.","site:.gr ""baby"" ""gift card""",8,data\discovery\focused-harvest-v7\clean-v7\review.csv | data\discovery\focused-harvest-v7-run1-backup\clean-v7\review.csv | data\discovery\mass-harvest-v5\clean-v5.1\review.csv | data\discovery\mass-harvest-v5\clean-v5.2\manual-review.csv | data\discovery\mass-harvest-v5\clean-v5.3\global-review.csv | data\discovery\mass-harvest-v5\clean-v5.4\review.csv | data\discovery\mass-harvest-v5\clean-v5.5\review.csv | data\discovery\mega-harvest-v6\clean-v6\review.csv,,SECOND_PASS_SAFE,greek_brand_coherent_direct_gift_card
100,omhomestudio.com,"Wellness Gift Cards | Crete, Om Home",https://www.omhomestudio.com/giftcard,"Wellness Gift Cards | Crete, Om Home","Give the gift of wellness in Rethymno, Crete! Our gift cards offer Yoga, Reiki, Sound Healing, and more ... Gift Card. Om Home eGift Card. €40. Amount. €40. €50.","""wellness"" ""gift card"" Greece",1,data\discovery\mega-harvest-v6\clean-v6\review.csv,,REVIEW,non_greek_brand_coherence_unclear
100,omniawellness.gr,Omnia Welness – Massage & SPA in Kefalonia,https://www.omniawellness.gr/gift-cards/,Gift Cards – Omnia Welness – Massage & SPA in Kefalonia,OFFER MOMENTS OF WELLNESS · CHOOSE A GIFT CARD · CUSTOMIZE IT! · FOR MORE INFO · CALL US AT ...,"site:.gr ""wellness"" ""gift card""",5,data\discovery\focused-harvest-v7\clean-v7\review.csv | data\discovery\focused-harvest-v7-run1-backup\clean-v7\review.csv | data\discovery\mass-harvest-v5\clean-v5.4\review.csv | data\discovery\mass-harvest-v5\clean-v5.5\review.csv | data\discovery\mega-harvest-v6\clean-v6\review.csv,,REVIEW,greek_domain_brand_coherence_unclear
100,on.com,Gift Cards | On Cyprus - On Running,https://www.on.com/en-cy/products/digital-gift-card-907644gc?srsltid=AfmBOopMSRmbPftcdSFxJUECM2vbnaOFmp97M36ymLC4MM3PkrPBPK4-,Gift Cards | On Cyprus - On Running,... Gift Card recipient. Digital Gift Card vouchers don't expire ... Flag of: Cyprus Cyprus. Select your shipping location and language. Shipping ...,"""Cyprus"" fashion ""gift card"" official",5,data\discovery\mass-harvest-v5\clean-v5.2\global-review.csv | data\discovery\mass-harvest-v5\clean-v5.3\global-review.csv | data\discovery\mass-harvest-v5\clean-v5.4\review.csv | data\discovery\mass-harvest-v5\clean-v5.5\review.csv | data\discovery\mega-harvest-v6\clean-v6\review.csv,,REVIEW,non_greek_brand_coherence_unclear
85,onbuy.com,Δωροκάρτα Stijggn Pocket Heart για αγαπημένα πρόσωπα από ...,https://www.onbuy.com/gr/p/stijggn-pocket-heart-u~p249985529/,Δωροκάρτα Stijggn Pocket Heart για αγαπημένα πρόσωπα από ...,"Δωροκάρτα Stijggn Pocket Heart για αγαπημένα πρόσωπα από απόσταση ... 17,14 € Έκπτωση 50%! ... Οι τιμές για τα είδη που πωλούνται από την OnBuy περιλαμβάνουν ΦΠΑ.","""dental"" ""δωροκάρτα"" Greece",1,data\discovery\mega-harvest-v6\clean-v6\review.csv,,REVIEW,non_greek_brand_coherence_unclear
100,one4all.com,Travel Gift Card UK - One4all,https://www.one4all.com/travel-gift-card-uk.html,Travel Gift Card UK - One4all,"Welcome to Travel Gift UK, your ultimate destination for thoughtful and convenient gifting solutions. ... This website is operated by The Gift Voucher Shop ...","""UK"" travel ""gift voucher"" official",6,data\discovery\focused-harvest-v7\clean-v7\review.csv | data\discovery\focused-harvest-v7-run1-backup\clean-v7\review.csv | data\discovery\mass-harvest-v5\clean-v5.2\global-review.csv | data\discovery\mass-harvest-v5\clean-v5.3\global-review.csv | data\discovery\mass-harvest-v5\clean-v5.4\review.csv | data\discovery\mass-harvest-v5\clean-v5.5\review.csv,,SECOND_PASS_SAFE,non_greek_brand_coherent_direct_gift_card
85,one4all.ie,One4all Multi-store Gift Cards | Spend with 1000s of Brands ...,https://www.one4all.ie/,One4all Multi-store Gift Cards | Spend with 1000s of Brands ...,The One4all and One4all Favourites Gift Card is issued by GVS Prepaid (Europe) Limited. GVS Prepaid (Europe) Limited is a company incorporated in Ireland under ...,"""Ireland"" retail ""gift card"" official",5,data\discovery\mass-harvest-v5\clean-v5.1\review.csv | data\discovery\mass-harvest-v5\clean-v5.2\manual-review.csv | data\discovery\mass-harvest-v5\clean-v5.3\global-review.csv | data\discovery\mass-harvest-v5\clean-v5.4\review.csv | data\discovery\mass-harvest-v5\clean-v5.5\review.csv,,SECOND_PASS_SAFE,non_greek_brand_coherent_direct_gift_card
100,one4allgiftcards.ch,One4all Multi-Store Gift Cards,https://www.one4allgiftcards.ch/ch_en/,One4all Multi-Store Gift Cards,"Looking for the perfect gift for friends, family or colleagues? Give them a One4all Gift Card! Accepted in over 1500 stores including H&M, Zalando, ...","""Switzerland"" fashion ""gift card"" official",4,data\discovery\mass-harvest-v5\clean-v5.2\global-review.csv | data\discovery\mass-harvest-v5\clean-v5.3\global-review.csv | data\discovery\mass-harvest-v5\clean-v5.4\review.csv | data\discovery\mass-harvest-v5\clean-v5.5\review.csv,,REVIEW,non_greek_brand_coherence_unclear
80,onglespro.com,PRO NAILS Gift Card,https://www.onglespro.com/en/products/carte-cadeau-ongles-pro,PRO NAILS Gift Card,"Greece (EUR €) Greenland (DKK kr.) Grenada (XCD ... PRO NAILS Gift Card. No reviews. Sale price€50,00 Regular price (/). Amounts ...","""Greece"" ""nails"" ""gift card""",1,data\discovery\mega-harvest-v6\clean-v6\review.csv,,REVIEW,non_greek_brand_coherence_unclear
65,oparperfumes.com,OPAR Gift Voucher | Create Your Own Perfume Experience ...,https://oparperfumes.com/products/opar-perfume-gift-voucher?srsltid=AfmBOorIWjT70ivmVnE4wxN64ZvpKce7_VwKtv8iR8UP1HHNuq0Pdyjd,OPAR Gift Voucher | Create Your Own Perfume Experience ...,1.5 hours custom perfume session. Personalised 100ml bottle included. Limited sessions available. Your recipient's name: What type of voucher do you want ...,"""perfume"" ""gift voucher"" Greece",6,data\discovery\mass-harvest-v5\clean-v5.1\review.csv | data\discovery\mass-harvest-v5\clean-v5.2\manual-review.csv | data\discovery\mass-harvest-v5\clean-v5.3\global-review.csv | data\discovery\mass-harvest-v5\clean-v5.4\review.csv | data\discovery\mass-harvest-v5\clean-v5.5\review.csv | data\discovery\mega-harvest-v6\clean-v6\review.csv,,REVIEW,non_greek_brand_coherence_unclear
80,opticagaina.gr,Οπτικά Γεωργία Γκαϊνά. Δωροκάρτα 150€ - G. Gaina Optics,https://www.opticagaina.gr/%CE%B4%CF%89%CF%81%CE%BF%CE%BA%CE%AC%CF%81%CF%84%CE%B1-150,Οπτικά Γεωργία Γκαϊνά. Δωροκάρτα 150€ - G. Gaina Optics,Δωροκάρτα 150 ... Gaina Optics. All rights reserved. Powered by nopCommerce.,"site:.gr ""optics"" ""δωροκάρτα""",8,data\discovery\focused-harvest-v7\clean-v7\review.csv | data\discovery\focused-harvest-v7-run1-backup\clean-v7\review.csv | data\discovery\mass-harvest-v5\clean-v5.1\review.csv | data\discovery\mass-harvest-v5\clean-v5.2\manual-review.csv | data\discovery\mass-harvest-v5\clean-v5.3\global-review.csv | data\discovery\mass-harvest-v5\clean-v5.4\review.csv | data\discovery\mass-harvest-v5\clean-v5.5\review.csv | data\discovery\mega-harvest-v6\clean-v6\review.csv,,REVIEW,greek_domain_brand_coherence_unclear
85,optikaliolios.gr,Δωροκάρτες | OptikaLiolios,https://www.optikaliolios.gr/%CE%B4%CF%89%CF%81%CE%BF%CE%BA%CE%B1%CF%81%CF%84%CE%B5%CF%83.htm,Δωροκάρτες | OptikaLiolios,LIOLIOS EYEWEAR 1. Whats new ? Brands · -50% SUMMER OFFER ... Εύκολη αγορά και αποστολή Γιατί να επιλέξεις δωροκάρτα; Πάντα ευπρό … Δείτε ...,"""eyewear"" ""δωροκάρτα"" Greece",6,data\discovery\mass-harvest-v5\clean-v5.1\review.csv | data\discovery\mass-harvest-v5\clean-v5.2\manual-review.csv | data\discovery\mass-harvest-v5\clean-v5.3\global-review.csv | data\discovery\mass-harvest-v5\clean-v5.4\review.csv | data\discovery\mass-harvest-v5\clean-v5.5\review.csv | data\discovery\mega-harvest-v6\clean-v6\review.csv,,SECOND_PASS_SAFE,greek_brand_coherent_direct_gift_card
100,optionscard.ie,Choose your favourite Irish brand gift card,https://www.optionscard.ie/ireland-gift-card-brands,Choose your favourite Irish brand gift card,... Gift Card Now · Send a Gift Card Now. OUR GIFT CARD BRAND PARTNERS. Choose ... Ireland Gift Card. Integration icon. The Buff Day Spa Gift Card. Integration ...,"""Ireland"" fashion ""gift card"" official",4,data\discovery\mass-harvest-v5\clean-v5.2\global-review.csv | data\discovery\mass-harvest-v5\clean-v5.3\global-review.csv | data\discovery\mass-harvest-v5\clean-v5.4\review.csv | data\discovery\mass-harvest-v5\clean-v5.5\review.csv,,REVIEW,non_greek_brand_coherence_unclear
100,optique-exclusive.pl,GIFT CARD,https://optique-exclusive.pl/en/menu/gift-card-11351.html,GIFT CARD,"The gift voucher allows the recipient to choose optical frames, sunglasses, premium frames, or practical optical accessories matched to their own needs ...","""optics"" ""gift voucher"" Greece",5,data\discovery\mass-harvest-v5\clean-v5.2\global-review.csv | data\discovery\mass-harvest-v5\clean-v5.3\global-review.csv | data\discovery\mass-harvest-v5\clean-v5.4\review.csv | data\discovery\mass-harvest-v5\clean-v5.5\review.csv | data\discovery\mega-harvest-v6\clean-v6\review.csv,,REVIEW,non_greek_brand_coherence_unclear
100,oriadathens.com,Gift Card - Premium Greek Natural Skincare,https://oriadathens.com/product/gift-card-50e/,Gift Card - Premium Greek Natural Skincare,"Free Shipping to Greece over 35 € // International Free Shipping over 150 € ... Gift Card. 50,00€ – 300,00€. The most convenient present! Send a Gift Card ...","""Greece"" ""skincare"" ""gift card""",1,data\discovery\mega-harvest-v6\clean-v6\review.csv,,REVIEW,non_greek_brand_coherence_unclear
100,originalirishhotels.com,Buy a Hotel Gift Voucher for a Loved One!,https://www.originalirishhotels.com/oih-gift-vouchers/personal-gift-voucher,Buy a Hotel Gift Voucher for a Loved One!,Treat someone special to an Original Irish Hotels Gift Voucher today. With a choice of over 50 unique hotels in captivating locations all around Ireland.,"""Ireland"" travel ""gift voucher"" official",4,data\discovery\mass-harvest-v5\clean-v5.2\global-review.csv | data\discovery\mass-harvest-v5\clean-v5.3\global-review.csv | data\discovery\mass-harvest-v5\clean-v5.4\review.csv | data\discovery\mass-harvest-v5\clean-v5.5\review.csv,,REVIEW,non_greek_brand_coherence_unclear
85,orloffbeauty.gr,Αγοράστε μία Δωροεπιταγή,https://www.orloffbeauty.gr/index.php?route,Αγοράστε μία Δωροεπιταγή,Αγοράστε μία Δωροεπιταγή ... Οι περιποιήσεις spa πραγματοποιούνται μέσω γνήσιων πρωτοκόλλων και με προϊόντα φροντίδας του δέρματος από premium μάρκες Valmont και ...,"site:.gr ""beauty"" ""δωροεπιταγή""",2,data\discovery\focused-harvest-v7\clean-v7\review.csv | data\discovery\focused-harvest-v7-run1-backup\clean-v7\review.csv,,REVIEW,greek_domain_brand_coherence_unclear
100,orloffspa.gr,Ιδέες για Δώρο Σπα,https://www.orloffspa.gr/gift-vouchers/,Ιδέες για Δώρο Σπα - Δωροεπιταγή Σπα | Orloff Day Spa,Επιλέξετε την δωροεπιταγή spa ανάμεσα σε: Discovery Spa treatment 30 λεπτά – 70€ (θεραπεία προσώπου η σώματος); Spa treatment 1 ώρα – 95€ (θεραπεία προσώπου η ...,"site:.gr ""spa"" ""δωροεπιταγή""",3,data\discovery\focused-harvest-v7\clean-v7\review.csv | data\discovery\focused-harvest-v7-run1-backup\clean-v7\review.csv | data\discovery\mega-harvest-v6\clean-v6\review.csv,,REVIEW,greek_domain_brand_coherence_unclear
85,otticacenter.gr,Αγοράστε μία Δωροεπιταγή,https://www.otticacenter.gr/index.php?route,Αγοράστε μία Δωροεπιταγή,Smith Optics · Solano · Speyes · Spektre. T. Tiffany Co · Timberland · Tom Ford · Tom's ... Αυτή η δωροεπιταγή θα αποσταλεί μέ e-mail στον παραλήπτη αφού ...,"site:.gr ""optics"" ""δωροεπιταγή""",2,data\discovery\focused-harvest-v7\clean-v7\review.csv | data\discovery\focused-harvest-v7-run1-backup\clean-v7\review.csv,,REVIEW,greek_domain_brand_coherence_unclear
100,otticasavo.it,Savo Optics Gift Card,https://otticasavo.it/en/products/gift-card-large?srsltid=AfmBOood5R3AnDjyxBzb432ZRTD3o3ov28Kk7ALXxY1aTv-Y7Dl1JyTx,Savo Optics Gift Card,"Savo Optics Gift Card. Ottica Savo. Regular price €350,00.","""optics"" ""gift card"" Greece",5,data\discovery\mass-harvest-v5\clean-v5.2\global-review.csv | data\discovery\mass-harvest-v5\clean-v5.3\global-review.csv | data\discovery\mass-harvest-v5\clean-v5.4\review.csv | data\discovery\mass-harvest-v5\clean-v5.5\review.csv | data\discovery\mega-harvest-v6\clean-v6\review.csv,,REVIEW,non_greek_brand_coherence_unclear
85,ottolina.gr,"Yoga Gift Cards Yoga Pop Up Card, 3D Yoga Birthday Card ...",https://ottolina.gr/?t=37401738051430,"Yoga Gift Cards Yoga Pop Up Card, 3D Yoga Birthday Card ...",Yoga Gift Cards One4all Retail Therapy Physical Gift Card $50. My Store Stock： 94. tax included. $ 1.,"""yoga"" ""gift card"" Greece",5,data\discovery\mass-harvest-v5\clean-v5.1\review.csv | data\discovery\mass-harvest-v5\clean-v5.2\manual-review.csv | data\discovery\mass-harvest-v5\clean-v5.3\global-review.csv | data\discovery\mass-harvest-v5\clean-v5.4\review.csv | data\discovery\mass-harvest-v5\clean-v5.5\review.csv,,REVIEW,greek_domain_brand_coherence_unclear
80,outdoorway.gr,Outdoorway 10 Ευρώ,https://www.outdoorway.gr/product/15647/doroepitagi-Outdoorway-10-eyro,Δωροεπιταγή Outdoorway 10 Ευρώ,Αναζήτηση προϊόντων! Όροι Δραστηριοτήτων · Δωροεπιταγές · Δωροεπιταγές. Outdoorway. Δωροεπιταγή Outdoorway 10 Ευρώ. 3-00007 ...,"site:.gr ""outdoor"" ""δωροεπιταγή""",2,data\discovery\focused-harvest-v7\clean-v7\review.csv | data\discovery\focused-harvest-v7-run1-backup\clean-v7\review.csv,,SECOND_PASS_SAFE,greek_brand_coherent_direct_gift_card
80,ovationincentives.com,New Gift Card Retailers in Poland,https://www.ovationincentives.com/news/poland-catalogue-update,New Gift Card Retailers in Poland,"... Poland! Unlock superior gift card options and enhance your rewards and incentive program. ... Their range includes fragrance, colour cosmetics, skincare, haircare ...","""Poland"" beauty ""gift card"" official",5,data\discovery\mass-harvest-v5\clean-v5.1\review.csv | data\discovery\mass-harvest-v5\clean-v5.2\manual-review.csv | data\discovery\mass-harvest-v5\clean-v5.3\global-review.csv | data\discovery\mass-harvest-v5\clean-v5.4\review.csv | data\discovery\mass-harvest-v5\clean-v5.5\review.csv,,REVIEW,non_greek_brand_coherence_unclear
85,owlaboutkids.gr,Αγοράστε μία Δωροεπιταγή,https://www.owlaboutkids.gr/index.php?route,Αγοράστε μία Δωροεπιταγή,Αγοράστε μία Δωροεπιταγή. Αυτή η δωροεπιταγή θα αποσταλεί μέ e-mail στον παραλήπτη αφού ολοκληρωθεί ή πληρωμή σας. Όνομα παραλήπτη. E-mail παραλήπτη.,"site:.gr ""kids"" ""δωροεπιταγή""",2,data\discovery\focused-harvest-v7\clean-v7\review.csv | data\discovery\focused-harvest-v7-run1-backup\clean-v7\review.csv,,REVIEW,greek_domain_brand_coherence_unclear
100,oxygenplus.gr,Luxurious Day Spa Gift Card,https://oxygenplus.gr/en/product/luxurious-giftcard/,Luxurious Day Spa Gift Card,Οι υπηρεσίες πραγματοποιούνται στο χώρο του Oxygen plus κατόπιν ραντεβού! In stock. Quantity. Luxurious Day Spa Gift Card quantity. Add to cart. Category ...,"site:.gr ""spa"" ""gift card""",5,data\discovery\focused-harvest-v7\clean-v7\review.csv | data\discovery\focused-harvest-v7-run1-backup\clean-v7\review.csv | data\discovery\mass-harvest-v5\clean-v5.4\review.csv | data\discovery\mass-harvest-v5\clean-v5.5\review.csv | data\discovery\mega-harvest-v6\clean-v6\review.csv,,REVIEW,greek_domain_brand_coherence_unclear
100,oysho.com,Δωροκάρτα | OYSHO Ελλάδα,https://www.oysho.com/gr/gift-card/home.html,Δωροκάρτα | OYSHO Ελλάδα,"Δωροκάρτα | OYSHO Ελλάδα. ... Home, Massimo Dutti, Pull & Bear, Stradivarius, Bershka και Lefties. Κάντε ...","""home"" ""δωροκάρτα"" Greece",1,data\discovery\mega-harvest-v6\clean-v6\review.csv,,SECOND_PASS_SAFE,non_greek_brand_coherent_direct_gift_card
100,pacoartcenter.gr,Paco Δωροκάρτες από €10.00,https://www.pacoartcenter.gr/el/gift-card.html?srsltid,Paco Δωροκάρτες από €10.00,"Διατίθενται Δωροκάρτες των €10, €20, €50 και €100. Η Δωροκάρτα μπορεί να χρησιμοποιηθεί για την πλήρη ή μερική εξόφληση οποιουδήποτε προϊόντος διατίθεται ...","site:.gr ""δωροκάρτες""",5,data\discovery\focused-harvest-v7\clean-v7\review.csv | data\discovery\focused-harvest-v7-run1-backup\clean-v7\review.csv | data\discovery\mass-harvest-v5\clean-v5.4\review.csv | data\discovery\mass-harvest-v5\clean-v5.5\review.csv | data\discovery\mega-harvest-v6\clean-v6\review.csv,,REVIEW,greek_domain_brand_coherence_unclear
80,padmashala.com,Δωροκάρτα Padma Shala | Yoga & Pilates,https://padmashala.com/%CE%B4%CF%89%CF%81%CE%BF%CE%BA%CE%AC%CF%81%CF%84%CE%B1-padma-shala/,Δωροκάρτα Padma Shala | Yoga & Pilates,Giftcard Padma Shala - Δωροκάρτα Padma Shala | Yoga & Pilates. Κάντε ένα ξεχωριστό & πρωτότυπο ΔΩΡΟ σε αυτούς που αγαπάτε και νοιάζεστε!,"""yoga"" ""δωροκάρτα"" Greece",1,data\discovery\mega-harvest-v6\clean-v6\review.csv,,SECOND_PASS_SAFE,non_greek_brand_coherent_direct_gift_card
85,palbatt.gr,Αγοράστε μία Δωροεπιταγή,https://www.palbatt.gr/doroepitages?srsltid,Αγοράστε μία Δωροεπιταγή,Αυτή η δωροεπιταγή θα αποσταλεί μέ e-mail στον παραλήπτη αφού ολοκληρωθεί ή πληρωμή σας. ... Μπαταρίες για INDIAN MOTORCYCLE. Μπαταρίες για JINCHENG. Μπαταρίες ...,"site:.gr ""motorcycle"" ""δωροεπιταγή""",2,data\discovery\focused-harvest-v7\clean-v7\review.csv | data\discovery\focused-harvest-v7-run1-backup\clean-v7\review.csv,,REVIEW,greek_domain_brand_coherence_unclear
100,palladiumpraha.cz,Gift vouchers | PALLADIUM Prague,https://www.palladiumpraha.cz/en/gift-vouchers/,Gift vouchers | PALLADIUM Prague,The total value of the gift voucher must be ... Counterfeiting of gift vouchers is a criminal offense pursuant to the valid laws of the Czech Republic.,"""Czech Republic"" travel ""gift voucher"" official",4,data\discovery\mass-harvest-v5\clean-v5.2\global-review.csv | data\discovery\mass-harvest-v5\clean-v5.3\global-review.csv | data\discovery\mass-harvest-v5\clean-v5.4\review.csv | data\discovery\mass-harvest-v5\clean-v5.5\review.csv,,REVIEW,non_greek_brand_coherence_unclear
100,papcorp.com,P.A.P Hotels & Beach Wedding Events - P.A.P. Corp,https://www.papcorp.com/gift-card,Gift Card | P.A.P Hotels & Beach Wedding Events - P.A.P. Corp,PAP Gift Card. €25. Amount. €25. €50. €100. €150. €200. Quantity ... PAP HOTEL SA. Tsimiski & Salaminos Str. 9. 54626. Thessaloniki. Greece. CONTACT ...,"""Thessaloniki"" ""hotel"" ""gift card""",6,data\discovery\focused-harvest-v7\clean-v7\review.csv | data\discovery\focused-harvest-v7-run1-backup\clean-v7\review.csv | data\discovery\mass-harvest-v5\clean-v5.3\greece-market-review.csv | data\discovery\mass-harvest-v5\clean-v5.4\review.csv | data\discovery\mass-harvest-v5\clean-v5.5\review.csv | data\discovery\mega-harvest-v6\clean-v6\review.csv,,SECOND_PASS_SAFE,non_greek_brand_coherent_direct_gift_card
55,parabita.com,ΔΩΡΟΚΑΡΤΑ,https://www.parabita.com/gr/giftcard,ΔΩΡΟΚΑΡΤΑ,"Η Δωροκάρτα ανήκει στην ιδιοκτησία του εκδότη της PARABITA A.E.. Η Δωροκάρτα ... Μάθε πρώτη νέα, fashion tips & προσφορές & επιπλέον, Κέρδισε 10% Έκπτωση!","""fashion"" ""δωροκάρτα"" Greece",1,data\discovery\mega-harvest-v6\clean-v6\review.csv,,REVIEW,non_greek_brand_coherence_unclear
100,paran.com.au,Au,https://paran.com.au/product-category/gift-cards/,Gift Cards,Paran Gift Voucher. $50.00 – $400.00 Price range: $50.00 through $400.00 () · Facebook · Instagram. Locations. Top Ryde – Hair Beauty Spa · Rhodes – Hair Design ...,"""Rhodes"" ""spa"" ""gift voucher""",5,data\discovery\focused-harvest-v7\clean-v7\review.csv | data\discovery\focused-harvest-v7-run1-backup\clean-v7\review.csv | data\discovery\mass-harvest-v5\clean-v5.3\greece-market-review.csv | data\discovery\mass-harvest-v5\clean-v5.4\review.csv | data\discovery\mass-harvest-v5\clean-v5.5\review.csv,,REVIEW,non_greek_brand_coherence_unclear
65,parentingcourses.gr,Gift card 2 - Parenting Courses,https://www.parentingcourses.gr/pages/gift-card-2,Gift card 2 - Parenting Courses,"Είσαι γονιός και αναρωτιέσαι πώς μπορείς να δώσεις το καλύτερο για το παιδί σου; Τα σεμινάρια του Parenting Courses, ακολουθώντας την ολιστική προσέγγιση ...","site:.gr ""courses"" ""gift card""",6,data\discovery\mass-harvest-v5\clean-v5.1\review.csv | data\discovery\mass-harvest-v5\clean-v5.2\manual-review.csv | data\discovery\mass-harvest-v5\clean-v5.3\global-review.csv | data\discovery\mass-harvest-v5\clean-v5.4\review.csv | data\discovery\mass-harvest-v5\clean-v5.5\review.csv | data\discovery\mega-harvest-v6\clean-v6\review.csv,,SECOND_PASS_SAFE,greek_brand_coherent_direct_gift_card
100,parfumista.lv,Gift Card,https://parfumista.lv/products/gift-card?srsltid=AfmBOorfqz9ztFxBmStDfsJ_AszeIOeg0sJGoeGNwlHtHacJG8bpw0B5,Gift Card,"The Scent Journey Gift Card. Perfect for anyone seeking a unique and personal perfume experience — a chance to explore, taste, learn and enjoy niche ...","""perfume"" ""gift card"" Greece",5,data\discovery\mass-harvest-v5\clean-v5.2\global-review.csv | data\discovery\mass-harvest-v5\clean-v5.3\global-review.csv | data\discovery\mass-harvest-v5\clean-v5.4\review.csv | data\discovery\mass-harvest-v5\clean-v5.5\review.csv | data\discovery\mega-harvest-v6\clean-v6\review.csv,,REVIEW,non_greek_brand_coherence_unclear
100,parkhotel.pl,Gift Card | Park Hotel - hotel for adults Świeradów-Zdrój,https://www.parkhotel.pl/en/gift-card-page-391871,Gift Card | Park Hotel - hotel for adults Świeradów-Zdrój,Gift card. Facebook · Instagram · TikTok · UE logo. Rezerwuj bezpośrednio na ... Poland. Tel: +48 75 78 16 229. E-mail: parkhotel@parkhotel.pl · See our second ...,"""Poland"" hotel ""gift card"" official",4,data\discovery\mass-harvest-v5\clean-v5.2\global-review.csv | data\discovery\mass-harvest-v5\clean-v5.3\global-review.csv | data\discovery\mass-harvest-v5\clean-v5.4\review.csv | data\discovery\mass-harvest-v5\clean-v5.5\review.csv,,SECOND_PASS_SAFE,non_greek_brand_coherent_direct_gift_card
100,parlemoi.co,Gift Cards,https://www.parlemoi.co/collections/giftcard,Gift Cards,"GIFT CARD Sale price€200,00. Parle moi is Elegant, luxurious ... Mitropoleos 60, Postcode: 54622, Thessaloniki, Greece Tel.: 2310 240347","""Thessaloniki"" ""swimwear"" ""gift card""",1,data\discovery\mega-harvest-v6\clean-v6\review.csv,,REVIEW,non_greek_brand_coherence_unclear
100,partyanimalprint.com,Trip To Corfu Pass Personalised Gift Voucher Surprise ...,https://partyanimalprint.com/trip-to-corfu-pass-personalised-gift-voucher-surprise-trip-holiday-ticket/?srsltid=AfmBOooFr67GoX5zBzgDantj7UQOx6oCz8k_oJnxaYzIy2dTVguVxs6x,Trip To Corfu Pass Personalised Gift Voucher Surprise ...,"This Trip To Corfu Pass Personalised Gift Voucher Surprise Trip Holiday Ticket is printed onto high quality satin finish card, measures 21.5 x 10.6cm and comes ...","""Corfu"" ""gift voucher""",3,data\discovery\mass-harvest-v5\clean-v5.3\greece-market-review.csv | data\discovery\mass-harvest-v5\clean-v5.4\review.csv | data\discovery\mass-harvest-v5\clean-v5.5\review.csv,,REVIEW,non_greek_brand_coherence_unclear
80,pautravelmoto.com,Gift Voucher,https://www.pautravelmoto.com/en/gift-certificate/,Gift Voucher,"The best gift voucher for a motorbiker, the rental of a motorcycle a whole weekend, to Friday to Monday, to make a motorcycle adventure or try the new model.","""motorcycle"" ""gift voucher"" Greece",6,data\discovery\mass-harvest-v5\clean-v5.1\review.csv | data\discovery\mass-harvest-v5\clean-v5.2\manual-review.csv | data\discovery\mass-harvest-v5\clean-v5.3\global-review.csv | data\discovery\mass-harvest-v5\clean-v5.4\review.csv | data\discovery\mass-harvest-v5\clean-v5.5\review.csv | data\discovery\mega-harvest-v6\clean-v6\review.csv,,REVIEW,non_greek_brand_coherence_unclear
100,pavoneshoes.gr,Gift Cards,https://pavoneshoes.gr/en/gift-cards?srsltid=AfmBOoqd29Li9ICxVVwKk9-VaSMZB8L4ZUxNlEASj6JfHcmvOTyfPalO,Gift Cards,PAVONE Gift Card 20€. 20€. PAVONE Gift Card 50€. 50 ... © 2024 PAVONE shoes concept store; Με την Υποστήριξη του Opencart.gr. PAVONE.,"""shoes"" ""gift card"" Greece",3,data\discovery\mass-harvest-v5\clean-v5.4\review.csv | data\discovery\mass-harvest-v5\clean-v5.5\review.csv | data\discovery\mega-harvest-v6\clean-v6\review.csv,,REVIEW,greek_domain_brand_coherence_unclear
100,pawsomepawsboutique.co.uk,Pawsome Paws Boutique Gift Voucher,https://www.pawsomepawsboutique.co.uk/products/pawsome-paws-boutique-gift-voucher,Pawsome Paws Boutique Gift Voucher,Greece (EUR) · Greenland (DKK) · Guadeloupe (EUR) · Guernsey (GBP) · Hong Kong SAR ... Pawsome Paws Boutique Gift Voucher. £10.00. check The Perfect Gift for Dog ...,"""boutique"" ""gift voucher"" Greece",1,data\discovery\mega-harvest-v6\clean-v6\review.csv,,REVIEW,non_greek_brand_coherence_unclear
100,payclarus.com,IKEA,https://payclarus.com/en/gift-cards/greece/ikea,IKEA — gift card: Greece,"A gift card pays for almost the entire range: cabinet and upholstered furniture, kitchens and appliances, mattresses, lighting, tableware, textiles, storage ...","""furniture"" ""gift card"" Greece",1,data\discovery\mass-harvest-v5\clean-v5.5\review.csv,,REJECT,third_party_ikea_gift_card
100,pdhsports.com,PDH Sports Gift Voucher - give the gift of racket sports choice!,https://pdhsports.com/products/pdh-sports-gift-voucher?srsltid=AfmBOorkkjTTyZjgR_gj3V0A_ZbKaulPxM0Ax5cIPe8TzovTyDw916CY,PDH Sports Gift Voucher - give the gift of racket sports choice!,"PDH Sports Gift Voucher. The perfect gift for racket sports fans! Give them the gift of choice from the best brands in padel, squash, tennis, pickleball, ...","""sports"" ""gift voucher"" Greece",4,data\discovery\mass-harvest-v5\clean-v5.2\global-review.csv | data\discovery\mass-harvest-v5\clean-v5.3\global-review.csv | data\discovery\mass-harvest-v5\clean-v5.4\review.csv | data\discovery\mass-harvest-v5\clean-v5.5\review.csv,,SECOND_PASS_SAFE,non_greek_brand_coherent_direct_gift_card
100,peaceandchaos.com,GIFT CARD,https://www.peaceandchaos.com/en/gift-card,GIFT CARD,Gift cards cannot be substituted with cash. Gift cards cannot be returned or canceled after purchase. The gift card is valid exclusively for online purchases ...,"""Thessaloniki"" ""gift card""",5,data\discovery\mass-harvest-v5\clean-v5.2\global-review.csv | data\discovery\mass-harvest-v5\clean-v5.3\global-review.csv | data\discovery\mass-harvest-v5\clean-v5.4\review.csv | data\discovery\mass-harvest-v5\clean-v5.5\review.csv | data\discovery\mega-harvest-v6\clean-v6\review.csv,,REVIEW,non_greek_brand_coherence_unclear
100,peachesandcremeshop.com,Gift Cards - Peaches&Creme Shop Korean Skincare Malta,https://peachesandcremeshop.com/collections/gift-cards?srsltid=AfmBOopfPPTl0nL033eRTJftpJ54PgkVUhVvurXMJ2qYqtccp0M9RWjv,Gift Cards - Peaches&Creme Shop Korean Skincare Malta,FREE within Malta for orders above €130. Learn more · SAME-DAY DELIVERY ... €20 Gift Card Peaches&Crème K-Beauty and Skincare. €2000. Quick ...,"""Malta"" beauty ""gift card"" official",4,data\discovery\mass-harvest-v5\clean-v5.2\global-review.csv | data\discovery\mass-harvest-v5\clean-v5.3\global-review.csv | data\discovery\mass-harvest-v5\clean-v5.4\review.csv | data\discovery\mass-harvest-v5\clean-v5.5\review.csv,,REVIEW,non_greek_brand_coherence_unclear
80,pearlmovement.com,Yoga & Pilates Gift Cards — The Pearl,https://www.pearlmovement.com/gift,Yoga & Pilates Gift Cards — The Pearl,Pilates · Yoga · Kids' Movement · Community Classes · Pricing + Memberships ... Give the gift of movement and wellness with a gift card to The Pearl. Our ...,"""pilates"" ""gift card"" Greece",1,data\discovery\mega-harvest-v6\clean-v6\review.csv,,REVIEW,non_greek_brand_coherence_unclear
100,peggyconceptstore.com,Peggy Concept Store Gift Card,https://peggyconceptstore.com/products/peggy-concept-store-gift-card?srsltid=AfmBOopR7GkcIBlLo5Mzqt6vMOQ-a2-ippY63306Z_yMddGzN7AeRBCv,Peggy Concept Store Gift Card,Peggy Concept Store Gift Card. ... The Peggy Gift Voucher is a digital gift card is the perfect present that takes the stress out of shopping for someone else!,"""concept store"" ""gift voucher"" Greece",1,data\discovery\mega-harvest-v6\clean-v6\review.csv,,SECOND_PASS_SAFE,non_greek_brand_coherent_direct_gift_card
100,peninsulaeyewear.com,Peninsula Eyewear Gift Card - Perfect for choosing your ...,https://www.peninsulaeyewear.com/products/peninsula-eyewear-gift-cards?srsltid=AfmBOoqqO-ceWHWUI6yvhdX34re2vxGNh-I_lbTdtEjQCeRgr3wqc_Jn,Peninsula Eyewear Gift Card - Perfect for choosing your ...,The Peninsula Eyewear Gift Card is a digital gift voucher designed for purchasing high-quality sunglasses from Peninsula Eyewear. The gift card is available ...,"""eyewear"" ""gift voucher"" Greece",5,data\discovery\mass-harvest-v5\clean-v5.2\global-review.csv | data\discovery\mass-harvest-v5\clean-v5.3\global-review.csv | data\discovery\mass-harvest-v5\clean-v5.4\review.csv | data\discovery\mass-harvest-v5\clean-v5.5\review.csv | data\discovery\mega-harvest-v6\clean-v6\review.csv,,SECOND_PASS_SAFE,non_greek_brand_coherent_direct_gift_card
80,pennie.gr,25,https://pennie.gr/%CE%94%CF%89%CF%81%CE%BF%CE%BA%CE%AC%CF%81%CF%84%CE%B1-25%E2%82%AC?srsltid,Δωροκάρτα 25,"Hotel, Spa & Yacht · Υπνοδωμάτιο · Σεντόνια - Hospitality · Παπλωματοθήκες ... Δωροκάρτα 25€. 1; 2. Δωροκαρτα 25€. 25.00 €. Κωδ.: 990000-02. Δωρεάν ...","site:.gr ""hotel"" ""δωροκάρτα""",8,data\discovery\focused-harvest-v7\clean-v7\review.csv | data\discovery\focused-harvest-v7-run1-backup\clean-v7\review.csv | data\discovery\mass-harvest-v5\clean-v5.1\review.csv | data\discovery\mass-harvest-v5\clean-v5.2\manual-review.csv | data\discovery\mass-harvest-v5\clean-v5.3\global-review.csv | data\discovery\mass-harvest-v5\clean-v5.4\review.csv | data\discovery\mass-harvest-v5\clean-v5.5\review.csv | data\discovery\mega-harvest-v6\clean-v6\review.csv,,REVIEW,greek_domain_brand_coherence_unclear
85,pentavras-kes.gr,Αγοράστε μία Δωροεπιταγή,https://www.pentavras-kes.gr/account/voucher,Αγοράστε μία Δωροεπιταγή,Αγοράστε μία Δωροεπιταγή. Αυτή η δωροεπιταγή θα αποσταλεί μέ e-mail στον παραλήπτη αφού ολοκληρωθεί ή πληρωμή σας. Όνομα παραλήπτη. E-mail παραλήπτη.,"site:.gr ""δωροεπιταγή""",5,data\discovery\mass-harvest-v5\clean-v5.1\review.csv | data\discovery\mass-harvest-v5\clean-v5.2\manual-review.csv | data\discovery\mass-harvest-v5\clean-v5.3\global-review.csv | data\discovery\mass-harvest-v5\clean-v5.4\review.csv | data\discovery\mass-harvest-v5\clean-v5.5\review.csv,,REVIEW,greek_domain_brand_coherence_unclear
85,perfume-shop.gr,Αγοράστε μία Δωροεπιταγή - Perfume-shop,https://perfume-shop.gr/index.php?route,Αγοράστε μία Δωροεπιταγή - Perfume-shop,Αυτή η δωροεπιταγή θα αποσταλεί μέ e-mail στον ... Εγγραφείτε τώρα στην Perfume ... Perfume Shop. Perfume Shop. Τμήμα Πωλήσεων · Αρχική · Αγαπημένα0 · Σύγκριση0 ...,"site:.gr ""perfume"" ""δωροεπιταγή""",2,data\discovery\focused-harvest-v7\clean-v7\review.csv | data\discovery\focused-harvest-v7-run1-backup\clean-v7\review.csv,,SECOND_PASS_SAFE,greek_brand_coherent_direct_gift_card
80,perfumehouse.de,Digital gift voucher,https://perfumehouse.de/en/products/perfumehouse-geschenkgutschein?srsltid=AfmBOooCoMv9r5gXopSevpw-yix_heQItD_UpzHP6yOR6Yq0g0bXZTIw,Digital gift voucher,"Digital gift voucher · Select the desired voucher amount – 25, 50, 100 or 200 euros. · After purchase you will receive the voucher by email. · Give the voucher as ...","""perfume"" ""gift voucher"" Greece",6,data\discovery\mass-harvest-v5\clean-v5.1\review.csv | data\discovery\mass-harvest-v5\clean-v5.2\manual-review.csv | data\discovery\mass-harvest-v5\clean-v5.3\global-review.csv | data\discovery\mass-harvest-v5\clean-v5.4\review.csv | data\discovery\mass-harvest-v5\clean-v5.5\review.csv | data\discovery\mega-harvest-v6\clean-v6\review.csv,,REVIEW,non_greek_brand_coherence_unclear
70,perfumelab.cz,Perfume Making Workshop,https://perfumelab.cz/products/perfume-making-workshop-gift-voucher,Perfume Making Workshop – Gift Voucher,"At our workshop, you'll step into the world of perfumery -- discovering how a fragrance is born, exploring professional scent notes and ingredients -- finding ...","""Greece"" ""perfume"" ""gift voucher""",1,data\discovery\mega-harvest-v6\clean-v6\review.csv,,REVIEW,non_greek_brand_coherence_unclear
85,petpoint.gr,Αγορά Δωροεπιταγής,https://petpoint.gr/agora-doroepitagis/,Αγορά Δωροεπιταγής,... Wellness Core · Hill's Science Plan · Acana · Orijen · Κλινικές Ξηρές τροφές · AATU ... Η δωροεπιταγή Pet Point είναι ένας εύκολος και πρακτικός τρόπος να κάνετε ...,"site:.gr ""wellness"" ""δωροεπιταγή""",2,data\discovery\focused-harvest-v7\clean-v7\review.csv | data\discovery\focused-harvest-v7-run1-backup\clean-v7\review.csv,,REVIEW,greek_domain_brand_coherence_unclear
100,petstop.ie,Digital Gift Card (online),https://www.petstop.ie/products/gift-card-online,Digital Gift Card (online),"Whether they're shopping for premium food, toys, grooming essentials, or cozy bedding, this digital gift card lets them choose exactly what their pet needs, ...","""pet shop"" ""gift card"" Greece",5,data\discovery\mass-harvest-v5\clean-v5.2\global-review.csv | data\discovery\mass-harvest-v5\clean-v5.3\global-review.csv | data\discovery\mass-harvest-v5\clean-v5.4\review.csv | data\discovery\mass-harvest-v5\clean-v5.5\review.csv | data\discovery\mega-harvest-v6\clean-v6\review.csv,,REVIEW,non_greek_brand_coherence_unclear
80,pf.fi,Gift card for Finnish design,https://www.pf.fi/en/,Gift card for Finnish design,"... gift card, ensuring a smooth and efficient experience. Simply ... Some types of gift cards can be delivered to other EU countries in addition to Finland.","""Finland"" fashion ""gift card"" official",5,data\discovery\mass-harvest-v5\clean-v5.1\review.csv | data\discovery\mass-harvest-v5\clean-v5.2\manual-review.csv | data\discovery\mass-harvest-v5\clean-v5.3\global-review.csv | data\discovery\mass-harvest-v5\clean-v5.4\review.csv | data\discovery\mass-harvest-v5\clean-v5.5\review.csv,,REVIEW,non_greek_brand_coherence_unclear
80,pflanzenfan.de,All the best - Garden basics,https://pflanzenfan.de/en-en/products/alles-gute-geschenkgutschein?srsltid=AfmBOooaGuJ_Z9B_xKw163lIayY0h3zoNSypIgrefqH1exGHOBT7Xghd,All the best - Garden basics - Gift voucher 🌿 Plant fan,"Greece (EUR €), Hong Kong SAR (HKD $), Hungary (HUF Ft), Ireland (EUR ... All the best - Garden Basics - Gift Voucher. All the best - Garden Basics ...","""garden"" ""gift voucher"" Greece",1,data\discovery\mega-harvest-v6\clean-v6\review.csv,,REVIEW,non_greek_brand_coherence_unclear
100,philab.eu,Δωροκάρτα - Philab Skincare,https://philab.eu/el/products/philab-gift-card-digital?srsltid=AfmBOopbC_RMY07dY3Ktg70Xcs1SyWowhpleOOZ4G9WTQgTcR51m5pP3,Δωροκάρτα - Philab Skincare,"Philab Skincare Logo with brandmark at the left, Purple with transparent background. ... Philab branded gift card in gold with the logo and 'GIFT CARD' text,.","""skincare"" ""gift card"" Greece",1,data\discovery\mega-harvest-v6\clean-v6\review.csv,,SECOND_PASS_SAFE,non_greek_brand_coherent_direct_gift_card
100,physiowellnessathens.com,Μασάζ & Θεραπείας,https://www.physiowellnessathens.com/gift-card,Gift Cards Μασάζ & Θεραπείας,Fitness Training · Rehabilitation · Dry Needling · Form & Confidence · BLOG · GIFT ... PhysioWellness Athens Gift Card. 30 €. Ποσό. 30 €. 50 €. 100 €. 150 €. 200 ...,"""Athens"" ""fitness"" ""gift card""",3,data\discovery\focused-harvest-v7\clean-v7\review.csv | data\discovery\focused-harvest-v7-run1-backup\clean-v7\review.csv | data\discovery\mega-harvest-v6\clean-v6\review.csv,,REVIEW,non_greek_brand_coherence_unclear
70,physis-fitnessclub.gr,Κάρτα Δώρου Physis – Γυμναστήρια Βόρεια Προάστια,http://www.physis-fitnessclub.gr/physis-blog/news/physis-fitness-club-gift-card/,Κάρτα Δώρου Physis – Γυμναστήρια Βόρεια Προάστια,Χαρίστε τους υγεία και ευεξία. Κάντε δώρο ένα από τα ολοκληρωμένα ή πλήρως εξειδικευμένα προγράμματα άσκησης και υγείας του Physis Fitness Club.,"site:.gr ""fitness"" ""gift card""",1,data\discovery\focused-harvest-v7\clean-v7\review.csv,,REVIEW,greek_domain_brand_coherence_unclear
100,physismassage.gr,Massage Gift Card,https://physismassage.gr/en/gift-cards/,Massage Gift Card,"Massage Gift Card. Why choose a Massage Gift Card? premium treatments. Whether it's a relaxation massage, spa treatments, or rejuvenating ...","site:.gr ""spa"" ""gift card""",5,data\discovery\focused-harvest-v7\clean-v7\review.csv | data\discovery\focused-harvest-v7-run1-backup\clean-v7\review.csv | data\discovery\mass-harvest-v5\clean-v5.4\review.csv | data\discovery\mass-harvest-v5\clean-v5.5\review.csv | data\discovery\mega-harvest-v6\clean-v6\review.csv,,REVIEW,greek_domain_brand_coherence_unclear
100,piamontehotels.com,Gift Card ∙ The Log Porto Hotel ∙ Official Website - Piamonte Hotels,https://www.piamontehotels.com/en/the-log-porto-hotel/gift-card/,Gift Card ∙ The Log Porto Hotel ∙ Official Website - Piamonte Hotels,"Surprise, inspire, gift The Log Porto Hotel. Gift Card ... Choose your gift card. Request gift card. Voucher ... Rua da Vigorosa, 456 4350-343 Porto, Portugal.","""Portugal"" hotel ""gift card"" official",4,data\discovery\mass-harvest-v5\clean-v5.2\global-review.csv | data\discovery\mass-harvest-v5\clean-v5.3\global-review.csv | data\discovery\mass-harvest-v5\clean-v5.4\review.csv | data\discovery\mass-harvest-v5\clean-v5.5\review.csv,,SECOND_PASS_SAFE,non_greek_brand_coherent_direct_gift_card
80,pillagermany.de,PillaGermany gift voucher,https://www.pillagermany.de/en-eu/products/pillagermany-geschenkgutschein?srsltid=AfmBOopFlq6z_g5z_kA2EiHrOE-Ccy5CoydII-ZVPtWh_4reRXcbyyqa,PillaGermany gift voucher,"PillaGermany gift voucher ... By combining world-leading ZEISS technology with innovative optics, we ensure that your vision never limits your performance.","""optics"" ""gift voucher"" Greece",6,data\discovery\mass-harvest-v5\clean-v5.1\review.csv | data\discovery\mass-harvest-v5\clean-v5.2\manual-review.csv | data\discovery\mass-harvest-v5\clean-v5.3\global-review.csv | data\discovery\mass-harvest-v5\clean-v5.4\review.csv | data\discovery\mass-harvest-v5\clean-v5.5\review.csv | data\discovery\mega-harvest-v6\clean-v6\review.csv,,SECOND_PASS_SAFE,non_greek_brand_coherent_direct_gift_card
100,pillowshotels.com,Pillows Hotels Gift Card,https://www.pillowshotels.com/gift-voucher/,Pillows Hotels Gift Card,"Our gift cards can be used for an overnight stay as well as a culinary experience in one of the restaurants of all Pillows Hotels, located in the Netherlands ...","""Netherlands"" travel ""gift voucher"" official",4,data\discovery\mass-harvest-v5\clean-v5.2\global-review.csv | data\discovery\mass-harvest-v5\clean-v5.3\global-review.csv | data\discovery\mass-harvest-v5\clean-v5.4\review.csv | data\discovery\mass-harvest-v5\clean-v5.5\review.csv,,SECOND_PASS_SAFE,non_greek_brand_coherent_direct_gift_card
100,pinkboutique.co.uk,Pink Boutique Gift Card,https://www.pinkboutique.co.uk/products/pink-boutique-gift-voucher?srsltid=AfmBOoqkRPlYgbPYhqWrEv7XSscWeesZgVo_pm8bNVfW8LYRlVgDW34C,Pink Boutique Gift Card,"Treat your besties to a Pink Boutique gift card and they'll be spoilt for choice! Available in £5, £10, £20 or £50, they're the perfect gift and are redeemable ...","""boutique"" ""gift voucher"" Greece",1,data\discovery\mega-harvest-v6\clean-v6\review.csv,,REVIEW,non_greek_brand_coherence_unclear
80,piraeusbank.gr,€1000 Gift Voucher for Linens with COCO-MAT Sleep System,https://www.piraeusbank.gr/en/individuals/personal-banking/exclusive-benefits/coco-mat-sleep-system-voucher,€1000 Gift Voucher for Linens with COCO-MAT Sleep System,"Exclusive offer for Personal Banking customers who are members of Yellow, €1000 gift voucher for bed linen with every complete sleep COCO-MAT system ... Outdoor ...","site:.gr ""outdoor"" ""gift voucher""",8,data\discovery\focused-harvest-v7\clean-v7\review.csv | data\discovery\focused-harvest-v7-run1-backup\clean-v7\review.csv | data\discovery\mass-harvest-v5\clean-v5.1\review.csv | data\discovery\mass-harvest-v5\clean-v5.2\manual-review.csv | data\discovery\mass-harvest-v5\clean-v5.3\global-review.csv | data\discovery\mass-harvest-v5\clean-v5.4\review.csv | data\discovery\mass-harvest-v5\clean-v5.5\review.csv | data\discovery\mega-harvest-v6\clean-v6\review.csv,,REVIEW,greek_domain_brand_coherence_unclear
85,plantoys.gr,Ηλεκτρονική Δωροκάρτα PlanToys,https://www.plantoys.gr/shop/%CE%B7%CE%BB%CE%B5%CE%BA%CF%84%CF%81%CE%BF%CE%BD%CE%B9%CE%BA%CE%AE-%CE%B4%CF%89%CF%81%CE%BF%CE%BA%CE%AC%CF%81%CF%84%CE%B1-plantoys/,Ηλεκτρονική Δωροκάρτα PlanToys,Κανένα προϊόν στο καλάθι σας. Επιστροφή στο κατάστημα · Παιχνίδια Εκπαιδευτικά Plan Toys ... Ηλεκτρονική Δωροκάρτα PlanToys. 50.00€ – 350.00€ Price range ...,"site:.gr ""toys"" ""δωροκάρτα""",8,data\discovery\focused-harvest-v7\clean-v7\review.csv | data\discovery\focused-harvest-v7-run1-backup\clean-v7\review.csv | data\discovery\mass-harvest-v5\clean-v5.1\review.csv | data\discovery\mass-harvest-v5\clean-v5.2\manual-review.csv | data\discovery\mass-harvest-v5\clean-v5.3\global-review.csv | data\discovery\mass-harvest-v5\clean-v5.4\review.csv | data\discovery\mass-harvest-v5\clean-v5.5\review.csv | data\discovery\mega-harvest-v6\clean-v6\review.csv,,SECOND_PASS_SAFE,greek_brand_coherent_direct_gift_card
100,play-asia.com,Google Play EUR 80 Gift Card | Italy Account digital,https://www.play-asia.com/en/google-play-eur-80--gift-card-italy-account/13/70jhen?srsltid=AfmBOoqsnud9UrpBg9wwWPTHhE2BlxkwNrm_5LvqZ7JacACIqeMbh4KO,Google Play EUR 80 Gift Card | Italy Account digital,Google Play EUR 80 Gift Card | Italy Account digital * Delivers instanly online in your account or by E-Mail. Official Google Play Gift CardStore Value:...,"""Italy"" retail ""gift card"" official",4,data\discovery\mass-harvest-v5\clean-v5.2\global-review.csv | data\discovery\mass-harvest-v5\clean-v5.3\global-review.csv | data\discovery\mass-harvest-v5\clean-v5.5\review.csv | data\discovery\mega-harvest-v6\clean-v6\review.csv,,REJECT,third_party_googleplay_gift_card
100,plegmashop.gr,Gift Voucher,https://plegmashop.gr/product/gift-voucher/,Gift Voucher,"Gift Voucher. €20.00 – €100.00 Price range: €20.00 through €100.00. You can ... Accessories, Lighting, Living, Magazines, New in, Prints, Stationery ...","site:.gr ""accessories"" ""gift voucher""",1,data\discovery\mega-harvest-v6\clean-v6\review.csv,,REVIEW,greek_domain_brand_coherence_unclear
100,pleko.gr,Δωροκάρτα,https://pleko.gr/gift-ideas/gift-card-detail,Δωροκάρτα,"Δωροκάρτα από τα Μαλλιά Κουβάρια, το ιδανικό δώρο για όσους αγαπούν το ... ® Tanidis IT | Corporate Solutions & Courses. Sitemap · Σχετικά με εμάς · Οροι ...","site:.gr ""courses"" ""δωροκάρτα""",3,data\discovery\mass-harvest-v5\clean-v5.4\review.csv | data\discovery\mass-harvest-v5\clean-v5.5\review.csv | data\discovery\mega-harvest-v6\clean-v6\review.csv,,REVIEW,greek_domain_brand_coherence_unclear
100,plesnik.si,Wellness Gift Voucher,https://shop.plesnik.si/products/wellness-gift-voucher-1,Wellness Gift Voucher,Wellness Gift Voucher · Delivered Instantly Via Email · Perfect Gift For Partner · Green Michelin Star Experience.,"""wellness"" ""gift voucher"" Greece",4,data\discovery\mass-harvest-v5\clean-v5.2\global-review.csv | data\discovery\mass-harvest-v5\clean-v5.3\global-review.csv | data\discovery\mass-harvest-v5\clean-v5.4\review.csv | data\discovery\mass-harvest-v5\clean-v5.5\review.csv,,REVIEW,non_greek_brand_coherence_unclear
80,polaroids.gr,ηλεκτρονική δωροκάρτα,https://www.polaroids.gr/p/%CE%B7%CE%BB%CE%B5%CE%BA%CF%84%CF%81%CE%BF%CE%BD%CE%B9%CE%BA%CE%AE-%CE%B4%CF%89%CF%81%CE%BF%CE%BA%CE%AC%CF%81%CF%84%CE%B1/,ηλεκτρονική δωροκάρτα,"... Έκδοση MoMA · Κασέτα χαρτιού Polaroid Hi·Print 2×3, γενιά 2 – 20 φύλλα · Αρχική σελίδαPolaroid Accessoriesηλεκτρονική δωροκάρτα. ‹ › ηλεκτρονική δωροκάρτα.","""accessories"" ""δωροκάρτα"" Greece",1,data\discovery\mega-harvest-v6\clean-v6\review.csv,,REVIEW,greek_domain_brand_coherence_unclear
100,polinechildrenshoes.com,Poline eGift card!,https://polinechildrenshoes.com/en/products/poline-egift-card-ideal-doro-gia-kathe-peristasi?srsltid=AfmBOopatVjDlo1ENYeOedb_JQwtlYH8TW_4DcDLundQKFKcj8U8MlvE,Poline eGift card!,"or at the physical Poline stores in Glyfada and Pagrati, the email with the code must necessarily be printed. ... ✔️ Η δωροκάρτα δεν έχει ημερομηνία λήξης!","""Glyfada"" ""kids"" ""δωροκάρτα""",2,data\discovery\focused-harvest-v7\clean-v7\review.csv | data\discovery\focused-harvest-v7-run1-backup\clean-v7\review.csv,,REVIEW,non_greek_brand_coherence_unclear
100,popaganda.gr,To Taxibeat παρουσιάζει τις Taxibeat Gift Cards. Κάντε ένα ...,https://www.popaganda.gr/newstrack/taxibeat-gift-cards-dora/,To Taxibeat παρουσιάζει τις Taxibeat Gift Cards. Κάντε ένα ...,Η Taxibeat Gift Card είναι μια ηλεκτρονική δωροκάρτα που μπορεί να εξαργυρωθεί σε διαδρομές ταξί. ... Το deja vu των Pet Shop Boys και η ...,"site:.gr ""pet shop"" ""gift card""",4,data\discovery\focused-harvest-v7\clean-v7\review.csv | data\discovery\mass-harvest-v5\clean-v5.4\review.csv | data\discovery\mass-harvest-v5\clean-v5.5\review.csv | data\discovery\mega-harvest-v6\clean-v6\review.csv,,REVIEW,greek_domain_brand_coherence_unclear
85,popular-shoes.gr,Αγοράστε μία Δωροεπιταγή - Popular Shoes,https://popular-shoes.gr/index.php?route,Αγοράστε μία Δωροεπιταγή - Popular Shoes,Αυτή η δωροεπιταγή θα αποσταλεί μέ e-mail στον παραλήπτη αφού ολοκληρωθεί ή πληρωμή σας. ... shoes.gr © 2021 | All rights reserved! Handcrafted by.,"site:.gr ""shoes"" ""δωροεπιταγή""",2,data\discovery\focused-harvest-v7\clean-v7\review.csv | data\discovery\focused-harvest-v7-run1-backup\clean-v7\review.csv,,SECOND_PASS_SAFE,greek_brand_coherent_direct_gift_card
100,portugueseforadaytours.com,Gift Vouchers | Portuguese For a Day Tours,https://www.portugueseforadaytours.com/gift-vouchers/,Gift Vouchers | Portuguese For a Day Tours,... Portugal. Choose from specific tours or give a flexible ... You cannot obtain any cash advance with your Gift Voucher or redeem your Gift Voucher for cash.,"""Portugal"" travel ""gift voucher"" official",4,data\discovery\mass-harvest-v5\clean-v5.2\global-review.csv | data\discovery\mass-harvest-v5\clean-v5.3\global-review.csv | data\discovery\mass-harvest-v5\clean-v5.4\review.csv | data\discovery\mass-harvest-v5\clean-v5.5\review.csv,,SECOND_PASS_SAFE,non_greek_brand_coherent_direct_gift_card
100,potamitis.us,"Lenten and Paschal Books – Tagged ""Gift card""",https://potamitis.us/collections/lenten-books/gift-card?srsltid=AfmBOorKZx-8R-YeqJ9Q1h19-G6KOZzBftA6O9i2b8LNzYfqmBkADkyF,"Lenten and Paschal Books – Tagged ""Gift card""","Hardcover Books - All books in one set! NEW ... Gift Card. No reviews. Vendor: Potamitis ... We print in Saint Demetrios's hometown, Thessaloniki ...","""Thessaloniki"" ""books"" ""gift card""",1,data\discovery\mega-harvest-v6\clean-v6\review.csv,,REVIEW,non_greek_brand_coherence_unclear
85,powerenergy.gr,Δωροκάρτα - Power Energy,https://www.powerenergy.gr/shop/dorokarta/,Δωροκάρτα - Power Energy,Δωροκάρτα - Image 1. Μεγέθυνση. Αρχική σελίδα / SHOP / SOLAR TECHNOLOGY / HEAT-WIND-GRID-SYSTEMS / RIGID PANELS 5W - 200W / Δωροκάρτα.,"site:.gr ""technology"" ""δωροκάρτα""",6,data\discovery\mass-harvest-v5\clean-v5.1\review.csv | data\discovery\mass-harvest-v5\clean-v5.2\manual-review.csv | data\discovery\mass-harvest-v5\clean-v5.3\global-review.csv | data\discovery\mass-harvest-v5\clean-v5.4\review.csv | data\discovery\mass-harvest-v5\clean-v5.5\review.csv | data\discovery\mega-harvest-v6\clean-v6\review.csv,,SECOND_PASS_SAFE,greek_brand_coherent_direct_gift_card
60,prada.com,gift-card-store-credit,https://www.prada.com/gr/en/info/gift-card-store-credit.html,gift-card-store-credit,Leather clothing. Shoes. View all · Sandals and mules · Pumps and ballerinas ... T&C Gift Card & Store Credit. Below are the Terms & Conditions for GIFT CARDS ...,"""clothing"" ""gift card"" Greece",6,data\discovery\mass-harvest-v5\clean-v5.1\review.csv | data\discovery\mass-harvest-v5\clean-v5.2\manual-review.csv | data\discovery\mass-harvest-v5\clean-v5.3\global-review.csv | data\discovery\mass-harvest-v5\clean-v5.4\review.csv | data\discovery\mass-harvest-v5\clean-v5.5\review.csv | data\discovery\mega-harvest-v6\clean-v6\review.csv,,REVIEW,non_greek_brand_coherence_unclear
80,pratyahara.gr,Gift Card,https://pratyahara.gr/services/yoga-offers/,Gift Card,Gift Card. ΠΑΡΕ ΤΗΝ ΚΑΡΤΑ ΣΟΥ. Gift Card. ΠΑΡΕ ΤΗΝ ΚΑΡΤΑ ΣΟΥ. yoga gift card. ✨ Προσφορές στο Pratyahara Yoga Center! Κάνε το πιο έξυπνο και ...,"""yoga"" ""gift card"" Greece",6,data\discovery\mass-harvest-v5\clean-v5.1\review.csv | data\discovery\mass-harvest-v5\clean-v5.2\manual-review.csv | data\discovery\mass-harvest-v5\clean-v5.3\global-review.csv | data\discovery\mass-harvest-v5\clean-v5.4\review.csv | data\discovery\mass-harvest-v5\clean-v5.5\review.csv | data\discovery\mega-harvest-v6\clean-v6\review.csv,,REVIEW,greek_domain_brand_coherence_unclear
60,pregnancy-gifts.gr,ΔΩΡΟΚΑΡΤΑ - Pregnancy-gifts.gr,https://pregnancy-gifts.gr/product-category/wps_wgm_giftcard/,ΔΩΡΟΚΑΡΤΑ - Pregnancy-gifts.gr,· Η Δωροκάρτα Pregnancy Gifts ισχύει για 6 μήνες από την ημερομηνία αγοράς της. · Η Κάρτα δώρου Pregnancy Gifts ισχύει και για νέους μπαμπάδες. Ο παραλήπτης ...,"site:.gr ""gifts"" ""δωροκάρτα""",1,data\discovery\mega-harvest-v6\clean-v6\review.csv,,SECOND_PASS_SAFE,greek_brand_coherent_direct_gift_card
100,prepareforgreece.com,Greek Language Course Gift Card,https://prepareforgreece.com/ro/products/greek-language-course-gift-card?srsltid=AfmBOopaXENx9_ORv7kqWYwOCgn6jNd2TvKMtIur15GuTiRkjeyeCaKu,Greek Language Course Gift Card,... Courses. ✓ Vocabulary & Grammar Courses ... Your friend or family member can choose any course they want from Prepare For Greece and use the gift card balance at ...,"""courses"" ""gift card"" Greece",4,data\discovery\mass-harvest-v5\clean-v5.3\greece-market-review.csv | data\discovery\mass-harvest-v5\clean-v5.4\review.csv | data\discovery\mass-harvest-v5\clean-v5.5\review.csv | data\discovery\mega-harvest-v6\clean-v6\review.csv,,REVIEW,non_greek_brand_coherence_unclear
80,presentkort.restaurangguiden.com,"Gift card for restaurants, hotels and spas.",https://presentkort.restaurangguiden.com/en,"Gift card for restaurants, hotels and spas.","We have a gift card that's valid for hundreds of restaurant, hotel and spa experiences in both Sweden and Denmark. Many of the restaurants and hotels that honor ...","""Sweden"" hotel ""gift card"" official",5,data\discovery\mass-harvest-v5\clean-v5.1\review.csv | data\discovery\mass-harvest-v5\clean-v5.2\manual-review.csv | data\discovery\mass-harvest-v5\clean-v5.3\global-review.csv | data\discovery\mass-harvest-v5\clean-v5.4\review.csv | data\discovery\mass-harvest-v5\clean-v5.5\review.csv,,REVIEW,non_greek_brand_coherence_unclear
100,press.brusselsairlines.com,Brussels Airlines launches b.gift voucher,https://press.brusselsairlines.com/brussels-airlines-launches-bgift-voucher-in-cooperation-with-uber,Brussels Airlines launches b.gift voucher,"With a b.gift, one can purchase a gift voucher for a flight within Europe for one to four persons. Brussels Airlines puts a unique gift under ...","""Europe"" travel ""gift voucher"" official",4,data\discovery\mass-harvest-v5\clean-v5.2\global-review.csv | data\discovery\mass-harvest-v5\clean-v5.3\global-review.csv | data\discovery\mass-harvest-v5\clean-v5.4\review.csv | data\discovery\mass-harvest-v5\clean-v5.5\review.csv,,SECOND_PASS_SAFE,non_greek_brand_coherent_direct_gift_card
100,prestigehotels.com,"Buy Prestige Hotels' gift card - Roses, Girona (Spain)",https://www.prestigehotels.com/en/buy-gift-card-prestige,"Buy Prestige Hotels' gift card - Roses, Girona (Spain)",At the end of the purchase you can send the gift card by email to its recipient. ... Prestige Hotels: holidays on the beach in Spain (Roses - Costa Brava).,"""Spain"" hotel ""gift card"" official",4,data\discovery\mass-harvest-v5\clean-v5.2\global-review.csv | data\discovery\mass-harvest-v5\clean-v5.3\global-review.csv | data\discovery\mass-harvest-v5\clean-v5.4\review.csv | data\discovery\mass-harvest-v5\clean-v5.5\review.csv,,SECOND_PASS_SAFE,non_greek_brand_coherent_direct_gift_card
85,prestomusic.com,Buy streaming gift vouchers,https://www.prestomusic.com/streaming/vouchers?srsltid=AfmBOoqGaBtJeQtbbHrIO8X2sHHXqECrtdgI8iAPw2heXtVU3nT6Tkqv,Buy streaming gift vouchers,"Presto Music - home. Wishlist · Sign in · Currency is ... If you prefer to give a gift voucher on paper, enter your own email address ...","""music"" ""gift voucher"" Greece",5,data\discovery\mass-harvest-v5\clean-v5.1\review.csv | data\discovery\mass-harvest-v5\clean-v5.2\manual-review.csv | data\discovery\mass-harvest-v5\clean-v5.3\global-review.csv | data\discovery\mass-harvest-v5\clean-v5.4\review.csv | data\discovery\mass-harvest-v5\clean-v5.5\review.csv,,REVIEW,non_greek_brand_coherence_unclear
100,prettylittlehome.co.uk,Gift Vouchers,https://www.prettylittlehome.co.uk/collections/gift-vouchers?srsltid=AfmBOoq-lVzIkOK8gReojiJg3FJcDWlaszaa5b4umL4pnakL0NRgV3Tx,Gift Vouchers,Pretty Little Home Gift Voucher. Quick view. Pretty Little Home Gift Voucher From £10.00 /. Choose options. SHOP. Home Decor · Home Gifts · Kitchen Decor & ...,"""decor"" ""gift voucher"" Greece",5,data\discovery\mass-harvest-v5\clean-v5.2\global-review.csv | data\discovery\mass-harvest-v5\clean-v5.3\global-review.csv | data\discovery\mass-harvest-v5\clean-v5.4\review.csv | data\discovery\mass-harvest-v5\clean-v5.5\review.csv | data\discovery\mega-harvest-v6\clean-v6\review.csv,,REVIEW,non_greek_brand_coherence_unclear
85,prezzee.com,Digital Gift Cards | Prezzee US,https://prezzee.com/en-us?srsltid=AfmBOoqUBPjrOPSWWsV5hkyZYc8Ofte_BvkmcGv6mJ7BVzbxVEoyCd_3,Digital Gift Cards | Prezzee US,"... department store, department, kids clothing, boys, girls, boys clothing ... For the perfect Mother's Day gift, you can't go past a gift voucher for ...","""department store"" ""gift voucher"" Greece",6,data\discovery\mass-harvest-v5\clean-v5.1\review.csv | data\discovery\mass-harvest-v5\clean-v5.2\manual-review.csv | data\discovery\mass-harvest-v5\clean-v5.3\global-review.csv | data\discovery\mass-harvest-v5\clean-v5.4\review.csv | data\discovery\mass-harvest-v5\clean-v5.5\review.csv | data\discovery\mega-harvest-v6\clean-v6\review.csv,,SECOND_PASS_SAFE,non_greek_brand_coherent_direct_gift_card
80,prezzee.uk,Fashion and Accessories Gift Cards,https://prezzee.uk/en-gb/categories/fashion-and-accessories-gb?srsltid=AfmBOor_sN5zLiS2ESsemqgpjG8VEh4XA7Rn3Oy243QMmoRfCY9dE3db,Fashion and Accessories Gift Cards,Fashion and Accessories [uk]. Fashion & Accessories. Fitness & Sports [uk] ... There's a Fashion Gift Card for every style at Prezzee. Browse the range ...,"""UK"" fashion ""gift card"" official",5,data\discovery\mass-harvest-v5\clean-v5.1\review.csv | data\discovery\mass-harvest-v5\clean-v5.2\manual-review.csv | data\discovery\mass-harvest-v5\clean-v5.3\global-review.csv | data\discovery\mass-harvest-v5\clean-v5.4\review.csv | data\discovery\mass-harvest-v5\clean-v5.5\review.csv,,REVIEW,non_greek_brand_coherence_unclear
100,primarkgiftcards.com,Primark Official eGift Card Store | Primark eGift Cards UK,https://www.primarkgiftcards.com/?srsltid=AfmBOophVLwhLncF74H7TN4dnRXAOUGY443QMNBIe1Yw2dXdVXOVulFG,Primark Official eGift Card Store | Primark eGift Cards UK,"Buy a Primark gift card today and have it delivered via email or Post. Primark eGift cards are the perfect last minute gift for her,your bestie or even mum!","""Belgium"" beauty ""gift card"" official",4,data\discovery\mass-harvest-v5\clean-v5.2\global-review.csv | data\discovery\mass-harvest-v5\clean-v5.3\global-review.csv | data\discovery\mass-harvest-v5\clean-v5.4\review.csv | data\discovery\mass-harvest-v5\clean-v5.5\review.csv,,REVIEW,non_greek_brand_coherence_unclear
100,princess.com,Princess Gift Cards,https://www.princess.com/ships-and-experience/celebrations/gift-cards,Princess Gift Cards,Greece · Iceland · Italy · Mediterranean · Norway · Scandinavia & Baltics ... Check your gift card balance and get back to making cruise memories. Redeem ...,"""cruise"" ""gift card"" Greece",1,data\discovery\mega-harvest-v6\clean-v6\review.csv,,SECOND_PASS_SAFE,non_greek_brand_coherent_direct_gift_card
80,princess.com.gr,Princess,https://princess.com.gr/product-category/%CE%B4%CF%89%CF%81%CE%BF%CE%BA%CE%AC%CF%81%CF%84%CE%B5%CF%82/?srsltid,Δωροκάρτες - Princess,"Δωροκάρτες. 1 προϊόν. Ανά σελίδα. 24, 32, 64. Φίλτρα & Ταξινόμηση. Μέγεθος. Φίλτρα ... Δωροκάρτες · Εταιρεία. Χρήσιμες Πληροφορίες. Όροι Χρήσης · Τρόποι πληρωμής ...","site:.com.gr ""δωροκάρτες""",3,data\discovery\focused-harvest-v7\clean-v7\review.csv | data\discovery\focused-harvest-v7-run1-backup\clean-v7\review.csv | data\discovery\mega-harvest-v6\clean-v6\review.csv,,SECOND_PASS_SAFE,greek_brand_coherent_direct_gift_card
100,printzoo.uk,A6 Gift Voucher Printing UK | 350gsm Vouchers,https://www.printzoo.uk/products/a6-gift-voucher?srsltid,A6 Gift Voucher Printing UK | 350gsm Vouchers,"Offer customers a professional, branded way to purchase gifts, experiences and store credit with custom A6 gift voucher printing.","""printing"" ""gift voucher"" Greece",3,data\discovery\mass-harvest-v5\clean-v5.2\global-review.csv | data\discovery\mass-harvest-v5\clean-v5.3\global-review.csv | data\discovery\mass-harvest-v5\clean-v5.5\review.csv,,REJECT,non_merchant_signal
85,pro.makemeup.gr,Αγοράστε μία Δωροεπιταγή,https://pro.makemeup.gr/index.php?route,Αγοράστε μία Δωροεπιταγή,BAGS & ACCESSORIES. BAGS & ACCESSORIES. LIFESTYLE & MORE. Bags / Accessories ... Αυτή η δωροεπιταγή θα αποσταλεί μέ e-mail στον παραλήπτη αφού ολοκληρωθεί ή ...,"site:.gr ""bags"" ""δωροεπιταγή""",2,data\discovery\focused-harvest-v7\clean-v7\review.csv | data\discovery\focused-harvest-v7-run1-backup\clean-v7\review.csv,,REVIEW,greek_domain_brand_coherence_unclear
80,projectsoma.gr,Project Soma | projectsoma.gr,https://projectsoma.gr/dorokarta.html,Δωροκάρτα | Project Soma | projectsoma.gr,"Χαρίστε στα αγαπημένα σας πρόσωπα την δωροκάρτα Project Soma επιλέγοντας το χρηματικό ποσό των 50€, 100€ ή 150€. H gift card αποτελεί μια τέλεια επιλογή ...","site:.gr ""bags"" ""δωροκάρτα""",7,data\discovery\focused-harvest-v7-run1-backup\clean-v7\review.csv | data\discovery\mass-harvest-v5\clean-v5.1\review.csv | data\discovery\mass-harvest-v5\clean-v5.2\manual-review.csv | data\discovery\mass-harvest-v5\clean-v5.3\global-review.csv | data\discovery\mass-harvest-v5\clean-v5.4\review.csv | data\discovery\mass-harvest-v5\clean-v5.5\review.csv | data\discovery\mega-harvest-v6\clean-v6\review.csv,,SECOND_PASS_SAFE,greek_brand_coherent_direct_gift_card
100,promo.lainasprinting.gr,Gift card box Hako - White,https://promo.lainasprinting.gr/en/gift-card-box-hako--white---PP43080.3,Gift card box Hako - White,"Gift card box Hako - White ... Select from available print options and get product price including your individual printing. And finish your order online. ... 1+ 2, ...","site:.gr ""printing"" ""gift card""",2,data\discovery\mass-harvest-v5\clean-v5.4\review.csv | data\discovery\mass-harvest-v5\clean-v5.5\review.csv,,REVIEW,greek_domain_brand_coherence_unclear
80,propercretanguide.gr,Κάρτα δώρου για Εκδρομές - Περιηγήσεις στα Χανιά Κρήτης,https://propercretanguide.gr/el/dorokarta-gia-ekdromi-diakopes-sta-chania/,Κάρτα δώρου για Εκδρομές - Περιηγήσεις στα Χανιά Κρήτης,... Crete. Ξεναγήσεις. Ιστορικές Ξεναγήσεις στα Χανιά. Μάχη της Κρήτης - Β ... Αγαπάτε κάποιον; Στείλτε του μια δωροκάρτα για εξαργύρωση στο ταξιδιωτικό μας γραφείο ...,"""Crete"" ""δωροκάρτα""",6,data\discovery\mass-harvest-v5\clean-v5.1\review.csv | data\discovery\mass-harvest-v5\clean-v5.2\manual-review.csv | data\discovery\mass-harvest-v5\clean-v5.3\global-review.csv | data\discovery\mass-harvest-v5\clean-v5.4\review.csv | data\discovery\mass-harvest-v5\clean-v5.5\review.csv | data\discovery\mega-harvest-v6\clean-v6\review.csv,,REVIEW,greek_domain_brand_coherence_unclear
100,prospectphysioandhealthplus.com,Com,https://prospectphysioandhealthplus.com/shop/gift-card,Gift Card,"The gift card recipient can either use this gift for a service at the clinic (**excludes podiatry, dietetics, and remedial massage therapy with Mary**) or enter ...","""Kos"" ""massage"" ""gift card""",1,data\discovery\focused-harvest-v7-run1-backup\clean-v7\review.csv,,REVIEW,non_greek_brand_coherence_unclear
85,proteasbars.gr,Ashburn Va Shop Fitness The Shop Gym Giftly Beautiful Gift Card ...,https://proteasbars.gr/?x=43722436071480,Ashburn Va Shop Fitness The Shop Gym Giftly Beautiful Gift Card ...,HOT ! Ashburn Va Shop Fitness The Shop Gym Giftly Beautiful Gift Card Alternative · Pick up at the store (Free shipping) · Delivery.,"""fitness"" ""gift card"" Greece",6,data\discovery\mass-harvest-v5\clean-v5.1\review.csv | data\discovery\mass-harvest-v5\clean-v5.2\manual-review.csv | data\discovery\mass-harvest-v5\clean-v5.3\global-review.csv | data\discovery\mass-harvest-v5\clean-v5.4\review.csv | data\discovery\mass-harvest-v5\clean-v5.5\review.csv | data\discovery\mega-harvest-v6\clean-v6\review.csv,,REVIEW,greek_domain_brand_coherence_unclear
80,psalidixarti.gr,Δωροκάρτα - Γιορτή,https://psalidixarti.gr/en/products/%CE%B4%CF%89%CF%81%CE%BF%CE%BA%CE%AC%CF%81%CF%84%CE%B1-%CE%B3%CE%B9%CE%BF%CF%81%CF%84%CE%AE?srsltid=AfmBOopNS69F1xT2_EwFIL1M7ZOf7Y__prSuV8ki1EOaMeerHwSE_NaR,Δωροκάρτα - Γιορτή,Δωροκάρτα - Γιορτή Δεν ξέρεις τι δώρο να ... δωροκάρτα: Διάλεξε τη δωροκάρτα που θέλεις να κάνε ... Technology · USB Stick - Memory Cards · Batteries ...,"site:.gr ""technology"" ""δωροκάρτα""",6,data\discovery\mass-harvest-v5\clean-v5.1\review.csv | data\discovery\mass-harvest-v5\clean-v5.2\manual-review.csv | data\discovery\mass-harvest-v5\clean-v5.3\global-review.csv | data\discovery\mass-harvest-v5\clean-v5.4\review.csv | data\discovery\mass-harvest-v5\clean-v5.5\review.csv | data\discovery\mega-harvest-v6\clean-v6\review.csv,,REVIEW,greek_domain_brand_coherence_unclear
85,psichogiosmeat.gr,Αγοράστε μία Δωροεπιταγή,https://www.psichogiosmeat.gr/b2b/index.php?route,Αγοράστε μία Δωροεπιταγή,ΨΥΧΟΓΥΙΟΣ DELICATESSEN FOOD SERVICES. Τηλεφωνικές Παραγγελίες 210 2829759 ... Αγοράστε μία Δωροεπιταγή. Αυτή η δωροεπιταγή θα αποσταλεί μέ e-mail στον παραλήπτη ...,"site:.gr ""food"" ""δωροεπιταγή""",2,data\discovery\focused-harvest-v7\clean-v7\review.csv | data\discovery\focused-harvest-v7-run1-backup\clean-v7\review.csv,,REVIEW,greek_domain_brand_coherence_unclear
100,pstrstudio.com,Art Gift Card,https://www.pstrstudio.com/products/art-gift-card?srsltid=AfmBOopVBzFvQ25TORvAy2L49FVTIWyhiqODbkIcNfaTp-17-Pg2-x70,Art Gift Card,"Art Gift Card ... Select your preferred gift card amount from the available options, or contact us if you need a custom amount. Once your purchase is complete, ...","""art"" ""gift card"" Greece",1,data\discovery\mega-harvest-v6\clean-v6\review.csv,,REVIEW,non_greek_brand_coherence_unclear
100,public.cy,Public,https://www.public.cy/page/help/e-gift-card,e-gift card | Public Cyprus,Όροι για Public e-Gift Card. Η ψηφιακή Δωροεπιταγή Public εκδίδεται από την εταιρεία με την επωνυμία «PRC PUBLIC RETAIL CYPRUS LTD» η οποία εδρεύει οδό Αρχ.,"""Cyprus"" retail ""gift card"" official",4,data\discovery\mass-harvest-v5\clean-v5.2\global-review.csv | data\discovery\mass-harvest-v5\clean-v5.3\global-review.csv | data\discovery\mass-harvest-v5\clean-v5.4\review.csv | data\discovery\mass-harvest-v5\clean-v5.5\review.csv,,SECOND_PASS_SAFE,non_greek_brand_coherent_direct_gift_card
100,punktid.com,Buy Zalando Norway 500 NOK Gift Card game Online | Punktid,https://punktid.com/zalando-norway-500-nok-gift-card?srsltid=AfmBOor-L_9wvp-ekSwAVbmroJvzEhsPtTlaKywt7PWHA9UcB_MiphE7,Buy Zalando Norway 500 NOK Gift Card game Online | Punktid,Buy Online: Zalando Norway 500 NOK Gift Card. 45.99 €. Add to cart. In stock. The code will be sent to your ...,"""Norway"" fashion ""gift card"" official",4,data\discovery\mass-harvest-v5\clean-v5.2\global-review.csv | data\discovery\mass-harvest-v5\clean-v5.3\global-review.csv | data\discovery\mass-harvest-v5\clean-v5.4\review.csv | data\discovery\mass-harvest-v5\clean-v5.5\review.csv,,SECOND_PASS_SAFE,non_greek_brand_coherent_direct_gift_card
80,pureandcure.com,Minos Palace Resort Crete | FREE €50 Spa Gift Voucher,https://pureandcure.com/hotel/485/minos-palace-resort,Minos Palace Resort Crete | FREE €50 Spa Gift Voucher,Adults-only resort on Crete with a private Blue Flag beach and the NAO Longevity Hub. Lowest prices. Bonus on booking: free €50 spa gift voucher per person.,"""Crete"" ""spa"" ""gift voucher""",3,data\discovery\focused-harvest-v7\clean-v7\review.csv | data\discovery\focused-harvest-v7-run1-backup\clean-v7\review.csv | data\discovery\mega-harvest-v6\clean-v6\review.csv,,REVIEW,non_greek_brand_coherence_unclear
100,purebubs.gr,Gift Card | Perfect Gift for Any Occasion,https://purebubs.gr/products/gift-card?srsltid=AfmBOorFB0X4QjbHxpeDQqkzX-AneZJZ4bQzKw9NH0yWNNAhsXapMnb-,Gift Card | Perfect Gift for Any Occasion,"Beautifully simple and always appreciated, the Gift Card transforms gifting into an experience of discovery, relaxation, and self-love. It's more than just a ...","site:.gr ""experience"" ""gift card""",3,data\discovery\mass-harvest-v5\clean-v5.4\review.csv | data\discovery\mass-harvest-v5\clean-v5.5\review.csv | data\discovery\mega-harvest-v6\clean-v6\review.csv,,REVIEW,greek_domain_brand_coherence_unclear
80,pureraw.de,PureRaw Gift Voucher,https://www.pureraw.de/en/products/pureraw-geschekgutschein?srsltid=AfmBOoqFfS4C6FLBvWbuhudmvwo12LQZnbmTNjh5symWh2nEdKNfriIz,PureRaw Gift Voucher,"... Dental care · Collage-like · Plant-based collagen peptide · Shaker · Non-food · Shaker ... PureRaw Gift Voucher. Regular price €5,00 EUR. Sale price €5,00 EUR ...","""dental"" ""gift voucher"" Greece",1,data\discovery\mega-harvest-v6\clean-v6\review.csv,,SECOND_PASS_SAFE,non_greek_brand_coherent_direct_gift_card
100,purityvision.com,Gift Vouchers for Natural Cosmetics,https://www.purityvision.com/collections/gift-vouchers-for-natural-cosmetics,Gift Vouchers for Natural Cosmetics,Collection: Gift Vouchers for Natural Cosmetics. Give the gift of joy and freedom of choice with a gift voucher for purchasing PURITY VISION® natural cosmetics.,"""cosmetics"" ""gift voucher"" Greece",5,data\discovery\mass-harvest-v5\clean-v5.2\global-review.csv | data\discovery\mass-harvest-v5\clean-v5.3\global-review.csv | data\discovery\mass-harvest-v5\clean-v5.4\review.csv | data\discovery\mass-harvest-v5\clean-v5.5\review.csv | data\discovery\mega-harvest-v6\clean-v6\review.csv,,REVIEW,non_greek_brand_coherence_unclear
85,puzzlehome.gr,Αγοράστε μία Δωροεπιταγή - Puzzlehome - Έπιπλα,https://www.puzzlehome.gr/index.php?route,Αγοράστε μία Δωροεπιταγή - Puzzlehome - Έπιπλα,Αγοράστε μία Δωροεπιταγή. Αυτή η δωροεπιταγή θα αποσταλεί μέ e-mail στον παραλήπτη αφού ολοκληρωθεί ή πληρωμή σας. Όνομα παραλήπτη. E-mail παραλήπτη. Το όνομα ...,"site:.gr ""home"" ""δωροεπιταγή""",1,data\discovery\focused-harvest-v7\clean-v7\review.csv,,SECOND_PASS_SAFE,greek_brand_coherent_direct_gift_card
100,queen.gr,ΚΕΡΔΙΣΕ gift card 300€ από το answear.gr και fashion tips ...,https://www.queen.gr/diagwnismoi/story/269293/kerdise-gift-card-300-apo-to-answear-gr-kai-fashion-tips-gia-na-dimiourgiseis-to-diko-sou-styl,ΚΕΡΔΙΣΕ gift card 300€ από το answear.gr και fashion tips ...,ΚΕΡΔΙΣΕ gift card 300€ από το answear.gr και fashion tips για να δημιουργήσεις το δικό σου στυλ!,"""fashion"" ""gift card"" Greece",3,data\discovery\mass-harvest-v5\clean-v5.4\review.csv | data\discovery\mass-harvest-v5\clean-v5.5\review.csv | data\discovery\mega-harvest-v6\clean-v6\review.csv,,REVIEW,greek_domain_brand_coherence_unclear
100,quora.com,How to buy a gift card for someone in Greece,https://www.quora.com/How-do-I-buy-a-gift-card-for-someone-in-Greece,How to buy a gift card for someone in Greece,How do I buy a gift card for someone in Greece?,"""Thessaloniki"" ""restaurant"" ""gift voucher""",5,data\discovery\focused-harvest-v7\clean-v7\review.csv | data\discovery\mass-harvest-v5\clean-v5.3\greece-market-review.csv | data\discovery\mass-harvest-v5\clean-v5.4\review.csv | data\discovery\mass-harvest-v5\clean-v5.5\review.csv | data\discovery\mega-harvest-v6\clean-v6\review.csv,,REVIEW,non_greek_brand_coherence_unclear
100,radissonhotels.com,Gift card terms and conditions,https://www.radissonhotels.com/en-us/gift-card/terms-and-conditions,Gift card terms and conditions,"... Poland, Portugal, Saudi Arabia, Serbia, Slovakia, Slovenia, Spain, Sweden ... Upon purchase of the Gift Card at a hotel, no handling or delivery charges apply.","""Poland"" hotel ""gift card"" official",4,data\discovery\mass-harvest-v5\clean-v5.2\global-review.csv | data\discovery\mass-harvest-v5\clean-v5.3\global-review.csv | data\discovery\mass-harvest-v5\clean-v5.4\review.csv | data\discovery\mass-harvest-v5\clean-v5.5\review.csv,,REVIEW,non_greek_brand_coherence_unclear
85,radne.com,Gift Cards - Radne,https://www.radne.com/collections/klader-vaskor-presentkort?srsltid=AfmBOoqHmA_Lm32WQxBhOosHXbShFB_Ru6ZEFNmwUaVsAUM6D16VxNSd,Gift Cards - Radne,Aspen Gasoline. Rally & Racing. Car accessories. Aspen Gasoline · Harness ... Gift card Rotax Fan Shop Slickshift · SIM Racing · Moza Racing Sparco Gaming.,"""car accessories"" ""gift card"" Greece",6,data\discovery\mass-harvest-v5\clean-v5.1\review.csv | data\discovery\mass-harvest-v5\clean-v5.2\manual-review.csv | data\discovery\mass-harvest-v5\clean-v5.3\global-review.csv | data\discovery\mass-harvest-v5\clean-v5.4\review.csv | data\discovery\mass-harvest-v5\clean-v5.5\review.csv | data\discovery\mega-harvest-v6\clean-v6\review.csv,,SECOND_PASS_SAFE,non_greek_brand_coherent_direct_gift_card
100,railnewzealand.com,Gift voucher,https://railnewzealand.com/gift-voucher,Gift voucher,Ferry · Interislander Ferry · BlueBridge Ferry · Stewart Island Ferry · Travel Packages · Day Tours and Attractions · Accommodation · Contact Us. Gift voucher.,"""ferry"" ""gift voucher"" Greece",5,data\discovery\mass-harvest-v5\clean-v5.2\global-review.csv | data\discovery\mass-harvest-v5\clean-v5.3\global-review.csv | data\discovery\mass-harvest-v5\clean-v5.4\review.csv | data\discovery\mass-harvest-v5\clean-v5.5\review.csv | data\discovery\mega-harvest-v6\clean-v6\review.csv,,REVIEW,non_greek_brand_coherence_unclear
100,ramakkos.com,Ramakko's Source For Adventure,https://www.ramakkos.com/gift-card.html,Gift Card - Ramakko's Source For Adventure,Kids · Inflatable · PFD Suits · Dog · Paddles · Canoes · Paddle Accessories · Kayak · SUP ... Gift Card. C$50.00 Excl. tax. Add to cart. Gift Card. Gift Card. C ...,"""Kos"" ""kids"" ""gift card""",1,data\discovery\focused-harvest-v7-run1-backup\clean-v7\review.csv,,SECOND_PASS_SAFE,non_greek_brand_coherent_direct_gift_card
100,rarebeauty.com,Rare Beauty E,https://www.rarebeauty.com/products/gift-card?srsltid=AfmBOorEB-SAEFjfpVlduusCXfw9x5Jsh9xzI47PehNwsvm3ujdkD3ki,Rare Beauty E-Gift Cards,Daugthers first gift card. Review by Diazjess89 on 3 Sep 2021 review stating Daugthers first gift card ... Austria; Bahamas; Bangladesh; Barbados; Belgium ...,"""Austria"" beauty ""gift card"" official",4,data\discovery\mass-harvest-v5\clean-v5.2\global-review.csv | data\discovery\mass-harvest-v5\clean-v5.3\global-review.csv | data\discovery\mass-harvest-v5\clean-v5.4\review.csv | data\discovery\mass-harvest-v5\clean-v5.5\review.csv,,SECOND_PASS_SAFE,non_greek_brand_coherent_direct_gift_card
100,ratherbeinfinland.com,A Piece of Finland,https://ratherbeinfinland.com/products/a-piece-of-finland-gift-card?srsltid=AfmBOorGt0uAxlnN7Zk_LVypAAvxo0OcC52fFupYQWGaPwjjgja0lBME,A Piece of Finland – Gift Card,"Give the gift of Finnish tranquility and adventure with our 'A Piece of Finland' Gift Card. Perfect for anyone who dreams of cozy cottages, serene lakes, and ...","""Finland"" beauty ""gift card"" official",4,data\discovery\mass-harvest-v5\clean-v5.2\global-review.csv | data\discovery\mass-harvest-v5\clean-v5.3\global-review.csv | data\discovery\mass-harvest-v5\clean-v5.4\review.csv | data\discovery\mass-harvest-v5\clean-v5.5\review.csv,,REVIEW,non_greek_brand_coherence_unclear
80,reaverfit.com,My REAVERFIT Gift Card - Women's Sportswear,https://reaverfit.com/en/products/carte-cadeau-tenue-sport-reaverfit?srsltid=AfmBOoqrgfbnPfUdBHTaCRExmCCthM9_L3cJ5uKhkuZ141waAS0YVVDs,My REAVERFIT Gift Card - Women's Sportswear,"Whether it's for yoga, fitness, bodybuilding or simply to feel comfortable and trendy on a daily basis, the gift card is a unique gift suitable for all sports ...","""sportswear"" ""gift voucher"" Greece",1,data\discovery\mega-harvest-v6\clean-v6\review.csv,,SECOND_PASS_SAFE,non_greek_brand_coherent_direct_gift_card
80,reboots.com,Digital gift voucher,https://reboots.com/en/products/digitaler-geschenkgutschein,Digital gift voucher,The digital gift voucher from Reboots is the ideal gift for ambitious athletes and fitness enthusiasts ... Hobby Athlet. What sports do you do? Triathlon.,"""hobby"" ""gift voucher"" Greece",6,data\discovery\mass-harvest-v5\clean-v5.1\review.csv | data\discovery\mass-harvest-v5\clean-v5.2\manual-review.csv | data\discovery\mass-harvest-v5\clean-v5.3\global-review.csv | data\discovery\mass-harvest-v5\clean-v5.4\review.csv | data\discovery\mass-harvest-v5\clean-v5.5\review.csv | data\discovery\mega-harvest-v6\clean-v6\review.csv,,REVIEW,non_greek_brand_coherence_unclear
100,recruitingforgood.com,How to Earn $5000 Luxury Gift Card to Stay at The ...,https://recruitingforgood.com/how-to-earn-5000-luxury-gift-card-to-stay-at-the-sweetest-hotel-in-santorini/,How to Earn $5000 Luxury Gift Card to Stay at The ...,Want to earn $5000 Luxury Gift Card to Stay at The Sweetest Hotel (This month she reviewed Grace Hotel in Santorini) visit TheSweetestHotels.,"""Santorini"" ""hotel"" ""gift card""",1,data\discovery\focused-harvest-v7-run1-backup\clean-v7\review.csv,,REVIEW,non_greek_brand_coherence_unclear
100,regbarber.com,Reg Barber's Miraculous Gift Card,https://regbarber.com/products/reg-barbers-miraculous-gift-card?srsltid=AfmBOopOyJG5HW5xKmFl-jPo0qfchFb33qHq5bc0SYNtcf-3iMnN-C9P,Reg Barber's Miraculous Gift Card,Reg Barber gift card. Let the barista or coffee enthusiast in your life choose their own tamper. $75 covers most handles or a stainless base.,"""barber"" ""gift card"" Greece",1,data\discovery\mega-harvest-v6\clean-v6\review.csv,,SECOND_PASS_SAFE,non_greek_brand_coherent_direct_gift_card
85,reppas-kon.gr,Αγοράστε μία Δωροεπιταγή,https://www.reppas-kon.gr/index.php?route,Αγοράστε μία Δωροεπιταγή,Decor Ζαχαροπλαστικής; Είδη Σφολιάτας & Μπισκότου; Εργαλεία Ζαχαροπλαστικής ... Αυτή η δωροεπιταγή θα αποσταλεί μέ e-mail στον παραλήπτη αφού ολοκληρωθεί ή ...,"site:.gr ""decor"" ""δωροεπιταγή""",1,data\discovery\focused-harvest-v7\clean-v7\review.csv,,REVIEW,greek_domain_brand_coherence_unclear
100,researchandmarkets.com,Greece Gift Card and Incentive Card Market Intelligence ...,https://www.researchandmarkets.com/reports/4751524/greece-gift-card-and-incentive-card-market?srsltid=AfmBOopxzhwHarVgotRZ8DTN0w-enQexi3ots2GYQndmRAdOBW3nr0CZ,Greece Gift Card and Incentive Card Market Intelligence ...,"Figure 36: Greece Supermarket, Hypermarket, Convenience Store - Total Gift ... Greece Gift Card Business and Investment Opportunities Databook - 90+ KPIs on Gift ...","""supermarket"" ""gift card"" Greece",2,data\discovery\mass-harvest-v5\clean-v5.4\review.csv | data\discovery\mass-harvest-v5\clean-v5.5\review.csv,,REJECT,non_merchant_signal
100,researchgate.net,Gift Cards and Mental Accounting: Green-lighting Hedonic ...,https://www.researchgate.net/publication/260411669_Gift_Cards_and_Mental_Accounting_Green-lighting_Hedonic_Spending,Gift Cards and Mental Accounting: Green-lighting Hedonic ...,Gift Cards and Mental Accounting: Green-lighting Hedonic Spending ... Gift card recipients' perceptions of gift card givers' effort in selecting ...,"""lighting"" ""gift card"" Greece",1,data\discovery\mega-harvest-v6\clean-v6\review.csv,,REVIEW,non_greek_brand_coherence_unclear
65,retreatyourself.com,Digital Gift Voucher - Get a Gift Card,https://retreatyourself.com/products/retreat-yourself-gift-voucher?srsltid=AfmBOopLAwMP4l5lpqEIq4h8qlj15dM0xYl9UBpOp7WdsyfNnvK8CBmG,Digital Gift Voucher - Get a Gift Card,"We can't give away all of the details, but we can tell you that it's filled with $215 worth of full-sized AUS & NZ wellness and self-care products, this ...","""Greece"" ""haircare"" ""gift voucher""",1,data\discovery\mega-harvest-v6\clean-v6\review.csv,,REVIEW,non_greek_brand_coherence_unclear
100,revell.com,Gift voucher,https://revell.com/en-eu/products/gift-voucher?srsltid=AfmBOoqM8FrhYxtqO_gbQN6U5LwXati1SU7lyZh6QLiiGsVibF4RIZ8V,Gift voucher,"Gift voucher. Art. Nr. 299999999G10. €10,00 €10,00 -10% Club. Offer price ... A cutting mat set and good lighting significantly improve the quality of work.","""lighting"" ""gift voucher"" Greece",1,data\discovery\mega-harvest-v6\clean-v6\review.csv,,REVIEW,non_greek_brand_coherence_unclear
100,reyllen.com,Reyllen Gift Card | CrossFit & Fitness Gift Voucher,https://reyllen.com/products/gift-card?srsltid=AfmBOopbvFJLNqlCx-Puetpc8Wqh4m5yI7oKRzovLCKZ1fMJeRgg7d_4,Reyllen Gift Card | CrossFit & Fitness Gift Voucher,Shopping for someone else but not sure what to give them? Give them the gift of choice with a Reyllen Fitness gift card. Gift cards are delivered by email ...,"""fitness"" ""gift voucher"" Greece",5,data\discovery\mass-harvest-v5\clean-v5.2\global-review.csv | data\discovery\mass-harvest-v5\clean-v5.3\global-review.csv | data\discovery\mass-harvest-v5\clean-v5.4\review.csv | data\discovery\mass-harvest-v5\clean-v5.5\review.csv | data\discovery\mega-harvest-v6\clean-v6\review.csv,,SECOND_PASS_SAFE,non_greek_brand_coherent_direct_gift_card
100,rhodesboutique.com,Rhodes Charleston Gift Cards,https://rhodesboutique.com/products/rhodes-gift-cards?srsltid=AfmBOoqwK0qg2XXMVwkl6trBAWTDI3lWSIWnecxUQtMrQHzQEJU0c6fl,Rhodes Charleston Gift Cards,"Treat someone special to the gift of their choice with a gift card to Rhodes Boutique and Rhodes Home & Gift. From luxury fashion to home decor, a gift card ...","""Rhodes"" ""fashion"" ""gift card""",5,data\discovery\focused-harvest-v7\clean-v7\review.csv | data\discovery\focused-harvest-v7-run1-backup\clean-v7\review.csv | data\discovery\mass-harvest-v5\clean-v5.3\greece-market-review.csv | data\discovery\mass-harvest-v5\clean-v5.4\review.csv | data\discovery\mass-harvest-v5\clean-v5.5\review.csv,,REVIEW,non_greek_brand_coherence_unclear
100,rhodesrentalcar.com,My Way Rent a Car Rhodes Island,https://www.rhodesrentalcar.com/gift-card/?srsltid=AfmBOopM91K378BNIDhKjh0aQCVmnoZFO_fjtwIL3L6jH-N5Jo6siYGo,Gift Card - My Way Rent a Car Rhodes Island,RESTAURANT BAR LIVE STAGE SHOP MY WAY Gift Card PRIVILEGED CARD FOR REAL ... My Way Rent a Car Rhodes Island – Rhodes Car Rental Services · Home · Cars ...,"""Rhodes"" ""restaurant"" ""gift card""",3,data\discovery\focused-harvest-v7\clean-v7\review.csv | data\discovery\focused-harvest-v7-run1-backup\clean-v7\review.csv | data\discovery\mega-harvest-v6\clean-v6\review.csv,,REVIEW,non_greek_brand_coherence_unclear
100,rhodeswaterside.com.au,Au,https://www.rhodeswaterside.com.au/visit/centre-info-and-services/gift-cards,Gift Cards,Experience. Visit. Discover Discover Minis. Closed. A Rhodes Waterside Gift Card is the perfect option for that person who seems to have everything! Rhodes ...,"""Rhodes"" ""experience"" ""gift card""",5,data\discovery\focused-harvest-v7\clean-v7\review.csv | data\discovery\focused-harvest-v7-run1-backup\clean-v7\review.csv | data\discovery\mass-harvest-v5\clean-v5.3\greece-market-review.csv | data\discovery\mass-harvest-v5\clean-v5.4\review.csv | data\discovery\mass-harvest-v5\clean-v5.5\review.csv,,REVIEW,non_greek_brand_coherence_unclear
100,rhodeswood.co.uk,Rhodes-Wood E Gift Card,https://rhodeswood.co.uk/products/rhodes-wood-e-gift-card?srsltid=AfmBOop3cgjk-B6oOItpAHZRPeIoHO7yw-c9THIiCR2BGJOy8hdKDhlI,Rhodes-Wood E Gift Card,Rhodes-Wood E Gift Card. Show your appreciation with our e-gift cards! Our e-gift cards are the perfect way to surprise your loved ones.,"""Rhodes"" ""gift card""",3,data\discovery\mass-harvest-v5\clean-v5.3\greece-market-review.csv | data\discovery\mass-harvest-v5\clean-v5.4\review.csv | data\discovery\mass-harvest-v5\clean-v5.5\review.csv,,REVIEW,non_greek_brand_coherence_unclear
100,ribbonrouge.ie,Ribbon Rouge Online Gift Card | The Best Fashion Gift,https://ribbonrouge.ie/products/gift-card?srsltid=AfmBOoqQKwKP87WzEMOe0w0c74RiQpK_m3Q8MxmCSUjOh0VsUHS2CN6m,Ribbon Rouge Online Gift Card | The Best Fashion Gift,Give the gift of choice with a Ribbon Rouge online gift card. Delivered instantly by email and redeemable at RibbonRouge ... IRELAND & N.IRELAND: Orders over €100 ...,"""Ireland"" fashion ""gift card"" official",4,data\discovery\mass-harvest-v5\clean-v5.2\global-review.csv | data\discovery\mass-harvest-v5\clean-v5.3\global-review.csv | data\discovery\mass-harvest-v5\clean-v5.4\review.csv | data\discovery\mass-harvest-v5\clean-v5.5\review.csv,,SECOND_PASS_SAFE,non_greek_brand_coherent_direct_gift_card
100,ribigifts.com,"Beauty Choice Gift Card — Paris, France",https://www.ribigifts.com/all/choice-gift-card/beauty/city/paris,"Beauty Choice Gift Card — Paris, France","Send a Beauty Choice Gift Card to anyone in Paris, France. They pick one product from a curated selection — and we deliver it straight to their door. Buy Gift ...","""France"" beauty ""gift card"" official",4,data\discovery\mass-harvest-v5\clean-v5.2\global-review.csv | data\discovery\mass-harvest-v5\clean-v5.3\global-review.csv | data\discovery\mass-harvest-v5\clean-v5.4\review.csv | data\discovery\mass-harvest-v5\clean-v5.5\review.csv,,REVIEW,non_greek_brand_coherence_unclear
100,ricki.app,Top 10 Most Popular Gift Card Types in Germany 2026 - Ricki,https://www.ricki.app/blog/popular-gift-card-types-in-germany,Top 10 Most Popular Gift Card Types in Germany 2026 - Ricki,Top 10 Most Popular Gift Card Types in Germany 2026 · 1. Amazon Gift Cards · 2. Google Play Gift Cards · 3. Apple App Store & iTunes Gift Cards · 4. Steam Gift ...,"""Germany"" retail ""gift card"" official",2,data\discovery\mass-harvest-v5\clean-v5.4\review.csv | data\discovery\mass-harvest-v5\clean-v5.5\review.csv,,REJECT,third_party_steam_gift_card
100,rmleathersupply.com,Electronic Gift Card - Rocky Mountain Leather Supply,https://www.rmleathersupply.com/products/gift-card?srsltid=AfmBOop0OwLjiXkLggUSLqd0ZZMIDdNSYmMXTNbuTlYTOrHCEPD5QN6Y,Electronic Gift Card - Rocky Mountain Leather Supply,Choose Amount: $10.00 ... Shopping for someone else but not sure what to give them? Give them the gift of choice with a Rocky Mountain Leather Supply gift card.,"""leather"" ""gift card"" Greece",4,data\discovery\mass-harvest-v5\clean-v5.2\global-review.csv | data\discovery\mass-harvest-v5\clean-v5.3\global-review.csv | data\discovery\mass-harvest-v5\clean-v5.4\review.csv | data\discovery\mass-harvest-v5\clean-v5.5\review.csv,,REVIEW,non_greek_brand_coherence_unclear
100,robo.com.cy,ROBO Gift Voucher €100 - Electronics Gift Card Cyprus,https://robo.com.cy/products/robo-gift-voucher-100?srsltid=AfmBOopInlynQ7C8YGSYn1wYHtOo6Aynzdv13C_8QHXvdJ2R3Ndu_RhI,ROBO Gift Voucher €100 - Electronics Gift Card Cyprus,"Buy €100 ROBO gift voucher in Cyprus. Perfect gift for electronics enthusiasts, makers, and students. Redeemable on all products. Digital delivery.","""electronics"" ""gift voucher"" Greece",5,data\discovery\mass-harvest-v5\clean-v5.2\global-review.csv | data\discovery\mass-harvest-v5\clean-v5.3\global-review.csv | data\discovery\mass-harvest-v5\clean-v5.4\review.csv | data\discovery\mass-harvest-v5\clean-v5.5\review.csv | data\discovery\mega-harvest-v6\clean-v6\review.csv,,REVIEW,non_greek_brand_coherence_unclear
100,rockettstgeorge.co.uk,Rockettstgeorge,https://www.rockettstgeorge.co.uk/products/gift-voucher,E-Gift Voucher - £10.00,... Lighting · NEW Gifts · Collections · Back In Stock · Bestsellers · Festival · Animal ... Gift Voucher. E-Gift Voucher. Description. We will email a ...,"""lighting"" ""gift voucher"" Greece",1,data\discovery\mega-harvest-v6\clean-v6\review.csv,,REVIEW,non_greek_brand_coherence_unclear
100,rockshop.co.nz,Gift Voucher Rockshop,https://www.rockshop.co.nz/gift-voucher?srsltid=AfmBOoqy8XDTx4mlBQnolOaX-R_DcH6LH0s7aAMbo0Zfj-u-BxG56-y-,Gift Voucher Rockshop,You can check your balance of your Gift Card here. ROCKSHOP & KBB MUSIC ELECTRONIC GIFT VOUCHER · ROCKSHOP & KBB MUSIC GIFT CARD VOUCHER - PHYSICAL GIFT CARD.,"""music"" ""gift voucher"" Greece",4,data\discovery\mass-harvest-v5\clean-v5.2\global-review.csv | data\discovery\mass-harvest-v5\clean-v5.3\global-review.csv | data\discovery\mass-harvest-v5\clean-v5.4\review.csv | data\discovery\mass-harvest-v5\clean-v5.5\review.csv,,REVIEW,non_greek_brand_coherence_unclear
100,rocksugarbaby.gr,Gift Cards Αρχεία,https://www.rocksugarbaby.gr/product-category/dorakia/gift-cards/?srsltid=AfmBOopBZ8BToeQVLR0RcVoGU84GCCruRlWXROtASSZ2sb6tkfB31BOU,Gift Cards Αρχεία,"ROCK SUGAR BABY · Gift Card 100€. In stock. Άμεσα διαθέσιμο. 100,00 €. Add to wishlist · Προσθήκη στο καλάθι · ROCK SUGAR BABY · Gift Card 75€. In stock. Άμεσα ...","""baby"" ""gift card"" Greece",3,data\discovery\mass-harvest-v5\clean-v5.4\review.csv | data\discovery\mass-harvest-v5\clean-v5.5\review.csv | data\discovery\mega-harvest-v6\clean-v6\review.csv,,REVIEW,greek_domain_brand_coherence_unclear
100,rocsgrp.com,Gift Voucher | ROCS Group,https://www.rocsgrp.com/gift-voucher,Gift Voucher | ROCS Group,ABOUT MALTA · OPPORTUNITIES · CONTACT US · JOBS · WHO WE ARE · ROCS SERVICES ... Gift Voucher · Official Press Release · Press Archive. Work with Us​. ​. Careers.,"""Malta"" travel ""gift voucher"" official",4,data\discovery\mass-harvest-v5\clean-v5.2\global-review.csv | data\discovery\mass-harvest-v5\clean-v5.3\global-review.csv | data\discovery\mass-harvest-v5\clean-v5.4\review.csv | data\discovery\mass-harvest-v5\clean-v5.5\review.csv,,REVIEW,non_greek_brand_coherence_unclear
100,rodirestaurants.co.uk,Gift Vouchers | Rodi Greek Restaurant Welwyn,https://rodirestaurants.co.uk/gift-vouchers,Gift Vouchers | Rodi Greek Restaurant Welwyn,"... gift voucher is a thoughtful and memorable gift for anyone who loves great food. To request a voucher, fill out the form below with your details and we'll ...","""food"" ""gift voucher"" Greece",4,data\discovery\mass-harvest-v5\clean-v5.3\greece-market-review.csv | data\discovery\mass-harvest-v5\clean-v5.4\review.csv | data\discovery\mass-harvest-v5\clean-v5.5\review.csv | data\discovery\mega-harvest-v6\clean-v6\review.csv,,REVIEW,non_greek_brand_coherence_unclear
100,rolepilot.shop,Mid-Level Gift Card Programmes & Mystery Shopping Pet ...,https://rolepilot.shop/mid-gift-card-programmes-mystery-shopping-pet-shop-owner-for-home-improvement-jobs-in-asnieres-sur-seine-at-ashton-wenley-search,Mid-Level Gift Card Programmes & Mystery Shopping Pet ...,Tools & technology you'll use. Franchise SupportGift Card ... Chalandri MunicipalityJobs in OccitaniaJobs in Ash Sharqiyah North ...,"""Chalandri"" ""technology"" ""gift card""",1,data\discovery\mega-harvest-v6\clean-v6\review.csv,,REVIEW,non_greek_brand_coherence_unclear
60,romania-insider.com,Feeling lucky? Biggest mall in Romania offers RON ...,https://www.romania-insider.com/afi-cotroceni-mall-gift-card,Feeling lucky? Biggest mall in Romania offers RON ...,"Feeling lucky? Biggest mall in Romania offers RON 100,000 gift card for shopping.","""Romania"" retail ""gift card"" official",5,data\discovery\mass-harvest-v5\clean-v5.1\review.csv | data\discovery\mass-harvest-v5\clean-v5.2\manual-review.csv | data\discovery\mass-harvest-v5\clean-v5.3\global-review.csv | data\discovery\mass-harvest-v5\clean-v5.4\review.csv | data\discovery\mass-harvest-v5\clean-v5.5\review.csv,,REVIEW,non_greek_brand_coherence_unclear
80,roomcard.com,for Grand Hyatt Athens,https://roomcard.com/hotel/grand-hyatt-athens/30458802,Gift Card for Grand Hyatt Athens,"Give a personalised hotel gift card for Grand Hyatt Athens with Roomcard, the digital hotel gift card that can be used to book hotels all around the world.","""Athens"" ""hotel"" ""gift card""",8,data\discovery\focused-harvest-v7\clean-v7\review.csv | data\discovery\focused-harvest-v7-run1-backup\clean-v7\review.csv | data\discovery\mass-harvest-v5\clean-v5.1\review.csv | data\discovery\mass-harvest-v5\clean-v5.2\manual-review.csv | data\discovery\mass-harvest-v5\clean-v5.3\global-review.csv | data\discovery\mass-harvest-v5\clean-v5.4\review.csv | data\discovery\mass-harvest-v5\clean-v5.5\review.csv | data\discovery\mega-harvest-v6\clean-v6\review.csv,,REVIEW,non_greek_brand_coherence_unclear
80,rootshair.gr,Gift card | My Site - Roots Hair Salon,https://www.rootshair.gr/product-page/mini-usb-c-curl-tong,Gift card | My Site - Roots Hair Salon,Με την Gift Card από το Roots Hair Salon μπορούν να επιλέξουν την υπηρεσία που τους ταιριάζει και να απολαύσουν μια premium εμπειρία ανανέωσης. Το ιδανικό ...,"site:.gr ""hair salon"" ""gift card""",6,data\discovery\mass-harvest-v5\clean-v5.1\review.csv | data\discovery\mass-harvest-v5\clean-v5.2\manual-review.csv | data\discovery\mass-harvest-v5\clean-v5.3\global-review.csv | data\discovery\mass-harvest-v5\clean-v5.4\review.csv | data\discovery\mass-harvest-v5\clean-v5.5\review.csv | data\discovery\mega-harvest-v6\clean-v6\review.csv,,SECOND_PASS_SAFE,greek_brand_coherent_direct_gift_card
100,roroshotellene.no,Gift Cards | Experiences at Røroshotellene,https://www.roroshotellene.no/en/buy-gift-cards,Gift Cards | Experiences at Røroshotellene,Gift card with Historic Hotels & Restaurants in Norway. The perfect gift card for those seeking unique experiences! Book now. Røroshotellene contact info and ...,"""Norway"" hotel ""gift card"" official",4,data\discovery\mass-harvest-v5\clean-v5.2\global-review.csv | data\discovery\mass-harvest-v5\clean-v5.3\global-review.csv | data\discovery\mass-harvest-v5\clean-v5.4\review.csv | data\discovery\mass-harvest-v5\clean-v5.5\review.csv,,REVIEW,non_greek_brand_coherence_unclear
80,roumeliotis-sm.gr,Μην το χάσετε! Κερδίστε δωροεπιταγή 6 € με αγορές άνω ...,https://roumeliotis-sm.gr/el/2025/03/22/doroepitagi-6euro-mhn-to-xasete/,Μην το χάσετε! Κερδίστε δωροεπιταγή 6 € με αγορές άνω ...,"Με κάθε 50€ αγορών σε μία απόδειξη, αγορές στα καταστήματα Toys & More και Super Market Ρουμελιώτης Γαστούνης, ο πελάτης λαμβάνει δωροεπιταγή ...","site:.gr ""toys"" ""δωροεπιταγή""",2,data\discovery\focused-harvest-v7\clean-v7\review.csv | data\discovery\focused-harvest-v7-run1-backup\clean-v7\review.csv,,REVIEW,greek_domain_brand_coherence_unclear
80,rowit.gr,1 δωροεπιταγή αξίας 30€ Fitness Nutrition – Στάμκος Βαγγέλης ...,https://rowit.gr/tag/1-%CE%B4%CF%89%CF%81%CE%BF%CE%B5%CF%80%CE%B9%CF%84%CE%B1%CE%B3%CE%AE-%CE%B1%CE%BE%CE%AF%CE%B1%CF%82-30e-fitness-nutrition-%CF%83%CF%84%CE%AC%CE%BC%CE%BA%CE%BF%CF%82-%CE%B2%CE%B1%CE%B3%CE%B3/,1 δωροεπιταγή αξίας 30€ Fitness Nutrition – Στάμκος Βαγγέλης ...,1 δωροεπιταγή αξίας 30€ Fitness Nutrition – Στάμκος Βαγγέλης. Rowit Τελευταία Νέα 1 δωροεπιταγή αξίας 30€ Fitness Nutrition – Στάμκος Βαγγέλης. Όμιλοι · Οι ...,"site:.gr ""fitness"" ""δωροεπιταγή""",2,data\discovery\focused-harvest-v7\clean-v7\review.csv | data\discovery\focused-harvest-v7-run1-backup\clean-v7\review.csv,,REVIEW,greek_domain_brand_coherence_unclear
100,roxynailsparis.com,Roxy Nails Paris gift card,https://roxynailsparis.com/en/products/gift-card,Roxy Nails Paris gift card,"Roxy Nails Paris gift card ; Montant. €20.00 €30.00 €50.00 €100.00 €200.00 ; What's included. Your press-on nail kit contains: - a full range of nail sizes, from ...","""Greece"" ""nails"" ""gift card""",1,data\discovery\mega-harvest-v6\clean-v6\review.csv,,SECOND_PASS_SAFE,non_greek_brand_coherent_direct_gift_card
100,royalcaribbean.com,Royal Caribbean Gift Card,https://www.royalcaribbean.com/programs/gift-cards,Royal Caribbean Gift Card,ROYAL CARIBBEAN GIFT CARD. BUY NOW. Royal Birthday Bash Banner birthday ... Largest cruise ships · Family vacations · Cruise ports near me · Royal weddings ...,"""cruise"" ""gift card"" Greece",1,data\discovery\mega-harvest-v6\clean-v6\review.csv,,SECOND_PASS_SAFE,non_greek_brand_coherent_direct_gift_card
100,royalgrandhotel.gr,Why a Get a Room! Gift Card is the Only Present to Give This Year,https://royalgrandhotel.gr/why-a-get-a-room-gift-card-is-the-only-present-to-give-this-year/,Why a Get a Room! Gift Card is the Only Present to Give This Year,Gift Card is the Only Present to Give This Year. Amidst the cerulean ... Copyright © ROYAL GRAND HOTEL . All Rights Reserved. Designed by Techmaximal ...,"site:.gr ""hotel"" ""gift card""",5,data\discovery\focused-harvest-v7\clean-v7\review.csv | data\discovery\focused-harvest-v7-run1-backup\clean-v7\review.csv | data\discovery\mass-harvest-v5\clean-v5.4\review.csv | data\discovery\mass-harvest-v5\clean-v5.5\review.csv | data\discovery\mega-harvest-v6\clean-v6\review.csv,,REVIEW,greek_domain_brand_coherence_unclear
100,rumpf.net,"Gift voucher 15,00 Euro",https://rumpf.net/en/gift-voucher-15-00-euro-G-15,"Gift voucher 15,00 Euro","Dance Sports Clothing, Shoes & Accessories order here ✓ Coupon □ Super TIP ... Gift voucher 15,00 Euro. Product number: G-15. €15.00. Prices incl. VAT ...","""shoes"" ""gift voucher"" Greece",2,data\discovery\mass-harvest-v5\clean-v5.4\review.csv | data\discovery\mass-harvest-v5\clean-v5.5\review.csv,,REJECT,non_merchant_signal
80,russianlabnails.com,Russian Lab Nails Gift Card,https://russianlabnails.com/en/products/buono-regalo-russian-lab-nails,Russian Lab Nails Gift Card,Russian Lab Nails gift voucher valid for professional products and SK Academy training. Digital code sent via email.,"""nails"" ""gift voucher"" Greece",1,data\discovery\mega-harvest-v6\clean-v6\review.csv,,SECOND_PASS_SAFE,non_greek_brand_coherent_direct_gift_card
80,s-lahjakortti.fi,S Group gift card is a favourite gift,https://www.s-lahjakortti.fi/en/private/,S Group gift card is a favourite gift,"The S Group gift card can be used for payment at as many as 1,500 S Group outlets throughout Finland, and the recipient is free to choose a present to suit ...","""Finland"" fashion ""gift card"" official",5,data\discovery\mass-harvest-v5\clean-v5.1\review.csv | data\discovery\mass-harvest-v5\clean-v5.2\manual-review.csv | data\discovery\mass-harvest-v5\clean-v5.3\global-review.csv | data\discovery\mass-harvest-v5\clean-v5.4\review.csv | data\discovery\mass-harvest-v5\clean-v5.5\review.csv,,REVIEW,non_greek_brand_coherence_unclear
100,sagiakos.gr,ΓΥΝΑΙΚΕΙΑ e,https://sagiakos.gr/proionta/gynaikeia/gynaikeia-dwra/gynaikeia-e-gift-card?srsltid,ΓΥΝΑΙΚΕΙΑ e- Gift Card,ΓΥΝΑΙΚΕΙΑ E- GIFT CARD. SAGIAKOS · ΓΥΝΑΙΚΕΙΑ Δώρα; ΓΥΝΑΙΚΕΙΑ e- Gift Card ... BOSS SHOES · CROCS · DKNY · DR.MARTENS · GEOX · LACOSTE · MEXX · POLO RALPH LAUREN ...,"site:.gr ""shoes"" ""gift card""",1,data\discovery\focused-harvest-v7-run1-backup\clean-v7\review.csv,,REVIEW,greek_domain_brand_coherence_unclear
100,sailionian.com,Holiday Gift Vouchers | Sail Ionian Lefkada Greece,https://www.sailionian.com/gift-vouchers/,Holiday Gift Vouchers | Sail Ionian Lefkada Greece,"Types of RYA Courses · Competent Crew ... Whether it's for Christmas, a special Birthday or an anniversary - a gift voucher is thoughtful for any occasion...","""courses"" ""gift voucher"" Greece",4,data\discovery\mass-harvest-v5\clean-v5.3\greece-market-review.csv | data\discovery\mass-harvest-v5\clean-v5.4\review.csv | data\discovery\mass-harvest-v5\clean-v5.5\review.csv | data\discovery\mega-harvest-v6\clean-v6\review.csv,,SECOND_PASS_SAFE,non_greek_brand_coherent_direct_gift_card
85,sailstar.org,Gift card – sailing course | Sailstar,https://www.sailstar.org/presentkort.html,Gift card – sailing course | Sailstar,Give the gift of sailing! Buy a Sailstar gift card for any of our sailing courses in Stockholm or Greece.,"""courses"" ""gift card"" Greece",5,data\discovery\mass-harvest-v5\clean-v5.1\review.csv | data\discovery\mass-harvest-v5\clean-v5.2\manual-review.csv | data\discovery\mass-harvest-v5\clean-v5.3\global-review.csv | data\discovery\mass-harvest-v5\clean-v5.4\review.csv | data\discovery\mass-harvest-v5\clean-v5.5\review.csv,,SECOND_PASS_SAFE,non_greek_brand_coherent_direct_gift_card
100,saltydreamers.com,Ocean Jewelry Gift Card - Voucher - Salty Dreamers,https://saltydreamers.com/collections/giftcard,Ocean Jewelry Gift Card - Voucher - Salty Dreamers,"Greece EUR €; Hungary HUF Ft; Ireland EUR €; Italy EUR €; Latvia EUR ... With a Salty Dreamers gift voucher, you'll always be right! The recipient ...","""Greece"" ""jewelry"" ""gift voucher""",1,data\discovery\mega-harvest-v6\clean-v6\review.csv,,SECOND_PASS_SAFE,non_greek_brand_coherent_direct_gift_card
80,salzburgadventures.com,GIft vouchers for activites in Salzburg,https://www.salzburgadventures.com/en/vouchers,GIft vouchers for activites in Salzburg,"... Austria"". Give away experiences that will be remembered! Configure voucher. gift voucher. Gift voucher for a selected offer. Prepaid Value Coupon. Valid for our ...","""Austria"" travel ""gift voucher"" official",5,data\discovery\mass-harvest-v5\clean-v5.1\review.csv | data\discovery\mass-harvest-v5\clean-v5.2\manual-review.csv | data\discovery\mass-harvest-v5\clean-v5.3\global-review.csv | data\discovery\mass-harvest-v5\clean-v5.4\review.csv | data\discovery\mass-harvest-v5\clean-v5.5\review.csv,,REJECT,non_merchant_signal
85,samosbooks.gr,Αγοράστε μία Δωροεπιταγή,https://www.samosbooks.gr/index.php?route,Αγοράστε μία Δωροεπιταγή,Αγοράστε μία Δωροεπιταγή. O Λογαριασμός μου · Αγορά Δωροεπιταγής. Αυτή η δωροεπιταγή θα αποσταλεί μέ e-mail στον παραλήπτη αφού ολοκληρωθεί ή πληρωμή σας.,"site:.gr ""books"" ""δωροεπιταγή""",2,data\discovery\focused-harvest-v7\clean-v7\review.csv | data\discovery\focused-harvest-v7-run1-backup\clean-v7\review.csv,,REVIEW,greek_domain_brand_coherence_unclear
100,sanahotels.com,Gift Voucher Card - EPIC SANA Marquês,https://www.sanahotels.com/en/hotel/epic-sana-marques/vouchers/sayanna-spa-gift-card/,Gift Voucher Card - EPIC SANA Marquês,GIFT VOUCHER SAYANNA WELLNESS & SPA. Offer a wellness experience to someone you love. And why not allow someone truly special to reach a state of pure ...,"""wellness"" ""gift voucher"" Greece",4,data\discovery\mass-harvest-v5\clean-v5.2\global-review.csv | data\discovery\mass-harvest-v5\clean-v5.3\global-review.csv | data\discovery\mass-harvest-v5\clean-v5.4\review.csv | data\discovery\mass-harvest-v5\clean-v5.5\review.csv,,REVIEW,non_greek_brand_coherence_unclear
70,sandalista.gr,Sandalista Gift Card,https://sandalista.gr/en/p/wps_wgm_giftcard-2/sgc/?srsltid=AfmBOorW8nb9wlW-3lNiIP-b-r8Sp0EplZmYV_j8TH7FarpEkM967Z05,Sandalista Gift Card,"Veaki 64 PeristeriFree shipping, cash on delivery and exchanges! (+30) ... Women's Leather Bags. Clothing · Jackets. Shopping ...","""Peristeri"" ""bags"" ""gift card""",1,data\discovery\mega-harvest-v6\clean-v6\review.csv,,SECOND_PASS_SAFE,greek_brand_coherent_direct_gift_card
100,sandboxsu.com,Audio Gift Card,https://sandboxsu.com/products/audio-gift-card?srsltid=AfmBOorWfdszl0Ss7GDDhbsztix3rB4l5_0xom-Jhz_Q_fHLppeckZVr,Audio Gift Card,"Audio Gift Card. Sale priceLE 85.00 Regular priceLE 100.00. Voice Your Love, and gift an audio card to keep forever! How does it work: 1. Once ...","""audio"" ""gift card"" Greece",1,data\discovery\mega-harvest-v6\clean-v6\review.csv,,REVIEW,non_greek_brand_coherence_unclear
100,sandinmytoes.gr,Gift Card,https://sandinmytoes.gr/el/shop/gift-card-el/gift-card/?srsltid=AfmBOorDn42FfTbhHJNBGntrkfuBhnx0MgsBQBMqj80JPrGsPWGqXPFJ,Gift Card,Ανακαλύψτε το τέλειο δώρο για κάθε γυναίκα που αγαπάτε με μια Gift Card από την SandInMyToes. Η ιδανική επιλογή για να της χαρίσετε τη δυνατότητα να ...,"""swimwear"" ""gift card"" Greece",3,data\discovery\mass-harvest-v5\clean-v5.4\review.csv | data\discovery\mass-harvest-v5\clean-v5.5\review.csv | data\discovery\mega-harvest-v6\clean-v6\review.csv,,REVIEW,greek_domain_brand_coherence_unclear
85,sanopwleio.gr,Αγοράστε μία Δωροεπιταγή,https://www.sanopwleio.gr/account/voucher,Αγοράστε μία Δωροεπιταγή,Αγοράστε μία Δωροεπιταγή. Αυτή η δωροεπιταγή θα αποσταλεί μέ e-mail στον παραλήπτη αφού ολοκληρωθεί ή πληρωμή σας. Όνομα παραλήπτη. E-mail παραλήπτη.,"site:.gr ""δωροεπιταγή""",8,data\discovery\focused-harvest-v7\clean-v7\review.csv | data\discovery\focused-harvest-v7-run1-backup\clean-v7\review.csv | data\discovery\mass-harvest-v5\clean-v5.1\review.csv | data\discovery\mass-harvest-v5\clean-v5.2\manual-review.csv | data\discovery\mass-harvest-v5\clean-v5.3\global-review.csv | data\discovery\mass-harvest-v5\clean-v5.4\review.csv | data\discovery\mass-harvest-v5\clean-v5.5\review.csv | data\discovery\mega-harvest-v6\clean-v6\review.csv,,REVIEW,greek_domain_brand_coherence_unclear
100,santorini.net,25-200 - Santorini Eshop,https://www.santorini.net/shop/gift-cards/gift-card-25/,Gift Card 25-200 - Santorini Eshop,Beauty & SkinCare · Gifts & Souvenirs · Home & Living · About Santorini ... Santorini eshop gift card 25-200 · Shop / Gift cards. Gift Card 25-200€. Eshop ...,"""Santorini"" ""beauty"" ""gift card""",5,data\discovery\focused-harvest-v7-run1-backup\clean-v7\review.csv | data\discovery\mass-harvest-v5\clean-v5.3\greece-market-review.csv | data\discovery\mass-harvest-v5\clean-v5.4\review.csv | data\discovery\mass-harvest-v5\clean-v5.5\review.csv | data\discovery\mega-harvest-v6\clean-v6\review.csv,,SECOND_PASS_SAFE,non_greek_brand_coherent_direct_gift_card
100,santorinigreekgrill.com,Santorini Greek Grill Gift Cards,https://santorinigreekgrill.com/gift-cards,Santorini Greek Grill Gift Cards,Buy Santorini Greek Grill gift cards online. The perfect gift for any occasion. Send a gift card instantly to family or friends.,"""Santorini"" ""gift card""",3,data\discovery\mass-harvest-v5\clean-v5.3\greece-market-review.csv | data\discovery\mass-harvest-v5\clean-v5.4\review.csv | data\discovery\mass-harvest-v5\clean-v5.5\review.csv,,SECOND_PASS_SAFE,non_greek_brand_coherent_direct_gift_card
100,santorinijewelry.shop,Shop,https://www.santorinijewelry.shop/products/gift-card?srsltid=AfmBOooEiOCKRZ6pZJGcDWNMF5aS2KPrsW_MSikQaKJhEYuBqvP8V08x,GIFT CARD,Refer to our Privacy Policy for more information. אשר דחה. תקריב. GIFT CARD. Santorini Jewelry. GIFT CARD. מחיר מבצע100.00 ₪. סכום המתנה:.,"""Santorini"" ""jewelry"" ""gift card""",1,data\discovery\focused-harvest-v7-run1-backup\clean-v7\review.csv,,REVIEW,non_greek_brand_coherence_unclear
100,santorininapanee.com,Loyalty & Gift Cards,https://santorininapanee.com/loyalty-gift-card/?srsltid=AfmBOoqefjYcgZegjHNSV8RZ-TW_1P89wbvnL-sQI9U_40A5zqBPdm99,Loyalty & Gift Cards,how to purchase a gift card: You can purchase a Santorini Mediterranean Grill Gift Card either in-store or online. Simply choose the amount you'd like to load ...,"""Santorini"" ""gift card""",3,data\discovery\mass-harvest-v5\clean-v5.3\greece-market-review.csv | data\discovery\mass-harvest-v5\clean-v5.4\review.csv | data\discovery\mass-harvest-v5\clean-v5.5\review.csv,,REVIEW,non_greek_brand_coherence_unclear
100,santorinipizza.com,Santorini Pizza & Pasta Gift Cards,https://santorinipizza.com/gift-cards,Santorini Pizza & Pasta Gift Cards,"Give the gift of a delicious meal with our restaurant gift cards! Perfect for any occasion, our gift cards can be used for takeout or delivery. Gift Card Amount.","""Santorini"" ""restaurant"" ""gift card""",1,data\discovery\focused-harvest-v7-run1-backup\clean-v7\review.csv,,SECOND_PASS_SAFE,non_greek_brand_coherent_direct_gift_card
100,santorinirestaurantgrillbar.com.au,Santorini Restaurant Grill Bar - Gift vouchers,https://www.santorinirestaurantgrillbar.com.au/gift-vouchers,Santorini Restaurant Grill Bar - Gift vouchers,"Santorini Restaurant Grill Bar - Gift vouchers. An authentic slice of Greece in Newstead. BUY A GIFT VOUCHER. “Absolutely fabulous meal, delicous, generous ...","""Santorini"" ""gift voucher""",4,data\discovery\focused-harvest-v7-run1-backup\clean-v7\review.csv | data\discovery\mass-harvest-v5\clean-v5.3\greece-market-review.csv | data\discovery\mass-harvest-v5\clean-v5.4\review.csv | data\discovery\mass-harvest-v5\clean-v5.5\review.csv,,REVIEW,non_greek_brand_coherence_unclear
100,santorinizenspa.com,Spa Gift Voucher in Santorini,https://www.santorinizenspa.com/zen-spa-gift-voucher-program.html?srsltid=AfmBOorEtO47wHhF1vNZiQH5LnS5WCPfiBi_G20RDF0uFAKtwPeg9fUq,Spa Gift Voucher in Santorini,They enjoy a premium Santorini spa moment. BUY A SPA GIFT VOUCHER. About Santorini Zen Spa. Santorini Zen Spa offers curated private spa & massage experiences ...,"""Santorini"" ""spa"" ""gift voucher""",5,data\discovery\focused-harvest-v7-run1-backup\clean-v7\review.csv | data\discovery\mass-harvest-v5\clean-v5.3\greece-market-review.csv | data\discovery\mass-harvest-v5\clean-v5.4\review.csv | data\discovery\mass-harvest-v5\clean-v5.5\review.csv | data\discovery\mega-harvest-v6\clean-v6\review.csv,,REVIEW,non_greek_brand_coherence_unclear
70,santorinizenspa.travelotopos.com,Surprise a friend with a Gift Card - Santorini Zen Spa,https://santorinizenspa.travelotopos.com/gift-vouchers,Surprise a friend with a Gift Card - Santorini Zen Spa,Back to: Santorini Zen Spa. Pick a date. Spa Services in Akrotiri. Aromatherapy Single massages in Akrotiri · Aromatherapy Massage Packages for Couples in ...,"""Santorini"" ""massage"" ""gift card""",1,data\discovery\focused-harvest-v7-run1-backup\clean-v7\review.csv,,REVIEW,non_greek_brand_coherence_unclear
100,santowines.gr,eShop EU,https://santowines.gr/gift-cards-eu/manufacturer/eu,Gift Cards - eShop EU,"Gift cards are only applicable for eShop use, cannot be combined with any other products (thus should be purchased in a separate order) and they can only be ...","site:.gr ""gift cards""",5,data\discovery\focused-harvest-v7\clean-v7\review.csv | data\discovery\focused-harvest-v7-run1-backup\clean-v7\review.csv | data\discovery\mass-harvest-v5\clean-v5.4\review.csv | data\discovery\mass-harvest-v5\clean-v5.5\review.csv | data\discovery\mega-harvest-v6\clean-v6\review.csv,,REVIEW,greek_domain_brand_coherence_unclear
100,sanyamalta.com,Gift Cards - Sanya: Eco Spa,https://sanyamalta.com/gift-cards/,Gift Cards - Sanya: Eco Spa,"services (yoga, eco spa & treatments, clinic, health bar). You can purchase a gift card online here, or get a physical voucher from our Spa in Naxxar, Malta.","""Malta"" beauty ""gift card"" official",4,data\discovery\mass-harvest-v5\clean-v5.2\global-review.csv | data\discovery\mass-harvest-v5\clean-v5.3\global-review.csv | data\discovery\mass-harvest-v5\clean-v5.4\review.csv | data\discovery\mass-harvest-v5\clean-v5.5\review.csv,,REVIEW,non_greek_brand_coherence_unclear
100,saunainter.com,GIFT VOUCHER 1000 - Saunainter Latvia,https://www.saunainter.com/lv/de/geschenkidee/geschenkgutschein/gift-card-1000/,GIFT VOUCHER 1000 - Saunainter Latvia,"... lightingHARVIA Lighting · CARIITTI LIGHTING · Fiber ... GIFT VOUCHER 1000. Select gift card. Gift card value ... Greece, Greenland, Grenada, Guadeloupe, Guam ...","""Greece"" ""lighting"" ""gift voucher""",1,data\discovery\mega-harvest-v6\clean-v6\review.csv,,SECOND_PASS_SAFE,non_greek_brand_coherent_direct_gift_card
100,sausalitoferry.com,Gift Card for Sausalito Ferry Co. Toy Store,https://www.sausalitoferry.com/products/gift-card,Gift Card for Sausalito Ferry Co. Toy Store,"Greece (EUR €) ... Sausalito Ferry gift card with $25 value featuring Golden Gate Bridge silhouette and ""Keep Sausalito.","""ferry"" ""gift card"" Greece",4,data\discovery\mass-harvest-v5\clean-v5.3\greece-market-review.csv | data\discovery\mass-harvest-v5\clean-v5.4\review.csv | data\discovery\mass-harvest-v5\clean-v5.5\review.csv | data\discovery\mega-harvest-v6\clean-v6\review.csv,,SECOND_PASS_SAFE,non_greek_brand_coherent_direct_gift_card
100,savinskin.com,Gift Cards | SAVIN'SKIN | Romania's Clean Beauty Store,https://savinskin.com/collections/gift-cards?srsltid=AfmBOoonX72kelnEfhQUeu2R9_QYKySTJ9x3qtPdOzPuewxlWXa5Z-la,Gift Cards | SAVIN'SKIN | Romania's Clean Beauty Store,"Replacing traditional gifts, THE GIFT CARD is the perfect solution for allowing your loved ones to fully customize their routine and adjust it to their own ...","""Romania"" beauty ""gift card"" official",4,data\discovery\mass-harvest-v5\clean-v5.2\global-review.csv | data\discovery\mass-harvest-v5\clean-v5.3\global-review.csv | data\discovery\mass-harvest-v5\clean-v5.4\review.csv | data\discovery\mass-harvest-v5\clean-v5.5\review.csv,,SECOND_PASS_SAFE,non_greek_brand_coherent_direct_gift_card
100,scandichotels.com,Hotel Gift Cards,https://www.scandichotels.com/en/offers/gift-card,Hotel Gift Cards,Hotel gift card. Give a hotel stay including a delicious breakfast; Or a ... Denmark · Finland · Germany · Norway · Sweden. Order 10 or more gift cards. If you'd ...,"""Sweden"" hotel ""gift card"" official",4,data\discovery\mass-harvest-v5\clean-v5.2\global-review.csv | data\discovery\mass-harvest-v5\clean-v5.3\global-review.csv | data\discovery\mass-harvest-v5\clean-v5.4\review.csv | data\discovery\mass-harvest-v5\clean-v5.5\review.csv,,REVIEW,non_greek_brand_coherence_unclear
100,scarpa.com,Scarpa,https://scarpa.com/pages/e-gift-card-terms-conditions,E-Gift Card Terms & Conditions,"The E-Gift Card is an unnamed bearer gift voucher ... Keep in touch with fresh new releases, product try out tours and events, join our community of outdoor ...","""outdoor"" ""gift voucher"" Greece",5,data\discovery\mass-harvest-v5\clean-v5.2\global-review.csv | data\discovery\mass-harvest-v5\clean-v5.3\global-review.csv | data\discovery\mass-harvest-v5\clean-v5.4\review.csv | data\discovery\mass-harvest-v5\clean-v5.5\review.csv | data\discovery\mega-harvest-v6\clean-v6\review.csv,,SECOND_PASS_SAFE,non_greek_brand_coherent_direct_gift_card
85,scrapsnpieces.gr,Δωροεπιταγή 20 Ευρώ,https://scrapsnpieces.gr/%CE%B4%CF%89%CF%81%CE%BF%CE%B5%CF%80%CE%B9%CF%84%CE%B1%CE%B3%CE%AE-20?srsltid=AfmBOoqyp4hMp4Iupb5DBia2mlB3e-8mmCDkytinj9xkVNpTxQG3uf8C,Δωροεπιταγή 20 Ευρώ,"Δωροεπιταγή 20 Ευρώ ... Κάντε ένα δώρο αξίας 20 ευρώ στους φίλους σας για να αγοράσουν ότι τους αρέσει, και στείλτε το κατ' ευθείαν στο email τους. Δες και αυτά.","site:.gr ""δωροεπιταγή""",5,data\discovery\mass-harvest-v5\clean-v5.1\review.csv | data\discovery\mass-harvest-v5\clean-v5.2\manual-review.csv | data\discovery\mass-harvest-v5\clean-v5.3\global-review.csv | data\discovery\mass-harvest-v5\clean-v5.4\review.csv | data\discovery\mass-harvest-v5\clean-v5.5\review.csv,,REJECT,third_party_playstation_gift_card
100,scribd.com,Gift Cards Available in Sweden | PDF | Swedish Krona,https://www.scribd.com/document/935720761/Did-Sweden-Have-a-Gift-Card-Google-Search,Gift Cards Available in Sweden | PDF | Swedish Krona,In Sweden Gift Cards With High Rates · 1. iTunes or Apple Gift Card · 2. Amazon … Card · 3. Åhléns Gift Card · 4. Top 5 Types Of Gi! Cards ...,"""Sweden"" retail ""gift card"" official",3,data\discovery\focused-harvest-v7\clean-v7\review.csv | data\discovery\focused-harvest-v7-run1-backup\clean-v7\review.csv | data\discovery\mass-harvest-v5\clean-v5.5\review.csv,,REJECT,third_party_amazon_gift_card
100,secretgardenglass.fr,Gift Vouchers,https://www.secretgardenglass.fr/en/collections/gift-vouchers,Gift Vouchers,Greece EUR €; Hungary EUR €; Ireland EUR €; Italy EUR ... Secret Garden Gift Voucher for the online shop ...,"""garden"" ""gift voucher"" Greece",1,data\discovery\mega-harvest-v6\clean-v6\review.csv,,REVIEW,non_greek_brand_coherence_unclear
100,selecteyewear.com,Gift Card,https://selecteyewear.com/pages/gift-card?srsltid=AfmBOoqgicAT-zh04vnpIm6Jc0O1R1p0uG3AyEc7Lp0mge5AtOewB5fC,Gift Card,BERLIN EYEWEARMODO EYEWEARSAINT LAURENT EYEWEARTOM FORD EYEWEAR. BEST SELLERS ... Can I use the gift card on sale items? Yes! Gift cards can be used on ...,"""eyewear"" ""gift card"" Greece",5,data\discovery\mass-harvest-v5\clean-v5.2\global-review.csv | data\discovery\mass-harvest-v5\clean-v5.3\global-review.csv | data\discovery\mass-harvest-v5\clean-v5.4\review.csv | data\discovery\mass-harvest-v5\clean-v5.5\review.csv | data\discovery\mega-harvest-v6\clean-v6\review.csv,,REVIEW,non_greek_brand_coherence_unclear
100,sendachoice.com,Netherlands Fashion Choice Gift Card,https://sendachoice.com/category-gift-cards/netherlands/fashion,Netherlands Fashion Choice Gift Card,"Dress your best every day. Covers Clothing, Footwear, Accessories. EUR (€). SendaChoice from €15–120 THE GIFT OF CHOICE NETHERLANDS FASHION CHOICE GIFT CARD ...","""Netherlands"" fashion ""gift card"" official",4,data\discovery\mass-harvest-v5\clean-v5.2\global-review.csv | data\discovery\mass-harvest-v5\clean-v5.3\global-review.csv | data\discovery\mass-harvest-v5\clean-v5.4\review.csv | data\discovery\mass-harvest-v5\clean-v5.5\review.csv,,REVIEW,non_greek_brand_coherence_unclear
100,sendvalu.com,Send Gift Cards to Greece Instantly,https://www.sendvalu.com/en/send-digital-gift-cards-to-greece,Send Gift Cards to Greece Instantly,"Easily transfer money or top up mobile phones to support and stay connected with loved ones. ... A gift card is more than a present, it's a way to show ...","""mobile phones"" ""gift card"" Greece",1,data\discovery\mega-harvest-v6\clean-v6\review.csv,,REVIEW,non_greek_brand_coherence_unclear
100,senserestaurants.com,SENSE Restaurant Gift Cards,https://www.senserestaurants.com/gift-cards/,SENSE Restaurant Gift Cards,"... Athens with breathtaking views of the Acropolis. Ideal for birthdays, anniversaries, corporate gifting or festive occasions, a SENSE Gift Card ... Hotel) T ...","""Athens"" ""hotel"" ""gift card""",7,data\discovery\focused-harvest-v7\clean-v7\review.csv | data\discovery\focused-harvest-v7-run1-backup\clean-v7\review.csv | data\discovery\mass-harvest-v5\clean-v5.2\global-review.csv | data\discovery\mass-harvest-v5\clean-v5.3\global-review.csv | data\discovery\mass-harvest-v5\clean-v5.4\review.csv | data\discovery\mass-harvest-v5\clean-v5.5\review.csv | data\discovery\mega-harvest-v6\clean-v6\review.csv,,REVIEW,non_greek_brand_coherence_unclear
100,sephora.co.uk,Gift Cards | www.sephora.co.uk,https://www.sephora.co.uk/p/gift-cards?srsltid=AfmBOooqYHYQhkeNUYGzo11kFqNl02haTJO1nweM5iIUxWJJdALXpKw0,Gift Cards | www.sephora.co.uk,"www.sephora.co.uk - The Destination For Beauty. Cancel. Popular searches ... Can I buy a gift card with a discount?No, promotions or discounts are not ...","""UK"" beauty ""gift card"" official",3,data\discovery\mass-harvest-v5\clean-v5.2\global-review.csv | data\discovery\mass-harvest-v5\clean-v5.3\global-review.csv | data\discovery\mass-harvest-v5\clean-v5.5\review.csv,,REJECT,third_party_sephora_gift_card
85,sergionails.gr,Αγορά Δωροεπιταγής,https://sergionails.gr/agora-dwroepitaghs/,Αγορά Δωροεπιταγής,Τα καταστήματα Star Nails – Sergio ανταλλάσσουν την προσκομισθησόμενη δωροεπιταγή παραδίδοντας στον κομιστή εμπορεύματα τουλάχιστον ίσης ή μεγαλύτερης αξίας ...,"site:.gr ""nails"" ""δωροεπιταγή""",2,data\discovery\focused-harvest-v7\clean-v7\review.csv | data\discovery\focused-harvest-v7-run1-backup\clean-v7\review.csv,,REVIEW,greek_domain_brand_coherence_unclear
80,sessile-athens.com,Δωροκάρτα Sessile Athens 100€ | Retina Theme,https://sessile-athens.com/dwrokarta-sessile-athens-100/4aC1cD562DC7c21/en?sort=vk&srsltid=AfmBOoq-AFN_fF2dtxBPYaet51chLEzi_K5uPrwPxDvaX1CEPL2DHYXl,Δωροκάρτα Sessile Athens 100€ | Retina Theme,Η ηλεκτρονική Δωροκάρτα Sessile Athens είναι το ιδανικό δώρο για κάθε περίσταση. Ο παραλήπτης της μπορεί να πραγματοποιήσει Αγορές μέσω Sessile Athens ...,"""Athens"" ""δωροκάρτα""",5,data\discovery\mass-harvest-v5\clean-v5.1\review.csv | data\discovery\mass-harvest-v5\clean-v5.2\manual-review.csv | data\discovery\mass-harvest-v5\clean-v5.3\global-review.csv | data\discovery\mass-harvest-v5\clean-v5.4\review.csv | data\discovery\mass-harvest-v5\clean-v5.5\review.csv,,SECOND_PASS_SAFE,non_greek_brand_coherent_direct_gift_card
100,sgb-travel.com,Business Gift Voucher - SGB Travel,https://sgb-travel.com/business-tourism/business-gift-voucher/,Business Gift Voucher - SGB Travel,"The gift voucher is an official document, showing the right of his/her ... “SGB TRAVEL” Agency, owned by Serenity Group Bulgaria ltd. offers a wide ...","""Bulgaria"" travel ""gift voucher"" official",4,data\discovery\mass-harvest-v5\clean-v5.2\global-review.csv | data\discovery\mass-harvest-v5\clean-v5.3\global-review.csv | data\discovery\mass-harvest-v5\clean-v5.4\review.csv | data\discovery\mass-harvest-v5\clean-v5.5\review.csv,,SECOND_PASS_SAFE,non_greek_brand_coherent_direct_gift_card
100,shandontravel.ie,The Ideal Present | Gift Vouchers,https://www.shandontravel.ie/gift-vouchers,The Ideal Present | Gift Vouchers,"Give your friends & family a little bit of the world with a Shandon Travel gift voucher, valid for 5 years. Buy gift certificates online, call 021 427 7094, ...","""Ireland"" travel ""gift voucher"" official",4,data\discovery\mass-harvest-v5\clean-v5.2\global-review.csv | data\discovery\mass-harvest-v5\clean-v5.3\global-review.csv | data\discovery\mass-harvest-v5\clean-v5.4\review.csv | data\discovery\mass-harvest-v5\clean-v5.5\review.csv,,REVIEW,non_greek_brand_coherence_unclear
85,shera.gr,Αγοράστε μία Δωροεπιταγή,https://shera.gr/index.php?route,Αγοράστε μία Δωροεπιταγή,"... Clothing Shop · 0 · 0 προϊόν(τα) - 0,00€ 0 · O Λογαριασμός μου · Αγορά Δωροεπιταγής. Αγοράστε μία Δωροεπιταγή. Αυτή η δωροεπιταγή θα αποσταλεί μέ e-mail στον ...","site:.gr ""clothing"" ""δωροεπιταγή""",2,data\discovery\focused-harvest-v7\clean-v7\review.csv | data\discovery\focused-harvest-v7-run1-backup\clean-v7\review.csv,,REVIEW,greek_domain_brand_coherence_unclear
65,shoeq.ae,Shoeq Gift Card,https://www.shoeq.ae/products/gift-card?srsltid=AfmBOoqykK5t7ixR44Gj-6ImWRhMMvmrSjiK1E6l06nrU8Hx3eGdQo5p,Shoeq Gift Card | Gift Voucher By ...,"Hania Luxe tan leather cushioned slides Dubai flat shoes Greece. HOT. Sold Out ... Handcrafted in Crete, Greece, these...","""Crete"" ""shoes"" ""gift voucher""",1,data\discovery\mega-harvest-v6\clean-v6\review.csv,,SECOND_PASS_SAFE,non_greek_brand_coherent_direct_gift_card
100,shop.chrysler.org,Chrysler Museum Gift Card,https://shop.chrysler.org/products/chrysler-museum-gift-card?srsltid=AfmBOopJwRw32tmyHZB_XnK6pyfvJ63lcBD_kB-e-2n7W9pLXVQ74hbk,Chrysler Museum Gift Card,"Redeemable for Chrysler membership, programs, classes, and purchases in the Museum Shop · Not valid for Zinnia restaurant · Discounts do not apply to gift card ...","""museum"" ""gift card"" Greece",1,data\discovery\mega-harvest-v6\clean-v6\review.csv,,SECOND_PASS_SAFE,non_greek_brand_coherent_direct_gift_card
100,shop.countrymusichalloffame.org,Museum Store Gift Card,https://shop.countrymusichalloffame.org/products/museum-store-gift-card?srsltid=AfmBOorVkJYoXShdlRHCn02riQEbcP_NqkFDUGimfj61yMzh_nRe4tzR,Museum Store Gift Card,Museum Store Gift Card. Sale price $10.00. Shipping calculated at checkout.,"""museum"" ""gift card"" Greece",1,data\discovery\mega-harvest-v6\clean-v6\review.csv,,REVIEW,non_greek_brand_coherence_unclear
85,shop.khm.at,Gift Voucher 7 Museum Pass Young Adults,https://shop.khm.at/en/products/gutschein-junge-jahreskarte-100000000030859-1924-0?srsltid=AfmBOorHYAtwfjmLJx2Gj5u45Jl-gGLawGPb6xCeTK26_X6D5Fs2Q9E-,Gift Voucher 7 Museum Pass Young Adults,7 Museum Pass Young Adults Gift Voucher. Gift Voucher for the Annual Ticket U25 for young adults aged 19-25 years. Valid in conjunction with a photo ID. The ...,"""museum"" ""gift voucher"" Greece",1,data\discovery\mega-harvest-v6\clean-v6\review.csv,,REVIEW,non_greek_brand_coherence_unclear
100,shop.luvnroll.com,Com,https://shop.luvnroll.com/products/gift-voucher?srsltid=AfmBOop1SJIiZHGd70GoQHtaD7VEFJBt_lLAlZsxSEFspDqUzADu0XxV,Gift Voucher,Applicable for jewelry and clothing online and in shop. The gift card can ... Santorini Lookbook · PCP Lookbook. Back; COLLECTIONS; LNR SS23 · LNR SS22 ...,"""Santorini"" ""jewelry"" ""gift card""",2,data\discovery\focused-harvest-v7-run1-backup\clean-v7\review.csv | data\discovery\mega-harvest-v6\clean-v6\review.csv,,REVIEW,non_greek_brand_coherence_unclear
100,shop.matfashion.com,Gift Card,https://shop.matfashion.com/blog/tag/gift-card/,Gift Card - Δωροκάρτα,Welcome to Mat Fashion! ... 18 August 2010. Real Size | Real Woman | Real Gift Card Τώρα δώστε σε αυτούς που αγαπάτε την πιο chic Gift Card. Gift Card ...,"""fashion"" ""gift card"" Greece",1,data\discovery\mega-harvest-v6\clean-v6\review.csv,,REVIEW,non_greek_brand_coherence_unclear
100,shop.mnhs.org,Org,https://shop.mnhs.org/products/e-gift-card?srsltid=AfmBOooBNsMqBk2-g5MD7J0Sf21naKWnrDJQY8SBgy4HWKo8JPqIJHP0,e-Gift Card – Minnesota Historical Society,"E-Gift Card for the Minnesota Historical Society Shop, featuring a gold design with a dollar sign and question mark. Ideal for shopping at museum stores or ...","""museum"" ""gift card"" Greece",1,data\discovery\mega-harvest-v6\clean-v6\review.csv,,REVIEW,non_greek_brand_coherence_unclear
100,shop.plesnik.si,Wellness Gift Voucher,https://shop.plesnik.si/products/wellness-gift-voucher-1,Wellness Gift Voucher,Wellness Gift Voucher · Delivered Instantly Via Email · Perfect Gift For Partner · Green Michelin Star Experience.,"""wellness"" ""gift voucher"" Greece",1,data\discovery\mega-harvest-v6\clean-v6\review.csv,,REVIEW,non_greek_brand_coherence_unclear
100,shop.themodernisthotels.com,The Modernist Gift Voucher,https://shop.themodernisthotels.com/product/the-modernist-gift-voucher/,The Modernist Gift Voucher,"The Modernist Gift Voucher. €100.00 – €2,000.00 Price range: €100.00 through €2,000.00. Offering your loved ones The Modernist experience has never been easier.","""Thessaloniki"" ""experience"" ""gift voucher""",2,data\discovery\focused-harvest-v7\clean-v7\review.csv | data\discovery\focused-harvest-v7-run1-backup\clean-v7\review.csv,,REVIEW,non_greek_brand_coherence_unclear
100,shopanna.ie,"Christmas Gifts Tagged ""gift voucher""",https://www.shopanna.ie/collections/christmas-gifts/gift-voucher,"Christmas Gifts Tagged ""gift voucher""","gift voucher, gifts · gloves · gold · gold earrings · gold ... santorini · sasstie · scarf · scarves · shoes · shoulder ... © 2026 Anna Fashion + Lifestyle. Crafted ...","""Santorini"" ""fashion"" ""gift voucher""",1,data\discovery\focused-harvest-v7-run1-backup\clean-v7\review.csv,,REVIEW,non_greek_brand_coherence_unclear
100,shopanthrax.com,Gift cards,https://shopanthrax.com/gift-cards?srsltid,Gift cards,gift cards ; Gift Card 50 · €50.00 ; Gift Card 100 · €100.00 ; Gift Card 150 · €150.00.,"""sportswear"" ""gift card"" Greece",1,data\discovery\mega-harvest-v6\clean-v6\review.csv,,REVIEW,non_greek_brand_coherence_unclear
100,shopdecor.com,Δωροκάρτα,https://shopdecor.com/el/products/gift-card,Δωροκάρτα,Gift Card Bronze - Buy now on ShopDecor - Discover the best products by SHOPDECOR design · Gift Card Gold - Buy now on ShopDecor - Discover the best products by ...,"""decor"" ""gift card"" Greece",4,data\discovery\mass-harvest-v5\clean-v5.3\greece-market-review.csv | data\discovery\mass-harvest-v5\clean-v5.4\review.csv | data\discovery\mass-harvest-v5\clean-v5.5\review.csv | data\discovery\mega-harvest-v6\clean-v6\review.csv,,REVIEW,non_greek_brand_coherence_unclear
85,shopluckylane.com,Lucky Lane,https://shopluckylane.com/en/products/lucky-lane-presentkort?srsltid=AfmBOoo_RHXR-S-aVWm5rrmjw6O0CU1bGgkXgmUKxXowqM3HvrHg3-9Z,Lucky Lane - Gift Card,"Our gift card can be used on the entire range, from our comfortable hoodies to popular car accessories like key chains, air fresheners and decals. Perfect for ...","""car accessories"" ""gift card"" Greece",6,data\discovery\mass-harvest-v5\clean-v5.1\review.csv | data\discovery\mass-harvest-v5\clean-v5.2\manual-review.csv | data\discovery\mass-harvest-v5\clean-v5.3\global-review.csv | data\discovery\mass-harvest-v5\clean-v5.4\review.csv | data\discovery\mass-harvest-v5\clean-v5.5\review.csv | data\discovery\mega-harvest-v6\clean-v6\review.csv,,REVIEW,non_greek_brand_coherence_unclear
85,shopofpc.gr,Αγοράστε μία Δωροεπιταγή,https://shopofpc.gr/index.php?route,Αγοράστε μία Δωροεπιταγή,Αυτή η δωροεπιταγή θα αποσταλεί μέ e-mail στον παραλήπτη αφού ολοκληρωθεί ή πληρωμή σας. ... Close We use cookies to offer you the best experience on our site. By ...,"site:.gr ""experience"" ""δωροεπιταγή""",2,data\discovery\focused-harvest-v7\clean-v7\review.csv | data\discovery\focused-harvest-v7-run1-backup\clean-v7\review.csv,,REVIEW,greek_domain_brand_coherence_unclear
100,shutterstock.com,France 02 January 2025 Gift Card Stock Photo 2584148713,https://www.shutterstock.com/image-photo/france-02-january-2025-gift-card-2584148713,France 02 January 2025 Gift Card Stock Photo 2584148713,"Find France 02 January 2025 Gift Card stock images in HD and millions of other royalty-free stock photos, 3D objects, illustrations and ...","""France"" fashion ""gift card"" official",4,data\discovery\mass-harvest-v5\clean-v5.2\global-review.csv | data\discovery\mass-harvest-v5\clean-v5.3\global-review.csv | data\discovery\mass-harvest-v5\clean-v5.4\review.csv | data\discovery\mass-harvest-v5\clean-v5.5\review.csv,,REVIEW,non_greek_brand_coherence_unclear
100,sifnosstoneware.com,Gift Cards,https://www.sifnosstoneware.com/en/product-category/gift-cards/?srsltid=AfmBOoo4L5ixsOcxY_xf_JiYAyPpAsCd06o7-IySt4NOqq0KEAW-mwWm,Gift Cards,Accessories · Salt & Pepper · Pebble Bowls · Pebble Vases · Crystalline ... USEFUL INFORMATION. About Stoneware · Ceramic Process · Use and Care · Gift Voucher ...,"""accessories"" ""gift voucher"" Greece",1,data\discovery\mega-harvest-v6\clean-v6\review.csv,,REVIEW,non_greek_brand_coherence_unclear
55,simclub.gr,Make a gift,https://www.simclub.gr/en/gift-vouchers/?srsltid=AfmBOoq0cQ_N1w-Mxm15wVqdaXAngrV0W2vslsaEkTyMLY3UfU3ZA3ek,Make a gift,Accessories · Wheel Base Accessories · Steering Wheel ... Enjoy the racing experience now and surprise your loved ones with a SimRacing gift voucher.,"site:.gr ""accessories"" ""gift voucher""",1,data\discovery\mega-harvest-v6\clean-v6\review.csv,,REVIEW,greek_domain_brand_coherence_unclear
100,simonacards.com,Gift voucher with a personal QR code printed with offset ...,https://simonacards.com/en/product/gift-voucher-with-a-personal-qr-code-printed-with-offset-technology,Gift voucher with a personal QR code printed with offset ...,Gift voucher with a personal QR code printed with offset technology · Gift card · Gift card with magnetic stripe · Gift card with barcode · Gift card with scratch ...,"""technology"" ""gift voucher"" Greece",5,data\discovery\mass-harvest-v5\clean-v5.2\global-review.csv | data\discovery\mass-harvest-v5\clean-v5.3\global-review.csv | data\discovery\mass-harvest-v5\clean-v5.4\review.csv | data\discovery\mass-harvest-v5\clean-v5.5\review.csv | data\discovery\mega-harvest-v6\clean-v6\review.csv,,REVIEW,non_greek_brand_coherence_unclear
85,simple-toys.com,SIMPLE GIFT CARD.,https://www.simple-toys.com/en/products/carte-cadeau-simple?srsltid=AfmBOooTtpacmopbUYsXxX5Syx2h4zzC3H2PvRe80g6sTjXYw9YP9ICQ,SIMPLE GIFT CARD.,"Any occasion is a good one to give our little toys. Choose the amount, your message and the day you want your E-Gift Card sent.","""toys"" ""gift card"" Greece",6,data\discovery\mass-harvest-v5\clean-v5.1\review.csv | data\discovery\mass-harvest-v5\clean-v5.2\manual-review.csv | data\discovery\mass-harvest-v5\clean-v5.3\global-review.csv | data\discovery\mass-harvest-v5\clean-v5.4\review.csv | data\discovery\mass-harvest-v5\clean-v5.5\review.csv | data\discovery\mega-harvest-v6\clean-v6\review.csv,,REVIEW,non_greek_brand_coherence_unclear
100,skandinavianbar.com,Purchase a Gift Card in Advance,https://www.skandinavianbar.com/mykonos-gift-card/,Purchase a Gift Card in Advance,Purchase a Skandinavian Bar Mykonos Gift Card for your Beloved Ones in Advance.Our Mykonos Gift Card is made to express Love and Friendship.,"""Mykonos"" ""gift card""",4,data\discovery\mass-harvest-v5\clean-v5.3\greece-market-review.csv | data\discovery\mass-harvest-v5\clean-v5.4\review.csv | data\discovery\mass-harvest-v5\clean-v5.5\review.csv | data\discovery\mega-harvest-v6\clean-v6\review.csv,,REVIEW,non_greek_brand_coherence_unclear
70,skateconnection.com.au,Au,https://www.skateconnection.com.au/collections/gift-card?srsltid=AfmBOoqbVlLDvWsVvBCqqvspeZQSzlSniu0fUVviTj_w0uyCNf1TSxvJ,Gift Card,Kids skateboards · Longboards and cruisers · Complete longboards · Complete ... Envy Kos Scooters · Envy Colt Scooters · Envy One Scooters · Envy Scooter Decks ...,"""Kos"" ""kids"" ""gift card""",1,data\discovery\focused-harvest-v7-run1-backup\clean-v7\review.csv,,REVIEW,non_greek_brand_coherence_unclear
80,skincareplus.gr,Δωροκάρτα,https://skincareplus.gr/product/dorokarta/?srsltid=AfmBOoqEn41o878PSD-jxiKcYNNX2JdfTIY6baWdrvpdqEks32YQChxf,Δωροκάρτα,Αρχική σελίδα / Δωροκάρτα / Δωροκάρτα. Δωροκάρτα. Κατηγορίες: Δωροκάρτα ... Skincare! Leave this field empty if you're human: Θα μας βρείτε: Διεύθυνση.,"""skincare"" ""δωροκάρτα"" Greece",1,data\discovery\mega-harvest-v6\clean-v6\review.csv,,REVIEW,greek_domain_brand_coherence_unclear
80,skinhawk.de,Geschenkgutschein - Skinhawk gift voucher,https://skinhawk.de/en/products/gutschein?srsltid=AfmBOoq9mbZ04tQAwz0J3jYI3FqFQjF4GZJ0_7f1qZ3PWqX7dXiqsxCo,Geschenkgutschein - Skinhawk gift voucher,Skinhawk gift voucher - 25€ is backordered and will ship as soon as it is back in stock. Skinhawk gift vouchers for water sports and winter sports products.,"""water sports"" ""gift voucher"" Greece",1,data\discovery\mega-harvest-v6\clean-v6\review.csv,,SECOND_PASS_SAFE,non_greek_brand_coherent_direct_gift_card
100,skinorea.com,SKINOREA gift card - K-beauty in Europe,https://skinorea.com/en/products/gift-card?srsltid=AfmBOor-rH64BS7YPm8QQMuyO6v5ws78tHGRQtF9h_JkFbtiNh-2r7Li,SKINOREA gift card - K-beauty in Europe,"Give the gift of choice with a €25 SKINOREA gift card. Valid for 1 year and delivered instantly by email, it's the perfect beauty and wellness gift for ...","""Europe"" beauty ""gift card"" official",4,data\discovery\mass-harvest-v5\clean-v5.2\global-review.csv | data\discovery\mass-harvest-v5\clean-v5.3\global-review.csv | data\discovery\mass-harvest-v5\clean-v5.4\review.csv | data\discovery\mass-harvest-v5\clean-v5.5\review.csv,,SECOND_PASS_SAFE,non_greek_brand_coherent_direct_gift_card
100,skinreal.gr,Δωροκάρτα,https://skinreal.gr/product/giftcards/?srsltid=AfmBOoqZ8n9Xa6YGefEp3QM8I0nXGz3oL0fifn0Z3eiQ5UrXkOKS3hbX,Δωροκάρτα,"Skin Tools · Μακιγιαζ Εναλλαγή μενού. Προσωπο · Χειλη · Ματια · Φρυδια · Πινελα ... Δωροκάρτα. 30.00 € – 200.00 €. Ποσό Δωροκάρτας. Κάντε μία επιλογή, 30.00 € ...","site:.gr ""tools"" ""δωροκάρτα""",3,data\discovery\mass-harvest-v5\clean-v5.4\review.csv | data\discovery\mass-harvest-v5\clean-v5.5\review.csv | data\discovery\mega-harvest-v6\clean-v6\review.csv,,REVIEW,greek_domain_brand_coherence_unclear
100,skiny.com,SKINY DIGITAL GIFT VOUCHER,https://www.skiny.com/en-de/products/skiny-gift-card,SKINY DIGITAL GIFT VOUCHER,"SKINY Digital Gift Voucher. Touch to zoom. SKINY Digital Gift Voucher. SKINY ... perfume, deodorant or similar as well as smoke odor). Soiled or damaged ...","""perfume"" ""gift voucher"" Greece",5,data\discovery\mass-harvest-v5\clean-v5.2\global-review.csv | data\discovery\mass-harvest-v5\clean-v5.3\global-review.csv | data\discovery\mass-harvest-v5\clean-v5.4\review.csv | data\discovery\mass-harvest-v5\clean-v5.5\review.csv | data\discovery\mega-harvest-v6\clean-v6\review.csv,,SECOND_PASS_SAFE,non_greek_brand_coherent_direct_gift_card
100,skyros.com,Gift Vouchers - Skyros Holidays,https://skyros.com/gift-vouchers/,Gift Vouchers - Skyros Holidays,"Art Courses, Astronomy Courses, Comedy Improvisation, Dance Courses, Music ... To purchase a gift card please call us on 01983 865 566 or send an email to ...","""courses"" ""gift card"" Greece",4,data\discovery\mass-harvest-v5\clean-v5.2\global-review.csv | data\discovery\mass-harvest-v5\clean-v5.3\global-review.csv | data\discovery\mass-harvest-v5\clean-v5.4\review.csv | data\discovery\mass-harvest-v5\clean-v5.5\review.csv,,SECOND_PASS_SAFE,non_greek_brand_coherent_direct_gift_card
100,slh.com,Luxury Hotel Gift Cards | SLH,https://slh.com/about-slh/gift-cards,Luxury Hotel Gift Cards | SLH,Spain · United Kingdom · USA · 0800-0482-314 · Call · Logout » · 0800-0482-314 ... An SLH gift card unlocks a world of choice for any independently minded ...,"""Spain"" hotel ""gift card"" official",4,data\discovery\mass-harvest-v5\clean-v5.2\global-review.csv | data\discovery\mass-harvest-v5\clean-v5.3\global-review.csv | data\discovery\mass-harvest-v5\clean-v5.4\review.csv | data\discovery\mass-harvest-v5\clean-v5.5\review.csv,,REVIEW,non_greek_brand_coherence_unclear
100,smallkind.co.uk,Gift Voucher,https://smallkind.co.uk/products/gift-voucher?srsltid=AfmBOop3Q0ZpaPd-zIYiUI7y9q2wRFnoIknxOkWUGBRZPgpwoyj3Tqlz,Gift Voucher,Teething + Grasping Toys Comforters + Muslins Bath Toys Soft Toys Nursery Decor ... Gift Voucher. Home /. Gift Voucher. Denominations. Denominations. £5.00.,"""toys"" ""gift voucher"" Greece",5,data\discovery\mass-harvest-v5\clean-v5.2\global-review.csv | data\discovery\mass-harvest-v5\clean-v5.3\global-review.csv | data\discovery\mass-harvest-v5\clean-v5.4\review.csv | data\discovery\mass-harvest-v5\clean-v5.5\review.csv | data\discovery\mega-harvest-v6\clean-v6\review.csv,,REVIEW,non_greek_brand_coherence_unclear
100,smartcdkeys.com,Buy Cineworld Cinema Gift Cards - Compare Prices,https://smartcdkeys.com/gr/agora-gift-cards/cineworld-cinema,Buy Cineworld Cinema Gift Cards - Compare Prices,Greece (EUR); Hungary (HUF); CIS; Russia / CIS (RUB); Ukraine (UAH); Turkey ... Cineworld Cinema 20 GBP Gift Card από $31.36 £1.15 per £1 Cineworld Cinema ...,"""cinema"" ""gift card"" Greece",4,data\discovery\mass-harvest-v5\clean-v5.3\greece-market-review.csv | data\discovery\mass-harvest-v5\clean-v5.4\review.csv | data\discovery\mass-harvest-v5\clean-v5.5\review.csv | data\discovery\mega-harvest-v6\clean-v6\review.csv,,REVIEW,non_greek_brand_coherence_unclear
80,smarten.gr,Smarten,https://www.smarten.gr/katigoria/dorokarta/,Δωροκάρτα,Δωροκάρτα. Καλωσορίσατε στον κόσμο του S.M.ARTEN ... Δωροκάρτα (2). Collections. Μέταλλο. Χρώμα ... The S.M.ARTEN Experience. Δωρεάν Μεταφορικά. Κάντε ...,"site:.gr ""experience"" ""δωροκάρτα""",8,data\discovery\focused-harvest-v7\clean-v7\review.csv | data\discovery\focused-harvest-v7-run1-backup\clean-v7\review.csv | data\discovery\mass-harvest-v5\clean-v5.1\review.csv | data\discovery\mass-harvest-v5\clean-v5.2\manual-review.csv | data\discovery\mass-harvest-v5\clean-v5.3\global-review.csv | data\discovery\mass-harvest-v5\clean-v5.4\review.csv | data\discovery\mass-harvest-v5\clean-v5.5\review.csv | data\discovery\mega-harvest-v6\clean-v6\review.csv,,SECOND_PASS_SAFE,greek_brand_coherent_direct_gift_card
100,smartgifty.com,Why gift cards are Europe's number one present and a retail ...,https://smartgifty.com/why-gift-cards-are-europes-number-one-present-and-a-retail-growth-engine/,Why gift cards are Europe's number one present and a retail ...,... gift card than a traditional gift. At first ... Why gift cards are Europe's number one present and a retail growth engine ... SmartGifty is a web based gift card ...,"""Europe"" retail ""gift card"" official",4,data\discovery\mass-harvest-v5\clean-v5.2\global-review.csv | data\discovery\mass-harvest-v5\clean-v5.3\global-review.csv | data\discovery\mass-harvest-v5\clean-v5.4\review.csv | data\discovery\mass-harvest-v5\clean-v5.5\review.csv,,REVIEW,non_greek_brand_coherence_unclear
100,smilepath.com.au,Smilepath Gift Card | Give the Gift of a Beautiful Smile,https://smilepath.com.au/products/smilepath-gift-card?srsltid=AfmBOoow9ZkXW7PwJI9bx9lJTfvLSD2zHfqaZwNveQiTxukebVsvTkRk,Smilepath Gift Card | Give the Gift of a Beautiful Smile,"It's a digital gift card with a specific value redeemable on smilepath.com.au for clear aligner treatment, teeth whitening products, and more. It's a unique and ...","""dental"" ""gift card"" Greece",1,data\discovery\mega-harvest-v6\clean-v6\review.csv,,REVIEW,non_greek_brand_coherence_unclear
100,snappypay.ng,Top Choice: Gift Cards in Romania for Nigerians 2025,https://snappypay.ng/blog/gift-cards-in-romania-for-nigerians,Top Choice: Gift Cards in Romania for Nigerians 2025,"In Romania, the gift card market is thriving, with many benefits and options ranging from retail giants like Carrefour to entertainment platforms like Cinema ...","""Romania"" retail ""gift card"" official",5,data\discovery\mass-harvest-v5\clean-v5.1\review.csv | data\discovery\mass-harvest-v5\clean-v5.2\global-review.csv | data\discovery\mass-harvest-v5\clean-v5.3\global-review.csv | data\discovery\mass-harvest-v5\clean-v5.4\review.csv | data\discovery\mass-harvest-v5\clean-v5.5\review.csv,,REVIEW,non_greek_brand_coherence_unclear
85,snfru.com,(Single Gift Voucher) - Perfumery Workshop: Create Your Own ...,https://www.snfru.com/en/products/sneferu-perfumery-workshop-single-entry-voucher?srsltid=AfmBOoq8XGzblnNcjYzA-frRmOANeuER8J7NLFgRDPtWY6Fui7ErSV8Y,(Single Gift Voucher) - Perfumery Workshop: Create Your Own ...,Greece (EUR €); Hong Kong SAR (USD $); Hungary (HUF ... Bespoke Perfume Workshop ... (Single Gift Voucher) - Perfumery Workshop: Create Your Own Perfume.,"""Greece"" ""perfume"" ""gift voucher""",1,data\discovery\mega-harvest-v6\clean-v6\review.csv,,REVIEW,non_greek_brand_coherence_unclear
80,soandjos.gr,Soandjos,https://soandjos.gr/product/dorokarta/,Δωροκάρτα,"Αρχική σελίδα Kids Δωροκάρτα. Αναμονή εικόνας προϊόντος. Δωροκάρτα. 15,19 €. Σε απόθεμα. Δωροκάρτα ποσότητα ... Food Picks · Διάφορα Σχέδια · Κουζινα · Εργαλεία ...","site:.gr ""food"" ""δωροκάρτα""",8,data\discovery\focused-harvest-v7\clean-v7\review.csv | data\discovery\focused-harvest-v7-run1-backup\clean-v7\review.csv | data\discovery\mass-harvest-v5\clean-v5.1\review.csv | data\discovery\mass-harvest-v5\clean-v5.2\manual-review.csv | data\discovery\mass-harvest-v5\clean-v5.3\global-review.csv | data\discovery\mass-harvest-v5\clean-v5.4\review.csv | data\discovery\mass-harvest-v5\clean-v5.5\review.csv | data\discovery\mega-harvest-v6\clean-v6\review.csv,,SECOND_PASS_SAFE,greek_brand_coherent_direct_gift_card
100,somanyqueens.com,Gift Vouchers - Home to beautiful small labels - somanyqueens.com,https://www.somanyqueens.com/shop/gift-vouchers-1/,Gift Vouchers - Home to beautiful small labels - somanyqueens.com,"As a giver, you not only offer a gift voucher worth a certain amount but also a special shopping experience! Our CONCEPT STORE in Perroy / VD is known for its ...","""concept store"" ""gift voucher"" Greece",1,data\discovery\mega-harvest-v6\clean-v6\review.csv,,SECOND_PASS_SAFE,non_greek_brand_coherent_direct_gift_card
80,somatherapy.gr,Somatherapy,https://somatherapy.gr/gift-certificate/,Δωροεπιταγές,Δωροεπιταγή SomaTherapy για να τη δωρίσετε στα πρόσωπα που αγαπάτε! Οι ... Το Soma Therapy Spa Λαγονήσι λειτουργεί καθημερινά – εκτός Κυριακής – τις ακόλουθες ...,"site:.gr ""spa"" ""δωροεπιταγή""",2,data\discovery\focused-harvest-v7\clean-v7\review.csv | data\discovery\focused-harvest-v7-run1-backup\clean-v7\review.csv,,SECOND_PASS_SAFE,greek_brand_coherent_direct_gift_card
80,sonycenters.gr,Sony PlayStation Δωροκάρτα €25 - PS Plus,https://sonycenters.gr/playstation/propliromenes-kartes-ps-plus/syndromes-ps-plus/sony-playstation-dorokarta-25/?srsltid=AfmBOorJ7Zutj9JyqxEsBACi6v2XKiTOWpYOAubFhgJWO4avSE_fY0ND,Sony PlayStation Δωροκάρτα €25 - PS Plus,Home Cinema projectors · Laser projectors · Αξεσουάρ - Βάσεις · Ήχος. Ακουστικά ... Sony PlayStation Δωροκάρτα €25. Αρχική / PlayStation / Προπληρωμένες Κάρτες ...,"site:.gr ""cinema"" ""δωροκάρτα""",5,data\discovery\mass-harvest-v5\clean-v5.1\review.csv | data\discovery\mass-harvest-v5\clean-v5.2\manual-review.csv | data\discovery\mass-harvest-v5\clean-v5.3\global-review.csv | data\discovery\mass-harvest-v5\clean-v5.4\review.csv | data\discovery\mass-harvest-v5\clean-v5.5\review.csv,,REJECT,third_party_playstation_gift_card
80,sorewards.com,Christmas gift cards for your employees' children,https://www.sorewards.com/en/carte-cadeau-sorewards-sur-mesure-et-marque-blanche/carte-cadeau-noel-enfant/,Christmas gift cards for your employees' children,"The Sorewards children's Christmas gift card is valid everywhere (excluding fuel and food). It's not a gift voucher, but a dematerialized VISA prepaid card ...","""fuel"" ""gift voucher"" Greece",1,data\discovery\mega-harvest-v6\clean-v6\review.csv,,REVIEW,non_greek_brand_coherence_unclear
80,soulbags.gr,SOUL bags Gentle · Calm · Conscious,https://www.soulbags.gr/products/%CE%BA%CE%AC%CF%81%CF%84%CE%B1-%CE%B4%CF%8E%CF%81%CE%BF%CF%85?srsltid,Δωροκάρτα - SOUL bags Gentle · Calm · Conscious,"SOUL bags Gentle · Calm · Conscious. Δωροκάρτα. Δωροκάρτα. Κανονική τιμή €8,90 EUR. Κανονική τιμή €10,00 EUR Τιμή έκπτωσης €8,90 EUR. Τιμή μονάδας / ανά.","site:.gr ""bags"" ""δωροκάρτα""",1,data\discovery\focused-harvest-v7\clean-v7\review.csv,,SECOND_PASS_SAFE,greek_brand_coherent_direct_gift_card
100,sourceforge.net,Best Gift Card Software in Europe - Page 2,https://sourceforge.net/software/gift-card/europe/?page=2,Best Gift Card Software in Europe - Page 2,Compare the Top Gift Card Software in Europe as of June 2026 - Page 2 · Ackroo · Enjovia · Yiftee · Rise.ai · Ellacard · Novus Loyalty · NGC · Giftly.,"""Europe"" retail ""gift card"" official",4,data\discovery\mass-harvest-v5\clean-v5.2\global-review.csv | data\discovery\mass-harvest-v5\clean-v5.3\global-review.csv | data\discovery\mass-harvest-v5\clean-v5.4\review.csv | data\discovery\mass-harvest-v5\clean-v5.5\review.csv,,REVIEW,non_greek_brand_coherence_unclear
100,spacenk.com,Beauty Gift Cards,https://www.spacenk.com/uk/gifts/gift-cards,Beauty Gift Cards,Space NK E-Gift Card. Quick Buy. E-Gift Card. Space NK E-Gift Card. £15.00 - £150.00. (298) Reviews. Go to product page · 76 sold today. Space NK Gift Card.,"""UK"" beauty ""gift card"" official",4,data\discovery\mass-harvest-v5\clean-v5.2\global-review.csv | data\discovery\mass-harvest-v5\clean-v5.3\global-review.csv | data\discovery\mass-harvest-v5\clean-v5.4\review.csv | data\discovery\mass-harvest-v5\clean-v5.5\review.csv,,REVIEW,non_greek_brand_coherence_unclear
65,spaghettilab.gr,Gift Card Δωροκάρτα Spaghetti Lab | Το Πιο Νόστιμο Δώρο ...,https://spaghettilab.gr/products/gift-card?srsltid=AfmBOopIl07wn-At_GYte-aoKm5jRYawcFrtyF7CyJ7MUShe5cZma3k4,Gift Card Δωροκάρτα Spaghetti Lab | Το Πιο Νόστιμο Δώρο ...,"Το τέλειο δώρο για τους λάτρεις του 3D printing, του modeling και των DIY projects! Δεν είσαι σίγουρος αν θέλουν ένα high-performance τηλεκατευθυνόμενο DIY ...","site:.gr ""printing"" ""δωροκάρτα""",5,data\discovery\mass-harvest-v5\clean-v5.1\review.csv | data\discovery\mass-harvest-v5\clean-v5.2\manual-review.csv | data\discovery\mass-harvest-v5\clean-v5.3\global-review.csv | data\discovery\mass-harvest-v5\clean-v5.4\review.csv | data\discovery\mass-harvest-v5\clean-v5.5\review.csv,,SECOND_PASS_SAFE,greek_brand_coherent_direct_gift_card
85,sparagouay.gr,Αγοράστε μία Δωροεπιταγή,https://sparagouay.gr/index.php?route,Αγοράστε μία Δωροεπιταγή,Bags - Handbags · Καπέλα · Σκούφοι Sparagouay · Κάλτσες · Κοσμήματα · Αλυσίδες ... Αυτή η δωροεπιταγή θα αποσταλεί μέ e-mail στον παραλήπτη αφού ολοκληρωθεί ή ...,"site:.gr ""bags"" ""δωροεπιταγή""",2,data\discovery\focused-harvest-v7\clean-v7\review.csv | data\discovery\focused-harvest-v7-run1-backup\clean-v7\review.csv,,REVIEW,greek_domain_brand_coherence_unclear
80,sparkleanddream.nl,Gift voucher – Sparkle&Dream,https://www.sparkleanddream.nl/en/products/cadeaubon-1,Gift voucher – Sparkle&Dream,"... gift voucher yourself ... Sportswear · Leggings and jackets · T-shirts, sweaters and hoodies · Socks · Sports ...","""sportswear"" ""gift voucher"" Greece",1,data\discovery\mega-harvest-v6\clean-v6\review.csv,,REVIEW,non_greek_brand_coherence_unclear
100,sparklingwishes.com,Sparklingwishes,https://sparklingwishes.com/products/e-gift-card?srsltid=AfmBOorU9aBE6CU0Fgj0Q40QeFVnwIEVJtF7TjQm3W_v5RSnaZEEMtpR,E-Gift Card,Give the gift of choice. Our e-gift card is delivered instantly by email and redeemable across our full collection of handcrafted Greek jewelry.,"""jewelry"" ""gift card"" Greece",4,data\discovery\mass-harvest-v5\clean-v5.3\greece-market-review.csv | data\discovery\mass-harvest-v5\clean-v5.4\review.csv | data\discovery\mass-harvest-v5\clean-v5.5\review.csv | data\discovery\mega-harvest-v6\clean-v6\review.csv,,SECOND_PASS_SAFE,non_greek_brand_coherent_direct_gift_card
100,speak-greek.com,Gift voucher - Give your loved ones the gift of ...,https://www.speak-greek.com/2023/12/gift-voucher.html,Gift voucher - Give your loved ones the gift of ...,Greek LessonsTranslationsOnline coursesPublicationsConsultancyMentoring ... How about a gift voucher for learning the Greek Language via:,"""courses"" ""gift voucher"" Greece",4,data\discovery\mass-harvest-v5\clean-v5.3\greece-market-review.csv | data\discovery\mass-harvest-v5\clean-v5.4\review.csv | data\discovery\mass-harvest-v5\clean-v5.5\review.csv | data\discovery\mega-harvest-v6\clean-v6\review.csv,,REVIEW,non_greek_brand_coherence_unclear
100,special-offers.com.cy,Gift Cards - special-offers.com.cy,https://special-offers.com.cy/Gift-Cards,Gift Cards - special-offers.com.cy,"Car Accessories · Car Accessories · 12v - 24v LED Lights · Car Alarms and ... Εάν επιθυμείτε να αγοράσετε δωροκάρτα για να στείλετε σε κάποιον, μπορείτε ...","""car accessories"" ""δωροκάρτα"" Greece",1,data\discovery\mega-harvest-v6\clean-v6\review.csv,,REVIEW,non_greek_brand_coherence_unclear
100,specialpapers.fedrigoni.com,Smart Gift Card,https://specialpapers.fedrigoni.com/smart-gift-card/,Smart Gift Card,"The Smart Gift Card is our new ground-breaking product that unifies the elegance of paper with the power of digital technology, setting a new standard in ...","""technology"" ""gift card"" Greece",5,data\discovery\mass-harvest-v5\clean-v5.2\global-review.csv | data\discovery\mass-harvest-v5\clean-v5.3\global-review.csv | data\discovery\mass-harvest-v5\clean-v5.4\review.csv | data\discovery\mass-harvest-v5\clean-v5.5\review.csv | data\discovery\mega-harvest-v6\clean-v6\review.csv,,REVIEW,non_greek_brand_coherence_unclear
85,spitishop.gr,Οδηγός Αγοράς Για Δωροκάρτες | Spitishop.gr,https://www.spitishop.gr/content/283-odigos-agoras-gia-dorokartes,Οδηγός Αγοράς Για Δωροκάρτες | Spitishop.gr,Ανακαλύψτε στο Spitishop tips & συμβουλές για τις δωροκάρτες Spitishop. Προσφέρετε ως δώρο μια δωροκάρτα ... Decor Ango Brilliant Diolamp Eurolamp Grundig Heronia ...,"site:.gr ""decor"" ""δωροκάρτα""",8,data\discovery\focused-harvest-v7\clean-v7\review.csv | data\discovery\focused-harvest-v7-run1-backup\clean-v7\review.csv | data\discovery\mass-harvest-v5\clean-v5.1\review.csv | data\discovery\mass-harvest-v5\clean-v5.2\manual-review.csv | data\discovery\mass-harvest-v5\clean-v5.3\global-review.csv | data\discovery\mass-harvest-v5\clean-v5.4\review.csv | data\discovery\mass-harvest-v5\clean-v5.5\review.csv | data\discovery\mega-harvest-v6\clean-v6\review.csv,,SECOND_PASS_SAFE,greek_brand_coherent_direct_gift_card
100,splishsplashswimwear.com.au,Gift Voucher,https://splishsplashswimwear.com.au/collections/gift-voucher?srsltid=AfmBOorI892fzq3hNPuc_B35Rc0oA3XUci5AirSubvvP0wTlALxASvBH,Gift Voucher,Let your loved one choose their favourite swimwear with a Splish Splash Gift Voucher! They can make their choice online or instore at one of our many locations!,"""swimwear"" ""gift voucher"" Greece",4,data\discovery\mass-harvest-v5\clean-v5.2\global-review.csv | data\discovery\mass-harvest-v5\clean-v5.3\global-review.csv | data\discovery\mass-harvest-v5\clean-v5.4\review.csv | data\discovery\mass-harvest-v5\clean-v5.5\review.csv,,REVIEW,non_greek_brand_coherence_unclear
100,sportboutique.gr,Gift Voucher,https://sportboutique.gr/gift-voucher/,Gift Voucher,"Boutique (2.227), Replica Teamwear (339), Replica Accessories (80) ... Boutique · Προσφορές Boutique · Αξεσουάρ Boutique · Δώρα · Σχολικά. Gift Voucher. Shopping ...","site:.gr ""boutique"" ""gift voucher""",1,data\discovery\mega-harvest-v6\clean-v6\review.csv,,REVIEW,greek_domain_brand_coherence_unclear
55,sportistas.com,Sportistas,https://www.sportistas.com/el/giftcard?srsltid=AfmBOoqDan8zhBnxddj5k6ZxC0sGdayk7fhWR2U4AJ-4FQJAELtnFDNB,Sportistas,... ShoesΦούτερΦούστεςTop μπλούζες με μακρύ μανίκιΣκούφοιΣανδάλια-Πέδιλα ... Gift card. Sportistas Giftcard. Για ποιόν/α είναι το δώρο;. ΓΙΑ ΤΟΝ ΦΙΛΟ/Η. ΓΙΑ ...,"""shoes"" ""gift card"" Greece",1,data\discovery\mega-harvest-v6\clean-v6\review.csv,,SECOND_PASS_SAFE,non_greek_brand_coherent_direct_gift_card
100,sportsdirect.gr,Multi Store E-Voucher Gift Card - Online and High Street,https://www.sportsdirect.gr/gift-cards-multi-store-e-voucher-gift-card---online-and-high-street-966004,Multi Store E-Voucher Gift Card - Online and High Street,Shop the Gift Cards Multi Store E-Voucher Gift Card - Online and High Street from UK's No.1 sports retailer. Order in-store or online and start saving ...,"site:.gr ""gift cards""",5,data\discovery\focused-harvest-v7\clean-v7\review.csv | data\discovery\focused-harvest-v7-run1-backup\clean-v7\review.csv | data\discovery\mass-harvest-v5\clean-v5.4\review.csv | data\discovery\mass-harvest-v5\clean-v5.5\review.csv | data\discovery\mega-harvest-v6\clean-v6\review.csv,,REVIEW,greek_domain_brand_coherence_unclear
100,sportsdirect.mt,Gift Cards | Sports Direct Malta,https://www.sportsdirect.mt/language/en-gb/customerservices/placingorders/giftcards/1000,Gift Cards | Sports Direct Malta,QUESTION - Can I use my Gift card online? ANSWER. Gift Cards can be redeemed by UK customers online at SportsDirect.com Malta and in branches of ...,"""Malta"" fashion ""gift card"" official",4,data\discovery\mass-harvest-v5\clean-v5.2\global-review.csv | data\discovery\mass-harvest-v5\clean-v5.3\global-review.csv | data\discovery\mass-harvest-v5\clean-v5.4\review.csv | data\discovery\mass-harvest-v5\clean-v5.5\review.csv,,SECOND_PASS_SAFE,non_greek_brand_coherent_direct_gift_card
55,sportvision.gr,Κατάστημα αθλητικών ειδών | Sport Vision,https://www.sportvision.gr/terms-and-conditions-for-the-gift-cards,Κατάστημα αθλητικών ειδών | Sport Vision,Η ελάχιστη αξία ανά δωροκάρτα είναι 20€ και η μέγιστη αξία είναι 300€ .Η δωροκάρτα μπορεί να χρησιμοποηθεί σε μια συναλλαγή και δεν μεταφέρετε το υπόλοιπο της.,"site:.gr ""outdoor"" ""δωροκάρτα""",1,data\discovery\mega-harvest-v6\clean-v6\review.csv,,SECOND_PASS_SAFE,greek_brand_coherent_direct_gift_card
100,sprhodes.com,Archives - SP RHODES®,https://sprhodes.com/product-category/gift-cards/,Gift Cards Archives - SP RHODES®,CUSTOMIZABLE KIDS GEAR. All Youth Equestrian · Hats · Tops · Outerwear · Belts ... $750 SP RHODES Gift Card · SP RHODES GIFT CARD $500 · $500 SP RHODES Gift Card.,"""Rhodes"" ""kids"" ""gift card""",2,data\discovery\focused-harvest-v7\clean-v7\review.csv | data\discovery\focused-harvest-v7-run1-backup\clean-v7\review.csv,,SECOND_PASS_SAFE,non_greek_brand_coherent_direct_gift_card
100,srsbooks.com,SRS Books Gift Voucher,https://srsbooks.com/products/srs-books-gift-voucher?srsltid=AfmBOop9I8vF8SIZUYLZK0xVkZM2SBmAtT8hRY6PBtakklpnnJzZ1NhB,SRS Books Gift Voucher,"Offer the gift of devotional literature with an SRS Books gift voucher, redeemable online for books and offerings by Śivarāma Swami ... Greece EUR € ...","""Greece"" ""books"" ""gift voucher""",1,data\discovery\mega-harvest-v6\clean-v6\review.csv,,SECOND_PASS_SAFE,non_greek_brand_coherent_direct_gift_card
100,staah.com,How To Create A Successful Gift Voucher Campaign?,https://www.staah.com/blogs/how-to-create-a-successful-gift-voucher-campaign/,How To Create A Successful Gift Voucher Campaign?,With the right technology – i.e. STAAH Gift Voucher System – you can easily set up an online shop for your guests to purchase gift vouchers.,"""technology"" ""gift voucher"" Greece",5,data\discovery\mass-harvest-v5\clean-v5.2\global-review.csv | data\discovery\mass-harvest-v5\clean-v5.3\global-review.csv | data\discovery\mass-harvest-v5\clean-v5.4\review.csv | data\discovery\mass-harvest-v5\clean-v5.5\review.csv | data\discovery\mega-harvest-v6\clean-v6\review.csv,,REVIEW,non_greek_brand_coherence_unclear
80,staging.bestwishes.gr,Δωροκάρτα - Bestwishes - WPB Jewelry - Bestwishes,https://staging.bestwishes.gr/en/product-category/dwrokarta/,Δωροκάρτα - Bestwishes - WPB Jewelry - Bestwishes,Δωροκάρτα Bestwishes: Χαρίστε μία δωροκάρτα και ... Clothing · Diapers · Mumz · Toys · Men · Accessories · Bags ... Δωροκάρτα. Διαλέξτε το ποσό που επιθυμείτε ...,"site:.gr ""clothing"" ""δωροκάρτα""",6,data\discovery\mass-harvest-v5\clean-v5.1\review.csv | data\discovery\mass-harvest-v5\clean-v5.2\manual-review.csv | data\discovery\mass-harvest-v5\clean-v5.3\global-review.csv | data\discovery\mass-harvest-v5\clean-v5.4\review.csv | data\discovery\mass-harvest-v5\clean-v5.5\review.csv | data\discovery\mega-harvest-v6\clean-v6\review.csv,,SECOND_PASS_SAFE,greek_brand_coherent_direct_gift_card
85,starhotels.com,"Hotel Gift Card New York, Paris and Italy | E-shop",https://www.starhotels.com/en/egift/,"Hotel Gift Card New York, Paris and Italy | E-shop","... Gift Card New York, Paris and Italy | E-shop ... Choose the amount you prefer and buy a Monetary Gift valid for all our hotels in Italy* and Paris.","""Italy"" hotel ""gift card"" official",5,data\discovery\mass-harvest-v5\clean-v5.1\review.csv | data\discovery\mass-harvest-v5\clean-v5.2\manual-review.csv | data\discovery\mass-harvest-v5\clean-v5.3\global-review.csv | data\discovery\mass-harvest-v5\clean-v5.4\review.csv | data\discovery\mass-harvest-v5\clean-v5.5\review.csv,,REVIEW,non_greek_brand_coherence_unclear
100,starlightcinemacrete.com,Gift Vouchers | Luxury Outdoor Cinema in Crete,https://starlightcinemacrete.com/gift-vouchers,Gift Vouchers | Luxury Outdoor Cinema in Crete,"A Starlight Cinema gift voucher is the promise of a private open-air cinema night anywhere on Crete. A 200-inch screen, luxury seating and a film of their ...","""cinema"" ""gift voucher"" Greece",4,data\discovery\mass-harvest-v5\clean-v5.3\greece-market-review.csv | data\discovery\mass-harvest-v5\clean-v5.4\review.csv | data\discovery\mass-harvest-v5\clean-v5.5\review.csv | data\discovery\mega-harvest-v6\clean-v6\review.csv,,REVIEW,non_greek_brand_coherence_unclear
100,starstravel.info,Gift Card - Stars Travel,https://www.starstravel.info/en/gift-card,Gift Card - Stars Travel,Selected Hotels · Dream Destinations · Tourism in Bulgaria · Blog · About Us · Contacts · Gift Card · Travel Insurance · Quality Assurance · Terms and ...,"""Bulgaria"" hotel ""gift card"" official",4,data\discovery\mass-harvest-v5\clean-v5.2\global-review.csv | data\discovery\mass-harvest-v5\clean-v5.3\global-review.csv | data\discovery\mass-harvest-v5\clean-v5.4\review.csv | data\discovery\mass-harvest-v5\clean-v5.5\review.csv,,SECOND_PASS_SAFE,non_greek_brand_coherent_direct_gift_card
100,startselect.com,Buy Digital Gift Cards Online at Startselect,https://startselect.com/gr-en/gift-cards,Buy Digital Gift Cards Online at Startselect,Startselect offers a wide range of digital gift cards in different categories such as gaming ... This means that you'll always find the perfect gift card for any ...,"""gaming"" ""gift card"" Greece",5,data\discovery\mass-harvest-v5\clean-v5.2\global-review.csv | data\discovery\mass-harvest-v5\clean-v5.3\global-review.csv | data\discovery\mass-harvest-v5\clean-v5.4\review.csv | data\discovery\mass-harvest-v5\clean-v5.5\review.csv | data\discovery\mega-harvest-v6\clean-v6\review.csv,,SECOND_PASS_SAFE,non_greek_brand_coherent_direct_gift_card
100,stavrosrestaurant.com.au,Stavros Gift Voucher,https://www.stavrosrestaurant.com.au/gift-voucher,Stavros Gift Voucher,Stavros Gift Voucher · Give the gift of flavour and unforgettable moments at Stavros Restaurant & Bar. · Location · Contact.,"""bar"" ""gift voucher"" Greece",1,data\discovery\mega-harvest-v6\clean-v6\review.csv,,REVIEW,non_greek_brand_coherence_unclear
80,stem-toys.gr,50 € - Stem Toys,https://stem-toys.gr/product/%CE%B4%CF%89%CF%81%CE%BF%CE%B5%CF%80%CE%B9%CF%84%CE%B1%CE%B3%CE%AE-50-e/,Δωροεπιταγή 50 € - Stem Toys,Δωροεπιταγή 50 € ... STEM toys · Παιχνίδια · Μαγνητικά; Εκπαιδευτικά Παζλ ...,"site:.gr ""toys"" ""δωροεπιταγή""",2,data\discovery\focused-harvest-v7\clean-v7\review.csv | data\discovery\focused-harvest-v7-run1-backup\clean-v7\review.csv,,SECOND_PASS_SAFE,greek_brand_coherent_direct_gift_card
100,stemalaser.gr,Gift Card,https://stemalaser.gr/en/product/gift-card-2/,Gift Card,"The gift card can be redeemed for Alexandrite laser hair removal services at STEMA LASER, located at 17 Agias Sofias Street, Thessaloniki.","""Thessaloniki"" ""technology"" ""gift card""",1,data\discovery\mega-harvest-v6\clean-v6\review.csv,,REVIEW,greek_domain_brand_coherence_unclear
85,stevenrhodesshop.eu,Steven Rhodes - Gift voucher,https://stevenrhodesshop.eu/en/products/steven-rhodes-geschenkgutschein,Steven Rhodes - Gift voucher,"Steven Rhodes - Gift Voucher. Simply select the appropriate voucher amount, go to the shopping cart and pay for the voucher.","""Rhodes"" ""gift voucher""",5,data\discovery\mass-harvest-v5\clean-v5.1\review.csv | data\discovery\mass-harvest-v5\clean-v5.2\manual-review.csv | data\discovery\mass-harvest-v5\clean-v5.3\global-review.csv | data\discovery\mass-harvest-v5\clean-v5.4\review.csv | data\discovery\mass-harvest-v5\clean-v5.5\review.csv,,REVIEW,non_greek_brand_coherence_unclear
80,stigkabooks.gr,στίγκα,https://stigkabooks.gr/products/%CE%B4%CF%89%CF%81%CE%BF%CE%B5%CF%80%CE%B9%CF%84%CE%B1%CE%B3%CE%AE-%CF%83%CF%84%CE%AF%CE%B3%CE%BA%CE%B1?srsltid,Δωροεπιταγή στίγκα,"Δωροεπιταγή στίγκα. Καμία κριτική. Δωροεπιταγή στίγκα. 10,00€. από Stigka Books. Stigka Books logo. Κωδικός Προϊόντος:.","site:.gr ""books"" ""δωροεπιταγή""",2,data\discovery\focused-harvest-v7\clean-v7\review.csv | data\discovery\focused-harvest-v7-run1-backup\clean-v7\review.csv,,REVIEW,greek_domain_brand_coherence_unclear
80,stock.adobe.com,Beauty Gift Voucher Images,https://stock.adobe.com/search?k=beauty+gift+voucher,Beauty Gift Voucher Images,"White beauty gift card with red bow on reflective mirror surface surrounded by luxury lipsticks and ... Europe, Middle East, and Africa. Algeria - English ...","""Europe"" beauty ""gift card"" official",6,data\discovery\mass-harvest-v5\clean-v5.1\review.csv | data\discovery\mass-harvest-v5\clean-v5.2\manual-review.csv | data\discovery\mass-harvest-v5\clean-v5.3\global-review.csv | data\discovery\mass-harvest-v5\clean-v5.4\review.csv | data\discovery\mass-harvest-v5\clean-v5.5\review.csv | data\discovery\mega-harvest-v6\clean-v6\review.csv,,REVIEW,non_greek_brand_coherence_unclear
100,store.canaves.com,Canaves Oia Santorini | Store,https://store.canaves.com/gift-card/,Gift Card – Canaves Oia Santorini | Store,Gift card confirmation will be sent to your email address. Terms & Conditions ... Canaves Oia Hotel MHTE: 1167Κ035Α0934200 | Canaves Oia Suites MHTE ...,"""Santorini"" ""hotel"" ""gift card""",2,data\discovery\focused-harvest-v7-run1-backup\clean-v7\review.csv | data\discovery\mega-harvest-v6\clean-v6\review.csv,,SECOND_PASS_SAFE,non_greek_brand_coherent_direct_gift_card
100,store.iloveveterinary.com,I Love Veterinary Gift Card,https://store.iloveveterinary.com/products/i-love-veterinary-gift-card?srsltid=AfmBOordnx5Ujqm7bsl9W1mo8-ghEqkGhCG-NGhz8k6jURurCCMZ5zfS,I Love Veterinary Gift Card,Give them the gift of choice with an I love Veterinary gift card. Gift cards are delivered by email and contain instructions to redeem them at checkout. Our ...,"""veterinary"" ""gift card"" Greece",1,data\discovery\mega-harvest-v6\clean-v6\review.csv,,SECOND_PASS_SAFE,non_greek_brand_coherent_direct_gift_card
100,store.juventus.com,Gift Card,https://store.juventus.com/ar/gifts-and-accessories/gifts/gift-card?srsltid=AfmBOoqjIxLhqoitKBcJO_AYdQNU_Nv_sMAnkOQy78n40hTK8AXDn-Z7,Gift Card,Car AccessoriesCar Accessories · Beach Collection ... Gift CardGift Card · Gift BagsGift Bags · Bundles ... Greece. English (€) · Hungary.,"""car accessories"" ""gift card"" Greece",1,data\discovery\mega-harvest-v6\clean-v6\review.csv,,REVIEW,non_greek_brand_coherence_unclear
100,store.kapetanis.com,Δωροκάρτα GKapetanis,https://store.kapetanis.com/gift-card-dorokarta.html?srsltid=AfmBOoo82aWCVQtSd8E0zc172Qdt8JKVKMjkSXopjy8bg-AAcjkGR5Ho,Δωροκάρτα GKapetanis,Bluepoint Swimwear · TOP BRANDS. TOP BRANDS. Triumph · Sloggi · Selenehot · LORMAR ... Ηλεκτρονική Δωροκάρτα GKapetanis. Click to enlarge. Μετάβαση στην αρχή της ...,"""swimwear"" ""δωροκάρτα"" Greece",1,data\discovery\mega-harvest-v6\clean-v6\review.csv,,SECOND_PASS_SAFE,non_greek_brand_coherent_direct_gift_card
70,storetodoorau.com,Buy Gift Card - Online Gift Voucher | Store To Door,https://storetodoorau.com/collections/gift-card?srsltid=AfmBOooObTAGwtui8vvvu658HnUyj11fpXWf4RcaUjLe-LSTEgaDTkCN,Buy Gift Card - Online Gift Voucher | Store To Door,"The pastry on these is not puff pastry, and it's thinner than short crust. ... Authentically Greek. Each one is really a “main” sized serving. I served ...","""pastry"" ""gift voucher"" Greece",1,data\discovery\mega-harvest-v6\clean-v6\review.csv,,REVIEW,non_greek_brand_coherence_unclear
100,stradivarius.com,Κάρτα δώρου | Stradivarius Greek,https://www.stradivarius.com/gr/gift-card.html?srsltid=AfmBOoq5FnwnEZOgrxjrmNRkFChvAOF9nUhr9-VQ9zbTSMGC07efcY7o,Κάρτα δώρου | Stradivarius Greek,Δεν μπορείς ν' αποφασίσεις ποιο είναι το τέλειο δώρο; Η κάρτα δώρου είναι η σίγουρη επιτυχία. Διάλεξε το ποσό και στείλ'την στον παραλήπτη όποτε επιθυμείς.,"""κάρτα δώρου""",6,data\discovery\mass-harvest-v5\clean-v5.1\review.csv | data\discovery\mass-harvest-v5\clean-v5.2\manual-review.csv | data\discovery\mass-harvest-v5\clean-v5.3\global-review.csv | data\discovery\mass-harvest-v5\clean-v5.4\review.csv | data\discovery\mass-harvest-v5\clean-v5.5\review.csv | data\discovery\mega-harvest-v6\clean-v6\review.csv,,SECOND_PASS_SAFE,non_greek_brand_coherent_direct_gift_card
85,stratic.de,Buy Stratic gift vouchers online | Travel voucher,https://stratic.de/en/pages/geschenkgutscheine?srsltid=AfmBOoo66hmF_axv_LHhyqqejukUbJd9gzUTgFsInyg0ZREw2UNK7L3B,Buy Stratic gift vouchers online | Travel voucher,"Who is a gift voucher suitable for? A voucher is always the right choice if you know someone needs luggage or a new bag – but are unsure which model, color, or ...","""luggage"" ""gift voucher"" Greece",5,data\discovery\mass-harvest-v5\clean-v5.1\review.csv | data\discovery\mass-harvest-v5\clean-v5.2\manual-review.csv | data\discovery\mass-harvest-v5\clean-v5.3\global-review.csv | data\discovery\mass-harvest-v5\clean-v5.4\review.csv | data\discovery\mass-harvest-v5\clean-v5.5\review.csv,,SECOND_PASS_SAFE,non_greek_brand_coherent_direct_gift_card
55,stretchandrelax.gr,MASSAGE & PILATES GIFTCARD - Stretch & Relax,https://www.stretchandrelax.gr/en/gift-giftcard-massage-pilates,MASSAGE & PILATES GIFTCARD - Stretch & Relax,"With our Gift Card, you have the flexibility to choose the desired amount, allowing your loved ones to redeem it for a blissful massage session or an ...","site:.gr ""massage"" ""gift card""",1,data\discovery\mega-harvest-v6\clean-v6\review.csv,,REVIEW,greek_domain_brand_coherence_unclear
80,suenobags.gr,Suenobags,https://suenobags.gr/product-page/%CE%B4%CF%89%CF%81%CE%BF%CE%BA%CE%AC%CF%81%CF%84%CE%B1/,Δωροκάρτα,"Suneno Bags - Τσάντες - Πλατεία Ομονοίας 25 Β, Αγ. Στέφανος, 145 65 Τηλ: 21 ... Δωροκάρτα. €42.50 – €850.00. Ποσό Δωροκάρτας. Κάντε μία επιλογή, €50.00 ...","site:.gr ""bags"" ""δωροκάρτα""",7,data\discovery\focused-harvest-v7-run1-backup\clean-v7\review.csv | data\discovery\mass-harvest-v5\clean-v5.1\review.csv | data\discovery\mass-harvest-v5\clean-v5.2\manual-review.csv | data\discovery\mass-harvest-v5\clean-v5.3\global-review.csv | data\discovery\mass-harvest-v5\clean-v5.4\review.csv | data\discovery\mass-harvest-v5\clean-v5.5\review.csv | data\discovery\mega-harvest-v6\clean-v6\review.csv,,SECOND_PASS_SAFE,greek_brand_coherent_direct_gift_card
100,sugarcandybra.com,Gift Voucher,https://www.sugarcandybra.com/products/gift-voucher?srsltid=AfmBOoru8Mmbm0aEREQq2iGXEZ_xjw49EzdK4P1-ril2apFJRAb2frnH,Gift Voucher,Give the gift of wire-free support with a Sugar Candy Gift Voucher! Applicable to every single one of our products. Get shopping ... fuel surcharge) · 45 Day ...,"""fuel"" ""gift voucher"" Greece",1,data\discovery\mega-harvest-v6\clean-v6\review.csv,,REVIEW,non_greek_brand_coherence_unclear
100,summitgym.ufr.gr,Δωροκάρτα 9€ | Γυμναστήριο SUMMIT Ναύπλιο,https://summitgym.ufr.gr/reward-archives/9euro-giftcard-wheel/,Δωροκάρτα 9€ | Γυμναστήριο SUMMIT Ναύπλιο,Reward: Δωροκάρτα 9€ – Γυμναστήριο Summit Ναύπλιο Reward Banner. Reward: Δωροκάρτα 9€ – Γυμναστήριο Summit Ναύπλιο · Δωροκάρτα 9€ ... SUMMIT GYM INSIDER PORTAL.,"site:.gr ""gym"" ""δωροκάρτα""",3,data\discovery\mass-harvest-v5\clean-v5.4\review.csv | data\discovery\mass-harvest-v5\clean-v5.5\review.csv | data\discovery\mega-harvest-v6\clean-v6\review.csv,,REVIEW,greek_domain_brand_coherence_unclear
80,sundevilla.com,Gift voucher - electronic,https://sundevilla.com/en/products/darkovy-poukaz,Gift voucher - electronic,"Give the gift of a sense of uniqueness, because every woman deserves to shine. This voucher opens up the world of luxury swimwear ... Gift voucher. Info ...","""swimwear"" ""gift voucher"" Greece",6,data\discovery\mass-harvest-v5\clean-v5.1\review.csv | data\discovery\mass-harvest-v5\clean-v5.2\manual-review.csv | data\discovery\mass-harvest-v5\clean-v5.3\global-review.csv | data\discovery\mass-harvest-v5\clean-v5.4\review.csv | data\discovery\mass-harvest-v5\clean-v5.5\review.csv | data\discovery\mega-harvest-v6\clean-v6\review.csv,,REVIEW,non_greek_brand_coherence_unclear
100,sunflirt.gr,SUN ΦΛΕΡΤ,https://sunflirt.gr/product/gift-card/,SUN ΦΛΕΡΤ - Gift Card,"Whether it's for a birthday, a thank-you, or just because, the SUN ΦΛΕΡΤ Gift Card is the perfect way to let them choose their ideal look. Delivered instantly ...","site:.gr ""swimwear"" ""gift card""",3,data\discovery\mass-harvest-v5\clean-v5.4\review.csv | data\discovery\mass-harvest-v5\clean-v5.5\review.csv | data\discovery\mega-harvest-v6\clean-v6\review.csv,,REVIEW,greek_domain_brand_coherence_unclear
100,sunrisemykonos.com,Com,https://www.sunrisemykonos.com/gift-cards/,Gift Cards,"GIFT CARD. Stay in Agrari Beach, for a relaxed Mykonos experience, with stunning views, and a peaceful atmosphere away from the crowds. Inquiry. Terms ...","""Mykonos"" ""experience"" ""gift card""",1,data\discovery\focused-harvest-v7-run1-backup\clean-v7\review.csv,,REVIEW,non_greek_brand_coherence_unclear
85,support.apple.com,"Πώς να εξαργυρώσετε τη δωροκάρτα Apple Gift Card, την ...",https://support.apple.com/el-gr/118242,"Πώς να εξαργυρώσετε τη δωροκάρτα Apple Gift Card, την ...","... Gift Card. Εξαργυρώστε τη δωροκάρτα σας στο App Store ή στην εφαρμογή Apple Music, για να τη χρησιμοποιήσετε για αγορές στοιχείων, όπως εφαρμογών, συνδρομών ...","""music"" ""gift card"" Greece",6,data\discovery\mass-harvest-v5\clean-v5.1\review.csv | data\discovery\mass-harvest-v5\clean-v5.2\manual-review.csv | data\discovery\mass-harvest-v5\clean-v5.3\global-review.csv | data\discovery\mass-harvest-v5\clean-v5.4\review.csv | data\discovery\mass-harvest-v5\clean-v5.5\review.csv | data\discovery\mega-harvest-v6\clean-v6\review.csv,,SECOND_PASS_SAFE,non_greek_brand_coherent_direct_gift_card
100,support.only.com,Gift card – Home page - ONLY,https://support.only.com/hc/en-gr/sections/10146879330321-Gift-card,Gift card – Home page - ONLY,Home page · Payment & Gift cards · Gift card. Gift card. BESTSELLER's electronic gift card terms of use · Home page. English (Greece) ... (Ελλάδα) English (Austria) ...,"""home"" ""gift card"" Greece",4,data\discovery\mass-harvest-v5\clean-v5.3\greece-market-review.csv | data\discovery\mass-harvest-v5\clean-v5.4\review.csv | data\discovery\mass-harvest-v5\clean-v5.5\review.csv | data\discovery\mega-harvest-v6\clean-v6\review.csv,,SECOND_PASS_SAFE,non_greek_brand_coherent_direct_gift_card
100,support.spotify.com,Δωροκάρτες Spotify,https://support.spotify.com/gr/article/gift-cards/,Δωροκάρτες Spotify,Η δωροκάρτα τίθεται σε ισχύ είτε στην επόμενη ημερομηνία πληρωμής του ... Fitness με το Spotify · Οι ενημερώσεις σου · Μηνύματα Spotify. Δυνατότητες στα ...,"""fitness"" ""δωροκάρτα"" Greece",1,data\discovery\mega-harvest-v6\clean-v6\review.csv,,SECOND_PASS_SAFE,non_greek_brand_coherent_direct_gift_card
100,supportnow.org,New Gift Card for THE RHODES FAMILY,https://www.supportnow.org/the-rhodes-family/gift-cards/new,New Gift Card for THE RHODES FAMILY,The recipient will choose their preference from these options. DoorDash gift card; Uber Eats gift card; Grubhub gift card; Instacart gift card.,"""Rhodes"" ""gift card""",3,data\discovery\mass-harvest-v5\clean-v5.3\greece-market-review.csv | data\discovery\mass-harvest-v5\clean-v5.4\review.csv | data\discovery\mass-harvest-v5\clean-v5.5\review.csv,,REVIEW,non_greek_brand_coherence_unclear
100,surprisy.com,€300 Gift Voucher Cosmos Sport Price,https://surprisy.com/voucher/eur300-gift-voucher-339,€300 Gift Voucher Cosmos Sport Price,"With a Cosmos Sport Gift Voucher, we offer our loved ones the opportunity to choose their favorite sports shoe, T-Shirt or jacket, fitness accessories or ...","""Heraklion"" ""fitness"" ""gift voucher""",7,data\discovery\focused-harvest-v7\clean-v7\review.csv | data\discovery\focused-harvest-v7-run1-backup\clean-v7\review.csv | data\discovery\mass-harvest-v5\clean-v5.2\global-review.csv | data\discovery\mass-harvest-v5\clean-v5.3\global-review.csv | data\discovery\mass-harvest-v5\clean-v5.4\review.csv | data\discovery\mass-harvest-v5\clean-v5.5\review.csv | data\discovery\mega-harvest-v6\clean-v6\review.csv,,REVIEW,non_greek_brand_coherence_unclear
85,svc-cosmetics.gr,Αγοράστε μία Δωροεπιταγή,https://www.svc-cosmetics.gr/index.php?route,Αγοράστε μία Δωροεπιταγή,Αυτή η δωροεπιταγή θα αποσταλεί μέ e-mail στον παραλήπτη αφού ολοκληρωθεί ή πληρωμή σας. ... SVC Cosmetics. ΒΑΣΙΛΕΙΑΔΗΣ ΣΩΤΗΡΙΟΣ. Νέα Πέραμο Καβάλας. 28ης ...,"site:.gr ""cosmetics"" ""δωροεπιταγή""",2,data\discovery\focused-harvest-v7\clean-v7\review.csv | data\discovery\focused-harvest-v7-run1-backup\clean-v7\review.csv,,REVIEW,greek_domain_brand_coherence_unclear
85,svs.com.gr,Αγοράστε μία Δωροεπιταγή,https://www.svs.com.gr/index.php?route,Αγοράστε μία Δωροεπιταγή,Αγοράστε μία Δωροεπιταγή. Αυτή η δωροεπιταγή θα αποσταλεί μέ e-mail στον παραλήπτη αφού ολοκληρωθεί ή πληρωμή σας. Όνομα παραλήπτη. E-mail παραλήπτη.,"site:.com.gr ""δωροεπιταγή""",3,data\discovery\focused-harvest-v7\clean-v7\review.csv | data\discovery\focused-harvest-v7-run1-backup\clean-v7\review.csv | data\discovery\mega-harvest-v6\clean-v6\review.csv,,REVIEW,greek_domain_brand_coherence_unclear
100,swarovski.com,Δωροκάρτα Swarovski | Swarovski GR,https://www.swarovski.com/el-GR/s-giftcardbuy/,Δωροκάρτα Swarovski | Swarovski GR,Επιλέξτε το αγαπημένο σας σχέδιο για τη δωροκάρτα μαζί με το ποσό προσφοράς. Κάποιο αγαπημένο σας πρόσωπο θα νιώσει χαρά με τη δωροκάρτα Swarovski ... Experience ...,"""experience"" ""δωροκάρτα"" Greece",1,data\discovery\mega-harvest-v6\clean-v6\review.csv,,SECOND_PASS_SAFE,non_greek_brand_coherent_direct_gift_card
100,swatch.com,"Gift cards, FAQ's",https://www.swatch.com/en-en/gift-cards.html,"Gift cards, FAQ's","Can I buy another gift card with my gift card? No, this is not possible. My ... ALL RIGHTS RESERVED: SWISS WATCHES.","""Greece"" ""watches"" ""gift card""",1,data\discovery\mega-harvest-v6\clean-v6\review.csv,,REVIEW,non_greek_brand_coherence_unclear
100,sweetcare.com,BUY GIFT CARD - SweetCare Cyprus,https://www.sweetcare.com/cy/giftcard.aspx?st=02,BUY GIFT CARD - SweetCare Cyprus,"Select the amount you want to offer, personalize a message and you're done! With SweetCare Gift Card, you will be able to pamper those who most deserve it!","""Cyprus"" beauty ""gift card"" official",4,data\discovery\mass-harvest-v5\clean-v5.2\global-review.csv | data\discovery\mass-harvest-v5\clean-v5.3\global-review.csv | data\discovery\mass-harvest-v5\clean-v5.4\review.csv | data\discovery\mass-harvest-v5\clean-v5.5\review.csv,,SECOND_PASS_SAFE,non_greek_brand_coherent_direct_gift_card
100,swissotel.com,Swissôtel Gift Card,https://www.swissotel.com/about-swissotel/gift-card/,Swissôtel Gift Card,Swissôtel Gift Card - Feel welcome to Swissôtel Hotels and Resorts. Book one ... Switzerland. Bern. Türkiye. Bodrum Gündoğan · Bodrum Turgutreis · Bursa · Cesme ...,"""Switzerland"" hotel ""gift card"" official",4,data\discovery\mass-harvest-v5\clean-v5.2\global-review.csv | data\discovery\mass-harvest-v5\clean-v5.3\global-review.csv | data\discovery\mass-harvest-v5\clean-v5.4\review.csv | data\discovery\mass-harvest-v5\clean-v5.5\review.csv,,SECOND_PASS_SAFE,non_greek_brand_coherent_direct_gift_card
85,swissvax.gr,for Car Lovers - Swissvax,https://swissvax.gr/en/products/geschenkgutschein?srsltid,Gift Voucher - for Car Lovers - Swissvax,The Swissvax Gift Voucher is the ideal gift for car lovers. The voucher is valid for all products and services in the Swissvax online shop – whether carnauba ...,"site:.gr ""gift voucher""",8,data\discovery\focused-harvest-v7\clean-v7\review.csv | data\discovery\focused-harvest-v7-run1-backup\clean-v7\review.csv | data\discovery\mass-harvest-v5\clean-v5.1\review.csv | data\discovery\mass-harvest-v5\clean-v5.2\manual-review.csv | data\discovery\mass-harvest-v5\clean-v5.3\global-review.csv | data\discovery\mass-harvest-v5\clean-v5.4\review.csv | data\discovery\mass-harvest-v5\clean-v5.5\review.csv | data\discovery\mega-harvest-v6\clean-v6\review.csv,,SECOND_PASS_SAFE,greek_brand_coherent_direct_gift_card
100,switzerlandtravelcentre.com,Gift Vouchers,https://switzerlandtravelcentre.com/en/information/gift-vouchers,Gift Vouchers,"Two women laughing while one of them holds a gift voucher. ... Please note that postal delivery is only available within Switzerland, Germany, Austria, France, ...","""Germany"" travel ""gift voucher"" official",4,data\discovery\mass-harvest-v5\clean-v5.2\global-review.csv | data\discovery\mass-harvest-v5\clean-v5.3\global-review.csv | data\discovery\mass-harvest-v5\clean-v5.4\review.csv | data\discovery\mass-harvest-v5\clean-v5.5\review.csv,,REVIEW,non_greek_brand_coherence_unclear
100,sylviap.com.au,Gift Voucher,https://www.sylviap.com.au/products/gift-voucher?srsltid=AfmBOor7wc72AltHuJipwAIE_oIddUkHu1-yJJoAzfvpR-kHBe8ry2WG,Gift Voucher,Gift Voucher. Sale price$25.00 AUD Regular price (/). Value: $25. Value. $25 ... © 2026 - SylviaP Sportswear Pty Ltd | Website grown in a Glasshouse Digital .,"""sportswear"" ""gift voucher"" Greece",1,data\discovery\mega-harvest-v6\clean-v6\review.csv,,REVIEW,non_greek_brand_coherence_unclear
80,syrostoday.gr,Φέτος χαρίστε μια Δωροεπιταγή σαν Χριστουγεννιάτικο Δώρo ...,https://www.syrostoday.gr/News/154657-Fetos-xariste-mia-Doroepitagi-san-Xristoygenniatiko-Doro-apo-ta-Kois-Optics.aspx,Φέτος χαρίστε μια Δωροεπιταγή σαν Χριστουγεννιάτικο Δώρo ...,Φέτος τα Χριστούγεννα χαρίστε στα αγαπημένα σας πρόσωπα μια Δωροεπιταγή από τα καταστήματα Kois Optics. Τα Kois Optics σας εύχονται Καλές Γιορτές.,"site:.gr ""optics"" ""δωροεπιταγή""",2,data\discovery\focused-harvest-v7\clean-v7\review.csv | data\discovery\focused-harvest-v7-run1-backup\clean-v7\review.csv,,REVIEW,greek_domain_brand_coherence_unclear
85,takka.gr,Αγοράστε μία Δωροεπιταγή,https://takka.gr/index.php?route,Αγοράστε μία Δωροεπιταγή,Αγοράστε μία Δωροεπιταγή ... Αυτή η δωροεπιταγή θα αποσταλεί μέ e-mail στον παραλήπτη αφού ολοκληρωθεί ή πληρωμή σας. Όνομα παραλήπτη. E-mail παραλήπτη.,"site:.gr ""toys"" ""δωροεπιταγή""",2,data\discovery\focused-harvest-v7\clean-v7\review.csv | data\discovery\focused-harvest-v7-run1-backup\clean-v7\review.csv,,REVIEW,greek_domain_brand_coherence_unclear
100,talesofales.gr,Gift Card για πρωτότυπα και όμορφα δώρα!,https://talesofales.gr/product/gift-card-gia-prototypa-kai-omorfa-dora/,Gift Card για πρωτότυπα και όμορφα δώρα!,"... Δωροκάρτα ισχύει και για το φυσικό μας κατάστημα, και για το E-Shop μας. Για ... Tales of Ales Beer Bar Online Shop. 0 items / 0,00 €. Gift ...","site:.gr ""bar"" ""δωροκάρτα""",1,data\discovery\mega-harvest-v6\clean-v6\review.csv,,REVIEW,greek_domain_brand_coherence_unclear
100,tanea.gr,Όσκαρ: Τι κρύβει η φετινή gift card,https://www.tanea.gr/2024/03/09/lifearts/cinema/oskar-ti-kryvei-i-fetini-gift-card/,Όσκαρ: Τι κρύβει η φετινή gift card,Ο κύβος του Ρούμπικ και διαμονή σε πολυτελές ελβετικό σαλέ μεταξύ των φετινών δώρων. Όσκαρ: Τι κρύβει η φετινή gift card.,"site:.gr ""cinema"" ""gift card""",3,data\discovery\mass-harvest-v5\clean-v5.4\review.csv | data\discovery\mass-harvest-v5\clean-v5.5\review.csv | data\discovery\mega-harvest-v6\clean-v6\review.csv,,REVIEW,greek_domain_brand_coherence_unclear
100,tattooathens.com.gr,LTS Gift Card 20,https://tattooathens.com.gr/component/hikashop/product/46-lts-gift-card-20,LTS Gift Card 20,"LTS Gift Card 20. 20,00 €. A unique present for friends and loved ones is this gift card from Lonis Tattoo Studio. Because some gifts are forever! The Gift Card ...","site:.gr ""tattoo"" ""gift card""",1,data\discovery\mega-harvest-v6\clean-v6\review.csv,,REVIEW,greek_domain_brand_coherence_unclear
100,tattooathens.gr,LTS GIFT CARD / ΚΑΡΤΑ ΔΩΡΟΥ,https://www.tattooathens.gr/blog/news/53-lts-gift-card,LTS GIFT CARD / ΚΑΡΤΑ ΔΩΡΟΥ,Γιατί κάποια δώρα είναι παντοτινά! *LTS GIFT CARD*. A unique present for friends and loved ones is this gift card from Lonis Tattoo Studio. Because some gifts ...,"site:.gr ""gifts"" ""gift card""",1,data\discovery\mega-harvest-v6\clean-v6\review.csv,,REVIEW,greek_domain_brand_coherence_unclear
100,tattooedinburgh.com,Okey Dokey Tattoo Gift Voucher Edinburgh | £100,https://tattooedinburgh.com/products/gift-voucher-100?srsltid=AfmBOopLLuk9qw_ZFHDScXNinzB3Wu0Mdlqv9C_ibUr0HjYaY-kEpOOP,Okey Dokey Tattoo Gift Voucher Edinburgh | £100,This doesn't fade. An Okey Dokey Tattoo gift voucher hands someone the one thing every other present can't: a piece of art they'll wear for life.,"""tattoo"" ""gift voucher"" Greece",1,data\discovery\mega-harvest-v6\clean-v6\review.csv,,REVIEW,non_greek_brand_coherence_unclear
100,tavellio.com,Tavellio Gift Card | The Perfect Lighting Gift,https://www.tavellio.com/collections/giftcard,Tavellio Gift Card | The Perfect Lighting Gift,Give the gift of choice with a Tavellio Gift Card and let them discover timeless lighting and premium designs.,"""lighting"" ""gift card"" Greece",1,data\discovery\mega-harvest-v6\clean-v6\review.csv,,SECOND_PASS_SAFE,non_greek_brand_coherent_direct_gift_card
100,taxheaven.gr,gift card,https://www.taxheaven.gr/forum/topics/596/gift-card-doroepitaghes,gift card-δωροεπιταγές,"gift card-δωροεπιταγές. M. masimakopoulos_dtas. 18 ερωτήσεις έχουν τεθεί. 6 απαντήσεις έχουν δοθεί. Τέθηκε στις Jul 24, 2024, 3:39 PM 142 views. Δεν μπορείτε να ...","site:.gr ""δωροεπιταγές""",1,data\discovery\mega-harvest-v6\clean-v6\review.csv,,REJECT,known_false_positive_or_reseller
100,tbdeyewear.com,Tbdeyewear,https://www.tbdeyewear.com/pages/gift-card?srsltid=AfmBOor6mtO5XmzD2_hwQo1gIIRKEEj1VT2g7fEjARDUfbP7DiV96hDX,E-Gift Card Policy,Gift cards can be redeemed only on TBD Eyewear website · The gift card's value can be used towards the purchase of any eligible products available on our website ...,"""eyewear"" ""gift card"" Greece",5,data\discovery\mass-harvest-v5\clean-v5.2\global-review.csv | data\discovery\mass-harvest-v5\clean-v5.3\global-review.csv | data\discovery\mass-harvest-v5\clean-v5.4\review.csv | data\discovery\mass-harvest-v5\clean-v5.5\review.csv | data\discovery\mega-harvest-v6\clean-v6\review.csv,,SECOND_PASS_SAFE,non_greek_brand_coherent_direct_gift_card
100,teamsports.com,Gift voucher 20 Euro for printing at home,https://www.teamsports.com/presents/gift-voucher-20-euro-for-printing-at-home/a-2642,Gift voucher 20 Euro for printing at home,"You will receive an attractive gift voucher in PDF format for printing. On the voucher is a coupon code that the ""gifted"" then can easily redeem when shopping ...","""printing"" ""gift voucher"" Greece",2,data\discovery\mass-harvest-v5\clean-v5.4\review.csv | data\discovery\mass-harvest-v5\clean-v5.5\review.csv,,REJECT,non_merchant_signal
100,temu.com,24 gift voucher suitable small business party,https://www.temu.com/gr-en/24-gift-voucher--suitable-for-small-business-party-games-blank-gift-card-ry-cards-suitable-for-holidays-christmas-weddings-birthdays-party-supplies-g-601099557362128.html,24 gift voucher suitable small business party,"Home Toys & Games Games & Accessories 24 Gift Voucher Suitable for Small Business Party Games Blank Gift Card ry Cards Suitable for Holidays, Christmas ...","""Greece"" ""toys"" ""gift voucher""",6,data\discovery\mass-harvest-v5\clean-v5.1\review.csv | data\discovery\mass-harvest-v5\clean-v5.2\manual-review.csv | data\discovery\mass-harvest-v5\clean-v5.3\global-review.csv | data\discovery\mass-harvest-v5\clean-v5.4\review.csv | data\discovery\mass-harvest-v5\clean-v5.5\review.csv | data\discovery\mega-harvest-v6\clean-v6\review.csv,,REVIEW,non_greek_brand_coherence_unclear
100,tennisgarden.gr,Δωροκάρτες,https://tennisgarden.gr/gift-cards/,Δωροκάρτες,Χαρίστε σε φίλους και αγαπημένα πρόσωπα μια εμπειρία με την δωροκάρτα του Kalamata Tennis Garden! Από 8 Δεκεμβρίοιυ 2021 και κατά τη διάρκεια όλης της σεζόν ...,"""Kalamata"" ""δωροκάρτα""",3,data\discovery\mass-harvest-v5\clean-v5.4\review.csv | data\discovery\mass-harvest-v5\clean-v5.5\review.csv | data\discovery\mega-harvest-v6\clean-v6\review.csv,,REVIEW,greek_domain_brand_coherence_unclear
100,tenplushair.gr,Ten Plus,https://tenplushair.gr/ten-plus-hair-services-gift-card/,Δωροκάρτα Ten Plus,360° Virtual Tour. Δευτέρα. 09:00 - 17:00. Τρίτη. 08:30 - 20:30. Τετάρτη. 09:00 ... Η αξία των υπηρεσιών ή προϊόντων που θα αγοραστούν µε την δωροκάρτα πρέπει να ...,"site:.gr ""tour"" ""δωροκάρτα""",3,data\discovery\focused-harvest-v7\clean-v7\review.csv | data\discovery\focused-harvest-v7-run1-backup\clean-v7\review.csv | data\discovery\mega-harvest-v6\clean-v6\review.csv,,REVIEW,greek_domain_brand_coherence_unclear
100,teritoria.com,Wedding Gift Card - Gift Shop Teritoria,https://www.teritoria.com/en/gift-shop/our-gift-cards/wedding-gift-card/,Wedding Gift Card - Gift Shop Teritoria,"Wedding Gift Card. This gift card is valid for 24 months and can be used in ... Greece, Germany and Austria(for a night & breakfast stay or a meal). 1 ...","""wedding"" ""gift card"" Greece",4,data\discovery\mass-harvest-v5\clean-v5.3\greece-market-review.csv | data\discovery\mass-harvest-v5\clean-v5.4\review.csv | data\discovery\mass-harvest-v5\clean-v5.5\review.csv | data\discovery\mega-harvest-v6\clean-v6\review.csv,,SECOND_PASS_SAFE,non_greek_brand_coherent_direct_gift_card
100,terme-snovik.si,Value gift voucher 20 €,https://www.terme-snovik.si/en/online-shop/gift-vouchers/gift-voucher-20,Value gift voucher 20 €,Outdoor pool snack bar · Recipes. Activities. << Nazaj; Events at the thermal spa ... Value gift voucher 20 €. SHOP. ONLINE SHOP · GIFT VOUCHERS · GIFT VOUCHERS.,"""outdoor"" ""gift voucher"" Greece",5,data\discovery\mass-harvest-v5\clean-v5.2\global-review.csv | data\discovery\mass-harvest-v5\clean-v5.3\global-review.csv | data\discovery\mass-harvest-v5\clean-v5.4\review.csv | data\discovery\mass-harvest-v5\clean-v5.5\review.csv | data\discovery\mega-harvest-v6\clean-v6\review.csv,,REVIEW,non_greek_brand_coherence_unclear
85,tesae.gr,Ενεργοποίηση δυνατότητας δωροεπιταγών (Gift Cards) στο ...,https://www.tesae.gr/articles/protipes-meletes-i-efarmoges-(pegasus-globality)/pegasus-erp-,Ενεργοποίηση δυνατότητας δωροεπιταγών (Gift Cards) στο ...,Οι δώροεπιταγές μπορούν να παίξουν με δύο σενάρια: O πελάτης να αγοράζει μια δωροεπιταγή με συγκεκριμένο πόσο ή συμπληρώνοντας αυτός το ποσό που ...,"site:.gr ""experience"" ""δωροεπιταγή""",2,data\discovery\focused-harvest-v7\clean-v7\review.csv | data\discovery\focused-harvest-v7-run1-backup\clean-v7\review.csv,,REVIEW,greek_domain_brand_coherence_unclear
60,tescogiftcards.com,Hotels.com eGift,https://www.tescogiftcards.com/card_designs/hotels-com-egift,Hotels.com eGift,"Available card balance only to be used for online payment of new hotel bookings at uk.Hotels.com. Only one gift card can be redeemed per online booking, but ...","""UK"" hotel ""gift card"" official",5,data\discovery\mass-harvest-v5\clean-v5.1\review.csv | data\discovery\mass-harvest-v5\clean-v5.2\manual-review.csv | data\discovery\mass-harvest-v5\clean-v5.3\global-review.csv | data\discovery\mass-harvest-v5\clean-v5.4\review.csv | data\discovery\mass-harvest-v5\clean-v5.5\review.csv,,REVIEW,gift_signal_only_in_snippet
100,tezapsidis-jewellery.com,Tezapsidis Gift Card,https://tezapsidis-jewellery.com/el/products/tezapsidis-gift-card?srsltid=AfmBOoo0ywPbAUNgWot0sFxe7yielHmKcVoesQTvDH5MwHopQp-F0qLz,Tezapsidis Gift Card,"... Gift Card arrives instantly by email to the recipient and is recognized in Tezapsidis Store in Thessaloniki, Greece, on the Web at tezapsidis-jewellery.com ...","""Thessaloniki"" ""jewelry"" ""gift card""",3,data\discovery\focused-harvest-v7\clean-v7\review.csv | data\discovery\focused-harvest-v7-run1-backup\clean-v7\review.csv | data\discovery\mega-harvest-v6\clean-v6\review.csv,,REVIEW,non_greek_brand_coherence_unclear
100,thankbox.com,Supermarket Gift Cards,https://www.thankbox.com/gift-cards/supermarket?srsltid=AfmBOopbvd4zTf-_Uew-7UqQx_rIXMjbLrGGrtFDKUPskZHdakO1pDTM,Supermarket Gift Cards,"Give the gift of a fully stocked fridge. Browse supermarket gift cards from top UK grocers — practical, flexible, and always appreciated.","""supermarket"" ""gift voucher"" Greece",6,data\discovery\focused-harvest-v7-run1-backup\clean-v7\review.csv | data\discovery\mass-harvest-v5\clean-v5.2\global-review.csv | data\discovery\mass-harvest-v5\clean-v5.3\global-review.csv | data\discovery\mass-harvest-v5\clean-v5.4\review.csv | data\discovery\mass-harvest-v5\clean-v5.5\review.csv | data\discovery\mega-harvest-v6\clean-v6\review.csv,,REVIEW,non_greek_brand_coherence_unclear
85,theartisania.com,Buy Gift Vouchers Online,https://theartisania.com/en-int/pages/gifting?srsltid=AfmBOorxvvgcSui5Mt4CKK5O9kKZo_B-gvTxUYUCUuvUbSRLJv4JwItf,Buy Gift Vouchers Online,"Send someone the gift of art. Buy digital gift cards for handcrafted furniture, art, and decor ... Let me know if you'd like any refinements! Buy A Gift Voucher.","""decor"" ""gift voucher"" Greece",6,data\discovery\mass-harvest-v5\clean-v5.1\review.csv | data\discovery\mass-harvest-v5\clean-v5.2\manual-review.csv | data\discovery\mass-harvest-v5\clean-v5.3\global-review.csv | data\discovery\mass-harvest-v5\clean-v5.4\review.csv | data\discovery\mass-harvest-v5\clean-v5.5\review.csv | data\discovery\mega-harvest-v6\clean-v6\review.csv,,REVIEW,non_greek_brand_coherence_unclear
85,theartstore.gr,δωροκάρτα Archives - The Art Store,https://theartstore.gr/product-tag/%CE%B4%CF%89%CF%81%CE%BF%CE%BA%CE%AC%CF%81%CF%84%CE%B1/,δωροκάρτα Archives - The Art Store,... Art Store · Καλάθι Αγορών €0.00 0 ... δωροκάρτα. Εμφάνιση του μοναδικού αποτελέσματος ... Art Store - a project by atsompanis. Αρ. ΓΕΜΗ: 137831855000. fbpx.,"site:.gr ""art"" ""δωροκάρτα""",1,data\discovery\mega-harvest-v6\clean-v6\review.csv,,SECOND_PASS_SAFE,greek_brand_coherent_direct_gift_card
100,thebaitay.com,GIFT CARD - The BaiTay,https://thebaitay.com/collections/gift-card?srsltid=AfmBOorUBq8ljCKr8szk2xU-lhXJpiAmus50HloxaCo0mIs5QLC8OClp,GIFT CARD - The BaiTay,BAGS · HAND FAN · ACCESSORIES · TABLEWARE · WALL ART · GIFT CARD · SUMMER SALE · BLANKETS ... Thessaloniki Greece. Contact. info@thebaitay.com. MANTENGAMOS EL ...,"""Thessaloniki"" ""bags"" ""gift card""",1,data\discovery\mega-harvest-v6\clean-v6\review.csv,,SECOND_PASS_SAFE,non_greek_brand_coherent_direct_gift_card
100,thebbqmag.com,Buy a Gift Voucher,https://www.thebbqmag.com/buy-a-gift-voucher/,Buy a Gift Voucher,Solid Fuel · Cookery Schools · Restaurants & Experiences · Food · Drink · Grills ... Buy a Gift Voucher. We have a selection of Gift Vouchers which can be ...,"""fuel"" ""gift voucher"" Greece",1,data\discovery\mega-harvest-v6\clean-v6\review.csv,,REVIEW,non_greek_brand_coherence_unclear
100,thebodyshop.cy,Thebodyshop,https://thebodyshop.cy/en/products/e-gift-card-1,E-Gift Card,The Body Shop Cyprus · Log in Search Cart · Trending · Must-have Essentials ... E-Gift Card. SEND AN ONLINE E-GIFT CARD. Stuck for gift ideas? Or did you ...,"""Cyprus"" beauty ""gift card"" official",4,data\discovery\mass-harvest-v5\clean-v5.2\global-review.csv | data\discovery\mass-harvest-v5\clean-v5.3\global-review.csv | data\discovery\mass-harvest-v5\clean-v5.4\review.csv | data\discovery\mass-harvest-v5\clean-v5.5\review.csv,,SECOND_PASS_SAFE,non_greek_brand_coherent_direct_gift_card
100,thebodyshop.mt,Gift Card,https://www.thebodyshop.mt/products/gift-card?srsltid=AfmBOor3Jyw_8cWsobSveIaHZzsF-G26-xW4xu1qSzZd5fRm3zGctgQX,Gift Card,Gift Card. What does it do for you? SEND AN ONLINE E-GIFT CARD. Stuck for ... The Body Shop Malta · Instagram · Facebook · Pinterest. © 2026 The Body Shop Malta,"""Malta"" retail ""gift card"" official",4,data\discovery\mass-harvest-v5\clean-v5.2\global-review.csv | data\discovery\mass-harvest-v5\clean-v5.3\global-review.csv | data\discovery\mass-harvest-v5\clean-v5.4\review.csv | data\discovery\mass-harvest-v5\clean-v5.5\review.csv,,REVIEW,non_greek_brand_coherence_unclear
100,thebookhousebroughtyferry.co.uk,Bookhouse Gift Vouchers,https://thebookhousebroughtyferry.co.uk/collections/bookhouse-gift-vouchers?srsltid=AfmBOoq7Ztis4nZ2sYbFdGOladAowc__2tNnaUoMV9T4Py9v2itqiLwz,Bookhouse Gift Vouchers,Physical Gift Voucher - Gift Cards from The Bookhouse Broughty Ferry- Just £10! Physical Gift Voucher · Physical Gift Voucher. Regular price From £10.00 GBP.,"""ferry"" ""gift voucher"" Greece",4,data\discovery\mass-harvest-v5\clean-v5.2\global-review.csv | data\discovery\mass-harvest-v5\clean-v5.3\global-review.csv | data\discovery\mass-harvest-v5\clean-v5.4\review.csv | data\discovery\mass-harvest-v5\clean-v5.5\review.csv,,REVIEW,non_greek_brand_coherence_unclear
85,theboxgallery.gr,Αγοράστε μία Δωροεπιταγή,https://theboxgallery.gr/index.php?route,Αγοράστε μία Δωροεπιταγή,Coloring Books · Τρενάκια Ζωγραφικής · Tag Stickers · Καμβάδες Ζωγραφικής · Εργαλεία ... Αυτή η δωροεπιταγή θα αποσταλεί μέ e-mail στον παραλήπτη αφού ολοκληρωθεί ...,"site:.gr ""books"" ""δωροεπιταγή""",2,data\discovery\focused-harvest-v7\clean-v7\review.csv | data\discovery\focused-harvest-v7-run1-backup\clean-v7\review.csv,,REVIEW,greek_domain_brand_coherence_unclear
100,thecardzoo.com,Trip To Corfu Pass Personalised Gift Voucher Surprise ...,https://thecardzoo.com/trip-to-corfu-pass-personalised-gift-voucher-surprise-trip-holiday-ticket/,Trip To Corfu Pass Personalised Gift Voucher Surprise ...,"This Trip To Corfu Pass Personalised Gift Voucher Surprise Trip Holiday Ticket is printed onto high quality satin finish card, measures 21.5 x 10.6cm and comes ...","""Corfu"" ""gift voucher""",4,data\discovery\focused-harvest-v7-run1-backup\clean-v7\review.csv | data\discovery\mass-harvest-v5\clean-v5.3\greece-market-review.csv | data\discovery\mass-harvest-v5\clean-v5.4\review.csv | data\discovery\mass-harvest-v5\clean-v5.5\review.csv,,REVIEW,non_greek_brand_coherence_unclear
100,theeurope.com,Christmas 2020 Gift Vouchers & Offers - Killarney,https://www.theeurope.com/blog/gift-vouchers-special-offers-christmas-2020,Christmas 2020 Gift Vouchers & Offers - Killarney,"Thoughtful luxury Christmas 2020 present guide & ideas for gift vouchers, ESPA, accommodation, special offers & dining from The Europe, ...","""Europe"" hotel ""gift card"" official",4,data\discovery\mass-harvest-v5\clean-v5.2\global-review.csv | data\discovery\mass-harvest-v5\clean-v5.3\global-review.csv | data\discovery\mass-harvest-v5\clean-v5.4\review.csv | data\discovery\mass-harvest-v5\clean-v5.5\review.csv,,REVIEW,non_greek_brand_coherence_unclear
100,thefoundation.com.au,Lingerie Gift Voucher $20 | Last Minute Gift Ideas for Women,https://thefoundation.com.au/products/gift-card-21?srsltid=AfmBOopo5GEmdEF8FFGKYL5hV6MyhvfvlHa5Q74M1I3aKYXyF87oey9u,Lingerie Gift Voucher $20 | Last Minute Gift Ideas for Women,"Gift Cards and Vouchers for women. Find the perfect gift for women to choose from a wide selection of lingerie, and complimentary bra fitting too.","""lingerie"" ""gift voucher"" Greece",5,data\discovery\mass-harvest-v5\clean-v5.2\global-review.csv | data\discovery\mass-harvest-v5\clean-v5.3\global-review.csv | data\discovery\mass-harvest-v5\clean-v5.4\review.csv | data\discovery\mass-harvest-v5\clean-v5.5\review.csv | data\discovery\mega-harvest-v6\clean-v6\review.csv,,REVIEW,non_greek_brand_coherence_unclear
100,thefrankieshop.com,Com,https://thefrankieshop.com/products/e-gift-card,E-Gift Card,Gift Card · The Frankie Shop. New In. Lifestyle. View All · Decor · Candles & Home Fragrances · Beauty · Perfumes · Textiles · The Frankie Shop. Textiles · The ...,"""Rhodes"" ""beauty"" ""gift card""",2,data\discovery\focused-harvest-v7\clean-v7\review.csv | data\discovery\focused-harvest-v7-run1-backup\clean-v7\review.csv,,REVIEW,non_greek_brand_coherence_unclear
100,thegreekoutdoor.com,Gift Card - The Greek Outdoor,https://thegreekoutdoor.com/gift-card/,Gift Card - The Greek Outdoor,Home Give the Gift of Adventure with Sailing Tours and Outdoor Activities in Greece Travel Gift Card Looking for the perfect travel gift for your loved ones ...,"""outdoor"" ""gift card"" Greece",4,data\discovery\mass-harvest-v5\clean-v5.3\greece-market-review.csv | data\discovery\mass-harvest-v5\clean-v5.4\review.csv | data\discovery\mass-harvest-v5\clean-v5.5\review.csv | data\discovery\mega-harvest-v6\clean-v6\review.csv,,SECOND_PASS_SAFE,non_greek_brand_coherent_direct_gift_card
100,theguardian.com,10 of the best holiday gift voucher ideas | Travel | The Guardian,https://www.theguardian.com/travel/2017/dec/11/10-best-holiday-gift-voucher-ideas,10 of the best holiday gift voucher ideas | Travel | The Guardian,"... Travel · US · Europe · UK. Gartmore House, Scotland, in its rolling grounds ... 10 of the best holiday gift voucher ideas. This article is more ...","""UK"" travel ""gift voucher"" official",4,data\discovery\mass-harvest-v5\clean-v5.2\global-review.csv | data\discovery\mass-harvest-v5\clean-v5.3\global-review.csv | data\discovery\mass-harvest-v5\clean-v5.4\review.csv | data\discovery\mass-harvest-v5\clean-v5.5\review.csv,,SECOND_PASS_SAFE,non_greek_brand_coherent_direct_gift_card
100,thegymking.com,eGift Card | Online Gift Card,https://thegymking.com/products/gk-gift-card,eGift Card | Online Gift Card,"Gym King Gift Card, a fast and easy digital gift with instant delivery and flexible values, ideal for gym clothing, fitness gear, and activewear.","""fitness"" ""gift voucher"" Greece",3,data\discovery\mass-harvest-v5\clean-v5.4\review.csv | data\discovery\mass-harvest-v5\clean-v5.5\review.csv | data\discovery\mega-harvest-v6\clean-v6\review.csv,,REVIEW,non_greek_brand_coherence_unclear
100,thehealthyholidaycompany.co.uk,Our Gift Card. The Perfect Gift,https://thehealthyholidaycompany.co.uk/gift-voucher/,Our Gift Card. The Perfect Gift,Medical Spa · Ranch Holidays · Safari · Villas. Outdoor Activities. Hiking · Luxury ... We can send you a beautiful digital gift gift voucher so you can surprise ...,"""medical spa"" ""gift voucher"" Greece",1,data\discovery\mega-harvest-v6\clean-v6\review.csv,,REVIEW,non_greek_brand_coherence_unclear
100,thehellenicodyssey.com,Gift Card,https://thehellenicodyssey.com/product/shop/gift-cards/gift-card/,Gift Card,Gift Card. $50.00 – $100.00 Price range: $50.00 through $100.00. Don't Know ... pastry. read moreread less. Maria. 25/05/24. Kelly was super friendly and ...,"""pastry"" ""gift card"" Greece",1,data\discovery\mega-harvest-v6\clean-v6\review.csv,,REVIEW,non_greek_brand_coherence_unclear
80,theleatherrebel.com,Gift voucher,https://theleatherrebel.com/en-eu/collections/cadeaubon?srsltid=AfmBOopqpitxlJWp-A8Vyq7V3ICQczAd7iSdjIr-hvDYVFNLPl_6C5MK,Gift voucher,"... convenient! Want to give an original gift? Choose a gift voucher from The Leather Rebel! Gift voucher. Choose options. Gift voucher Sale priceFrom €10,00.","""leather"" ""gift voucher"" Greece",5,data\discovery\mass-harvest-v5\clean-v5.1\review.csv | data\discovery\mass-harvest-v5\clean-v5.2\manual-review.csv | data\discovery\mass-harvest-v5\clean-v5.3\global-review.csv | data\discovery\mass-harvest-v5\clean-v5.4\review.csv | data\discovery\mass-harvest-v5\clean-v5.5\review.csv,,REVIEW,non_greek_brand_coherence_unclear
100,thelproject.gr,Gift Voucher - Theλamdaproject - Language School,https://thelproject.gr/courses/gift-voucher/,Gift Voucher - Theλamdaproject - Language School,"Courses · Intensive Courses · Standard Intensive 20h · Extra Intensive 20h + 5h ... Gift Voucher. €67,763,949.00. Looking for a thoughtful gift for a friend or ...","""courses"" ""gift voucher"" Greece",3,data\discovery\mass-harvest-v5\clean-v5.4\review.csv | data\discovery\mass-harvest-v5\clean-v5.5\review.csv | data\discovery\mega-harvest-v6\clean-v6\review.csv,,REVIEW,greek_domain_brand_coherence_unclear
100,theluxurytravelexpert.com,Why Luxury Hotel Gift Cards Are the Perfect Gift,https://theluxurytravelexpert.com/why-luxury-hotel-gift-cards-are-the-perfect-gift/,Why Luxury Hotel Gift Cards Are the Perfect Gift,"A Six Senses gift card unlocks access to eco-conscious luxury resorts, wellness programs, spa treatments, and immersive experiences designed ...","""luxury"" ""gift card"" Greece",1,data\discovery\mega-harvest-v6\clean-v6\review.csv,,REVIEW,non_greek_brand_coherence_unclear
100,themodernisthotels.com,The Modernist Gift Voucher,https://shop.themodernisthotels.com/product/the-modernist-gift-voucher/,The Modernist Gift Voucher,"The Modernist Gift Voucher. €100.00 – €2,000.00 Price range: €100.00 ... From stays at The Modernist Athens or The Modernist Thessaloniki to light ...","""Thessaloniki"" ""gift voucher""",3,data\discovery\mass-harvest-v5\clean-v5.3\greece-market-review.csv | data\discovery\mass-harvest-v5\clean-v5.4\review.csv | data\discovery\mass-harvest-v5\clean-v5.5\review.csv,,REVIEW,non_greek_brand_coherence_unclear
100,themontenottehotel.com,Hotel & Spa Gift Vouchers Cork,https://www.themontenottehotel.com/gift-vouchers/,Hotel & Spa Gift Vouchers Cork,"However you choose to gift the Montenotte experience, a gift voucher ensures a memorable holiday treat. ... Cinema. Simply choose the monetary value you ...","""cinema"" ""gift voucher"" Greece",5,data\discovery\mass-harvest-v5\clean-v5.2\global-review.csv | data\discovery\mass-harvest-v5\clean-v5.3\global-review.csv | data\discovery\mass-harvest-v5\clean-v5.4\review.csv | data\discovery\mass-harvest-v5\clean-v5.5\review.csv | data\discovery\mega-harvest-v6\clean-v6\review.csv,,REVIEW,non_greek_brand_coherence_unclear
65,theolivesense.com,Gift Card,https://www.theolivesense.com/products/gift-card?srsltid=AfmBOopZqy_mBMAxk5AVu-GbGzvlZsg063x3tm6h-LwPJCgB7a50xloG,Gift Card,... skincare product to her face against a beige background. From our hands to ... Greece. (030) 211 4086 920 (030) 6934 919 569. info@theolivesense.com.,"""Greece"" ""skincare"" ""gift card""",1,data\discovery\mega-harvest-v6\clean-v6\review.csv,,REVIEW,non_greek_brand_coherence_unclear
100,thepanicroomonline.net,Store Gift Cards & Escape Room Gifts,https://thepanicroomonline.net/collections/gift-cards-escape-room-gifts,Store Gift Cards & Escape Room Gifts,Give them the gift of choice with a gift card for The Panic Room Online & Don't Panic ... ... Escape Room Christmas Bundle - The Panic Room Escape Ltd Escape Room ...,"""escape room"" ""gift card"" Greece",5,data\discovery\mass-harvest-v5\clean-v5.2\global-review.csv | data\discovery\mass-harvest-v5\clean-v5.3\global-review.csv | data\discovery\mass-harvest-v5\clean-v5.4\review.csv | data\discovery\mass-harvest-v5\clean-v5.5\review.csv | data\discovery\mega-harvest-v6\clean-v6\review.csv,,REVIEW,non_greek_brand_coherence_unclear
100,thepaymentsassociation.eu,Gift Card Consumer Research,https://www.thepaymentsassociation.eu/sites/default/files/2021-03/Gift-Card-Consumer-Survey-France-Gx-report.pdf,Gift Card Consumer Research,The purpose of this study is to build on the gift card information that was presented to the founding members of Prepaid Exchange France in May 2011. Gx has ...,"""France"" retail ""gift card"" official",5,data\discovery\mass-harvest-v5\clean-v5.1\review.csv | data\discovery\mass-harvest-v5\clean-v5.2\global-review.csv | data\discovery\mass-harvest-v5\clean-v5.3\global-review.csv | data\discovery\mass-harvest-v5\clean-v5.4\review.csv | data\discovery\mass-harvest-v5\clean-v5.5\review.csv,,REVIEW,non_greek_brand_coherence_unclear
100,thepropertyof.com,Gift Voucher | Property Of… Gift Card,https://thepropertyof.com/products/gift-voucher?srsltid=AfmBOorcgVapTJ8Tj9BI5AHbl7aBZAGaM2nmZHKbaYbVEIdd_DZ9aHFx,Gift Voucher | Property Of… Gift Card,Luggage Tags · Other Products · Bottles · Notebooks · Notebook Fillers · Perfume ... GIFT VOUCHER. $15.47 USD. Unit price /. Unavailable. PERFECT FOR: Perfect for ...,"""luggage"" ""gift voucher"" Greece",4,data\discovery\mass-harvest-v5\clean-v5.2\global-review.csv | data\discovery\mass-harvest-v5\clean-v5.3\global-review.csv | data\discovery\mass-harvest-v5\clean-v5.4\review.csv | data\discovery\mass-harvest-v5\clean-v5.5\review.csv,,REVIEW,non_greek_brand_coherence_unclear
100,therapyofflowers.com,Therapy of Flowers Gift Card | Digital Gift Voucher,https://www.therapyofflowers.com/products/gift-card-form-therapy-of-flowers?srsltid=AfmBOoqUVVdBgcCTfLTQxKH-7DuNC5ceKIYsSlmC5qAvz81sArrylZTA,Therapy of Flowers Gift Card | Digital Gift Voucher,"Whether you're celebrating a birthday, saying thank you, or surprising someone ``just because'', a Therapy of Flowers Gift Card lets your loved ones choose ...","""flowers"" ""gift voucher"" Greece",5,data\discovery\mass-harvest-v5\clean-v5.2\global-review.csv | data\discovery\mass-harvest-v5\clean-v5.3\global-review.csv | data\discovery\mass-harvest-v5\clean-v5.4\review.csv | data\discovery\mass-harvest-v5\clean-v5.5\review.csv | data\discovery\mega-harvest-v6\clean-v6\review.csv,,SECOND_PASS_SAFE,non_greek_brand_coherent_direct_gift_card
80,thermespa.gr,Thermespa,https://thermespa.gr/doroepitages/,Δωροκάρτες,"Wellness Body Spa ... Στην περίπτωση κατάθεσης του αντιτίμου, προωθούμε με e-mail σε ηλεκτρονική μορφή την Δωροκάρτα στον παραλήπτη, κοινοποιώντας τη παράλληλα ...","site:.gr ""wellness"" ""δωροκάρτα""",7,data\discovery\focused-harvest-v7-run1-backup\clean-v7\review.csv | data\discovery\mass-harvest-v5\clean-v5.1\review.csv | data\discovery\mass-harvest-v5\clean-v5.2\manual-review.csv | data\discovery\mass-harvest-v5\clean-v5.3\global-review.csv | data\discovery\mass-harvest-v5\clean-v5.4\review.csv | data\discovery\mass-harvest-v5\clean-v5.5\review.csv | data\discovery\mega-harvest-v6\clean-v6\review.csv,,SECOND_PASS_SAFE,greek_brand_coherent_direct_gift_card
85,thespisjewellery.gr,Αγοράστε μία Δωροεπιταγή,https://thespisjewellery.gr/index.php?route,Αγοράστε μία Δωροεπιταγή,Menu. Κατηγορίες. ΕΚΠΤΩΣΕΙΣ PANDORA; PANDORA · NOMINATION · DIMITRIOS EXCLUSIVE · GEROCHRISTO JEWELRY ... Αυτή η δωροεπιταγή θα αποσταλεί μέ e-mail στον παραλήπτη ...,"site:.gr ""jewelry"" ""δωροεπιταγή""",2,data\discovery\focused-harvest-v7\clean-v7\review.csv | data\discovery\focused-harvest-v7-run1-backup\clean-v7\review.csv,,REVIEW,greek_domain_brand_coherence_unclear
85,thessaroma.gr,Αγοράστε μία Δωροεπιταγή,https://thessaroma.gr/index.php?route,Αγοράστε μία Δωροεπιταγή,... Perfume For Home; Candles; Home Refresher; Reed Diffuser; Εποχιακά; AUTUMN; SPRING ... Αυτή η δωροεπιταγή θα αποσταλεί μέ e-mail στον παραλήπτη αφού ολοκληρωθεί ή ...,"site:.gr ""perfume"" ""δωροεπιταγή""",2,data\discovery\focused-harvest-v7\clean-v7\review.csv | data\discovery\focused-harvest-v7-run1-backup\clean-v7\review.csv,,REVIEW,greek_domain_brand_coherence_unclear
100,thessfringe.com,Gift Vouchers,https://thessfringe.com/merch/gift-vouchers-4/,Gift Vouchers,€8 Gift Voucher. Valid for ThessFringe 2025. Buy Now. €10 Gift Voucher €10 ... The 3rd Thessaloniki Fringe Festival was sponsored and under the auspices of the ...,"""Thessaloniki"" ""gift voucher""",3,data\discovery\mass-harvest-v5\clean-v5.3\greece-market-review.csv | data\discovery\mass-harvest-v5\clean-v5.4\review.csv | data\discovery\mass-harvest-v5\clean-v5.5\review.csv,,REVIEW,non_greek_brand_coherence_unclear
100,thetoc.gr,Gift card από τα Public: Χριστούγεννα χωρίς το άγχος της ...,https://www.thetoc.gr/epixeiriseis/article/gift-card-apo-ta-public-xristougenna-xoris-to-agxos-tis-epilogis/,Gift card από τα Public: Χριστούγεννα χωρίς το άγχος της ...,Η gift card των Public είναι το δώρο που προσαρμόζεται σε κάθε προσωπικότητα. ... My market Local: 4 χρυσά βραβεία στα Supermarket Awards 2025!,"site:.gr ""supermarket"" ""gift card""",3,data\discovery\mass-harvest-v5\clean-v5.4\review.csv | data\discovery\mass-harvest-v5\clean-v5.5\review.csv | data\discovery\mega-harvest-v6\clean-v6\review.csv,,REVIEW,greek_domain_brand_coherence_unclear
65,thevenuesco.au,Festive Season Exclusive Offer – 25% Off Dining Gift Voucher,https://thevenuesco.au/festive-season-exclusive-offer-25-off-dining-gift-voucher/,Festive Season Exclusive Offer – 25% Off Dining Gift Voucher,Jimmy's Kitchen Festive Season Exclusive Offer - 25% Off Dining Gift ... Because it's so much more than just a meal — it's a ticket to Greece without the flight!,"""Greece"" ""kitchen"" ""gift voucher""",1,data\discovery\mega-harvest-v6\clean-v6\review.csv,,REVIEW,non_greek_brand_coherence_unclear
70,thiamia.gr,Gift Card,https://thiamia.gr/en/product-category/shop/giftcard/,Gift Card,... Thessaloniki / VAT EL049030200 / Registration Number G.E.MI. 184665406000. Facebook Instagram. Shop. Clothing · Accessories · Sleep & Care · Toys · Gift Sets ...,"""Thessaloniki"" ""toys"" ""gift card""",1,data\discovery\mega-harvest-v6\clean-v6\review.csv,,REVIEW,greek_domain_brand_coherence_unclear
100,tholosrestaurant.co.uk,Gift Voucher - Tholos Restaurant,https://tholosrestaurant.co.uk/gift-voucher/,Gift Voucher - Tholos Restaurant,"Based on seasonal high-quality ingredients, most of which are supplied directly from Greece ... Gift Voucher · Contact Us. ©2026. Tholos Restaurant. All Rights ...","""restaurant"" ""gift voucher"" Greece",4,data\discovery\mass-harvest-v5\clean-v5.3\greece-market-review.csv | data\discovery\mass-harvest-v5\clean-v5.4\review.csv | data\discovery\mass-harvest-v5\clean-v5.5\review.csv | data\discovery\mega-harvest-v6\clean-v6\review.csv,,REVIEW,non_greek_brand_coherence_unclear
100,thonhotels.com,Hotel gift card,https://www.thonhotels.com/about-thon-hotels/gift-card/,Hotel gift card,The gift card from dittgavekort.no cannot be used in Sweden. See dittpresentkort.se for gift cards that can be used in Sweden. Expiry and loss of gift card.,"""Sweden"" hotel ""gift card"" official",4,data\discovery\mass-harvest-v5\clean-v5.2\global-review.csv | data\discovery\mass-harvest-v5\clean-v5.3\global-review.csv | data\discovery\mass-harvest-v5\clean-v5.4\review.csv | data\discovery\mass-harvest-v5\clean-v5.5\review.csv,,REVIEW,non_greek_brand_coherence_unclear
100,threadboutique.gr,Gift Card,https://threadboutique.gr/collections/gift-card?srsltid=AfmBOoo-C2TtbR4VgLFtNsscwpPAJosXC6E3MdUaoNDBrX53Ycwy1_4t,Gift Card,"Emma Swimwear · Emmanuelle Silk · Individual Art Leather · Kourbela · La Chaine ... Thread Gift Card. Vendor: Thread Earthy Shopping. Regular price From €10,00.","site:.gr ""swimwear"" ""gift card""",3,data\discovery\mass-harvest-v5\clean-v5.4\review.csv | data\discovery\mass-harvest-v5\clean-v5.5\review.csv | data\discovery\mega-harvest-v6\clean-v6\review.csv,,REVIEW,greek_domain_brand_coherence_unclear
100,threeshipscoffee.com,Digital Gift Voucher (Cafe Use Only - Purchase Link In ...,https://threeshipscoffee.com/products/gift-card-for-use-in-cafe-copy,Digital Gift Voucher (Cafe Use Only - Purchase Link In ...,Greece EUR €; Greenland DKK kr. Grenada XCD $; Guadeloupe EUR €; Guatemala ... Digital Gift Voucher (Cafe Use Only - Purchase Link In Description). $0.00.,"""cafe"" ""gift voucher"" Greece",4,data\discovery\mass-harvest-v5\clean-v5.3\greece-market-review.csv | data\discovery\mass-harvest-v5\clean-v5.4\review.csv | data\discovery\mass-harvest-v5\clean-v5.5\review.csv | data\discovery\mega-harvest-v6\clean-v6\review.csv,,REVIEW,non_greek_brand_coherence_unclear
100,ticket2attraction.com,Ticket2 Gift Voucher: The Perfect Gift of Travel & Experiences,https://www.ticket2attraction.com/blogs/gift-voucher/?srsltid,Ticket2 Gift Voucher: The Perfect Gift of Travel & Experiences,"... Gift Voucher ... Best Family-Friendly Chao Phraya River Cruises. Discover the best Chao Phraya River cruises in Bangkok for families, kids, and ...","""Santorini"" ""kids"" ""gift voucher""",1,data\discovery\focused-harvest-v7-run1-backup\clean-v7\review.csv,,REVIEW,non_greek_brand_coherence_unclear
85,tickets.in.gr,Δωροκάρτα (art pass) | Εισιτήρια online! - Tickets - In.gr,https://tickets.in.gr/gr-el/tickets/theater/dorokarta-art-pass/,Δωροκάρτα (art pass) | Εισιτήρια online! - Tickets - In.gr,"Δωροκάρτα ΚΘΒΕ. Art pass. Βάλε την τέχνη σε ένα δώρο! Ένα δώρο γεμάτο πολιτισμό και τέχνη για κάθε λόγο και με κάθε αφορμή! Για τα γενέθλια, την ονομαστική ...","""art"" ""δωροκάρτα"" Greece",1,data\discovery\mega-harvest-v6\clean-v6\review.csv,,REVIEW,greek_domain_brand_coherence_unclear
100,tiffanylightingdirect.co.uk,Tiffany Lighting Direct Gift Voucher | No Expiry Date Gift Card,https://www.tiffanylightingdirect.co.uk/products/tiffany-lighting-direct-gift-voucher,Tiffany Lighting Direct Gift Voucher | No Expiry Date Gift Card,"Tiffany Lighting Direct Gift Voucher. The perfect gift with no expiry for stunning lighting. Free UK delivery, free UK returns and 90 days to decide.","""lighting"" ""gift voucher"" Greece",1,data\discovery\mega-harvest-v6\clean-v6\review.csv,,REVIEW,non_greek_brand_coherence_unclear
80,tikiwe.com,Gift Voucher,https://tikiwe.com/en/collections/geschenkgutschein?srsltid=AfmBOoo90d4SmRRbL7NKi0M8DXzKeiUzKFPJir7Bf85P9OWAviMFFnhp,Gift Voucher,"Greece (EUR €); Greenland (DKK kr.) Grenada (XCD $); Guadeloupe (EUR ... Tikiwe® Cork Bags Gift Voucher. €10,00 - €100,00. View all collections · Home ...","""Greece"" ""bags"" ""gift voucher""",1,data\discovery\mega-harvest-v6\clean-v6\review.csv,,REVIEW,non_greek_brand_coherence_unclear
100,tillo.com,Digital-first: Lessons from the European Digital Gift Card ...,https://www.tillo.com/blog/digital-gift-cards-europe-vs-usa,Digital-first: Lessons from the European Digital Gift Card ...,"In the world of gift cards, physical gift card malls feature more highly in the US than the UK/Europe. Another significant factor is ...","""Europe"" retail ""gift card"" official",4,data\discovery\mass-harvest-v5\clean-v5.2\global-review.csv | data\discovery\mass-harvest-v5\clean-v5.3\global-review.csv | data\discovery\mass-harvest-v5\clean-v5.4\review.csv | data\discovery\mass-harvest-v5\clean-v5.5\review.csv,,REVIEW,non_greek_brand_coherence_unclear
85,time2shop.gr,Αγοράστε μία Δωροεπιταγή,https://time2shop.gr/index.php?route,Αγοράστε μία Δωροεπιταγή,Αγοράστε μία Δωροεπιταγή. Αυτή η δωροεπιταγή θα αποσταλεί μέ e-mail στον παραλήπτη αφού ολοκληρωθεί ή πληρωμή σας. ... Outdoor Multifuction. Quickview. North Edge ...,"site:.gr ""outdoor"" ""δωροεπιταγή""",2,data\discovery\focused-harvest-v7\clean-v7\review.csv | data\discovery\focused-harvest-v7-run1-backup\clean-v7\review.csv,,REVIEW,greek_domain_brand_coherence_unclear
100,timeshop24.com,100 Euro Gift Voucher - Timeshop24,https://www.timeshop24.com/100-gift-voucher.html?srsltid=AfmBOoqRSN10jvgIUZ-ZaV3GFDjAbe6GESHIefw8QNv3WP7FVQAZW09G,100 Euro Gift Voucher - Timeshop24,Timeshop24 - SHOP FOR WATCHES + JEWELREY SINCE 2004. Search. Search. ×. Advanced ... 100 Euro Gift Voucher. Be the first to review this product. $117.22. In ...,"""watches"" ""gift voucher"" Greece",5,data\discovery\mass-harvest-v5\clean-v5.2\global-review.csv | data\discovery\mass-harvest-v5\clean-v5.3\global-review.csv | data\discovery\mass-harvest-v5\clean-v5.4\review.csv | data\discovery\mass-harvest-v5\clean-v5.5\review.csv | data\discovery\mega-harvest-v6\clean-v6\review.csv,,SECOND_PASS_SAFE,non_greek_brand_coherent_direct_gift_card
100,timesstore.gr,Purchase a digital gift card - Ioannina,https://www.timesstore.gr/timesstore-gift-card?srsltid=AfmBOop0yGtDhNagls5prb_SRJmReiE0mOdm9gDtaskNnFwstvv-oFF2,Purchase a digital gift card - Ioannina,"This e-gift card is presented to a recipient via email with a personalised ... GR 45332, Ioannina Greece Call us: +30 26510 38528. Email ...","""Ioannina"" ""gift card""",2,data\discovery\mass-harvest-v5\clean-v5.4\review.csv | data\discovery\mass-harvest-v5\clean-v5.5\review.csv,,REVIEW,greek_domain_brand_coherence_unclear
100,tinawingphotography.co.uk,Tina Wing Photography Gift Vouchers,https://www.tinawingphotography.co.uk/photography-gift-vouchers,Tina Wing Photography Gift Vouchers,Give that special gift of beautiful wedding and portrait photography with a Tina Wing Photography gift voucher. Phone now to book on 07927 515996.,"""photography"" ""gift voucher"" Greece",5,data\discovery\mass-harvest-v5\clean-v5.2\global-review.csv | data\discovery\mass-harvest-v5\clean-v5.3\global-review.csv | data\discovery\mass-harvest-v5\clean-v5.4\review.csv | data\discovery\mass-harvest-v5\clean-v5.5\review.csv | data\discovery\mega-harvest-v6\clean-v6\review.csv,,REVIEW,non_greek_brand_coherence_unclear
100,tinggly.com,Best Greece Gift Card,https://tinggly.com/gift_card/greece-gift-card/GCU622O9T?srsltid=AfmBOoooeYYfb2N0L8qAEROGPQNJZroA9dfi5BOVy8cz2TYdJTyWaPFR,Best Greece Gift Card,"Yes, Tinggly experience gifts usually come with an expiry date. Typically, the gift card is valid for up to two years from the date of purchase, giving ...","""gifts"" ""gift card"" Greece",4,data\discovery\mass-harvest-v5\clean-v5.3\greece-market-review.csv | data\discovery\mass-harvest-v5\clean-v5.4\review.csv | data\discovery\mass-harvest-v5\clean-v5.5\review.csv | data\discovery\mega-harvest-v6\clean-v6\review.csv,,REVIEW,non_greek_brand_coherence_unclear
100,tinneystoys.com,Gift Cards,https://www.tinneystoys.com/en/Gift-Cards/cc-23.aspx,Gift Cards,An e-Gift voucher is a wonderful way of giving someone special a treat and sharing the Tinney's Toys shopping experience. Shop e-Gift Vouchers ...,"""toys"" ""gift voucher"" Greece",5,data\discovery\mass-harvest-v5\clean-v5.2\global-review.csv | data\discovery\mass-harvest-v5\clean-v5.3\global-review.csv | data\discovery\mass-harvest-v5\clean-v5.4\review.csv | data\discovery\mass-harvest-v5\clean-v5.5\review.csv | data\discovery\mega-harvest-v6\clean-v6\review.csv,,REVIEW,non_greek_brand_coherence_unclear
100,tkdmarousi.gr,Vouchers 50%,https://tkdmarousi.gr/product/gift-cards-vouchers-50/,Gift Cards Vouchers 50%,... beauty studio or in our cosmetic shop. Amount is flexible and you can personalize your gift card with a message. ... Copyright © 2022 Marousi Martial Arts Academy,"""Marousi"" ""beauty"" ""gift card""",3,data\discovery\focused-harvest-v7\clean-v7\review.csv | data\discovery\focused-harvest-v7-run1-backup\clean-v7\review.csv | data\discovery\mega-harvest-v6\clean-v6\review.csv,,REVIEW,greek_domain_brand_coherence_unclear
85,to-farmakion.gr,Αγοράστε μία Δωροεπιταγή,https://www.to-farmakion.gr/index.php?route,Αγοράστε μία Δωροεπιταγή,Australian BUSH FLOWERS Essences33 · Μεμονωμένα Ανθοϊάματα Australian Bush ... Αυτή η δωροεπιταγή θα αποσταλεί μέ e-mail στον παραλήπτη αφού ολοκληρωθεί ή πληρωμή ...,"site:.gr ""flowers"" ""δωροεπιταγή""",2,data\discovery\focused-harvest-v7\clean-v7\review.csv | data\discovery\focused-harvest-v7-run1-backup\clean-v7\review.csv,,REVIEW,greek_domain_brand_coherence_unclear
85,toaromatiseftixias.gr,Toaromatiseftixias,https://toaromatiseftixias.gr/%CE%B4%CF%89%CF%81%CE%BF%CE%BA%CE%AC%CF%81%CF%84%CE%B1,Δωροκάρτα,Αγοράστε μία Δωροκάρτα αξίας από 10€ έως 150€. Το Άρωμα της Ευτυχίας σου δίνει την δυνατότητα να κάνεις ένα δώρο που θα αρέσει σε όλους.,"site:.gr ""δωροκάρτα""",8,data\discovery\focused-harvest-v7\clean-v7\review.csv | data\discovery\focused-harvest-v7-run1-backup\clean-v7\review.csv | data\discovery\mass-harvest-v5\clean-v5.1\review.csv | data\discovery\mass-harvest-v5\clean-v5.2\manual-review.csv | data\discovery\mass-harvest-v5\clean-v5.3\global-review.csv | data\discovery\mass-harvest-v5\clean-v5.4\review.csv | data\discovery\mass-harvest-v5\clean-v5.5\review.csv | data\discovery\mega-harvest-v6\clean-v6\review.csv,,SECOND_PASS_SAFE,greek_brand_coherent_direct_gift_card
100,tods.com,Tod's Gift Card,https://www.tods.com/gr-en/add-gift-card/,Tod's Gift Card,"18 Salisbury Road, Tsim Sha Tsui, Kowloon, Hong Kong. SOGO Causeway Bay TOD'S Boutique - Sogo Department Store ... Gift Card. Have you lost your Gift Card code?","""department store"" ""gift card"" Greece",1,data\discovery\mega-harvest-v6\clean-v6\review.csv,,SECOND_PASS_SAFE,non_greek_brand_coherent_direct_gift_card
100,tofillo.com,Gift Cards Αρχεία,https://tofillo.com/en/products/gift-cards-en/,Gift Cards Αρχεία,"Gift Card 20€. 20,00€. Buy · Gift Card 50€. 50,00€. Buy ... ) Souda, Chania, Crete · +30 28215 06927. Follow us. Facebook-f Instagram Youtube. Website by ...","""Chania"" ""gift card""",3,data\discovery\mass-harvest-v5\clean-v5.3\greece-market-review.csv | data\discovery\mass-harvest-v5\clean-v5.4\review.csv | data\discovery\mass-harvest-v5\clean-v5.5\review.csv,,REVIEW,non_greek_brand_coherence_unclear
80,tokopeli.gr,Δωροκάρτα,https://www.tokopeli.gr/voucher?srsltid=AfmBOoqPiahRpVZH9jI_yrv-RZNbSeY_1Uf_73fASJxtBv811G81cSSh,Δωροκάρτα,"Δωροκάρτα. Δωροκάρτα. 0 αξιολογήσεις • Γράψτε μια αξιολόγηση. 0,00 ... Chania, Crete · +30 2821058355 · info@tokopeli.gr. ΒΟΗΘΕΙΑ. Επικοινωνία · Συχνές ...","""Chania"" ""δωροκάρτα""",5,data\discovery\mass-harvest-v5\clean-v5.1\review.csv | data\discovery\mass-harvest-v5\clean-v5.2\manual-review.csv | data\discovery\mass-harvest-v5\clean-v5.3\global-review.csv | data\discovery\mass-harvest-v5\clean-v5.4\review.csv | data\discovery\mass-harvest-v5\clean-v5.5\review.csv,,REVIEW,greek_domain_brand_coherence_unclear
80,tonycouper.com.gr,Tony Couper | Style Clothing,https://tonycouper.com.gr/product-category/dorokartes/,Δωροκάρτες – Tony Couper | Style Clothing,Δωροκάρτες. Tony Couper>; Προϊόντα>; Δωροκάρτες. Δεν βρέθηκε κανένα προϊόν που να ταιριάζει με την επιλογή σας. SOCIAL MEDIA. Ακουλουθήστε μας για να μαθαίνετε ...,"site:.com.gr ""δωροκάρτες""",3,data\discovery\focused-harvest-v7\clean-v7\review.csv | data\discovery\focused-harvest-v7-run1-backup\clean-v7\review.csv | data\discovery\mega-harvest-v6\clean-v6\review.csv,,SECOND_PASS_SAFE,greek_brand_coherent_direct_gift_card
85,toolsmania.gr,Αγοράστε μία Δωροεπιταγή,https://www.toolsmania.gr/index.php?route=account/voucher&srsltid=AfmBOorNWd6_zNQd0YCxpLHfqFKoX5vgMbsLhP5BwbqeqVzq8wrpKtDd,Αγοράστε μία Δωροεπιταγή,FALCON OPTICS · PULSAR · YUKON · Καρυδάκια 1/4 εξάγωνα κοντά Καρυδάκια 1/4 εξάγωνα ... Αυτή η δωροεπιταγή θα αποσταλεί μέ e-mail στον παραλήπτη αφού ολοκληρωθεί ή ...,"site:.gr ""optics"" ""δωροεπιταγή""",6,data\discovery\focused-harvest-v7-run1-backup\clean-v7\review.csv | data\discovery\mass-harvest-v5\clean-v5.1\review.csv | data\discovery\mass-harvest-v5\clean-v5.2\manual-review.csv | data\discovery\mass-harvest-v5\clean-v5.3\global-review.csv | data\discovery\mass-harvest-v5\clean-v5.4\review.csv | data\discovery\mass-harvest-v5\clean-v5.5\review.csv,,REVIEW,greek_domain_brand_coherence_unclear
100,topgreekwines.gr,50€,https://www.topgreekwines.gr/en-gb/gift-voucher-50%E2%82%AC-wines.html,Gift voucher 50€,"Gift voucher 50€ wines. ... *Not valid for Special wines from Santorini, gifts & box-in-bag. Deliveries ...","site:.gr ""gifts"" ""gift voucher""",5,data\discovery\focused-harvest-v7\clean-v7\review.csv | data\discovery\focused-harvest-v7-run1-backup\clean-v7\review.csv | data\discovery\mass-harvest-v5\clean-v5.4\review.csv | data\discovery\mass-harvest-v5\clean-v5.5\review.csv | data\discovery\mega-harvest-v6\clean-v6\review.csv,,REVIEW,greek_domain_brand_coherence_unclear
85,totalbeautymalta.com,Gift Card Balance,https://totalbeautymalta.com/balance/,Gift Card Balance,"Total Beauty Malta · Home; Shop. Ritzy Nails TM · RIKI Loves RIKI · Glamcor ... Check Gift Card Balance. OPENING HOURS. Monday, 08:00 – 19:00. Tuesday, 07:00 – 13 ...","""Malta"" beauty ""gift card"" official",5,data\discovery\mass-harvest-v5\clean-v5.1\review.csv | data\discovery\mass-harvest-v5\clean-v5.2\manual-review.csv | data\discovery\mass-harvest-v5\clean-v5.3\global-review.csv | data\discovery\mass-harvest-v5\clean-v5.4\review.csv | data\discovery\mass-harvest-v5\clean-v5.5\review.csv,,REVIEW,non_greek_brand_coherence_unclear
85,toucanforkids.gr,Αγοράστε μία Δωροεπιταγή - Toucan for kids,https://toucanforkids.gr/index.php?route,Αγοράστε μία Δωροεπιταγή - Toucan for kids,Το καλάθι αγορών είναι άδειο! Login; Register. Toucan for kids| Βρεφικά/Παιδικά Είδη · Ένδυση και ρουχισμός ... Αυτή η δωροεπιταγή θα αποσταλεί μέ e-mail στον ...,"site:.gr ""kids"" ""δωροεπιταγή""",2,data\discovery\focused-harvest-v7\clean-v7\review.csv | data\discovery\focused-harvest-v7-run1-backup\clean-v7\review.csv,,SECOND_PASS_SAFE,greek_brand_coherent_direct_gift_card
80,toysfirst.gr,Toysfirst,https://toysfirst.gr/product/dorokarta/?srsltid=AfmBOorZgHqcLKKudF6BdErES24prvAOw6igBSREFZv1u4vNqCw7aUFx,Δωροκάρτα,Η δωροκάρτα ισχύει για ένα έτος από την ... Η δωροκάρτα μπορεί να χρησιμοποιηθεί και για αγορές στο φυσικό μας κατάστημα. ... Toys & more · Προϊόντα · Τιμές ...,"site:.gr ""toys"" ""δωροκάρτα""",8,data\discovery\focused-harvest-v7\clean-v7\review.csv | data\discovery\focused-harvest-v7-run1-backup\clean-v7\review.csv | data\discovery\mass-harvest-v5\clean-v5.1\review.csv | data\discovery\mass-harvest-v5\clean-v5.2\manual-review.csv | data\discovery\mass-harvest-v5\clean-v5.3\global-review.csv | data\discovery\mass-harvest-v5\clean-v5.4\review.csv | data\discovery\mass-harvest-v5\clean-v5.5\review.csv | data\discovery\mega-harvest-v6\clean-v6\review.csv,,SECOND_PASS_SAFE,greek_brand_coherent_direct_gift_card
85,toysflix.gr,Αγοράστε μία Δωροεπιταγή,https://toysflix.gr/index.php?route,Αγοράστε μία Δωροεπιταγή,Kids hits toys13 · Βρεφικά Παιχνίδια Μπάνιου5 · Γιο Γιο1 · Γυμναστήρια Για Μωρά7 ... Αυτή η δωροεπιταγή θα αποσταλεί μέ e-mail στον παραλήπτη αφού ολοκληρωθεί ή ...,"site:.gr ""toys"" ""δωροεπιταγή""",2,data\discovery\focused-harvest-v7\clean-v7\review.csv | data\discovery\focused-harvest-v7-run1-backup\clean-v7\review.csv,,REVIEW,greek_domain_brand_coherence_unclear
85,trabakopoulos.gr,Αγοράστε μία Δωροεπιταγή - Trabakopoulos Jewelry,https://trabakopoulos.gr/index.php?route,Αγοράστε μία Δωροεπιταγή - Trabakopoulos Jewelry,Αγοράστε μία Δωροεπιταγή. Trabakopoulos Jewelry ... Αυτή η δωροεπιταγή θα αποσταλεί μέ e-mail στον παραλήπτη αφού ολοκληρωθεί ή πληρωμή σας.,"site:.gr ""jewelry"" ""δωροεπιταγή""",2,data\discovery\focused-harvest-v7\clean-v7\review.csv | data\discovery\focused-harvest-v7-run1-backup\clean-v7\review.csv,,SECOND_PASS_SAFE,greek_brand_coherent_direct_gift_card
85,trace-shoes.gr,Αγοράστε μία Δωροεπιταγή,https://www.trace-shoes.gr/dwroepitages.html?srsltid,Αγοράστε μία Δωροεπιταγή,"Αυτή η δωροεπιταγή θα αποσταλεί μέ e-mail στον παραλήπτη αφού ολοκληρωθεί ή πληρωμή σας. ... Trace Shoes. Φυσικά καταστήματα: 1. Κορίνθου 224, Πάτρα 2. Αγ ...","site:.gr ""shoes"" ""δωροεπιταγή""",2,data\discovery\focused-harvest-v7\clean-v7\review.csv | data\discovery\focused-harvest-v7-run1-backup\clean-v7\review.csv,,REVIEW,greek_domain_brand_coherence_unclear
100,track-speed.gr,Gift Card - Drive at Serres Racing Circuit,https://track-speed.gr/product/motorsport-gift-voucher-serres/,Gift Card - Drive at Serres Racing Circuit,Our Motorsport Gift Voucher is more than just a present—it's a heart ... ✓ Total Flexibility – Choose your own date and car rental at your convenience.,"site:.gr ""car rental"" ""gift voucher""",1,data\discovery\mega-harvest-v6\clean-v6\review.csv,,REVIEW,greek_domain_brand_coherence_unclear
100,trai-anfield-photography.com,BUY PHOTOGRAPHY GIFT VOUCHERS | UK,https://www.trai-anfield-photography.com/shop-photography-gift-vouchers,BUY PHOTOGRAPHY GIFT VOUCHERS | UK,Tailor Made Greece: Dalmation Pelicans · Tailor Made Scotland · Tailor Made ... Photography Gift Voucher £25. Price£25.00 · £50 Photography Gift Voucher. Price ...,"""photography"" ""gift voucher"" Greece",4,data\discovery\mass-harvest-v5\clean-v5.3\greece-market-review.csv | data\discovery\mass-harvest-v5\clean-v5.4\review.csv | data\discovery\mass-harvest-v5\clean-v5.5\review.csv | data\discovery\mega-harvest-v6\clean-v6\review.csv,,REVIEW,non_greek_brand_coherence_unclear
100,traingift.com,NS Gift Voucher | Explore The Netherlands with Traingift,https://www.traingift.com/en/partner/ns-gift-voucher/,NS Gift Voucher | Explore The Netherlands with Traingift,Digital gift voucher. Personalise your voucher. The voucher for people who love train travel ... trip to Amsterdam to travel across the Netherlands & beyond.,"""Netherlands"" travel ""gift voucher"" official",4,data\discovery\mass-harvest-v5\clean-v5.2\global-review.csv | data\discovery\mass-harvest-v5\clean-v5.3\global-review.csv | data\discovery\mass-harvest-v5\clean-v5.4\review.csv | data\discovery\mass-harvest-v5\clean-v5.5\review.csv,,SECOND_PASS_SAFE,non_greek_brand_coherent_direct_gift_card
100,travelbase.world,Travelbase gift voucher,https://travelbase.world/travelbase-giftvoucher/,Travelbase gift voucher,"Europe. Europe. Finnish Lapland (3); France (3); Iceland (3); Italy (8); Madeira ... Create a gift voucher in just a few clicks, valid on all Travelbase trips!","""Europe"" travel ""gift voucher"" official",4,data\discovery\mass-harvest-v5\clean-v5.2\global-review.csv | data\discovery\mass-harvest-v5\clean-v5.3\global-review.csv | data\discovery\mass-harvest-v5\clean-v5.4\review.csv | data\discovery\mass-harvest-v5\clean-v5.5\review.csv,,SECOND_PASS_SAFE,non_greek_brand_coherent_direct_gift_card
100,traveldepartment.ie,Gift Vouchers,https://www.traveldepartment.ie/gift-voucher,Gift Vouchers,Purchase your Travel Department gift voucher now and give your loved ones ... Ireland Select. Delivery Details. Do you want the voucher delivered? Yes. No.,"""Ireland"" travel ""gift voucher"" official",4,data\discovery\mass-harvest-v5\clean-v5.2\global-review.csv | data\discovery\mass-harvest-v5\clean-v5.3\global-review.csv | data\discovery\mass-harvest-v5\clean-v5.4\review.csv | data\discovery\mass-harvest-v5\clean-v5.5\review.csv,,REVIEW,non_greek_brand_coherence_unclear
80,travelgift.uk,Travel Gift Card The Perfect Present Idea,https://travelgift.uk/,Travel Gift Card The Perfect Present Idea,"Make gifting easy with a Travel Gift Card UK. Ideal for any occasion, it ... Kifisia (Greece), Athens Down Town Hotel Deliveries (Greece), Chalkida Evia ...","""Kifisia"" ""gym"" ""gift card""",1,data\discovery\mega-harvest-v6\clean-v6\review.csv,,SECOND_PASS_SAFE,non_greek_brand_coherent_direct_gift_card
100,travelgiftcard.lastminute.com,"Travel gift vouchers, Best holiday gift card | lastminute.com",https://travelgiftcard.lastminute.com/,"Travel gift vouchers, Best holiday gift card | lastminute.com","What is the difference between a gift card, holiday gift voucher or travel gift card? ... lastminute.com ATOL protected – UK Civil Aviation Authority logo ...","""UK"" travel ""gift voucher"" official",5,data\discovery\mass-harvest-v5\clean-v5.1\review.csv | data\discovery\mass-harvest-v5\clean-v5.2\global-review.csv | data\discovery\mass-harvest-v5\clean-v5.3\global-review.csv | data\discovery\mass-harvest-v5\clean-v5.4\review.csv | data\discovery\mass-harvest-v5\clean-v5.5\review.csv,,SECOND_PASS_SAFE,non_greek_brand_coherent_direct_gift_card
100,treatwell.be,Treatwell Gift Card | The Ultimate Health & Beauty Gift Idea,https://www.treatwell.be/en/gift-card/,Treatwell Gift Card | The Ultimate Health & Beauty Gift Idea,"Each Treatwell Gift Card carries a digital balance for pampering, redeemable at thousands of salons and wellness venues when you book on treatwell.co.uk or the ...","""Portugal"" beauty ""gift card"" official",4,data\discovery\mass-harvest-v5\clean-v5.2\global-review.csv | data\discovery\mass-harvest-v5\clean-v5.3\global-review.csv | data\discovery\mass-harvest-v5\clean-v5.4\review.csv | data\discovery\mass-harvest-v5\clean-v5.5\review.csv,,SECOND_PASS_SAFE,non_greek_brand_coherent_direct_gift_card
100,treatwell.co.uk,Treatwell Gift Card | The Ultimate Health & Beauty Gift Idea,https://www.treatwell.co.uk/gift-card/,Treatwell Gift Card | The Ultimate Health & Beauty Gift Idea,"Each Treatwell Gift Card carries a digital balance for pampering, redeemable at thousands of salons and wellness venues when you book on treatwell.co.uk or the ...","""UK"" beauty ""gift card"" official",4,data\discovery\mass-harvest-v5\clean-v5.2\global-review.csv | data\discovery\mass-harvest-v5\clean-v5.3\global-review.csv | data\discovery\mass-harvest-v5\clean-v5.4\review.csv | data\discovery\mass-harvest-v5\clean-v5.5\review.csv,,REVIEW,non_greek_brand_coherence_unclear
100,treatwell.ie,Treatwell Gift Card | The Ultimate Health & Beauty Gift Idea,https://www.treatwell.ie/gift-card/,Treatwell Gift Card | The Ultimate Health & Beauty Gift Idea,"The Treatwell Gift Card. Gift great hair, glowing skin, stress-melting massages, and main-character confidence. You gift it. They live it.","""Ireland"" beauty ""gift card"" official",4,data\discovery\mass-harvest-v5\clean-v5.2\global-review.csv | data\discovery\mass-harvest-v5\clean-v5.3\global-review.csv | data\discovery\mass-harvest-v5\clean-v5.4\review.csv | data\discovery\mass-harvest-v5\clean-v5.5\review.csv,,SECOND_PASS_SAFE,non_greek_brand_coherent_direct_gift_card
85,tresjoli.gr,Αγοράστε μία Δωροεπιταγή,https://www.tresjoli.gr/index.php/?route=account/voucher,Αγοράστε μία Δωροεπιταγή,Αγοράστε μία Δωροεπιταγή. Αυτή η δωροεπιταγή θα αποσταλεί μέ e-mail στον παραλήπτη αφού ολοκληρωθεί ή πληρωμή σας. Όνομα παραλήπτη. E-mail παραλήπτη.,"site:.gr ""δωροεπιταγή""",5,data\discovery\mass-harvest-v5\clean-v5.1\review.csv | data\discovery\mass-harvest-v5\clean-v5.2\manual-review.csv | data\discovery\mass-harvest-v5\clean-v5.3\global-review.csv | data\discovery\mass-harvest-v5\clean-v5.4\review.csv | data\discovery\mass-harvest-v5\clean-v5.5\review.csv,,REVIEW,greek_domain_brand_coherence_unclear
100,tribueyewear.co,TRIBU Gift Card – Digital Gift Voucher for Premium Eyewear,https://tribueyewear.co/products/tribu-gift-cards?srsltid=AfmBOoqaIyvR1TbYRda7FhilCtxpYZZ9UepaffoGLrKhVXiqzOwXQcT5,TRIBU Gift Card – Digital Gift Voucher for Premium Eyewear,"Give the gift of choice with a TRIBU Digital Gift Card. Redeemable online or in-store on all eyewear, custom tints and signature TRIBU frames.","""eyewear"" ""gift voucher"" Greece",5,data\discovery\mass-harvest-v5\clean-v5.2\global-review.csv | data\discovery\mass-harvest-v5\clean-v5.3\global-review.csv | data\discovery\mass-harvest-v5\clean-v5.4\review.csv | data\discovery\mass-harvest-v5\clean-v5.5\review.csv | data\discovery\mega-harvest-v6\clean-v6\review.csv,,REVIEW,non_greek_brand_coherence_unclear
85,trimis.com.gr,Αγοράστε μία Δωροεπιταγή,https://www.trimis.com.gr/account/voucher?srsltid,Αγοράστε μία Δωροεπιταγή,Αγοράστε μία Δωροεπιταγή. Αυτή η δωροεπιταγή θα αποσταλεί μέ e-mail στον παραλήπτη αφού ολοκληρωθεί ή πληρωμή σας. Όνομα παραλήπτη. E-mail παραλήπτη. Το όνομα ...,"site:.com.gr ""δωροεπιταγή""",3,data\discovery\focused-harvest-v7\clean-v7\review.csv | data\discovery\focused-harvest-v7-run1-backup\clean-v7\review.csv | data\discovery\mega-harvest-v6\clean-v6\review.csv,,REVIEW,greek_domain_brand_coherence_unclear
100,tripadeal.com.au,TripADeal e-Gift Voucher | Tour Package,https://www.tripadeal.com.au/gift-vouchers,TripADeal e-Gift Voucher | Tour Package,"Europe. Hotels. Find your next escape. Exclusive Hotel Packages Curated ... To apply any remaining e-Gift Voucher balance to subsequent instalments payment, ...","""Europe"" travel ""gift voucher"" official",4,data\discovery\mass-harvest-v5\clean-v5.2\global-review.csv | data\discovery\mass-harvest-v5\clean-v5.3\global-review.csv | data\discovery\mass-harvest-v5\clean-v5.4\review.csv | data\discovery\mass-harvest-v5\clean-v5.5\review.csv,,REVIEW,non_greek_brand_coherence_unclear
80,tripadvisor.ca,Dining Gift Voucher Provided by the Hotel! - Athens,https://www.tripadvisor.ca/LocationPhotoDirectLink-g189400-d198715-i349862702-Hotel_Grande_Bretagne_A_Luxury_Collection_Hotel-Athens_Attica.html,Dining Gift Voucher Provided by the Hotel! - Athens,"Hotel Grande Bretagne, A Luxury Collection Hotel · Dining Gift Voucher Provided by the Hotel! · It's all about the view · Sensacional.","""hotel"" ""gift voucher"" Greece",6,data\discovery\mass-harvest-v5\clean-v5.1\review.csv | data\discovery\mass-harvest-v5\clean-v5.2\manual-review.csv | data\discovery\mass-harvest-v5\clean-v5.3\global-review.csv | data\discovery\mass-harvest-v5\clean-v5.4\review.csv | data\discovery\mass-harvest-v5\clean-v5.5\review.csv | data\discovery\mega-harvest-v6\clean-v6\review.csv,,REVIEW,non_greek_brand_coherence_unclear
100,tripadvisor.co.uk,Where can I purchase a prepaid VISA gift card in Austria ?,https://www.tripadvisor.co.uk/ShowTopic-g190410-i146-k14753603-Where_can_I_purchase_a_prepaid_VISA_gift_card_in_Austria-Austria.html,Where can I purchase a prepaid VISA gift card in Austria ?,Where can I purchase a prepaid VISA gift card in Austria ? Dan S. •. 1 forum post.,"""Austria"" fashion ""gift card"" official",5,data\discovery\mass-harvest-v5\clean-v5.1\review.csv | data\discovery\mass-harvest-v5\clean-v5.2\global-review.csv | data\discovery\mass-harvest-v5\clean-v5.3\global-review.csv | data\discovery\mass-harvest-v5\clean-v5.4\review.csv | data\discovery\mass-harvest-v5\clean-v5.5\review.csv,,REVIEW,non_greek_brand_coherence_unclear
100,tripadvisor.co.za,Buy gift voucher from UK for use in Italy - Tripadvisor,https://www.tripadvisor.co.za/ShowTopic-g187768-i20-k13556429-Buy_gift_voucher_from_UK_for_use_in_Italy-Italy.html,Buy gift voucher from UK for use in Italy - Tripadvisor,Buy gift voucher from UK for use in Italy ... Would like to give someone living in Italy a gift card or certificate for a meal out. Is there any way this can be ...,"""Italy"" travel ""gift voucher"" official",4,data\discovery\mass-harvest-v5\clean-v5.2\global-review.csv | data\discovery\mass-harvest-v5\clean-v5.3\global-review.csv | data\discovery\mass-harvest-v5\clean-v5.4\review.csv | data\discovery\mass-harvest-v5\clean-v5.5\review.csv,,REVIEW,non_greek_brand_coherence_unclear
100,tripadvisor.com.gr,"Dirextra Experiences, Courses and gift vouchers",https://www.tripadvisor.com.gr/Attraction_Review-g187069-d26696852-Reviews-Dirextra_Experiences_Courses_and_gift_vouchers-Manchester_Greater_Manchester_Eng.html,"Dirextra Experiences, Courses and gift vouchers","Dirextra Experiences, Courses and gift vouchers, Μάντσεστερ - Δείτε κριτικές, πληροφορίες και φωτογραφίες στο Tripadvisor (Dirextra Experiences, Courses and ...","site:.com.gr ""gift vouchers""",3,data\discovery\focused-harvest-v7\clean-v7\review.csv | data\discovery\focused-harvest-v7-run1-backup\clean-v7\review.csv | data\discovery\mega-harvest-v6\clean-v6\review.csv,,REVIEW,greek_domain_brand_coherence_unclear
85,tsiantakishome.gr,40,https://www.tsiantakishome.gr/shop/dwrokartes/dwrokarta-40e/,Δωροκάρτα 40,Δωροκάρτα 40€. Λεπτομέρειες. Προς * Εισάγετε τις διευθύνσεις ηλεκτρονικού ... Tsiantaki Home. Κατασκευή ...,"site:.gr ""home"" ""δωροκάρτα""",7,data\discovery\focused-harvest-v7\clean-v7\review.csv | data\discovery\focused-harvest-v7-run1-backup\clean-v7\review.csv | data\discovery\mass-harvest-v5\clean-v5.1\review.csv | data\discovery\mass-harvest-v5\clean-v5.2\manual-review.csv | data\discovery\mass-harvest-v5\clean-v5.3\global-review.csv | data\discovery\mass-harvest-v5\clean-v5.4\review.csv | data\discovery\mass-harvest-v5\clean-v5.5\review.csv,,REVIEW,greek_domain_brand_coherence_unclear
85,tsigkos-plakakia.gr,eco by sonya Eco by Sonya Gift Cards Online | Cosmetics,https://tsigkos-plakakia.gr/?t,eco by sonya Eco by Sonya Gift Cards Online | Cosmetics,Spoil someone you love with an Eco Tan Gift Voucher so they can treat themselves to our Certified Organic goodies! Note: This is an email gift voucher.,"site:.gr ""skincare"" ""gift voucher""",2,data\discovery\focused-harvest-v7-run1-backup\clean-v7\review.csv | data\discovery\mega-harvest-v6\clean-v6\review.csv,,REVIEW,greek_domain_brand_coherence_unclear
100,tui.co.uk,TUI Travel Gift Card,https://www.tui.co.uk/destinations/info/tui-gift-cards,TUI Travel Gift Card,"Looking for a present for a special occasion? Choose a TUI travel gift card, and help them get away on their dream holiday today!","""Corfu"" ""kids"" ""gift card""",1,data\discovery\focused-harvest-v7-run1-backup\clean-v7\review.csv,,REVIEW,non_greek_brand_coherence_unclear
85,turquoiseshop.gr,Κάρτα Δώρου,https://turquoiseshop.gr/karta-dorou/,Κάρτα Δώρου,"Αναρωτιέστε τι δώρο να κάνετε στο αγαπημένο σας προσωπο; Μπορείτε απλά να προμηθευτείτε την Δωροκάρτα Τυρκουάζ απο το κατάστημά μας στην οδό Τζανακάκη 21, Χανιά ...","""Chania"" ""kids"" ""δωροκάρτα""",2,data\discovery\focused-harvest-v7\clean-v7\review.csv | data\discovery\focused-harvest-v7-run1-backup\clean-v7\review.csv,,REVIEW,greek_domain_brand_coherence_unclear
80,twinklebrowbar.de,Twinkle Gift Voucher Flowers,https://twinklebrowbar.de/en/products/twinkle-gutschein-blumen?srsltid=AfmBOoq0z42ZulGsvUBl3tGKbz8WcXkrQPUGt17r_lg92Mak5TWC9lFW,Twinkle Gift Voucher Flowers,"Twinkle Gift Voucher Flowers ... Whether for a birthday, Christmas, or as a little thank you – there are countless reasons to give a Twinkle Brow Bar gift voucher ...","""flowers"" ""gift voucher"" Greece",6,data\discovery\mass-harvest-v5\clean-v5.1\review.csv | data\discovery\mass-harvest-v5\clean-v5.2\manual-review.csv | data\discovery\mass-harvest-v5\clean-v5.3\global-review.csv | data\discovery\mass-harvest-v5\clean-v5.4\review.csv | data\discovery\mass-harvest-v5\clean-v5.5\review.csv | data\discovery\mega-harvest-v6\clean-v6\review.csv,,REVIEW,non_greek_brand_coherence_unclear
100,twinkles.net,Gift Card - Twinkles Dental Jewelry,https://www.twinkles.net/products/gift-card-twinkles-dental-jewelry?srsltid=AfmBOoq6zzP_diqYo7DnEf-XBGCpBCJLQTjvnucq24XcgnuP30m3prJv,Gift Card - Twinkles Dental Jewelry,Gift Card - Twinkles Dental Jewelry. Sale price$33.00 USD. Tax excluded. Shipping calculated at checkout.,"""dental"" ""gift card"" Greece",1,data\discovery\mega-harvest-v6\clean-v6\review.csv,,SECOND_PASS_SAFE,non_greek_brand_coherent_direct_gift_card
80,twofacetattoo.com,VOUCHERS & GIFT CARDS – TwoFace Tattoo Studio,https://twofacetattoo.com/collections/vouchers?srsltid=AfmBOorr27T1w7cI2Hwwsc6xs-KZRqeHAFzAAlorYUQw_MV-Ao0riEHl,VOUCHERS & GIFT CARDS – TwoFace Tattoo Studio,3 products · Digital Tattoo Gift Voucher · Digital Tattoo Gift Voucher · Tattoo Gift Voucher (paper) · Tattoo Gift Voucher (paper) · TwoFace Gift Card · TwoFace Gift ...,"""tattoo"" ""gift card"" Greece",1,data\discovery\mega-harvest-v6\clean-v6\review.csv,,SECOND_PASS_SAFE,non_greek_brand_coherent_direct_gift_card
100,tzougaris.gr,Τζούγκαρης - 300€ — Κοσμήματα Τζούγκαρη,https://tzougaris.gr/en/shop/wps_wgm_giftcard/tzougaris-giftcard-300/,Δωροκάρτα Τζούγκαρης - 300€ — Κοσμήματα Τζούγκαρη,Δωροκάρτα Τζούγκαρης – 100€. €100.00 VIEW CARD · Group-29-1-400x400 · Read more VIEW CARD · Δωροκάρτα Τζούγκαρης – 500€ ... Kid's Jewelry. Contact. Email. info@ ...,"site:.gr ""jewelry"" ""δωροκάρτα""",5,data\discovery\focused-harvest-v7\clean-v7\review.csv | data\discovery\focused-harvest-v7-run1-backup\clean-v7\review.csv | data\discovery\mass-harvest-v5\clean-v5.4\review.csv | data\discovery\mass-harvest-v5\clean-v5.5\review.csv | data\discovery\mega-harvest-v6\clean-v6\review.csv,,REVIEW,greek_domain_brand_coherence_unclear
100,uber.com,Δωροκάρτα Uber,https://www.uber.com/gr/el/gift-cards/,Δωροκάρτα Uber,Μια δωροκάρτα Uber για εσάς ... Enjoy food from thousands of restaurants in cities around the world.,"""food"" ""δωροκάρτα"" Greece",1,data\discovery\mega-harvest-v6\clean-v6\review.csv,,SECOND_PASS_SAFE,non_greek_brand_coherent_direct_gift_card
100,uk.finance.yahoo.com,Italy Gift Card Business and Investment Report 2026,https://uk.finance.yahoo.com/news/italy-gift-card-business-investment-154400997.html,Italy Gift Card Business and Investment Report 2026,"Italy Gift Card Business and Investment Report 2026: A $10.98 Billion Market by 2030 Featuring Selex, Conad, Crai, Gruppo Vege, Esselunga, ...","""Italy"" retail ""gift card"" official",4,data\discovery\mass-harvest-v5\clean-v5.2\global-review.csv | data\discovery\mass-harvest-v5\clean-v5.3\global-review.csv | data\discovery\mass-harvest-v5\clean-v5.4\review.csv | data\discovery\mass-harvest-v5\clean-v5.5\review.csv,,REVIEW,non_greek_brand_coherence_unclear
80,ullajewelry.nl,ULLA Jewelry Gift Card / Voucher,https://ullajewelry.nl/products/ulla-jewelry-voucher,ULLA Jewelry Gift Card / Voucher,ULLA Jewelry · Home; Collections. May 2025 · The Latest · All Collections. Catalog. Earrings · Bracelets · Necklaces · Rings · Gift Voucher · About Me · FAQs ...,"""jewelry"" ""gift voucher"" Greece",6,data\discovery\mass-harvest-v5\clean-v5.1\review.csv | data\discovery\mass-harvest-v5\clean-v5.2\manual-review.csv | data\discovery\mass-harvest-v5\clean-v5.3\global-review.csv | data\discovery\mass-harvest-v5\clean-v5.4\review.csv | data\discovery\mass-harvest-v5\clean-v5.5\review.csv | data\discovery\mega-harvest-v6\clean-v6\review.csv,,SECOND_PASS_SAFE,non_greek_brand_coherent_direct_gift_card
100,unaitalianhospitality.com,UNA Gift Card,https://www.unaitalianhospitality.com/en/una-gift-card,UNA Gift Card,"Surprise your beloved ones with an unexpected present: a journey, a gourmet experience, a moment of relaxation in our hotels and resorts with our UNA GIFT CARD.","""Italy"" hotel ""gift card"" official",4,data\discovery\mass-harvest-v5\clean-v5.2\global-review.csv | data\discovery\mass-harvest-v5\clean-v5.3\global-review.csv | data\discovery\mass-harvest-v5\clean-v5.4\review.csv | data\discovery\mass-harvest-v5\clean-v5.5\review.csv,,REVIEW,non_greek_brand_coherence_unclear
100,unboxgreece.com,Greek Food Gift Card | Buy a Gift Voucher,https://unboxgreece.com/product-category/gift-card/?srsltid=AfmBOoqZibM0cyKszt22zz326IsgGuZgDzhAH6aXD6AHrOdDIXlj8y5V,Greek Food Gift Card | Buy a Gift Voucher,Give the gift of Greece — buy an Unbox Greece gift card online ... Gift Card. Close. Home / Gift Card. Showing the single result. Show sidebar. Show ...,"""home"" ""gift voucher"" Greece",4,data\discovery\mass-harvest-v5\clean-v5.3\greece-market-review.csv | data\discovery\mass-harvest-v5\clean-v5.4\review.csv | data\discovery\mass-harvest-v5\clean-v5.5\review.csv | data\discovery\mega-harvest-v6\clean-v6\review.csv,,REVIEW,non_greek_brand_coherence_unclear
100,unimaticwatches.com,Gift Card,https://www.unimaticwatches.com/gift-card/?srsltid=AfmBOora6RV1iduHQN5Nn454txH_jXOTY6qOAqcBqhuZyfeJHIHpwzno,Gift Card,Gift card. Add to Wishlist Remove from Wishlist. Individually numberedGift CardPERSONALIZE YOUR GIFT CARD ... 2026 © UNIMATIC watches - P.Iva 10846090966.,"""watches"" ""gift card"" Greece",5,data\discovery\mass-harvest-v5\clean-v5.2\global-review.csv | data\discovery\mass-harvest-v5\clean-v5.3\global-review.csv | data\discovery\mass-harvest-v5\clean-v5.4\review.csv | data\discovery\mass-harvest-v5\clean-v5.5\review.csv | data\discovery\mega-harvest-v6\clean-v6\review.csv,,REVIEW,non_greek_brand_coherence_unclear
100,uquid.com,Fashion Days Gift Card 20 BGN - Fashion Days Key,https://shop.uquid.com/product/fashion-days-gift-card-20-bgn-fashion-days-key-bulgaria-iRoPuaYVkbVHd,Fashion Days Gift Card 20 BGN - Fashion Days Key,Fashion Days Gift Card 20 BGN - Fashion Days Key - BULGARIA. CAN ACTIVATE IN: BULGARIA. Price: $19.65. Qty: 1 ...,"""Bulgaria"" fashion ""gift card"" official",4,data\discovery\mass-harvest-v5\clean-v5.2\global-review.csv | data\discovery\mass-harvest-v5\clean-v5.3\global-review.csv | data\discovery\mass-harvest-v5\clean-v5.4\review.csv | data\discovery\mass-harvest-v5\clean-v5.5\review.csv,,REVIEW,non_greek_brand_coherence_unclear
80,urbanace.nl,Watch gift card,https://www.urbanace.nl/en/collections/horloge-cadeaubon?srsltid=AfmBOor1uZY8fI5GUjBFTZNMJ84ezHPv4y7I2hjNJSChKDUDMM-9qzzX,Watch gift card,Give the perfect gift with an Urban Ace Watch Gift Card ✓ Let the recipient choose from premium luxury men's watches ... Easy to use: The gift voucher ... Greece ( ...,"""Greece"" ""watches"" ""gift voucher""",1,data\discovery\mega-harvest-v6\clean-v6\review.csv,,REVIEW,non_greek_brand_coherence_unclear
100,urbaneskin.com,Urbane Skin Spa Gift Card: Το Aπόλυτο Δώρο Ομορφιάς!,https://urbaneskin.com/offers/urbane-skin-spa-gift-card/,Urbane Skin Spa Gift Card: Το Aπόλυτο Δώρο Ομορφιάς!,"| 23, Kanari str., Kolonaki, Athens, 1st floor. | +30 210 72 50 ... Urbane Skin Spa Gift Card: Το απόλυτο δώρο στον απόλυτο προορισμό ...","""Athens"" ""spa"" ""gift card""",7,data\discovery\focused-harvest-v7\clean-v7\review.csv | data\discovery\focused-harvest-v7-run1-backup\clean-v7\review.csv | data\discovery\mass-harvest-v5\clean-v5.2\global-review.csv | data\discovery\mass-harvest-v5\clean-v5.3\global-review.csv | data\discovery\mass-harvest-v5\clean-v5.4\review.csv | data\discovery\mass-harvest-v5\clean-v5.5\review.csv | data\discovery\mega-harvest-v6\clean-v6\review.csv,,SECOND_PASS_SAFE,non_greek_brand_coherent_direct_gift_card
100,urbanfitnessretreat.com,REDEEM GIFT CARD,https://www.urbanfitnessretreat.com/redeemgiftcard,REDEEM GIFT CARD,Gift cards for fitness retreats Greece Fitness overseas fitnesss. ... To redeem your e-gift card please select from either of the below. Urban Fitness ...,"""Greece"" ""fitness"" ""gift card""",1,data\discovery\mega-harvest-v6\clean-v6\review.csv,,REVIEW,non_greek_brand_coherence_unclear
100,us.harrisshoes.it,Birthday gift voucher - Harris Shoes 1913,https://us.harrisshoes.it/products/birthday-gift-voucher,Birthday gift voucher - Harris Shoes 1913,"Birthday gift voucher ; Cuts · 400,00 € ; Where art and nature meet. Our artisan sneakers, inspired by Tuscan landscapes, combine elegance and authenticity. Every ...","""sneakers"" ""gift voucher"" Greece",1,data\discovery\mega-harvest-v6\clean-v6\review.csv,,SECOND_PASS_SAFE,non_greek_brand_coherent_direct_gift_card
100,usenosh.com,Top 10 Most Popular Types Of Gift Cards in Spain - Nosh,https://usenosh.com/blog/gift-cards-spain,Top 10 Most Popular Types Of Gift Cards in Spain - Nosh,... Spain: Amazon Spain Gift Card; Decathlon Gift Card; iTunes Gift Card; El Corte Inglés Gift Card; Steam ES Gift Card; Carrefour Gift Card; Cepsa Gift Card; FNAC ...,"""Spain"" retail ""gift card"" official",1,data\discovery\mass-harvest-v5\clean-v5.5\review.csv,,REJECT,third_party_steam_gift_card
80,valencifashion.com,Valenci GIFT CARD,https://valencifashion.com/en/products/valenci-fashion-cadeaubon?srsltid=AfmBOooLiOUq9THqLIZDYleTAOm2xg75AcUdljjC2JmVxWW73bcQXg8E,Valenci GIFT CARD,Linen Set Santorini Black Summer ... Surprise someone special with a VALENCI FASHION gift voucher and give the ultimate gift of premium fashion and style.,"""Santorini"" ""fashion"" ""gift voucher""",1,data\discovery\focused-harvest-v7-run1-backup\clean-v7\review.csv,,REVIEW,non_greek_brand_coherence_unclear
100,valerielingerie.com,Valerie Gift Card | Lingerie Gift Cards NZ,https://valerielingerie.com/products/gift-card?srsltid=AfmBOorng-__pq4mlS9Ry8ByvPSJ6TDqhWbKmrtAV8n99-v9PI-kULdL,Valerie Gift Card | Lingerie Gift Cards NZ,"Show your special people you love them with a gift card, so they can feel loved everyday! ... Lingerie. Keely wireless bra in organic cotton, front view — Valerie ...","""lingerie"" ""gift card"" Greece",5,data\discovery\mass-harvest-v5\clean-v5.2\global-review.csv | data\discovery\mass-harvest-v5\clean-v5.3\global-review.csv | data\discovery\mass-harvest-v5\clean-v5.4\review.csv | data\discovery\mass-harvest-v5\clean-v5.5\review.csv | data\discovery\mega-harvest-v6\clean-v6\review.csv,,REVIEW,non_greek_brand_coherence_unclear
100,valsamakis.gr,Name Day GIft Card - Καλαμάτα,https://valsamakis.gr/name-day-gift-card.html,Name Day GIft Card - Καλαμάτα,Δωροκάρτα για Ονομαστική Εορτή. Tap to expand ... Τα Valsamakis Optics συνεργάζονται με εταιρεία ταχυμεταφορών ...,"site:.gr ""optics"" ""δωροκάρτα""",5,data\discovery\focused-harvest-v7\clean-v7\review.csv | data\discovery\focused-harvest-v7-run1-backup\clean-v7\review.csv | data\discovery\mass-harvest-v5\clean-v5.4\review.csv | data\discovery\mass-harvest-v5\clean-v5.5\review.csv | data\discovery\mega-harvest-v6\clean-v6\review.csv,,REVIEW,greek_domain_brand_coherence_unclear
85,vamvakashoes.gr,Αγοράστε μία Δωροεπιταγή - Βαμβακά Shoes & Accessories,https://vamvakashoes.gr/index.php?route,Αγοράστε μία Δωροεπιταγή - Βαμβακά Shoes & Accessories,Αυτή η δωροεπιταγή θα αποσταλεί μέ e-mail στον παραλήπτη αφού ολοκληρωθεί ή πληρωμή σας. ... © 2021 Vamvaka Shoes. All Rights Reserved. Created by CLC Web ...,"site:.gr ""shoes"" ""δωροεπιταγή""",2,data\discovery\focused-harvest-v7\clean-v7\review.csv | data\discovery\focused-harvest-v7-run1-backup\clean-v7\review.csv,,REVIEW,greek_domain_brand_coherence_unclear
100,vasos-kitchen.com,Gift card available.,https://vasos-kitchen.com/gift-card-available/,Gift card available.,Gift card available. Share. Share on X (Opens in new window) X · Share on ... Email. Like Loading... Vaso's Kitchen. a little piece of Greece. Facebook ...,"""kitchen"" ""gift card"" Greece",1,data\discovery\mega-harvest-v6\clean-v6\review.csv,,REVIEW,non_greek_brand_coherence_unclear
100,vass-shoes.com,Gift Card Voucher,https://vass-shoes.com/shop/gift-card-voucher/,Gift Card Voucher,"The average VAT rate is ~20%. Example: if you want your gift voucher recipient to be able to buy a €417 shoes with shoe trees and shipping, €417 (shoes) ...","""shoes"" ""gift voucher"" Greece",5,data\discovery\mass-harvest-v5\clean-v5.2\global-review.csv | data\discovery\mass-harvest-v5\clean-v5.3\global-review.csv | data\discovery\mass-harvest-v5\clean-v5.4\review.csv | data\discovery\mass-harvest-v5\clean-v5.5\review.csv | data\discovery\mega-harvest-v6\clean-v6\review.csv,,REVIEW,non_greek_brand_coherence_unclear
100,vassiakostara.com,Com,https://www.vassiakostara.com/cms-gift-card?srsltid=AfmBOordWUQTDqNfuFbN9wi7HMofJDMRbezg4vXPa0d6mgFGEZP_Ek89,Gift Cards,"JEWELRY · SCARVES · TOWELS. GIFT CARD. GIFT CARD; BUY A GIFT CARD · GIFT CARD ... Σε περίπτωση απώλειας, η δωροκάρτα δύναται να αντικατασταθεί με προσκόμιση ...","""Kos"" ""jewelry"" ""δωροκάρτα""",6,data\discovery\focused-harvest-v7-run1-backup\clean-v7\review.csv | data\discovery\mass-harvest-v5\clean-v5.2\global-review.csv | data\discovery\mass-harvest-v5\clean-v5.3\global-review.csv | data\discovery\mass-harvest-v5\clean-v5.4\review.csv | data\discovery\mass-harvest-v5\clean-v5.5\review.csv | data\discovery\mega-harvest-v6\clean-v6\review.csv,,REVIEW,non_greek_brand_coherence_unclear
100,vca.gr,Sick Gift Card - ViciousCyclesAthens,https://www.vca.gr/products/gift-card,Sick Gift Card - ViciousCyclesAthens,"... shoes that cyclists wear) and lycra and spends most of his income in gear ... Sick Gift Card. Sale. Regular price €10,00. Tax included. Title. €10,00 EUR ...","site:.gr ""shoes"" ""gift card""",3,data\discovery\mass-harvest-v5\clean-v5.4\review.csv | data\discovery\mass-harvest-v5\clean-v5.5\review.csv | data\discovery\mega-harvest-v6\clean-v6\review.csv,,REVIEW,greek_domain_brand_coherence_unclear
100,vellutini-lingerie.com,Vellutini Lingerie Gift Card,https://vellutini-lingerie.com/products/vellutini-lingerie-gift-card,Vellutini Lingerie Gift Card,"Perfect for those who appreciate beauty, heritage, and luxurious details, our gift card allows your loved ones to choose their own piece of Mediterranean ...","""lingerie"" ""gift card"" Greece",5,data\discovery\mass-harvest-v5\clean-v5.2\global-review.csv | data\discovery\mass-harvest-v5\clean-v5.3\global-review.csv | data\discovery\mass-harvest-v5\clean-v5.4\review.csv | data\discovery\mass-harvest-v5\clean-v5.5\review.csv | data\discovery\mega-harvest-v6\clean-v6\review.csv,,SECOND_PASS_SAFE,non_greek_brand_coherent_direct_gift_card
100,vendora.cy,"Sklavenitis Gift Voucher 50€ new - € 49,00",https://vendora.cy/items/86703q/sklavenitis-gift-voucher-50-new.html,"Sklavenitis Gift Voucher 50€ new - € 49,00","... Optics Collectibles Computers, Tablets & Peripherals Fashion Furniture ... This title was generated by AI and may not be fully accurate. Sklavenitis Gift Voucher ...","""optics"" ""gift voucher"" Greece",5,data\discovery\mass-harvest-v5\clean-v5.2\global-review.csv | data\discovery\mass-harvest-v5\clean-v5.3\global-review.csv | data\discovery\mass-harvest-v5\clean-v5.4\review.csv | data\discovery\mass-harvest-v5\clean-v5.5\review.csv | data\discovery\mega-harvest-v6\clean-v6\review.csv,,REVIEW,non_greek_brand_coherence_unclear
55,vendora.gr,"Hotel key Daniel hotel καινούργιο,… - € 3,00",https://vendora.gr/items/ygwoqw/hotel-keygift-card-dead-sea-diamond-daniel-hotel-klidi-xenodochiou-katastasi-kenourgio.html,"Hotel key Daniel hotel καινούργιο,… - € 3,00","Αγόρασε: Hotel key Daniel hotel καινούργιο, δωροκάρτα Dead sea… με € 3,00 ή βρες περισσότερες προσφορές στην κατηγορία Άλλα - Vendora.gr.","site:.gr ""hotel"" ""δωροκάρτα""",1,data\discovery\mega-harvest-v6\clean-v6\review.csv,,REVIEW,greek_domain_brand_coherence_unclear
80,venturephotography.in,Register a Gift Voucher | Venture Photography Studios UK,https://venturephotography.in/register/,Register a Gift Voucher | Venture Photography Studios UK,"... Gift Voucher · Photoshoots · Family Photoshoots · Maternity & Baby Photoshoots · Pet ... You will also gain access to fantastic content, photography tips & tricks ...","""photography"" ""gift voucher"" Greece",6,data\discovery\mass-harvest-v5\clean-v5.1\review.csv | data\discovery\mass-harvest-v5\clean-v5.2\manual-review.csv | data\discovery\mass-harvest-v5\clean-v5.3\global-review.csv | data\discovery\mass-harvest-v5\clean-v5.4\review.csv | data\discovery\mass-harvest-v5\clean-v5.5\review.csv | data\discovery\mega-harvest-v6\clean-v6\review.csv,,SECOND_PASS_SAFE,non_greek_brand_coherent_direct_gift_card
55,vi-control.net,Native Instruments Modular Icons for a $19 Spitfire Audio ...,https://vi-control.net/community/threads/native-instruments-modular-icons-for-a-19-spitfire-audio-gift-card.162283/,Native Instruments Modular Icons for a $19 Spitfire Audio ...,"(Spyros From Greece) ... I would like to sell/trade my Native Instruments Modular Icons licence,for a $19 Spitfire Audio Gift Card only!","""audio"" ""gift card"" Greece",1,data\discovery\mega-harvest-v6\clean-v6\review.csv,,REVIEW,non_greek_brand_coherence_unclear
100,viaduro.de,Gift Cards for Bikers,https://viaduro.de/en/gift-card,Gift Cards for Bikers,The gift card is valid for any motorcycle tours and motorcycle trainings offered by us and therefore makes a great Christmas gift for every biker you know.,"""motorcycle"" ""gift card"" Greece",5,data\discovery\mass-harvest-v5\clean-v5.2\global-review.csv | data\discovery\mass-harvest-v5\clean-v5.3\global-review.csv | data\discovery\mass-harvest-v5\clean-v5.4\review.csv | data\discovery\mass-harvest-v5\clean-v5.5\review.csv | data\discovery\mega-harvest-v6\clean-v6\review.csv,,REVIEW,non_greek_brand_coherence_unclear
80,viagogo.gr,Frameless Gift Card Redemption,https://www.viagogo.gr/E-161622634,Frameless Gift Card Redemption,"Frameless Gift Card Redemption. Πέμ, 19 Νοε • 12 ... Ricky Gervais. 7:00 PM Alexandra Palace Theatre at Alexandra Palace - Complex. Flag of GB London, GB, ΗΒ ...","site:.gr ""theatre"" ""gift card""",6,data\discovery\mass-harvest-v5\clean-v5.1\review.csv | data\discovery\mass-harvest-v5\clean-v5.2\manual-review.csv | data\discovery\mass-harvest-v5\clean-v5.3\global-review.csv | data\discovery\mass-harvest-v5\clean-v5.4\review.csv | data\discovery\mass-harvest-v5\clean-v5.5\review.csv | data\discovery\mega-harvest-v6\clean-v6\review.csv,,REVIEW,greek_domain_brand_coherence_unclear
100,victoriassecret.com,Gift Cards,https://www.victoriassecret.com/cz/vs/gift-cards,Gift Cards,NEED HELP? Gift Card Info | (800) 270-8999 · SIGN UP TO STAY IN THE KNOW ... You are currently shopping on the Czech Republic website. Visit your local ...,"""Czech Republic"" beauty ""gift card"" official",4,data\discovery\mass-harvest-v5\clean-v5.2\global-review.csv | data\discovery\mass-harvest-v5\clean-v5.3\global-review.csv | data\discovery\mass-harvest-v5\clean-v5.4\review.csv | data\discovery\mass-harvest-v5\clean-v5.5\review.csv,,REVIEW,non_greek_brand_coherence_unclear
100,vidaplayer.com,Buy 40 EUR Gift Card (France) Amazon,https://www.vidaplayer.com/en/product/gift-card-amazon-france/40-eur-gift-card,Buy 40 EUR Gift Card (France) Amazon,With this gift card you get prepaid credit to spend in the world's largest online store. ... 20 EUR Gift Card (France). $23.28. Add to cart.,"""France"" retail ""gift card"" official",3,data\discovery\mass-harvest-v5\clean-v5.1\review.csv | data\discovery\mass-harvest-v5\clean-v5.2\global-review.csv | data\discovery\mass-harvest-v5\clean-v5.5\review.csv,,REJECT,third_party_amazon_gift_card
100,vietcentric.co.uk,Vietcentric,https://www.vietcentric.co.uk/product/egift-voucher/,E-Gift Voucher (Customer Favourite!),Related products. Gift Voucher. Gift Voucher (Delivery). £65.00 ... © Copyright - Vietcentric - Designed by Newark Computers. Link to Facebook ...,"""computers"" ""gift voucher"" Greece",1,data\discovery\mega-harvest-v6\clean-v6\review.csv,,REVIEW,non_greek_brand_coherence_unclear
100,vikingmarine.ie,Viking Marine Gift Voucher,https://vikingmarine.ie/products/gift-voucher?srsltid=AfmBOorad1AbRg1GvmQ39X2bTaBoSlD-y3-f-X-ew2xmYfs8CapBpE3M,Viking Marine Gift Voucher,Viking Marine Gift Voucher. €10.00 /. Tax included. Shipping calculated at checkout.,"""marine"" ""gift voucher"" Greece",4,data\discovery\mass-harvest-v5\clean-v5.2\global-review.csv | data\discovery\mass-harvest-v5\clean-v5.3\global-review.csv | data\discovery\mass-harvest-v5\clean-v5.4\review.csv | data\discovery\mass-harvest-v5\clean-v5.5\review.csv,,SECOND_PASS_SAFE,non_greek_brand_coherent_direct_gift_card
100,viladocondefashionoutlet.pt,Gift Card | Vila do Conde Porto Fashion Outlet,https://www.viladocondefashionoutlet.pt/en/gift-card-en,Gift Card | Vila do Conde Porto Fashion Outlet,"The Vila do Conde Porto Fashion Outlet Gift Card is now just a click away. Purchase your Gift Card valued at €30, €50, €100 or any amount selected by you ...","""Portugal"" fashion ""gift card"" official",4,data\discovery\mass-harvest-v5\clean-v5.2\global-review.csv | data\discovery\mass-harvest-v5\clean-v5.3\global-review.csv | data\discovery\mass-harvest-v5\clean-v5.4\review.csv | data\discovery\mass-harvest-v5\clean-v5.5\review.csv,,REVIEW,non_greek_brand_coherence_unclear
100,vincerocollective.com,Let Them Choose - The Gift Card - Vincero Collective,https://vincerocollective.com/products/gift-card,Let Them Choose - The Gift Card - Vincero Collective,"You have so many exciting styles of men's and women's watches. To chose for someone else would almost be unfair. Anyway, I gave four gift cards and all got back ...","""watches"" ""gift voucher"" Greece",5,data\discovery\mass-harvest-v5\clean-v5.2\global-review.csv | data\discovery\mass-harvest-v5\clean-v5.3\global-review.csv | data\discovery\mass-harvest-v5\clean-v5.4\review.csv | data\discovery\mass-harvest-v5\clean-v5.5\review.csv | data\discovery\mega-harvest-v6\clean-v6\review.csv,,SECOND_PASS_SAFE,non_greek_brand_coherent_direct_gift_card
100,vinoble-cosmetics.at,Gift Cards | VINOBLE Cosmetics Shop,https://www.vinoble-cosmetics.at/en/accessories/gift-cards.html?srsltid=AfmBOopUyfGHM40gMgpQdKnG5uuVEc3vtvOUNB4o625fgJVR-xYubcpG,Gift Cards | VINOBLE Cosmetics Shop,"... Austria! 1 Item. Sort By. Position, Product Name, Price, Content. VINOBLE COSMETICS Gift Card · Gift card. Freely selectable amount. From €30.00. To €500.00.","""Austria"" beauty ""gift card"" official",4,data\discovery\mass-harvest-v5\clean-v5.2\global-review.csv | data\discovery\mass-harvest-v5\clean-v5.3\global-review.csv | data\discovery\mass-harvest-v5\clean-v5.4\review.csv | data\discovery\mass-harvest-v5\clean-v5.5\review.csv,,SECOND_PASS_SAFE,non_greek_brand_coherent_direct_gift_card
100,vinoteca.gr,100,https://www.vinoteca.gr/gift-card-100.html,Δωροκάρτα 100,"Δωροκάρτα. ... Idylle d ... Δωροκάρτα 100. 100,00 €. Αγορα. Πρόσθεση στα Επιθυμητά; Πρόσθεση στην Σύγκριση ...","site:.gr ""tour"" ""δωροκάρτα""",3,data\discovery\focused-harvest-v7\clean-v7\review.csv | data\discovery\focused-harvest-v7-run1-backup\clean-v7\review.csv | data\discovery\mega-harvest-v6\clean-v6\review.csv,,REVIEW,greek_domain_brand_coherence_unclear
80,vinoultura.gr,Vinoultura gift cart,https://www.vinoultura.gr/products/vinoultura-gift-cart?srsltid,Vinoultura gift cart - Δωροκάρτα,WINE | DELI | SPIRITS. WINE | DELI | SPIRITS. Facebook · Instagram · TikTok ... Vinoultura Gift Card. Δωροκάρτα: €10.00 €25.00 €50.00 €100.00 €150.00 €200.00,"site:.gr ""wine"" ""δωροκάρτα""",8,data\discovery\focused-harvest-v7\clean-v7\review.csv | data\discovery\focused-harvest-v7-run1-backup\clean-v7\review.csv | data\discovery\mass-harvest-v5\clean-v5.1\review.csv | data\discovery\mass-harvest-v5\clean-v5.2\manual-review.csv | data\discovery\mass-harvest-v5\clean-v5.3\global-review.csv | data\discovery\mass-harvest-v5\clean-v5.4\review.csv | data\discovery\mass-harvest-v5\clean-v5.5\review.csv | data\discovery\mega-harvest-v6\clean-v6\review.csv,,SECOND_PASS_SAFE,greek_brand_coherent_direct_gift_card
100,vitalitaly.net,Italian Gourmet Gift Voucher — Premium Personalised ...,https://vitalitaly.net/products/vitalitaly-italian-gourmet-gift-voucher?srsltid=AfmBOoqMgtEeTC2YhP8XQG0vmf911ebz7JgC9ZTF45YmfbkuHTa2-lX6,Italian Gourmet Gift Voucher — Premium Personalised ...,"Give the gift of Italy — Vitalitaly's premium gourmet gift voucher from €10 to €100. Personalised, electronic or postal delivery. Perfect for any occasion.","""gourmet"" ""gift voucher"" Greece",1,data\discovery\mega-harvest-v6\clean-v6\review.csv,,REVIEW,non_greek_brand_coherence_unclear
100,vivaldimusiclessons.nl,Music Lessons Gift Voucher,https://vivaldimusiclessons.nl/en/music-lessons-gift-voucher,Music Lessons Gift Voucher,The Music Lesson Gift Card is 24 months valid. Unused gift cards are non-refundable. The trial lesson is not applicable in combination with a gift voucher.,"""music"" ""gift voucher"" Greece",4,data\discovery\mass-harvest-v5\clean-v5.2\global-review.csv | data\discovery\mass-harvest-v5\clean-v5.3\global-review.csv | data\discovery\mass-harvest-v5\clean-v5.4\review.csv | data\discovery\mass-harvest-v5\clean-v5.5\review.csv,,REVIEW,non_greek_brand_coherence_unclear
85,vkathbeauty.com,100 € - VKATHENS,https://vkathbeauty.com/product/gif-card-100-e/,GIFT CARD 100 € - VKATHENS,"GIFT CARD 100 €. 100,00 €. GIFT CARD 100 € ποσότητα. Προσθήκη στο καλάθι ... Η VKATH ATHENS είναι περισσότερα από ένα απλό eShop, είναι ένας προορισμός ...","""Athens"" ""beauty"" ""gift card""",3,data\discovery\focused-harvest-v7\clean-v7\review.csv | data\discovery\focused-harvest-v7-run1-backup\clean-v7\review.csv | data\discovery\mega-harvest-v6\clean-v6\review.csv,,REVIEW,non_greek_brand_coherence_unclear
85,vleesetendeplantshop.be,Gift Voucher Carnivorous Plants | a surprise for plant lovers,https://vleesetendeplantshop.be/en/collections/cadeaubon-vleesetende-planten?srsltid=AfmBOoqWcbgLSJ3AFjp0kh56wvper6Xk1vCv4zZ3dSsc7Q9jpwC1-WlW,Gift Voucher Carnivorous Plants | a surprise for plant lovers,"Greece EUR € ... Gift voucher. Do you want to buy a gift for a ... Visits to other growers, exchange fairs and years of cultivation later, a hobby nursery grew out ...","""hobby"" ""gift voucher"" Greece",6,data\discovery\mass-harvest-v5\clean-v5.1\review.csv | data\discovery\mass-harvest-v5\clean-v5.2\manual-review.csv | data\discovery\mass-harvest-v5\clean-v5.3\global-review.csv | data\discovery\mass-harvest-v5\clean-v5.4\review.csv | data\discovery\mass-harvest-v5\clean-v5.5\review.csv | data\discovery\mega-harvest-v6\clean-v6\review.csv,,REVIEW,non_greek_brand_coherence_unclear
100,vnyglasses.com,VNY Gift Card,https://vnyglasses.com/product/vny-gift-card?srsltid=AfmBOoqGFPGPTUaKXHu7jDgtBpEhS5ZDM3KraTXodfGmTE9_tQTQWmbs,VNY Gift Card,"Αρχική/Eyewear/VNY Gift Card. Gift card with skincare products and sunglasses in a box, featuring the brand 'VNY. VNY Gift Card. €20.00€25.00-20%. 20% off VNY ...","""eyewear"" ""gift card"" Greece",1,data\discovery\mega-harvest-v6\clean-v6\review.csv,,REVIEW,non_greek_brand_coherence_unclear
80,vodafonecu.gr,10€ δωροεπιταγή στα Factory Outlet!,https://www.vodafonecu.gr/cu-around/offer/10-doroepitagi-sta-factory-outlet-2025/,10€ δωροεπιταγή στα Factory Outlet!,FOOD & DRINK. BEAUTY & STYLE. TRAVEL & EXPERIENCES. HOME SWEET HOME. BETTER YOU ... Πάρε την προσφορά και έχεις δωροεπιταγή αξίας 10 ευρώ για αγορές άνω των 50€.,"site:.gr ""food"" ""δωροεπιταγή""",1,data\discovery\focused-harvest-v7\clean-v7\review.csv,,REVIEW,greek_domain_brand_coherence_unclear
100,voicemap.me,Buy a travel gift card for VoiceMap tours ...,https://voicemap.me/travel-gift-card,Buy a travel gift card for VoiceMap tours ...,Boat or Ferry Tour Use the same tour upriver and down. Partner. Pricing ... Buying a gift voucher provides your recipient with tour credits. Each credit ...,"""ferry"" ""gift voucher"" Greece",5,data\discovery\mass-harvest-v5\clean-v5.2\global-review.csv | data\discovery\mass-harvest-v5\clean-v5.3\global-review.csv | data\discovery\mass-harvest-v5\clean-v5.4\review.csv | data\discovery\mass-harvest-v5\clean-v5.5\review.csv | data\discovery\mega-harvest-v6\clean-v6\review.csv,,SECOND_PASS_SAFE,non_greek_brand_coherent_direct_gift_card
100,voltawinebar.com,Gift Cards - Volta Wine Bar Store,https://voltawinebar.com/pages/gift-cards,Gift Cards - Volta Wine Bar Store,... gift voucher when making your booking ... Bar is open | Free delivery on orders over €60 Bar is open | Free delivery on orders over €60. Account · Cart (0).,"""bar"" ""gift voucher"" Greece",1,data\discovery\mega-harvest-v6\clean-v6\review.csv,,SECOND_PASS_SAFE,non_greek_brand_coherent_direct_gift_card
80,voucher.ariescreative.com,Gift voucher - smartVoucher,https://voucher.ariescreative.com/widget/voucher.php?kID=V001023&lng=3&css=https://voucher.ariescreative.com/admin/images/user_upload/k23/voucher.css&path=/en/service/voucher&furl=https%3A%2F%2Fwww.vierjahreszeiten.it%2Fen%2Fservice%2Fvoucher%3F_gl%3D1%252A12f3cw%252A_up%252AMQ..%252A_gs%252ANQ..%26cHash%3D396baebf253439adc7b7a9c5a1f22ca1,Gift voucher - smartVoucher,Gift voucher. Create your own voucher and choose the amount you want to give ... Partial massage (legs or back). Pure relaxation for legs or back. The ...,"""massage"" ""gift voucher"" Greece",6,data\discovery\mass-harvest-v5\clean-v5.1\review.csv | data\discovery\mass-harvest-v5\clean-v5.2\manual-review.csv | data\discovery\mass-harvest-v5\clean-v5.3\global-review.csv | data\discovery\mass-harvest-v5\clean-v5.4\review.csv | data\discovery\mass-harvest-v5\clean-v5.5\review.csv | data\discovery\mega-harvest-v6\clean-v6\review.csv,,REVIEW,non_greek_brand_coherence_unclear
85,voucherexpress.com,Gift Cards for Fashion & Footwear,https://www.voucherexpress.com/categories/fashion-and-footwear,Gift Cards for Fashion & Footwear,"VEX Gift Card UK Versions. VEX EatsVEX Home · VEX Gift Card Ireland. Inspiration ... Can I buy a VEX Gift Card over the value of £500? Yes, you can! But ...","""UK"" fashion ""gift card"" official",5,data\discovery\mass-harvest-v5\clean-v5.1\review.csv | data\discovery\mass-harvest-v5\clean-v5.2\manual-review.csv | data\discovery\mass-harvest-v5\clean-v5.3\global-review.csv | data\discovery\mass-harvest-v5\clean-v5.4\review.csv | data\discovery\mass-harvest-v5\clean-v5.5\review.csv,,REVIEW,non_greek_brand_coherence_unclear
80,vouchers.kmmaltairlines.com,KM Malta Gift Vouchers,https://vouchers.kmmaltairlines.com/,KM Malta Gift Vouchers,Customise Your Gift Voucher. Voucher Theme. ❮. Upload your own image. Custom ... 2025 © KM Malta Airlines Limited. All rights reserved.,"""Malta"" travel ""gift voucher"" official",5,data\discovery\mass-harvest-v5\clean-v5.1\review.csv | data\discovery\mass-harvest-v5\clean-v5.2\manual-review.csv | data\discovery\mass-harvest-v5\clean-v5.3\global-review.csv | data\discovery\mass-harvest-v5\clean-v5.4\review.csv | data\discovery\mass-harvest-v5\clean-v5.5\review.csv,,REVIEW,non_greek_brand_coherence_unclear
85,vouchersdepot.com,Gift Card - Attica - Greece,https://www.vouchersdepot.com/product/Greece/ATTICA,Gift Card - Attica - Greece,Gift Card - Attica - Greece. Το attica είναι το μεγαλύτερο ... attica is the country's largest department store which is located in five locations in Greece ...,"""department store"" ""gift card"" Greece",5,data\discovery\mass-harvest-v5\clean-v5.1\review.csv | data\discovery\mass-harvest-v5\clean-v5.2\manual-review.csv | data\discovery\mass-harvest-v5\clean-v5.3\global-review.csv | data\discovery\mass-harvest-v5\clean-v5.4\review.csv | data\discovery\mass-harvest-v5\clean-v5.5\review.csv,,REVIEW,non_greek_brand_coherence_unclear
100,vpflowers.ie,Gift Voucher - VPFLOWERS,https://vpflowers.ie/gift-voucher,Gift Voucher - VPFLOWERS,"Gift Voucher - Not quite sure what to get for your loved one(s)? Send them ... VP Flowers is a Dublin based florist which is located in Phibsborough, a ...","""flowers"" ""gift voucher"" Greece",5,data\discovery\mass-harvest-v5\clean-v5.2\global-review.csv | data\discovery\mass-harvest-v5\clean-v5.3\global-review.csv | data\discovery\mass-harvest-v5\clean-v5.4\review.csv | data\discovery\mass-harvest-v5\clean-v5.5\review.csv | data\discovery\mega-harvest-v6\clean-v6\review.csv,,SECOND_PASS_SAFE,non_greek_brand_coherent_direct_gift_card
70,wa.gov.au,Commissioner's blog: Gift card rules reminder,https://www.wa.gov.au/government/announcements/commissioners-blog-gift-card-rules-reminder,Commissioner's blog: Gift card rules reminder,Animal and veterinary sciences ... A caller to one of our regular radio segments claims she was left out of pocket after buying a $400 gift ...,"""veterinary"" ""gift voucher"" Greece",1,data\discovery\mega-harvest-v6\clean-v6\review.csv,,REVIEW,non_greek_brand_coherence_unclear
100,wanderboat.ai,Sustainable Fashion Gift Card - Amsterdam,https://wanderboat.ai/local-businesses/netherlands/amsterdam/sustainable-fashion-gift-card/oY6VJCB6S6S_IfhTHZAiAQ,Sustainable Fashion Gift Card - Amsterdam,"Plan your visit to Sustainable Fashion Gift Card in Piet Mondriaanstraat 113, 1061 TP Amsterdam, Netherlands. Check opening hours, address, photos, ...","""Netherlands"" fashion ""gift card"" official",4,data\discovery\mass-harvest-v5\clean-v5.2\global-review.csv | data\discovery\mass-harvest-v5\clean-v5.3\global-review.csv | data\discovery\mass-harvest-v5\clean-v5.4\review.csv | data\discovery\mass-harvest-v5\clean-v5.5\review.csv,,REVIEW,non_greek_brand_coherence_unclear
85,watches.trabakopoulos.gr,Αγοράστε μία Δωροεπιταγή - Trabakopoulos Watches,https://watches.trabakopoulos.gr/index.php?route,Αγοράστε μία Δωροεπιταγή - Trabakopoulos Watches,"Trabakopoulos Watches. 0 προϊόν(τα) - 0,00€ 0. O Λογαριασμός μου ... Αυτή η δωροεπιταγή θα αποσταλεί μέ e-mail στον παραλήπτη αφού ολοκληρωθεί ή πληρωμή σας.","site:.gr ""watches"" ""δωροεπιταγή""",2,data\discovery\focused-harvest-v7\clean-v7\review.csv | data\discovery\focused-harvest-v7-run1-backup\clean-v7\review.csv,,SECOND_PASS_SAFE,greek_brand_coherent_direct_gift_card
85,watches24.gr,Αγοράστε μία Δωροεπιταγή,https://www.watches24.gr/index.php?route,Αγοράστε μία Δωροεπιταγή,Αγοράστε μία Δωροεπιταγή. Αυτή η δωροεπιταγή θα αποσταλεί μέ e-mail στον παραλήπτη αφού ολοκληρωθεί ή πληρωμή σας. Όνομα παραλήπτη. E-mail παραλήπτη. Το όνομα ...,"site:.gr ""watches"" ""δωροεπιταγή""",2,data\discovery\focused-harvest-v7\clean-v7\review.csv | data\discovery\focused-harvest-v7-run1-backup\clean-v7\review.csv,,REVIEW,greek_domain_brand_coherence_unclear
80,wedday.gr,Δωροκάρτα - WEDDING DAY,https://wedday.gr/dorokarta/?srsltid=AfmBOorAc71yn7tFwTxoTHl8-ZRPQLbkOT1Dayx1vMnKlJIF0tABKPbX,Δωροκάρτα - WEDDING DAY,"Δωροκάρτα · WEDDING BOOK · Αρχική » Δωροκάρτα. Δωροκάρτα. Προσθήκη στην λίστα επιθυμιών · Δωροκάρτα WEDDING DAY. 10,00€ – 500,00€ Price range: 10 ...","site:.gr ""wedding"" ""δωροκάρτα""",6,data\discovery\mass-harvest-v5\clean-v5.1\review.csv | data\discovery\mass-harvest-v5\clean-v5.2\manual-review.csv | data\discovery\mass-harvest-v5\clean-v5.3\global-review.csv | data\discovery\mass-harvest-v5\clean-v5.4\review.csv | data\discovery\mass-harvest-v5\clean-v5.5\review.csv | data\discovery\mega-harvest-v6\clean-v6\review.csv,,REVIEW,greek_domain_brand_coherence_unclear
100,weekday.com,Gift Card,https://www.weekday.com/en-eu/gift-card/?srsltid=AfmBOooB1-oeotCAtSkwq_MttQHHVUeQ-g3YHIW8_e64xsBD91HEB_rC,Gift Card,"GIFT CARD ... You can find more information on available payment methods here. Weekday digital Gift Cards are currently available in Sweden, Germany, UK, France, ...","""France"" fashion ""gift card"" official",4,data\discovery\mass-harvest-v5\clean-v5.2\global-review.csv | data\discovery\mass-harvest-v5\clean-v5.3\global-review.csv | data\discovery\mass-harvest-v5\clean-v5.4\review.csv | data\discovery\mass-harvest-v5\clean-v5.5\review.csv,,REVIEW,non_greek_brand_coherence_unclear
80,wellbee.gr,Δωροκάρτα - Wellbee Cosmetics,https://www.wellbee.gr/product/dwrokarta/,Δωροκάρτα - Wellbee Cosmetics,"VT Cosmetics · Wismin · About us · Επικοινωνία · 0 items. Menu. 0 items · Αρχική σελίδα ... Δωροκάρτα. 10,00 € – 100,00 € Price range: 10,00 € through 100,00 € ...","""cosmetics"" ""δωροκάρτα"" Greece",1,data\discovery\mega-harvest-v6\clean-v6\review.csv,,SECOND_PASS_SAFE,greek_brand_coherent_direct_gift_card
100,wellskino.com,Wellskino Gift Voucher,https://wellskino.com/products/wellskino-gift-card,Wellskino Gift Voucher,Language · Wellskino Gift Voucher · Wellskino Electronic Gift Voucher Conditions · Exceptional Skincare Results · Explore other products: · Information · Information.,"""skincare"" ""gift voucher"" Greece",1,data\discovery\mega-harvest-v6\clean-v6\review.csv,,SECOND_PASS_SAFE,non_greek_brand_coherent_direct_gift_card
85,westincostanavarino.skchase.com,Official gift voucher for The Westin Resort Costa Navarino,https://westincostanavarino.skchase.com/,Official gift voucher for The Westin Resort Costa Navarino,Gift Cards - The Westin Resort Costa Navarino. £0 - £500+.,"""resort"" ""gift voucher"" Greece",6,data\discovery\mass-harvest-v5\clean-v5.1\review.csv | data\discovery\mass-harvest-v5\clean-v5.2\manual-review.csv | data\discovery\mass-harvest-v5\clean-v5.3\global-review.csv | data\discovery\mass-harvest-v5\clean-v5.4\review.csv | data\discovery\mass-harvest-v5\clean-v5.5\review.csv | data\discovery\mega-harvest-v6\clean-v6\review.csv,,REVIEW,non_greek_brand_coherence_unclear
100,whatsonreading.com,Gift vouchers,https://whatsonreading.com/gift-vouchers,Gift vouchers,"Gift Vouchers. ""Reading Arts and Venues gift vouchers are the perfect gift for anyone who enjoys live music, comedy, theatre and family events.","""theatre"" ""gift voucher"" Greece",5,data\discovery\mass-harvest-v5\clean-v5.2\global-review.csv | data\discovery\mass-harvest-v5\clean-v5.3\global-review.csv | data\discovery\mass-harvest-v5\clean-v5.4\review.csv | data\discovery\mass-harvest-v5\clean-v5.5\review.csv | data\discovery\mega-harvest-v6\clean-v6\review.csv,,REVIEW,non_greek_brand_coherence_unclear
100,wickedthemusical.co.uk,Wicked Gift Cards | Wicked The Musical - UK,https://www.wickedthemusical.co.uk/giftcards/,Wicked Gift Cards | Wicked The Musical - UK,Choose your seats on the theatre seat plan and proceed to the check out. At the checkout enter your unique Gift Card code where indicated and proceed to enter ...,"""theatre"" ""gift card"" Greece",5,data\discovery\mass-harvest-v5\clean-v5.2\global-review.csv | data\discovery\mass-harvest-v5\clean-v5.3\global-review.csv | data\discovery\mass-harvest-v5\clean-v5.4\review.csv | data\discovery\mass-harvest-v5\clean-v5.5\review.csv | data\discovery\mega-harvest-v6\clean-v6\review.csv,,REVIEW,non_greek_brand_coherence_unclear
100,wildrisingskincare.com,Natural Skincare Gift Card,https://wildrisingskincare.com/collections/gift-card?srsltid=AfmBOooB-TJdFXr9vCtK6OK1--_SjySZOPBvJVUCiCBXNGwJtFFCKlcB,Natural Skincare Gift Card,Greece (EUR €); Greenland (GBP £); Grenada (GBP £); Guadeloupe (EUR ... Natural Skincare Gift Voucher. From £15.00. Let's talk about natural skincare ...,"""Greece"" ""skincare"" ""gift voucher""",1,data\discovery\mega-harvest-v6\clean-v6\review.csv,,REVIEW,non_greek_brand_coherence_unclear
100,wizzgift.com,Abdullah Electronics Gift Voucher - Buy with Crypto,https://www.wizzgift.com/en-GR/gift-cards/abdullah-electronics-gift-voucher,Abdullah Electronics Gift Voucher - Buy with Crypto,"Buy Abdullah Electronics Gift Voucher with crypto, secure digital delivery, and worldwide support. Shop on WizzGift Greece today!","""electronics"" ""gift voucher"" Greece",3,data\discovery\mass-harvest-v5\clean-v5.3\greece-market-review.csv | data\discovery\mass-harvest-v5\clean-v5.4\review.csv | data\discovery\mass-harvest-v5\clean-v5.5\review.csv,,REVIEW,non_greek_brand_coherence_unclear
100,wollongong.nsw.gov.au,Gift Vouchers | Wollongong City Leisure Centres,https://wollongong.nsw.gov.au/leisurecentres/join/gift-vouchers,Gift Vouchers | Wollongong City Leisure Centres,"A Wollongong City Leisure Centres gift voucher is a great option for that hard to buy person, or someone who wants to get fit.","""fitness"" ""gift voucher"" Greece",5,data\discovery\mass-harvest-v5\clean-v5.2\global-review.csv | data\discovery\mass-harvest-v5\clean-v5.3\global-review.csv | data\discovery\mass-harvest-v5\clean-v5.4\review.csv | data\discovery\mass-harvest-v5\clean-v5.5\review.csv | data\discovery\mega-harvest-v6\clean-v6\review.csv,,REVIEW,non_greek_brand_coherence_unclear
85,wooden-toys.gr,Αγοράστε μία Δωροεπιταγή - www.Wooden-Toys.gr,https://www.wooden-toys.gr/index.php?route,Αγοράστε μία Δωροεπιταγή - www.Wooden-Toys.gr,"www.Wooden-Toys.gr. 0 προϊόν(τα) - 0,00€ 0. All. All; Ξύλινα ... Αυτή η δωροεπιταγή θα αποσταλεί μέ e-mail στον παραλήπτη αφού ολοκληρωθεί ή πληρωμή σας.","site:.gr ""toys"" ""δωροεπιταγή""",2,data\discovery\focused-harvest-v7\clean-v7\review.csv | data\discovery\focused-harvest-v7-run1-backup\clean-v7\review.csv,,SECOND_PASS_SAFE,greek_brand_coherent_direct_gift_card
85,woolsocks.eu,Buy Global Hotel Card France gift card,https://woolsocks.eu/cadeaukaart/68c5b868-690b-4ba6-a7a4-979235fa2ab5,Buy Global Hotel Card France gift card,"About Global Hotel Card France. The Global Hotel Card Powered by Expedia Partner Solutions is the premier gift card for hotels, resorts, vacation rentals and ...","""France"" hotel ""gift card"" official",5,data\discovery\mass-harvest-v5\clean-v5.1\review.csv | data\discovery\mass-harvest-v5\clean-v5.2\manual-review.csv | data\discovery\mass-harvest-v5\clean-v5.3\global-review.csv | data\discovery\mass-harvest-v5\clean-v5.4\review.csv | data\discovery\mass-harvest-v5\clean-v5.5\review.csv,,REVIEW,non_greek_brand_coherence_unclear
80,wordreference.com,gift voucher - Αγγλοελληνικό Λεξικό WordReference.com,https://www.wordreference.com/engr/gift%20voucher,gift voucher - Αγγλοελληνικό Λεξικό WordReference.com,"Κύριες μεταφράσεις ; Αγγλικά, Ελληνικά ; gift voucher n, (gift token), κάρτα δώρου ουσ θηλ ; κουπόνι δώρου ουσ ουδ ; His only present was a gift voucher worth £5.","""gift voucher"" Greece",5,data\discovery\mass-harvest-v5\clean-v5.1\review.csv | data\discovery\mass-harvest-v5\clean-v5.2\manual-review.csv | data\discovery\mass-harvest-v5\clean-v5.3\global-review.csv | data\discovery\mass-harvest-v5\clean-v5.4\review.csv | data\discovery\mass-harvest-v5\clean-v5.5\review.csv,,SECOND_PASS_SAFE,non_greek_brand_coherent_direct_gift_card
100,worldexpeditions.com,Gift Vouchers | Travel Vouchers,https://worldexpeditions.com/Gift-Vouchers,Gift Vouchers | Travel Vouchers,"... Travel is the only thing you buy that makes you richer."" Treat your loved one to the adventure of a lifetime with a gift voucher from World Expeditions ... Sweden ...","""Sweden"" travel ""gift voucher"" official",5,data\discovery\mass-harvest-v5\clean-v5.2\global-review.csv | data\discovery\mass-harvest-v5\clean-v5.3\global-review.csv | data\discovery\mass-harvest-v5\clean-v5.4\review.csv | data\discovery\mass-harvest-v5\clean-v5.5\review.csv | data\discovery\mega-harvest-v6\clean-v6\review.csv,,REVIEW,non_greek_brand_coherence_unclear
80,worldofdutchflowersandplants.com,Gift voucher - World of Dutch Flowers & Plants,https://www.worldofdutchflowersandplants.com/en/products/cadeaubon?srsltid=AfmBOop4NTHjnvMVJyp56ShuH2gtY528Ueja2l6TWXIKo83KE_wthc4E,Gift voucher - World of Dutch Flowers & Plants,Greece (EUR €); Hungary (EUR €); Ireland (EUR €); Italy (EUR €); Latvia ... Gift voucher - World of Dutch Flowers & Plants.,"""flowers"" ""gift voucher"" Greece",6,data\discovery\mass-harvest-v5\clean-v5.1\review.csv | data\discovery\mass-harvest-v5\clean-v5.2\manual-review.csv | data\discovery\mass-harvest-v5\clean-v5.3\global-review.csv | data\discovery\mass-harvest-v5\clean-v5.4\review.csv | data\discovery\mass-harvest-v5\clean-v5.5\review.csv | data\discovery\mega-harvest-v6\clean-v6\review.csv,,REVIEW,non_greek_brand_coherence_unclear
100,wowcher.co.uk,€25 for €40 Gift Voucher for Good Place Clinic Spa - Dublin,https://www.wowcher.co.uk/deal/dublin/38505731/25-40-gift-voucher-good-place-clinic-spa,€25 for €40 Gift Voucher for Good Place Clinic Spa - Dublin,"What's On Offer: €40 spa gift voucher for only €25 – enjoy a 38% discount at Good Place Clinic Spa. Treatments: Choose from Back, Neck & Shoulder Massage, ...","""Rhodes"" ""spa"" ""gift voucher""",2,data\discovery\focused-harvest-v7\clean-v7\review.csv | data\discovery\focused-harvest-v7-run1-backup\clean-v7\review.csv,,REVIEW,non_greek_brand_coherence_unclear
100,wowcher.ie,€25 for €40 Gift Voucher for Good Place Clinic Spa - Dublin,https://www.wowcher.ie/deal/vip/38505731/25-40-gift-voucher-good-place-clinic-spa?from_lsie=true,€25 for €40 Gift Voucher for Good Place Clinic Spa - Dublin,"Spa Gift Voucher: €40 to Spend on Treatments – Good Place Clinic Spa, Dublin ... Mystery Holiday™ - Crete, Tenerife, Turkey, Rome, Venice & More! 202 ...","""Crete"" ""spa"" ""gift voucher""",2,data\discovery\focused-harvest-v7\clean-v7\review.csv | data\discovery\focused-harvest-v7-run1-backup\clean-v7\review.csv,,REVIEW,non_greek_brand_coherence_unclear
60,www2.hm.com,δωροκαρτες,https://www2.hm.com/el_gr/customer-service/gift-card.html?srsltid=AfmBOorkT7RYvBeG-CxK44cRXTKDXv7fJw2sHQ1teRjejLEGsvr2KndH,δωροκαρτες,"Θέλεις να αγοράσεις μια δωροκάρτα για φίλους ή συγγενείς, Διαθέτουμε ψηφιακές & έντυπες δωροκάρτες που μπορείς να παραγγείλεις online. Μάθε περισσότερα σήμερα.","""δωροκάρτες""",6,data\discovery\mass-harvest-v5\clean-v5.1\review.csv | data\discovery\mass-harvest-v5\clean-v5.2\manual-review.csv | data\discovery\mass-harvest-v5\clean-v5.3\global-review.csv | data\discovery\mass-harvest-v5\clean-v5.4\review.csv | data\discovery\mass-harvest-v5\clean-v5.5\review.csv | data\discovery\mega-harvest-v6\clean-v6\review.csv,,REVIEW,non_greek_brand_coherence_unclear
85,xaliglyfada.gr,A Gift That Lasts a Lifetime - XALIGLYFADA Gift card,https://www.xaliglyfada.gr/journal3/blog/post?journal_blog_post_id=40,A Gift That Lasts a Lifetime - XALIGLYFADA Gift card,"✨ A gift card today, a lifelong treasure tomorrow. Discover the Xali Glyfada Gift Card in-store or online, and give the gift of timeless beauty.","""Glyfada"" ""beauty"" ""gift card""",3,data\discovery\focused-harvest-v7\clean-v7\review.csv | data\discovery\focused-harvest-v7-run1-backup\clean-v7\review.csv | data\discovery\mega-harvest-v6\clean-v6\review.csv,,SECOND_PASS_SAFE,greek_brand_coherent_direct_gift_card
100,xalkiadakis.gr,Χαλκιαδάκης και Happy Home: Χαρίστε Αγάπη ...,https://xalkiadakis.gr/article/giftcard_xalkiadakis?srsltid,Δωροκάρτα Χαλκιαδάκης και Happy Home: Χαρίστε Αγάπη ...,Δωροκάρτα Χαλκιαδάκης και Happy Home: Χαρίστε Αγάπη και Αξία με Ένα Δώρο που διαρκεί! · Ευκολία στη χρήση σε όλα τα Super Market Χαλκιαδάκης ...,"site:.gr ""home"" ""δωροκάρτα""",5,data\discovery\focused-harvest-v7\clean-v7\review.csv | data\discovery\focused-harvest-v7-run1-backup\clean-v7\review.csv | data\discovery\mass-harvest-v5\clean-v5.4\review.csv | data\discovery\mass-harvest-v5\clean-v5.5\review.csv | data\discovery\mega-harvest-v6\clean-v6\review.csv,,REVIEW,greek_domain_brand_coherence_unclear
100,xbankang.com,What Greece Gift Card is Available? Discover Now,https://www.xbankang.com/blogs/greece-gift-card-available-now-in-2025,What Greece Gift Card is Available? Discover Now,"The most frequent uses of a gift card in Greece are at fashion outlets, electronics suppliers and supermarkets. ... Gift Card Store in Greece.","""electronics"" ""gift card"" Greece",4,data\discovery\mass-harvest-v5\clean-v5.3\greece-market-review.csv | data\discovery\mass-harvest-v5\clean-v5.4\review.csv | data\discovery\mass-harvest-v5\clean-v5.5\review.csv | data\discovery\mega-harvest-v6\clean-v6\review.csv,,REVIEW,non_greek_brand_coherence_unclear
100,xkdisplay.com,Top Gift Cards Manufacturers and Suppliers in Greece,https://www.xkdisplay.com/top-gift-cards-manufacturers-and-suppliers-in-greece.html,Top Gift Cards Manufacturers and Suppliers in Greece,"What role do OEMs play in Greek gift card programs? OEMs facilitate global logistics, premium printing, and packaging, ensuring brand ...","""printing"" ""gift card"" Greece",3,data\discovery\mass-harvest-v5\clean-v5.3\greece-market-review.csv | data\discovery\mass-harvest-v5\clean-v5.4\review.csv | data\discovery\mass-harvest-v5\clean-v5.5\review.csv,,REVIEW,non_greek_brand_coherence_unclear
100,xperiencepoland.com,Gift Voucher - XperiencePoland.com,https://www.xperiencepoland.com/en/gift-voucher/,Gift Voucher - XperiencePoland.com,Surprise Travel Gift Voucher. Happy Birthday Gift Voucher XperiencePoland.com ... Car Rental Poland · Company Event Warsaw. Languages. en_US English. en_US ...,"""Poland"" travel ""gift voucher"" official",4,data\discovery\mass-harvest-v5\clean-v5.2\global-review.csv | data\discovery\mass-harvest-v5\clean-v5.3\global-review.csv | data\discovery\mass-harvest-v5\clean-v5.4\review.csv | data\discovery\mass-harvest-v5\clean-v5.5\review.csv,,SECOND_PASS_SAFE,non_greek_brand_coherent_direct_gift_card
100,yaloyoga.com,Yalo Yoga E,https://yaloyoga.com/el/products/yalo-yoga-e-gift-card?srsltid=AfmBOophMQtWEckLWN_o4-ujOVYl-EISWgQR0vFS7ZI-QBdVsJbzO_9L,Yalo Yoga E-Gift Card,"Yalo Yoga E-Gift Card. €15,00 EUR. Ονομασίες 15 ευρώ. 15 ευρώ Variant sold out ... Ελλάδα (GR €); Ελβετία (CH CHF); Ερυθραία (ER €); Εσουατίνι (SZ €); Εσθονία ...","""yoga"" ""gift card"" Greece",4,data\discovery\mass-harvest-v5\clean-v5.3\greece-market-review.csv | data\discovery\mass-harvest-v5\clean-v5.4\review.csv | data\discovery\mass-harvest-v5\clean-v5.5\review.csv | data\discovery\mega-harvest-v6\clean-v6\review.csv,,SECOND_PASS_SAFE,non_greek_brand_coherent_direct_gift_card
80,ydrospa.gr,Ydrospa,https://ydrospa.gr/%CE%B4%CF%89%CF%81%CE%BF%CE%BA%CE%AC%CF%81%CF%84%CE%B5%CF%82/,Δωροκάρτες,Ηλεκτρονική Δωροκάρτα (e-Gift Card) Δεν προλαβαίνετε να έρθετε από εδώ ... Blossom Spa | Developed By Blossom Themes. Powered by WordPress.,"site:.gr ""spa"" ""δωροκάρτα""",8,data\discovery\focused-harvest-v7\clean-v7\review.csv | data\discovery\focused-harvest-v7-run1-backup\clean-v7\review.csv | data\discovery\mass-harvest-v5\clean-v5.1\review.csv | data\discovery\mass-harvest-v5\clean-v5.2\manual-review.csv | data\discovery\mass-harvest-v5\clean-v5.3\global-review.csv | data\discovery\mass-harvest-v5\clean-v5.4\review.csv | data\discovery\mass-harvest-v5\clean-v5.5\review.csv | data\discovery\mega-harvest-v6\clean-v6\review.csv,,SECOND_PASS_SAFE,greek_brand_coherent_direct_gift_card
85,yelp.com,"TOP 10 BEST Gift Cards in Paris, France - Updated 2026",https://www.yelp.com/search?find_desc=Gift+Cards&find_loc=Paris,"TOP 10 BEST Gift Cards in Paris, France - Updated 2026","Gift CardsParis, France. Map. Filters. Yelp · Shopping · Gift Cards ... Now, can anyone give me an unlimited line of gift card, so I can start shopping?!","""France"" retail ""gift card"" official",6,data\discovery\mass-harvest-v5\clean-v5.1\review.csv | data\discovery\mass-harvest-v5\clean-v5.2\manual-review.csv | data\discovery\mass-harvest-v5\clean-v5.3\global-review.csv | data\discovery\mass-harvest-v5\clean-v5.4\review.csv | data\discovery\mass-harvest-v5\clean-v5.5\review.csv | data\discovery\mega-harvest-v6\clean-v6\review.csv,,REVIEW,non_greek_brand_coherence_unclear
100,yiannislucacos.gr,Όροι & Προϋποθέσεις Χρήσης Gift Card,https://www.yiannislucacos.gr/page/oroi-proypotheseis-hrisis-gift-card,Όροι & Προϋποθέσεις Χρήσης Gift Card,... Gift Card Terms & Conditions. 1. General. The gift card may be used exclusively at the restaurant and is subject to the following terms and conditions. 2 ...,"site:.gr ""restaurant"" ""gift card""",1,data\discovery\focused-harvest-v7-run1-backup\clean-v7\review.csv,,REVIEW,greek_domain_brand_coherence_unclear
100,yiayiasgreekkitchen.com,Gift Cards,https://yiayiasgreekkitchen.com/gift-cards/,Gift Cards,"Yiayia's Greek Kitchen · Menu · About · Gift ... Give us a ring! For questions about phone or online gift card orders, please contact the Pappas gift card team.","""kitchen"" ""gift card"" Greece",1,data\discovery\mega-harvest-v6\clean-v6\review.csv,,REVIEW,non_greek_brand_coherence_unclear
55,ymonanatripsis.gr,I Thought Of You,https://www.ymonanatripsis.gr/en/gift-card/,I Thought Of You,This gift card is valid exclusively for the person whose name appears on the ... PILATES · 360 Virtual Tour · I THOUGHT OF YOU · COLLABORATIONS. CONTACT. 2 ...,"site:.gr ""pilates"" ""gift card""",1,data\discovery\mega-harvest-v6\clean-v6\review.csv,,REVIEW,greek_domain_brand_coherence_unclear
100,yoga-hero.com,Yoga Hero Gift Card,https://yoga-hero.com/products/gift-card,Yoga Hero Gift Card,Redeemable across the entire Yoga Hero range. Add to cart. Frequently Asked Questions. How do I receive the gift voucher? The voucher will be sent to you ...,"""yoga"" ""gift voucher"" Greece",5,data\discovery\mass-harvest-v5\clean-v5.2\global-review.csv | data\discovery\mass-harvest-v5\clean-v5.3\global-review.csv | data\discovery\mass-harvest-v5\clean-v5.4\review.csv | data\discovery\mass-harvest-v5\clean-v5.5\review.csv | data\discovery\mega-harvest-v6\clean-v6\review.csv,,SECOND_PASS_SAFE,non_greek_brand_coherent_direct_gift_card
100,yogafusionshala.com,Yoga Fusion Shala's Gift Card!,https://www.yogafusionshala.com/gift-card,Yoga Fusion Shala's Gift Card!,"Discover the perfect present with Yoga Fusion Shala Gift Card! Elevate well-being with live & online yoga, blissful massages, retreats, and more.","""yoga"" ""gift card"" Greece",5,data\discovery\mass-harvest-v5\clean-v5.2\global-review.csv | data\discovery\mass-harvest-v5\clean-v5.3\global-review.csv | data\discovery\mass-harvest-v5\clean-v5.4\review.csv | data\discovery\mass-harvest-v5\clean-v5.5\review.csv | data\discovery\mega-harvest-v6\clean-v6\review.csv,,SECOND_PASS_SAFE,non_greek_brand_coherent_direct_gift_card
100,yogamatters.com,Yogamatters E,https://www.yogamatters.com/products/yogamatters-gift-card,Yogamatters E-Gift Card,"... Yoga Mats Men's Yoga Mats Yoga Mat Kits Wholesale Yoga Mats Yoga Mat Guide ... Each gift voucher has a date of expiry, at least one year from the date of ...","""yoga"" ""gift voucher"" Greece",5,data\discovery\mass-harvest-v5\clean-v5.2\global-review.csv | data\discovery\mass-harvest-v5\clean-v5.3\global-review.csv | data\discovery\mass-harvest-v5\clean-v5.4\review.csv | data\discovery\mass-harvest-v5\clean-v5.5\review.csv | data\discovery\mega-harvest-v6\clean-v6\review.csv,,SECOND_PASS_SAFE,non_greek_brand_coherent_direct_gift_card
100,yoganand.co.uk,gift vouchers,https://www.yoganand.co.uk/giftvouchers,gift vouchers,Please enter their name and email address so the gift voucher can be sent to them. ... Can be used on both Mat and Reformer Pilates classes. It will activate on ...,"""pilates"" ""gift voucher"" Greece",1,data\discovery\mega-harvest-v6\clean-v6\review.csv,,REVIEW,non_greek_brand_coherence_unclear
100,yolandaschocolatiers.com,Gift Cards In Cyprus,https://yolandaschocolatiers.com/product-category/gift-cards/,Gift Cards In Cyprus,Surprise a chocolate lover with the Yolanda's Chocolatiers gift cards Cyprus. Delightful chocolates await them. Get your gift card today!,"""Cyprus"" retail ""gift card"" official",5,data\discovery\mass-harvest-v5\clean-v5.1\review.csv | data\discovery\mass-harvest-v5\clean-v5.2\global-review.csv | data\discovery\mass-harvest-v5\clean-v5.3\global-review.csv | data\discovery\mass-harvest-v5\clean-v5.4\review.csv | data\discovery\mass-harvest-v5\clean-v5.5\review.csv,,REVIEW,non_greek_brand_coherence_unclear
100,yorktheatreroyal.co.uk,Gift Vouchers,https://www.yorktheatreroyal.co.uk/gift-vouchers/,Gift Vouchers,... Theatre Autumn Term 2026 (Theatre Making Skills). Quick ... If you use vouchers and the value of the transaction is less than the value of the gift voucher ...,"""theatre"" ""gift voucher"" Greece",5,data\discovery\mass-harvest-v5\clean-v5.2\global-review.csv | data\discovery\mass-harvest-v5\clean-v5.3\global-review.csv | data\discovery\mass-harvest-v5\clean-v5.4\review.csv | data\discovery\mass-harvest-v5\clean-v5.5\review.csv | data\discovery\mega-harvest-v6\clean-v6\review.csv,,REVIEW,non_greek_brand_coherence_unclear
85,younails.gr,Αγοράστε μία Δωροεπιταγή,https://www.younails.gr/account/voucher,Αγοράστε μία Δωροεπιταγή,Αγοράστε μία Δωροεπιταγή ... Αυτή η δωροεπιταγή θα αποσταλεί μέ e-mail στον παραλήπτη αφού ολοκληρωθεί ή πληρωμή σας. Όνομα παραλήπτη. E-mail παραλήπτη.,"site:.gr ""nails"" ""δωροεπιταγή""",2,data\discovery\focused-harvest-v7\clean-v7\review.csv | data\discovery\focused-harvest-v7-run1-backup\clean-v7\review.csv,,REVIEW,greek_domain_brand_coherence_unclear
85,yourbabystore.gr,Yourbabystore,https://yourbabystore.gr/dorokartes/,Δωροκάρτες,Δωροκάρτες your baby store ... Θέλετε να χαρίσετε ένα δώρο χωρίς να κάνετε λάθος στο νούμερο ή το σχέδιο; Επιλέξτε να προσφέρετε μια δωροκάρτα Η δωροκάρτα σας ...,"site:.gr ""baby"" ""δωροκάρτα""",8,data\discovery\focused-harvest-v7\clean-v7\review.csv | data\discovery\focused-harvest-v7-run1-backup\clean-v7\review.csv | data\discovery\mass-harvest-v5\clean-v5.1\review.csv | data\discovery\mass-harvest-v5\clean-v5.2\manual-review.csv | data\discovery\mass-harvest-v5\clean-v5.3\global-review.csv | data\discovery\mass-harvest-v5\clean-v5.4\review.csv | data\discovery\mass-harvest-v5\clean-v5.5\review.csv | data\discovery\mega-harvest-v6\clean-v6\review.csv,,SECOND_PASS_SAFE,greek_brand_coherent_direct_gift_card
100,yourscent.gr,Δωροκάρτα Αρχεία - Αρωματοπωλείον,https://yourscent.gr/product_cat/wps_wgm_giftcard/?srsltid=AfmBOoqM1-nHluqvPUdHzM9yMYu5I72nx8lHgKnV_YstkbVoWb0ucALt,Δωροκάρτα Αρχεία - Αρωματοπωλείον,"Δωροκάρτα Yourscent 25€ – Καλό Πάσχα. 25,00 ... PERFUME (9); POWDER (16); PROBASE (25); SET (2) ... 32131, Λιβαδειά. info@yourscent.gr · +30 2261 301 323.","""perfume"" ""δωροκάρτα"" Greece",1,data\discovery\mega-harvest-v6\clean-v6\review.csv,,REVIEW,greek_domain_brand_coherence_unclear
100,zador.gr,Gift Voucher 100 EUR,https://www.zador.gr/en/products/gift-voucher-100-eur,Gift Voucher 100 EUR,Sex Toys · Women · Vibrators · Bullets · Love Eggs & Kegel Balls · Finger Vibes · Remote ... Gift Voucher 100 EUR. Vendor: Zador.gr. SKU: 5587. Availability: In ...,"site:.gr ""toys"" ""gift voucher""",1,data\discovery\mega-harvest-v6\clean-v6\review.csv,,REVIEW,greek_domain_brand_coherence_unclear
100,zaharakos.com,Com,https://www.zaharakos.com/zaharakosgiftcard.html,Gift Card,"To purchase a gift card, click the link: https://services.shift4.com/gc/ZAHARAKOS. Zaharakos Ice Cream Parlor • Restaurant • Museum","""Kos"" ""restaurant"" ""gift card""",1,data\discovery\focused-harvest-v7-run1-backup\clean-v7\review.csv,,REVIEW,non_greek_brand_coherence_unclear
100,zamanos.gr,gift voucher,https://zamanos.gr/news/tag/gift-voucher,gift voucher,zamanos optics · Το καλάθι μου. Το καλάθι μου. Κλείσιμο Δεν έχετε προϊόντα ... gift voucher. Δωροεπιταγές από τα καταστήματά μας. Αναρτήθηκε: Δεκεβρίου 21 ...,"site:.gr ""optics"" ""gift voucher""",1,data\discovery\mega-harvest-v6\clean-v6\review.csv,,REVIEW,greek_domain_brand_coherence_unclear
85,zara.com,Activate card,https://www.zara.com/cz/en/z-zara-card/activation?c=815535,Activate card-Gift Card-+ Info | Czech Republic,GIFT CARD. STORES. JOIN LIFE. CAREERS. + INFO. DOWNLOAD APP. AARON LEVINE · THE NEW ... Czech Republic. ČEŠTINA; English. © All rights reserved.,"""Czech Republic"" beauty ""gift card"" official",6,data\discovery\mass-harvest-v5\clean-v5.1\review.csv | data\discovery\mass-harvest-v5\clean-v5.2\manual-review.csv | data\discovery\mass-harvest-v5\clean-v5.3\global-review.csv | data\discovery\mass-harvest-v5\clean-v5.4\review.csv | data\discovery\mass-harvest-v5\clean-v5.5\review.csv | data\discovery\mega-harvest-v6\clean-v6\review.csv,,REVIEW,non_greek_brand_coherence_unclear
65,zarahome.com,Έλεγχος υπολοίπου,https://www.zarahome.com/gr/gift-card-balance.html,Έλεγχος υπολοίπου - Δωροκάρτα,Zara Home.,"""home"" ""δωροκάρτα"" Greece",1,data\discovery\mega-harvest-v6\clean-v6\review.csv,,REVIEW,non_greek_brand_coherence_unclear
100,zazzle.com,Haircut Barber Shop Gift Voucher Certificate,https://www.zazzle.com/haircut_barber_shop_gift_voucher_certificate-256963058569819328?srsltid=AfmBOooMb0XLGvgL047RijDMjioJxsdVISrqTacLRCATcbCPTx8hytTF,Haircut Barber Shop Gift Voucher Certificate,4.8 out of 5 stars - Shop Haircut Barber Shop Gift Voucher Certificate created by PandaBeeCreation. Personalize it with photos & text or ...,"""barber"" ""gift voucher"" Greece",5,data\discovery\mass-harvest-v5\clean-v5.2\global-review.csv | data\discovery\mass-harvest-v5\clean-v5.3\global-review.csv | data\discovery\mass-harvest-v5\clean-v5.4\review.csv | data\discovery\mass-harvest-v5\clean-v5.5\review.csv | data\discovery\mega-harvest-v6\clean-v6\review.csv,,REVIEW,non_greek_brand_coherence_unclear
100,zenin.com.au,Purchase a Massage Gift Voucher Now,https://www.zenin.com.au/Massage-Gift-Voucher/Sydney/Inner-West/Rhodes,Purchase a Massage Gift Voucher Now,Booking a massage session in Rhodes is made easy and stress-free with our ... What can I put on my massage gift voucher? When purchasing a Zenin massage ...,"""Rhodes"" ""massage"" ""gift voucher""",2,data\discovery\focused-harvest-v7\clean-v7\review.csv | data\discovery\focused-harvest-v7-run1-backup\clean-v7\review.csv,,REVIEW,non_greek_brand_coherence_unclear
100,ziniboutique.com,Gift Voucher,https://www.ziniboutique.com/el-gr/giftcard?srsltid=AfmBOoqOSiZMTlH79OtuuLpAQR7Qgacpq-iWJoTQOWU21fpLADRUBSw7,Gift Voucher,"ZINI δωροκάρτες - Επιλέξτε το αγαπημένο πρόσωπο που θέλετε να χαρίσετε τη δωροκάρτα σας, ορίστε το ποσό και την ημερομηνία, γράψτε την ευχή σας και είστε ...","""boutique"" ""δωροκάρτα"" Greece",1,data\discovery\mega-harvest-v6\clean-v6\review.csv,,REVIEW,non_greek_brand_coherence_unclear
85,zipsterbaby.gr,Zipster,https://zipsterbaby.gr/products/%CE%B4%CF%89%CF%81%CE%BF%CE%BA%CE%AC%CF%81%CF%84%CE%B1,Δωροκάρτα - Zipster,"Ψωνίζετε για κάποιον άλλον αλλά δεν ξέρετε τι να του δώσετε; Δώστε το δώρο της επιλογής με μια δωροκάρτα ... Shop our bestselling zip-up baby suits, rompers, and ...","site:.gr ""baby"" ""δωροκάρτα""",8,data\discovery\focused-harvest-v7\clean-v7\review.csv | data\discovery\focused-harvest-v7-run1-backup\clean-v7\review.csv | data\discovery\mass-harvest-v5\clean-v5.1\review.csv | data\discovery\mass-harvest-v5\clean-v5.2\manual-review.csv | data\discovery\mass-harvest-v5\clean-v5.3\global-review.csv | data\discovery\mass-harvest-v5\clean-v5.4\review.csv | data\discovery\mass-harvest-v5\clean-v5.5\review.csv | data\discovery\mega-harvest-v6\clean-v6\review.csv,,REVIEW,greek_domain_brand_coherence_unclear
85,zooarea.gr,Αγοράστε μία Δωροεπιταγή - ZooArea Pet Shop Περιστέρι,https://www.zooarea.gr/index.php?route,Αγοράστε μία Δωροεπιταγή - ZooArea Pet Shop Περιστέρι,Core Wellness · Κλινικές Τροφές Σκύλου +. Purina · Animonda Integra Dog · Hills ... Αυτή η δωροεπιταγή θα αποσταλεί μέ e-mail στον παραλήπτη αφού ολοκληρωθεί ή ...,"site:.gr ""wellness"" ""δωροεπιταγή""",2,data\discovery\focused-harvest-v7\clean-v7\review.csv | data\discovery\focused-harvest-v7-run1-backup\clean-v7\review.csv,,SECOND_PASS_SAFE,greek_brand_coherent_direct_gift_card
85,zooparadise.gr,Zooparadise,https://zooparadise.gr/product/%CE%B4%CF%89%CF%81%CE%BF%CE%BA%CE%AC%CF%81%CF%84%CE%B1/?srsltid,Δωροκάρτα,Δωροκάρτα ; Pet shop & more. Made with Love for your Pet ; Επικοινωνία. Εξυπηρέτηση e-shop-Τηλ.Παραγγελίες. Δευτέρα έως Παρασκευή (09:00–18:00):. ☎️ 2109241860.,"site:.gr ""pet shop"" ""δωροκάρτα""",8,data\discovery\focused-harvest-v7\clean-v7\review.csv | data\discovery\focused-harvest-v7-run1-backup\clean-v7\review.csv | data\discovery\mass-harvest-v5\clean-v5.1\review.csv | data\discovery\mass-harvest-v5\clean-v5.2\manual-review.csv | data\discovery\mass-harvest-v5\clean-v5.3\global-review.csv | data\discovery\mass-harvest-v5\clean-v5.4\review.csv | data\discovery\mass-harvest-v5\clean-v5.5\review.csv | data\discovery\mega-harvest-v6\clean-v6\review.csv,,SECOND_PASS_SAFE,greek_brand_coherent_direct_gift_card
80,zougla.gr,Ηλεκτρονική δωροκάρτα Skroutz: Μια ακόμη υπηρεσία του ...,https://www.zougla.gr/technology/world-of-tech/ilektroniki-dorokarta-skroutz-mia-akomi-ipiresia-tou-skroutz-marketplace-gia-ka8e-peristasi/,Ηλεκτρονική δωροκάρτα Skroutz: Μια ακόμη υπηρεσία του ...,"Ο χρήστης μπορεί να επιλέξει δωροκάρτα αξίας 20€, 50€, 100€ και 150€, και για την αποστολή της αρκεί απλά να γνωρίζει το email του παραλήπτη. Η ...","site:.gr ""technology"" ""δωροκάρτα""",5,data\discovery\mass-harvest-v5\clean-v5.1\review.csv | data\discovery\mass-harvest-v5\clean-v5.2\manual-review.csv | data\discovery\mass-harvest-v5\clean-v5.3\global-review.csv | data\discovery\mass-harvest-v5\clean-v5.4\review.csv | data\discovery\mass-harvest-v5\clean-v5.5\review.csv,,REJECT,third_party_skroutz_gift_card
100,zumamykonos.giftpro.co.uk,monetary gift voucher - Zuma Mykonos,https://zumamykonos.giftpro.co.uk/vouchers/monetary-gift-voucher/,monetary gift voucher - Zuma Mykonos,"... restaurant, lounge and bar, sleek infinity pool, day beds and resident ... monetary gift voucher at Zuma Mykonos gift voucher packaging. packaging and ...","""Mykonos"" ""restaurant"" ""gift voucher""",4,data\discovery\focused-harvest-v7-run1-backup\clean-v7\review.csv | data\discovery\mass-harvest-v5\clean-v5.3\greece-market-review.csv | data\discovery\mass-harvest-v5\clean-v5.4\review.csv | data\discovery\mass-harvest-v5\clean-v5.5\review.csv,,REVIEW,non_greek_brand_coherence_unclear
80,zweigundfaden.de,Gift Voucher for Birth & Baby Shower,https://zweigundfaden.de/en/products/geschenkgutschein-baby-geburt?srsltid=AfmBOorgLwr2nauw_JzkuDKnMoJ9V8DD1KAeikWvfsV8xaDg1Az466IP,Gift Voucher for Birth & Baby Shower,"With our digital Zweig & Faden gift voucher, you're always guaranteed to be right. Whether it's dreamy muslin baby bedding, cute comforters with wooden ...","""baby"" ""gift voucher"" Greece",6,data\discovery\mass-harvest-v5\clean-v5.1\review.csv | data\discovery\mass-harvest-v5\clean-v5.2\manual-review.csv | data\discovery\mass-harvest-v5\clean-v5.3\global-review.csv | data\discovery\mass-harvest-v5\clean-v5.4\review.csv | data\discovery\mass-harvest-v5\clean-v5.5\review.csv | data\discovery\mega-harvest-v6\clean-v6\review.csv,,REVIEW,non_greek_brand_coherence_unclear
