status,giftCardId,merchantName,giftCardTitle,merchantDomain,categorySlug,score,reason,evidence
SAFE,cmt79ie3d000c84iy2ec5ea06,Cosmos Sport,Cosmos Sport Gift Card,cosmossport.gr,sports,90,,historical-category|data/discovery/mass/merchant-universe.csv:sports | unambiguous-merchant-keyword:sports
SAFE,cmt79iemt000i84iyx81scabo,e-tennis,e-tennis Gift Card,e-tennis.gr,sports,90,,historical-category|data/discovery/mass/merchant-universe.csv:sports | unambiguous-merchant-keyword:sports
SAFE,cmt79igv3001684iyrqjuar1j,Pharm24,Pharm24 Gift Card,pharm24.gr,pharmacy,90,,historical-category|data/discovery/mass/merchant-universe.csv:pharmacy | unambiguous-merchant-keyword:pharmacy
SAFE,cmt8gzxc1000614iysxzaqmvz,Zakcret,Zakcret Gift Card,zakcret.gr,sports,106,,merchant-discovery-scan:sports | historical-category|data/discovery/mass/merchant-universe.csv:sports
SAFE,cmt8helgp0001a8iy47hrjge7,Celestino,Celestino Gift Card,celestino.gr,fashion,106,,merchant-discovery-scan:fashion | historical-category|data/discovery/mass/merchant-universe.csv:fashion
SAFE,cmt8hemvv0006a8iygh01eja0,Funky Buddha,Funky Buddha Gift Card,funky-buddha.com,fashion,106,,merchant-discovery-scan:fashion | historical-category|data/discovery/mass/merchant-universe.csv:fashion
SAFE,cmt8henle000ba8iyo0c9qq77,Galerie de Beauté,Galerie de Beauté Gift Card,galeriedebeaute.gr,beauty,106,,merchant-discovery-scan:beauty | historical-category|data/discovery/mass/merchant-universe.csv:beauty
SAFE,cmt8hesz5000ga8iykmbj9m8y,Puma Greece,Puma Greece Gift Card,puma.com,fashion,106,,merchant-discovery-scan:fashion | historical-category|data/discovery/mass/merchant-universe.csv:fashion
SAFE,cmt8hp8oi0001pgiybmxi7lqx,DPAM,DPAM Gift Card,dpam.gr,kids-baby,106,,merchant-discovery-scan:kids | historical-category|data/discovery/mass/merchant-universe.csv:kids
SAFE,cmt8hpbs90006pgiynvd5ktbb,Ianos,Ianos Gift Card,ianos.gr,books,106,,merchant-discovery-scan:books | historical-category|data/discovery/mass/merchant-universe.csv:books
SAFE,cmt8l5oxi00015giyiu55n5ry,Airbnb,Airbnb Gift Card,airbnb.com,travel,106,,merchant-discovery-scan:travel | historical-category|data/discovery/mass/merchant-universe.csv:travel
SAFE,cmt8l5pog00065giyds4zmg9d,Answear Greece,Answear Greece Gift Card,answear.gr,fashion,106,,merchant-discovery-scan:fashion | historical-category|data/discovery/mass/merchant-universe.csv:fashion
SAFE,cmt8l5v5n000d5giy6vtukpbo,JYSK Greece,JYSK Greece Gift Card,jysk.gr,home,106,,merchant-discovery-scan:home | historical-category|data/discovery/mass/merchant-universe.csv:home
SAFE,cmt8l5vu9000i5giya6fmymif,KIKO,KIKO Gift Card,kikocosmetics.com,beauty,106,,merchant-discovery-scan:beauty | historical-category|data/discovery/mass/merchant-universe.csv:beauty
SAFE,cmt8l5ww0000n5giyozuj9ee2,Lapin House,Lapin House Gift Card,lapinkids.com,kids-baby,106,,merchant-discovery-scan:kids | historical-category|data/discovery/mass/merchant-universe.csv:kids
SAFE,cmt8l5xzu000s5giy4og91vji,Mothercare Greece,Mothercare Greece Gift Card,mothercare.gr,kids-baby,106,,merchant-discovery-scan:kids | historical-category|data/discovery/mass/merchant-universe.csv:kids
SAFE,cmt8l5yqi000x5giy62dhv7mj,Moustakas Toys,Moustakas Toys Gift Card,moustakastoys.gr,kids-baby,112,,merchant-discovery-scan:kids | historical-category|data/discovery/mass/merchant-universe.csv:kids | unambiguous-merchant-keyword:kids-baby
SAFE,cmt8l60i400125giyzz43e70c,PlayStation,PlayStation Gift Card,playstation.com,gaming,112,,merchant-discovery-scan:gaming | historical-category|data/discovery/mass/merchant-universe.csv:technology_gaming | unambiguous-merchant-keyword:gaming
SAFE,cmt8l62ab00175giyos0f2x41,Roblox,Roblox Gift Card,roblox.com,gaming,106,,merchant-discovery-scan:gaming | historical-category|data/discovery/mass/merchant-universe.csv:gaming
SAFE,cmt8l649e001c5giyd9tpmroa,Steam,Steam Gift Card,steampowered.com,gaming,112,,merchant-discovery-scan:gaming | historical-category|data/discovery/mass/merchant-universe.csv:gaming | unambiguous-merchant-keyword:gaming
SAFE,cmt8mor6600015ciyqxktunjn,Fever,Fever Gift Card,feverup.com,experiences,106,,merchant-discovery-scan:experiences_wellness | historical-category|data/discovery/mass/merchant-universe.csv:experiences_wellness
SAFE,cmt8movjv00065ciysur9vq6l,KORRES,KORRES Gift Card,korres.com,beauty,100,,merchant-discovery-scan:beauty
SAFE,cmt8nqu6a00010oiy7vzul8b7,Amazon,Amazon Gift Card,amazon.de,marketplaces,106,,merchant-discovery-scan:marketplaces_services | historical-category|data/discovery/mass/merchant-universe.csv:marketplaces_services
SAFE,cmt8nqyne00060oiy5y174836,Grecotel,Grecotel Gift Card,grecotel.com,hotels,106,,merchant-discovery-scan:hotels | historical-category|data/discovery/mass/merchant-universe.csv:hotels
SAFE,cmt8nr9qr000b0oiyu9jo1bco,Thomas Sabo,Thomas Sabo Gift Card,thomassabo.com,jewelry-watches,106,,merchant-discovery-scan:jewelry_accessories | historical-category|data/discovery/mass/merchant-universe.csv:jewelry_accessories
SAFE,cmt8nragw000g0oiy5et49hfh,Treatwell,Treatwell Gift Card,treatwell.gr,marketplaces,106,,merchant-discovery-scan:marketplaces_services | historical-category|data/discovery/mass/merchant-universe.csv:marketplaces_services
SAFE,cmt8o9lfb000130iysqk7vztw,Access Fashion,Access Fashion Gift Card,accessfashion.gr,fashion,112,,merchant-discovery-scan:fashion | historical-category|data/discovery/mass/merchant-universe.csv:fashion | unambiguous-merchant-keyword:fashion
SAFE,cmt8o9v4j000630iyrdlvm7ql,Microsoft,Microsoft Gift Card,microsoft.com,technology,100,,merchant-discovery-scan:technology_gaming
SAFE,cmt8pswn40002tgiy70wwlvyq,Elisabetta Franchi,Elisabetta Franchi Gift Card,elisabettafranchi.com,fashion,106,,merchant-discovery-scan:fashion | historical-category|data/discovery/mass/merchant-universe.csv:fashion
SAFE,cmt8pt4td0007tgiys8g9wg4u,Pat McGrath Labs,Pat McGrath Labs Gift Card,patmcgrath.com,beauty,106,,merchant-discovery-scan:beauty | historical-category|data/discovery/mass/merchant-universe.csv:beauty
SAFE,cmta1eubc0001q8iydiwk2lo3,ToFarmakeioMou,"ToFarmakeioMou.gr | Το online φαρμακείο σου για καλλυντικά, βιταμίνες & πάνες",tofarmakeiomou.gr,pharmacy,106,,merchant-discovery-scan:pharmacy | historical-category|data/discovery/mass/merchant-universe.csv:pharmacy
SAFE,cmta1eutm0003q8iyh4fzlzqm,Decathlon Greece,Κάρτα Δώρου,decathlon.com.gr,sports,106,,merchant-discovery-scan:sports | historical-category|data/discovery/mass/merchant-universe.csv:sports
SAFE,cmta1evos0007q8iy98hyi3jc,Rituals,The Ritual of Mehr Gift Set L - dāvanu komplekts L | RITUALS,rituals.com,beauty,100,,merchant-discovery-scan:beauty
SAFE,cmta1ewiy0009q8iyq85l1jc6,Divani Collection,Divani Collection Hotels Gift Card | The Ultimate Luxury Gift,divanis.com,hotels,112,,merchant-discovery-scan:hotels | historical-category|data/discovery/mass/merchant-universe.csv:hotels | unambiguous-merchant-keyword:hotels
SAFE,cmta1ex6z000bq8iyhh9qostn,Ryanair,Ryanair gift vouchers | Flight & travel vouchers,ryanair.com,travel,106,,merchant-discovery-scan:travel_airlines | unambiguous-merchant-keyword:travel
SAFE,cmta1exzc000dq8iywmqdc2xg,Belmond,Luxury Gift Cards for Unique Gifts | Belmond Hotels,belmond.com,hotels,112,,merchant-discovery-scan:hotels | historical-category|data/discovery/mass/merchant-universe.csv:hotels | unambiguous-merchant-keyword:hotels
SAFE,cmta1eygs000fq8iyti39mxnl,Yamamay,E-Gift Card | Yamamay,yamamay.com,fashion,106,,merchant-discovery-scan:fashion | historical-category|data/discovery/mass/merchant-universe.csv:fashion
SAFE,cmta1eyx9000hq8iyxcnanpju,Anastasia Beverly Hills,Anastasia Beverly Hills Gift Card,anastasiabeverlyhills.com,beauty,106,,merchant-discovery-scan:beauty | historical-category|data/discovery/mass/merchant-universe.csv:beauty
SAFE,cmta1ezdj000jq8iyh7o6gmjd,GC-TECH,ΔΩΡΟΚΑΡΤΑ ΤΩΝ 10 - GIFT CARD,gctech.gr,technology,84,,unambiguous-merchant-keyword:technology
SAFE,cmta1f0po000pq8iytwczl1ho,Play-sports,Gift Card 20,play-sports.gr,sports,84,,unambiguous-merchant-keyword:sports
SAFE,cmta1f2jh000xq8iyzwanlt71,PharmNet,Δωροεπιταγή 50 ευρώ,pharmnet.gr,pharmacy,84,,unambiguous-merchant-keyword:pharmacy
SAFE,cmta1f7dj001fq8iyv92yainl,Pegabo Shoes,Ανδρικά Δερμάτινα Μοκασίνια Tamaris Μπλε 1-13201-44-805,pegaboshoes.gr,fashion,84,,unambiguous-merchant-keyword:fashion
SAFE,cmta1fahw001tq8iy1xha6nv0,Toys and Gifts,100 Χάρισε μια δωροκάρτα 100 ευρώ,toysandgifts.gr,kids-baby,84,,unambiguous-merchant-keyword:kids-baby
SAFE,cmta1fimo002jq8iyzmtmb8cv,Sport-Style,Δωροκάρτα Sport Style,sport-style.gr,sports,84,,unambiguous-merchant-keyword:sports
SAFE,cmta1fjhs002nq8iyk0isu1fk,Bonsai Home,ΔΩΡΟΚΑΡΤΑ ΤΩΝ 10,bonsaihome.gr,home,84,,unambiguous-merchant-keyword:home
SAFE,cmta1fk9b002pq8iyf5m36fcm,Grill me,ΔΩΡΟΚΑΡΤΑ 50 Ευρώ,grillme.gr,restaurants,84,,unambiguous-merchant-keyword:restaurants
SAFE,cmta1flx2002tq8iyfbzqbeb7,Adidas,E-GIFT CARD,adidas.gr,fashion,106,,merchant-discovery-scan:fashion | historical-category|data/discovery/mass/merchant-universe.csv:fashion
SAFE,cmta1frxq003fq8iydayuc6sk,Farmakeio4all,Δωροκάρτα 60 ευρώ,farmakeio4all.gr,pharmacy,84,,unambiguous-merchant-keyword:pharmacy
SAFE,cmta1fv8n003tq8iyzing1bi2,Big Shoes,Δωροεπιταγές Big Shoes Έξυπνο Δώρο Παπούτσια,bigshoes.gr,fashion,84,,unambiguous-merchant-keyword:fashion
SAFE,cmta1fyv40047q8iybmepfa7h,SHEIN,SHEIN δωροκάρτα,shein.com,marketplaces,106,,merchant-discovery-scan:marketplaces_services | historical-category|data/discovery/mass/merchant-universe.csv:marketplaces_services
SAFE,cmta1g0nr004bq8iy397auvs3,Mandellos Sports,Mandellos Sports δωροκάρτα,mandellossports.gr,sports,84,,unambiguous-merchant-keyword:sports
SAFE,cmta1g4lj004pq8iyuzqrwtkm,PCP Clothing,PCP Clothing Δωροκάρτα Gift Card!,pcpclothing.com,fashion,84,,unambiguous-merchant-keyword:fashion
SAFE,cmta1g8cd004wq8iym0zq4dyi,Ofarmakopoiosmou,Ofarmakopoiosmou Gift Card,ofarmakopoiosmou.gr,pharmacy,106,,merchant-discovery-scan:pharmacy | historical-category|data/discovery/mass/merchant-universe.csv:pharmacy
SAFE,cmta1g9lo004yq8iyerfuigi1,Evripidis,ΧΑΜΗΛΕΣ ΤΙΜΕΣ ΣΕ ΧΙΛΙΑΔΕΣ ΕΛΛΗΝΙΚΑ ΒΙΒΛΙΑ,evripidis.gr,books,106,,merchant-discovery-scan:books | historical-category|data/discovery/mass/merchant-universe.csv:books
SAFE,cmta1gbo80056q8iy0413x1yf,Hallofbrands,Αγοράστε μία Δωροκάρτα,hallofbrands.gr,fashion,106,,merchant-discovery-scan:fashion | historical-category|data/discovery/mass/merchant-universe.csv:fashion
SAFE,cmta1gobu006iq8iyfzj8w8k8,Heelshop,e-Gift card - Shop - Organic Cotton fashion,heelshop.gr,fashion,84,,unambiguous-merchant-keyword:fashion
SAFE,cmta1gotq006kq8iy4w2ujlz6,Intersport,ΙNTERSPORT e-Gift Card!,intersport.gr,sports,106,,merchant-discovery-scan:sports | historical-category|data/discovery/mass/merchant-universe.csv:sports
SAFE,cmta1gpu8006oq8iygdj4ivp4,Kasparianjewels,Δωροκάρτα των καταστημάτων μας σε ότι θέλετε!,kasparianjewels.gr,jewelry-watches,84,,unambiguous-merchant-keyword:jewelry-watches
SAFE,cmta1gqtw006sq8iypocjrxc8,Kosmima24,ΔΩΡΟΚΑΡΤΑ,kosmima24.gr,jewelry-watches,84,,unambiguous-merchant-keyword:jewelry-watches
SAFE,cmta1gsuy006yq8iydlau7di6,Marandmarjewelry,Δωροκάρτα Mar and Mar,marandmarjewelry.gr,jewelry-watches,84,,unambiguous-merchant-keyword:jewelry-watches
SAFE,cmta1gtqd0072q8iy9bkyec52,My Massage,ΔΩΡΟΚΑΡΤΑ,my-massage.gr,spa-wellness,84,,unambiguous-merchant-keyword:spa-wellness
SAFE,cmta1gy2c007iq8iysz2lc12v,Toys Shop,Toys-shop Choice Egift Card 10 TSGC10,toys-shop.gr,kids-baby,84,,unambiguous-merchant-keyword:kids-baby
SAFE,cmta1h2l50082q8iycs4ql642,Zalando,Λατρεyω Το Στιλ Σου - Zalando Δωροκάρτα,zalando.gr,fashion,106,,merchant-discovery-scan:fashion | historical-category|data/discovery/mass/merchant-universe.csv:fashion
SAFE,cmta1h3ld0084q8iyv47alh4s,4seasons Beauty Institute,Δωροκάρτα - Χαλκίδα,4seasons-beauty-institute.gr,beauty,84,,unambiguous-merchant-keyword:beauty
SAFE,cmta1h4240086q8iyy52pw87m,Active Fashion,Active Fashion Gift Card,active-fashion.gr,fashion,84,,unambiguous-merchant-keyword:fashion
SAFE,cmta1h66q0088q8iylx3c16x3,Adore Beauty,Adore Beauty Gift Card,adore-beauty.gr,beauty,84,,unambiguous-merchant-keyword:beauty
SAFE,cmta1ha1j008eq8iysd3rotam,Alohabeauty,Gift Card - Aloha Beauty,alohabeauty.gr,beauty,84,,unambiguous-merchant-keyword:beauty
SAFE,cmta1hgn5008wq8iy1ksubp16,Avvento Shoes,GIFT CARD 50,avvento-shoes.gr,fashion,84,,unambiguous-merchant-keyword:fashion
SAFE,cmta1hjk40094q8iyvworgly4,Beauty Case,Gift Card - 40€ - Beauty Case,beauty-case.gr,beauty,84,,unambiguous-merchant-keyword:beauty
SAFE,cmta1hn8m009mq8iyulc5z4tr,Bloss,Gift Card | Bloss Fashion e-Shop,bloss.gr,fashion,84,,unambiguous-merchant-keyword:fashion
SAFE,cmta1ho28009oq8iyl0iioaai,Bonheurbeauty,Δωροκάρτα Bonheur Beauty,bonheurbeauty.gr,beauty,84,,unambiguous-merchant-keyword:beauty
SAFE,cmta1htbw00aaq8iyv9w00ny0,Cocoonurbanspa,ΔΩΡΟΚΑΡΤΑ - Spa Cocoon,cocoonurbanspa.gr,spa-wellness,84,,unambiguous-merchant-keyword:spa-wellness
SAFE,cmta1htrr00acq8iyremlxeb0,Constancejewelry,Δωροκάρτα - Constance Jewlery,constancejewelry.gr,jewelry-watches,84,,unambiguous-merchant-keyword:jewelry-watches
SAFE,cmta1hwlo00amq8iy32yc1j7k,Decoro,δωροκαρτα,decoro.gr,home,84,,unambiguous-merchant-keyword:home
SAFE,cmta1hyeb00auq8iy07ismm4g,Dressingbar,Gift Card - Greek Designer Clothes & Accessories,dressingbar.gr,fashion,84,,unambiguous-merchant-keyword:fashion
SAFE,cmta1i3fk00b2q8iycwvf7d3a,E Shop,Δωροκάρτες | Όλα τα προϊόντα : E-shop.gr,e-shop.gr,technology,106,,merchant-discovery-scan:technology | historical-category|data/discovery/mass/merchant-universe.csv:technology
SAFE,cmta1i3wg00b4q8iywcrwt5kb,Ecrystal,Δωροκάρτα - Κοσμήματα Swarovski ECrystal,ecrystal.gr,jewelry-watches,84,,unambiguous-merchant-keyword:jewelry-watches
SAFE,cmta1idf400caq8iyjdg0i0lk,Harmony Spa,Gift Card - δωροκαρτα,harmony-spa.gr,spa-wellness,84,,unambiguous-merchant-keyword:spa-wellness
SAFE,cmta1idvc00ccq8iyo72kem4t,Harmonybeauty,Δωροκάρτα - Harmony & Beauty,harmonybeauty.gr,beauty,84,,unambiguous-merchant-keyword:beauty
SAFE,cmta1iebo00ceq8iycmxwju77,Healthandbeauty,Gift Card - Health & Beauty - Ινστιτούτο Αισθητικής στην Πάτρα,healthandbeauty.com.gr,beauty,84,,unambiguous-merchant-keyword:beauty
SAFE,cmta1ihj500cqq8iylrnmfl4p,Hydrowellness,Gift Card - Γυμναστήριο | Hydro Wellness,hydrowellness.gr,spa-wellness,84,,unambiguous-merchant-keyword:spa-wellness
SAFE,cmta1iox700dmq8iy4pm38inf,Legacyapparel,Δωροκάρτα Legacy Apparel,legacyapparel.gr,fashion,84,,unambiguous-merchant-keyword:fashion
SAFE,cmta1ipca00doq8iy3wz1r8i6,Lemassage,Δωροκάρτες - Le Μassage - Le Massage,lemassage.gr,spa-wellness,84,,unambiguous-merchant-keyword:spa-wellness
SAFE,cmta1is6p00e2q8iydhxb4sry,Mango,Δωροκάρτα,mango.com,fashion,106,,merchant-discovery-scan:fashion | historical-category|data/discovery/mass/merchant-universe.csv:fashion
SAFE,cmta1iu5p00ecq8iyczdel2ss,Maziotisjewels,E‑Gift Card – Maziotis Jewels Handmade Jewelry,maziotisjewels.gr,jewelry-watches,84,,unambiguous-merchant-keyword:jewelry-watches
SAFE,cmta1ivb800eiq8iyvekuk8o3,Melrose,Δωροκάρτες Melrose Beauty Bar,melrose.gr,beauty,84,,unambiguous-merchant-keyword:beauty
SAFE,cmta1iwh800eoq8iy8cbsq9v0,Mgjewels,Digital Gift Card,mgjewels.gr,jewelry-watches,84,,unambiguous-merchant-keyword:jewelry-watches
SAFE,cmta1j94w00g6q8iy1z0e6n4p,Petiteboutique,GIFT CARD ΔΩΡΟΕΠΙΤΑΓΗ – P❤️B petite boutique,petiteboutique.gr,fashion,84,,unambiguous-merchant-keyword:fashion
SAFE,cmta1jay200geq8iyzdfxuwo3,Pleasurefashion,Δωροκάρτα 30 Ευρώ - Pleasure Fashion,pleasurefashion.gr,fashion,84,,unambiguous-merchant-keyword:fashion
SAFE,cmta1jbe500ggq8iyku41w6hi,Pocolocojewellery,Δωροκάρτα - PocoLoco Jewellery #1 Επιλογή για Piercing,pocolocojewellery.gr,jewelry-watches,84,,unambiguous-merchant-keyword:jewelry-watches
SAFE,cmta1jdvx00gqq8iy4767yu90,Secretsofbeauty,Δωροκάρτα 300€ | Secrets of Beauty | Θεσσαλονίκη,secretsofbeauty.gr,beauty,84,,unambiguous-merchant-keyword:beauty
SAFE,cmta1ji3200h8q8iyjb06dwjh,Star Nails,Δωροκάρτα - eGift Card,star-nails.gr,beauty,84,,unambiguous-merchant-keyword:beauty
SAFE,cmta1jot900hyq8iy9t72wmep,Teo,TEO Hair Salons - E-gift Card,teo.gr,beauty,84,,unambiguous-merchant-keyword:beauty
SAFE,cmta1jw4o00isq8iyb5tjygd5,Viejewellery,Gift Card - Δωροκάρτα - Vie jewellery,viejewellery.gr,jewelry-watches,84,,unambiguous-merchant-keyword:jewelry-watches
SAFE,cmta1jwkp00iuq8iyo3gkq9hn,Vintagecava,Δωροκάρτα - Gift Card - Cava Vintage - Wine & Spirits,vintagecava.gr,food-delivery,84,,unambiguous-merchant-keyword:food-delivery
SAFE,cmta1jxhh00iyq8iykqh46pfh,Winewalkers,Gift Card | Wine Walkers,winewalkers.gr,food-delivery,84,,unambiguous-merchant-keyword:food-delivery
SAFE,cmta1jzbm00j6q8iyz27tbwl4,You,eGift Card,you.gr,technology,106,,merchant-discovery-scan:technology | historical-category|data/discovery/mass/merchant-universe.csv:technology
SAFE,cmta1k0o700jcq8iyl30grhl5,Mantastravel,Δωροκάρτα - Ταξιδιωτικό Γραφείο Mantas Travel Κόρινθος,mantastravel.gr,travel,84,,unambiguous-merchant-keyword:travel
SAFE,cmta1k1m500jgq8iyshe958cq,Pnoewave,Gift Card - Pnoe - Body & Mind Wellness,pnoewave.gr,spa-wellness,84,,unambiguous-merchant-keyword:spa-wellness
SAFE,cmta1k3zz00jqq8iys4ggznve,Alkistijewelry,Alkistijewelry Gift Card,alkistijewelry.gr,jewelry-watches,84,,unambiguous-merchant-keyword:jewelry-watches
SAFE,cmta1k8fg00k8q8iyfbf1o1z4,Flowmassage,Gift Card - Flow Massage,flowmassage.gr,spa-wellness,84,,unambiguous-merchant-keyword:spa-wellness
SAFE,cmta1k9v300keq8iyk7pgdspg,Massageinn,Gift Card - Massage services in Thessaloniki,massageinn.gr,spa-wellness,84,,unambiguous-merchant-keyword:spa-wellness
SAFE,cmta1ker900kyq8iyvoop3jdl,Aetherjewelry,Aetherjewelry Gift Card,aetherjewelry.gr,jewelry-watches,84,,unambiguous-merchant-keyword:jewelry-watches
SAFE,cmta1kf6y00l0q8iyhuqjctff,Annysresidences,Hotel Gift Card | Anny's Residence & Suites,annysresidences.gr,hotels,84,,unambiguous-merchant-keyword:hotels
SAFE,cmta1kj4f00lgq8iylswrmmny,Boudoirspawellness,Δωροκάρτα Boudoir Spa Wellness,boudoirspawellness.gr,spa-wellness,84,,unambiguous-merchant-keyword:spa-wellness
SAFE,cmta1kodu00m2q8iypau5cwch,Euphoriamassage,Gift Card - Euphoria Massage,euphoriamassage.gr,spa-wellness,84,,unambiguous-merchant-keyword:spa-wellness
SAFE,cmta1kowg00m4q8iy94vgsdus,Gouves,Gift Card - Gouves Travel Market Experts,gouves.gr,travel,84,,unambiguous-merchant-keyword:travel
SAFE,cmta1kqsr00mcq8iyjmcu7lpg,Houseoftennis,Gift Card – House Of Tennis,houseoftennis.gr,sports,84,,unambiguous-merchant-keyword:sports
SAFE,cmta1krrq00mgq8iyceelhkq8,Imaginationtravel,Δωροεπιταγή ταξιδίου - Travel Gift Voucher,imaginationtravel.gr,travel,84,,unambiguous-merchant-keyword:travel
SAFE,cmta1ktry00moq8iyk8cnm3ts,Luckytravel,Gift card €100 – €200 - Lucky Travel |,luckytravel.gr,travel,84,,unambiguous-merchant-keyword:travel
SAFE,cmta1kx4a00n2q8iyebxi61o5,Nailit,Gift card - Nail it,nailit.gr,beauty,84,,unambiguous-merchant-keyword:beauty
SAFE,cmta1l2mc00noq8iyy9tbls13,Safe Travel,Safe Travel Gift Card ~ Ταξιδιωτικό Γραφείο,safe-travel.gr,travel,84,,unambiguous-merchant-keyword:travel
SAFE,cmta1l54m00nyq8iyls6svfdz,Sorelia,Gift Card - Sorelia Jewelry,sorelia.gr,jewelry-watches,84,,unambiguous-merchant-keyword:jewelry-watches
SAFE,cmta1l5p700o0q8iyqwcjwsy7,Sportsdivision,Gift Card | Sports Division,sportsdivision.gr,sports,84,,unambiguous-merchant-keyword:sports
SAFE,cmta1l7rn00o8q8iyt9an242o,The Toy,Gift Card Archives - Το Παιχνίδι | Μόνο το καλύτερο,the-toy.gr,kids-baby,84,,unambiguous-merchant-keyword:kids-baby
SAFE,cmta1l8b200oaq8iyrehk8grk,Thebabycity,Δωροκάρτα The Baby City,thebabycity.gr,kids-baby,84,,unambiguous-merchant-keyword:kids-baby
SAFE,cmta1l98l00oeq8iy15m3wc2s,Themassagesuite,Gift Card for Massage - The Perfect Gift,themassagesuite.gr,spa-wellness,84,,unambiguous-merchant-keyword:spa-wellness
SAFE,cmta1la5500oiq8iyspnyskk9,Twininas,GIFT CARD - Unique Handmade Jewellery & Accessories!,twininas.gr,jewelry-watches,84,,unambiguous-merchant-keyword:jewelry-watches
SAFE,cmta1lbyo00oqq8iy4irn4ety,Hellenictrain,Gift Card | Hellenic Train,hellenictrain.gr,travel,84,,unambiguous-merchant-keyword:travel
SAFE,cmta1lf3h00p2q8iyb66pebvm,Beauty Plus,Beauty Plus Gift Card,beauty-plus.gr,beauty,84,,unambiguous-merchant-keyword:beauty
SAFE,cmta1lh5d00paq8iy9yb8ljis,4 Sports,4 Sports Gift Card,4-sports.gr,sports,84,,unambiguous-merchant-keyword:sports
SAFE,cmta1lib900peq8iyg74tb65g,Beautylafee,Beauty La Fée - Gift Card,beautylafee.gr,beauty,84,,unambiguous-merchant-keyword:beauty
SAFE,cmta1lkb500pmq8iyk432joy4,Pharmagalaxy,Pharmagalaxy Gift Card,pharmagalaxy.gr,pharmacy,84,,unambiguous-merchant-keyword:pharmacy
SAFE,cmta1ln7x00pyq8iyxk9nswcq,Lu Eur,Gift Card - Lueur Skincare & More ...,lu-eur.gr,beauty,84,,unambiguous-merchant-keyword:beauty
SAFE,cmta1lpz100q8q8iyoohv57r7,Ao Massage,Gift Card - Α-ω Massage Services,ao-massage.gr,spa-wellness,84,,unambiguous-merchant-keyword:spa-wellness
SAFE,cmta1lqim00qaq8iywcm8v2ex,Aurorajewellery,Aurorajewellery Gift Card,aurorajewellery.gr,jewelry-watches,84,,unambiguous-merchant-keyword:jewelry-watches
SAFE,cmta1ltxc00qmq8iyccncakek,Ethereal Spa,Spa Gift Cards — The Perfect Present - Ethereal Spa,ethereal-spa.gr,spa-wellness,84,,unambiguous-merchant-keyword:spa-wellness
SAFE,cmta1lw8400qwq8iy4s1rns6f,Lentijewelry,Gift Card - JEWELRY,lentijewelry.gr,jewelry-watches,84,,unambiguous-merchant-keyword:jewelry-watches
SAFE,cmta1lxpi00r2q8iyqd7ypb00,Luxusbags,e-Gift card Luxus Bags,luxusbags.gr,fashion,84,,unambiguous-merchant-keyword:fashion
SAFE,cmta1lyqs00r6q8iy05nanoco,Meijewelry,Meijewelry Gift Card,meijewelry.gr,jewelry-watches,84,,unambiguous-merchant-keyword:jewelry-watches
SAFE,cmta1lzev00r8q8iybg568yga,Mistridis,Gift Card - Κάρτα Δώρου - Mystridis Family Pharmacy,mistridis.gr,pharmacy,84,,unambiguous-merchant-keyword:pharmacy
SAFE,cmta1m2fh00rkq8iya9k9yxdp,Senorclothing,GIFT CARD Archives - Senor Clothing,senorclothing.gr,fashion,84,,unambiguous-merchant-keyword:fashion
SAFE,cmta1m4x600ruq8iyic1fo9fb,Tresorjewelry,Gift Card - Tresor Jewelry,tresorjewelry.gr,jewelry-watches,84,,unambiguous-merchant-keyword:jewelry-watches
SAFE,cmta1m93500saq8iycjty6l3s,Flashfashion,Gift Card | FLASH FASHION,flashfashion.shop,fashion,84,,unambiguous-merchant-keyword:fashion
SAFE,cmta1mepx00swq8iyfxeq5ejv,Tinytoyshop,Gift Card - Tiny Toy Shop,tinytoyshop.gr,kids-baby,84,,unambiguous-merchant-keyword:kids-baby
SAFE,cmta1mfo100t0q8iyejb505cp,Almarspa,Gift Card – Almar Spa,almarspa.gr,spa-wellness,84,,unambiguous-merchant-keyword:spa-wellness
SAFE,cmta1mj7f00tcq8iyfg3pom6s,Babyllama,Gift Card | Δωροκάρτα | Baby Llama,babyllama.gr,kids-baby,84,,unambiguous-merchant-keyword:kids-baby
SAFE,cmta1mm5800tmq8iyk167650i,Bestmassage,gift card - The Best Massage,bestmassage.gr,spa-wellness,84,,unambiguous-merchant-keyword:spa-wellness
SAFE,cmta1mvx400uoq8iyn1p8l231,Dukas,Gift Card – Official DUKAS Online Boutique - Luxury Shoes,dukas.com.gr,fashion,84,,unambiguous-merchant-keyword:fashion
SAFE,cmta1myap00uyq8iy05wx63jv,Enchriso,100€ gift card - Κοσμήματα En Chriso,enchriso.gr,jewelry-watches,84,,unambiguous-merchant-keyword:jewelry-watches
SAFE,cmta1mys100v0q8iy16qgugkj,Epipla24,Δωροκάρτα Online Αγορά Επίπλων και Διακόσμησης Σπιτιού,epipla24.gr,jewelry-watches,84,,unambiguous-merchant-keyword:jewelry-watches
SAFE,cmta1mzbz00v2q8iym9a1twa4,Erato Kosmima,Στείλε μια Gift Card - Ερατώ,erato-kosmima.gr,jewelry-watches,84,,unambiguous-merchant-keyword:jewelry-watches
SAFE,cmta1mzvd00v4q8iy1mgqxhla,Erostoys,"Gift Cards - Ερωτικά Παιχνίδια, Premium Sex Toys",erostoys.gr,kids-baby,84,,unambiguous-merchant-keyword:kids-baby
SAFE,cmta1n10h00v8q8iymob6se9u,Fancynails,Gift Card - Fancy Nails by Nancy,fancynails.gr,beauty,84,,unambiguous-merchant-keyword:beauty
SAFE,cmta1n1xb00vcq8iyi4nkjrgn,Gavalasjewelry,ΔΩΡΟΚΑΡΤΕΣ Αρχεία,gavalasjewelry.gr,jewelry-watches,84,,unambiguous-merchant-keyword:jewelry-watches
SAFE,cmta1n2fs00veq8iyefr9t86z,Ggbeauty,GIFT CARD - G&G Beauty,ggbeauty.gr,beauty,84,,unambiguous-merchant-keyword:beauty
SAFE,cmta1n3dp00viq8iycxrarktf,Goldandwhite,Gift Card - Gold and White | Χειροποίητα Κοσμήματα,goldandwhite.gr,jewelry-watches,84,,unambiguous-merchant-keyword:jewelry-watches
SAFE,cmta1nbgt00weq8iyvk7kt9b7,Lucejewelry,Gift Card | Luce Jewelry,lucejewelry.gr,jewelry-watches,84,,unambiguous-merchant-keyword:jewelry-watches
SAFE,cmta1nbzh00wgq8iy7eoe6g44,Luxurymassage,Gift Card - Luxury Massage Athens,luxurymassage.gr,spa-wellness,84,,unambiguous-merchant-keyword:spa-wellness
SAFE,cmta1ncwh00wkq8iybxcjcbsp,Marinetours,Marine Tours gift voucher scheme,marinetours.gr,travel,84,,unambiguous-merchant-keyword:travel
SAFE,cmta1nhpn00x2q8iymyaq96be,Msjewels,Msjewels Gift Card,msjewels.gr,jewelry-watches,84,,unambiguous-merchant-keyword:jewelry-watches
SAFE,cmta1nw4a00ymq8iy2tzn8eg1,Themassageworld,The Massage World-ΔΩΡΟΚΑΡΤΕΣ,themassageworld.gr,spa-wellness,84,,unambiguous-merchant-keyword:spa-wellness
SAFE,cmta421he0001t8iyrqtjx6s9,Netflix,Δωροκάρτα Netflix!,netflix.com,streaming-digital,112,,merchant-discovery-scan:digital | historical-category|data/discovery/mass/merchant-universe.csv:digital | unambiguous-merchant-keyword:streaming-digital
SAFE,cmta4y7kn0003sciyv8fff1a2,Aegeanmassage,Gift cards - Aegean Massage,aegeanmassage.gr,spa-wellness,84,,unambiguous-merchant-keyword:spa-wellness
SAFE,cmta4yafm000fsciycmpn7qlk,Δωροκάρτα Best Wines - Κάβα κρασιών Best Wines,Δωροκάρτα Best Wines - Κάβα κρασιών Best Wines,bestwines.gr,food-delivery,84,,unambiguous-merchant-keyword:food-delivery
SAFE,cmta4ycf4000nsciydm69up45,Casagiacomo,Gift Card - Casa Giacomo Restaurants,casagiacomo.gr,restaurants,90,,historical-query|data/discovery/mass-harvest-v5/clean-v5.1/high-safe.csv:restaurants | unambiguous-merchant-keyword:restaurants
SAFE,cmta4ydcy000rsciyxn344u55,Christines,Christine's Gift Card - Christine Lingerie,christines.gr,fashion,90,,historical-query|data/discovery/mass-harvest-v5/clean-v5.1/high-safe.csv:fashion | unambiguous-merchant-keyword:fashion
SAFE,cmta4yfvk0011sciyi5zwgnhr,Δωροκάρτα Evilio Home,Δωροκάρτα Evilio Home,eviliohome.gr,home,90,,historical-query|data/discovery/mass-harvest-v5/clean-v5.1/high-safe.csv:home | unambiguous-merchant-keyword:home
SAFE,cmta4yink001dsciy39vyun7s,Goldenbeauty,Golden Beauty Gift Card,goldenbeauty.gr,beauty,84,,unambiguous-merchant-keyword:beauty
SAFE,cmta4yjz8001hsciydalghjrj,Δωροκάρτα από την Harpy Clothing 2026,Δωροκάρτα από την Harpy Clothing 2026,harpy.gr,fashion,90,,historical-query|data/discovery/mass-harvest-v5/clean-v5.1/high-safe.csv:fashion | unambiguous-merchant-keyword:fashion
SAFE,cmta4ynq0001xsciy5l1rugwg,Kidsloveplanet,Gift Card - Kids Love Planet,kidsloveplanet.gr,kids-baby,84,,unambiguous-merchant-keyword:kids-baby
SAFE,cmta4yqjm0029sciywfsyzwns,Kurlandspa,"Gift Card ""Momentous"" Personal Choice Kurland Spa",kurlandspa.gr,spa-wellness,84,,unambiguous-merchant-keyword:spa-wellness
SAFE,cmta4ytda002lsciyilen6atl,Mavri Thalassa,Gift Cards | Mavri Thalassa Restaurant,mavri-thalassa.gr,restaurants,84,,unambiguous-merchant-keyword:restaurants
SAFE,cmta4yuqr002rsciytutj3osh,Milosnails,Gift Card - Milos Nails,milosnails.gr,beauty,84,,unambiguous-merchant-keyword:beauty
SAFE,cmta4yx3q0031sciyhtksmdcy,Myconiankorali,Gift Cards | Myconian Korali Luxury Hotel,myconiankorali.gr,hotels,90,,historical-query|data/discovery/mass-harvest-v5/clean-v5.1/high-safe.csv:hotels | unambiguous-merchant-keyword:hotels
SAFE,cmta4yy140035sciyg30mvkvh,Mytravelgiftcard,My Travel Gift Card - Το δώρο που ταξιδεύει τους ...,mytravelgiftcard.gr,travel,90,,historical-query|data/discovery/mass-harvest-v5/clean-v5.2/greece-high-safe.csv:travel | unambiguous-merchant-keyword:travel
SAFE,cmta4yyxo0039sciy0650z05i,Δωροκάρτα - Patousaki Shoes,Δωροκάρτα - Patousaki Shoes,patousakishoes.gr,fashion,90,,historical-query|data/discovery/mass-harvest-v5/clean-v5.1/high-safe.csv:fashion | unambiguous-merchant-keyword:fashion
SAFE,cmta4yzds003bsciy42vmkamz,Perfumeintheair,Gift Cards Archives - Perfume In The Air Αρώματα μεγάλης διάρκειας ...,perfumeintheair.gr,beauty,90,,historical-query|data/discovery/mass-harvest-v5/clean-v5.1/high-safe.csv:beauty | unambiguous-merchant-keyword:beauty
SAFE,cmta4yztg003dsciyt7jc3op8,Ricordi,Όροι Gift Card - RICORDI - Men's Designer Clothing,ricordi.gr,fashion,90,,historical-query|data/discovery/mass-harvest-v5/clean-v5.1/high-safe.csv:fashion | unambiguous-merchant-keyword:fashion
SAFE,cmta4z16k003jsciyvlhxopm1,Royalmyconian,Gift Cards | Royal Myconian Resort,royalmyconian.gr,hotels,90,,historical-query|data/discovery/mass-harvest-v5/clean-v5.1/high-safe.csv:hotels | unambiguous-merchant-keyword:hotels
SAFE,cmta4z1mm003lsciyvwvowjdm,Κάρτα Δώρου Εστιατόριο | Salero Restaurant,Κάρτα Δώρου Εστιατόριο | Salero Restaurant,salero.gr,restaurants,90,,historical-query|data/discovery/mass-harvest-v5/clean-v5.1/high-safe.csv:restaurants | unambiguous-merchant-keyword:restaurants
SAFE,cmta4z7uf0049sciyu0lkupmq,Δωροκάρτα - Vibrant Beauty,Δωροκάρτα - Vibrant Beauty,vibrantbeauty.gr,beauty,90,,historical-query|data/discovery/mass-harvest-v5/clean-v5.1/high-safe.csv:beauty | unambiguous-merchant-keyword:beauty
SAFE,cmta4z9dq004fsciy3xv930zv,Yadeshotels,Travel Gift Card twitter - yadeshotels.gr,yadeshotels.gr,travel,90,,historical-query|data/discovery/mass-harvest-v5/clean-v5.1/high-safe.csv:travel | unambiguous-merchant-keyword:travel
SAFE,cmta5nlif000754iynlqaag0t,Athens Green Apartments,E-Gift Card Athens Green Apartments,athensgreen.gr,hotels,84,,unambiguous-merchant-keyword:hotels
SAFE,cmta5nma4000b54iy51dzh8t6,Baby Gear,Gift Cards - Baby Gear,babygear.gr,kids-baby,84,,unambiguous-merchant-keyword:kids-baby
SAFE,cmta5nmna000d54iydgsuwwbf,Bliss Nail Bar,Gift Cards - Bliss Nail Bar,blissnailbar.gr,beauty,84,,unambiguous-merchant-keyword:beauty
SAFE,cmta5nn0p000f54iygpypf3l0,Caramella Kids,Gift Cards – Caramella Kids,caramellakids.gr,kids-baby,84,,unambiguous-merchant-keyword:kids-baby
SAFE,cmta5nouj000p54iya63lmod4,Golden A Exclusive Boutique,Δωροκάρτα - Golden A Exclusive Boutique,golden-a.gr,fashion,90,,historical-query|data/discovery/mega-harvest-v6/clean-v6/auto-safe.csv:fashion | unambiguous-merchant-keyword:fashion
SAFE,cmta5np8e000r54iy6gg6sm7w,Ioannalingerie,Gift Card | Δωροκάρτα Ioanna Lingerie,ioannalingerie.gr,fashion,90,,historical-query|data/discovery/mega-harvest-v6/clean-v6/auto-safe.csv:fashion | unambiguous-merchant-keyword:fashion
SAFE,cmta5npws000v54iyrybp6vpj,Kantzos,KANTZOS Travel Gift Voucher,kantzos.gr,travel,90,,historical-query|data/discovery/mega-harvest-v6/clean-v6/auto-safe.csv:travel | unambiguous-merchant-keyword:travel
SAFE,cmta5nq9o000x54iy9c81r5vm,Keybooks,Key Books Gift Card,keybooks.gr,books,90,,historical-query|data/discovery/mega-harvest-v6/clean-v6/auto-safe.csv:books | unambiguous-merchant-keyword:books
SAFE,cmta5nrd7001354iyo6sumjdq,Londonboutique,London Boutique Gift card - London Βoutique,londonboutique.gr,fashion,90,,historical-query|data/discovery/mega-harvest-v6/clean-v6/auto-safe.csv:fashion | unambiguous-merchant-keyword:fashion
SAFE,cmta5nsgv001954iy1401i746,Αρχεία - Mafil bags,Gift card Αρχεία - Mafil bags,mafilbags.gr,fashion,90,,historical-query|data/discovery/mass-harvest-v5/clean-v5.1/high-safe.csv:fashion | unambiguous-merchant-keyword:fashion
SAFE,cmta5nsu9001b54iyw6qf1feq,Massage για Χαλάρωση & Ευεξία - Magic Hands,Gift Card Massage για Χαλάρωση & Ευεξία - Magic Hands,magichands.gr,spa-wellness,84,,unambiguous-merchant-keyword:spa-wellness
SAFE,cmta5nt82001d54iysnv9gyou,Αρώματος | Mine Perfume Lab,Gift Card Αρώματος | Mine Perfume Lab,mineperfumelab.gr,beauty,90,,historical-query|data/discovery/mega-harvest-v6/clean-v6/auto-safe.csv:beauty | unambiguous-merchant-keyword:beauty
SAFE,cmta5ntlh001f54iyog57bocf,muse boutique,Δωροκάρτα - muse boutique,museboutique.gr,fashion,90,,historical-query|data/discovery/mega-harvest-v6/clean-v6/auto-safe.csv:fashion | unambiguous-merchant-keyword:fashion
SAFE,cmta5nupu001l54iyijhwtd67,Αισθητικής | Naloo Beauty Bar – Ιδανικό Δώρο,Gift Cards Αισθητικής | Naloo Beauty Bar – Ιδανικό Δώρο,naloobeautybar.gr,beauty,84,,unambiguous-merchant-keyword:beauty
SAFE,cmta5nyst002654iyxa6404qo,Toys.gr,Δωροκάρτα Toys.gr,toys.gr,kids-baby,84,,unambiguous-merchant-keyword:kids-baby
SAFE,cmta5o08h002e54iylwvhwz6r,Archives - Wellness City Spa Glyfada | Exclusive Services,Gift card Archives - Wellness City Spa Glyfada | Exclusive Services,wellnesscityspa.gr,spa-wellness,84,,unambiguous-merchant-keyword:spa-wellness
SAFE,cmtb62fh3000394iyqc1z6qea,Bags & Hats eshop | Your trusted choice since 1965,Gift Card - Bags & Hats eshop | Your trusted choice since 1965,bagshats.gr,fashion,90,,historical-query|data/discovery/focused-harvest-v7-run1-backup/clean-v7/auto-safe.csv:fashion | unambiguous-merchant-keyword:fashion
SAFE,cmtb62iwy000l94iy37tas1sy,Gang Clothing,Gang Clothing Gift Card,gang-clothing.gr,fashion,90,,historical-query|data/discovery/focused-harvest-v7-run1-backup/clean-v7/auto-safe.csv:fashion | unambiguous-merchant-keyword:fashion
SAFE,cmtb62u7h002b94iyesizztm1,Texni Kosmima,Texni Kosmima Gift Card,texni-kosmima.gr,jewelry-watches,84,,unambiguous-merchant-keyword:jewelry-watches
SAFE,cmtb62vm6002j94iyoo274siw,Tmsjewel,Δωροεπιταγές,tmsjewel.gr,jewelry-watches,84,,unambiguous-merchant-keyword:jewelry-watches
SAFE,cmtb6e0aj0001i4iyas7ed2u8,EA Bags,EA Bags Gift Card,eabags.gr,fashion,90,,historical-query|data/discovery/focused-harvest-v7/clean-v7/auto-safe.csv:fashion | unambiguous-merchant-keyword:fashion
SAFE,cmtb6e0zq0005i4iy5urp2n1t,Proteas Blu Resort,Proteas Blu Resort Gift Card,proteasbluresort.gr,hotels,90,,historical-query|data/discovery/focused-harvest-v7/clean-v7/auto-safe.csv:hotels | unambiguous-merchant-keyword:hotels
SAFE,cmtb6ue1m00013giy0vcuqr01,5star Travel,Gift Voucher,5star-travel.gr,travel,90,,historical-query|data/discovery/review-universe-v1/second-pass-safe.csv:travel | unambiguous-merchant-keyword:travel
SAFE,cmtb6uetn00053giyiewpxirq,Adventure Junkies,Adventure Junkies Gift Card,adventurejunkies.gr,experiences,90,,historical-query|data/discovery/review-universe-v1/second-pass-safe.csv:experiences | unambiguous-merchant-keyword:experiences
SAFE,cmtb6uf7q00073giyshj993ld,Ale Boutique,Ale Boutique Gift Card,aleboutique.gr,fashion,90,,historical-query|data/discovery/review-universe-v1/second-pass-safe.csv:fashion | unambiguous-merchant-keyword:fashion
SAFE,cmtb6ufkl00093giymppi9r6l,Alhimistis Bags,Δωροεπιταγή Alhimistis Bags,alhimistisbags.gr,fashion,90,,historical-query|data/discovery/review-universe-v1/second-pass-safe.csv:fashion | unambiguous-merchant-keyword:fashion
SAFE,cmtb6ufxo000b3giyektyl1hg,Angelopoulos Hair,Angelopoulos Hair Gift Card,angelopouloshair.gr,beauty,84,,unambiguous-merchant-keyword:beauty
SAFE,cmtb6uhff000j3giyc1dy35p6,Beauty Queens,Δωροκάρτα - Beauty Queens,beautyqueens.gr,beauty,90,,historical-query|data/discovery/review-universe-v1/second-pass-safe.csv:beauty | unambiguous-merchant-keyword:beauty
SAFE,cmtb6uhsq000l3giy81e5v942,Best Western,Best Western Gift Card,bestwestern.gr,hotels,106,,merchant-discovery-scan:hotels | historical-category|data/discovery/mass/merchant-universe.csv:hotels
SAFE,cmtb6ui6j000n3giy2kh8ox6c,Black Lotus Massage,Black Lotus Massage Δωροκάρτα 30 Ευρώ,blacklotusmassage.gr,spa-wellness,84,,unambiguous-merchant-keyword:spa-wellness
SAFE,cmtb6unre001h3giyec12nyxq,Fan Pharmacy,Fan Pharmacy Gift Card,fanpharmacy.gr,pharmacy,90,,historical-query|data/discovery/review-universe-v1/second-pass-safe.csv:pharmacy | unambiguous-merchant-keyword:pharmacy
SAFE,cmtb6uogu001k3giyevih3jt5,F.O.R.T.Y. Boutique,F.O.R.T.Y. Boutique Gift Card,fortyboutique.gr,fashion,90,,historical-query|data/discovery/review-universe-v1/second-pass-safe.csv:fashion | unambiguous-merchant-keyword:fashion
SAFE,cmtb6upa5001o3giy345eyvsz,Galanthus Cosmetics,Δωροκάρτα,galanthus-cosmetics.gr,beauty,90,,historical-query|data/discovery/review-universe-v1/second-pass-safe.csv:beauty | unambiguous-merchant-keyword:beauty
SAFE,cmtb6upo2001q3giyji48e7pn,Gelia Jewelry & Creations,Δωροκάρτα - Gelia Jewelry & Creations,geliajewelry.gr,jewelry-watches,84,,unambiguous-merchant-keyword:jewelry-watches
SAFE,cmtb6usai00243giyo2w93f0v,Hypnote Jewelry,"Δωροκάρτα - Hypnote Jewelry | Woman, Man Accessories ...",hypnotejewelry.gr,jewelry-watches,84,,unambiguous-merchant-keyword:jewelry-watches
SAFE,cmtb6utt5002c3giyo3joolsl,Kivotos Oniron,Δωροκάρτα - Kivotos Oniron | ideas for kids,kivotosoniron.gr,kids-baby,84,,unambiguous-merchant-keyword:kids-baby
SAFE,cmtb6uvau002k3giy11mv75rc,Laviejewelry,Δωροκάρτα,laviejewelry.gr,jewelry-watches,84,,unambiguous-merchant-keyword:jewelry-watches
SAFE,cmtb6uwqn002s3giyvacsoqo4,MELODY-SPA,GIFT VOUCHER - MELODY-SPA,melody-spa.gr,spa-wellness,84,,unambiguous-merchant-keyword:spa-wellness
SAFE,cmtb6ux4b002u3giygie1nujb,Miniature Shoes,Δωροκάρτα - Miniature Shoes,miniatureshoes.gr,fashion,90,,historical-query|data/discovery/review-universe-v1/second-pass-safe.csv:fashion | unambiguous-merchant-keyword:fashion
SAFE,cmtb6uxhg002w3giywpjav1ua,MissYandME,Δωροκάρτα MissYandME | Fashion gift card,missyandme.gr,fashion,90,,historical-query|data/discovery/review-universe-v1/second-pass-safe.csv:fashion | unambiguous-merchant-keyword:fashion
SAFE,cmtb6v46e003w3giyyuh44hqy,SOUL bags Gentle · Calm · Conscious,Δωροκάρτα - SOUL bags Gentle · Calm · Conscious,soulbags.gr,fashion,90,,historical-query|data/discovery/review-universe-v1/second-pass-safe.csv:fashion | unambiguous-merchant-keyword:fashion
SAFE,cmtb6v4wo00403giy1xrcqmye,Stem Toys,Stem Toys Gift Card,stem-toys.gr,kids-baby,84,,unambiguous-merchant-keyword:kids-baby
SAFE,cmtb6v6r8004a3giymncleyja,Tony Couper,Δωροκάρτες – Tony Couper | Style Clothing,tonycouper.com.gr,fashion,84,,unambiguous-merchant-keyword:fashion
SAFE,cmtb6v7un004g3giy4jgauceq,Wellbee Cosmetics,Wellbee Cosmetics Gift Card,wellbee.gr,beauty,90,,historical-query|data/discovery/review-universe-v1/second-pass-safe.csv:beauty | unambiguous-merchant-keyword:beauty
SAFE,cmtb76xs90003dkiyo4je1mwu,ANEMH clothing&fashion items,Δωροκάρτα – ANEMH clothing&fashion items,anemifashion.gr,fashion,90,,historical-query|data/discovery/mass-harvest-v5/clean-v5.1/high-safe.csv:fashion | unambiguous-merchant-keyword:fashion
SAFE,cmtb76yl60007dkiymvncu606,for Stay in Greece,Gift Card for Stay in Greece | Restay Resort and Suites L.P.,athens-stay.gr,hotels,90,,historical-query|data/discovery/mass-harvest-v5/clean-v5.1/high-safe.csv:hotels | unambiguous-merchant-keyword:hotels
SAFE,cmtb773a9000vdkiy4ycbnjw9,Dimidis Tours,Dimidis Tours Gift Card,dimidistours.gr,travel,90,,historical-query|data/discovery/mass-harvest-v5/clean-v5.1/high-safe.csv:travel | unambiguous-merchant-keyword:travel
SAFE,cmtb774ej0011dkiy2n93voje,Fagotto Books,Δωροκάρτα αξίας 40 ευρώ,fagottobooks.gr,books,90,,historical-query|data/discovery/review-universe-v4/auto-safe.csv:books | unambiguous-merchant-keyword:books
SAFE,cmtb7769p001bdkiyujfcxt1s,Gatos Shoes,Gatos Shoes Gift Card,gatos-shoes.gr,fashion,90,,historical-query|data/discovery/review-universe-v4/auto-safe.csv:fashion | unambiguous-merchant-keyword:fashion
SAFE,cmtb776qx001ddkiyf0qqkxjr,Archives,Gift Card Archives,gerochristojewelry.gr,jewelry-watches,84,,unambiguous-merchant-keyword:jewelry-watches
SAFE,cmtb777w1001jdkiypfzpmll5,Hando Massage & Spa,Hando Massage & Spa - Gift Card,handospa.gr,spa-wellness,84,,unambiguous-merchant-keyword:spa-wellness
SAFE,cmtb778ox001ndkiyym5fan4o,HOME MADE,Δωροκάρτα HOME MADE,homebynature.gr,home,90,,historical-query|data/discovery/review-universe-v4/auto-safe.csv:home | unambiguous-merchant-keyword:home
SAFE,cmtb779he001rdkiycol4bpk0,Ioannou Cosmetics,Δωροκάρτα 50,ioannou-cosmetics.gr,beauty,90,,historical-query|data/discovery/review-universe-v4/auto-safe.csv:beauty | unambiguous-merchant-keyword:beauty
SAFE,cmtb779w0001tdkiyd0raoh5k,Toys Center e,Toys Center e-Gift Card - Σύγκριση καρτών,kartoula.gr,kids-baby,84,,unambiguous-merchant-keyword:kids-baby
SAFE,cmtb77aa9001vdkiykzcb5zp5,Christmas Gift Cards,Christmas Gift Cards,kinesis-gym.gr,sports,90,,historical-query|data/discovery/mass-harvest-v5/clean-v5.1/high-safe.csv:sports | unambiguous-merchant-keyword:sports
SAFE,cmtb77anl001xdkiyfhh22j13,ΚΛΑΟΥΔΑΤΟΣ OUTDOOR,Δωροκάρτα - ΚΛΑΟΥΔΑΤΟΣ OUTDOOR,klaoudatos.gr,sports,90,,historical-query|data/discovery/mass-harvest-v5/clean-v5.1/high-safe.csv:sports | unambiguous-merchant-keyword:sports
SAFE,cmtb77b2g001zdkiygg6f6j59,LA Travel,LA Travel Gift Card,latravel.gr,travel,90,,historical-query|data/discovery/review-universe-v4/auto-safe.csv:travel | unambiguous-merchant-keyword:travel
SAFE,cmtb77dct002bdkiyz8wew669,Mr & Mrs Spa,Δωροκάρτα - Mr & Mrs Spa | Wellness Club,mrandmrsspa.gr,spa-wellness,84,,unambiguous-merchant-keyword:spa-wellness
SAFE,cmtb77e4k002fdkiygyq7c6md,Massage Gift Vouchers in Chania,Massage Gift Vouchers in Chania | The Perfect Wellness Gift,nirvana-massage.gr,spa-wellness,84,,unambiguous-merchant-keyword:spa-wellness
SAFE,cmtb77ei2002hdkiyto50x79b,North & South Jewelry,North & South Jewelry Gift Card,northandsouthjewelry.gr,jewelry-watches,84,,unambiguous-merchant-keyword:jewelry-watches
SAFE,cmtb77f8l002ldkiyow7n1nws,Omnia Welness,Gift Cards – Omnia Welness – Massage & SPA in Kefalonia,omniawellness.gr,spa-wellness,84,,unambiguous-merchant-keyword:spa-wellness
SAFE,cmtb77fl3002ndkiy7zthjbks,Ιδέες για Δώρο Σπα,Ιδέες για Δώρο Σπα - Δωροεπιταγή Σπα | Orloff Day Spa,orloffspa.gr,spa-wellness,84,,unambiguous-merchant-keyword:spa-wellness
SAFE,cmtb77fxv002pdkiyob6nfyir,Oxygen Plus,Oxygen Plus Luxurious Day Spa Gift Card,oxygenplus.gr,spa-wellness,84,,unambiguous-merchant-keyword:spa-wellness
SAFE,cmtb77gud002tdkiyoa7zz562,Pavone Shoes,Pavone Shoes Gift Card,pavoneshoes.gr,fashion,90,,historical-query|data/discovery/mass-harvest-v5/clean-v5.1/high-safe.csv:fashion | unambiguous-merchant-keyword:fashion
SAFE,cmtb77hlh002xdkiyk3j9xven,Physis Massage,Physis Massage Gift Card,physismassage.gr,spa-wellness,84,,unambiguous-merchant-keyword:spa-wellness
SAFE,cmtb77r83004bdkiycl9k0utt,Antithesis Clothing,Antithesis Clothing Gift Card,antithesisclothing.gr,fashion,90,,historical-query|data/discovery/review-universe-v4/auto-safe.csv:fashion | unambiguous-merchant-keyword:fashion
SAFE,cmtb77sjh004hdkiy2ojn38hf,“Beauty Hall”,GIFT CARD “Beauty Hall”,beautyhallrhodes.gr,beauty,90,,historical-query|data/discovery/review-universe-v4/auto-safe.csv:beauty | unambiguous-merchant-keyword:beauty
SAFE,cmtb77vwl004zdkiysuz7on48,Dimitriou Fashion,Αγοράστε μία Δωροεπιταγή,dimitriou-fashion.gr,fashion,90,,historical-query|data/discovery/review-universe-v4/auto-safe.csv:fashion | unambiguous-merchant-keyword:fashion
SAFE,cmtb77xdt0057dkiytvuvecym,Kosmimamakarezos,Αγοράστε μία Δωροεπιταγή,kosmimamakarezos.gr,jewelry-watches,84,,unambiguous-merchant-keyword:jewelry-watches
SAFE,cmtb77z8g005hdkiybcw8e79m,Angels Boutique,Angels Boutique Gift Card,angels-boutique.gr,fashion,90,,historical-query|data/discovery/review-universe-v4/auto-safe.csv:fashion | unambiguous-merchant-keyword:fashion
SAFE,cmtb784rw0067dkiy87ryq6qs,Isola Boutique,Isola Boutique Gift Card,isolaboutique.gr,fashion,90,,historical-query|data/discovery/review-universe-v4/auto-safe.csv:fashion | unambiguous-merchant-keyword:fashion
SAFE,cmtb785to006cdkiy9ubl9s4x,Kotsovolos,Kotsovolos Gift Card,kotsovolos.gr,technology,106,,merchant-discovery-scan:technology | historical-category|data/discovery/mass/merchant-universe.csv:technology
SAFE,cmtb787e8006kdkiy96ibaqvy,Lucky Boutique,Lucky Boutique Gift Card,luckyboutique.gr,fashion,90,,historical-query|data/discovery/review-universe-v4/auto-safe.csv:fashion | unambiguous-merchant-keyword:fashion
SAFE,cmtb78c4x0076dkiyi0rou2i6,Stretch & Relax,Stretch & Relax Massage & Pilates Gift Card,stretchandrelax.gr,spa-wellness,84,,unambiguous-merchant-keyword:spa-wellness
SAFE,cmtb7hwow000704iyt99hm2lp,Bioaroma Crete,Bioaroma Crete Spa Gift Card,bioaromacrete.com,spa-wellness,84,,unambiguous-merchant-keyword:spa-wellness
SAFE,cmtb7hx2h000904iykt7d99h5,Calisti Oia,Calisti Oia Honeymoon Spa Gift Card,callistioia.com,spa-wellness,84,,unambiguous-merchant-keyword:spa-wellness
SAFE,cmtb7hylq000h04iyusxw48a6,The Ultimate Travel Gift,The Ultimate Travel Gift | Divani Palace Acropolis Gift Card,divaniacropolishotel.com,travel,84,,unambiguous-merchant-keyword:travel
SAFE,cmtb7hyz3000j04iykde85fi0,& Spa Voucherss,Gift Card & Spa Vouchers | Divani Athens Spa & Thalasso,divaniapollonhotel.com,spa-wellness,84,,unambiguous-merchant-keyword:spa-wellness
SAFE,cmtb7hzca000l04iybffdjgu7,Unforgettable Experience Gift Cards in Greece,Unforgettable Experience Gift Cards in Greece,exploremessinia.com,experiences,90,,historical-query|data/discovery/mass-harvest-v5/clean-v5.2/greece-high-safe.csv:experiences | unambiguous-merchant-keyword:experiences
SAFE,cmtb7i1na000x04iyenncco9w,Santorini Zen Spa,Santorini Zen Spa Gift Card,santorinizenspa.com,spa-wellness,84,,unambiguous-merchant-keyword:spa-wellness
SAFE,cmtb7i1yu000y04iy1ud2iyk4,Starlight Cinema Crete,Starlight Cinema Crete Gift Card,starlightcinemacrete.com,experiences,90,,historical-query|data/discovery/mass-harvest-v5/clean-v5.1/high-safe.csv:experiences | unambiguous-merchant-keyword:experiences
SAFE,cmtb7i2ay001004iy2mok8p6r,Mindful Touch,Mindful Touch Massage Gift Card,massage-crete.com,spa-wellness,84,,unambiguous-merchant-keyword:spa-wellness
SAFE,cmtb7i3f1001604iyarnf8jny,Massage Gift Cards Kefalonia,Massage Gift Cards Kefalonia,massage4kefalonia.com,spa-wellness,84,,unambiguous-merchant-keyword:spa-wellness
SAFE,cmtb7i4z6001d04iynhzy9379,Premium Greek Natural Skincare,Gift Card - Premium Greek Natural Skincare,oriadathens.com,beauty,84,,unambiguous-merchant-keyword:beauty
SAFE,cmtb7r1s30003u8iyqwx9ie8b,Business Travel,Business Travel Gift Card,business-travel.gr,travel,90,,historical-query|data/discovery/review-universe-v1/second-pass-safe.csv:travel | unambiguous-merchant-keyword:travel
SAFE,cmtb7r40m000du8iyupsublbp,LVK Premium Fitness,LVK Premium Fitness Gift Card,ufr.gr,sports,90,,historical-query|data/discovery/mass-harvest-v5/clean-v5.1/high-safe.csv:sports | unambiguous-merchant-keyword:sports
SAFE,cmtb7r4ej000fu8iy8bqfjf4m,MAC Cosmetics Greece,MAC Cosmetics Greece Gift Card,maccosmetics.gr,beauty,118,,merchant-discovery-scan:beauty | historical-category|data/discovery/mass/merchant-universe.csv:beauty | historical-query|data/discovery/mass-harvest-v5/clean-v5.1/high-safe.csv:beauty | unambiguous-merchant-keyword:beauty
SAFE,cmtb7r4sk000hu8iyp7wvodly,Royal Grand Hotel,Royal Grand Hotel Gift Card,royalgrandhotel.gr,hotels,90,,historical-query|data/discovery/mass-harvest-v5/clean-v5.1/high-safe.csv:hotels | unambiguous-merchant-keyword:hotels
SAFE,cmtb7r55q000ju8iyqpd5hbns,Santo Wines,Santo Wines Gift Card,santowines.gr,food-delivery,84,,unambiguous-merchant-keyword:food-delivery
SAFE,cmtb7r5ii000lu8iy66q25yej,Sports Direct Greece,Sports Direct Greece Gift Card,sportsdirect.gr,sports,84,,unambiguous-merchant-keyword:sports
SAFE,cmtb7r657000nu8iy3ciwxqo0,Summit Gym,Summit Gym Gift Card,ufr.gr,sports,90,,historical-query|data/discovery/mass-harvest-v5/clean-v5.1/high-safe.csv:sports | unambiguous-merchant-keyword:sports
REVIEW,cmt79iczq000184iyn0v8cypj,AEGEAN,AEGEAN Gift Card,aegeanair.com,travel:78,,AMBIGUOUS_CATEGORY_EVIDENCE,historical-category|data/discovery/mass/merchant-universe.csv:travel
REVIEW,cmt79idil000684iyx2gzjknp,attica,attica Gift Card,atticadps.gr,marketplaces:78,,AMBIGUOUS_CATEGORY_EVIDENCE,historical-category|data/discovery/mass/merchant-universe.csv:marketplaces_services
REVIEW,cmt79if7j000o84iymh0hdqkh,IKEA,IKEA Gift Card,ikea.gr,home:78,,AMBIGUOUS_CATEGORY_EVIDENCE,historical-category|data/discovery/mass/merchant-universe.csv:home
REVIEW,cmt79ifs3000u84iyqg85vql2,Kulina,Kulina Gift Card,kulina.gr,home:78,,AMBIGUOUS_CATEGORY_EVIDENCE,historical-category|data/discovery/mass/merchant-universe.csv:home
REVIEW,cmt79igbu001084iy7fkqj7p6,Lentiamo,Lentiamo Gift Card,lentiamo.gr,,,NO_CATEGORY_EVIDENCE,
REVIEW,cmt79ihfq001c84iymmqcvnee,Plaisio,Plaisio Gift Card,plaisio.gr,technology:78,,AMBIGUOUS_CATEGORY_EVIDENCE,historical-category|data/discovery/mass/merchant-universe.csv:technology
REVIEW,cmt79ii0a001i84iy9nr3cfur,Prenatal,Prenatal Gift Card,prenatal.gr,kids-baby:78,,AMBIGUOUS_CATEGORY_EVIDENCE,historical-category|data/discovery/mass/merchant-universe.csv:kids
REVIEW,cmt79iijr001o84iy0hpx0a15,Rundome,Rundome Gift Card,rundome.gr,sports:78,,AMBIGUOUS_CATEGORY_EVIDENCE,historical-category|data/discovery/mass/merchant-universe.csv:sports_footwear
REVIEW,cmt79ij3n001u84iydsqgy4zg,SKY express,SKY express Gift Card,skyexpress.gr,travel:78,,AMBIGUOUS_CATEGORY_EVIDENCE,historical-category|data/discovery/mass/merchant-universe.csv:travel
REVIEW,cmt79ijk9001z84iy6v65mv8a,Sneaker10,Sneaker10 Gift Card,sneaker10.gr,fashion:78,,AMBIGUOUS_CATEGORY_EVIDENCE,historical-category|data/discovery/mass/merchant-universe.csv:fashion
REVIEW,cmt79ik4f002584iy9hrxrei5,The Body Shop,The Body Shop Gift Card,thebodyshop.gr,beauty:78,,AMBIGUOUS_CATEGORY_EVIDENCE,historical-category|data/discovery/mass/merchant-universe.csv:beauty
REVIEW,cmt79ikn9002b84iyczxru5q9,Wolt,Wolt Gift Card,wolt.com,fashion:72,,AMBIGUOUS_CATEGORY_EVIDENCE,historical-query|data/discovery/mass-harvest-v5/clean-v5.1/high-safe.csv:fashion
REVIEW,cmt8faymv00016kiy6rdzpw06,Germanos,Germanos Gift Card,germanos.gr,technology:78,,AMBIGUOUS_CATEGORY_EVIDENCE,historical-category|data/discovery/mass/merchant-universe.csv:technology
REVIEW,cmt8fazf100066kiy672xmmic,HomeMarkt,HomeMarkt Gift Card,homemarkt.gr,home:78,,AMBIGUOUS_CATEGORY_EVIDENCE,historical-category|data/discovery/mass/merchant-universe.csv:home
REVIEW,cmt8fb02t000b6kiy7s4kft0t,Hondos Center,Hondos Center Gift Card,hondoscenter.com,beauty:78,,AMBIGUOUS_CATEGORY_EVIDENCE,historical-category|data/discovery/mass/merchant-universe.csv:beauty
REVIEW,cmt8fb1x1000f6kiy1hr4woch,Notino,Notino Gift Card,notino.gr,beauty:78,,AMBIGUOUS_CATEGORY_EVIDENCE,historical-category|data/discovery/mass/merchant-universe.csv:beauty
REVIEW,cmt8fb3si000k6kiyq13oidum,Public,Public Gift Card,public.gr,books:78,,AMBIGUOUS_CATEGORY_EVIDENCE,historical-category|data/discovery/mass/merchant-universe.csv:books
REVIEW,cmt8fb4wa000p6kiyo7ctc0p1,Sephora,Sephora Gift Card,sephora.gr,beauty:78,,AMBIGUOUS_CATEGORY_EVIDENCE,historical-category|data/discovery/mass/merchant-universe.csv:beauty
REVIEW,cmt8gzro7000114iywjzh5sfg,JD Sports Greece,JD Sports Greece Gift Card,jdsports.gr,fashion:106 | sports:84,,AMBIGUOUS_CATEGORY_EVIDENCE,merchant-discovery-scan:fashion | historical-category|data/discovery/mass/merchant-universe.csv:fashion | unambiguous-merchant-keyword:sports
REVIEW,cmta1ev910005q8iyv5m8ybru,Lidl Greece,Δωροκάρτα Lidl,lidl-hellas.gr,restaurants:78,,AMBIGUOUS_CATEGORY_EVIDENCE,historical-category|data/discovery/mass/merchant-universe.csv:food_restaurants
REVIEW,cmta1eztn000lq8iyz17iv7nt,Sportys,ΔΩΡΟΕΠΙΤΑΓΗ 90 ΕΥΡΩ,sportys.gr,,,NO_CATEGORY_EVIDENCE,
REVIEW,cmta1f09t000nq8iyx3uehika,Adagio,Adagio Gift Voucher 200 euro,adagio.gr,,,NO_CATEGORY_EVIDENCE,
REVIEW,cmta1f16s000rq8iy7vke82nt,John-Andy,JOHN-ANDY Δωροεπιταγή 20 Ευρώ,john-andy.com,,,NO_CATEGORY_EVIDENCE,
REVIEW,cmta1f1n7000tq8iylhz55ztt,Msba Events,Msba Events Gift Card,msba-events.gr,,,NO_CATEGORY_EVIDENCE,
REVIEW,cmta1f235000vq8iyuf6yeye1,Hintsdeco,Δωροκάρτα HINTSDECO,hintsdeco.com,,,NO_CATEGORY_EVIDENCE,
REVIEW,cmta1f2ys000zq8iy7gecoj9o,Papachatzis,Papachatzis Gift Card,papachatzis.com,,,NO_CATEGORY_EVIDENCE,
REVIEW,cmta1f3cy0011q8iy2c3kuujw,Perdikis,ΕΥΧΕΤΗΡΙΑ ΚΑΡΤΑ ΓΙΑ ΧΡΗΜΑΤΑ (ΜΠΙΛΙΕΤΑΚΙ) PICTURA ΟΥΡΑΝΙΟ ΤΟΞΟ 19926,perdikis.gr,,,NO_CATEGORY_EVIDENCE,
REVIEW,cmta1f4810013q8iymlrt4857,P Kontopoulos,Δωροκάρτα P Kontopoulos,pkontopoulos.com,,,NO_CATEGORY_EVIDENCE,
REVIEW,cmta1f52d0015q8iyugckloir,Mar & Mar,Mar & Mar Gift Card,marandmar.gr,,,NO_CATEGORY_EVIDENCE,
REVIEW,cmta1f5j70017q8iy3ul3t87x,arfie.gr,Arfie Gift Card,arfie.gr,,,NO_CATEGORY_EVIDENCE,
REVIEW,cmta1f6090019q8iygnn0tj4u,EpiploSet,Δωροκάρτα Ποσό Δωροκάρτας: 50,epiploset.gr,,,NO_CATEGORY_EVIDENCE,
REVIEW,cmta1f6hg001bq8iycdt6d9uu,Hoper,Δωροκάρτα HOPER,hoper.gr,,,NO_CATEGORY_EVIDENCE,
REVIEW,cmta1f6xk001dq8iy0rtydwan,Top-Style,Δωροκάρτα,top-style.gr,,,NO_CATEGORY_EVIDENCE,
REVIEW,cmta1f7sv001hq8iy1icrtpiv,Tziouti-alexandra,Δώρο Επιταγή,tziouti-alexandra.gr,,,NO_CATEGORY_EVIDENCE,
REVIEW,cmta1f888001jq8iyip6oud9c,Theodorou.Shop,e-Δωροκάρτα | 300,theodorou.shop,,,NO_CATEGORY_EVIDENCE,
REVIEW,cmta1f8o2001lq8iy7sedywm0,Greenpeace,Δωροκάρτα,greenpeacegreece.org,,,NO_CATEGORY_EVIDENCE,
REVIEW,cmta1f957001nq8iyxp1qe8ac,Ehunter,Δωροκάρτα Ehunter,ehunter.gr,,,NO_CATEGORY_EVIDENCE,
REVIEW,cmta1f9l4001pq8iyfg0m4wfa,ThinkFit.gr,Δωροκάρτα Think Gift,thinkfit.gr,,,NO_CATEGORY_EVIDENCE,
REVIEW,cmta1fa1z001rq8iyz9bikmb5,DigiShark,Δωροκάρτα 25,digishark.gr,,,NO_CATEGORY_EVIDENCE,
REVIEW,cmta1faxg001vq8iy39nw940w,Mentzos,Mentzos Gift Card,mentzos.gr,,,NO_CATEGORY_EVIDENCE,
REVIEW,cmta1fbd9001xq8iy16jadarj,Babydream,BABYDREAM ΔΩΡΟΕΠΙΤΑΓΗ 300,babydream.gr,,,NO_CATEGORY_EVIDENCE,
REVIEW,cmta1fc87001zq8iyhzmjutaj,Mastorino,Δωροκάρτα Next Systems,mastorino.gr,,,NO_CATEGORY_EVIDENCE,
REVIEW,cmta1fcvq0021q8iyp94dnc3i,Kiddo World,Kiddo World Gift Card,kiddoworld.gr,,,NO_CATEGORY_EVIDENCE,
REVIEW,cmta1fdif0023q8iyiy7dqia1,StefanouMarine,ΔΩΡΟΚΑΡΤΑ STEFANOU MARINE,stefanoumarine.net,,,NO_CATEGORY_EVIDENCE,
REVIEW,cmta1fdz30025q8iyjgn4n03r,O-Biotique,"Ελεκτρονική Δωροκάρτα O-Biotique 50,00",obiotique.com,,,NO_CATEGORY_EVIDENCE,
REVIEW,cmta1feem0027q8iy70t8vano,AngryNerd,Δωροκάρτα,angrynerd.gr,,,NO_CATEGORY_EVIDENCE,
REVIEW,cmta1feu80029q8iy3p7bdse4,skakistikokentro.com,Δωροεπιταγή αξίας 50 ευρώ,skakistikokentro.com,,,NO_CATEGORY_EVIDENCE,
REVIEW,cmta1ffa4002bq8iy5k6w34t1,Shopdali,DA|LI Gift Card 50,shopdali.gr,,,NO_CATEGORY_EVIDENCE,
REVIEW,cmta1fgap002dq8iyswsnc8wa,Niceyou,Gift Card 100,niceyou.gr,,,NO_CATEGORY_EVIDENCE,
REVIEW,cmta1fhpc002fq8iydkzv0m1y,e-Mamouth,ΔΩΡΟΕΠΙΤΑΓΗ,e-mamouth.gr,,,NO_CATEGORY_EVIDENCE,
REVIEW,cmta1fi60002hq8iyf9s9le0u,AstronGameClub,AstronGameClub Gift Card,astrongameclub.gr,,,NO_CATEGORY_EVIDENCE,
REVIEW,cmta1fj1o002lq8iyo5np81fy,Ipatios,Δωροκάρτα 100,ipatios.gr,,,NO_CATEGORY_EVIDENCE,
REVIEW,cmta1flev002rq8iyn4j6f4f1,Kounio,Δωροκάρτα - Gift Card - 25,kounio.gr,,,NO_CATEGORY_EVIDENCE,
REVIEW,cmta1fmdg002vq8iye5rslu43,Paidika Symeon,Δωροκάρτα,paidikasymeon.gr,,,NO_CATEGORY_EVIDENCE,
REVIEW,cmta1fmuj002xq8iywjvgu2jh,e-Stathatos,e-Stathatos Gift Card,e-stathatos.gr,,,NO_CATEGORY_EVIDENCE,
REVIEW,cmta1fnc4002zq8iy3yrpxjfz,Ekklisiastika Karditsa,Κολώνας Δωροκάρτα 50,ekklisiastikakarditsa.gr,,,NO_CATEGORY_EVIDENCE,
REVIEW,cmta1fnrb0031q8iyg9sqt1g1,Niyamas-Yoga,Gift Card Niyamas - Ηλεκτρονική Δωροκάρτα 20,niyamas-yoga.com,,,NO_CATEGORY_EVIDENCE,
REVIEW,cmta1fo7g0033q8iyt2jzcpym,Newmom,Δωροκάρτα,newmom.gr,,,NO_CATEGORY_EVIDENCE,
REVIEW,cmta1foot0035q8iyj3zj3bf1,Chicbee,Δωροκάρτα 20,chicbee.gr,,,NO_CATEGORY_EVIDENCE,
REVIEW,cmta1fpyi0039q8iyyzfu0kma,Pragmatic,Pragmatic Gift Voucher 100,pragmatic.gr,,,NO_CATEGORY_EVIDENCE,
REVIEW,cmta1fqnv003bq8iy3xbbgzju,PNN Nightwear,Δωροκάρτα 15,pnn-nightwear.gr,,,NO_CATEGORY_EVIDENCE,
REVIEW,cmta1frh2003dq8iyqvrgxoji,Tinycocoon,Δωροκάρτα,tinycocoon.gr,,,NO_CATEGORY_EVIDENCE,
REVIEW,cmta1fsds003hq8iywvbrxbq7,LIAKOPOULOS Brands Store,GIFTCARD 100 (Δωροκάρτα),liakopoulos-store.gr,,,NO_CATEGORY_EVIDENCE,
REVIEW,cmta1fsu3003jq8iy5qqq6jin,Ergaleiogatos,30 EUR,ergaleiogatos.gr,,,NO_CATEGORY_EVIDENCE,
REVIEW,cmta1ftak003lq8iyqic1n4x7,Barequip.gr,"Δωροκάρτες 100,00",barequip.gr,,,NO_CATEGORY_EVIDENCE,
REVIEW,cmta1ftsh003nq8iyxswky70y,ApparelStores,e-Gift Card - 30.00,apparelstores.gr,,,NO_CATEGORY_EVIDENCE,
REVIEW,cmta1fu97003pq8iyip5e1paw,Z-Ergaleia,Δωροκάρτα 300,z-ergaleia.gr,,,NO_CATEGORY_EVIDENCE,
REVIEW,cmta1fuql003rq8iykfccc6hy,iloveprints,For Your Buddle of Joy - Card,iloveprints.gr,,,NO_CATEGORY_EVIDENCE,
REVIEW,cmta1fw7z003vq8iyw5wvrli7,Camper,Δωροκάρτα Camper,camper.com,,,NO_CATEGORY_EVIDENCE,
REVIEW,cmta1fwrr003xq8iyg4p0qnf7,Εκδόσεις Ψυχογιός,Εκδόσεις Ψυχογιός δωροκάρτα,psichogios.gr,,,NO_CATEGORY_EVIDENCE,
REVIEW,cmta1fx6k003zq8iyp4u2p94m,Central,Central Δωροκάρτα,centraleshop.gr,,,NO_CATEGORY_EVIDENCE,
REVIEW,cmta1fxm40041q8iyf19nk7km,iQueens,iQueens: Το Ιδανικό Δώρο! Δωροκάρτες από 20€ έως 400€,iqueens.gr,,,NO_CATEGORY_EVIDENCE,
REVIEW,cmta1fy150043q8iy1gell6w5,XXXL Leo,XXXL Leo Δωροεπιταγή – Το ιδανικό δώρο για κάθε περίσταση,xxxl.gr,,,NO_CATEGORY_EVIDENCE,
REVIEW,cmta1fygo0045q8iypmd5evvg,HerbStore,HerbStore Δωροκάρτα,herbstore.gr,,,NO_CATEGORY_EVIDENCE,
REVIEW,cmta1fza40049q8iyylawabqi,Stan & Stefan,Stan & Stefan δωροκάρτα,stan-stefan.gr,,,NO_CATEGORY_EVIDENCE,
REVIEW,cmta1g1hr004dq8iyf2v0rt9r,Me and Joe,Me and Joe Δωροκάρτα Gift Card,meandjoe.com,,,NO_CATEGORY_EVIDENCE,
REVIEW,cmta1g1xp004fq8iycs60b0nu,Red Raven Eyewear,Red Raven Eyewear Δωροκάρτα Gift Card,myredraven.com,,,NO_CATEGORY_EVIDENCE,
REVIEW,cmta1g2c7004hq8iy19fix1qe,Slamdunk,Slamdunk Δωροκάρτα,slamdunk.gr,,,NO_CATEGORY_EVIDENCE,
REVIEW,cmta1g2s8004jq8iyfscrgkeo,Anthemion Flowers,Anthemion Flowers Δωροκάρτα,anthemionflowers.com,,,NO_CATEGORY_EVIDENCE,
REVIEW,cmta1g37z004lq8iyo6oc9hzr,eshop.gr,eshop.gr Δωροκάρτα δωροεπιταγή Gift Card,eshop.gr,,,NO_CATEGORY_EVIDENCE,
REVIEW,cmta1g45r004nq8iytbhvk05w,Projectshops,Projectshops Δωροκάρτα Gift Card,projectshops.gr,,,NO_CATEGORY_EVIDENCE,
REVIEW,cmta1g537004rq8iytxjpvtx8,Notos,Notos Δωροκάρτα – Δωροεπιταγή – eGift Card,notos.gr,,,NO_CATEGORY_EVIDENCE,
REVIEW,cmta1gaap0050q8iy7unbnpt4,Dwrokartes,Public Δωροκάρτα Δωροεπιταγή eGift Card ~ Dwrokartes.gr,dwrokartes.gr,,,NO_CATEGORY_EVIDENCE,
REVIEW,cmta1garh0052q8iytx24khbj,Kikocosmetics,ΔΩΡΟΚΑΡΤΑ KIKO,kikocosmetics.gr,,,NO_CATEGORY_EVIDENCE,
REVIEW,cmta1gb8s0054q8iyvvktnacz,Efantasy,eFantasy e-Gift Card,efantasy.gr,,,NO_CATEGORY_EVIDENCE,
REVIEW,cmta1gc2m0058q8iy9d125vrk,Beautycityspa,e-GIFT CARD beauty city spa,beautycityspa.gr,,,NO_CATEGORY_EVIDENCE,
REVIEW,cmta1gcgz005aq8iybkijogn9,Cardlink,Υπηρεσία Διαχείρισης Δωροκάρτας | Cardlink giftcard,cardlink.gr,,,NO_CATEGORY_EVIDENCE,
REVIEW,cmta1gcvt005cq8iymlkozc4h,Feelmadness,"Gift Card | Αθλητικά Ρούχα, Παπούτσια & Αξεσουάρ",feelmadness.gr,,,NO_CATEGORY_EVIDENCE,
REVIEW,cmta1gdar005eq8iym6dznhq7,Haritidis,Haritidis Gift Card,haritidis.gr,,,NO_CATEGORY_EVIDENCE,
REVIEW,cmta1gdq0005gq8iy5lwv997i,Kanellopoulos,E-Gift Card - ΚΑΝΕΛΛΟΠΟΥΛΟΣ DEPARTMENT STORES,kanellopoulos.gr,,,NO_CATEGORY_EVIDENCE,
REVIEW,cmta1ge4e005iq8iyf5nfwirz,Metaixmio,Αγορά Δωροκάρτας,metaixmio.gr,,,NO_CATEGORY_EVIDENCE,
REVIEW,cmta1gehv005kq8iy5t425hrk,Politikos Shop,Δωροκαρτα - Politikos,politikos-shop.gr,,,NO_CATEGORY_EVIDENCE,
REVIEW,cmta1gevc005mq8iyxrwj93a7,Regalinas,Ηλεκτρονική Δωροκάρτα,regalinas.gr,,,NO_CATEGORY_EVIDENCE,
REVIEW,cmta1gf8z005oq8iyou6f59fe,Thescentlab,E-Gift Card,thescentlab.gr,,,NO_CATEGORY_EVIDENCE,
REVIEW,cmta1gfp7005qq8iy4ubn73rd,Zumbashop,Gift Card - Δωροκάρτα,zumbashop.gr,,,NO_CATEGORY_EVIDENCE,
REVIEW,cmta1gg4h005sq8iyehntb76m,Agathou,Δωροεπιταγη 70€ - Agathou Beauty & Spa,agathou.gr,,,NO_CATEGORY_EVIDENCE,
REVIEW,cmta1ggkw005uq8iy28do8tfm,Alova,MISS KAY E-GIFT CARD,alova.gr,,,NO_CATEGORY_EVIDENCE,
REVIEW,cmta1ggzv005wq8iycyfz8c2j,Antonella,Antonella Gift Card,antonella.gr,,,NO_CATEGORY_EVIDENCE,
REVIEW,cmta1ghdm005yq8iy044r8ucx,Artmie,Δωροεπιταγή ARTMiE - Το ιδανικό δώρο για κάθε καλλιτέχνη,artmie.gr,,,NO_CATEGORY_EVIDENCE,
REVIEW,cmta1gi8v0060q8iyfp9c7xcp,Atenea,eGift Card - Atenea,atenea.gr,,,NO_CATEGORY_EVIDENCE,
REVIEW,cmta1gio30062q8iyus08qyu9,Beautyandnails,Δωροκάρτα | E-Gift Card,beautyandnails.gr,,,NO_CATEGORY_EVIDENCE,
REVIEW,cmta1gjmw0064q8iyp4k4wngo,Coronadifiori,Gift Card white,coronadifiori.gr,,,NO_CATEGORY_EVIDENCE,
REVIEW,cmta1gkq30066q8iy4xwfkmos,Dimasis,Gift Card - Δωροκάρτα,dimasis.gr,,,NO_CATEGORY_EVIDENCE,
REVIEW,cmta1glhk0068q8iybstkemvl,Drumstore,Αγοράστε μία Δωροεπιταγή,drumstore.gr,,,NO_CATEGORY_EVIDENCE,
REVIEW,cmta1glxb006aq8iyq6z8shi9,Efarmakeio,"Δωροκάρτα Αξίας 25,00",efarmakeio.gr,,,NO_CATEGORY_EVIDENCE,
REVIEW,cmta1gmek006cq8iydgmxqz91,Fotiadou Shop,Προσφορές: Δωροκάρτα,fotiadou-shop.gr,,,NO_CATEGORY_EVIDENCE,
REVIEW,cmta1gmvk006eq8iyr5aywy4s,Goldmall,ΔΩΡΟΕΠΙΤΑΓΗ για ​Γεύμα ή Δείπνο 2 Ατόμων μόλις με 10 ...,goldmall.gr,,,NO_CATEGORY_EVIDENCE,
REVIEW,cmta1gnu5006gq8iyfuwqha8l,Hammam,Giftcard - hammam,hammam.gr,,,NO_CATEGORY_EVIDENCE,
REVIEW,cmta1gpbv006mq8iyibjbd4ff,Kaktos,ΔΩΡΟΚΑΡΤΑ,kaktos.gr,,,NO_CATEGORY_EVIDENCE,
REVIEW,cmta1gqc2006qq8iyv2lcifad,Keriland,Δωροκάρτα,keriland.gr,,,NO_CATEGORY_EVIDENCE,
REVIEW,cmta1grv5006uq8iye4j038gk,Laloo,Laloo Gift Card 30€,laloo.gr,,,NO_CATEGORY_EVIDENCE,
REVIEW,cmta1gsbd006wq8iy8x59y1jr,Maniashome,ΔΩΡΟΕΠΙΤΑΓΗ €20,maniashome.gr,,,NO_CATEGORY_EVIDENCE,
REVIEW,cmta1gtah0070q8iyt4xx9ou3,Marilynboutique,Δωροκάρτα,marilynboutique.gr,,,NO_CATEGORY_EVIDENCE,
REVIEW,cmta1gu640074q8iyaanq8e4u,Paokfc,Gift Card 100 - PAOK Store,paokfc.gr,,,NO_CATEGORY_EVIDENCE,
REVIEW,cmta1guky0076q8iyyrgj7o17,Petradi,Όροι χρήσης δωροκάρτας,petradi.com.gr,,,NO_CATEGORY_EVIDENCE,
REVIEW,cmta1gvbd0078q8iyfrpuq3og,Phoskitchenware,GiftCard 100€,phoskitchenware.gr,,,NO_CATEGORY_EVIDENCE,
REVIEW,cmta1gw6k007aq8iyem3o50mp,Piedini,Gift Card Γυναικεία & Ανδρικά Παπούτσια,piedini.gr,,,NO_CATEGORY_EVIDENCE,
REVIEW,cmta1gwny007cq8iygaqc9ecz,Polis Hammam,Δωροκάρτες – Polis Hammam,polis-hammam.gr,,,NO_CATEGORY_EVIDENCE,
REVIEW,cmta1gx4n007eq8iyvpk85t6j,Sfsonline,Ηλεκτρονική Δωροκάρτα SFS Online,sfsonline.gr,,,NO_CATEGORY_EVIDENCE,
REVIEW,cmta1gxm7007gq8iycl9elv83,Sportcafe,eGift Card - SportCafe,sportcafe.gr,,,NO_CATEGORY_EVIDENCE,
REVIEW,cmta1gyhu007kq8iyogz7y232,Trouvaille,Ψηφιακή Δωροκάρτα - Gift Card,trouvaille.gr,,,NO_CATEGORY_EVIDENCE,
REVIEW,cmta1gyxm007mq8iyl6nv8nzg,Tsakirismallas,Gift card - Δωροκαρτα,tsakirismallas.gr,,,NO_CATEGORY_EVIDENCE,
REVIEW,cmta1gzev007oq8iyr3kfe0e4,Tsinekidis,Δωροκάρτα,tsinekidis.gr,,,NO_CATEGORY_EVIDENCE,
REVIEW,cmta1gzur007qq8iy50tthpsi,Tuasolea,Δωροκάρτα με αξία της επιλογής σας,tuasolea.gr,,,NO_CATEGORY_EVIDENCE,
REVIEW,cmta1h0ab007sq8iyxev6cx5s,Undergroundshop,GIFTCARD 10 EURO GIFTCARD_1,undergroundshop.gr,,,NO_CATEGORY_EVIDENCE,
REVIEW,cmta1h0r0007uq8iy8t2mh0jo,Vivliopoleiopataki,Vivliopoleiopataki Gift Card,vivliopoleiopataki.gr,,,NO_CATEGORY_EVIDENCE,
REVIEW,cmta1h15e007wq8iyfu0wll7s,Websupplies,GIFTCARD | Websupplies.gr,websupplies.gr,,,NO_CATEGORY_EVIDENCE,
REVIEW,cmta1h1jb007yq8iyaodysa7z,Xryseio,Gift Card - Δωροκάρτα,xryseio.gr,,,NO_CATEGORY_EVIDENCE,
REVIEW,cmta1h21j0080q8iy2mxlo3y6,Xxlove,GIFTCARD - XXLove,xxlove.gr,,,NO_CATEGORY_EVIDENCE,
REVIEW,cmta1h8iz008aq8iyiv9p9gbg,Aggouris,Giftcard - Ιεροραφείο Αγγούρη,aggouris.gr,,,NO_CATEGORY_EVIDENCE,
REVIEW,cmta1h9hs008cq8iygekf2u6w,Alhammam,Δωροκάρτα,alhammam.gr,,,NO_CATEGORY_EVIDENCE,
REVIEW,cmta1han9008gq8iyr14rrfwb,Ame30,"Gift Card - ame30 - Ανδρικά ρούχα, παπούτσια και αξεσουάρ",ame30.gr,,,NO_CATEGORY_EVIDENCE,
REVIEW,cmta1hb5r008iq8iyqvjs32oy,Ammashop,GIFT CARD 100€ - ammashop,ammashop.gr,,,NO_CATEGORY_EVIDENCE,
REVIEW,cmta1hcfs008kq8iy3f4fpqut,Anastasiasstore,Gift Card | Δωροκάρτα για Γυναικεία Ρούχα & Παπούτσια,anastasiasstore.gr,,,NO_CATEGORY_EVIDENCE,
REVIEW,cmta1hdl9008mq8iy0bgrltgd,Anemos,Anemos Gift Card,anemos.gr,,,NO_CATEGORY_EVIDENCE,
REVIEW,cmta1he73008oq8iy2gnxwy4p,Antonellakids,Δωροκάρτα με τις δικές σας ευχές,antonellakids.gr,,,NO_CATEGORY_EVIDENCE,
REVIEW,cmta1her3008qq8iyu3imsqb5,Anviacandles,ΔΩΡΟΚΑΡΤΑ,anviacandles.gr,,,NO_CATEGORY_EVIDENCE,
REVIEW,cmta1hfcn008sq8iy6i2fe0bp,Artcolour,Art & Colour Gift Card - €200,artcolour.gr,,,NO_CATEGORY_EVIDENCE,
REVIEW,cmta1hfz2008uq8iykkf41lee,Athensmassagecenter,Δώρο Μασάζ - Δωροκάρτες,athensmassagecenter.gr,,,NO_CATEGORY_EVIDENCE,
REVIEW,cmta1hh4n008yq8iyv5xr0tfi,Babybean,Δωροκάρτα - Babybean - BabyBean.gr by Ammos & Gyali,babybean.gr,,,NO_CATEGORY_EVIDENCE,
REVIEW,cmta1hhpi0090q8iyoykewtm8,Batterypark,ΔΩΡΟΕΠΙΤΑΓΗ - batterypark.gr,batterypark.gr,,,NO_CATEGORY_EVIDENCE,
REVIEW,cmta1hiz30092q8iyqu6sq314,Bbq,Δωροκάρτα αξίας 1.000€,bbq.gr,,,NO_CATEGORY_EVIDENCE,
REVIEW,cmta1hk2v0096q8iyp1g0rj8w,Beautybliss,GIFT CARD | BeautyBliss,beautybliss.gr,,,NO_CATEGORY_EVIDENCE,
REVIEW,cmta1hkhz0098q8iyjadmmr3n,Beautylink,Gift Card Αξίας 50 Ευρώ,beautylink.gr,,,NO_CATEGORY_EVIDENCE,
REVIEW,cmta1hkw1009aq8iy1ebujztj,Beautypeak,Gift Card - Δωροκάρτα,beautypeak.gr,,,NO_CATEGORY_EVIDENCE,
REVIEW,cmta1hlab009cq8iyuzff3nxc,Beautyprincess,Gift Card 50€ | BeautyPrincess – Δώρο Ομορφιάς,beautyprincess.gr,,,NO_CATEGORY_EVIDENCE,
REVIEW,cmta1hloj009eq8iysgwx4a4b,Benessere,"Δωροκάρτες - Gift Cards, Κεντρο Αισθητικής Benessere Αίγιο ...",benessere.gr,,,NO_CATEGORY_EVIDENCE,
REVIEW,cmta1hm2i009gq8iy3vf9bzhy,Bestpharmacy,Δωροκάρτα 50,bestpharmacy.gr,,,NO_CATEGORY_EVIDENCE,
REVIEW,cmta1hmge009iq8iyqi3nmyl6,Bilanis,Δωροκάρτα - Bilanis.gr,bilanis.gr,,,NO_CATEGORY_EVIDENCE,
REVIEW,cmta1hmva009kq8iyjhjwkr2r,Blinefashion,Bline Gift Card– Ιδανικό δώρο για κάθε περίσταση,blinefashion.gr,,,NO_CATEGORY_EVIDENCE,
REVIEW,cmta1hogh009qq8iya5sh3t4x,Buzzsneakers,Οροι Χρησης Καρτας Δωρου – Gift Card | Buzz - Online Shop,buzzsneakers.gr,,,NO_CATEGORY_EVIDENCE,
REVIEW,cmta1hou3009sq8iy5e9xah2t,Bwoman,Δωροκάρτα | B Woman,bwoman.gr,,,NO_CATEGORY_EVIDENCE,
REVIEW,cmta1hp7z009uq8iycpmhq9bh,Bylia,Ηλεκτρονική Δωροκάρτα,bylia.gr,,,NO_CATEGORY_EVIDENCE,
REVIEW,cmta1hpnc009wq8iyllivlokf,Bymeraki,Δωροκάρτα,bymeraki.gr,,,NO_CATEGORY_EVIDENCE,
REVIEW,cmta1hq38009yq8iyiiaeil9q,Cameoshatter,Δωροκάρτα,cameoshatter.gr,,,NO_CATEGORY_EVIDENCE,
REVIEW,cmta1hr5k00a0q8iypig0n59h,Carouselshoes,Carouselshoes Gift Card,carouselshoes.gr,,,NO_CATEGORY_EVIDENCE,
REVIEW,cmta1hrkk00a2q8iy903vqpyl,Cavadelvino,Cavadelvino Gift Card,cavadelvino.gr,,,NO_CATEGORY_EVIDENCE,
REVIEW,cmta1hs0500a4q8iy6cmwyvew,Cavallo,Cavallo e-gift card - Δωροκάρτα Αξίας 20€,cavallo.gr,,,NO_CATEGORY_EVIDENCE,
REVIEW,cmta1hsfo00a6q8iyzzo5j9r0,Champselysees,Δωροκάρτα Ομορφιάς – Χαρίστε στιγμές χαλάρωσης & ...,champselysees.gr,,,NO_CATEGORY_EVIDENCE,
REVIEW,cmta1hsvt00a8q8iyytrqyafs,Climber,Giftcard - Climber,climber.gr,,,NO_CATEGORY_EVIDENCE,
REVIEW,cmta1hu9000aeq8iyf1hinujd,Coolclub,Αγόρασε μία Cool Club δωροκάρτα!,coolclub.gr,,,NO_CATEGORY_EVIDENCE,
REVIEW,cmta1hupw00agq8iysdyh5to2,Cre T E,Κατηγορία: δωροκάρτα,cre-t-e.gr,,,NO_CATEGORY_EVIDENCE,
REVIEW,cmta1hvnc00aiq8iy7f43du8p,Dbsounds,e-Gift Card (Hλεκτρονική Δωροκάρτα) 500€,dbsounds.gr,,,NO_CATEGORY_EVIDENCE,
REVIEW,cmta1hw4400akq8iykgucmned,Decolight,Δωροκάρτα 20€ - 0001,decolight.gr,,,NO_CATEGORY_EVIDENCE,
REVIEW,cmta1hx1800aoq8iy3atou8d5,Desenio,Gift Card - Desenio,desenio.gr,,,NO_CATEGORY_EVIDENCE,
REVIEW,cmta1hxh400aqq8iydqh4pfek,Dmcreations,Αγοράστε μία Δωροκάρτα,dmcreations.gr,,,NO_CATEGORY_EVIDENCE,
REVIEW,cmta1hxy000asq8iyykd06tm3,Doctorfish,Δωροκάρτα Spa and Nail Bar στην Αθήνα,doctorfish.gr,,,NO_CATEGORY_EVIDENCE,
REVIEW,cmta1hyw300awq8iy0hlig2se,Driverstation,Δωροκαρτα - DriverStation,driverstation.gr,,,NO_CATEGORY_EVIDENCE,
REVIEW,cmta1hzcr00ayq8iyu768hevz,E Gatos,Gift Card | Παιδικά παπούτσια & αξεσουάρ,e-gatos.gr,,,NO_CATEGORY_EVIDENCE,
REVIEW,cmta1hzul00b0q8iyhcu2vfgm,E Jumbo,Δωροκάρτες < Παιχνίδια| Διακόσμηση Σπιτιού| Κουζίνα,e-jumbo.gr,kids-baby:106 | jewelry-watches:84,,AMBIGUOUS_CATEGORY_EVIDENCE,merchant-discovery-scan:kids | historical-category|data/discovery/mass/merchant-universe.csv:kids | unambiguous-merchant-keyword:jewelry-watches
REVIEW,cmta1i4c700b6q8iyjxtelg4g,Eightboutiquegym,Eightboutiquegym Gift Card,eightboutiquegym.gr,,,NO_CATEGORY_EVIDENCE,
REVIEW,cmta1i4s700b8q8iy5xesqkh9,Elegancy,Elegancy Gift Card,elegancy.gr,,,NO_CATEGORY_EVIDENCE,
REVIEW,cmta1i59000baq8iyprml2bvl,Enploeditions,Ηλεκτρονικές Δωροκάρτες,enploeditions.gr,,,NO_CATEGORY_EVIDENCE,
REVIEW,cmta1i5ow00bcq8iy4ias4nkm,Enzzo,Enzzo Gift Card,enzzo.gr,,,NO_CATEGORY_EVIDENCE,
REVIEW,cmta1i6dl00beq8iybqfqttuj,Erero,Erero Gift Card,erero.gr,,,NO_CATEGORY_EVIDENCE,
REVIEW,cmta1i6tf00bgq8iy6y8081p1,Eubiotica,gift card - Eubiotica Super Teas,eubiotica.gr,,,NO_CATEGORY_EVIDENCE,
REVIEW,cmta1i79p00biq8iymzkebvjq,Eunoiacandle,Eunoiacandle Gift Card,eunoiacandle.gr,,,NO_CATEGORY_EVIDENCE,
REVIEW,cmta1i7re00bkq8iy908fe98b,Extremepro,1. στοιχεια δωροκαρτας,extremepro.gr,,,NO_CATEGORY_EVIDENCE,
REVIEW,cmta1i86000bmq8iy5atelyii,Eyemazing,Ψηφιακή δωροκάρτα Eyemazing - Χωρίς κατηγορία,eyemazing.gr,,,NO_CATEGORY_EVIDENCE,
REVIEW,cmta1i8n300boq8iydt4qw67b,Fantasea,Δωροεπιταγή 100,fantasea.gr,,,NO_CATEGORY_EVIDENCE,
REVIEW,cmta1i93400bqq8iyekp0bc5g,Fisika,E-Gift Card - Fisika,fisika.gr,,,NO_CATEGORY_EVIDENCE,
REVIEW,cmta1i9io00bsq8iy6q1mwns2,Formyskin,Προϊόντα Gift Card,formyskin.gr,,,NO_CATEGORY_EVIDENCE,
REVIEW,cmta1i9xu00buq8iy1q7fa4mu,Freerider,Δωροεπιταγή - Δωροεπιταγές,freerider.gr,,,NO_CATEGORY_EVIDENCE,
REVIEW,cmta1iad800bwq8iyw7ce55ti,Funkymonkeyshoes,ΔΩΡΟΚΑΡΤΑ 30€ | 40€ | 50,funkymonkeyshoes.gr,,,NO_CATEGORY_EVIDENCE,
REVIEW,cmta1iast00byq8iyu8sip87d,Gabi,Gift Card - Gabi,gabi.gr,,,NO_CATEGORY_EVIDENCE,
REVIEW,cmta1ib7s00c0q8iydisho748,Giannopoulos,Giannopoulos Gift Card,giannopoulos.gr,,,NO_CATEGORY_EVIDENCE,
REVIEW,cmta1iboe00c2q8iy2ddrj2nq,Gruppobizzaro,"Gift Card – Bizzaro Shop – Ανδρικά Ρούχα, Παπούτσια, ...",gruppobizzaro.gr,,,NO_CATEGORY_EVIDENCE,
REVIEW,cmta1ic4800c4q8iyph5olsg8,Gymbeam,Δωροκάρτα - GymBeam,gymbeam.gr,,,NO_CATEGORY_EVIDENCE,
REVIEW,cmta1icjl00c6q8iyfzuzk0o3,Haralas,Δωροκάρτες,haralas.gr,,,NO_CATEGORY_EVIDENCE,
REVIEW,cmta1icyu00c8q8iytwvndmek,Harmanis,Δωροεπιταγή 300 ευρώ,harmanis.gr,,,NO_CATEGORY_EVIDENCE,
REVIEW,cmta1iet500cgq8iyotbelz95,Healthypetspharmacy,Αγοράστε μία Δωροεπιταγή,healthypetspharmacy.gr,,,NO_CATEGORY_EVIDENCE,
REVIEW,cmta1if9800ciq8iyclu1fq49,Hellenicorchids,ΔΩΡΟΚΑΡΤΑ • Ελληνικές Ορχιδέες,hellenicorchids.gr,,,NO_CATEGORY_EVIDENCE,
REVIEW,cmta1ifps00ckq8iyi49yyp5r,Hepta,Hepta's eGift Card,hepta.gr,,,NO_CATEGORY_EVIDENCE,
REVIEW,cmta1ig3s00cmq8iycwwxgu6k,Holokolo,ΔΩΡΟΕΠΙΤΑΓΗ,holokolo.gr,,,NO_CATEGORY_EVIDENCE,
REVIEW,cmta1ih5a00coq8iy028nylzo,Hotelshops,e-Gift Card - To Τέλειο δώρο,hotelshops.gr,,,NO_CATEGORY_EVIDENCE,
REVIEW,cmta1ihz900csq8iy52zsyahm,Imanoglou,Δωροκάρτα,imanoglou.gr,,,NO_CATEGORY_EVIDENCE,
REVIEW,cmta1iied00cuq8iyft8338to,Inspiral,Gift Cards - Δωροκάρτα,inspiral.gr,,,NO_CATEGORY_EVIDENCE,
REVIEW,cmta1iisi00cwq8iy8c2nqizg,Inspirenails,Gift Card - Inspire,inspirenails.gr,,,NO_CATEGORY_EVIDENCE,
REVIEW,cmta1ij6s00cyq8iyaqdmboy2,Iosifidishome,e-ΔΩΡΟΚΑΡΤΑ,iosifidishome.gr,,,NO_CATEGORY_EVIDENCE,
REVIEW,cmta1ijkr00d0q8iy6yfqptbx,Janeiredale,eGift Card,janeiredale.gr,,,NO_CATEGORY_EVIDENCE,
REVIEW,cmta1ijyo00d2q8iymi2v9yma,Jonak,Ηλεκτρονική Δωροκάρτα - Jonak,jonak.gr,,,NO_CATEGORY_EVIDENCE,
REVIEW,cmta1ikcp00d4q8iy7dd7cqou,K Skin,Gift Card! - Κορεάτικα Καλλυντικά - K-Skin,k-skin.gr,,,NO_CATEGORY_EVIDENCE,
REVIEW,cmta1ikvm00d6q8iykpntq1w0,Karam Crete,Δωροκάρτα ευεξίας και ομορφιάς,karam-crete.gr,,,NO_CATEGORY_EVIDENCE,
REVIEW,cmta1ilzk00d8q8iy2h8zeglu,Kazi,Gift Card 80,kazi.gr,,,NO_CATEGORY_EVIDENCE,
REVIEW,cmta1imep00daq8iyzwrzkmgp,Kidsfashion,Δωροκάρτα - Η παιδική μόδα είναι εδώ,kidsfashion.gr,,,NO_CATEGORY_EVIDENCE,
REVIEW,cmta1ims300dcq8iy209yelks,Kikoo,Δωροεπιταγή Kikoo 50€,kikoo.gr,,,NO_CATEGORY_EVIDENCE,
REVIEW,cmta1in6000deq8iyzrf26jcw,Kois Optics,Kois Optics Gift Card,kois-optics.gr,,,NO_CATEGORY_EVIDENCE,
REVIEW,cmta1inkb00dgq8iyu0pfa6d9,Lamillou,Gift Card 100€ | La Millou,lamillou.gr,,,NO_CATEGORY_EVIDENCE,
REVIEW,cmta1io2500diq8iy8vttbh95,Lav Perfumes,Lav Perfumes Gift Card,lav-perfumes.gr,,,NO_CATEGORY_EVIDENCE,
REVIEW,cmta1ioio00dkq8iyn3i3z7k3,Led7,E-Gift Card,led7.gr,,,NO_CATEGORY_EVIDENCE,
REVIEW,cmta1ipsc00dqq8iyvmd0xco3,Liberal,"Δωροκάρτα ΙΚΕΑ: Tο ιδανικό δώρο για κάθε περίσταση, ...",liberal.gr,,,NO_CATEGORY_EVIDENCE,
REVIEW,cmta1iq6a00dsq8iywi2dgg09,Lilidrogerie,Lilidrogerie Gift Card,lilidrogerie.gr,,,NO_CATEGORY_EVIDENCE,
REVIEW,cmta1iqkv00duq8iypnyr33u4,Luigi,ποσο δωροκαρτας,luigi.com.gr,,,NO_CATEGORY_EVIDENCE,
REVIEW,cmta1iqyr00dwq8iy88gt5o2l,Magnoliabeauty,Magnoliabeauty Gift Card,magnoliabeauty.gr,,,NO_CATEGORY_EVIDENCE,
REVIEW,cmta1ircx00dyq8iygrrclm5b,Maiarea,GIFT CARD-ΔΩΡΟΕΠΙΤΑΓΗ,maiarea.gr,,,NO_CATEGORY_EVIDENCE,
REVIEW,cmta1irrs00e0q8iyv36ci5uc,Makenzy,GIFT CARD - Γυναικεία Ρούχα Θεσσαλονίκη,makenzy.gr,,,NO_CATEGORY_EVIDENCE,
REVIEW,cmta1iskl00e4q8iy4blzttgs,Maralcrafts,Gift Card 50 Euro - Maral Crafts,maralcrafts.gr,,,NO_CATEGORY_EVIDENCE,
REVIEW,cmta1iszf00e6q8iyhvyjlqm9,Marketfix,Gift Card Niyamas - Ηλεκτρονική Δωροκάρτα 20€,marketfix.gr,,,NO_CATEGORY_EVIDENCE,
REVIEW,cmta1itdc00e8q8iy8qkpk1e1,Materiaprima,Δωροκάρτα 70 - materiaprima,materiaprima.gr,,,NO_CATEGORY_EVIDENCE,
REVIEW,cmta1itr600eaq8iydau8m0py,Mavrogiannistravel,Δωροεπιταγή - ΔΩΡΟΕΠΙΤΑΓΗ,mavrogiannistravel.gr,,,NO_CATEGORY_EVIDENCE,
REVIEW,cmta1iuk000eeq8iyfaeygi3b,Mdi,Mdi Gift Card,mdi.gr,,,NO_CATEGORY_EVIDENCE,
REVIEW,cmta1iuxb00egq8iy89v7agca,Medithea Eshop,Χαρίστε ομορφιά & φροντίδα με μία e-Gift Card,medithea-eshop.gr,,,NO_CATEGORY_EVIDENCE,
REVIEW,cmta1ivpi00ekq8iywimva2rx,Mfbeautysalon,Δωροκάρτα,mfbeautysalon.gr,,,NO_CATEGORY_EVIDENCE,
REVIEW,cmta1iw3700emq8iyu2nqv2dn,Mfdayspa,ΔΩΡΟΕΠΙΤΑΓΗ 100,mfdayspa.gr,,,NO_CATEGORY_EVIDENCE,
REVIEW,cmta1iwun00eqq8iyol8nrtwy,Michanossport,Michanossport Gift Card,michanossport.gr,,,NO_CATEGORY_EVIDENCE,
REVIEW,cmta1ix8a00esq8iyx9vwmckf,Mikelidis,Δώρα :: Gift Card :: Gift Card 300 €,mikelidis.gr,,,NO_CATEGORY_EVIDENCE,
REVIEW,cmta1ixm400euq8iy6w8fh6ah,Misa,MISA E-GIFT Card,misa.gr,,,NO_CATEGORY_EVIDENCE,
REVIEW,cmta1iy0a00ewq8iyav1zn7nb,Moelian,Moelian Gift Card,moelian.gr,,,NO_CATEGORY_EVIDENCE,
REVIEW,cmta1iyh900eyq8iyewrmhob9,Molliashoes,Molliashoes Gift Card,molliashoes.gr,,,NO_CATEGORY_EVIDENCE,
REVIEW,cmta1iyw100f0q8iyyl3g2m31,Motovinios,ΔΩΡΟΚΑΡΤΑ 100€ Το καλύτερο δώρο για τα αγαπημένα ...,motovinios.gr,,,NO_CATEGORY_EVIDENCE,
REVIEW,cmta1iz9l00f2q8iyi8h5dd3j,Moustakisfc,Ψηφιακή δωροκάρτα,moustakisfc.gr,,,NO_CATEGORY_EVIDENCE,
REVIEW,cmta1izn900f4q8iyb8ps8p5a,Movelab,Gift Card | Move Lab Koropi,movelab.gr,,,NO_CATEGORY_EVIDENCE,
REVIEW,cmta1j01o00f6q8iy4fta6xj4,Musicworks,Δωροκάρτα - Music Works Shop,musicworks.gr,,,NO_CATEGORY_EVIDENCE,
REVIEW,cmta1j0st00f8q8iyavkhvjm3,Muststore,Gift Card | Must Store,muststore.gr,,,NO_CATEGORY_EVIDENCE,
REVIEW,cmta1j1af00faq8iyw0v4fvvw,Mycolours,Athina Balasi My Colours | eGift Card,mycolours.gr,,,NO_CATEGORY_EVIDENCE,
REVIEW,cmta1j1rt00fcq8iyyrjwj6oi,Mymarket,Δωροεπιταγές My market,mymarket.gr,,,NO_CATEGORY_EVIDENCE,
REVIEW,cmta1j29v00feq8iyhuj3tzwe,Myran,Myran Giftcard,myran.gr,,,NO_CATEGORY_EVIDENCE,
REVIEW,cmta1j2rw00fgq8iydjopixyl,Myrtia,Myrtia Gift Card,myrtia.gr,,,NO_CATEGORY_EVIDENCE,
REVIEW,cmta1j3ad00fiq8iyn7woqbcd,Naftemporiki,"ΔΩΡΟΚΑΡΤΑ ΙΚΕΑ: Tο ιδανικό δώρο για κάθε περίσταση, ...",naftemporiki.gr,,,NO_CATEGORY_EVIDENCE,
REVIEW,cmta1j3sy00fkq8iyg4q8u153,Natprod,Δωροκάρτα,natprod.gr,,,NO_CATEGORY_EVIDENCE,
REVIEW,cmta1j4b000fmq8iypks872xe,Naturalhealth,Δωροκάρτα | Natural Health,naturalhealth.gr,,,NO_CATEGORY_EVIDENCE,
REVIEW,cmta1j4ro00foq8iybo0bc5uh,Nespo,Ηλεκτρονική Δωροκάρτα Nespo,nespo.gr,,,NO_CATEGORY_EVIDENCE,
REVIEW,cmta1j5b400fqq8iyyo1vs0cc,Nextsystems,Δωροκάρτα Next Systems,nextsystems.gr,,,NO_CATEGORY_EVIDENCE,
REVIEW,cmta1j5sk00fsq8iyl71inf5f,Oser,Oser Gift Card,oser.gr,,,NO_CATEGORY_EVIDENCE,
REVIEW,cmta1j6a900fuq8iyosylt8ne,Osteriamamma,Osteriamamma Gift Card,osteriamamma.gr,,,NO_CATEGORY_EVIDENCE,
REVIEW,cmta1j6rb00fwq8iyoium168p,Pargaoro,ΔΩΡΟΚΑΡΤΑ - pargaoro.gr,pargaoro.gr,,,NO_CATEGORY_EVIDENCE,
REVIEW,cmta1j77e00fyq8iyr9b9nm78,Parnass,Gift card Parnass 120,parnass.gr,,,NO_CATEGORY_EVIDENCE,
REVIEW,cmta1j7oa00g0q8iygdnjdv5j,Parousiafashion,ΔΩΡΟΕΠΙΤΑΓΗ 70,parousiafashion.gr,,,NO_CATEGORY_EVIDENCE,
REVIEW,cmta1j85q00g2q8iyvsncmagm,Patistascosmetics,Patistascosmetics Gift Card,patistascosmetics.gr,,,NO_CATEGORY_EVIDENCE,
REVIEW,cmta1j8og00g4q8iyvg84dauk,Pethellas,Δωροκάρτα,pethellas.gr,,,NO_CATEGORY_EVIDENCE,
REVIEW,cmta1j9kr00g8q8iytr87lk32,Petvet24,Δωροκάρτα (Gift Card),petvet24.gr,,,NO_CATEGORY_EVIDENCE,
REVIEW,cmta1ja1u00gaq8iypniunt0y,Pezzetta,Pezzetta eGift Card,pezzetta.gr,,,NO_CATEGORY_EVIDENCE,
REVIEW,cmta1jaht00gcq8iyymttuqej,Playroot,Δωροκάρτα,playroot.gr,,,NO_CATEGORY_EVIDENCE,
REVIEW,cmta1jbve00giq8iy0kcyt5ns,Prasinoselefantas,Ψηφιακή Κάρτα Δώρου egift card,prasinoselefantas.gr,,,NO_CATEGORY_EVIDENCE,
REVIEW,cmta1jccn00gkq8iyko4bp2k8,Psomiadishome,Δωροκάρτα - giftcard,psomiadishome.gr,,,NO_CATEGORY_EVIDENCE,
REVIEW,cmta1jcvk00gmq8iyrx516n5h,Ptbox,Gift Card - PT Box,ptbox.gr,,,NO_CATEGORY_EVIDENCE,
REVIEW,cmta1jdf100goq8iymwne5top,Sandglass,Δωροκάρτα - Sandglass.gr by Ammos & Gyali,sandglass.gr,,,NO_CATEGORY_EVIDENCE,
REVIEW,cmta1jebk00gsq8iy1xtjtw90,Signature,Ταξιδιωτική δωροεπιταγή : το καλύτερο δώρο!,signature.gr,,,NO_CATEGORY_EVIDENCE,
REVIEW,cmta1jewr00guq8iysneicire,Simple City,Δωροκάρτα,simple-city.gr,,,NO_CATEGORY_EVIDENCE,
REVIEW,cmta1jfeg00gwq8iyzwet61xe,Skinky,Skinky Gift Card,skinky.gr,,,NO_CATEGORY_EVIDENCE,
REVIEW,cmta1jfvm00gyq8iy0cpkveho,Skynn,Skynn Gift Card,skynn.gr,,,NO_CATEGORY_EVIDENCE,
REVIEW,cmta1jgb900h0q8iyso43fmmm,Sokmi,Gift card - Δωροκάρτα,sokmi.gr,,,NO_CATEGORY_EVIDENCE,
REVIEW,cmta1jgrc00h2q8iylmuzku7m,Sonice,Gift Card 50 -,sonice.gr,,,NO_CATEGORY_EVIDENCE,
REVIEW,cmta1jh6200h4q8iylaxoti6y,Sounou,δωροκάρτα για παιδικά ρούχα,sounou.gr,,,NO_CATEGORY_EVIDENCE,
REVIEW,cmta1jhmo00h6q8iy0wb09n6y,Spitispa,Δωροκάρτα - spitispa.gr,spitispa.gr,,,NO_CATEGORY_EVIDENCE,
REVIEW,cmta1jijd00haq8iy0wkujph9,Stickit,Δωροεπιταγή 10 € - 100 €,stickit.gr,,,NO_CATEGORY_EVIDENCE,
REVIEW,cmta1jj2z00hcq8iy8m07iarh,Sticky,Δωροκαρτα Sticky,sticky.gr,,,NO_CATEGORY_EVIDENCE,
REVIEW,cmta1jjkg00heq8iyq7zpj3cf,Storegreece,e-Gift Card,storegreece.gr,,,NO_CATEGORY_EVIDENCE,
REVIEW,cmta1jk1x00hgq8iyhbyiv7pp,Storybook,e-Gift Card - storybook,storybook.gr,,,NO_CATEGORY_EVIDENCE,
REVIEW,cmta1jkmg00hiq8iyeoo1j71v,Strata Shop,Δωροκάρτα - strata-shop.gr,strata-shop.gr,,,NO_CATEGORY_EVIDENCE,
REVIEW,cmta1jl4p00hkq8iyfg4jho4h,Sunsandclouds,Sunsandclouds Gift Card,sunsandclouds.gr,,,NO_CATEGORY_EVIDENCE,
REVIEW,cmta1jlnm00hmq8iy6safgwzd,Superstrom,e-Gift Card,superstrom.gr,,,NO_CATEGORY_EVIDENCE,
REVIEW,cmta1jm6i00hoq8iy9v4u5xg5,T Support,Ηλεκτρονική Δωροκάρτα,t-support.gr,,,NO_CATEGORY_EVIDENCE,
REVIEW,cmta1jmup00hqq8iy8s59w364,Talosgems,"Δωροκάρτα - Talos Gems - Φυσικά Πετρώματα, Κρύσταλλα ...",talosgems.gr,,,NO_CATEGORY_EVIDENCE,
REVIEW,cmta1jnc700hsq8iy9qxa7npy,Tartarooga,"Giftcard, Δωροκάρτα",tartarooga.gr,,,NO_CATEGORY_EVIDENCE,
REVIEW,cmta1jnvb00huq8iy2rfxodu8,Techframe,Δωροκάρτα - TechFrame,techframe.gr,,,NO_CATEGORY_EVIDENCE,
REVIEW,cmta1job800hwq8iyod3lhrkp,Tempus,Tempus Gift Card,tempus.gr,,,NO_CATEGORY_EVIDENCE,
REVIEW,cmta1jpat00i0q8iywyn40qck,Thebrands,VIRTUAL GIFT CARD,thebrands.gr,,,NO_CATEGORY_EVIDENCE,
REVIEW,cmta1jpt400i2q8iyuea4hfjh,Thejacketmaker,Buy E-Gift Card in Greece - The Jacket Maker,thejacketmaker.gr,,,NO_CATEGORY_EVIDENCE,
REVIEW,cmta1jq9i00i4q8iybfdyv8r1,Theocreations,Δωροκάρτα,theocreations.gr,,,NO_CATEGORY_EVIDENCE,
REVIEW,cmta1jqr600i6q8iyy3wz1tsk,Tinytoes,Gift Card | Tiny Toes,tinytoes.gr,,,NO_CATEGORY_EVIDENCE,
REVIEW,cmta1jr9v00i8q8iye2zkol72,Toalfavitarisou,e-Gift Card,toalfavitarisou.gr,,,NO_CATEGORY_EVIDENCE,
REVIEW,cmta1jrt400iaq8iymrwg1lq5,Toms,Giftcard - Toms,toms.gr,,,NO_CATEGORY_EVIDENCE,
REVIEW,cmta1jsa400icq8iy7rh4l4sw,Toolman,Ηλεκτρονική Δωροκάρτα Toolman,toolman.gr,,,NO_CATEGORY_EVIDENCE,
REVIEW,cmta1jsr800ieq8iywfmnl4tl,Turritella,Δωροκάρτα 50€ - Turritella,turritella.gr,,,NO_CATEGORY_EVIDENCE,
REVIEW,cmta1jt7300igq8iykn2s4bmc,Urban Nomad,E-GIFT CARD - Urban Nomad,urban-nomad.gr,,,NO_CATEGORY_EVIDENCE,
REVIEW,cmta1jtpy00iiq8iy3wykjo58,Vantaggio,Δωροκάρτα - Vantaggio,vantaggio.gr,,,NO_CATEGORY_EVIDENCE,
REVIEW,cmta1ju7y00ikq8iyhrxmm5tb,Vasilitakidswear,Δωροκάρτα - Vasilita Kidswear - παιδική μόδα,vasilitakidswear.gr,,,NO_CATEGORY_EVIDENCE,
REVIEW,cmta1juox00imq8iyq0ogpo5e,Veel,Ηλεκτρονική δωροκάρτα | Veel,veel.gr,,,NO_CATEGORY_EVIDENCE,
REVIEW,cmta1jv6700ioq8iy7ler7qfy,Verandadelvino,Verandadelvino Gift Card,verandadelvino.gr,,,NO_CATEGORY_EVIDENCE,
REVIEW,cmta1jvn600iqq8iyar6bcxq8,Verdantgarden,Ψηφιακή δωροκάρτα,verdantgarden.gr,,,NO_CATEGORY_EVIDENCE,
REVIEW,cmta1jx1n00iwq8iyq4q9smi3,Vitaspis,Δωροκάρτα,vitaspis.gr,,,NO_CATEGORY_EVIDENCE,
REVIEW,cmta1jxyi00j0q8iy3t1yqvto,Wspc,WSPC Gift Card,wspc.gr,,,NO_CATEGORY_EVIDENCE,
REVIEW,cmta1jyfy00j2q8iym29ffatd,Xmode,Gift Card | Xmode.gr,xmode.gr,,,NO_CATEGORY_EVIDENCE,
REVIEW,cmta1jyv900j4q8iyp2i9pyz5,Yellowstars,Δωροκάρτα 20€ YellowStars,yellowstars.gr,,,NO_CATEGORY_EVIDENCE,
REVIEW,cmta1jzrs00j8q8iyl690r6g7,Zakroshoes,Zakro Gift Card,zakroshoes.gr,,,NO_CATEGORY_EVIDENCE,
REVIEW,cmta1k08j00jaq8iy49e6rrba,Zoniou,Zoniou Gift Card,zoniou.gr,,,NO_CATEGORY_EVIDENCE,
REVIEW,cmta1k14o00jeq8iy6y6lgrnj,Idealofsweden,Idealofsweden Gift Card,idealofsweden.gr,,,NO_CATEGORY_EVIDENCE,
REVIEW,cmta1k23q00jiq8iynvqcl54v,Romeo,Romeo Gift Card,romeo.gr,,,NO_CATEGORY_EVIDENCE,
REVIEW,cmta1k2le00jkq8iyng6hncr7,Vavoulistours,Vavoulistours Gift Card,vavoulistours.gr,,,NO_CATEGORY_EVIDENCE,
REVIEW,cmta1k33j00jmq8iy7dosx0mg,Wine24shop,Gift Card 20 euro - Wine24shop,wine24shop.gr,,,NO_CATEGORY_EVIDENCE,
REVIEW,cmta1k3kn00joq8iyvt4mz4a4,Afroditesbeaute,Gift card 50,afroditesbeaute.gr,,,NO_CATEGORY_EVIDENCE,
REVIEW,cmta1k4h700jsq8iya7wu9oi9,Alpamayopro,Alpamayopro Gift Card,alpamayopro.gr,,,NO_CATEGORY_EVIDENCE,
REVIEW,cmta1k4ye00juq8iyeeswbskm,Animusmassage,Gift certificate,animusmassage.gr,,,NO_CATEGORY_EVIDENCE,
REVIEW,cmta1k5f500jwq8iyplvt7fkz,Annamariamazaraki,Gift Card 50 euro. Give the gift of love to your beloved one ...,annamariamazaraki.gr,,,NO_CATEGORY_EVIDENCE,
REVIEW,cmta1k5uz00jyq8iyq2wyszdo,Atmospherespa,Atmospherespa Gift Card,atmospherespa.gr,,,NO_CATEGORY_EVIDENCE,
REVIEW,cmta1k6cm00k0q8iyu7mz3xb2,Calzomania,Gift Card – Calzomania – Εσώρουχα και Μαγιό,calzomania.gr,,,NO_CATEGORY_EVIDENCE,
REVIEW,cmta1k6s900k2q8iyypdni1wr,Completetravel,Gift Card • Κάρτα Δώρου,completetravel.gr,,,NO_CATEGORY_EVIDENCE,
REVIEW,cmta1k78p00k4q8iyynk38nc7,Electrocrete,Στείλε την αγάπη σου και μια... δωροκάρτα,electrocrete.gr,,,NO_CATEGORY_EVIDENCE,
REVIEW,cmta1k7qi00k6q8iytw0avvi7,Elegance,Δωροκάρτα,elegance.gr,,,NO_CATEGORY_EVIDENCE,
REVIEW,cmta1k8xm00kaq8iy3sqsa28b,Iridaspa,Δωροκάρτα - Gift Card,iridaspa.gr,,,NO_CATEGORY_EVIDENCE,
REVIEW,cmta1k9e100kcq8iy7vft0lkd,Luxurylivingspa,Luxurylivingspa Gift Card,luxurylivingspa.gr,,,NO_CATEGORY_EVIDENCE,
REVIEW,cmta1kaap00kgq8iyxyxwrv9r,Medi Shop,Gift Card 50,medi-shop.gr,,,NO_CATEGORY_EVIDENCE,
REVIEW,cmta1kard00kiq8iyc8lsfv9b,Melispa,Gift Card €30,melispa.gr,,,NO_CATEGORY_EVIDENCE,
REVIEW,cmta1kb6y00kkq8iy5q5ciyh4,Mentortravel,Gift card | Δωροκάρτα,mentortravel.gr,,,NO_CATEGORY_EVIDENCE,
REVIEW,cmta1kbmg00kmq8iyxir7s4z2,Paidikaianaptixi,Gift Card - Παιδί & Ανάπτυξη - paidikaianaptixi.gr,paidikaianaptixi.gr,,,NO_CATEGORY_EVIDENCE,
REVIEW,cmta1kc1z00koq8iy0lgd58lu,Papastavroushops,Δωροκάρτες (Gift Cards) για Αναβάτες,papastavroushops.gr,,,NO_CATEGORY_EVIDENCE,
REVIEW,cmta1kcnp00kqq8iy2x1zitpr,Studio83,Studio83 Gift Card,studio83.gr,,,NO_CATEGORY_EVIDENCE,
REVIEW,cmta1kd7p00ksq8iyhrirclhl,Tartare,Gift Card - TARTARE,tartare.gr,,,NO_CATEGORY_EVIDENCE,
REVIEW,cmta1kdpl00kuq8iyzx8o451e,Thewinezoo,Gift Card | Χαρίστε ένα ξεχωριστό δώρο από το The ...,thewinezoo.gr,,,NO_CATEGORY_EVIDENCE,
REVIEW,cmta1ke9500kwq8iyhmopp6q4,Tsakalino,Gift Card Tsakalino,tsakalino.gr,,,NO_CATEGORY_EVIDENCE,
REVIEW,cmta1kfmj00l2q8iyr7i4j7w5,Athanasiakaritsa,Gift Card - Εργαστήριο Αισθητικής Αθανασία Καρύτσα,athanasiakaritsa.gr,,,NO_CATEGORY_EVIDENCE,
REVIEW,cmta1kga700l4q8iynzxz5thg,Athinatzika,"Gift Card - Athina Tzika | Yoga, Pilates & Ολιστικές Θεραπείες",athinatzika.gr,,,NO_CATEGORY_EVIDENCE,
REVIEW,cmta1kgpr00l6q8iymz64nedr,Balootoys,Gift Card - BalooToys,balootoys.gr,,,NO_CATEGORY_EVIDENCE,
REVIEW,cmta1kh8o00l8q8iysbonz7gj,Baseandtop,Baseandtop Gift Card,baseandtop.gr,,,NO_CATEGORY_EVIDENCE,
REVIEW,cmta1khor00laq8iyeld2ucyv,Bebestars,Bebestars Gift Card,bebestars.gr,,,NO_CATEGORY_EVIDENCE,
REVIEW,cmta1ki7v00lcq8iyp9416uhu,Blackroll,Gift Card - Blackroll.gr,blackroll.gr,,,NO_CATEGORY_EVIDENCE,
REVIEW,cmta1kioj00leq8iyp66jp838,Bloeur,GIFT CARD BLOEUR,bloeur.gr,,,NO_CATEGORY_EVIDENCE,
REVIEW,cmta1kjnj00liq8iyvj1sb1xj,Caraveltravel,Gift Card - Δωροκάρτα,caraveltravel.gr,,,NO_CATEGORY_EVIDENCE,
REVIEW,cmta1kk4900lkq8iyorzj05jc,Celesteshop,Gift Card 50,celesteshop.gr,,,NO_CATEGORY_EVIDENCE,
REVIEW,cmta1kkni00lmq8iyk98pb3nu,Converse,Converse Gift Card,converse.gr,,,NO_CATEGORY_EVIDENCE,
REVIEW,cmta1kl4b00loq8iyupsiybh2,Creatorshop,Creatorshop Gift Card,creatorshop.gr,,,NO_CATEGORY_EVIDENCE,
REVIEW,cmta1klkr00lqq8iy8xzcpmqy,Culturalsociety,Gift Card Online - Cultural Society,culturalsociety.gr,,,NO_CATEGORY_EVIDENCE,
REVIEW,cmta1km1x00lsq8iyzx1su6ol,Despykboutique,Ηλεκτρονική Δωροκάρτα - Giftcard,despykboutique.gr,,,NO_CATEGORY_EVIDENCE,
REVIEW,cmta1kmim00luq8iyq8uf0otm,Dreamypicnics,Gift Card - Dreamy Picnics,dreamypicnics.gr,,,NO_CATEGORY_EVIDENCE,
REVIEW,cmta1kn0h00lwq8iyd7b6k11k,Ekdoseis Papasotiriou,Εκδόσεις Παπασωτηρίου Δωροκάρτα,ekdoseis-papasotiriou.gr,,,NO_CATEGORY_EVIDENCE,
REVIEW,cmta1knh700lyq8iywo2755ud,Elenabeautyhall,Elenabeautyhall Gift Card,elenabeautyhall.gr,,,NO_CATEGORY_EVIDENCE,
REVIEW,cmta1knwo00m0q8iy77l1z6kt,Elforsam,Gift Card – Maaji,elforsam.gr,,,NO_CATEGORY_EVIDENCE,
REVIEW,cmta1kpd600m6q8iytyzbbym9,Hercshop,Δωροκάρτα - Herc Shop,hercshop.gr,,,NO_CATEGORY_EVIDENCE,
REVIEW,cmta1kptg00m8q8iyxikg29yq,Hlcpro,Gift Card Gold – HLC Pro by Health Laser Clinic,hlcpro.gr,,,NO_CATEGORY_EVIDENCE,
REVIEW,cmta1kqbn00maq8iyrbgsvpn7,Hobbylobby Yarns,Δωροεπιταγή 100,hobbylobby-yarns.gr,,,NO_CATEGORY_EVIDENCE,
REVIEW,cmta1krb300meq8iyewvehlr3,Idil,e-Gift card | IDIL,idil.gr,,,NO_CATEGORY_EVIDENCE,
REVIEW,cmta1ksaz00miq8iyz8knfxq5,Kalousos,Δωροκάρτα (Gift Card) 50,kalousos.gr,,,NO_CATEGORY_EVIDENCE,
REVIEW,cmta1ksuz00mkq8iy7xwl3c3s,Koukidabookstore,Δωροκάρτα / Gift Card ΚΟΥΚΙΔΑ,koukidabookstore.gr,,,NO_CATEGORY_EVIDENCE,
REVIEW,cmta1ktba00mmq8iyisltveg8,Laaloo,GIFT CARD - Παιδικά ρούχα για αγόρια & κορίτσια,laaloo.gr,,,NO_CATEGORY_EVIDENCE,
REVIEW,cmta1kuab00mqq8iyw8fqsoh4,Luvnroll,Gift Voucher,luvnroll.com,,,NO_CATEGORY_EVIDENCE,
REVIEW,cmta1kur700msq8iyxbq77w5d,Marose,Gift Card - MAROSE – Κέντρο Αισθητικής Θέρμη,marose.gr,,,NO_CATEGORY_EVIDENCE,
REVIEW,cmta1kv7e00muq8iyjip095a8,Mathimatamageirikis,Δωροκάρτα,mathimatamageirikis.gr,,,NO_CATEGORY_EVIDENCE,
REVIEW,cmta1kvpg00mwq8iywg5mlfel,Mimadastimargarita,Gift Card - Mη μαδάς τη μαργαρίτα,mimadastimargarita.gr,,,NO_CATEGORY_EVIDENCE,
REVIEW,cmta1kw6300myq8iyzkj9hpsf,Mocannella,Δωροκάρτα,mocannella.gr,,,NO_CATEGORY_EVIDENCE,
REVIEW,cmta1kwnq00n0q8iy09gmn7q7,Musicland,Δωροκάρτα Musicland - Το μουσικό δώρο που δεν λήγει ποτέ,musicland.gr,,,NO_CATEGORY_EVIDENCE,
REVIEW,cmta1kxkp00n4q8iyxd6gorh9,Nakita,Gift Card - Nakita,nakita.gr,,,NO_CATEGORY_EVIDENCE,
REVIEW,cmta1ky2r00n6q8iy6novjneu,Oreasoncs,Gift Certificate,oreasoncs.gr,,,NO_CATEGORY_EVIDENCE,
REVIEW,cmta1kyj500n8q8iyln315obv,Palazzodiscarpe,Δωροκάρτα 150,palazzodiscarpe.gr,,,NO_CATEGORY_EVIDENCE,
REVIEW,cmta1kz5j00naq8iyo9j5whw7,Paraphernalia,e-Gift Voucher,paraphernalia.gr,,,NO_CATEGORY_EVIDENCE,
REVIEW,cmta1kzo800ncq8iydupudze1,Philatravel,Δωροεπιταγή Ταξιδιού,philatravel.gr,,,NO_CATEGORY_EVIDENCE,
REVIEW,cmta1l09c00neq8iy2d769fb1,Pibu,Pibu Gift Card,pibu.gr,,,NO_CATEGORY_EVIDENCE,
REVIEW,cmta1l0s700ngq8iytuqw9bw3,Pointe,Gift Voucher | Pointe.gr: ηλεκτρονικό κατάστημα ειδών χορού,pointe.gr,,,NO_CATEGORY_EVIDENCE,
REVIEW,cmta1l18300niq8iyfjqu39zb,Psaltou,Gift Card Αξίας 70,psaltou.gr,,,NO_CATEGORY_EVIDENCE,
REVIEW,cmta1l1or00nkq8iy9l3o9bru,Rhythmichouse,Gift card Αρχεία,rhythmichouse.gr,,,NO_CATEGORY_EVIDENCE,
REVIEW,cmta1l26100nmq8iydzabah5l,Royalhair,Gift Card | Royal Hair & Spa,royalhair.gr,,,NO_CATEGORY_EVIDENCE,
REVIEW,cmta1l31m00nqq8iy3ycqvzn2,Safestep,Δωροκάρτα / Gift Card | Accessories | Safe Step ®,safestep.gr,,,NO_CATEGORY_EVIDENCE,
REVIEW,cmta1l3ip00nsq8iyh8ngswxk,Shoebox,Gift Card - Shoebox,shoebox.gr,,,NO_CATEGORY_EVIDENCE,
REVIEW,cmta1l42f00nuq8iy2f3za3fa,Snus Bar,gift card Αρχεία - Snus Bar,snus-bar.gr,,,NO_CATEGORY_EVIDENCE,
REVIEW,cmta1l4jp00nwq8iymqbrwqdb,Solivagant,Gift Card - Prepaid Card - Solivagant,solivagant.gr,,,NO_CATEGORY_EVIDENCE,
REVIEW,cmta1l69r00o2q8iysx3o77ki,Tacticalstore,Δωροκάρτα 50€ Tactical Store – Digital Gift Card - Tacticalstore ...,tacticalstore.gr,,,NO_CATEGORY_EVIDENCE,
REVIEW,cmta1l6qi00o4q8iyp8gk4vuo,Tempiholidays,TEMPI HOLIDAYS GIFT CARD | Εκδρομή,tempiholidays.gr,,,NO_CATEGORY_EVIDENCE,
REVIEW,cmta1l78z00o6q8iysj0iud1x,Thamon,Gift Card – Thamon,thamon.gr,,,NO_CATEGORY_EVIDENCE,
REVIEW,cmta1l8s900ocq8iygll1sq7o,Theloftchalkida,Δωροκάρτα,theloftchalkida.gr,,,NO_CATEGORY_EVIDENCE,
REVIEW,cmta1l9p000ogq8iyo1y8qv5k,Travelagency,ΤΑΞΙΔΙΩΤΙΚΗ ΔΩΡΟΕΠΙΤΑΓΗ,travelagency.gr,,,NO_CATEGORY_EVIDENCE,
REVIEW,cmta1lal800okq8iy07xofqsd,Unisport,Αγόρασε μια δωροκάρτα – χάρισε την ελευθερία της επιλογής.,unisport.gr,,,NO_CATEGORY_EVIDENCE,
REVIEW,cmta1lb2500omq8iyw0l8g680,Unlimited Adrenaline,Δωροκάρτα Unlimited Adrenaline,unlimited-adrenaline.gr,,,NO_CATEGORY_EVIDENCE,
REVIEW,cmta1lbio00ooq8iyjc9wsq31,Wokshop,Δωροκάρτα – WokShop,wokshop.gr,,,NO_CATEGORY_EVIDENCE,
REVIEW,cmta1lci000osq8iyoc41j59a,Thewonderroom,GIFT CARDS Archives,thewonderroom.gr,,,NO_CATEGORY_EVIDENCE,
REVIEW,cmta1ld1900ouq8iyh416pr6o,Petrichor,Gift Card 200,petrichor.com.gr,,,NO_CATEGORY_EVIDENCE,
REVIEW,cmta1le1500oyq8iyicabgae9,Musicpal,Gift card - MusicPal,musicpal.gr,,,NO_CATEGORY_EVIDENCE,
REVIEW,cmta1leix00p0q8iyq1ewxccr,Greenmall,ΔΩΡΟΚΑΡΤΑ – ΙΔΕΕΣ ΔΩΡΩΝ,greenmall.gr,,,NO_CATEGORY_EVIDENCE,
REVIEW,cmta1lfk500p4q8iyhkvmu8ra,Nakas,< Gift Cards | Philippos Nakas,nakas.gr,,,NO_CATEGORY_EVIDENCE,
REVIEW,cmta1lg2500p6q8iyyuuzs7jr,Woodyline,GIFT CARD 200?,woodyline.gr,,,NO_CATEGORY_EVIDENCE,
REVIEW,cmta1lglx00p8q8iyyx9gpvxm,Aleyacreations,Aleyacreations Gift Card,aleyacreations.gr,,,NO_CATEGORY_EVIDENCE,
REVIEW,cmta1lhrz00pcq8iypeg7vad4,Bakuk,Δωροκάρτα - Bakuk,bakuk.gr,,,NO_CATEGORY_EVIDENCE,
REVIEW,cmta1liss00pgq8iyxm7nct5f,Instyleshop,Instyleshop Gift Card,instyleshop.gr,,,NO_CATEGORY_EVIDENCE,
REVIEW,cmta1lj9c00piq8iynmfth5h9,Kantarzoglou,€150.00 Gift Card,kantarzoglou.gr,,,NO_CATEGORY_EVIDENCE,
REVIEW,cmta1ljul00pkq8iysiqz221g,Newaypharmacy,e-Gift Card,newaypharmacy.gr,,,NO_CATEGORY_EVIDENCE,
REVIEW,cmta1lkvc00poq8iyrf4ok9ea,Avgerinospharmacy,Gift Card!,avgerinospharmacy.gr,,,NO_CATEGORY_EVIDENCE,
REVIEW,cmta1lldv00pqq8iyvvgnzsz2,Floky,Gift Card Floky,floky.gr,,,NO_CATEGORY_EVIDENCE,
REVIEW,cmta1lltq00psq8iy75r8f0k5,Forall,Forall Gift Card,forall.com.gr,,,NO_CATEGORY_EVIDENCE,
REVIEW,cmta1lmaw00puq8iy8ghgcw1z,Honeykids,Gift Card - Honeykids Conceptstore,honeykids.gr,,,NO_CATEGORY_EVIDENCE,
REVIEW,cmta1lmrm00pwq8iykcovjeo1,Justbrazilstore,Justbrazilstore Gift Card,justbrazilstore.gr,,,NO_CATEGORY_EVIDENCE,
REVIEW,cmta1lnrl00q0q8iy34u0qh4w,Vizadinigonia,Gift Cards - ΒΥΖΑΝΤΙΝΗ ΓΩΝΙΑ,vizadinigonia.gr,,,NO_CATEGORY_EVIDENCE,
REVIEW,cmta1loeg00q2q8iysnnupl9w,Xeiroplathi,Gift Card | Participation in Workshop,xeiroplathi.gr,,,NO_CATEGORY_EVIDENCE,
REVIEW,cmta1loyo00q4q8iysa3cla1n,Alldaypharmacy,Gift card - ΦΑΡΜΑΚΕΙΟ ΓΛΥΦΑΔΑ,alldaypharmacy.gr,,,NO_CATEGORY_EVIDENCE,
REVIEW,cmta1lpfx00q6q8iyf11yv5pi,Amourianosoptics,GIFT CARD 200€,amourianosoptics.gr,,,NO_CATEGORY_EVIDENCE,
REVIEW,cmta1lr6z00qcq8iym9f7fl45,Babybluecollections,Gift Card – babybluecollections.gr,babybluecollections.gr,,,NO_CATEGORY_EVIDENCE,
REVIEW,cmta1lrpd00qeq8iygxg5ys3k,Bimboshoes,Bimboshoes Gift Card,bimboshoes.gr,,,NO_CATEGORY_EVIDENCE,
REVIEW,cmta1lsbl00qgq8iyhk5pv19c,Carousel,Gift Card Carousel - Αγόρι - Κορίτσι - 12-18 μηνών,carousel.gr,,,NO_CATEGORY_EVIDENCE,
REVIEW,cmta1lsuq00qiq8iystq7a2jy,Chicart,Chicart Gift Card,chicart.gr,,,NO_CATEGORY_EVIDENCE,
REVIEW,cmta1ltdc00qkq8iywfkafqf3,Epidermislaser,gift cards,epidermislaser.gr,,,NO_CATEGORY_EVIDENCE,
REVIEW,cmta1lue100qoq8iyzojkwbcq,Forward,Gift Voucher,forward.gr,,,NO_CATEGORY_EVIDENCE,
REVIEW,cmta1luu500qqq8iys7vrojhw,Ikiru,gift-cards – IKIRU,ikiru.gr,,,NO_CATEGORY_EVIDENCE,
REVIEW,cmta1lvat00qsq8iycnrsfz70,Jthomedesign,Gift Cards - Έπιπλα σπιτιού Joanna Terizi,jthomedesign.gr,,,NO_CATEGORY_EVIDENCE,
REVIEW,cmta1lvrh00quq8iyaebm9qht,Ladolea,Ladolea Gift Card,ladolea.gr,,,NO_CATEGORY_EVIDENCE,
REVIEW,cmta1lwrt00qyq8iy0horqkam,Lovefashionpoint,Lovefashionpoint Gift Card,lovefashionpoint.gr,,,NO_CATEGORY_EVIDENCE,
REVIEW,cmta1lx8s00r0q8iyrsxe2o7c,Lurehouse,GIFT CARD - ΠΡΟΪΟΝΤΑ,lurehouse.gr,,,NO_CATEGORY_EVIDENCE,
REVIEW,cmta1ly6p00r4q8iypbasfshf,Massaha,Massaha Gift Card,massaha.gr,,,NO_CATEGORY_EVIDENCE,
REVIEW,cmta1lzvj00raq8iye3ba3495,Mylittleland,Mylittleland Gift Card,mylittleland.gr,,,NO_CATEGORY_EVIDENCE,
REVIEW,cmta1m0d900rcq8iy7cru4enr,Poupee,Gift card - Poupée,poupee.gr,,,NO_CATEGORY_EVIDENCE,
REVIEW,cmta1m0uh00req8iycwbgvctn,Printhouse,Εκτύπωση Κάρτα Δώρου Gift Voucher,printhouse.gr,,,NO_CATEGORY_EVIDENCE,
REVIEW,cmta1m1c900rgq8iyqvsvjl5f,Sakkoulasbooks,Gift card - Εκδόσεις Αντ. Ν. Σάκκουλα Ε.Ε.,sakkoulasbooks.gr,,,NO_CATEGORY_EVIDENCE,
REVIEW,cmta1m1t900riq8iy2b9sin92,Sekoia,Gift cards,sekoia.gr,,,NO_CATEGORY_EVIDENCE,
REVIEW,cmta1m2xt00rmq8iylafzr3pp,Theknittingclub,Gift Cards,theknittingclub.gr,,,NO_CATEGORY_EVIDENCE,
REVIEW,cmta1m3dd00roq8iybqsttwll,Themagicbox,Themagicbox Gift Card,themagicbox.gr,,,NO_CATEGORY_EVIDENCE,
REVIEW,cmta1m3z100rqq8iy4inaqyfz,Theplants,Gift Card - The Plants - Eshop - Φυτά εσωτερικού και ...,theplants.gr,,,NO_CATEGORY_EVIDENCE,
REVIEW,cmta1m4el00rsq8iyyb9weurb,Traisto,Traisto Gift Card | Handmade Textiles & Slow Crafted Goods,traisto.gr,,,NO_CATEGORY_EVIDENCE,
REVIEW,cmta1m5dl00rwq8iyrk8timkq,Zuccherino,Zuccherino Gift Card,zuccherino.gr,,,NO_CATEGORY_EVIDENCE,
REVIEW,cmta1m5td00ryq8iyiwqmzlza,Cakeshop,Δωροκάρτα | Cakeshop Thessaloniki,cakeshop.gr,,,NO_CATEGORY_EVIDENCE,
REVIEW,cmta1m6ad00s0q8iyjl5guf73,Dromeasbikes,Gift voucher €25,dromeasbikes.gr,,,NO_CATEGORY_EVIDENCE,
REVIEW,cmta1m6ti00s2q8iyv2uhr92n,E Snacks,Gift Card 50€ | E-Snacks,e-snacks.gr,,,NO_CATEGORY_EVIDENCE,
REVIEW,cmta1m7h100s4q8iy0yg57q08,E Socks,€50 Gift Card,e-socks.gr,,,NO_CATEGORY_EVIDENCE,
REVIEW,cmta1m83c00s6q8iygpp0rt7r,Epiploaivazoglou,Gift card - Έπιπλο Αϊβαζόγλου – |,epiploaivazoglou.gr,,,NO_CATEGORY_EVIDENCE,
REVIEW,cmta1m8lp00s8q8iyl7iagrro,Epiplocasa,Gift Card - EpiploCasa.gr · Έπιπλα Ελληνικής Κατασκευής,epiplocasa.gr,,,NO_CATEGORY_EVIDENCE,
REVIEW,cmta1m9k500scq8iyuyu7g8dp,Inandela,Inandela Gift Card,inandela.gr,,,NO_CATEGORY_EVIDENCE,
REVIEW,cmta1ma4m00seq8iy71vkx6rw,Lidon,Lidon Gift Card,lidon.gr,,,NO_CATEGORY_EVIDENCE,
REVIEW,cmta1maoe00sgq8iykpfadorv,Littlesubmarine,Littlesubmarine Gift Card,littlesubmarine.gr,,,NO_CATEGORY_EVIDENCE,
REVIEW,cmta1mb9j00siq8iygf2xex9r,Mamagalia,Mamagalia Gift Card,mamagalia.gr,,,NO_CATEGORY_EVIDENCE,
REVIEW,cmta1mbsx00skq8iyktw9zbcx,Olive Era,Olive Era Gift Card,olive-era.gr,,,NO_CATEGORY_EVIDENCE,
REVIEW,cmta1mccl00smq8iyn3lolob8,Pdltrendz,Pdltrendz Gift Card,pdltrendz.gr,,,NO_CATEGORY_EVIDENCE,
REVIEW,cmta1mcug00soq8iyorzvwm8u,Sacjeans,Sacjeans Gift Card,sacjeans.gr,,,NO_CATEGORY_EVIDENCE,
REVIEW,cmta1mdb500sqq8iyhy20zsrp,Saltymoon,Saltymoon Gift Card,saltymoon.gr,,,NO_CATEGORY_EVIDENCE,
REVIEW,cmta1mdsk00ssq8iy40jbzw02,Slalomshop,SlalomShop.gr - Δωροκάρτα,slalomshop.gr,,,NO_CATEGORY_EVIDENCE,
REVIEW,cmta1me9100suq8iyfx2gcou6,Smart Tap,Gift Card Smart-Tap,smart-tap.gr,,,NO_CATEGORY_EVIDENCE,
REVIEW,cmta1mf5900syq8iyejmu80s9,1art,Gift Cards,1art.gr,,,NO_CATEGORY_EVIDENCE,
REVIEW,cmta1mgb500t2q8iyybmggkym,Andreoueshop,Andreoueshop Gift Card,andreoueshop.gr,,,NO_CATEGORY_EVIDENCE,
REVIEW,cmta1mgrt00t4q8iy7nvjqpjv,Anubis,Gift Card Archives,anubis.gr,,,NO_CATEGORY_EVIDENCE,
REVIEW,cmta1mhdg00t6q8iyne0gzmhv,Army Market,Army Market Gift Card,army-market.gr,,,NO_CATEGORY_EVIDENCE,
REVIEW,cmta1mhwp00t8q8iyp2up25jv,Athenscentre,Gift voucher,athenscentre.gr,,,NO_CATEGORY_EVIDENCE,
REVIEW,cmta1mijq00taq8iy170bc7lx,Athenssportsmassage,Gift cards Το απόλυτο δώρο χαλάρωσης για τους ...,athenssportsmassage.gr,,,NO_CATEGORY_EVIDENCE,
REVIEW,cmta1mk2p00teq8iywlymg7ut,Babyvalia,GIFT CARD ‣ Βabyvalia,babyvalia.gr,,,NO_CATEGORY_EVIDENCE,
REVIEW,cmta1mkio00tgq8iyvbnu4lyr,Badayestudio,Badayestudio Gift Card,badayestudio.gr,,,NO_CATEGORY_EVIDENCE,
REVIEW,cmta1ml4900tiq8iyc30ngvjv,Bambinokids,Bambinokids Gift Card,bambinokids.gr,,,NO_CATEGORY_EVIDENCE,
REVIEW,cmta1mllt00tkq8iyqeumzozm,Beautyclinic,"Gift Card, Πρωτότυπη κάρτα Δώρου",beautyclinic.gr,,,NO_CATEGORY_EVIDENCE,
REVIEW,cmta1mmmx00toq8iydnfghoo1,Botano,Gift Cards,botano.gr,,,NO_CATEGORY_EVIDENCE,
REVIEW,cmta1mn3l00tqq8iy111tzsz5,Candles Essences,Gift Cards,candles-essences.gr,,,NO_CATEGORY_EVIDENCE,
REVIEW,cmta1mnm200tsq8iy2jew4b3d,Capristores,Gift Cards,capristores.gr,,,NO_CATEGORY_EVIDENCE,
REVIEW,cmta1mo4u00tuq8iy0hphimg0,Carbon,CFC GIFT CARD | carbonfibercustoms,carbon.gr,,,NO_CATEGORY_EVIDENCE,
REVIEW,cmta1moos00twq8iy57e9lo7q,Carlamco,Carlamco Gift Card,carlamco.gr,,,NO_CATEGORY_EVIDENCE,
REVIEW,cmta1mp5900tyq8iyvpa0dnxr,Cavakalomenidis,Cavakalomenidis Gift Card,cavakalomenidis.gr,,,NO_CATEGORY_EVIDENCE,
REVIEW,cmta1mpoo00u0q8iy5kofn9mp,Centroboutique,Centroboutique Gift Card,centroboutique.gr,,,NO_CATEGORY_EVIDENCE,
REVIEW,cmta1mq7900u2q8iy41zkg4cg,Cigarsmoke,Gift Card Αρχεία,cigarsmoke.gr,,,NO_CATEGORY_EVIDENCE,
REVIEW,cmta1mqqs00u4q8iyn8h29823,Cilek,δωροεπιταγές,cilek.gr,,,NO_CATEGORY_EVIDENCE,
REVIEW,cmta1mrdt00u6q8iyvz2zknyj,Cookworld,Gift Cards,cookworld.gr,,,NO_CATEGORY_EVIDENCE,
REVIEW,cmta1mrvv00u8q8iyjkk14wuw,Crudeshop,Gift Card | CrudeShop,crudeshop.gr,,,NO_CATEGORY_EVIDENCE,
REVIEW,cmta1mseo00uaq8iyrfav970x,Crystalswan,Gift Card - Crystal Swan,crystalswan.gr,,,NO_CATEGORY_EVIDENCE,
REVIEW,cmta1msv100ucq8iyhdewxdjo,Cyclestore,Δωροκάρτες,cyclestore.gr,,,NO_CATEGORY_EVIDENCE,
REVIEW,cmta1mtcc00ueq8iy4sz85qxi,Dahaproject,Dahaproject Gift Card,dahaproject.gr,,,NO_CATEGORY_EVIDENCE,
REVIEW,cmta1mtta00ugq8iy0fpw7nra,Dalis,Gift Card 20,dalis.gr,,,NO_CATEGORY_EVIDENCE,
REVIEW,cmta1mubd00uiq8iy7rflmva4,Diastours,Χαρίστε ένα Ταξίδι – Gift Vouchers,diastours.gr,,,NO_CATEGORY_EVIDENCE,
REVIEW,cmta1muxk00ukq8iy2hcfp6jr,Dionysioumedispa,Beauty and Spa Gift Card - Dionysiou Beauty & Medi Spa,dionysioumedispa.com,,,NO_CATEGORY_EVIDENCE,
REVIEW,cmta1mvfe00umq8iykcghhdh2,Djmania,Gift Cards,djmania.gr,,,NO_CATEGORY_EVIDENCE,
REVIEW,cmta1mwe200uqq8iyw8gppk86,Ebru,Gift Vouchers - Káte,ebru.gr,,,NO_CATEGORY_EVIDENCE,
REVIEW,cmta1mwtx00usq8iyvzyrsho0,Ecoliving,Gift Cards,ecoliving.gr,,,NO_CATEGORY_EVIDENCE,
REVIEW,cmta1mxa000uuq8iyl8z18jfw,Elephantstore,Elephantstore Gift Card,elephantstore.gr,,,NO_CATEGORY_EVIDENCE,
REVIEW,cmta1mxqx00uwq8iyo73shr8j,Emmahome,Gift Cards - EmmaHome,emmahome.gr,,,NO_CATEGORY_EVIDENCE,
REVIEW,cmta1n0by00v6q8iyd50i4zbc,Estheta,Δωροκάρτα | Estheta | Plus Size Ρούχα,estheta.gr,,,NO_CATEGORY_EVIDENCE,
REVIEW,cmta1n1gn00vaq8iypcugwv32,Feelcar,Feelcar Gift Card,feelcar.gr,,,NO_CATEGORY_EVIDENCE,
REVIEW,cmta1n2wo00vgq8iygtc7c15a,Gmca,Gmca Gift Card,gmca.gr,,,NO_CATEGORY_EVIDENCE,
REVIEW,cmta1n3tk00vkq8iyuuxusuix,Gotshirts,Gotshirts Gift Card,gotshirts.gr,,,NO_CATEGORY_EVIDENCE,
REVIEW,cmta1n4cq00vmq8iybe2fosx3,Goulandris,"Gift Card - Vincent van Gogh, Still Life with Coffee Pot, 1888",goulandris.gr,,,NO_CATEGORY_EVIDENCE,
REVIEW,cmta1n4su00voq8iyrrjvgoxw,Habitatgreece,Gift cards,habitatgreece.gr,,,NO_CATEGORY_EVIDENCE,
REVIEW,cmta1n5c300vqq8iyyx9k8m2j,Hellobabyshop,Gift Card Balance,hellobabyshop.gr,,,NO_CATEGORY_EVIDENCE,
REVIEW,cmta1n5s600vsq8iywnkbmylq,Himalayatravel,Gift Voucher Archives - himalayatravel,himalayatravel.gr,,,NO_CATEGORY_EVIDENCE,
REVIEW,cmta1n69100vuq8iy4hqjjp9r,Homii,Αγοράστε μία Δωροεπιταγή,homii.gr,,,NO_CATEGORY_EVIDENCE,
REVIEW,cmta1n6q100vwq8iyj6rksewk,Hugshop,Gift Card | hug,hugshop.gr,,,NO_CATEGORY_EVIDENCE,
REVIEW,cmta1n77s00vyq8iy92o40u70,Invoidspa,Invoidspa Gift Card,invoidspa.gr,,,NO_CATEGORY_EVIDENCE,
REVIEW,cmta1n7pm00w0q8iyx5pmc739,Juniorkids,Giftcards,juniorkids.gr,,,NO_CATEGORY_EVIDENCE,
REVIEW,cmta1n88i00w2q8iyediptv4s,Kaelego,Gift card-50,kaelego.gr,,,NO_CATEGORY_EVIDENCE,
REVIEW,cmta1n8vk00w4q8iyw60rzrqc,Kare24,gift card - Kare24.gr,kare24.gr,,,NO_CATEGORY_EVIDENCE,
REVIEW,cmta1n9ed00w6q8iyqd615q39,Klotsotiras,"Gift cards - Πετσέτες, Σεντόνια, Πάπλωμα, Κουβέρτες, ...",klotsotiras.gr,,,NO_CATEGORY_EVIDENCE,
REVIEW,cmta1n9za00w8q8iy7ywbxcsm,Krikisbeauty,Gift Card 20€ | https://krikisbeauty.gr/,krikisbeauty.gr,,,NO_CATEGORY_EVIDENCE,
REVIEW,cmta1najv00waq8iye2j13aza,Lalita,Christmas Gift Card - Lalita,lalita.gr,,,NO_CATEGORY_EVIDENCE,
REVIEW,cmta1nb0500wcq8iy3kgzjhmi,Lonsdale,e-GIFTCARD,lonsdale.gr,,,NO_CATEGORY_EVIDENCE,
REVIEW,cmta1ncfn00wiq8iy4rpmw0r2,Maisonnette,Maisonnette Gift Card,maisonnette.gr,,,NO_CATEGORY_EVIDENCE,
REVIEW,cmta1ndg700wmq8iy0aym5v5k,Marinospor,Gift Card - Gift Card 100€ - Marinospor,marinospor.gr,,,NO_CATEGORY_EVIDENCE,
REVIEW,cmta1ne2h00woq8iy5xfnagka,Masazaki,Δωροκάρτα Μασάζ: Το καλύτερο εορταστικό δώρο στους ...,masazaki.gr,,,NO_CATEGORY_EVIDENCE,
REVIEW,cmta1nek400wqq8iyvh5byguc,Massagejoy,Gift Cards | Κατηγορίες προϊόντων,massagejoy.gr,,,NO_CATEGORY_EVIDENCE,
REVIEW,cmta1nf1t00wsq8iygfpp7r8t,Mediwellkalamata,Mediwellkalamata Gift Card,mediwellkalamata.gr,,,NO_CATEGORY_EVIDENCE,
REVIEW,cmta1nfnx00wuq8iyrmod0nxo,Mellifora,Gift Card Envelope,mellifora.gr,,,NO_CATEGORY_EVIDENCE,
REVIEW,cmta1ng3h00wwq8iy0jg8v49x,Minotavros,Redeem Gift Certificate,minotavros.gr,,,NO_CATEGORY_EVIDENCE,
REVIEW,cmta1ngnh00wyq8iyaskl04be,Moomoo,GIFT CARDS - moomoo.gr,moomoo.gr,,,NO_CATEGORY_EVIDENCE,
REVIEW,cmta1nh7b00x0q8iyvpuik4zd,Morfibeauty,Gift Card 100,morfibeauty.gr,,,NO_CATEGORY_EVIDENCE,
REVIEW,cmta1ni6i00x4q8iyg92fbqce,Mybabylinen,Gift Card - My Baby Linen- Χειροποίητα Βρεφικά Είδη,mybabylinen.gr,,,NO_CATEGORY_EVIDENCE,
REVIEW,cmta1niq900x6q8iyuhnwe0xg,Naeniam,Naeniam Gift Card,naeniam.gr,,,NO_CATEGORY_EVIDENCE,
REVIEW,cmta1nj7800x8q8iyqp5pjntz,Naira,Naira Gift Card,naira.gr,,,NO_CATEGORY_EVIDENCE,
REVIEW,cmta1njpt00xaq8iyktqhqu41,Noiretor,Noiretor Gift Card,noiretor.gr,,,NO_CATEGORY_EVIDENCE,
REVIEW,cmta1nk8700xcq8iy1swx5l3u,Parnassoshiking,Gift Card - Δώρισε μια εμπειρία στον Παρνασσό,parnassoshiking.gr,,,NO_CATEGORY_EVIDENCE,
REVIEW,cmta1nkqp00xeq8iyl3jdazkp,Pelopslandtravel,Pelopslandtravel Gift Card,pelopslandtravel.gr,,,NO_CATEGORY_EVIDENCE,
REVIEW,cmta1nlfj00xgq8iyfl7238ki,Philsgranola,Philsgranola Gift Card,philsgranola.gr,,,NO_CATEGORY_EVIDENCE,
REVIEW,cmta1nlwe00xiq8iylzovy6xf,Physioathens,Physioathens Gift Card,physioathens.gr,,,NO_CATEGORY_EVIDENCE,
REVIEW,cmta1nmct00xkq8iy4dlkj0k6,Piccolo Orso,Piccolo Orso Gift Card,piccolo-orso.gr,,,NO_CATEGORY_EVIDENCE,
REVIEW,cmta1nmsz00xmq8iy9pwfqup0,Porfyrastore,Porfyrastore Gift Card,porfyrastore.gr,,,NO_CATEGORY_EVIDENCE,
REVIEW,cmta1nn9k00xoq8iyzh4ts5tj,Pret A Beaute,Gift Card | Gift certificate,pret-a-beaute.gr,,,NO_CATEGORY_EVIDENCE,
REVIEW,cmta1nnui00xqq8iyverz0w50,Profitstore,ΔωροΕπιταγή - Gift Card αξίας 500€ - ProfitStore,profitstore.gr,,,NO_CATEGORY_EVIDENCE,
REVIEW,cmta1node00xsq8iye2l4utkg,Puroshop,Δωροεπιταγή - PuroShop,puroshop.gr,,,NO_CATEGORY_EVIDENCE,
REVIEW,cmta1nouh00xuq8iyjwmt7jy4,Revitalash,Gift Card – RevitaLash Greece,revitalash.gr,,,NO_CATEGORY_EVIDENCE,
REVIEW,cmta1npdy00xwq8iylneoffrn,Romina Hairstyle,Gift Cards 2 - Romina HairStyle,romina-hairstyle.gr,,,NO_CATEGORY_EVIDENCE,
REVIEW,cmta1npuk00xyq8iy9rv2fnaj,Santi,Gift Card - Δωροκάρτα – Εναλλακτικές Θεραπείες,santi.gr,,,NO_CATEGORY_EVIDENCE,
REVIEW,cmta1nqfr00y0q8iyq52gta2b,Sbokos,Gift cards,sbokos.gr,,,NO_CATEGORY_EVIDENCE,
REVIEW,cmta1nqx900y2q8iyog0cfehs,Shoelover,Shoelover Gift Card,shoelover.gr,,,NO_CATEGORY_EVIDENCE,
REVIEW,cmta1nrf100y4q8iy718rheh1,Shop Guide,Shop Guide Gift Card,shop-guide.gr,,,NO_CATEGORY_EVIDENCE,
REVIEW,cmta1nrye00y6q8iyh18c4c35,Skinpositive,Skinpositive Gift Card,skinpositive.gr,,,NO_CATEGORY_EVIDENCE,
REVIEW,cmta1nsj400y8q8iyugbq8r49,Skinu,Skinu Gift Card,skinu.gr,,,NO_CATEGORY_EVIDENCE,
REVIEW,cmta1nt2o00yaq8iym6euj9k4,Somacreations,Somacreations Gift Card,somacreations.gr,,,NO_CATEGORY_EVIDENCE,
REVIEW,cmta1ntm900ycq8iy3qr4gnvr,Spaniriides,Gift card - https://www.spaniriides.com.gr,spaniriides.com.gr,,,NO_CATEGORY_EVIDENCE,
REVIEW,cmta1nu7100yeq8iy8dkq4jas,Spaspanio,Spanio Gift Card,spaspanio.gr,,,NO_CATEGORY_EVIDENCE,
REVIEW,cmta1nup500ygq8iyjaq70mhf,Studiocalma,Gift Card - Favorite Handmade Candles - Studio Calma,studiocalma.gr,,,NO_CATEGORY_EVIDENCE,
REVIEW,cmta1nv6k00yiq8iyyvpip6na,Symmetria,Gift Cards - SYMMETRIA,symmetria.gr,,,NO_CATEGORY_EVIDENCE,
REVIEW,cmta1nvns00ykq8iyonflkr96,Tea Pot,Gift Card Αρχεία - Teapot,tea-pot.gr,,,NO_CATEGORY_EVIDENCE,
REVIEW,cmta1nwjv00yoq8iyc4zi26q7,Tirato,Gift Card TIRA TO,tirato.gr,,,NO_CATEGORY_EVIDENCE,
REVIEW,cmta1nx0b00yqq8iyfkhg9twh,Trailofmind,Gift Voucher,trailofmind.gr,,,NO_CATEGORY_EVIDENCE,
REVIEW,cmta1nxhd00ysq8iy4egocjgs,Treasurebox,Gift Card - Treasure Box,treasurebox.gr,,,NO_CATEGORY_EVIDENCE,
REVIEW,cmta1nxyl00yuq8iy89u0st0s,Trollbeads,Trollbeads Gift Card,trollbeads.gr,,,NO_CATEGORY_EVIDENCE,
REVIEW,cmta1nygv00ywq8iyut96fn9h,Vintageneedle,Vintage Needle Gift Card,vintageneedle.gr,,,NO_CATEGORY_EVIDENCE,
REVIEW,cmta1nyzl00yyq8iy0qetgjxm,Vinylartclothing,Vinyl gift card 40€,vinylartclothing.gr,,,NO_CATEGORY_EVIDENCE,
REVIEW,cmta1nzkc00z0q8iyqtq6gzps,Wallpaperstore,Gift cards - WallPaperStore,wallpaperstore.gr,,,NO_CATEGORY_EVIDENCE,
REVIEW,cmta1o01w00z2q8iyrp45us19,Yourdigitalcourses,ΔΩΡΟΚΑΡΤΑ 50,yourdigitalcourses.gr,,,NO_CATEGORY_EVIDENCE,
REVIEW,cmta1o0kq00z4q8iy2co9l3en,Yourmassage,GIFT CARD - Yourmassage - Μασάζ στο σπίτι,yourmassage.gr,,,NO_CATEGORY_EVIDENCE,
REVIEW,cmta421t70002t8iywrh9oyoy,Laura Ashley,Laura Ashley Gift Card,lauraashleyshop.gr,,,NO_CATEGORY_EVIDENCE,
REVIEW,cmta4225d0004t8iybifa3ihm,Bilero,Virtual Gift Card Αρχεία,bilero.gr,,,NO_CATEGORY_EVIDENCE,
REVIEW,cmta422iu0006t8iyjfed8tcg,Didi,Κάρτα Δώρου – MrsDiDi CraftShop - didi.gr,didi.gr,,,NO_CATEGORY_EVIDENCE,
REVIEW,cmta422w10008t8iy0kfr63lo,Martin Tailored,Αγοράστε μια Δωροκάρτα - Martin & Co - Ανδρική Ένδυση,martin-tailored.gr,,,NO_CATEGORY_EVIDENCE,
REVIEW,cmta4239t000at8iyxdbmhou6,Powerpharm,Δωροεπιταγή 30,powerpharm.gr,,,NO_CATEGORY_EVIDENCE,
REVIEW,cmta4y73l0001sciyd3rsxm5u,365pharmacy,Gift Cards | 365pharmacy.gr - Online Φαρμακείο,365pharmacy.gr,pharmacy:72,,AMBIGUOUS_CATEGORY_EVIDENCE,historical-query|data/discovery/mass-harvest-v5/clean-v5.1/high-safe.csv:pharmacy
REVIEW,cmta4y81w0005sciybyesa197,Agigma,Το Τέλειο Last-Minute Δώρο στο Ρέθυμνο – Agigma Gift Card,agigma.gr,,,NO_CATEGORY_EVIDENCE,
REVIEW,cmta4y8ik0007sciym0lmxv86,Alchemy,alchemy Gift Card,alchemy.gr,,,NO_CATEGORY_EVIDENCE,
REVIEW,cmta4y8xk0009sciynr5631pq,Alouette,E-Gift Card for all! - Alouette | Βρεφικά & Παιδικά Ρούχα,alouette.gr,,,NO_CATEGORY_EVIDENCE,
REVIEW,cmta4y9db000bsciyg566bd57,Barbopoulos,"Gift card - Barbopoulos store, Chania",barbopoulos.gr,,,NO_CATEGORY_EVIDENCE,
REVIEW,cmta4y9yz000dsciyapuj6g5h,Δωροκάρτα Beababy e,Δωροκάρτα Beababy e-Gift Card,beababy.gr,,,NO_CATEGORY_EVIDENCE,
REVIEW,cmta4yaz0000hsciy06zv6q0z,Bloomingbaby,Gift Cards - Bloomingbaby.gr,bloomingbaby.gr,,,NO_CATEGORY_EVIDENCE,
REVIEW,cmta4ybhz000jsciys63enlye,Box Box,Gift cards - Box-Box,box-box.gr,fashion:72,,AMBIGUOUS_CATEGORY_EVIDENCE,historical-query|data/discovery/mass-harvest-v5/clean-v5.1/high-safe.csv:fashion
REVIEW,cmta4ybyz000lsciyi05bqwwl,Candlejuice,Δωροκάρτα CandleJuice Gift Card 100€,candlejuice.gr,home:72,,AMBIGUOUS_CATEGORY_EVIDENCE,historical-query|data/discovery/mass-harvest-v5/clean-v5.1/high-safe.csv:home
REVIEW,cmta4ycwk000psciyut3q4w1n,Christhellas,Christhellas Gift Card,christhellas.gr,,,NO_CATEGORY_EVIDENCE,
REVIEW,cmta4ydvb000tsciyww37i2fq,Δωροκάρτα Πλυντηρίου - Cityzen,Δωροκάρτα Πλυντηρίου - Cityzen,cityzen.com.gr,,,NO_CATEGORY_EVIDENCE,
REVIEW,cmta4yeb3000vsciy8unk0l29,Crusters,⁠Gift card Archives - Crusters,crusters.gr,,,NO_CATEGORY_EVIDENCE,
REVIEW,cmta4yesu000xsciyi9f6b632,Dariayoga,Yoga Gift Card: Χάρισε Ευεξία & Εμπειρίες - Daria Yoga,dariayoga.gr,,,NO_CATEGORY_EVIDENCE,
REVIEW,cmta4yfe1000zsciy02ejjqqf,Ηλεκτρονική Δωροκάρτα - SportCafe,Ηλεκτρονική Δωροκάρτα - SportCafe,sportcafe.gr,,,NO_CATEGORY_EVIDENCE,
REVIEW,cmta4ygcg0013sciymb0mpc1u,Face It,Gift Cards - FaceIt,face-it.gr,,,NO_CATEGORY_EVIDENCE,
REVIEW,cmta4ygt70015sciy7ka9te7j,Fairytale,Fairytale Gift Card,fairytale.com.gr,,,NO_CATEGORY_EVIDENCE,
REVIEW,cmta4yh9u0017sciy4yb84cy2,Familychef,GIFT CARDS – FamilyChef,familychef.gr,,,NO_CATEGORY_EVIDENCE,
REVIEW,cmta4yhq70019sciyd5n1thde,Freudoriental,FREUD ORIENTAL Gift Cards – Give Unique Gastronomic ...,freudoriental.gr,restaurants:72,,AMBIGUOUS_CATEGORY_EVIDENCE,historical-query|data/discovery/mass-harvest-v5/clean-v5.1/high-safe.csv:restaurants
REVIEW,cmta4yi6v001bsciyp7vwf5ct,Gasmoto,e-Gift Card ΑΠΟ GAS Motosport Culture,gasmoto.gr,,,NO_CATEGORY_EVIDENCE,
REVIEW,cmta4yj4g001fsciy0ipo9fb8,Green Leaf,Greenleaf Gift Card,green-leaf.gr,sports:72,,AMBIGUOUS_CATEGORY_EVIDENCE,historical-query|data/discovery/mass-harvest-v5/clean-v5.1/high-safe.csv:sports
REVIEW,cmta4ykff001jsciy0c44rmjw,Hebekidshome,e-Gift Card Hebe Kids Home - Ιδανικό Δώρο για Κάθε ...,hebekidshome.gr,home:72,,AMBIGUOUS_CATEGORY_EVIDENCE,historical-query|data/discovery/mass-harvest-v5/clean-v5.1/high-safe.csv:home
REVIEW,cmta4ykx8001lsciyu1m24dqd,Iaso,IASO presents “IASO Gift Card” for Mammography,iaso.gr,technology:72,,AMBIGUOUS_CATEGORY_EVIDENCE,historical-query|data/discovery/mass-harvest-v5/clean-v5.1/high-safe.csv:technology
REVIEW,cmta4ylfj001nsciy8jb7e1fk,Irisproject,Gift Card | The Iris Project,irisproject.gr,,,NO_CATEGORY_EVIDENCE,
REVIEW,cmta4yluz001psciy0wjw11o5,Jardinplus,Gift Card Jardin Plus,jardinplus.gr,,,NO_CATEGORY_EVIDENCE,
REVIEW,cmta4ymbf001rsciyxe7d8lyq,Δωροκάρτα - Karfitsomenos Gatos,Δωροκάρτα - Karfitsomenos Gatos,karfitsomenosgatos.gr,,,NO_CATEGORY_EVIDENCE,
REVIEW,cmta4ymsn001tsciyyvjfc8uf,Katsudo,Katsudo Gift Card,katsudo.gr,,,NO_CATEGORY_EVIDENCE,
REVIEW,cmta4yna7001vsciyjdd4avht,Kidscom,Gift card - Kidscom.gr,kidscom.gr,,,NO_CATEGORY_EVIDENCE,
REVIEW,cmta4yo8c001zsciybdwdoiop,Kitabu,Kitabu Gift Card,kitabu.gr,books:72,,AMBIGUOUS_CATEGORY_EVIDENCE,historical-query|data/discovery/mass-harvest-v5/clean-v5.1/high-safe.csv:books
REVIEW,cmta4yop20021sciygr9rpkdk,Kolbo,KOLBO Gift Card,kolbo.gr,,,NO_CATEGORY_EVIDENCE,
REVIEW,cmta4yp610023sciy7a769qlz,Koroneos,Gift Cards - Koroneos - BREE,koroneos.gr,,,NO_CATEGORY_EVIDENCE,
REVIEW,cmta4ypmb0025sciygzh9a89h,Kounelis,e-GIFT CARD,kounelis.com.gr,,,NO_CATEGORY_EVIDENCE,
REVIEW,cmta4yq2s0027sciyax7l2fff,Kovemykonos,Gift Cards | Kove Mykonos Luxury Boutique Hotel,kovemykonos.gr,,,NO_CATEGORY_EVIDENCE,
REVIEW,cmta4yr0v002bsciy3uqdyifr,Lanuit,Gift Cards - La Nuit,lanuit.gr,fashion:72,,AMBIGUOUS_CATEGORY_EVIDENCE,historical-query|data/discovery/mass-harvest-v5/clean-v5.1/high-safe.csv:fashion
REVIEW,cmta4yrha002dsciywsr7shx4,Leatherstudio,"Gift Card 25,00 - Leather Studio",leatherstudio.gr,,,NO_CATEGORY_EVIDENCE,
REVIEW,cmta4yryo002fsciyhkz02ixr,Δωροκάρτα Love Generation,Δωροκάρτα Love Generation,lovegeneration.gr,fashion:72,,AMBIGUOUS_CATEGORY_EVIDENCE,historical-query|data/discovery/mass-harvest-v5/clean-v5.1/high-safe.csv:fashion
REVIEW,cmta4ysff002hsciy2iv2ntfk,Lovelykids,Gift Cards - Lovelykids.gr,lovelykids.gr,,,NO_CATEGORY_EVIDENCE,
REVIEW,cmta4yswj002jsciyi6a7q4zk,Lumiere,LUMIERE Gift Card,lumiere.com.gr,,,NO_CATEGORY_EVIDENCE,
REVIEW,cmta4ytua002nsciye5jdpjc2,Megafitness,"Megafitness Gift Card 300,00€",megafitness.gr,sports:72,,AMBIGUOUS_CATEGORY_EVIDENCE,historical-query|data/discovery/mass-harvest-v5/clean-v5.1/high-safe.csv:sports
REVIEW,cmta4yuag002psciyoexjru1o,Mgsound,MGsound Gift Card 300€ | Premium Event Gift Card,mgsound.gr,,,NO_CATEGORY_EVIDENCE,
REVIEW,cmta4yv84002tsciyjas302lw,Moonboon,Gift Card for Moonboon - For the New/Soon-to-Be Parents,moonboon.gr,,,NO_CATEGORY_EVIDENCE,
REVIEW,cmta4yvpr002vsciyrkj6lfwe,Motoholics e,Motoholics e-Gift Card,motoholics.gr,,,NO_CATEGORY_EVIDENCE,
REVIEW,cmta4yw6q002xsciynztac1t7,Msystems,Msystems Δωροκάρτα 10e | Δωροκάρτες,msystems.gr,,,NO_CATEGORY_EVIDENCE,
REVIEW,cmta4ywn6002zsciyr9vasxj3,Δωροκάρτα mybeautybox,Δωροκάρτα mybeautybox,mybeautybox.gr,beauty:72,,AMBIGUOUS_CATEGORY_EVIDENCE,historical-query|data/discovery/mass-harvest-v5/clean-v5.1/high-safe.csv:beauty
REVIEW,cmta4yxlb0033sciyael51jww,Myconian Utopia,Myconian Utopia | Gift Cards,myconianutopia.gr,hotels:72,,AMBIGUOUS_CATEGORY_EVIDENCE,historical-query|data/discovery/mass-harvest-v5/clean-v5.1/high-safe.csv:hotels
REVIEW,cmta4yyi40037sciy4r3rabo3,Niai,Niai Gift Card,niai.gr,,,NO_CATEGORY_EVIDENCE,
REVIEW,cmta4z09e003fsciy54qp8l7j,Rideonline,GIFT CARD - rideonline bmx streetwear,rideonline.gr,experiences:72,,AMBIGUOUS_CATEGORY_EVIDENCE,historical-query|data/discovery/mass-harvest-v5/clean-v5.1/high-safe.csv:experiences
REVIEW,cmta4z0qq003hsciyib8smkmj,Rococo,Gift Cards - Rococo,rococo.gr,fashion:72,,AMBIGUOUS_CATEGORY_EVIDENCE,historical-query|data/discovery/mass-harvest-v5/clean-v5.1/high-safe.csv:fashion
REVIEW,cmta4z237003nsciya30y9c8g,Semiology,Semiology Gift Cards,semiology.gr,fashion:72,,AMBIGUOUS_CATEGORY_EVIDENCE,historical-query|data/discovery/mass-harvest-v5/clean-v5.1/high-safe.csv:fashion
REVIEW,cmta4z2k7003psciyr57m9pwe,Shell,Shell Gift Card | Shell Hellas,shell.gr,,,NO_CATEGORY_EVIDENCE,
REVIEW,cmta4z30z003rsciyrl03a9ai,Simplygreen,Gift Card - Δωροκάρτα Αρχεία - Simply Green | Στρώματα γιόγκα,simplygreen.gr,,,NO_CATEGORY_EVIDENCE,
REVIEW,cmta4z3tp003tsciyordv4bmd,Spaprive,"Gift Card | Massage, Spa Suites, Spa Prive, Thessaloniki ...",spaprive.gr,,,NO_CATEGORY_EVIDENCE,
REVIEW,cmta4z49k003vsciyj7ag8khc,Δωροκάρτα - Studio Fix,Δωροκάρτα - Studio Fix,studiofix.gr,experiences:72,,AMBIGUOUS_CATEGORY_EVIDENCE,historical-query|data/discovery/mass-harvest-v5/clean-v5.1/high-safe.csv:experiences
REVIEW,cmta4z4qr003xsciyykm8w59d,Tailor Made Knitwear,Tailor Made Knitwear Gift Card,tailormadeknitwear.com.gr,,,NO_CATEGORY_EVIDENCE,
REVIEW,cmta4z59u003zsciyolycjiwh,Trapped,TRAPPED GIFT CARD | Τα πιο συναρπαστικά Escape Rooms,trapped.gr,experiences:72,,AMBIGUOUS_CATEGORY_EVIDENCE,historical-query|data/discovery/mass-harvest-v5/clean-v5.1/high-safe.csv:experiences
REVIEW,cmta4z5vh0041sciye1uhquaq,Δωροκάρτα – Uba | Clothing & Massage Oils,Δωροκάρτα – Uba | Clothing & Massage Oils,uba.gr,fashion:72,,AMBIGUOUS_CATEGORY_EVIDENCE,historical-query|data/discovery/mass-harvest-v5/clean-v5.1/high-safe.csv:fashion
REVIEW,cmta4z6cu0043sciymjjhzvy3,Ullapopken,Gift Cards | Ulla Popken,ullapopken.gr,fashion:72,,AMBIGUOUS_CATEGORY_EVIDENCE,historical-query|data/discovery/mass-harvest-v5/clean-v5.1/high-safe.csv:fashion
REVIEW,cmta4z6uc0045sciy734e8srp,Valaora,Gift Card - Valaora,valaora.gr,,,NO_CATEGORY_EVIDENCE,
REVIEW,cmta4z7cs0047sciydudnn59j,Vassilenas,Vassilenas Gift Card,vassilenas.gr,restaurants:72,,AMBIGUOUS_CATEGORY_EVIDENCE,historical-query|data/discovery/mass-harvest-v5/clean-v5.1/high-safe.csv:restaurants
REVIEW,cmta4z8gh004bsciyrey9tw17,Δωροκάρτα Vip Art,Δωροκάρτα Vip Art,vipart.gr,,,NO_CATEGORY_EVIDENCE,
REVIEW,cmta4z8wh004dsciyp2mmpzw7,Wildsouls,Gift Card - Wild Souls,wildsouls.gr,,,NO_CATEGORY_EVIDENCE,
REVIEW,cmta4z9v3004hsciy7b57j3u9,Zerogravity,Zero Gravity Gift Card,zerogravity.gr,sports:72,,AMBIGUOUS_CATEGORY_EVIDENCE,historical-query|data/discovery/mass-harvest-v5/clean-v5.1/high-safe.csv:sports
REVIEW,cmta5nkcq000154iymuc26j35,Access Shop,Gift Card - Access Shop,access-shop.gr,,,NO_CATEGORY_EVIDENCE,
REVIEW,cmta5nkqd000354iye66fxcah,Atelie,Atelie Gift Card,atelie.com.gr,,,NO_CATEGORY_EVIDENCE,
REVIEW,cmta5nl44000554iylrg3qski,Museumofillusions,Buy a gift card | Museum of Illusions Athens,museumofillusions.gr,,,NO_CATEGORY_EVIDENCE,
REVIEW,cmta5nlwr000954iy1cgp5nb2,Audio Control,Δωροκάρτα - Audio Control,audiocontrol.gr,,,NO_CATEGORY_EVIDENCE,
REVIEW,cmta5nnds000h54iyecjh5wy2,Divingstore,Diving Store Gift Voucher,divingstore.gr,,,NO_CATEGORY_EVIDENCE,
REVIEW,cmta5nnqb000j54iy5h71qhyd,Floraplant,Floraplant Gift Card,floraplant.gr,home:72,,AMBIGUOUS_CATEGORY_EVIDENCE,historical-query|data/discovery/mega-harvest-v6/clean-v6/auto-safe.csv:home
REVIEW,cmta5no2o000l54iyn0hww43y,esthai,E-Gift Card - esthai,esthai.gr,,,NO_CATEGORY_EVIDENCE,
REVIEW,cmta5noft000n54iyyotz6yw5,Fuel,Fuel Gift Card,fuel.com.gr,,,NO_CATEGORY_EVIDENCE,
REVIEW,cmta5npkk000t54iyjgkmw0i1,Kalina Concept Store,Kalina Concept Store - GIFT CARD,kalinaconceptstore.gr,,,NO_CATEGORY_EVIDENCE,
REVIEW,cmta5nqmr000z54iy6mzkfi9o,krokodila,Gift Cards - krokodila,krokodila.gr,,,NO_CATEGORY_EVIDENCE,
REVIEW,cmta5nr07001154iydfgb6an6,Lazoptics,Uncategorized Δωροκάρτα | Οπτικά Laz Optics Πειραιάς,lazoptics.gr,,,NO_CATEGORY_EVIDENCE,
REVIEW,cmta5nrpi001554iy38lsipa9,Love It,Love.it Gift Card Digital,love-it.gr,,,NO_CATEGORY_EVIDENCE,
REVIEW,cmta5ns2z001754iyqm8xijsp,Madeofglass,Made of Glass Gift Card,madeofglass.gr,,,NO_CATEGORY_EVIDENCE,
REVIEW,cmta5ntz1001h54iy7fo89p8f,Myconian Naia Boutique Hotel,Gift Cards | Myconian Naia Boutique Hotel,myconian-naia.gr,,,NO_CATEGORY_EVIDENCE,
REVIEW,cmta5nucz001j54iyk2uep1aq,Myprotein,"Myprotein Gift Voucher, £50",myprotein.gr,gaming:72,,AMBIGUOUS_CATEGORY_EVIDENCE,historical-query|data/discovery/mega-harvest-v6/clean-v6/auto-safe.csv:gaming
REVIEW,cmta5nv42001n54iywdz7r09e,Naxos Art,Naxos Art Gift Card,naxos-art.gr,,,NO_CATEGORY_EVIDENCE,
REVIEW,cmta5nvi5001p54iyc6wox7hx,Neraw,Neraw Digital Gift Card | Planted Ceramic Sculpture,neraw.gr,,,NO_CATEGORY_EVIDENCE,
REVIEW,cmta5nvuy001r54iyd9p9lep4,Petridis Stores,Petridis Stores Gift Card,petridi.gr,,,NO_CATEGORY_EVIDENCE,
REVIEW,cmta5nw9j001t54iybpluaasg,Poem Luxury,Δωροκάρτα Poem-Luxury 100,poem-luxury.gr,,,NO_CATEGORY_EVIDENCE,
REVIEW,cmta5nwmb001v54iyw3bzxz6q,Proswimwear,ProSwimwear Δωροεπιταγή | Οι Καλύτερες Τιμές Online,proswimwear.gr,,,NO_CATEGORY_EVIDENCE,
REVIEW,cmta5nwz8001x54iybk0fzt5z,Purity Vision COM,Purity Vision COM Gift Card,purityvision.gr,,,NO_CATEGORY_EVIDENCE,
REVIEW,cmta5nxca001z54iyk1x3ihrh,sexodonia,sexodonia Gift Card,sexodonia.gr,fashion:72,,AMBIGUOUS_CATEGORY_EVIDENCE,historical-query|data/discovery/mega-harvest-v6/clean-v6/auto-safe.csv:fashion
REVIEW,cmta5nxp2002154iym24cxgfr,Shine4ever.gr,Gift Voucher - Shine4ever.gr,shine4ever.gr,,,NO_CATEGORY_EVIDENCE,
REVIEW,cmta5ny2d002354iyvhj9mkz0,Smaragdasart,E-Δωροκάρτα 200€,smaragdasart.gr,,,NO_CATEGORY_EVIDENCE,
REVIEW,cmta5nyde002454iyc6vaizw0,Thomann,Thomann Gift Card,thomann.de,,,NO_CATEGORY_EVIDENCE,
REVIEW,cmta5nz6o002854iydldfcozj,Archives - Two And A Half - twoandahalf.gr,Gift Card Archives - Two And A Half - twoandahalf.gr,twoandahalf.gr,fashion:72,,AMBIGUOUS_CATEGORY_EVIDENCE,historical-query|data/discovery/mega-harvest-v6/clean-v6/auto-safe.csv:fashion
REVIEW,cmta5nziq002a54iyxymjif5e,VapeLux,Δωροκάρτα | VapeLux,vapelux.gr,,,NO_CATEGORY_EVIDENCE,
REVIEW,cmta5nzvj002c54iyh4tnx9jy,WARAGOD,WARAGOD Gift Card,waragod.gr,fashion:72,,AMBIGUOUS_CATEGORY_EVIDENCE,historical-query|data/discovery/mega-harvest-v6/clean-v6/auto-safe.csv:fashion
REVIEW,cmta5o0l0002g54iyn7su7krr,World of Vision,World of Vision - E-Gift Card,worldofvision.gr,,,NO_CATEGORY_EVIDENCE,
REVIEW,cmta5o0yq002i54iy40mdbr2u,Zairacollection,Zaira Gift Card - Zaira Collection Furniture,zairacollection.gr,home:84 | sports:72,,AMBIGUOUS_CATEGORY_EVIDENCE,unambiguous-merchant-keyword:home | historical-query|data/discovery/mega-harvest-v6/clean-v6/auto-safe.csv:sports
REVIEW,cmtb62f35000194iyb29w1nw8,Absolutemassageandspa,Absolutemassageandspa Gift Card,absolutemassageandspa.gr,,,NO_CATEGORY_EVIDENCE,
REVIEW,cmtb62fvk000594iyj5lztsez,Beautyworldbydg,Beautyworldbydg Gift Card,beautyworldbydg.gr,beauty:72,,AMBIGUOUS_CATEGORY_EVIDENCE,historical-query|data/discovery/focused-harvest-v7-run1-backup/clean-v7/auto-safe.csv:beauty
REVIEW,cmtb62g9d000794iyfpwunpxv,Camperisimo,Gift Voucher,camperisimo.gr,experiences:72,,AMBIGUOUS_CATEGORY_EVIDENCE,historical-query|data/discovery/focused-harvest-v7-run1-backup/clean-v7/auto-safe.csv:experiences
REVIEW,cmtb62gnq000994iyw80hhe2v,Deximi,Gift Voucher,deximi.gr,fashion:72,,AMBIGUOUS_CATEGORY_EVIDENCE,historical-query|data/discovery/focused-harvest-v7-run1-backup/clean-v7/auto-safe.csv:fashion
REVIEW,cmtb62h0x000b94iyehu8zlg5,Esiot,Esiot Gift Card,esiot.gr,fashion:72,,AMBIGUOUS_CATEGORY_EVIDENCE,historical-query|data/discovery/focused-harvest-v7-run1-backup/clean-v7/auto-safe.csv:fashion
REVIEW,cmtb62he9000d94iyxompo58c,Fatalbeautylab,Gift Cards,fatalbeautylab.gr,beauty:72,,AMBIGUOUS_CATEGORY_EVIDENCE,historical-query|data/discovery/focused-harvest-v7-run1-backup/clean-v7/auto-safe.csv:beauty
REVIEW,cmtb62hqq000f94iyv9s6defo,Fluffyhugs,Δωροκάρτα,fluffyhugs.gr,,,NO_CATEGORY_EVIDENCE,
REVIEW,cmtb62i42000h94iyyunpk1hf,Fmsstores,Fmsstores Gift Card,fmsstores.gr,fashion:72,,AMBIGUOUS_CATEGORY_EVIDENCE,historical-query|data/discovery/focused-harvest-v7-run1-backup/clean-v7/auto-safe.csv:fashion
REVIEW,cmtb62iiy000j94iy06vaeu26,Frati,Frati Gift Card,frati.gr,,,NO_CATEGORY_EVIDENCE,
REVIEW,cmtb62jba000n94iyr2xf03bd,Gbroofgarden,Δωροεπιταγές,gbroofgarden.gr,hotels:72,,AMBIGUOUS_CATEGORY_EVIDENCE,historical-query|data/discovery/focused-harvest-v7-run1-backup/clean-v7/auto-safe.csv:hotels
REVIEW,cmtb62jq0000p94iyt5d2mzss,Ggio,Gift Cards,ggio.gr,,,NO_CATEGORY_EVIDENCE,
REVIEW,cmtb62k3c000r94iytlubd8tx,Gofishome,Gofishome Gift Card,gofishome.gr,home:72,,AMBIGUOUS_CATEGORY_EVIDENCE,historical-query|data/discovery/focused-harvest-v7-run1-backup/clean-v7/auto-safe.csv:home
REVIEW,cmtb62kft000t94iyoh4z8szg,Hobby,Δωροεπιταγές,hobby.gr,home:72,,AMBIGUOUS_CATEGORY_EVIDENCE,historical-query|data/discovery/focused-harvest-v7-run1-backup/clean-v7/auto-safe.csv:home
REVIEW,cmtb62ksr000v94iyg6aw8eqd,Idolosalon,Idolosalon Gift Card,idolosalon.gr,,,NO_CATEGORY_EVIDENCE,
REVIEW,cmtb62l5k000x94iyh8vs7gfk,Ivanacappuccini,Ivanacappuccini Gift Card,ivanacappuccini.gr,,,NO_CATEGORY_EVIDENCE,
REVIEW,cmtb62lib000z94iyny0wsg5c,Jukebooks,Δωροκάρτες,jukebooks.gr,books:72,,AMBIGUOUS_CATEGORY_EVIDENCE,historical-query|data/discovery/mass-harvest-v5/clean-v5.1/high-safe.csv:books
REVIEW,cmtb62lvm001194iyq5zn5axw,Kids Garden,Gift Card - Kids Garden,kidsgarden.gr,,,NO_CATEGORY_EVIDENCE,
REVIEW,cmtb62m9i001394iyhpjrq5xk,Leparfum,Leparfum Gift Card,leparfum.com.gr,beauty:72,,AMBIGUOUS_CATEGORY_EVIDENCE,historical-query|data/discovery/focused-harvest-v7-run1-backup/clean-v7/auto-safe.csv:beauty
REVIEW,cmtb62mmg001594iyc4wmnrb6,Lousma,Lousma Gift Card,lousma.gr,,,NO_CATEGORY_EVIDENCE,
REVIEW,cmtb62mzp001794iymwe27b7c,Morethanthis,Gift Voucher,morethanthis.gr,home:72,,AMBIGUOUS_CATEGORY_EVIDENCE,historical-query|data/discovery/focused-harvest-v7-run1-backup/clean-v7/auto-safe.csv:home
REVIEW,cmtb62ncf001994iy7kzv2o19,Motorparts,Gift Cards,motorparts.com.gr,,,NO_CATEGORY_EVIDENCE,
REVIEW,cmtb62nq0001b94iy044otdr1,Muye,Gift Card – Muye,muye.gr,,,NO_CATEGORY_EVIDENCE,
REVIEW,cmtb62o37001d94iy7xjkbihk,Myconian Imperial Resort,Gift Cards | Myconian Imperial Resort,myconianimperial.gr,hotels:84 | experiences:72,,AMBIGUOUS_CATEGORY_EVIDENCE,unambiguous-merchant-keyword:hotels | historical-query|data/discovery/focused-harvest-v7-run1-backup/clean-v7/auto-safe.csv:experiences
REVIEW,cmtb62ofv001f94iytqkcxpz6,Myconiankyma,Gift Cards,myconiankyma.gr,,,NO_CATEGORY_EVIDENCE,
REVIEW,cmtb62osx001h94iyfilwbr22,Najma,Δωροκάρτα,najma.gr,,,NO_CATEGORY_EVIDENCE,
REVIEW,cmtb62p6j001j94iy0wbk6jyl,Send gifts and wishes to your beloved ones,E-Gift card - Send gifts and wishes to your beloved ones,neraidochora.gr,,,NO_CATEGORY_EVIDENCE,
REVIEW,cmtb62pj6001l94iyhjzhf3fh,Nousoma,Nousoma Gift Card,nousoma.gr,,,NO_CATEGORY_EVIDENCE,
REVIEW,cmtb62pv8001n94iyge6r4vvp,Oikosterzis,GIFT CARDS,oikosterzis.gr,home:72 | sports:72,,AMBIGUOUS_CATEGORY_EVIDENCE,historical-query|data/discovery/focused-harvest-v7-run1-backup/clean-v7/auto-safe.csv:home | historical-query|data/discovery/mass-harvest-v5/clean-v5.1/high-safe.csv:sports
REVIEW,cmtb62q8a001p94iypyoj6lpu,Mideast,Gift Vouchers,mideast.gr,,,NO_CATEGORY_EVIDENCE,
REVIEW,cmtb62qlm001r94iy91xv9clz,Outdoorshop,Gift Card - Δωροεπιταγή,outdoorshop.gr,fashion:72,,AMBIGUOUS_CATEGORY_EVIDENCE,historical-query|data/discovery/focused-harvest-v7-run1-backup/clean-v7/auto-safe.csv:fashion
REVIEW,cmtb62qxu001t94iyyxg9umfo,Pamemassage,Pamemassage Gift Card,pamemassage.gr,,,NO_CATEGORY_EVIDENCE,
REVIEW,cmtb62rai001v94iyjd4xhwwl,Radiodaysfashion,Radiodaysfashion Gift Card,radiodaysfashion.gr,fashion:72,,AMBIGUOUS_CATEGORY_EVIDENCE,historical-query|data/discovery/focused-harvest-v7-run1-backup/clean-v7/auto-safe.csv:fashion
REVIEW,cmtb62rnr001x94iyaexszvck,Salondemassage,Salondemassage Gift Card,salondemassage.gr,,,NO_CATEGORY_EVIDENCE,
REVIEW,cmtb62s09001z94iy1ofsp7v6,Serkos,Serkos Gift Card,serkos.gr,,,NO_CATEGORY_EVIDENCE,
REVIEW,cmtb62sem002194iy651slae1,Sfinx,Sfinx Gift Card,sfinx.gr,,,NO_CATEGORY_EVIDENCE,
REVIEW,cmtb62sre002394iyu3pfl7b1,Spanails Delmaresole,Gift Cards,spanails-delmaresole.gr,beauty:72,,AMBIGUOUS_CATEGORY_EVIDENCE,historical-query|data/discovery/focused-harvest-v7-run1-backup/clean-v7/auto-safe.csv:beauty
REVIEW,cmtb62t3c002594iyg02duold,Stellaisland,Gift Voucher,stellaisland.gr,hotels:72,,AMBIGUOUS_CATEGORY_EVIDENCE,historical-query|data/discovery/mass-harvest-v5/clean-v5.1/high-safe.csv:hotels
REVIEW,cmtb62tgf002794iyz4by47el,Sweetnspicy,Δωροκάρτα,sweetnspicy.gr,food-delivery:84 | hotels:72,,AMBIGUOUS_CATEGORY_EVIDENCE,unambiguous-merchant-keyword:food-delivery | historical-query|data/discovery/focused-harvest-v7-run1-backup/clean-v7/auto-safe.csv:hotels
REVIEW,cmtb62tub002994iy1zvxngz9,για Γέννηση ή Βάπτιση – TeleioPlayRoom.gr,Δωροκάρτα για Γέννηση ή Βάπτιση – TeleioPlayRoom.gr,teleioplayroom.gr,home:72,,AMBIGUOUS_CATEGORY_EVIDENCE,historical-query|data/discovery/focused-harvest-v7-run1-backup/clean-v7/auto-safe.csv:home
REVIEW,cmtb62ujl002d94iyrdhk5afr,Thejerkins,Thejerkins Gift Card,thejerkins.com.gr,,,NO_CATEGORY_EVIDENCE,
REVIEW,cmtb62uwc002f94iyphkg86az,Themeetmarket,Gift Cards,themeetmarket.gr,,,NO_CATEGORY_EVIDENCE,
REVIEW,cmtb62v9t002h94iy007xdnrw,Thermaesylla,Gift Voucher,thermaesylla.gr,,,NO_CATEGORY_EVIDENCE,
REVIEW,cmtb62vyy002l94iyjyij5od6,Trekking,Trekking Gift Card,trekking.gr,travel:72,,AMBIGUOUS_CATEGORY_EVIDENCE,historical-query|data/discovery/focused-harvest-v7-run1-backup/clean-v7/auto-safe.csv:travel
REVIEW,cmtb62wck002n94iyxu7127ef,Tudorhall,Δωροεπιταγές,tudorhall.gr,restaurants:72,,AMBIGUOUS_CATEGORY_EVIDENCE,historical-query|data/discovery/focused-harvest-v7-run1-backup/clean-v7/auto-safe.csv:restaurants
REVIEW,cmtb62wp2002p94iye0pg873t,Villailias,Gift Voucher,villailias.gr,hotels:72,,AMBIGUOUS_CATEGORY_EVIDENCE,historical-query|data/discovery/focused-harvest-v7-run1-backup/clean-v7/auto-safe.csv:hotels
REVIEW,cmtb62x1u002r94iy0d2ufvi9,Zuraris,Δωροκάρτα,zuraris.gr,fashion:72,,AMBIGUOUS_CATEGORY_EVIDENCE,historical-query|data/discovery/focused-harvest-v7-run1-backup/clean-v7/auto-safe.csv:fashion
REVIEW,cmtb6e0nb0003i4iyoxrlm6gj,Koumoulia,Koumoulia Gift Card,koumoulia.gr,,,NO_CATEGORY_EVIDENCE,
REVIEW,cmtb6ueft00033giysa45o8eu,Abajourmonamour,Gift cards,abajourmonamour.gr,,,NO_CATEGORY_EVIDENCE,
REVIEW,cmtb6ugaj000d3giycxlifea1,Angelsflowers,Δωροκάρτα,angelsflowers.gr,,,NO_CATEGORY_EVIDENCE,
REVIEW,cmtb6ugoe000f3giyxjtw5z05,Art Center,Δωροεπιταγές,art-center.com.gr,,,NO_CATEGORY_EVIDENCE,
REVIEW,cmtb6uh27000h3giy1gjnuq15,Asian For All 50ε,Δωροκάρτα Asian For All 50ε,asianforall.gr,,,NO_CATEGORY_EVIDENCE,
REVIEW,cmtb6uijf000p3giy2w2ofsxh,Black Swan LBS,Black Swan LBS Gift Card,blackswan-lbs.gr,,,NO_CATEGORY_EVIDENCE,
REVIEW,cmtb6uiwb000r3giyfnoob57v,Bodywise Studio,Bodywise Studio Gift Card,bodywise.gr,sports:72,,AMBIGUOUS_CATEGORY_EVIDENCE,historical-query|data/discovery/review-universe-v1/second-pass-safe.csv:sports
REVIEW,cmtb6uja2000t3giyytc1fg40,Borsanuova,Δωροκάρτες,borsanuova.gr,fashion:72,,AMBIGUOUS_CATEGORY_EVIDENCE,historical-query|data/discovery/review-universe-v1/second-pass-safe.csv:fashion
REVIEW,cmtb6ujnj000v3giyddwi3q5a,Cafe Manteio - Ψυχικοί Σύμβουλοι,Δωροκάρτα - Cafe Manteio - Ψυχικοί Σύμβουλοι,cafemanteio.gr,,,NO_CATEGORY_EVIDENCE,
REVIEW,cmtb6uk1i000x3giyckrsgvzu,Calza,Δωροκάρτα - Calza,calza.gr,,,NO_CATEGORY_EVIDENCE,
REVIEW,cmtb6uke8000z3giy1zoyix8p,Cestino,Cestino Gift Card,cestino.gr,,,NO_CATEGORY_EVIDENCE,
REVIEW,cmtb6ukrk00113giy3b51tyv1,Coffee Lovers,Coffee Lovers Gift Card,coffeelovers.gr,,,NO_CATEGORY_EVIDENCE,
REVIEW,cmtb6ul4v00133giyhgnnpf1j,ColorDrop,ColorDrop Gift Card,colordrop.gr,home:72,,AMBIGUOUS_CATEGORY_EVIDENCE,historical-query|data/discovery/review-universe-v1/second-pass-safe.csv:home
REVIEW,cmtb6uli700153giy75i0msk9,Confetti Gifts,Confetti Gifts Gift Card,confetti-gifts.gr,,,NO_CATEGORY_EVIDENCE,
REVIEW,cmtb6ulve00173giyp4cuj8gc,Decomagia,Δωροεπιταγή,decomagia.gr,home:72,,AMBIGUOUS_CATEGORY_EVIDENCE,historical-query|data/discovery/review-universe-v1/second-pass-safe.csv:home
REVIEW,cmtb6um9000193giyhxszewcb,Χάρισε μια Δωροκάρτα - District75,Χάρισε μια Δωροκάρτα - District75,district75.gr,sports:72,,AMBIGUOUS_CATEGORY_EVIDENCE,historical-query|data/discovery/review-universe-v1/second-pass-safe.csv:sports
REVIEW,cmtb6umlr001b3giycaopqllh,DMK Tools,DMK Tools Gift Card,dmktools.gr,,,NO_CATEGORY_EVIDENCE,
REVIEW,cmtb6umzi001d3giysa8ho0au,eboxing,Δωροκάρτα eboxing,eboxing.gr,sports:72,,AMBIGUOUS_CATEGORY_EVIDENCE,historical-query|data/discovery/review-universe-v1/second-pass-safe.csv:sports
REVIEW,cmtb6unda001f3giyh9ahgeme,Espressoshop.gr Νο 1 Κατάστημα πώλησης ...,Δωροκάρτα - Espressoshop.gr Νο 1 Κατάστημα πώλησης ...,espressoshop.gr,,,NO_CATEGORY_EVIDENCE,
REVIEW,cmtb6uox1001m3giybq8qyts9,Francesca,Francesca Gift Card,francesca.gr,home:72,,AMBIGUOUS_CATEGORY_EVIDENCE,historical-query|data/discovery/review-universe-v1/second-pass-safe.csv:home
REVIEW,cmtb6uq1p001s3giyrbtdkh3t,Αγοράστε μία Δωροεπιταγή - Gifts 4 All,Αγοράστε μία Δωροεπιταγή - Gifts 4 All,gifts4all.com.gr,,,NO_CATEGORY_EVIDENCE,
REVIEW,cmtb6uqep001u3giya6xdb0l8,Globi,Globi Gift Card,globi.gr,gaming:72,,AMBIGUOUS_CATEGORY_EVIDENCE,historical-query|data/discovery/review-universe-v1/second-pass-safe.csv:gaming
REVIEW,cmtb6uqs6001w3giyxb5aq7nl,Groombox,Δωροκάρτα - Groombox,groombox.gr,,,NO_CATEGORY_EVIDENCE,
REVIEW,cmtb6ur4z001y3giyzx2tgh2i,Happydonkey,Δωροκάρτα,happydonkey.gr,,,NO_CATEGORY_EVIDENCE,
REVIEW,cmtb6urib00203giyzhdgmnv4,HelloKids,HelloKids Gift Card,hellokids.gr,,,NO_CATEGORY_EVIDENCE,
REVIEW,cmtb6urwa00223giyk2encfwh,Heraklion Improv Theater,Δωροκάρτα Heraklion Improv Theater,heraklionimprov.gr,,,NO_CATEGORY_EVIDENCE,
REVIEW,cmtb6uso100263giyirsjmlru,Joykidsboutique,Δωροκάρτα,joykidsboutique.gr,,,NO_CATEGORY_EVIDENCE,
REVIEW,cmtb6ut1z00283giy0v2x8vsg,Karam Spa - Karam - Προϊόντα ευεξίας & ομορφιάς,Δωροκάρτα Karam Spa - Karam - Προϊόντα ευεξίας & ομορφιάς,karam.gr,spa-wellness:84 | hotels:72,,AMBIGUOUS_CATEGORY_EVIDENCE,unambiguous-merchant-keyword:spa-wellness | historical-query|data/discovery/review-universe-v1/second-pass-safe.csv:hotels
REVIEW,cmtb6utf2002a3giysyv46e18,www.katoflitavern.gr,Δωροκάρτα – www.katoflitavern.gr,katoflitavern.gr,experiences:72,,AMBIGUOUS_CATEGORY_EVIDENCE,historical-query|data/discovery/review-universe-v1/second-pass-safe.csv:experiences
REVIEW,cmtb6uu6y002e3giy7odfkv74,Kouskoufashionproject,Δωροκάρτα,kouskoufashionproject.gr,fashion:72,,AMBIGUOUS_CATEGORY_EVIDENCE,historical-query|data/discovery/review-universe-v1/second-pass-safe.csv:fashion
REVIEW,cmtb6uukg002g3giyhpszyjx7,Μασάζ L'Arte di Massaggio -,Δωροκάρτα Μασάζ L'Arte di Massaggio -,lartedimassaggio.gr,,,NO_CATEGORY_EVIDENCE,
REVIEW,cmtb6uux3002i3giypec585z9,Lavalmore,Δωροκάρτα,lavalmore.gr,fashion:72,,AMBIGUOUS_CATEGORY_EVIDENCE,historical-query|data/discovery/review-universe-v1/second-pass-safe.csv:fashion
REVIEW,cmtb6uvon002m3giyk0eazqf5,LemonTreeKids - Χάρισε Αγάπη!,Δωροκάρτα LemonTreeKids - Χάρισε Αγάπη!,lemontreekids.gr,,,NO_CATEGORY_EVIDENCE,
REVIEW,cmtb6uw0e002o3giyafr6pxqp,Linson Moto,Linson Moto Gift Card,linsonmoto.gr,,,NO_CATEGORY_EVIDENCE,
REVIEW,cmtb6uwdr002q3giyxpcgb4go,LUMINA - Κέντρο Αισθητικής - Ηράκλειο,Δωροκάρτα - LUMINA - Κέντρο Αισθητικής - Ηράκλειο,lumina.gr,beauty:72,,AMBIGUOUS_CATEGORY_EVIDENCE,historical-query|data/discovery/review-universe-v1/second-pass-safe.csv:beauty
REVIEW,cmtb6uxv7002y3giyuk6pp01x,Nakasconcept,Δωροκάρτες,nakasconcept.gr,,,NO_CATEGORY_EVIDENCE,
REVIEW,cmtb6uy8d00303giy23wvv4xn,NaniNails.gr,NaniNails.gr Gift Card,naninails.gr,beauty:72,,AMBIGUOUS_CATEGORY_EVIDENCE,historical-query|data/discovery/review-universe-v1/second-pass-safe.csv:beauty
REVIEW,cmtb6uyl600323giy0bapakhq,Nativis,Δωροκάρτα,nativis.gr,beauty:72,,AMBIGUOUS_CATEGORY_EVIDENCE,historical-query|data/discovery/review-universe-v1/second-pass-safe.csv:beauty
REVIEW,cmtb6uyyo00343giydgpq1m37,Olia,Δωροκάρτα,olia.com.gr,,,NO_CATEGORY_EVIDENCE,
REVIEW,cmtb6uzbu00363giyjxgyidjk,OMG,OMG Gift Card,omg.gr,,,NO_CATEGORY_EVIDENCE,
REVIEW,cmtb6uzqb00383giyfbh3f5i0,Optika Liolios,Optika Liolios Gift Card,optikaliolios.gr,,,NO_CATEGORY_EVIDENCE,
REVIEW,cmtb6v04k003a3giyiu8s30dd,Outdoorway,Δωροεπιταγή Outdoorway 10 Ευρώ,outdoorway.gr,sports:72,,AMBIGUOUS_CATEGORY_EVIDENCE,historical-query|data/discovery/review-universe-v1/second-pass-safe.csv:sports
REVIEW,cmtb6v0i7003c3giyqzykbead,Parenting Courses,Parenting Courses Gift Card,parentingcourses.gr,,,NO_CATEGORY_EVIDENCE,
REVIEW,cmtb6v0uz003e3giyj7if68dc,Ηλεκτρονική Δωροκάρτα PlanToys,Ηλεκτρονική Δωροκάρτα PlanToys,plantoys.gr,,,NO_CATEGORY_EVIDENCE,
REVIEW,cmtb6v18b003g3giyvg8zhfi4,Power Energy,Power Energy Gift Card,powerenergy.gr,technology:72,,AMBIGUOUS_CATEGORY_EVIDENCE,historical-query|data/discovery/review-universe-v1/second-pass-safe.csv:technology
REVIEW,cmtb6v1m7003i3giyor8l91p3,ΔΩΡΟΚΑΡΤΑ - Pregnancy-gifts.gr,ΔΩΡΟΚΑΡΤΑ - Pregnancy-gifts.gr,pregnancy-gifts.gr,,,NO_CATEGORY_EVIDENCE,
REVIEW,cmtb6v1zk003k3giylp5bfu63,Princess,Δωροκάρτες - Princess,princess.com.gr,,,NO_CATEGORY_EVIDENCE,
REVIEW,cmtb6v2c1003m3giysn0i7ou6,Project Soma,Δωροκάρτα | Project Soma | projectsoma.gr,projectsoma.gr,fashion:72,,AMBIGUOUS_CATEGORY_EVIDENCE,historical-query|data/discovery/review-universe-v1/second-pass-safe.csv:fashion
REVIEW,cmtb6v2p6003o3giy2gadgy5g,Sandalista,Sandalista Gift Card,sandalista.gr,fashion:72,,AMBIGUOUS_CATEGORY_EVIDENCE,historical-query|data/discovery/review-universe-v1/second-pass-safe.csv:fashion
REVIEW,cmtb6v334003q3giysxf9hqnj,Smarten,Δωροκάρτα,smarten.gr,experiences:72,,AMBIGUOUS_CATEGORY_EVIDENCE,historical-query|data/discovery/review-universe-v1/second-pass-safe.csv:experiences
REVIEW,cmtb6v3fr003s3giyb487xou6,Soandjos,Δωροκάρτα,soandjos.gr,,,NO_CATEGORY_EVIDENCE,
REVIEW,cmtb6v3t6003u3giyjb9259bl,Somatherapy,Δωροεπιταγές,somatherapy.gr,,,NO_CATEGORY_EVIDENCE,
REVIEW,cmtb6v4jr003y3giytfu9ztox,Δωροκάρτα Spaghetti Lab,Gift Card Δωροκάρτα Spaghetti Lab | Το Πιο Νόστιμο Δώρο ...,spaghettilab.gr,,,NO_CATEGORY_EVIDENCE,
REVIEW,cmtb6v5ah00423giyi23icb4a,Suenobags,Δωροκάρτα,suenobags.gr,fashion:72,,AMBIGUOUS_CATEGORY_EVIDENCE,historical-query|data/discovery/review-universe-v1/second-pass-safe.csv:fashion
REVIEW,cmtb6v5n300443giyc38lkfcr,for Car Lovers - Swissvax,Gift Voucher - for Car Lovers - Swissvax,swissvax.gr,,,NO_CATEGORY_EVIDENCE,
REVIEW,cmtb6v5zy00463giyo0ged1h5,Thermespa,Δωροκάρτες,thermespa.gr,,,NO_CATEGORY_EVIDENCE,
REVIEW,cmtb6v6cq00483giyyk07at2d,Toaromatiseftixias,Δωροκάρτα,toaromatiseftixias.gr,,,NO_CATEGORY_EVIDENCE,
REVIEW,cmtb6v750004c3giytcp40e12,Toysfirst,Δωροκάρτα,toysfirst.gr,,,NO_CATEGORY_EVIDENCE,
REVIEW,cmtb6v7hv004e3giylwic6g8f,Vinoultura gift cart,Vinoultura gift cart - Δωροκάρτα,vinoultura.gr,,,NO_CATEGORY_EVIDENCE,
REVIEW,cmtb6v87k004i3giymz6jpty6,Ydrospa,Δωροκάρτες,ydrospa.gr,,,NO_CATEGORY_EVIDENCE,
REVIEW,cmtb6v8kh004k3giycre70xx1,Yourbabystore,Δωροκάρτες,yourbabystore.gr,,,NO_CATEGORY_EVIDENCE,
REVIEW,cmtb6v8x4004m3giyp2bbit9u,Zooparadise,Δωροκάρτα,zooparadise.gr,,,NO_CATEGORY_EVIDENCE,
REVIEW,cmtb76xdq0001dkiy9sktofns,ALDO Greece,Gift Card – ALDO Greece,aldoshoes.gr,fashion:72,,AMBIGUOUS_CATEGORY_EVIDENCE,historical-query|data/discovery/mass-harvest-v5/clean-v5.1/high-safe.csv:fashion
REVIEW,cmtb76y610005dkiyfwuox0v1,Ancient Greece,Gift Card - Ancient Greece,archaeotours.gr,,,NO_CATEGORY_EVIDENCE,
REVIEW,cmtb76yz20009dkiysecoqwih,Banya,Banya Gift Card,banya.gr,home:72,,AMBIGUOUS_CATEGORY_EVIDENCE,historical-query|data/discovery/mass-harvest-v5/clean-v5.1/high-safe.csv:home
REVIEW,cmtb76zcu000bdkiy6hek2eml,Blue Blue,Blue Blue Gift Card,blueblue.gr,,,NO_CATEGORY_EVIDENCE,
REVIEW,cmtb76zq4000ddkiyz4jny758,Brigitteboutique,Αγοράστε μία Δωροεπιταγή,brigitteboutique.gr,,,NO_CATEGORY_EVIDENCE,
REVIEW,cmtb7703h000fdkiy6xz320nd,Caravin,Caravin Gift Card,caravin.gr,,,NO_CATEGORY_EVIDENCE,
REVIEW,cmtb770gt000hdkiyjze93gkc,Chaniapetworld,Δωροκάρτα,chaniapetworld.gr,,,NO_CATEGORY_EVIDENCE,
REVIEW,cmtb770up000jdkiys2xgzyjl,Archives,GIft Cards Archives,cicado.gr,,,NO_CATEGORY_EVIDENCE,
REVIEW,cmtb7718b000ldkiynw5j1q46,Cordella,Δωροκάρτα 500€,cordella.gr,hotels:72,,AMBIGUOUS_CATEGORY_EVIDENCE,historical-query|data/discovery/review-universe-v4/auto-safe.csv:hotels
REVIEW,cmtb771lh000ndkiytvwtqvrd,Crescendo,Gift Cards - Crescendo,crescendo-rodi.gr,fashion:72,,AMBIGUOUS_CATEGORY_EVIDENCE,historical-query|data/discovery/review-universe-v4/auto-safe.csv:fashion
REVIEW,cmtb771ze000pdkiyptng0olp,Προσφέρετε μια δωροκάρτα - Επιλέξτε την Αξία,Προσφέρετε μια δωροκάρτα - Επιλέξτε την Αξία,deltarestaurant.gr,restaurants:72,,AMBIGUOUS_CATEGORY_EVIDENCE,historical-query|data/discovery/mass-harvest-v5/clean-v5.1/high-safe.csv:restaurants
REVIEW,cmtb772gg000rdkiyb7t4zkvz,DerMARGY LAB,DerMARGY LAB Gift Card,dermargylab.gr,sports:72,,AMBIGUOUS_CATEGORY_EVIDENCE,historical-query|data/discovery/mass-harvest-v5/clean-v5.1/high-safe.csv:sports
REVIEW,cmtb772w1000tdkiycjyct23l,Archives,Δωροκάρτα Archives,didocosmetics.gr,beauty:72,,AMBIGUOUS_CATEGORY_EVIDENCE,historical-query|data/discovery/review-universe-v4/auto-safe.csv:beauty
REVIEW,cmtb773o9000xdkiy4c56wk0k,Easlanidis,Δωροκάρτα,easlanidis.gr,experiences:72,,AMBIGUOUS_CATEGORY_EVIDENCE,historical-query|data/discovery/mass-harvest-v5/clean-v5.1/high-safe.csv:experiences
REVIEW,cmtb77415000zdkiy386z76sh,Έρως Candles,Δωροκάρτα - Έρως Candles,eroscandles.gr,home:72,,AMBIGUOUS_CATEGORY_EVIDENCE,historical-query|data/discovery/review-universe-v4/auto-safe.csv:home
REVIEW,cmtb774sd0013dkiy6s1lutst,Feed Me,Feed Me Gift Card,feedmepetshop.gr,,,NO_CATEGORY_EVIDENCE,
REVIEW,cmtb775690015dkiy5pgfyay2,Greek Designers Store,Gift Card | Greek Designers Store,felicia-concept.gr,fashion:72,,AMBIGUOUS_CATEGORY_EVIDENCE,historical-query|data/discovery/review-universe-v4/auto-safe.csv:fashion
REVIEW,cmtb775ig0017dkiyzj5hwneh,Femmefatale,Δωροκάρτα,femmefatale.gr,,,NO_CATEGORY_EVIDENCE,
REVIEW,cmtb775vo0019dkiybvv3qv3k,5pm,Gift Card - 5pm,fivepm.gr,fashion:72,,AMBIGUOUS_CATEGORY_EVIDENCE,historical-query|data/discovery/mass-harvest-v5/clean-v5.1/high-safe.csv:fashion
REVIEW,cmtb7774t001fdkiyhs33c0v6,God Bless Women,25 CHF Gift card,godblesswomen.gr,sports:72,,AMBIGUOUS_CATEGORY_EVIDENCE,historical-query|data/discovery/review-universe-v4/auto-safe.csv:sports
REVIEW,cmtb777it001hdkiymj8dws5d,Best Mom για τη Γιορτή της Μητέρας,Δωροκάρτα Best Mom για τη Γιορτή της Μητέρας,grandpharmacy.gr,pharmacy:72,,AMBIGUOUS_CATEGORY_EVIDENCE,historical-query|data/discovery/review-universe-v4/auto-safe.csv:pharmacy
REVIEW,cmtb778bh001ldkiylnmlumkn,Headplus,Δωροκάρτα,headplus.gr,beauty:72,,AMBIGUOUS_CATEGORY_EVIDENCE,historical-query|data/discovery/mass-harvest-v5/clean-v5.1/high-safe.csv:beauty
REVIEW,cmtb77933001pdkiy44gwkr9m,Iasis,GIFT CARDS - Iasis,iasispa.gr,,,NO_CATEGORY_EVIDENCE,
REVIEW,cmtb77bgd0021dkiyy3u2x8qn,Lookshop,Lookshop Gift Card,lookshop.gr,,,NO_CATEGORY_EVIDENCE,
REVIEW,cmtb77bua0023dkiy8p69dxkl,Manicurious,Manicurious Gift Card,manicurious.gr,,,NO_CATEGORY_EVIDENCE,
REVIEW,cmtb77c840025dkiy8nltursd,Melissinos Sandals,Gift Voucher - 55,melissinos-sandals.gr,,,NO_CATEGORY_EVIDENCE,
REVIEW,cmtb77ckx0027dkiyltinns4m,Mix & Match,Mix & Match Gift Card,mixandmatch.gr,hotels:72,,AMBIGUOUS_CATEGORY_EVIDENCE,historical-query|data/discovery/mass-harvest-v5/clean-v5.1/high-safe.csv:hotels
REVIEW,cmtb77cyu0029dkiy2m2zhm0b,Αρχεία - Παιδικά Παπούτσια Μούγερ,GIFT CARDS Αρχεία - Παιδικά Παπούτσια Μούγερ,mouyer.gr,fashion:72,,AMBIGUOUS_CATEGORY_EVIDENCE,historical-query|data/discovery/review-universe-v4/auto-safe.csv:fashion
REVIEW,cmtb77dqg002ddkiy5xfdestp,Ambassador Mykonos,Gift Cards | Ambassador Mykonos,myconianambassador.gr,,,NO_CATEGORY_EVIDENCE,
REVIEW,cmtb77evp002jdkiymdaiyh09,Nur and Co,Δωροκάρτες - Nur and Co,nurnco.gr,,,NO_CATEGORY_EVIDENCE,
REVIEW,cmtb77gbh002rdkiyzvvjbldl,Paco Δωροκάρτες από,Paco Δωροκάρτες από Gift Card,pacoartcenter.gr,,,NO_CATEGORY_EVIDENCE,
REVIEW,cmtb77h85002vdkiyrade1jng,Pentavras Kes,Αγοράστε μία Δωροεπιταγή,pentavras-kes.gr,,,NO_CATEGORY_EVIDENCE,
REVIEW,cmtb77hz8002zdkiyyqqxt5g5,Pleko,Δωροκάρτα,pleko.gr,,,NO_CATEGORY_EVIDENCE,
REVIEW,cmtb77ibp0031dkiy5l84o2pl,Κάρτα δώρου για Εκδρομές - Περιηγήσεις στα Χανιά Κρήτης,Κάρτα δώρου για Εκδρομές - Περιηγήσεις στα Χανιά Κρήτης,propercretanguide.gr,,,NO_CATEGORY_EVIDENCE,
REVIEW,cmtb77ipg0033dkiyv9x4fkyi,Perfect Gift for Any Occasion,Gift Card | Perfect Gift for Any Occasion,purebubs.gr,experiences:72,,AMBIGUOUS_CATEGORY_EVIDENCE,historical-query|data/discovery/mass-harvest-v5/clean-v5.1/high-safe.csv:experiences
REVIEW,cmtb77j2x0035dkiyogo2a953,s Αρχεία,Gift Cards Αρχεία,rocksugarbaby.gr,,,NO_CATEGORY_EVIDENCE,
REVIEW,cmtb77jgp0037dkiywuiflh4j,Sandinmytoes,Sandinmytoes Gift Card,sandinmytoes.gr,,,NO_CATEGORY_EVIDENCE,
REVIEW,cmtb77ju00039dkiy0c3cnw1w,Sanopwleio,Αγοράστε μία Δωροεπιταγή,sanopwleio.gr,,,NO_CATEGORY_EVIDENCE,
REVIEW,cmtb77k6s003bdkiymw7vsc5w,Skinreal,Δωροκάρτα,skinreal.gr,,,NO_CATEGORY_EVIDENCE,
REVIEW,cmtb77kk9003ddkiyhamgukvo,SUN ΦΛΕΡΤ,SUN ΦΛΕΡΤ - Gift Card,sunflirt.gr,,,NO_CATEGORY_EVIDENCE,
REVIEW,cmtb77kvs003edkiy6w6lndbt,Tennis Garden,Tennis Garden Gift Card,tennisgarden.gr,,,NO_CATEGORY_EVIDENCE,
REVIEW,cmtb77l9j003gdkiyfjvtf40a,Ten Plus,Δωροκάρτα Ten Plus,tenplushair.gr,travel:72,,AMBIGUOUS_CATEGORY_EVIDENCE,historical-query|data/discovery/review-universe-v4/auto-safe.csv:travel
REVIEW,cmtb77lnk003idkiykm5i5vto,Theλamdaproject,Theλamdaproject Gift Card,thelproject.gr,,,NO_CATEGORY_EVIDENCE,
REVIEW,cmtb77m0r003kdkiycq639ugh,Threadboutique,Threadboutique Gift Card,threadboutique.gr,,,NO_CATEGORY_EVIDENCE,
REVIEW,cmtb77mdy003mdkiy52m5hkpz,Tokopeli,Δωροκάρτα,tokopeli.gr,,,NO_CATEGORY_EVIDENCE,
REVIEW,cmtb77mrq003odkiy1tu5wv2w,Toolsmania,Αγοράστε μία Δωροεπιταγή,toolsmania.gr,,,NO_CATEGORY_EVIDENCE,
REVIEW,cmtb77n4m003qdkiyjf9v5mzc,Topgreekwines,Gift voucher 50€,topgreekwines.gr,,,NO_CATEGORY_EVIDENCE,
REVIEW,cmtb77ni3003sdkiyl9m6uyo5,Tresjoli,Αγοράστε μία Δωροεπιταγή,tresjoli.gr,,,NO_CATEGORY_EVIDENCE,
REVIEW,cmtb77nwo003udkiy9wf8eyjq,Trimis,Αγοράστε μία Δωροεπιταγή,trimis.com.gr,,,NO_CATEGORY_EVIDENCE,
REVIEW,cmtb77ob5003wdkiyrw1g9la4,Tsiantakishome,Δωροκάρτα 40,tsiantakishome.gr,home:72,,AMBIGUOUS_CATEGORY_EVIDENCE,historical-query|data/discovery/review-universe-v4/auto-safe.csv:home
REVIEW,cmtb77onx003ydkiy1syn6iip,Τζούγκαρης,Τζούγκαρης Gift Card,tzougaris.gr,,,NO_CATEGORY_EVIDENCE,
REVIEW,cmtb77p0o0040dkiyr700iran,Valsamakis,Valsamakis Gift Card,valsamakis.gr,,,NO_CATEGORY_EVIDENCE,
REVIEW,cmtb77pdh0042dkiyjcs75ba2,Vicious Cycles Athens,Vicious Cycles Athens Gift Card,vca.gr,fashion:72,,AMBIGUOUS_CATEGORY_EVIDENCE,historical-query|data/discovery/mass-harvest-v5/clean-v5.1/high-safe.csv:fashion
REVIEW,cmtb77pqn0044dkiykqllgm6x,Vinoteca,Δωροκάρτα 100,vinoteca.gr,travel:72,,AMBIGUOUS_CATEGORY_EVIDENCE,historical-query|data/discovery/review-universe-v4/auto-safe.csv:travel
REVIEW,cmtb77q3z0046dkiyh7mroiio,WEDDING DAY,Δωροκάρτα - WEDDING DAY,wedday.gr,,,NO_CATEGORY_EVIDENCE,
REVIEW,cmtb77qi60048dkiyu8khlp3s,Alexandris Stores,Alexandris Stores Gift Card,alexandrisstores.gr,,,NO_CATEGORY_EVIDENCE,
REVIEW,cmtb77qvi004adkiy3pvb8032,AlterEgo,Δωροκάρτα AlterEgo,alteregofashion.gr,fashion:72,,AMBIGUOUS_CATEGORY_EVIDENCE,historical-query|data/discovery/review-universe-v4/auto-safe.csv:fashion
REVIEW,cmtb77rqc004ddkiytzf0x88j,Christmas Gift Cards,Christmas Gift Cards,armoniawellness.gr,,,NO_CATEGORY_EVIDENCE,
REVIEW,cmtb77s4y004fdkiyo03xtcof,Badila,Badila Gift Card,badila.gr,,,NO_CATEGORY_EVIDENCE,
REVIEW,cmtb77swu004jdkiyug4cfe0j,Αγοράστε μία Δωροκάρτα,Αγοράστε μία Δωροκάρτα,bekids.gr,,,NO_CATEGORY_EVIDENCE,
REVIEW,cmtb77ta1004ldkiysbs31g9p,Bmwpap,Αγοράστε μία Δωροεπιταγή,bmwpap.gr,travel:72,,AMBIGUOUS_CATEGORY_EVIDENCE,historical-query|data/discovery/review-universe-v4/auto-safe.csv:travel
REVIEW,cmtb77tnt004ndkiyw1tey12d,Chania Culture,Chania Culture Gift Card,chania-culture.gr,,,NO_CATEGORY_EVIDENCE,
REVIEW,cmtb77u1e004pdkiy841o8nlg,Αγοράστε μια δωροεπιταγή,Αγοράστε μια δωροεπιταγή,cheapet.gr,,,NO_CATEGORY_EVIDENCE,
REVIEW,cmtb77uej004rdkiydqqx9ujt,Cherrybox,Cherrybox Gift Card,cherrybox.gr,beauty:72,,AMBIGUOUS_CATEGORY_EVIDENCE,historical-query|data/discovery/review-universe-v4/auto-safe.csv:beauty
REVIEW,cmtb77urx004tdkiyvtb2mf7m,Create Athens,Create Athens Gift Card,createathens.gr,,,NO_CATEGORY_EVIDENCE,
REVIEW,cmtb77v6h004vdkiy54z2aiui,Cuka,Cuka Gift Card,cuka.gr,,,NO_CATEGORY_EVIDENCE,
REVIEW,cmtb77vj5004xdkiy9musmw5c,Dalisleather,Δωροκάρτα,dalisleather.gr,,,NO_CATEGORY_EVIDENCE,
REVIEW,cmtb77w980051dkiyc5an3okr,Αρχεία,Δωροκάρτα Αρχεία,ellievfashion.gr,fashion:72,,AMBIGUOUS_CATEGORY_EVIDENCE,historical-query|data/discovery/review-universe-v4/auto-safe.csv:fashion
REVIEW,cmtb77wmk0053dkiy6y7xeut4,Houhouliarika,Αγοράστε μία Δωροεπιταγή,houhouliarika.gr,home:72,,AMBIGUOUS_CATEGORY_EVIDENCE,historical-query|data/discovery/review-universe-v4/auto-safe.csv:home
REVIEW,cmtb77x0q0055dkiynxajordc,Hshome,Αγοράστε μία Δωροεπιταγή,hshome.gr,home:72,,AMBIGUOUS_CATEGORY_EVIDENCE,historical-query|data/discovery/review-universe-v4/auto-safe.csv:home
REVIEW,cmtb77xrz0059dkiy8ihjp8lp,Mylifelikes,Αγοράστε μία Δωροεπιταγή,mylifelikes.gr,,,NO_CATEGORY_EVIDENCE,
REVIEW,cmtb77y4v005bdkiyuijz0q0u,Quad & Buggy Safari Crete,Gift Card - Quad & Buggy Safari Crete,offroadcrete.gr,,,NO_CATEGORY_EVIDENCE,
REVIEW,cmtb77yht005ddkiykt4vsu49,Times Store,Times Store Gift Card,timesstore.gr,,,NO_CATEGORY_EVIDENCE,
REVIEW,cmtb77yv5005fdkiyka6uo6kw,Younails,Αγοράστε μία Δωροεπιταγή,younails.gr,beauty:72,,AMBIGUOUS_CATEGORY_EVIDENCE,historical-query|data/discovery/review-universe-v4/auto-safe.csv:beauty
REVIEW,cmtb77zm2005jdkiy64jdfokt,Δωροεπιταγές,Δωροεπιταγές – Gift Cards,blue-print.gr,,,NO_CATEGORY_EVIDENCE,
REVIEW,cmtb77zz5005ldkiyl90mvph8,Carrot Store,Carrot Store Gift Card,carrotstore.gr,,,NO_CATEGORY_EVIDENCE,
REVIEW,cmtb780bs005ndkiypwklf1n1,Cougarsport,Δωροκάρτα,cougarsport.gr,,,NO_CATEGORY_EVIDENCE,
REVIEW,cmtb780qd005pdkiy9ptikri3,Αγόρασε μία Δωροκάρτα,Αγόρασε μία Δωροκάρτα,dazzeal.gr,,,NO_CATEGORY_EVIDENCE,
REVIEW,cmtb781dk005rdkiy10vs3wvb,Drone House,Drone House Gift Card,dronehouse.gr,,,NO_CATEGORY_EVIDENCE,
REVIEW,cmtb781qh005tdkiysv45g5rp,Elbeauty,Δωροκάρτα,elbeauty.gr,beauty:72,,AMBIGUOUS_CATEGORY_EVIDENCE,historical-query|data/discovery/review-universe-v4/auto-safe.csv:beauty
REVIEW,cmtb78232005vdkiy8i7y5w4n,Elbebeboutique,Δωροκάρτα,elbebeboutique.gr,fashion:72,,AMBIGUOUS_CATEGORY_EVIDENCE,historical-query|data/discovery/review-universe-v4/auto-safe.csv:fashion
REVIEW,cmtb782g1005xdkiyq9opz2o1,Elemental Studios,Gift Card | Elemental Studios,elementalpilates.gr,,,NO_CATEGORY_EVIDENCE,
REVIEW,cmtb782wo005zdkiyoydj8owp,Αγοράστε μία Δωροκάρτα,Αγοράστε μία Δωροκάρτα,fifthelement.gr,experiences:72,,AMBIGUOUS_CATEGORY_EVIDENCE,historical-query|data/discovery/review-universe-v4/auto-safe.csv:experiences
REVIEW,cmtb783ak0061dkiyezmzss7i,GreenArt,Δωροκάρτα GreenArt,greenartstore.gr,,,NO_CATEGORY_EVIDENCE,
REVIEW,cmtb783oh0063dkiy8ckdn4vm,HeHe Messy Play,HeHe Messy Play Gift Card,hehe-messyplay.gr,,,NO_CATEGORY_EVIDENCE,
REVIEW,cmtb7841x0065dkiya653ymhs,Insidehome,Αγοράστε μία Δωροεπιταγή,insidehome.gr,home:72,,AMBIGUOUS_CATEGORY_EVIDENCE,historical-query|data/discovery/review-universe-v4/auto-safe.csv:home
REVIEW,cmtb7854p0069dkiyksq1j4oy,Kakiasoptics,Δωροκάρτα | Gift card,kakiasoptics.gr,,,NO_CATEGORY_EVIDENCE,
REVIEW,cmtb785hb006bdkiyfv69uwot,Konstantinidis Dental,Konstantinidis Dental Gift Card,konstantinidisdental.gr,,,NO_CATEGORY_EVIDENCE,
REVIEW,cmtb7865x006edkiy01ch68q5,Archives - Φωτιστικά Κουρτάκης,gift card Archives - Φωτιστικά Κουρτάκης,kourtakis-lighting.gr,,,NO_CATEGORY_EVIDENCE,
REVIEW,cmtb786je006gdkiyxqepltuw,Loriot,Αγοράστε μία Δωροεπιταγή,loriot.gr,,,NO_CATEGORY_EVIDENCE,
REVIEW,cmtb7870h006idkiywp9f3dvf,Αρχεία,Δωροκάρτα Αρχεία,lovelucy.gr,fashion:72,,AMBIGUOUS_CATEGORY_EVIDENCE,historical-query|data/discovery/review-universe-v4/auto-safe.csv:fashion
REVIEW,cmtb787rq006mdkiykrdjibgr,luxurycandle.gr,Gift Card - luxurycandle.gr,luxurycandles.gr,,,NO_CATEGORY_EVIDENCE,
REVIEW,cmtb78851006odkiyq49ms3f9,Στείλτε μια Δωροκάρτα,Στείλτε μια Δωροκάρτα,maamonpapa.gr,,,NO_CATEGORY_EVIDENCE,
REVIEW,cmtb788lp006qdkiy17zrzzhw,Αρχεία,Gift card Αρχεία,malleconcept.gr,,,NO_CATEGORY_EVIDENCE,
REVIEW,cmtb788zr006sdkiyyyqnweis,Melloncollection,Melloncollection Gift Card,melloncollection.gr,,,NO_CATEGORY_EVIDENCE,
REVIEW,cmtb789dc006udkiyns09pnli,Mom & Me,Mom & Me Gift Card,momandme.gr,,,NO_CATEGORY_EVIDENCE,
REVIEW,cmtb789sx006wdkiy2dhrh3x9,Δωροεπιταγές,Δωροεπιταγές,mustmenfashion.gr,fashion:72,,AMBIGUOUS_CATEGORY_EVIDENCE,historical-query|data/discovery/review-universe-v4/auto-safe.csv:fashion
REVIEW,cmtb78a69006ydkiybuyeg7l8,Plegmashop,Gift Voucher,plegmashop.gr,,,NO_CATEGORY_EVIDENCE,
REVIEW,cmtb78aka0070dkiysu64bvb7,Skincareplus,Δωροκάρτα,skincareplus.gr,beauty:72,,AMBIGUOUS_CATEGORY_EVIDENCE,historical-query|data/discovery/review-universe-v4/auto-safe.csv:beauty
REVIEW,cmtb78bdk0072dkiyytg3oz0b,Sportboutique,Gift Voucher,sportboutique.gr,fashion:72,,AMBIGUOUS_CATEGORY_EVIDENCE,historical-query|data/discovery/review-universe-v4/auto-safe.csv:fashion
REVIEW,cmtb78bqw0074dkiyvvhnv4d4,Stemalaser,Stemalaser Gift Card,stemalaser.gr,technology:72,,AMBIGUOUS_CATEGORY_EVIDENCE,historical-query|data/discovery/review-universe-v4/auto-safe.csv:technology
REVIEW,cmtb78cit0078dkiyvd1zkppq,για πρωτότυπα και όμορφα δώρα!,Gift Card για πρωτότυπα και όμορφα δώρα!,talesofales.gr,,,NO_CATEGORY_EVIDENCE,
REVIEW,cmtb78cvq007adkiylvhj4shj,Lonis Tattoo Studio,Lonis Tattoo Studio Gift Card,tattooathens.gr,,,NO_CATEGORY_EVIDENCE,
REVIEW,cmtb78da6007cdkiy8c9l1s4m,Drive at Serres Racing Circuit,Gift Card - Drive at Serres Racing Circuit,track-speed.gr,,,NO_CATEGORY_EVIDENCE,
REVIEW,cmtb78dnx007edkiybk18rh14,Αρχεία - Αρωματοπωλείον,Δωροκάρτα Αρχεία - Αρωματοπωλείον,yourscent.gr,beauty:72,,AMBIGUOUS_CATEGORY_EVIDENCE,historical-query|data/discovery/review-universe-v4/auto-safe.csv:beauty
REVIEW,cmtb78e22007gdkiyojyhhg7e,Zador,Gift Voucher 100 EUR,zador.gr,,,NO_CATEGORY_EVIDENCE,
REVIEW,cmtb78efu007idkiysrm7kvql,Kymasurf,Kymasurf Gift Card,kymasurf.gr,,,NO_CATEGORY_EVIDENCE,
REVIEW,cmtb78esw007kdkiy78dgnxfh,Κάρτα Δώρου Physis,Κάρτα Δώρου Physis – Γυμναστήρια Βόρεια Προάστια,physis-fitnessclub.gr,sports:72,,AMBIGUOUS_CATEGORY_EVIDENCE,historical-query|data/discovery/review-universe-v4/auto-safe.csv:sports
REVIEW,cmtb78f6y007mdkiyuykz63vg,Thiamia,Thiamia Gift Card,thiamia.gr,,,NO_CATEGORY_EVIDENCE,
REVIEW,cmtb78fkx007odkiylrl8o7it,Hobbywood,ΔΩΡΟΚΑΡΤΑ 100€,hobbywood.gr,,,NO_CATEGORY_EVIDENCE,
REVIEW,cmtb78fy5007qdkiyxevs1v0x,Make a gift,Make a gift,simclub.gr,,,NO_CATEGORY_EVIDENCE,
REVIEW,cmtb78gcm007sdkiyiijij48q,I Thought Of You,I Thought Of You,ymonanatripsis.gr,,,NO_CATEGORY_EVIDENCE,
REVIEW,cmtb7hvgv000104iytg42blo5,Virtual Reality Athens,Gift vouchers - Virtual Reality Athens,virtual-room.com,,,NO_CATEGORY_EVIDENCE,
REVIEW,cmtb7hvx4000304iy23zcuddb,COYA Mykonos,Monetary Gift Voucher - COYA Mykonos,giftpro.co.uk,,,NO_CATEGORY_EVIDENCE,
REVIEW,cmtb7hwb9000504iyt3p5w1tc,Zuma Mykonos,monetary gift voucher - Zuma Mykonos,giftpro.co.uk,,,NO_CATEGORY_EVIDENCE,
REVIEW,cmtb7hxhc000b04iy3qi3vpga,Christakis,Christakis Gift Card,christakisathens.com,,,NO_CATEGORY_EVIDENCE,
REVIEW,cmtb7hxus000d04iy47r9hthi,Cretegolfclub,Gift Cards,cretegolfclub.com,,,NO_CATEGORY_EVIDENCE,
REVIEW,cmtb7hy8e000f04iyjz2kwfs2,Cretelocaladventures,Cretelocaladventures Gift Card,cretelocaladventures.com,,,NO_CATEGORY_EVIDENCE,
REVIEW,cmtb7hzpu000n04iyfkfu5yll,Mercato,Mercato Gift Card,giftpro.co.uk,,,NO_CATEGORY_EVIDENCE,
REVIEW,cmtb7i03o000p04iysnqf105v,Herminaathens,Herminaathens Gift Card,herminaathens.com,,,NO_CATEGORY_EVIDENCE,
REVIEW,cmtb7i0h0000r04iyqck32vp4,Northsantorini,Gift Cards,northsantorini.com,,,NO_CATEGORY_EVIDENCE,
REVIEW,cmtb7i0ub000t04iyzboosrqi,Μασάζ & Θεραπείας,Gift Cards Μασάζ & Θεραπείας,physiowellnessathens.com,,,NO_CATEGORY_EVIDENCE,
REVIEW,cmtb7i194000v04iygg8ltr9f,Prepare for Greece,Prepare for Greece Greek Language Course Gift Card,prepareforgreece.com,,,NO_CATEGORY_EVIDENCE,
REVIEW,cmtb7i2oe001204iynczh2811,Detail,Gift Card Detail,estiathens.com,,,NO_CATEGORY_EVIDENCE,
REVIEW,cmtb7i31b001404iy197cb72x,Eureka Athens,Eureka Athens Gift Card,eurekathens.com,,,NO_CATEGORY_EVIDENCE,
REVIEW,cmtb7i3tj001804iyl1xal4vq,MATI Santorini,Gift Cards - MATI Santorini,matiartgallery.com,,,NO_CATEGORY_EVIDENCE,
REVIEW,cmtb7i474001904iye9qfchj3,Monkees of Athens,Monkees of Athens Gift Card,monkeesofathens.com,,,NO_CATEGORY_EVIDENCE,
REVIEW,cmtb7i4k6001b04iyd3jlw4se,Wellness Gift Cards,"Wellness Gift Cards | Crete, Om Home",omhomestudio.com,,,NO_CATEGORY_EVIDENCE,
REVIEW,cmtb7i5bs001f04iyz8mjtcii,Sunrisemykonos,Gift Cards,sunrisemykonos.com,,,NO_CATEGORY_EVIDENCE,
REVIEW,cmtb7i5pu001h04iyyjorsy8i,Dia Tauta Gift Shop e,Dia Tauta Gift Shop e-gift card,diatautaathens.com,,,NO_CATEGORY_EVIDENCE,
REVIEW,cmtb7r1ep0001u8iyqwzxbtq4,LEGO Store Greece,LEGO Store Greece Gift Card,storegreece.gr,,,NO_CATEGORY_EVIDENCE,
REVIEW,cmtb7r2hm0006u8iyspxxt678,Cla Chic,Cla Chic Gift Card,clachic.gr,,,NO_CATEGORY_EVIDENCE,
REVIEW,cmtb7r2w80008u8iyzhcede6d,Digas,Digas Gift Card,digas.gr,,,NO_CATEGORY_EVIDENCE,
REVIEW,cmtb7r39e000au8iy6kw8beht,Dioptra,Dioptra Gift Card,dioptra.gr,books:72,,AMBIGUOUS_CATEGORY_EVIDENCE,historical-query|data/discovery/review-universe-v4/auto-safe.csv:books
