"cardId","merchantId","merchantName","title","officialUrl","merchantWebsiteUrl","status","verificationStatus","domain","issues","sameMerchantCardCount","sameDomainCardCount"
"cmtb7hyz3000j04iykde85fi0","cmtb7hyti000i04iyexyvbb7e","& Spa Voucherss","Gift Card & Spa Vouchers | Divani Athens Spa & Thalasso","https://divaniapollonhotel.com/gift-card/","https://divaniapollonhotel.com","ACTIVE","VERIFIED","divaniapollonhotel.com","CLEAN","1","1"
"cmta1mf5900syq8iyejmu80s9","cmta1mezp00sxq8iygc6o45un","1art","Gift Cards","https://1art.gr/","https://1art.gr","ACTIVE","VERIFIED","1art.gr","GENERIC_MERCHANT","1","1"
"cmta4y73l0001sciyd3rsxm5u","cmta4y6x30000sciyi43vftzo","365pharmacy","Gift Cards | 365pharmacy.gr - Online Φαρμακείο","https://365pharmacy.gr/gift-cards.htm","https://365pharmacy.gr","ACTIVE","VERIFIED","365pharmacy.gr","GENERIC_MERCHANT","1","1"
"cmta1lh5d00paq8iy9yb8ljis","cmta1lgz200p9q8iyic8bgel1","4 Sports","4 Sports Gift Card","https://4-sports.gr/gift-card/?v=bf391b589afb","https://4-sports.gr","ACTIVE","NEEDS_REVIEW","4-sports.gr","GENERIC_MERCHANT","1","1"
"cmta1h3ld0084q8iyv47alh4s","cmta1h3dc0083q8iyok0hfncb","4seasons Beauty Institute","Δωροκάρτα - Χαλκίδα","https://www.4seasons-beauty-institute.gr/dorokarta/","https://4seasons-beauty-institute.gr","ACTIVE","NEEDS_REVIEW","4seasons-beauty-institute.gr","GENERIC_MERCHANT","1","1"
"cmtb775vo0019dkiybvv3qv3k","cmtb775q90018dkiyeyw4ozut","5pm","Gift Card - 5pm","https://fivepm.gr/products/gift-card","https://fivepm.gr","ACTIVE","VERIFIED","fivepm.gr","GENERIC_MERCHANT","1","1"
"cmtb6ue1m00013giy0vcuqr01","cmtb6udw300003giywjrb4w57","5star Travel","Gift Voucher","https://www.5star-travel.gr/B137AE32.el.aspx","https://5star-travel.gr","ACTIVE","VERIFIED","5star-travel.gr","GENERIC_MERCHANT","1","1"
"cmt79iczq000184iyn0v8cypj","cmt79icwc000084iyqmpbd9de","AEGEAN","AEGEAN Gift Card","https://el.aegeanair.com/flight-deals/gift-card","https://el.aegeanair.com","ACTIVE","VERIFIED","el.aegeanair.com","CLEAN","1","1"
"cmtb76xdq0001dkiy9sktofns","cmtb76x780000dkiyixlw1gw5","ALDO Greece","Gift Card – ALDO Greece","https://aldoshoes.gr/pages/gift-card","https://aldoshoes.gr","ACTIVE","VERIFIED","aldoshoes.gr","CLEAN","1","1"
"cmtb76xs90003dkiyo4je1mwu","cmtb76xn90002dkiy9b2alpff","ANEMH clothing&fashion items","Δωροκάρτα – ANEMH clothing&fashion items","https://anemifashion.gr/shop/dorokarta/dorokarta/?attribute_gift-card-amount","https://anemifashion.gr","ACTIVE","VERIFIED","anemifashion.gr","CLEAN","1","1"
"cmtb6ueft00033giysa45o8eu","cmtb6uea700023giy45bjoppd","Abajourmonamour","Gift cards","https://www.abajourmonamour.gr/en/product-category/dorokartes/","https://abajourmonamour.gr","ACTIVE","VERIFIED","abajourmonamour.gr","CLEAN","1","1"
"cmtb62f35000194iyb29w1nw8","cmtb62exh000094iy63k6h0wp","Absolutemassageandspa","Absolutemassageandspa Gift Card","https://absolutemassageandspa.gr/product/gift-card/","https://absolutemassageandspa.gr","ACTIVE","VERIFIED","absolutemassageandspa.gr","CLEAN","1","1"
"cmt8o9lfb000130iysqk7vztw","cmt8o9l84000030iymso77cud","Access Fashion","Access Fashion Gift Card","https://www.accessfashion.gr/gift-card-100","https://www.accessfashion.gr","ACTIVE","VERIFIED","accessfashion.gr","OFFICIAL_URL_TOO_SPECIFIC","1","1"
"cmta5nkcq000154iymuc26j35","cmta5nk6i000054iyo59lds7z","Access Shop","Gift Card - Access Shop","https://access-shop.gr/en/gift-card/","https://access-shop.gr","ACTIVE","VERIFIED","access-shop.gr","CLEAN","1","1"
"cmta1h4240086q8iyy52pw87m","cmta1h3wa0085q8iyn1rdkd0h","Active Fashion","Active Fashion Gift Card","https://active-fashion.gr/gift-cards/","https://active-fashion.gr","ACTIVE","NEEDS_REVIEW","active-fashion.gr","CLEAN","1","1"
"cmta1f09t000nq8iyx3uehika","cmta1f03n000mq8iyzxhzrwvc","Adagio","Adagio Gift Voucher 200 euro","https://www.adagio.gr/el/","https://adagio.gr","ACTIVE","VERIFIED","adagio.gr","CARD_TITLE_POLLUTED","1","1"
"cmta1flx2002tq8iyfbzqbeb7","cmta1flpz002sq8iyj9fu06aj","Adidas","E-GIFT CARD","https://www.adidas.gr/","https://adidas.gr","ACTIVE","VERIFIED","adidas.gr","CLEAN","1","1"
"cmta1h66q0088q8iylx3c16x3","cmta1h4v30087q8iyy554j84c","Adore Beauty","Adore Beauty Gift Card","https://adore-beauty.gr/product/gift-card/","https://adore-beauty.gr","ACTIVE","NEEDS_REVIEW","adore-beauty.gr","CLEAN","1","1"
"cmtb6uetn00053giyiewpxirq","cmtb6ueoq00043giye4hg3ri6","Adventure Junkies","Adventure Junkies Gift Card","https://www.adventurejunkies.gr/product/%CE%B4%CF%89%CF%81%CE%BF%CE%BA%CE%AC%CF%81%CF%84%CE%B1-90e/","https://adventurejunkies.gr","ACTIVE","VERIFIED","adventurejunkies.gr","CLEAN","1","1"
"cmta4y7kn0003sciyv8fff1a2","cmta4y7eb0002sciylsx5by7d","Aegeanmassage","Gift cards - Aegean Massage","https://aegeanmassage.gr/gift-cards/","https://aegeanmassage.gr","ACTIVE","VERIFIED","aegeanmassage.gr","CLEAN","1","1"
"cmta1ker900kyq8iyvoop3jdl","cmta1kekt00kxq8iyxv2r81h0","Aetherjewelry","Aetherjewelry Gift Card","https://aetherjewelry.gr/gift-cards/","https://aetherjewelry.gr","ACTIVE","NEEDS_REVIEW","aetherjewelry.gr","CLEAN","1","1"
"cmta1k3kn00joq8iyvt4mz4a4","cmta1k3e400jnq8iyfrp6th99","Afroditesbeaute","Gift card 50","https://afroditesbeaute.gr/product/gift-card-50e/","https://afroditesbeaute.gr","ACTIVE","NEEDS_REVIEW","afroditesbeaute.gr","OFFICIAL_URL_TOO_SPECIFIC","1","1"
"cmta1gg4h005sq8iyehntb76m","cmta1gfy3005rq8iyb6n5rmq0","Agathou","Δωροεπιταγη 70€ - Agathou Beauty & Spa","https://www.agathou.gr/product-category/%ce%b4%cf%89%cf%81%ce%bf%ce%ba%ce%b1%cf%81%cf%84%ce%b5%cf%83/","https://agathou.gr","ACTIVE","NEEDS_REVIEW","agathou.gr","CARD_TITLE_POLLUTED","1","1"
"cmta1h8iz008aq8iyiv9p9gbg","cmta1h8bf0089q8iycn3j15z3","Aggouris","Giftcard - Ιεροραφείο Αγγούρη","https://aggouris.gr/product-category/dorokarta/","https://aggouris.gr","ACTIVE","NEEDS_REVIEW","aggouris.gr","CLEAN","1","1"
"cmta4y81w0005sciybyesa197","cmta4y7vg0004sciy2y9wokq6","Agigma","Το Τέλειο Last-Minute Δώρο στο Ρέθυμνο – Agigma Gift Card","https://agigma.gr/el/last-minute-doro-rethymno-gift-card/","https://agigma.gr","ACTIVE","VERIFIED","agigma.gr","CLEAN","1","1"
"cmt8l5oxi00015giyiu55n5ry","cmt8l5oqd00005giycgy0pz6b","Airbnb","Airbnb Gift Card","https://www.airbnb.com/giftcards","https://www.airbnb.com","ACTIVE","VERIFIED","airbnb.com","CLEAN","1","1"
"cmta4y8ik0007sciym0lmxv86","cmta4y8c30006sciylalyrg2a","Alchemy","alchemy Gift Card","https://alchemy.gr/products/alchemy-gift-card","https://alchemy.gr","ACTIVE","VERIFIED","alchemy.gr","CLEAN","1","1"
"cmtb6uf7q00073giyshj993ld","cmtb6uf2e00063giydxiii0f7","Ale Boutique","Ale Boutique Gift Card","https://aleboutique.gr/%CE%B4%CF%89%CF%81%CE%BF%CE%BA%CE%AC%CF%81%CF%84%CE%B1-aleboutique","https://aleboutique.gr","ACTIVE","VERIFIED","aleboutique.gr","CLEAN","1","1"
"cmtb77qi60048dkiyu8khlp3s","cmtb77qd60047dkiyo2864egs","Alexandris Stores","Alexandris Stores Gift Card","https://alexandrisstores.gr/en/product/valentines-day-gift-card-%CE%B4%CF%89%CF%81%CE%BF%CE%BA%CE%AC%CF%81%CF%84%CE%B1/","https://alexandrisstores.gr","ACTIVE","VERIFIED","alexandrisstores.gr","CLEAN","1","1"
"cmta1lglx00p8q8iyyx9gpvxm","cmta1lgfn00p7q8iyx90361iz","Aleyacreations","Aleyacreations Gift Card","https://www.aleyacreations.gr/product-category/gift-card/","https://aleyacreations.gr","ACTIVE","NEEDS_REVIEW","aleyacreations.gr","CLEAN","1","1"
"cmta1h9hs008cq8iygekf2u6w","cmta1h8s5008bq8iy5dvpk9kp","Alhammam","Δωροκάρτα","https://alhammam.gr/gift-cards/","https://alhammam.gr","ACTIVE","NEEDS_REVIEW","alhammam.gr","CLEAN","1","1"
"cmtb6ufkl00093giymppi9r6l","cmtb6uffz00083giyn667ly3j","Alhimistis Bags","Δωροεπιταγή Alhimistis Bags","https://alhimistisbags.gr/product/dwroepitagh-alhimistis-bags/","https://alhimistisbags.gr","ACTIVE","VERIFIED","alhimistisbags.gr","CLEAN","1","1"
"cmta1k3zz00jqq8iys4ggznve","cmta1k3u200jpq8iytfzrz0ed","Alkistijewelry","Alkistijewelry Gift Card","https://alkistijewelry.gr/products/gift-card","https://alkistijewelry.gr","ACTIVE","NEEDS_REVIEW","alkistijewelry.gr","CLEAN","1","1"
"cmta1loyo00q4q8iysa3cla1n","cmta1loqf00q3q8iyazvz6v1f","Alldaypharmacy","Gift card - ΦΑΡΜΑΚΕΙΟ ΓΛΥΦΑΔΑ","https://alldaypharmacy.gr/shop/gift-card/","https://alldaypharmacy.gr","ACTIVE","NEEDS_REVIEW","alldaypharmacy.gr","CLEAN","1","1"
"cmta1mfo100t0q8iyejb505cp","cmta1mfhk00szq8iyqgrn6mr2","Almarspa","Gift Card – Almar Spa","https://almarspa.gr/product/gift-card/","https://almarspa.gr","ACTIVE","NEEDS_REVIEW","almarspa.gr","CLEAN","1","1"
"cmta1ha1j008eq8iysd3rotam","cmta1h9u1008dq8iyr63git16","Alohabeauty","Gift Card - Aloha Beauty","https://alohabeauty.gr/gift-card/","https://alohabeauty.gr","ACTIVE","NEEDS_REVIEW","alohabeauty.gr","CLEAN","1","1"
"cmta4y8xk0009sciynr5631pq","cmta4y8rm0008sciyz71rugn9","Alouette","E-Gift Card for all! - Alouette | Βρεφικά & Παιδικά Ρούχα","https://www.alouette.gr/el/4599-e-gift-card","https://alouette.gr","ACTIVE","VERIFIED","alouette.gr","OFFICIAL_URL_TOO_SPECIFIC","1","1"
"cmta1ggkw005uq8iy28do8tfm","cmta1ggey005tq8iyzbtj8kvz","Alova","MISS KAY E-GIFT CARD","https://www.alova.gr/shop/beauty-boxes-gift-sets/e-gift-card/miss-kay-e-gift-card/","https://alova.gr","ACTIVE","NEEDS_REVIEW","alova.gr","CLEAN","1","1"
"cmta1k4h700jsq8iya7wu9oi9","cmta1k4ai00jrq8iy57ed1bj5","Alpamayopro","Alpamayopro Gift Card","https://www.alpamayopro.gr/giftcard.html","https://alpamayopro.gr","ACTIVE","NEEDS_REVIEW","alpamayopro.gr","CLEAN","1","1"
"cmtb77qvi004adkiy3pvb8032","cmtb77qqd0049dkiyndnbfp2g","AlterEgo","Δωροκάρτα AlterEgo","https://alteregofashion.gr/en/product/gift-card/","https://alteregofashion.gr","ACTIVE","VERIFIED","alteregofashion.gr","CLEAN","1","1"
"cmt8nqu6a00010oiy7vzul8b7","cmt8nqtz900000oiy5f4y48na","Amazon","Amazon Gift Card","https://www.amazon.de/gp/browse.html?node=1571256031&ref_=footer_giftcards","https://www.amazon.de","ACTIVE","VERIFIED","amazon.de","THIRD_PARTY_CARD","1","1"
"cmtb77dqg002ddkiy5xfdestp","cmtb77dlf002cdkiylvcdl5z2","Ambassador Mykonos","Gift Cards | Ambassador Mykonos","https://www.myconianambassador.gr/gift-cards/","https://myconianambassador.gr","ACTIVE","VERIFIED","myconianambassador.gr","CLEAN","1","1"
"cmta1han9008gq8iyr14rrfwb","cmta1hagf008fq8iynbdf22mn","Ame30","Gift Card - ame30 - Ανδρικά ρούχα, παπούτσια και αξεσουάρ","https://ame30.gr/gift-cards/","https://ame30.gr","ACTIVE","NEEDS_REVIEW","ame30.gr","CLEAN","1","1"
"cmta1hb5r008iq8iyqvjs32oy","cmta1hayg008hq8iyxn9dz5cg","Ammashop","GIFT CARD 100€ - ammashop","https://www.ammashop.gr/gift-cards","https://ammashop.gr","ACTIVE","NEEDS_REVIEW","ammashop.gr","CARD_TITLE_POLLUTED","1","1"
"cmta1lpfx00q6q8iyf11yv5pi","cmta1lp9t00q5q8iyz374e7wj","Amourianosoptics","GIFT CARD 200€","https://amourianosoptics.gr/en/accessories-html/gift-cards.html","https://amourianosoptics.gr","ACTIVE","NEEDS_REVIEW","amourianosoptics.gr","CARD_TITLE_POLLUTED","1","1"
"cmta1eyx9000hq8iyxcnanpju","cmta1eyqw000gq8iym60ef15s","Anastasia Beverly Hills","Anastasia Beverly Hills Gift Card","https://www.anastasiabeverlyhills.com/products/giftcard","https://anastasiabeverlyhills.com","ACTIVE","NEEDS_REVIEW","anastasiabeverlyhills.com","CLEAN","1","1"
"cmta1hcfs008kq8iy3f4fpqut","cmta1hbn3008jq8iyboyawojz","Anastasiasstore","Gift Card | Δωροκάρτα για Γυναικεία Ρούχα & Παπούτσια","https://anastasiasstore.gr/product-category/gift-card/","https://anastasiasstore.gr","ACTIVE","NEEDS_REVIEW","anastasiasstore.gr","CLEAN","1","1"
"cmtb76y610005dkiyfwuox0v1","cmtb76y0m0004dkiy2sja0yz9","Ancient Greece","Gift Card - Ancient Greece","https://www.archaeotours.gr/product-category/wps_wgm_giftcard/","https://archaeotours.gr","ACTIVE","VERIFIED","archaeotours.gr","CLEAN","1","1"
"cmta1mgb500t2q8iyybmggkym","cmta1mg3500t1q8iy89f1zckz","Andreoueshop","Andreoueshop Gift Card","https://andreoueshop.gr/product/gift-card/","https://andreoueshop.gr","ACTIVE","NEEDS_REVIEW","andreoueshop.gr","CLEAN","1","1"
"cmta1hdl9008mq8iy0bgrltgd","cmta1hdeo008lq8iyzdedzdby","Anemos","Anemos Gift Card","https://anemos.gr/","https://anemos.gr","ACTIVE","VERIFIED","anemos.gr","CLEAN","1","1"
"cmtb6ufxo000b3giyektyl1hg","cmtb6ufsn000a3giyjib46xsx","Angelopoulos Hair","Angelopoulos Hair Gift Card","https://www.angelopouloshair.gr/en/dorokartes","https://angelopouloshair.gr","ACTIVE","VERIFIED","angelopouloshair.gr","CLEAN","1","1"
"cmtb77z8g005hdkiybcw8e79m","cmtb77z45005gdkiyowzvvqms","Angels Boutique","Angels Boutique Gift Card","https://www.angels-boutique.gr/product-category/mwb_wgm_giftcard","https://angels-boutique.gr","ACTIVE","VERIFIED","angels-boutique.gr","CLEAN","1","1"
"cmtb6ugaj000d3giycxlifea1","cmtb6ug5t000c3giycd67gr0a","Angelsflowers","Δωροκάρτα","https://angelsflowers.gr/product/dwrokarta/","https://angelsflowers.gr","ACTIVE","VERIFIED","angelsflowers.gr","CLEAN","1","1"
"cmta1feem0027q8iy70t8vano","cmta1fe8c0026q8iyt6n52jj6","AngryNerd","Δωροκάρτα","https://angrynerd.gr/","https://angrynerd.gr","ACTIVE","VERIFIED","angrynerd.gr","CLEAN","1","1"
"cmta1k4ye00juq8iyeeswbskm","cmta1k4re00jtq8iy6du8abjr","Animusmassage","Gift certificate","https://animusmassage.gr/gift-card-2/","https://animusmassage.gr","ACTIVE","NEEDS_REVIEW","animusmassage.gr","OFFICIAL_URL_TOO_SPECIFIC","1","1"
"cmta1k5f500jwq8iyplvt7fkz","cmta1k58l00jvq8iyujdntq2y","Annamariamazaraki","Gift Card 50 euro. Give the gift of love to your beloved one ...","https://annamariamazaraki.gr/","https://annamariamazaraki.gr","ACTIVE","VERIFIED","annamariamazaraki.gr","CARD_TITLE_POLLUTED","1","1"
"cmta1kf6y00l0q8iyhuqjctff","cmta1kf0q00kzq8iybnro3x4h","Annysresidences","Hotel Gift Card | Anny's Residence & Suites","https://annysresidences.gr/gift-card-annys/","https://annysresidences.gr","ACTIVE","NEEDS_REVIEW","annysresidences.gr","CLEAN","1","1"
"cmt8l5pog00065giyds4zmg9d","cmt8l5ph500055giy9pepw2jm","Answear Greece","Answear Greece Gift Card","https://answear.gr/gift-cards","https://answear.gr","ACTIVE","VERIFIED","answear.gr","CLEAN","1","1"
"cmta1g2s8004jq8iyfscrgkeo","cmta1g2lu004iq8iyuc7d7h3h","Anthemion Flowers","Anthemion Flowers Δωροκάρτα","https://anthemionflowers.com/attica_el/dorokarta-louloudia.html","https://anthemionflowers.com","ACTIVE","VERIFIED","anthemionflowers.com","CLEAN","1","1"
"cmtb77r83004bdkiycl9k0utt","cmtikaq840000csiynr88cto8","Antithesis Clothing","Antithesis Clothing Gift Card","https://antithesisclothing.gr/shop/dorokarta/","https://antithesisclothing.gr","ACTIVE","VERIFIED","antithesisclothing.gr","CLEAN","1","1"
"cmta1ggzv005wq8iycyfz8c2j","cmta1ggu1005vq8iynyxfvbbv","Antonella","Antonella Gift Card","https://antonella.gr/","https://antonella.gr","ACTIVE","VERIFIED","antonella.gr","CLEAN","1","1"
"cmta1he73008oq8iy2gnxwy4p","cmta1he01008nq8iye12pbbyc","Antonellakids","Δωροκάρτα με τις δικές σας ευχές","https://antonellakids.gr/","https://antonellakids.gr","ACTIVE","VERIFIED","antonellakids.gr","CLEAN","1","1"
"cmta1mgrt00t4q8iy7nvjqpjv","cmta1mgl500t3q8iyhiinlk2s","Anubis","Gift Card Archives","https://anubis.gr/","https://anubis.gr","ACTIVE","VERIFIED","anubis.gr","CLEAN","1","1"
"cmta1her3008qq8iyu3imsqb5","cmta1hek9008pq8iyxgjendzg","Anviacandles","ΔΩΡΟΚΑΡΤΑ","https://anviacandles.gr/shop/gift-card/gift-card/","https://anviacandles.gr","ACTIVE","NEEDS_REVIEW","anviacandles.gr","CLEAN","1","1"
"cmta1lpz100q8q8iyoohv57r7","cmta1lprh00q7q8iyps9ujt99","Ao Massage","Gift Card - Α-ω Massage Services","https://www.ao-massage.gr/en/gift-card/","https://ao-massage.gr","ACTIVE","NEEDS_REVIEW","ao-massage.gr","CLEAN","1","1"
"cmta1ftsh003nq8iyxswky70y","cmta1ftm4003mq8iyn7wu2dpi","ApparelStores","e-Gift Card - 30.00","https://www.apparelstores.gr/products/e-gift-card","https://apparelstores.gr","ACTIVE","NEEDS_REVIEW","apparelstores.gr","CLEAN","1","1"
"cmtb770up000jdkiys2xgzyjl","cmtb770ps000idkiyolfowk77","Archives","GIft Cards Archives","https://cicado.gr/en/product-category/gift-cards/","https://cicado.gr","ACTIVE","VERIFIED","cicado.gr","CLEAN","1","1"
"cmtb776qx001ddkiyf0qqkxjr","cmtb776ks001cdkiyblekiezm","Archives","Gift Card Archives","https://gerochristojewelry.gr/jewelry/mwb_wgm_giftcard/","https://gerochristojewelry.gr","ACTIVE","VERIFIED","gerochristojewelry.gr","CLEAN","1","1"
"cmtb772w1000tdkiycjyct23l","cmtb772qg000sdkiyy1u9nxli","Archives","Δωροκάρτα Archives","https://www.didocosmetics.gr/product-category/proionta/dwrokarta/","https://didocosmetics.gr","ACTIVE","VERIFIED","didocosmetics.gr","CLEAN","1","1"
"cmta5nz6o002854iydldfcozj","cmta5nz1h002754iyxbfujt5i","Archives - Two And A Half - twoandahalf.gr","Gift Card Archives - Two And A Half - twoandahalf.gr","https://www.twoandahalf.gr/product-category/gift-card/","https://twoandahalf.gr","ACTIVE","VERIFIED","twoandahalf.gr","CLEAN","1","1"
"cmta5o08h002e54iylwvhwz6r","cmta5o03q002d54iyhnei1gmz","Archives - Wellness City Spa Glyfada | Exclusive Services","Gift card Archives - Wellness City Spa Glyfada | Exclusive Services","https://wellnesscityspa.gr/product-category/gift-card/","https://wellnesscityspa.gr","ACTIVE","VERIFIED","wellnesscityspa.gr","CLEAN","1","1"
"cmtb7865x006edkiy01ch68q5","cmtb7861h006ddkiyig1e8txl","Archives - Φωτιστικά Κουρτάκης","gift card Archives - Φωτιστικά Κουρτάκης","https://kourtakis-lighting.gr/product-category/gift-card/","https://kourtakis-lighting.gr","ACTIVE","VERIFIED","kourtakis-lighting.gr","CLEAN","1","1"
"cmta1mhdg00t6q8iyne0gzmhv","cmta1mh6h00t5q8iyy9olrsfi","Army Market","Army Market Gift Card","https://army-market.gr/gift-card","https://army-market.gr","ACTIVE","NEEDS_REVIEW","army-market.gr","CLEAN","1","1"
"cmtb6ugoe000f3giyxjtw5z05","cmtb6ugje000e3giyaubvped2","Art Center","Δωροεπιταγές","https://www.art-center.com.gr/categories/4565/dora-doroepitages-/","https://art-center.com.gr","ACTIVE","VERIFIED","art-center.com.gr","OFFICIAL_URL_TOO_SPECIFIC","1","1"
"cmta1hfcn008sq8iy6i2fe0bp","cmta1hf65008rq8iyfh7t6wpa","Artcolour","Art & Colour Gift Card - €200","https://artcolour.gr/","https://artcolour.gr","ACTIVE","VERIFIED","artcolour.gr","CARD_TITLE_POLLUTED","1","1"
"cmta1ghdm005yq8iy044r8ucx","cmta1gh86005xq8iydzgewhf3","Artmie","Δωροεπιταγή ARTMiE - Το ιδανικό δώρο για κάθε καλλιτέχνη","https://artmie.gr/","https://artmie.gr","ACTIVE","VERIFIED","artmie.gr","CLEAN","1","1"
"cmtb6uh27000h3giy1gjnuq15","cmtb6ugwi000g3giyi2nq5zgq","Asian For All 50ε","Δωροκάρτα Asian For All 50ε","https://asianforall.gr/books/vivlia-kinezikwn/%CE%B4%CF%89%CF%81%CE%BF%CE%BA%CE%AC%CF%81%CF%84%CE%B1-asianforall/","https://asianforall.gr","ACTIVE","VERIFIED","asianforall.gr","CLEAN","1","1"
"cmta1fi60002hq8iyf9s9le0u","cmta1fhz7002gq8iyyert5tbx","AstronGameClub","AstronGameClub Gift Card","https://www.astrongameclub.gr/gift-card/","https://astrongameclub.gr","ACTIVE","NEEDS_REVIEW","astrongameclub.gr","CLEAN","1","1"
"cmta5nkqd000354iye66fxcah","cmta5nklm000254iyykvcbi2u","Atelie","Atelie Gift Card","https://www.atelie.com.gr/178-giftcards","https://atelie.com.gr","ACTIVE","VERIFIED","atelie.com.gr","OFFICIAL_URL_TOO_SPECIFIC","1","1"
"cmta1gi8v0060q8iyfp9c7xcp","cmta1gi2r005zq8iyjvgxjqxm","Atenea","eGift Card - Atenea","https://atenea.gr/products/gift-card","https://atenea.gr","ACTIVE","NEEDS_REVIEW","atenea.gr","CLEAN","1","1"
"cmta1kfmj00l2q8iyr7i4j7w5","cmta1kfgg00l1q8iywstqh400","Athanasiakaritsa","Gift Card - Εργαστήριο Αισθητικής Αθανασία Καρύτσα","https://athanasiakaritsa.gr/gift-card/","https://athanasiakaritsa.gr","ACTIVE","NEEDS_REVIEW","athanasiakaritsa.gr","CLEAN","1","1"
"cmta5nlif000754iynlqaag0t","cmta5nlc8000654iynn5wpmru","Athens Green Apartments","E-Gift Card Athens Green Apartments","https://athensgreen.gr/en/2271490/e-gift-card-athens-green-apartments","https://athensgreen.gr","ACTIVE","VERIFIED","athensgreen.gr","OFFICIAL_URL_TOO_SPECIFIC","1","1"
"cmta1mhwp00t8q8iyp2up25jv","cmta1mhql00t7q8iyw7yqed2v","Athenscentre","Gift voucher","https://athenscentre.gr/","https://athenscentre.gr","ACTIVE","VERIFIED","athenscentre.gr","CLEAN","1","1"
"cmta1hfz2008uq8iykkf41lee","cmta1hfri008tq8iyyvmypizt","Athensmassagecenter","Δώρο Μασάζ - Δωροκάρτες","https://athensmassagecenter.gr/gift-cards/","https://athensmassagecenter.gr","ACTIVE","NEEDS_REVIEW","athensmassagecenter.gr","CLEAN","1","1"
"cmta1mijq00taq8iy170bc7lx","cmta1midd00t9q8iy0efqn67i","Athenssportsmassage","Gift cards Το απόλυτο δώρο χαλάρωσης για τους ...","https://www.athenssportsmassage.gr/gift-cards/","https://athenssportsmassage.gr","ACTIVE","NEEDS_REVIEW","athenssportsmassage.gr","CLEAN","1","1"
"cmta1kga700l4q8iynzxz5thg","cmta1kg3s00l3q8iyzftj1v7j","Athinatzika","Gift Card - Athina Tzika | Yoga, Pilates & Ολιστικές Θεραπείες","https://athinatzika.gr/giftcard/","https://athinatzika.gr","ACTIVE","NEEDS_REVIEW","athinatzika.gr","CLEAN","1","1"
"cmta1k5uz00jyq8iyq2wyszdo","cmta1k5pb00jxq8iylq5tdu38","Atmospherespa","Atmospherespa Gift Card","https://atmospherespa.gr/gift-card/","https://atmospherespa.gr","ACTIVE","NEEDS_REVIEW","atmospherespa.gr","CLEAN","1","1"
"cmta5nlwr000954iy1cgp5nb2","cmta5nlqy000854iyl8rafyef","Audio Control","Δωροκάρτα - Audio Control","https://www.audiocontrol.gr/product/gift-card/","https://audiocontrol.gr","ACTIVE","VERIFIED","audiocontrol.gr","CLEAN","1","1"
"cmta1lqim00qaq8iywcm8v2ex","cmta1lqc400q9q8iy6jsg8irh","Aurorajewellery","Aurorajewellery Gift Card","https://aurorajewellery.gr/products/gift-card","https://aurorajewellery.gr","ACTIVE","NEEDS_REVIEW","aurorajewellery.gr","CLEAN","1","1"
"cmta1lkvc00poq8iyrf4ok9ea","cmta1lkoo00pnq8iy3a0nyj35","Avgerinospharmacy","Gift Card!","https://avgerinospharmacy.gr/products/gift-card","https://avgerinospharmacy.gr","ACTIVE","NEEDS_REVIEW","avgerinospharmacy.gr","CLEAN","1","1"
"cmta1hgn5008wq8iy1ksubp16","cmta1hgfm008vq8iy2pi8rd5p","Avvento Shoes","GIFT CARD 50","https://www.avvento-shoes.gr/avvento/gift-card-100eu-gift-card-100eu-101","https://avvento-shoes.gr","ACTIVE","NEEDS_REVIEW","avvento-shoes.gr","OFFICIAL_URL_TOO_SPECIFIC","1","1"
"cmta5nma4000b54iy51dzh8t6","cmta5nm5n000a54iytmsbakho","Baby Gear","Gift Cards - Baby Gear","https://www.babygear.gr/gift_cards?srsltid=AfmBOorNC4uPo2iFhBQwi7mytj8V4WPohBZvdmlD-6LGAFTKZIFmHjoO","https://babygear.gr","ACTIVE","VERIFIED","babygear.gr","CLEAN","1","1"
"cmta1hh4n008yq8iyv5xr0tfi","cmta1hgww008xq8iyq5yf3j73","Babybean","Δωροκάρτα - Babybean - BabyBean.gr by Ammos & Gyali","https://babybean.gr/product/gift-card/","https://babybean.gr","ACTIVE","NEEDS_REVIEW","babybean.gr","CLEAN","1","1"
"cmta1lr6z00qcq8iym9f7fl45","cmta1lqvr00qbq8iyymgbd4rj","Babybluecollections","Gift Card – babybluecollections.gr","https://babybluecollections.gr/products/gift-card","https://babybluecollections.gr","ACTIVE","NEEDS_REVIEW","babybluecollections.gr","CLEAN","1","1"
"cmta1fbd9001xq8iy16jadarj","cmta1fb6o001wq8iy33a59phq","Babydream","BABYDREAM ΔΩΡΟΕΠΙΤΑΓΗ 300","https://www.babydream.gr/","https://babydream.gr","ACTIVE","VERIFIED","babydream.gr","CLEAN","1","1"
"cmta1mj7f00tcq8iyfg3pom6s","cmta1mj0k00tbq8iyprndlmpp","Babyllama","Gift Card | Δωροκάρτα | Baby Llama","https://www.babyllama.gr/shop/diakosmisi-diakosmitika/set-dorou-%ce%b2%cf%81%ce%b5%cf%86%ce%b9%ce%ba%ce%b5%cf%82-%cf%86%cf%89%ce%bb%ce%b9%ce%b5%cf%82/gift-card-2/","https://babyllama.gr","ACTIVE","NEEDS_REVIEW","babyllama.gr","OFFICIAL_URL_TOO_SPECIFIC","1","1"
"cmta1mk2p00teq8iywlymg7ut","cmta1mjw600tdq8iy2ln2bbdn","Babyvalia","GIFT CARD ‣ Βabyvalia","https://babyvalia.gr/product-category/baby-shower/gift-card/","https://babyvalia.gr","ACTIVE","NEEDS_REVIEW","babyvalia.gr","CLEAN","1","1"
"cmta1mkio00tgq8iyvbnu4lyr","cmta1mkch00tfq8iypojod0v2","Badayestudio","Badayestudio Gift Card","https://badayestudio.gr/product/gift-card/","https://badayestudio.gr","ACTIVE","NEEDS_REVIEW","badayestudio.gr","CLEAN","1","1"
"cmtb77s4y004fdkiyo03xtcof","cmtb77rzv004edkiyu06p2n1l","Badila","Badila Gift Card","https://www.badila.gr/en/giftcard/","https://badila.gr","ACTIVE","VERIFIED","badila.gr","CLEAN","1","1"
"cmtb62fh3000394iyqc1z6qea","cmtb62fbu000294iyhass0r8j","Bags & Hats eshop | Your trusted choice since 1965","Gift Card - Bags & Hats eshop | Your trusted choice since 1965","https://bagshats.gr/product/gift-card/","https://bagshats.gr","ACTIVE","VERIFIED","bagshats.gr","CLEAN","1","1"
"cmta1lhrz00pcq8iypeg7vad4","cmta1lhli00pbq8iycwa0xvr7","Bakuk","Δωροκάρτα - Bakuk","https://bakuk.gr/%CF%80%CF%81%CE%BF%CF%8A%CF%8C%CE%BD/gift-card/","https://bakuk.gr","ACTIVE","NEEDS_REVIEW","bakuk.gr","CLEAN","1","1"
"cmta1kgpr00l6q8iymz64nedr","cmta1kgk800l5q8iyf882sdaw","Balootoys","Gift Card - BalooToys","https://balootoys.gr/en/gift-card/","https://balootoys.gr","ACTIVE","NEEDS_REVIEW","balootoys.gr","CLEAN","1","1"
"cmta1ml4900tiq8iyc30ngvjv","cmta1mkyo00thq8iycmckbrk1","Bambinokids","Bambinokids Gift Card","https://bambinokids.gr/product/gift-card/","https://bambinokids.gr","ACTIVE","NEEDS_REVIEW","bambinokids.gr","CLEAN","1","1"
"cmtb76yz20009dkiysecoqwih","cmtb76ytx0008dkiy5hse5hlt","Banya","Banya Gift Card","https://www.banya.gr/product/gift-card/","https://banya.gr","ACTIVE","VERIFIED","banya.gr","CLEAN","1","1"
"cmta4y9db000bsciyg566bd57","cmta4y96w000asciyw4lp6d4q","Barbopoulos","Gift card - Barbopoulos store, Chania","https://www.barbopoulos.gr/product/gift-card-barbopoulos/?srsltid=AfmBOorAqLtZNbTUv_YfKZX5JtDaTXCaoc6q5YwvyP7gLznz8dBJzqnc","https://barbopoulos.gr","ACTIVE","VERIFIED","barbopoulos.gr","CLEAN","1","1"
"cmta1ftak003lq8iyqic1n4x7","cmta1ft43003kq8iy3gcph7ml","Barequip.gr","Δωροκάρτες 100,00","http://www.barequip.gr/","https://barequip.gr","ACTIVE","VERIFIED","barequip.gr","CLEAN","1","1"
"cmta1kh8o00l8q8iysbonz7gj","cmta1kh2c00l7q8iyvz3v307p","Baseandtop","Baseandtop Gift Card","https://baseandtop.gr/products/gift-card","https://baseandtop.gr","ACTIVE","NEEDS_REVIEW","baseandtop.gr","CLEAN","1","1"
"cmta1hhpi0090q8iyoykewtm8","cmta1hhhz008zq8iynnf2cwxw","Batterypark","ΔΩΡΟΕΠΙΤΑΓΗ - batterypark.gr","https://batterypark.gr/el/gift-cards","https://batterypark.gr","ACTIVE","NEEDS_REVIEW","batterypark.gr","CLEAN","1","1"
"cmta1hiz30092q8iyqu6sq314","cmta1hik80091q8iy7tmtpbi6","Bbq","Δωροκάρτα αξίας 1.000€","https://bbq.gr/gift-cards","https://bbq.gr","ACTIVE","NEEDS_REVIEW","bbq.gr","CARD_TITLE_POLLUTED","1","1"
"cmta1hjk40094q8iyvworgly4","cmta1hjcj0093q8iybfcm521f","Beauty Case","Gift Card - 40€ - Beauty Case","https://www.beauty-case.gr/product-category/giftcard/","https://beauty-case.gr","ACTIVE","NEEDS_REVIEW","beauty-case.gr","CARD_TITLE_POLLUTED","1","1"
"cmta1lf3h00p2q8iyb66pebvm","cmta1lexf00p1q8iy3e7gxd0a","Beauty Plus","Beauty Plus Gift Card","https://www.beauty-plus.gr/collections/gift-card","https://beauty-plus.gr","ACTIVE","NEEDS_REVIEW","beauty-plus.gr","CLEAN","1","1"
"cmtb6uhff000j3giyc1dy35p6","cmtb6uham000i3giyoogf3rqc","Beauty Queens","Δωροκάρτα - Beauty Queens","https://www.beautyqueens.gr/%CE%B4%CF%89%CF%81%CE%BF%CE%BA%CE%AC%CF%81%CF%84%CE%B1/","https://beautyqueens.gr","ACTIVE","VERIFIED","beautyqueens.gr","CLEAN","1","1"
"cmta1gio30062q8iyus08qyu9","cmta1giib0061q8iyxtue1dwt","Beautyandnails","Δωροκάρτα | E-Gift Card","https://beautyandnails.gr/","https://beautyandnails.gr","ACTIVE","VERIFIED","beautyandnails.gr","CLEAN","1","1"
"cmta1hk2v0096q8iyp1g0rj8w","cmta1hjup0095q8iyvtvlgy9z","Beautybliss","GIFT CARD | BeautyBliss","https://www.beautybliss.gr/gift-card","https://beautybliss.gr","ACTIVE","NEEDS_REVIEW","beautybliss.gr","CLEAN","1","1"
"cmta1gc2m0058q8iy9d125vrk","cmta1gbwr0057q8iy912y66yc","Beautycityspa","e-GIFT CARD beauty city spa","https://www.beautycityspa.gr/gift-card","https://beautycityspa.gr","ACTIVE","NEEDS_REVIEW","beautycityspa.gr","CLEAN","1","1"
"cmta1mllt00tkq8iyqeumzozm","cmta1mlfc00tjq8iy0c3ybipq","Beautyclinic","Gift Card, Πρωτότυπη κάρτα Δώρου","https://beautyclinic.gr/index.php/gift-card","https://beautyclinic.gr","ACTIVE","NEEDS_REVIEW","beautyclinic.gr","CLEAN","1","1"
"cmta1lib900peq8iyg74tb65g","cmta1li4l00pdq8iy7duep71a","Beautylafee","Beauty La Fée - Gift Card","https://beautylafee.gr/shop/gift-card/beauty-la-fee-gift-card/","https://beautylafee.gr","ACTIVE","NEEDS_REVIEW","beautylafee.gr","CLEAN","1","1"
"cmta1hkhz0098q8iyjadmmr3n","cmta1hkcg0097q8iyw3ydcbip","Beautylink","Gift Card Αξίας 50 Ευρώ","https://beautylink.gr/","https://beautylink.gr","ACTIVE","VERIFIED","beautylink.gr","CLEAN","1","1"
"cmta1hkw1009aq8iy1ebujztj","cmta1hkqq0099q8iyde9km7bg","Beautypeak","Gift Card - Δωροκάρτα","https://www.beautypeak.gr/gift-card","https://beautypeak.gr","ACTIVE","NEEDS_REVIEW","beautypeak.gr","CLEAN","1","1"
"cmta1hlab009cq8iyuzff3nxc","cmta1hl4z009bq8iydvy08yy9","Beautyprincess","Gift Card 50€ | BeautyPrincess – Δώρο Ομορφιάς","https://beautyprincess.gr/gifts/gift-cards","https://beautyprincess.gr","ACTIVE","NEEDS_REVIEW","beautyprincess.gr","CARD_TITLE_POLLUTED","1","1"
"cmtb62fvk000594iyj5lztsez","cmtb62fq1000494iyp0o9gh07","Beautyworldbydg","Beautyworldbydg Gift Card","https://www.beautyworldbydg.gr/product/gift-card/","https://beautyworldbydg.gr","ACTIVE","VERIFIED","beautyworldbydg.gr","CLEAN","1","1"
"cmta1khor00laq8iyeld2ucyv","cmta1khjf00l9q8iydipxdut2","Bebestars","Bebestars Gift Card","https://www.bebestars.gr/dwrokarta/giftcard/","https://bebestars.gr","ACTIVE","NEEDS_REVIEW","bebestars.gr","CLEAN","1","1"
"cmta1exzc000dq8iywmqdc2xg","cmta1exse000cq8iym36sal68","Belmond","Luxury Gift Cards for Unique Gifts | Belmond Hotels","https://www.belmond.com/en","https://belmond.com","ACTIVE","VERIFIED","belmond.com","CLEAN","1","1"
"cmta1hloj009eq8iysgwx4a4b","cmta1hlis009dq8iyvq7l9obj","Benessere","Δωροκάρτες - Gift Cards, Κεντρο Αισθητικής Benessere Αίγιο ...","https://benessere.gr/dwrokartes-gift-cards/","https://benessere.gr","ACTIVE","NEEDS_REVIEW","benessere.gr","CLEAN","1","1"
"cmtb777it001hdkiymj8dws5d","cmtb777dj001gdkiyvmgfij22","Best Mom για τη Γιορτή της Μητέρας","Δωροκάρτα Best Mom για τη Γιορτή της Μητέρας","https://grandpharmacy.gr/product/dorokarta_best_mom_giorth_miteras/","https://grandpharmacy.gr","ACTIVE","VERIFIED","grandpharmacy.gr","CLEAN","1","1"
"cmtb6uhsq000l3giy81e5v942","cmtb6uhnb000k3giyxddgyqfa","Best Western","Best Western Gift Card","https://www.bestwestern.gr/ro/travel-card","https://bestwestern.gr","ACTIVE","VERIFIED","bestwestern.gr","CLEAN","1","1"
"cmta1mm5800tmq8iyk167650i","cmta1mlxn00tlq8iypoqqu9ps","Bestmassage","gift card - The Best Massage","https://bestmassage.gr/","https://bestmassage.gr","ACTIVE","VERIFIED","bestmassage.gr","CLEAN","1","1"
"cmta1hm2i009gq8iy3vf9bzhy","cmta1hlx2009fq8iy6fwfj2v1","Bestpharmacy","Δωροκάρτα 50","https://bestpharmacy.gr/","https://bestpharmacy.gr","ACTIVE","VERIFIED","bestpharmacy.gr","CLEAN","1","1"
"cmta1fv8n003tq8iyzing1bi2","cmta1fv1k003sq8iyuznwlgqd","Big Shoes","Δωροεπιταγές Big Shoes Έξυπνο Δώρο Παπούτσια","https://bigshoes.gr/","https://bigshoes.gr","ACTIVE","VERIFIED","bigshoes.gr","CLEAN","1","1"
"cmta1hmge009iq8iyqi3nmyl6","cmta1hmaz009hq8iygewwbojf","Bilanis","Δωροκάρτα - Bilanis.gr","https://bilanis.gr/egift-card/","https://bilanis.gr","ACTIVE","NEEDS_REVIEW","bilanis.gr","CLEAN","1","1"
"cmta4225d0004t8iybifa3ihm","cmta4220s0003t8iyc13ndm9o","Bilero","Virtual Gift Card Αρχεία","https://bilero.gr/product/gift-card/","https://bilero.gr","ACTIVE","NEEDS_REVIEW","bilero.gr","CLEAN","1","1"
"cmta1lrpd00qeq8iygxg5ys3k","cmta1lria00qdq8iyziga5anz","Bimboshoes","Bimboshoes Gift Card","https://www.bimboshoes.gr/product/gift-card/","https://bimboshoes.gr","ACTIVE","NEEDS_REVIEW","bimboshoes.gr","CLEAN","1","1"
"cmtb7hwow000704iyt99hm2lp","cmtb7hwjz000604iy7agycf4r","Bioaroma Crete","Bioaroma Crete Spa Gift Card","https://www.bioaromacrete.com/products/spa-gift-card","https://bioaromacrete.com","ACTIVE","VERIFIED","bioaromacrete.com","CLEAN","1","1"
"cmtb6ui6j000n3giy2kh8ox6c","cmtb6ui1t000m3giy66028e8c","Black Lotus Massage","Black Lotus Massage Δωροκάρτα 30 Ευρώ","https://blacklotusmassage.gr/product/%CE%B4%CF%89%CF%81%CE%BF%CE%BA%CE%AC%CF%81%CF%84%CE%B1-40-%CE%B5%CF%85%CF%81%CF%8E/","https://blacklotusmassage.gr","ACTIVE","VERIFIED","blacklotusmassage.gr","OFFICIAL_URL_TOO_SPECIFIC","1","1"
"cmtb6uijf000p3giy2w2ofsxh","cmtb6uiej000o3giy9hqeoxbx","Black Swan LBS","Black Swan LBS Gift Card","https://www.blackswan-lbs.gr/index.php?route=product/product&product_id=849","https://blackswan-lbs.gr","ACTIVE","VERIFIED","blackswan-lbs.gr","CLEAN","1","1"
"cmta1ki7v00lcq8iyp9416uhu","cmta1ki1j00lbq8iyw8k62c1u","Blackroll","Gift Card - Blackroll.gr","https://blackroll.gr/products/gift-card","https://blackroll.gr","ACTIVE","NEEDS_REVIEW","blackroll.gr","CLEAN","1","1"
"cmta1hmva009kq8iyjhjwkr2r","cmta1hmpj009jq8iys0ffo9g0","Blinefashion","Bline Gift Card– Ιδανικό δώρο για κάθε περίσταση","https://blinefashion.gr/product/dorokarta/","https://blinefashion.gr","ACTIVE","NEEDS_REVIEW","blinefashion.gr","CLEAN","1","1"
"cmta5nmna000d54iydgsuwwbf","cmta5nmhv000c54iytgwa5bzg","Bliss Nail Bar","Gift Cards - Bliss Nail Bar","https://blissnailbar.gr/gift-cards/","https://blissnailbar.gr","ACTIVE","VERIFIED","blissnailbar.gr","CLEAN","1","1"
"cmta1kioj00leq8iyp66jp838","cmta1kihv00ldq8iy0jjjc2a4","Bloeur","GIFT CARD BLOEUR","https://bloeur.gr/product-category/gift-card/","https://bloeur.gr","ACTIVE","NEEDS_REVIEW","bloeur.gr","CLEAN","1","1"
"cmta4yaz0000hsciy06zv6q0z","cmta4yaq5000gsciya4mr3gow","Bloomingbaby","Gift Cards - Bloomingbaby.gr","https://bloomingbaby.gr/product/gift-cards/","https://bloomingbaby.gr","ACTIVE","VERIFIED","bloomingbaby.gr","CLEAN","1","1"
"cmta1hn8m009mq8iyulc5z4tr","cmta1hn3o009lq8iyhn7qa9mo","Bloss","Gift Card | Bloss Fashion e-Shop","https://www.bloss.gr/gift-card","https://bloss.gr","ACTIVE","NEEDS_REVIEW","bloss.gr","CLEAN","1","1"
"cmtb76zcu000bdkiy6hek2eml","cmtb76z7c000adkiy66vik5q1","Blue Blue","Blue Blue Gift Card","https://blueblue.gr/shop/gift-cards","https://blueblue.gr","ACTIVE","VERIFIED","blueblue.gr","CLEAN","1","1"
"cmtb77ta1004ldkiysbs31g9p","cmtb77t4z004kdkiyvcipmg5i","Bmwpap","Αγοράστε μία Δωροεπιταγή","https://www.bmwpap.gr/gift-voucher/","https://bmwpap.gr","ACTIVE","VERIFIED","bmwpap.gr","CLEAN","1","1"
"cmtb6uiwb000r3giyfnoob57v","cmtb6uirb000q3giyu8dm1mgz","Bodywise Studio","Bodywise Studio Gift Card","https://bodywise.gr/dorokarta/","https://bodywise.gr","ACTIVE","VERIFIED","bodywise.gr","CLEAN","1","1"
"cmta1ho28009oq8iyl0iioaai","cmta1hnuk009nq8iylkzdh2fl","Bonheurbeauty","Δωροκάρτα Bonheur Beauty","https://bonheurbeauty.gr/product/gift-card/","https://bonheurbeauty.gr","ACTIVE","NEEDS_REVIEW","bonheurbeauty.gr","CLEAN","1","1"
"cmta1fjhs002nq8iyk0isu1fk","cmta1fjbc002mq8iyuv5gz856","Bonsai Home","ΔΩΡΟΚΑΡΤΑ ΤΩΝ 10","https://bonsaihome.gr/product/%ce%b4%cf%89%cf%81%ce%bf%ce%ba%ce%b1%cf%81%cf%84%ce%b1-%cf%84%cf%89%ce%bd-10e/","https://bonsaihome.gr","ACTIVE","NEEDS_REVIEW","bonsaihome.gr","CLEAN","1","1"
"cmtb6uja2000t3giyytc1fg40","cmtb6uj4n000s3giyox390qaa","Borsanuova","Δωροκάρτες","https://borsanuova.gr/product-category/dorokartes/","https://borsanuova.gr","ACTIVE","VERIFIED","borsanuova.gr","CLEAN","1","1"
"cmta1mmmx00toq8iydnfghoo1","cmta1mmg200tnq8iyn10r9dun","Botano","Gift Cards","https://botano.gr/collections/gift-cards","https://botano.gr","ACTIVE","NEEDS_REVIEW","botano.gr","CLEAN","1","1"
"cmta1kj4f00lgq8iylswrmmny","cmta1kixz00lfq8iy9x9nga0g","Boudoirspawellness","Δωροκάρτα Boudoir Spa Wellness","https://boudoirspawellness.gr/product/gift-card/","https://boudoirspawellness.gr","ACTIVE","NEEDS_REVIEW","boudoirspawellness.gr","CLEAN","1","1"
"cmta4ybhz000jsciys63enlye","cmta4ybba000isciyih7hob24","Box Box","Gift cards - Box-Box","https://box-box.gr/gift-cards/","https://box-box.gr","ACTIVE","VERIFIED","box-box.gr","CLEAN","1","1"
"cmtb76zq4000ddkiyz4jny758","cmtb76zl3000cdkiye2egjbuc","Brigitteboutique","Αγοράστε μία Δωροεπιταγή","https://brigitteboutique.gr/index.php?route=account/voucher","https://brigitteboutique.gr","ACTIVE","VERIFIED","brigitteboutique.gr","CLEAN","1","1"
"cmtb7r1s30003u8iyqwx9ie8b","cmtb7r1ne0002u8iym2y3cp16","Business Travel","Business Travel Gift Card","https://business-travel.gr/tour/business-travel-giftcard/","https://business-travel.gr","ACTIVE","NEEDS_REVIEW","business-travel.gr","CLEAN","1","1"
"cmta1hogh009qq8iya5sh3t4x","cmta1hob9009pq8iyyk64soz7","Buzzsneakers","Οροι Χρησης Καρτας Δωρου – Gift Card | Buzz - Online Shop","https://www.buzzsneakers.gr/gift-card","https://buzzsneakers.gr","ACTIVE","NEEDS_REVIEW","buzzsneakers.gr","CLEAN","1","1"
"cmta1hou3009sq8iy5e9xah2t","cmta1hoou009rq8iyjmqa7rlt","Bwoman","Δωροκάρτα | B Woman","https://bwoman.gr/product/gift-card/","https://bwoman.gr","ACTIVE","NEEDS_REVIEW","bwoman.gr","CLEAN","1","1"
"cmta1hp7z009uq8iycpmhq9bh","cmta1hp2u009tq8iyhy708spa","Bylia","Ηλεκτρονική Δωροκάρτα","https://www.bylia.gr/product/e-gift-card/","https://bylia.gr","ACTIVE","NEEDS_REVIEW","bylia.gr","CLEAN","1","1"
"cmta1hpnc009wq8iyllivlokf","cmta1hpgz009vq8iyel7ikzvi","Bymeraki","Δωροκάρτα","https://bymeraki.gr/product-category/wps_wgm_giftcard/","https://bymeraki.gr","ACTIVE","NEEDS_REVIEW","bymeraki.gr","CLEAN","1","1"
"cmtb7hvx4000304iy23zcuddb","cmtb7hvr0000204iyhe7dh96g","COYA Mykonos","Monetary Gift Voucher - COYA Mykonos","https://coyamykonos.giftpro.co.uk/vouchers/monetary-gift-voucher/","https://coyamykonos.giftpro.co.uk","ACTIVE","VERIFIED","coyamykonos.giftpro.co.uk","CLEAN","1","1"
"cmtb6ujnj000v3giyddwi3q5a","cmtb6ujie000u3giytq3qzgbv","Cafe Manteio - Ψυχικοί Σύμβουλοι","Δωροκάρτα - Cafe Manteio - Ψυχικοί Σύμβουλοι","https://cafemanteio.gr/product/%CE%B4%CF%89%CF%81%CE%BF%CE%BA%CE%AC%CF%81%CF%84%CE%B1/","https://cafemanteio.gr","ACTIVE","VERIFIED","cafemanteio.gr","CLEAN","1","1"
"cmta1m5td00ryq8iyiwqmzlza","cmta1m5mp00rxq8iyvry3zmpd","Cakeshop","Δωροκάρτα | Cakeshop Thessaloniki","https://www.cakeshop.gr/gift-card/dorokarta","https://cakeshop.gr","ACTIVE","NEEDS_REVIEW","cakeshop.gr","CLEAN","1","1"
"cmtb7hx2h000904iykt7d99h5","cmtb7hwwi000804iyxo3b6lop","Calisti Oia","Calisti Oia Honeymoon Spa Gift Card","https://www.callistioia.com/gift-cardnewlywedsoia","https://callistioia.com","ACTIVE","VERIFIED","callistioia.com","CLEAN","1","1"
"cmtb6uk1i000x3giyckrsgvzu","cmtb6ujvy000w3giyyvs94lne","Calza","Δωροκάρτα - Calza","https://www.calza.gr/proion/dorokarta/","https://calza.gr","ACTIVE","VERIFIED","calza.gr","CLEAN","1","1"
"cmta1k6cm00k0q8iyu7mz3xb2","cmta1k66y00jzq8iy7hqkxbg7","Calzomania","Gift Card – Calzomania – Εσώρουχα και Μαγιό","https://www.calzomania.gr/product/gift-card/","https://calzomania.gr","ACTIVE","NEEDS_REVIEW","calzomania.gr","CLEAN","1","1"
"cmta1hq38009yq8iyiiaeil9q","cmta1hpxc009xq8iyuhyzmni1","Cameoshatter","Δωροκάρτα","https://cameoshatter.gr/product/gift-card/","https://cameoshatter.gr","ACTIVE","NEEDS_REVIEW","cameoshatter.gr","CLEAN","1","1"
"cmta1fw7z003vq8iyw5wvrli7","cmta1fvwe003uq8iy6vknpigg","Camper","Δωροκάρτα Camper","https://www.camper.com/el_GR/men/bags-accessories/e-gift_card/camper-e-gift_card-PR148-001","https://camper.com","ACTIVE","VERIFIED","camper.com","OFFICIAL_URL_TOO_SPECIFIC","1","1"
"cmtb62g9d000794iyfpwunpxv","cmtb62g3y000694iyteu8ef6c","Camperisimo","Gift Voucher","https://camperisimo.gr/en/gift-voucher/","https://camperisimo.gr","ACTIVE","VERIFIED","camperisimo.gr","CLEAN","1","1"
"cmta4ybyz000lsciyi05bqwwl","cmta4ybsv000ksciy2wk84kj0","Candlejuice","Δωροκάρτα CandleJuice Gift Card 100€","https://candlejuice.gr/product/dorokarta-candlejuice-gift-card-100e/","https://candlejuice.gr","ACTIVE","VERIFIED","candlejuice.gr","CARD_TITLE_POLLUTED|OFFICIAL_URL_TOO_SPECIFIC","1","1"
"cmta1mn3l00tqq8iy111tzsz5","cmta1mmwz00tpq8iybl7z5ffl","Candles Essences","Gift Cards","https://www.candles-essences.gr/product-category/gift-cards/","https://candles-essences.gr","ACTIVE","NEEDS_REVIEW","candles-essences.gr","CLEAN","1","1"
"cmta1mnm200tsq8iy2jew4b3d","cmta1mnf200trq8iyw23934vw","Capristores","Gift Cards","https://capristores.gr/","https://capristores.gr","ACTIVE","VERIFIED","capristores.gr","CLEAN","1","1"
"cmta5nn0p000f54iygpypf3l0","cmta5nmv2000e54iyxiblv2dp","Caramella Kids","Gift Cards – Caramella Kids","https://caramellakids.gr/product-category-en/gift-cards/?lang=en","https://caramellakids.gr","ACTIVE","VERIFIED","caramellakids.gr","CLEAN","1","1"
"cmta1kjnj00liq8iyvj1sb1xj","cmta1kjfa00lhq8iyck2pdz3m","Caraveltravel","Gift Card - Δωροκάρτα","https://www.caraveltravel.gr/en/giftcard","https://caraveltravel.gr","ACTIVE","NEEDS_REVIEW","caraveltravel.gr","CLEAN","1","1"
"cmtb7703h000fdkiy6xz320nd","cmtb76zyk000edkiyoal0zyeg","Caravin","Caravin Gift Card","https://www.caravin.gr/el/giftcard-2/","https://caravin.gr","ACTIVE","VERIFIED","caravin.gr","OFFICIAL_URL_TOO_SPECIFIC","1","1"
"cmta1mo4u00tuq8iy0hphimg0","cmta1mnxe00ttq8iy4l6zbq3p","Carbon","CFC GIFT CARD | carbonfibercustoms","https://www.carbon.gr/gift-card","https://carbon.gr","ACTIVE","NEEDS_REVIEW","carbon.gr","CLEAN","1","1"
"cmta1gcgz005aq8iybkijogn9","cmta1gcbh0059q8iye9c4jkss","Cardlink","Υπηρεσία Διαχείρισης Δωροκάρτας | Cardlink giftcard","https://cardlink.gr/giftcard/","https://cardlink.gr","ARCHIVED","REJECTED","cardlink.gr","CLEAN","1","1"
"cmta1moos00twq8iy57e9lo7q","cmta1mogm00tvq8iye33nmifv","Carlamco","Carlamco Gift Card","https://www.carlamco.gr/gift-card","https://carlamco.gr","ACTIVE","NEEDS_REVIEW","carlamco.gr","CLEAN","1","1"
"cmta1lsbl00qgq8iyhk5pv19c","cmta1ls5c00qfq8iypc6nerrf","Carousel","Gift Card Carousel - Αγόρι - Κορίτσι - 12-18 μηνών","https://carousel.gr/gift-card.html","https://carousel.gr","ACTIVE","NEEDS_REVIEW","carousel.gr","CLEAN","1","1"
"cmta1hr5k00a0q8iypig0n59h","cmta1hqvb009zq8iykpa85ajd","Carouselshoes","Carouselshoes Gift Card","https://carouselshoes.gr/product/gift-card/","https://carouselshoes.gr","ACTIVE","NEEDS_REVIEW","carouselshoes.gr","CLEAN","1","1"
"cmtb77zz5005ldkiyl90mvph8","cmtb77zu6005kdkiygwtlbq6b","Carrot Store","Carrot Store Gift Card","https://carrotstore.gr/gift-cards/150e-gift-card/","https://carrotstore.gr","ACTIVE","VERIFIED","carrotstore.gr","CLEAN","1","1"
"cmta4ycf4000nsciydm69up45","cmta4yc8u000msciy5cddlg38","Casagiacomo","Gift Card - Casa Giacomo Restaurants","https://www.casagiacomo.gr/en/gift-cards","https://casagiacomo.gr","ACTIVE","VERIFIED","casagiacomo.gr","CLEAN","1","1"
"cmta1hrkk00a2q8iy903vqpyl","cmta1hren00a1q8iyh9eqqfbk","Cavadelvino","Cavadelvino Gift Card","https://www.cavadelvino.gr/gift-card","https://cavadelvino.gr","ACTIVE","NEEDS_REVIEW","cavadelvino.gr","CLEAN","1","1"
"cmta1mp5900tyq8iyvpa0dnxr","cmta1moyw00txq8iyppaqhxxs","Cavakalomenidis","Cavakalomenidis Gift Card","https://cavakalomenidis.gr/product/nees-paralaves/gift-card","https://cavakalomenidis.gr","ACTIVE","NEEDS_REVIEW","cavakalomenidis.gr","CLEAN","1","1"
"cmta1hs0500a4q8iy6cmwyvew","cmta1hru700a3q8iy6vn9whln","Cavallo","Cavallo e-gift card - Δωροκάρτα Αξίας 20€","https://www.cavallo.gr/product/gift-card-100e/","https://cavallo.gr","ACTIVE","NEEDS_REVIEW","cavallo.gr","CARD_TITLE_POLLUTED|OFFICIAL_URL_TOO_SPECIFIC","1","1"
"cmta1kk4900lkq8iyorzj05jc","cmta1kjxb00ljq8iyqyzzmihw","Celesteshop","Gift Card 50","https://celesteshop.gr/c/dwrokarta/","https://celesteshop.gr","ACTIVE","NEEDS_REVIEW","celesteshop.gr","CLEAN","1","1"
"cmt8helgp0001a8iy47hrjge7","cmt8hel9g0000a8iyg8p0ioj7","Celestino","Celestino Gift Card","https://www.celestino.gr/en-gr/gift-cards/r=0120010000","https://www.celestino.gr","ACTIVE","VERIFIED","celestino.gr","CLEAN","1","1"
"cmta1fx6k003zq8iyp4u2p94m","cmta1fx17003yq8iy16pg3s8q","Central","Central Δωροκάρτα","https://www.centraleshop.gr/en/giftcertificates-add/","https://centraleshop.gr","ACTIVE","VERIFIED","centraleshop.gr","CLEAN","1","1"
"cmta1mpoo00u0q8iy5kofn9mp","cmta1mpho00tzq8iy5nyfhbgr","Centroboutique","Centroboutique Gift Card","https://centroboutique.gr/products/gift-card","https://centroboutique.gr","ACTIVE","NEEDS_REVIEW","centroboutique.gr","CLEAN","1","1"
"cmtb6uke8000z3giy1zoyix8p","cmtb6uk9l000y3giypqaa5qta","Cestino","Cestino Gift Card","https://cestino.gr/product-category/%CE%B4%CF%89%CF%81%CE%BF%CE%BA%CE%AC%CF%81%CF%84%CE%B1/","https://cestino.gr","ACTIVE","VERIFIED","cestino.gr","CLEAN","1","1"
"cmta1hsfo00a6q8iyzzo5j9r0","cmta1hs9s00a5q8iy7uqk99as","Champselysees","Δωροκάρτα Ομορφιάς – Χαρίστε στιγμές χαλάρωσης & ...","https://champselysees.gr/dorokarta/","https://champselysees.gr","ACTIVE","NEEDS_REVIEW","champselysees.gr","CLEAN","1","1"
"cmtb7r23t0004u8iyh8gmkixy","cmtb77ti7004mdkiyn5wn9fgi","Chania Culture","Chania Culture Gift Card","https://shop.chania-culture.gr/product-category/psifiaka/dorokarta/","https://shop.chania-culture.gr","ARCHIVED","REJECTED","shop.chania-culture.gr","POSSIBLE_DUPLICATE_PROGRAM","2","2"
"cmtb77tnt004ndkiyw1tey12d","cmtb77ti7004mdkiyn5wn9fgi","Chania Culture","Chania Culture Gift Card","https://shop.chania-culture.gr/product/gift-card/","https://shop.chania-culture.gr","ACTIVE","VERIFIED","shop.chania-culture.gr","POSSIBLE_DUPLICATE_PROGRAM","2","2"
"cmtb770gt000hdkiyjze93gkc","cmtb770bo000gdkiyice5u6m7","Chaniapetworld","Δωροκάρτα","https://www.chaniapetworld.gr/product/dorokarta/","https://chaniapetworld.gr","ACTIVE","VERIFIED","chaniapetworld.gr","CLEAN","1","1"
"cmtb77uej004rdkiydqqx9ujt","cmtb77u9k004qdkiy5aipr12d","Cherrybox","Cherrybox Gift Card","https://cherrybox.gr/1683635829833-you-are-my-super-mom-gift-card.html","https://cherrybox.gr","ACTIVE","VERIFIED","cherrybox.gr","OFFICIAL_URL_TOO_SPECIFIC","1","1"
"cmta1lsuq00qiq8iystq7a2jy","cmta1lsnr00qhq8iy9ibymzbq","Chicart","Chicart Gift Card","https://chicart.gr/","https://chicart.gr","ACTIVE","VERIFIED","chicart.gr","CLEAN","1","1"
"cmta1foot0035q8iyj3zj3bf1","cmta1foi10034q8iys3xdtw6v","Chicbee","Δωροκάρτα 20","https://chicbee.gr/product/dorokarta-10/","https://chicbee.gr","ACTIVE","NEEDS_REVIEW","chicbee.gr","OFFICIAL_URL_TOO_SPECIFIC","1","1"
"cmtb7hxhc000b04iy3qi3vpga","cmtb7hxbi000a04iy9g6mxmjr","Christakis","Christakis Gift Card","https://christakisathens.com/product/christakis-gift-card-online-in-store/","https://christakisathens.com","ACTIVE","VERIFIED","christakisathens.com","CLEAN","1","1"
"cmta4ycwk000psciyut3q4w1n","cmta4ycq8000osciyt3h5ho7t","Christhellas","Christhellas Gift Card","https://christhellas.gr/product/christhellas-gift-card/?srsltid=AfmBOoq8_KSmhzAMtEMaCOiMRVmIGGmfPtRustVVUh8u2WwdVF_g-FwY","https://christhellas.gr","ACTIVE","VERIFIED","christhellas.gr","CLEAN","1","1"
"cmta4ydcy000rsciyxn344u55","cmta4yd72000qsciyvlf00o70","Christines","Christine's Gift Card - Christine Lingerie","https://www.christines.gr/products/christine-gift-card?srsltid=AfmBOoojYLUV5Wezqy14MZNwO77BH9zvgJPyKELs4gFcRxaUGMVDprj6","https://christines.gr","ACTIVE","VERIFIED","christines.gr","CLEAN","1","1"
"cmtb77rqc004ddkiytzf0x88j","cmtb77rj8004cdkiyvmogo621","Christmas Gift Cards","Christmas Gift Cards","https://www.armoniawellness.gr/christmas-gift-cards/","https://armoniawellness.gr","ACTIVE","VERIFIED","armoniawellness.gr","CLEAN","1","1"
"cmtb77aa9001vdkiykzcb5zp5","cmtb77a4l001udkiyprjgdlft","Christmas Gift Cards","Christmas Gift Cards","https://kinesis-gym.gr/christmas-gift-cards/","https://kinesis-gym.gr","ACTIVE","VERIFIED","kinesis-gym.gr","CLEAN","1","1"
"cmta1mq7900u2q8iy41zkg4cg","cmta1mpxs00u1q8iyhina56f4","Cigarsmoke","Gift Card Αρχεία","https://cigarsmoke.gr/el/gift-cards/","https://cigarsmoke.gr","ACTIVE","NEEDS_REVIEW","cigarsmoke.gr","CLEAN","1","1"
"cmta1mqqs00u4q8iyn8h29823","cmta1mqjb00u3q8iy15g3dgpr","Cilek","δωροεπιταγές","https://cilek.gr/","https://cilek.gr","ACTIVE","VERIFIED","cilek.gr","CLEAN","1","1"
"cmtb7r2hm0006u8iyspxxt678","cmtb7r2bd0005u8iywh3sbow7","Cla Chic","Cla Chic Gift Card","https://www.clachic.gr/","https://clachic.gr","ACTIVE","NEEDS_REVIEW","clachic.gr","CLEAN","1","1"
"cmta1hsvt00a8q8iyytrqyafs","cmta1hspc00a7q8iy7binx4sm","Climber","Giftcard - Climber","https://www.climber.gr/product/dorokarta/","https://climber.gr","ACTIVE","NEEDS_REVIEW","climber.gr","CLEAN","1","1"
"cmta1htbw00aaq8iyv9w00ny0","cmta1ht5s00a9q8iynauwiqbj","Cocoonurbanspa","ΔΩΡΟΚΑΡΤΑ - Spa Cocoon","https://cocoonurbanspa.gr/gift-card/","https://cocoonurbanspa.gr","ACTIVE","NEEDS_REVIEW","cocoonurbanspa.gr","CLEAN","1","1"
"cmtb6ukrk00113giy3b51tyv1","cmtb6ukm900103giywd8g6bej","Coffee Lovers","Coffee Lovers Gift Card","https://coffeelovers.gr/product/coffeelovers-giftcard/","https://coffeelovers.gr","ACTIVE","VERIFIED","coffeelovers.gr","CLEAN","1","1"
"cmtb6ul4v00133giyhgnnpf1j","cmtb6ukzy00123giywn3ir226","ColorDrop","ColorDrop Gift Card","https://colordrop.gr/giftcard/","https://colordrop.gr","ACTIVE","VERIFIED","colordrop.gr","CLEAN","1","1"
"cmta1k6s900k2q8iyypdni1wr","cmta1k6li00k1q8iye58d7exe","Completetravel","Gift Card • Κάρτα Δώρου","https://completetravel.gr/gift-card/","https://completetravel.gr","ACTIVE","NEEDS_REVIEW","completetravel.gr","CLEAN","1","1"
"cmtb6uli700153giy75i0msk9","cmtb6uldr00143giypfbpoqvn","Confetti Gifts","Confetti Gifts Gift Card","https://confetti-gifts.gr/product/dwrokarta-confetti-gifts/","https://confetti-gifts.gr","ACTIVE","VERIFIED","confetti-gifts.gr","CLEAN","1","1"
"cmta1htrr00acq8iyremlxeb0","cmta1htl000abq8iygmi4oz07","Constancejewelry","Δωροκάρτα - Constance Jewlery","https://constancejewelry.gr/shop/khoris-kategoria/dorokarta/","https://constancejewelry.gr","ACTIVE","NEEDS_REVIEW","constancejewelry.gr","CLEAN","1","1"
"cmta1kkni00lmq8iyk98pb3nu","cmta1kkh000llq8iyqh4xpyae","Converse","Converse Gift Card","https://converse.gr/","https://converse.gr","ACTIVE","VERIFIED","converse.gr","CLEAN","1","1"
"cmta1mrdt00u6q8iyvz2zknyj","cmta1mr5q00u5q8iya2ezz0p1","Cookworld","Gift Cards","https://www.cookworld.gr/module/kbgiftcard/giftcards","https://cookworld.gr","ACTIVE","NEEDS_REVIEW","cookworld.gr","CLEAN","1","1"
"cmta1hu9000aeq8iyf1hinujd","cmta1hu1o00adq8iyc6sb8wrw","Coolclub","Αγόρασε μία Cool Club δωροκάρτα!","https://www.coolclub.gr/giftcard","https://coolclub.gr","ACTIVE","NEEDS_REVIEW","coolclub.gr","CLEAN","1","1"
"cmtb7718b000ldkiynw5j1q46","cmtb77130000kdkiy8nzwbibh","Cordella","Δωροκάρτα 500€","https://www.cordella.gr/shop/empeiries/taxidia-metakiniseis/xenodoxeia-diamones/dorokarta-500_10995","https://cordella.gr","ACTIVE","VERIFIED","cordella.gr","CARD_TITLE_POLLUTED|OFFICIAL_URL_TOO_SPECIFIC","1","1"
"cmta1gjmw0064q8iyp4k4wngo","cmta1gixb0063q8iybisa2psj","Coronadifiori","Gift Card white","https://coronadifiori.gr/product-category/gift-card/","https://coronadifiori.gr","ACTIVE","NEEDS_REVIEW","coronadifiori.gr","CLEAN","1","1"
"cmt79ie3d000c84iy2ec5ea06","cmt79idzw000b84iysotz7chu","Cosmos Sport","Cosmos Sport Gift Card","https://cosmossport.gr/el/304016-dorokarta-cosmossport.html","https://cosmossport.gr","ACTIVE","VERIFIED","cosmossport.gr","OFFICIAL_URL_TOO_SPECIFIC","1","1"
"cmtb780bs005ndkiypwklf1n1","cmtb78070005mdkiya67zhiie","Cougarsport","Δωροκάρτα","https://www.cougarsport.gr/product/dwrokarta/","https://cougarsport.gr","ACTIVE","VERIFIED","cougarsport.gr","CLEAN","1","1"
"cmta1hupw00agq8iysdyh5to2","cmta1hujj00afq8iynv9d4757","Cre T E","Κατηγορία: δωροκάρτα","https://cre-t-e.gr/product-category/jewelry/gift-card-jewelry/","https://cre-t-e.gr","ACTIVE","NEEDS_REVIEW","cre-t-e.gr","CLEAN","1","1"
"cmtb77urx004tdkiyvtb2mf7m","cmtb77umw004sdkiyct2g9fx2","Create Athens","Create Athens Gift Card","https://createathens.gr/el/shop/items/coffee-tools/create-gift-card-gr/","https://createathens.gr","ACTIVE","VERIFIED","createathens.gr","CLEAN","1","1"
"cmta1kl4b00loq8iyupsiybh2","cmta1kky600lnq8iybuxpk2tm","Creatorshop","Creatorshop Gift Card","https://creatorshop.gr/products/gift-card-1","https://creatorshop.gr","ACTIVE","NEEDS_REVIEW","creatorshop.gr","OFFICIAL_URL_TOO_SPECIFIC","1","1"
"cmtb771lh000ndkiytvwtqvrd","cmtb771g8000mdkiyxu8pl5ix","Crescendo","Gift Cards - Crescendo","https://www.crescendo-rodi.gr/gift-cards/","https://crescendo-rodi.gr","ACTIVE","VERIFIED","crescendo-rodi.gr","CLEAN","1","1"
"cmtb7hxus000d04iy47r9hthi","cmtb7hxpx000c04iyru670dbp","Cretegolfclub","Gift Cards","https://www.cretegolfclub.com/el/gift-cards/","https://cretegolfclub.com","ACTIVE","VERIFIED","cretegolfclub.com","CLEAN","1","1"
"cmtb7hy8e000f04iyjz2kwfs2","cmtb7hy3h000e04iyq74d13gb","Cretelocaladventures","Cretelocaladventures Gift Card","https://www.cretelocaladventures.com/gift-card/","https://cretelocaladventures.com","ACTIVE","VERIFIED","cretelocaladventures.com","CLEAN","1","1"
"cmta1mrvv00u8q8iyjkk14wuw","cmta1mrph00u7q8iydrmvmhtt","Crudeshop","Gift Card | CrudeShop","https://en.crudeshop.gr/gift-card","https://crudeshop.gr","ACTIVE","NEEDS_REVIEW","crudeshop.gr","CLEAN","1","1"
"cmta4yeb3000vsciy8unk0l29","cmta4ye4s000usciy1p8spszd","Crusters","⁠Gift card Archives - Crusters","https://crusters.gr/product-category/pizza-kits-more/%E2%81%A0gift-card/","https://crusters.gr","ACTIVE","VERIFIED","crusters.gr","CLEAN","1","1"
"cmta1mseo00uaq8iyrfav970x","cmta1ms8d00u9q8iybtrzovve","Crystalswan","Gift Card - Crystal Swan","https://www.crystalswan.gr/product-category/gifts/gift-card/","https://crystalswan.gr","ACTIVE","NEEDS_REVIEW","crystalswan.gr","CLEAN","1","1"
"cmtb77v6h004vdkiy54z2aiui","cmtb77v1h004udkiyfr8vdjju","Cuka","Cuka Gift Card","https://cuka.gr/shop/new-collection-ss-26-all/gift-card-2/","https://cuka.gr","ACTIVE","VERIFIED","cuka.gr","OFFICIAL_URL_TOO_SPECIFIC","1","1"
"cmta1klkr00lqq8iy8xzcpmqy","cmta1kleb00lpq8iy1b0j5gfr","Culturalsociety","Gift Card Online - Cultural Society","https://www.culturalsociety.gr/product/gift-card-online/","https://culturalsociety.gr","ACTIVE","NEEDS_REVIEW","culturalsociety.gr","CLEAN","1","1"
"cmta1msv100ucq8iyhdewxdjo","cmta1msog00ubq8iyqvskydgq","Cyclestore","Δωροκάρτες","https://cyclestore.gr/gift-card/","https://cyclestore.gr","ACTIVE","NEEDS_REVIEW","cyclestore.gr","CLEAN","1","1"
"cmtb6umlr001b3giycaopqllh","cmtb6umh9001a3giyub7q7u30","DMK Tools","DMK Tools Gift Card","https://dmktools.gr/product/organa-metrisis/trochi-odikis-metrisis/%CE%B4%CF%89%CF%81%CE%BF%CE%BA%CE%AC%CF%81%CF%84%CE%B1/","https://dmktools.gr","ACTIVE","VERIFIED","dmktools.gr","CLEAN","1","1"
"cmt8hp8oi0001pgiybmxi7lqx","cmt8hp8ic0000pgiyqhluxgaw","DPAM","DPAM Gift Card","https://www.dpam.gr/giftcard/buy","https://www.dpam.gr","ACTIVE","VERIFIED","dpam.gr","CLEAN","1","1"
"cmta1mtcc00ueq8iy4sz85qxi","cmta1mt5x00udq8iybswom167","Dahaproject","Dahaproject Gift Card","https://www.dahaproject.gr/component/virtuemart/gift-card?Itemid=368","https://dahaproject.gr","ACTIVE","NEEDS_REVIEW","dahaproject.gr","CLEAN","1","1"
"cmta1mtta00ugq8iy0fpw7nra","cmta1mtmv00ufq8iy7t79x1wg","Dalis","Gift Card 20","https://dalis.gr/product-category/gift-cards/","https://dalis.gr","ACTIVE","NEEDS_REVIEW","dalis.gr","CLEAN","1","1"
"cmtb77vj5004xdkiy9musmw5c","cmtb77ve9004wdkiypekpezvh","Dalisleather","Δωροκάρτα","https://dalisleather.gr/product/gift-card/","https://dalisleather.gr","ACTIVE","VERIFIED","dalisleather.gr","CLEAN","1","1"
"cmta4yesu000xsciyi9f6b632","cmta4yell000wsciyt9aap5h1","Dariayoga","Yoga Gift Card: Χάρισε Ευεξία & Εμπειρίες - Daria Yoga","https://dariayoga.gr/dariayoga-giftcard/","https://dariayoga.gr","ACTIVE","VERIFIED","dariayoga.gr","CLEAN","1","1"
"cmta1hvnc00aiq8iy7f43du8p","cmta1hv0400ahq8iy7wxjbo01","Dbsounds","e-Gift Card (Hλεκτρονική Δωροκάρτα) 500€","https://dbsounds.gr/","https://dbsounds.gr","ACTIVE","VERIFIED","dbsounds.gr","CARD_TITLE_POLLUTED","1","1"
"cmta1eutm0003q8iyh4fzlzqm","cmta1eump0002q8iypnb8sp6o","Decathlon Greece","Κάρτα Δώρου","https://www.decathlon.com.gr/el/content/36-gift-card","https://decathlon.com.gr","ACTIVE","NEEDS_REVIEW","decathlon.com.gr","OFFICIAL_URL_TOO_SPECIFIC","1","1"
"cmta1hw4400akq8iykgucmned","cmta1hvy400ajq8iyj0su91kc","Decolight","Δωροκάρτα 20€ - 0001","https://decolight.gr/","https://decolight.gr","ACTIVE","VERIFIED","decolight.gr","CARD_TITLE_POLLUTED","1","1"
"cmtb6ulve00173giyp4cuj8gc","cmtb6ulqi00163giy11ts559i","Decomagia","Δωροεπιταγή","https://www.decomagia.gr/product/%CE%B4%CF%89%CF%81%CE%BF%CE%B5%CF%80%CE%B9%CF%84%CE%B1%CE%B3%CE%AE/","https://decomagia.gr","ACTIVE","VERIFIED","decomagia.gr","CLEAN","1","1"
"cmta1hwlo00amq8iy32yc1j7k","cmta1hwex00alq8iywhyvtt9i","Decoro","δωροκαρτα","https://www.decoro.gr/giftcard/giftcard/","https://decoro.gr","ACTIVE","NEEDS_REVIEW","decoro.gr","CLEAN","1","1"
"cmtb772gg000rdkiyb7t4zkvz","cmtb77293000qdkiyuxwy6vfj","DerMARGY LAB","DerMARGY LAB Gift Card","https://www.dermargylab.gr/gift-cards/","https://dermargylab.gr","ACTIVE","VERIFIED","dermargylab.gr","CLEAN","1","1"
"cmta1hx1800aoq8iy3atou8d5","cmta1hwv400anq8iyxlzbv2x8","Desenio","Gift Card - Desenio","https://desenio.gr/","https://desenio.gr","ACTIVE","VERIFIED","desenio.gr","CLEAN","1","1"
"cmta1km1x00lsq8iyzx1su6ol","cmta1klv100lrq8iyi3h52q5r","Despykboutique","Ηλεκτρονική Δωροκάρτα - Giftcard","https://despykboutique.gr/product-category/gift-card/","https://despykboutique.gr","ACTIVE","NEEDS_REVIEW","despykboutique.gr","CLEAN","1","1"
"cmtb7i2oe001204iynczh2811","cmtb7i2jo001104iypzd4ni0i","Detail","Gift Card Detail","https://estiathens.com/en/pages/gift-card","https://estiathens.com","ACTIVE","VERIFIED","estiathens.com","CLEAN","1","1"
"cmtb62gnq000994iyw80hhe2v","cmtb62gj0000894iylks0huai","Deximi","Gift Voucher","https://deximi.gr/product-category/gift-voucher/","https://deximi.gr","ACTIVE","VERIFIED","deximi.gr","CLEAN","1","1"
"cmtb7i5pu001h04iyyjorsy8i","cmtb7i5kp001g04iyhufcegif","Dia Tauta Gift Shop e","Dia Tauta Gift Shop e-gift card","https://diatautaathens.com/products/dia-tauta-gift-shop-e-gift-card","https://diatautaathens.com","ACTIVE","VERIFIED","diatautaathens.com","CLEAN","1","1"
"cmta1mubd00uiq8iy7rflmva4","cmta1mu4d00uhq8iy0g55jfmf","Diastours","Χαρίστε ένα Ταξίδι – Gift Vouchers","https://diastours.gr/gift-vouchers/","https://diastours.gr","ACTIVE","NEEDS_REVIEW","diastours.gr","CLEAN","1","1"
"cmta422iu0006t8iyjfed8tcg","cmta422dx0005t8iywqw687z1","Didi","Κάρτα Δώρου – MrsDiDi CraftShop - didi.gr","https://www.didi.gr/products/gift-card","https://didi.gr","ACTIVE","NEEDS_REVIEW","didi.gr","CLEAN","1","1"
"cmtb7r2w80008u8iyzhcede6d","cmtb7r2qe0007u8iyt435y3x9","Digas","Digas Gift Card","https://www.digas.gr/","https://digas.gr","ACTIVE","VERIFIED","digas.gr","CLEAN","1","1"
"cmta1fa1z001rq8iyz9bikmb5","cmta1f9vp001qq8iy90mef58l","DigiShark","Δωροκάρτα 25","https://digishark.gr/product/giftcard26/","https://digishark.gr","ACTIVE","NEEDS_REVIEW","digishark.gr","OFFICIAL_URL_TOO_SPECIFIC","1","1"
"cmta1gkq30066q8iy4xwfkmos","cmta1gk420065q8iyatni9z8z","Dimasis","Gift Card - Δωροκάρτα","https://www.dimasis.gr/gift-card","https://dimasis.gr","ACTIVE","NEEDS_REVIEW","dimasis.gr","CLEAN","1","1"
"cmtb773a9000vdkiy4ycbnjw9","cmtb7734h000udkiyga232vnm","Dimidis Tours","Dimidis Tours Gift Card","https://dimidistours.gr/my-travel-gift-card-%CE%B4%CF%89%CF%81%CE%BF%CE%B5%CF%80%CE%B9%CF%84%CE%B1%CE%B3%CE%AE-t275.html","https://dimidistours.gr","ACTIVE","VERIFIED","dimidistours.gr","CLEAN","1","1"
"cmtb77vwl004zdkiysuz7on48","cmtb77vrh004ydkiyl28lmeij","Dimitriou Fashion","Αγοράστε μία Δωροεπιταγή","https://dimitriou-fashion.gr/voucher","https://dimitriou-fashion.gr","ACTIVE","VERIFIED","dimitriou-fashion.gr","CLEAN","1","1"
"cmta1muxk00ukq8iy2hcfp6jr","cmta1mur500ujq8iy6zqovzbu","Dionysioumedispa","Beauty and Spa Gift Card - Dionysiou Beauty & Medi Spa","https://www.dionysioumedispa.com/product-category/gift-cards-el/","https://dionysioumedispa.com","ACTIVE","NEEDS_REVIEW","dionysioumedispa.com","CLEAN","1","1"
"cmtb7r39e000au8iy6kw8beht","cmtb7r34j0009u8iyov7fxfjb","Dioptra","Dioptra Gift Card","https://www.dioptra.gr/gift-card","https://dioptra.gr","ACTIVE","NEEDS_REVIEW","dioptra.gr","CLEAN","1","1"
"cmta1ewiy0009q8iyq85l1jc6","cmta1ewc60008q8iydtjsz5cv","Divani Collection","Divani Collection Hotels Gift Card | The Ultimate Luxury Gift","https://divanis.com/gift-card/","https://divanis.com","ACTIVE","NEEDS_REVIEW","divanis.com","CLEAN","1","1"
"cmta5nnds000h54iyecjh5wy2","cmta5nn8a000g54iygk2ekzkz","Divingstore","Diving Store Gift Voucher","https://www.divingstore.gr/diving-store-gift-voucher/","https://divingstore.gr","ACTIVE","VERIFIED","divingstore.gr","CLEAN","1","1"
"cmta1mvfe00umq8iykcghhdh2","cmta1mv8000ulq8iyv0ncydhd","Djmania","Gift Cards","https://djmania.gr/el/giftcards","https://djmania.gr","ACTIVE","NEEDS_REVIEW","djmania.gr","CLEAN","1","1"
"cmta1hxh400aqq8iydqh4pfek","cmta1hxau00apq8iyjo8n4u1o","Dmcreations","Αγοράστε μία Δωροκάρτα","https://dmcreations.gr/","https://dmcreations.gr","ACTIVE","VERIFIED","dmcreations.gr","CLEAN","1","1"
"cmta1hxy000asq8iyykd06tm3","cmta1hxrm00arq8iyhvy95v45","Doctorfish","Δωροκάρτα Spa and Nail Bar στην Αθήνα","https://www.doctorfish.gr/gift-card-1","https://doctorfish.gr","ACTIVE","NEEDS_REVIEW","doctorfish.gr","OFFICIAL_URL_TOO_SPECIFIC","1","1"
"cmta1kmim00luq8iyq8uf0otm","cmta1kmby00ltq8iyovtwgjv9","Dreamypicnics","Gift Card - Dreamy Picnics","https://www.dreamypicnics.gr/gift-card","https://dreamypicnics.gr","ACTIVE","NEEDS_REVIEW","dreamypicnics.gr","CLEAN","1","1"
"cmta1hyeb00auq8iy07ismm4g","cmta1hy7o00atq8iya1q2z6vd","Dressingbar","Gift Card - Greek Designer Clothes & Accessories","https://dressingbar.gr/product/gift-card/","https://dressingbar.gr","ACTIVE","NEEDS_REVIEW","dressingbar.gr","CLEAN","1","1"
"cmtb78da6007cdkiy8c9l1s4m","cmtb78d4i007bdkiy1pa6hz2i","Drive at Serres Racing Circuit","Gift Card - Drive at Serres Racing Circuit","https://track-speed.gr/product/motorsport-gift-voucher-serres/","https://track-speed.gr","ACTIVE","VERIFIED","track-speed.gr","CLEAN","1","1"
"cmta1hyw300awq8iy0hlig2se","cmta1hyq000avq8iy2l3xmdyg","Driverstation","Δωροκαρτα - DriverStation","https://driverstation.gr/ola-ta-proionta/dorokartes/dorokarta/","https://driverstation.gr","ACTIVE","NEEDS_REVIEW","driverstation.gr","CLEAN","1","1"
"cmta1m6ad00s0q8iyjl5guf73","cmta1m63d00rzq8iyrm7v5cfk","Dromeasbikes","Gift voucher €25","https://dromeasbikes.gr/product/%ce%b4%cf%89%cf%81%ce%bf%ce%b5%cf%80%ce%b9%cf%84%ce%b1%ce%b3%ce%ae10/","https://dromeasbikes.gr","ACTIVE","NEEDS_REVIEW","dromeasbikes.gr","CARD_TITLE_POLLUTED","1","1"
"cmtb781dk005rdkiy10vs3wvb","cmtb7813e005qdkiyiite3fyc","Drone House","Drone House Gift Card","https://dronehouse.gr/product-category/gift-cards/","https://dronehouse.gr","ACTIVE","VERIFIED","dronehouse.gr","CLEAN","1","1"
"cmta1glhk0068q8iybstkemvl","cmta1glbo0067q8iy40v705kk","Drumstore","Αγοράστε μία Δωροεπιταγή","https://drumstore.gr/","https://drumstore.gr","ACTIVE","VERIFIED","drumstore.gr","CLEAN","1","1"
"cmta1mvx400uoq8iyn1p8l231","cmta1mvr800unq8iy2ywxi6z8","Dukas","Gift Card – Official DUKAS Online Boutique - Luxury Shoes","https://dukas.com.gr/","https://dukas.com.gr","ACTIVE","VERIFIED","dukas.com.gr","CLEAN","1","1"
"cmta1gaap0050q8iy7unbnpt4","cmta1ga44004zq8iygkybw7d0","Dwrokartes","Public Δωροκάρτα Δωροεπιταγή eGift Card ~ Dwrokartes.gr","https://dwrokartes.gr/dwrokarta/public-dorokarta/","https://dwrokartes.gr","ACTIVE","NEEDS_REVIEW","dwrokartes.gr","CLEAN","1","1"
"cmta1hzcr00ayq8iyu768hevz","cmta1hz6n00axq8iy08vjknrc","E Gatos","Gift Card | Παιδικά παπούτσια & αξεσουάρ","https://www.e-gatos.gr/product/gift-card/","https://e-gatos.gr","ACTIVE","NEEDS_REVIEW","e-gatos.gr","CLEAN","1","1"
"cmta1hzul00b0q8iyhcu2vfgm","cmta1hzo100azq8iy5b6q7jky","E Jumbo","Δωροκάρτες < Παιχνίδια| Διακόσμηση Σπιτιού| Κουζίνα","https://e-jumbo.gr/","https://e-jumbo.gr","ACTIVE","VERIFIED","e-jumbo.gr","CLEAN","1","1"
"cmta1i3fk00b2q8iycwvf7d3a","cmta1i2rt00b1q8iy1f6azwdh","E Shop","Δωροκάρτες | Όλα τα προϊόντα : E-shop.gr","https://e-shop.gr/","https://e-shop.gr","ACTIVE","VERIFIED","e-shop.gr","CLEAN","1","1"
"cmta1m6ti00s2q8iyv2uhr92n","cmta1m6np00s1q8iyh8u312hb","E Snacks","Gift Card 50€ | E-Snacks","https://e-snacks.gr/gift-cards","https://e-snacks.gr","ACTIVE","NEEDS_REVIEW","e-snacks.gr","CARD_TITLE_POLLUTED","1","1"
"cmta1m7h100s4q8iy0yg57q08","cmta1m7ap00s3q8iyofu6o4ra","E Socks","€50 Gift Card","https://e-socks.gr/collections/giftcards","https://e-socks.gr","ACTIVE","NEEDS_REVIEW","e-socks.gr","CARD_TITLE_POLLUTED","1","1"
"cmtb6e0aj0001i4iyas7ed2u8","cmtb6e05h0000i4iydjpp2xn1","EA Bags","EA Bags Gift Card","https://eabags.gr/giftcard/","https://eabags.gr","ACTIVE","VERIFIED","eabags.gr","CLEAN","1","1"
"cmtb773o9000xdkiy4c56wk0k","cmtb773jg000wdkiy7wxn6bot","Easlanidis","Δωροκάρτα","https://www.easlanidis.gr/gift-cards","https://easlanidis.gr","ACTIVE","VERIFIED","easlanidis.gr","CLEAN","1","1"
"cmta1mwe200uqq8iyw8gppk86","cmta1mw7400upq8iy5j5fd7e6","Ebru","Gift Vouchers - Káte","https://kate.ebru.gr/product/gift-vouchers/","https://ebru.gr","ACTIVE","NEEDS_REVIEW","ebru.gr","CLEAN","1","1"
"cmta1mwtx00usq8iyvzyrsho0","cmta1mwnr00urq8iy6kvgl9y6","Ecoliving","Gift Cards","https://ecoliving.gr/product/gift-card/","https://ecoliving.gr","ACTIVE","NEEDS_REVIEW","ecoliving.gr","CLEAN","1","1"
"cmta1i3wg00b4q8iywcrwt5kb","cmta1i3qb00b3q8iy5go5mq9p","Ecrystal","Δωροκάρτα - Κοσμήματα Swarovski ECrystal","https://ecrystal.gr/dorokarta/","https://ecrystal.gr","ACTIVE","NEEDS_REVIEW","ecrystal.gr","CLEAN","1","1"
"cmta1gb8s0054q8iyvvktnacz","cmta1gb230053q8iy8buu3rfv","Efantasy","eFantasy e-Gift Card","https://www.efantasy.gr/el/gift-cards","https://efantasy.gr","ACTIVE","NEEDS_REVIEW","efantasy.gr","CLEAN","1","1"
"cmta1glxb006aq8iyq6z8shi9","cmta1glqy0069q8iyo9pgurro","Efarmakeio","Δωροκάρτα Αξίας 25,00","https://efarmakeio.gr/gift-cards","https://efarmakeio.gr","ACTIVE","NEEDS_REVIEW","efarmakeio.gr","CLEAN","1","1"
"cmta1f957001nq8iyxp1qe8ac","cmta1f8yj001mq8iyg2t30wq4","Ehunter","Δωροκάρτα Ehunter","https://www.ehunter.gr/dorokarta-c-1702.html","https://ehunter.gr","ACTIVE","NEEDS_REVIEW","ehunter.gr","CLEAN","1","1"
"cmta1i4c700b6q8iyjxtelg4g","cmta1i46g00b5q8iy2z5otzf9","Eightboutiquegym","Eightboutiquegym Gift Card","https://www.eightboutiquegym.gr/gift-card","https://eightboutiquegym.gr","ACTIVE","NEEDS_REVIEW","eightboutiquegym.gr","CLEAN","1","1"
"cmta1kn0h00lwq8iyd7b6k11k","cmta1kmtz00lvq8iyiofwc5l9","Ekdoseis Papasotiriou","Εκδόσεις Παπασωτηρίου Δωροκάρτα","https://ekdoseis-papasotiriou.gr/products/gift-card","https://ekdoseis-papasotiriou.gr","ACTIVE","NEEDS_REVIEW","ekdoseis-papasotiriou.gr","CLEAN","1","1"
"cmta1fnc4002zq8iy3yrpxjfz","cmta1fn4k002yq8iypmw8rapu","Ekklisiastika Karditsa","Κολώνας Δωροκάρτα 50","https://ekklisiastikakarditsa.gr/","https://ekklisiastikakarditsa.gr","ACTIVE","VERIFIED","ekklisiastikakarditsa.gr","CLEAN","1","1"
"cmtb781qh005tdkiysv45g5rp","cmtb781lh005sdkiyqxy05f21","Elbeauty","Δωροκάρτα","https://www.elbeauty.gr/el/product/elbeautydorokarta/","https://elbeauty.gr","ACTIVE","VERIFIED","elbeauty.gr","CLEAN","1","1"
"cmtb78232005vdkiy8i7y5w4n","cmtb781yd005udkiyfu78jt3z","Elbebeboutique","Δωροκάρτα","https://elbebeboutique.gr/shop-default/dorokartes/dorokarta/","https://elbebeboutique.gr","ACTIVE","VERIFIED","elbebeboutique.gr","CLEAN","1","1"
"cmta1k78p00k4q8iyynk38nc7","cmta1k73200k3q8iyyud5i4ps","Electrocrete","Στείλε την αγάπη σου και μια... δωροκάρτα","https://www.electrocrete.gr/giftcard","https://electrocrete.gr","ACTIVE","NEEDS_REVIEW","electrocrete.gr","CLEAN","1","1"
"cmta1k7qi00k6q8iytw0avvi7","cmta1k7j100k5q8iy42rkqpxg","Elegance","Δωροκάρτα","https://elegance.gr/product/giftcard/","https://elegance.gr","ACTIVE","NEEDS_REVIEW","elegance.gr","CLEAN","1","1"
"cmta1i4s700b8q8iy5xesqkh9","cmta1i4m300b7q8iydyj6mvak","Elegancy","Elegancy Gift Card","https://www.elegancy.gr/gift-card","https://elegancy.gr","ACTIVE","NEEDS_REVIEW","elegancy.gr","CLEAN","1","1"
"cmtb782g1005xdkiyq9opz2o1","cmtb782b5005wdkiybx3tkhjs","Elemental Studios","Gift Card | Elemental Studios","https://www.elementalpilates.gr/gift-card","https://elementalpilates.gr","ACTIVE","VERIFIED","elementalpilates.gr","CLEAN","1","1"
"cmta1knh700lyq8iywo2755ud","cmta1knb800lxq8iymaq8jdwi","Elenabeautyhall","Elenabeautyhall Gift Card","https://elenabeautyhall.gr/gift-card/","https://elenabeautyhall.gr","ACTIVE","NEEDS_REVIEW","elenabeautyhall.gr","CLEAN","1","1"
"cmta1mxa000uuq8iyl8z18jfw","cmta1mx3w00utq8iy9bu5ci6u","Elephantstore","Elephantstore Gift Card","https://www.elephantstore.gr/products/gift-card","https://elephantstore.gr","ACTIVE","NEEDS_REVIEW","elephantstore.gr","CLEAN","1","1"
"cmta1knwo00m0q8iy77l1z6kt","cmta1knq900lzq8iyew2srcvq","Elforsam","Gift Card – Maaji","https://elforsam.gr/product-category/gift-card/","https://elforsam.gr","ACTIVE","NEEDS_REVIEW","elforsam.gr","CLEAN","1","1"
"cmt8pswn40002tgiy70wwlvyq","cmt8pswfr0001tgiyw7z7ffed","Elisabetta Franchi","Elisabetta Franchi Gift Card","https://www.elisabettafranchi.com/eu/gift-card-combined/","https://www.elisabettafranchi.com","ACTIVE","VERIFIED","elisabettafranchi.com","CLEAN","1","1"
"cmta1mxqx00uwq8iyo73shr8j","cmta1mxki00uvq8iygmyrl0sh","Emmahome","Gift Cards - EmmaHome","https://emmahome.gr/","https://emmahome.gr","ACTIVE","VERIFIED","emmahome.gr","CLEAN","1","1"
"cmta1myap00uyq8iy05wx63jv","cmta1my4200uxq8iyrtkh2ksx","Enchriso","100€ gift card - Κοσμήματα En Chriso","https://enchriso.gr/","https://enchriso.gr","ACTIVE","VERIFIED","enchriso.gr","CARD_TITLE_POLLUTED","1","1"
"cmta1i59000baq8iyprml2bvl","cmta1i52c00b9q8iyi8c9kj9p","Enploeditions","Ηλεκτρονικές Δωροκάρτες","https://enploeditions.gr/","https://enploeditions.gr","ACTIVE","VERIFIED","enploeditions.gr","CLEAN","1","1"
"cmta1i5ow00bcq8iy4ias4nkm","cmta1i5j700bbq8iyt7xh8b6z","Enzzo","Enzzo Gift Card","https://enzzo.gr/","https://enzzo.gr","ACTIVE","VERIFIED","enzzo.gr","CLEAN","1","1"
"cmta1ltdc00qkq8iywfkafqf3","cmta1lt7900qjq8iyqrn53at3","Epidermislaser","gift cards","https://www.epidermislaser.gr/gift-cards","https://epidermislaser.gr","ACTIVE","NEEDS_REVIEW","epidermislaser.gr","CLEAN","1","1"
"cmta1mys100v0q8iy16qgugkj","cmta1myls00uzq8iy57frgnry","Epipla24","Δωροκάρτα Online Αγορά Επίπλων και Διακόσμησης Σπιτιού","https://epipla24.gr/product/gift-card/","https://epipla24.gr","ACTIVE","NEEDS_REVIEW","epipla24.gr","CLEAN","1","1"
"cmta1f6090019q8iygnn0tj4u","cmta1f5tr0018q8iyo2evq1r0","EpiploSet","Δωροκάρτα Ποσό Δωροκάρτας: 50","https://www.epiploset.gr/product/gift-card/","https://epiploset.gr","ACTIVE","NEEDS_REVIEW","epiploset.gr","CLEAN","1","1"
"cmta1m83c00s6q8iygpp0rt7r","cmta1m7uh00s5q8iy2uhwo8ad","Epiploaivazoglou","Gift card - Έπιπλο Αϊβαζόγλου – |","https://epiploaivazoglou.gr/product-category/paidiko/cilek/gift-card/","https://epiploaivazoglou.gr","ACTIVE","NEEDS_REVIEW","epiploaivazoglou.gr","CLEAN","1","1"
"cmta1m8lp00s8q8iyl7iagrro","cmta1m8fp00s7q8iyrcz63bsz","Epiplocasa","Gift Card - EpiploCasa.gr · Έπιπλα Ελληνικής Κατασκευής","https://epiplocasa.gr/product/gift-card/","https://epiplocasa.gr","ACTIVE","NEEDS_REVIEW","epiplocasa.gr","CLEAN","1","1"
"cmta1mzbz00v2q8iym9a1twa4","cmta1mz6000v1q8iyvwszf9du","Erato Kosmima","Στείλε μια Gift Card - Ερατώ","https://erato-kosmima.gr/product/gift-card/","https://erato-kosmima.gr","ACTIVE","NEEDS_REVIEW","erato-kosmima.gr","CLEAN","1","1"
"cmta1i6dl00beq8iybqfqttuj","cmta1i5yk00bdq8iyusi2mp60","Erero","Erero Gift Card","https://erero.gr/","https://erero.gr","ACTIVE","VERIFIED","erero.gr","CLEAN","1","1"
"cmta1fsu3003jq8iy5qqq6jin","cmta1fsn8003iq8iy44ffyjo1","Ergaleiogatos","30 EUR","https://www.ergaleiogatos.gr/shop/doroepitagi/","https://ergaleiogatos.gr","ACTIVE","NEEDS_REVIEW","ergaleiogatos.gr","CARD_TITLE_POLLUTED","1","1"
"cmta1mzvd00v4q8iy1mgqxhla","cmta1mzow00v3q8iyo16go49h","Erostoys","Gift Cards - Ερωτικά Παιχνίδια, Premium Sex Toys","https://erostoys.gr/gift-cards/","https://erostoys.gr","ACTIVE","NEEDS_REVIEW","erostoys.gr","CLEAN","1","1"
"cmtb62h0x000b94iyehu8zlg5","cmtb62gvm000a94iyyhcgbatv","Esiot","Esiot Gift Card","https://esiot.gr/module/giftcard/choicegiftcard","https://esiot.gr","ACTIVE","VERIFIED","esiot.gr","CLEAN","1","1"
"cmtb6unda001f3giyh9ahgeme","cmtb6un7q001e3giydasdqnfc","Espressoshop.gr Νο 1 Κατάστημα πώλησης ...","Δωροκάρτα - Espressoshop.gr Νο 1 Κατάστημα πώλησης ...","https://espressoshop.gr/dorokarta/","https://espressoshop.gr","ACTIVE","VERIFIED","espressoshop.gr","CLEAN","1","1"
"cmta1n0by00v6q8iyd50i4zbc","cmta1n05n00v5q8iyhpaxbihm","Estheta","Δωροκάρτα | Estheta | Plus Size Ρούχα","https://www.estheta.gr/product/giftcard/","https://estheta.gr","ACTIVE","NEEDS_REVIEW","estheta.gr","CLEAN","1","1"
"cmta1ltxc00qmq8iyccncakek","cmta1ltps00qlq8iyu7awumqg","Ethereal Spa","Spa Gift Cards — The Perfect Present - Ethereal Spa","https://www.ethereal-spa.gr/gift-cards","https://ethereal-spa.gr","ACTIVE","NEEDS_REVIEW","ethereal-spa.gr","CLEAN","1","1"
"cmta1i6tf00bgq8iy6y8081p1","cmta1i6nk00bfq8iy5qszzqk8","Eubiotica","gift card - Eubiotica Super Teas","https://www.eubiotica.gr/gift-card","https://eubiotica.gr","ACTIVE","NEEDS_REVIEW","eubiotica.gr","CLEAN","1","1"
"cmta1i79p00biq8iymzkebvjq","cmta1i73h00bhq8iy6knl2afv","Eunoiacandle","Eunoiacandle Gift Card","https://eunoiacandle.gr/gift-card/","https://eunoiacandle.gr","ACTIVE","NEEDS_REVIEW","eunoiacandle.gr","CLEAN","1","1"
"cmta1kodu00m2q8iypau5cwch","cmta1ko7f00m1q8iy1fy3xnzm","Euphoriamassage","Gift Card - Euphoria Massage","https://euphoriamassage.gr/gift-card/","https://euphoriamassage.gr","ACTIVE","NEEDS_REVIEW","euphoriamassage.gr","CLEAN","1","1"
"cmtb7i31b001404iy197cb72x","cmtb7i2wq001304iydhifcqy7","Eureka Athens","Eureka Athens Gift Card","https://eurekathens.com/athens-gift-card/","https://eurekathens.com","ACTIVE","VERIFIED","eurekathens.com","CLEAN","1","1"
"cmta1g9lo004yq8iyerfuigi1","cmta1g94r004xq8iy50akgakb","Evripidis","ΧΑΜΗΛΕΣ ΤΙΜΕΣ ΣΕ ΧΙΛΙΑΔΕΣ ΕΛΛΗΝΙΚΑ ΒΙΒΛΙΑ","https://www.evripidis.gr/%CE%B2%CE%B9%CE%B2%CE%BB%CE%B9%CE%B1/%CE%B2%CE%B9%CE%B2%CE%BB%CE%B9%CE%B1-%CF%83%CF%84%CE%B1-%CE%B5%CE%BB%CE%BB%CE%B7%CE%BD%CE%B9%CE%BA%CE%B1.htm?%CF%80%CF%81%CE%BF%CE%B9%CE%BF%CE%BD%CF%84%CE%B1-%CE%B3%CE%B9%CE%B1%5B%5D=%CE%B8%CE%B5%CE%BB%CF%89-%CE%BD%CE%B1-%CE%B4%CF%89%2Fweb-offers","https://evripidis.gr","ACTIVE","VERIFIED","evripidis.gr","CLEAN","1","1"
"cmta1i7re00bkq8iy908fe98b","cmta1i7kw00bjq8iy206ebvy1","Extremepro","1. στοιχεια δωροκαρτας","https://extremepro.gr/el/giftcard","https://extremepro.gr","ACTIVE","NEEDS_REVIEW","extremepro.gr","CLEAN","1","1"
"cmta1i86000bmq8iy5atelyii","cmta1i80900blq8iyr9rqvqvt","Eyemazing","Ψηφιακή δωροκάρτα Eyemazing - Χωρίς κατηγορία","https://eyemazing.gr/","https://eyemazing.gr","ACTIVE","VERIFIED","eyemazing.gr","CLEAN","1","1"
"cmtb6uogu001k3giyevih3jt5","cmtb6uoby001j3giybkb09ezk","F.O.R.T.Y. Boutique","F.O.R.T.Y. Boutique Gift Card","https://www.fortyboutique.gr/en/products/%CE%B4%CF%89%CF%81%CE%BF%CE%BA%CE%AC%CF%81%CF%84%CE%B1-f-o-r-t-y-boutique","https://fortyboutique.gr","ACTIVE","VERIFIED","fortyboutique.gr","CLEAN","1","1"
"cmta4ygcg0013sciymb0mpc1u","cmta4yg5j0012sciy8l4wnt3k","Face It","Gift Cards - FaceIt","https://face-it.gr/gifts/gift-cards.html","https://face-it.gr","ACTIVE","VERIFIED","face-it.gr","CLEAN","1","1"
"cmtb774ej0011dkiy2n93voje","cmtb7749h0010dkiy4q022h9a","Fagotto Books","Δωροκάρτα αξίας 40 ευρώ","https://fagottobooks.gr/en/6005-dorokarta-axias-40-eyro.html","https://fagottobooks.gr","ACTIVE","VERIFIED","fagottobooks.gr","OFFICIAL_URL_TOO_SPECIFIC","1","1"
"cmta4ygt70015sciy7ka9te7j","cmta4ygm80014sciyasobys4q","Fairytale","Fairytale Gift Card","https://fairytale.com.gr/en/product/fairytale-gift-card/?srsltid=AfmBOor8Ibifq_G5Z787tkZNY5Tl6yhx9lujOGDrW4OnG-Azk2KUCE52","https://fairytale.com.gr","ACTIVE","VERIFIED","fairytale.com.gr","CLEAN","1","1"
"cmta4yh9u0017sciy4yb84cy2","cmta4yh320016sciyuh3ghceq","Familychef","GIFT CARDS – FamilyChef","https://familychef.gr/en/products/100-gift-card","https://familychef.gr","ACTIVE","VERIFIED","familychef.gr","OFFICIAL_URL_TOO_SPECIFIC","1","1"
"cmtb6unre001h3giyec12nyxq","cmtb6unm6001g3giyfxqqp281","Fan Pharmacy","Fan Pharmacy Gift Card","https://fanpharmacy.gr/product/dorokarta/","https://fanpharmacy.gr","ACTIVE","VERIFIED","fanpharmacy.gr","CLEAN","1","1"
"cmta1n10h00v8q8iymob6se9u","cmta1n0uw00v7q8iydyupt686","Fancynails","Gift Card - Fancy Nails by Nancy","https://fancynails.gr/gift-card/","https://fancynails.gr","ACTIVE","NEEDS_REVIEW","fancynails.gr","CLEAN","1","1"
"cmta1i8n300boq8iydt4qw67b","cmta1i8g400bnq8iyw7ifw6pq","Fantasea","Δωροεπιταγή 100","https://www.fantasea.gr/product/doroepitagi-30-1032/","https://fantasea.gr","ACTIVE","NEEDS_REVIEW","fantasea.gr","OFFICIAL_URL_TOO_SPECIFIC","1","1"
"cmta1frxq003fq8iydayuc6sk","cmta1frr8003eq8iy26h3rb97","Farmakeio4all","Δωροκάρτα 60 ευρώ","https://farmakeio4all.gr/product/dwrokarta-100-evrw-2/","https://farmakeio4all.gr","ACTIVE","NEEDS_REVIEW","farmakeio4all.gr","OFFICIAL_URL_TOO_SPECIFIC","1","1"
"cmtb62he9000d94iyxompo58c","cmtb62h8v000c94iy3next7vn","Fatalbeautylab","Gift Cards","https://fatalbeautylab.gr/gift-cards/","https://fatalbeautylab.gr","ACTIVE","VERIFIED","fatalbeautylab.gr","CLEAN","1","1"
"cmtb774sd0013dkiy6s1lutst","cmtb774mt0012dkiyq4k7d2ow","Feed Me","Feed Me Gift Card","https://www.feedmepetshop.gr/%CE%B4%CF%89%CF%81%CE%BF%CE%BA%CE%AC%CF%81%CF%84%CE%B1-giftcard-25e/","https://feedmepetshop.gr","ACTIVE","VERIFIED","feedmepetshop.gr","OFFICIAL_URL_TOO_SPECIFIC","1","1"
"cmta1n1gn00vaq8iypcugwv32","cmta1n1a500v9q8iywfyos40v","Feelcar","Feelcar Gift Card","https://feelcar.gr/product/dorokarta/","https://feelcar.gr","ACTIVE","NEEDS_REVIEW","feelcar.gr","CLEAN","1","1"
"cmta1gcvt005cq8iymlkozc4h","cmta1gcpz005bq8iynm77ayng","Feelmadness","Gift Card | Αθλητικά Ρούχα, Παπούτσια & Αξεσουάρ","https://www.feelmadness.gr/gift-card.html","https://feelmadness.gr","ACTIVE","NEEDS_REVIEW","feelmadness.gr","CLEAN","1","1"
"cmtb775ig0017dkiyzj5hwneh","cmtb775du0016dkiyxtcevpwz","Femmefatale","Δωροκάρτα","https://femmefatale.gr/product-category/dorokarta/","https://femmefatale.gr","ACTIVE","VERIFIED","femmefatale.gr","CLEAN","1","1"
"cmt8mor6600015ciyqxktunjn","cmt8moqyw00005ciya9p7bsf8","Fever","Fever Gift Card","https://giftcard.feverup.com/","https://giftcard.feverup.com","ACTIVE","VERIFIED","giftcard.feverup.com","CLEAN","1","1"
"cmta1i93400bqq8iyekp0bc5g","cmta1i8x000bpq8iyan1tyro9","Fisika","E-Gift Card - Fisika","https://fisika.gr/gifts/gift-vouchers/","https://fisika.gr","ACTIVE","NEEDS_REVIEW","fisika.gr","CLEAN","1","1"
"cmta1m93500saq8iycjty6l3s","cmta1m8wn00s9q8iygc3o000e","Flashfashion","Gift Card | FLASH FASHION","https://www.flashfashion.shop/gift-card","https://flashfashion.shop","ACTIVE","NEEDS_REVIEW","flashfashion.shop","CLEAN","1","1"
"cmta1lldv00pqq8iyvvgnzsz2","cmta1ll6l00ppq8iy7exq1mp1","Floky","Gift Card Floky","https://floky.gr/products/gift-card-floky","https://floky.gr","ACTIVE","NEEDS_REVIEW","floky.gr","CLEAN","1","1"
"cmta5nnqb000j54iy5h71qhyd","cmta5nnll000i54iywoggd8zt","Floraplant","Floraplant Gift Card","https://eshop.floraplant.gr/en/giftcard/","https://eshop.floraplant.gr","ACTIVE","NEEDS_REVIEW","eshop.floraplant.gr","POSSIBLE_DUPLICATE_PROGRAM","2","2"
"cmtb6uo3d001i3giyiq64l7pb","cmta5nnll000i54iywoggd8zt","Floraplant","GIFT CARD - Δωροκάρτα - Floraplant & Garden Center","https://floraplant.gr/gift-card/","https://eshop.floraplant.gr","ARCHIVED","REJECTED","eshop.floraplant.gr","POSSIBLE_DUPLICATE_PROGRAM","2","2"
"cmta1k8fg00k8q8iyfbf1o1z4","cmta1k89000k7q8iyqasumi3w","Flowmassage","Gift Card - Flow Massage","https://flowmassage.gr/gift-cards/","https://flowmassage.gr","ACTIVE","NEEDS_REVIEW","flowmassage.gr","CLEAN","1","1"
"cmtb62hqq000f94iyv9s6defo","cmtb62hmd000e94iykbm8j60o","Fluffyhugs","Δωροκάρτα","https://fluffyhugs.gr/product/giftcard/","https://fluffyhugs.gr","ACTIVE","VERIFIED","fluffyhugs.gr","CLEAN","1","1"
"cmtb62i42000h94iyyunpk1hf","cmtb62hzc000g94iyu8xt54ke","Fmsstores","Fmsstores Gift Card","https://www.fmsstores.gr/en/p/2-gift-card","https://fmsstores.gr","ACTIVE","VERIFIED","fmsstores.gr","OFFICIAL_URL_TOO_SPECIFIC","1","1"
"cmta1lltq00psq8iy75r8f0k5","cmta1llnt00prq8iypcumcdek","Forall","Forall Gift Card","https://www.forall.com.gr/gift-card","https://forall.com.gr","ACTIVE","NEEDS_REVIEW","forall.com.gr","CLEAN","1","1"
"cmta1i9io00bsq8iy6q1mwns2","cmta1i9ck00brq8iy827a948q","Formyskin","Προϊόντα Gift Card","https://formyskin.gr/gift-card/","https://formyskin.gr","ACTIVE","NEEDS_REVIEW","formyskin.gr","CLEAN","1","1"
"cmta1lue100qoq8iyzojkwbcq","cmta1lu7d00qnq8iyepp2qhem","Forward","Gift Voucher","https://www.forward.gr/product/gift-voucher/","https://forward.gr","ACTIVE","NEEDS_REVIEW","forward.gr","CLEAN","1","1"
"cmta1gmek006cq8iydgmxqz91","cmta1gm8h006bq8iyem6uh9wr","Fotiadou Shop","Προσφορές: Δωροκάρτα","https://fotiadou-shop.gr/offers/gift-card.html","https://fotiadou-shop.gr","ACTIVE","NEEDS_REVIEW","fotiadou-shop.gr","CLEAN","1","1"
"cmtb6uox1001m3giybq8qyts9","cmtb6uorg001l3giy24moh9jp","Francesca","Francesca Gift Card","https://www.francesca.gr/gift-card?lang=en","https://francesca.gr","ACTIVE","VERIFIED","francesca.gr","CLEAN","1","1"
"cmtb62iiy000j94iy06vaeu26","cmtb62icd000i94iy2r1rmiar","Frati","Frati Gift Card","https://www.frati.gr/shop/dora-gift-cards/gift-cards/?srsltid","https://frati.gr","ACTIVE","VERIFIED","frati.gr","CLEAN","1","1"
"cmta1i9xu00buq8iy1q7fa4mu","cmta1i9rk00btq8iyo4n6b4d6","Freerider","Δωροεπιταγή - Δωροεπιταγές","https://freerider.gr/ekdosi-doroepitagis/","https://freerider.gr","ACTIVE","NEEDS_REVIEW","freerider.gr","CLEAN","1","1"
"cmta4yhq70019sciyd5n1thde","cmta4yhjq0018sciytqttzj2n","Freudoriental","FREUD ORIENTAL Gift Cards – Give Unique Gastronomic ...","https://www.freudoriental.gr/en/gift-cards","https://freudoriental.gr","ACTIVE","VERIFIED","freudoriental.gr","CLEAN","1","1"
"cmta5noft000n54iyyotz6yw5","cmta5nob7000m54iy6vxwy5gq","Fuel","Fuel Gift Card","https://www.fuel.com.gr/en/about-gift-cards","https://fuel.com.gr","ACTIVE","VERIFIED","fuel.com.gr","CLEAN","1","1"
"cmt8hemvv0006a8iygh01eja0","cmt8hempd0005a8iym064amwx","Funky Buddha","Funky Buddha Gift Card","https://www.funky-buddha.com/el/giftcards.html","https://www.funky-buddha.com","ACTIVE","VERIFIED","funky-buddha.com","CLEAN","1","1"
"cmta1iad800bwq8iyw7ce55ti","cmta1ia7500bvq8iypdqd66ct","Funkymonkeyshoes","ΔΩΡΟΚΑΡΤΑ 30€ | 40€ | 50","https://funkymonkeyshoes.gr/product/gift-card/","https://funkymonkeyshoes.gr","ACTIVE","NEEDS_REVIEW","funkymonkeyshoes.gr","CARD_TITLE_POLLUTED","1","1"
"cmta1ezdj000jq8iyh7o6gmjd","cmta1ez7o000iq8iykgtqu8z5","GC-TECH","ΔΩΡΟΚΑΡΤΑ ΤΩΝ 10 - GIFT CARD","https://gctech.gr/","https://gctech.gr","ACTIVE","VERIFIED","gctech.gr","CLEAN","1","1"
"cmta1iast00byq8iyu8sip87d","cmta1ian800bxq8iyu6asnal5","Gabi","Gift Card - Gabi","https://gabi.gr/products/gift-card","https://gabi.gr","ACTIVE","NEEDS_REVIEW","gabi.gr","CLEAN","1","1"
"cmtb6upa5001o3giy345eyvsz","cmtb6up5g001n3giyxkfby2ok","Galanthus Cosmetics","Δωροκάρτα","https://galanthus-cosmetics.gr/product/dorokarta/","https://galanthus-cosmetics.gr","ACTIVE","VERIFIED","galanthus-cosmetics.gr","CLEAN","1","1"
"cmt8henle000ba8iyo0c9qq77","cmt8henex000aa8iyqbolahxb","Galerie de Beauté","Galerie de Beauté Gift Card","https://www.galeriedebeaute.gr/el-gr/giftcard","https://www.galeriedebeaute.gr","ACTIVE","VERIFIED","galeriedebeaute.gr","CLEAN","1","1"
"cmtb62iwy000l94iy37tas1sy","cmtb62ire000k94iyj68kshj2","Gang Clothing","Gang Clothing Gift Card","https://gang-clothing.gr/products/gift-card","https://gang-clothing.gr","ACTIVE","VERIFIED","gang-clothing.gr","CLEAN","1","1"
"cmta4yi6v001bsciyp7vwf5ct","cmta4yi0n001asciyvsq9mcu4","Gasmoto","e-Gift Card ΑΠΟ GAS Motosport Culture","https://www.gasmoto.gr/en/e-gift-card-from-gas-motosport-culture?srsltid=AfmBOop_daiyY4vi9TYPALI6LZR9FiExjo8Wr65h9YxWssjno8ylHpc5","https://gasmoto.gr","ACTIVE","VERIFIED","gasmoto.gr","CLEAN","1","1"
"cmtb7769p001bdkiyujfcxt1s","cmtb7764f001adkiyw9hwme1l","Gatos Shoes","Gatos Shoes Gift Card","https://gatos-shoes.gr/product-category/doro-kartes/","https://gatos-shoes.gr","ACTIVE","NEEDS_REVIEW","gatos-shoes.gr","CLEAN","1","1"
"cmta1n1xb00vcq8iyi4nkjrgn","cmta1n1qd00vbq8iy92wsx1xv","Gavalasjewelry","ΔΩΡΟΚΑΡΤΕΣ Αρχεία","https://gavalasjewelry.gr/product-category/gift-cards/","https://gavalasjewelry.gr","ACTIVE","NEEDS_REVIEW","gavalasjewelry.gr","CLEAN","1","1"
"cmtb62jba000n94iyr2xf03bd","cmtb62j5r000m94iy0ng8c71m","Gbroofgarden","Δωροεπιταγές","https://www.gbroofgarden.gr/el/gift-vouchers","https://gbroofgarden.gr","ACTIVE","VERIFIED","gbroofgarden.gr","CLEAN","1","1"
"cmtb6upo2001q3giyji48e7pn","cmtb6upj2001p3giy68izspkm","Gelia Jewelry & Creations","Δωροκάρτα - Gelia Jewelry & Creations","https://geliajewelry.gr/products/dorokarta","https://geliajewelry.gr","ACTIVE","VERIFIED","geliajewelry.gr","CLEAN","1","1"
"cmt8faymv00016kiy6rdzpw06","cmt8faygb00006kiynlty806o","Germanos","Germanos Gift Card","https://www.germanos.gr/category/egift-new/?categoryId=cat4460003","https://www.germanos.gr","ACTIVE","VERIFIED","germanos.gr","CLEAN","1","1"
"cmta1n2fs00veq8iyefr9t86z","cmta1n28m00vdq8iylsiovqrs","Ggbeauty","GIFT CARD - G&G Beauty","https://ggbeauty.gr/","https://ggbeauty.gr","ACTIVE","VERIFIED","ggbeauty.gr","CLEAN","1","1"
"cmtb62jq0000p94iyt5d2mzss","cmtb62jkr000o94iy4h069iqm","Ggio","Gift Cards","https://ggio.gr/product-category/gift-cards/","https://ggio.gr","ACTIVE","VERIFIED","ggio.gr","CLEAN","1","1"
"cmta1ib7s00c0q8iydisho748","cmta1ib1o00bzq8iy70mwad9c","Giannopoulos","Giannopoulos Gift Card","https://giannopoulos.gr/","https://giannopoulos.gr","ACTIVE","VERIFIED","giannopoulos.gr","CLEAN","1","1"
"cmtb6uqep001u3giya6xdb0l8","cmtb6uq9b001t3giygowy28vc","Globi","Globi Gift Card","https://globi.gr/product/dwrokarta/","https://globi.gr","ACTIVE","VERIFIED","globi.gr","CLEAN","1","1"
"cmta1n2wo00vgq8iygtc7c15a","cmta1n2q600vfq8iycow7sshg","Gmca","Gmca Gift Card","https://www.gmca.gr/products/gift-card","https://gmca.gr","ACTIVE","NEEDS_REVIEW","gmca.gr","CLEAN","1","1"
"cmtb7774t001fdkiyhs33c0v6","cmtb776zn001edkiyarmmetay","God Bless Women","25 CHF Gift card","https://godblesswomen.gr/products/25-chf-gift-card/236339811/","https://godblesswomen.gr","ACTIVE","VERIFIED","godblesswomen.gr","OFFICIAL_URL_TOO_SPECIFIC","1","1"
"cmtb62k3c000r94iytlubd8tx","cmtb62jyb000q94iyhzw1kap7","Gofishome","Gofishome Gift Card","https://gofishome.gr/en/products/gift-card?srsltid","https://gofishome.gr","ACTIVE","VERIFIED","gofishome.gr","CLEAN","1","1"
"cmta1n3dp00viq8iycxrarktf","cmta1n37l00vhq8iye0dgcnwr","Goldandwhite","Gift Card - Gold and White | Χειροποίητα Κοσμήματα","https://goldandwhite.gr/shop/gift-card-karta-dorou-2/","https://goldandwhite.gr","ACTIVE","NEEDS_REVIEW","goldandwhite.gr","OFFICIAL_URL_TOO_SPECIFIC","1","1"
"cmta5nouj000p54iya63lmod4","cmta5non7000o54iybf45ldoo","Golden A Exclusive Boutique","Δωροκάρτα - Golden A Exclusive Boutique","https://www.golden-a.gr/product/gift-card/?srsltid=AfmBOoqgT9odasGffG4KelhuF1y5HhOhj1m1KNLOmOF9Kk0BqhVlj5Er","https://golden-a.gr","ACTIVE","VERIFIED","golden-a.gr","CLEAN","1","1"
"cmta4yink001dsciy39vyun7s","cmta4yihm001csciy1b1xu5mp","Goldenbeauty","Golden Beauty Gift Card","https://goldenbeauty.gr/golden-beauty-gift-card/","https://goldenbeauty.gr","ACTIVE","VERIFIED","goldenbeauty.gr","CLEAN","1","1"
"cmta1gmvk006eq8iyr5aywy4s","cmta1gmoy006dq8iyhuy4llr8","Goldmall","ΔΩΡΟΕΠΙΤΑΓΗ για ​Γεύμα ή Δείπνο 2 Ατόμων μόλις με 10 ...","https://goldmall.gr/","https://goldmall.gr","ACTIVE","VERIFIED","goldmall.gr","CLEAN","1","1"
"cmta1n3tk00vkq8iyuuxusuix","cmta1n3np00vjq8iy2z8m64lj","Gotshirts","Gotshirts Gift Card","https://www.gotshirts.gr/products/gift-card","https://gotshirts.gr","ACTIVE","NEEDS_REVIEW","gotshirts.gr","CLEAN","1","1"
"cmta1n4cq00vmq8iybe2fosx3","cmta1n43900vlq8iyz8oio5x4","Goulandris","Gift Card - Vincent van Gogh, Still Life with Coffee Pot, 1888","https://goulandris.gr/","https://goulandris.gr","ACTIVE","VERIFIED","goulandris.gr","CLEAN","1","1"
"cmta1kowg00m4q8iy94vgsdus","cmta1kopj00m3q8iy0u5dy5tg","Gouves","Gift Card - Gouves Travel Market Experts","https://gouves.gr/gift-card/","https://gouves.gr","ACTIVE","NEEDS_REVIEW","gouves.gr","CLEAN","1","1"
"cmt8nqyne00060oiy5y174836","cmt8nqyha00050oiyo37488v6","Grecotel","Grecotel Gift Card","https://www.grecotel.com/gift-card/","https://www.grecotel.com","ACTIVE","VERIFIED","grecotel.com","CLEAN","1","1"
"cmtb775690015dkiy5pgfyay2","cmtb7751d0014dkiyrhgzf87x","Greek Designers Store","Gift Card | Greek Designers Store","https://felicia-concept.gr/product/gift-card/","https://felicia-concept.gr","ACTIVE","VERIFIED","felicia-concept.gr","CLEAN","1","1"
"cmta4yj4g001fsciy0ipo9fb8","cmta4yixe001esciye3v0ltjr","Green Leaf","Greenleaf Gift Card","https://green-leaf.gr/en-eu/products/greenleaf-gift-card?srsltid=AfmBOopwgHXrlsvd6QmsnsoLNjyN_0hfM28o8pJTONTgWrAmw-tmRwp4","https://green-leaf.gr","ACTIVE","VERIFIED","green-leaf.gr","CLEAN","1","1"
"cmtb783ak0061dkiyezmzss7i","cmtb7835j0060dkiyf0u7paon","GreenArt","Δωροκάρτα GreenArt","https://greenartstore.gr/product/dorokarta-greenart/","https://greenartstore.gr","ACTIVE","VERIFIED","greenartstore.gr","CLEAN","1","1"
"cmta1leix00p0q8iyq1ewxccr","cmta1led100ozq8iyg71o1c43","Greenmall","ΔΩΡΟΚΑΡΤΑ – ΙΔΕΕΣ ΔΩΡΩΝ","https://greenmall.gr/product/greenmall-gift-card/","https://greenmall.gr","ACTIVE","NEEDS_REVIEW","greenmall.gr","CLEAN","1","1"
"cmta1f8o2001lq8iy7sedywm0","cmta1f8hk001kq8iytp3tt3d9","Greenpeace","Δωροκάρτα","https://eshop.greenpeacegreece.org/product/dwrokarta/","https://eshop.greenpeacegreece.org","ACTIVE","NEEDS_REVIEW","eshop.greenpeacegreece.org","CLEAN","1","1"
"cmta1fk9b002pq8iyf5m36fcm","cmta1fk27002oq8iyhbxv0ee5","Grill me","ΔΩΡΟΚΑΡΤΑ 50 Ευρώ","https://grillme.gr/gr/","https://grillme.gr","ACTIVE","VERIFIED","grillme.gr","CLEAN","1","1"
"cmtb6uqs6001w3giyxb5aq7nl","cmtb6uqn2001v3giydltjbhyt","Groombox","Δωροκάρτα - Groombox","https://groombox.gr/product/%CE%B4%CF%89%CF%81%CE%BF%CE%BA%CE%AC%CF%81%CF%84%CE%B1/","https://groombox.gr","ACTIVE","VERIFIED","groombox.gr","CLEAN","1","1"
"cmta1iboe00c2q8iy2ddrj2nq","cmta1ibhz00c1q8iya3uj6y7h","Gruppobizzaro","Gift Card – Bizzaro Shop – Ανδρικά Ρούχα, Παπούτσια, ...","https://www.gruppobizzaro.gr/gift-card/","https://gruppobizzaro.gr","ACTIVE","NEEDS_REVIEW","gruppobizzaro.gr","CLEAN","1","1"
"cmta1ic4800c4q8iyph5olsg8","cmta1ibyg00c3q8iy7eqka0ch","Gymbeam","Δωροκάρτα - GymBeam","https://gymbeam.gr/gift-card-1.html","https://gymbeam.gr","ACTIVE","NEEDS_REVIEW","gymbeam.gr","OFFICIAL_URL_TOO_SPECIFIC","1","1"
"cmtb778ox001ndkiyym5fan4o","cmtb778jw001mdkiytifpu57h","HOME MADE","Δωροκάρτα HOME MADE","https://homebynature.gr/katastima/dorokarta-home-made/","https://homebynature.gr","ACTIVE","VERIFIED","homebynature.gr","CLEAN","1","1"
"cmta1n4su00voq8iyrrjvgoxw","cmta1n4m400vnq8iy8minvqk0","Habitatgreece","Gift cards","https://habitatgreece.gr/product-category/wps_wgm_giftcard/","https://habitatgreece.gr","ACTIVE","NEEDS_REVIEW","habitatgreece.gr","CLEAN","1","1"
"cmta1gbo80056q8iy0413x1yf","cmta1gbip0055q8iyzwigl93e","Hallofbrands","Αγοράστε μία Δωροκάρτα","https://hallofbrands.gr/","https://hallofbrands.gr","ACTIVE","VERIFIED","hallofbrands.gr","CLEAN","1","1"
"cmta1gnu5006gq8iyfuwqha8l","cmta1gnmy006fq8iy4mho73h2","Hammam","Giftcard - hammam","https://hammam.gr/","https://hammam.gr","ACTIVE","VERIFIED","hammam.gr","CLEAN","1","1"
"cmtb777w1001jdkiypfzpmll5","cmtb777r0001idkiyttv41oqv","Hando Massage & Spa","Hando Massage & Spa - Gift Card","https://handospa.gr/en/massage-gift-card/","https://handospa.gr","ACTIVE","VERIFIED","handospa.gr","CLEAN","1","1"
"cmtb6ur4z001y3giyzx2tgh2i","cmtb6ur0a001x3giybq0ee9vs","Happydonkey","Δωροκάρτα","https://happydonkey.gr/products/%CE%B4%CF%89%CF%81%CE%BF%CE%BA%CE%AC%CF%81%CF%84%CE%B1","https://happydonkey.gr","ACTIVE","VERIFIED","happydonkey.gr","CLEAN","1","1"
"cmta1icjl00c6q8iyfzuzk0o3","cmta1ice000c5q8iyu99sa66p","Haralas","Δωροκάρτες","https://haralas.gr/","https://haralas.gr","ACTIVE","VERIFIED","haralas.gr","CLEAN","1","1"
"cmta1gdar005eq8iym6dznhq7","cmta1gd4f005dq8iyu9jftu4f","Haritidis","Haritidis Gift Card","https://www.haritidis.gr/el/giftcard","https://haritidis.gr","ACTIVE","NEEDS_REVIEW","haritidis.gr","CLEAN","1","1"
"cmta1icyu00c8q8iytwvndmek","cmta1icso00c7q8iyl4xfcphi","Harmanis","Δωροεπιταγή 300 ευρώ","https://harmanis.gr/","https://harmanis.gr","ACTIVE","VERIFIED","harmanis.gr","CLEAN","1","1"
"cmta1idf400caq8iyjdg0i0lk","cmta1id9100c9q8iypixzj7p1","Harmony Spa","Gift Card - δωροκαρτα","https://harmony-spa.gr/giftcard/","https://harmony-spa.gr","ACTIVE","NEEDS_REVIEW","harmony-spa.gr","CLEAN","1","1"
"cmta1idvc00ccq8iyo72kem4t","cmta1idow00cbq8iyqpjvfwpy","Harmonybeauty","Δωροκάρτα - Harmony & Beauty","https://www.harmonybeauty.gr/ypiresies/dorokarta-c-43.html","https://harmonybeauty.gr","ACTIVE","NEEDS_REVIEW","harmonybeauty.gr","CLEAN","1","1"
"cmtb783oh0063dkiy8ckdn4vm","cmtb783ix0062dkiyciacadlv","HeHe Messy Play","HeHe Messy Play Gift Card","https://hehe-messyplay.gr/messy-play-gift-card-mobile/","https://hehe-messyplay.gr","ACTIVE","VERIFIED","hehe-messyplay.gr","CLEAN","1","1"
"cmtb778bh001ldkiylnmlumkn","cmtb7785l001kdkiysx9add6j","Headplus","Δωροκάρτα","https://headplus.gr/product/dorokarta-gift-card/","https://headplus.gr","ACTIVE","VERIFIED","headplus.gr","CLEAN","1","1"
"cmta1iebo00ceq8iycmxwju77","cmta1ie5000cdq8iy3255w969","Healthandbeauty","Gift Card - Health & Beauty - Ινστιτούτο Αισθητικής στην Πάτρα","https://www.healthandbeauty.com.gr/gift-card/","https://healthandbeauty.com.gr","ACTIVE","NEEDS_REVIEW","healthandbeauty.com.gr","CLEAN","1","1"
"cmta1iet500cgq8iyotbelz95","cmta1ielo00cfq8iyidylcjh7","Healthypetspharmacy","Αγοράστε μία Δωροεπιταγή","https://healthypetspharmacy.gr/","https://healthypetspharmacy.gr","ACTIVE","VERIFIED","healthypetspharmacy.gr","CLEAN","1","1"
"cmta4ykff001jsciy0c44rmjw","cmta4yk9i001isciy8zva7jrw","Hebekidshome","e-Gift Card Hebe Kids Home - Ιδανικό Δώρο για Κάθε ...","https://hebekidshome.gr/products/e-gift-cards?srsltid=AfmBOoq-qOyKzCFGOgaCanQGsr-cgS8jhXBU-P0TRbTnLIVohtxhQlqP","https://hebekidshome.gr","ACTIVE","VERIFIED","hebekidshome.gr","CLEAN","1","1"
"cmta1gobu006iq8iyfzj8w8k8","cmta1go4c006hq8iyctmnyk3t","Heelshop","e-Gift card - Shop - Organic Cotton fashion","https://www.heelshop.gr/en/e-gift-card/","https://heelshop.gr","ACTIVE","NEEDS_REVIEW","heelshop.gr","CLEAN","1","1"
"cmta1if9800ciq8iyclu1fq49","cmta1if3i00chq8iy4r1xwv4g","Hellenicorchids","ΔΩΡΟΚΑΡΤΑ • Ελληνικές Ορχιδέες","https://www.hellenicorchids.gr/orchids/dorokarta/","https://hellenicorchids.gr","ACTIVE","NEEDS_REVIEW","hellenicorchids.gr","CLEAN","1","1"
"cmta1lbyo00oqq8iy4irn4ety","cmta1lbsk00opq8iy6ghmmaan","Hellenictrain","Gift Card | Hellenic Train","https://hellenictrain.gr/","https://hellenictrain.gr","ACTIVE","VERIFIED","hellenictrain.gr","CLEAN","1","1"
"cmtb6urib00203giyzhdgmnv4","cmtb6urdq001z3giyx4g2l4dm","HelloKids","HelloKids Gift Card","https://www.hellokids.gr/products/%CE%B7%CE%BB%CE%B5%CE%BA%CF%84%CF%81%CE%BF%CE%BD%CE%B9%CE%BA%CE%AE-%CE%B4%CF%89%CF%81%CE%BF%CE%BA%CE%AC%CF%81%CF%84%CE%B1","https://hellokids.gr","ACTIVE","VERIFIED","hellokids.gr","CLEAN","1","1"
"cmta1n5c300vqq8iyyx9k8m2j","cmta1n54t00vpq8iycce3q70f","Hellobabyshop","Gift Card Balance","https://hellobabyshop.gr/product-category/wps_wgm_giftcard/","https://hellobabyshop.gr","ACTIVE","NEEDS_REVIEW","hellobabyshop.gr","CLEAN","1","1"
"cmta1ifps00ckq8iyi49yyp5r","cmta1ifiy00cjq8iy2y5qnddu","Hepta","Hepta's eGift Card","https://www.hepta.gr/giftcard","https://hepta.gr","ACTIVE","NEEDS_REVIEW","hepta.gr","CLEAN","1","1"
"cmtb6urwa00223giyk2encfwh","cmtb6urqs00213giyqy3j7eq2","Heraklion Improv Theater","Δωροκάρτα Heraklion Improv Theater","https://www.heraklionimprov.gr/shop/dorokarta-heraklion-improv-theater/","https://heraklionimprov.gr","ACTIVE","VERIFIED","heraklionimprov.gr","CLEAN","1","1"
"cmta1fygo0045q8iypmd5evvg","cmta1fybw0044q8iyqo3h871n","HerbStore","HerbStore Δωροκάρτα","https://www.herbstore.gr/giftcertificates","https://herbstore.gr","ACTIVE","VERIFIED","herbstore.gr","CLEAN","1","1"
"cmta1kpd600m6q8iytyzbbym9","cmta1kp7g00m5q8iyfoppvhdk","Hercshop","Δωροκάρτα - Herc Shop","https://hercshop.gr/gift-cards/","https://hercshop.gr","ACTIVE","NEEDS_REVIEW","hercshop.gr","CLEAN","1","1"
"cmtb7i03o000p04iysnqf105v","cmtb7hzyg000o04iy31m1lgd4","Herminaathens","Herminaathens Gift Card","https://herminaathens.com/product/gift-card/","https://herminaathens.com","ACTIVE","VERIFIED","herminaathens.com","CLEAN","1","1"
"cmta1n5s600vsq8iywnkbmylq","cmta1n5m800vrq8iy358j0zpx","Himalayatravel","Gift Voucher Archives - himalayatravel","https://himalayatravel.gr/category/gift-voucher-gr/","https://himalayatravel.gr","ACTIVE","NEEDS_REVIEW","himalayatravel.gr","CLEAN","1","1"
"cmta1f235000vq8iyuf6yeye1","cmta1f1x0000uq8iy6l2rr7td","Hintsdeco","Δωροκάρτα HINTSDECO","https://hintsdeco.com/products/dwrokarta-hintsdeco","https://hintsdeco.com","ACTIVE","NEEDS_REVIEW","hintsdeco.com","CLEAN","1","1"
"cmta1kptg00m8q8iyxikg29yq","cmta1kpmu00m7q8iyin0vedr6","Hlcpro","Gift Card Gold – HLC Pro by Health Laser Clinic","https://hlcpro.gr/","https://hlcpro.gr","ACTIVE","NEEDS_REVIEW","hlcpro.gr","CLEAN","1","1"
"cmtb62kft000t94iyoh4z8szg","cmtb62kbd000s94iy55au674v","Hobby","Δωροεπιταγές","https://www.hobby.gr/giftcard-2","https://hobby.gr","ACTIVE","VERIFIED","hobby.gr","OFFICIAL_URL_TOO_SPECIFIC","1","1"
"cmta1kqbn00maq8iyrbgsvpn7","cmta1kq4t00m9q8iynfm2daqb","Hobbylobby Yarns","Δωροεπιταγή 100","https://www.hobbylobby-yarns.gr/product/doroepitagi-100e/","https://hobbylobby-yarns.gr","ACTIVE","NEEDS_REVIEW","hobbylobby-yarns.gr","OFFICIAL_URL_TOO_SPECIFIC","1","1"
"cmtb78fkx007odkiylrl8o7it","cmtb78ffp007ndkiyn4woc6vx","Hobbywood","ΔΩΡΟΚΑΡΤΑ 100€","https://www.hobbywood.gr/GIFTCARD100","https://hobbywood.gr","ACTIVE","VERIFIED","hobbywood.gr","CARD_TITLE_POLLUTED|OFFICIAL_URL_TOO_SPECIFIC","1","1"
"cmta1ig3s00cmq8iycwwxgu6k","cmta1ify300clq8iyrdcu6d4n","Holokolo","ΔΩΡΟΕΠΙΤΑΓΗ","https://holokolo.gr/","https://holokolo.gr","ACTIVE","VERIFIED","holokolo.gr","CLEAN","1","1"
"cmt8fazf100066kiy672xmmic","cmt8faz8700056kiyd92fmy9h","HomeMarkt","HomeMarkt Gift Card","https://www.homemarkt.gr/el/doroepitages/","https://www.homemarkt.gr","ACTIVE","VERIFIED","homemarkt.gr","CLEAN","1","1"
"cmta1n69100vuq8iy4hqjjp9r","cmta1n62d00vtq8iyzg6a2plh","Homii","Αγοράστε μία Δωροεπιταγή","https://homii.gr/giftcard","https://homii.gr","ACTIVE","NEEDS_REVIEW","homii.gr","CLEAN","1","1"
"cmt8fb02t000b6kiy7s4kft0t","cmt8fazwh000a6kiymri92mev","Hondos Center","Hondos Center Gift Card","https://www.hondoscenter.com/el/gift-card.html","https://www.hondoscenter.com","ACTIVE","VERIFIED","hondoscenter.com","CLEAN","1","1"
"cmta1lmaw00puq8iy8ghgcw1z","cmta1lm4h00ptq8iyuiufei2z","Honeykids","Gift Card - Honeykids Conceptstore","https://honeykids.gr/collections/gift-card","https://honeykids.gr","ACTIVE","NEEDS_REVIEW","honeykids.gr","CLEAN","1","1"
"cmta1f6hg001bq8iycdt6d9uu","cmta1f6az001aq8iyrqng95sk","Hoper","Δωροκάρτα HOPER","https://hoper.gr/product-category/dorokarta/","https://hoper.gr","ACTIVE","NEEDS_REVIEW","hoper.gr","CLEAN","1","1"
"cmta1ih5a00coq8iy028nylzo","cmta1ighj00cnq8iyulsu7slc","Hotelshops","e-Gift Card - To Τέλειο δώρο","https://www.hotelshops.gr/el/e-gift-card.html","https://hotelshops.gr","ACTIVE","NEEDS_REVIEW","hotelshops.gr","CLEAN","1","1"
"cmtb77wmk0053dkiy6y7xeut4","cmtb77whg0052dkiy9snlz0m5","Houhouliarika","Αγοράστε μία Δωροεπιταγή","https://houhouliarika.gr/gift-voucher","https://houhouliarika.gr","ACTIVE","VERIFIED","houhouliarika.gr","CLEAN","1","1"
"cmta1kqsr00mcq8iyjmcu7lpg","cmta1kqmj00mbq8iyq43jivnk","Houseoftennis","Gift Card – House Of Tennis","https://houseoftennis.gr/product-category/wps_wgm_giftcard-2/","https://houseoftennis.gr","ACTIVE","NEEDS_REVIEW","houseoftennis.gr","OFFICIAL_URL_TOO_SPECIFIC","1","1"
"cmtb77x0q0055dkiynxajordc","cmtb77wvc0054dkiymkiztz6e","Hshome","Αγοράστε μία Δωροεπιταγή","https://hshome.gr/voucher","https://hshome.gr","ACTIVE","VERIFIED","hshome.gr","CLEAN","1","1"
"cmta1n6q100vwq8iyj6rksewk","cmta1n6jy00vvq8iymcveel8b","Hugshop","Gift Card | hug","https://www.hugshop.gr/product/gift-card/","https://hugshop.gr","ACTIVE","NEEDS_REVIEW","hugshop.gr","CLEAN","1","1"
"cmta1ihj500cqq8iylrnmfl4p","cmta1ihdj00cpq8iy8h7fdcbs","Hydrowellness","Gift Card - Γυμναστήριο | Hydro Wellness","https://www.hydrowellness.gr/gift-card","https://hydrowellness.gr","ACTIVE","NEEDS_REVIEW","hydrowellness.gr","CLEAN","1","1"
"cmtb6usai00243giyo2w93f0v","cmtb6us5500233giynzltgk33","Hypnote Jewelry","Δωροκάρτα - Hypnote Jewelry | Woman, Man Accessories ...","https://hypnotejewelry.gr/product/%CE%B4%CF%89%CF%81%CE%BF%CE%BA%CE%AC%CF%81%CF%84%CE%B1/","https://hypnotejewelry.gr","ACTIVE","VERIFIED","hypnotejewelry.gr","CLEAN","1","1"
"cmtb78gcm007sdkiyiijij48q","cmtb78g7m007rdkiydh03gkcd","I Thought Of You","I Thought Of You","https://www.ymonanatripsis.gr/en/gift-card/","https://ymonanatripsis.gr","ACTIVE","VERIFIED","ymonanatripsis.gr","CLEAN","1","1"
"cmt79if7j000o84iymh0hdqkh","cmt79if46000n84iyg23kadng","IKEA","IKEA Gift Card","https://www.ikea.gr/agora-dorokartas-ikea/","https://www.ikea.gr","ACTIVE","VERIFIED","ikea.gr","CLEAN","1","1"
"cmt8hpbs90006pgiynvd5ktbb","cmt8hpbl40005pgiygrv6zswp","Ianos","Ianos Gift Card","https://www.ianos.gr/giftcards/dorokarta-ianos","https://www.ianos.gr","ACTIVE","VERIFIED","ianos.gr","CLEAN","1","1"
"cmtb77933001pdkiy44gwkr9m","cmtb778xx001odkiykvt6zq8t","Iasis","GIFT CARDS - Iasis","https://iasispa.gr/product-category/gift-cards/","https://iasispa.gr","ACTIVE","VERIFIED","iasispa.gr","CLEAN","1","1"
"cmta4ykx8001lsciyu1m24dqd","cmta4ykr0001ksciypzktgyzf","Iaso","IASO presents “IASO Gift Card” for Mammography","https://www.iaso.gr/en/news/details/2020/10/13/to-iaso-parousiazi-tin-iaso-gift-card-gia-mastografia","https://iaso.gr","ACTIVE","VERIFIED","iaso.gr","OFFICIAL_URL_TOO_SPECIFIC","1","1"
"cmta1k14o00jeq8iy6y6lgrnj","cmta1k0yj00jdq8iy6mqya7nx","Idealofsweden","Idealofsweden Gift Card","https://idealofsweden.gr/c/gift-card","https://idealofsweden.gr","ACTIVE","NEEDS_REVIEW","idealofsweden.gr","CLEAN","1","1"
"cmta1krb300meq8iyewvehlr3","cmta1kr4100mdq8iy9m3twce3","Idil","e-Gift card | IDIL","https://www.idil.gr/gift-card","https://idil.gr","ACTIVE","NEEDS_REVIEW","idil.gr","CLEAN","1","1"
"cmtb62ksr000v94iyg6aw8eqd","cmtb62ko1000u94iyfmqcym0h","Idolosalon","Idolosalon Gift Card","https://www.idolosalon.gr/product/gift-card/","https://idolosalon.gr","ACTIVE","VERIFIED","idolosalon.gr","CLEAN","1","1"
"cmta1luu500qqq8iys7vrojhw","cmta1luo000qpq8iyw616b20t","Ikiru","gift-cards – IKIRU","https://ikiru.gr/gift-cards/","https://ikiru.gr","ACTIVE","NEEDS_REVIEW","ikiru.gr","CLEAN","1","1"
"cmta1krrq00mgq8iyceelhkq8","cmta1krlc00mfq8iy2aqskjrf","Imaginationtravel","Δωροεπιταγή ταξιδίου - Travel Gift Voucher","https://www.imaginationtravel.gr/doroepitagi-taxidiou-travel-gift-voucher","https://imaginationtravel.gr","ACTIVE","NEEDS_REVIEW","imaginationtravel.gr","CLEAN","1","1"
"cmta1ihz900csq8iy52zsyahm","cmta1ihsb00crq8iy83hvfzop","Imanoglou","Δωροκάρτα","https://imanoglou.gr/en/catalogue/giftcard_50/","https://imanoglou.gr","ACTIVE","NEEDS_REVIEW","imanoglou.gr","OFFICIAL_URL_TOO_SPECIFIC","1","1"
"cmta1m9k500scq8iyuyu7g8dp","cmta1m9cz00sbq8iy5lk3cwak","Inandela","Inandela Gift Card","https://www.inandela.gr/collections/gift-card%F0%9F%8E%80","https://inandela.gr","ACTIVE","NEEDS_REVIEW","inandela.gr","CLEAN","1","1"
"cmtb7841x0065dkiya653ymhs","cmtb783wx0064dkiyailydu7h","Insidehome","Αγοράστε μία Δωροεπιταγή","https://www.insidehome.gr/account/voucher","https://insidehome.gr","ACTIVE","VERIFIED","insidehome.gr","CLEAN","1","1"
"cmta1iied00cuq8iyft8338to","cmta1ii8i00ctq8iysskxlulx","Inspiral","Gift Cards - Δωροκάρτα","https://www.inspiral.gr/gift-cards","https://inspiral.gr","ACTIVE","NEEDS_REVIEW","inspiral.gr","CLEAN","1","1"
"cmta1iisi00cwq8iy8c2nqizg","cmta1iimz00cvq8iyxyke34hz","Inspirenails","Gift Card - Inspire","https://inspirenails.gr/","https://inspirenails.gr","ACTIVE","VERIFIED","inspirenails.gr","CLEAN","1","1"
"cmta1liss00pgq8iyxm7nct5f","cmta1limn00pfq8iyfh50asm9","Instyleshop","Instyleshop Gift Card","https://instyleshop.gr/","https://instyleshop.gr","ACTIVE","VERIFIED","instyleshop.gr","CLEAN","1","1"
"cmta1gotq006kq8iy4w2ujlz6","cmta1gong006jq8iy8ppr191d","Intersport","ΙNTERSPORT e-Gift Card!","https://www.intersport.gr/el/gift-cards/","https://intersport.gr","ACTIVE","NEEDS_REVIEW","intersport.gr","CLEAN","1","1"
"cmta1n77s00vyq8iy92o40u70","cmta1n71400vxq8iynjup9qnd","Invoidspa","Invoidspa Gift Card","https://invoidspa.gr/gift-card/","https://invoidspa.gr","ACTIVE","VERIFIED","invoidspa.gr","CLEAN","1","1"
"cmta5np8e000r54iy6gg6sm7w","cmta5np3d000q54iymiaczmp9","Ioannalingerie","Gift Card | Δωροκάρτα Ioanna Lingerie","https://ioannalingerie.gr/product-category/gift-card/","https://ioannalingerie.gr","ACTIVE","VERIFIED","ioannalingerie.gr","CLEAN","1","1"
"cmtb779he001rdkiycol4bpk0","cmtb779c5001qdkiy6oykrbp5","Ioannou Cosmetics","Δωροκάρτα 50","https://www.ioannou-cosmetics.gr/shop/dwrokartes/dwrokarta-50-e/","https://ioannou-cosmetics.gr","ACTIVE","VERIFIED","ioannou-cosmetics.gr","OFFICIAL_URL_TOO_SPECIFIC","1","1"
"cmta1ij6s00cyq8iyaqdmboy2","cmta1ij1900cxq8iylqn2bs5t","Iosifidishome","e-ΔΩΡΟΚΑΡΤΑ","https://www.iosifidishome.gr/p/e-giftcard/","https://iosifidishome.gr","ACTIVE","NEEDS_REVIEW","iosifidishome.gr","CLEAN","1","1"
"cmta1fj1o002lq8iyo5np81fy","cmta1fivj002kq8iypy583huf","Ipatios","Δωροκάρτα 100","https://ipatios.gr/c/gynaika/dwrokarta-gynaika/","https://ipatios.gr","ACTIVE","NEEDS_REVIEW","ipatios.gr","CLEAN","1","1"
"cmta1k8xm00kaq8iy3sqsa28b","cmta1k8qh00k9q8iyaho07xw2","Iridaspa","Δωροκάρτα - Gift Card","https://www.iridaspa.gr/product/gift-card-10/","https://iridaspa.gr","ACTIVE","NEEDS_REVIEW","iridaspa.gr","OFFICIAL_URL_TOO_SPECIFIC","1","1"
"cmta4ylfj001nsciy8jb7e1fk","cmta4yl9j001msciykp5a6baz","Irisproject","Gift Card | The Iris Project","https://irisproject.gr/gift-card/","https://irisproject.gr","ACTIVE","VERIFIED","irisproject.gr","CLEAN","1","1"
"cmtb784rw0067dkiy87ryq6qs","cmtb784go0066dkiy5hfgmr1m","Isola Boutique","Isola Boutique Gift Card","https://www.isolaboutique.gr/product-category/gift-cards/","https://isolaboutique.gr","ACTIVE","VERIFIED","isolaboutique.gr","CLEAN","1","1"
"cmtb62l5k000x94iyh8vs7gfk","cmtb62l0e000w94iy2zj007r6","Ivanacappuccini","Ivanacappuccini Gift Card","https://www.ivanacappuccini.gr/product-category/wps_wgm_giftcard/","https://ivanacappuccini.gr","ACTIVE","VERIFIED","ivanacappuccini.gr","CLEAN","1","1"
"cmt8gzro7000114iywjzh5sfg","cmt8gzrhy000014iyuz59nurc","JD Sports Greece","JD Sports Greece Gift Card","https://www.jdsports.gr/el/cms/333/gift-cards","https://www.jdsports.gr","ACTIVE","VERIFIED","jdsports.gr","OFFICIAL_URL_TOO_SPECIFIC","1","1"
"cmt8l5v5n000d5giy6vtukpbo","cmt8l5uyt000c5giyccj0b6md","JYSK Greece","JYSK Greece Gift Card","https://jysk.gr/giftcard","https://jysk.gr","ACTIVE","VERIFIED","jysk.gr","CLEAN","1","1"
"cmta1ijkr00d0q8iy6yfqptbx","cmta1ijf900czq8iymaa7h0du","Janeiredale","eGift Card","https://janeiredale.gr/axesouar/egift-card/","https://janeiredale.gr","ACTIVE","NEEDS_REVIEW","janeiredale.gr","CLEAN","1","1"
"cmta4yluz001psciy0wjw11o5","cmta4ylon001osciyy17mq5xc","Jardinplus","Gift Card Jardin Plus","https://jardinplus.gr/en/product/gift-card-jardin-plus-en/","https://jardinplus.gr","ACTIVE","VERIFIED","jardinplus.gr","CLEAN","1","1"
"cmta1f16s000rq8iy7vke82nt","cmta1f101000qq8iy6zg8n644","John-Andy","JOHN-ANDY Δωροεπιταγή 20 Ευρώ","https://www.john-andy.com/","https://john-andy.com","ACTIVE","VERIFIED","john-andy.com","CLEAN","1","1"
"cmta1ijyo00d2q8iymi2v9yma","cmta1ijt600d1q8iyxb82btou","Jonak","Ηλεκτρονική Δωροκάρτα - Jonak","https://jonak.gr/","https://jonak.gr","ACTIVE","VERIFIED","jonak.gr","CLEAN","1","1"
"cmtb6uso100263giyirsjmlru","cmtb6usit00253giy8h8i0quo","Joykidsboutique","Δωροκάρτα","https://joykidsboutique.gr/shop/uncategorized/gift-card/","https://joykidsboutique.gr","ACTIVE","NEEDS_REVIEW","joykidsboutique.gr","CLEAN","1","1"
"cmta1lvat00qsq8iycnrsfz70","cmta1lv4500qrq8iyl55acy6j","Jthomedesign","Gift Cards - Έπιπλα σπιτιού Joanna Terizi","https://jthomedesign.gr/gift-cards/","https://jthomedesign.gr","ACTIVE","NEEDS_REVIEW","jthomedesign.gr","CLEAN","1","1"
"cmtb62lib000z94iyny0wsg5c","cmtb62lda000y94iy8kydp56s","Jukebooks","Δωροκάρτες","https://jukebooks.gr/gift-cards","https://jukebooks.gr","ACTIVE","VERIFIED","jukebooks.gr","CLEAN","1","1"
"cmta1n7pm00w0q8iyx5pmc739","cmta1n7io00vzq8iyfxit9wr6","Juniorkids","Giftcards","https://juniorkids.gr/product/gift-card/","https://juniorkids.gr","ACTIVE","NEEDS_REVIEW","juniorkids.gr","CLEAN","1","1"
"cmta1lmrm00pwq8iykcovjeo1","cmta1lmlh00pvq8iyaxebdeaf","Justbrazilstore","Justbrazilstore Gift Card","https://www.justbrazilstore.gr/products/gift-card","https://justbrazilstore.gr","ACTIVE","NEEDS_REVIEW","justbrazilstore.gr","CLEAN","1","1"
"cmta1ikcp00d4q8iy7dd7cqou","cmta1ik7f00d3q8iyf7dt49s1","K Skin","Gift Card! - Κορεάτικα Καλλυντικά - K-Skin","https://k-skin.gr/gift-card/","https://k-skin.gr","ACTIVE","NEEDS_REVIEW","k-skin.gr","CLEAN","1","1"
"cmt8l5vu9000i5giya6fmymif","cmt8l5vnt000h5giybb6cc2ff","KIKO","KIKO Gift Card","https://www.kikocosmetics.com/it-it/p/gift-card-virtuale-21632/","https://www.kikocosmetics.com","ACTIVE","VERIFIED","kikocosmetics.com","OFFICIAL_URL_TOO_SPECIFIC","1","1"
"cmt8movjv00065ciysur9vq6l","cmt8movdd00055ciyebq5kzv5","KORRES","KORRES Gift Card","https://www.korres.com/products/korres-e-gift-card-26","https://www.korres.com","ACTIVE","VERIFIED","korres.com","OFFICIAL_URL_TOO_SPECIFIC","1","1"
"cmta1n88i00w2q8iyediptv4s","cmta1n82o00w1q8iyo9230d1u","Kaelego","Gift card-50","https://kaelego.gr/gift-card/","https://kaelego.gr","ACTIVE","NEEDS_REVIEW","kaelego.gr","CLEAN","1","1"
"cmtb7854p0069dkiyksq1j4oy","cmtb784zj0068dkiyyectmiv6","Kakiasoptics","Δωροκάρτα | Gift card","https://kakiasoptics.gr/products/gift-card/","https://kakiasoptics.gr","ACTIVE","VERIFIED","kakiasoptics.gr","CLEAN","1","1"
"cmta1gpbv006mq8iyibjbd4ff","cmta1gp5q006lq8iyjgxm2ocf","Kaktos","ΔΩΡΟΚΑΡΤΑ","https://www.kaktos.gr/product/dorokarta/","https://kaktos.gr","ACTIVE","NEEDS_REVIEW","kaktos.gr","CLEAN","1","1"
"cmta5npkk000t54iyjgkmw0i1","cmta5npg5000s54iyijx1drw9","Kalina Concept Store","Kalina Concept Store - GIFT CARD","https://kalinaconceptstore.gr/products/gift-card-kalina-concept-store?srsltid=AfmBOorgzWkZpfBaPYqqARKb9wop02LbcC_yk1o_0sVP6K0hJOkAJntx","https://kalinaconceptstore.gr","ACTIVE","VERIFIED","kalinaconceptstore.gr","CLEAN","1","1"
"cmta1ksaz00miq8iyz8knfxq5","cmta1ks4x00mhq8iydfmn5xou","Kalousos","Δωροκάρτα (Gift Card) 50","https://www.kalousos.gr/el/dorokarta-gift-card-50eur.html","https://kalousos.gr","ACTIVE","NEEDS_REVIEW","kalousos.gr","OFFICIAL_URL_TOO_SPECIFIC","1","1"
"cmta1gdq0005gq8iy5lwv997i","cmta1gdkt005fq8iygplls487","Kanellopoulos","E-Gift Card - ΚΑΝΕΛΛΟΠΟΥΛΟΣ DEPARTMENT STORES","https://kanellopoulos.gr/product/e-gift-card/","https://kanellopoulos.gr","ACTIVE","NEEDS_REVIEW","kanellopoulos.gr","CLEAN","1","1"
"cmta1lj9c00piq8iynmfth5h9","cmta1lj2s00phq8iymc9sy8cd","Kantarzoglou","€150.00 Gift Card","https://www.kantarzoglou.gr/el/my-gift-cards/","https://kantarzoglou.gr","ACTIVE","NEEDS_REVIEW","kantarzoglou.gr","CARD_TITLE_POLLUTED","1","1"
"cmta5npws000v54iyrybp6vpj","cmta5nps0000u54iywzcctom5","Kantzos","KANTZOS Travel Gift Voucher","https://kantzos.gr/travelgiftvoucher.aspx","https://kantzos.gr","ACTIVE","VERIFIED","kantzos.gr","CLEAN","1","1"
"cmta1ikvm00d6q8iykpntq1w0","cmta1ikm200d5q8iyjh78fd8i","Karam Crete","Δωροκάρτα ευεξίας και ομορφιάς","https://karam-crete.gr/gift-cards/","https://karam-crete.gr","ACTIVE","NEEDS_REVIEW","karam-crete.gr","CLEAN","1","1"
"cmtb6ut1z00283giy0v2x8vsg","cmtb6usvr00273giyadn7twqt","Karam Spa - Karam - Προϊόντα ευεξίας & ομορφιάς","Δωροκάρτα Karam Spa - Karam - Προϊόντα ευεξίας & ομορφιάς","https://karam.gr/product/dwrokarta-karam-spa/","https://karam.gr","ACTIVE","VERIFIED","karam.gr","CLEAN","1","1"
"cmta1n8vk00w4q8iyw60rzrqc","cmta1n8ol00w3q8iydnya6cpm","Kare24","gift card - Kare24.gr","https://kare24.gr/","https://kare24.gr","ACTIVE","VERIFIED","kare24.gr","CLEAN","1","1"
"cmta1gpu8006oq8iygdj4ivp4","cmta1gpoa006nq8iyndgs0ihk","Kasparianjewels","Δωροκάρτα των καταστημάτων μας σε ότι θέλετε!","https://www.kasparianjewels.gr/gift-card-0ven","https://kasparianjewels.gr","ACTIVE","NEEDS_REVIEW","kasparianjewels.gr","OFFICIAL_URL_TOO_SPECIFIC","1","1"
"cmta4ymsn001tsciyyvjfc8uf","cmta4ymm6001ssciye2mig0rl","Katsudo","Katsudo Gift Card","https://www.katsudo.gr/en/products/gift-voucher","https://katsudo.gr","ACTIVE","VERIFIED","katsudo.gr","CLEAN","1","1"
"cmta1ilzk00d8q8iy2h8zeglu","cmta1iltx00d7q8iyerhiz1p8","Kazi","Gift Card 80","https://kazi.gr/gift-card-519380-1.html","https://kazi.gr","ACTIVE","NEEDS_REVIEW","kazi.gr","OFFICIAL_URL_TOO_SPECIFIC","1","1"
"cmta1gqc2006qq8iyv2lcifad","cmta1gq5h006pq8iykjpkbth5","Keriland","Δωροκάρτα","https://www.keriland.gr/product-category/gift-card/","https://keriland.gr","ACTIVE","NEEDS_REVIEW","keriland.gr","CLEAN","1","1"
"cmta5nq9o000x54iy9c81r5vm","cmta5nq4f000w54iy2r9hlw14","Keybooks","Key Books Gift Card","https://keybooks.gr/product/key-books-gift-card/","https://keybooks.gr","ACTIVE","VERIFIED","keybooks.gr","CLEAN","1","1"
"cmta1fcvq0021q8iyp94dnc3i","cmta1fclq0020q8iyoxiqve8f","Kiddo World","Kiddo World Gift Card","https://kiddoworld.gr/","https://kiddoworld.gr","ACTIVE","VERIFIED","kiddoworld.gr","CLEAN","1","1"
"cmtb62lvm001194iyq5zn5axw","cmtb62lqs001094iy882h0srt","Kids Garden","Gift Card - Kids Garden","https://www.kidsgarden.gr/en/product/gift-card-en/?srsltid=AfmBOooSfynbL7v300RE025ECEyB-qTuEwnqETUiXC2RdMpEkcbTGQpl","https://kidsgarden.gr","ACTIVE","VERIFIED","kidsgarden.gr","CLEAN","1","1"
"cmta4yna7001vsciyjdd4avht","cmta4yn3z001usciyrd2sxl9u","Kidscom","Gift card - Kidscom.gr","https://www.kidscom.gr/gift-card-1","https://kidscom.gr","ACTIVE","VERIFIED","kidscom.gr","OFFICIAL_URL_TOO_SPECIFIC","1","1"
"cmta1imep00daq8iyzwrzkmgp","cmta1im9000d9q8iy1y89wy7k","Kidsfashion","Δωροκάρτα - Η παιδική μόδα είναι εδώ","https://kidsfashion.gr/paidika-rouxa/giftcard/","https://kidsfashion.gr","ACTIVE","NEEDS_REVIEW","kidsfashion.gr","CLEAN","1","1"
"cmta4ynq0001xsciy5l1rugwg","cmta4ynjv001wsciy2ytkjc61","Kidsloveplanet","Gift Card - Kids Love Planet","https://www.kidsloveplanet.gr/product-category/mwb_wgm_giftcard/?srsltid=AfmBOoos7jMAgsPvs9l4tW5mTBHTQK06PqlvfI8DC5U3xzGNJuJ96DwZ","https://kidsloveplanet.gr","ACTIVE","VERIFIED","kidsloveplanet.gr","CLEAN","1","1"
"cmta1garh0052q8iytx24khbj","cmta1gal70051q8iym1bvqj47","Kikocosmetics","ΔΩΡΟΚΑΡΤΑ KIKO","https://www.kikocosmetics.gr/dorokarta-kiko","https://kikocosmetics.gr","ACTIVE","NEEDS_REVIEW","kikocosmetics.gr","CLEAN","1","1"
"cmta1ims300dcq8iy209yelks","cmta1imn100dbq8iyn4nhj89a","Kikoo","Δωροεπιταγή Kikoo 50€","https://kikoo.gr/","https://kikoo.gr","ACTIVE","VERIFIED","kikoo.gr","CARD_TITLE_POLLUTED","1","1"
"cmta4yo8c001zsciybdwdoiop","cmta4yo13001ysciymb6f9yqy","Kitabu","Kitabu Gift Card","https://www.kitabu.gr/products/kitabu-gift-card?srsltid=AfmBOorrz3N7CcJMMxR9xh9oZzOspDdv5jCksRqAJgiWY45LSV2rtysv","https://kitabu.gr","ACTIVE","VERIFIED","kitabu.gr","CLEAN","1","1"
"cmtb6utt5002c3giyo3joolsl","cmtb6utnu002b3giyor4hxvtf","Kivotos Oniron","Δωροκάρτα - Kivotos Oniron | ideas for kids","https://www.kivotosoniron.gr/product/%CE%B4%CF%89%CF%81%CE%BF%CE%BA%CE%AC%CF%81%CF%84%CE%B1/","https://kivotosoniron.gr","ACTIVE","VERIFIED","kivotosoniron.gr","CLEAN","1","1"
"cmta1n9ed00w6q8iyqd615q39","cmta1n98100w5q8iy0xhceqej","Klotsotiras","Gift cards - Πετσέτες, Σεντόνια, Πάπλωμα, Κουβέρτες, ...","https://klotsotiras.gr/gift-cards/","https://klotsotiras.gr","ACTIVE","NEEDS_REVIEW","klotsotiras.gr","CLEAN","1","1"
"cmtb7r3ne000bu8iyhr8e822r","cmta1in0q00ddq8iy9ou6k8vv","Kois Optics","KOIS Optics Gift Card","https://www.kois-optics.gr/el/products/giftcard","https://kois-optics.gr","ARCHIVED","REJECTED","kois-optics.gr","POSSIBLE_DUPLICATE_PROGRAM","2","2"
"cmta1in6000deq8iyzrf26jcw","cmta1in0q00ddq8iy9ou6k8vv","Kois Optics","Kois Optics Gift Card","https://www.kois-optics.gr/el/products/giftcard","https://kois-optics.gr","ACTIVE","NEEDS_REVIEW","kois-optics.gr","POSSIBLE_DUPLICATE_PROGRAM","2","2"
"cmta4yop20021sciygr9rpkdk","cmta4yoic0020sciydktjw4ee","Kolbo","KOLBO Gift Card","https://kolbo.gr/en/products/kolbo-gift-card?srsltid=AfmBOorljYiSDILmbTbv5IYqJVTJ3BIQWqJMmP5o2yfij2eBr_vRbwZL","https://kolbo.gr","ACTIVE","VERIFIED","kolbo.gr","CLEAN","1","1"
"cmtb785hb006bdkiyfv69uwot","cmtb785d0006adkiy9cuj1fo5","Konstantinidis Dental","Konstantinidis Dental Gift Card","https://www.konstantinidisdental.gr/gift-card/","https://konstantinidisdental.gr","ACTIVE","VERIFIED","konstantinidisdental.gr","CLEAN","1","1"
"cmta4yp610023sciy7a769qlz","cmta4yozb0022sciyzns4tscx","Koroneos","Gift Cards - Koroneos - BREE","https://koroneos.gr/product/gift-cards/","https://koroneos.gr","ACTIVE","VERIFIED","koroneos.gr","CLEAN","1","1"
"cmta1gqtw006sq8iypocjrxc8","cmta1gqn9006rq8iyvkljeqr1","Kosmima24","ΔΩΡΟΚΑΡΤΑ","https://www.kosmima24.gr/dorokarta_i_41.html","https://kosmima24.gr","ACTIVE","NEEDS_REVIEW","kosmima24.gr","CLEAN","1","1"
"cmtb77xdt0057dkiytvuvecym","cmtb77x9d0056dkiyajiro2jy","Kosmimamakarezos","Αγοράστε μία Δωροεπιταγή","https://www.kosmimamakarezos.gr/account/voucher","https://kosmimamakarezos.gr","ACTIVE","VERIFIED","kosmimamakarezos.gr","CLEAN","1","1"
"cmtb785to006cdkiy9ubl9s4x","cmta1g5ei004sq8iyj1nwtg24","Kotsovolos","Kotsovolos Gift Card","https://www.kotsovolos.gr/pages/e-giftcard","https://www.kotsovolos.gr","ACTIVE","VERIFIED","kotsovolos.gr","POSSIBLE_DUPLICATE_PROGRAM","2","2"
"cmta1g5lj004tq8iy2gi1o7hn","cmta1g5ei004sq8iyj1nwtg24","Kotsovolos","Kotsovolos Δωροκάρτα – Gift Card!","https://kotsovolos-b2b.giftcards-store.com/el","https://www.kotsovolos.gr","ARCHIVED","REJECTED","kotsovolos.gr","POSSIBLE_DUPLICATE_PROGRAM","2","2"
"cmta1ksuz00mkq8iy7xwl3c3s","cmta1ksot00mjq8iyvv8zc7up","Koukidabookstore","Δωροκάρτα / Gift Card ΚΟΥΚΙΔΑ","https://koukidabookstore.gr/product/dorokarta-gift-card-koykida/","https://koukidabookstore.gr","ACTIVE","NEEDS_REVIEW","koukidabookstore.gr","CLEAN","1","1"
"cmtb6e0nb0003i4iyoxrlm6gj","cmtb6e0iy0002i4iyulmbamhy","Koumoulia","Koumoulia Gift Card","https://www.koumoulia.gr/en/","https://koumoulia.gr","ACTIVE","VERIFIED","koumoulia.gr","CLEAN","1","1"
"cmta4ypmb0025sciygzh9a89h","cmta4ypfz0024sciyjcie77zg","Kounelis","e-GIFT CARD","https://kounelis.com.gr/gift-card?srsltid=AfmBOopGy1Q0alXGRKRaPZ7Zw67Cu0xX91DBXnXsxrlHO5Inz0OYZUu1","https://kounelis.com.gr","ACTIVE","VERIFIED","kounelis.com.gr","CLEAN","1","1"
"cmta1flev002rq8iyn4j6f4f1","cmta1fl7h002qq8iyqkgcjboc","Kounio","Δωροκάρτα - Gift Card - 25","https://www.kounio.gr/","https://kounio.gr","ACTIVE","VERIFIED","kounio.gr","CLEAN","1","1"
"cmtb6uu6y002e3giy7odfkv74","cmtb6uu1q002d3giyiqvglssh","Kouskoufashionproject","Δωροκάρτα","https://kouskoufashionproject.gr/en/collections/%CE%B4%CF%89%CF%81%CE%BF%CE%BA%CE%AC%CF%81%CF%84%CE%B1","https://kouskoufashionproject.gr","ACTIVE","VERIFIED","kouskoufashionproject.gr","CLEAN","1","1"
"cmta4yq2s0027sciyax7l2fff","cmta4ypwj0026sciy4fi1sgoa","Kovemykonos","Gift Cards | Kove Mykonos Luxury Boutique Hotel","https://www.kovemykonos.gr/gift-cards/","https://kovemykonos.gr","ACTIVE","VERIFIED","kovemykonos.gr","CLEAN","1","1"
"cmta1n9za00w8q8iy7ywbxcsm","cmta1n9sv00w7q8iypja3wgnv","Krikisbeauty","Gift Card 20€ | https://krikisbeauty.gr/","https://krikisbeauty.gr/shop/gift-card-100e/","https://krikisbeauty.gr","ACTIVE","NEEDS_REVIEW","krikisbeauty.gr","CARD_TITLE_POLLUTED|OFFICIAL_URL_TOO_SPECIFIC","1","1"
"cmt79ifs3000u84iyqg85vql2","cmt79ifor000t84iywm22uls1","Kulina","Kulina Gift Card","https://kulina.gr/gift-vouchers","https://kulina.gr","ACTIVE","VERIFIED","kulina.gr","CLEAN","1","1"
"cmta4yqjm0029sciywfsyzwns","cmta4yqce0028sciyc74lfd4c","Kurlandspa","Gift Card ""Momentous"" Personal Choice Kurland Spa","https://www.kurlandspa.gr/en/spa/gift-cards/momentous/","https://kurlandspa.gr","ACTIVE","VERIFIED","kurlandspa.gr","CLEAN","1","1"
"cmtb78efu007idkiysrm7kvql","cmtb78ea6007hdkiyxf19o1su","Kymasurf","Kymasurf Gift Card","https://kymasurf.gr/product-category/gift-card/","https://kymasurf.gr","ACTIVE","VERIFIED","kymasurf.gr","CLEAN","1","1"
"cmtb77b2g001zdkiygg6f6j59","cmtb77axg001ydkiyrprc62wi","LA Travel","LA Travel Gift Card","https://www.latravel.gr/gift-voucher/","https://latravel.gr","ACTIVE","VERIFIED","latravel.gr","CLEAN","1","1"
"cmtb7r1ep0001u8iyqwzxbtq4","cmtb7r18u0000u8iyfdfhu3mf","LEGO Store Greece","LEGO Store Greece Gift Card","https://www.lego.storegreece.gr/upiresies/gift-cards/","https://lego.storegreece.gr","ACTIVE","NEEDS_REVIEW","lego.storegreece.gr","CLEAN","1","1"
"cmta1fsds003hq8iywvbrxbq7","cmta1fs7o003gq8iylqjn4ind","LIAKOPOULOS Brands Store","GIFTCARD 100 (Δωροκάρτα)","https://www.liakopoulos-store.gr/","https://liakopoulos-store.gr","ACTIVE","NEEDS_REVIEW","liakopoulos-store.gr","CLEAN","1","1"
"cmtb6uwdr002q3giyxpcgb4go","cmtb6uw8m002p3giys5rg198s","LUMINA - Κέντρο Αισθητικής - Ηράκλειο","Δωροκάρτα - LUMINA - Κέντρο Αισθητικής - Ηράκλειο","https://lumina.gr/product/dorokarta/","https://lumina.gr","ACTIVE","VERIFIED","lumina.gr","CLEAN","1","1"
"cmtb7r40m000du8iyupsublbp","cmtb7r3vw000cu8iymcg5xfjl","LVK Premium Fitness","LVK Premium Fitness Gift Card","https://lvk.ufr.gr/","https://lvk.ufr.gr","ACTIVE","VERIFIED","lvk.ufr.gr","CLEAN","1","1"
"cmta1ktba00mmq8iyisltveg8","cmta1kt4w00mlq8iy3tq5c7f9","Laaloo","GIFT CARD - Παιδικά ρούχα για αγόρια & κορίτσια","https://laaloo.gr/product/gift-card/","https://laaloo.gr","ACTIVE","NEEDS_REVIEW","laaloo.gr","CLEAN","1","1"
"cmta1lvrh00quq8iyaebm9qht","cmta1lvlc00qtq8iy7oxh3lbo","Ladolea","Ladolea Gift Card","https://ladolea.gr/store/gift-card/gift-card/","https://ladolea.gr","ACTIVE","NEEDS_REVIEW","ladolea.gr","CLEAN","1","1"
"cmta1najv00waq8iye2j13aza","cmta1nacs00w9q8iybfp66av1","Lalita","Christmas Gift Card - Lalita","https://lalita.gr/","https://lalita.gr","ACTIVE","VERIFIED","lalita.gr","CLEAN","1","1"
"cmta1grv5006uq8iye4j038gk","cmta1grl4006tq8iy8pmzmbvn","Laloo","Laloo Gift Card 30€","https://laloo.gr/el/250-gift-cards","https://laloo.gr","ACTIVE","NEEDS_REVIEW","laloo.gr","CARD_TITLE_POLLUTED|OFFICIAL_URL_TOO_SPECIFIC","1","1"
"cmta1inkb00dgq8iyu0pfa6d9","cmta1ineu00dfq8iyw5mpx7lq","Lamillou","Gift Card 100€ | La Millou","https://lamillou.gr/%CF%80%CF%81%CE%BF%CF%8A%CF%8C%CE%BD/gift-card-100e/","https://lamillou.gr","ACTIVE","NEEDS_REVIEW","lamillou.gr","CARD_TITLE_POLLUTED|OFFICIAL_URL_TOO_SPECIFIC","1","1"
"cmta4yr0v002bsciy3uqdyifr","cmta4yqui002asciybmogsikp","Lanuit","Gift Cards - La Nuit","https://lanuit.gr/product-category/gift-cards/","https://lanuit.gr","ACTIVE","VERIFIED","lanuit.gr","CLEAN","1","1"
"cmt8l5ww0000n5giyozuj9ee2","cmt8l5wpa000m5giyp8dgrnvd","Lapin House","Lapin House Gift Card","https://www.lapinkids.com/el/e-gift-card.html","https://www.lapinkids.com","ACTIVE","VERIFIED","lapinkids.com","CLEAN","1","1"
"cmta1ldih00owq8iybi4h3dxo","cmta1ldb100ovq8iysbonr92k","Laura Ashley","Gift Card Laura Ashley","https://www.lauraashleyshop.gr/products/gift-card-laura-ashley","https://lauraashleyshop.gr","ARCHIVED","REJECTED","lauraashleyshop.gr","POSSIBLE_DUPLICATE_PROGRAM","2","2"
"cmta421t70002t8iywrh9oyoy","cmta1ldb100ovq8iysbonr92k","Laura Ashley","Laura Ashley Gift Card","https://www.lauraashleyshop.gr/products/gift-card-laura-ashley","https://lauraashleyshop.gr","ACTIVE","VERIFIED","lauraashleyshop.gr","POSSIBLE_DUPLICATE_PROGRAM","2","2"
"cmta1io2500diq8iy8vttbh95","cmta1inss00dhq8iyw9qwdt58","Lav Perfumes","Lav Perfumes Gift Card","https://www.lav-perfumes.gr/gift-card/","https://lav-perfumes.gr","ACTIVE","NEEDS_REVIEW","lav-perfumes.gr","CLEAN","1","1"
"cmtb6uux3002i3giypec585z9","cmtb6uusr002h3giyhmaoqygo","Lavalmore","Δωροκάρτα","https://lavalmore.gr/categories/%CE%B4%CF%89%CF%81%CE%BF%CE%BA%CE%AC%CF%81%CF%84%CE%B1/","https://lavalmore.gr","ACTIVE","VERIFIED","lavalmore.gr","CLEAN","1","1"
"cmtb6uvau002k3giy11mv75rc","cmtb6uv5z002j3giyrs2r2dys","Laviejewelry","Δωροκάρτα","https://www.laviejewelry.gr/el/collections/gift-cart","https://laviejewelry.gr","ACTIVE","VERIFIED","laviejewelry.gr","CLEAN","1","1"
"cmta5nr07001154iydfgb6an6","cmta5nqv3001054iy0ijpm7zg","Lazoptics","Uncategorized Δωροκάρτα | Οπτικά Laz Optics Πειραιάς","https://lazoptics.gr/gift-card/","https://lazoptics.gr","ACTIVE","VERIFIED","lazoptics.gr","CLEAN","1","1"
"cmta4yrha002dsciywsr7shx4","cmta4yrb8002csciyx2ses6du","Leatherstudio","Gift Card 25,00 - Leather Studio","https://www.leatherstudio.gr/el/products/copy-of-gift-card?srsltid=AfmBOoqpDrXIE_fA_yZRQ9z47-bZ1Ul0ITgf_sEZLCsb4M3B6YO5K3Xg","https://leatherstudio.gr","ACTIVE","VERIFIED","leatherstudio.gr","CLEAN","1","1"
"cmta1ioio00dkq8iyn3i3z7k3","cmta1ioc400djq8iyrvz4q898","Led7","E-Gift Card","https://led7.gr/gift-cards/","https://led7.gr","ACTIVE","NEEDS_REVIEW","led7.gr","CLEAN","1","1"
"cmta1iox700dmq8iy4pm38inf","cmta1iorq00dlq8iy37pygft9","Legacyapparel","Δωροκάρτα Legacy Apparel","https://www.legacyapparel.gr/products/gift-card-legacy","https://legacyapparel.gr","ACTIVE","NEEDS_REVIEW","legacyapparel.gr","CLEAN","1","1"
"cmta1ipca00doq8iy3wz1r8i6","cmta1ip6g00dnq8iyjbt7h7l0","Lemassage","Δωροκάρτες - Le Μassage - Le Massage","https://lemassage.gr/en/product/massage-gift-card/","https://lemassage.gr","ACTIVE","NEEDS_REVIEW","lemassage.gr","CLEAN","1","1"
"cmtb6uvon002m3giyk0eazqf5","cmtb6uvje002l3giyocz5baab","LemonTreeKids - Χάρισε Αγάπη!","Δωροκάρτα LemonTreeKids - Χάρισε Αγάπη!","https://lemontreekids.gr/dorokarta/","https://lemontreekids.gr","ACTIVE","VERIFIED","lemontreekids.gr","CLEAN","1","1"
"cmt79igbu001084iy7fkqj7p6","cmt79ig8y000z84iye5bnelem","Lentiamo","Lentiamo Gift Card","https://lentiamo.gr/doroepitage.html","https://lentiamo.gr","ACTIVE","VERIFIED","lentiamo.gr","CLEAN","1","1"
"cmta1lw8400qwq8iy4s1rns6f","cmta1lw1x00qvq8iywodveun9","Lentijewelry","Gift Card - JEWELRY","https://lentijewelry.gr/product/gift-card/","https://lentijewelry.gr","ACTIVE","NEEDS_REVIEW","lentijewelry.gr","CLEAN","1","1"
"cmtb62m9i001394iyhpjrq5xk","cmtb62m4n001294iygolu5aid","Leparfum","Leparfum Gift Card","https://leparfum.com.gr/en/module/afgiftvoucher/default","https://leparfum.com.gr","ACTIVE","VERIFIED","leparfum.com.gr","CLEAN","1","1"
"cmta1ipsc00dqq8iyvmd0xco3","cmta1ipm700dpq8iya27suf5z","Liberal","Δωροκάρτα ΙΚΕΑ: Tο ιδανικό δώρο για κάθε περίσταση, ...","https://liberal.gr/","https://liberal.gr","ARCHIVED","REJECTED","liberal.gr","CLEAN","1","1"
"cmta1ev910005q8iyv5m8ybru","cmta1ev3i0004q8iy1n4b8yf3","Lidl Greece","Δωροκάρτα Lidl","https://www.lidl-hellas.gr/c/dwrokarta-lidl/s10019973","https://lidl-hellas.gr","ACTIVE","NEEDS_REVIEW","lidl-hellas.gr","CLEAN","1","1"
"cmta1ma4m00seq8iy71vkx6rw","cmta1m9x600sdq8iy493ubroz","Lidon","Lidon Gift Card","https://lidon.gr/product/gift-card/","https://lidon.gr","ACTIVE","NEEDS_REVIEW","lidon.gr","CLEAN","1","1"
"cmta1iq6a00dsq8iywi2dgg09","cmta1iq0x00drq8iyuw328r82","Lilidrogerie","Lilidrogerie Gift Card","https://lilidrogerie.gr/gift-card","https://lilidrogerie.gr","ACTIVE","NEEDS_REVIEW","lilidrogerie.gr","CLEAN","1","1"
"cmtb6uw0e002o3giyafr6pxqp","cmtb6uvw3002n3giyqr9kvyec","Linson Moto","Linson Moto Gift Card","https://linsonmoto.gr/dwrokarta-200","https://linsonmoto.gr","ACTIVE","VERIFIED","linsonmoto.gr","OFFICIAL_URL_TOO_SPECIFIC","1","1"
"cmta1maoe00sgq8iykpfadorv","cmta1mahb00sfq8iy9eyvpktm","Littlesubmarine","Littlesubmarine Gift Card","https://www.littlesubmarine.gr/gift-card-baby-swimming/","https://littlesubmarine.gr","ACTIVE","NEEDS_REVIEW","littlesubmarine.gr","CLEAN","1","1"
"cmta5nrd7001354iyo6sumjdq","cmta5nr81001254iy1l0ypsfm","Londonboutique","London Boutique Gift card - London Βoutique","https://www.londonboutique.gr/product/london-boutique-gift-card-6/?srsltid=AfmBOoplBkxynnLo-jtk_SI0AXzE9nfxHEuDaAnHJoAWkxxbbtBm45L9","https://londonboutique.gr","ACTIVE","VERIFIED","londonboutique.gr","OFFICIAL_URL_TOO_SPECIFIC","1","1"
"cmtb78cvq007adkiylvhj4shj","cmtb78cqm0079dkiyfu94f14d","Lonis Tattoo Studio","Lonis Tattoo Studio Gift Card","https://www.tattooathens.gr/blog/news/53-lts-gift-card","https://tattooathens.gr","ACTIVE","VERIFIED","tattooathens.gr","OFFICIAL_URL_TOO_SPECIFIC","1","1"
"cmta1nb0500wcq8iy3kgzjhmi","cmta1natm00wbq8iy80s82kmo","Lonsdale","e-GIFTCARD","https://www.lonsdale.gr/e-giftcard","https://lonsdale.gr","ACTIVE","NEEDS_REVIEW","lonsdale.gr","CLEAN","1","1"
"cmtb77bgd0021dkiyy3u2x8qn","cmtb77bbd0020dkiyyi6uurk8","Lookshop","Lookshop Gift Card","https://lookshop.gr/giftcard2.html","https://lookshop.gr","ACTIVE","VERIFIED","lookshop.gr","OFFICIAL_URL_TOO_SPECIFIC","1","1"
"cmtb786je006gdkiyxqepltuw","cmtb786e3006fdkiy6hw4fu1j","Loriot","Αγοράστε μία Δωροεπιταγή","https://www.loriot.gr/dorokarta","https://loriot.gr","ACTIVE","VERIFIED","loriot.gr","CLEAN","1","1"
"cmtb62mmg001594iyc4wmnrb6","cmtb62mh5001494iy7orcdxt0","Lousma","Lousma Gift Card","https://lousma.gr/el/gift-card/","https://lousma.gr","ACTIVE","VERIFIED","lousma.gr","CLEAN","1","1"
"cmta5nrpi001554iy38lsipa9","cmta5nrkx001454iy2e3ktvtk","Love It","Love.it Gift Card Digital","https://www.love-it.gr/en/design-product/prid/8281/r/love-it-gift-card-digital?srsltid=AfmBOor7AsdQ_AFodYvX0jyxZK00l9QvefpYawTKuMYoplbS1_PTWrn1","https://love-it.gr","ACTIVE","VERIFIED","love-it.gr","OFFICIAL_URL_TOO_SPECIFIC","1","1"
"cmta1lwrt00qyq8iy0horqkam","cmta1lwkp00qxq8iy6ru4k5k3","Lovefashionpoint","Lovefashionpoint Gift Card","https://lovefashionpoint.gr/","https://lovefashionpoint.gr","ACTIVE","NEEDS_REVIEW","lovefashionpoint.gr","CLEAN","1","1"
"cmta4ysff002hsciy2iv2ntfk","cmta4ys8n002gsciyy5fep0lh","Lovelykids","Gift Cards - Lovelykids.gr","https://www.lovelykids.gr/index.php?route=kbgiftcard/kbgiftcard","https://lovelykids.gr","ACTIVE","VERIFIED","lovelykids.gr","CLEAN","1","1"
"cmta1ln7x00pyq8iyxk9nswcq","cmta1ln0z00pxq8iyjhjzyywx","Lu Eur","Gift Card - Lueur Skincare & More ...","https://www.lu-eur.gr/prod/gift-card/","https://lu-eur.gr","ACTIVE","NEEDS_REVIEW","lu-eur.gr","CLEAN","1","1"
"cmta1nbgt00weq8iyvk7kt9b7","cmta1nba500wdq8iyj8n4yj7q","Lucejewelry","Gift Card | Luce Jewelry","https://www.lucejewelry.gr/gift-card","https://lucejewelry.gr","ACTIVE","NEEDS_REVIEW","lucejewelry.gr","CLEAN","1","1"
"cmtb787e8006kdkiy96ibaqvy","cmtb7878x006jdkiypd4q76wf","Lucky Boutique","Lucky Boutique Gift Card","https://luckyboutique.gr/custom-giftcard.html","https://luckyboutique.gr","ACTIVE","VERIFIED","luckyboutique.gr","CLEAN","1","1"
"cmta1ktry00moq8iyk8cnm3ts","cmta1ktlv00mnq8iym8klu36r","Luckytravel","Gift card €100 – €200 - Lucky Travel |","https://www.luckytravel.gr/product/giftcard/","https://luckytravel.gr","ACTIVE","NEEDS_REVIEW","luckytravel.gr","CARD_TITLE_POLLUTED","1","1"
"cmta1iqkv00duq8iypnyr33u4","cmta1iqf100dtq8iyrfwkidvs","Luigi","ποσο δωροκαρτας","https://www.luigi.com.gr/giftcard/giftcard/","https://luigi.com.gr","ACTIVE","NEEDS_REVIEW","luigi.com.gr","CLEAN","1","1"
"cmta4yswj002jsciyi6a7q4zk","cmta4ysow002isciyqqph3225","Lumiere","LUMIERE Gift Card","https://lumiere.com.gr/products/lumiere-gift-card?srsltid=AfmBOop8LODlfos-jdJdtkpieXgQeirm6v4B52leHsJfIVrfjcXwkHlP","https://lumiere.com.gr","ACTIVE","VERIFIED","lumiere.com.gr","CLEAN","1","1"
"cmta1lx8s00r0q8iyrsxe2o7c","cmta1lx1n00qzq8iyn1ngi4z8","Lurehouse","GIFT CARD - ΠΡΟΪΟΝΤΑ","https://www.lurehouse.gr/el/gift-cards/","https://lurehouse.gr","ACTIVE","NEEDS_REVIEW","lurehouse.gr","CLEAN","1","1"
"cmta1kuab00mqq8iyw8fqsoh4","cmta1ku2j00mpq8iynyyfszz0","Luvnroll","Gift Voucher","https://luvnroll.com/","https://luvnroll.com","ACTIVE","VERIFIED","luvnroll.com","CLEAN","1","1"
"cmta1k9e100kcq8iy7vft0lkd","cmta1k97b00kbq8iyhvxhjjn4","Luxurylivingspa","Luxurylivingspa Gift Card","https://luxurylivingspa.gr/gift-card/","https://luxurylivingspa.gr","ACTIVE","NEEDS_REVIEW","luxurylivingspa.gr","CLEAN","1","1"
"cmta1nbzh00wgq8iy7eoe6g44","cmta1nbsx00wfq8iyt9ivk3w3","Luxurymassage","Gift Card - Luxury Massage Athens","https://luxurymassage.gr/product/gift-card/","https://luxurymassage.gr","ACTIVE","NEEDS_REVIEW","luxurymassage.gr","CLEAN","1","1"
"cmta1lxpi00r2q8iyqd7ypb00","cmta1lxjy00r1q8iykm9y0ik4","Luxusbags","e-Gift card Luxus Bags","https://luxusbags.gr/shop/giftcard/gift-card/","https://luxusbags.gr","ACTIVE","NEEDS_REVIEW","luxusbags.gr","CLEAN","1","1"
"cmtb7r4ej000fu8iy8bqfjf4m","cmtb7r49p000eu8iycsuq1r0y","MAC Cosmetics Greece","MAC Cosmetics Greece Gift Card","https://www.maccosmetics.gr/","https://maccosmetics.gr","ACTIVE","VERIFIED","maccosmetics.gr","CLEAN","1","1"
"cmtb7i3tj001804iyl1xal4vq","cmtb7i3od001704iyv17vpx8j","MATI Santorini","Gift Cards - MATI Santorini","https://matiartgallery.com/gift-card/","https://matiartgallery.com","ACTIVE","VERIFIED","matiartgallery.com","CLEAN","1","1"
"cmtb6uwqn002s3giyvacsoqo4","cmtb6uwls002r3giyio8hx1ft","MELODY-SPA","GIFT VOUCHER - MELODY-SPA","https://melody-spa.gr/voucher/","https://melody-spa.gr","ACTIVE","VERIFIED","melody-spa.gr","CLEAN","1","1"
"cmta5ns2z001754iyqm8xijsp","cmta5nrxg001654iyoybl2dln","Madeofglass","Made of Glass Gift Card","https://madeofglass.gr/products/made-of-glass-gift-card-1?srsltid=AfmBOormg545Om3unDfjD1P0AqYJqz0E0cSFjiiCbFOGTbyuIkaYdZ4y","https://madeofglass.gr","ACTIVE","VERIFIED","madeofglass.gr","OFFICIAL_URL_TOO_SPECIFIC","1","1"
"cmta1iqyr00dwq8iy88gt5o2l","cmta1iqt900dvq8iyj67rl5o9","Magnoliabeauty","Magnoliabeauty Gift Card","https://magnoliabeauty.gr/index.php/gifts/gift-cards","https://magnoliabeauty.gr","ACTIVE","NEEDS_REVIEW","magnoliabeauty.gr","CLEAN","1","1"
"cmta1ircx00dyq8iygrrclm5b","cmta1ir7c00dxq8iyxs2apzyw","Maiarea","GIFT CARD-ΔΩΡΟΕΠΙΤΑΓΗ","https://maiarea.gr/product-category/giftcard/","https://maiarea.gr","ACTIVE","NEEDS_REVIEW","maiarea.gr","CLEAN","1","1"
"cmta1ncfn00wiq8iy4rpmw0r2","cmta1nc9g00whq8iya07rnw9x","Maisonnette","Maisonnette Gift Card","https://maisonnette.gr/shop/diakosmisi/gift-card/","https://maisonnette.gr","ACTIVE","NEEDS_REVIEW","maisonnette.gr","CLEAN","1","1"
"cmtb78fy5007qdkiyxevs1v0x","cmtb78ft1007pdkiylxlrso3f","Make a gift","Make a gift","https://www.simclub.gr/en/gift-vouchers/","https://simclub.gr","ACTIVE","VERIFIED","simclub.gr","CLEAN","1","1"
"cmta1irrs00e0q8iyv36ci5uc","cmta1irlx00dzq8iyibvdxody","Makenzy","GIFT CARD - Γυναικεία Ρούχα Θεσσαλονίκη","https://makenzy.gr/gift-cards/","https://makenzy.gr","ACTIVE","NEEDS_REVIEW","makenzy.gr","CLEAN","1","1"
"cmta1mb9j00siq8iygf2xex9r","cmta1mb2f00shq8iyruklpxok","Mamagalia","Mamagalia Gift Card","https://mamagalia.gr/products/gift-card","https://mamagalia.gr","ACTIVE","NEEDS_REVIEW","mamagalia.gr","CLEAN","1","1"
"cmta1g0nr004bq8iy397auvs3","cmta1fzxf004aq8iyfun99cy2","Mandellos Sports","Mandellos Sports δωροκάρτα","https://www.mandellossports.gr/giftcard","https://mandellossports.gr","ACTIVE","VERIFIED","mandellossports.gr","CLEAN","1","1"
"cmta1is6p00e2q8iydhxb4sry","cmta1is0q00e1q8iyq80c6tz9","Mango","Δωροκάρτα","https://mango.com/","https://mango.com","ACTIVE","VERIFIED","mango.com","CLEAN","1","1"
"cmta1gsbd006wq8iy8x59y1jr","cmta1gs4h006vq8iydzfivov7","Maniashome","ΔΩΡΟΕΠΙΤΑΓΗ €20","https://maniashome.gr/proion/doroepitagi-e10/","https://maniashome.gr","ACTIVE","NEEDS_REVIEW","maniashome.gr","CARD_TITLE_POLLUTED","1","1"
"cmtb77bua0023dkiy8p69dxkl","cmtb77bot0022dkiyc1z2at3w","Manicurious","Manicurious Gift Card","https://www.manicurious.gr/gift-card","https://manicurious.gr","ACTIVE","VERIFIED","manicurious.gr","CLEAN","1","1"
"cmta1k0o700jcq8iyl30grhl5","cmta1k0hw00jbq8iy1thovlmy","Mantastravel","Δωροκάρτα - Ταξιδιωτικό Γραφείο Mantas Travel Κόρινθος","https://mantastravel.gr/product/giftcard/","https://mantastravel.gr","ACTIVE","NEEDS_REVIEW","mantastravel.gr","CLEAN","1","1"
"cmta1f52d0015q8iyugckloir","cmta1f4vo0014q8iynmm618rd","Mar & Mar","Mar & Mar Gift Card","https://www.marandmar.gr/","https://marandmar.gr","ACTIVE","VERIFIED","marandmar.gr","CLEAN","1","1"
"cmta1iskl00e4q8iy4blzttgs","cmta1isf400e3q8iyxulrv2jo","Maralcrafts","Gift Card 50 Euro - Maral Crafts","https://maralcrafts.gr/product-category/gift-cards/","https://maralcrafts.gr","ACTIVE","NEEDS_REVIEW","maralcrafts.gr","CARD_TITLE_POLLUTED","1","1"
"cmta1gsuy006yq8iydlau7di6","cmta1gsoo006xq8iylrtu8eo9","Marandmarjewelry","Δωροκάρτα Mar and Mar","https://marandmarjewelry.gr/","https://marandmarjewelry.gr","ACTIVE","VERIFIED","marandmarjewelry.gr","CLEAN","1","1"
"cmta1gtah0070q8iyt4xx9ou3","cmta1gt4j006zq8iyoei66p5q","Marilynboutique","Δωροκάρτα","https://www.marilynboutique.gr/giftCard/","https://marilynboutique.gr","ACTIVE","NEEDS_REVIEW","marilynboutique.gr","CLEAN","1","1"
"cmta1ncwh00wkq8iybxcjcbsp","cmta1ncpn00wjq8iycnzwalcq","Marinetours","Marine Tours gift voucher scheme","https://marinetours.gr/gift-voucher-en/","https://marinetours.gr","ACTIVE","NEEDS_REVIEW","marinetours.gr","CLEAN","1","1"
"cmta1ndg700wmq8iy0aym5v5k","cmta1nd8500wlq8iyt3qqsq3s","Marinospor","Gift Card - Gift Card 100€ - Marinospor","https://marinospor.gr/","https://marinospor.gr","ACTIVE","VERIFIED","marinospor.gr","CARD_TITLE_POLLUTED","1","1"
"cmta1iszf00e6q8iyhvyjlqm9","cmta1ists00e5q8iybr7fmy1d","Marketfix","Gift Card Niyamas - Ηλεκτρονική Δωροκάρτα 20€","https://marketfix.gr/","https://marketfix.gr","ACTIVE","VERIFIED","marketfix.gr","CARD_TITLE_POLLUTED","1","1"
"cmta1kur700msq8iyxbq77w5d","cmta1kukj00mrq8iywb70hzkf","Marose","Gift Card - MAROSE – Κέντρο Αισθητικής Θέρμη","https://marose.gr/gift-card/","https://marose.gr","ACTIVE","NEEDS_REVIEW","marose.gr","CLEAN","1","1"
"cmta422w10008t8iy0kfr63lo","cmta422r00007t8iylbv8h6ft","Martin Tailored","Αγοράστε μια Δωροκάρτα - Martin & Co - Ανδρική Ένδυση","https://martin-tailored.gr/agoraste-mia-dwrokarta/","https://martin-tailored.gr","ACTIVE","NEEDS_REVIEW","martin-tailored.gr","CLEAN","1","1"
"cmta1ne2h00woq8iy5xfnagka","cmta1ndv800wnq8iy7gxgk4rq","Masazaki","Δωροκάρτα Μασάζ: Το καλύτερο εορταστικό δώρο στους ...","https://masazaki.gr/gift-cards/","https://masazaki.gr","ACTIVE","NEEDS_REVIEW","masazaki.gr","CLEAN","1","1"
"cmtb7i3f1001604iyarnf8jny","cmtb7i3a3001504iyg9dda4td","Massage Gift Cards Kefalonia","Massage Gift Cards Kefalonia","https://massage4kefalonia.com/gift-cards","https://massage4kefalonia.com","ACTIVE","VERIFIED","massage4kefalonia.com","CLEAN","1","1"
"cmtb77e4k002fdkiygyq7c6md","cmtb77dz2002edkiyhwhmrr7j","Massage Gift Vouchers in Chania","Massage Gift Vouchers in Chania | The Perfect Wellness Gift","https://www.nirvana-massage.gr/gift-vouchers/","https://nirvana-massage.gr","ACTIVE","VERIFIED","nirvana-massage.gr","CLEAN","1","1"
"cmta5nsu9001b54iyw6qf1feq","cmta5nsp6001a54iy8w9nska0","Massage για Χαλάρωση & Ευεξία - Magic Hands","Gift Card Massage για Χαλάρωση & Ευεξία - Magic Hands","https://magichands.gr/gift-cards.html","https://magichands.gr","ACTIVE","VERIFIED","magichands.gr","CLEAN","1","1"
"cmta1k9v300keq8iyk7pgdspg","cmta1k9oy00kdq8iyubxex9ur","Massageinn","Gift Card - Massage services in Thessaloniki","https://massageinn.gr/dorokarta/","https://massageinn.gr","ACTIVE","NEEDS_REVIEW","massageinn.gr","CLEAN","1","1"
"cmta1nek400wqq8iyvh5byguc","cmta1nedk00wpq8iy6r51tuyw","Massagejoy","Gift Cards | Κατηγορίες προϊόντων","https://massagejoy.gr/buy/gift-cards/","https://massagejoy.gr","ACTIVE","NEEDS_REVIEW","massagejoy.gr","CLEAN","1","1"
"cmta1ly6p00r4q8iypbasfshf","cmta1lxzg00r3q8iyk2zswrtf","Massaha","Massaha Gift Card","https://www.massaha.gr/gift-card","https://massaha.gr","ACTIVE","NEEDS_REVIEW","massaha.gr","CLEAN","1","1"
"cmta1fc87001zq8iyhzmjutaj","cmta1fc0l001yq8iyu8niunrq","Mastorino","Δωροκάρτα Next Systems","https://mastorino.gr/","https://mastorino.gr","ACTIVE","VERIFIED","mastorino.gr","CLEAN","1","1"
"cmta1itdc00e8q8iy8qkpk1e1","cmta1it7x00e7q8iyoinm2cbt","Materiaprima","Δωροκάρτα 70 - materiaprima","https://materiaprima.gr/product/gift-card-40e/","https://materiaprima.gr","ACTIVE","NEEDS_REVIEW","materiaprima.gr","OFFICIAL_URL_TOO_SPECIFIC","1","1"
"cmta1kv7e00muq8iyjip095a8","cmta1kv1b00mtq8iyleswt0cj","Mathimatamageirikis","Δωροκάρτα","https://www.mathimatamageirikis.gr/el/about-us/dorokarta","https://mathimatamageirikis.gr","ACTIVE","NEEDS_REVIEW","mathimatamageirikis.gr","CLEAN","1","1"
"cmta4ytda002lsciyilen6atl","cmta4yt64002ksciy3tound9j","Mavri Thalassa","Gift Cards | Mavri Thalassa Restaurant","https://mavri-thalassa.gr/en/gift-cards/","https://mavri-thalassa.gr","ACTIVE","VERIFIED","mavri-thalassa.gr","CLEAN","1","1"
"cmta1itr600eaq8iydau8m0py","cmta1itlq00e9q8iy1bb28dtt","Mavrogiannistravel","Δωροεπιταγή - ΔΩΡΟΕΠΙΤΑΓΗ","https://www.mavrogiannistravel.gr/doroepitagi/","https://mavrogiannistravel.gr","ACTIVE","NEEDS_REVIEW","mavrogiannistravel.gr","CLEAN","1","1"
"cmta1iu5p00ecq8iyczdel2ss","cmta1itzx00ebq8iyerir1tmb","Maziotisjewels","E‑Gift Card – Maziotis Jewels Handmade Jewelry","https://www.maziotisjewels.gr/e-gift-card","https://maziotisjewels.gr","ACTIVE","NEEDS_REVIEW","maziotisjewels.gr","CLEAN","1","1"
"cmta1iuk000eeq8iyfaeygi3b","cmta1iuec00edq8iyhj3hjosj","Mdi","Mdi Gift Card","https://www.mdi.gr/%CF%81%CE%BF%CF%85%CF%87%CE%B1/gift-card","https://mdi.gr","ACTIVE","NEEDS_REVIEW","mdi.gr","CLEAN","1","1"
"cmta1g1hr004dq8iyf2v0rt9r","cmta1g1ae004cq8iy2qx2dl1u","Me and Joe","Me and Joe Δωροκάρτα Gift Card","https://www.meandjoe.com/collections/gift-cards","https://meandjoe.com","ACTIVE","VERIFIED","meandjoe.com","CLEAN","1","1"
"cmta1kaap00kgq8iyxyxwrv9r","cmta1ka4i00kfq8iykvii8j6b","Medi Shop","Gift Card 50","https://medi-shop.gr/","https://medi-shop.gr","ACTIVE","VERIFIED","medi-shop.gr","CLEAN","1","1"
"cmta1iuxb00egq8iy89v7agca","cmta1ius600efq8iyfvl8spkg","Medithea Eshop","Χαρίστε ομορφιά & φροντίδα με μία e-Gift Card","https://www.medithea-eshop.gr/collections/gift-card-medithea","https://medithea-eshop.gr","ACTIVE","NEEDS_REVIEW","medithea-eshop.gr","CLEAN","1","1"
"cmta1nf1t00wsq8iygfpp7r8t","cmta1nev900wrq8iyf4pa423f","Mediwellkalamata","Mediwellkalamata Gift Card","https://www.mediwellkalamata.gr/giftcard/","https://mediwellkalamata.gr","ACTIVE","NEEDS_REVIEW","mediwellkalamata.gr","CLEAN","1","1"
"cmta4ytua002nsciye5jdpjc2","cmta4yto2002msciy14cp15ty","Megafitness","Megafitness Gift Card 300,00€","https://www.megafitness.gr/en/megafitness-gift-card-300-00%E2%82%AC-104325","https://megafitness.gr","ACTIVE","VERIFIED","megafitness.gr","CARD_TITLE_POLLUTED|OFFICIAL_URL_TOO_SPECIFIC","1","1"
"cmta1lyqs00r6q8iy05nanoco","cmta1lyko00r5q8iy6k39klty","Meijewelry","Meijewelry Gift Card","https://meijewelry.gr/product/gift-card/","https://meijewelry.gr","ACTIVE","NEEDS_REVIEW","meijewelry.gr","CLEAN","1","1"
"cmta1kard00kiq8iyc8lsfv9b","cmta1kakx00khq8iyslhuttfv","Melispa","Gift Card €30","https://www.melispa.gr/el/gift-card","https://melispa.gr","ACTIVE","NEEDS_REVIEW","melispa.gr","CARD_TITLE_POLLUTED","1","1"
"cmtb77c840025dkiy8nltursd","cmtb77c2z0024dkiyyehncw02","Melissinos Sandals","Gift Voucher - 55","http://www.melissinos-sandals.gr/giftvouchers/gift-card-55-detail","https://melissinos-sandals.gr","ACTIVE","VERIFIED","melissinos-sandals.gr","OFFICIAL_URL_TOO_SPECIFIC","1","1"
"cmta1nfnx00wuq8iyrmod0nxo","cmta1nfha00wtq8iyf1tgqx91","Mellifora","Gift Card Envelope","https://mellifora.gr/products/gift-cards","https://mellifora.gr","ACTIVE","NEEDS_REVIEW","mellifora.gr","CLEAN","1","1"
"cmtb788zr006sdkiyyyqnweis","cmtb788uq006rdkiyhzvz6h0k","Melloncollection","Melloncollection Gift Card","https://melloncollection.gr/product/gift-card/","https://melloncollection.gr","ACTIVE","VERIFIED","melloncollection.gr","CLEAN","1","1"
"cmta1ivb800eiq8iyvekuk8o3","cmta1iv6400ehq8iy0sl0k8i0","Melrose","Δωροκάρτες Melrose Beauty Bar","https://melrose.gr/","https://melrose.gr","ACTIVE","VERIFIED","melrose.gr","CLEAN","1","1"
"cmta1kb6y00kkq8iy5q5ciyh4","cmta1kb0g00kjq8iy0xb4lwrk","Mentortravel","Gift card | Δωροκάρτα","https://www.mentortravel.gr/gift-card-2","https://mentortravel.gr","ACTIVE","NEEDS_REVIEW","mentortravel.gr","OFFICIAL_URL_TOO_SPECIFIC","1","1"
"cmta1faxg001vq8iy39nw940w","cmta1farm001uq8iy5u8qjn4c","Mentzos","Mentzos Gift Card","https://www.mentzos.gr/products/gift-card","https://mentzos.gr","ACTIVE","NEEDS_REVIEW","mentzos.gr","CLEAN","1","1"
"cmtb7hzpu000n04iyfkfu5yll","cmtb7hzks000m04iybzukfa8e","Mercato","Mercato Gift Card","https://fourseasonsastirpalacehotelathens.giftpro.co.uk/vouchers/mercato-monetary-gift-card/","https://fourseasonsastirpalacehotelathens.giftpro.co.uk","ACTIVE","VERIFIED","fourseasonsastirpalacehotelathens.giftpro.co.uk","CLEAN","1","1"
"cmta1ge4e005iq8iyf5nfwirz","cmta1gdyu005hq8iyxhsfkl7v","Metaixmio","Αγορά Δωροκάρτας","https://metaixmio.gr/","https://metaixmio.gr","ACTIVE","VERIFIED","metaixmio.gr","CLEAN","1","1"
"cmta1ivpi00ekq8iywimva2rx","cmta1ivjq00ejq8iyaeb0cjud","Mfbeautysalon","Δωροκάρτα","https://www.mfbeautysalon.gr/giftcard.html","https://mfbeautysalon.gr","ACTIVE","NEEDS_REVIEW","mfbeautysalon.gr","CLEAN","1","1"
"cmta1iw3700emq8iyu2nqv2dn","cmta1ivy000elq8iy2l2t9htl","Mfdayspa","ΔΩΡΟΕΠΙΤΑΓΗ 100","https://www.mfdayspa.gr/product-category/gift-ideas/gift-cards/","https://mfdayspa.gr","ACTIVE","NEEDS_REVIEW","mfdayspa.gr","CLEAN","1","1"
"cmta1iwh800eoq8iy8cbsq9v0","cmta1iwc000enq8iyn9pudu3y","Mgjewels","Digital Gift Card","https://mgjewels.gr/product/giftcard/","https://mgjewels.gr","ACTIVE","NEEDS_REVIEW","mgjewels.gr","CLEAN","1","1"
"cmta4yuag002psciyoexjru1o","cmta4yu3q002osciyu5jetmw1","Mgsound","MGsound Gift Card 300€ | Premium Event Gift Card","https://www.mgsound.gr/product/gift-card-300/?srsltid=AfmBOor9zJIGcmlK-272F6SOU8U2UDBV-AfXv09-bRqilRiHpN2U7TDO","https://mgsound.gr","ACTIVE","VERIFIED","mgsound.gr","CARD_TITLE_POLLUTED|OFFICIAL_URL_TOO_SPECIFIC","1","1"
"cmta1iwun00eqq8iyol8nrtwy","cmta1iwph00epq8iyrz9rtzzn","Michanossport","Michanossport Gift Card","https://www.michanossport.gr/gift-card-m-10228.html","https://michanossport.gr","ACTIVE","NEEDS_REVIEW","michanossport.gr","CLEAN","1","1"
"cmt8o9v4j000630iyrdlvm7ql","cmt8o9uxp000530iyeisee5nm","Microsoft","Microsoft Gift Card","https://www.microsoft.com/el-gr/p/%CE%94%CF%89%CF%81%CE%BF%CE%BA%CE%AC%CF%81%CF%84%CE%B1-xbox-%CE%A8%CE%B7%CF%86%CE%B9%CE%B1%CE%BA%CF%8C%CF%82-%CE%BA%CF%89%CE%B4%CE%B9%CE%BA%CF%8C%CF%82/cfq7ttc0k64h/0003?icid=TopNavMoreGiftCards","https://www.microsoft.com","ACTIVE","VERIFIED","microsoft.com","OFFICIAL_URL_TOO_SPECIFIC","1","1"
"cmtb62q8a001p94iypyoj6lpu","cmtb62q36001o94iy9pslcwu1","Mideast","Gift Vouchers","https://online.mideast.gr/gift-vouchers/","https://online.mideast.gr","ACTIVE","VERIFIED","online.mideast.gr","CLEAN","1","1"
"cmta1ix8a00esq8iyx9vwmckf","cmta1ix3800erq8iyqmw3lkc2","Mikelidis","Δώρα :: Gift Card :: Gift Card 300 €","https://www.mikelidis.gr/dora/gift-card/","https://mikelidis.gr","ACTIVE","NEEDS_REVIEW","mikelidis.gr","CARD_TITLE_POLLUTED","1","1"
"cmta4yuqr002rsciytutj3osh","cmta4yuk6002qsciynl51tmrl","Milosnails","Gift Card - Milos Nails","https://milosnails.gr/product/gift-card/","https://milosnails.gr","ACTIVE","VERIFIED","milosnails.gr","CLEAN","1","1"
"cmta1kvpg00mwq8iywg5mlfel","cmta1kvjj00mvq8iyls0u7fx1","Mimadastimargarita","Gift Card - Mη μαδάς τη μαργαρίτα","https://mimadastimargarita.gr/product/gift-card/","https://mimadastimargarita.gr","ACTIVE","NEEDS_REVIEW","mimadastimargarita.gr","CLEAN","1","1"
"cmtb7i2ay001004iy2mok8p6r","cmtb7i26i000z04iyas90sthl","Mindful Touch","Mindful Touch Massage Gift Card","https://massage-crete.com/massage-gift-card-crete/","https://massage-crete.com","ACTIVE","VERIFIED","massage-crete.com","CLEAN","1","1"
"cmtb6ux4b002u3giygie1nujb","cmtb6uwyz002t3giyzb40c9mw","Miniature Shoes","Δωροκάρτα - Miniature Shoes","https://miniatureshoes.gr/product/%CE%B4%CF%89%CF%81%CE%BF%CE%BA%CE%AC%CF%81%CF%84%CE%B1/","https://miniatureshoes.gr","ACTIVE","VERIFIED","miniatureshoes.gr","CLEAN","1","1"
"cmta1ng3h00wwq8iy0jg8v49x","cmta1nfxp00wvq8iy71vxcbpb","Minotavros","Redeem Gift Certificate","https://minotavros.gr/","https://minotavros.gr","ACTIVE","VERIFIED","minotavros.gr","CLEAN","1","1"
"cmta1ixm400euq8iy6w8fh6ah","cmta1ixh000etq8iyrstbzf45","Misa","MISA E-GIFT Card","https://www.misa.gr/gift-card","https://misa.gr","ACTIVE","NEEDS_REVIEW","misa.gr","CLEAN","1","1"
"cmtb6uxhg002w3giywpjav1ua","cmtb6uxcb002v3giygaluzdri","MissYandME","Δωροκάρτα MissYandME | Fashion gift card","https://missyandme.gr/%CE%B4%CF%89%CF%81%CE%BF%CE%BA%CE%AC%CF%81%CF%84%CE%B1/","https://missyandme.gr","ACTIVE","VERIFIED","missyandme.gr","CLEAN","1","1"
"cmta1lzev00r8q8iybg568yga","cmta1lz7x00r7q8iy3t92x3aw","Mistridis","Gift Card - Κάρτα Δώρου - Mystridis Family Pharmacy","https://mistridis.gr/","https://mistridis.gr","ACTIVE","VERIFIED","mistridis.gr","CLEAN","1","1"
"cmtb77ckx0027dkiyltinns4m","cmtb77cfx0026dkiyp3b4iz9q","Mix & Match","Mix & Match Gift Card","https://mixandmatch.gr/product/digital-gift-card/","https://mixandmatch.gr","ACTIVE","VERIFIED","mixandmatch.gr","CLEAN","1","1"
"cmta1kw6300myq8iyzkj9hpsf","cmta1kvzh00mxq8iyki8p745z","Mocannella","Δωροκάρτα","https://www.mocannella.gr/giftcard","https://mocannella.gr","ACTIVE","NEEDS_REVIEW","mocannella.gr","CLEAN","1","1"
"cmta1iy0a00ewq8iyav1zn7nb","cmta1ixuq00evq8iyfw77ryfl","Moelian","Moelian Gift Card","https://www.moelian.gr/gift-card","https://moelian.gr","ACTIVE","NEEDS_REVIEW","moelian.gr","CLEAN","1","1"
"cmta1iyh900eyq8iyewrmhob9","cmta1iy9o00exq8iyeaxubcr1","Molliashoes","Molliashoes Gift Card","https://molliashoes.gr/uncategorized/gift-card/","https://molliashoes.gr","ACTIVE","NEEDS_REVIEW","molliashoes.gr","CLEAN","1","1"
"cmtb789dc006udkiyns09pnli","cmtb7898i006tdkiypwp1jv9x","Mom & Me","Mom & Me Gift Card","https://momandme.gr/product/gift-card-100/","https://momandme.gr","ACTIVE","VERIFIED","momandme.gr","OFFICIAL_URL_TOO_SPECIFIC","1","1"
"cmtb7i474001904iye9qfchj3","cmtikaqcc0001csiy7aine7eg","Monkees of Athens","Monkees of Athens Gift Card","https://monkeesofathens.com/products/monkees-of-athens-gift-card","https://monkeesofathens.com","ACTIVE","VERIFIED","monkeesofathens.com","CLEAN","1","1"
"cmta1ngnh00wyq8iyaskl04be","cmta1ngg900wxq8iydd7r7q9n","Moomoo","GIFT CARDS - moomoo.gr","https://www.moomoo.gr/giftcards","https://moomoo.gr","ACTIVE","NEEDS_REVIEW","moomoo.gr","CLEAN","1","1"
"cmta4yv84002tsciyjas302lw","cmta4yv1u002ssciyt1ac0eqm","Moonboon","Gift Card for Moonboon - For the New/Soon-to-Be Parents","https://moonboon.gr/products/gift-card","https://moonboon.gr","ACTIVE","VERIFIED","moonboon.gr","CLEAN","1","1"
"cmtb62mzp001794iymwe27b7c","cmtb62muj001694iyt47baoy5","Morethanthis","Gift Voucher","https://morethanthis.gr/products/gift-voucher?srsltid","https://morethanthis.gr","ACTIVE","VERIFIED","morethanthis.gr","CLEAN","1","1"
"cmta1nh7b00x0q8iyvpuik4zd","cmta1nh0t00wzq8iy8gdyp1w2","Morfibeauty","Gift Card 100","https://www.morfibeauty.gr/product/gift-card/","https://morfibeauty.gr","ACTIVE","NEEDS_REVIEW","morfibeauty.gr","CLEAN","1","1"
"cmt8l5xzu000s5giy4og91vji","cmt8l5xt6000r5giy4sk5grv8","Mothercare Greece","Mothercare Greece Gift Card","https://www.mothercare.gr/giftcard","https://www.mothercare.gr","ACTIVE","VERIFIED","mothercare.gr","CLEAN","1","1"
"cmta4yvpr002vsciyrkj6lfwe","cmta4yvij002usciy1kfciozl","Motoholics e","Motoholics e-Gift Card","https://motoholics.gr/motoholics-e-gift-card?srsltid=AfmBOorsIfPkxr3HPdqtJF9Aa28lkqALyIDniuFjV695a_WOzsSYS5WH","https://motoholics.gr","ACTIVE","VERIFIED","motoholics.gr","CLEAN","1","1"
"cmtb62ncf001994iy7kzv2o19","cmtb62n7j001894iyq85t2bse","Motorparts","Gift Cards","https://www.motorparts.com.gr/en/gift-cards/?srsltid","https://motorparts.com.gr","ACTIVE","VERIFIED","motorparts.com.gr","CLEAN","1","1"
"cmta1iyw100f0q8iyyl3g2m31","cmta1iypl00ezq8iypg6kwhfe","Motovinios","ΔΩΡΟΚΑΡΤΑ 100€ Το καλύτερο δώρο για τα αγαπημένα ...","https://www.motovinios.gr/c/giftcard","https://motovinios.gr","ACTIVE","NEEDS_REVIEW","motovinios.gr","CARD_TITLE_POLLUTED","1","1"
"cmt8l5yqi000x5giy62dhv7mj","cmt8l5yjh000w5giy3fa6qvqk","Moustakas Toys","Moustakas Toys Gift Card","https://www.moustakastoys.gr/upiresies/gift-cards/","https://www.moustakastoys.gr","ACTIVE","VERIFIED","moustakastoys.gr","CLEAN","1","1"
"cmta1iz9l00f2q8iyi8h5dd3j","cmta1iz4a00f1q8iyyehgeubm","Moustakisfc","Ψηφιακή δωροκάρτα","https://www.moustakisfc.gr/gift-cards/","https://moustakisfc.gr","ACTIVE","NEEDS_REVIEW","moustakisfc.gr","CLEAN","1","1"
"cmta1izn900f4q8iyb8ps8p5a","cmta1izhy00f3q8iya0mr8ool","Movelab","Gift Card | Move Lab Koropi","https://www.movelab.gr/gift-card","https://movelab.gr","ACTIVE","NEEDS_REVIEW","movelab.gr","CLEAN","1","1"
"cmtb77dct002bdkiyz8wew669","cmtb77d7p002adkiygskg17ko","Mr & Mrs Spa","Δωροκάρτα - Mr & Mrs Spa | Wellness Club","https://mrandmrsspa.gr/product-category/dorokarta-gift-voucher/","https://mrandmrsspa.gr","ACTIVE","VERIFIED","mrandmrsspa.gr","CLEAN","1","1"
"cmta1f1n7000tq8iylhz55ztt","cmta1f1gj000sq8iymiayx6vt","Msba Events","Msba Events Gift Card","https://www.msba-events.gr/shop/toys/gift-card/","https://msba-events.gr","ACTIVE","NEEDS_REVIEW","msba-events.gr","CLEAN","1","1"
"cmta1nhpn00x2q8iymyaq96be","cmta1nhiz00x1q8iy666s3hgl","Msjewels","Msjewels Gift Card","https://msjewels.gr/product/gift-card/","https://msjewels.gr","ACTIVE","NEEDS_REVIEW","msjewels.gr","CLEAN","1","1"
"cmta4yw6q002xsciynztac1t7","cmta4yw0c002wsciyir3okmhf","Msystems","Msystems Δωροκάρτα 10e | Δωροκάρτες","https://www.msystems.gr/gifcards/msystems-giftcard-10e","https://msystems.gr","ACTIVE","VERIFIED","msystems.gr","OFFICIAL_URL_TOO_SPECIFIC","1","1"
"cmta5nl44000554iylrg3qski","cmta5nkyr000454iyyhuhz99q","Museumofillusions","Buy a gift card | Museum of Illusions Athens","https://athens.museumofillusions.gr/en/buy-a-gift-card/","https://athens.museumofillusions.gr","ACTIVE","VERIFIED","athens.museumofillusions.gr","CLEAN","1","1"
"cmta1kwnq00n0q8iy09gmn7q7","cmta1kwhj00mzq8iyqv0xws2k","Musicland","Δωροκάρτα Musicland - Το μουσικό δώρο που δεν λήγει ποτέ","https://www.musicland.gr/gift-card","https://musicland.gr","ACTIVE","NEEDS_REVIEW","musicland.gr","CLEAN","1","1"
"cmta1le1500oyq8iyicabgae9","cmta1lduo00oxq8iyrgzxs75p","Musicpal","Gift card - MusicPal","https://musicpal.gr/dorokarta","https://musicpal.gr","ACTIVE","NEEDS_REVIEW","musicpal.gr","CLEAN","1","1"
"cmta1j01o00f6q8iy4fta6xj4","cmta1izvq00f5q8iyhdnauscf","Musicworks","Δωροκάρτα - Music Works Shop","https://musicworks.gr/","https://musicworks.gr","ACTIVE","VERIFIED","musicworks.gr","CLEAN","1","1"
"cmta1j0st00f8q8iyavkhvjm3","cmta1j0ma00f7q8iympq1uy5p","Muststore","Gift Card | Must Store","https://www.muststore.gr/product/gift-card/","https://muststore.gr","ACTIVE","NEEDS_REVIEW","muststore.gr","CLEAN","1","1"
"cmtb62nq0001b94iy044otdr1","cmtb62nkn001a94iystkuu706","Muye","Gift Card – Muye","https://muye.gr/product/gift-card/","https://muye.gr","ACTIVE","VERIFIED","muye.gr","CLEAN","1","1"
"cmta1gtqd0072q8iy9bkyec52","cmta1gtk30071q8iy6p1osobj","My Massage","ΔΩΡΟΚΑΡΤΑ","https://my-massage.gr/gift-cards/","https://my-massage.gr","ACTIVE","NEEDS_REVIEW","my-massage.gr","CLEAN","1","1"
"cmta1ni6i00x4q8iyg92fbqce","cmta1ni0500x3q8iy6dhb6v4x","Mybabylinen","Gift Card - My Baby Linen- Χειροποίητα Βρεφικά Είδη","https://mybabylinen.gr/product-category/gift-card/","https://mybabylinen.gr","ACTIVE","NEEDS_REVIEW","mybabylinen.gr","CLEAN","1","1"
"cmta1j1af00faq8iyw0v4fvvw","cmta1j14200f9q8iy4qbjvx5d","Mycolours","Athina Balasi My Colours | eGift Card","https://www.mycolours.gr/gift-card","https://mycolours.gr","ACTIVE","NEEDS_REVIEW","mycolours.gr","CLEAN","1","1"
"cmtb62o37001d94iy7xjkbihk","cmtb62ny2001c94iyxh7g7yfi","Myconian Imperial Resort","Gift Cards | Myconian Imperial Resort","https://www.myconianimperial.gr/gift-cards/","https://myconianimperial.gr","ACTIVE","VERIFIED","myconianimperial.gr","CLEAN","1","1"
"cmta5ntz1001h54iy7fo89p8f","cmta5nttu001g54iy868uf69b","Myconian Naia Boutique Hotel","Gift Cards | Myconian Naia Boutique Hotel","http://www.myconian-naia.gr/gift-cards/","https://myconian-naia.gr","ACTIVE","VERIFIED","myconian-naia.gr","CLEAN","1","1"
"cmta4yxlb0033sciyael51jww","cmta4yxfs0032sciyb1gsiug9","Myconian Utopia","Myconian Utopia | Gift Cards","https://www.myconianutopia.gr/gift-cards/","https://myconianutopia.gr","ACTIVE","VERIFIED","myconianutopia.gr","CLEAN","1","1"
"cmta4yx3q0031sciyhtksmdcy","cmta4ywx30030sciy1rds52ma","Myconiankorali","Gift Cards | Myconian Korali Luxury Hotel","https://www.myconiankorali.gr/gift-cards/","https://myconiankorali.gr","ACTIVE","VERIFIED","myconiankorali.gr","CLEAN","1","1"
"cmtb62ofv001f94iytqkcxpz6","cmtb62ob8001e94iyw23wxhmt","Myconiankyma","Gift Cards","https://www.myconiankyma.gr/gift-cards/","https://myconiankyma.gr","ACTIVE","VERIFIED","myconiankyma.gr","CLEAN","1","1"
"cmtb77xrz0059dkiy8ihjp8lp","cmtb77xmn0058dkiyrpluto4n","Mylifelikes","Αγοράστε μία Δωροεπιταγή","https://mylifelikes.gr/account/voucher","https://mylifelikes.gr","ACTIVE","VERIFIED","mylifelikes.gr","CLEAN","1","1"
"cmta1lzvj00raq8iye3ba3495","cmta1lzou00r9q8iyslyb5ll3","Mylittleland","Mylittleland Gift Card","https://mylittleland.gr/product-category/protaseis-gia-dwra/giftcard/","https://mylittleland.gr","ACTIVE","NEEDS_REVIEW","mylittleland.gr","CLEAN","1","1"
"cmta1j1rt00fcq8iyyrjwj6oi","cmta1j1lq00fbq8iyblkew33r","Mymarket","Δωροεπιταγές My market","https://mymarket.gr/","https://mymarket.gr","ACTIVE","VERIFIED","mymarket.gr","CLEAN","1","1"
"cmta5nucz001j54iyk2uep1aq","cmta5nu7u001i54iy26l668bf","Myprotein","Myprotein Gift Voucher, £50","https://www.myprotein.gr/p/protein-accessories/myprotein-gift-voucher-50/10530834/","https://myprotein.gr","ACTIVE","VERIFIED","myprotein.gr","OFFICIAL_URL_TOO_SPECIFIC","1","1"
"cmta1j29v00feq8iyhuj3tzwe","cmta1j23z00fdq8iyd6et3f0f","Myran","Myran Giftcard","https://myran.gr/giftcard/","https://myran.gr","ACTIVE","NEEDS_REVIEW","myran.gr","CLEAN","1","1"
"cmta1j2rw00fgq8iydjopixyl","cmta1j2m300ffq8iyt6u5plxe","Myrtia","Myrtia Gift Card","https://myrtia.gr/el/25-gift-cards","https://myrtia.gr","ACTIVE","NEEDS_REVIEW","myrtia.gr","OFFICIAL_URL_TOO_SPECIFIC","1","1"
"cmta4yy140035sciyg30mvkvh","cmta4yxv60034sciy1eru1cf7","Mytravelgiftcard","My Travel Gift Card - Το δώρο που ταξιδεύει τους ...","https://mytravelgiftcard.gr/","https://mytravelgiftcard.gr","ACTIVE","VERIFIED","mytravelgiftcard.gr","CLEAN","1","1"
"cmta1niq900x6q8iyuhnwe0xg","cmta1nij900x5q8iyxvel6ylg","Naeniam","Naeniam Gift Card","https://naeniam.gr/products/gift-card","https://naeniam.gr","ACTIVE","NEEDS_REVIEW","naeniam.gr","CLEAN","1","1"
"cmta1j3ad00fiq8iyn7woqbcd","cmta1j34900fhq8iys6e8ls57","Naftemporiki","ΔΩΡΟΚΑΡΤΑ ΙΚΕΑ: Tο ιδανικό δώρο για κάθε περίσταση, ...","https://naftemporiki.gr/","https://naftemporiki.gr","ARCHIVED","REJECTED","naftemporiki.gr","CLEAN","1","1"
"cmta1kx4a00n2q8iyebxi61o5","cmta1kwy300n1q8iyc9nuiqry","Nailit","Gift card - Nail it","https://nailit.gr/","https://nailit.gr","ACTIVE","VERIFIED","nailit.gr","CLEAN","1","1"
"cmta1nj7800x8q8iyqp5pjntz","cmta1nj0h00x7q8iy2h241z80","Naira","Naira Gift Card","https://naira.gr/gift-card/","https://naira.gr","ACTIVE","NEEDS_REVIEW","naira.gr","CLEAN","1","1"
"cmtb62osx001h94iyfilwbr22","cmtb62onm001g94iy29ypyygn","Najma","Δωροκάρτα","https://najma.gr/product/gift-card/","https://najma.gr","ACTIVE","VERIFIED","najma.gr","CLEAN","1","1"
"cmta1lfk500p4q8iyhkvmu8ra","cmta1lfel00p3q8iywla7k0oj","Nakas","< Gift Cards | Philippos Nakas","https://nakas.gr/","https://nakas.gr","ACTIVE","VERIFIED","nakas.gr","CLEAN","1","1"
"cmtb6uxv7002y3giyuk6pp01x","cmtb6uxpz002x3giyag7687wz","Nakasconcept","Δωροκάρτες","https://www.nakasconcept.gr/el/proionta/dorokartes/","https://nakasconcept.gr","ACTIVE","VERIFIED","nakasconcept.gr","CLEAN","1","1"
"cmta1kxkp00n4q8iyxd6gorh9","cmta1kxed00n3q8iybvnaiccz","Nakita","Gift Card - Nakita","https://nakita.gr/product-category/gift-cards/","https://nakita.gr","ACTIVE","NEEDS_REVIEW","nakita.gr","CLEAN","1","1"
"cmtb6uy8d00303giy23wvv4xn","cmtb6uy3n002z3giyohz3pcwu","NaniNails.gr","NaniNails.gr Gift Card","https://www.naninails.gr/dorokarta-axias-20-eur/","https://naninails.gr","ACTIVE","VERIFIED","naninails.gr","OFFICIAL_URL_TOO_SPECIFIC","1","1"
"cmtb6uyl600323giy0bapakhq","cmtb6uygv00313giyphdd4xl4","Nativis","Δωροκάρτα","https://nativis.gr/shop-products/%CE%B4%CF%89%CF%81%CE%BF%CE%BA%CE%AC%CF%81%CF%84%CE%B1/","https://nativis.gr","ACTIVE","VERIFIED","nativis.gr","CLEAN","1","1"
"cmta1j3sy00fkq8iyg4q8u153","cmta1j3mk00fjq8iyayln17bn","Natprod","Δωροκάρτα","https://www.natprod.gr/product/gift-card/","https://natprod.gr","ACTIVE","NEEDS_REVIEW","natprod.gr","CLEAN","1","1"
"cmta1j4b000fmq8iypks872xe","cmta1j44c00flq8iyasmcpn2j","Naturalhealth","Δωροκάρτα | Natural Health","https://naturalhealth.gr/product-category/dorokarta/?v=bf391b589afb","https://naturalhealth.gr","ACTIVE","NEEDS_REVIEW","naturalhealth.gr","CLEAN","1","1"
"cmta5nv42001n54iywdz7r09e","cmta5nuxv001m54iyn9rhgeiz","Naxos Art","Naxos Art Gift Card","https://naxos-art.gr/product/gift-card/","https://naxos-art.gr","ACTIVE","VERIFIED","naxos-art.gr","CLEAN","1","1"
"cmta5nvi5001p54iyc6wox7hx","cmta5nvc7001o54iy9rlqpv1v","Neraw","Neraw Digital Gift Card | Planted Ceramic Sculpture","https://www.neraw.gr/products/neraw-digital-gift-card?srsltid=AfmBOoqIkJN-feWnAjmtcH8P3KdNYVDJW6AHsmGjvX_86VYFcRKxPBQ_","https://neraw.gr","ACTIVE","VERIFIED","neraw.gr","CLEAN","1","1"
"cmta1j4ro00foq8iybo0bc5uh","cmta1j4lf00fnq8iyn87586iy","Nespo","Ηλεκτρονική Δωροκάρτα Nespo","https://www.nespo.gr/proion/dorokarta/","https://nespo.gr","ACTIVE","NEEDS_REVIEW","nespo.gr","CLEAN","1","1"
"cmta421he0001t8iyrqtjx6s9","cmta421c00000t8iyz2ify6i3","Netflix","Δωροκάρτα Netflix!","https://www.netflix.com/gr/gift-cards","https://netflix.com","ACTIVE","VERIFIED","netflix.com","CLEAN","1","1"
"cmta1ljul00pkq8iysiqz221g","cmta1ljnq00pjq8iyp8nn5qhl","Newaypharmacy","e-Gift Card","https://www.newaypharmacy.gr/product-category/e-gift-card/","https://newaypharmacy.gr","ACTIVE","NEEDS_REVIEW","newaypharmacy.gr","CLEAN","1","1"
"cmta1fo7g0033q8iyt2jzcpym","cmta1fo1i0032q8iyhf05odt3","Newmom","Δωροκάρτα","https://www.newmom.gr/","https://newmom.gr","ACTIVE","VERIFIED","newmom.gr","CLEAN","1","1"
"cmta1j5b400fqq8iyyo1vs0cc","cmta1j54l00fpq8iy3f65bz5f","Nextsystems","Δωροκάρτα Next Systems","https://nextsystems.gr/","https://nextsystems.gr","ACTIVE","VERIFIED","nextsystems.gr","CLEAN","1","1"
"cmta4yyi40037sciy4r3rabo3","cmta4yybn0036sciy8dd6tcdc","Niai","Niai Gift Card","https://niai.gr/products/niai-gift-card?srsltid=AfmBOopBNVxFWbIETvSGWX_vCWgzp4xIAejqXGAmhyh_ASLWUuI58Q3K","https://niai.gr","ACTIVE","VERIFIED","niai.gr","CLEAN","1","1"
"cmta1fgap002dq8iyswsnc8wa","cmta1fg47002cq8iy4x4ez937","Niceyou","Gift Card 100","https://www.niceyou.gr/","https://niceyou.gr","ACTIVE","VERIFIED","niceyou.gr","CLEAN","1","1"
"cmta1fnrb0031q8iyg9sqt1g1","cmta1fnl10030q8iyjnfimm6o","Niyamas-Yoga","Gift Card Niyamas - Ηλεκτρονική Δωροκάρτα 20","https://niyamas-yoga.com/product/gift-card/","https://niyamas-yoga.com","ACTIVE","NEEDS_REVIEW","niyamas-yoga.com","CLEAN","1","1"
"cmta1njpt00xaq8iyktqhqu41","cmta1njj100x9q8iywi68cw12","Noiretor","Noiretor Gift Card","https://noiretor.gr/product/giftcard/","https://noiretor.gr","ACTIVE","NEEDS_REVIEW","noiretor.gr","CLEAN","1","1"
"cmtb77ei2002hdkiyto50x79b","cmtb77ecy002gdkiyplat2lrt","North & South Jewelry","North & South Jewelry Gift Card","https://www.northandsouthjewelry.gr/products/north-south-jewelry-gift-card","https://northandsouthjewelry.gr","ACTIVE","VERIFIED","northandsouthjewelry.gr","CLEAN","1","1"
"cmtb7i0h0000r04iyqck32vp4","cmtb7i0bt000q04iy0puf45hb","Northsantorini","Gift Cards","https://www.northsantorini.com/gift-cards","https://northsantorini.com","ACTIVE","VERIFIED","northsantorini.com","CLEAN","1","1"
"cmt8fb1x1000f6kiy1hr4woch","cmt8fb1qo000e6kiyhr3vcqzi","Notino","Notino Gift Card","https://notino.gr/doroepitagi","https://notino.gr","ACTIVE","VERIFIED","notino.gr","CLEAN","1","1"
"cmta1g537004rq8iytxjpvtx8","cmta1g4xm004qq8iytymwcg9a","Notos","Notos Δωροκάρτα – Δωροεπιταγή – eGift Card","https://www.notos.gr/e-gift-cards-purchase/","https://notos.gr","ACTIVE","VERIFIED","notos.gr","CLEAN","1","1"
"cmtb62pj6001l94iyhjzhf3fh","cmtb62pek001k94iy4m84sj8f","Nousoma","Nousoma Gift Card","https://nousoma.gr/gift-card/","https://nousoma.gr","ACTIVE","VERIFIED","nousoma.gr","CLEAN","1","1"
"cmtb77evp002jdkiymdaiyh09","cmtb77eqo002idkiyg6h36cyb","Nur and Co","Δωροκάρτες - Nur and Co","https://nurnco.gr/products/dorokartes","https://nurnco.gr","ACTIVE","VERIFIED","nurnco.gr","CLEAN","1","1"
"cmta1fdz30025q8iyjgn4n03r","cmta1fdrv0024q8iy4qoe2q40","O-Biotique","Ελεκτρονική Δωροκάρτα O-Biotique 50,00","https://obiotique.com/el/products/o-biotique-gift-card","https://obiotique.com","ACTIVE","NEEDS_REVIEW","obiotique.com","CLEAN","1","1"
"cmtb6uzbu00363giyjxgyidjk","cmtb6uz6p00353giyzkow4qml","OMG","OMG Gift Card","https://omg.gr/products/omg-gift-card","https://omg.gr","ACTIVE","VERIFIED","omg.gr","CLEAN","1","1"
"cmta1g8cd004wq8iym0zq4dyi","cmta1g6ai004vq8iycxhicxpy","Ofarmakopoiosmou","Ofarmakopoiosmou Gift Card","https://www.ofarmakopoiosmou.gr/brand/lavish-care/lavish-care-gift-sets","https://ofarmakopoiosmou.gr","ACTIVE","VERIFIED","ofarmakopoiosmou.gr","CLEAN","1","1"
"cmtb62pv8001n94iyge6r4vvp","cmtb62pqs001m94iykid86ucy","Oikosterzis","GIFT CARDS","https://www.oikosterzis.gr/gift-cards-en","https://oikosterzis.gr","ACTIVE","VERIFIED","oikosterzis.gr","CLEAN","1","1"
"cmtb6uyyo00343giydgpq1m37","cmtb6uytn00333giyzvyq6upz","Olia","Δωροκάρτα","https://www.olia.com.gr/product/dorokarta/","https://olia.com.gr","ACTIVE","VERIFIED","olia.com.gr","CLEAN","1","1"
"cmta1mbsx00skq8iyktw9zbcx","cmta1mblh00sjq8iyi2lanyox","Olive Era","Olive Era Gift Card","https://www.olive-era.gr/products/gift-card","https://olive-era.gr","ACTIVE","NEEDS_REVIEW","olive-era.gr","CLEAN","1","1"
"cmtb77f8l002ldkiyow7n1nws","cmtb77f3g002kdkiy0229bjps","Omnia Welness","Gift Cards – Omnia Welness – Massage & SPA in Kefalonia","https://www.omniawellness.gr/gift-cards/","https://omniawellness.gr","ACTIVE","VERIFIED","omniawellness.gr","CLEAN","1","1"
"cmtb6uzqb00383giyfbh3f5i0","cmtb6uzla00373giydd6wqbju","Optika Liolios","Optika Liolios Gift Card","https://www.optikaliolios.gr/%CE%B4%CF%89%CF%81%CE%BF%CE%BA%CE%B1%CF%81%CF%84%CE%B5%CF%83.htm","https://optikaliolios.gr","ACTIVE","VERIFIED","optikaliolios.gr","CLEAN","1","1"
"cmta1ky2r00n6q8iy6novjneu","cmta1kxwb00n5q8iyxd3jn9y1","Oreasoncs","Gift Certificate","https://www.oreasoncs.gr/doroepitagi/","https://oreasoncs.gr","ACTIVE","NEEDS_REVIEW","oreasoncs.gr","CLEAN","1","1"
"cmta1j5sk00fsq8iyl71inf5f","cmta1j5lp00frq8iyn70407yy","Oser","Oser Gift Card","https://oser.gr/product/gift-card/","https://oser.gr","ACTIVE","NEEDS_REVIEW","oser.gr","CLEAN","1","1"
"cmta1j6a900fuq8iyosylt8ne","cmta1j64i00ftq8iybi7vezby","Osteriamamma","Osteriamamma Gift Card","https://www.osteriamamma.gr/gift-card","https://osteriamamma.gr","ACTIVE","NEEDS_REVIEW","osteriamamma.gr","CLEAN","1","1"
"cmtb62qlm001r94iy91xv9clz","cmtb62qgm001q94iyfrrpx8wu","Outdoorshop","Gift Card - Δωροεπιταγή","https://outdoorshop.gr/en/shop/%CE%B4%CF%89%CF%81%CE%BF%CE%B5%CF%80%CE%B9%CF%84%CE%B1%CE%B3%CE%AD%CF%82/gift-card-2/","https://outdoorshop.gr","ACTIVE","VERIFIED","outdoorshop.gr","OFFICIAL_URL_TOO_SPECIFIC","1","1"
"cmtb6v04k003a3giyiu8s30dd","cmtb6uzyo00393giyijqh9v1h","Outdoorway","Δωροεπιταγή Outdoorway 10 Ευρώ","https://www.outdoorway.gr/product/15647/doroepitagi-Outdoorway-10-eyro","https://outdoorway.gr","ACTIVE","VERIFIED","outdoorway.gr","OFFICIAL_URL_TOO_SPECIFIC","1","1"
"cmtb77fxv002pdkiyob6nfyir","cmtb77fsy002odkiypybibga6","Oxygen Plus","Oxygen Plus Luxurious Day Spa Gift Card","https://oxygenplus.gr/en/product/luxurious-giftcard/","https://oxygenplus.gr","ACTIVE","VERIFIED","oxygenplus.gr","CLEAN","1","1"
"cmta1f4810013q8iymlrt4857","cmta1f3lu0012q8iy3sg1zr8w","P Kontopoulos","Δωροκάρτα P Kontopoulos","https://pkontopoulos.com/products/%CE%B4%CF%89%CF%81%CE%BF%CE%BA%CE%B1%CF%81%CF%84%CE%B1-p-kontopoulos","https://pkontopoulos.com","ACTIVE","NEEDS_REVIEW","pkontopoulos.com","CLEAN","1","1"
"cmta1g4lj004pq8iyuzqrwtkm","cmta1g4fk004oq8iywtnxd831","PCP Clothing","PCP Clothing Δωροκάρτα Gift Card!","https://www.pcpclothing.com/en-gb/account/voucher","https://pcpclothing.com","ACTIVE","VERIFIED","pcpclothing.com","CLEAN","1","1"
"cmta1fqnv003bq8iy3xbbgzju","cmta1fqg6003aq8iyyqfnhn5v","PNN Nightwear","Δωροκάρτα 15","https://pnn-nightwear.gr/product/dorokarta-pnn-nightwear/","https://pnn-nightwear.gr","ACTIVE","NEEDS_REVIEW","pnn-nightwear.gr","CLEAN","1","1"
"cmtb77gbh002rdkiyzvvjbldl","cmtb77g6g002qdkiyzp7xmoyn","Paco Δωροκάρτες από","Paco Δωροκάρτες από Gift Card","https://www.pacoartcenter.gr/el/gift-card.html","https://pacoartcenter.gr","ACTIVE","VERIFIED","pacoartcenter.gr","CLEAN","1","1"
"cmta1fmdg002vq8iye5rslu43","cmta1fm6t002uq8iyt0ifyaw2","Paidika Symeon","Δωροκάρτα","https://paidikasymeon.gr/product/gift-card/","https://paidikasymeon.gr","ACTIVE","NEEDS_REVIEW","paidikasymeon.gr","CLEAN","1","1"
"cmta1kbmg00kmq8iyxir7s4z2","cmta1kbgw00klq8iyycumxx67","Paidikaianaptixi","Gift Card - Παιδί & Ανάπτυξη - paidikaianaptixi.gr","https://www.paidikaianaptixi.gr/product/gift-card/","https://paidikaianaptixi.gr","ACTIVE","NEEDS_REVIEW","paidikaianaptixi.gr","CLEAN","1","1"
"cmta1kyj500n8q8iyln315obv","cmta1kycr00n7q8iyw5ymk36g","Palazzodiscarpe","Δωροκάρτα 150","https://www.palazzodiscarpe.gr/i/giftcards/dwrokarta-70/","https://palazzodiscarpe.gr","ACTIVE","NEEDS_REVIEW","palazzodiscarpe.gr","OFFICIAL_URL_TOO_SPECIFIC","1","1"
"cmtb62qxu001t94iyyxg9umfo","cmtb62qt9001s94iyy65ut1lc","Pamemassage","Pamemassage Gift Card","https://pamemassage.gr/product/gift-card/","https://pamemassage.gr","ACTIVE","VERIFIED","pamemassage.gr","CLEAN","1","1"
"cmta1gu640074q8iyaanq8e4u","cmta1gu0d0073q8iyksj58bpb","Paokfc","Gift Card 100 - PAOK Store","https://paokfc.gr/","https://paokfc.gr","ACTIVE","VERIFIED","paokfc.gr","CLEAN","1","1"
"cmta1f2ys000zq8iy7gecoj9o","cmta1f2ts000yq8iy8va3cqab","Papachatzis","Papachatzis Gift Card","https://www.papachatzis.com/product/gift-card/","https://papachatzis.com","ACTIVE","NEEDS_REVIEW","papachatzis.com","CLEAN","1","1"
"cmta1kc1z00koq8iy0lgd58lu","cmta1kbw500knq8iyuek6e0a9","Papastavroushops","Δωροκάρτες (Gift Cards) για Αναβάτες","https://www.papastavroushops.gr/gift-cards","https://papastavroushops.gr","ACTIVE","NEEDS_REVIEW","papastavroushops.gr","CLEAN","1","1"
"cmta1kz5j00naq8iyo9j5whw7","cmta1kyyv00n9q8iyejhfubzh","Paraphernalia","e-Gift Voucher","https://www.paraphernalia.gr/shop/product/gifting/gift-vouchers/egift-voucher/","https://paraphernalia.gr","ACTIVE","NEEDS_REVIEW","paraphernalia.gr","CLEAN","1","1"
"cmtb6v0i7003c3giyqzykbead","cmtb6v0di003b3giyxpscbnbo","Parenting Courses","Parenting Courses Gift Card","https://www.parentingcourses.gr/pages/gift-card-2","https://parentingcourses.gr","ACTIVE","VERIFIED","parentingcourses.gr","OFFICIAL_URL_TOO_SPECIFIC","1","1"
"cmta1j6rb00fwq8iyoium168p","cmta1j6l300fvq8iymhf5jhq8","Pargaoro","ΔΩΡΟΚΑΡΤΑ - pargaoro.gr","https://www.pargaoro.gr/dorokarta-c-79.html","https://pargaoro.gr","ACTIVE","NEEDS_REVIEW","pargaoro.gr","CLEAN","1","1"
"cmta1j77e00fyq8iyr9b9nm78","cmta1j70q00fxq8iy9sg5qn8b","Parnass","Gift card Parnass 120","https://parnass.gr/","https://parnass.gr","ACTIVE","VERIFIED","parnass.gr","CLEAN","1","1"
"cmta1nk8700xcq8iy1swx5l3u","cmta1nk0l00xbq8iya8vznroi","Parnassoshiking","Gift Card - Δώρισε μια εμπειρία στον Παρνασσό","https://parnassoshiking.gr/gift-cards/","https://parnassoshiking.gr","ACTIVE","NEEDS_REVIEW","parnassoshiking.gr","CLEAN","1","1"
"cmta1j7oa00g0q8iygdnjdv5j","cmta1j7hz00fzq8iy4xlg7dvr","Parousiafashion","ΔΩΡΟΕΠΙΤΑΓΗ 70","https://parousiafashion.gr/product-category/gift-cards/","https://parousiafashion.gr","ACTIVE","NEEDS_REVIEW","parousiafashion.gr","CLEAN","1","1"
"cmt8pt4td0007tgiys8g9wg4u","cmt8pt4mw0006tgiyqx51cb45","Pat McGrath Labs","Pat McGrath Labs Gift Card","https://www.patmcgrath.com/pages/e-gift-card","https://www.patmcgrath.com","ACTIVE","VERIFIED","patmcgrath.com","CLEAN","1","1"
"cmta1j85q00g2q8iyvsncmagm","cmta1j7yx00g1q8iyxpec0ovr","Patistascosmetics","Patistascosmetics Gift Card","https://patistascosmetics.gr/product/gift-card/","https://patistascosmetics.gr","ACTIVE","NEEDS_REVIEW","patistascosmetics.gr","CLEAN","1","1"
"cmtb77gud002tdkiyoa7zz562","cmtb77gmh002sdkiytfif5f3w","Pavone Shoes","Pavone Shoes Gift Card","https://pavoneshoes.gr/en/gift-cards","https://pavoneshoes.gr","ACTIVE","VERIFIED","pavoneshoes.gr","CLEAN","1","1"
"cmta1mccl00smq8iyn3lolob8","cmta1mc5p00slq8iyr877j308","Pdltrendz","Pdltrendz Gift Card","https://pdltrendz.gr/pages/gift-cards","https://pdltrendz.gr","ACTIVE","NEEDS_REVIEW","pdltrendz.gr","CLEAN","1","1"
"cmta1f7dj001fq8iyv92yainl","cmta1f76v001eq8iyc18zqq0c","Pegabo Shoes","Ανδρικά Δερμάτινα Μοκασίνια Tamaris Μπλε 1-13201-44-805","https://pegaboshoes.gr/product-category/dorokarta/","https://pegaboshoes.gr","ACTIVE","NEEDS_REVIEW","pegaboshoes.gr","CLEAN","1","1"
"cmta1nkqp00xeq8iyl3jdazkp","cmta1nkiz00xdq8iy41l5qeb7","Pelopslandtravel","Pelopslandtravel Gift Card","https://pelopslandtravel.gr/product/gift-card/","https://pelopslandtravel.gr","ACTIVE","NEEDS_REVIEW","pelopslandtravel.gr","CLEAN","1","1"
"cmtb77h85002vdkiyrade1jng","cmtb77h30002udkiy5vxxu8z4","Pentavras Kes","Αγοράστε μία Δωροεπιταγή","https://www.pentavras-kes.gr/account/voucher","https://pentavras-kes.gr","ACTIVE","VERIFIED","pentavras-kes.gr","CLEAN","1","1"
"cmta1f3cy0011q8iy2c3kuujw","cmta1f37k0010q8iy77tcaeje","Perdikis","ΕΥΧΕΤΗΡΙΑ ΚΑΡΤΑ ΓΙΑ ΧΡΗΜΑΤΑ (ΜΠΙΛΙΕΤΑΚΙ) PICTURA ΟΥΡΑΝΙΟ ΤΟΞΟ 19926","https://www.perdikis.gr/","https://perdikis.gr","ACTIVE","VERIFIED","perdikis.gr","CLEAN","1","1"
"cmtb77ipg0033dkiyv9x4fkyi","cmtb77iki0032dkiyzpn1i0zt","Perfect Gift for Any Occasion","Gift Card | Perfect Gift for Any Occasion","https://purebubs.gr/products/gift-card","https://purebubs.gr","ACTIVE","VERIFIED","purebubs.gr","CLEAN","1","1"
"cmta4yzds003bsciy42vmkamz","cmta4yz7c003asciye4s41wsv","Perfumeintheair","Gift Cards Archives - Perfume In The Air Αρώματα μεγάλης διάρκειας ...","https://perfumeintheair.gr/product-category/gift-cards/","https://perfumeintheair.gr","ACTIVE","VERIFIED","perfumeintheair.gr","CLEAN","1","1"
"cmta1j8og00g4q8iyvg84dauk","cmta1j8i300g3q8iy6tehieg8","Pethellas","Δωροκάρτα","https://pethellas.gr/product/gift-card/","https://pethellas.gr","ACTIVE","NEEDS_REVIEW","pethellas.gr","CLEAN","1","1"
"cmta1j94w00g6q8iy1z0e6n4p","cmta1j8yp00g5q8iy73dqyf45","Petiteboutique","GIFT CARD ΔΩΡΟΕΠΙΤΑΓΗ – P❤️B petite boutique","https://petiteboutique.gr/product/gift-card-doroepitagi/","https://petiteboutique.gr","ACTIVE","NEEDS_REVIEW","petiteboutique.gr","CLEAN","1","1"
"cmta1guky0076q8iyyrgj7o17","cmta1guer0075q8iy66ovvcm4","Petradi","Όροι χρήσης δωροκάρτας","https://www.petradi.com.gr/product/giftcard/","https://petradi.com.gr","ACTIVE","NEEDS_REVIEW","petradi.com.gr","CLEAN","1","1"
"cmta1ld1900ouq8iyh416pr6o","cmta1lcus00otq8iyclnib1y8","Petrichor","Gift Card 200","https://www.petrichor.com.gr/en/gift-card","https://petrichor.com.gr","ACTIVE","NEEDS_REVIEW","petrichor.com.gr","CLEAN","1","1"
"cmta5nvuy001r54iyd9p9lep4","cmta5nvq9001q54iyazqdmnug","Petridis Stores","Petridis Stores Gift Card","https://www.petridi.gr/en/gift-vouchers/","https://petridi.gr","ACTIVE","VERIFIED","petridi.gr","CLEAN","1","1"
"cmta1j9kr00g8q8iytr87lk32","cmta1j9e600g7q8iy1df56tbq","Petvet24","Δωροκάρτα (Gift Card)","https://www.petvet24.gr/gift-card/","https://petvet24.gr","ACTIVE","NEEDS_REVIEW","petvet24.gr","CLEAN","1","1"
"cmta1ja1u00gaq8iypniunt0y","cmta1j9v800g9q8iy1nle1uqi","Pezzetta","Pezzetta eGift Card","https://www.pezzetta.gr/gift-card","https://pezzetta.gr","ACTIVE","NEEDS_REVIEW","pezzetta.gr","CLEAN","1","1"
"cmt79igv3001684iyrqjuar1j","cmt79igs4001584iyx1lcaw5f","Pharm24","Pharm24 Gift Card","https://pharm24.gr/dwrokarta-pharm24-p-27732.html","https://pharm24.gr","ACTIVE","VERIFIED","pharm24.gr","CLEAN","1","1"
"cmta1f2jh000xq8iyzwanlt71","cmta1f2cv000wq8iyrguy8go3","PharmNet","Δωροεπιταγή 50 ευρώ","https://www.pharmnet.gr/","https://pharmnet.gr","ACTIVE","VERIFIED","pharmnet.gr","CLEAN","1","1"
"cmta1lkb500pmq8iyk432joy4","cmta1lk4i00plq8iyidbkj7n0","Pharmagalaxy","Pharmagalaxy Gift Card","https://pharmagalaxy.gr/product/gift-card/","https://pharmagalaxy.gr","ACTIVE","NEEDS_REVIEW","pharmagalaxy.gr","CLEAN","1","1"
"cmta1kzo800ncq8iydupudze1","cmta1kzhi00nbq8iyvl7pvepj","Philatravel","Δωροεπιταγή Ταξιδιού","https://philatravel.gr/doroepitagi-taxidiou/","https://philatravel.gr","ACTIVE","NEEDS_REVIEW","philatravel.gr","CLEAN","1","1"
"cmta1nlfj00xgq8iyfl7238ki","cmta1nl7700xfq8iycudfjd9o","Philsgranola","Philsgranola Gift Card","https://philsgranola.gr/","https://philsgranola.gr","ACTIVE","VERIFIED","philsgranola.gr","CLEAN","1","1"
"cmta1gvbd0078q8iyfrpuq3og","cmta1guui0077q8iybyqma2gp","Phoskitchenware","GiftCard 100€","https://www.phoskitchenware.gr/en/content/10-giftcards","https://phoskitchenware.gr","ACTIVE","NEEDS_REVIEW","phoskitchenware.gr","CARD_TITLE_POLLUTED|OFFICIAL_URL_TOO_SPECIFIC","1","1"
"cmta1nlwe00xiq8iylzovy6xf","cmta1nlq100xhq8iyhrd4aiit","Physioathens","Physioathens Gift Card","https://physioathens.gr/gift-card/","https://physioathens.gr","ACTIVE","NEEDS_REVIEW","physioathens.gr","CLEAN","1","1"
"cmtb77hlh002xdkiyk3j9xven","cmtb77hgm002wdkiy7a6hmw6n","Physis Massage","Physis Massage Gift Card","https://physismassage.gr/en/gift-cards/","https://physismassage.gr","ACTIVE","VERIFIED","physismassage.gr","CLEAN","1","1"
"cmta1l09c00neq8iy2d769fb1","cmta1l02r00ndq8iyx2i3307v","Pibu","Pibu Gift Card","https://www.pibu.gr/product-category/gift-card/","https://pibu.gr","ACTIVE","NEEDS_REVIEW","pibu.gr","CLEAN","1","1"
"cmta1nmct00xkq8iy4dlkj0k6","cmta1nm6s00xjq8iyb6787fku","Piccolo Orso","Piccolo Orso Gift Card","https://piccolo-orso.gr/shop/gift-card/","https://piccolo-orso.gr","ACTIVE","NEEDS_REVIEW","piccolo-orso.gr","CLEAN","1","1"
"cmta1gw6k007aq8iyem3o50mp","cmta1gvpr0079q8iys67a9a75","Piedini","Gift Card Γυναικεία & Ανδρικά Παπούτσια","https://www.piedini.gr/gift-card","https://piedini.gr","ACTIVE","NEEDS_REVIEW","piedini.gr","CLEAN","1","1"
"cmt79ihfq001c84iymmqcvnee","cmt79ihcu001b84iy567io27n","Plaisio","Plaisio Gift Card","https://plaisio.gr/help/purchaseinformation/paymentmethods/plaisiogiftcard","https://plaisio.gr","ACTIVE","VERIFIED","plaisio.gr","CLEAN","1","1"
"cmta1f0po000pq8iytwczl1ho","cmta1f0j7000oq8iysl6mrjq4","Play-sports","Gift Card 20","https://play-sports.gr/product-category/gift-card/","https://play-sports.gr","ACTIVE","NEEDS_REVIEW","play-sports.gr","CLEAN","1","1"
"cmt8l60i400125giyzz43e70c","cmt8l60bp00115giyeacifmxk","PlayStation","PlayStation Gift Card","https://www.playstation.com/en-au/playstation-gift-cards/","https://www.playstation.com","ACTIVE","VERIFIED","playstation.com","CLEAN","1","1"
"cmta1jaht00gcq8iyymttuqej","cmta1jabo00gbq8iyfkwzzwws","Playroot","Δωροκάρτα","https://playroot.gr/product/giftcard/","https://playroot.gr","ACTIVE","NEEDS_REVIEW","playroot.gr","CLEAN","1","1"
"cmta1jay200geq8iyzdfxuwo3","cmta1jarh00gdq8iyxtg67ir3","Pleasurefashion","Δωροκάρτα 30 Ευρώ - Pleasure Fashion","https://pleasurefashion.gr/","https://pleasurefashion.gr","ACTIVE","VERIFIED","pleasurefashion.gr","CLEAN","1","1"
"cmtb78a69006ydkiybuyeg7l8","cmtb78a1e006xdkiyci06sr0y","Plegmashop","Gift Voucher","https://plegmashop.gr/product/gift-voucher/","https://plegmashop.gr","ACTIVE","VERIFIED","plegmashop.gr","CLEAN","1","1"
"cmtb77hz8002zdkiyyqqxt5g5","cmtb77htn002ydkiyj6r7p77m","Pleko","Δωροκάρτα","https://pleko.gr/gift-ideas/gift-card-detail","https://pleko.gr","ACTIVE","VERIFIED","pleko.gr","CLEAN","1","1"
"cmta1k1m500jgq8iyshe958cq","cmta1k1ev00jfq8iymc3ul12q","Pnoewave","Gift Card - Pnoe - Body & Mind Wellness","https://pnoewave.gr/gift-card/","https://pnoewave.gr","ACTIVE","NEEDS_REVIEW","pnoewave.gr","CLEAN","1","1"
"cmta1jbe500ggq8iyku41w6hi","cmta1jb8400gfq8iyzptmp6nl","Pocolocojewellery","Δωροκάρτα - PocoLoco Jewellery #1 Επιλογή για Piercing","https://pocolocojewellery.gr/product/dorokarta/","https://pocolocojewellery.gr","ACTIVE","NEEDS_REVIEW","pocolocojewellery.gr","CLEAN","1","1"
"cmta5nw9j001t54iybpluaasg","cmta5nw46001s54iy628m45ik","Poem Luxury","Δωροκάρτα Poem-Luxury 100","https://poem-luxury.gr/product/giftcard-100/","https://poem-luxury.gr","ACTIVE","VERIFIED","poem-luxury.gr","OFFICIAL_URL_TOO_SPECIFIC","1","1"
"cmta1l0s700ngq8iytuqw9bw3","cmta1l0lh00nfq8iy17k2mf17","Pointe","Gift Voucher | Pointe.gr: ηλεκτρονικό κατάστημα ειδών χορού","https://pointe.gr/category/accessories/gifts/gift-vouchers/","https://pointe.gr","ACTIVE","NEEDS_REVIEW","pointe.gr","CLEAN","1","1"
"cmta1gwny007cq8iygaqc9ecz","cmta1gwic007bq8iyx3baviuz","Polis Hammam","Δωροκάρτες – Polis Hammam","https://polis-hammam.gr/product/doroepitagi/","https://polis-hammam.gr","ACTIVE","NEEDS_REVIEW","polis-hammam.gr","CLEAN","1","1"
"cmta1gehv005kq8iy5t425hrk","cmta1gecq005jq8iyyuke43mc","Politikos Shop","Δωροκαρτα - Politikos","https://www.politikos-shop.gr/gift-cards","https://politikos-shop.gr","ACTIVE","NEEDS_REVIEW","politikos-shop.gr","CLEAN","1","1"
"cmta1nmsz00xmq8iy9pwfqup0","cmta1nmmr00xlq8iyup4chk6f","Porfyrastore","Porfyrastore Gift Card","https://porfyrastore.gr/gift-cards/","https://porfyrastore.gr","ACTIVE","NEEDS_REVIEW","porfyrastore.gr","CLEAN","1","1"
"cmta1m0d900rcq8iy7cru4enr","cmta1m06000rbq8iy378r21kw","Poupee","Gift card - Poupée","https://poupee.gr/","https://poupee.gr","ACTIVE","VERIFIED","poupee.gr","CLEAN","1","1"
"cmtb6v18b003g3giyvg8zhfi4","cmtb6v13b003f3giyxe6vuddf","Power Energy","Power Energy Gift Card","https://www.powerenergy.gr/shop/dorokarta/","https://powerenergy.gr","ACTIVE","VERIFIED","powerenergy.gr","CLEAN","1","1"
"cmta4239t000at8iyxdbmhou6","cmta4234h0009t8iyslvfmbiy","Powerpharm","Δωροεπιταγή 30","https://powerpharm.gr/product-category/gift-vouchers/","https://powerpharm.gr","ACTIVE","NEEDS_REVIEW","powerpharm.gr","CLEAN","1","1"
"cmta1fpyi0039q8iyyzfu0kma","cmta1fpfj0038q8iyqulj0hwp","Pragmatic","Pragmatic Gift Voucher 100","https://www.pragmatic.gr/dora/gift-cards/","https://pragmatic.gr","ACTIVE","NEEDS_REVIEW","pragmatic.gr","CLEAN","1","1"
"cmta1jbve00giq8iy0kcyt5ns","cmta1jbou00ghq8iyu8bkax3i","Prasinoselefantas","Ψηφιακή Κάρτα Δώρου egift card","https://prasinoselefantas.gr/product/gift-card/","https://prasinoselefantas.gr","ACTIVE","NEEDS_REVIEW","prasinoselefantas.gr","CLEAN","1","1"
"cmtb7i4z6001d04iynhzy9379","cmtb7i4tc001c04iydbkml154","Premium Greek Natural Skincare","Gift Card - Premium Greek Natural Skincare","https://oriadathens.com/product/gift-card-50e/","https://oriadathens.com","ACTIVE","VERIFIED","oriadathens.com","OFFICIAL_URL_TOO_SPECIFIC","1","1"
"cmt79ii0a001i84iy9nr3cfur","cmt79ihwt001h84iy9ye6u3j2","Prenatal","Prenatal Gift Card","https://prenatal.gr/gift-card","https://prenatal.gr","ACTIVE","VERIFIED","prenatal.gr","CLEAN","1","1"
"cmtb7i194000v04iygg8ltr9f","cmtb7i12m000u04iynn26j31q","Prepare for Greece","Prepare for Greece Greek Language Course Gift Card","https://prepareforgreece.com/ro/products/greek-language-course-gift-card","https://prepareforgreece.com","ACTIVE","VERIFIED","prepareforgreece.com","CLEAN","1","1"
"cmta1nn9k00xoq8iyzh4ts5tj","cmta1nn2w00xnq8iysyd20gzz","Pret A Beaute","Gift Card | Gift certificate","https://pret-a-beaute.gr/products/gift-card","https://pret-a-beaute.gr","ACTIVE","NEEDS_REVIEW","pret-a-beaute.gr","CLEAN","1","1"
"cmtb6v1zk003k3giylp5bfu63","cmtb6v1uu003j3giyr57ozj6k","Princess","Δωροκάρτες - Princess","https://princess.com.gr/product-category/%CE%B4%CF%89%CF%81%CE%BF%CE%BA%CE%AC%CF%81%CF%84%CE%B5%CF%82/","https://princess.com.gr","ACTIVE","VERIFIED","princess.com.gr","CLEAN","1","1"
"cmta1m0uh00req8iycwbgvctn","cmta1m0nl00rdq8iyz2i93092","Printhouse","Εκτύπωση Κάρτα Δώρου Gift Voucher","https://printhouse.gr/ektyposeis-gia-ksenodokheia/gift-voucher","https://printhouse.gr","ARCHIVED","REJECTED","printhouse.gr","CLEAN","1","1"
"cmta1nnui00xqq8iyverz0w50","cmta1nnlj00xpq8iyi0360ygm","Profitstore","ΔωροΕπιταγή - Gift Card αξίας 500€ - ProfitStore","https://profitstore.gr/","https://profitstore.gr","ACTIVE","VERIFIED","profitstore.gr","CARD_TITLE_POLLUTED","1","1"
"cmtb6v2c1003m3giysn0i7ou6","cmtb6v27r003l3giypht1hs72","Project Soma","Δωροκάρτα | Project Soma | projectsoma.gr","https://projectsoma.gr/dorokarta.html","https://projectsoma.gr","ACTIVE","VERIFIED","projectsoma.gr","CLEAN","1","1"
"cmta1g45r004nq8iytbhvk05w","cmta1g3ys004mq8iy3qs4ol62","Projectshops","Projectshops Δωροκάρτα Gift Card","https://projectshops.gr/gift-card-virtual","https://projectshops.gr","ACTIVE","VERIFIED","projectshops.gr","CLEAN","1","1"
"cmta5nwmb001v54iyw3bzxz6q","cmta5nwhd001u54iyixfzs15z","Proswimwear","ProSwimwear Δωροεπιταγή | Οι Καλύτερες Τιμές Online","https://www.proswimwear.gr/product/proswimwear-gift-voucher/","https://proswimwear.gr","ACTIVE","VERIFIED","proswimwear.gr","CLEAN","1","1"
"cmtb6e0zq0005i4iy5urp2n1t","cmtb6e0uw0004i4iyoqqo1osh","Proteas Blu Resort","Proteas Blu Resort Gift Card","https://www.proteasbluresort.gr/gift-voucher/","https://proteasbluresort.gr","ACTIVE","NEEDS_REVIEW","proteasbluresort.gr","CLEAN","1","1"
"cmta1l18300niq8iyfjqu39zb","cmta1l12800nhq8iy7m1jy4ap","Psaltou","Gift Card Αξίας 70","https://www.psaltou.gr/gift-cards","https://psaltou.gr","ACTIVE","NEEDS_REVIEW","psaltou.gr","CLEAN","1","1"
"cmta1jccn00gkq8iyko4bp2k8","cmta1jc6b00gjq8iyiu6ojjwp","Psomiadishome","Δωροκάρτα - giftcard","https://psomiadishome.gr/gift-card.html","https://psomiadishome.gr","ACTIVE","NEEDS_REVIEW","psomiadishome.gr","CLEAN","1","1"
"cmta1jcvk00gmq8iyrx516n5h","cmta1jcpl00glq8iyiewjd0bh","Ptbox","Gift Card - PT Box","https://www.ptbox.gr/gift-card","https://ptbox.gr","ACTIVE","NEEDS_REVIEW","ptbox.gr","CLEAN","1","1"
"cmt8fb3si000k6kiyq13oidum","cmt8fb3lj000j6kiysgaap6u5","Public","Public Gift Card","https://public.gr/send-gift-card","https://public.gr","ACTIVE","VERIFIED","public.gr","CLEAN","1","1"
"cmta1g612004uq8iy6ctyhbtp","cmt8hesrb000fa8iycuggb6wc","Puma Greece","Gift Card Terms & Conditions","https://giftcard.puma.com/de/en/TERMS_AND_CONDITIONS.html","https://eu.puma.com","ARCHIVED","REJECTED","eu.puma.com","POSSIBLE_DUPLICATE_PROGRAM","2","2"
"cmt8hesz5000ga8iykmbj9m8y","cmt8hesrb000fa8iycuggb6wc","Puma Greece","Puma Greece Gift Card","https://eu.puma.com/gr/en/pd/digital-gift-card","https://eu.puma.com","ACTIVE","VERIFIED","eu.puma.com","POSSIBLE_DUPLICATE_PROGRAM","2","2"
"cmta5nwz8001x54iybk0fzt5z","cmta5nwum001w54iy1kd87zna","Purity Vision COM","Purity Vision COM Gift Card","https://www.purityvision.gr/products/gift-card-60-eur","https://purityvision.gr","ACTIVE","VERIFIED","purityvision.gr","OFFICIAL_URL_TOO_SPECIFIC","1","1"
"cmta1node00xsq8iye2l4utkg","cmta1no5i00xrq8iye1impiqz","Puroshop","Δωροεπιταγή - PuroShop","https://puroshop.gr/product-category/gift-card/","https://puroshop.gr","ACTIVE","NEEDS_REVIEW","puroshop.gr","CLEAN","1","1"
"cmtb77y4v005bdkiyuijz0q0u","cmtb77y00005adkiya4pa2gzm","Quad & Buggy Safari Crete","Gift Card - Quad & Buggy Safari Crete","https://www.offroadcrete.gr/gift-card","https://offroadcrete.gr","ACTIVE","VERIFIED","offroadcrete.gr","CLEAN","1","1"
"cmtb62rai001v94iyjd4xhwwl","cmtb62r5h001u94iyasn3pt54","Radiodaysfashion","Radiodaysfashion Gift Card","https://www.radiodaysfashion.gr/giftcard","https://radiodaysfashion.gr","ACTIVE","VERIFIED","radiodaysfashion.gr","CLEAN","1","1"
"cmta1g1xp004fq8iycs60b0nu","cmta1g1rb004eq8iybuvsqb1m","Red Raven Eyewear","Red Raven Eyewear Δωροκάρτα Gift Card","https://myredraven.com/products/red-raven-gift-card","https://myredraven.com","ACTIVE","VERIFIED","myredraven.com","CLEAN","1","1"
"cmta1gevc005mq8iyxrwj93a7","cmta1geq4005lq8iyvs3k2pk8","Regalinas","Ηλεκτρονική Δωροκάρτα","https://www.regalinas.gr/e-gift-card","https://regalinas.gr","ACTIVE","NEEDS_REVIEW","regalinas.gr","CLEAN","1","1"
"cmta1nouh00xuq8iyjwmt7jy4","cmta1non000xtq8iytp353wfo","Revitalash","Gift Card – RevitaLash Greece","https://revitalash.gr/products/gift-card","https://revitalash.gr","ACTIVE","NEEDS_REVIEW","revitalash.gr","CLEAN","1","1"
"cmta1l1or00nkq8iy9l3o9bru","cmta1l1iv00njq8iy81dvaoy4","Rhythmichouse","Gift card Αρχεία","https://rhythmichouse.gr/en/product/gift-card-rhythmic-house/","https://rhythmichouse.gr","ACTIVE","NEEDS_REVIEW","rhythmichouse.gr","CLEAN","1","1"
"cmta4yztg003dsciyt7jc3op8","cmta4yzn7003csciyh731m9hx","Ricordi","Όροι Gift Card - RICORDI - Men's Designer Clothing","https://ricordi.gr/en/oroi-gift-card/?srsltid","https://ricordi.gr","ACTIVE","VERIFIED","ricordi.gr","CLEAN","1","1"
"cmta4z09e003fsciy54qp8l7j","cmta4z03c003esciypzuwqti3","Rideonline","GIFT CARD - rideonline bmx streetwear","https://www.rideonline.gr/en/product/gift-card/?srsltid=AfmBOopkOYnBheo0141JHXVYX8rIsZqn8tmi6dmPyBvVGSmK6dxSixxu","https://rideonline.gr","ACTIVE","VERIFIED","rideonline.gr","CLEAN","1","1"
"cmta1evos0007q8iy98hyi3jc","cmta1evj10006q8iy32cz89b3","Rituals","The Ritual of Mehr Gift Set L - dāvanu komplekts L | RITUALS","https://www.rituals.com/","https://rituals.com","ACTIVE","VERIFIED","rituals.com","CLEAN","1","1"
"cmt8l62ab00175giyos0f2x41","cmt8l623g00165giyglxj5znv","Roblox","Roblox Gift Card","https://www.roblox.com/giftcards-gr","https://www.roblox.com","ACTIVE","VERIFIED","roblox.com","CLEAN","1","1"
"cmta4z0qq003hsciyib8smkmj","cmta4z0k6003gsciyzuu8lma1","Rococo","Gift Cards - Rococo","https://www.rococo.gr/en/gift-cards","https://rococo.gr","ACTIVE","VERIFIED","rococo.gr","CLEAN","1","1"
"cmta1k23q00jiq8iynvqcl54v","cmta1k1x700jhq8iyxupg6exd","Romeo","Romeo Gift Card","https://www.romeo.gr/gift-card","https://romeo.gr","ACTIVE","NEEDS_REVIEW","romeo.gr","CLEAN","1","1"
"cmta1npdy00xwq8iylneoffrn","cmta1np5q00xvq8iy6hktvb7w","Romina Hairstyle","Gift Cards 2 - Romina HairStyle","https://romina-hairstyle.gr/gift-cards-2/","https://romina-hairstyle.gr","ACTIVE","NEEDS_REVIEW","romina-hairstyle.gr","OFFICIAL_URL_TOO_SPECIFIC","1","1"
"cmtb7r4sk000hu8iyp7wvodly","cmtb7r4n0000gu8iy4mw4qat5","Royal Grand Hotel","Royal Grand Hotel Gift Card","https://royalgrandhotel.gr/","https://royalgrandhotel.gr","ACTIVE","VERIFIED","royalgrandhotel.gr","CLEAN","1","1"
"cmta1l26100nmq8iydzabah5l","cmta1l1zu00nlq8iywld8ilwh","Royalhair","Gift Card | Royal Hair & Spa","https://royalhair.gr/product/gift-card/","https://royalhair.gr","ACTIVE","NEEDS_REVIEW","royalhair.gr","CLEAN","1","1"
"cmta4z16k003jsciyvlhxopm1","cmta4z102003isciy93e67msg","Royalmyconian","Gift Cards | Royal Myconian Resort","https://www.royalmyconian.gr/gift-cards/","https://royalmyconian.gr","ACTIVE","VERIFIED","royalmyconian.gr","CLEAN","1","1"
"cmt79iijr001o84iy0hpx0a15","cmt79iigj001n84iyrxcwpcru","Rundome","Rundome Gift Card","https://rundome.gr/el/content/239-giftcards-rundome","https://rundome.gr","ACTIVE","VERIFIED","rundome.gr","OFFICIAL_URL_TOO_SPECIFIC","1","1"
"cmta1ex6z000bq8iyhh9qostn","cmta1ewzn000aq8iyq8fpkvwb","Ryanair","Ryanair gift vouchers | Flight & travel vouchers","https://www.ryanair.com/gr/el","https://ryanair.com","ACTIVE","VERIFIED","ryanair.com","CLEAN","1","1"
"cmta1fyv40047q8iybmepfa7h","cmta1fypk0046q8iyul7h6jis","SHEIN","SHEIN δωροκάρτα","https://m.shein.com/roe/pay/giftcard-home/purchase","https://m.shein.com","ACTIVE","VERIFIED","m.shein.com","CLEAN","1","1"
"cmt79ij3n001u84iydsqgy4zg","cmt79ij0d001t84iy7iqoptyj","SKY express","SKY express Gift Card","https://www.skyexpress.gr/el/book/sky-gift","https://skyexpress.gr","ACTIVE","VERIFIED","skyexpress.gr","CLEAN","1","1"
"cmtb6v46e003w3giyyuh44hqy","cmtb6v41u003v3giy9povfqu7","SOUL bags Gentle · Calm · Conscious","Δωροκάρτα - SOUL bags Gentle · Calm · Conscious","https://www.soulbags.gr/products/%CE%BA%CE%AC%CF%81%CF%84%CE%B1-%CE%B4%CF%8E%CF%81%CE%BF%CF%85","https://soulbags.gr","ACTIVE","VERIFIED","soulbags.gr","CLEAN","1","1"
"cmtb77kk9003ddkiyhamgukvo","cmtb77kf4003cdkiycdnd7aw2","SUN ΦΛΕΡΤ","SUN ΦΛΕΡΤ - Gift Card","https://sunflirt.gr/product/gift-card/","https://sunflirt.gr","ACTIVE","VERIFIED","sunflirt.gr","CLEAN","1","1"
"cmta1mcug00soq8iyorzvwm8u","cmta1mcn400snq8iy1qn2584x","Sacjeans","Sacjeans Gift Card","https://sacjeans.gr/product/gift-card/","https://sacjeans.gr","ACTIVE","NEEDS_REVIEW","sacjeans.gr","CLEAN","1","1"
"cmta1l2mc00noq8iyy9tbls13","cmta1l2fz00nnq8iywkc2k8lu","Safe Travel","Safe Travel Gift Card ~ Ταξιδιωτικό Γραφείο","https://safe-travel.gr/gift-card/","https://safe-travel.gr","ACTIVE","NEEDS_REVIEW","safe-travel.gr","CLEAN","1","1"
"cmta1l31m00nqq8iy3ycqvzn2","cmta1l2w200npq8iy2rvlbig1","Safestep","Δωροκάρτα / Gift Card | Accessories | Safe Step ®","https://safestep.gr/product/gift-card/","https://safestep.gr","ACTIVE","NEEDS_REVIEW","safestep.gr","CLEAN","1","1"
"cmta1m1c900rgq8iyqvsvjl5f","cmta1m13x00rfq8iy5t496suf","Sakkoulasbooks","Gift card - Εκδόσεις Αντ. Ν. Σάκκουλα Ε.Ε.","https://sakkoulasbooks.gr/giftcard/","https://sakkoulasbooks.gr","ACTIVE","NEEDS_REVIEW","sakkoulasbooks.gr","CLEAN","1","1"
"cmtb62rnr001x94iyaexszvck","cmtb62riy001w94iy4qqlybg8","Salondemassage","Salondemassage Gift Card","https://salondemassage.gr/en/offer/gift-card","https://salondemassage.gr","ACTIVE","VERIFIED","salondemassage.gr","CLEAN","1","1"
"cmta1mdb500sqq8iyhy20zsrp","cmta1md5400spq8iybzvjhvca","Saltymoon","Saltymoon Gift Card","https://www.saltymoon.gr/el/product-category/giftcards/","https://saltymoon.gr","ACTIVE","NEEDS_REVIEW","saltymoon.gr","CLEAN","1","1"
"cmtb6v2p6003o3giy2gadgy5g","cmtb6v2jj003n3giy074shjfa","Sandalista","Sandalista Gift Card","https://sandalista.gr/en/p/wps_wgm_giftcard-2/sgc/","https://sandalista.gr","ACTIVE","VERIFIED","sandalista.gr","OFFICIAL_URL_TOO_SPECIFIC","1","1"
"cmta1jdf100goq8iymwne5top","cmta1jd5500gnq8iyeeenv6pf","Sandglass","Δωροκάρτα - Sandglass.gr by Ammos & Gyali","https://www.sandglass.gr/product/gift-card/","https://sandglass.gr","ACTIVE","NEEDS_REVIEW","sandglass.gr","CLEAN","1","1"
"cmtb77jgp0037dkiywuiflh4j","cmtb77jay0036dkiy4uehp9j3","Sandinmytoes","Sandinmytoes Gift Card","https://sandinmytoes.gr/el/shop/gift-card-el/gift-card/","https://sandinmytoes.gr","ACTIVE","VERIFIED","sandinmytoes.gr","CLEAN","1","1"
"cmtb77ju00039dkiy0c3cnw1w","cmtb77jp50038dkiyxpafqz6u","Sanopwleio","Αγοράστε μία Δωροεπιταγή","https://www.sanopwleio.gr/account/voucher","https://sanopwleio.gr","ACTIVE","VERIFIED","sanopwleio.gr","CLEAN","1","1"
"cmta1npuk00xyq8iy9rv2fnaj","cmta1npos00xxq8iyy4krj4xf","Santi","Gift Card - Δωροκάρτα – Εναλλακτικές Θεραπείες","https://santi.gr/giftcard/","https://santi.gr","ACTIVE","NEEDS_REVIEW","santi.gr","CLEAN","1","1"
"cmtb7r55q000ju8iyqpd5hbns","cmtb7r50q000iu8iy46vbkjod","Santo Wines","Santo Wines Gift Card","https://santowines.gr/gift-cards-eu","https://santowines.gr","ACTIVE","NEEDS_REVIEW","santowines.gr","CLEAN","1","1"
"cmtb7i1na000x04iyenncco9w","cmtb7i1i0000w04iys9w2oqz8","Santorini Zen Spa","Santorini Zen Spa Gift Card","https://www.santorinizenspa.com/zen-spa-gift-voucher-program.html","https://santorinizenspa.com","ACTIVE","VERIFIED","santorinizenspa.com","CLEAN","1","1"
"cmta1nqfr00y0q8iyq52gta2b","cmta1nq7z00xzq8iyb6nd72za","Sbokos","Gift cards","https://sbokos.gr/gift-cards/","https://sbokos.gr","ACTIVE","NEEDS_REVIEW","sbokos.gr","CLEAN","1","1"
"cmta1jdvx00gqq8iy4767yu90","cmta1jdpf00gpq8iyjay8pz2w","Secretsofbeauty","Δωροκάρτα 300€ | Secrets of Beauty | Θεσσαλονίκη","https://secretsofbeauty.gr/doroepitages-spa/dorokarta-300e","https://secretsofbeauty.gr","ACTIVE","NEEDS_REVIEW","secretsofbeauty.gr","CARD_TITLE_POLLUTED|OFFICIAL_URL_TOO_SPECIFIC","1","1"
"cmta1m1t900riq8iy2b9sin92","cmta1m1mk00rhq8iyi8c0svge","Sekoia","Gift cards","https://sekoia.gr/","https://sekoia.gr","ACTIVE","VERIFIED","sekoia.gr","CLEAN","1","1"
"cmta4z237003nsciya30y9c8g","cmta4z1wt003msciyra3ph112","Semiology","Semiology Gift Cards","https://semiology.gr/en/products/semiology-gift-cards?srsltid=AfmBOopQfkvIiWqGloGY59xQ7sT-URmQlZCum7eJDlRf3Wvh86dBJetc","https://semiology.gr","ACTIVE","VERIFIED","semiology.gr","CLEAN","1","1"
"cmtb62p6j001j94iy0wbk6jyl","cmtb62p1e001i94iydv5ldjzm","Send gifts and wishes to your beloved ones","E-Gift card - Send gifts and wishes to your beloved ones","https://www.neraidochora.gr/en-gb/e-gift-card?srsltid","https://neraidochora.gr","ACTIVE","VERIFIED","neraidochora.gr","CLEAN","1","1"
"cmta1m2fh00rkq8iya9k9yxdp","cmta1m29k00rjq8iy22ccszvr","Senorclothing","GIFT CARD Archives - Senor Clothing","https://senorclothing.gr/product-category/gift-card/","https://senorclothing.gr","ACTIVE","NEEDS_REVIEW","senorclothing.gr","CLEAN","1","1"
"cmt8fb4wa000p6kiyo7ctc0p1","cmt8fb4oz000o6kiylq2ujw83","Sephora","Sephora Gift Card","https://giftcard.sephora.gr/","https://giftcard.sephora.gr","ACTIVE","VERIFIED","giftcard.sephora.gr","CLEAN","1","1"
"cmtb62s09001z94iy1ofsp7v6","cmtb62rv6001y94iyot2scee1","Serkos","Serkos Gift Card","https://www.serkos.gr/en/gift-card?srsltid","https://serkos.gr","ACTIVE","VERIFIED","serkos.gr","CLEAN","1","1"
"cmtb62sem002194iy651slae1","cmtb62s9p002094iya9cgkef1","Sfinx","Sfinx Gift Card","https://sfinx.gr/products/gift-card?srsltid","https://sfinx.gr","ACTIVE","VERIFIED","sfinx.gr","CLEAN","1","1"
"cmta1gx4n007eq8iyvpk85t6j","cmta1gwxy007dq8iy283ovzsf","Sfsonline","Ηλεκτρονική Δωροκάρτα SFS Online","https://sfsonline.gr/","https://sfsonline.gr","ACTIVE","VERIFIED","sfsonline.gr","CLEAN","1","1"
"cmta4z2k7003psciyr57m9pwe","cmta4z2dl003osciyke6bolxe","Shell","Shell Gift Card | Shell Hellas","https://www.shell.gr/el_gr/shell-service-stations/ypiresies/shell-gift-card.html","https://shell.gr","ACTIVE","VERIFIED","shell.gr","CLEAN","1","1"
"cmta5nxp2002154iym24cxgfr","cmta5nxkc002054iyrperd4fx","Shine4ever.gr","Gift Voucher - Shine4ever.gr","https://shine4ever.gr/en/gift_voucher/","https://shine4ever.gr","ACTIVE","VERIFIED","shine4ever.gr","CLEAN","1","1"
"cmta1l3ip00nsq8iyh8ngswxk","cmta1l3c500nrq8iyb4wzthnb","Shoebox","Gift Card - Shoebox","https://shoebox.gr/gr/gift-card","https://shoebox.gr","ACTIVE","NEEDS_REVIEW","shoebox.gr","CLEAN","1","1"
"cmta1nqx900y2q8iyog0cfehs","cmta1nqr200y1q8iyf0ryvx34","Shoelover","Shoelover Gift Card","https://shoelover.gr/","https://shoelover.gr","ACTIVE","VERIFIED","shoelover.gr","CLEAN","1","1"
"cmta1nrf100y4q8iy718rheh1","cmta1nr8200y3q8iy7os9eref","Shop Guide","Shop Guide Gift Card","https://shop-guide.gr/products/shopguide-gift-card","https://shop-guide.gr","ACTIVE","NEEDS_REVIEW","shop-guide.gr","CLEAN","1","1"
"cmta1ffa4002bq8iy5k6w34t1","cmta1ff3n002aq8iyrx6zswhx","Shopdali","DA|LI Gift Card 50","https://shopdali.gr/products/littles-gift-card-100","https://shopdali.gr","ACTIVE","NEEDS_REVIEW","shopdali.gr","OFFICIAL_URL_TOO_SPECIFIC","1","1"
"cmta1jebk00gsq8iy1xtjtw90","cmta1je5f00grq8iyglykshx2","Signature","Ταξιδιωτική δωροεπιταγή : το καλύτερο δώρο!","https://signature.gr/gift-card/","https://signature.gr","ACTIVE","NEEDS_REVIEW","signature.gr","CLEAN","1","1"
"cmta1jewr00guq8iysneicire","cmta1jepm00gtq8iy5j5m9fet","Simple City","Δωροκάρτα","https://simple-city.gr/gift-card.html","https://simple-city.gr","ACTIVE","NEEDS_REVIEW","simple-city.gr","CLEAN","1","1"
"cmta4z30z003rsciyrl03a9ai","cmta4z2t4003qsciy97idqwk5","Simplygreen","Gift Card - Δωροκάρτα Αρχεία - Simply Green | Στρώματα γιόγκα","https://simplygreen.gr/gift-shop/gift-card-%CE%B4%CF%89%CF%81%CE%BF%CE%BA%CE%AC%CF%81%CF%84%CE%B1/","https://simplygreen.gr","ACTIVE","VERIFIED","simplygreen.gr","CLEAN","1","1"
"cmtb78aka0070dkiysu64bvb7","cmtb78aeq006zdkiywm7as6xi","Skincareplus","Δωροκάρτα","https://skincareplus.gr/product/dorokarta/","https://skincareplus.gr","ACTIVE","VERIFIED","skincareplus.gr","CLEAN","1","1"
"cmta1jfeg00gwq8iyzwet61xe","cmta1jf6v00gvq8iyxxfmg8jy","Skinky","Skinky Gift Card","https://skinky.gr/p/gift-card/?v=cd941bfdbc84","https://skinky.gr","ACTIVE","NEEDS_REVIEW","skinky.gr","CLEAN","1","1"
"cmta1nrye00y6q8iyh18c4c35","cmta1nrq800y5q8iy9tcv8iqe","Skinpositive","Skinpositive Gift Card","https://www.skinpositive.gr/gift-card","https://skinpositive.gr","ACTIVE","NEEDS_REVIEW","skinpositive.gr","CLEAN","1","1"
"cmtb77k6s003bdkiymw7vsc5w","cmtb77k1t003adkiy52io47kv","Skinreal","Δωροκάρτα","https://skinreal.gr/product/giftcards/","https://skinreal.gr","ACTIVE","VERIFIED","skinreal.gr","CLEAN","1","1"
"cmta1nsj400y8q8iyugbq8r49","cmta1nsbg00y7q8iypa5wb9tx","Skinu","Skinu Gift Card","https://www.skinu.gr/products/gift-card","https://skinu.gr","ACTIVE","NEEDS_REVIEW","skinu.gr","CLEAN","1","1"
"cmta1jfvm00gyq8iy0cpkveho","cmta1jfp900gxq8iymcgwv1qd","Skynn","Skynn Gift Card","https://skynn.gr/product/gift-card/","https://skynn.gr","ACTIVE","NEEDS_REVIEW","skynn.gr","CLEAN","1","1"
"cmta1mdsk00ssq8iy40jbzw02","cmta1mdm800srq8iyuxna4tt5","Slalomshop","SlalomShop.gr - Δωροκάρτα","https://slalomshop.gr/gift-cards/","https://slalomshop.gr","ACTIVE","NEEDS_REVIEW","slalomshop.gr","CLEAN","1","1"
"cmta1g2c7004hq8iy19fix1qe","cmta1g26j004gq8iyl0gys375","Slamdunk","Slamdunk Δωροκάρτα","https://www.slamdunk.gr/el/304016-dorokarta-slamdunk.html","https://slamdunk.gr","ACTIVE","NEEDS_REVIEW","slamdunk.gr","OFFICIAL_URL_TOO_SPECIFIC","1","1"
"cmta5ny2d002354iyvhj9mkz0","cmta5nxxp002254iy4fqx9dbp","Smaragdasart","E-Δωροκάρτα 200€","https://smaragdasart.gr/el/card/171-e-gift-card-100-.html","https://smaragdasart.gr","ACTIVE","VERIFIED","smaragdasart.gr","CARD_TITLE_POLLUTED|OFFICIAL_URL_TOO_SPECIFIC","1","1"
"cmta1me9100suq8iyfx2gcou6","cmta1me2v00stq8iybimssuvy","Smart Tap","Gift Card Smart-Tap","https://www.smart-tap.gr/products/gift-card-smart-tap","https://smart-tap.gr","ACTIVE","NEEDS_REVIEW","smart-tap.gr","CLEAN","1","1"
"cmtb6v334003q3giysxf9hqnj","cmtb6v2xw003p3giyu8im1u2a","Smarten","Δωροκάρτα","https://www.smarten.gr/katigoria/dorokarta/","https://smarten.gr","ACTIVE","VERIFIED","smarten.gr","CLEAN","1","1"
"cmt79ijk9001z84iy6v65mv8a","cmt79ijgx001y84iyylpm2wtr","Sneaker10","Sneaker10 Gift Card","https://sneaker10.gr/el/304016-dorokarta-sneaker10.html","https://sneaker10.gr","ACTIVE","VERIFIED","sneaker10.gr","OFFICIAL_URL_TOO_SPECIFIC","1","1"
"cmta1l42f00nuq8iy2f3za3fa","cmta1l3vn00ntq8iyizbeel2s","Snus Bar","gift card Αρχεία - Snus Bar","https://snus-bar.gr/","https://snus-bar.gr","ACTIVE","VERIFIED","snus-bar.gr","CLEAN","1","1"
"cmtb6v3fr003s3giyb487xou6","cmtb6v3as003r3giyth2nwn3m","Soandjos","Δωροκάρτα","https://soandjos.gr/product/dorokarta/","https://soandjos.gr","ACTIVE","VERIFIED","soandjos.gr","CLEAN","1","1"
"cmta1jgb900h0q8iyso43fmmm","cmta1jg5g00gzq8iywsf2x1ts","Sokmi","Gift card - Δωροκάρτα","https://sokmi.gr/","https://sokmi.gr","ACTIVE","VERIFIED","sokmi.gr","CLEAN","1","1"
"cmta1l4jp00nwq8iymqbrwqdb","cmta1l4c300nvq8iy4s1unv8t","Solivagant","Gift Card - Prepaid Card - Solivagant","https://solivagant.gr/gift-card/","https://solivagant.gr","ACTIVE","NEEDS_REVIEW","solivagant.gr","CLEAN","1","1"
"cmta1nt2o00yaq8iym6euj9k4","cmta1nsuk00y9q8iy09tmoh1x","Somacreations","Somacreations Gift Card","https://somacreations.gr/products/gift-card","https://somacreations.gr","ACTIVE","NEEDS_REVIEW","somacreations.gr","CLEAN","1","1"
"cmtb6v3t6003u3giyjb9259bl","cmtb6v3o2003t3giy697d01nq","Somatherapy","Δωροεπιταγές","https://somatherapy.gr/gift-certificate/","https://somatherapy.gr","ACTIVE","VERIFIED","somatherapy.gr","CLEAN","1","1"
"cmta1jgrc00h2q8iylmuzku7m","cmta1jgl400h1q8iy35u741e6","Sonice","Gift Card 50 -","https://www.sonice.gr/el/185-gift-cards","https://sonice.gr","ACTIVE","NEEDS_REVIEW","sonice.gr","OFFICIAL_URL_TOO_SPECIFIC","1","1"
"cmta1l54m00nyq8iyls6svfdz","cmta1l4y700nxq8iygxekecz9","Sorelia","Gift Card - Sorelia Jewelry","https://www.sorelia.gr/gift-card","https://sorelia.gr","ACTIVE","NEEDS_REVIEW","sorelia.gr","CLEAN","1","1"
"cmta1jh6200h4q8iylaxoti6y","cmta1jh0800h3q8iybk03nw62","Sounou","δωροκάρτα για παιδικά ρούχα","https://www.sounou.gr/give-a-gift/gift-card/","https://sounou.gr","ACTIVE","NEEDS_REVIEW","sounou.gr","CLEAN","1","1"
"cmtb62sre002394iyu3pfl7b1","cmtb62smo002294iy65olskqe","Spanails Delmaresole","Gift Cards","https://spanails-delmaresole.gr/gift-card/","https://spanails-delmaresole.gr","ACTIVE","VERIFIED","spanails-delmaresole.gr","CLEAN","1","1"
"cmta1ntm900ycq8iy3qr4gnvr","cmta1ntep00ybq8iyha4kk4yc","Spaniriides","Gift card - https://www.spaniriides.com.gr","https://www.spaniriides.com.gr/product/gift-card/","https://spaniriides.com.gr","ACTIVE","NEEDS_REVIEW","spaniriides.com.gr","CLEAN","1","1"
"cmta4z3tp003tsciyordv4bmd","cmta4z3n3003ssciy33d6n6h0","Spaprive","Gift Card | Massage, Spa Suites, Spa Prive, Thessaloniki ...","https://spaprive.gr/en/offers/gift-card/","https://spaprive.gr","ACTIVE","VERIFIED","spaprive.gr","CLEAN","1","1"
"cmta1nu7100yeq8iy8dkq4jas","cmta1ntws00ydq8iytpb1ictj","Spaspanio","Spanio Gift Card","https://spaspanio.gr/product-category/giftcards/","https://spaspanio.gr","ACTIVE","NEEDS_REVIEW","spaspanio.gr","CLEAN","1","1"
"cmta1jhmo00h6q8iy0wb09n6y","cmta1jhg700h5q8iyy0dem6g9","Spitispa","Δωροκάρτα - spitispa.gr","https://spitispa.gr/dorokarta/","https://spitispa.gr","ACTIVE","NEEDS_REVIEW","spitispa.gr","CLEAN","1","1"
"cmta1fimo002jq8iyzmtmb8cv","cmta1fifo002iq8iyvuu8q795","Sport-Style","Δωροκάρτα Sport Style","https://www.sport-style.gr/","https://sport-style.gr","ACTIVE","VERIFIED","sport-style.gr","CLEAN","1","1"
"cmtb78bdk0072dkiyytg3oz0b","cmtb78b850071dkiy8q423ceb","Sportboutique","Gift Voucher","https://sportboutique.gr/gift-voucher/","https://sportboutique.gr","ACTIVE","VERIFIED","sportboutique.gr","CLEAN","1","1"
"cmta1gxm7007gq8iycl9elv83","cmta1gxff007fq8iy28qeo2n2","Sportcafe","eGift Card - SportCafe","https://sportcafe.gr/","https://sportcafe.gr","ACTIVE","VERIFIED","sportcafe.gr","CLEAN","1","1"
"cmtb7r5ii000lu8iy66q25yej","cmtb7r5dn000ku8iy3eejddyt","Sports Direct Greece","Sports Direct Greece Gift Card","https://www.sportsdirect.gr/accessories/gift-card","https://sportsdirect.gr","ACTIVE","NEEDS_REVIEW","sportsdirect.gr","CLEAN","1","1"
"cmta1l5p700o0q8iyqwcjwsy7","cmta1l5jq00nzq8iy8cw0ryyj","Sportsdivision","Gift Card | Sports Division","https://sportsdivision.gr/shop/wps_wgm_giftcard-2/ilektroniki-dorokarta-sports-division/","https://sportsdivision.gr","ACTIVE","NEEDS_REVIEW","sportsdivision.gr","OFFICIAL_URL_TOO_SPECIFIC","1","1"
"cmta1eztn000lq8iyz17iv7nt","cmta1ezmz000kq8iyr2e7ujvq","Sportys","ΔΩΡΟΕΠΙΤΑΓΗ 90 ΕΥΡΩ","http://www.sportys.gr/content/12535/%CF%83%CF%84%CE%B5%CE%AF%CE%BB%CF%84%CE%B5-%CE%B4%CF%89%CF%81%CE%BF%CE%B5%CF%80%CE%B9%CF%84%CE%B1%CE%B3%CE%AE-","https://sportys.gr","ACTIVE","NEEDS_REVIEW","sportys.gr","OFFICIAL_URL_TOO_SPECIFIC","1","1"
"cmta1fza40049q8iyylawabqi","cmta1fz470048q8iygtfhp1a5","Stan & Stefan","Stan & Stefan δωροκάρτα","https://www.stan-stefan.gr/gr/gift-card.html","https://stan-stefan.gr","ACTIVE","VERIFIED","stan-stefan.gr","CLEAN","1","1"
"cmta1ji3200h8q8iyjb06dwjh","cmta1jhwn00h7q8iyoie0h252","Star Nails","Δωροκάρτα - eGift Card","https://star-nails.gr/","https://star-nails.gr","ACTIVE","VERIFIED","star-nails.gr","CLEAN","1","1"
"cmtb7i1yu000y04iy1ud2iyk4","cmtikaqjt0002csiy4701v743","Starlight Cinema Crete","Starlight Cinema Crete Gift Card","https://starlightcinemacrete.com/gift-vouchers","https://starlightcinemacrete.com","ACTIVE","VERIFIED","starlightcinemacrete.com","CLEAN","1","1"
"cmt8l649e001c5giyd9tpmroa","cmt8l6430001b5giytuoenkc9","Steam","Steam Gift Card","https://store.steampowered.com/digitalgiftcards/selectgiftcard?snr=1_4_4_","https://store.steampowered.com","ACTIVE","VERIFIED","store.steampowered.com","CLEAN","1","1"
"cmta1fdif0023q8iyiy7dqia1","cmta1fdbr0022q8iyso2oofv7","StefanouMarine","ΔΩΡΟΚΑΡΤΑ STEFANOU MARINE","https://www.stefanoumarine.net/","https://stefanoumarine.net","ACTIVE","VERIFIED","stefanoumarine.net","CLEAN","1","1"
"cmtb62t3c002594iyg02duold","cmtb62syn002494iygdlwvzav","Stellaisland","Gift Voucher","https://stellaisland.gr/product/gift-voucher/","https://stellaisland.gr","ACTIVE","VERIFIED","stellaisland.gr","CLEAN","1","1"
"cmtb6v4wo00403giy1xrcqmye","cmtb6v4rd003z3giylhtezhya","Stem Toys","Stem Toys Gift Card","https://stem-toys.gr/product/%CE%B4%CF%89%CF%81%CE%BF%CE%B5%CF%80%CE%B9%CF%84%CE%B1%CE%B3%CE%AE-50-e/","https://stem-toys.gr","ACTIVE","VERIFIED","stem-toys.gr","OFFICIAL_URL_TOO_SPECIFIC","1","1"
"cmtb78bqw0074dkiyvvhnv4d4","cmtb78bm30073dkiym0hq9504","Stemalaser","Stemalaser Gift Card","https://stemalaser.gr/en/product/gift-card-2/","https://stemalaser.gr","ACTIVE","VERIFIED","stemalaser.gr","OFFICIAL_URL_TOO_SPECIFIC","1","1"
"cmta1jijd00haq8iy0wkujph9","cmta1jidc00h9q8iy2obggbjm","Stickit","Δωροεπιταγή 10 € - 100 €","https://stickit.gr/","https://stickit.gr","ACTIVE","VERIFIED","stickit.gr","CARD_TITLE_POLLUTED","1","1"
"cmta1jj2z00hcq8iy8m07iarh","cmta1jiwh00hbq8iy68u5cibn","Sticky","Δωροκαρτα Sticky","https://sticky.gr/product-category/mwb_wgm_giftcard/","https://sticky.gr","ACTIVE","NEEDS_REVIEW","sticky.gr","CLEAN","1","1"
"cmta1jjkg00heq8iyq7zpj3cf","cmta1jjde00hdq8iymhdvuagw","Storegreece","e-Gift Card","https://www.lego.storegreece.gr/upiresies/gift-cards/","https://storegreece.gr","ACTIVE","NEEDS_REVIEW","storegreece.gr","CLEAN","1","1"
"cmta1jk1x00hgq8iyhbyiv7pp","cmta1jjvp00hfq8iy74s2thdz","Storybook","e-Gift Card - storybook","https://www.storybook.gr/gift-card","https://storybook.gr","ACTIVE","NEEDS_REVIEW","storybook.gr","CLEAN","1","1"
"cmta1jkmg00hiq8iyeoo1j71v","cmta1jkec00hhq8iymr4c27mz","Strata Shop","Δωροκάρτα - strata-shop.gr","https://strata-shop.gr/product/dorokarta-40/","https://strata-shop.gr","ACTIVE","NEEDS_REVIEW","strata-shop.gr","OFFICIAL_URL_TOO_SPECIFIC","1","1"
"cmtb78c4x0076dkiyi0rou2i6","cmtb78bzy0075dkiyyeep0ctu","Stretch & Relax","Stretch & Relax Massage & Pilates Gift Card","https://www.stretchandrelax.gr/en/gift-giftcard-massage-pilates","https://stretchandrelax.gr","ACTIVE","VERIFIED","stretchandrelax.gr","CLEAN","1","1"
"cmta1kcnp00kqq8iy2x1zitpr","cmta1kchc00kpq8iyp3aywau4","Studio83","Studio83 Gift Card","https://www.studio83.gr/product/gift-card/","https://studio83.gr","ACTIVE","NEEDS_REVIEW","studio83.gr","CLEAN","1","1"
"cmta1nup500ygq8iyjaq70mhf","cmta1nuip00yfq8iygmslqv3o","Studiocalma","Gift Card - Favorite Handmade Candles - Studio Calma","https://studiocalma.gr/products/gift-card","https://studiocalma.gr","ACTIVE","NEEDS_REVIEW","studiocalma.gr","CLEAN","1","1"
"cmtb6v5ah00423giyi23icb4a","cmtb6v55f00413giyl9ew88xo","Suenobags","Δωροκάρτα","https://suenobags.gr/product-page/%CE%B4%CF%89%CF%81%CE%BF%CE%BA%CE%AC%CF%81%CF%84%CE%B1/","https://suenobags.gr","ACTIVE","VERIFIED","suenobags.gr","CLEAN","1","1"
"cmtb7r657000nu8iy3ciwxqo0","cmtb7r5rt000mu8iytyaeb0ik","Summit Gym","Summit Gym Gift Card","https://summitgym.ufr.gr/","https://summitgym.ufr.gr","ACTIVE","PENDING","summitgym.ufr.gr","CLEAN","1","1"
"cmtb7i5bs001f04iyz8mjtcii","cmtb7i56x001e04iynvm4og8k","Sunrisemykonos","Gift Cards","https://www.sunrisemykonos.com/gift-cards/","https://sunrisemykonos.com","ACTIVE","VERIFIED","sunrisemykonos.com","CLEAN","1","1"
"cmta1jl4p00hkq8iyfg4jho4h","cmta1jkwi00hjq8iy1ommjcbj","Sunsandclouds","Sunsandclouds Gift Card","https://sunsandclouds.gr/product-category/gift-cards/","https://sunsandclouds.gr","ACTIVE","NEEDS_REVIEW","sunsandclouds.gr","CLEAN","1","1"
"cmta1jlnm00hmq8iy6safgwzd","cmta1jlgq00hlq8iyoblt6fv8","Superstrom","e-Gift Card","https://superstrom.gr/","https://superstrom.gr","ACTIVE","VERIFIED","superstrom.gr","CLEAN","1","1"
"cmtb62tgf002794iyz4by47el","cmtb62tbk002694iynay5o1a0","Sweetnspicy","Δωροκάρτα","https://sweetnspicy.gr/el/product/gift-card/","https://sweetnspicy.gr","ACTIVE","VERIFIED","sweetnspicy.gr","CLEAN","1","1"
"cmta1nv6k00yiq8iyyvpip6na","cmta1nv0400yhq8iywl3ocjxp","Symmetria","Gift Cards - SYMMETRIA","https://symmetria.gr/","https://symmetria.gr","ACTIVE","VERIFIED","symmetria.gr","CLEAN","1","1"
"cmta1jm6i00hoq8iy9v4u5xg5","cmta1jlyd00hnq8iyz32uf5a8","T Support","Ηλεκτρονική Δωροκάρτα","https://t-support.gr/egift-card","https://t-support.gr","ACTIVE","NEEDS_REVIEW","t-support.gr","CLEAN","1","1"
"cmta1l69r00o2q8iysx3o77ki","cmta1l63n00o1q8iyl0i4a7xt","Tacticalstore","Δωροκάρτα 50€ Tactical Store – Digital Gift Card - Tacticalstore ...","https://www.tacticalstore.gr/product/dorokarta-tactical-store-100e-pro-gift-card/","https://tacticalstore.gr","ACTIVE","NEEDS_REVIEW","tacticalstore.gr","CARD_TITLE_POLLUTED","1","1"
"cmta4z4qr003xsciyykm8w59d","cmta4z4k4003wsciy9ee1wgu6","Tailor Made Knitwear","Tailor Made Knitwear Gift Card","https://tailormadeknitwear.com.gr/product/giftcard-tailor-made-knitwear/","https://tailormadeknitwear.com.gr","ACTIVE","VERIFIED","tailormadeknitwear.com.gr","CLEAN","1","1"
"cmta1jmup00hqq8iy8s59w364","cmta1jmn200hpq8iywjlzcjj1","Talosgems","Δωροκάρτα - Talos Gems - Φυσικά Πετρώματα, Κρύσταλλα ...","https://www.talosgems.gr/product-category/egiftcard-2/","https://talosgems.gr","ACTIVE","NEEDS_REVIEW","talosgems.gr","OFFICIAL_URL_TOO_SPECIFIC","1","1"
"cmta1kd7p00ksq8iyhrirclhl","cmta1kd0r00krq8iy10l4xz7n","Tartare","Gift Card - TARTARE","https://www.tartare.gr/gift-card/","https://tartare.gr","ACTIVE","NEEDS_REVIEW","tartare.gr","CLEAN","1","1"
"cmta1jnc700hsq8iy9qxa7npy","cmta1jn5u00hrq8iypaxdb48n","Tartarooga","Giftcard, Δωροκάρτα","https://tartarooga.gr/product/giftcard/","https://tartarooga.gr","ACTIVE","NEEDS_REVIEW","tartarooga.gr","CLEAN","1","1"
"cmta1nvns00ykq8iyonflkr96","cmta1nvh400yjq8iywfdwqhvp","Tea Pot","Gift Card Αρχεία - Teapot","https://www.tea-pot.gr/product-category/giftcard/","https://tea-pot.gr","ACTIVE","NEEDS_REVIEW","tea-pot.gr","CLEAN","1","1"
"cmta1jnvb00huq8iy2rfxodu8","cmta1jnoy00htq8iy4o5uwshb","Techframe","Δωροκάρτα - TechFrame","https://techframe.gr/","https://techframe.gr","ACTIVE","VERIFIED","techframe.gr","CLEAN","1","1"
"cmta1l6qi00o4q8iyp8gk4vuo","cmta1l6jz00o3q8iyo60gyh43","Tempiholidays","TEMPI HOLIDAYS GIFT CARD | Εκδρομή","https://www.tempiholidays.gr/gift-card/","https://tempiholidays.gr","ACTIVE","NEEDS_REVIEW","tempiholidays.gr","CLEAN","1","1"
"cmta1job800hwq8iyod3lhrkp","cmta1jo5l00hvq8iyyy7qivp0","Tempus","Tempus Gift Card","https://tempus.gr/","https://tempus.gr","ACTIVE","VERIFIED","tempus.gr","CLEAN","1","1"
"cmtb77l9j003gdkiyfjvtf40a","cmtb77l4x003fdkiyrjk2jgu7","Ten Plus","Δωροκάρτα Ten Plus","https://tenplushair.gr/ten-plus-hair-services-gift-card/","https://tenplushair.gr","ACTIVE","VERIFIED","tenplushair.gr","CLEAN","1","1"
"cmtb77kvs003edkiy6w6lndbt","cmtikaqo00003csiywsh4i0ff","Tennis Garden","Tennis Garden Gift Card","https://tennisgarden.gr/gift-cards/","https://tennisgarden.gr","ACTIVE","VERIFIED","tennisgarden.gr","CLEAN","1","1"
"cmta1jot900hyq8iy9t72wmep","cmta1jola00hxq8iy8j3ij91j","Teo","TEO Hair Salons - E-gift Card","https://www.teo.gr/gift-card.html","https://teo.gr","ACTIVE","NEEDS_REVIEW","teo.gr","CLEAN","1","1"
"cmtb62u7h002b94iyesizztm1","cmtb62u2p002a94iy2osjhs53","Texni Kosmima","Texni Kosmima Gift Card","https://www.texni-kosmima.gr/en/products/gift-card","https://texni-kosmima.gr","ACTIVE","VERIFIED","texni-kosmima.gr","CLEAN","1","1"
"cmta1l78z00o6q8iysj0iud1x","cmta1l72n00o5q8iy2ftwdloq","Thamon","Gift Card – Thamon","https://www.thamon.gr/gift-card/","https://thamon.gr","ACTIVE","NEEDS_REVIEW","thamon.gr","CLEAN","1","1"
"cmt79ik4f002584iy9hrxrei5","cmt79ik0w002484iy5xl5wx4y","The Body Shop","The Body Shop Gift Card","https://thebodyshop.gr/gift-cards","https://thebodyshop.gr","ACTIVE","VERIFIED","thebodyshop.gr","CLEAN","1","1"
"cmta1l7rn00o8q8iyt9an242o","cmta1l7lu00o7q8iy2bo61te5","The Toy","Gift Card Archives - Το Παιχνίδι | Μόνο το καλύτερο","https://the-toy.gr/product-category/gift-card/","https://the-toy.gr","ACTIVE","NEEDS_REVIEW","the-toy.gr","CLEAN","1","1"
"cmtb7hylq000h04iyusxw48a6","cmtb7hygt000g04iyr77czbp5","The Ultimate Travel Gift","The Ultimate Travel Gift | Divani Palace Acropolis Gift Card","https://divaniacropolishotel.com/gift-card/","https://divaniacropolishotel.com","ACTIVE","VERIFIED","divaniacropolishotel.com","CLEAN","1","1"
"cmta1l8b200oaq8iyrehk8grk","cmta1l85100o9q8iy06n4fmn2","Thebabycity","Δωροκάρτα The Baby City","https://thebabycity.gr/vrefiko-domatio-epipla/giftcard/","https://thebabycity.gr","ACTIVE","NEEDS_REVIEW","thebabycity.gr","CLEAN","1","1"
"cmta1jpat00i0q8iywyn40qck","cmta1jp4a00hzq8iy7lm2bf4t","Thebrands","VIRTUAL GIFT CARD","https://thebrands.gr/product/gift-card/","https://thebrands.gr","ACTIVE","NEEDS_REVIEW","thebrands.gr","CLEAN","1","1"
"cmta1jpt400i2q8iyuea4hfjh","cmta1jpka00i1q8iy8se1rhuw","Thejacketmaker","Buy E-Gift Card in Greece - The Jacket Maker","https://www.thejacketmaker.gr/products/gift-cards","https://thejacketmaker.gr","ACTIVE","NEEDS_REVIEW","thejacketmaker.gr","CLEAN","1","1"
"cmtb62ujl002d94iyrdhk5afr","cmtb62ufg002c94iyh87qyncn","Thejerkins","Thejerkins Gift Card","https://thejerkins.com.gr/products/gift-card?srsltid","https://thejerkins.com.gr","ACTIVE","VERIFIED","thejerkins.com.gr","CLEAN","1","1"
"cmta1m2xt00rmq8iylafzr3pp","cmta1m2se00rlq8iybu8clfeq","Theknittingclub","Gift Cards","https://theknittingclub.gr/","https://theknittingclub.gr","ACTIVE","VERIFIED","theknittingclub.gr","CLEAN","1","1"
"cmta1l8s900ocq8iygll1sq7o","cmta1l8lm00obq8iygmx0i27p","Theloftchalkida","Δωροκάρτα","https://theloftchalkida.gr/product/e-gift-card/","https://theloftchalkida.gr","ACTIVE","NEEDS_REVIEW","theloftchalkida.gr","CLEAN","1","1"
"cmta1m3dd00roq8iybqsttwll","cmta1m36x00rnq8iy9oo0yjmh","Themagicbox","Themagicbox Gift Card","https://www.themagicbox.gr/product-category/gift-card/","https://themagicbox.gr","ACTIVE","NEEDS_REVIEW","themagicbox.gr","CLEAN","1","1"
"cmta1l98l00oeq8iy15m3wc2s","cmta1l91x00odq8iy0ga5jfhh","Themassagesuite","Gift Card for Massage - The Perfect Gift","https://themassagesuite.gr/dorokarta/","https://themassagesuite.gr","ACTIVE","NEEDS_REVIEW","themassagesuite.gr","CLEAN","1","1"
"cmta1nw4a00ymq8iy2tzn8eg1","cmta1nvxt00ylq8iyblhzjvjs","Themassageworld","The Massage World-ΔΩΡΟΚΑΡΤΕΣ","https://www.themassageworld.gr/giftcards","https://themassageworld.gr","ACTIVE","NEEDS_REVIEW","themassageworld.gr","CLEAN","1","1"
"cmtb62uwc002f94iyphkg86az","cmtb62urd002e94iy6pec0pgy","Themeetmarket","Gift Cards","https://www.themeetmarket.gr/shop-online/gift-cards/","https://themeetmarket.gr","ACTIVE","VERIFIED","themeetmarket.gr","CLEAN","1","1"
"cmta1jq9i00i4q8iybfdyv8r1","cmta1jq3d00i3q8iyxclxxu91","Theocreations","Δωροκάρτα","https://theocreations.gr/dorokarta/","https://theocreations.gr","ACTIVE","NEEDS_REVIEW","theocreations.gr","CLEAN","1","1"
"cmta1f888001jq8iyip6oud9c","cmta1f82b001iq8iyewg8e5b5","Theodorou.Shop","e-Δωροκάρτα | 300","https://theodorou.shop/edorokarta","https://theodorou.shop","ACTIVE","NEEDS_REVIEW","theodorou.shop","CLEAN","1","1"
"cmta1m3z100rqq8iy4inaqyfz","cmta1m3qd00rpq8iyigim5svy","Theplants","Gift Card - The Plants - Eshop - Φυτά εσωτερικού και ...","https://theplants.gr/","https://theplants.gr","ACTIVE","VERIFIED","theplants.gr","CLEAN","1","1"
"cmtb62v9t002h94iy007xdnrw","cmtb62v4o002g94iybrh7p59j","Thermaesylla","Gift Voucher","https://www.thermaesylla.gr/offers/gift-voucher/","https://thermaesylla.gr","ACTIVE","VERIFIED","thermaesylla.gr","CLEAN","1","1"
"cmtb6v5zy00463giyo0ged1h5","cmtb6v5v500453giyah6giek0","Thermespa","Δωροκάρτες","https://thermespa.gr/doroepitages/","https://thermespa.gr","ACTIVE","VERIFIED","thermespa.gr","CLEAN","1","1"
"cmta1gf8z005oq8iyou6f59fe","cmta1gf3q005nq8iy5fqrw10p","Thescentlab","E-Gift Card","https://thescentlab.gr/shop/face-and-body/e-gift-card/","https://thescentlab.gr","ACTIVE","NEEDS_REVIEW","thescentlab.gr","CLEAN","1","1"
"cmta1kdpl00kuq8iyzx8o451e","cmta1kdj500ktq8iygzvydrdj","Thewinezoo","Gift Card | Χαρίστε ένα ξεχωριστό δώρο από το The ...","https://www.thewinezoo.gr/online-%CE%BA%CE%B1%CE%B2%CE%B1/%ce%b4%ce%b9%ce%ac%cf%86%ce%bf%cf%81%ce%b1/gift-card/","https://thewinezoo.gr","ACTIVE","NEEDS_REVIEW","thewinezoo.gr","CLEAN","1","1"
"cmta1lci000osq8iyoc41j59a","cmta1lcbf00orq8iyfk9s3ls1","Thewonderroom","GIFT CARDS Archives","https://www.thewonderroom.gr/product-category/gift-finder/gift-cards/","https://thewonderroom.gr","ACTIVE","NEEDS_REVIEW","thewonderroom.gr","CLEAN","1","1"
"cmtb77lnk003idkiykm5i5vto","cmtb77lik003hdkiy87gxmjpc","Theλamdaproject","Theλamdaproject Gift Card","https://thelproject.gr/courses/gift-voucher/","https://thelproject.gr","ACTIVE","VERIFIED","thelproject.gr","CLEAN","1","1"
"cmtb78f6y007mdkiyuykz63vg","cmtb78f1t007ldkiyny3ummq2","Thiamia","Thiamia Gift Card","https://thiamia.gr/en/product-category/shop/giftcard/","https://thiamia.gr","ACTIVE","VERIFIED","thiamia.gr","CLEAN","1","1"
"cmta1f9l4001pq8iyfg0m4wfa","cmta1f9en001oq8iyi97gi0pu","ThinkFit.gr","Δωροκάρτα Think Gift","https://thinkfit.gr/product/giftcard/","https://thinkfit.gr","ACTIVE","NEEDS_REVIEW","thinkfit.gr","CLEAN","1","1"
"cmta5nyde002454iyc6vaizw0","cmta1fozl0036q8iyfva5aozo","Thomann","Thomann Gift Card","https://www.thomann.gr/gift_voucher.html","https://thomann.de","ACTIVE","VERIFIED","thomann.de","POSSIBLE_DUPLICATE_PROGRAM","2","2"
"cmta1fp5c0037q8iy0bte1j9f","cmta1fozl0036q8iyfva5aozo","Thomann","Thomann Gift Certificate 50 EUR","https://www.thomann.de/gr/index.html","https://thomann.de","ARCHIVED","REJECTED","thomann.de","CARD_TITLE_POLLUTED|POSSIBLE_DUPLICATE_PROGRAM","2","2"
"cmt8nr9qr000b0oiyu9jo1bco","cmt8nr9jy000a0oiyqsceh3b2","Thomas Sabo","Thomas Sabo Gift Card","https://www.thomassabo.com/EU/fr_FR/pd/gift-card-pdf/RET0030.html","https://www.thomassabo.com","ACTIVE","VERIFIED","thomassabo.com","CLEAN","1","1"
"cmtb77m0r003kdkiycq639ugh","cmtb77lw0003jdkiy1v29atuj","Threadboutique","Threadboutique Gift Card","https://threadboutique.gr/collections/gift-card","https://threadboutique.gr","ACTIVE","VERIFIED","threadboutique.gr","CLEAN","1","1"
"cmtb77yht005ddkiykt4vsu49","cmtb77yct005cdkiy70l66iyx","Times Store","Times Store Gift Card","https://www.timesstore.gr/timesstore-gift-card","https://timesstore.gr","ACTIVE","VERIFIED","timesstore.gr","CLEAN","1","1"
"cmta1frh2003dq8iyqvrgxoji","cmta1fr6j003cq8iyk2a6hpsi","Tinycocoon","Δωροκάρτα","https://tinycocoon.gr/","https://tinycocoon.gr","ACTIVE","VERIFIED","tinycocoon.gr","CLEAN","1","1"
"cmta1jqr600i6q8iyy3wz1tsk","cmta1jqky00i5q8iy694cggyt","Tinytoes","Gift Card | Tiny Toes","https://www.tinytoes.gr/product-category/gift-ideas/gift-cards/","https://tinytoes.gr","ACTIVE","NEEDS_REVIEW","tinytoes.gr","CLEAN","1","1"
"cmta1mepx00swq8iyfxeq5ejv","cmta1meit00svq8iy8kajeoj7","Tinytoyshop","Gift Card - Tiny Toy Shop","https://www.tinytoyshop.gr/products/gift-card","https://tinytoyshop.gr","ACTIVE","NEEDS_REVIEW","tinytoyshop.gr","CLEAN","1","1"
"cmta1nwjv00yoq8iyc4zi26q7","cmta1nwdz00ynq8iymil76g6b","Tirato","Gift Card TIRA TO","https://tirato.gr/products/gift-card-tira-to","https://tirato.gr","ACTIVE","NEEDS_REVIEW","tirato.gr","CLEAN","1","1"
"cmtb62vm6002j94iyoo274siw","cmtb62vhg002i94iyio8xojh1","Tmsjewel","Δωροεπιταγές","https://tmsjewel.gr/product-category/gift-cards","https://tmsjewel.gr","ACTIVE","VERIFIED","tmsjewel.gr","CLEAN","1","1"
"cmta1eubc0001q8iydiwk2lo3","cmta1eu4h0000q8iyj2c2hist","ToFarmakeioMou","ToFarmakeioMou.gr | Το online φαρμακείο σου για καλλυντικά, βιταμίνες & πάνες","https://www.tofarmakeiomou.gr/","https://tofarmakeiomou.gr","ACTIVE","VERIFIED","tofarmakeiomou.gr","CLEAN","1","1"
"cmta1jr9v00i8q8iye2zkol72","cmta1jr3k00i7q8iygcjk7pe7","Toalfavitarisou","e-Gift Card","https://toalfavitarisou.gr/e-gift-card/","https://toalfavitarisou.gr","ACTIVE","NEEDS_REVIEW","toalfavitarisou.gr","CLEAN","1","1"
"cmtb6v6cq00483giyyk07at2d","cmtb6v67q00473giy0nlkvmxg","Toaromatiseftixias","Δωροκάρτα","https://toaromatiseftixias.gr/%CE%B4%CF%89%CF%81%CE%BF%CE%BA%CE%AC%CF%81%CF%84%CE%B1","https://toaromatiseftixias.gr","ACTIVE","VERIFIED","toaromatiseftixias.gr","CLEAN","1","1"
"cmtb77mdy003mdkiy52m5hkpz","cmtb77m99003ldkiysbkdb8yp","Tokopeli","Δωροκάρτα","https://www.tokopeli.gr/voucher","https://tokopeli.gr","ACTIVE","VERIFIED","tokopeli.gr","CLEAN","1","1"
"cmta1jrt400iaq8iymrwg1lq5","cmta1jrmg00i9q8iy4yulanh4","Toms","Giftcard - Toms","https://www.toms.gr/el/giftcard","https://toms.gr","ACTIVE","NEEDS_REVIEW","toms.gr","CLEAN","1","1"
"cmtb6v6r8004a3giymncleyja","cmtb6v6l000493giyfwjvlofm","Tony Couper","Δωροκάρτες – Tony Couper | Style Clothing","https://tonycouper.com.gr/product-category/dorokartes/","https://tonycouper.com.gr","ACTIVE","VERIFIED","tonycouper.com.gr","CLEAN","1","1"
"cmta1jsa400icq8iy7rh4l4sw","cmta1js3e00ibq8iyb1y3ovdc","Toolman","Ηλεκτρονική Δωροκάρτα Toolman","https://www.toolman.gr/gift-card-gfcd/dorokarta/","https://toolman.gr","ACTIVE","NEEDS_REVIEW","toolman.gr","CLEAN","1","1"
"cmtb77mrq003odkiy1tu5wv2w","cmtb77mmc003ndkiyzbzlikcd","Toolsmania","Αγοράστε μία Δωροεπιταγή","https://www.toolsmania.gr/index.php?route=account%2Fvoucher","https://toolsmania.gr","ACTIVE","VERIFIED","toolsmania.gr","CLEAN","1","1"
"cmta1f6xk001dq8iy0rtydwan","cmta1f6r7001cq8iyzdcvwy4u","Top-Style","Δωροκάρτα","https://top-style.gr/proion/dorokarta/","https://top-style.gr","ACTIVE","NEEDS_REVIEW","top-style.gr","CLEAN","1","1"
"cmtb77n4m003qdkiyjf9v5mzc","cmtb77mzs003pdkiyc12og14q","Topgreekwines","Gift voucher 50€","https://www.topgreekwines.gr/en-gb/gift-voucher-50%E2%82%AC-wines.html","https://topgreekwines.gr","ACTIVE","VERIFIED","topgreekwines.gr","CARD_TITLE_POLLUTED|OFFICIAL_URL_TOO_SPECIFIC","1","1"
"cmtb779w0001tdkiyd0raoh5k","cmtb779qn001sdkiyqvv89lc5","Toys Center e","Toys Center e-Gift Card - Σύγκριση καρτών","https://kartoula.gr/card/toys-center-e-gift-card","https://kartoula.gr","ACTIVE","VERIFIED","kartoula.gr","CLEAN","1","1"
"cmta1gy2c007iq8iysz2lc12v","cmta1gxwr007hq8iydqyoi0d1","Toys Shop","Toys-shop Choice Egift Card 10 TSGC10","https://toys-shop.gr/","https://toys-shop.gr","ACTIVE","VERIFIED","toys-shop.gr","CLEAN","1","1"
"cmta1fahw001tq8iy1xha6nv0","cmta1fac7001sq8iyd2v8yrai","Toys and Gifts","100 Χάρισε μια δωροκάρτα 100 ευρώ","https://www.toysandgifts.gr/","https://toysandgifts.gr","ACTIVE","VERIFIED","toysandgifts.gr","CLEAN","1","1"
"cmta5nyst002654iyxa6404qo","cmta5nymy002554iydwpf6kus","Toys.gr","Δωροκάρτα Toys.gr","https://www.toys.gr/giftcard-toysgr?srsltid=AfmBOopHe1JYXA8bgQ-3bx7gJAfgE7dW0sC72mBCtGQ3P7XeU7pKi-pd","https://toys.gr","ACTIVE","VERIFIED","toys.gr","CLEAN","1","1"
"cmtb6v750004c3giytcp40e12","cmtb6v6zj004b3giy44bq19ms","Toysfirst","Δωροκάρτα","https://toysfirst.gr/product/dorokarta/","https://toysfirst.gr","ACTIVE","VERIFIED","toysfirst.gr","CLEAN","1","1"
"cmta1nx0b00yqq8iyfkhg9twh","cmta1nwth00ypq8iycqipc076","Trailofmind","Gift Voucher","https://trailofmind.gr/gift-voucher/","https://trailofmind.gr","ACTIVE","NEEDS_REVIEW","trailofmind.gr","CLEAN","1","1"
"cmta1m4el00rsq8iyyb9weurb","cmta1m48h00rrq8iyu405lopv","Traisto","Traisto Gift Card | Handmade Textiles & Slow Crafted Goods","https://www.traisto.gr/products/gift-cards","https://traisto.gr","ACTIVE","NEEDS_REVIEW","traisto.gr","CLEAN","1","1"
"cmta4z59u003zsciyolycjiwh","cmta4z52g003ysciyahwbipxh","Trapped","TRAPPED GIFT CARD | Τα πιο συναρπαστικά Escape Rooms","https://trapped.gr/gift-card/","https://trapped.gr","ACTIVE","VERIFIED","trapped.gr","CLEAN","1","1"
"cmta1l9p000ogq8iyo1y8qv5k","cmta1l9iw00ofq8iy7s34mm5k","Travelagency","ΤΑΞΙΔΙΩΤΙΚΗ ΔΩΡΟΕΠΙΤΑΓΗ","https://travelagency.gr/tour/gift-card/","https://travelagency.gr","ACTIVE","NEEDS_REVIEW","travelagency.gr","CLEAN","1","1"
"cmta1nxhd00ysq8iy4egocjgs","cmta1nxap00yrq8iy1zbidnep","Treasurebox","Gift Card - Treasure Box","https://www.treasurebox.gr/products/gift-card","https://treasurebox.gr","ACTIVE","NEEDS_REVIEW","treasurebox.gr","CLEAN","1","1"
"cmt8nragw000g0oiy5et49hfh","cmt8nraa2000f0oiyh5ymzqed","Treatwell","Treatwell Gift Card","https://www.treatwell.gr/dwrokarta/","https://www.treatwell.gr","ACTIVE","VERIFIED","treatwell.gr","CLEAN","1","1"
"cmtb62vyy002l94iyjyij5od6","cmtb62vtt002k94iyxb0plsvn","Trekking","Trekking Gift Card","https://trekking.gr/el/gift-voucher","https://trekking.gr","ACTIVE","VERIFIED","trekking.gr","CLEAN","1","1"
"cmtb77ni3003sdkiyl9m6uyo5","cmtb77ncn003rdkiyfsaebr8n","Tresjoli","Αγοράστε μία Δωροεπιταγή","https://www.tresjoli.gr/index.php/?route=account/voucher","https://tresjoli.gr","ACTIVE","VERIFIED","tresjoli.gr","CLEAN","1","1"
"cmta1m4x600ruq8iyic1fo9fb","cmta1m4q100rtq8iy63n4cf58","Tresorjewelry","Gift Card - Tresor Jewelry","https://tresorjewelry.gr/","https://tresorjewelry.gr","ACTIVE","VERIFIED","tresorjewelry.gr","CLEAN","1","1"
"cmtb77nwo003udkiy9wf8eyjq","cmtb77nrs003tdkiymcao32ux","Trimis","Αγοράστε μία Δωροεπιταγή","https://www.trimis.com.gr/account/voucher","https://trimis.com.gr","ACTIVE","VERIFIED","trimis.com.gr","CLEAN","1","1"
"cmta1nxyl00yuq8iy89u0st0s","cmta1nxrz00ytq8iyxxy6ehr7","Trollbeads","Trollbeads Gift Card","https://trollbeads.gr/collections/gift-card","https://trollbeads.gr","ACTIVE","NEEDS_REVIEW","trollbeads.gr","CLEAN","1","1"
"cmta1gyhu007kq8iyogz7y232","cmta1gybe007jq8iyd7zssi5o","Trouvaille","Ψηφιακή Δωροκάρτα - Gift Card","https://trouvaille.gr/gift-cards/","https://trouvaille.gr","ACTIVE","NEEDS_REVIEW","trouvaille.gr","CLEAN","1","1"
"cmta1ke9500kwq8iyhmopp6q4","cmta1ke3c00kvq8iyl66mcec4","Tsakalino","Gift Card Tsakalino","https://tsakalino.gr/products/gift-card-tsakalino","https://tsakalino.gr","ACTIVE","NEEDS_REVIEW","tsakalino.gr","CLEAN","1","1"
"cmta1gyxm007mq8iyl6nv8nzg","cmta1gyrx007lq8iyc6lx7l6y","Tsakirismallas","Gift card - Δωροκαρτα","https://www.tsakirismallas.gr/el-gr/GiftCard?tmp=frt2&tmc=giftcard","https://tsakirismallas.gr","ACTIVE","NEEDS_REVIEW","tsakirismallas.gr","CLEAN","1","1"
"cmtb77ob5003wdkiyrw1g9la4","cmtb77o6f003vdkiysq2nbo5o","Tsiantakishome","Δωροκάρτα 40","https://www.tsiantakishome.gr/shop/dwrokartes/dwrokarta-40e/","https://tsiantakishome.gr","ACTIVE","VERIFIED","tsiantakishome.gr","CLEAN","1","1"
"cmta1gzev007oq8iyr3kfe0e4","cmta1gz87007nq8iydaf9y7oo","Tsinekidis","Δωροκάρτα","https://tsinekidis.gr/product/dwrokarta/dorokarta/","https://tsinekidis.gr","ACTIVE","NEEDS_REVIEW","tsinekidis.gr","CLEAN","1","1"
"cmta1gzur007qq8iy50tthpsi","cmta1gzon007pq8iye4ky8f6l","Tuasolea","Δωροκάρτα με αξία της επιλογής σας","https://tuasolea.gr/cat/dorokarta/","https://tuasolea.gr","ACTIVE","NEEDS_REVIEW","tuasolea.gr","CLEAN","1","1"
"cmtb62wck002n94iyxu7127ef","cmtb62w7u002m94iy9i8ttccn","Tudorhall","Δωροεπιταγές","https://www.tudorhall.gr/el/giftvoucher","https://tudorhall.gr","ACTIVE","VERIFIED","tudorhall.gr","CLEAN","1","1"
"cmta1jsr800ieq8iywfmnl4tl","cmta1jska00idq8iyoro6mc23","Turritella","Δωροκάρτα 50€ - Turritella","https://turritella.gr/giftcards/","https://turritella.gr","ACTIVE","NEEDS_REVIEW","turritella.gr","CARD_TITLE_POLLUTED","1","1"
"cmta1la5500oiq8iyspnyskk9","cmta1l9yp00ohq8iyaep7aza2","Twininas","GIFT CARD - Unique Handmade Jewellery & Accessories!","https://www.twininas.gr/product-category/gift-card/","https://twininas.gr","ACTIVE","NEEDS_REVIEW","twininas.gr","CLEAN","1","1"
"cmta1f7sv001hq8iy1icrtpiv","cmta1f7mk001gq8iyatzs4ta7","Tziouti-alexandra","Δώρο Επιταγή","http://tziouti-alexandra.gr/","https://tziouti-alexandra.gr","ACTIVE","VERIFIED","tziouti-alexandra.gr","CLEAN","1","1"
"cmta4z6cu0043sciymjjhzvy3","cmta4z66f0042sciyfrs0qo0w","Ullapopken","Gift Cards | Ulla Popken","https://www.ullapopken.gr/gift-cards?srsltid=AfmBOooQRBfu9Zor_5dwdUxhGlJ0BNtgiOL_Hw4p8T907lz3Unpt5K69","https://ullapopken.gr","ACTIVE","VERIFIED","ullapopken.gr","CLEAN","1","1"
"cmta1h0ab007sq8iyxev6cx5s","cmta1h047007rq8iyu0fz8xw6","Undergroundshop","GIFTCARD 10 EURO GIFTCARD_1","https://undergroundshop.gr/","https://undergroundshop.gr","ACTIVE","VERIFIED","undergroundshop.gr","CARD_TITLE_POLLUTED","1","1"
"cmtb7hzca000l04iybffdjgu7","cmtb7hz7e000k04iywfxqpaau","Unforgettable Experience Gift Cards in Greece","Unforgettable Experience Gift Cards in Greece","https://exploremessinia.com/giftcard/","https://exploremessinia.com","ACTIVE","VERIFIED","exploremessinia.com","CLEAN","1","1"
"cmta1lal800okq8iy07xofqsd","cmta1laev00ojq8iyj7h4kwoj","Unisport","Αγόρασε μια δωροκάρτα – χάρισε την ελευθερία της επιλογής.","https://unisport.gr/","https://unisport.gr","ACTIVE","VERIFIED","unisport.gr","CLEAN","1","1"
"cmta1lb2500omq8iyw0l8g680","cmta1lavg00olq8iy04t1e0i7","Unlimited Adrenaline","Δωροκάρτα Unlimited Adrenaline","https://www.unlimited-adrenaline.gr/giftcard","https://unlimited-adrenaline.gr","ACTIVE","NEEDS_REVIEW","unlimited-adrenaline.gr","CLEAN","1","1"
"cmta1jt7300igq8iykn2s4bmc","cmta1jt0y00ifq8iydzqgehjo","Urban Nomad","E-GIFT CARD - Urban Nomad","https://urban-nomad.gr/products/e-gift-card","https://urban-nomad.gr","ACTIVE","NEEDS_REVIEW","urban-nomad.gr","CLEAN","1","1"
"cmta4z6uc0045sciy734e8srp","cmta4z6no0044sciyjjoozxtn","Valaora","Gift Card - Valaora","https://valaora.gr/gift-cards/","https://valaora.gr","ACTIVE","VERIFIED","valaora.gr","CLEAN","1","1"
"cmtb77p0o0040dkiyr700iran","cmtb77ow4003zdkiyxwfwp2jk","Valsamakis","Valsamakis Gift Card","https://valsamakis.gr/name-day-gift-card.html","https://valsamakis.gr","ACTIVE","VERIFIED","valsamakis.gr","CLEAN","1","1"
"cmta1jtpy00iiq8iy3wykjo58","cmta1jtie00ihq8iy2c8gd6wb","Vantaggio","Δωροκάρτα - Vantaggio","https://vantaggio.gr/product/dorokarta/","https://vantaggio.gr","ACTIVE","NEEDS_REVIEW","vantaggio.gr","CLEAN","1","1"
"cmta5nziq002a54iyxymjif5e","cmta5nzef002954iyszgfdayo","VapeLux","Δωροκάρτα | VapeLux","https://vapelux.gr/product/gift-card/","https://vapelux.gr","ACTIVE","VERIFIED","vapelux.gr","CLEAN","1","1"
"cmta1ju7y00ikq8iyhrxmm5tb","cmta1ju1n00ijq8iyl3xrdyqd","Vasilitakidswear","Δωροκάρτα - Vasilita Kidswear - παιδική μόδα","https://vasilitakidswear.gr/product/gift-card/","https://vasilitakidswear.gr","ACTIVE","NEEDS_REVIEW","vasilitakidswear.gr","CLEAN","1","1"
"cmta4z7cs0047sciydudnn59j","cmta4z75s0046sciy8krzlk3m","Vassilenas","Vassilenas Gift Card","https://www.vassilenas.gr/en/vassilenas-gift-card/","https://vassilenas.gr","ACTIVE","VERIFIED","vassilenas.gr","CLEAN","1","1"
"cmta1k2le00jkq8iyng6hncr7","cmta1k2f300jjq8iyus36ufey","Vavoulistours","Vavoulistours Gift Card","https://vavoulistours.gr/product/e-gift-card/","https://vavoulistours.gr","ACTIVE","NEEDS_REVIEW","vavoulistours.gr","CLEAN","1","1"
"cmta1juox00imq8iyq0ogpo5e","cmta1jui500ilq8iyle3he9fw","Veel","Ηλεκτρονική δωροκάρτα | Veel","https://veel.gr/product-category/dwrokarta-veel/","https://veel.gr","ACTIVE","NEEDS_REVIEW","veel.gr","CLEAN","1","1"
"cmta1jv6700ioq8iy7ler7qfy","cmta1juzk00inq8iymdkvh13b","Verandadelvino","Verandadelvino Gift Card","https://www.verandadelvino.gr/gift-card","https://verandadelvino.gr","ACTIVE","NEEDS_REVIEW","verandadelvino.gr","CLEAN","1","1"
"cmta1jvn600iqq8iyar6bcxq8","cmta1jvgp00ipq8iyi8h4utuy","Verdantgarden","Ψηφιακή δωροκάρτα","https://www.verdantgarden.gr/product/giftcard/","https://verdantgarden.gr","ACTIVE","NEEDS_REVIEW","verdantgarden.gr","CLEAN","1","1"
"cmtb77pdh0042dkiyjcs75ba2","cmtb77p8v0041dkiy4o113qwf","Vicious Cycles Athens","Vicious Cycles Athens Gift Card","https://www.vca.gr/products/gift-card","https://vca.gr","ACTIVE","VERIFIED","vca.gr","CLEAN","1","1"
"cmta1jw4o00isq8iyb5tjygd5","cmta1jvyi00irq8iy3ts54m2i","Viejewellery","Gift Card - Δωροκάρτα - Vie jewellery","https://viejewellery.gr/gift-card/","https://viejewellery.gr","ACTIVE","NEEDS_REVIEW","viejewellery.gr","CLEAN","1","1"
"cmtb62wp2002p94iye0pg873t","cmtb62wkm002o94iyx49okhfn","Villailias","Gift Voucher","https://villailias.gr/gift-voucher/","https://villailias.gr","ACTIVE","VERIFIED","villailias.gr","CLEAN","1","1"
"cmtb77pqn0044dkiykqllgm6x","cmtb77pls0043dkiy7d0f0hyj","Vinoteca","Δωροκάρτα 100","https://www.vinoteca.gr/gift-card-100.html","https://vinoteca.gr","ACTIVE","VERIFIED","vinoteca.gr","OFFICIAL_URL_TOO_SPECIFIC","1","1"
"cmtb6v7hv004e3giylwic6g8f","cmtb6v7d1004d3giyepud24ns","Vinoultura gift cart","Vinoultura gift cart - Δωροκάρτα","https://www.vinoultura.gr/products/vinoultura-gift-cart","https://vinoultura.gr","ACTIVE","VERIFIED","vinoultura.gr","CLEAN","1","1"
"cmta1jwkp00iuq8iyo3gkq9hn","cmta1jweb00itq8iygm4dd6jr","Vintagecava","Δωροκάρτα - Gift Card - Cava Vintage - Wine & Spirits","https://www.vintagecava.gr/product/dorokarta/","https://vintagecava.gr","ACTIVE","NEEDS_REVIEW","vintagecava.gr","CLEAN","1","1"
"cmta1nygv00ywq8iyut96fn9h","cmta1nyam00yvq8iyvkl6llvi","Vintageneedle","Vintage Needle Gift Card","https://www.vintageneedle.gr/products/vintage-needle-gift-card","https://vintageneedle.gr","ACTIVE","NEEDS_REVIEW","vintageneedle.gr","CLEAN","1","1"
"cmta1nyzl00yyq8iy0qetgjxm","cmta1nys900yxq8iye6g35elk","Vinylartclothing","Vinyl gift card 40€","https://vinylartclothing.gr/products/gift-card-40","https://vinylartclothing.gr","ACTIVE","NEEDS_REVIEW","vinylartclothing.gr","CARD_TITLE_POLLUTED|OFFICIAL_URL_TOO_SPECIFIC","1","1"
"cmtb7hvgv000104iytg42blo5","cmtb7hva7000004iyrpeaoyzv","Virtual Reality Athens","Gift vouchers - Virtual Reality Athens","https://athens.virtual-room.com/gift-vouchers/","https://athens.virtual-room.com","ACTIVE","VERIFIED","athens.virtual-room.com","CLEAN","1","1"
"cmta1jx1n00iwq8iyq4q9smi3","cmta1jwtw00ivq8iyium2wqi2","Vitaspis","Δωροκάρτα","https://vitaspis.gr/product/gift-card/","https://vitaspis.gr","ACTIVE","NEEDS_REVIEW","vitaspis.gr","CLEAN","1","1"
"cmta1h0r0007uq8iy8t2mh0jo","cmta1h0ki007tq8iy9qwn9glu","Vivliopoleiopataki","Vivliopoleiopataki Gift Card","https://vivliopoleiopataki.gr/giftcard","https://vivliopoleiopataki.gr","ACTIVE","NEEDS_REVIEW","vivliopoleiopataki.gr","CLEAN","1","1"
"cmta1lnrl00q0q8iy34u0qh4w","cmta1lnka00pzq8iy3xryrxgx","Vizadinigonia","Gift Cards - ΒΥΖΑΝΤΙΝΗ ΓΩΝΙΑ","https://vizadinigonia.gr/product-category/gift-cards/","https://vizadinigonia.gr","ACTIVE","NEEDS_REVIEW","vizadinigonia.gr","CLEAN","1","1"
"cmta5nzvj002c54iyh4tnx9jy","cmta5nzqx002b54iyjbin14o4","WARAGOD","WARAGOD Gift Card","https://www.waragod.gr/en/products/gift-voucher-de-30","https://waragod.gr","ACTIVE","VERIFIED","waragod.gr","OFFICIAL_URL_TOO_SPECIFIC","1","1"
"cmtb77q3z0046dkiyh7mroiio","cmtb77pzf0045dkiywazx8oxp","WEDDING DAY","Δωροκάρτα - WEDDING DAY","https://wedday.gr/dorokarta/","https://wedday.gr","ACTIVE","VERIFIED","wedday.gr","CLEAN","1","1"
"cmta1nzkc00z0q8iyqtq6gzps","cmta1nzcb00yzq8iy9dgcfn2u","Wallpaperstore","Gift cards - WallPaperStore","https://wallpaperstore.gr/gift-cards/","https://wallpaperstore.gr","ACTIVE","NEEDS_REVIEW","wallpaperstore.gr","CLEAN","1","1"
"cmta1h15e007wq8iyfu0wll7s","cmta1h0zy007vq8iymjdaikvf","Websupplies","GIFTCARD | Websupplies.gr","https://www.websupplies.gr/giftcard?q=gift%20card","https://websupplies.gr","ACTIVE","NEEDS_REVIEW","websupplies.gr","CLEAN","1","1"
"cmtb6v7un004g3giy4jgauceq","cmtb6v7qe004f3giyu88xwoub","Wellbee Cosmetics","Wellbee Cosmetics Gift Card","https://www.wellbee.gr/product/dwrokarta/","https://wellbee.gr","ACTIVE","VERIFIED","wellbee.gr","CLEAN","1","1"
"cmtb7i4k6001b04iyd3jlw4se","cmtb7i4fg001a04iyu5nzeowe","Wellness Gift Cards","Wellness Gift Cards | Crete, Om Home","https://www.omhomestudio.com/giftcard","https://omhomestudio.com","ACTIVE","VERIFIED","omhomestudio.com","CLEAN","1","1"
"cmta4z8wh004dsciyp2mmpzw7","cmta4z8pw004csciymdcih8iu","Wildsouls","Gift Card - Wild Souls","https://www.wildsouls.gr/en/product/gift-card/?srsltid=AfmBOopH8yhtqhcz_4N5Cdpr6omZYlt8AgNRtZK3rWDc67sv9_bUeoqa","https://wildsouls.gr","ACTIVE","VERIFIED","wildsouls.gr","CLEAN","1","1"
"cmta1k33j00jmq8iy7dosx0mg","cmta1k2vw00jlq8iy0gndm22x","Wine24shop","Gift Card 20 euro - Wine24shop","https://www.wine24shop.gr/dorokarta-100-euro.el.aspx","https://wine24shop.gr","ACTIVE","NEEDS_REVIEW","wine24shop.gr","CARD_TITLE_POLLUTED|OFFICIAL_URL_TOO_SPECIFIC","1","1"
"cmta1jxhh00iyq8iykqh46pfh","cmta1jxbr00ixq8iy0ji2ui9e","Winewalkers","Gift Card | Wine Walkers","https://www.winewalkers.gr/gift-card","https://winewalkers.gr","ACTIVE","NEEDS_REVIEW","winewalkers.gr","CLEAN","1","1"
"cmta1lbio00ooq8iyjc9wsq31","cmta1lbch00onq8iyqs6rtxeu","Wokshop","Δωροκάρτα – WokShop","https://wokshop.gr/","https://wokshop.gr","ACTIVE","VERIFIED","wokshop.gr","CLEAN","1","1"
"cmt79ikn9002b84iyczxru5q9","cmt79ikju002a84iyfgm5oiw7","Wolt","Wolt Gift Card","https://life.wolt.com/el/grc/howto/wolt-gift-card","https://wolt.com","ACTIVE","VERIFIED","wolt.com","CLEAN","1","1"
"cmta1lg2500p6q8iyyuuzs7jr","cmta1lfvh00p5q8iygw2r78qv","Woodyline","GIFT CARD 200?","https://woodyline.gr/","https://woodyline.gr","ACTIVE","VERIFIED","woodyline.gr","CLEAN","1","1"
"cmta5o0l0002g54iyn7su7krr","cmta5o0g0002f54iydkorogei","World of Vision","World of Vision - E-Gift Card","https://worldofvision.gr/product/worldofvision-egiftcard/?lang=en","https://worldofvision.gr","ACTIVE","VERIFIED","worldofvision.gr","CLEAN","1","1"
"cmta1jxyi00j0q8iy3t1yqvto","cmta1jxs200izq8iy28mb6pfr","Wspc","WSPC Gift Card","https://www.wspc.gr/product/dorokarta/","https://wspc.gr","ACTIVE","NEEDS_REVIEW","wspc.gr","CLEAN","1","1"
"cmta1fy150043q8iy1gell6w5","cmta1fxv80042q8iyke2lmo2y","XXXL Leo","XXXL Leo Δωροεπιταγή – Το ιδανικό δώρο για κάθε περίσταση","https://www.xxxl.gr/index.php?route=account%2Fvoucher","https://xxxl.gr","ACTIVE","VERIFIED","xxxl.gr","CLEAN","1","1"
"cmta1loeg00q2q8iysnnupl9w","cmta1lo7o00q1q8iy0i2qm59g","Xeiroplathi","Gift Card | Participation in Workshop","https://www.xeiroplathi.gr/product/giftcard-yourplace-pottery-workshop-gr/","https://xeiroplathi.gr","ACTIVE","NEEDS_REVIEW","xeiroplathi.gr","CLEAN","1","1"
"cmta1jyfy00j2q8iym29ffatd","cmta1jy9c00j1q8iyyfjvma71","Xmode","Gift Card | Xmode.gr","https://www.xmode.gr/gift-card","https://xmode.gr","ACTIVE","NEEDS_REVIEW","xmode.gr","CLEAN","1","1"
"cmta1h1jb007yq8iyaodysa7z","cmta1h1ec007xq8iyzkau2j3p","Xryseio","Gift Card - Δωροκάρτα","https://www.xryseio.gr/product-category/%ce%b4%cf%89%cf%81%ce%b1/wps_wgm_giftcard/","https://xryseio.gr","ACTIVE","NEEDS_REVIEW","xryseio.gr","CLEAN","1","1"
"cmta1h21j0080q8iy2mxlo3y6","cmta1h1se007zq8iyy88yfyvw","Xxlove","GIFTCARD - XXLove","https://xxlove.gr/giftcard","https://xxlove.gr","ACTIVE","NEEDS_REVIEW","xxlove.gr","CLEAN","1","1"
"cmta4z9dq004fsciy3xv930zv","cmta4z96k004esciyy0awvqwr","Yadeshotels","Travel Gift Card twitter - yadeshotels.gr","https://www.yadeshotels.gr/the-travel-gift-card/travel-gift-card-twitter/","https://yadeshotels.gr","ACTIVE","VERIFIED","yadeshotels.gr","CLEAN","1","1"
"cmta1eygs000fq8iyti39mxnl","cmta1eya3000eq8iytop6dlw4","Yamamay","E-Gift Card | Yamamay","https://www.yamamay.com/en-gr","https://yamamay.com","ACTIVE","VERIFIED","yamamay.com","CLEAN","1","1"
"cmtb6v87k004i3giymz6jpty6","cmtb6v82o004h3giyx0kccfrh","Ydrospa","Δωροκάρτες","https://ydrospa.gr/%CE%B4%CF%89%CF%81%CE%BF%CE%BA%CE%AC%CF%81%CF%84%CE%B5%CF%82/","https://ydrospa.gr","ACTIVE","VERIFIED","ydrospa.gr","CLEAN","1","1"
"cmta1jyv900j4q8iyp2i9pyz5","cmta1jyov00j3q8iy67j6xwig","Yellowstars","Δωροκάρτα 20€ YellowStars","https://yellowstars.gr/category/dorokarta","https://yellowstars.gr","ACTIVE","NEEDS_REVIEW","yellowstars.gr","CARD_TITLE_POLLUTED","1","1"
"cmta1jzbm00j6q8iyz27tbwl4","cmta1jz6300j5q8iy6awj1k2h","You","eGift Card","https://www.you.gr/egift-card/egift-card","https://you.gr","ACTIVE","NEEDS_REVIEW","you.gr","CLEAN","1","1"
"cmtb77yv5005fdkiyka6uo6kw","cmtb77yq5005edkiyr4glk0s1","Younails","Αγοράστε μία Δωροεπιταγή","https://www.younails.gr/account/voucher","https://younails.gr","ACTIVE","VERIFIED","younails.gr","CLEAN","1","1"
"cmtb6v8kh004k3giycre70xx1","cmtb6v8fw004j3giykfec0to9","Yourbabystore","Δωροκάρτες","https://yourbabystore.gr/dorokartes/","https://yourbabystore.gr","ACTIVE","VERIFIED","yourbabystore.gr","CLEAN","1","1"
"cmta1o01w00z2q8iyrp45us19","cmta1nzvg00z1q8iylezj7e09","Yourdigitalcourses","ΔΩΡΟΚΑΡΤΑ 50","https://yourdigitalcourses.gr/product/dorokarta-200e/","https://yourdigitalcourses.gr","ACTIVE","VERIFIED","yourdigitalcourses.gr","OFFICIAL_URL_TOO_SPECIFIC","1","1"
"cmta1o0kq00z4q8iy2co9l3en","cmta1o0ds00z3q8iy21g3xzwm","Yourmassage","GIFT CARD - Yourmassage - Μασάζ στο σπίτι","https://yourmassage.gr/gift-card/","https://yourmassage.gr","ACTIVE","VERIFIED","yourmassage.gr","CLEAN","1","1"
"cmta1fu97003pq8iyip5e1paw","cmta1fu2m003oq8iy4ozx9tlx","Z-Ergaleia","Δωροκάρτα 300","https://www.z-ergaleia.gr/","https://z-ergaleia.gr","ACTIVE","VERIFIED","z-ergaleia.gr","CLEAN","1","1"
"cmtb78e22007gdkiyojyhhg7e","cmtb78dwy007fdkiyd2xzj5l1","Zador","Gift Voucher 100 EUR","https://www.zador.gr/en/products/gift-voucher-100-eur","https://zador.gr","ACTIVE","VERIFIED","zador.gr","CARD_TITLE_POLLUTED|OFFICIAL_URL_TOO_SPECIFIC","1","1"
"cmta5o0yq002i54iy40mdbr2u","cmta5o0tf002h54iymbz6dz54","Zairacollection","Zaira Gift Card - Zaira Collection Furniture","https://www.zairacollection.gr/product/zaira-gift-card/","https://zairacollection.gr","ACTIVE","VERIFIED","zairacollection.gr","CLEAN","1","1"
"cmt8gzxc1000614iysxzaqmvz","cmt8gzx4s000514iyyjmubbja","Zakcret","Zakcret Gift Card","https://www.zakcret.gr/doro-karta","https://www.zakcret.gr","ACTIVE","VERIFIED","zakcret.gr","CLEAN","1","1"
"cmta1jzrs00j8q8iyl690r6g7","cmta1jzlb00j7q8iyrtqyff9c","Zakroshoes","Zakro Gift Card","https://www.zakroshoes.gr/product/zakro-gift-card/","https://zakroshoes.gr","ACTIVE","NEEDS_REVIEW","zakroshoes.gr","CLEAN","1","1"
"cmta1h2l50082q8iycs4ql642","cmta1h2f10081q8iyet5ax0sh","Zalando","Λατρεyω Το Στιλ Σου - Zalando Δωροκάρτα","https://zalando.gr/","https://zalando.gr","ACTIVE","VERIFIED","zalando.gr","CLEAN","1","1"
"cmta4z9v3004hsciy7b57j3u9","cmta4z9o3004gsciy7n6i8ujz","Zerogravity","Zero Gravity Gift Card","https://www.zerogravity.gr/collections/gift-card?srsltid=AfmBOoqgLRsSyCY1tD0_hBRTgjXh5XLlVyXne62wSeNM-pAyRlLueY7F","https://zerogravity.gr","ACTIVE","VERIFIED","zerogravity.gr","CLEAN","1","1"
"cmta1k08j00jaq8iy49e6rrba","cmta1k02b00j9q8iyv38rf8g8","Zoniou","Zoniou Gift Card","https://zoniou.gr/giftcard","https://zoniou.gr","ACTIVE","NEEDS_REVIEW","zoniou.gr","CLEAN","1","1"
"cmtb6v8x4004m3giyp2bbit9u","cmtb6v8rz004l3giyqchbmolt","Zooparadise","Δωροκάρτα","https://zooparadise.gr/product/%CE%B4%CF%89%CF%81%CE%BF%CE%BA%CE%AC%CF%81%CF%84%CE%B1/","https://zooparadise.gr","ACTIVE","VERIFIED","zooparadise.gr","CLEAN","1","1"
"cmta1m5dl00rwq8iyrk8timkq","cmta1m57o00rvq8iy2yljsl7f","Zuccherino","Zuccherino Gift Card","https://zuccherino.gr/product-category/gift-card/","https://zuccherino.gr","ACTIVE","NEEDS_REVIEW","zuccherino.gr","CLEAN","1","1"
"cmtb7hwb9000504iyt3p5w1tc","cmtb7hw5h000404iy4xfknmsr","Zuma Mykonos","monetary gift voucher - Zuma Mykonos","https://zumamykonos.giftpro.co.uk/vouchers/monetary-gift-voucher/","https://zumamykonos.giftpro.co.uk","ACTIVE","VERIFIED","zumamykonos.giftpro.co.uk","CLEAN","1","1"
"cmta1gfp7005qq8iy4ubn73rd","cmta1gfio005pq8iyhnk8uqth","Zumbashop","Gift Card - Δωροκάρτα","https://zumbashop.gr/category-url/gift-cards","https://zumbashop.gr","ACTIVE","NEEDS_REVIEW","zumbashop.gr","CLEAN","1","1"
"cmtb62x1u002r94iy0d2ufvi9","cmtb62wwv002q94iy5y1iaknb","Zuraris","Δωροκάρτα","https://zuraris.gr/shop/dorokarta/gift-card/","https://zuraris.gr","ACTIVE","VERIFIED","zuraris.gr","CLEAN","1","1"
"cmta1f5j70017q8iy3ul3t87x","cmta1f5ck0016q8iyalh0a7ty","arfie.gr","Arfie Gift Card","https://www.arfie.gr/","https://arfie.gr","ACTIVE","VERIFIED","arfie.gr","CLEAN","1","1"
"cmt79idil000684iyx2gzjknp","cmt79idez000584iydg3oewe8","attica","attica Gift Card","https://www.atticadps.gr/attica-dwrokarta/","https://atticadps.gr","ACTIVE","VERIFIED","atticadps.gr","CLEAN","1","1"
"cmta1fhpc002fq8iydkzv0m1y","cmta1fhjh002eq8iyzrz7nhl2","e-Mamouth","ΔΩΡΟΕΠΙΤΑΓΗ","https://e-mamouth.gr/","https://e-mamouth.gr","ACTIVE","VERIFIED","e-mamouth.gr","CLEAN","1","1"
"cmta1fmuj002xq8iywjvgu2jh","cmta1fmo8002wq8iyf0m8cyl2","e-Stathatos","e-Stathatos Gift Card","https://www.e-stathatos.gr/proion/gift-card/","https://e-stathatos.gr","ACTIVE","NEEDS_REVIEW","e-stathatos.gr","CLEAN","1","1"
"cmt79iemt000i84iyx81scabo","cmt79iejk000h84iy7juh3r7b","e-tennis","e-tennis Gift Card","https://e-tennis.gr/axesouar/personal-accessories/gift-cards.html","https://e-tennis.gr","ACTIVE","VERIFIED","e-tennis.gr","CLEAN","1","1"
"cmtb6umzi001d3giysa8ho0au","cmtb6umuk001c3giy6k05489a","eboxing","Δωροκάρτα eboxing","https://www.eboxing.gr/%CF%80%CF%81%CE%BF%CF%8A%CF%8C%CE%BD%CF%84%CE%B1/gift/","https://eboxing.gr","ACTIVE","VERIFIED","eboxing.gr","CLEAN","1","1"
"cmta1g37z004lq8iyo6oc9hzr","cmta1g31o004kq8iy8cy0v47p","eshop.gr","eshop.gr Δωροκάρτα δωροεπιταγή Gift Card","https://eshop.gr/","https://eshop.gr","ACTIVE","VERIFIED","eshop.gr","CLEAN","1","1"
"cmta5no2o000l54iyn0hww43y","cmta5nnxp000k54iy9bb28dfr","esthai","E-Gift Card - esthai","https://www.esthai.gr/e-gift-card","https://esthai.gr","ACTIVE","VERIFIED","esthai.gr","CLEAN","1","1"
"cmtb6v5n300443giyc38lkfcr","cmtb6v5ih00433giy4gygilpd","for Car Lovers - Swissvax","Gift Voucher - for Car Lovers - Swissvax","https://swissvax.gr/en/products/geschenkgutschein","https://swissvax.gr","ACTIVE","VERIFIED","swissvax.gr","CLEAN","1","1"
"cmtb76yl60007dkiymvncu606","cmtb76yef0006dkiyil6ybdjc","for Stay in Greece","Gift Card for Stay in Greece | Restay Resort and Suites L.P.","https://www.athens-stay.gr/gift-card","https://athens-stay.gr","ACTIVE","VERIFIED","athens-stay.gr","CLEAN","1","1"
"cmta1fxm40041q8iyf19nk7km","cmta1fxg20040q8iyzetmsdo8","iQueens","iQueens: Το Ιδανικό Δώρο! Δωροκάρτες από 20€ έως 400€","https://www.iqueens.gr/el/dorokartes/309412-ilektroniko-kouponi-aksias-400-.html","https://iqueens.gr","ACTIVE","VERIFIED","iqueens.gr","CARD_TITLE_POLLUTED|OFFICIAL_URL_TOO_SPECIFIC","1","1"
"cmta1fuql003rq8iykfccc6hy","cmta1fuk0003qq8iyfbwn50bl","iloveprints","For Your Buddle of Joy - Card","https://iloveprints.gr/","https://iloveprints.gr","ACTIVE","VERIFIED","iloveprints.gr","CLEAN","1","1"
"cmta5nqmr000z54iy6mzkfi9o","cmta5nqh1000y54iyttktep8j","krokodila","Gift Cards - krokodila","https://krokodila.gr/collections/gift-cards","https://krokodila.gr","ACTIVE","VERIFIED","krokodila.gr","CLEAN","1","1"
"cmtb787rq006mdkiykrdjibgr","cmtb787mq006ldkiy4ez5pxns","luxurycandle.gr","Gift Card - luxurycandle.gr","https://luxurycandles.gr/en/product/giftcard/","https://luxurycandles.gr","ACTIVE","VERIFIED","luxurycandles.gr","CLEAN","1","1"
"cmta5ntlh001f54iyog57bocf","cmta5ntg6001e54iymc9l63oi","muse boutique","Δωροκάρτα - muse boutique","https://museboutique.gr/muse-boutique-gift-card/","https://museboutique.gr","ACTIVE","VERIFIED","museboutique.gr","CLEAN","1","1"
"cmtb77j2x0035dkiyogo2a953","cmtb77ixb0034dkiyqf6w71rn","s Αρχεία","Gift Cards Αρχεία","https://www.rocksugarbaby.gr/product-category/dorakia/gift-cards/","https://rocksugarbaby.gr","ACTIVE","VERIFIED","rocksugarbaby.gr","CLEAN","1","1"
"cmta5nxca001z54iyk1x3ihrh","cmta5nx79001y54iyjatwauue","sexodonia","sexodonia Gift Card","https://www.sexodonia.gr/%CE%B4%CF%89%CF%81%CE%B1-%CE%BA%CE%B1%CE%B9-%CF%80%CE%B1%CE%B9%CF%87%CE%BD%CE%B9%CE%B4%CE%B9%CE%B1/4073-gift-voucher-75-eur.html","https://sexodonia.gr","ACTIVE","VERIFIED","sexodonia.gr","OFFICIAL_URL_TOO_SPECIFIC","1","1"
"cmta1feu80029q8iy3p7bdse4","cmta1fenw0028q8iy6hk5qrpw","skakistikokentro.com","Δωροεπιταγή αξίας 50 ευρώ","https://skakistikokentro.com/shop","https://skakistikokentro.com","ACTIVE","VERIFIED","skakistikokentro.com","CLEAN","1","1"
"cmtb6utf2002a3giysyv46e18","cmtb6utaw00293giyc40zz7r9","www.katoflitavern.gr","Δωροκάρτα – www.katoflitavern.gr","https://www.katoflitavern.gr/en/product/dorokarta/","https://katoflitavern.gr","ACTIVE","VERIFIED","katoflitavern.gr","CLEAN","1","1"
"cmtb77415000zdkiy386z76sh","cmtb773w5000ydkiy24myi3xq","Έρως Candles","Δωροκάρτα - Έρως Candles","https://eroscandles.gr/product/dorokarta/","https://eroscandles.gr","ACTIVE","VERIFIED","eroscandles.gr","CLEAN","1","1"
"cmtb6uq1p001s3giyrbtdkh3t","cmtb6upwi001r3giymvuh6njo","Αγοράστε μία Δωροεπιταγή - Gifts 4 All","Αγοράστε μία Δωροεπιταγή - Gifts 4 All","https://www.gifts4all.com.gr/account/voucher","https://gifts4all.com.gr","ACTIVE","VERIFIED","gifts4all.com.gr","CLEAN","1","1"
"cmtb782wo005zdkiyoydj8owp","cmtb782qf005ydkiyrxvghjux","Αγοράστε μία Δωροκάρτα","Αγοράστε μία Δωροκάρτα","https://www.fifthelement.gr/index.php?route=account/voucher","https://fifthelement.gr","ACTIVE","VERIFIED","fifthelement.gr","CLEAN","1","1"
"cmtb77swu004jdkiyug4cfe0j","cmtb77srp004idkiywlcqejho","Αγοράστε μία Δωροκάρτα","Αγοράστε μία Δωροκάρτα","https://bekids.gr/index.php?route=account%2Fvoucher","https://bekids.gr","ACTIVE","VERIFIED","bekids.gr","CLEAN","1","1"
"cmtb77u1e004pdkiy841o8nlg","cmtb77twd004odkiyt5u3ep1e","Αγοράστε μια δωροεπιταγή","Αγοράστε μια δωροεπιταγή","https://cheapet.gr/account/voucher","https://cheapet.gr","ACTIVE","VERIFIED","cheapet.gr","CLEAN","1","1"
"cmtb780qd005pdkiy9ptikri3","cmtb780lh005odkiyslzjq17k","Αγόρασε μία Δωροκάρτα","Αγόρασε μία Δωροκάρτα","https://dazzeal.gr/index.php?route=account%2Fvoucher","https://dazzeal.gr","ACTIVE","VERIFIED","dazzeal.gr","CLEAN","1","1"
"cmta5nupu001l54iyijhwtd67","cmta5nul9001k54iy3hr1m5se","Αισθητικής | Naloo Beauty Bar – Ιδανικό Δώρο","Gift Cards Αισθητικής | Naloo Beauty Bar – Ιδανικό Δώρο","https://naloobeautybar.gr/gift-cards/","https://naloobeautybar.gr","ACTIVE","VERIFIED","naloobeautybar.gr","CLEAN","1","1"
"cmtb788lp006qdkiy17zrzzhw","cmtb788gu006pdkiynww25c7m","Αρχεία","Gift card Αρχεία","https://www.malleconcept.gr/product-category/gift-card/","https://malleconcept.gr","ACTIVE","VERIFIED","malleconcept.gr","CLEAN","1","1"
"cmtb7870h006idkiywp9f3dvf","cmtb786u2006hdkiyonu3jl9k","Αρχεία","Δωροκάρτα Αρχεία","https://lovelucy.gr/product-category/wps_wgm_giftcard/","https://lovelucy.gr","ACTIVE","VERIFIED","lovelucy.gr","CLEAN","1","1"
"cmtb77w980051dkiyc5an3okr","cmtb77w4e0050dkiy7yigzns3","Αρχεία","Δωροκάρτα Αρχεία","https://www.ellievfashion.gr/product-category/giftcard/","https://ellievfashion.gr","ACTIVE","VERIFIED","ellievfashion.gr","CLEAN","1","1"
"cmta5nsgv001954iy1401i746","cmta5nsbw001854iyndtk49ni","Αρχεία - Mafil bags","Gift card Αρχεία - Mafil bags","https://www.mafilbags.gr/product-category/gift-card/","https://mafilbags.gr","ACTIVE","VERIFIED","mafilbags.gr","CLEAN","1","1"
"cmtb78dnx007edkiybk18rh14","cmtb78dix007ddkiymamc3stc","Αρχεία - Αρωματοπωλείον","Δωροκάρτα Αρχεία - Αρωματοπωλείον","https://yourscent.gr/product_cat/wps_wgm_giftcard/","https://yourscent.gr","ACTIVE","VERIFIED","yourscent.gr","CLEAN","1","1"
"cmtb77cyu0029dkiy2m2zhm0b","cmtb77ctx0028dkiy9otywm56","Αρχεία - Παιδικά Παπούτσια Μούγερ","GIFT CARDS Αρχεία - Παιδικά Παπούτσια Μούγερ","https://www.mouyer.gr/en/product-category/gift-cards/","https://mouyer.gr","ACTIVE","VERIFIED","mouyer.gr","CLEAN","1","1"
"cmta5nt82001d54iysnv9gyou","cmta5nt2i001c54iybiq2d4h8","Αρώματος | Mine Perfume Lab","Gift Card Αρώματος | Mine Perfume Lab","https://mineperfumelab.gr/products/e-gift-card?srsltid=AfmBOopejP2ha5OXGx719OMo2OnaEnBTLWJTGgde_Toytgmb9sO-aPmR","https://mineperfumelab.gr","ACTIVE","VERIFIED","mineperfumelab.gr","CLEAN","1","1"
"cmtb6v1m7003i3giyor8l91p3","cmtb6v1hi003h3giyzn8glzoz","ΔΩΡΟΚΑΡΤΑ - Pregnancy-gifts.gr","ΔΩΡΟΚΑΡΤΑ - Pregnancy-gifts.gr","https://pregnancy-gifts.gr/product-category/wps_wgm_giftcard/","https://pregnancy-gifts.gr","ACTIVE","VERIFIED","pregnancy-gifts.gr","CLEAN","1","1"
"cmtb789sx006wdkiy2dhrh3x9","cmtb789nc006vdkiyyrzeqiov","Δωροεπιταγές","Δωροεπιταγές","https://mustmenfashion.gr/voucher-purchase","https://mustmenfashion.gr","ACTIVE","VERIFIED","mustmenfashion.gr","CLEAN","1","1"
"cmtb77zm2005jdkiy64jdfokt","cmtb77zgx005idkiyg9qkwj7r","Δωροεπιταγές","Δωροεπιταγές – Gift Cards","https://blue-print.gr/product/doroepitages-gift-cards/","https://blue-print.gr","ARCHIVED","REJECTED","blue-print.gr","CLEAN","1","1"
"cmta4ymbf001rsciyxe7d8lyq","cmta4ym53001qsciyl81j3zu5","Δωροκάρτα - Karfitsomenos Gatos","Δωροκάρτα - Karfitsomenos Gatos","https://karfitsomenosgatos.gr/gift-card/","https://karfitsomenosgatos.gr","ACTIVE","VERIFIED","karfitsomenosgatos.gr","CLEAN","1","1"
"cmta4yyxo0039sciy0650z05i","cmta4yyrf0038sciyxex3eik0","Δωροκάρτα - Patousaki Shoes","Δωροκάρτα - Patousaki Shoes","https://www.patousakishoes.gr/product-tag/giftcard/?srsltid","https://patousakishoes.gr","ACTIVE","VERIFIED","patousakishoes.gr","CLEAN","1","1"
"cmta4z49k003vsciyj7ag8khc","cmta4z43r003usciyabwwtw93","Δωροκάρτα - Studio Fix","Δωροκάρτα - Studio Fix","https://studiofix.gr/gift-cards/","https://studiofix.gr","ACTIVE","VERIFIED","studiofix.gr","CLEAN","1","1"
"cmta4z7uf0049sciyu0lkupmq","cmta4z7n90048sciy1ngsw7es","Δωροκάρτα - Vibrant Beauty","Δωροκάρτα - Vibrant Beauty","https://vibrantbeauty.gr/product/giftcard/?srsltid","https://vibrantbeauty.gr","ACTIVE","VERIFIED","vibrantbeauty.gr","CLEAN","1","1"
"cmta4y9yz000dsciyapuj6g5h","cmta4y9p8000csciy38yiy1ff","Δωροκάρτα Beababy e","Δωροκάρτα Beababy e-Gift Card","https://beababy.gr/product/beababy-gift-card/?srsltid=AfmBOopfFsQeCgenqxkxnHcfPEcbgukJfGp75T_-jLt2z7FYIFy6pLE6","https://beababy.gr","ACTIVE","VERIFIED","beababy.gr","CLEAN","1","1"
"cmta4yafm000fsciycmpn7qlk","cmta4ya8v000esciy4fwqlr55","Δωροκάρτα Best Wines - Κάβα κρασιών Best Wines","Δωροκάρτα Best Wines - Κάβα κρασιών Best Wines","https://bestwines.gr/product-category/giftcard/?srsltid=AfmBOorPTKZRWNhABKCQUXSrPxAv9W43KmTtSrizZ1TS_otC3EEjsNbL","https://bestwines.gr","ACTIVE","VERIFIED","bestwines.gr","CLEAN","1","1"
"cmta4yfvk0011sciyi5zwgnhr","cmta4yfnr0010sciyekibu4i4","Δωροκάρτα Evilio Home","Δωροκάρτα Evilio Home","https://eviliohome.gr/products/giftcard-evilio-home?srsltid=AfmBOoqB2Q-o7MU5Fwy8lw78XHBOyQ2WrcnqwiCxCzPHMAErwjg52GTS","https://eviliohome.gr","ACTIVE","VERIFIED","eviliohome.gr","CLEAN","1","1"
"cmta4yryo002fsciyhkz02ixr","cmta4yrrv002esciypbuxrrtw","Δωροκάρτα Love Generation","Δωροκάρτα Love Generation","https://lovegeneration.gr/shop/gift-card/gift-card/","https://lovegeneration.gr","ACTIVE","VERIFIED","lovegeneration.gr","CLEAN","1","1"
"cmtb6v4jr003y3giytfu9ztox","cmtb6v4em003x3giyg8ll7r7u","Δωροκάρτα Spaghetti Lab","Gift Card Δωροκάρτα Spaghetti Lab | Το Πιο Νόστιμο Δώρο ...","https://spaghettilab.gr/products/gift-card","https://spaghettilab.gr","ACTIVE","VERIFIED","spaghettilab.gr","CLEAN","1","1"
"cmta4z8gh004bsciyrey9tw17","cmta4z8an004asciy12oao0hi","Δωροκάρτα Vip Art","Δωροκάρτα Vip Art","https://vipart.gr/product-category/dora-axesoyar/dorokarta-vipart-giftcard/","https://vipart.gr","ACTIVE","VERIFIED","vipart.gr","CLEAN","1","1"
"cmta4ywn6002zsciyr9vasxj3","cmta4ywgf002ysciysp63rctm","Δωροκάρτα mybeautybox","Δωροκάρτα mybeautybox","https://www.mybeautybox.gr/vrefos-paidi/gift-card-mybeautybox-detail?srsltid=AfmBOoo5uaScKw3pUzJgrCdvlsNpfI9-BOScwbl515Mcv6H2OHGQpek3","https://mybeautybox.gr","ACTIVE","VERIFIED","mybeautybox.gr","CLEAN","1","1"
"cmta4ydvb000tsciyww37i2fq","cmta4ydov000ssciyj77w8hqs","Δωροκάρτα Πλυντηρίου - Cityzen","Δωροκάρτα Πλυντηρίου - Cityzen","https://www.cityzen.com.gr/carwash_giftcard/","https://cityzen.com.gr","ACTIVE","VERIFIED","cityzen.com.gr","CLEAN","1","1"
"cmta4yjz8001hsciydalghjrj","cmta4yjki001gsciyo7tcjy02","Δωροκάρτα από την Harpy Clothing 2026","Δωροκάρτα από την Harpy Clothing 2026","https://www.harpy.gr/product/gift-card-by-harpy-clothing/?srsltid=AfmBOoqKglMRpVOaAMYiXy_vbk1xc6D8v8XkOgteCiWFiJwL2yttvJmR","https://harpy.gr","ACTIVE","VERIFIED","harpy.gr","CLEAN","1","1"
"cmta4z5vh0041sciye1uhquaq","cmta4z5jo0040sciyob5ul4bs","Δωροκάρτα – Uba | Clothing & Massage Oils","Δωροκάρτα – Uba | Clothing & Massage Oils","https://www.uba.gr/product/gift-card/","https://uba.gr","ACTIVE","VERIFIED","uba.gr","CLEAN","1","1"
"cmta1fwrr003xq8iyg4p0qnf7","cmta1fwlk003wq8iy5kpvenul","Εκδόσεις Ψυχογιός","Εκδόσεις Ψυχογιός δωροκάρτα","https://www.psichogios.gr/el/gift-card.html","https://psichogios.gr","ACTIVE","VERIFIED","psichogios.gr","CLEAN","1","1"
"cmta4yfe1000zsciy02ejjqqf","cmta4yf3d000ysciy2zdlqyzw","Ηλεκτρονική Δωροκάρτα - SportCafe","Ηλεκτρονική Δωροκάρτα - SportCafe","https://el.sportcafe.gr/egift-card/","https://el.sportcafe.gr","ACTIVE","VERIFIED","el.sportcafe.gr","CLEAN","1","1"
"cmtb6v0uz003e3giyj7if68dc","cmtb6v0pz003d3giypgi6p23y","Ηλεκτρονική Δωροκάρτα PlanToys","Ηλεκτρονική Δωροκάρτα PlanToys","https://www.plantoys.gr/shop/%CE%B7%CE%BB%CE%B5%CE%BA%CF%84%CF%81%CE%BF%CE%BD%CE%B9%CE%BA%CE%AE-%CE%B4%CF%89%CF%81%CE%BF%CE%BA%CE%AC%CF%81%CF%84%CE%B1-plantoys/","https://plantoys.gr","ACTIVE","VERIFIED","plantoys.gr","CLEAN","1","1"
"cmtb77fl3002ndkiy7zthjbks","cmtb77fgd002mdkiy19dthlfp","Ιδέες για Δώρο Σπα","Ιδέες για Δώρο Σπα - Δωροεπιταγή Σπα | Orloff Day Spa","https://www.orloffspa.gr/gift-vouchers/","https://orloffspa.gr","ACTIVE","VERIFIED","orloffspa.gr","CLEAN","1","1"
"cmtb77anl001xdkiyfhh22j13","cmtb77aig001wdkiyv9taxv5p","ΚΛΑΟΥΔΑΤΟΣ OUTDOOR","Δωροκάρτα - ΚΛΑΟΥΔΑΤΟΣ OUTDOOR","https://klaoudatos.gr/product/gift-card/","https://klaoudatos.gr","ACTIVE","VERIFIED","klaoudatos.gr","CLEAN","1","1"
"cmtb78esw007kdkiy78dgnxfh","cmtb78eo2007jdkiyv91rvm80","Κάρτα Δώρου Physis","Κάρτα Δώρου Physis – Γυμναστήρια Βόρεια Προάστια","http://www.physis-fitnessclub.gr/physis-blog/news/physis-fitness-club-gift-card/","https://physis-fitnessclub.gr","ACTIVE","VERIFIED","physis-fitnessclub.gr","CLEAN","1","1"
"cmta4z1mm003lsciyvwvowjdm","cmta4z1g8003ksciycb0lyswx","Κάρτα Δώρου Εστιατόριο | Salero Restaurant","Κάρτα Δώρου Εστιατόριο | Salero Restaurant","https://www.salero.gr/gift-card","https://salero.gr","ACTIVE","VERIFIED","salero.gr","CLEAN","1","1"
"cmtb77ibp0031dkiy5l84o2pl","cmtb77i700030dkiywamhlbp4","Κάρτα δώρου για Εκδρομές - Περιηγήσεις στα Χανιά Κρήτης","Κάρτα δώρου για Εκδρομές - Περιηγήσεις στα Χανιά Κρήτης","https://propercretanguide.gr/el/dorokarta-gia-ekdromi-diakopes-sta-chania/","https://propercretanguide.gr","ACTIVE","VERIFIED","propercretanguide.gr","CLEAN","1","1"
"cmtb7i0ub000t04iyzboosrqi","cmtb7i0pf000s04iygmr4uj2e","Μασάζ & Θεραπείας","Gift Cards Μασάζ & Θεραπείας","https://www.physiowellnessathens.com/gift-card","https://physiowellnessathens.com","ACTIVE","VERIFIED","physiowellnessathens.com","CLEAN","1","1"
"cmtb6uukg002g3giyhpszyjx7","cmtb6uuev002f3giyv39kjoxr","Μασάζ L'Arte di Massaggio -","Δωροκάρτα Μασάζ L'Arte di Massaggio -","https://lartedimassaggio.gr/%CE%B4%CF%89%CF%81%CE%BF%CE%BA%CE%AC%CF%81%CF%84%CE%B1/","https://lartedimassaggio.gr","ACTIVE","VERIFIED","lartedimassaggio.gr","CLEAN","1","1"
"cmtb771ze000pdkiyptng0olp","cmtb771uj000odkiywhfjulaj","Προσφέρετε μια δωροκάρτα - Επιλέξτε την Αξία","Προσφέρετε μια δωροκάρτα - Επιλέξτε την Αξία","https://deltarestaurant.gr/el/product/offer-a-gift-card-choose-the-value/","https://deltarestaurant.gr","ACTIVE","VERIFIED","deltarestaurant.gr","CLEAN","1","1"
"cmtb78851006odkiyq49ms3f9","cmtb787zh006ndkiyobzskgz8","Στείλτε μια Δωροκάρτα","Στείλτε μια Δωροκάρτα","https://www.maamonpapa.gr/index.php?route=account/voucher","https://maamonpapa.gr","ACTIVE","VERIFIED","maamonpapa.gr","CLEAN","1","1"
"cmtb77onx003ydkiy1syn6iip","cmtb77ojh003xdkiy4cwko7oy","Τζούγκαρης","Τζούγκαρης Gift Card","https://tzougaris.gr/en/shop/wps_wgm_giftcard/tzougaris-giftcard-300/","https://tzougaris.gr","ACTIVE","VERIFIED","tzougaris.gr","OFFICIAL_URL_TOO_SPECIFIC","1","1"
"cmtb6um9000193giyhxszewcb","cmtb6um3e00183giyblwki1yw","Χάρισε μια Δωροκάρτα - District75","Χάρισε μια Δωροκάρτα - District75","https://www.district75.gr/doro-karta","https://district75.gr","ACTIVE","VERIFIED","district75.gr","CLEAN","1","1"
"cmtb62tub002994iy1zvxngz9","cmtb62tp4002894iya2x79xoi","για Γέννηση ή Βάπτιση – TeleioPlayRoom.gr","Δωροκάρτα για Γέννηση ή Βάπτιση – TeleioPlayRoom.gr","https://www.teleioplayroom.gr/products/gift-card?srsltid","https://teleioplayroom.gr","ACTIVE","VERIFIED","teleioplayroom.gr","CLEAN","1","1"
"cmtb78cit0078dkiyvd1zkppq","cmtb78cdp0077dkiyetcw4w0c","για πρωτότυπα και όμορφα δώρα!","Gift Card για πρωτότυπα και όμορφα δώρα!","https://talesofales.gr/product/gift-card-gia-prototypa-kai-omorfa-dora/","https://talesofales.gr","ACTIVE","VERIFIED","talesofales.gr","CLEAN","1","1"
"cmtb77sjh004hdkiy2ojn38hf","cmtb77seg004gdkiyqxppl0el","“Beauty Hall”","GIFT CARD “Beauty Hall”","https://beautyhallrhodes.gr/gift-card-beauty-hall/","https://beautyhallrhodes.gr","ACTIVE","VERIFIED","beautyhallrhodes.gr","CLEAN","1","1"