status,merchantId,merchantName,merchantSlug,websiteUrl,finalWebsiteUrl,reasonCodes,candidateSource,candidateScore,candidateUrl,evidence,sha256,width,height,bytes
SAFE,cmtb77seg004gdkiyqxppl0el,“Beauty Hall”,beauty-hall,https://beautyhallrhodes.gr,https://beautyhallrhodes.gr/,OFFICIAL_PAGE|HEADER_IMAGE|SAME_SITE_ASSET|IMAGE_VALIDATED,HEADER_IMAGE,263,http://beautyhallrhodes.gr/wp-content/uploads/2014/06/bh.jpg,img:Site logo,85bf32cbd4fef19cc62fd240c1a034bf5d5ee7469e0770410530cbed1e989c50,536,150,28175
REVIEW,cmtb7hyti000i04iyexyvbb7e,& Spa Voucherss,and-spa-vouchers,https://divaniapollonhotel.com,https://divaniapollonhotel.com/,NO_AUTO_SAFE_CANDIDATE,SITE_ICON,81,https://divaniapollonhotel.com/wp-content/uploads/2025/05/fav_120x120.png,link rel=icon,,,,
ERROR,cmta1mezp00sxq8iygc6o45un,1art,1art,https://1art.gr,,PAGE_TIMEOUT,,,,,,,,
REVIEW,cmta1h3dc0083q8iyok0hfncb,4seasons Beauty Institute,4seasons-beauty-institute,https://4seasons-beauty-institute.gr,https://www.4seasons-beauty-institute.gr/,NO_AUTO_SAFE_CANDIDATE,OG_IMAGE,-29,https://ae0f34ceb3.clvaw-cdnwnd.com/c5420bdcce5663639c4c106e34fe244c/200001109-9921f99221/700/4%20SEASONS%20%CE%A7%CE%B1%CE%BB%CE%BA%CE%AF%CE%B4%CE%B1.png?ph=ae0f34ceb3,og:image,,,,
SAFE,cmtb775q90018dkiyeyw4ozut,5pm,5pm,https://fivepm.gr,https://fivepm.gr/,OFFICIAL_PAGE|HEADER_IMAGE|SAME_SITE_ASSET|IMAGE_VALIDATED,HEADER_IMAGE,349,https://fivepm.gr/cdn/shop/files/5pm-logo-black.png?v=1644997245&width=300,img:small--hide image-element site-header__logo-link logo--has-inverted,1908e9dda3faf5ff274e1cd997b782ab07e36dfd3b7f444d7ba417e2786a7492,300,121,3114
NONE,cmtb6udw300003giywjrb4w57,5star Travel,5star-travel,https://5star-travel.gr,https://www.5star-travel.gr/,NO_LOGO_CANDIDATE,,,,,,,,
SAFE,cmtb6uea700023giy45bjoppd,Abajourmonamour,abajourmonamour,https://abajourmonamour.gr,https://www.abajourmonamour.gr/,OFFICIAL_PAGE|HEADER_IMAGE|SAME_SITE_ASSET|IMAGE_VALIDATED,HEADER_IMAGE,294,https://www.abajourmonamour.gr/wp-content/uploads/2024/05/MONAMOUR-4COLOR-1024x1024.png,img:header_logo header-logo Abajourmonamour,0811820eace1f6874e89e64d136e739b3a41bab906cf36d532672c497bf54eb3,1024,1024,69497
SAFE,cmtb62exh000094iy63k6h0wp,Absolutemassageandspa,absolutemassageandspa,https://absolutemassageandspa.gr,https://absolutemassageandspa.gr/,OFFICIAL_PAGE|JSONLD_LOGO|SAME_SITE_ASSET|IMAGE_VALIDATED,JSONLD_LOGO,259,https://absolutemassageandspa.gr/wp-content/uploads/2023/11/image_123986672.png,JSON-LD logo ImageObject,6bc9af92520a2dc31963b4e4951d2fbd5ec8edbc20900d41143921b77560444d,954,955,43876
REVIEW,cmt8o9l84000030iymso77cud,Access Fashion,access-fashion,https://www.accessfashion.gr,https://www.accessfashion.gr/,NO_AUTO_SAFE_CANDIDATE,SITE_ICON,139,https://www.accessfashion.gr/image/catalog/logo/access_fav_128.png,link rel=icon,,,,
SAFE,cmta5nk6i000054iyo59lds7z,Access Shop,access,https://access-shop.gr,https://access-shop.gr/,OFFICIAL_PAGE|HEADER_IMAGE|SAME_SITE_ASSET|IMAGE_VALIDATED,HEADER_IMAGE,367,https://access-shop.gr/wp-content/uploads/2020/09/logo-1.png,img:et_b_header-logo-img logo,17564a8ce09a72434dbaf0e611c32cc90407201d43745f85d59e26d939c3eb0d,300,110,9359
SAFE,cmta1h3wa0085q8iyn1rdkd0h,Active Fashion,active-fashion,https://active-fashion.gr,https://active-fashion.gr/,OFFICIAL_PAGE|HEADER_IMAGE|SAME_SITE_ASSET|IMAGE_VALIDATED,HEADER_IMAGE,367,https://active-fashion.gr/wp-content/uploads/2021/11/Active_Fashion_Jeans__More_LOGO.png,img:et_b_header-logo-img Active_Fashion_Jeans_&_More_LOGO,f9b20022cbb9e4821ce4d9d200d44beee6ddbaf348ac58b26150a2e5770da0cd,1648,373,30744
NONE,cmta1f03n000mq8iyzxhzrwvc,Adagio,adagio,https://adagio.gr,https://adagio.gr/,NO_LOGO_CANDIDATE,,,,,,,,
ERROR,cmta1flpz002sq8iyj9fu06aj,Adidas,adidas,https://adidas.gr,,PAGE_HTTP_403,,,,,,,,
SAFE,cmta1h4v30087q8iyy554j84c,Adore Beauty,adore-beauty,https://adore-beauty.gr,https://adore-beauty.gr/,OFFICIAL_PAGE|HEADER_IMAGE|SAME_SITE_ASSET|IMAGE_VALIDATED,HEADER_IMAGE,379,https://adore-beauty.gr/wp-content/uploads/2025/08/Adoras_logo.svg,img:attachment-full size-full sitelogo,0de253370124bb78a8c5f47e7afccf37ff6cb53ac7d5686b039cb516b9ce4b1a,514,84,4332
REVIEW,cmtb6ueoq00043giye4hg3ri6,Adventure Junkies,90-adventure-junkies,https://adventurejunkies.gr,https://www.adventurejunkies.gr/,NO_AUTO_SAFE_CANDIDATE,SITE_ICON,-41,https://adventurejunkies.storage.googleapis.com/wp-content/uploads/2022/02/24234105/fav.png,link rel=apple-touch-icon,,,,
ERROR,cmt79icwc000084iyqmpbd9de,AEGEAN,aegean,https://el.aegeanair.com,,PAGE_HTTP_403,,,,,,,,
REVIEW,cmta4y7eb0002sciylsx5by7d,Aegeanmassage,aegeanmassage,https://aegeanmassage.gr,https://aegeanmassage.gr/,NO_AUTO_SAFE_CANDIDATE,HEADER_IMAGE,334,https://aegeanmassage.gr/wp-content/uploads/elementor/thumbs/logo-agean-copy-r1hoabe7m8z6z0g0ofhnfuureji3n2dtho531coem8.png,img:webpexpress-processed logo-agean copy,,,,
REVIEW,cmta1kekt00kxq8iyxv2r81h0,Aetherjewelry,aetherjewelry,https://aetherjewelry.gr,https://aetherjewelry.gr/,NO_AUTO_SAFE_CANDIDATE,JSONLD_LOGO,134,https://i0.wp.com/aetherjewelry.gr/wp-content/uploads/2023/01/cropped-cropped-small-triangle.png?fit=512%2C512&ssl=1,JSON-LD logo ImageObject,,,,
SAFE,cmta1k3e400jnq8iyfrp6th99,Afroditesbeaute,afroditesbeaute,https://afroditesbeaute.gr,https://afroditesbeaute.gr/,OFFICIAL_PAGE|JSONLD_LOGO|SAME_SITE_ASSET|IMAGE_VALIDATED,JSONLD_LOGO,259,https://afroditesbeaute.gr/wp-content/uploads/2023/12/afrodites_beaute_transparent.png,JSON-LD logo ImageObject,5fff4ab24df5df3749c0a68ee0c6ae6ee53ea2975ebbf2b5dab38bf9d5399635,1600,1017,78071
REVIEW,cmta1gfy3005rq8iyb6n5rmq0,Agathou,agathou,https://agathou.gr,https://www.agathou.gr/,NO_AUTO_SAFE_CANDIDATE,JSONLD_LOGO,189,https://i0.wp.com/shop.agathouspa.gr/wp-content/uploads/2020/10/logos-2-e1464295855512.png?fit=400%2C338&ssl=1,JSON-LD logo ImageObject,,,,
SAFE,cmta1h8bf0089q8iycn3j15z3,Aggouris,aggouris,https://aggouris.gr,https://aggouris.gr/,OFFICIAL_PAGE|HEADER_IMAGE|SAME_SITE_ASSET|IMAGE_VALIDATED,HEADER_IMAGE,334,https://aggouris.gr/wp-content/uploads/2021/07/logo-edit-horizontal.png,img:wd-logo wd-main-logo Site logo Ιεροραφείο Αγγούρη,c686f47289f98d06b876f94a723e026ae62c4beb2a82b226a3aa6a492c2c97d9,935,226,93523
SAFE,cmta4y7vg0004sciy2y9wokq6,Agigma,agigma,https://agigma.gr,https://agigma.gr/,OFFICIAL_PAGE|JSONLD_LOGO|SAME_SITE_ASSET|IMAGE_VALIDATED,JSONLD_LOGO,314,https://agigma.gr/wp-content/uploads/2023/04/LETTER-A-FROM-LOGO.png,JSON-LD logo ImageObject,4c301f83658f46c48c875dd7716ab6cdf955e6f19bd2313c558072d7a6d29dea,500,500,3582
REVIEW,cmt8l5oqd00005giycgy0pz6b,Airbnb,airbnb,https://www.airbnb.com,https://www.airbnb.com/,NO_AUTO_SAFE_CANDIDATE,SITE_ICON,-26,https://a0.muscache.com/airbnb/static/icons/apple-touch-icon-120x120-52b1adb4fe3a8f825fc4b143de12ea4b.png,link rel=apple-touch-icon,,,,
SAFE,cmta4y8c30006sciylalyrg2a,Alchemy,alchemy,https://alchemy.gr,https://alchemy.gr/,OFFICIAL_PAGE|HEADER_IMAGE|SAME_SITE_ASSET|IMAGE_VALIDATED,HEADER_IMAGE,349,https://alchemy.gr/cdn/shop/files/logo_BLACK_transpBG.png?v=1747734077&width=200,img:header__logo-image new full-unstyled-link Alchemy,c2d98afa1ed3071db0247cee7bd6742fc42cb5e92144ba0817143aca7f012e23,200,200,2933
SAFE,cmtb76x780000dkiyixlw1gw5,ALDO Greece,aldo,https://aldoshoes.gr,https://aldoshoes.gr/,OFFICIAL_PAGE|HEADER_IMAGE|SAME_SITE_ASSET|IMAGE_VALIDATED,HEADER_IMAGE,379,https://aldoshoes.gr/cdn/shop/files/logo-aldo.svg?v=1769783474&width=600,img:header__heading-logo motion-reduce header__heading-link link link--text focus-inset ALDO Greece,6a91ab6cc45f77c5df1f4a325d45d0c5d12836594860a61575c3f8b1d18d7dfa,222,40,1138
REVIEW,cmtb77qd60047dkiyo2864egs,Alexandris Stores,valentine-s-day-gift-card,https://alexandrisstores.gr,https://alexandrisstores.gr/,NO_AUTO_SAFE_CANDIDATE,SITE_ICON,154,https://alexandrisstores.gr/wp-content/uploads/2021/11/%CE%A5%CF%80%CE%BF%CE%B4%CE%B7%CC%81%CE%BC%CE%B1%CF%84%CE%B1-%CE%91%CE%BB%CE%B5%CE%BE%CE%B1%CE%BD%CE%B4%CF%81%CE%B7%CC%81%CF%82-Logo-favicon-%CF%80%CE%B1%CF%80%CE%BF%CF%85%CF%84%CF%83%CE%B9%CE%B1-%CE%B1%CE%BD%CE%B4%CF%81%CE%B9%CE%BA%CE%B1-280x280.png,link rel=icon,,,,
SAFE,cmta1lgfn00p7q8iyx90361iz,Aleyacreations,aleyacreations,https://aleyacreations.gr,https://www.aleyacreations.gr/,OFFICIAL_PAGE|HEADER_IMAGE|SAME_SITE_ASSET|IMAGE_VALIDATED,HEADER_IMAGE,297,https://www.aleyacreations.gr/wp-content/uploads/2024/09/%CE%91%CE%BD%CF%8E%CE%BD%CF%85%CE%BC%CE%BF-%CE%A0%CE%B1%CF%81%CE%BF%CF%85%CF%83%CE%AF%CE%B1%CF%83%CE%B7-43.png,img:logo Aleya Creations,cf8e2d374137441ea3491cd24a3be0fe5e320eb025aac927f1f872381795b605,1024,768,98599
REVIEW,cmta1h8s5008bq8iy5dvpk9kp,Alhammam,alhammam,https://alhammam.gr,https://alhammam.gr/,NO_AUTO_SAFE_CANDIDATE,HEADER_IMAGE,349,https://alhammam.gr/wp-content/uploads/2026/08/al_hammam_header_logo_retina.png,img:logo_image sc_layouts_logo sc_layouts_logo_default trx_addons_inline_1207733369 Hammam Traditional Baths - Al Hammam Athens & Crete,,,,
SAFE,cmtb6uffz00083giyn667ly3j,Alhimistis Bags,alhimistis-bags,https://alhimistisbags.gr,https://alhimistisbags.gr/,OFFICIAL_PAGE|HEADER_IMAGE|SAME_SITE_ASSET|IMAGE_VALIDATED,HEADER_IMAGE,351,https://alhimistisbags.gr/wp-content/uploads/2025/12/alhimistis-bags-logo-Photoroom.webp,img:header_logo header-logo Alhimistis Bags,5a63298834b16f5c626b827e956a298c5f80bc53cf16651186971070b56d1ef5,400,200,11736
REVIEW,cmta1k3u200jpq8iytfzrz0ed,Alkistijewelry,alkistijewelry,https://alkistijewelry.gr,https://alkistijewelry.gr/,NO_AUTO_SAFE_CANDIDATE,SITE_ICON,84,https://alkistijewelry.gr/cdn/shop/files/alkistijewelry-favicon-64x64_32x32.png?v=1613720989,link rel=shortcut icon,,,,
REVIEW,cmta1loqf00q3q8iyazvz6v1f,Alldaypharmacy,alldaypharmacy,https://alldaypharmacy.gr,https://alldaypharmacy.gr/,NO_AUTO_SAFE_CANDIDATE,HEADER_IMAGE,367,https://alldaypharmacy.gr/wp-content/uploads/2019/04/alldaypharmacy-logo-100x27.png,img:qodef-header-logo-image qodef--main qodef--customizer qodef-header-logo-link qodef-height--set qodef-source--image ΦΑΡΜΑΚΕΙΟ ΓΛΥΦΑΔΑ,,,,
REVIEW,cmta1mfhk00szq8iyqgrn6mr2,Almarspa,almarspa,https://almarspa.gr,https://almarspa.gr/,NO_AUTO_SAFE_CANDIDATE,SITE_ICON,154,https://almarspa.gr/wp-content/uploads/2023/06/cropped-ALMAR-LOGO-192x192.png,link rel=icon,,,,
SAFE,cmta1h9u1008dq8iyr63git16,Alohabeauty,alohabeauty,https://alohabeauty.gr,https://alohabeauty.gr/,OFFICIAL_PAGE|HEADER_IMAGE|SAME_SITE_ASSET|IMAGE_VALIDATED,HEADER_IMAGE,367,https://alohabeauty.gr/ocoartoo/2024/06/Aloha_Beauty_logo.png,img:logo-link Aloha Beauty – Κέντρο Ομορφιάς στο Γέρακα,916fd77cd29fcaac3a862e10bd672f4f84412534c6eaa7fbc8c4dff75ce39ddd,150,42,6932
SAFE,cmta4y8rm0008sciyz71rugn9,Alouette,alouette,https://alouette.gr,https://www.alouette.gr/el/,OFFICIAL_PAGE|HEADER_IMAGE|SAME_SITE_ASSET|IMAGE_VALIDATED,HEADER_IMAGE,351,https://www.alouette.gr/img/sleed-template-logo-1566220341.jpg,img:logo img-responsive Alouette | Βρεφικά & Παιδικά Ρούχα,5a489a0d7755e0b5d9f142a20cbbd84c0c14513f6e669990ab8e5bc27a82367c,367,75,3282
SAFE,cmta1ggey005tq8iyzbtj8kvz,Alova,alova,https://alova.gr,https://www.alova.gr/,OFFICIAL_PAGE|HEADER_IMAGE|SAME_SITE_ASSET|IMAGE_VALIDATED,HEADER_IMAGE,367,https://www.alova.gr/wp-content/uploads/2019/04/alova-logo.png,img:basel-logo basel-main-logo Alova,969b38bf9e6020160348d8d40bc285e298eb41172487981ba5d8002428b4859c,200,37,4480
REVIEW,cmta1k4ai00jrq8iy57ed1bj5,Alpamayopro,alpamayopro,https://alpamayopro.gr,https://www.alpamayopro.gr/,NO_AUTO_SAFE_CANDIDATE,SITE_ICON,99,https://www.alpamayopro.gr/media/favicon/xapple-touch-icon.png.pagespeed.ic.s6tRcI0kH8.png,link rel=apple-touch-icon,,,,
SAFE,cmtb77qqd0049dkiyndnbfp2g,AlterEgo,alterego,https://alteregofashion.gr,https://alteregofashion.gr/,OFFICIAL_PAGE|HEADER_IMAGE|SAME_SITE_ASSET|IMAGE_VALIDATED,HEADER_IMAGE,334,https://alteregofashion.gr/wp-content/uploads/2019/10/alteregofashion-logo.png,img:site-logo AlterEgo,0dafb35f012c18af50ed084fb52ffcb68227ec6d68f5e609643df855b48bbf2a,393,80,5238
NONE,cmt8nqtz900000oiy5f4y48na,Amazon,amazon,https://www.amazon.de,https://www.amazon.de/,NO_LOGO_CANDIDATE,,,,,,,,
SAFE,cmtb77dlf002cdkiylvcdl5z2,Ambassador Mykonos,ambassador-mykonos,https://myconianambassador.gr,https://www.myconianambassador.gr/,OFFICIAL_PAGE|JSONLD_LOGO|SAME_SITE_ASSET|IMAGE_VALIDATED,JSONLD_LOGO,311,https://www.myconianambassador.gr/wp-content/uploads/2025/04/myconian-ambassador-logo.svg,JSON-LD logo ImageObject,3c841ea9f1d70dae8b98af740e28dd9b724cc021ab5a312e9d312e036deddeec,654,216,54483
REVIEW,cmta1hagf008fq8iynbdf22mn,Ame30,ame30,https://ame30.gr,https://ame30.gr/,NO_AUTO_SAFE_CANDIDATE,HEADER_IMAGE,367,https://ame30.gr/wp-content/uploads/2020/09/americanino_logo_final-new-300x61.png,img:attachment-full size-full wvs-archive-product-image w-image-h Σύνδεσμος americanino logo final new,,,,
REVIEW,cmta1hayg008hq8iyxn9dz5cg,Ammashop,ammashop,https://ammashop.gr,https://www.ammashop.gr/,NO_AUTO_SAFE_CANDIDATE,SITE_ICON,68,https://www.ammashop.gr/favicon.ico,link rel=shortcut icon,,,,
SAFE,cmta1lp9t00q5q8iyz374e7wj,Amourianosoptics,amourianosoptics,https://amourianosoptics.gr,https://amourianosoptics.gr/,OFFICIAL_PAGE|HEADER_IMAGE|SAME_SITE_ASSET|IMAGE_VALIDATED,HEADER_IMAGE,334,https://amourianosoptics.gr/static/version1788179739/frontend/MainSys/Amourianos/el_GR/images/logo.png,img:logo store logo,5c5e978c4d8405f6b41f1cea6cbd0afada8bdc80311a6da724b84456c284efe6,253,136,31631
REVIEW,cmta1eyqw000gq8iym60ef15s,Anastasia Beverly Hills,anastasia-beverly-hills,https://anastasiabeverlyhills.com,https://www.anastasiabeverlyhills.com/,NO_AUTO_SAFE_CANDIDATE,SITE_ICON,139,https://www.anastasiabeverlyhills.com/cdn/shop/files/ABH_A-Logo_Black_96x96_176eb2ac-ca68-484a-aabc-1cbabf6708f7.png?crop=center&height=32&v=1690482728&width=32,link rel=shortcut icon,,,,
SAFE,cmta1hbn3008jq8iyboyawojz,Anastasiasstore,anastasiasstore,https://anastasiasstore.gr,https://anastasiasstore.gr/,OFFICIAL_PAGE|JSONLD_LOGO|SAME_SITE_ASSET|IMAGE_VALIDATED,JSONLD_LOGO,314,https://anastasiasstore.gr/wp-content/uploads/2021/03/anastasiasstore_logo.png,JSON-LD logo ImageObject,aec7ddb2d1beb4f1dc5fe0c1f709c5e8c1195e4540ef19e054cf24782f94c6a5,1024,1024,170488
REVIEW,cmtb76y0m0004dkiy2sja0yz9,Ancient Greece,ancient,https://archaeotours.gr,https://www.archaeotours.gr/,NO_AUTO_SAFE_CANDIDATE,HEADER_IMAGE,294,https://www.archaeotours.gr/wp-content/uploads/2024/01/cropped-cropped-cropped-cropped-cropped-cropped-40-140x46.png,img:custom-logo custom-logo-link,,,,
SAFE,cmta1mg3500t1q8iy89f1zckz,Andreoueshop,andreoueshop,https://andreoueshop.gr,https://andreoueshop.gr/,OFFICIAL_PAGE|JSONLD_LOGO|SAME_SITE_ASSET|IMAGE_VALIDATED,JSONLD_LOGO,314,https://andreoueshop.gr/wp-content/uploads/2023/03/andreou-logo.png,JSON-LD logo ImageObject,df25435fb1190db3108b579f8a717bd5417322001409f10ea2b309e734423d49,800,673,41522
SAFE,cmtb76xn90002dkiy9b2alpff,ANEMH clothing&fashion items,anemh-clothing-and-fashion-items,https://anemifashion.gr,https://anemifashion.gr/,OFFICIAL_PAGE|HEADER_IMAGE|SAME_SITE_ASSET|IMAGE_VALIDATED,HEADER_IMAGE,312,https://anemifashion.gr/wp-content/uploads/2026/05/120144238_955375421613998_1173291131164017081_n-1400x723.png,img:header-logo-dark ANEMH clothing&fashion items,06724d29798395218ba3926979732e939e43778495b2d93b99a122f5bc30bc63,1400,723,122280
SAFE,cmta1hdeo008lq8iyzdedzdby,Anemos,anemos,https://anemos.gr,https://anemos.gr/,OFFICIAL_PAGE|HEADER_IMAGE|SAME_SITE_ASSET|IMAGE_VALIDATED,HEADER_IMAGE,349,https://anemos.gr/cdn/shop/files/anemos_logo_red.png?v=1774937740&width=1100,img:image__img header__logo-link Anemos,84ef8c92902fa493136a06697601afe2bab10ae756cb6b55f18c4e3f33675305,1100,855,77058
REVIEW,cmtb6ufsn000a3giyjib46xsx,Angelopoulos Hair,gift-card,https://angelopouloshair.gr,https://www.angelopouloshair.gr/el/,NO_AUTO_SAFE_CANDIDATE,OG_IMAGE,181,https://www.angelopouloshair.gr/static/version1788264586/frontend/Elegento/angelopouloshair/el_GR/images/svg/Angelopoulos_Logo.svg,og:image,,,,
REVIEW,cmtb77z45005gdkiyowzvvqms,Angels Boutique,angels-boutique,https://angels-boutique.gr,https://www.angels-boutique.gr/,NO_AUTO_SAFE_CANDIDATE,HEADER_IMAGE,349,https://www.angels-boutique.gr/wp-content/uploads/2021/07/logo-1-150x101.png,img:logo logo-link Angels Boutique,,,,
SAFE,cmtb6ug5t000c3giycd67gr0a,Angelsflowers,angelsflowers,https://angelsflowers.gr,https://angelsflowers.gr/,OFFICIAL_PAGE|HEADER_IMAGE|SAME_SITE_ASSET|IMAGE_VALIDATED,HEADER_IMAGE,334,https://angelsflowers.gr/wp-content/uploads/elementor/thumbs/cropped-angels_logo2-qcs1o2c8pyx6fr4br8zvyk7w3izuejq4ktups8vaty.png,img:cropped-angels_logo2.png,c969d484ccc77e565ab182efb749f1564c7443850c96487f3a6ac89e814333a9,175,175,12270
REVIEW,cmta1fe8c0026q8iyt6n52jj6,AngryNerd,angrynerd,https://angrynerd.gr,https://angrynerd.gr/,NO_AUTO_SAFE_CANDIDATE,HEADER_IMAGE,349,https://angrynerd.gr/wp-content/uploads/2024/07/angrynerd_logo_tbsh-x9-150x118.png,img:attachment-full size-full wd-logo wd-main-logo Λογότυπο ιστοτόπου,,,,
REVIEW,cmta1k4re00jtq8iy6du8abjr,Animusmassage,animusmassage,https://animusmassage.gr,https://animusmassage.gr/,NO_AUTO_SAFE_CANDIDATE,HEADER_IMAGE,367,https://animusmassage.gr/wp-content/uploads/2021/03/logo-gold.png,img:Mobile Logo,,,,
REVIEW,cmta1k58l00jvq8iyujdntq2y,Annamariamazaraki,annamariamazaraki,https://annamariamazaraki.gr,https://www.annamariamazaraki.com/el,WEBSITE_REDIRECTED_TO_DIFFERENT_DOMAIN,,,,,,,,
SAFE,cmta1kf0q00kzq8iybnro3x4h,Annysresidences,annysresidences,https://annysresidences.gr,https://annysresidences.gr/,OFFICIAL_PAGE|HEADER_IMAGE|SAME_SITE_ASSET|IMAGE_VALIDATED,HEADER_IMAGE,334,https://annysresidences.gr/wp-content/uploads/2024/03/logo_dark.png,img:dark site-header__logo logo dark,2c15ef71cd1333050a4f0ba843e7b5b88a3b9cc7995acfe6c8d35d530bfc81c7,85,100,2844
REVIEW,cmt8l5ph500055giy9pepw2jm,Answear Greece,answear-greece,https://answear.gr,https://answear.gr/,NO_AUTO_SAFE_CANDIDATE,HEADER_IMAGE,221,https://cdn.ans-media.com/assets/front/multi/static/images/logoAnswear_v2.svg?v=3,img:Header__logo__NUiSJ Answear logo logo answear,,,,
SAFE,cmta1g2lu004iq8iyuc7d7h3h,Anthemion Flowers,anthemion-flowers,https://anthemionflowers.com,https://anthemionflowers.com/attica_el,OFFICIAL_PAGE|JSONLD_LOGO|SAME_SITE_ASSET|IMAGE_VALIDATED,JSONLD_LOGO,299,https://anthemionflowers.com/logo_anth.png,JSON-LD logo ImageObject,8110dfaf81a18df2d6673d75780a5c64e49313c11e1df9c8307b754d8c19dc4e,230,75,26992
SAFE,cmtikaq840000csiynr88cto8,Antithesis Clothing,antithesis-clothing,https://antithesisclothing.gr,https://antithesisclothing.gr/,OFFICIAL_PAGE|HEADER_IMAGE|SAME_SITE_ASSET|IMAGE_VALIDATED,HEADER_IMAGE,334,https://antithesisclothing.gr/wp-content/uploads/2023/10/antithesis_clothing_new_logo.png,img:logo-img Logo,b5f8b5e2ffeea7dc756e0f682a7c777e814d1599527069c01e558dbde0393489,200,60,4566
REVIEW,cmta1ggu1005vq8iynyxfvbbv,Antonella,antonella,https://antonella.gr,https://antonella.gr/,NO_AUTO_SAFE_CANDIDATE,HEADER_IMAGE,367,https://antonella.gr/cdn/shop/files/logo_black.png?v=1762339215&width=400,img:header__logo-image new full-unstyled-link Antonella Concept Boutique,,,,
REVIEW,cmta1he01008nq8iye12pbbyc,Antonellakids,antonellakids,https://antonellakids.gr,https://www.antonellakids.gr/,NO_AUTO_SAFE_CANDIDATE,HEADER_IMAGE,367,https://www.antonellakids.gr/wp-content/uploads/2026/08/cropped-logo-150x29.png,img:custom-logo custom-logo-link Antonellakids,,,,
REVIEW,cmta1mgl500t3q8iyhiinlk2s,Anubis,anubis,https://anubis.gr,https://anubis.gr/,NO_AUTO_SAFE_CANDIDATE,SITE_ICON,154,https://anubis.gr/wp-content/uploads/2018/01/fav_logo-e1516906979560.png,link rel=icon,,,,
REVIEW,cmta1hek9008pq8iyxgjendzg,Anviacandles,anviacandles,https://anviacandles.gr,https://anviacandles.gr/,NO_AUTO_SAFE_CANDIDATE,HEADER_IMAGE,263,https://anviacandles.gr/wp-content/uploads/2025/04/ANVIA.jpg,img:hfe-site-logo-img elementor-animation- elementor-clickable default-logo,,,,
SAFE,cmta1lprh00q7q8iyps9ujt99,Ao Massage,ao-massage,https://ao-massage.gr,https://www.ao-massage.gr/,OFFICIAL_PAGE|HEADER_IMAGE|SAME_SITE_ASSET|IMAGE_VALIDATED,HEADER_IMAGE,367,https://www.ao-massage.gr/wp-content/uploads/2023/02/logo.png,img:mkdf-normal-logo logo,e85f1447e714e2e4777c4f16c205683bef484d6cc172d6cbd7889b4f79acd08b,742,413,8186
REVIEW,cmta1ftm4003mq8iyn7wu2dpi,ApparelStores,apparelstores,https://apparelstores.gr,https://www.apparelstores.gr/,NO_AUTO_SAFE_CANDIDATE,HEADER_IMAGE,352,https://www.apparelstores.gr/cdn/shop/files/logoSTICKY.png?v=1643971109&width=300,img:header__sticky-logo t4s-d-none t4s-d-none t4s-d-inline-block Apparel stores,,,,
REVIEW,cmtb770ps000idkiyolfowk77,Archives,archives,https://cicado.gr,https://cicado.gr/,NO_AUTO_SAFE_CANDIDATE,HEADER_IMAGE,349,https://cicado.gr/wp-content/uploads/2025/10/logo-cs-blk-@2x-320x107.png,img:custom-logo custom-logo-link transparent-custom-logo Cicado,,,,
REVIEW,cmtb772qg000sdkiyy1u9nxli,Archives,archives-2,https://didocosmetics.gr,https://www.didocosmetics.gr/,NO_AUTO_SAFE_CANDIDATE,HEADER_IMAGE,153,https://www.didocosmetics.gr/wp-content/uploads/2021/04/cropped-dido_logo_white_sideways.jpg,img:custom-logo custom-logo-link Dido Cosmetics,,,,
SAFE,cmtb776ks001cdkiyblekiezm,Archives,archives-3,https://gerochristojewelry.gr,https://gerochristojewelry.gr/,OFFICIAL_PAGE|JSONLD_LOGO|SAME_SITE_ASSET|IMAGE_VALIDATED,JSONLD_LOGO,314,https://cdn.gerochristojewelry.gr/wp-content/uploads/2020/05/gerochristo-logo.png,JSON-LD logo ImageObject,30f752a70465516a22d0433cce00464ee9a03fa41df395feb989ec3345fa4cdc,350,201,4069
SAFE,cmta5nz1h002754iyxbfujt5i,Archives - Two And A Half - twoandahalf.gr,archives-two-and-a-half-twoandahalf-gr,https://twoandahalf.gr,https://www.twoandahalf.gr/,OFFICIAL_PAGE|JSONLD_LOGO|SAME_SITE_ASSET|IMAGE_VALIDATED,JSONLD_LOGO,332,https://www.twoandahalf.gr/wp-content/uploads/2025/04/logo.png,JSON-LD logo ImageObject,c9b0364c8dc35040464f97eebeb1a817ddc92c76a70fc824fcaac5eab5d9d5dd,600,153,4050
REVIEW,cmta5o03q002d54iyhnei1gmz,Archives - Wellness City Spa Glyfada | Exclusive Services,archives-wellness-city-spa-glyfada-exclusive-services,https://wellnesscityspa.gr,https://wellnesscityspa.gr/,NO_AUTO_SAFE_CANDIDATE,HEADER_IMAGE,187,https://wellnesscityspa.gr/wp-content/uploads/2023/10/logo_white_inline.png,img:logo Wellness City Spa Glyfada | Exclusive Services,,,,
SAFE,cmtb7861h006ddkiyig1e8txl,Archives - Φωτιστικά Κουρτάκης,archives-φωτιστικα-κουρτακης,https://kourtakis-lighting.gr,https://kourtakis-lighting.gr/,OFFICIAL_PAGE|HEADER_IMAGE|SAME_SITE_ASSET|IMAGE_VALIDATED,HEADER_IMAGE,300,https://kourtakis-lighting.gr/wp-content/uploads/2020/12/rsz_1kourtakis-lighting-logo-1470987994.jpg,img:lazyload wd-logo wd-main-logo Site logo Φωτιστικά Κουρτάκης,5e6f04c77bdb26a5d856052b9f6e0d551863dcaa19460f1c51264e60d392edbb,300,79,6938
SAFE,cmta1f5ck0016q8iyalh0a7ty,arfie.gr,arfie-gr,https://arfie.gr,https://www.arfie.gr/,OFFICIAL_PAGE|HEADER_IMAGE|SAME_SITE_ASSET|IMAGE_VALIDATED,HEADER_IMAGE,367,https://www.arfie.gr/cdn/shop/files/logocolour.png?height=44&v=1668460332,img:header__heading-logo medium-hide large-up-hide header__heading-link focus-inset Arfie | Born to Dream,8a7290d9f24e7ca1729e297c9c31c7771b2ecdc27d8659cc535d9414a24c1fff,99,44,2840
SAFE,cmta1mh6h00t5q8iyy9olrsfi,Army Market,army-market,https://army-market.gr,https://army-market.gr/el/,OFFICIAL_PAGE|HEADER_IMAGE|SAME_SITE_ASSET|IMAGE_VALIDATED,HEADER_IMAGE,351,https://army-market.gr/img/logo-1661446979.jpg,img:logo img-fluid Army-Market,35f1af3d2165fc88fa158eaf952023db39052c81b8ee3a5cb790e8349abc5f25,453,49,20951
REVIEW,cmtb6ugje000e3giyaubvped2,Art Center,art-center,https://art-center.com.gr,https://www.art-center.com.gr/,NO_AUTO_SAFE_CANDIDATE,OG_IMAGE,153,https://www.art-center.com.gr/images/logo.jpg,og:image,,,,
ERROR,cmta1hf65008rq8iyfh7t6wpa,Artcolour,artcolour,https://artcolour.gr,,PAGE_HTTP_403,,,,,,,,
SAFE,cmta1gh86005xq8iydzgewhf3,Artmie,artmie,https://artmie.gr,https://artmie.gr/,OFFICIAL_PAGE|HEADER_IMAGE|SAME_SITE_ASSET|IMAGE_VALIDATED,HEADER_IMAGE,367,https://artmie.gr/cdn/shop/files/logo_a700d8e7-d6d1-4769-b6c3-5f472d4c8935.png?height=56&v=1764578764,img:header-logo__image size-style spacing-style header-logo,811b520927326447e37e918591268c0f7fa0e743437eacf80fccef2f65db040a,202,56,3551
REVIEW,cmtb6ugwi000g3giyi2nq5zgq,Asian For All 50ε,asian-for-all-50ε,https://asianforall.gr,https://asianforall.gr/,NO_AUTO_SAFE_CANDIDATE,HEADER_IMAGE,334,http://asianforall.gr/wp-content/uploads/2025/07/afa_logo-512.png,img:retina-logo Μαθήματα Κινέζικων – Μεταφράσεις Κινέζικων | Asian For All - Mαθήματα κινέζικων σε κλειστά ή ανοιχτά ολιγομελή τμήματα για όλα τα επίπεδα εξετάσεων HSK στο Ηράκλειο Κρήτης. Κινέζικα μαθήματα και online μέσω Skype.,,,,
SAFE,cmta1fhz7002gq8iyyert5tbx,AstronGameClub,astrongameclub,https://astrongameclub.gr,https://www.astrongameclub.gr/,OFFICIAL_PAGE|HEADER_IMAGE|SAME_SITE_ASSET|IMAGE_VALIDATED,HEADER_IMAGE,346,https://www.astrongameclub.gr/wp-content/uploads/2023/10/astron_logo.svg,img:normal-logo lazyload AstronGameClub,e10b7d3a1177c382cb1f41139e196688181bfb17df2f68ccc5254fadca45703a,293,84,12481
ERROR,cmta5nklm000254iyykvcbi2u,Atelie,atelie,https://atelie.com.gr,,PAGE_HTTP_503,,,,,,,,
REVIEW,cmta1gi2r005zq8iyjvgxjqxm,Atenea,atenea,https://atenea.gr,https://atenea.gr/,NO_AUTO_SAFE_CANDIDATE,HEADER_IMAGE,367,https://atenea.gr/cdn/shop/files/Horizontal_Logo_BnW_V2.png?v=1717419845&width=540,img:small--hide image-element site-header__logo-link logo--inverted Atenea,,,,
SAFE,cmta1kfgg00l1q8iywstqh400,Athanasiakaritsa,athanasiakaritsa,https://athanasiakaritsa.gr,https://athanasiakaritsa.gr/,OFFICIAL_PAGE|JSONLD_LOGO|SAME_SITE_ASSET|IMAGE_VALIDATED,JSONLD_LOGO,277,https://athanasiakaritsa.gr/wp-content/uploads/2022/05/athanasia-antigoni-karytsa.png,JSON-LD logo ImageObject,76eee8a970432fb3dcc100d23ace948fc5e986fa0a27541e7249f5f9dcf7fd63,237,120,7913
REVIEW,cmta5nlc8000654iynn5wpmru,Athens Green Apartments,athens-green-apartments,https://athensgreen.gr,https://athensgreen.gr/,NO_AUTO_SAFE_CANDIDATE,OG_IMAGE,-45,https://l.icdbcdn.com/oh/05624b25-7f1b-4f3c-8db3-f107b627843b.jpg?w=1200,og:image,,,,
SAFE,cmta1mhql00t7q8iyw7yqed2v,Athenscentre,athenscentre,https://athenscentre.gr,https://athenscentre.gr/,OFFICIAL_PAGE|HEADER_IMAGE|SAME_SITE_ASSET|IMAGE_VALIDATED,HEADER_IMAGE,367,https://athenscentre.gr/ootchalr/2020/08/Athens-Centre-logo.png,img:custom-logo custom-logo-link Athens Centre,3b89e74e3df0f41ad2d23fe6ea7779992fd4a851e265992074eec39146fe5e7b,563,112,26318
SAFE,cmta1hfri008tq8iyyvmypizt,Athensmassagecenter,athensmassagecenter,https://athensmassagecenter.gr,https://athensmassagecenter.gr/,OFFICIAL_PAGE|JSONLD_LOGO|SAME_SITE_ASSET|IMAGE_VALIDATED,JSONLD_LOGO,332,https://athensmassagecenter.gr/wp-content/uploads/2021/10/cropped-LOGO-main-blue-massage-e1634128064579.png,JSON-LD logo ImageObject,9737382fa29bb16c1399b50b53b2e379a4bc90ef53e2e3794e75e88c30f98573,220,75,1532
REVIEW,cmta1midd00t9q8iy0efqn67i,Athenssportsmassage,athenssportsmassage,https://athenssportsmassage.gr,https://www.athenssportsmassage.gr/,NO_AUTO_SAFE_CANDIDATE,HEADER_IMAGE,367,https://www.athenssportsmassage.gr/wp-content/uploads/2024/03/ASM-logo-1024x470.png,img:custom-logo custom-logo-link Athens Sports Massage,,,,
REVIEW,cmta1kg3s00l3q8iyzftj1v7j,Athinatzika,athinatzika,https://athinatzika.gr,https://athinatzika.gr/,NO_AUTO_SAFE_CANDIDATE,OG_IMAGE,114,https://athinatzika.gr/wp-content/uploads/2021/01/ATHINA-TZIKA_.png,og:image,,,,
REVIEW,cmta1k5pb00jxq8iylq5tdu38,Atmospherespa,atmospherespa,https://atmospherespa.gr,https://atmospherespa.gr/,NO_AUTO_SAFE_CANDIDATE,HEADER_IMAGE,367,https://atmospherespa.gr/wp-content/uploads/2024/06/atmospherespa_logo2_sm.png,img:mkdf-normal-logo logo,,,,
REVIEW,cmt79idez000584iydg3oewe8,attica,attica,https://atticadps.gr,https://www.atticadps.gr/,NO_AUTO_SAFE_CANDIDATE,HEADER_IMAGE,346,https://www.atticadps.gr/Content/media/header/atticalogo.svg,img:header__logoImg Attica,,,,
SAFE,cmta5nlqy000854iyl8rafyef,Audio Control,audio-control,https://audiocontrol.gr,https://www.audiocontrol.gr/,OFFICIAL_PAGE|JSONLD_LOGO|SAME_SITE_ASSET|IMAGE_VALIDATED,JSONLD_LOGO,314,https://www.audiocontrol.gr/wp-content/uploads/2020/04/AUDIOCONTROL-LOGO-GRAY-e1587658216706.png,JSON-LD logo ImageObject,3e2aa8fe10c4cf937fdabecc76882afd2d74ecd0305e9df7bf68634d208f6983,190,123,2108
SAFE,cmta1lqc400q9q8iy6jsg8irh,Aurorajewellery,aurorajewellery,https://aurorajewellery.gr,https://aurorajewellery.gr/,OFFICIAL_PAGE|HEADER_IMAGE|SAME_SITE_ASSET|IMAGE_VALIDATED,HEADER_IMAGE,294,https://aurorajewellery.gr/cdn/shop/files/c28df0363b2a8d7658b40fd19890f73a.png?v=1736150206&width=600,img:header__heading-logo header__heading-link link link--text focus-inset AURORAJEWELLERY,a7ba2f029bbbf9980663d579dab13ae863ba9838cdba41d44e846feb40fb9cc8,600,600,13530
SAFE,cmta1lkoo00pnq8iy3a0nyj35,Avgerinospharmacy,avgerinospharmacy,https://avgerinospharmacy.gr,https://avgerinospharmacy.gr/,OFFICIAL_PAGE|HEADER_IMAGE|SAME_SITE_ASSET|IMAGE_VALIDATED,HEADER_IMAGE,312,https://avgerinospharmacy.gr/cdn/shop/files/HORIZONTAL_PNG_File_150ppi_Pestle_For_BLACK_GL_20022017_637f4a7e-d902-45b6-9b1d-a0cc63c541b2.png?v=1662986504&width=400,img:small--hide image-element site-header__logo-link logo--inverted Avgerinos Pharmacy,3a344cee3b66dbc76cbf8328be09e8ec948c024e15cbc25daed15edd9d9dd90f,400,93,5496
REVIEW,cmta1hgfm008vq8iy2pi8rd5p,Avvento Shoes,avvento-shoes,https://avvento-shoes.gr,https://www.avvento-shoes.gr/,NO_AUTO_SAFE_CANDIDATE,SITE_ICON,68,https://www.avvento-shoes.gr/themes/custom/rkpt/favicon.ico,link rel=icon,,,,
REVIEW,cmta5nm5n000a54iytmsbakho,Baby Gear,baby-gear,https://babygear.gr,https://www.babygear.gr/,NO_AUTO_SAFE_CANDIDATE,SITE_ICON,68,https://www.babygear.gr/favicon.ico,link rel=shortcut icon,,,,
REVIEW,cmta1hgww008xq8iyq5yf3j73,Babybean,babybean,https://babybean.gr,https://babybean.gr/,NO_AUTO_SAFE_CANDIDATE,SITE_ICON,154,https://babybean.gr/wp-content/uploads/2022/10/babybean-logo-icon.png,link rel=icon,,,,
SAFE,cmta1lqvr00qbq8iyymgbd4rj,Babybluecollections,babybluecollections,https://babybluecollections.gr,https://babybluecollections.gr/,OFFICIAL_PAGE|HEADER_IMAGE|SAME_SITE_ASSET|IMAGE_VALIDATED,HEADER_IMAGE,312,https://babybluecollections.gr/cdn/shop/files/Artboard_1_copy_8.png?v=1721123085&width=1921,img: is-loading  header__logo__link babybluecollections.gr,0433808164ceccd36629d28ea0fabc68cc0204cd295c72d2a02be17259b72e44,1921,424,14344
ERROR,cmta1fb6o001wq8iy33a59phq,Babydream,babydream,https://babydream.gr,,PAGE_HTTP_403,,,,,,,,
SAFE,cmta1mj0k00tbq8iyprndlmpp,Babyllama,babyllama,https://babyllama.gr,https://www.babyllama.gr/,OFFICIAL_PAGE|HEADER_IMAGE|SAME_SITE_ASSET|IMAGE_VALIDATED,HEADER_IMAGE,346,https://www.babyllama.gr/wp-content/uploads/2026/03/babyllama-logo.svg,img:attachment-full size-full wd-logo wd-main-logo Site logo,188c0803c91f9beba846b6f20c43bac5d4a76b067d698d963b28db395e7464d8,1000,401,24713
REVIEW,cmta1mjw600tdq8iy2ln2bbdn,Babyvalia,babyvalia,https://babyvalia.gr,https://babyvalia.gr/,NO_AUTO_SAFE_CANDIDATE,HEADER_IMAGE,367,https://babyvalia.gr/wp-content/uploads/2024/02/logo-stretch-150x60.png,img:attachment-full size-full lazyload wd-logo wd-sticky-logo,,,,
REVIEW,cmta1mkch00tfq8iypojod0v2,Badayestudio,badayestudio,https://badayestudio.gr,https://badayestudio.gr/,NO_AUTO_SAFE_CANDIDATE,HEADER_IMAGE,367,https://badayestudio.gr/wp-content/uploads/2025/04/Color-logo-no-background-1024x424.png,img:attachment-full size-full lazyload wd-logo wd-main-logo Site logo badaye-logo,,,,
SAFE,cmtb77rzv004edkiyu06p2n1l,Badila,badila,https://badila.gr,https://www.badila.gr/el-gr/,OFFICIAL_PAGE|HEADER_IMAGE|SAME_SITE_ASSET|IMAGE_VALIDATED,HEADER_IMAGE,334,https://www.badila.gr/static/theme/images/badila-logo-black.png,img:Brand logo,132e460fcb70ab5d77eeb36e3ecca556f279c9dc5a784871d9ce0b160d77fc7a,600,180,18964
SAFE,cmtb62fbu000294iyhass0r8j,Bags & Hats eshop | Your trusted choice since 1965,bags-and-hats-your-trusted-choice-since-1965,https://bagshats.gr,https://bagshats.gr/,OFFICIAL_PAGE|HEADER_IMAGE|SAME_SITE_ASSET|IMAGE_VALIDATED,HEADER_IMAGE,351,https://bagshats.gr/wp-content/uploads/2020/12/logo2-1400x264.jpg,img:header_logo header-logo Bags & Hats eshop | Your trusted choice since 1965,da5d3bf6a1313dd3f38193932b0381cfb7a36149aea7cb1a6884dad684c01b4a,1400,264,1923533
REVIEW,cmta1lhli00pbq8iycwa0xvr7,Bakuk,bakuk,https://bakuk.gr,https://bakuk.gr/,NO_AUTO_SAFE_CANDIDATE,HEADER_IMAGE,367,https://bakuk.gr/wp-content/uploads/2023/11/logo_bakuk-e1712057091515-10x2.png,img:et_b_header-logo-img,,,,
REVIEW,cmta1kgk800l5q8iyf882sdaw,Balootoys,balootoys,https://balootoys.gr,https://balootoys.gr/,NO_AUTO_SAFE_CANDIDATE,SITE_ICON,154,https://balootoys.gr/wp-content/uploads/2023/11/cropped-logo-bear-web-500_2-2-192x192.png,link rel=icon,,,,
SAFE,cmta1mkyo00thq8iycmckbrk1,Bambinokids,bambinokids,https://bambinokids.gr,https://bambinokids.gr/,OFFICIAL_PAGE|JSONLD_LOGO|SAME_SITE_ASSET|IMAGE_VALIDATED,JSONLD_LOGO,299,https://bambinokids.gr/wp-content/uploads/2022/04/Bambino-Kids-logo-png-150x150.png,JSON-LD logo ImageObject,0f9be8c07a4c0e01b6032091aef094218fdcdf7acd342616bd70814ae1c95027,150,150,5580
REVIEW,cmtb76ytx0008dkiy5hse5hlt,Banya,banya,https://banya.gr,https://www.banya.gr/,NO_AUTO_SAFE_CANDIDATE,SITE_ICON,99,https://www.banya.gr/wp-content/uploads/2025/01/cropped-favicon_banya-1-192x192.png,link rel=icon,,,,
REVIEW,cmta4y96w000asciyw4lp6d4q,Barbopoulos,barbopoulos,https://barbopoulos.gr,https://www.barbopoulos.gr/,NO_AUTO_SAFE_CANDIDATE,OG_IMAGE,114,https://www.barbopoulos.gr/wp-content/uploads/2024/09/barbopoulos.png,og:image,,,,
REVIEW,cmta1ft43003kq8iy3gcph7ml,Barequip.gr,barequip-gr,https://barequip.gr,https://www.barequip.gr/shop/,NO_AUTO_SAFE_CANDIDATE,HEADER_IMAGE,367,https://www.barequip.gr/shop/wp-content/uploads/2023/09/BarEquip_new_Logo-150x45.png,img:attachment-full size-full wd-logo wd-main-logo Site logo,,,,
SAFE,cmta1kh2c00l7q8iyvz3v307p,Baseandtop,baseandtop,https://baseandtop.gr,https://baseandtop.gr/,OFFICIAL_PAGE|HEADER_IMAGE|SAME_SITE_ASSET|IMAGE_VALIDATED,HEADER_IMAGE,312,https://baseandtop.gr/cdn/shop/files/Asset_2_4x_edaacbb5-da98-40b0-a583-105c36fbb755.png?v=1729071940&width=480,img:logo header__logo--desktop md:block hidden h3 relative flex header__logo--image Base & Top | Nails. Beauty. Skincare.,e794c0bcbcfc76cb9decf3756232b55fa5954a82e5f7da759d0d7d1fa8756f82,480,117,8848
SAFE,cmta1hhhz008zq8iynnf2cwxw,Batterypark,batterypark,https://batterypark.gr,https://batterypark.gr/el/,OFFICIAL_PAGE|HEADER_IMAGE|SAME_SITE_ASSET|IMAGE_VALIDATED,HEADER_IMAGE,334,https://batterypark.gr/images/logo.png,img:site-logo logo-general img-responsive brand Batterypark.gr,a00b10cbe0e8e5a36da406c9aa227e4c3d1d66d31189280900a03aa179ca751c,280,105,7798
REVIEW,cmta1hik80091q8iy7tmtpbi6,Bbq,bbq,https://bbq.gr,https://bbq.gr/,STRONG_CANDIDATE_REJECTED|ASSET_HTTP_404,HEADER_IMAGE,300,https://bbq.gr/static/images/logo.webp,img:h-11 w-auto flex items-center Logo Fun88,,,,
SAFE,cmta1hjcj0093q8iybfcm521f,Beauty Case,beauty-case,https://beauty-case.gr,https://www.beauty-case.gr/,OFFICIAL_PAGE|HEADER_IMAGE|SAME_SITE_ASSET|IMAGE_VALIDATED,HEADER_IMAGE,266,https://www.beauty-case.gr/wp-content/uploads/2026/06/beauty-case-logo.svg,img:header_logo header-logo Beauty Case,564252071acd73337c20991ff15f33bdc5f7f3c58e5ae965262b689528358264,5592,891,4465
SAFE,cmta1lexf00p1q8iy3e7gxd0a,Beauty Plus,beauty-plus,https://beauty-plus.gr,https://www.beauty-plus.gr/,OFFICIAL_PAGE|HEADER_IMAGE|SAME_SITE_ASSET|IMAGE_VALIDATED,HEADER_IMAGE,312,https://www.beauty-plus.gr/cdn/shop/files/Beige_Aesthetic_Modern_Calligraphy_Real_Estate_Business_Card_1000_x_500_px_3_0bd35298-8e77-4e06-bcdc-7d382cc3ca09.png?v=1761134469&width=1000,img:site-branding-image site-branding,bbd3153e7f177bb238359b04dcf04c9e8ae96dd5b7337817ddc03747795eba2a,1000,412,40348
SAFE,cmtb6uham000i3giyoogf3rqc,Beauty Queens,beauty-queens,https://beautyqueens.gr,https://www.beautyqueens.gr/,OFFICIAL_PAGE|HEADER_IMAGE|SAME_SITE_ASSET|IMAGE_VALIDATED,HEADER_IMAGE,367,https://www.beautyqueens.gr/wp-content/uploads/2024/08/Logo_grammiko_page-0001-removebg-preview-1.png,img:img-responsive fusion-standard-logo disable-lazyload fusion-no-lightbox Beauty Queens Logo,42e4a806b6ba49d1c4f55ff47810d105aa3cee119a36c1427e4dfb642b4ed00f,778,225,98054
SAFE,cmta1giib0061q8iyxtue1dwt,Beautyandnails,beautyandnails,https://beautyandnails.gr,https://beautyandnails.gr/,OFFICIAL_PAGE|JSONLD_LOGO|SAME_SITE_ASSET|IMAGE_VALIDATED,JSONLD_LOGO,299,https://beautyandnails.gr/image/cache/catalog/journal3/logo/logotest1-675x403.png,JSON-LD logo property,5b58b9d7fd25109fb6a06e808f4a26549d062a5379d088bce7803636baab2059,675,403,14827
REVIEW,cmta1hjup0095q8iyvtvlgy9z,Beautybliss,beautybliss,https://beautybliss.gr,https://www.beautybliss.gr/,NO_AUTO_SAFE_CANDIDATE,OG_IMAGE,-29,"https://static.wixstatic.com/media/432345_8fec569a23b94c9eb5cad5ea95ac1869%7Emv2.png/v1/fit/w_2500,h_1330,al_c/432345_8fec569a23b94c9eb5cad5ea95ac1869%7Emv2.png",og:image,,,,
REVIEW,cmta1gbwr0057q8iy912y66yc,Beautycityspa,beautycityspa,https://beautycityspa.gr,https://www.beautycityspa.gr/,NO_AUTO_SAFE_CANDIDATE,HEADER_IMAGE,191,https://images.squarespace-cdn.com/content/v1/5504a437e4b0c33a9671d6e9/1746644840712-LQTVOZKNFU51E3KJI0M2/Medik8+Professional+Logo+-+With+Trademark+-+For+Web+%281%29.png,"img:thumb-image 
                    image-slide-anchor
                    
                    content-fit
                   Medik8 Professional Logo - With Trademark - For Web (1).png Medik8 Professional Logo - With Trademark - For Web (1).png",,,,
NONE,cmta1mlfc00tjq8iy0c3ybipq,Beautyclinic,beautyclinic,https://beautyclinic.gr,https://beautyclinic.gr/,NO_LOGO_CANDIDATE,,,,,,,,
REVIEW,cmta1li4l00pdq8iy7duep71a,Beautylafee,beautylafee,https://beautylafee.gr,https://beautylafee.gr/,NO_AUTO_SAFE_CANDIDATE,HEADER_IMAGE,333,https://beautylafee.gr/wp-content/smush-webp/2024/11/logo-new-150x92.png.webp,img:attachment-full size-full wd-logo wd-main-logo Site logo,,,,
REVIEW,cmta1hkcg0097q8iyw3ydcbip,Beautylink,beautylink,https://beautylink.gr,https://www.beautylink.gr/,NO_AUTO_SAFE_CANDIDATE,SITE_ICON,83,https://www.beautylink.gr/wp-content/uploads/2025/11/cropped-Neutral-Elegant-Minimalist-Wedding-Agency-Business-Card-192x192.jpg,link rel=icon,,,,
REVIEW,cmta1hkqq0099q8iyde9km7bg,Beautypeak,beautypeak,https://beautypeak.gr,https://www.beautypeak.gr/,NO_AUTO_SAFE_CANDIDATE,SITE_ICON,-44,https://static.wixstatic.com/media/bdad20_596d477c57a84a898b421dac6a931438%7Emv2.png/v1/fill/w_192%2Ch_192%2Clg_1%2Cusm_0.66_1.00_0.01/bdad20_596d477c57a84a898b421dac6a931438%7Emv2.png,link rel=icon,,,,
SAFE,cmta1hl4z009bq8iydvy08yy9,Beautyprincess,beautyprincess,https://beautyprincess.gr,https://beautyprincess.gr/,OFFICIAL_PAGE|JSONLD_LOGO|SAME_SITE_ASSET|IMAGE_VALIDATED,JSONLD_LOGO,244,https://beautyprincess.gr/image/cache/catalog/139455-1-1351x504.png,JSON-LD logo property,4ba27f3e04bf4cfc8bd7ae085b3a883a0543e3cd90e21b0af8696f69370e3b51,1351,504,62236
SAFE,cmtb62fq1000494iyp0o9gh07,Beautyworldbydg,beautyworldbydg,https://beautyworldbydg.gr,https://www.beautyworldbydg.gr/,OFFICIAL_PAGE|JSONLD_LOGO|SAME_SITE_ASSET|IMAGE_VALIDATED,JSONLD_LOGO,277,https://www.beautyworldbydg.gr/wp-content/uploads/2016/06/BEAUTYWORLD_FINAL.png,JSON-LD logo ImageObject,d8bfb053e572592c92f74dfb156a649b3ac9167c75eaa6bcc9952bc8ada353c1,265,74,6091
SAFE,cmta1khjf00l9q8iydipxdut2,Bebestars,bebestars,https://bebestars.gr,https://www.bebestars.gr/,OFFICIAL_PAGE|JSONLD_LOGO|SAME_SITE_ASSET|IMAGE_VALIDATED,JSONLD_LOGO,256,https://www.bebestars.gr/images/photos/ifwovxomgn.svg,JSON-LD logo property,affa4ff250db3ff92da62eca64087aeabc0a57d599aedbf90d17b0a6708d01eb,313,84,18460
REVIEW,cmta1exse000cq8iym36sal68,Belmond,belmond,https://belmond.com,https://www.belmond.com/en,NO_AUTO_SAFE_CANDIDATE,SITE_ICON,99,https://www.belmond.com/apple-touch-icon.png,link rel=apple-touch-icon,,,,
REVIEW,cmta1hlis009dq8iyvq7l9obj,Benessere,benessere,https://benessere.gr,https://benessere.gr/,NO_AUTO_SAFE_CANDIDATE,JSONLD_LOGO,332,https://benessere.gr/wp-content/uploads/2020/02/bennesere-logo-sm-footer.png,JSON-LD logo ImageObject,,,,
SAFE,cmtb777dj001gdkiyvmgfij22,Best Mom για τη Γιορτή της Μητέρας,best-mom-για-τη-γιορτη-της-μητερας,https://grandpharmacy.gr,https://grandpharmacy.gr/,OFFICIAL_PAGE|HEADER_IMAGE|SAME_SITE_ASSET|IMAGE_VALIDATED,HEADER_IMAGE,333,https://grandpharmacy.gr/wp-content/uploads/2016/09/logo_touch_icon-e1595214679835.jpg,img:lazyload img-responsive fusion-standard-logo fusion-no-lightbox GrandPharmacy.gr Logo,6288fa376d3898eb864046539aaee2e46e8deb7e360e3dcdbddd63a8613e099a,152,70,5272
ERROR,cmtb6uhnb000k3giyxddgyqfa,Best Western,best-western-gift-card,https://bestwestern.gr,,PAGE_HTTP_403,,,,,,,,
SAFE,cmta1mlxn00tlq8iypoqqu9ps,Bestmassage,bestmassage,https://bestmassage.gr,https://bestmassage.gr/,OFFICIAL_PAGE|HEADER_IMAGE|SAME_SITE_ASSET|IMAGE_VALIDATED,HEADER_IMAGE,367,https://bestmassage.gr/wp-content/uploads/2025/09/bestmassage_logo.png,img:logo_image sc_layouts_logo sc_layouts_logo_default trx_addons_inline_805720914 The Best Massage,9882aaa9db34e04615620b250288c543eea345782ac209ee59b99daff41d7f9a,247,60,8266
ERROR,cmta1hlx2009fq8iy6fwfj2v1,Bestpharmacy,bestpharmacy,https://bestpharmacy.gr,,PAGE_HTTP_403,,,,,,,,
SAFE,cmta1fv1k003sq8iyuznwlgqd,Big Shoes,big-shoes,https://bigshoes.gr,https://bigshoes.gr/index.php?route=common/home,OFFICIAL_PAGE|JSONLD_LOGO|SAME_SITE_ASSET|IMAGE_VALIDATED,JSONLD_LOGO,299,https://bigshoes.gr/image/cache/catalog/bigshoes_newlogo_forwebsite-571x160.png,JSON-LD logo property,5ecdbdab2c0134cd8832b2c584d1cea0e87cfe7da8d65c08ef150588b83a8786,571,160,7841
SAFE,cmta1hmaz009hq8iygewwbojf,Bilanis,bilanis,https://bilanis.gr,https://bilanis.gr/,OFFICIAL_PAGE|HEADER_IMAGE|SAME_SITE_ASSET|IMAGE_VALIDATED,HEADER_IMAGE,334,https://bilanis.gr/bilanis-logo.png,img:for-desktop col-lg-2 col-md-2 col-sm-4 col-xs-12 logo-wrapper text-left hover-opacity Bilanis Logo,b89c58278236b3426fbaa00426a8647121ca5d867cb26fca2c4721f8a6bfc70d,572,156,9436
REVIEW,cmta4220s0003t8iyc13ndm9o,Bilero,bilero,https://bilero.gr,https://bilero.gr/,NO_AUTO_SAFE_CANDIDATE,JSONLD_LOGO,152,https://bilero.gr/wp-content/uploads/2025/11/logo-bilero-500x200-white.png,JSON-LD logo ImageObject,,,,
SAFE,cmta1lria00qdq8iyziga5anz,Bimboshoes,bimboshoes,https://bimboshoes.gr,https://www.bimboshoes.gr/,OFFICIAL_PAGE|HEADER_IMAGE|SAME_SITE_ASSET|IMAGE_VALIDATED,HEADER_IMAGE,367,https://www.bimboshoes.gr/wp-content/uploads/2022/11/bimbo-logo.png,img:header_logo header-logo Bimbo Shoes ©,5ecf41b34ca76d43e8a85c3895357824ed620319521ce1eec782fc08a32a90c7,220,100,8138
REVIEW,cmtb7hwjz000604iy7agycf4r,Bioaroma Crete,spa-gift-card,https://bioaromacrete.com,https://www.bioaromacrete.com/,NO_AUTO_SAFE_CANDIDATE,HEADER_IMAGE,349,https://www.bioaromacrete.com/cdn/shop/files/Logo_Vertical.png?v=1614334533&width=260,img:small--hide image-element site-header__logo-link logo--has-inverted,,,,
SAFE,cmtb6ui1t000m3giy66028e8c,Black Lotus Massage,black-lotus-massage-δωροκαρτα-30-ευρω,https://blacklotusmassage.gr,https://blacklotusmassage.gr/,OFFICIAL_PAGE|JSONLD_LOGO|SAME_SITE_ASSET|IMAGE_VALIDATED,JSONLD_LOGO,259,https://blacklotusmassage.gr/wp-content/uploads/2023/05/1.png,JSON-LD logo ImageObject,904de18195e1b916883eb3a7a76c79a2f3b8796a1abfb996f4f9d9cbae50e978,897,711,126707
SAFE,cmta1ki1j00lbq8iyw8k62c1u,Blackroll,blackroll,https://blackroll.gr,https://blackroll.gr/,OFFICIAL_PAGE|HEADER_IMAGE|SAME_SITE_ASSET|IMAGE_VALIDATED,HEADER_IMAGE,367,https://blackroll.gr/cdn/shop/files/BLACKROLL-Logo_Artwork-RGB-Core_Black.png?v=1787229903&width=360,img:br-mobile-center-logo Blackroll.gr Blackroll.gr,bfdace5a7c57b1499355180c5c15a8c8a6a3b8abc4c93e8e18c8eb54c6bedaae,360,53,3910
SAFE,cmta1hmpj009jq8iys0ffo9g0,Blinefashion,blinefashion,https://blinefashion.gr,https://blinefashion.gr/,OFFICIAL_PAGE|HEADER_IMAGE|SAME_SITE_ASSET|IMAGE_VALIDATED,HEADER_IMAGE,379,https://blinefashion.gr/wp-content/themes/webexpert-eshop/img/blinelogo.svg,img:no-lazy header-logo Bline Fashion,2c8f6f2f6c1f4c0814316a6451240ada2606d4ba9d5308c39fc20914b172faab,995,360,3413
SAFE,cmta5nmhv000c54iytgwa5bzg,Bliss Nail Bar,bliss-nail-bar,https://blissnailbar.gr,https://blissnailbar.gr/,OFFICIAL_PAGE|JSONLD_LOGO|SAME_SITE_ASSET|IMAGE_VALIDATED,JSONLD_LOGO,332,https://blissnailbar.gr/wp-content/uploads/2020/12/BLISS-JEWELRY-LOGO-1.png,JSON-LD logo ImageObject,65d749637ff592137507ffdf4d313edd2a3bab989fdb36a5c89615ba31061fdb,664,138,4815
REVIEW,cmta1kihv00ldq8iy0jjjc2a4,Bloeur,bloeur,https://bloeur.gr,https://bloeur.gr/,NO_AUTO_SAFE_CANDIDATE,HEADER_IMAGE,367,https://bloeur.gr/wp-content/uploads/2020/10/logo-64x11.png,img:attachment-full size-full w-image-h logo,,,,
SAFE,cmta4yaq5000gsciya4mr3gow,Bloomingbaby,bloomingbaby,https://bloomingbaby.gr,https://bloomingbaby.gr/,OFFICIAL_PAGE|HEADER_IMAGE|SAME_SITE_ASSET|IMAGE_VALIDATED,HEADER_IMAGE,324,https://bloomingbaby.gr/wp-content/uploads/2024/05/blooming-text.svg,img:attachment-full size-full wp-image-117 blooming-logo,bbb3301dd265f244a1b213dccedb89955bbcf6fac6b4ff5d0bbfb9f2dd3895d7,278,49,8448
REVIEW,cmta1hn3o009lq8iyhn7qa9mo,Bloss,bloss,https://bloss.gr,https://www.bloss.gr/,NO_AUTO_SAFE_CANDIDATE,OG_IMAGE,-29,"https://static.wixstatic.com/media/c2f7dd_21ba4a9fc8e14b7c84151e51b03556d9~mv2.png/v1/fill/w_795,h_446,al_c/c2f7dd_21ba4a9fc8e14b7c84151e51b03556d9~mv2.png",og:image,,,,
REVIEW,cmtb76z7c000adkiy66vik5q1,Blue Blue,s,https://blueblue.gr,https://blueblue.gr/,NO_AUTO_SAFE_CANDIDATE,SITE_ICON,84,https://blueblue.gr/favicon.png,link rel=apple-touch-icon-precomposed,,,,
REVIEW,cmtb77t4z004kdkiyvcipmg5i,Bmwpap,bmwpap,https://bmwpap.gr,https://www.bmwpap.gr/,NO_AUTO_SAFE_CANDIDATE,OG_IMAGE,169,https://www.bmwpap.gr/image/cache/BMW/bmw-pap-logo-2020-new-1-1-2-600x315.png,og:image,,,,
SAFE,cmtb6uirb000q3giyu8dm1mgz,Bodywise Studio,bodywise-studio-στη-θεσσαλονικη,https://bodywise.gr,https://bodywise.gr/,OFFICIAL_PAGE|HEADER_IMAGE|SAME_SITE_ASSET|IMAGE_VALIDATED,HEADER_IMAGE,279,https://bodywise.gr/wp-content/uploads/2023/09/BodyWise_tr.png,img:img-responsive site-logo Bodywise,c0374380311bf9f512b6a9b4ed01eea623f97f8b59c86a2adaecb3b897e0276e,1066,607,64199
REVIEW,cmta1hnuk009nq8iylkzdh2fl,Bonheurbeauty,bonheurbeauty,https://bonheurbeauty.gr,https://bonheurbeauty.gr/,NO_AUTO_SAFE_CANDIDATE,HEADER_IMAGE,367,https://bonheurbeauty.gr/wp-content/uploads/2023/07/230526-bonheur-beauty-logo-color-variations-17-300x70.png,img:attachment-full size-full wp-image-107796 230526 bonheur beauty logo color variations 17,,,,
REVIEW,cmta1fjbc002mq8iyuv5gz856,Bonsai Home,bonsai-home,https://bonsaihome.gr,https://bonsaihome.gr/,NO_AUTO_SAFE_CANDIDATE,HEADER_IMAGE,279,https://bonsaihome.gr/wp-content/uploads/2019/05/Bonsai-new.png,img:lazyload basel-logo basel-sticky-logo Bonsai Home,,,,
REVIEW,cmtb6uj4n000s3giyox390qaa,Borsanuova,borsanuova,https://borsanuova.gr,https://borsanuova.gr/,STRONG_CANDIDATE_REJECTED|ASSET_HTTP_404,JSONLD_LOGO,299,https://borsanuova.gr/wp-content/uploads/logo.png,JSON-LD logo ImageObject,,,,
SAFE,cmta1mmg200tnq8iyn10r9dun,Botano,botano,https://botano.gr,https://botano.gr/,OFFICIAL_PAGE|HEADER_IMAGE|SAME_SITE_ASSET|IMAGE_VALIDATED,HEADER_IMAGE,318,https://botano.gr/cdn/shop/files/logo_0c8b6c38-4e47-44f1-8f3a-5500693a9b24.jpg?v=1613550606&width=500,img:logo__image logo__link Botano Botano,ed52564982b3611975fe957dc8954cacf1535294cf88ed43ec35ff1f5822a208,478,184,14859
REVIEW,cmta1kixz00lfq8iy9x9nga0g,Boudoirspawellness,boudoirspawellness,https://boudoirspawellness.gr,https://boudoirspawellness.gr/,NO_AUTO_SAFE_CANDIDATE,HEADER_IMAGE,367,https://boudoirspawellness.gr/wp-content/uploads/2025/11/Boudoir_Spa_Logo_02-150x75.png,img:attachment-full size-full wd-logo wd-main-logo Site logo,,,,
REVIEW,cmta4ybba000isciyih7hob24,Box Box,box-box,https://box-box.gr,https://box-box.gr/,NO_AUTO_SAFE_CANDIDATE,HEADER_IMAGE,349,https://box-box.gr/wp-content/uploads/2024/04/boxbox_logo_transparent_withoutname-1024x404.png,img:attachment-full size-full wd-logo wd-main-logo Site logo,,,,
SAFE,cmtb76zl3000cdkiye2egjbuc,Brigitteboutique,brigitteboutique,https://brigitteboutique.gr,https://brigitteboutique.gr/,OFFICIAL_PAGE|HEADER_IMAGE|SAME_SITE_ASSET|IMAGE_VALIDATED,HEADER_IMAGE,367,https://brigitteboutique.gr/image/cache/catalog/logo/final/logo_black-1920x480.png,img:main-logo Brigitte Boutique,d2efcf664cf2f99d5f996e73fe500dbf20fe727843803e4dbba0d47323bf32b8,1920,480,26521
SAFE,cmtb7r1ne0002u8iym2y3cp16,Business Travel,business-travel,https://business-travel.gr,https://business-travel.gr/,OFFICIAL_PAGE|HEADER_IMAGE|SAME_SITE_ASSET|IMAGE_VALIDATED,HEADER_IMAGE,367,https://business-travel.gr/wp-content/uploads/2023/12/WEBSITE-LOGO.png,img:WEBSITE LOGO,a262bc5e7861556a725b76908cd7fad53d1181de74b765061dfbc37e2b15cce5,600,61,13152
SAFE,cmta1hob9009pq8iyyk64soz7,Buzzsneakers,buzzsneakers,https://buzzsneakers.gr,https://www.buzzsneakers.gr/,OFFICIAL_PAGE|JSONLD_LOGO|SAME_SITE_ASSET|IMAGE_VALIDATED,JSONLD_LOGO,299,https://www.buzzsneakers.gr/files/images/buzz_logo.png,JSON-LD logo property,eab31b1161639815760ddb534372fb31cc9e879deb4c6348394f40794d5536ee,242,118,15530
REVIEW,cmta1hoou009rq8iyjmqa7rlt,Bwoman,bwoman,https://bwoman.gr,https://bwoman.gr/,NO_AUTO_SAFE_CANDIDATE,HEADER_IMAGE,169,https://bwoman.gr/wp-content/uploads/2025/07/bwoman-logo-light-64x40.png,img:custom-logo custom-logo-link bwoman logo light,,,,
REVIEW,cmta1hp2u009tq8iyhy708spa,Bylia,bylia,https://bylia.gr,https://www.bylia.gr/,NO_AUTO_SAFE_CANDIDATE,SITE_ICON,99,https://www.bylia.gr/wp-content/uploads/2024/02/image-1-2.png,link rel=icon,,,,
REVIEW,cmta1hpgz009vq8iyel7ikzvi,Bymeraki,bymeraki,https://bymeraki.gr,https://bymeraki.gr/,NO_AUTO_SAFE_CANDIDATE,HEADER_IMAGE,187,https://bymeraki.gr/wp-content/uploads/2021/08/logo_white-150x63.png,img:attachment-220x92 size-220x92 Image link logo white,,,,
SAFE,cmtb6ujie000u3giytq3qzgbv,Cafe Manteio - Ψυχικοί Σύμβουλοι,cafe-manteio-ψυχικοι-συμβουλοι,https://cafemanteio.gr,https://cafemanteio.gr/,OFFICIAL_PAGE|JSONLD_LOGO|SAME_SITE_ASSET|IMAGE_VALIDATED,JSONLD_LOGO,261,https://cafemanteio.gr/wp-content/uploads/2019/12/exo1a.jpg,JSON-LD logo ImageObject,034847af97dfaf96ee1de3d81156222e10f390e5f093bab3179af86208f15c49,810,450,55350
REVIEW,cmta1m5mp00rxq8iyvry3zmpd,Cakeshop,cakeshop,https://cakeshop.gr,https://www.cakeshop.gr/,STRONG_CANDIDATE_REJECTED|ASSET_HTTP_404,JSONLD_LOGO,299,https://www.cakeshop.gr/logo.png,JSON-LD logo property,,,,
REVIEW,cmtb7hwwi000804iyxo3b6lop,Calisti Oia,santorini-honeymoon-spa-gift-card,https://callistioia.com,https://www.callistioia.com/,NO_AUTO_SAFE_CANDIDATE,OG_IMAGE,-45,"https://static.wixstatic.com/media/73d604_7b55a14cfcb14659a4459146ea7dc7da%7Emv2.jpg/v1/fit/w_2500,h_1330,al_c/73d604_7b55a14cfcb14659a4459146ea7dc7da%7Emv2.jpg",og:image,,,,
SAFE,cmtb6ujvy000w3giyyvs94lne,Calza,calza,https://calza.gr,https://www.calza.gr/,OFFICIAL_PAGE|HEADER_IMAGE|SAME_SITE_ASSET|IMAGE_VALIDATED,HEADER_IMAGE,361,https://www.calza.gr/wp-content/uploads/2025/01/calza-logo-animated.svg,img:qodef-header-logo-image qodef--main qodef--customizer qodef-header-logo-link qodef-height--not-set qodef-source--image calza,643fd921921786381e2f01d210f739d5626b4491fb7880ec6dad8b864d88dc9a,1420,861,36276
SAFE,cmta1k66y00jzq8iy7hqkxbg7,Calzomania,calzomania,https://calzomania.gr,https://www.calzomania.gr/,OFFICIAL_PAGE|HEADER_IMAGE|SAME_SITE_ASSET|IMAGE_VALIDATED,HEADER_IMAGE,334,https://www.calzomania.gr/wp-content/uploads/2020/12/calzomania-logo-300x67.png,img:hfe-site-logo-img elementor-animation- elementor-clickable default-logo,a81f472a439cc188b7975f9d423da0ad621553ac59d456046d2d3be16cf3f1ec,300,67,11756
REVIEW,cmta1hpxc009xq8iyuhyzmni1,Cameoshatter,cameoshatter,https://cameoshatter.gr,https://cameoshatter.gr/,NO_AUTO_SAFE_CANDIDATE,HEADER_IMAGE,367,https://cameoshatter.gr/wp-content/uploads/2021/03/cameos-hatter-logo-300x100.png,img:neve-site-logo skip-lazy brand Cameos hatter Hats and more cameos hatter logo,,,,
REVIEW,cmta1fvwe003uq8iy6vknpigg,Camper,camper,https://camper.com,https://www.camper.com/en_ES,NO_AUTO_SAFE_CANDIDATE,HEADER_IMAGE,132,https://www.camper.com/cms/api/assets/tiers-banners-homes/65ef25bf-499d-42cf-bdf1-31d5e0066102/camper-logo-no-background%202.png,img:sc-386bf58b-0 pmuaA tnm--logo PNG File,,,,
SAFE,cmtb62g3y000694iyteu8ef6c,Camperisimo,camperisimo,https://camperisimo.gr,https://camperisimo.gr/,OFFICIAL_PAGE|HEADER_IMAGE|SAME_SITE_ASSET|IMAGE_VALIDATED,HEADER_IMAGE,351,https://camperisimo.gr/wp-content/uploads/2026/04/CGR-logo-e1776620213625-1300x305.jpeg,img:header_logo header-logo Camperisimo.gr,0e74e3b15c8203e0ab07939ca6a81bf68dcaaf406bac570b0b5165a44353c86f,1300,305,54162
REVIEW,cmta4ybsv000ksciy2wk84kj0,Candlejuice,candlejuice,https://candlejuice.gr,https://candlejuice.gr/,NO_AUTO_SAFE_CANDIDATE,HEADER_IMAGE,367,https://candlejuice.gr/wp-content/uploads/2024/11/candlejuice-logo-pack-10.png,img:header-logo-dark CandleJuice.gr,,,,
SAFE,cmta1mmwz00tpq8iybl7z5ffl,Candles Essences,candles-essences,https://candles-essences.gr,https://www.candles-essences.gr/,OFFICIAL_PAGE|JSONLD_LOGO|SAME_SITE_ASSET|IMAGE_VALIDATED,JSONLD_LOGO,332,https://www.candles-essences.gr/wp-content/uploads/2024/03/candlesessenceslogo.png,JSON-LD logo ImageObject,a4d2ac99c95b48470e22f5a6faefb2c2fcd64b64e494b67adaf0ce9b514c2dcc,1262,246,14468
REVIEW,cmta1mnf200trq8iyw23934vw,Capristores,capristores,https://capristores.gr,https://capristores.gr/,NO_AUTO_SAFE_CANDIDATE,HEADER_IMAGE,191,https://assets.nagacommerce.com/storage/e086aa50-e8e1-49f7-ba16-2c325f770c23/uploads/multimedia/2024/01/of/header.logo.png,img:logo-footer Capri Stores logo,,,,
SAFE,cmta5nmv2000e54iyxiblv2dp,Caramella Kids,caramella-kids,https://caramellakids.gr,https://caramellakids.gr/,OFFICIAL_PAGE|HEADER_IMAGE|SAME_SITE_ASSET|IMAGE_VALIDATED,HEADER_IMAGE,334,https://caramellakids.gr/wp-content/uploads/2021/10/new_logo.png,img:normal-logo Caramella Kids,b9a56f9eb3e2c2fce55695f64192150174fa2cbe672eb6d005dc4fe2983fcead,1056,954,101980
REVIEW,cmta1kjfa00lhq8iyck2pdz3m,Caraveltravel,caraveltravel,https://caraveltravel.gr,https://caraveltravel.gr/,NO_AUTO_SAFE_CANDIDATE,SITE_ICON,84,https://caraveltravel.gr/css/clientes/carcollective/images/apple-touch-icon.png,link rel=apple-touch-icon,,,,
SAFE,cmtb76zyk000edkiyoal0zyeg,Caravin,καρτα-δωρου,https://caravin.gr,https://www.caravin.gr/,OFFICIAL_PAGE|HEADER_IMAGE|SAME_SITE_ASSET|IMAGE_VALIDATED,HEADER_IMAGE,334,https://www.caravin.gr/wp-content/uploads/2023/03/CARAVIN-logo-final-1.png,img:left-side header-brand,6ef34dad2943b20b61776406224ef34503460cc77adf0c6464f909f9a7f82f7a,496,354,7638
REVIEW,cmta1mnxe00ttq8iy4l6zbq3p,Carbon,carbon,https://carbon.gr,https://www.carbon.gr/,NO_AUTO_SAFE_CANDIDATE,OG_IMAGE,-45,"https://static.wixstatic.com/media/ed6e66_f454d26b5c934b0fab3e0f2495f61330%7Emv2_d_3000_1500_s_2.jpg/v1/fit/w_2500,h_1330,al_c/ed6e66_f454d26b5c934b0fab3e0f2495f61330%7Emv2_d_3000_1500_s_2.jpg",og:image,,,,
SAFE,cmta1gcbh0059q8iye9c4jkss,Cardlink,cardlink,https://cardlink.gr,https://cardlink.gr/,OFFICIAL_PAGE|JSONLD_LOGO|SAME_SITE_ASSET|IMAGE_VALIDATED,JSONLD_LOGO,348,https://cardlink.gr/wp-content/uploads/2021/10/cardlink-worldline-brand-logo-rgb-blue.png,JSON-LD logo ImageObject,bc3d6ed817758921646d614ecf81a2835067eaa63920316d8bbb1a7641ed5954,768,294,4788
REVIEW,cmta1mogm00tvq8iye33nmifv,Carlamco,carlamco,https://carlamco.gr,https://www.carlamco.gr/,NO_AUTO_SAFE_CANDIDATE,HEADER_IMAGE,187,https://www.carlamco.gr/image/cache/catalog/Carlamco_logo_white_new_1-366x90.png,img:logo-1x www.carlamco.gr,,,,
REVIEW,cmta1ls5c00qfq8iypc6nerrf,Carousel,carousel,https://carousel.gr,https://carousel.gr/,NO_AUTO_SAFE_CANDIDATE,HEADER_IMAGE,279,https://carousel.gr/media/argento/luxury/images/carousel.gr-new_x208.png,img:logo,,,,
REVIEW,cmta1hqvb009zq8iykpa85ajd,Carouselshoes,carouselshoes,https://carouselshoes.gr,https://carouselshoes.gr/,NO_AUTO_SAFE_CANDIDATE,HEADER_IMAGE,333,https://carouselshoes.gr/wp-content/uploads/2020/07/Carousel-logo-200x180-1-150x135.jpg,img:image wp-image-7276  attachment-full size-full Carousel logo 200x180,,,,
SAFE,cmtb77zu6005kdkiygwtlbq6b,Carrot Store,150-gift-card,https://carrotstore.gr,https://carrotstore.gr/,OFFICIAL_PAGE|JSONLD_LOGO|SAME_SITE_ASSET|IMAGE_VALIDATED,JSONLD_LOGO,243,https://carrotstore.gr/wp-content/uploads/2024/04/carrot-favicon.jpg,JSON-LD logo ImageObject,b7b360e82b7dff689b5f65ba37429d25bbdf447ba88b199dd14b83b69e319ba1,1024,1024,5268
SAFE,cmta4yc8u000msciy5cddlg38,Casagiacomo,casagiacomo,https://casagiacomo.gr,https://casagiacomo.gr/el/,OFFICIAL_PAGE|HEADER_IMAGE|SAME_SITE_ASSET|IMAGE_VALIDATED,HEADER_IMAGE,312,https://casagiacomo.gr/templates/yootheme/cache/d5/casa_giacomo_athens-d59075bd.png,img:uk-logo Back to home Giacomo Restaurants,b8aaaa25955b67063f402c7c85d700073a7f05111e58a05604bfca0fef616021,230,121,9699
REVIEW,cmta1hren00a1q8iyh9eqqfbk,Cavadelvino,cavadelvino,https://cavadelvino.gr,https://www.cavadelvino.gr/,NO_AUTO_SAFE_CANDIDATE,OG_IMAGE,-45,"https://static.wixstatic.com/media/0f013c_33cd2728ffe64ac9ac03e3b900563c4f%7Emv2.jpg/v1/fit/w_2500,h_1330,al_c/0f013c_33cd2728ffe64ac9ac03e3b900563c4f%7Emv2.jpg",og:image,,,,
REVIEW,cmta1moyw00txq8iyppaqhxxs,Cavakalomenidis,cavakalomenidis,https://cavakalomenidis.gr,https://cavakalomenidis.gr/,NO_AUTO_SAFE_CANDIDATE,HEADER_IMAGE,334,https://cavakalomenidis.gr/wp-content/uploads/2021/04/cavakalomenidis-logo.png,img:custom-logo custom-logo-link cavakalo-logo,,,,
REVIEW,cmta1hru700a3q8iy6vn9whln,Cavallo,cavallo,https://cavallo.gr,https://www.cavallo.gr/,NO_AUTO_SAFE_CANDIDATE,HEADER_IMAGE,171,https://www.cavallo.gr/wp-content/uploads/2019/08/logocavallo_2018_white-compressor.jpg,img:et_b_header-logo-img site logo,,,,
SAFE,cmta1kjxb00ljq8iyqyzzmihw,Celesteshop,celesteshop,https://celesteshop.gr,https://celesteshop.gr/,OFFICIAL_PAGE|HEADER_IMAGE|SAME_SITE_ASSET|IMAGE_VALIDATED,HEADER_IMAGE,367,https://celesteshop.gr/wp-content/themes/webexpert-eshop/img/footer-logo.png,img:footer-logo CalesteShop logo,dee868ae903790e3f394f63e4f8e18210bc4df7fd020a438c79d464d9b1411c7,235,39,2222
SAFE,cmt8hel9g0000a8iyg8p0ioj7,Celestino,celestino,https://www.celestino.gr,https://www.celestino.gr/,OFFICIAL_PAGE|HEADER_IMAGE|SAME_SITE_ASSET|IMAGE_VALIDATED,HEADER_IMAGE,291,https://1ccdn.celestino.gr/icons/celestino.svg,img:mainlogo mainlogo Celestino E-Shop,d35c778abd8a041683f45921d63860d124fca7202cfed0ea61d69c2862d5c28c,250,45,10065
SAFE,cmta1fx17003yq8iy16pg3s8q,Central,central,https://centraleshop.gr,https://www.centraleshop.gr/el/,OFFICIAL_PAGE|HEADER_IMAGE|SAME_SITE_ASSET|IMAGE_VALIDATED,HEADER_IMAGE,367,https://www.centraleshop.gr/images/logos/1/central_logo2-02.png,img:ty-logo-container__image Logo Centraleshop.gr,72247fc506cc232ad6a64ee664f90ee48814b759e1671e3d610a80596baa0fc5,195,40,2246
SAFE,cmta1mpho00tzq8iy5nyfhbgr,Centroboutique,centroboutique,https://centroboutique.gr,https://centroboutique.gr/,OFFICIAL_PAGE|HEADER_IMAGE|SAME_SITE_ASSET|IMAGE_VALIDATED,HEADER_IMAGE,367,https://centroboutique.gr/cdn/shop/files/CENTRO-Y-LOGO-102.png?v=1748883383&width=500,img:drawer__logo-image drawer__logo,fcc8a9dadc6bca7966377444c215670520fc731db1a26cfef9ddc34cc35cd1fb,500,80,5382
REVIEW,cmtb6uk9l000y3giypqaa5qta,Cestino,δωροκαρτα,https://cestino.gr,https://cestino.gr/,NO_AUTO_SAFE_CANDIDATE,HEADER_IMAGE,296,https://cestino.gr/wp-content/uploads/2024/02/CEstino3-1-1024x341.webp,img:attachment-full size-full wd-logo wd-main-logo Site logo CEstino3 1 scaled,,,,
SAFE,cmta1hs9s00a5q8iy7uqk99as,Champselysees,champselysees,https://champselysees.gr,https://champselysees.gr/,OFFICIAL_PAGE|JSONLD_LOGO|SAME_SITE_ASSET|IMAGE_VALIDATED,JSONLD_LOGO,299,https://champselysees.gr/wp-content/uploads/2025/10/elysees-logo.png,JSON-LD logo property,1ac6a79675f8a791c76111f02df8cc389b417f581bc16029e4fb7137b9a380cd,280,280,12839
SAFE,cmtb77ti7004mdkiyn5wn9fgi,Chania Culture,chania-culture,https://shop.chania-culture.gr,https://shop.chania-culture.gr/,OFFICIAL_PAGE|JSONLD_LOGO|SAME_SITE_ASSET|IMAGE_VALIDATED,JSONLD_LOGO,311,https://shop.chania-culture.gr/wp-content/uploads/2022/11/eshoplogo.svg,JSON-LD logo ImageObject,df084a69d61760b8cb1d4c6088d503a1648f2b999fa93284d06b4c6abb12b4e8,400,194,10429
REVIEW,cmtb770bo000gdkiyice5u6m7,Chaniapetworld,chaniapetworld,https://chaniapetworld.gr,https://www.chaniapetworld.gr/,NO_AUTO_SAFE_CANDIDATE,HEADER_IMAGE,334,https://www.chaniapetworld.gr/wp-content/uploads/2022/11/petworld_logo-copy-1.png,img:wd-logo wd-main-logo Site logo Chania Pet World,,,,
REVIEW,cmtb77u9k004qdkiy5aipr12d,Cherrybox,you-are-my-super-mom-gift-card,https://cherrybox.gr,https://cherrybox.gr/,NO_AUTO_SAFE_CANDIDATE,HEADER_IMAGE,346,https://cherrybox.gr/static/version1788203533/frontend/Codearmada/cherrybox/el_GR/images/logo_black.svg,img:logo store logo Cherrybox,,,,
REVIEW,cmta1lsnr00qhq8iy9ibymzbq,Chicart,chicart,https://chicart.gr,https://www.chicart.gr/,NO_AUTO_SAFE_CANDIDATE,OG_IMAGE,26,http://static1.squarespace.com/static/5f9bcd65525bfb7083f73274/t/5f9f35bc42433c0d8225deae/1604269503064/Logo+for+social.png?format=1500w,og:image,,,,
REVIEW,cmta1foi10034q8iys3xdtw6v,Chicbee,chicbee,https://chicbee.gr,https://chicbee.gr/,NO_AUTO_SAFE_CANDIDATE,HEADER_IMAGE,349,https://chicbee.gr/wp-content/uploads/2024/01/logo--1200x800.png,img:header-logo-dark ChicBee,,,,
SAFE,cmtb7hxbi000a04iy9g6mxmjr,Christakis,christakis-gift-card,https://christakisathens.com,https://christakisathens.com/,OFFICIAL_PAGE|HEADER_IMAGE|SAME_SITE_ASSET|IMAGE_VALIDATED,HEADER_IMAGE,367,https://christakisathens.com/wp-content/uploads/2022/04/chistakisathens-logo.png,img:img-responsive navbar-brand chistakisathens-logo,e5c43832fea4a8025b88f1097246955dbcdbae0dbb55f6578dfeadf2fa2b11d4,250,61,5227
SAFE,cmta4ycq8000osciyt3h5ho7t,Christhellas,christhellas,https://christhellas.gr,https://christhellas.gr/,OFFICIAL_PAGE|HEADER_IMAGE|SAME_SITE_ASSET|IMAGE_VALIDATED,HEADER_IMAGE,367,https://christhellas.gr/wp-content/uploads/2021/01/Christhellas_logo_darkgrey_400x92.png,img:img-responsive standard-logo retina-logo Site Logo Christhellas,09f05d081f9edbfd0e70eec64f4eb0cf85acc4a613a923c6e81e5f15c64bceb8,400,92,9799
SAFE,cmta4yd72000qsciyvlf00o70,Christines,christines,https://christines.gr,https://www.christines.gr/,OFFICIAL_PAGE|HEADER_IMAGE|SAME_SITE_ASSET|IMAGE_VALIDATED,HEADER_IMAGE,367,https://www.christines.gr/cdn/shop/files/christine-logo-b_2_1.png?v=1692258595&width=600,img:header__heading-logo motion-reduce header__heading-link link link--text focus-inset Christine Lingerie,738a06742d92425bc76edd2ae38fe7ef653b3251f13036664baef4969cc60300,600,301,7104
SAFE,cmtb77a4l001udkiyprjgdlft,Christmas Gift Cards,christmas-gift-cards,https://kinesis-gym.gr,https://kinesis-gym.gr/,OFFICIAL_PAGE|HEADER_IMAGE|SAME_SITE_ASSET|IMAGE_VALIDATED,HEADER_IMAGE,294,http://kinesis-gym.gr/wp-content/uploads/2022/09/kinesis-gym.png,img:mkdf-normal-logo logo,4a125dcca7fa1b45f5eb0929b8945e59184a78ae7908fe3c24763302333b5fa2,300,70,6427
REVIEW,cmtb77rj8004cdkiyvmogo621,Christmas Gift Cards,christmas-gift-cards-2,https://armoniawellness.gr,https://www.armoniawellness.gr/,NO_AUTO_SAFE_CANDIDATE,OG_IMAGE,96,https://www.armoniawellness.gr/wp-content/uploads/2025/01/offer-laser.png,og:image,,,,
REVIEW,cmta1mpxs00u1q8iyhina56f4,Cigarsmoke,cigarsmoke,https://cigarsmoke.gr,https://cigarsmoke.gr/el/,NO_AUTO_SAFE_CANDIDATE,HEADER_IMAGE,346,https://cigarsmoke.gr/wp-content/uploads/2023/10/Logo-1.svg,img:wd-logo wd-main-logo CigarSmoke,,,,
SAFE,cmta1mqjb00u3q8iy15g3dgpr,Cilek,cilek,https://cilek.gr,https://cilek.gr/,OFFICIAL_PAGE|HEADER_IMAGE|SAME_SITE_ASSET|IMAGE_VALIDATED,HEADER_IMAGE,334,https://cilek.gr/themes/cilek/assets/images/logo-icon-mobile.png,img:logo-mobile,0fcfd49b6e57efab92b60d5a7b4d3b3369944f699852284d95b97d30b5500789,100,100,4674
SAFE,cmtb7r2bd0005u8iywh3sbow7,Cla Chic,cla-chic,https://clachic.gr,https://www.clachic.gr/,OFFICIAL_PAGE|JSONLD_LOGO|SAME_SITE_ASSET|IMAGE_VALIDATED,JSONLD_LOGO,332,https://www.clachic.gr/image/catalog/clachic-logo.png,JSON-LD logo ImageObject,cdb43485185917e779e00122fb735e5deac0ae7f3bf71d074d5a750ed73ecfa0,580,100,6681
SAFE,cmta1hspc00a7q8iy7binx4sm,Climber,climber,https://climber.gr,https://www.climber.gr/,OFFICIAL_PAGE|HEADER_IMAGE|SAME_SITE_ASSET|IMAGE_VALIDATED,HEADER_IMAGE,334,https://www.climber.gr/wp-content/uploads/2024/10/climber_logo.png,img:header_logo logo nasa-logo-retina Climber.gr by Klaoudatos,49d474a6037a90e208f1d5106cb7121e01c2b4bc409d63aabe0b6fc965595043,990,518,127551
REVIEW,cmta1ht5s00a9q8iynauwiqbj,Cocoonurbanspa,cocoonurbanspa,https://cocoonurbanspa.gr,https://cocoonurbanspa.gr/,NO_AUTO_SAFE_CANDIDATE,HEADER_IMAGE,334,https://cocoonurbanspa.gr/wp-content/uploads/elementor/thumbs/cocoon-urban-span-logo-qp7h0stw2sginxfh35mspvbckl1u1cm856grt39jas.png,img:cocoon-urban-span-logo.png,,,,
SAFE,cmtb6ukm900103giywd8g6bej,Coffee Lovers,coffeelovers-giftcard,https://coffeelovers.gr,https://coffeelovers.gr/,OFFICIAL_PAGE|HEADER_IMAGE|SAME_SITE_ASSET|IMAGE_VALIDATED,HEADER_IMAGE,379,https://coffeelovers.gr/wp-content/uploads/2024/01/logo.svg,img:logo-img,352a700234c04802f474af5b64eddde9d914d1e3a56d901c5ec1df8b6fb65ceb,176,99,15220
REVIEW,cmtb6ukzy00123giywn3ir226,ColorDrop,giftcard-colordrop,https://colordrop.gr,https://colordrop.gr/,NO_AUTO_SAFE_CANDIDATE,HEADER_IMAGE,334,https://colordrop.gr/wp-content/uploads/2021/10/Colordrop-logo-black-32.png,img:header_logo logo nasa-logo-retina ColorDrop,,,,
SAFE,cmta1k6li00k1q8iye58d7exe,Completetravel,completetravel,https://completetravel.gr,https://completetravel.gr/,OFFICIAL_PAGE|HEADER_IMAGE|SAME_SITE_ASSET|IMAGE_VALIDATED,HEADER_IMAGE,334,https://completetravel.gr/wp-content/uploads/2024/09/COMPLETE-TRAVEL-LOGO.png,img:wd-logo wd-main-logo Site logo COMPLETE TRAVEL - ΤΑΞΙΔΩΤΙΚΟ ΓΡΑΦΕΙΟ - ΚΑΤΕΡΙΝΗ,68449c20f8b84912ac9d879cf4a35ac8053aa490a24dfb0cb5cb218121be3684,601,161,33562
SAFE,cmta1htl000abq8iygmi4oz07,Constancejewelry,constancejewelry,https://constancejewelry.gr,https://constancejewelry.gr/,OFFICIAL_PAGE|JSONLD_LOGO|SAME_SITE_ASSET|IMAGE_VALIDATED,JSONLD_LOGO,314,https://constancejewelry.gr/wp-content/uploads/2021/07/Header-logo.png,JSON-LD logo ImageObject,efa0c232eaea5dffb0bd7d08e8ba0b9b1346272618b0731362b0be28ccdcb876,162,195,4704
ERROR,cmta1kkh000llq8iyqh4xpyae,Converse,converse,https://converse.gr,,PAGE_HTTP_403,,,,,,,,
REVIEW,cmta1mr5q00u5q8iya2ezz0p1,Cookworld,cookworld,https://cookworld.gr,https://www.cookworld.gr/,NO_AUTO_SAFE_CANDIDATE,HEADER_IMAGE,318,https://www.cookworld.gr/img/cookworld--logo-1646308676.jpg,img:logo img-fluid Cookworld Οικολογικά Σκεύη και Εργαλεία μαγειρικής,,,,
SAFE,cmta1hu1o00adq8iyc6sb8wrw,Coolclub,coolclub,https://coolclub.gr,https://www.coolclub.gr/,OFFICIAL_PAGE|HEADER_IMAGE|SAME_SITE_ASSET|IMAGE_VALIDATED,HEADER_IMAGE,346,https://www.coolclub.gr/logo.svg,img:w-60 lg:w-110 logo logo,1a6304974a4005f8349815d64415cdf9ea39a12fa8ae604a74c59d28c5558aaa,1449,1417,115588
SAFE,cmtb77130000kdkiy8nzwbibh,Cordella,cordella,https://cordella.gr,https://www.cordella.gr/,OFFICIAL_PAGE|HEADER_IMAGE|SAME_SITE_ASSET|IMAGE_VALIDATED,HEADER_IMAGE,379,https://cdn.cordella.gr/assets/cd-logo-172x36-min.svg,img:image cordella.gr logo The logo of cordella,c334a300f7a96eb62a5f3e50d73e47947ae57885db42d8ae9892e35726c80b17,172,36,2351
REVIEW,cmta1gixb0063q8iybisa2psj,Coronadifiori,coronadifiori,https://coronadifiori.gr,https://coronadifiori.gr/,NO_AUTO_SAFE_CANDIDATE,HEADER_IMAGE,367,https://coronadifiori.gr/wp-content/uploads/2021/02/LOGO_BLACK-150x55.png,img:attachment-full size-full wd-logo wd-main-logo Λογότυπο ιστοτόπου,,,,
SAFE,cmt79idzw000b84iysotz7chu,Cosmos Sport,cosmos-sport,https://cosmossport.gr,https://www.cosmossport.gr/,OFFICIAL_PAGE|HEADER_IMAGE|SAME_SITE_ASSET|IMAGE_VALIDATED,HEADER_IMAGE,336,https://www.cosmossport.gr/img/cosmos-sport-logo-17075792651.jpg,img:logo img-responsive Cosmos Sport,d07aaa4896d352c917a212b3caaf425351ea2b8ec421d5ce4242c5ab42fffbb5,124,29,1994
SAFE,cmtb78070005mdkiya67zhiie,Cougarsport,cougarsport,https://cougarsport.gr,https://www.cougarsport.gr/,OFFICIAL_PAGE|HEADER_IMAGE|SAME_SITE_ASSET|IMAGE_VALIDATED,HEADER_IMAGE,379,https://www.cougarsport.gr/wp-content/themes/entropia/images/cougarsport-logo.svg,img:img-responsive logo-link CougarSport,d2c3fd4d19b338474e7d22173cef07fa4005e035d4bc5e94b97269c1102aebfc,194,50,8145
SAFE,cmtb7hvr0000204iyhe7dh96g,COYA Mykonos,coya-mykonos,https://coyamykonos.giftpro.co.uk,https://coyamykonos.giftpro.co.uk/vouchers/monetary-gift-voucher/,OFFICIAL_PAGE|HEADER_IMAGE|SAME_SITE_ASSET|IMAGE_VALIDATED,HEADER_IMAGE,279,https://images.giftpro.co.uk/original/750x200/32b33fd4-2a50-4140-b0c5-e3e6629e4015.png,img:site_header_logo-img site_header_logo-link Return to COYA Mykonos home page,f3c7e5334287d433f297da9bac7e9bc3a309c82956f9270784317eab4fec41fc,200,200,23733
SAFE,cmta1hujj00afq8iynv9d4757,Cre T E,cre-t-e,https://cre-t-e.gr,https://cre-t-e.gr/,OFFICIAL_PAGE|HEADER_IMAGE|SAME_SITE_ASSET|IMAGE_VALIDATED,HEADER_IMAGE,328,https://cre-t-e.gr/wp-content/uploads/2023/01/logosv.svg,img:logo-desktop hidden-lg-down Cre.t.e,05d38ab6695e7ec3baab55d7a2dfef01a7bc983c9b7bdb15dbd8b339f7904cd0,292,112,24639
REVIEW,cmtb77umw004sdkiyct2g9fx2,Create Athens,create-gift-card,https://createathens.gr,https://createathens.gr/,NO_AUTO_SAFE_CANDIDATE,SITE_ICON,99,https://createathens.gr/wp-content/themes/createathens/dist/images/fav/apple-touch-icon_7ab56854.png?t=12,link rel=apple-touch-icon,,,,
REVIEW,cmta1kky600lnq8iybuxpk2tm,Creatorshop,creatorshop,https://creatorshop.gr,https://creatorshop.gr/,NO_AUTO_SAFE_CANDIDATE,HEADER_IMAGE,334,https://creatorshop.gr/cdn/shop/files/logo_creatorshop_50x@2x.png?v=1758870699,img:site-header__logo-image Creatorshop,,,,
REVIEW,cmtb771g8000mdkiyxu8pl5ix,Crescendo,crescendo,https://crescendo-rodi.gr,https://www.crescendo-rodi.gr/,NO_AUTO_SAFE_CANDIDATE,HEADER_IMAGE,349,https://www.crescendo-rodi.gr/wp-content/uploads/2021/08/Crescendo-Logo-1-300x198.png,img:attachment-full size-full Crescendo Logo,,,,
SAFE,cmtb7hxpx000c04iyru670dbp,Cretegolfclub,cretegolfclub,https://cretegolfclub.com,https://www.cretegolfclub.com/,OFFICIAL_PAGE|HEADER_IMAGE|SAME_SITE_ASSET|IMAGE_VALIDATED,HEADER_IMAGE,334,https://www.cretegolfclub.com/wp-content/themes/cretegolf/images/logoG.png,img:logo-img main-logo Crete Golf,453396903268cf088801efcaffc7f75b5a9e8ea5f3fb2f4906ef999f2d09193c,118,118,10256
SAFE,cmtb7hy3h000e04iyq74d13gb,Cretelocaladventures,cretelocaladventures,https://cretelocaladventures.com,https://www.cretelocaladventures.com/,OFFICIAL_PAGE|HEADER_IMAGE|SAME_SITE_ASSET|IMAGE_VALIDATED,HEADER_IMAGE,334,https://www.cretelocaladventures.com/wp-content/uploads/sites/4745/2021/03/NEW_Crete-Local-Adventures-small-Logo.png?h=120&zoom=2,img:logo-link Crete Local Adventures,55912fa615f08fd3ce5950d50b70a771879ff5a9abe3638a705a7912db34b59f,178,240,8182
REVIEW,cmta1mrph00u7q8iydrmvmhtt,Crudeshop,crudeshop,https://crudeshop.gr,https://en.crudeshop.gr/,STRONG_CANDIDATE_REJECTED|ASSET_HTTP_404,HEADER_IMAGE,349,https://en.crudeshop.gr/quality_auto/LOGO%20CRUDE%20BLK.png,img:gRkIq0 sFiSiq img_comp-jwrm9c9y apPOZK Crude Logo,,,,
REVIEW,cmta4ye4s000usciy1p8spszd,Crusters,crusters,https://crusters.gr,https://crusters.gr/,NO_AUTO_SAFE_CANDIDATE,HEADER_IMAGE,367,https://crusters.gr/wp-content/uploads/2024/04/Logo-e1712833955854-18x5.png,img:custom-logo custom-logo-link Crusters,,,,
REVIEW,cmta1ms8d00u9q8iybtrzovve,Crystalswan,crystalswan,https://crystalswan.gr,https://www.crystalswan.gr/,NO_AUTO_SAFE_CANDIDATE,HEADER_IMAGE,334,https://www.crystalswan.gr/wp-content/uploads/2021/06/swarovski-logo.png,img:normal Logo,,,,
SAFE,cmtb77v1h004udkiyfr8vdjju,Cuka,δεν-ξερεις-τι-δωρο-να-κανεις-σε-ενα-αγαπημενο,https://cuka.gr,https://cuka.gr/,OFFICIAL_PAGE|HEADER_IMAGE|SAME_SITE_ASSET|IMAGE_VALIDATED,HEADER_IMAGE,346,https://cuka.gr/wp-content/uploads/2021/06/cuka-logo-2.svg,img:attachment-full size-full wp-image-14670 cuka logo 2,81322af3916c47bcc392b64f3aea962297868de652acfea661e41dd672decb54,93,154,681
REVIEW,cmta1kleb00lpq8iy1b0j5gfr,Culturalsociety,culturalsociety,https://culturalsociety.gr,https://www.culturalsociety.gr/,NO_AUTO_SAFE_CANDIDATE,HEADER_IMAGE,367,https://www.culturalsociety.gr/wp-content/uploads/2020/07/logo.png,img:tdb-logo-img td-retina-data tdb-logo-a Logo,,,,
SAFE,cmta1msog00ubq8iyqvskydgq,Cyclestore,cyclestore,https://cyclestore.gr,https://cyclestore.gr/,OFFICIAL_PAGE|JSONLD_LOGO|SAME_SITE_ASSET|IMAGE_VALIDATED,JSONLD_LOGO,332,https://cyclestore.gr/wp-content/uploads/2020/04/cyclestore-athens-logo.png,JSON-LD logo ImageObject,e4bf01f8727b32dfbc156ac8f56150d114095c36a4025a8c80a21bc42d6772f9,2113,579,28036
SAFE,cmta1mt5x00udq8iybswom167,Dahaproject,dahaproject,https://dahaproject.gr,https://www.dahaproject.gr/,OFFICIAL_PAGE|HEADER_IMAGE|SAME_SITE_ASSET|IMAGE_VALIDATED,HEADER_IMAGE,334,https://www.dahaproject.gr/images/logo-bottom.png,img:logo-image  DAHA PROJECT,fa4374485fe17edc7f81d9d30bdb14cb19a3ff9fdf9fc04c85dfd83ec0d08379,1153,1159,345503
SAFE,cmta1mtmv00ufq8iy7t79x1wg,Dalis,dalis,https://dalis.gr,https://dalis.gr/,OFFICIAL_PAGE|HEADER_IMAGE|SAME_SITE_ASSET|IMAGE_VALIDATED,HEADER_IMAGE,346,https://dalis.gr/wp-content/uploads/2023/09/Logo.svg,img:wd-logo wd-main-logo Dali's Boutique,46049f8bb63501362fd40d5f5bb74bcee69172a0275f9b5f84b24fe4aa8d78ea,123,61,11531
SAFE,cmtb77ve9004wdkiypekpezvh,Dalisleather,dalisleather,https://dalisleather.gr,https://dalisleather.gr/,OFFICIAL_PAGE|HEADER_IMAGE|SAME_SITE_ASSET|IMAGE_VALIDATED,HEADER_IMAGE,334,https://dalisleather.gr/wp-content/uploads/2020/02/cropped-NEW-DALIS-LOGO-1-TRANS.png,img:hfe-site-logo-img elementor-animation- elementor-clickable default-logo,de8b55966aa66e1ed5adce415db27ea34bb047baeef4025302cbd8adb70578af,500,276,33667
SAFE,cmta4yell000wsciyt9aap5h1,Dariayoga,dariayoga,https://dariayoga.gr,https://dariayoga.gr/,OFFICIAL_PAGE|HEADER_IMAGE|SAME_SITE_ASSET|IMAGE_VALIDATED,HEADER_IMAGE,334,https://dariayoga.gr/wp-content/uploads/2024/07/daria-yoga-logo-100.png,img:wp-image-252396 daria-yoga-logo,af83f7a115adbfb5841886e98b62c88be68f8a164702f8bfdd85294f679e7846,100,100,1882
SAFE,cmta1hv0400ahq8iy7wxjbo01,Dbsounds,dbsounds,https://dbsounds.gr,https://www.dbsounds.gr/,OFFICIAL_PAGE|HEADER_IMAGE|SAME_SITE_ASSET|IMAGE_VALIDATED,HEADER_IMAGE,334,https://www.dbsounds.gr/image/catalog/Logos/logo-kz.png,img:brand,6a35cab7f75d4ef07b04c414d4dd8c448855b4dfe30fdfc33a5cf811bb6ba859,195,195,3253
REVIEW,cmta1eump0002q8iypnb8sp6o,Decathlon Greece,decathlon,https://decathlon.com.gr,https://www.decathlon.com.gr/el/,NO_AUTO_SAFE_CANDIDATE,SITE_ICON,99,https://www.decathlon.com.gr/themes/oneshop/assets/img/favicons/apple-touch-icon-180.155279ac76.png,link rel=apple-touch-icon,,,,
SAFE,cmta1hvy400ajq8iyj0su91kc,Decolight,decolight,https://decolight.gr,https://www.decolight.gr/,OFFICIAL_PAGE|JSONLD_LOGO|SAME_SITE_ASSET|IMAGE_VALIDATED,JSONLD_LOGO,299,https://www.decolight.gr/image/cache/catalog/journal3/logo/Asset%2012-1048x280.png,JSON-LD logo property,fd6975de4228a8ba1c5713c8130b9e7b92822916e0513b2c0bc740903ad7ce32,1048,280,10728
REVIEW,cmtb6ulqi00163giy11ts559i,Decomagia,decomagia,https://decomagia.gr,https://www.decomagia.gr/,NO_AUTO_SAFE_CANDIDATE,HEADER_IMAGE,367,https://www.decomagia.gr/wp-content/uploads/2020/04/decomagia-logo100-150x32.png,img:attachment-full size-full wd-logo wd-main-logo Site logo,,,,
SAFE,cmta1hwex00alq8iywhyvtt9i,Decoro,decoro,https://decoro.gr,https://www.decoro.gr/,OFFICIAL_PAGE|HEADER_IMAGE|SAME_SITE_ASSET|IMAGE_VALIDATED,HEADER_IMAGE,279,https://www.decoro.gr/images/photos/fxqwcacggh.png,img:logo_mobile,5aae53a40ed0c416d37402a947aaed582da268ddb85468853a35c64a4ea02e48,1200,850,8496
SAFE,cmtb77293000qdkiyuxwy6vfj,DerMARGY LAB,s-2,https://dermargylab.gr,https://www.dermargylab.gr/,OFFICIAL_PAGE|HEADER_IMAGE|SAME_SITE_ASSET|IMAGE_VALIDATED,HEADER_IMAGE,367,https://www.dermargylab.gr/wp-content/uploads/2021/07/DAL_logo_final_vector.png,img:logo_image sc_layouts_logo sc_layouts_logo_default trx_addons_inline_11213108 DermArgy Lab,82f5635dc32c79117edeaf1a4627fb0036d89a55647e31396d95b7d423a30b17,546,197,17753
ERROR,cmta1hwv400anq8iyxlzbv2x8,Desenio,desenio,https://desenio.gr,,PAGE_HTTP_429,,,,,,,,
SAFE,cmta1klv100lrq8iyi3h52q5r,Despykboutique,despykboutique,https://despykboutique.gr,https://despykboutique.gr/,OFFICIAL_PAGE|HEADER_IMAGE|SAME_SITE_ASSET|IMAGE_VALIDATED,HEADER_IMAGE,379,https://despykboutique.gr/wp-content/themes/webexpert-eshop/img/h-logo.svg,img:no-lazy header-logo logo-all Despy K Boutique,fa70fa96905e850fe2f9422c1c34e1d63100ecbd52b94b0ef48e5ead2fa41c2b,391,100,2941
REVIEW,cmtb7i2jo001104iypzd4ni0i,Detail,detail,https://estiathens.com,https://estiathens.com/,NO_AUTO_SAFE_CANDIDATE,HEADER_IMAGE,333,https://estiathens.com/cdn/shop/files/esti-logo_27a86247-fb9d-46c3-a32f-dca64ba528ac_140x.jpg?v=1751456840,img:Header__LogoImage Header__LogoImage--primary Header__LogoLink Esti Athens,,,,
SAFE,cmtb62gj0000894iylks0huai,Deximi,deximi,https://deximi.gr,https://deximi.gr/,OFFICIAL_PAGE|HEADER_IMAGE|SAME_SITE_ASSET|IMAGE_VALIDATED,HEADER_IMAGE,333,https://deximi.gr/wp-content/uploads/2024/04/logo-deximi-blue-tirkuaz-black.webp,img:logo Deximi,4ef998df0c2b9d016506fde5b8028c4beaf131e214f0482a89b5dee8442afe8c,300,194,12486
REVIEW,cmtb7i5kp001g04iyhufcegif,Dia Tauta Gift Shop e,dia-tauta-gift-e,https://diatautaathens.com,https://diatautaathens.com/,NO_AUTO_SAFE_CANDIDATE,HEADER_IMAGE,334,https://diatautaathens.com/cdn/shop/files/LOGO_NEW_2026_moka_keno_aff80fc5-4768-40fb-9b0f-5505db07eece_%7Bwidth%7Dx.png?v=1779951016,img:logo__image lazyload Dia Tauta Athens,,,,
SAFE,cmta1mu4d00uhq8iy0g55jfmf,Diastours,diastours,https://diastours.gr,https://diastours.gr/,OFFICIAL_PAGE|HEADER_IMAGE|SAME_SITE_ASSET|IMAGE_VALIDATED,HEADER_IMAGE,334,https://diastours.gr/wp-content/uploads/2021/07/logo-dias.png,img:hfe-site-logo-img elementor-animation- elementor-clickable default-logo,8871f764f00558420341ff1dd3c18c80dd4b8df3664f9b1c4ddd7c2913955a7f,300,128,31763
REVIEW,cmta422dx0005t8iywqw687z1,Didi,didi,https://didi.gr,https://www.didi.gr/,NO_AUTO_SAFE_CANDIDATE,HEADER_IMAGE,279,https://www.didi.gr/cdn/shop/files/20201021_011453_%7Bwidth%7Dx.png?v=1614307676,img:lazyload js site-header__logo-image site-header__logo-image--centered MrsDiDi CraftShop,,,,
SAFE,cmtb7r2qe0007u8iyt435y3x9,Digas,digas,https://digas.gr,https://www.digas.gr/,OFFICIAL_PAGE|JSONLD_LOGO|SAME_SITE_ASSET|IMAGE_VALIDATED,JSONLD_LOGO,332,https://www.digas.gr/image/catalog/digas/digas-logo.png,JSON-LD logo ImageObject,ef0ea0b6a85d979f29c79ec25f4f12641642ba54b4bef87a0465788aa71f85f5,841,135,15570
SAFE,cmta1f9vp001qq8iy90mef58l,DigiShark,digishark,https://digishark.gr,https://digishark.gr/,OFFICIAL_PAGE|HEADER_IMAGE|SAME_SITE_ASSET|IMAGE_VALIDATED,HEADER_IMAGE,312,https://digishark.gr/wp-content/uploads/2025/06/digishark.png,img:header-logo-img digishark-logo,3d9ade07deabf1dec2d96b7326322d3303d3e8a310cf063bf726f57b33138ad6,1978,660,26035
SAFE,cmta1gk420065q8iyatni9z8z,Dimasis,dimasis,https://dimasis.gr,https://www.dimasis.gr/,OFFICIAL_PAGE|HEADER_IMAGE|SAME_SITE_ASSET|IMAGE_VALIDATED,HEADER_IMAGE,334,https://www.dimasis.gr/media/wysiwyg/onethemes/zorka/logo/logo_dimasis.png,img:logo,0ed81612826f250397324b342d54865766f2d7b5279234085561702387112239,249,160,9947
REVIEW,cmtb7734h000udkiyga232vnm,Dimidis Tours,my-travel-gift-card,https://dimidistours.gr,https://dimidistours.gr/,NO_AUTO_SAFE_CANDIDATE,HEADER_IMAGE,209,https://mytravelgiftcard.gr/wp-content/uploads/2024/04/dimidis-tours-giftcard-logo-blue-001.png,img:custom-logo My Travel Gift Card,,,,
REVIEW,cmtb77vrh004ydkiyl28lmeij,Dimitriou Fashion,dimitriou-fashion,https://dimitriou-fashion.gr,https://dimitriou-fashion.gr/,NO_AUTO_SAFE_CANDIDATE,SITE_ICON,139,https://dimitriou-fashion.gr/image/catalog/journal3/logo/dimitriou-icon-black.png,link rel=icon,,,,
REVIEW,cmta1mur500ujq8iy6zqovzbu,Dionysioumedispa,dionysioumedispa,https://dionysioumedispa.com,https://www.dionysioumedispa.com/,NO_AUTO_SAFE_CANDIDATE,HEADER_IMAGE,367,https://www.dionysioumedispa.com/wp-content/uploads/2021/12/cropped-DionysiouMediSpa_logo_web-1-300x97.png,img:custom-logo custom-logo-link Dionysiou Beauty & Medi Spa,,,,
REVIEW,cmtb7r34j0009u8iyov7fxfjb,Dioptra,dioptra,https://dioptra.gr,https://www.dioptra.gr/,NO_AUTO_SAFE_CANDIDATE,OG_IMAGE,181,https://www.dioptra.gr/ui/main/img/dioptra_logo_black.svg?id=d901b31bcc36f373d299af8624c6a1a2,og:image,,,,
REVIEW,cmta1ewc60008q8iydtjsz5cv,Divani Collection,divani-collection,https://divanis.com,https://divanis.com/,NO_AUTO_SAFE_CANDIDATE,SITE_ICON,99,https://divanis.com/wp-content/uploads/2025/05/fav_120x120.png,link rel=icon,,,,
SAFE,cmta5nn8a000g54iygk2ekzkz,Divingstore,divingstore,https://divingstore.gr,https://www.divingstore.gr/,OFFICIAL_PAGE|HEADER_IMAGE|SAME_SITE_ASSET|IMAGE_VALIDATED,HEADER_IMAGE,334,https://www.divingstore.gr/wp-content/uploads/2019/03/DIVING-LOGO-2013-1.png,img:site-link__img site-logo__link Diving Store,01577315f6e65b695b78c00720ff253bc300b77b51c74cf5b2607a3e11eaf065,369,108,9304
SAFE,cmta1mv8000ulq8iyv0ncydhd,Djmania,djmania,https://djmania.gr,https://djmania.gr/,OFFICIAL_PAGE|JSONLD_LOGO|SAME_SITE_ASSET|IMAGE_VALIDATED,JSONLD_LOGO,283,https://djmania.gr/img/logo-1782829141.jpg,JSON-LD logo ImageObject,8d685efcc681b371b3ff46661de49814a1cc25d5fc8307331b82793657e490d2,512,128,10618
SAFE,cmta1hxau00apq8iyjo8n4u1o,Dmcreations,dmcreations,https://dmcreations.gr,https://dmcreations.gr/,OFFICIAL_PAGE|JSONLD_LOGO|SAME_SITE_ASSET|IMAGE_VALIDATED,JSONLD_LOGO,283,https://dmcreations.gr/image/cache/wp/gp/website/dmcreations-plussize-nlogo-1004x555.webp,JSON-LD logo property,986037cb750f6123cd6169184d4b0a7cb59cd400808336622aa8010dad2ecd16,1004,555,72320
REVIEW,cmta1hxrm00arq8iyhvy95v45,Doctorfish,doctorfish,https://doctorfish.gr,https://www.doctorfish.gr/,STRONG_CANDIDATE_REJECTED|ASSET_HTTP_404,HEADER_IMAGE,279,https://www.doctorfish.gr/quality_auto/71d44c_7c4c92b10844456ba92a5a3ddd5fdd43~mv2.png,img:gRkIq0 sFiSiq img_comp-lu10kz3g apPOZK DOCTOR-FISH-LOGO-2017-white.png,,,,
SAFE,cmt8hp8ic0000pgiyqhluxgaw,DPAM,dpam,https://www.dpam.gr,https://www.dpam.gr/,OFFICIAL_PAGE|JSONLD_LOGO|SAME_SITE_ASSET|IMAGE_VALIDATED,JSONLD_LOGO,311,https://cdn.dpam.gr/logo.svg,JSON-LD logo ImageObject,4991d4b36391d5b78d7e164e69aad394a2d9d09ba75709129e7244228b647ff5,1466,284,3301
REVIEW,cmta1kmby00ltq8iyovtwgjv9,Dreamypicnics,dreamypicnics,https://dreamypicnics.gr,https://www.dreamypicnics.gr/,NO_AUTO_SAFE_CANDIDATE,SITE_ICON,-60,https://static.parastorage.com/client/pfavico.ico,link rel=icon,,,,
REVIEW,cmta1hy7o00atq8iya1q2z6vd,Dressingbar,dressingbar,https://dressingbar.gr,https://dressingbar.gr/,NO_AUTO_SAFE_CANDIDATE,SITE_ICON,99,https://dressingbar.gr/wp-content/uploads/2020/01/cropped-android-chrome-512x512-192x192.png,link rel=icon,,,,
SAFE,cmtb78d4i007bdkiy1pa6hz2i,Drive at Serres Racing Circuit,drive-at-serres-racing-circuit,https://track-speed.gr,https://track-speed.gr/,OFFICIAL_PAGE|JSONLD_LOGO|SAME_SITE_ASSET|IMAGE_VALIDATED,JSONLD_LOGO,314,https://track-speed.gr/wp-content/uploads/2024/02/trackspeed-logo.png,JSON-LD logo ImageObject,ae6e74d10ecfad416e8398401efa65a8ca0583b11ca24baf5da3e2b918de8847,530,180,21332
SAFE,cmta1hyq000avq8iy2l3xmdyg,Driverstation,driverstation,https://driverstation.gr,https://driverstation.gr/,OFFICIAL_PAGE|HEADER_IMAGE|SAME_SITE_ASSET|IMAGE_VALIDATED,HEADER_IMAGE,334,https://driverstation.gr/wp-content/uploads/2021/10/logo-driverstation.png,img:logo navbar-brand logo-wrapper DriverStation,f893d0c65f0888d41e831f980796b314775a2d5a1bde8e6f63ffec70b8a56b5c,350,103,11970
SAFE,cmta1m63d00rzq8iyrm7v5cfk,Dromeasbikes,dromeasbikes,https://dromeasbikes.gr,https://dromeasbikes.gr/,OFFICIAL_PAGE|HEADER_IMAGE|SAME_SITE_ASSET|IMAGE_VALIDATED,HEADER_IMAGE,334,https://dromeasbikes.gr/wp-content/uploads/2023/03/logo4-1.png,img:hfe-site-logo-img elementor-animation- elementor-clickable logo4,60443ba5c5a98801e4e5667e2750012f8069e8c833a3f60506fdada2e4a23aed,602,249,7399
REVIEW,cmtb7813e005qdkiyiite3fyc,Drone House,s-4,https://dronehouse.gr,https://dronehouse.gr/,NO_AUTO_SAFE_CANDIDATE,HEADER_IMAGE,294,https://dronehouse.gr/wp-content/uploads/2025/06/dh_thumbnail-1-12x12.png,img:wd-logo wd-main-logo Λογότυπο της ιστοσελίδας,,,,
SAFE,cmta1glbo0067q8iy40v705kk,Drumstore,drumstore,https://drumstore.gr,https://www.drumstore.gr/,OFFICIAL_PAGE|JSONLD_LOGO|SAME_SITE_ASSET|IMAGE_VALIDATED,JSONLD_LOGO,283,https://www.drumstore.gr/image/cache/wp/gp/template/drumstore-logo-altd-hq-555x270.webp,JSON-LD logo property,f651f899b7ccbc1fc532366105f2f11b9327a0f087f0fda07c292ff304d895df,555,270,9172
SAFE,cmta1mvr800unq8iy2ywxi6z8,Dukas,dukas,https://dukas.com.gr,https://www.dukas.com.gr/shop/,OFFICIAL_PAGE|JSONLD_LOGO|SAME_SITE_ASSET|IMAGE_VALIDATED,JSONLD_LOGO,316,https://www.dukas.com.gr/shop/wp-content/uploads/2023/06/logo-1-1-scaled.jpg,JSON-LD logo ImageObject,07c4d1b5101cc39bc90fb9771172e0dee92a9f1e6d3bfe867c4b61792fc72b12,2560,280,40720
SAFE,cmta1ga44004zq8iygkybw7d0,Dwrokartes,dwrokartes,https://dwrokartes.gr,https://dwrokartes.gr/,OFFICIAL_PAGE|HEADER_IMAGE|SAME_SITE_ASSET|IMAGE_VALIDATED,HEADER_IMAGE,312,https://dwrokartes.gr/wp-content/uploads/2023/04/dwrokartes.png,img:header-image is-logo-image Dwrokartes.gr,e4e747918935ca53056484ed6f012086a9bc6e43e14f3b8aa117a5345a8049ba,350,70,15290
SAFE,cmta1hz6n00axq8iy08vjknrc,E Gatos,e-gatos,https://e-gatos.gr,https://www.e-gatos.gr/,OFFICIAL_PAGE|HEADER_IMAGE|SAME_SITE_ASSET|IMAGE_VALIDATED,HEADER_IMAGE,333,https://www.e-gatos.gr/wp-content/uploads/2025/03/e-gatos.logo_.jpg,img:header_logo header-logo lazyload Παπουτσωμένος Γάτος | Παιδικά παπούτσια & αξεσουάρ,8affcc28e022bc00a096b7c2647ac07d74418db22b8cec42c2c5b6f564f2ed45,500,353,17512
ERROR,cmta1hzo100azq8iy5b6q7jky,E Jumbo,e-jumbo,https://e-jumbo.gr,,PAGE_HTTP_403,,,,,,,,
SAFE,cmta1i2rt00b1q8iy1f6azwdh,E Shop,e,https://e-shop.gr,https://www.e-shop.gr/,OFFICIAL_PAGE|JSONLD_LOGO|SAME_SITE_ASSET|IMAGE_VALIDATED,JSONLD_LOGO,283,https://www.e-shop.gr/images/top_panel_logo.jpg,JSON-LD logo property,c1b47bc2802e1c52d1f664d7b9b0deee03f5d75692c1557cf892e997fa11bd55,364,73,9402
SAFE,cmta1m6np00s1q8iyh8u312hb,E Snacks,e-snacks,https://e-snacks.gr,https://e-snacks.gr/,OFFICIAL_PAGE|HEADER_IMAGE|SAME_SITE_ASSET|IMAGE_VALIDATED,HEADER_IMAGE,334,https://e-snacks.gr/assets/img/logo.png,img:header-logo header-logo-white E-snacks,7b2dd87bffd05e0fe14fa8a817b4ab7eb5697d73ed94ccc1f6b223668343ecaa,520,115,6592
SAFE,cmta1m7ap00s3q8iyofu6o4ra,E Socks,e-socks,https://e-socks.gr,https://e-socks.gr/,OFFICIAL_PAGE|JSONLD_LOGO|SAME_SITE_ASSET|IMAGE_VALIDATED,JSONLD_LOGO,244,https://e-socks.gr/cdn/shop/files/esocks-front-3.png?v=1684988992,JSON-LD logo property,7cd19e3aae284797ffe273704bea61cd417561386c006b13b4a4152b4e7d59b9,2000,560,101344
SAFE,cmta1fhjh002eq8iyzrz7nhl2,e-Mamouth,e-mamouth,https://e-mamouth.gr,https://e-mamouth.gr/,OFFICIAL_PAGE|HEADER_IMAGE|SAME_SITE_ASSET|IMAGE_VALIDATED,HEADER_IMAGE,367,https://e-mamouth.gr/wp-content/uploads/2023/10/mamouth-logo-1.png,img:logo e-Mamouth,2a539521252b0cec2241863c7b8797fb6d3f754291271333cc4973b7b840ec3d,350,228,25018
SAFE,cmta1fmo8002wq8iyf0m8cyl2,e-Stathatos,e-stathatos,https://e-stathatos.gr,https://www.e-stathatos.gr/,OFFICIAL_PAGE|HEADER_IMAGE|SAME_SITE_ASSET|IMAGE_VALIDATED,HEADER_IMAGE,324,https://www.e-stathatos.gr/wp-content/uploads/2024/10/Asset-1.svg,img:img-responsive standard-logo retina-logo Site Logo Stathatos Athletics,0d095be7b5c3834138dde07d78553b4df2cf26b7ebf229bdd7ebb34c9e6235e2,248,45,4100
SAFE,cmt79iejk000h84iy7juh3r7b,e-tennis,e-tennis,https://e-tennis.gr,https://www.e-tennis.gr/?amp=1,OFFICIAL_PAGE|JSONLD_LOGO|SAME_SITE_ASSET|IMAGE_VALIDATED,JSONLD_LOGO,311,https://www.e-tennis.gr/static/version1787757747/frontend/Ioweb/etennis/el_GR/images/logo.svg,JSON-LD logo ImageObject,d24e2c2d48949b38e7bdabaa6eb4630bc89f6adb900143f4594d36c5af549022,1407,260,2771
REVIEW,cmtb6e05h0000i4iydjpp2xn1,EA Bags,ea-bags,https://eabags.gr,https://eabags.gr/,NO_AUTO_SAFE_CANDIDATE,HEADER_IMAGE,351,https://eabags.gr/wp-content/uploads/2025/08/ElenaAthanasiouLogoBlackWeb-1_result-100x13.webp,img:attachment-full size-full wd-logo wd-main-logo Site logo logo,,,,
REVIEW,cmtb773jg000wdkiy7wxn6bot,Easlanidis,easlanidis,https://easlanidis.gr,https://www.easlanidis.gr/,NO_AUTO_SAFE_CANDIDATE,SITE_ICON,84,https://www.easlanidis.gr/pub/media/favicon/default/FAVICON.png,link rel=icon,,,,
REVIEW,cmtb6umuk001c3giy6k05489a,eboxing,eboxing,https://eboxing.gr,https://www.eboxing.gr/,NO_AUTO_SAFE_CANDIDATE,HEADER_IMAGE,334,https://www.eboxing.gr/wp-content/themes/sportcenter/images/web-logo-footer.png,img:footer-logo main-color-1-bg Logo,,,,
SAFE,cmta1mw7400upq8iy5j5fd7e6,Ebru,ebru,https://ebru.gr,https://kate.ebru.gr/,OFFICIAL_PAGE|HEADER_IMAGE|SAME_SITE_ASSET|IMAGE_VALIDATED,HEADER_IMAGE,349,https://kate.ebru.gr/wp-content/uploads/2021/06/cropped-kate_logo_800x800px_RGB_transparent.png,img:header_logo header-logo Káte – Ebru,1fd1809f5816f94f8602f65026c01ee17a4bdfcedb162f368a65c15e41567f8e,512,512,3604
REVIEW,cmta1mwnr00urq8iy6kvgl9y6,Ecoliving,ecoliving,https://ecoliving.gr,https://ecoliving.gr/,NO_AUTO_SAFE_CANDIDATE,HEADER_IMAGE,242,https://9ab9dfe8.delivery.rocketcdn.me/wp-content/uploads/2021/08/Logo-pastel-horizontal-web-new.png,img:attachment-full size-full wd-logo wd-main-logo Site logo EcoLiving Greece,,,,
SAFE,cmta1i3qb00b3q8iy5go5mq9p,Ecrystal,ecrystal,https://ecrystal.gr,https://ecrystal.gr/,OFFICIAL_PAGE|HEADER_IMAGE|SAME_SITE_ASSET|IMAGE_VALIDATED,HEADER_IMAGE,334,https://ecrystal.gr/wp-content/uploads/2021/11/ecrystallogo.png,img:logo logo-link Κοσμήματα Swarovski ECrystal,b5313a1ac7b3f599f620f621c26fa77a649e7780fd8c138b3c306742f78d7c7c,1215,111,29496
REVIEW,cmta1gb230053q8iy8buu3rfv,Efantasy,efantasy,https://efantasy.gr,https://www.efantasy.gr/,NO_AUTO_SAFE_CANDIDATE,HEADER_IMAGE,334,https://www.efantasy.gr/media/logos/logo-mobile.png,img:header-logo Efantasy Home Efantasy logo,,,,
SAFE,cmta1glqy0069q8iyo9pgurro,Efarmakeio,efarmakeio,https://efarmakeio.gr,https://efarmakeio.gr/,OFFICIAL_PAGE|JSONLD_LOGO|SAME_SITE_ASSET|IMAGE_VALIDATED,JSONLD_LOGO,299,https://efarmakeio.gr/image/cache/catalog/LOGO-EFARMAKEIO/efarmakeio-logo-601x193.png,JSON-LD logo property,bf51c5a337237dfc4e145009831127c0995d6f0bca542f4059b3d55b3fa11c8c,601,193,8056
SAFE,cmta1f8yj001mq8iyg2t30wq4,Ehunter,ehunter,https://ehunter.gr,https://www.ehunter.gr/,OFFICIAL_PAGE|HEADER_IMAGE|SAME_SITE_ASSET|IMAGE_VALIDATED,HEADER_IMAGE,349,https://www.ehunter.gr/images/assets/logo.png,img:logoimage EHUNTER,121ce433e8a3515b05b7406f1a42a13af9b1bdc4668aa09704a51a18abaa62a0,250,158,49381
REVIEW,cmta1i46g00b5q8iy2z5otzf9,Eightboutiquegym,eightboutiquegym,https://eightboutiquegym.gr,https://www.eightboutiquegym.gr/,STRONG_CANDIDATE_REJECTED|ASSET_HTTP_404,HEADER_IMAGE,367,https://www.eightboutiquegym.gr/quality_auto/eight%20logo%20white-01_PNG.png,img:gRkIq0 sFiSiq img_comp-kx0so8z1 apPOZK Eight Boutique Gym Logo,,,,
REVIEW,cmta1kmtz00lvq8iyiofwc5l9,Ekdoseis Papasotiriou,ekdoseis-papasotiriou,https://ekdoseis-papasotiriou.gr,https://ekdoseis-papasotiriou.gr/,NO_AUTO_SAFE_CANDIDATE,HEADER_IMAGE,334,https://ekdoseis-papasotiriou.gr/cdn/shop/t/4/assets/footer_logo.png?v=117503690534060464161566370190,img:logo Εκδόσεις Παπασωτηρίου,,,,
REVIEW,cmta1fn4k002yq8iypmw8rapu,Ekklisiastika Karditsa,ekklisiastika-karditsa,https://ekklisiastikakarditsa.gr,https://ekklisiastikakarditsa.gr/,NO_AUTO_SAFE_CANDIDATE,HEADER_IMAGE,367,https://ekklisiastikakarditsa.gr/wp-content/uploads/2025/01/logoekklisiastikakolonas-150x46.png,img:neve-site-logo skip-lazy brand Εκκλησιαστικά Είδη Καρδίτσα Κολώνας Εκκλησιαστικά Είδη Καρδίτσα,,,,
REVIEW,cmtb781lh005sdkiyqxy05f21,Elbeauty,elbeauty,https://elbeauty.gr,https://www.elbeauty.gr/el/,NO_AUTO_SAFE_CANDIDATE,HEADER_IMAGE,367,https://www.elbeauty.gr/wp-content/uploads/2020/11/el-logo-01-1000x412.png,img:custom-logo custom-logo-link elbeauty,,,,
ERROR,cmtb781yd005udkiyfu78jt3z,Elbebeboutique,elbebeboutique,https://elbebeboutique.gr,,fetch failed,,,,,,,,
REVIEW,cmta1k73200k3q8iyyud5i4ps,Electrocrete,electrocrete,https://electrocrete.gr,https://www.electrocrete.gr/,STRONG_CANDIDATE_REJECTED|ASSET_HTTP_404,JSONLD_LOGO,311,https://www.electrocrete.gr/logo.svg,JSON-LD logo ImageObject,,,,
REVIEW,cmta1k7j100k5q8iy42rkqpxg,Elegance,elegance,https://elegance.gr,https://elegance.gr/,NO_AUTO_SAFE_CANDIDATE,HEADER_IMAGE,334,https://elegance.gr/wp-content/uploads/2025/03/logo-2.png,img:logo-dark elegance.gr,,,,
REVIEW,cmta1i4m300b7q8iydyj6mvak,Elegancy,elegancy,https://elegancy.gr,https://www.elegancy.gr/,NO_AUTO_SAFE_CANDIDATE,OG_IMAGE,-29,"https://static.wixstatic.com/media/6f2cfb_34a8a1109ced4a9abd44951aa8271299~mv2.png/v1/fill/w_2500,h_2501,al_c/6f2cfb_34a8a1109ced4a9abd44951aa8271299~mv2.png",og:image,,,,
REVIEW,cmtb782b5005wdkiybx3tkhjs,Elemental Studios,elemental-studios,https://elementalpilates.gr,https://www.elementalpilates.gr/,NO_AUTO_SAFE_CANDIDATE,OG_IMAGE,-45,"https://static.wixstatic.com/media/aaf30c_5a5f2e4a6bc144d4813ea04545458f89%7Emv2.jpg/v1/fit/w_2500,h_1330,al_c/aaf30c_5a5f2e4a6bc144d4813ea04545458f89%7Emv2.jpg",og:image,,,,
SAFE,cmta1knb800lxq8iymaq8jdwi,Elenabeautyhall,elenabeautyhall,https://elenabeautyhall.gr,https://elenabeautyhall.gr/,OFFICIAL_PAGE|HEADER_IMAGE|SAME_SITE_ASSET|IMAGE_VALIDATED,HEADER_IMAGE,312,https://elenabeautyhall.gr/wp-content/uploads/2021/03/ElenaBeautyHall-e1616090041669.png,img:header_logo header-logo Elena Beauty Hall,4702d7fd11dcb5b84630ec59450abc4cae948e405457c02e458da4098689dd8b,800,170,64461
REVIEW,cmta1mx3w00utq8iy9bu5ci6u,Elephantstore,elephantstore,https://elephantstore.gr,https://www.elephantstore.gr/,NO_AUTO_SAFE_CANDIDATE,HEADER_IMAGE,334,https://www.elephantstore.gr/cdn/shop/files/logo_200x.png?v=1680287499,img:site-header__logo-image Elephant Store,,,,
REVIEW,cmta1knq900lzq8iyew2srcvq,Elforsam,elforsam,https://elforsam.gr,https://elforsam.gr/,NO_AUTO_SAFE_CANDIDATE,HEADER_IMAGE,132,https://elforsam.gr/wp-content/uploads/2022/04/el-for-sam-_-mandala_white_original-768x423.png,img:custom-logo custom-logo-link el-for-sam-_-mandala_white_original,,,,
REVIEW,cmt8pswfr0001tgiyw7z7ffed,Elisabetta Franchi,elisabetta-franchi,https://www.elisabettafranchi.com,https://www.elisabettafranchi.com/roe/,NO_AUTO_SAFE_CANDIDATE,SITE_ICON,13,https://cdn2.elisabettafranchi.com.filoblu.com/media/bluheadless/default/logo-svg-144.jpg,link rel=apple-touch-icon,,,,
REVIEW,cmta1mxki00uvq8iygmyrl0sh,Emmahome,emmahome,https://emmahome.gr,https://www.emmahome.gr/,NO_AUTO_SAFE_CANDIDATE,SITE_ICON,154,https://www.emmahome.gr/uploads/media/logo/favico/android-icon-192x192.png,link rel=icon,,,,
ERROR,cmta1my4200uxq8iyrtkh2ksx,Enchriso,enchriso,https://enchriso.gr,,fetch failed,,,,,,,,
REVIEW,cmta1i52c00b9q8iyi8c9kj9p,Enploeditions,enploeditions,https://enploeditions.gr,https://enploeditions.gr/,NO_AUTO_SAFE_CANDIDATE,HEADER_IMAGE,263,https://enploeditions.gr/cdn/shop/files/transp_enplo_horizontal_72a3a686-9b43-470d-9f76-1a0ae44f744d_800x238_png_400x119.webp?v=1782634807,img:header-logo-desktop logo Enplo Editions ,,,,
SAFE,cmta1i5j700bbq8iyt7xh8b6z,Enzzo,enzzo,https://enzzo.gr,https://enzzo.gr/,OFFICIAL_PAGE|JSONLD_LOGO|SAME_SITE_ASSET|IMAGE_VALIDATED,JSONLD_LOGO,299,https://enzzo.gr/cdn/shop/files/logo_120x.png?v=1630400321,JSON-LD logo property,364fa4c71dd80e0800d71478e945297de92a37748c1bae0d3838a9b102b770d8,120,29,1330
SAFE,cmta1lt7900qjq8iyqrn53at3,Epidermislaser,epidermislaser,https://epidermislaser.gr,https://www.epidermislaser.gr/,OFFICIAL_PAGE|HEADER_IMAGE|SAME_SITE_ASSET|IMAGE_VALIDATED,HEADER_IMAGE,279,https://www.epidermislaser.gr/images/el-5.pdf-1.png,img:logo-image  Epidermis Laser,819cac795a905331b4bd92f92772812d2aae423aca14ab287f72794154980486,400,54,3894
REVIEW,cmta1myls00uzq8iy57frgnry,Epipla24,epipla24,https://epipla24.gr,https://epipla24.gr/,NO_AUTO_SAFE_CANDIDATE,HEADER_IMAGE,367,https://epipla24.gr/wp-content/uploads/2024/04/logo-300x102.png,img:custom-logo lazy custom-logo-link Epipla24,,,,
REVIEW,cmta1m7uh00s5q8iy2uhwo8ad,Epiploaivazoglou,epiploaivazoglou,https://epiploaivazoglou.gr,https://epiploaivazoglou.gr/,NO_AUTO_SAFE_CANDIDATE,HEADER_IMAGE,172,https://epiploaivazoglou.gr/wp-content/uploads/2021/06/Logo-White-Trans-Square-100x100.png,img:no-lazy custom-logo no-lazy custom-logo-link Έπιπλο Αϊβαζόγλου,,,,
REVIEW,cmta1m8fp00s7q8iyrcz63bsz,Epiplocasa,epiplocasa,https://epiplocasa.gr,https://epiplocasa.gr/,NO_AUTO_SAFE_CANDIDATE,JSONLD_LOGO,134,https://epiplocasa.gr/wp-content/uploads/2024/04/thumbnail_2Logo-White-V-nobg.png,JSON-LD logo ImageObject,,,,
SAFE,cmta1f5tr0018q8iyo2evq1r0,EpiploSet,epiploset,https://epiploset.gr,https://www.epiploset.gr/,OFFICIAL_PAGE|HEADER_IMAGE|SAME_SITE_ASSET|IMAGE_VALIDATED,HEADER_IMAGE,367,https://www.epiploset.gr/wp-content/uploads/logo/logo.png,img:preload-me same-logo Epiplo Set,5b5c2e6ce0367189d39d6c0b50b75f57196116c1255037072574fc77e967c8c8,215,48,1120
NONE,cmta1mz6000v1q8iyvwszf9du,Erato Kosmima,erato-kosmima,https://erato-kosmima.gr,https://erato-kosmima.gr/,NO_LOGO_CANDIDATE,,,,,,,,
SAFE,cmta1i5yk00bdq8iyusi2mp60,Erero,erero,https://erero.gr,https://erero.gr/,OFFICIAL_PAGE|HEADER_IMAGE|SAME_SITE_ASSET|IMAGE_VALIDATED,HEADER_IMAGE,352,https://erero.gr/cdn/shop/files/Logo_7ec9f1c4-fa86-47bc-bf7f-f1d84daab3cb.png?height=20&v=1752744981,img:header-logo__image size-style spacing-style header-logo Erero – Αρχική,0bf8cebece7a5172e7e8168c15496ea85a52eb52ecdae759221f81e533591e1b,75,20,2598
SAFE,cmta1fsn8003iq8iy44ffyjo1,Ergaleiogatos,ergaleiogatos,https://ergaleiogatos.gr,https://www.ergaleiogatos.gr/,OFFICIAL_PAGE|JSONLD_LOGO|SAME_SITE_ASSET|IMAGE_VALIDATED,JSONLD_LOGO,332,https://www.ergaleiogatos.gr/wp-content/uploads/2025/08/ergaleiogatos_logo_n.png,JSON-LD logo ImageObject,11651c5bf07d1081bd4c7cae2e41a688a9a13d60f8ffb24bc31d5f8a0a229f90,1396,196,22567
REVIEW,cmta1mzow00v3q8iyo16go49h,Erostoys,erostoys,https://erostoys.gr,https://erostoys.gr/,NO_AUTO_SAFE_CANDIDATE,HEADER_IMAGE,367,https://erostoys.gr/wp-content/uploads/2025/12/logo-mobile-150x24.png,img:attachment-full size-full wd-logo wd-main-logo Site logo logo mobile,,,,
REVIEW,cmta1g31o004kq8iy8cy0v47p,eshop.gr,gr,https://eshop.gr,https://www.e-shop.gr/,WEBSITE_REDIRECTED_TO_DIFFERENT_DOMAIN,,,,,,,,
REVIEW,cmtb62gvm000a94iyyhcgbatv,Esiot,esiot,https://esiot.gr,https://esiot.gr/,NO_AUTO_SAFE_CANDIDATE,SITE_ICON,68,https://esiot.gr/img/favicon.ico?1679919753,link rel=icon,,,,
REVIEW,cmtb6un7q001e3giydasdqnfc,Espressoshop.gr Νο 1 Κατάστημα πώλησης ...,espressoshop-gr-νο-1-καταστημα-πωλησης,https://espressoshop.gr,https://espressoshop.gr/,NO_AUTO_SAFE_CANDIDATE,HEADER_IMAGE,349,https://espressoshop.gr/wp-content/uploads/2025/04/espresso-shop-logo-orabge-uk-1-100x100.png,img:custom-logo custom-logo-link espresso Shop Logo,,,,
REVIEW,cmta5nnxp000k54iy9bb28dfr,esthai,esthai,https://esthai.gr,https://www.esthai.gr/,NO_AUTO_SAFE_CANDIDATE,OG_IMAGE,-29,"https://static.wixstatic.com/media/7430f5_9a573af3a0664c98adacd9672e98d1d5%7Emv2.png/v1/fit/w_2500,h_1330,al_c/7430f5_9a573af3a0664c98adacd9672e98d1d5%7Emv2.png",og:image,,,,
REVIEW,cmta1n05n00v5q8iyhpaxbihm,Estheta,estheta,https://estheta.gr,https://www.estheta.gr/,NO_AUTO_SAFE_CANDIDATE,HEADER_IMAGE,312,https://www.estheta.gr/wp-content/uploads/2024/08/Estheta-nobackground-details-1024x353.png,img:qodef-header-logo-image qodef--main qodef-header-logo-link qodef-height--set qodef-source--image logo main,,,,
NONE,cmta1ltps00qlq8iyu7awumqg,Ethereal Spa,ethereal-spa,https://ethereal-spa.gr,https://www.ethereal-spa.gr/,NO_LOGO_CANDIDATE,,,,,,,,
REVIEW,cmta1i6nk00bfq8iy5qszzqk8,Eubiotica,eubiotica,https://eubiotica.gr,https://www.eubiotica.gr/,STRONG_CANDIDATE_REJECTED|ASSET_HTTP_404,HEADER_IMAGE,367,https://www.eubiotica.gr/quality_auto/eubiotica_new%20logo_small.png,img:gRkIq0 sFiSiq img_comp-lm6ehhij apPOZK eubiotica_new logo_small.png,,,,
REVIEW,cmta1i73h00bhq8iy6knl2afv,Eunoiacandle,eunoiacandle,https://eunoiacandle.gr,https://eunoiacandle.gr/,NO_AUTO_SAFE_CANDIDATE,HEADER_IMAGE,312,https://eunoiacandle.gr/wp-content/uploads/2025/03/eunoia-candle-e1741363012461-150x71.png,img:attachment-full size-full wd-logo wd-main-logo Site logo Eunoia Candle,,,,
REVIEW,cmta1ko7f00m1q8iy1fy3xnzm,Euphoriamassage,euphoriamassage,https://euphoriamassage.gr,https://euphoriamassage.gr/,NO_AUTO_SAFE_CANDIDATE,HEADER_IMAGE,334,https://euphoriamassage.gr/wp-content/uploads/2022/06/logo-euphoria-massage-grey.png,img:lazyload logo-white Euphoria Professional Massage,,,,
SAFE,cmtb7i2wq001304iydhifcqy7,Eureka Athens,eureka-athens-gift-card,https://eurekathens.com,https://eurekathens.com/,OFFICIAL_PAGE|HEADER_IMAGE|SAME_SITE_ASSET|IMAGE_VALIDATED,HEADER_IMAGE,312,https://eurekathens.com/wp-content/uploads/2017/04/18009912_10212126443817147_186237509_n.png,img:logo-main logo-reg,0a28fe22590e8617ea9c28be7dbffd56a1652f3ae3bf5087829ba0d4fb6cb349,644,237,2237
SAFE,cmta1g94r004xq8iy50akgakb,Evripidis,evripidis,https://evripidis.gr,https://www.evripidis.gr/,OFFICIAL_PAGE|HEADER_IMAGE|SAME_SITE_ASSET|IMAGE_VALIDATED,HEADER_IMAGE,367,https://www.evripidis.gr/ui/main/img/evripidis_logo.png?id=2336a3ffab035d68037ce957e27e8fde,img:img-fluid aspect-img siteLogoImg siteLogo Home Evripidis logo,71e259e7a0a9fc1f2a48555e2f8878cda53c5afcae74ce55235e8aa817771d0c,145,76,3691
REVIEW,cmta1i7kw00bjq8iy206ebvy1,Extremepro,extremepro,https://extremepro.gr,https://extremepro.gr/el,STRONG_CANDIDATE_REJECTED|ASSET_HTTP_404,HEADER_IMAGE,334,https://extremepro.gr/static/Inventory/img/ExtremePro_Logo_Dark4/ExtremePro_Logo_Dark4.png,img:img-fluid p-0 m-0 home extremepro_logo,,,,
ERROR,cmta1i80900blq8iyr9rqvqvt,Eyemazing,eyemazing,https://eyemazing.gr,,PAGE_HTTP_403,,,,,,,,
SAFE,cmtb6uoby001j3giybkb09ezk,F.O.R.T.Y. Boutique,f-o-r-t-y-boutique-gift-card-the-perfect-gift-for-every-occasion,https://fortyboutique.gr,https://www.fortyboutique.gr/,OFFICIAL_PAGE|HEADER_IMAGE|SAME_SITE_ASSET|IMAGE_VALIDATED,HEADER_IMAGE,346,https://www.fortyboutique.gr/cdn/shop/files/fortyBoutiquelogonet.svg?height=100&v=1768384773,img:header-logo__image size-style spacing-style header-logo,1c21acc2f0a31273a0f7709d91978bf13e4a1e9a2497446919f1e3a20dceab40,500,500,56661
SAFE,cmta4yg5j0012sciy8l4wnt3k,Face It,face-it,https://face-it.gr,https://face-it.gr/,OFFICIAL_PAGE|HEADER_IMAGE|SAME_SITE_ASSET|IMAGE_VALIDATED,HEADER_IMAGE,346,https://face-it.gr/assets/site/images/logo.svg,img:menu-logo Logo,8dca4191b57f59a98bdebccc5c3de5cf290faedc381c0beb73b4b124b3bed7aa,157,65,33565
REVIEW,cmtb7749h0010dkiy4q022h9a,Fagotto Books,αξιας-40-ευρω,https://fagottobooks.gr,https://fagottobooks.gr/el/,NO_AUTO_SAFE_CANDIDATE,OG_IMAGE,153,http://fagottobooks.gr/static/img/fagotto-books-logo-fallback.gif,og:image,,,,
ERROR,cmta4ygm80014sciyasobys4q,Fairytale,fairytale,https://fairytale.com.gr,,PAGE_TIMEOUT,,,,,,,,
SAFE,cmta4yh320016sciyuh3ghceq,Familychef,familychef,https://familychef.gr,https://familychef.gr/,OFFICIAL_PAGE|HEADER_IMAGE|SAME_SITE_ASSET|IMAGE_VALIDATED,HEADER_IMAGE,349,https://familychef.gr/cdn/shop/files/logo.png?v=1774705770&width=680,img:small--hide image-element site-header__logo-link FamilyChef,935b62e192926cd63629f5a3bcb03ecf6f576fa88cf74ee4be3924057f399df5,662,662,6514
SAFE,cmta1n0uw00v7q8iydyupt686,Fancynails,fancynails,https://fancynails.gr,https://fancynails.gr/,OFFICIAL_PAGE|JSONLD_LOGO|SAME_SITE_ASSET|IMAGE_VALIDATED,JSONLD_LOGO,277,https://fancynails.gr/wp-content/uploads/2024/11/Photoroom-20241118_232433.png,JSON-LD logo ImageObject,65cf98fb1fc81502f491f2ad1700ca4493d9bfdb31587e4cfa025ed38e832aef,1288,436,203697
SAFE,cmta1i8g400bnq8iyw7ifw6pq,Fantasea,fantasea,https://fantasea.gr,https://www.fantasea.gr/,OFFICIAL_PAGE|HEADER_IMAGE|SAME_SITE_ASSET|IMAGE_VALIDATED,HEADER_IMAGE,334,https://www.fantasea.gr/wp-content/uploads/2020/12/logo.png,img:wd-logo wd-main-logo woodmart-logo woodmart-main-logo Fantasea,646c49765620ffedd35192c5e0b3e56a872af2ec18346317f36de99994b1583d,222,71,6242
SAFE,cmta1frr8003eq8iy26h3rb97,Farmakeio4all,farmakeio4all,https://farmakeio4all.gr,https://farmakeio4all.gr/,OFFICIAL_PAGE|HEADER_IMAGE|SAME_SITE_ASSET|IMAGE_VALIDATED,HEADER_IMAGE,379,https://farmakeio4all.gr/wp-content/themes/webexpert-eshop/img/new_logo.svg,img:footer-logo p-0 mb-4 mt-4 mt-lg-0 Farmakeio4all,4dc37a762c728932fd96b17497ab2859fa1543f307d03ab517dd02ab27e3f75d,1576,371,4745
ERROR,cmtb62h8v000c94iy3next7vn,Fatalbeautylab,fatalbeautylab,https://fatalbeautylab.gr,,PAGE_TIMEOUT,,,,,,,,
ERROR,cmtb774mt0012dkiyq4k7d2ow,Feed Me,giftcard-25-feed-me,https://feedmepetshop.gr,,PAGE_TIMEOUT,,,,,,,,
SAFE,cmta1n1a500v9q8iywfyos40v,Feelcar,feelcar,https://feelcar.gr,https://feelcar.gr/,OFFICIAL_PAGE|HEADER_IMAGE|SAME_SITE_ASSET|IMAGE_VALIDATED,HEADER_IMAGE,334,https://feelcar.gr/wp-content/uploads/2022/04/logotypo-feelcar.png.pagespeed.ce.SbH3Mkv5kn.png,img:wd-logo wd-main-logo Site logo FEELCAR,e7689c9f9f83216c2deb86f0b82224a22aefdfbb8f0e780f35629711d4404782,800,551,84916
ERROR,cmta1gcpz005bq8iynm77ayng,Feelmadness,feelmadness,https://feelmadness.gr,,PAGE_TIMEOUT,,,,,,,,
SAFE,cmtb775du0016dkiyxtcevpwz,Femmefatale,femmefatale,https://femmefatale.gr,https://femmefatale.gr/,OFFICIAL_PAGE|JSONLD_LOGO|SAME_SITE_ASSET|IMAGE_VALIDATED,JSONLD_LOGO,314,https://femmefatale.gr/wp-content/uploads/2023/09/logo-circle-150x150-1.png,JSON-LD logo ImageObject,7ebd6e6cab4c74476ca3f916fc243ced1bc781bfa017a284f0be28a43104ed95,150,150,16104
REVIEW,cmt8moqyw00005ciya9p7bsf8,Fever,fever,https://giftcard.feverup.com,https://giftcard.feverup.com/,NO_AUTO_SAFE_CANDIDATE,HEADER_IMAGE,166,https://giftcard.feverup.com/assets/img/fever-logo-white.97b68a97.svg,img:header-logo Fever Gift Cards | Gift the Best Events & Experiences,,,,
ERROR,cmta1i8x000bpq8iyan1tyro9,Fisika,fisika,https://fisika.gr,,PAGE_TIMEOUT,,,,,,,,
ERROR,cmta1m8wn00s9q8iygc3o000e,Flashfashion,flashfashion,https://flashfashion.shop,,PAGE_TIMEOUT,,,,,,,,
SAFE,cmta1ll6l00ppq8iy7exq1mp1,Floky,floky,https://floky.gr,https://floky.gr/,OFFICIAL_PAGE|HEADER_IMAGE|SAME_SITE_ASSET|IMAGE_VALIDATED,HEADER_IMAGE,312,https://floky.gr/cdn/shop/files/per-sito-ff_240x.png?v=1776164783,img:header__logo-image header__logo-link,dc96f7fdc56a9fd792f16a18915a0bb17936f1a8896591d319d6da41bab02651,240,69,2320
ERROR,cmta5nnll000i54iywoggd8zt,Floraplant,floraplant,https://eshop.floraplant.gr,,PAGE_TIMEOUT,,,,,,,,
ERROR,cmta1k89000k7q8iyqasumi3w,Flowmassage,flowmassage,https://flowmassage.gr,,PAGE_TIMEOUT,,,,,,,,
ERROR,cmtb62hmd000e94iykbm8j60o,Fluffyhugs,fluffyhugs,https://fluffyhugs.gr,,PAGE_TIMEOUT,,,,,,,,
ERROR,cmtb62hzc000g94iyu8xt54ke,Fmsstores,fmsstores,https://fmsstores.gr,,PAGE_TIMEOUT,,,,,,,,
SAFE,cmtb6v5ih00433giy4gygilpd,for Car Lovers - Swissvax,for-car-lovers-swissvax,https://swissvax.gr,https://swissvax.gr/,OFFICIAL_PAGE|HEADER_IMAGE|SAME_SITE_ASSET|IMAGE_VALIDATED,HEADER_IMAGE,379,https://swissvax.gr/cdn/shop/t/18/assets/swissvax-logo.svg?v=115292222924143746831779196042,img:logo SWISSVAX Logistics UG (haftungsbeschränkt),011852a85b7644715369cc6c34beb5057d870c4588250dfa56b06abd50d89418,1709,245,11742
REVIEW,cmtb76yef0006dkiyil6ybdjc,for Stay in Greece,for-stay-in,https://athens-stay.gr,https://www.athens-stay.gr/,STRONG_CANDIDATE_REJECTED|ASSET_NOT_IMAGE:text/html; charset=utf-8,JSONLD_LOGO,228,https://www.athens-stay.gr/#image26,JSON-LD logo property,,,,
ERROR,cmta1llnt00prq8iypcumcdek,Forall,forall,https://forall.com.gr,,PAGE_TIMEOUT,,,,,,,,
ERROR,cmta1i9ck00brq8iy827a948q,Formyskin,formyskin,https://formyskin.gr,,PAGE_TIMEOUT,,,,,,,,
ERROR,cmta1lu7d00qnq8iyepp2qhem,Forward,forward,https://forward.gr,,PAGE_TIMEOUT,,,,,,,,
ERROR,cmta1gm8h006bq8iyem6uh9wr,Fotiadou Shop,fotiadou,https://fotiadou-shop.gr,,PAGE_TIMEOUT,,,,,,,,
ERROR,cmtb6uorg001l3giy24moh9jp,Francesca,gift-card-2,https://francesca.gr,,PAGE_TIMEOUT,,,,,,,,
ERROR,cmtb62icd000i94iy2r1rmiar,Frati,frati,https://frati.gr,,PAGE_TIMEOUT,,,,,,,,
ERROR,cmta1i9rk00btq8iyo4n6b4d6,Freerider,freerider,https://freerider.gr,,PAGE_TIMEOUT,,,,,,,,
ERROR,cmta4yhjq0018sciytqttzj2n,Freudoriental,freudoriental,https://freudoriental.gr,,PAGE_TIMEOUT,,,,,,,,
ERROR,cmta5nob7000m54iy6vxwy5gq,Fuel,fuel,https://fuel.com.gr,,PAGE_TIMEOUT,,,,,,,,
ERROR,cmt8hempd0005a8iym064amwx,Funky Buddha,funky-buddha,https://www.funky-buddha.com,,PAGE_TIMEOUT,,,,,,,,
ERROR,cmta1ia7500bvq8iypdqd66ct,Funkymonkeyshoes,funkymonkeyshoes,https://funkymonkeyshoes.gr,,PAGE_TIMEOUT,,,,,,,,
ERROR,cmta1ian800bxq8iyu6asnal5,Gabi,gabi,https://gabi.gr,,PAGE_TIMEOUT,,,,,,,,
ERROR,cmtb6up5g001n3giyxkfby2ok,Galanthus Cosmetics,galanthus-cosmetics,https://galanthus-cosmetics.gr,,PAGE_TIMEOUT,,,,,,,,
ERROR,cmt8henex000aa8iyqbolahxb,Galerie de Beauté,galerie-de-beaute,https://www.galeriedebeaute.gr,,PAGE_TIMEOUT,,,,,,,,
ERROR,cmtb62ire000k94iyj68kshj2,Gang Clothing,gang-clothing,https://gang-clothing.gr,,PAGE_TIMEOUT,,,,,,,,
ERROR,cmta4yi0n001asciyvsq9mcu4,Gasmoto,gasmoto,https://gasmoto.gr,,PAGE_TIMEOUT,,,,,,,,
ERROR,cmtb7764f001adkiyw9hwme1l,Gatos Shoes,75-d75,https://gatos-shoes.gr,,PAGE_TIMEOUT,,,,,,,,
ERROR,cmta1n1qd00vbq8iy92wsx1xv,Gavalasjewelry,gavalasjewelry,https://gavalasjewelry.gr,,PAGE_TIMEOUT,,,,,,,,
ERROR,cmtb62j5r000m94iy0ng8c71m,Gbroofgarden,gbroofgarden,https://gbroofgarden.gr,,PAGE_TIMEOUT,,,,,,,,
ERROR,cmta1ez7o000iq8iykgtqu8z5,GC-TECH,gc-tech,https://gctech.gr,,PAGE_TIMEOUT,,,,,,,,
ERROR,cmtb6upj2001p3giy68izspkm,Gelia Jewelry & Creations,gelia-jewelry-and-creations,https://geliajewelry.gr,,PAGE_TIMEOUT,,,,,,,,
ERROR,cmt8faygb00006kiynlty806o,Germanos,germanos,https://www.germanos.gr,,PAGE_TIMEOUT,,,,,,,,
ERROR,cmta1n28m00vdq8iylsiovqrs,Ggbeauty,ggbeauty,https://ggbeauty.gr,,PAGE_TIMEOUT,,,,,,,,
SAFE,cmtb62jkr000o94iy4h069iqm,Ggio,ggio,https://ggio.gr,https://ggio.gr/,OFFICIAL_PAGE|HEADER_IMAGE|SAME_SITE_ASSET|IMAGE_VALIDATED,HEADER_IMAGE,367,https://ggio.gr/wp-content/uploads/2024/01/logo1.png,img:header_logo header-logo GGIO,8605b2551bb72f272fd252f890b7246a00b044fe95858ab4e1728f91e7f4cda2,200,69,3108
SAFE,cmta1ib1o00bzq8iy70mwad9c,Giannopoulos,giannopoulos,https://giannopoulos.gr,https://giannopoulos.gr/,OFFICIAL_PAGE|HEADER_IMAGE|SAME_SITE_ASSET|IMAGE_VALIDATED,HEADER_IMAGE,367,https://giannopoulos.gr/cdn/shop/files/logo_giannopoulos.png?v=1613168756&width=700,img:image-element site-header__logo-link logo--inverted GIANNOPOULOS.GR,5348228c88c1d8600a22f6b8e1bffd9b217d71788a85009bc1d2f09a74c9df40,600,120,13668
SAFE,cmtb6uq9b001t3giygowy28vc,Globi,globi-digital-gift-card,https://globi.gr,https://globi.gr/,OFFICIAL_PAGE|HEADER_IMAGE|SAME_SITE_ASSET|IMAGE_VALIDATED,HEADER_IMAGE,379,https://globi.gr/wp-content/themes/webexpert-eshop/img/logo.svg,img:no-lazy img-fluid footer-logo globi,46e5e5e20f25e479ed76ee37e75bb088d380db8d6ed02855173e2cc1083f0680,536,229,2832
SAFE,cmta1n2q600vfq8iycow7sshg,Gmca,gmca,https://gmca.gr,https://www.gmca.gr/,OFFICIAL_PAGE|HEADER_IMAGE|SAME_SITE_ASSET|IMAGE_VALIDATED,HEADER_IMAGE,334,https://www.gmca.gr/cdn/shop/files/new_logo_89e8436c-7439-4499-a33d-6e17041e0a99.png?height=100&v=1766172449,img:header-logo__image size-style spacing-style header-logo GMCA LTD - Αρχική,49c0f25a2f8ad5b69b5aa2df36da230b419edc939a9482a46784ea8189585635,100,100,3961
SAFE,cmtb62jyb000q94iyhzw1kap7,Gofishome,gofishome,https://gofishome.gr,https://gofishome.gr/,OFFICIAL_PAGE|HEADER_IMAGE|SAME_SITE_ASSET|IMAGE_VALIDATED,HEADER_IMAGE,367,https://gofishome.gr/cdn/shop/files/Header_Logo_transpernt.png?v=1699020353&width=597,img:header__logo-image,0f0f6d4e44c2d6ea431e6058f0c71984b69b5a838c1008e6b10b72c3f394022b,597,65,2422
SAFE,cmta1n37l00vhq8iye0dgcnwr,Goldandwhite,goldandwhite,https://goldandwhite.gr,https://goldandwhite.gr/,OFFICIAL_PAGE|HEADER_IMAGE|SAME_SITE_ASSET|IMAGE_VALIDATED,HEADER_IMAGE,318,https://goldandwhite.gr/wp-content/uploads/2018/02/goldandwhitelogo.jpg,img:basel-logo basel-main-logo Gold And White,ffa2dcaf07b0c88c6417e3bc2a4b355a0b12e5cc37d11b735a13200384e0e71d,200,193,14270
REVIEW,cmta5non7000o54iybf45ldoo,Golden A Exclusive Boutique,golden-a-exclusive-boutique,https://golden-a.gr,https://www.golden-a.gr/,NO_AUTO_SAFE_CANDIDATE,HEADER_IMAGE,367,https://www.golden-a.gr/wp-content/uploads/2023/10/LogoBlack-150x46.png,img:attachment-full size-full wvs-archive-product-image wd-logo wd-main-logo Site logo Γυναικεία ρούχα Golden A,,,,
SAFE,cmta4yihm001csciy1b1xu5mp,Goldenbeauty,goldenbeauty,https://goldenbeauty.gr,https://goldenbeauty.gr/,OFFICIAL_PAGE|HEADER_IMAGE|SAME_SITE_ASSET|IMAGE_VALIDATED,HEADER_IMAGE,334,https://goldenbeauty.gr/isoazooj/2025/05/Golden-Beauty-logo_horizontal-1.png,img:logo-default logo logo,f663d0ae46637c34395404d94686096b6dacd297af44fa892edb42993f26a92a,300,76,6721
SAFE,cmta1gmoy006dq8iyhuy4llr8,Goldmall,goldmall,https://goldmall.gr,https://www.goldmall.gr/,OFFICIAL_PAGE|HEADER_IMAGE|SAME_SITE_ASSET|IMAGE_VALIDATED,HEADER_IMAGE,346,https://www.goldmall.gr/theme/assets/img/logo.svg,img:GoldMall Logo,a173e9ebd73f7cefc8c3a8d705e8c8dd52a59fcecaa75dbd72036c034c4e5891,403,73,4577
REVIEW,cmta1n3np00vjq8iy2z8m64lj,Gotshirts,gotshirts,https://gotshirts.gr,https://www.gotshirts.gr/,NO_AUTO_SAFE_CANDIDATE,HEADER_IMAGE,279,https://www.gotshirts.gr/cdn/shop/files/BUSINESS_CARD_-_FRONT_-_FEB_2017_11830cec-4da8-4489-9a99-a926d79068e8_190x.png?v=1680685229,img:tt-retina tt-logo,,,,
REVIEW,cmta1n43900vlq8iyz8oio5x4,Goulandris,goulandris,https://goulandris.gr,https://goulandris.gr/,NO_AUTO_SAFE_CANDIDATE,SITE_ICON,99,https://goulandris.gr/images/site/apple-touch-icon-120x120-precomposed.png,link rel=apple-touch-icon-precomposed,,,,
SAFE,cmta1kopj00m3q8iy0u5dy5tg,Gouves,gouves,https://gouves.gr,https://gouves.gr/,OFFICIAL_PAGE|HEADER_IMAGE|SAME_SITE_ASSET|IMAGE_VALIDATED,HEADER_IMAGE,334,https://gouves.gr/wp-content/uploads/2023/12/LOGO_LOCAL_TRIPS_4U_EMAIL-very-small.png,img:custom-logo brand has-logo-image Gouves Travel Market Experts,082e1a3a17f3f4eb1462607bc0402c09c9e506dc59edc33940eb9d5ba75e9f45,96,96,2528
SAFE,cmt8nqyha00050oiyo37488v6,Grecotel,grecotel,https://www.grecotel.com,https://www.grecotel.com/,OFFICIAL_PAGE|JSONLD_LOGO|SAME_SITE_ASSET|IMAGE_VALIDATED,JSONLD_LOGO,332,https://www.grecotel.com/wp-content/uploads/2025/05/GRECOTEL-Logo-2025-_-black.png,JSON-LD logo ImageObject,e2876d9528aff90746afe90881de3ec77d088b412cb5c91189ef30974f673387,1173,227,22055
REVIEW,cmtb7751d0014dkiyrhgzf87x,Greek Designers Store,greek-designers,https://felicia-concept.gr,https://felicia-concept.gr/,NO_AUTO_SAFE_CANDIDATE,HEADER_IMAGE,331,https://felicia-concept.gr/wp-content/uploads/2025/04/cropped-felicia-logo-150x150.png,img:attachment-full size-full wd-logo wd-main-logo Site logo,,,,
SAFE,cmta4yixe001esciye3v0ltjr,Green Leaf,green-leaf,https://green-leaf.gr,https://green-leaf.gr/,OFFICIAL_PAGE|HEADER_IMAGE|SAME_SITE_ASSET|IMAGE_VALIDATED,HEADER_IMAGE,367,https://green-leaf.gr/cdn/shop/files/GreenLeaf_logo-headerpng.png?v=1736431165&width=1445,img:theme-img logo_image js site-header__logo-image Greenleaf Garden Center,8e89c1009d3990e2c23ab10d12097cfd35748cddd0e40a0ddf0ffce176ba2b2e,400,109,8467
REVIEW,cmtb7835j0060dkiyf0u7paon,GreenArt,greenart,https://greenartstore.gr,https://greenartstore.gr/,NO_AUTO_SAFE_CANDIDATE,HEADER_IMAGE,351,https://greenartstore.gr/wp-content/uploads/2026/02/green-art-logo-190x105.webp,img:attachment-full size-full wd-logo wd-main-logo Site logo,,,,
SAFE,cmta1led100ozq8iyg71o1c43,Greenmall,greenmall,https://greenmall.gr,https://greenmall.gr/,OFFICIAL_PAGE|HEADER_IMAGE|SAME_SITE_ASSET|IMAGE_VALIDATED,HEADER_IMAGE,334,https://greenmall.gr/wp-content/uploads/2020/11/Logo-1-290x60-1.png,img:wd-logo wd-main-logo Green Mall,89c3eaa4aa55e7e9069d295487ccb65f8425b5ea9096dd19173d416a499fac18,290,60,47978
SAFE,cmta1f8hk001kq8iytp3tt3d9,Greenpeace,greenpeace,https://eshop.greenpeacegreece.org,https://eshop.greenpeacegreece.org/,OFFICIAL_PAGE|HEADER_IMAGE|SAME_SITE_ASSET|IMAGE_VALIDATED,HEADER_IMAGE,367,https://eshop.greenpeacegreece.org/wp-content/uploads/2021/10/logo_green.png,img:header_logo header-logo Greenpeace Greece,119db1fbf294bfbb10e711f93c1985d6ecf69fe450961e5954a291d5af79e780,800,150,105627
SAFE,cmta1fk27002oq8iyhbxv0ee5,Grill me,grill-me,https://grillme.gr,https://grillme.gr/gr/,OFFICIAL_PAGE|HEADER_IMAGE|SAME_SITE_ASSET|IMAGE_VALIDATED,HEADER_IMAGE,318,https://grillme.gr/images/jch-optimize/ng/images_Grillme__Logo__1.webp,img:brand Grillme,079bf2308ecc6bc15448e019da4207cab732f6f9734e0b3211baca777e10109d,140,156,6144
SAFE,cmtb6uqn2001v3giydltjbhyt,Groombox,groombox,https://groombox.gr,https://groombox.gr/,OFFICIAL_PAGE|HEADER_IMAGE|SAME_SITE_ASSET|IMAGE_VALIDATED,HEADER_IMAGE,334,https://groombox.gr/wp-content/uploads/2023/04/groombox-logo2-1.png,img:wd-logo wd-main-logo Λογότυπο ιστοτόπου Groombox,8d3834fa984cf29074b1b46a5f74c9394c20cb58a3dd5d9bab96b9b855d3b7b9,709,709,18528
REVIEW,cmta1ibhz00c1q8iya3uj6y7h,Gruppobizzaro,gruppobizzaro,https://gruppobizzaro.gr,https://www.gruppobizzaro.gr/,NO_AUTO_SAFE_CANDIDATE,HEADER_IMAGE,367,https://www.gruppobizzaro.gr/wp-content/uploads/2023/02/logo-Bizzaro-1400x197.png,"img:header-logo-dark Bizzaro Shop – Ανδρικά Ρούχα, Παπούτσια, Αξεσουάρ",,,,
SAFE,cmta1ibyg00c3q8iy7eqka0ch,Gymbeam,gymbeam,https://gymbeam.gr,https://gymbeam.gr/,OFFICIAL_PAGE|JSONLD_LOGO|SAME_SITE_ASSET|IMAGE_VALIDATED,JSONLD_LOGO,311,https://gymbeam.gr/static/version170123/frontend/GymBeam/default/el_GR/images/logo.svg,JSON-LD logo property,e2f6d99e499658b98c561adfb422ed9879c307f5e2597ca04fdab5513e6d727f,231,47,12694
REVIEW,cmta1n4m400vnq8iy8minvqk0,Habitatgreece,habitatgreece,https://habitatgreece.gr,https://habitatgreece.gr/,NO_AUTO_SAFE_CANDIDATE,HEADER_IMAGE,351,https://habitatgreece.gr/wp-content/uploads/2024/11/habitat_logo_225-150x38.jpg,img:attachment-full size-full wd-logo wd-main-logo Site logo,,,,
REVIEW,cmta1gbip0055q8iyzwigl93e,Hallofbrands,hallofbrands,https://hallofbrands.gr,https://www.hallofbrands.gr/,NO_AUTO_SAFE_CANDIDATE,HEADER_IMAGE,172,https://www.hallofbrands.gr/image/cache/wp/gp/Logo_hob_30_white-324x30-324x30.webp,img:Hall of Brands,,,,
SAFE,cmta1gnmy006fq8iy4mho73h2,Hammam,hammam,https://hammam.gr,https://hammam.gr/,OFFICIAL_PAGE|JSONLD_LOGO|SAME_SITE_ASSET|IMAGE_VALIDATED,JSONLD_LOGO,277,https://hammam.gr/wp-content/uploads/2021/02/hammam_og_plain.png,JSON-LD logo ImageObject,baddab65fe1c48e07791704bfac3c13d5d86edda00c942647e69413b27fcc3b9,1200,630,406802
REVIEW,cmtb777r0001idkiyttv41oqv,Hando Massage & Spa,hando-massage-and-spa,https://handospa.gr,https://handospa.gr/,NO_AUTO_SAFE_CANDIDATE,SITE_ICON,99,https://handospa.gr/apple-touch-icon.png,link rel=apple-touch-icon,,,,
REVIEW,cmtb6ur0a001x3giybq0ee9vs,Happydonkey,happydonkey,https://happydonkey.gr,https://happydonkey.gr/,NO_AUTO_SAFE_CANDIDATE,HEADER_IMAGE,334,https://happydonkey.gr/cdn/shop/files/happy_donkey_logo_laser_200x99.png?v=1697827562,img:logo-image logo-link,,,,
REVIEW,cmta1ice000c5q8iyu99sa66p,Haralas,haralas,https://haralas.gr,https://www.haralas.gr/,NO_AUTO_SAFE_CANDIDATE,HEADER_IMAGE,224,https://static.kalogirou.com/media/logo/websites/2/har_logo_1_1_.png,img:logo store logo,,,,
SAFE,cmta1gd4f005dq8iyu9jftu4f,Haritidis,haritidis,https://haritidis.gr,https://www.haritidis.gr/el,OFFICIAL_PAGE|HEADER_IMAGE|SAME_SITE_ASSET|IMAGE_VALIDATED,HEADER_IMAGE,334,https://www.haritidis.gr/static/version1787134010/frontend/Infortis/ultimo_haritidis/el_GR/images/logo.png,img:logo Haritidis,b85d1599a2deba31371220bfe076a38682ada233ebafd25bfaeaf0b810d2ae52,276,140,6229
ERROR,cmta1icso00c7q8iyl4xfcphi,Harmanis,harmanis,https://harmanis.gr,,PAGE_HTTP_403,,,,,,,,
SAFE,cmta1id9100c9q8iypixzj7p1,Harmony Spa,harmony-spa,https://harmony-spa.gr,https://harmony-spa.gr/,OFFICIAL_PAGE|JSONLD_LOGO|SAME_SITE_ASSET|IMAGE_VALIDATED,JSONLD_LOGO,298,https://harmony-spa.gr/wp-content/uploads/2020/10/cropped-LOGO512-1.jpg,JSON-LD logo ImageObject,17318efee5246e7ade92ebc52a569ad8b821be066bb81295ca25f04479054a3a,512,512,11176
REVIEW,cmta1idow00cbq8iyqpjvfwpy,Harmonybeauty,harmonybeauty,https://harmonybeauty.gr,https://www.harmonybeauty.gr/,NO_AUTO_SAFE_CANDIDATE,OG_IMAGE,169,https://www.harmonybeauty.gr/skins/responsive_horiz/styleImages/logo.png,og:image,,,,
SAFE,cmtb7785l001kdkiysx9add6j,Headplus,headplus,https://headplus.gr,https://headplus.gr/,OFFICIAL_PAGE|JSONLD_LOGO|SAME_SITE_ASSET|IMAGE_VALIDATED,JSONLD_LOGO,314,https://headplus.gr/wp-content/uploads/2025/04/HEADPLUS-LOGO-2025-basic.png,JSON-LD logo ImageObject,272cc56a39bf1ad646b008f02ce0a7b2401950ea42282833df1e4847a0d9b68f,822,822,15150
REVIEW,cmta1ie5000cdq8iy3255w969,Healthandbeauty,healthandbeauty,https://healthandbeauty.com.gr,https://www.healthandbeauty.com.gr/,NO_AUTO_SAFE_CANDIDATE,HEADER_IMAGE,367,https://www.healthandbeauty.com.gr/cms/files/2015/11/logo.png,img:custom-logo custom-logo-link Health & Beauty – Ινστιτούτο Αισθητικής στην Πάτρα,,,,
SAFE,cmta1ielo00cfq8iyidylcjh7,Healthypetspharmacy,healthypetspharmacy,https://healthypetspharmacy.gr,https://healthypetspharmacy.gr/,OFFICIAL_PAGE|HEADER_IMAGE|SAME_SITE_ASSET|IMAGE_VALIDATED,HEADER_IMAGE,349,https://healthypetspharmacy.gr/templates/yootheme/cache/07/healthypetspharmacy_logo-0767fcc9.png,img:uk-logo uk-navbar-item Back to home Healthy Pets Pharmacy,79dc85b615b6fcb90519e4c9e51403acd4c3d11e331039086ae16280c768f961,120,120,11298
REVIEW,cmta4yk9i001isciy8zva7jrw,Hebekidshome,hebekidshome,https://hebekidshome.gr,https://hebekidshome.gr/,NO_AUTO_SAFE_CANDIDATE,HEADER_IMAGE,92,https://hebekidshome.gr/cdn/shop/files/Contact_Page_Slideshow_Banner_4.png?v=1716931422&width=840,img:header__heading-logo header__heading-link link link--text focus-inset HEBE KIDS HOME,,,,
REVIEW,cmta1go4c006hq8iyctmnyk3t,Heelshop,heelshop,https://heelshop.gr,https://www.heelshop.gr/,NO_AUTO_SAFE_CANDIDATE,SITE_ICON,68,https://www.heelshop.gr/assets/website/img/favicon.ico,link rel=shortcut icon,,,,
SAFE,cmtb783ix0062dkiyciacadlv,HeHe Messy Play,messy-play-gift-card,https://hehe-messyplay.gr,https://hehe-messyplay.gr/,OFFICIAL_PAGE|HEADER_IMAGE|SAME_SITE_ASSET|IMAGE_VALIDATED,HEADER_IMAGE,279,https://hehe-messyplay.gr/wp-content/uploads/2021/09/hehe_messy_teliko-07.png,img:logo_main img,b0adb6d0a3b4a830aa16726f27114782c681c9b8e10c2ed569be3f047a97ce3f,577,438,8759
SAFE,cmta1if3i00chq8iy4r1xwv4g,Hellenicorchids,hellenicorchids,https://hellenicorchids.gr,https://www.hellenicorchids.gr/,OFFICIAL_PAGE|HEADER_IMAGE|SAME_SITE_ASSET|IMAGE_VALIDATED,HEADER_IMAGE,361,https://www.hellenicorchids.gr/wp-content/uploads/2024/12/Hellenic_Orchids_Logo.svg,img:attachment-full size-full wd-logo wd-main-logo Site logo,e8fc5ef7b3d37f90c262c6ac2668313160a167bcbe8bec259378986852c2549b,500,500,15324
ERROR,cmta1lbsk00opq8iy6ghmmaan,Hellenictrain,hellenictrain,https://hellenictrain.gr,,PAGE_TIMEOUT,,,,,,,,
REVIEW,cmta1n54t00vpq8iycce3q70f,Hellobabyshop,hellobabyshop,https://hellobabyshop.gr,https://hellobabyshop.gr/,NO_AUTO_SAFE_CANDIDATE,HEADER_IMAGE,349,https://hellobabyshop.gr/wp-content/uploads/2023/08/Hello_Baby_logo-150x150.png,img:attachment-full size-full wd-logo wd-main-logo Site logo,,,,
REVIEW,cmtb6urdq001z3giyx4g2l4dm,HelloKids,ηλεκτρονικη-δωροκαρτα,https://hellokids.gr,https://www.hellokids.gr/,NO_AUTO_SAFE_CANDIDATE,SITE_ICON,139,https://www.hellokids.gr/cdn/shop/files/house_logo_32x32.png?v=1673871286,link rel=icon,,,,
REVIEW,cmta1ifiy00cjq8iy2y5qnddu,Hepta,hepta,https://hepta.gr,https://www.hepta.gr/,STRONG_CANDIDATE_REJECTED|ASSET_HTTP_404,HEADER_IMAGE,352,https://www.hepta.gr/quality_auto/Site%20transparent%20logo.png,img:gRkIq0 sFiSiq img_comp-kic7ksu2 apPOZK by Hepta Jewellery logo,,,,
SAFE,cmtb6urqs00213giyqy3j7eq2,Heraklion Improv Theater,heraklion-improv-theater,https://heraklionimprov.gr,https://www.heraklionimprov.gr/,OFFICIAL_PAGE|HEADER_IMAGE|SAME_SITE_ASSET|IMAGE_VALIDATED,HEADER_IMAGE,349,https://www.heraklionimprov.gr/wp-content/uploads/2023/09/Logo-HIT-2024-_horizontal_WR.png,img:custom-logo custom-logo-link Heraklion Improv Theater,1be483bcb98e5845f330cadfea2a9bf6bc77f83db4cc96dcc7c2fdbbc5fe63e2,2000,1218,68187
ERROR,cmta1fybw0044q8iyqo3h871n,HerbStore,herbstore,https://herbstore.gr,,PAGE_HTTP_403,,,,,,,,
REVIEW,cmta1kp7g00m5q8iyfoppvhdk,Hercshop,hercshop,https://hercshop.gr,https://hercshop.gr/,NO_AUTO_SAFE_CANDIDATE,HEADER_IMAGE,333,https://hercshop.gr/wp-content/uploads/2026/04/herc-logo-2_page-0001-1-227x300.webp,img:attachment-full size-full wd-logo wd-main-logo Site logo Herc Urban Wear logo | hercshop.gr,,,,
SAFE,cmtb7hzyg000o04iy31m1lgd4,Herminaathens,herminaathens,https://herminaathens.com,https://herminaathens.com/,OFFICIAL_PAGE|HEADER_IMAGE|SAME_SITE_ASSET|IMAGE_VALIDATED,HEADER_IMAGE,352,https://herminaathens.com/wp-content/uploads/2024/05/logodark.png,img:custom-logo brand has-logo-image Hermina Athens logo,aacd173a9e43bf1743d3f65052c8b9cacf8c1f98dec0f14496f5e28b316932f3,101,36,688
REVIEW,cmta1n5m800vrq8iy358j0zpx,Himalayatravel,himalayatravel,https://himalayatravel.gr,https://himalayatravel.gr/,NO_AUTO_SAFE_CANDIDATE,JSONLD_LOGO,152,https://himalayatravel.gr/wp-content/uploads/2023/03/himalaya-logo-white.png,JSON-LD logo ImageObject,,,,
REVIEW,cmta1f1x0000uq8iy6l2rr7td,Hintsdeco,hintsdeco,https://hintsdeco.com,https://hintsdeco.com/,NO_AUTO_SAFE_CANDIDATE,HEADER_IMAGE,312,https://hintsdeco.com/cdn/shop/files/1.png?v=1737800632&width=240,img:header__logo-image,,,,
SAFE,cmta1kpmu00m7q8iyin0vedr6,Hlcpro,hlcpro,https://hlcpro.gr,https://hlcpro.gr/,OFFICIAL_PAGE|HEADER_IMAGE|SAME_SITE_ASSET|IMAGE_VALIDATED,HEADER_IMAGE,367,https://hlcpro.gr/wp-content/uploads/2022/11/cropped-cropped-logo-1-299x86-1.png,img:attachment-full size-full wp-image-2649 cropped cropped logo 1 299x86 1,cec913edfcdfbb1f9949a3ee289187509bfdd14bcbe10acdf32ce5887cb0d3ba,160,81,3492
SAFE,cmtb62kbd000s94iy55au674v,Hobby,hobby,https://hobby.gr,https://www.hobby.gr/,OFFICIAL_PAGE|JSONLD_LOGO|SAME_SITE_ASSET|IMAGE_VALIDATED,JSONLD_LOGO,283,https://www.hobby.gr/image/cache/wp/gp/logo-bigger-400x142.webp,JSON-LD logo property,68186bdb26c25ccae66ddb7925b29321cd28354205ea7db2bd0134ec9ace8fea,400,142,20924
REVIEW,cmta1kq4t00m9q8iynfm2daqb,Hobbylobby Yarns,hobbylobby-yarns,https://hobbylobby-yarns.gr,https://www.hobbylobby-yarns.gr/,NO_AUTO_SAFE_CANDIDATE,HEADER_IMAGE,334,https://www.hobbylobby-yarns.gr/wp-content/uploads/2021/01/logo-118x93.png,img:custom-logo webpexpress-processed custom-logo-link HobbyLobbyyarns Logo,,,,
REVIEW,cmtb78ffp007ndkiyn4woc6vx,Hobbywood,δωροκαρτα-100,https://hobbywood.gr,https://www.hobbywood.gr/,NO_AUTO_SAFE_CANDIDATE,JSONLD_LOGO,299,https://www.hobbywood.gr/image/cache/catalog/logo-267x177.png,JSON-LD logo property,,,,
REVIEW,cmta1ify300clq8iyrdcu6d4n,Holokolo,holokolo,https://holokolo.gr,https://www.holokolo.gr/,NO_AUTO_SAFE_CANDIDATE,HEADER_IMAGE,350,https://www.holokolo.gr/buxus/images/cache/homepage.brands__item-img/logos_brands_teams/brands/brandy_2026/gu.png,img:homepage-brands__item-img lazy homepage-brands__item-link GU,,,,
SAFE,cmtb778jw001mdkiytifpu57h,HOME MADE,home-made,https://homebynature.gr,https://homebynature.gr/,OFFICIAL_PAGE|HEADER_IMAGE|SAME_SITE_ASSET|IMAGE_VALIDATED,HEADER_IMAGE,349,https://homebynature.gr/wp-content/uploads/2021/03/cropped-cropped-HOME_LOGOcolor02_8x9cm.png,img:header-logo-dark Home by Nature ,e536bc22a93afe8f23c9ea43215c4f29298318d50f59d00b6fdfe6df1f387b20,512,512,12233
ERROR,cmt8faz8700056kiyd92fmy9h,HomeMarkt,homemarkt,https://www.homemarkt.gr,,PAGE_HTTP_403,,,,,,,,
REVIEW,cmta1n62d00vtq8iyzg6a2plh,Homii,homii,https://homii.gr,https://homii.gr/,NO_AUTO_SAFE_CANDIDATE,OG_IMAGE,98,https://homii.gr/homii-social.jpg,og:image,,,,
ERROR,cmt8fazwh000a6kiymri92mev,Hondos Center,hondos-center,https://www.hondoscenter.com,,PAGE_HTTP_403,,,,,,,,
SAFE,cmta1lm4h00ptq8iyuiufei2z,Honeykids,honeykids,https://honeykids.gr,https://honeykids.gr/,OFFICIAL_PAGE|HEADER_IMAGE|SAME_SITE_ASSET|IMAGE_VALIDATED,HEADER_IMAGE,294,https://honeykids.gr/cdn/shop/files/062C7B9C-335A-4F43-AC05-791655CEC80D.png?v=1756492397&width=600,img:header__heading-logo motion-reduce header__heading-link link link--text focus-inset Honeykids Conceptstore,a7d94c8d531d63289d4ace65bbc891b89caaa0bfa3f2f82880fabe6493522a66,487,512,50776
REVIEW,cmta1f6az001aq8iyrqng95sk,Hoper,hoper,https://hoper.gr,https://hoper.gr/,NO_AUTO_SAFE_CANDIDATE,HEADER_IMAGE,349,https://hoper.gr/wp-content/uploads/2021/08/hoper.gr_logo-150x159.png,img:attachment-full size-full wd-logo wd-main-logo Λογότυπο ιστότοπου hoper_λογοτυπο_widget_1,,,,
SAFE,cmta1ighj00cnq8iyulsu7slc,Hotelshops,hotelshops,https://hotelshops.gr,https://www.hotelshops.gr/,OFFICIAL_PAGE|JSONLD_LOGO|SAME_SITE_ASSET|IMAGE_VALIDATED,JSONLD_LOGO,299,https://www.hotelshops.gr/media/logo/default/logo-hotelshops_2.png,JSON-LD logo property,747dce944e8b2fc7e52a7d7492c0afd0f64ae1f6e91d2db740ee5d4627b41983,1200,630,30192
REVIEW,cmtb77whg0052dkiy9snlz0m5,Houhouliarika,houhouliarika,https://houhouliarika.gr,https://houhouliarika.gr/,NO_AUTO_SAFE_CANDIDATE,SITE_ICON,84,https://houhouliarika.gr/image/catalog/favicon.png,link rel=icon,,,,
REVIEW,cmta1kqmj00mbq8iyq43jivnk,Houseoftennis,houseoftennis,https://houseoftennis.gr,https://houseoftennis.gr/,NO_AUTO_SAFE_CANDIDATE,HEADER_IMAGE,187,https://houseoftennis.gr/wp-content/uploads/2024/02/hot-logo_white-500x84-1.png,img:img-responsive standard-logo retina-logo Site Logo House Of Tennis,,,,
SAFE,cmtb77wvc0054dkiymkiztz6e,Hshome,hshome,https://hshome.gr,https://hshome.gr/,OFFICIAL_PAGE|JSONLD_LOGO|SAME_SITE_ASSET|IMAGE_VALIDATED,JSONLD_LOGO,283,https://hshome.gr/image/cache/catalog/Logos/hshome-konsntantinos-zois-logo-180x180.jpg,JSON-LD logo property,c5a5ab385ce6469b951a3e49c44f21060343b029b16f8daeacfb70b60cf54bc6,180,180,8648
SAFE,cmta1n6jy00vvq8iymcveel8b,Hugshop,hugshop,https://hugshop.gr,https://www.hugshop.gr/,OFFICIAL_PAGE|JSONLD_LOGO|SAME_SITE_ASSET|IMAGE_VALIDATED,JSONLD_LOGO,332,https://www.hugshop.gr/wp-content/uploads/2024/07/Hug_Logotype.png,JSON-LD logo ImageObject,a911d179278f68175caae1d81b64eea8e7866d00f4523ff4896f5942fc656f2c,770,380,18593
REVIEW,cmta1ihdj00cpq8iy8h7fdcbs,Hydrowellness,hydrowellness,https://hydrowellness.gr,https://www.hydrowellness.gr/,NO_AUTO_SAFE_CANDIDATE,OG_IMAGE,-45,"https://static.wixstatic.com/media/d60060_ac9826a073ec408584db1c3babffadda~mv2.jpg/v1/fill/w_1209,h_669,al_c/d60060_ac9826a073ec408584db1c3babffadda~mv2.jpg",og:image,,,,
SAFE,cmtb6us5500233giynzltgk33,Hypnote Jewelry,hypnote-jewelry,https://hypnotejewelry.gr,https://hypnotejewelry.gr/,OFFICIAL_PAGE|HEADER_IMAGE|SAME_SITE_ASSET|IMAGE_VALIDATED,HEADER_IMAGE,346,https://hypnotejewelry.gr/wp-content/uploads/2019/07/logo-black.svg,"img:no-lazy custom-logo no-lazy custom-logo-link Hypnote Jewelry | Woman, Man Accessories, eshop for jewelry",679cbbab70b20473cc6ae5b0977bef2b8a6dcba4a7591394a57dfc8baee19d73,107,44,1379
SAFE,cmtb78g7m007rdkiydh03gkcd,I Thought Of You,i-thought-of-you,https://ymonanatripsis.gr,https://www.ymonanatripsis.gr/,OFFICIAL_PAGE|HEADER_IMAGE|SAME_SITE_ASSET|IMAGE_VALIDATED,HEADER_IMAGE,316,https://www.ymonanatripsis.gr/wp-content/uploads/2016/07/logo-ymon-header.png,img:logo_main,aaf8d5c4df3f4ff2c233ea72343966ee9b8a72823aafc1cbceb6131db853a050,197,150,2370
SAFE,cmt8hpbl40005pgiygrv6zswp,Ianos,ianos,https://www.ianos.gr,https://www.ianos.gr/,OFFICIAL_PAGE|HEADER_IMAGE|SAME_SITE_ASSET|IMAGE_VALIDATED,HEADER_IMAGE,334,https://www.ianos.gr/media/logo/stores/1/logo.png,img:ianos-logo logo ianos-logo store logo IANOS,f77322e49dd0b79e836e8bf0af494a4a5099fd5cea094006f3451f58a94e08ff,300,55,25712
REVIEW,cmtb778xx001odkiykvt6zq8t,Iasis,iasis,https://iasispa.gr,https://iasispa.gr/,NO_AUTO_SAFE_CANDIDATE,HEADER_IMAGE,349,https://iasispa.gr/wp-content/uploads/2024/01/cropped-Logo-Iasis-Spa-2.png,img:logo_image sc_layouts_logo sc_layouts_logo_default sc_layouts_logo_2147253850,,,,
SAFE,cmta4ykr0001ksciypzktgyzf,Iaso,iaso,https://iaso.gr,https://www.iaso.gr/,OFFICIAL_PAGE|HEADER_IMAGE|SAME_SITE_ASSET|IMAGE_VALIDATED,HEADER_IMAGE,379,https://www.iaso.gr/ResourcePackages/Iaso/assets/dist/images/logo.svg,img:logo-desktop Iaso,f74c1540e6f5c2f81bd82b8e699da9d8dbe1a6d7eac0298b647ec26670057645,278,82,8244
REVIEW,cmta1k0yj00jdq8iy6mqya7nx,Idealofsweden,idealofsweden,https://idealofsweden.gr,https://idealofsweden.gr/,NO_AUTO_SAFE_CANDIDATE,SITE_ICON,99,https://idealofsweden.gr/apple-touch-icon.png?v=1,link rel=apple-touch-icon,,,,
SAFE,cmta1kr4100mdq8iy9m3twce3,Idil,idil,https://idil.gr,https://www.idil.gr/,OFFICIAL_PAGE|HEADER_IMAGE|SAME_SITE_ASSET|IMAGE_VALIDATED,HEADER_IMAGE,346,https://www.idil.gr/style/images/logo-black.svg,img:img-fluid navbar-brand d-flex w-30 mr-auto IDIL,42c6f232baf50eb59aa57598d3d0fcc26507ce839f6d1e85b5581dc20bce7aaf,298,90,2687
REVIEW,cmtb62ko1000u94iyfmqcym0h,Idolosalon,idolosalon,https://idolosalon.gr,https://www.idolosalon.gr/,NO_AUTO_SAFE_CANDIDATE,SITE_ICON,99,https://www.idolosalon.gr/apple-touch-icon.png,link rel=apple-touch-icon,,,,
ERROR,cmt79if46000n84iyg23kadng,IKEA,ikea,https://www.ikea.gr,,PAGE_HTTP_403,,,,,,,,
REVIEW,cmta1luo000qpq8iyw616b20t,Ikiru,ikiru,https://ikiru.gr,https://ikiru.gr/,NO_AUTO_SAFE_CANDIDATE,HEADER_IMAGE,187,https://ikiru.gr/wp-content/uploads/2022/04/ikiru-logo-white-1-180x72.png,img:custom-logo custom-logo-link transparent-custom-logo IKIRU,,,,
REVIEW,cmta1fuk0003qq8iyfbwn50bl,iloveprints,iloveprints,https://iloveprints.gr,https://iloveprints.gr/,NO_AUTO_SAFE_CANDIDATE,HEADER_IMAGE,346,https://iloveprints.gr/static/version1787646010/frontend/Ioweb/iloveprints/el_GR/images/color-logo.svg,img:logo logo-sticky store logo,,,,
SAFE,cmta1krlc00mfq8iy2aqskjrf,Imaginationtravel,imaginationtravel,https://imaginationtravel.gr,https://www.imaginationtravel.gr/,OFFICIAL_PAGE|HEADER_IMAGE|SAME_SITE_ASSET|IMAGE_VALIDATED,HEADER_IMAGE,263,https://www.imaginationtravel.gr/img/asset/YXNzZXRzL2l0cmF2ZWwtbG9nby13aGl0ZS5wbmc=?w=160&h=120&s=f175b87c859965277365ba220cb72432,img:h-16 lg:h-20 min-w-[6rem] object-cover text-white no-underline Imagination Travel logo,ac52ceea753384c12b3afc52b52892468eba91392b089ea23f1c34275285a789,160,120,3394
REVIEW,cmta1ihsb00crq8iy83hvfzop,Imanoglou,imanoglou,https://imanoglou.gr,https://imanoglou.gr/en/,STRONG_CANDIDATE_REJECTED|IMAGE_DIMENSIONS_TOO_SMALL:216x14,JSONLD_LOGO,299,https://imanoglou.gr/static/img/email_icons/imanoglou-logo.png,JSON-LD logo property,,,,
SAFE,cmta1m9cz00sbq8iy5lk3cwak,Inandela,inandela,https://inandela.gr,https://www.inandela.gr/,OFFICIAL_PAGE|HEADER_IMAGE|SAME_SITE_ASSET|IMAGE_VALIDATED,HEADER_IMAGE,312,https://www.inandela.gr/cdn/shop/files/inandela_three_hearts_-_2colors_shadow.png?v=1682670891&width=600,img:header__heading-logo motion-reduce header__heading-link link link--text focus-inset Inandela Boutique,23e8f2169c18066af60b312ebbea7d18a45595590c0aca18247f6bbf0b99f79c,600,250,35294
SAFE,cmtb783wx0064dkiyailydu7h,Insidehome,insidehome,https://insidehome.gr,https://www.insidehome.gr/,OFFICIAL_PAGE|JSONLD_LOGO|SAME_SITE_ASSET|IMAGE_VALIDATED,JSONLD_LOGO,299,https://www.insidehome.gr/image/cache/catalog/logo-png-337x188.png,JSON-LD logo property,ea09391d3214c5f2b4ba86e6956fe0b1d25d84f8fabe1635e9981808d01d23bb,337,188,49920
REVIEW,cmta1ii8i00ctq8iysskxlulx,Inspiral,inspiral,https://inspiral.gr,https://www.inspiral.gr/,NO_AUTO_SAFE_CANDIDATE,SITE_ICON,68,https://www.inspiral.gr/img/layout/favicon.ico,link rel=shortcut icon,,,,
SAFE,cmta1iimz00cvq8iyxyke34hz,Inspirenails,inspirenails,https://inspirenails.gr,https://inspirenails.gr/,OFFICIAL_PAGE|HEADER_IMAGE|SAME_SITE_ASSET|IMAGE_VALIDATED,HEADER_IMAGE,352,https://inspirenails.gr/wp-content/uploads/2021/05/stiki-logo-leonie.png,img:qodef-header-logo-image qodef--main qodef-header-logo-link qodef-height--set logo main,f68980681825184faa10ec2b7c42c9921c44c9650e8abfbae09c8743c49a2c81,122,28,1930
ERROR,cmta1limn00pfq8iyfh50asm9,Instyleshop,instyleshop,https://instyleshop.gr,,PAGE_HTTP_403,,,,,,,,
ERROR,cmta1gong006jq8iy8ppr191d,Intersport,intersport,https://intersport.gr,,PAGE_HTTP_403,,,,,,,,
SAFE,cmta1n71400vxq8iynjup9qnd,Invoidspa,invoidspa,https://invoidspa.gr,https://invoidspa.gr/,OFFICIAL_PAGE|JSONLD_LOGO|SAME_SITE_ASSET|IMAGE_VALIDATED,JSONLD_LOGO,289,https://invoidspa.gr/wp-content/uploads/2022/12/Invoid-Spa-Horizontal.svg,JSON-LD logo ImageObject,4ef85a859130427e0b0ff03a360b01681802229ee26fa483f9cbd3ef7023e4f5,574,161,10946
REVIEW,cmta5np3d000q54iymiaczmp9,Ioannalingerie,ioannalingerie,https://ioannalingerie.gr,https://ioannalingerie.gr/,NO_AUTO_SAFE_CANDIDATE,HEADER_IMAGE,367,https://ioannalingerie.gr/wp-content/uploads/2026/02/logo_ioanna_lingerie_-1-150x71.png,img:attachment-full size-full wd-logo wd-main-logo Site logo,,,,
SAFE,cmtb779c5001qdkiy6oykrbp5,Ioannou Cosmetics,ioannou-cosmetics,https://ioannou-cosmetics.gr,https://www.ioannou-cosmetics.gr/,OFFICIAL_PAGE|HEADER_IMAGE|SAME_SITE_ASSET|IMAGE_VALIDATED,HEADER_IMAGE,324,https://www.ioannou-cosmetics.gr/wp-content/themes/webexpert-eshop/img/ioannou.svg,img:no-lazy header-logo Ioannou Cosmetics,8db42b2fd5046e34dd30a19382dbef57cdf87a61def08c00b533ab15f1ebc10d,973,316,15636
REVIEW,cmta1ij1900cxq8iylqn2bs5t,Iosifidishome,iosifidishome,https://iosifidishome.gr,https://www.iosifidishome.gr/,NO_AUTO_SAFE_CANDIDATE,HEADER_IMAGE,367,https://www.iosifidishome.gr/wp-content/uploads/logo-main.png,img:header-image is-logo-image IOSIFIDIS HOME,,,,
SAFE,cmta1fivj002kq8iypy583huf,Ipatios,ipatios,https://ipatios.gr,https://ipatios.gr/,OFFICIAL_PAGE|HEADER_IMAGE|SAME_SITE_ASSET|IMAGE_VALIDATED,HEADER_IMAGE,379,https://ipatios.gr/wp-content/themes/webexpert-eshop/img/logo-ipatioss.svg,img:no-lazy header-logo d-lg-inline-block d-none Ipatios,5df0a36f5b1c76159f0993c3a204c10bbf6089daf20a7d5a0c4573078b1cc6be,141,52,9653
REVIEW,cmta1fxg20040q8iyzetmsdo8,iQueens,iqueens,https://iqueens.gr,https://www.iqueens.gr/el/,NO_AUTO_SAFE_CANDIDATE,SITE_ICON,-44,https://static.qns.digital/themes/default-bootstrap/dist/images/favicons/qns/apple-touch-icon.png,link rel=apple-touch-icon,,,,
SAFE,cmta1k8qh00k9q8iyaho07xw2,Iridaspa,iridaspa,https://iridaspa.gr,https://www.iridaspa.gr/,OFFICIAL_PAGE|JSONLD_LOGO|SAME_SITE_ASSET|IMAGE_VALIDATED,JSONLD_LOGO,314,http://www.iridaspa.gr/wp-content/uploads/2021/05/irida-logo.png,JSON-LD logo ImageObject,75d7228da884251e934a92f7059df47e5dcc2a95c4f06f1cd9f81f3ed495a455,409,325,47841
SAFE,cmta4yl9j001msciykp5a6baz,Irisproject,irisproject,https://irisproject.gr,https://irisproject.gr/,OFFICIAL_PAGE|HEADER_IMAGE|SAME_SITE_ASSET|IMAGE_VALIDATED,HEADER_IMAGE,349,https://irisproject.gr/wp-content/uploads/2024/07/IRIS-PROJECT_black-Logo-04.png,img:edgtf-normal-logo logo,eeb0e19277f775e778365c02c321c80f9176651e8a6e239bb9767a5f469a38a1,1684,1532,76580
SAFE,cmtb784go0066dkiy5hfgmr1m,Isola Boutique,s-5,https://isolaboutique.gr,https://www.isolaboutique.gr/,OFFICIAL_PAGE|HEADER_IMAGE|SAME_SITE_ASSET|IMAGE_VALIDATED,HEADER_IMAGE,294,https://www.isolaboutique.gr/wp-content/uploads/2024/11/DARK-BACKGROUND-1-COLOUR-2019-%C2%A9-Sowl-Creative-Studio.png,img:kitify-logo__img kitify-logo-default kitify-logo__link Isola Boutique,e91fbc886fc1fa83c7d014ef8efd1c0a8642e02c0744d640f6f62eac7d3e2271,2687,2363,60505
REVIEW,cmtb62l0e000w94iy2zj007r6,Ivanacappuccini,ivanacappuccini,https://ivanacappuccini.gr,https://www.ivanacappuccini.gr/,NO_AUTO_SAFE_CANDIDATE,HEADER_IMAGE,367,https://www.ivanacappuccini.gr/wp-content/uploads/2023/09/ivanacappuccini-logo2-large-150x14.png,img:attachment-full size-full wd-logo wd-main-logo Site logo Ivana Cappuccini,,,,
REVIEW,cmta1ijf900czq8iymaa7h0du,Janeiredale,janeiredale,https://janeiredale.gr,https://janeiredale.gr/,NO_AUTO_SAFE_CANDIDATE,HEADER_IMAGE,312,https://janeiredale.gr/wp-content/uploads/2024/07/jane_iredale-150x34.png,img:attachment-full size-full wd-logo wd-main-logo Site logo,,,,
REVIEW,cmta4ylon001osciyy17mq5xc,Jardinplus,jardinplus,https://jardinplus.gr,https://jardinplus.gr/,NO_AUTO_SAFE_CANDIDATE,HEADER_IMAGE,367,https://jardinplus.gr/wp-content/uploads/2026/01/jardin-plus-logo-rect-300x60.png,img:no-lazy rey-mobileLogo no-lazy custom-logo-link jardin-plus-logo-rect,,,,
REVIEW,cmt8gzrhy000014iyuz59nurc,JD Sports Greece,jd-sports-greece,https://www.jdsports.gr,https://www.jdsports.gr/,NO_AUTO_SAFE_CANDIDATE,HEADER_IMAGE,334,https://www.jdsports.gr/themes/sleedex-jdsports/img/jd-desktop-logo.png,picture:img-responsive logo JD Sports,,,,
SAFE,cmta1f101000qq8iy6zg8n644,John-Andy,john-andy,https://john-andy.com,https://john-andy.com/,OFFICIAL_PAGE|HEADER_IMAGE|SAME_SITE_ASSET|IMAGE_VALIDATED,HEADER_IMAGE,334,https://john-andy.com/pub/media/logo/default/black-logo.png,img:logo store logo Store Logo,2dc3f149129fecdaf23b7d37352b7b55e4786c14ad6ae62f64cc960f34620e15,215,55,2688
REVIEW,cmta1ijt600d1q8iyxb82btou,Jonak,jonak,https://jonak.gr,https://www.jonak-paris.com/,WEBSITE_REDIRECTED_TO_DIFFERENT_DOMAIN,,,,,,,,
SAFE,cmtb6usit00253giy8h8i0quo,Joykidsboutique,joykidsboutique,https://joykidsboutique.gr,https://joykidsboutique.gr/,OFFICIAL_PAGE|JSONLD_LOGO|SAME_SITE_ASSET|IMAGE_VALIDATED,JSONLD_LOGO,243,https://joykidsboutique.gr/wp-content/uploads/2021/08/cropped-cropped-26734391_1421790857948886_438079455899787900_n.jpg,JSON-LD logo ImageObject,ecb9b9812db0a29e785cf62cbd0583242d1e009aff022124c01fd01ba9ffe7cd,718,686,39666
REVIEW,cmta1lv4500qrq8iyl55acy6j,Jthomedesign,jthomedesign,https://jthomedesign.gr,https://jthomedesign.gr/,NO_AUTO_SAFE_CANDIDATE,HEADER_IMAGE,333,https://jthomedesign.gr/wp-content/uploads/2017/01/cropped-jthome-logo-180x180.jpg,img:attachment-full size-full wd-logo wd-main-logo Site logo,,,,
SAFE,cmtb62lda000y94iy8kydp56s,Jukebooks,jukebooks,https://jukebooks.gr,https://jukebooks.gr/,OFFICIAL_PAGE|JSONLD_LOGO|SAME_SITE_ASSET|IMAGE_VALIDATED,JSONLD_LOGO,327,https://jukebooks.gr/images/brand/logo-wordmark.svg,JSON-LD logo property,57489ccf3d37b7f1f6185edcbf807f2a8f51ec293e7527bbd7235157844e6e99,128,20,3973
SAFE,cmta1n7io00vzq8iyfxit9wr6,Juniorkids,juniorkids,https://juniorkids.gr,https://juniorkids.gr/,OFFICIAL_PAGE|JSONLD_LOGO|SAME_SITE_ASSET|IMAGE_VALIDATED,JSONLD_LOGO,332,https://juniorkids.gr/wp-content/uploads/2024/07/junior-logo-blue.png,JSON-LD logo ImageObject,7321aff775317ff770bcb2fa3482d37263f0a58046ccb437968594970c17245b,1783,1012,428850
SAFE,cmta1lmlh00pvq8iyaxebdeaf,Justbrazilstore,justbrazilstore,https://justbrazilstore.gr,https://www.justbrazilstore.gr/,OFFICIAL_PAGE|HEADER_IMAGE|SAME_SITE_ASSET|IMAGE_VALIDATED,HEADER_IMAGE,367,https://www.justbrazilstore.gr/cdn/shop/files/justbrazil_logo_220x_2x_59f3d561-3f77-4ab3-b9e8-2701fe977423.png?v=1675366390&width=410,img:footer__logo header__heading-logo footer__logo-link link link--text focus-inset JUSTBRAZIL,936448d14c255c46d5238e1442019cb442ba4375f6b40a9bc888f5992b237ea2,410,162,7132
SAFE,cmt8l5uyt000c5giyccj0b6md,JYSK Greece,jysk-greece,https://jysk.gr,https://jysk.gr/,OFFICIAL_PAGE|HEADER_IMAGE|SAME_SITE_ASSET|IMAGE_VALIDATED,HEADER_IMAGE,364,https://jysk.gr/themes/custom/jysk_bootstrap/icons/static/jysk-logo.svg,img:logo-b2c logo rounded-0 JYSK,9b89f1bb8daa738b2cafcea2f23deff11e4058a03c9a610bcd55397a2a35f88f,69,32,1939
REVIEW,cmta1ik7f00d3q8iyf7dt49s1,K Skin,k-skin,https://k-skin.gr,https://k-skin.gr/,NO_AUTO_SAFE_CANDIDATE,HEADER_IMAGE,367,https://k-skin.gr/wp-content/uploads/2023/10/k-skin-logo-koreatika-kallintika-footer-150x75.png,img:attachment-full size-full wd-logo wd-main-logo Site logo K-Skin - Κορεάτικα Καλλυντικά,,,,
REVIEW,cmta1n82o00w1q8iyo9230d1u,Kaelego,kaelego,https://kaelego.gr,https://kaelego.gr/,NO_AUTO_SAFE_CANDIDATE,OG_IMAGE,114,https://kaelego.gr/wp-content/uploads/2024/04/image_2_transparent.png,og:image,,,,
REVIEW,cmtb784zj0068dkiyyectmiv6,Kakiasoptics,kakiasoptics,https://kakiasoptics.gr,https://kakiasoptics.gr/,NO_AUTO_SAFE_CANDIDATE,SITE_ICON,154,https://kakiasoptics.gr/wp-content/uploads/2015/05/logo-144x144-hi.png,link rel=apple-touch-icon-precomposed,,,,
SAFE,cmta1gp5q006lq8iyjgxm2ocf,Kaktos,kaktos,https://kaktos.gr,https://www.kaktos.gr/,OFFICIAL_PAGE|JSONLD_LOGO|SAME_SITE_ASSET|IMAGE_VALIDATED,JSONLD_LOGO,332,https://www.kaktos.gr/wp-content/uploads/2023/03/Kaktos_Logo.png,JSON-LD logo ImageObject,d453b2857c66407e434c010a6f80f382abc9d1a5be9a95e67791778331e477eb,500,281,21540
SAFE,cmta5npg5000s54iyijx1drw9,Kalina Concept Store,kalina-concept,https://kalinaconceptstore.gr,https://kalinaconceptstore.gr/,OFFICIAL_PAGE|HEADER_IMAGE|SAME_SITE_ASSET|IMAGE_VALIDATED,HEADER_IMAGE,296,https://kalinaconceptstore.gr/cdn/shop/files/Kalina_sfragida_1_.pdf_76fb4af1-e651-47b7-a407-e2385a153b32.jpg?v=1706821578&width=600,img:header__heading-logo motion-reduce header__heading-link link link--text focus-inset Kalina Concept Store,299566ca03922d321276cd5843faf15c937f0ca48f6f7bed376a86e5bc6b0bec,600,345,23184
REVIEW,cmta1ks4x00mhq8iydfmn5xou,Kalousos,kalousos,https://kalousos.gr,https://www.kalousos.gr/,NO_AUTO_SAFE_CANDIDATE,OG_IMAGE,98,https://www.kalousos.gr/storage/infocube_image_cache/1200x630/site-settings/seo_site_og_image/Artboard-9-100.jpg?ext=jpg&v=1307202202,og:image,,,,
REVIEW,cmta1gdkt005fq8iygplls487,Kanellopoulos,kanellopoulos,https://kanellopoulos.gr,https://kanellopoulos.gr/,NO_AUTO_SAFE_CANDIDATE,HEADER_IMAGE,367,https://kanellopoulos.gr/wp-content/uploads/2025/12/kanel-logo-2023-trans-bg-150x34.png,img:attachment-full size-full wd-logo wd-main-logo Site logo,,,,
REVIEW,cmta1lj2s00phq8iymc9sy8cd,Kantarzoglou,kantarzoglou,https://kantarzoglou.gr,https://www.kantarzoglou.gr/,NO_AUTO_SAFE_CANDIDATE,OG_IMAGE,98,https://www.kantarzoglou.gr/images/z21/z20_1/H001_INDEX.jpg?20210203233143,og:image,,,,
SAFE,cmta5nps0000u54iywzcctom5,Kantzos,kantzos,https://kantzos.gr,https://kantzos.gr/,OFFICIAL_PAGE|JSONLD_LOGO|SAME_SITE_ASSET|IMAGE_VALIDATED,JSONLD_LOGO,299,https://kantzos.gr/images/logo.png,JSON-LD logo property,b2d79db8a7181714100b304a86b29c51cb567d46dc6a1c5010f92b70d52b4d2b,550,99,34803
REVIEW,cmta1ikm200d5q8iyjh78fd8i,Karam Crete,karam-crete,https://karam-crete.gr,https://karam-crete.gr/,NO_AUTO_SAFE_CANDIDATE,HEADER_IMAGE,349,https://karam-crete.gr/wp-content/uploads/2021/12/karam-logo-WEB-RETINA.png,img:starting-logo skip-lazy default-logo logo Karam Crete Spa,,,,
REVIEW,cmtb6usvr00273giyadn7twqt,Karam Spa - Karam - Προϊόντα ευεξίας & ομορφιάς,karam-spa-karam-προιοντα-ευεξιας-and-ομορφιας,https://karam.gr,https://karam.gr/,NO_AUTO_SAFE_CANDIDATE,HEADER_IMAGE,349,https://karam.gr/wp-content/uploads/2021/02/KARAM-LOGO-RETINA.png,img:starting-logo dark-version skip-lazy default-logo logo Karam | Διαχείριση Spa - Προϊόντα ευεξίας & ομορφιάς,,,,
SAFE,cmta1n8ol00w3q8iydnya6cpm,Kare24,kare24,https://kare24.gr,https://www.kare24.gr/,OFFICIAL_PAGE|HEADER_IMAGE|SAME_SITE_ASSET|IMAGE_VALIDATED,HEADER_IMAGE,367,https://www.kare24.gr/images/logos/259/logo-kare.png,img:ty-pict  ty-logo-container__image lazyOwl  cm-image det_img_841490452,fbe6c291cae9f817c7832144099e12d19e797a03c90e5321cc7480ee8aca0b2d,250,45,3439
REVIEW,cmta1gpoa006nq8iyndgs0ihk,Kasparianjewels,kasparianjewels,https://kasparianjewels.gr,https://www.kasparianjewels.gr/,NO_AUTO_SAFE_CANDIDATE,HEADER_IMAGE,346,https://www.kasparianjewels.gr/themes/kasparian/img/svg/kasparian-logo.svg,img:black-logo blog-header-logo text-dark logo,,,,
SAFE,cmta4ymm6001ssciye2mig0rl,Katsudo,gift-voucher-katsudo,https://katsudo.gr,https://www.katsudo.gr/,OFFICIAL_PAGE|HEADER_IMAGE|SAME_SITE_ASSET|IMAGE_VALIDATED,HEADER_IMAGE,254,https://www.katsudo.gr/cdn/shop/files/Katsudo_logo.png?v=1746718144&width=640,"img:lazyload
logo-img

 unstyled-link header__logo header__logo--mobile Logo",7c324166932d8d6698ede980f8d86d241c71391d71816f2cb8d4e774d5620745,640,392,74812
SAFE,cmta1iltx00d7q8iyerhiz1p8,Kazi,kazi,https://kazi.gr,https://kazi.gr/,OFFICIAL_PAGE|HEADER_IMAGE|SAME_SITE_ASSET|IMAGE_VALIDATED,HEADER_IMAGE,351,https://kazi.gr/media/logo/websites/1/logo-4-2022-fina.jpg,img:logo store logo,fce097c300a3bc3849c47206e1e7a38ce6ed9c48e6be13b24e39fd7c4b9e5201,880,320,17185
SAFE,cmta1gq5h006pq8iykjpkbth5,Keriland,keriland,https://keriland.gr,https://www.keriland.gr/,OFFICIAL_PAGE|HEADER_IMAGE|SAME_SITE_ASSET|IMAGE_VALIDATED,HEADER_IMAGE,367,https://www.keriland.gr/wp-content/uploads/2025/02/keriland_logo-4-copy-1400x447.png,img:header_logo header-logo Keriland,bb1e465ed1043cfe918c399a850ba84533601733343f442c29cecc8a74199120,1400,447,38283
SAFE,cmta5nq4f000w54iy2r9hlw14,Keybooks,keybooks,https://keybooks.gr,https://keybooks.gr/,OFFICIAL_PAGE|JSONLD_LOGO|SAME_SITE_ASSET|IMAGE_VALIDATED,JSONLD_LOGO,244,https://keybooks.gr/wp-content/uploads/2020/05/favicon.png,JSON-LD logo ImageObject,6e64d5ed6dc524f87443bef6f7ff2bb3c6ca7444769716b3a42afc7ba20228c8,91,91,5113
REVIEW,cmta1fclq0020q8iyoxiqve8f,Kiddo World,kiddo-world,https://kiddoworld.gr,https://kiddoworld.gr/,NO_AUTO_SAFE_CANDIDATE,HEADER_IMAGE,294,https://kiddoworld.gr/wp-content/uploads/2024/07/cropped-Kiddo-World-2-100x100.png,img:custom-logo custom-logo-link Kiddo World,,,,
SAFE,cmtb62lqs001094iy882h0srt,Kids Garden,kids-garden,https://kidsgarden.gr,https://www.kidsgarden.gr/,OFFICIAL_PAGE|HEADER_IMAGE|SAME_SITE_ASSET|IMAGE_VALIDATED,HEADER_IMAGE,346,https://www.kidsgarden.gr/wp-content/uploads/2020/10/KIDS_GARDEN_LOGO-HORIZONTAL.svg,img:woodmart-logo woodmart-main-logo Kids Garden,391587582a30946e1607d1b88ee924e28e0e68c5b48906fb7ce031dae7c227ad,822,230,16152
SAFE,cmta4yn3z001usciyrd2sxl9u,Kidscom,kidscom,https://kidscom.gr,https://www.kidscom.gr/,OFFICIAL_PAGE|HEADER_IMAGE|SAME_SITE_ASSET|IMAGE_VALIDATED,HEADER_IMAGE,334,https://www.kidscom.gr/logo.png,img:h-[50px] w-[65px] xl:w-[91px] xl:h-[70px] logo Kidscom - logo,2bc724630200e8fb0a3cbd732ef5eb101e97902748d4ac089fc01d1bd9e7dfe2,340,260,4401
SAFE,cmta1im9000d9q8iy1y89wy7k,Kidsfashion,kidsfashion,https://kidsfashion.gr,https://kidsfashion.gr/,OFFICIAL_PAGE|HEADER_IMAGE|SAME_SITE_ASSET|IMAGE_VALIDATED,HEADER_IMAGE,312,https://kidsfashion.gr/wp-content/uploads/2020/04/kids_100.png,img: preload-me same-logo Η παιδική μόδα είναι εδώ | KidsFashion.gr,ee35e56c4db21bf3d6d48bfcd6b67030c847be25bc20d8aad21a5f164b2e16f5,266,100,6882
SAFE,cmta4ynjv001wsciy2ytkjc61,Kidsloveplanet,kidsloveplanet,https://kidsloveplanet.gr,https://www.kidsloveplanet.gr/,OFFICIAL_PAGE|HEADER_IMAGE|SAME_SITE_ASSET|IMAGE_VALIDATED,HEADER_IMAGE,346,https://www.kidsloveplanet.gr/wp-content/uploads/logo.svg,img:header_logo header-logo Kids Love Planet,a82100369c7d1a8e8786b65945d05b84981a9cbcedf4eb6dd1af1047a4045d17,2459,695,29683
REVIEW,cmt8l5vnt000h5giybb6cc2ff,KIKO,kiko,https://www.kikocosmetics.com,https://www.kikocosmetics.gr/,WEBSITE_REDIRECTED_TO_DIFFERENT_DOMAIN,,,,,,,,
SAFE,cmta1gal70051q8iym1bvqj47,Kikocosmetics,kikocosmetics,https://kikocosmetics.gr,https://www.kikocosmetics.gr/,OFFICIAL_PAGE|HEADER_IMAGE|SAME_SITE_ASSET|IMAGE_VALIDATED,HEADER_IMAGE,334,https://assets.kikocosmetics.gr/media/logo/default/kiko-logo-text.png,img:logo store logo,4819a7f2346f2079e720924a5c01ff417926166ad455b7c212d35cc20fc370b4,182,65,2578
ERROR,cmta1imn100dbq8iyn4nhj89a,Kikoo,kikoo,https://kikoo.gr,,fetch failed,,,,,,,,
REVIEW,cmta4yo13001ysciymb6f9yqy,Kitabu,kitabu,https://kitabu.gr,https://www.kitabu.gr/,NO_AUTO_SAFE_CANDIDATE,HEADER_IMAGE,263,https://www.kitabu.gr/cdn/shop/files/87D0D852-7CDB-468E-8BFE-433A05908317_%7Bwidth%7Dx.jpg?v=1667334451,img:lazyload HeaderLogo Kitabu Books & Toys,,,,
REVIEW,cmtb6utnu002b3giyor4hxvtf,Kivotos Oniron,kivotos-oniron,https://kivotosoniron.gr,https://www.kivotosoniron.gr/,NO_AUTO_SAFE_CANDIDATE,HEADER_IMAGE,367,https://www.kivotosoniron.gr/wp-content/uploads/2021/01/logos-teliko30.png,img:attachment-full size-full wd-logo wd-sticky-logo Κιβωτός Ονείρων - παιδικά & βρεφικά έπιπλα,,,,
REVIEW,cmta1n98100w5q8iy0xhceqej,Klotsotiras,klotsotiras,https://klotsotiras.gr,https://klotsotiras.gr/,NO_AUTO_SAFE_CANDIDATE,HEADER_IMAGE,349,https://klotsotiras.gr/wp-content/uploads/2025/06/logo-klotsotira-150x92.png,img:attachment-full size-full wd-logo wd-main-logo Λογότυπο ιστότοπου logo klotsotira,,,,
SAFE,cmta1in0q00ddq8iy9ou6k8vv,Kois Optics,kois-optics,https://kois-optics.gr,https://www.kois-optics.gr/el,OFFICIAL_PAGE|JSONLD_LOGO|SAME_SITE_ASSET|IMAGE_VALIDATED,JSONLD_LOGO,243,https://www.kois-optics.gr/themes/custom/twbase/img/kois_og_image.jpg,JSON-LD logo ImageObject,7b36d39e67cdd33ff4fdaac502ddba59a6b4f0198d83b1f880a530c14bc4b739,1200,630,26790
SAFE,cmta4yoic0020sciydktjw4ee,Kolbo,kolbo,https://kolbo.gr,https://kolbo.gr/,OFFICIAL_PAGE|HEADER_IMAGE|SAME_SITE_ASSET|IMAGE_VALIDATED,HEADER_IMAGE,349,https://kolbo.gr/cdn/shop/files/Kolbo_Logo.ai.png?v=1770617642,img:logo-img logo-img--mobile KOLBO,b0a5a031f9c45698c314925d7f97901412930a05ef16003195e8a57e053031d8,1040,1040,17716
SAFE,cmtb785d0006adkiy9cuj1fo5,Konstantinidis Dental,konstantinidis-gift-card-νο1-κεντρο-εμφυτευματων,https://konstantinidisdental.gr,https://www.konstantinidisdental.gr/,OFFICIAL_PAGE|HEADER_IMAGE|SAME_SITE_ASSET|IMAGE_VALIDATED,HEADER_IMAGE,334,https://www.konstantinidisdental.gr/wp-content/uploads/2022/09/cropped-logo-konstantinidis-dental-150x150.png,img:hfe-site-logo-img elementor-animation- elementor-clickable cropped-logo-konstantinidis-dental.png,42d59bcc14c5a4536531735be28213409244a321ed42420b8468c99208d1d4ef,150,150,24914
SAFE,cmta4yozb0022sciyzns4tscx,Koroneos,koroneos,https://koroneos.gr,https://koroneos.gr/,OFFICIAL_PAGE|HEADER_IMAGE|SAME_SITE_ASSET|IMAGE_VALIDATED,HEADER_IMAGE,334,https://koroneos.gr/wp-content/uploads/2019/06/logo.png,img:basel-logo basel-main-logo Koroneos - BREE,a354721541a18d2af16dff918b8a75c0d274ed59954cb08894dbfd00e32b71be,300,59,12264
SAFE,cmt8movdd00055ciyebq5kzv5,KORRES,korres,https://www.korres.com,https://www.korres.com/,OFFICIAL_PAGE|HEADER_IMAGE|SAME_SITE_ASSET|IMAGE_VALIDATED,HEADER_IMAGE,364,https://www.korres.com/cdn/shop/files/KORRES_Web_Logo_735750ed-2c98-490f-92bd-c513397e553a.svg?v=1744968261&width=600,img:header__heading-logo motion-reduce header__heading-link link link--text focus-inset KORRES,6e4ce7653defe565e23d4081a43c029326f88b786f3321b03105ae99c55304c9,110,20,5998
REVIEW,cmta1gqn9006rq8iyvkljeqr1,Kosmima24,kosmima24,https://kosmima24.gr,https://www.kosmima24.gr/,NO_AUTO_SAFE_CANDIDATE,SITE_ICON,84,https://www.kosmima24.gr/images/favicon.png,link rel=icon,,,,
ERROR,cmtb77x9d0056dkiyajiro2jy,Kosmimamakarezos,kosmimamakarezos,https://kosmimamakarezos.gr,,PAGE_HTTP_503,,,,,,,,
SAFE,cmta1g5ei004sq8iyj1nwtg24,Kotsovolos,kotsovolos,https://www.kotsovolos.gr,https://www.kotsovolos.gr/,OFFICIAL_PAGE|JSONLD_LOGO|SAME_SITE_ASSET|IMAGE_VALIDATED,JSONLD_LOGO,311,https://assets.kotsovolos.gr/assets-azure/logo.svg,JSON-LD logo property,64a32b23c751a383bb1686c8e0c5349853e095c0d6dd0659eca4bc5c84f609dd,192,30,3680
SAFE,cmta1ksot00mjq8iyvv8zc7up,Koukidabookstore,koukidabookstore,https://koukidabookstore.gr,https://koukidabookstore.gr/,OFFICIAL_PAGE|JSONLD_LOGO|SAME_SITE_ASSET|IMAGE_VALIDATED,JSONLD_LOGO,314,https://koukidabookstore.gr/wp-content/uploads/2020/08/Koukidabookstore_city_logo.png,JSON-LD logo ImageObject,2af28817e491d00122f87e724386a6eae53d81037d96573d07b792bb2c8826b4,1000,600,67887
REVIEW,cmtb6e0iy0002i4iyulmbamhy,Koumoulia,koumoulia,https://koumoulia.gr,https://www.koumoulia.gr/,NO_AUTO_SAFE_CANDIDATE,HEADER_IMAGE,334,https://www.koumoulia.gr/wp-content/uploads/2026/06/KOUMOULIA__logo-1-2.png,img:logo-mobile hidden-xl-up Koumoulia,,,,
REVIEW,cmta4ypfz0024sciyjcie77zg,Kounelis,kounelis,https://kounelis.com.gr,https://kounelis.com.gr/,NO_AUTO_SAFE_CANDIDATE,SITE_ICON,84,https://kounelis.com.gr/media/favicon/default/fav-kounelis.png,link rel=icon,,,,
SAFE,cmta1fl7h002qq8iyqkgcjboc,Kounio,kounio,https://kounio.gr,https://kounio.gr/,OFFICIAL_PAGE|HEADER_IMAGE|SAME_SITE_ASSET|IMAGE_VALIDATED,HEADER_IMAGE,346,https://kounio.gr/wp-content/uploads/2020/11/kounio_logo.svg,img:no-lazy custom-logo no-lazy custom-logo-link,141e6abda87ea1b1b9ca59a697d85eeb8668ebb80c31f0229709be480c9e79b2,150,54,6692
SAFE,cmtb6uu1q002d3giyiqvglssh,Kouskoufashionproject,kouskoufashionproject,https://kouskoufashionproject.gr,https://kouskoufashionproject.gr/,OFFICIAL_PAGE|HEADER_IMAGE|SAME_SITE_ASSET|IMAGE_VALIDATED,HEADER_IMAGE,312,https://kouskoufashionproject.gr/cdn/shop/files/Photoroom_20250505_121430.png?v=1746436619&width=670,img:logo__image logo__link Kouskou Fashion Project,620fd3ca5da96ec8bfcc476dd0981d6da3c9a63c9cebe52157f7f713792050c1,670,199,20490
REVIEW,cmta4ypwj0026sciy4fi1sgoa,Kovemykonos,kovemykonos,https://kovemykonos.gr,https://www.kovemykonos.gr/,NO_AUTO_SAFE_CANDIDATE,JSONLD_LOGO,131,https://www.kovemykonos.gr/wp-content/uploads/2026/05/LOGO-KOVE-AFFILIATION_WHITE.svg,JSON-LD logo ImageObject,,,,
SAFE,cmta1n9sv00w7q8iypja3wgnv,Krikisbeauty,krikisbeauty,https://krikisbeauty.gr,https://krikisbeauty.gr/,OFFICIAL_PAGE|HEADER_IMAGE|SAME_SITE_ASSET|IMAGE_VALIDATED,HEADER_IMAGE,279,https://krikisbeauty.gr/wp-content/uploads/2022/11/-new-e1668070902816.png,img:wd-logo wd-main-logo https://krikisbeauty.gr/,2f41719aa17a8670dc9c95235d39a02c4329640e57fd4b5112f12515365d553c,452,308,21233
SAFE,cmta5nqh1000y54iyttktep8j,krokodila,krokodila,https://krokodila.gr,https://krokodila.gr/,OFFICIAL_PAGE|HEADER_IMAGE|SAME_SITE_ASSET|IMAGE_VALIDATED,HEADER_IMAGE,312,https://krokodila.gr/cdn/shop/files/Krokodila_Krokodilos_Hand_Dark_NEW_bigger.png?v=1776782210&width=600,img:header__heading-logo motion-reduce header__heading-link link link--text focus-inset krokodila,3fe706de2c2e37fe4aa81226189e1a3e6ffdb987f04f0f602fc98fbf49240019,600,149,9294
REVIEW,cmt79ifor000t84iywm22uls1,Kulina,kulina,https://kulina.gr,https://www.kulina.gr/,NO_AUTO_SAFE_CANDIDATE,SITE_ICON,68,https://www.kulina.gr/favicon.ico,link rel=shortcut icon,,,,
REVIEW,cmta4yqce0028sciyc74lfd4c,Kurlandspa,kurlandspa,https://kurlandspa.gr,https://www.kurlandspa.gr/,NO_AUTO_SAFE_CANDIDATE,HEADER_IMAGE,367,https://www.kurlandspa.gr/wp-content/themes/onelife-child/images/kurland-medical-logo.png,img:header-image Kurland logo,,,,
SAFE,cmtb78ea6007hdkiyxf19o1su,Kymasurf,kymasurf,https://kymasurf.gr,https://kymasurf.gr/,OFFICIAL_PAGE|HEADER_IMAGE|SAME_SITE_ASSET|IMAGE_VALIDATED,HEADER_IMAGE,333,https://kymasurf.gr/wp-content/uploads/2024/08/kyma-logo.jpg#14572,img:logo-wrapper kyma-logo,437f52aabc0e8f50c425717f45f125b45db5b6d7596dbf1796e5b236e076f7d6,768,768,40345
REVIEW,cmtb77axg001ydkiyrprc62wi,LA Travel,travel-gift-voucher,https://latravel.gr,https://www.latravel.gr/,NO_AUTO_SAFE_CANDIDATE,HEADER_IMAGE,367,https://www.latravel.gr/wp-content/themes/yootheme/cache/logo-horizontal-1057eb89.png,img:uk-navbar-item uk-logo L.A. Travel,,,,
SAFE,cmta1kt4w00mlq8iy3tq5c7f9,Laaloo,laaloo,https://laaloo.gr,https://laaloo.gr/,OFFICIAL_PAGE|HEADER_IMAGE|SAME_SITE_ASSET|IMAGE_VALIDATED,HEADER_IMAGE,279,https://laaloo.gr/wp-content/uploads/2025/02/teliko.png,img:logo main-logo navbar-brand-link teliko,701f70ce8accddf1608d6bd53982f98384f080901dd8682fe0ef611f26563648,360,301,8876
SAFE,cmta1lvlc00qtq8iy7oxh3lbo,Ladolea,ladolea,https://ladolea.gr,https://ladolea.gr/,OFFICIAL_PAGE|HEADER_IMAGE|SAME_SITE_ASSET|IMAGE_VALIDATED,HEADER_IMAGE,312,https://ladolea.gr/wp-content/uploads/2021/07/ladolea_black.png,img:img-responsive navbar-brand Ladolea.gr logo,79c817fc65d5e3025db0b89d25595b0ab534af5f5f476e0dc5a6d66fb0622c38,378,100,2481
ERROR,cmta1nacs00w9q8iybfp66av1,Lalita,lalita,https://lalita.gr,,fetch failed,,,,,,,,
SAFE,cmta1grl4006tq8iy8pmzmbvn,Laloo,laloo,https://laloo.gr,https://laloo.gr/el/,OFFICIAL_PAGE|HEADER_IMAGE|SAME_SITE_ASSET|IMAGE_VALIDATED,HEADER_IMAGE,351,https://assets.laloo.gr/img/logo-1761214831.jpg,img:logo img-fluid Laloo Cosmetics,640fbaaeaeeb53fd65721540800843913bebe0170a82bbc5d19864dc6272a97a,202,50,5228
REVIEW,cmta1ineu00dfq8iyw5mpx7lq,Lamillou,lamillou,https://lamillou.gr,https://lamillou.gr/,NO_AUTO_SAFE_CANDIDATE,HEADER_IMAGE,279,https://lamillou.gr/wp-content/themes/mg_space/images/vrefika-idi-la-millou-mobile.png,img:logo-mobile logo,,,,
REVIEW,cmta4yqui002asciybmogsikp,Lanuit,lanuit,https://lanuit.gr,https://lanuit.gr/,NO_AUTO_SAFE_CANDIDATE,HEADER_IMAGE,367,https://lanuit.gr/wp-content/uploads/2023/10/logo-header-300x158.png,img:lazyload qodef-header-logo-image qodef--main qodef-header-logo-link qodef-height--set qodef-source--image logo main,,,,
REVIEW,cmt8l5wpa000m5giyp8dgrnvd,Lapin House,lapin-house,https://www.lapinkids.com,https://www.lapinkids.com/,STRONG_CANDIDATE_REJECTED|ASSET_HTTP_404,JSONLD_LOGO,299,https://www.lapinkids.com/static/version1787573813/frontend/Elegento/lapinkids/el_GR/images/logo.png,JSON-LD logo ImageObject,,,,
REVIEW,cmta1ldb100ovq8iysbonr92k,Laura Ashley,lauraashleyshop,https://lauraashleyshop.gr,https://www.lauraashleyshop.gr/,NO_AUTO_SAFE_CANDIDATE,HEADER_IMAGE,334,https://www.lauraashleyshop.gr/cdn/shop/files/Logo_New_180x.png?v=1738867353,img:medium-up--hide site-header__logo-link Laura Ashley Greece,,,,
REVIEW,cmta1inss00dhq8iyw9qwdt58,Lav Perfumes,lav-perfumes,https://lav-perfumes.gr,https://www.lav-perfumes.gr/,NO_AUTO_SAFE_CANDIDATE,HEADER_IMAGE,367,http://www.lav-perfumes.gr/wp-content/uploads/2024/09/logo300.png,img:qodef-normal-logo logo,,,,
SAFE,cmtb6uusr002h3giyhmaoqygo,Lavalmore,lavalmore,https://lavalmore.gr,https://lavalmore.gr/,OFFICIAL_PAGE|HEADER_IMAGE|SAME_SITE_ASSET|IMAGE_VALIDATED,HEADER_IMAGE,367,https://lavalmore.gr/wp-content/uploads/yootheme/cache/60/lavalmore_logo-60418e00.png,img:uk-logo Back to home Lavalmore,cdcb0299d6189e7b3ee231126d2c2f4ebad87f3aa60efdd5032b81fdbfc2f831,160,41,2174
REVIEW,cmtb6uv5z002j3giyrs2r2dys,Laviejewelry,laviejewelry,https://laviejewelry.gr,https://www.laviejewelry.gr/,NO_AUTO_SAFE_CANDIDATE,HEADER_IMAGE,333,https://www.laviejewelry.gr/cdn/shop/files/new_logo_la_vie_ZOOM_250x.jpg?v=1633985799,img:header__heading-logo header__heading-link link link--text focus-inset La Vie Jewelry,,,,
SAFE,cmta5nqv3001054iy0ijpm7zg,Lazoptics,lazoptics,https://lazoptics.gr,https://lazoptics.gr/,OFFICIAL_PAGE|JSONLD_LOGO|SAME_SITE_ASSET|IMAGE_VALIDATED,JSONLD_LOGO,332,https://lazoptics.gr/wp-content/uploads/2021/12/lazoptics_logo_transparent_1200.png,JSON-LD logo ImageObject,381692bde2d71d026d16f378beb5c19c62380f3313984f07470e33fd30412d59,1024,205,58594
REVIEW,cmta4yrb8002csciyx2ses6du,Leatherstudio,leatherstudio,https://leatherstudio.gr,https://www.leatherstudio.gr/,NO_AUTO_SAFE_CANDIDATE,HEADER_IMAGE,294,https://www.leatherstudio.gr/cdn/shop/files/leather_studio_posts_p.png?v=1731835158&width=1890,img:header__logo-image leatherstudio.gr,,,,
REVIEW,cmta1ioc400djq8iyrvz4q898,Led7,led7,https://led7.gr,https://led7.gr/,NO_AUTO_SAFE_CANDIDATE,HEADER_IMAGE,351,https://led7.gr/wp-content/uploads/2025/04/logo-led7-1024x585.png.webp,img:attachment-full size-full wd-logo wd-main-logo Site logo logo led,,,,
SAFE,cmta1iorq00dlq8iy37pygft9,Legacyapparel,legacyapparel,https://legacyapparel.gr,https://www.legacyapparel.gr/,OFFICIAL_PAGE|HEADER_IMAGE|SAME_SITE_ASSET|IMAGE_VALIDATED,HEADER_IMAGE,367,https://www.legacyapparel.gr/cdn/shop/files/main-logo.png?height=60&v=1769178343,img:header-logo__image size-style spacing-style header-logo Legacy Apparel | Premium Sportswear & Fitness Clothing,ac6d39a91e5f87f24c44ca361fac908af6fa1db3a738941965dc23965b1a15a5,217,60,18959
REVIEW,cmtb7r18u0000u8iyfdfhu3mf,LEGO Store Greece,lego,https://lego.storegreece.gr,https://www.lego.storegreece.gr/,NO_AUTO_SAFE_CANDIDATE,HEADER_IMAGE,193,https://lego.azureedge.net/images/76x76/jpg/Lego/Content/Media/logo.jp2,picture:Lego Logo,,,,
REVIEW,cmta1ip6g00dnq8iyjbt7h7l0,Lemassage,lemassage,https://lemassage.gr,https://lemassage.gr/,NO_AUTO_SAFE_CANDIDATE,HEADER_IMAGE,312,https://lemassage.gr/wp-content/uploads/2025/06/1-150x50.png,img:attachment-full size-full wd-logo wd-sticky-logo,,,,
REVIEW,cmtb6uvje002l3giyocz5baab,LemonTreeKids - Χάρισε Αγάπη!,lemontreekids-χαρισε-αγαπη,https://lemontreekids.gr,https://lemontreekids.gr/,NO_AUTO_SAFE_CANDIDATE,SITE_ICON,99,https://lemontreekids.gr/wp-content/uploads/2021/05/image_2021-05-08_142122.png,link rel=icon,,,,
SAFE,cmt79ig8y000z84iye5bnelem,Lentiamo,lentiamo,https://lentiamo.gr,https://www.lentiamo.gr/,OFFICIAL_PAGE|JSONLD_LOGO|SAME_SITE_ASSET|IMAGE_VALIDATED,JSONLD_LOGO,311,https://www.lentiamo.gr/dist/front/img/logos/lentiamo.cachehashcb70abf1.svg,JSON-LD logo property,51aed9e74de422497e8d63c1974383d232f5831c35aa826e863b88fd7e16e5bd,531,100,3161
SAFE,cmta1lw1x00qvq8iywodveun9,Lentijewelry,lentijewelry,https://lentijewelry.gr,https://lentijewelry.gr/,OFFICIAL_PAGE|HEADER_IMAGE|SAME_SITE_ASSET|IMAGE_VALIDATED,HEADER_IMAGE,279,https://lentijewelry.gr/wp-content/uploads/2025/10/daf6e478-67b4-4d0a-a6da-06df602b6481.png,img:wd-logo wd-main-logo Site logo Lenti Jewelry,f764ce33edbe02f2ce7eacfb02bfc8cf1c029abe41391f26ec7294606a17b2cc,402,461,153873
SAFE,cmtb62m4n001294iygolu5aid,Leparfum,leparfum,https://leparfum.com.gr,https://leparfum.com.gr/el/,OFFICIAL_PAGE|HEADER_IMAGE|SAME_SITE_ASSET|IMAGE_VALIDATED,HEADER_IMAGE,333,https://leparfum.com.gr/img/le-parfum-essence-by-shobi-logo-1603013322.jpg,img:logo img-fluid Shobi Perfumery | Αρωματοπωλείο,fb79823f95b3b58893f8ffc65868f89b7f50f371f8f98bd2504dd857259e8997,144,144,5062
REVIEW,cmta1fs7o003gq8iylqjn4ind,LIAKOPOULOS Brands Store,liakopoulos-brands,https://liakopoulos-store.gr,https://liakopoulos-store.gr/,NO_AUTO_SAFE_CANDIDATE,HEADER_IMAGE,132,https://liakopoulos-store.gr/wp-content/uploads/2024/05/liakopoulos-brands-store-white-150x24.webp,img:attachment-full size-full wd-logo wd-main-logo Site logo,,,,
SAFE,cmta1ipm700dpq8iya27suf5z,Liberal,liberal,https://liberal.gr,https://www.liberal.gr/,OFFICIAL_PAGE|HEADER_IMAGE|SAME_SITE_ASSET|IMAGE_VALIDATED,HEADER_IMAGE,361,https://www.liberal.gr/themes/custom/liberal_theme/img/liberal_logo.svg,img:w-100 pb-md-3 Liberal logo,ffe4e48a20f6489f38696cc9f92a298cbf6005bb2ee8f8da7a4b92dc4249a848,200,120,15390
SAFE,cmta1ev3i0004q8iy1n4b8yf3,Lidl Greece,lidl,https://lidl-hellas.gr,https://www.lidl-hellas.gr/,OFFICIAL_PAGE|JSONLD_LOGO|SAME_SITE_ASSET|IMAGE_VALIDATED,JSONLD_LOGO,311,https://www.lidl-hellas.gr/cdn/assets/logos/1.0.0/logo.svg,JSON-LD logo property,d49ff220dd6b17ca8660ed574b5664cc1cc7fec1ca0751057659dc10f3f30d54,60,60,1751
SAFE,cmta1m9x600sdq8iy493ubroz,Lidon,lidon,https://lidon.gr,https://lidon.gr/,OFFICIAL_PAGE|HEADER_IMAGE|SAME_SITE_ASSET|IMAGE_VALIDATED,HEADER_IMAGE,279,https://lidon.gr/wp-content/uploads/2024/12/lidon.png,img:wd-logo wd-main-logo Λογότυπο ιστοτόπου Lidon Jewellery,81e21fadf778fc436b0f73b4b4c632a2a21e912f342c60e3e3f78730215f7c35,800,361,6986
REVIEW,cmta1iq0x00drq8iyuw328r82,Lilidrogerie,lilidrogerie,https://lilidrogerie.gr,https://lilidrogerie.gr/,NO_AUTO_SAFE_CANDIDATE,SITE_ICON,84,https://lilidrogerie.gr/image/catalog/lili/apple-icon-114x114.png,link rel=icon,,,,
REVIEW,cmtb6uvw3002n3giyqr9kvyec,Linson Moto,200,https://linsonmoto.gr,https://linsonmoto.gr/,NO_AUTO_SAFE_CANDIDATE,OG_IMAGE,169,https://linsonmoto.gr/image/catalog/Redesign/mobilelogo.png,og:image,,,,
SAFE,cmta1mahb00sfq8iy9eyvpktm,Littlesubmarine,littlesubmarine,https://littlesubmarine.gr,https://www.littlesubmarine.gr/,OFFICIAL_PAGE|HEADER_IMAGE|SAME_SITE_ASSET|IMAGE_VALIDATED,HEADER_IMAGE,334,https://www.littlesubmarine.gr/wp-content/uploads/2025/11/Little_Submarine_Logo_Orange.png,img:sp-standard-logo sp-logo logo Little Submarine,c5187071c0e569d935cadf5cf995e0d6311bb684935fd968f2168d6d73a22ff1,688,234,13965
REVIEW,cmta5nr81001254iy1l0ypsfm,Londonboutique,londonboutique,https://londonboutique.gr,https://www.londonboutique.gr/,NO_AUTO_SAFE_CANDIDATE,SITE_ICON,-44,https://lb-12648.kxcdn.com/wp-content/uploads/fbrfg/apple-touch-icon.png,link rel=apple-touch-icon,,,,
REVIEW,cmtb78cqm0079dkiyfu94f14d,Lonis Tattoo Studio,lts-gift-card-καρτα-δωρου,https://tattooathens.gr,https://tattooathens.gr/,NO_AUTO_SAFE_CANDIDATE,HEADER_IMAGE,263,https://tattooathens.gr/&type=webp,picture:uk-logo Back to home,,,,
SAFE,cmta1natm00wbq8iy80s82kmo,Lonsdale,lonsdale,https://lonsdale.gr,https://www.lonsdale.gr/el/,OFFICIAL_PAGE|HEADER_IMAGE|SAME_SITE_ASSET|IMAGE_VALIDATED,HEADER_IMAGE,334,https://www.lonsdale.gr/images/thumbs/006/0066155_logo_lonsdale.png,img:logo Lonsdale Hellas,fba27ed882cc8fa95cbdda830a6bc19d1500a6824ab76ea696c6f7d21b7cd067,223,100,4750
SAFE,cmtb77bbd0020dkiyyi6uurk8,Lookshop,super-dad,https://lookshop.gr,https://lookshop.gr/,OFFICIAL_PAGE|HEADER_IMAGE|SAME_SITE_ASSET|IMAGE_VALIDATED,HEADER_IMAGE,346,https://lookshop.gr/static/version1787836994/frontend/MainSys/Lookshop/el_GR/images/logo.svg,img:logo store logo,ff634748fcd3132b84974ce2b3fe054b2454ac502d89f2ed2108b76b811d6649,242,65,6910
REVIEW,cmtb786e3006fdkiy6hw4fu1j,Loriot,loriot,https://loriot.gr,https://www.loriot.gr/,NO_AUTO_SAFE_CANDIDATE,JSONLD_LOGO,283,https://www.loriot.gr/image/cache/wp/gp/loriot-logo-green-700x400-300x300.webp,JSON-LD logo property,,,,
REVIEW,cmtb62mh5001494iy7orcdxt0,Lousma,lousma,https://lousma.gr,https://lousma.gr/,NO_AUTO_SAFE_CANDIDATE,SITE_ICON,99,https://lousma.gr/wp-content/uploads/2023/01/cropped-lousma-site-icon-192x192.png,link rel=icon,,,,
NONE,cmta5nrkx001454iy2e3ktvtk,Love It,love-it,https://love-it.gr,https://www.love-it.gr/,NO_LOGO_CANDIDATE,,,,,,,,
REVIEW,cmta1lwkp00qxq8iy6ru4k5k3,Lovefashionpoint,lovefashionpoint,https://lovefashionpoint.gr,https://lovefashionpoint.gr/,NO_AUTO_SAFE_CANDIDATE,HEADER_IMAGE,334,https://lovefashionpoint.gr/wp-content/uploads/2024/04/web_logo_24.png,img:wd-logo wd-main-logo Site logo Love Shoes,,,,
SAFE,cmta4ys8n002gsciyy5fep0lh,Lovelykids,lovelykids,https://lovelykids.gr,https://www.lovelykids.gr/,OFFICIAL_PAGE|JSONLD_LOGO|SAME_SITE_ASSET|IMAGE_VALIDATED,JSONLD_LOGO,299,https://www.lovelykids.gr/image/cache/catalog/journal3/logo/final/Heart-design-green-3600-3600x1600.png,JSON-LD logo property,3aa3264e3c5f0cabe6a813eaccf80896e940f02313737e96e5a85f330552a91b,3600,1600,95806
REVIEW,cmta1ln0z00pxq8iyjhjzyywx,Lu Eur,lu-eur,https://lu-eur.gr,https://www.lu-eur.gr/,NO_AUTO_SAFE_CANDIDATE,JSONLD_LOGO,281,https://www.lu-eur.gr/wp-content/uploads/logo-200x66.png,JSON-LD logo property,,,,
REVIEW,cmta1nba500wdq8iyj8n4yj7q,Lucejewelry,lucejewelry,https://lucejewelry.gr,https://www.lucejewelry.gr/,NO_AUTO_SAFE_CANDIDATE,OG_IMAGE,-29,"https://static.wixstatic.com/media/84c261_36539994e1c64d849787f831293c3153%7Emv2.png/v1/fit/w_2500,h_1330,al_c/84c261_36539994e1c64d849787f831293c3153%7Emv2.png",og:image,,,,
REVIEW,cmta1ktlv00mnq8iym8klu36r,Luckytravel,luckytravel,https://luckytravel.gr,https://www.luckytravel.gr/,NO_AUTO_SAFE_CANDIDATE,SITE_ICON,99,https://www.luckytravel.gr/wp-content/uploads/2024/04/cropped-Untitled-design-2024-05-10T142812.432-192x192.png,link rel=icon,,,,
SAFE,cmta1iqf100dtq8iyrfwkidvs,Luigi,luigi,https://luigi.com.gr,https://www.luigi.com.gr/,OFFICIAL_PAGE|HEADER_IMAGE|SAME_SITE_ASSET|IMAGE_VALIDATED,HEADER_IMAGE,291,https://www.luigi.com.gr/images/photos/iumhkqnnzo.svg,img:luigi_logo LUIGI,f28ce83e26b29d48d4b77ac6f54620eb8019546c290e9a0cc96ee7db110cc82f,891,273,1068
SAFE,cmta4ysow002isciyqqph3225,Lumiere,lumiere,https://lumiere.com.gr,https://lumiere.com.gr/,OFFICIAL_PAGE|HEADER_IMAGE|SAME_SITE_ASSET|IMAGE_VALIDATED,HEADER_IMAGE,367,https://lumiere.com.gr/cdn/shop/files/logo-lumiere.png?v=1725098021&width=1305,img:header__logo-image,9f15962a1ce6dfc23c3bfc23ee97f961c210ef6fb891c680234d54229b9324fe,1305,280,7544
SAFE,cmtb6uw8m002p3giys5rg198s,LUMINA - Κέντρο Αισθητικής - Ηράκλειο,lumina-κεντρο-αισθητικης-ηρακλειο,https://lumina.gr,https://lumina.gr/,OFFICIAL_PAGE|HEADER_IMAGE|SAME_SITE_ASSET|IMAGE_VALIDATED,HEADER_IMAGE,367,https://lumina.gr/wp-content/uploads/2023/10/logo-lumina.png,img:custom-logo lazyload custom-logo-link Lumina Kέντρο Αισθητικής,073e6ec2dd1c286a1061a614767b6d20a7077da5018528901707cab46240091b,300,58,4826
REVIEW,cmta1lx1n00qzq8iyn1ngi4z8,Lurehouse,lurehouse,https://lurehouse.gr,https://www.lurehouse.gr/,NO_AUTO_SAFE_CANDIDATE,SITE_ICON,68,https://www.lurehouse.gr/assets/website23/favicon.ico,link rel=shortcut icon,,,,
SAFE,cmta1ku2j00mpq8iynyyfszz0,Luvnroll,luvnroll,https://luvnroll.com,https://luvnroll.com/,OFFICIAL_PAGE|HEADER_IMAGE|SAME_SITE_ASSET|IMAGE_VALIDATED,HEADER_IMAGE,312,https://luvnroll.com/wp-content/uploads/2021/02/LNR-HEART-1.png,img:qodef-header-logo-image qodef--main lazyload qodef-header-logo-link qodef-height--set logo main,d3de967475a504f3b71fbda9e8195569bfe6b0698aa583cd6801deb49f00ddcc,1771,433,36864
SAFE,cmtb787mq006ldkiy4ez5pxns,luxurycandle.gr,luxurycandle-gr,https://luxurycandles.gr,https://luxurycandles.gr/,OFFICIAL_PAGE|HEADER_IMAGE|SAME_SITE_ASSET|IMAGE_VALIDATED,HEADER_IMAGE,279,https://luxurycandles.gr/wp-content/uploads/2025/09/output-onlinepngtools.png,img:wd-logo wd-main-logo Luxury Candles,7531984b79af8e8309c25c5816cb978f119a310ce034ec3d33c515823c3931a7,3206,1131,40837
SAFE,cmta1k97b00kbq8iyhvxhjjn4,Luxurylivingspa,luxurylivingspa,https://luxurylivingspa.gr,https://luxurylivingspa.gr/,OFFICIAL_PAGE|HEADER_IMAGE|SAME_SITE_ASSET|IMAGE_VALIDATED,HEADER_IMAGE,334,https://luxurylivingspa.gr/wp-content/uploads/2022/03/logo_luxury_spa.png,img:qodef-header-logo-image qodef--main qodef-header-logo-link qodef-height--not-set qodef-source--image logo main,1a88d9c88807fa936986497fe791d4cb8aa15d6998b6b79f2050a1ed4497c7d6,115,111,61700
SAFE,cmta1nbsx00wfq8iyt9ivk3w3,Luxurymassage,luxurymassage,https://luxurymassage.gr,https://luxurymassage.gr/,OFFICIAL_PAGE|JSONLD_LOGO|SAME_SITE_ASSET|IMAGE_VALIDATED,JSONLD_LOGO,314,http://luxurymassage.gr/wp-content/uploads/2024/12/logo-4.png,JSON-LD logo ImageObject,0ac5331d35aa4973a4ca92c99af8f48bacf8157a522bd3f9740e503bf61d5def,250,250,43789
SAFE,cmta1lxjy00r1q8iykm9y0ik4,Luxusbags,luxusbags,https://luxusbags.gr,https://luxusbags.gr/,OFFICIAL_PAGE|HEADER_IMAGE|SAME_SITE_ASSET|IMAGE_VALIDATED,HEADER_IMAGE,379,https://luxusbags.gr/wp-content/uploads/2023/07/LuxusBags-logo.svg,img:Image link LuxusBags-logo,0386ec9f4ebae9a100a4c2b32c0fb2c5ed305c8e9799c00719643bd25067928b,240,25,3173
SAFE,cmtb7r3vw000cu8iymcg5xfjl,LVK Premium Fitness,lvk-premium-fitness,https://lvk.ufr.gr,https://lvk.ufr.gr/,OFFICIAL_PAGE|HEADER_IMAGE|SAME_SITE_ASSET|IMAGE_VALIDATED,HEADER_IMAGE,334,https://lvk.ufr.gr/wp-content/themes/insiderrestaurant-child/img/main/site_email_head_logo.png,img:navmenu-brand Γυμναστήριο LVK PREMIUM FITNESS Ν. Σμύρνη,f5f53ed5f71f38f37ccfd0705292e2432e40adaf56ed575b451dc28ea879132c,500,150,20473
ERROR,cmtb7r49p000eu8iycsuq1r0y,MAC Cosmetics Greece,mac-cosmetics,https://maccosmetics.gr,,PAGE_HTTP_403,,,,,,,,
REVIEW,cmta5nrxg001654iyoybl2dln,Madeofglass,madeofglass,https://madeofglass.gr,https://madeofglass.gr/,NO_AUTO_SAFE_CANDIDATE,OG_IMAGE,114,http://madeofglass.gr/cdn/shop/files/favicon_ed8bdd32-57fa-4328-ad8b-2574936dfaf9.png?v=1764575952,og:image,,,,
SAFE,cmta1iqt900dvq8iyj67rl5o9,Magnoliabeauty,magnoliabeauty,https://magnoliabeauty.gr,https://magnoliabeauty.gr/,OFFICIAL_PAGE|HEADER_IMAGE|SAME_SITE_ASSET|IMAGE_VALIDATED,HEADER_IMAGE,334,https://magnoliabeauty.gr/images/logo_magnoliabeauty_s.png,img:logo-image  d-none d-lg-inline-block magnoliabeauty.gr,df6796a4e87a96e3a9b8f548aeb6a21b091d21b158c97f2d016e536193830034,1000,212,36785
SAFE,cmta1ir7c00dxq8iyxs2apzyw,Maiarea,maiarea,https://maiarea.gr,https://maiarea.gr/,OFFICIAL_PAGE|JSONLD_LOGO|SAME_SITE_ASSET|IMAGE_VALIDATED,JSONLD_LOGO,298,https://maiarea.gr/wp-content/uploads/2025/03/cropped-logo-quad.jpg,JSON-LD logo ImageObject,e4c3bbd19965a8ca9fd30a5b11e28f9c070dd47b00e8e8ea4290dd6136f00be4,512,512,16311
SAFE,cmta1nc9g00whq8iya07rnw9x,Maisonnette,maisonnette,https://maisonnette.gr,https://maisonnette.gr/,OFFICIAL_PAGE|HEADER_IMAGE|SAME_SITE_ASSET|IMAGE_VALIDATED,HEADER_IMAGE,312,https://maisonnette.gr/wp-content/uploads/2021/04/maisonnette.png,img:nm-logo maisonnette.gr,f1a7024d0addec6a2b78bd7f4153eb7acd61e480a3e284da2079832a2a46b48a,999,224,43324
REVIEW,cmtb78ft1007pdkiylxlrso3f,Make a gift,make-a-gift,https://simclub.gr,https://simclub.gr/,NO_AUTO_SAFE_CANDIDATE,SITE_ICON,93,https://www.simclub.gr/wp-content/uploads/2022/02/favicon.svg,link rel=icon,,,,
REVIEW,cmta1irlx00dzq8iyibvdxody,Makenzy,makenzy,https://makenzy.gr,https://makenzy.gr/,NO_AUTO_SAFE_CANDIDATE,JSONLD_LOGO,332,https://makenzy.gr/wp-content/uploads/2019/07/makenzy-transparent-header-logo.png,JSON-LD logo ImageObject,,,,
SAFE,cmta1mb2f00shq8iyruklpxok,Mamagalia,mamagalia,https://mamagalia.gr,https://mamagalia.gr/,OFFICIAL_PAGE|HEADER_IMAGE|SAME_SITE_ASSET|IMAGE_VALIDATED,HEADER_IMAGE,294,https://mamagalia.gr/cdn/shop/files/MAMAGALIA_RGB_c77bd6b2-a6a4-4d3c-bbf1-7db120e3e776.png?v=1693405831&width=2922,img:header__logo-image Mama Galia,7ef837a03b7830a767e8f49b0fa4863ee94388a97ba8d0b7cce08c94c8a75000,2922,1923,41014
REVIEW,cmta1fzxf004aq8iyfun99cy2,Mandellos Sports,mandellos-sports,https://mandellossports.gr,https://www.mandellossports.gr/,NO_AUTO_SAFE_CANDIDATE,OG_IMAGE,169,https://www.mandellossports.gr/image/catalog/man-logo.png,og:image,,,,
ERROR,cmta1is0q00e1q8iyq80c6tz9,Mango,mango,https://mango.com,,PAGE_HTTP_403,,,,,,,,
REVIEW,cmta1gs4h006vq8iydzfivov7,Maniashome,maniashome,https://maniashome.gr,https://maniashome.gr/,NO_AUTO_SAFE_CANDIDATE,JSONLD_LOGO,332,https://maniashome.gr/wp-content/uploads/maniashome-logo-R-WD-header.png,JSON-LD logo ImageObject,,,,
REVIEW,cmtb77bot0022dkiyc1z2at3w,Manicurious,manicurious,https://manicurious.gr,https://www.manicurious.gr/,NO_AUTO_SAFE_CANDIDATE,SITE_ICON,-60,https://static.wixstatic.com/media/755fac_7ec05a4f6377404f9de15e00f14a58c7%7Emv2.jpg/v1/fill/w_192%2Ch_192%2Clg_1%2Cusm_0.66_1.00_0.01/755fac_7ec05a4f6377404f9de15e00f14a58c7%7Emv2.jpg,link rel=icon,,,,
SAFE,cmta1k0hw00jbq8iy1thovlmy,Mantastravel,mantastravel,https://mantastravel.gr,https://mantastravel.gr/,OFFICIAL_PAGE|HEADER_IMAGE|SAME_SITE_ASSET|IMAGE_VALIDATED,HEADER_IMAGE,334,https://mantastravel.gr/wp-content/uploads/2024/11/cropped-mantas-logo_2.png,img:navbar-brand Ταξιδιωτικό Γραφείο Mantas Travel Κόρινθος,4b5079ca92cc98135ed04975cb01ab61b0161e724ed7a89c74503d39094b2a85,576,116,39291
SAFE,cmta1f4vo0014q8iynmm618rd,Mar & Mar,mar-and-mar,https://marandmar.gr,https://www.marandmar.gr/,OFFICIAL_PAGE|HEADER_IMAGE|SAME_SITE_ASSET|IMAGE_VALIDATED,HEADER_IMAGE,333,https://www.marandmar.gr/img/marandmar-logo-1613915464.jpg,img:logo header_logo_img flex-container align-items-center w-100 h-100,efdc1a756624b6477a9048eee1ab9f441f005ef73abd5ad7d49381244dd55dce,315,138,3849
REVIEW,cmta1isf400e3q8iyxulrv2jo,Maralcrafts,maralcrafts,https://maralcrafts.gr,https://maralcrafts.gr/,NO_AUTO_SAFE_CANDIDATE,HEADER_IMAGE,333,https://maralcrafts.gr/wp-content/uploads/2025/04/MARAL-CRAFTS-LOGO-4-1200x1529.jpg,img:wd-logo wd-main-logo Site logo Maral,,,,
SAFE,cmta1gsoo006xq8iylrtu8eo9,Marandmarjewelry,marandmarjewelry,https://marandmarjewelry.gr,https://marandmarjewelry.gr/,OFFICIAL_PAGE|JSONLD_LOGO|SAME_SITE_ASSET|IMAGE_VALIDATED,JSONLD_LOGO,299,https://marandmarjewelry.gr/cdn/shop/files/logo.png?v=1729631976&width=500,JSON-LD logo property,1990841a77dfb8e4c530a94fe9ecd0befa35362234c47285f1921c0249d3f576,500,65,5076
SAFE,cmta1gt4j006zq8iyoei66p5q,Marilynboutique,marilynboutique,https://marilynboutique.gr,https://www.marilynboutique.gr/,OFFICIAL_PAGE|HEADER_IMAGE|SAME_SITE_ASSET|IMAGE_VALIDATED,HEADER_IMAGE,334,https://www.marilynboutique.gr/images/logo.png,img:logo3  img-responsive Marilyn Boutique,ca094d39fbb7aae14989cb05aafcfa629fabc276d370444e9f78f2b4bb1928d6,600,100,6208
REVIEW,cmta1ncpn00wjq8iycnzwalcq,Marinetours,marinetours,https://marinetours.gr,https://marinetours.gr/,NO_AUTO_SAFE_CANDIDATE,HEADER_IMAGE,111,https://marinetours.gr/wp-content/uploads/2021/01/light-bg-wide-1.svg,img:logo-main scale-with-grid svg logo logo MT,,,,
SAFE,cmta1nd8500wlq8iyt3qqsq3s,Marinospor,marinospor,https://marinospor.gr,https://marinospor.gr/,OFFICIAL_PAGE|HEADER_IMAGE|SAME_SITE_ASSET|IMAGE_VALIDATED,HEADER_IMAGE,367,https://marinospor.gr/media/logo/default/logo_new-edited-res.png,img:logo store logo Marinospor,a9048cf46291f1bff22bac127809fcb7a5c4be502f4c4300488fcd4975bd672f,234,66,3331
SAFE,cmta1ists00e5q8iybr7fmy1d,Marketfix,marketfix,https://marketfix.gr,https://marketfix.gr/,OFFICIAL_PAGE|HEADER_IMAGE|SAME_SITE_ASSET|IMAGE_VALIDATED,HEADER_IMAGE,334,https://marketfix.gr/wp-content/uploads/2022/03/logosmal.png,img:site-logo Marketfix.gr,ba6c5a43085995e7a7e379044e2f85adc12ed19aa956ee2371172814c51f00d9,154,33,873
SAFE,cmta1kukj00mrq8iywb70hzkf,Marose,marose,https://marose.gr,https://marose.gr/,OFFICIAL_PAGE|JSONLD_LOGO|SAME_SITE_ASSET|IMAGE_VALIDATED,JSONLD_LOGO,332,https://marose.gr/wp-content/uploads/2023/09/marose-logo-header.png,JSON-LD logo ImageObject,0752c964bb46efc53b96db976db43e5724da2af3d3c184efa2b05079c88da5ba,320,88,3196
SAFE,cmta422r00007t8iylbv8h6ft,Martin Tailored,martin-tailored,https://martin-tailored.gr,https://martin-tailored.gr/,OFFICIAL_PAGE|HEADER_IMAGE|SAME_SITE_ASSET|IMAGE_VALIDATED,HEADER_IMAGE,334,https://martin-tailored.gr/wp-content/themes/porto/images/logo/logo_footer.png,img:lazyload img-responsive Site Logo Martin & Co – Ανδρική Ένδυση,2c405f7cfdd9f8b4123ecf22263e38a1235a387ffa9411d1e00050cb7d2db12e,222,100,1780
REVIEW,cmta1ndv800wnq8iy7gxgk4rq,Masazaki,masazaki,https://masazaki.gr,https://masazaki.gr/,NO_AUTO_SAFE_CANDIDATE,SITE_ICON,99,https://masazaki.gr/wp-content/uploads/2025/02/cropped-Untitled-design-2021-11-14T112416.186-192x192.png,link rel=icon,,,,
SAFE,cmtb7i3a3001504iyg9dda4td,Massage Gift Cards Kefalonia,massage-gift-cards-kefalonia,https://massage4kefalonia.com,https://massage4kefalonia.com/,OFFICIAL_PAGE|HEADER_IMAGE|SAME_SITE_ASSET|IMAGE_VALIDATED,HEADER_IMAGE,349,https://massage4kefalonia.com/images/logo.png,img:nav-logo-img nav-logo 4 Elements Massage,48e9b7a714fe35db7389f482811fa30a407d4f2495c066275eb504ce7937b7e5,120,120,8467
SAFE,cmtb77dz2002edkiyhwhmrr7j,Massage Gift Vouchers in Chania,massage-gift-vouchers-in-chania,https://nirvana-massage.gr,https://www.nirvana-massage.gr/,OFFICIAL_PAGE|HEADER_IMAGE|SAME_SITE_ASSET|IMAGE_VALIDATED,HEADER_IMAGE,349,https://www.nirvana-massage.gr/wp-content/uploads/2026/03/NIRVANA-Mobile-Menu-Logo-PNG-retina.png,img:elementor-widget-cmsmasters-site-logo__retina-img elementor-widget-cmsmasters-site-logo-main elementor-widget-cmsmasters-site-logo__link NIRVANA,c06eaa4dc65c1cf79b57eb1b1639d369f8854a70865fed5081b5b8afb361ac4b,600,420,61692
SAFE,cmta5nsp6001a54iy8w9nska0,Massage για Χαλάρωση & Ευεξία - Magic Hands,massage-για-χαλαρωση-and-ευεξια-magic-hands,https://magichands.gr,https://magichands.gr/,OFFICIAL_PAGE|HEADER_IMAGE|SAME_SITE_ASSET|IMAGE_VALIDATED,HEADER_IMAGE,334,https://magichands.gr/assets/images/google_logo.png,img:mobile-google-badge__logo Δείτε τις Google κριτικές Google,074c857a4727309254aa09a25d1235129f1c7e0969759228499f83a58950fe30,812,828,88423
REVIEW,cmta1k9oy00kdq8iyubxex9ur,Massageinn,massageinn,https://massageinn.gr,https://massageinn.gr/,NO_AUTO_SAFE_CANDIDATE,HEADER_IMAGE,334,https://massageinn.gr/wp-content/uploads/2025/01/Logo_website-scaled.png,img:logo-black Υπηρεσίες μασάζ στη Θεσσαλονίκη | Massage Inn,,,,
REVIEW,cmta1nedk00wpq8iy6r51tuyw,Massagejoy,massagejoy,https://massagejoy.gr,https://massagejoy.gr/,NO_AUTO_SAFE_CANDIDATE,SITE_ICON,99,https://massagejoy.gr/apple-touch-icon.png,link rel=apple-touch-icon,,,,
REVIEW,cmta1lxzg00r3q8iyk2zswrtf,Massaha,massaha,https://massaha.gr,https://www.massaha.gr/,NO_AUTO_SAFE_CANDIDATE,OG_IMAGE,-45,"https://static.wixstatic.com/media/1046ee_5ca0982e8b874cd2bdaedfc5e806eb76~mv2.jpg/v1/fill/w_1000,h_1000,al_c/1046ee_5ca0982e8b874cd2bdaedfc5e806eb76~mv2.jpg",og:image,,,,
SAFE,cmta1fc0l001yq8iyu8niunrq,Mastorino,mastorino,https://mastorino.gr,https://mastorino.gr/,OFFICIAL_PAGE|HEADER_IMAGE|SAME_SITE_ASSET|IMAGE_VALIDATED,HEADER_IMAGE,367,https://mastorino.gr/cdn/shop/files/mastorino_logo_w.png?v=1767003082&width=640,img:logo header__logo--desktop md:block hidden h3 relative flex header__logo--image Mastorino,2a4dfb89c7f9d42d73b7b3094f2e4ee9268665d3436a08c9fea4d64003dc07ac,500,125,10287
REVIEW,cmta1it7x00e7q8iyoinm2cbt,Materiaprima,materiaprima,https://materiaprima.gr,https://materiaprima.gr/,STRONG_CANDIDATE_REJECTED|IMAGE_DIMENSIONS_TOO_SMALL:29x18,HEADER_IMAGE,346,https://materiaprima.gr/wp-content/uploads/materia-logo.svg,img:attachment-full size-full wp-image-134 materiaprima logo,,,,
SAFE,cmta1kv1b00mtq8iyleswt0cj,Mathimatamageirikis,mathimatamageirikis,https://mathimatamageirikis.gr,https://www.mathimatamageirikis.gr/el/,OFFICIAL_PAGE|HEADER_IMAGE|SAME_SITE_ASSET|IMAGE_VALIDATED,HEADER_IMAGE,346,https://www.mathimatamageirikis.gr/templates/qnvd/images/logo.svg,img:d-inline-block align-top w-100 navbar-brand text-hide d-none d-lg-block d-xl-none Μαθήματα Μαγειρικής Logo,d182ebbdae91bf54559f796ca0db49590ff1e5bc6b1be1c601be47f2abc544db,1806,320,43816
REVIEW,cmtb7i3od001704iyv17vpx8j,MATI Santorini,mati-santorini,https://matiartgallery.com,https://matiartgallery.com/,STRONG_CANDIDATE_REJECTED|IMAGE_DIMENSIONS_TOO_SMALL:17x17,HEADER_IMAGE,334,https://matiartgallery.com/wp-content/themes/mati/assets/images/logo_small.png,img:header__logo MATI,,,,
REVIEW,cmta4yt64002ksciy3tound9j,Mavri Thalassa,mavri-thalassa,https://mavri-thalassa.gr,https://mavri-thalassa.gr/,NO_AUTO_SAFE_CANDIDATE,SITE_ICON,99,https://mavri-thalassa.gr/wp-content/uploads/2023/05/favicon-256x256-1.png,link rel=icon,,,,
SAFE,cmta1itlq00e9q8iy1bb28dtt,Mavrogiannistravel,mavrogiannistravel,https://mavrogiannistravel.gr,https://www.mavrogiannistravel.gr/,OFFICIAL_PAGE|HEADER_IMAGE|SAME_SITE_ASSET|IMAGE_VALIDATED,HEADER_IMAGE,367,https://www.mavrogiannistravel.gr/new/wp-content/uploads/2016/04/mavrogiannis-travel-logo-1.png,img:mkdf-normal-logo logo,df27a1e929575c3bcbb3bbc1e326c2898f79fe55109e1c955f4625764e9cb69a,345,86,28992
REVIEW,cmta1itzx00ebq8iyerir1tmb,Maziotisjewels,maziotisjewels,https://maziotisjewels.gr,https://www.maziotisjewels.gr/,NO_AUTO_SAFE_CANDIDATE,OG_IMAGE,-45,"https://static.wixstatic.com/media/e99dae_bf562667b0f74b26a36ffa4c7b012c47~mv2.jpg/v1/fill/w_2000,h_1270,al_c/e99dae_bf562667b0f74b26a36ffa4c7b012c47~mv2.jpg",og:image,,,,
SAFE,cmta1iuec00edq8iyhj3hjosj,Mdi,mdi,https://mdi.gr,https://www.mdi.gr/,OFFICIAL_PAGE|JSONLD_LOGO|SAME_SITE_ASSET|IMAGE_VALIDATED,JSONLD_LOGO,281,https://www.mdi.gr/image/cache/catalog/journal3/crop/logo-130x72.png,JSON-LD logo property,301b25fbfebbaf17012c5d93821ff9a5e466884190793ff06b67037508fdf290,130,72,26902
SAFE,cmta1g1ae004cq8iy2qx2dl1u,Me and Joe,me-and-joe,https://meandjoe.com,https://www.meandjoe.com/,OFFICIAL_PAGE|HEADER_IMAGE|SAME_SITE_ASSET|IMAGE_VALIDATED,HEADER_IMAGE,349,https://www.meandjoe.com/cdn/shop/files/Me_Joe-logo-black-200x60-2.png?v=1737884468&width=200,img:header__logo-image ME AND JOE,f9758f3f336fb26d8ce730ea5d6afc022c83d88a673618b7d9a53614c316578d,200,60,2893
SAFE,cmta1ka4i00kfq8iykvii8j6b,Medi Shop,medi,https://medi-shop.gr,https://www.medi-shop.gr/el/,OFFICIAL_PAGE|HEADER_IMAGE|SAME_SITE_ASSET|IMAGE_VALIDATED,HEADER_IMAGE,351,https://cdnc.medi-shop.gr/img/prestashop-logo-1586624286.jpg,img:logo Medi-Shop,f7838570bbb0993f126c9da9c04bb86503d690b92b378bfe55de505cea6839df,800,152,26264
SAFE,cmta1ius600efq8iyfvl8spkg,Medithea Eshop,medithea,https://medithea-eshop.gr,https://www.medithea-eshop.gr/,OFFICIAL_PAGE|HEADER_IMAGE|SAME_SITE_ASSET|IMAGE_VALIDATED,HEADER_IMAGE,334,https://www.medithea-eshop.gr/cdn/shop/files/Color_logo_-_no_background.png?v=1756909708&width=600,img:header__heading-logo motion-reduce header__heading-link link link--text focus-inset MEDITHEA EShop,03fea69bd32bf7aa95b49cb036ddcf621d09fdfd5c129d27a0063743dd3488db,600,409,18814
SAFE,cmta1nev900wrq8iyf4pa423f,Mediwellkalamata,mediwellkalamata,https://mediwellkalamata.gr,https://www.mediwellkalamata.gr/,OFFICIAL_PAGE|HEADER_IMAGE|SAME_SITE_ASSET|IMAGE_VALIDATED,HEADER_IMAGE,334,https://www.mediwellkalamata.gr/wp-content/uploads/2014/07/Logo-asimi-copy-1-300x143.png,"img:logo_standard Mediwell Kalamata, Skin Care & Laser Center",0f65c50a09db0fd783e2b4c0f176d0df8d9160a26a5fbc971b1b2e6870835aa5,300,143,21861
REVIEW,cmta4yto2002msciy14cp15ty,Megafitness,megafitness,https://megafitness.gr,https://www.megafitness.gr/,NO_AUTO_SAFE_CANDIDATE,HEADER_IMAGE,367,https://www.megafitness.gr/image/cache/catalog/logos/Layer_1-480x104-480x104.png,img:header-logo MegaFitness.gr,,,,
SAFE,cmta1lyko00r5q8iy6k39klty,Meijewelry,meijewelry,https://meijewelry.gr,https://meijewelry.gr/,OFFICIAL_PAGE|HEADER_IMAGE|SAME_SITE_ASSET|IMAGE_VALIDATED,HEADER_IMAGE,334,https://meijewelry.gr/wp-content/uploads/2024/05/Mei-Logo.png,img:wd-logo wd-main-logo Site logo Mei Jewelry,4873153fecc993901ea3731d1e7d32c5fd1b45555c3e7ddd3c3dc197c3302155,287,195,10912
REVIEW,cmta1kakx00khq8iyslhuttfv,Melispa,melispa,https://melispa.gr,https://www.melispa.gr/,NO_AUTO_SAFE_CANDIDATE,SITE_ICON,99,https://www.melispa.gr/_melispa/favicon/apple-touch-icon.png,link rel=apple-touch-icon,,,,
SAFE,cmtb77c2z0024dkiyyehncw02,Melissinos Sandals,melissinos-sandals,https://melissinos-sandals.gr,https://www.melissinos-sandals.gr/,OFFICIAL_PAGE|HEADER_IMAGE|SAME_SITE_ASSET|IMAGE_VALIDATED,HEADER_IMAGE,318,https://www.melissinos-sandals.gr/images/logo2.jpg,img:gkLogo Melissinos Sandals™,602341bc4ca47ee25062988a3e0818e20aeb7cd9e54efc7ed7a35f03d1801224,300,150,37186
SAFE,cmta1nfha00wtq8iyf1tgqx91,Mellifora,mellifora,https://mellifora.gr,https://mellifora.gr/,OFFICIAL_PAGE|HEADER_IMAGE|SAME_SITE_ASSET|IMAGE_VALIDATED,HEADER_IMAGE,367,https://mellifora.gr/cdn/shop/files/logoEconomy_e72ef24b-dfe6-4223-bd9d-daf04125473e.png?v=1631462020&width=600,img:header__heading-logo motion-reduce header__heading-link link link--text focus-inset Mellifora,1a34de3e485a5580d06f47d17e0e5400179a16deec31dd945010ad90c3bd7fa4,600,151,19831
SAFE,cmtb788uq006rdkiyhzvz6h0k,Melloncollection,melloncollection,https://melloncollection.gr,https://melloncollection.gr/,OFFICIAL_PAGE|JSONLD_LOGO|SAME_SITE_ASSET|IMAGE_VALIDATED,JSONLD_LOGO,277,https://melloncollection.gr/wp-content/uploads/2024/02/cropped-mellon_transparent-black.png,JSON-LD logo ImageObject,d3807ab31df6a0a004cba13aefbff80e302e4f22243dbe151f8eadf012372f3f,600,144,2503
REVIEW,cmtb6uwls002r3giyio8hx1ft,MELODY-SPA,melody-spa,https://melody-spa.gr,https://melody-spa.gr/,NO_AUTO_SAFE_CANDIDATE,HEADER_IMAGE,379,https://melody-spa.gr/_astro/logo.BvI3Tu3Y_NJiX0.svg,img:logo navbar-brand logo,,,,
SAFE,cmta1iv6400ehq8iy0sl0k8i0,Melrose,melrose,https://melrose.gr,https://melrose.gr/,OFFICIAL_PAGE|JSONLD_LOGO|SAME_SITE_ASSET|IMAGE_VALIDATED,JSONLD_LOGO,332,https://melrose.gr/wp-content/uploads/2021/06/MELROSE-LOGO-black.png,JSON-LD logo ImageObject,6d037353206579a0ba5ed73b38954b891ab3bc68532af990ff8e244664d192a9,1600,377,59906
REVIEW,cmta1kb0g00kjq8iy0xb4lwrk,Mentortravel,mentortravel,https://mentortravel.gr,https://www.mentortravel.gr/,NO_AUTO_SAFE_CANDIDATE,SITE_ICON,99,https://www.mentortravel.gr/wp-content/uploads/2024/04/cropped-favicon-192x192.png,link rel=icon,,,,
REVIEW,cmta1farm001uq8iy5u8qjn4c,Mentzos,mentzos,https://mentzos.gr,https://www.mentzos.gr/,NO_AUTO_SAFE_CANDIDATE,HEADER_IMAGE,346,https://www.mentzos.gr/image/0/100/mentzos_logo_gold.svg,img:d-block Mentzos Κόσμημα - Ρολόι Logo,,,,
SAFE,cmtb7hzks000m04iybzukfa8e,Mercato,mercato-monetary-gift-card,https://fourseasonsastirpalacehotelathens.giftpro.co.uk,https://fourseasonsastirpalacehotelathens.giftpro.co.uk/,OFFICIAL_PAGE|HEADER_IMAGE|SAME_SITE_ASSET|IMAGE_VALIDATED,HEADER_IMAGE,261,https://images.giftpro.co.uk/original/750x200/95226045-532e-47d2-9835-a2395972130d.png,img:site_header_logo-img site_header_logo-link Return to Four Seasons Astir Palace Hotel Athens home page,8d7430acac545174343362e1fc749319fce381717a2843d361e4e6f50caf051b,320,200,17549
REVIEW,cmta1gdyu005hq8iyxhsfkl7v,Metaixmio,metaixmio,https://metaixmio.gr,https://www.metaixmio.gr/el,NO_AUTO_SAFE_CANDIDATE,SITE_ICON,99,https://www.metaixmio.gr/android-chrome-192x192.png,link rel=icon,,,,
REVIEW,cmta1ivjq00ejq8iyaeb0cjud,Mfbeautysalon,mfbeautysalon,https://mfbeautysalon.gr,https://www.mfbeautysalon.gr/,NO_AUTO_SAFE_CANDIDATE,SITE_ICON,123,https://www.mfbeautysalon.gr/assets/images/logo-opt.webp,link rel=shortcut icon,,,,
SAFE,cmta1ivy000elq8iy2l2t9htl,Mfdayspa,mfdayspa,https://mfdayspa.gr,https://www.mfdayspa.gr/,OFFICIAL_PAGE|HEADER_IMAGE|SAME_SITE_ASSET|IMAGE_VALIDATED,HEADER_IMAGE,349,https://www.mfdayspa.gr/wp-content/uploads/mf-day-spa-logo.png,img:img-responsive standard-logo retina-logo MF DAY SPA,51b56676f56da444efeb8c24e7c810fa92172d28b4a11ebcd7bed59f563d124e,165,104,10949
SAFE,cmta1iwc000enq8iyn9pudu3y,Mgjewels,mgjewels,https://mgjewels.gr,https://mgjewels.gr/,OFFICIAL_PAGE|JSONLD_LOGO|SAME_SITE_ASSET|IMAGE_VALIDATED,JSONLD_LOGO,298,https://mgjewels.gr/wp-content/uploads/2025/06/cropped-logo-scaled-1.jpg,JSON-LD logo ImageObject,8db9aa5c9fa1838c75d2bd8dc622aeba23c948121ae6afd368b52eb23a443666,512,512,18692
REVIEW,cmta4yu3q002osciyu5jetmw1,Mgsound,mgsound,https://mgsound.gr,https://www.mgsound.gr/,NO_AUTO_SAFE_CANDIDATE,HEADER_IMAGE,349,https://www.mgsound.gr/wp-content/uploads/2023/02/cropped-mgsound-logo-N-1-1024x962.png,img: lazy  custom-logo custom-logo-link Bringing your event to life with unforgettable sound and lighting experiences. #eventsmanagement #djs #weddingparties,,,,
SAFE,cmta1iwph00epq8iyrz9rtzzn,Michanossport,michanossport,https://michanossport.gr,https://www.michanossport.gr/?language=el,OFFICIAL_PAGE|JSONLD_LOGO|SAME_SITE_ASSET|IMAGE_VALIDATED,JSONLD_LOGO,299,https://www.michanossport.gr/images/logo.png,JSON-LD logo property,f88464cdc1bcc3e3d2f2328f8753d094f05aff4097d1f56dfe4864a4ae17aa76,234,53,5975
SAFE,cmt8o9uxp000530iyeisee5nm,Microsoft,microsoft,https://www.microsoft.com,https://www.microsoft.com/el-gr,OFFICIAL_PAGE|HEADER_IMAGE|SAME_SITE_ASSET|IMAGE_VALIDATED,HEADER_IMAGE,279,https://uhf.microsoft.com/images/microsoft/RE1Mu3b.png,img:uhf-microsoft-logo Microsoft Microsoft,112fec798b78aa02e102a724b5cb1990c0f909bc1d8b7b1fa256eab41bbc0960,216,46,4054
SAFE,cmtb62q36001o94iy9pslcwu1,Mideast,mideast,https://online.mideast.gr,https://online.mideast.gr/,OFFICIAL_PAGE|HEADER_IMAGE|SAME_SITE_ASSET|IMAGE_VALIDATED,HEADER_IMAGE,279,https://online.mideast.gr/wp-content/uploads/2023/06/online2.png,img:logo hidden-xs Online Services,21294f03800ebcb18f1ec3d58be377f8a8beb724c83bea53af342b135fe4b929,229,142,8546
SAFE,cmta1ix3800erq8iyqmw3lkc2,Mikelidis,mikelidis,https://mikelidis.gr,https://www.mikelidis.gr/,OFFICIAL_PAGE|HEADER_IMAGE|SAME_SITE_ASSET|IMAGE_VALIDATED,HEADER_IMAGE,367,https://www.mikelidis.gr/images/logos/8/mikelidiskosmima_trimmed.png,img:ty-pict  ty-logo-container__image   cm-image det_img_510037794 Mikelidis Jewelry,d2bda62df5d3566eb5b4c444af6356fa46dd5199204ed5cca54c5c4e036507d1,165,34,6917
SAFE,cmta4yuk6002qsciynl51tmrl,Milosnails,milosnails,https://milosnails.gr,https://milosnails.gr/,OFFICIAL_PAGE|HEADER_IMAGE|SAME_SITE_ASSET|IMAGE_VALIDATED,HEADER_IMAGE,263,https://milosnails.gr/wp-content/uploads/2025/05/Milos-nails.webp,img:img-logotype dark-logotype Site Logotype Dark,bb2d9570e8a9a321e67b9322d9c64683463e064d42c261715b3921aca8ac6eed,300,166,19102
REVIEW,cmta1kvjj00mvq8iyls0u7fx1,Mimadastimargarita,mimadastimargarita,https://mimadastimargarita.gr,https://mimadastimargarita.gr/,NO_AUTO_SAFE_CANDIDATE,HEADER_IMAGE,367,https://mimadastimargarita.gr/wp-content/uploads/2021/04/logo-300x121.png,img:attachment-full size-full w-image-h Σύνδεσμος logo,,,,
REVIEW,cmtb7i26i000z04iyas90sthl,Mindful Touch,massage-gift-card-by-mindful-touch-in-chania-crete,https://massage-crete.com,https://massage-crete.com/,NO_AUTO_SAFE_CANDIDATE,SITE_ICON,50,https://massage-crete.com/Massage%20Crete%20Chania,link rel=icon,,,,
REVIEW,cmtb6uwyz002t3giyzb40c9mw,Miniature Shoes,miniature-shoes,https://miniatureshoes.gr,https://miniatureshoes.gr/,NO_AUTO_SAFE_CANDIDATE,HEADER_IMAGE,367,https://miniatureshoes.gr/wp-content/uploads/2020/03/cropped-logo-1-300x108.png,img:neve-site-logo skip-lazy brand Miniature Shoes Παιδικά παπούτσια,,,,
ERROR,cmta1nfxp00wvq8iy71vxcbpb,Minotavros,minotavros,https://minotavros.gr,,fetch failed,,,,,,,,
REVIEW,cmta1ixh000etq8iyrstbzf45,Misa,misa,https://misa.gr,https://www.misa.gr/,STRONG_CANDIDATE_REJECTED|ASSET_HTTP_404,HEADER_IMAGE,334,https://www.misa.gr/quality_auto/MISA%20LOGO.png,img:gRkIq0 sFiSiq img_comp-joymbfg8 apPOZK MISA LOGO,,,,
SAFE,cmtb6uxcb002v3giygaluzdri,MissYandME,missyandme,https://missyandme.gr,https://missyandme.gr/,OFFICIAL_PAGE|HEADER_IMAGE|SAME_SITE_ASSET|IMAGE_VALIDATED,HEADER_IMAGE,312,https://missyandme.gr/wp-content/uploads/2025/02/missyme-site-1400x420.png,img:header_logo header-logo MissYandME,1729c0b3bc44d613c985b63456cc9749897adbe71de9105eef57413f3957f9d9,1400,420,17693
SAFE,cmta1lz7x00r7q8iy3t92x3aw,Mistridis,mistridis,https://mistridis.gr,https://www.mistridis.gr/,OFFICIAL_PAGE|HEADER_IMAGE|SAME_SITE_ASSET|IMAGE_VALIDATED,HEADER_IMAGE,346,https://www.mistridis.gr/wp-content/uploads/2021/11/logo.svg,img:custom-logo custom-logo-link pharmacy_logo,13f1fca0b64759410b93acf9b679263fa0af4ff72ddf1cbd80f2e3c2cc9a391a,107,153,7684
SAFE,cmtb77cfx0026dkiyp3b4iz9q,Mix & Match,digital-gift-card,https://mixandmatch.gr,https://mixandmatch.gr/,OFFICIAL_PAGE|HEADER_IMAGE|SAME_SITE_ASSET|IMAGE_VALIDATED,HEADER_IMAGE,334,https://mixandmatch.gr/wp-content/uploads/2024/03/logo-FINAL-LETTERMARK.png,img:wd-logo wd-main-logo Site logo Mix & Match,828098188a738fb05fed84539dd39d1b014f3a7576169b427f3ad9b47c5cd509,1147,169,66669
SAFE,cmta1kvzh00mxq8iyki8p745z,Mocannella,mocannella,https://mocannella.gr,https://www.mocannella.gr/,OFFICIAL_PAGE|JSONLD_LOGO|SAME_SITE_ASSET|IMAGE_VALIDATED,JSONLD_LOGO,311,https://www.mocannella.gr/logo.svg,JSON-LD logo ImageObject,a3185d6e633169cf071557e8ff5d7c5a70b02865d612e68b86e0045be819a895,280,70,17512
REVIEW,cmta1ixuq00evq8iyfw77ryfl,Moelian,moelian,https://moelian.gr,https://www.moelian.gr/,NO_AUTO_SAFE_CANDIDATE,OG_IMAGE,-29,"https://static.wixstatic.com/media/22c144_251042051ed04b6fb824caafab244086~mv2.png/v1/fill/w_1200,h_630,al_c/22c144_251042051ed04b6fb824caafab244086~mv2.png",og:image,,,,
REVIEW,cmta1iy9o00exq8iyeaxubcr1,Molliashoes,molliashoes,https://molliashoes.gr,https://molliashoes.gr/,NO_AUTO_SAFE_CANDIDATE,HEADER_IMAGE,333,https://molliashoes.gr/wp-content/uploads/2021/02/Logo_Mollia-257x300.jpg,img:custom-logo custom-logo-link Logo Mollia,,,,
SAFE,cmtikaqcc0001csiy7aine7eg,Monkees of Athens,monkees-of-athens,https://monkeesofathens.com,https://monkeesofathens.com/,OFFICIAL_PAGE|HEADER_IMAGE|SAME_SITE_ASSET|IMAGE_VALIDATED,HEADER_IMAGE,367,https://monkeesofathens.com/cdn/shop/files/athens_web_logo.png?v=1752496220&width=1200,img:image__img header__logo-link Monkee's of Athens,71a35cb43faef48033e57adb5af62d5709908bb02ae666dcab1ae1eb2217ac53,1200,240,30034
REVIEW,cmta1ngg900wxq8iydd7r7q9n,Moomoo,moomoo,https://moomoo.gr,https://www.moomoo.gr/,NO_AUTO_SAFE_CANDIDATE,HEADER_IMAGE,334,https://www.moomoo.gr/images/logo-mob-1.png,img:logo-image  MOOMOO,,,,
SAFE,cmta4yv1u002ssciyt1ac0eqm,Moonboon,moonboon,https://moonboon.gr,https://moonboon.gr/,OFFICIAL_PAGE|HEADER_IMAGE|SAME_SITE_ASSET|IMAGE_VALIDATED,HEADER_IMAGE,367,https://moonboon.gr/cdn/shop/files/Logo_03_black_NEW.png?v=1753695142,img:logoimg logolink Moonboon,ab7c9dfc1fb1b4c05b847a5d8caac563a0a49f70b708a4b293a0cb38a2aa583a,1357,416,15118
SAFE,cmtb62muj001694iyt47baoy5,Morethanthis,morethanthis,https://morethanthis.gr,https://morethanthis.gr/,OFFICIAL_PAGE|HEADER_IMAGE|SAME_SITE_ASSET|IMAGE_VALIDATED,HEADER_IMAGE,312,https://morethanthis.gr/cdn/shop/files/morethanthis_signage_1.25.png?v=1750322487&width=1920,img:header__logo-image,00454d69469f25f77634c529c3812a5b8192f85f6ebf3bb331c83d3f6d73149a,1920,344,65872
SAFE,cmta1nh0t00wzq8iy8gdyp1w2,Morfibeauty,morfibeauty,https://morfibeauty.gr,https://www.morfibeauty.gr/,OFFICIAL_PAGE|HEADER_IMAGE|SAME_SITE_ASSET|IMAGE_VALIDATED,HEADER_IMAGE,367,https://www.morfibeauty.gr/wp-content/uploads/2021/01/newlogo240.png,img:img-responsive zozo-mobile-standard-logo navbar-brand Morfi Beauty,39e65eede651980b43b64984f7c2f3a4395a170132ef1be8c624969a544125dc,239,57,4458
REVIEW,cmt8l5xt6000r5giy4sk5grv8,Mothercare Greece,mothercare-greece,https://www.mothercare.gr,https://www.mothercare.gr/,NO_AUTO_SAFE_CANDIDATE,SITE_ICON,99,https://www.mothercare.gr/assets/apple-touch-icon.png,link rel=apple-touch-icon,,,,
REVIEW,cmta4yvij002usciy1kfciozl,Motoholics e,motoholics-e,https://motoholics.gr,https://motoholics.gr/,NO_AUTO_SAFE_CANDIDATE,OG_IMAGE,114,https://motoholics.gr/images/uploaded/profile_fb_insta_1000.png,og:image,,,,
SAFE,cmtb62n7j001894iyq85t2bse,Motorparts,motorparts,https://motorparts.com.gr,https://www.motorparts.com.gr/el/,OFFICIAL_PAGE|HEADER_IMAGE|SAME_SITE_ASSET|IMAGE_VALIDATED,HEADER_IMAGE,336,https://www.motorparts.com.gr/img/motorpartscomgr-logo-1600249705.jpg,img:logo mobile_logo MotorParts.com.gr,77447ff5ac0fe25fead90a23e014fb6438e538a848ced9e3189eea2cccc8b82c,326,102,15635
SAFE,cmta1iypl00ezq8iypg6kwhfe,Motovinios,motovinios,https://motovinios.gr,https://www.motovinios.gr/,OFFICIAL_PAGE|HEADER_IMAGE|SAME_SITE_ASSET|IMAGE_VALIDATED,HEADER_IMAGE,379,https://www.motovinios.gr/images/logo-primary.svg,img:mr-3 z-40 logo Motovinios,b44f24c2dc1daa4f80036192ead003e63a9f3d01cb4d7609bb0cbdc0397b13d7,180,135,6685
REVIEW,cmt8l5yjh000w5giy3fa6qvqk,Moustakas Toys,moustakas-toys,https://www.moustakastoys.gr,https://www.moustakastoys.gr/,NO_AUTO_SAFE_CANDIDATE,HEADER_IMAGE,154,https://moustakasgroup.azureedge.net/images/310x296/png/Content/Media/delivery-time-modal.png,img:lazy Moustakas Logo,,,,
SAFE,cmta1iz4a00f1q8iyyehgeubm,Moustakisfc,moustakisfc,https://moustakisfc.gr,https://www.moustakisfc.gr/,OFFICIAL_PAGE|HEADER_IMAGE|SAME_SITE_ASSET|IMAGE_VALIDATED,HEADER_IMAGE,346,https://www.moustakisfc.gr/wp-content/uploads/2024/02/moustakis-logo.svg,img:lazyload wd-logo wd-main-logo Moustakis Flower Company,1e8bde6ac9e2d5b23aa2081fc797027480f789c6fe089f9a85663f4f34c6c8d7,250,109,7054
REVIEW,cmta1izhy00f3q8iya0mr8ool,Movelab,movelab,https://movelab.gr,https://www.movelab.gr/,NO_AUTO_SAFE_CANDIDATE,SITE_ICON,-60,https://static.wixstatic.com/media/e9bdb2_b798c5250f9d41249cc73c3e2a6dc54b%7Emv2.jpg/v1/fill/w_192%2Ch_192%2Clg_1%2Cusm_0.66_1.00_0.01/e9bdb2_b798c5250f9d41249cc73c3e2a6dc54b%7Emv2.jpg,link rel=icon,,,,
REVIEW,cmtb77d7p002adkiygskg17ko,Mr & Mrs Spa,mr-and-mrs-spa,https://mrandmrsspa.gr,https://mrandmrsspa.gr/,NO_AUTO_SAFE_CANDIDATE,SITE_ICON,81,https://mrandmrsspa.gr/wp-content/uploads/2025/05/cropped-favicon-32x32-1-192x192.png,link rel=icon,,,,
REVIEW,cmta1f1gj000sq8iymiayx6vt,Msba Events,msba-events,https://msba-events.gr,https://www.msba-events.gr/,NO_AUTO_SAFE_CANDIDATE,OG_IMAGE,114,https://www.msba-events.gr/wp-content/uploads/2020/10/0600-truck.png,og:image,,,,
SAFE,cmta1nhiz00x1q8iy666s3hgl,Msjewels,msjewels,https://msjewels.gr,https://msjewels.gr/,OFFICIAL_PAGE|HEADER_IMAGE|SAME_SITE_ASSET|IMAGE_VALIDATED,HEADER_IMAGE,334,https://msjewels.gr/wp-content/uploads/2020/02/MS_Logo_Design_Black_Artboard-4.png,img:wd-logo wd-main-logo Site logo MS Jewels,66eb822c102afa6603b5e1fd1d812571f48e8c304982bef8b40c9913cb217bcd,588,569,21290
SAFE,cmta4yw0c002wsciyir3okmhf,Msystems,msystems-δωροκαρτα-10e,https://msystems.gr,https://www.msystems.gr/,OFFICIAL_PAGE|HEADER_IMAGE|SAME_SITE_ASSET|IMAGE_VALIDATED,HEADER_IMAGE,334,https://static.msystems.gr/theme_new/img/logo_2021.png,img:navbar-brand d-none d-sm-block me-3 flex-shrink-0 Msystems,a01e33b4817e1261c6f260c0878d151b992897a22bedead37b0ab3d293ecbaca,284,82,5605
SAFE,cmta5ntg6001e54iymc9l63oi,muse boutique,muse-boutique,https://museboutique.gr,https://museboutique.gr/,OFFICIAL_PAGE|JSONLD_LOGO|SAME_SITE_ASSET|IMAGE_VALIDATED,JSONLD_LOGO,332,https://museboutique.gr/wp-content/uploads/muse-boutique-logo.png,JSON-LD logo ImageObject,ce507f64b41746de4b50949a0efd7a4f4178df48d9eadc73e22f502658864f8c,1024,252,25609
SAFE,cmta5nkyr000454iyyhuhz99q,Museumofillusions,museumofillusions,https://athens.museumofillusions.gr,https://athens.museumofillusions.gr/,OFFICIAL_PAGE|JSONLD_LOGO|SAME_SITE_ASSET|IMAGE_VALIDATED,JSONLD_LOGO,259,https://athens.museumofillusions.gr/wp-content/uploads/2026/05/ATH-Profile-picture.png,JSON-LD logo ImageObject,b206f88694f6a472698dc9cd54f60053613e85aba053ef1aded1332530ededaa,1080,1080,8322
SAFE,cmta1kwhj00mzq8iyqv0xws2k,Musicland,musicland,https://musicland.gr,https://www.musicland.gr/,OFFICIAL_PAGE|HEADER_IMAGE|SAME_SITE_ASSET|IMAGE_VALIDATED,HEADER_IMAGE,379,https://www.musicland.gr/images/logo-black.svg,img:logo logo-black MusicLand.gr Μουσικά όργανα,e5892b4694b2a50a4c9deffa71d713be178f5b2793e82e82fc96ac59d6ee6a80,1446,262,6794
SAFE,cmta1lduo00oxq8iyrgzxs75p,Musicpal,musicpal,https://musicpal.gr,https://musicpal.gr/,OFFICIAL_PAGE|HEADER_IMAGE|SAME_SITE_ASSET|IMAGE_VALIDATED,HEADER_IMAGE,334,https://musicpal.gr/images/logo-musicpal.png,img:astroid-logo-default astroid-logo astroid-logo-image d-flex align-items-center mr-0 mr-lg-4 MusicPal,11c56a1f3acb812c8d00b1f592b3b69e53b30ded8950b0406fed1e03998eda8f,264,45,2035
REVIEW,cmta1izvq00f5q8iyhdnauscf,Musicworks,musicworks,https://musicworks.gr,https://www.musicworks.gr/,NO_AUTO_SAFE_CANDIDATE,HEADER_IMAGE,263,https://www.musicworks.gr/wp-content/uploads/2019/01/cropped-49373609_2195698023803358_416332830931419136_n-4-118x79.jpg,img:custom-logo custom-logo-link Music Works,,,,
SAFE,cmta1j0ma00f7q8iympq1uy5p,Muststore,muststore,https://muststore.gr,https://www.muststore.gr/,OFFICIAL_PAGE|HEADER_IMAGE|SAME_SITE_ASSET|IMAGE_VALIDATED,HEADER_IMAGE,367,https://www.muststore.gr/wp-content/uploads/logo-dark.png,img:header_logo header-logo Must Store,0ba13f831cacc679c69a9929cf37b051567e6847acded6b2d784b77227d2c1b7,222,76,1718
REVIEW,cmtb62nkn001a94iystkuu706,Muye,muye,https://muye.gr,https://muye.gr/,NO_AUTO_SAFE_CANDIDATE,SITE_ICON,99,https://muye.gr/wp-content/uploads/2025/10/siteicon-300x300.png,link rel=icon,,,,
REVIEW,cmta1gtk30071q8iy6p1osobj,My Massage,my-massage,https://my-massage.gr,https://my-massage.gr/,NO_AUTO_SAFE_CANDIDATE,HEADER_IMAGE,367,https://my-massage.gr/wp-content/uploads/2018/01/my-massage-logo-2-1.png,img:sc_layouts_logo my-massage-logo-2-1.png,,,,
REVIEW,cmta1ni0500x3q8iy6dhb6v4x,Mybabylinen,mybabylinen,https://mybabylinen.gr,https://mybabylinen.gr/,NO_AUTO_SAFE_CANDIDATE,HEADER_IMAGE,312,https://mybabylinen.gr/wp-content/uploads/2024/02/my2-150x77.png,img:custom-logo custom-logo-link My Baby Linen- Χειροποίητα Βρεφικά Είδη,,,,
REVIEW,cmta1j14200f9q8iy4qbjvx5d,Mycolours,mycolours,https://mycolours.gr,https://www.mycolours.gr/,NO_AUTO_SAFE_CANDIDATE,OG_IMAGE,-29,"https://static.wixstatic.com/media/aea10c_94fb46a58122486fb1823b3809a4e452~mv2.png/v1/fill/w_571,h_249,al_c/aea10c_94fb46a58122486fb1823b3809a4e452~mv2.png",og:image,,,,
SAFE,cmtb62ny2001c94iyxh7g7yfi,Myconian Imperial Resort,myconian-imperial-resort,https://myconianimperial.gr,https://www.myconianimperial.gr/,OFFICIAL_PAGE|JSONLD_LOGO|SAME_SITE_ASSET|IMAGE_VALIDATED,JSONLD_LOGO,311,https://www.myconianimperial.gr/wp-content/uploads/2025/05/myconian-imperial-logo.svg,JSON-LD logo ImageObject,0e7f4ea7ca01f27b3d7968e86dfe5b2aad8c74344accc278bae2af40d357b614,568,208,3571
SAFE,cmta5nttu001g54iy868uf69b,Myconian Naia Boutique Hotel,myconian-naia-boutique-hotel,https://myconian-naia.gr,https://www.myconian-naia.gr/,OFFICIAL_PAGE|JSONLD_LOGO|SAME_SITE_ASSET|IMAGE_VALIDATED,JSONLD_LOGO,311,https://www.myconian-naia.gr/wp-content/uploads/2025/06/myconian-naia-logo.svg,JSON-LD logo ImageObject,f023ee771e844cb529ca1bc6638ee69f8184769bb2e417d3d3f86832b70e9ffa,572,216,3138
SAFE,cmta4yxfs0032sciyb1gsiug9,Myconian Utopia,myconian-utopia,https://myconianutopia.gr,https://www.myconianutopia.gr/,OFFICIAL_PAGE|JSONLD_LOGO|SAME_SITE_ASSET|IMAGE_VALIDATED,JSONLD_LOGO,311,https://www.myconianutopia.gr/wp-content/uploads/2025/06/myconian-utopia-logo.svg,JSON-LD logo ImageObject,9e20e69d160f805923b3b95d2b6c04ec14c317c0b3a535a0368b7af47e8ea567,572,216,3880
SAFE,cmta4ywx30030sciy1rds52ma,Myconiankorali,myconiankorali,https://myconiankorali.gr,https://www.myconiankorali.gr/,OFFICIAL_PAGE|JSONLD_LOGO|SAME_SITE_ASSET|IMAGE_VALIDATED,JSONLD_LOGO,311,https://www.myconiankorali.gr/wp-content/uploads/2025/06/myconian-korali-logo.svg,JSON-LD logo ImageObject,3633d2b0a6eb688df913d2a1e0c6f9ea49875036ba89fe57b7d4f5526fc7fb1e,569,211,4413
SAFE,cmtb62ob8001e94iyw23wxhmt,Myconiankyma,myconiankyma,https://myconiankyma.gr,https://www.myconiankyma.gr/,OFFICIAL_PAGE|JSONLD_LOGO|SAME_SITE_ASSET|IMAGE_VALIDATED,JSONLD_LOGO,311,https://www.myconiankyma.gr/wp-content/uploads/2025/04/myconian-kyma-logo.svg,JSON-LD logo ImageObject,77b7b193307c52788de1d17212e62d434858161ee71158a3e741eaec2285087a,580,216,59563
REVIEW,cmtb77xmn0058dkiyrpluto4n,Mylifelikes,mylifelikes,https://mylifelikes.gr,https://mylifelikes.gr/,NO_AUTO_SAFE_CANDIDATE,OG_IMAGE,169,https://mylifelikes.gr/image/catalog/LOGO-LIFELIKES.png,og:image,,,,
SAFE,cmta1lzou00r9q8iyslyb5ll3,Mylittleland,mylittleland,https://mylittleland.gr,https://mylittleland.gr/,OFFICIAL_PAGE|JSONLD_LOGO|SAME_SITE_ASSET|IMAGE_VALIDATED,JSONLD_LOGO,332,https://mylittleland.gr/wp-content/uploads/2022/03/logo.png,JSON-LD logo ImageObject,4f6532d5133f26e0fdaa60de64cb5b668d5be7987bdad5b7781d94f08a13afac,500,191,81416
REVIEW,cmta1j1lq00fbq8iyblkew33r,Mymarket,mymarket,https://mymarket.gr,https://www.mymarket.gr/,NO_AUTO_SAFE_CANDIDATE,HEADER_IMAGE,379,https://cdn.mymarket.gr/logo_mobile.svg,picture:w-[80px] h-auto relative Mymarket logo,,,,
REVIEW,cmta5nu7u001i54iy26l668bf,Myprotein,myprotein,https://myprotein.gr,https://www.myprotein.gr/,NO_AUTO_SAFE_CANDIDATE,JSONLD_LOGO,184,https://object.gb-lon.thghosting.cloud/gb_lon_li_elysium_test_platform:brand-logos/altitude.svg,JSON-LD logo property,,,,
REVIEW,cmta1j23z00fdq8iyd6et3f0f,Myran,myran,https://myran.gr,https://myran.gr/,NO_AUTO_SAFE_CANDIDATE,HEADER_IMAGE,346,https://myran.gr/wp-content/themes/myran/assets/images/logo-sm.svg,img:mobile-logo Myran - Scandinavian Design,,,,
SAFE,cmta1j2m300ffq8iyt6u5plxe,Myrtia,myrtia,https://myrtia.gr,https://myrtia.gr/el/,OFFICIAL_PAGE|HEADER_IMAGE|SAME_SITE_ASSET|IMAGE_VALIDATED,HEADER_IMAGE,351,https://myrtia.gr/img/logo-1769583625.jpg,img:logo mobile_logo Myrtia Natural Cosmetics,a69c15f2773621e2c07d56ae7245c6954296861f7b91dd8dbdb15206526dd732,1400,350,19506
REVIEW,cmta4yxv60034sciy1eru1cf7,Mytravelgiftcard,mytravelgiftcard,https://mytravelgiftcard.gr,https://mytravelgiftcard.gr/,NO_AUTO_SAFE_CANDIDATE,HEADER_IMAGE,367,https://mytravelgiftcard.gr/wp-content/uploads/2024/04/dimidis-tours-giftcard-logo-blue-001-300x41.png,img:custom-logo custom-logo-link My Travel Gift Card,,,,
SAFE,cmta1nij900x5q8iyxvel6ylg,Naeniam,naeniam,https://naeniam.gr,https://naeniam.gr/,OFFICIAL_PAGE|HEADER_IMAGE|SAME_SITE_ASSET|IMAGE_VALIDATED,HEADER_IMAGE,349,https://naeniam.gr/cdn/shop/files/Naeniam_Logo_1.png?crop=center&height=121&v=1764084030&width=200,img:is-loading footer-block__logo-image Naeniam Boutique,acfc0c66ab20ccbc143acbaaae6f2577547afdd2a5d89449128be3c842bb5589,200,121,5153
SAFE,cmta1j34900fhq8iys6e8ls57,Naftemporiki,naftemporiki,https://naftemporiki.gr,https://www.naftemporiki.gr/,OFFICIAL_PAGE|JSONLD_LOGO|SAME_SITE_ASSET|IMAGE_VALIDATED,JSONLD_LOGO,277,https://www.naftemporiki.gr/wp-content/uploads/2022/10/OpenGraph.png,JSON-LD logo ImageObject,f5a81ee6714053701b3d3d6c5f1926489cf9b859259a2d830f77e12e922c210e,1200,622,10644
REVIEW,cmta1kwy300n1q8iyc9nuiqry,Nailit,nailit,https://nailit.gr,https://nailit.gr/login_up.php,NO_AUTO_SAFE_CANDIDATE,SITE_ICON,96,https://nailit.gr/images/favicon.svg?1787805151,link rel=icon,,,,
SAFE,cmta1nj0h00x7q8iy2h241z80,Naira,naira,https://naira.gr,https://naira.gr/,OFFICIAL_PAGE|JSONLD_LOGO|SAME_SITE_ASSET|IMAGE_VALIDATED,JSONLD_LOGO,259,https://naira.gr/wp-content/uploads/2024/05/cropped-Naira-1.png,JSON-LD logo ImageObject,e51ca125d5f55363157af9f231cbc07bd48ac7ecdbce8074279242b368fa3784,512,512,62940
SAFE,cmtb62onm001g94iy29ypyygn,Najma,najma,https://najma.gr,https://najma.gr/,OFFICIAL_PAGE|HEADER_IMAGE|SAME_SITE_ASSET|IMAGE_VALIDATED,HEADER_IMAGE,312,https://najma.gr/wp-content/uploads/2023/05/najma_360h.png?x23792,img:header_logo header-logo Najma Jewelry,a3b77730c4f134d4c7df202c4ac13e99a4845affe3fe3e741c8b153f1b86a5b6,1197,360,89705
ERROR,cmta1lfel00p3q8iywla7k0oj,Nakas,nakas,https://nakas.gr,,PAGE_HTTP_403,,,,,,,,
ERROR,cmtb6uxpz002x3giyag7687wz,Nakasconcept,nakasconcept,https://nakasconcept.gr,,PAGE_HTTP_403,,,,,,,,
SAFE,cmta1kxed00n3q8iybvnaiccz,Nakita,nakita,https://nakita.gr,https://nakita.gr/,OFFICIAL_PAGE|JSONLD_LOGO|SAME_SITE_ASSET|IMAGE_VALIDATED,JSONLD_LOGO,259,https://nakita.gr/wp-content/uploads/2024/03/nakita_final.png,JSON-LD logo ImageObject,36a912805fc27177711fd72700850c151bd8746b1e7a636d7eaf0086e6f4b0da,2036,2036,77095
SAFE,cmtb6uy3n002z3giyohz3pcwu,NaniNails.gr,αξιας-20-eur-naninails-gr,https://naninails.gr,https://www.naninails.gr/,OFFICIAL_PAGE|HEADER_IMAGE|SAME_SITE_ASSET|IMAGE_VALIDATED,HEADER_IMAGE,346,https://www.naninails.gr/assets/dist/images/logo-full-gr.svg,img:flex-parent logo,cc3a24bb6402b8cde4e7f806d6b6837101c94b8db625d64b3f2745be6739ebc8,332,78,9273
ERROR,cmtb6uygv00313giyphdd4xl4,Nativis,nativis,https://nativis.gr,,PAGE_HTTP_401,,,,,,,,
SAFE,cmta1j3mk00fjq8iyayln17bn,Natprod,natprod,https://natprod.gr,https://www.natprod.gr/,OFFICIAL_PAGE|HEADER_IMAGE|SAME_SITE_ASSET|IMAGE_VALIDATED,HEADER_IMAGE,349,https://www.natprod.gr/wp-content/uploads/2021/01/transactions_logo_natprod6.png,img:img-responsive standard-logo retina-logo Site Logo Natprod.gr,df725d3d4523e9ea6c07ed334e2137f9be1aa5b6745ef7eb1e76c5e86e0c6512,1504,1064,77970
REVIEW,cmta1j44c00flq8iyasmcpn2j,Naturalhealth,naturalhealth,https://naturalhealth.gr,https://naturalhealth.gr/?v=d692bc40d834,NO_AUTO_SAFE_CANDIDATE,HEADER_IMAGE,318,https://naturalhealth.gr/wp-content/uploads/2020/10/natural-health-logo.jpg,img:wd-logo wd-main-logo Site logo Natural Health,,,,
SAFE,cmta5nuxv001m54iyn9rhgeiz,Naxos Art,naxos-art,https://naxos-art.gr,https://naxos-art.gr/,OFFICIAL_PAGE|HEADER_IMAGE|SAME_SITE_ASSET|IMAGE_VALIDATED,HEADER_IMAGE,334,https://naxos-art.gr/wp-content/uploads/2023/12/cropped-naxos-art-logo-cropped.png,img:skip-lazy logoimg bg--light logolink  Naxos Art,3d6e9824805ddf8fe59d1a4a7d855de9be0896a6f6023e68714643d4550e2105,154,80,8517
SAFE,cmta5nvc7001o54iy9rlqpv1v,Neraw,neraw,https://neraw.gr,https://www.neraw.gr/,OFFICIAL_PAGE|HEADER_IMAGE|SAME_SITE_ASSET|IMAGE_VALIDATED,HEADER_IMAGE,349,https://www.neraw.gr/cdn/shop/files/neraw_logo_png.png?v=1697224617&width=600,img:header__heading-logo motion-reduce header__heading-link link link--text focus-inset Neraw,b43f8f9ec565b9a42627ba06328e7273bae050bc7663cd16c2e747885eebf52a,600,392,19606
SAFE,cmta1j4lf00fnq8iyn87586iy,Nespo,nespo,https://nespo.gr,https://www.nespo.gr/,OFFICIAL_PAGE|HEADER_IMAGE|SAME_SITE_ASSET|IMAGE_VALIDATED,HEADER_IMAGE,351,https://www.nespo.gr/wp-content/uploads/2026/05/logo.webp,img:wd-logo wd-main-logo Site logo NESPO athletics,76e1e879a3488df104a54fa6f578a874a42e5befafb6a0c143a3a3cc852a5d67,264,100,4142
REVIEW,cmta421c00000t8iyz2ify6i3,Netflix,netflix,https://netflix.com,https://www.netflix.com/gr/,NO_AUTO_SAFE_CANDIDATE,SITE_ICON,-59,https://assets.nflxext.com/us/ffe/siteui/common/icons/nficon2016.png,link rel=apple-touch-icon,,,,
SAFE,cmta1ljnq00pjq8iyp8nn5qhl,Newaypharmacy,newaypharmacy,https://newaypharmacy.gr,https://www.newaypharmacy.gr/,OFFICIAL_PAGE|HEADER_IMAGE|SAME_SITE_ASSET|IMAGE_VALIDATED,HEADER_IMAGE,367,https://www.newaypharmacy.gr/wp-content/themes/webexpert-eshop/img/new-logo.png,img:logo img-fluid header-logo New Way Pharmacy,d9a45a062780def27181faa2ae3b0fb718dc1840cf3c22b8af00ba91001cf3d3,460,120,10616
SAFE,cmta1fo1i0032q8iyhf05odt3,Newmom,newmom,https://newmom.gr,https://newmom.gr/,OFFICIAL_PAGE|HEADER_IMAGE|SAME_SITE_ASSET|IMAGE_VALIDATED,HEADER_IMAGE,367,https://newmom.gr/wp-content/uploads/2020/04/cropped-logo_new.png,img:custom-logo lazyload custom-logo-link www.newmom.gr,9a7107c033e6e90db8c962c6b48c9c214a2a02147066a601e779c37a3c7531db,285,141,18386
REVIEW,cmta1j54l00fpq8iy3f65bz5f,Nextsystems,nextsystems,https://nextsystems.gr,https://nextsystems.gr/,NO_AUTO_SAFE_CANDIDATE,HEADER_IMAGE,334,https://nextsystems.gr/cdn/shop/files/logo-large-color_df04bcaa-4084-46aa-8a11-47e7a2ba75b7_%7Bwidth%7Dx.png?v=1613527880,img:lazyload js site-header__logo-image site-header__logo-image--centered Λογότυπο Next Systems,,,,
SAFE,cmta4yybn0036sciy8dd6tcdc,Niai,niai,https://niai.gr,https://niai.gr/,OFFICIAL_PAGE|HEADER_IMAGE|SAME_SITE_ASSET|IMAGE_VALIDATED,HEADER_IMAGE,367,https://niai.gr/cdn/shop/files/logo_png.png?v=1763393624&width=1500,img:header__logo-image Niai.gr,a177b9d25f9d84393a1ce405b0e2b47f56411ff51bf3a12b12d7d62165c9a5f4,1500,500,36150
REVIEW,cmta1fg47002cq8iy4x4ez937,Niceyou,niceyou,https://niceyou.gr,https://niceyou.gr/el/,NO_AUTO_SAFE_CANDIDATE,HEADER_IMAGE,187,https://assets.nagacommerce.com/storage/cf59cd4f-cac8-468b-8ea8-4a46ce6782bc/uploads/multimedia/2026/06/4VKT/nice.you.png,img:header__heading-link focus-inset header-logo header-mobile-logo NiceYou.gr logo,,,,
REVIEW,cmta1fnl10030q8iyjnfimm6o,Niyamas-Yoga,niyamas-yoga,https://niyamas-yoga.com,https://niyamas-yoga.com/,NO_AUTO_SAFE_CANDIDATE,HEADER_IMAGE,334,https://niyamas-yoga.com/wp-content/uploads/2021/06/cropped-tetragono_logo_1_21-60x60.png,img:custom-logo custom-logo-link Niyamas Yoga,,,,
SAFE,cmta1njj100x9q8iywi68cw12,Noiretor,noiretor,https://noiretor.gr,https://noiretor.gr/,OFFICIAL_PAGE|HEADER_IMAGE|SAME_SITE_ASSET|IMAGE_VALIDATED,HEADER_IMAGE,279,https://noiretor.gr/wp-content/uploads/2025/09/image0-Picsart-BackgroundRemover-e1770031701143.png,img:wd-logo wd-main-logo Site logo Noir boutique ,f68d5321c93bc6a9d45d6b6f89d3757b31eceee485fc1f2569d2625bf6fe8b32,470,260,53131
REVIEW,cmtb77ecy002gdkiyplat2lrt,North & South Jewelry,north-and-south-jewelry-gift-card,https://northandsouthjewelry.gr,https://www.northandsouthjewelry.gr/,NO_AUTO_SAFE_CANDIDATE,TWITTER_IMAGE,88,https://www.northandsouthjewelry.gr/cdn/shop/files/fuck_normal_480x.jpg?v=1731239519,twitter:image,,,,
REVIEW,cmtb7i0bt000q04iy0puf45hb,Northsantorini,northsantorini,https://northsantorini.com,https://www.northsantorini.com/,NO_AUTO_SAFE_CANDIDATE,HEADER_IMAGE,346,https://www.northsantorini.com/sites/default/files/logo-north-suites.svg,img:logo-w logo-area North Santorini - A Luxury Spa Hotel in Santorini,,,,
ERROR,cmt8fb1qo000e6kiyhr3vcqzi,Notino,notino,https://notino.gr,,PAGE_HTTP_403,,,,,,,,
SAFE,cmta1g4xm004qq8iytymwcg9a,Notos,notos,https://notos.gr,https://www.notos.gr/,OFFICIAL_PAGE|JSONLD_LOGO|SAME_SITE_ASSET|IMAGE_VALIDATED,JSONLD_LOGO,299,https://www.notos.gr/Content/eStore/media/emails/logo.png,JSON-LD logo property,351fdd54c1e5f68a3e78872bd6d128f7e3f79b1ff01c16213a6566ff43ff4c18,122,29,981
REVIEW,cmtb62pek001k94iy4m84sj8f,Nousoma,nousoma,https://nousoma.gr,https://nousoma.gr/,NO_AUTO_SAFE_CANDIDATE,HEADER_IMAGE,334,https://nousoma.gr/wp-content/uploads/2021/07/mobile-logo-retina.png,img:logo_image Nousoma - Massage Βάρη,,,,
SAFE,cmtb77eqo002idkiyg6h36cyb,Nur and Co,nur-and-co,https://nurnco.gr,https://nurnco.gr/,OFFICIAL_PAGE|HEADER_IMAGE|SAME_SITE_ASSET|IMAGE_VALIDATED,HEADER_IMAGE,349,https://nurnco.gr/cdn/shop/files/nur-logo-transparent.png?height=78&v=1770379616,img:header-logo__image size-style spacing-style header-logo nur and co,ea7427a3839848bd2e72d31cf6176ddb6b4550356a9d1501b9045d2ddf53f9ec,289,78,5336
REVIEW,cmta1fdrv0024q8iy4qoe2q40,O-Biotique,o-biotique,https://obiotique.com,https://obiotique.com/,NO_AUTO_SAFE_CANDIDATE,HEADER_IMAGE,312,https://obiotique.com/cdn/shop/files/o-biotique_final_BK_f17c029c-4214-4009-8a4b-3a00d323d719.png?v=1778050047&width=660,img:small--hide image-element site-header__logo-link logo--has-inverted O-Biotique Longevity Hub Logo ,,,,
SAFE,cmta1g6ai004vq8iycxhicxpy,Ofarmakopoiosmou,ofarmakopoiosmou,https://ofarmakopoiosmou.gr,https://www.ofarmakopoiosmou.gr/,OFFICIAL_PAGE|HEADER_IMAGE|SAME_SITE_ASSET|IMAGE_VALIDATED,HEADER_IMAGE,379,https://www.ofarmakopoiosmou.gr/sites/all/themes/ns/logo.svg,img:site-logo Αρχική,3100ada3e83e3343b0eb08b9e7309b31a4708af22259e5c97f66897a29037f9b,4398,1397,26278
SAFE,cmtb62pqs001m94iykid86ucy,Oikosterzis,oikosterzis,https://oikosterzis.gr,https://www.oikosterzis.gr/,OFFICIAL_PAGE|HEADER_IMAGE|SAME_SITE_ASSET|IMAGE_VALIDATED,HEADER_IMAGE,346,https://www.oikosterzis.gr/oikosterzis/img/oikos_logo.svg,img:img-fluid svg oikos_terzis_logo,d1fd79fac8b49ceef73620da6730531ab7284c45fa3d628930f4f25c89588a7b,161,64,5450
REVIEW,cmtb6uytn00333giyzvyq6upz,Olia,olia,https://olia.com.gr,https://www.olia.com.gr/,NO_AUTO_SAFE_CANDIDATE,HEADER_IMAGE,334,https://media.olia.com.gr/wp-content/uploads/olia-logo-1.png,img:wd-logo wd-main-logo Olia,,,,
SAFE,cmta1mblh00sjq8iyi2lanyox,Olive Era,olive-era,https://olive-era.gr,https://www.olive-era.gr/,OFFICIAL_PAGE|HEADER_IMAGE|SAME_SITE_ASSET|IMAGE_VALIDATED,HEADER_IMAGE,334,https://www.olive-era.gr/cdn/shop/files/new-logo.png?v=1732792254,img:logo-img Olive era,aec4125a2eb53adaf26778ad92ac6cebf8ab84f8a3d4b7aea10561a7c9aff958,1550,178,12026
SAFE,cmtb6uz6p00353giyzkow4qml,OMG,omg-gift-card,https://omg.gr,https://omg.gr/,OFFICIAL_PAGE|HEADER_IMAGE|SAME_SITE_ASSET|IMAGE_VALIDATED,HEADER_IMAGE,349,https://omg.gr/cdn/shop/files/omg-logo-tight-v1.png?v=1786107020&width=600,img:header__heading-logo header__heading-link link link--text focus-inset OMG,8054f9aee85df5aace1cd28f06cb93d9b39c3000d1ceda6373d8605984f93a90,600,235,8480
SAFE,cmtb77f3g002kdkiy0229bjps,Omnia Welness,omnia-welness,https://omniawellness.gr,https://www.omniawellness.gr/,OFFICIAL_PAGE|HEADER_IMAGE|SAME_SITE_ASSET|IMAGE_VALIDATED,HEADER_IMAGE,351,https://www.omniawellness.gr/komis/wp-content/uploads/2025/04/Omnia-Logo-01UPDATED_512x250.webp,img:stnd skip-lazy default-logo dark-version logo Omnia Welness - Massage & SPA in Kefalonia,936334c9f32539681bba275bdeb8a5c91b1f77416ff3aace356bd8ffa534798e,512,250,22088
ERROR,cmtb6uzla00373giydd6wqbju,Optika Liolios,δωροκαρτες,https://optikaliolios.gr,,PAGE_HTTP_403,,,,,,,,
SAFE,cmta1kxwb00n5q8iyxd3jn9y1,Oreasoncs,oreasoncs,https://oreasoncs.gr,https://www.oreasoncs.gr/,OFFICIAL_PAGE|JSONLD_LOGO|SAME_SITE_ASSET|IMAGE_VALIDATED,JSONLD_LOGO,299,https://www.oreasoncs.gr/image/cache/catalog/logo/logo3-363x120.png,JSON-LD logo property,93665e1b95dae339f65f1d5ff7d7d4a3d84a414e2fec12227160eba4758bb5b9,363,120,18220
SAFE,cmta1j5lp00frq8iyn70407yy,Oser,oser,https://oser.gr,https://oser.gr/,OFFICIAL_PAGE|HEADER_IMAGE|SAME_SITE_ASSET|IMAGE_VALIDATED,HEADER_IMAGE,379,https://oser.gr/wp-content/uploads/2023/05/logo.svg,img:uk-logo uk-navbar-item Back to home OSER,869600f51b59011e9e6a9e471ff883601b0c21f4985a57f18797aaca9c01958c,128,54,6629
REVIEW,cmta1j64i00ftq8iybi7vezby,Osteriamamma,osteriamamma,https://osteriamamma.gr,https://www.osteriamamma.gr/,NO_AUTO_SAFE_CANDIDATE,SITE_ICON,-60,https://static.wixstatic.com/media/18c2b8_9499890b7e0541e78d4e12a1df8a891a%7Emv2.jpg/v1/fill/w_192%2Ch_192%2Clg_1%2Cusm_0.66_1.00_0.01/18c2b8_9499890b7e0541e78d4e12a1df8a891a%7Emv2.jpg,link rel=icon,,,,
REVIEW,cmtb62qgm001q94iyfrrpx8wu,Outdoorshop,outdoorshop,https://outdoorshop.gr,https://outdoorshop.gr/,NO_AUTO_SAFE_CANDIDATE,HEADER_IMAGE,367,https://outdoorshop.gr/wp-content/uploads/2023/01/221214-nes-Outdoor_Shop-Logotype-Black-01es-1024x395.png,img:default-logo site-logo-container Outdoorshop.gr,,,,
REVIEW,cmtb6uzyo00393giyijqh9v1h,Outdoorway,outdoorway-10-ευρω,https://outdoorway.gr,https://www.outdoorway.gr/,NO_AUTO_SAFE_CANDIDATE,SITE_ICON,68,https://www.outdoorway.gr/favicon.ico,link rel=shortcut icon,,,,
SAFE,cmtb77fsy002odkiypybibga6,Oxygen Plus,luxurious-day-spa-gift-card,https://oxygenplus.gr,https://oxygenplus.gr/,OFFICIAL_PAGE|JSONLD_LOGO|SAME_SITE_ASSET|IMAGE_VALIDATED,JSONLD_LOGO,277,https://oxygenplus.gr/wp-content/uploads/2017/10/imageedit_4_4008670486-e1508836528360.png,JSON-LD logo ImageObject,a3ff953295e52d916029fe9a9392485ec69d16e5993e3aadd093c54deaa47fb8,200,109,12340
SAFE,cmta1f3lu0012q8iy3sg1zr8w,P Kontopoulos,p-kontopoulos,https://pkontopoulos.com,https://pkontopoulos.com/,OFFICIAL_PAGE|HEADER_IMAGE|SAME_SITE_ASSET|IMAGE_VALIDATED,HEADER_IMAGE,367,https://pkontopoulos.com/cdn/shop/files/pkontopoulos_logo.png?v=1678779230&width=600,img:header__heading-logo motion-reduce header__heading-link link link--text focus-inset P Kontopoulos Λογότυπο,2a93633e4d4655585a94856df56221797cba6718524e70593b926fdf9f48eab5,600,179,23142
REVIEW,cmtb77g6g002qdkiyzp7xmoyn,Paco Δωροκάρτες από,paco-δωροκαρτες-απο-10-00,https://pacoartcenter.gr,https://www.pacoartcenter.gr/,NO_AUTO_SAFE_CANDIDATE,SITE_ICON,99,https://www.pacoartcenter.gr/paco-assets/favicon/apple-touch-icon.png,link rel=apple-touch-icon,,,,
SAFE,cmta1fm6t002uq8iyt0ifyaw2,Paidika Symeon,paidika-symeon,https://paidikasymeon.gr,https://paidikasymeon.gr/,OFFICIAL_PAGE|HEADER_IMAGE|SAME_SITE_ASSET|IMAGE_VALIDATED,HEADER_IMAGE,367,https://paidikasymeon.gr/wp-content/uploads/2019/06/cropped-logo.png?x68547,img:logo Παιδικά Συμεών,bcf28edecb6a47bb86ab7d77a77206fbfbf51412fc582d829c8fcff16a11eb48,178,50,2664
SAFE,cmta1kbgw00klq8iyycumxx67,Paidikaianaptixi,paidikaianaptixi,https://paidikaianaptixi.gr,https://www.paidikaianaptixi.gr/,OFFICIAL_PAGE|JSONLD_LOGO|SAME_SITE_ASSET|IMAGE_VALIDATED,JSONLD_LOGO,332,https://www.paidikaianaptixi.gr/wp-content/uploads/2020/04/logo-paidi-1.png,JSON-LD logo ImageObject,c0f922bf89456c1d45585b0c62b7f9a526c1c291fbb2c3aefd14b274264a5b86,800,246,51216
SAFE,cmta1kycr00n7q8iyw5ymk36g,Palazzodiscarpe,palazzodiscarpe,https://palazzodiscarpe.gr,https://www.palazzodiscarpe.gr/,OFFICIAL_PAGE|HEADER_IMAGE|SAME_SITE_ASSET|IMAGE_VALIDATED,HEADER_IMAGE,379,https://www.palazzodiscarpe.gr/wp-content/themes/webexpert-eshop/img/logo.svg,img:logo img-fluid d-block v-align Palazzo Di Scarpe,33de2f97662468348c373024829525adb9415878209f4c3fab6e948f5976fa30,722,213,7809
SAFE,cmtb62qt9001s94iyy65ut1lc,Pamemassage,pamemassage,https://pamemassage.gr,https://pamemassage.gr/,OFFICIAL_PAGE|HEADER_IMAGE|SAME_SITE_ASSET|IMAGE_VALIDATED,HEADER_IMAGE,334,https://pamemassage.gr/wp-content/uploads/2023/06/logo-pame-massage-res-recolored.png,img:logo_wrapper hidden custom_logo,5531ade395bbf0127568e22427021274a208e48382f48049c61619e81004dc1c,110,81,5292
SAFE,cmta1gu0d0073q8iyksj58bpb,Paokfc,paokfc,https://paokfc.gr,https://www.paokfc.gr/,OFFICIAL_PAGE|JSONLD_LOGO|SAME_SITE_ASSET|IMAGE_VALIDATED,JSONLD_LOGO,298,https://www.paokfc.gr/wp-content/uploads/2014/07/PAOKfc_main_logo.jpg,JSON-LD logo ImageObject,92ea96a6cdb75ab478f25b7f75aa77d7af3f919aaa6b69d61c7c29dec4f5dbab,760,510,54018
REVIEW,cmta1f2ts000yq8iy8va3cqab,Papachatzis,papachatzis,https://papachatzis.com,https://www.papachatzis.com/,NO_AUTO_SAFE_CANDIDATE,HEADER_IMAGE,236,https://papachatzis-home.com/wp-content/uploads/2021/09/papachatzis-logo.svg,img:attachment-full size-full wp-image-15090 papachatzis-logo,,,,
REVIEW,cmta1kbw500knq8iyuek6e0a9,Papastavroushops,papastavroushops,https://papastavroushops.gr,https://www.papastavroushops.gr/,NO_AUTO_SAFE_CANDIDATE,HEADER_IMAGE,154,https://www.papastavroushops.gr/assets/img/logo/logo-white.png,img:Logo papastavroushops.gr,,,,
SAFE,cmta1kyyv00n9q8iyejhfubzh,Paraphernalia,paraphernalia,https://paraphernalia.gr,https://www.paraphernalia.gr/shop/,OFFICIAL_PAGE|HEADER_IMAGE|SAME_SITE_ASSET|IMAGE_VALIDATED,HEADER_IMAGE,334,https://www.paraphernalia.gr/shop/wp-content/uploads/2024/03/logo-retina-new-black.png,img:logo-dark logo Paraphernalia Athens,e8d23ae0b60e2336cbd9a9014d8e6e20e6a3c7f0f06cfc4f9abf4b608b1a4bdc,570,170,19196
ERROR,cmtb6v0di003b3giyxpscbnbo,Parenting Courses,2-parenting-courses,https://parentingcourses.gr,,fetch failed,,,,,,,,
REVIEW,cmta1j6l300fvq8iymhf5jhq8,Pargaoro,pargaoro,https://pargaoro.gr,https://www.pargaoro.gr/,NO_AUTO_SAFE_CANDIDATE,OG_IMAGE,169,https://www.pargaoro.gr/skins/responsive_horiz/styleImages/logo.png,og:image,,,,
SAFE,cmta1j70q00fxq8iy9sg5qn8b,Parnass,parnass,https://parnass.gr,https://parnass.gr/el/,OFFICIAL_PAGE|HEADER_IMAGE|SAME_SITE_ASSET|IMAGE_VALIDATED,HEADER_IMAGE,346,https://parnass.gr//themes/child_classic/assets/img/logo.svg,img:logo img-responsive header-logo-svg sticky-logo Parnass.gr,fa78149a305eaf1bd097b9b9487dcdf23a3ff624515391b9c9697e8f95637668,618,206,10904
SAFE,cmta1nk0l00xbq8iya8vznroi,Parnassoshiking,parnassoshiking,https://parnassoshiking.gr,https://parnassoshiking.gr/,OFFICIAL_PAGE|JSONLD_LOGO|SAME_SITE_ASSET|IMAGE_VALIDATED,JSONLD_LOGO,314,https://parnassoshiking.gr/wp-content/uploads/2024/01/logo-1.png,JSON-LD logo ImageObject,793529635e3295bd868ba92a2b151e15ddca95b25bc35a06488899c3d29164d9,160,201,8330
REVIEW,cmta1j7hz00fzq8iy4xlg7dvr,Parousiafashion,parousiafashion,https://parousiafashion.gr,https://parousiafashion.gr/,NO_AUTO_SAFE_CANDIDATE,HEADER_IMAGE,312,http://parousiafashion.gr/wp-content/uploads/2017/04/favicon.png,img:header-logo-dark ParousiaFashion.gr | Το Απόλυτο Eshop Γυναικείων Ρούχων & Αξεσουάρ,,,,
REVIEW,cmt8pt4mw0006tgiyqx51cb45,Pat McGrath Labs,pat-mcgrath-labs,https://www.patmcgrath.com,https://www.patmcgrath.com/,NO_AUTO_SAFE_CANDIDATE,SITE_ICON,84,https://www.patmcgrath.com/cdn/shop/files/PMG_Favicon_32x32_Crown.png?crop=center&height=32&v=1695764494&width=32,link rel=icon,,,,
REVIEW,cmta1j7yx00g1q8iyxpec0ovr,Patistascosmetics,patistascosmetics,https://patistascosmetics.gr,https://patistascosmetics.gr/,NO_AUTO_SAFE_CANDIDATE,HEADER_IMAGE,367,https://patistascosmetics.gr/wp-content/uploads/2022/10/logo-nomargins-150x38.png,img:wd-logo wd-main-logo Site logo Patistas Cosmetics,,,,
SAFE,cmtb77gmh002sdkiytfif5f3w,Pavone Shoes,s-3,https://pavoneshoes.gr,https://pavoneshoes.gr/,OFFICIAL_PAGE|JSONLD_LOGO|SAME_SITE_ASSET|IMAGE_VALIDATED,JSONLD_LOGO,316,https://pavoneshoes.gr/image/cache/catalog/logo/pavone_-4465x1141.jpg,JSON-LD logo ImageObject,c11c32096305391c5122267f55deb602e00b055df4182ea0ed378d392f643f8f,4465,1141,1209620
REVIEW,cmta1g4fk004oq8iywtnxd831,PCP Clothing,pcp-clothing,https://pcpclothing.com,https://www.pcpclothing.com/,NO_AUTO_SAFE_CANDIDATE,SITE_ICON,123,https://www.pcpclothing.com/image/catalog/digital/logos_icons/2022/012/favicon.jpg,link rel=icon,,,,
REVIEW,cmta1mc5p00slq8iyr877j308,Pdltrendz,pdltrendz,https://pdltrendz.gr,https://pdltrendz.gr/,NO_AUTO_SAFE_CANDIDATE,HEADER_IMAGE,333,https://pdltrendz.gr/cdn/shop/files/PDL_LOGO-01_165x.jpg?v=1752776325,img:header__heading-logo w-100 h-auto ver-alg-mid d-inline-block header__heading-link focus-inset PDL TRENDZ ,,,,
SAFE,cmta1f76v001eq8iyc18zqq0c,Pegabo Shoes,pegabo-shoes,https://pegaboshoes.gr,https://pegaboshoes.gr/,OFFICIAL_PAGE|HEADER_IMAGE|SAME_SITE_ASSET|IMAGE_VALIDATED,HEADER_IMAGE,351,https://pegaboshoes.gr/wp-content/uploads/2026/01/logo-1-copy.webp,img:pgb-logo Pegabo - Αρχική Pegabo Shoes,5ac564333cc3e3cd36f9490bb8af3e5f5dd24f8cb5561cebd666c6df5e060883,460,200,6210
SAFE,cmta1nkiz00xdq8iy41l5qeb7,Pelopslandtravel,pelopslandtravel,https://pelopslandtravel.gr,https://pelopslandtravel.gr/,OFFICIAL_PAGE|JSONLD_LOGO|SAME_SITE_ASSET|IMAGE_VALIDATED,JSONLD_LOGO,332,https://pelopslandtravel.gr/wp-content/uploads/2022/10/cropped-PELOPS-LOGO-fix1.png,JSON-LD logo ImageObject,cdaf1f453757d8a3435579b570787c3e7d266fa723e7c98935ae77b487e19136,256,143,6290
SAFE,cmtb77h30002udkiy5vxxu8z4,Pentavras Kes,pentavras-kes,https://pentavras-kes.gr,https://www.pentavras-kes.gr/,OFFICIAL_PAGE|JSONLD_LOGO|SAME_SITE_ASSET|IMAGE_VALIDATED,JSONLD_LOGO,244,https://www.pentavras-kes.gr/image/cache/catalog/crops/pentavras-kes-652x297.png,JSON-LD logo property,826477ecfccd95f9ecb791b2adb22a8926d772cce4e970d0b48e77d44fe42f47,652,297,10863
SAFE,cmta1f37k0010q8iy77tcaeje,Perdikis,perdikis,https://perdikis.gr,https://www.perdikis.gr/,OFFICIAL_PAGE|HEADER_IMAGE|SAME_SITE_ASSET|IMAGE_VALIDATED,HEADER_IMAGE,318,https://www.perdikis.gr/img/perdikisgr-logo-1736783413.jpg,img:logo img-responsive ΠΕΡΔΙΚΗ ΑΦΟΙ Ν ΟΕ,e4d3a0c6c5339d89029dbc0fdbb23b095b115febb5151bd7f07b604a7b2b1e58,589,83,16539
SAFE,cmtb77iki0032dkiyzpn1i0zt,Perfect Gift for Any Occasion,perfect-gift-for-any-occasion,https://purebubs.gr,https://purebubs.gr/,OFFICIAL_PAGE|HEADER_IMAGE|SAME_SITE_ASSET|IMAGE_VALIDATED,HEADER_IMAGE,349,https://purebubs.gr/cdn/shop/files/Purebubs_logo.png?v=1760568217&width=600,img:header__heading-logo motion-reduce header__heading-link link link--text focus-inset PureBubs,712d58055206b9de36ffd3fee2f6d97e138e21661d7ef7c7ee55e897d230710c,600,174,15183
SAFE,cmta4yz7c003asciye4s41wsv,Perfumeintheair,perfumeintheair,https://perfumeintheair.gr,https://perfumeintheair.gr/,OFFICIAL_PAGE|JSONLD_LOGO|SAME_SITE_ASSET|IMAGE_VALIDATED,JSONLD_LOGO,298,https://perfumeintheair.gr/wp-content/uploads/2025/05/logobgne.webp,JSON-LD logo ImageObject,f68f0c7415de11bfe56eb86913318f3e9ffff4fa7e4a9cacac8d9b8446f2d64d,713,709,33098
SAFE,cmta1j8i300g3q8iy6tehieg8,Pethellas,pethellas,https://pethellas.gr,https://pethellas.gr/,OFFICIAL_PAGE|HEADER_IMAGE|SAME_SITE_ASSET|IMAGE_VALIDATED,HEADER_IMAGE,367,https://pethellas.gr/wp-content/uploads/2022/06/PETHELLAS_LOGO_FIN_APR_2022-12.png,img:c-header__logo-img c-header__logo-img--mobile  Pet Hellas,9983985c02193ca3156ace4de6a37169b21f974fcaa448db670190e18d5a78d5,2848,984,59984
SAFE,cmta1j8yp00g5q8iy73dqyf45,Petiteboutique,petiteboutique,https://petiteboutique.gr,https://petiteboutique.gr/,OFFICIAL_PAGE|HEADER_IMAGE|SAME_SITE_ASSET|IMAGE_VALIDATED,HEADER_IMAGE,367,https://petiteboutique.gr/wp-content/uploads/2022/10/logo-img.png,img:et_b_header-logo-img,74d55fb8e211f898efd9333193334e5ea1810b718115261ce549cce58ff408c2,596,232,165953
SAFE,cmta1guer0075q8iy66ovvcm4,Petradi,petradi,https://petradi.com.gr,https://www.petradi.com.gr/,OFFICIAL_PAGE|HEADER_IMAGE|SAME_SITE_ASSET|IMAGE_VALIDATED,HEADER_IMAGE,346,https://www.petradi.com.gr/wp-content/uploads/2021/03/logo-petradi-dark.svg,img:edge-normal-logo logo,d6609aae57ba2ec092e5019fdca8ac37b9e3f0e66e83a99c33a910dea9a43f3a,272,56,4025
SAFE,cmta1lcus00otq8iyclnib1y8,Petrichor,petrichor,https://petrichor.com.gr,https://www.petrichor.com.gr/en/,OFFICIAL_PAGE|HEADER_IMAGE|SAME_SITE_ASSET|IMAGE_VALIDATED,HEADER_IMAGE,346,https://www.petrichor.com.gr/static/version1780605241/frontend/Elegento/petrichor/en_US/images/petrichor-header-logo.svg,img:img-fluid header-logo logo store logo Petrichor Logo,86f765655476131ee5f1e6d59f5fb5b5303a716f87898b2fac8ee60bd5f7898f,676,140,2241
REVIEW,cmta1j9e600g7q8iy1df56tbq,Petvet24,petvet24,https://petvet24.gr,https://www.petvet24.gr/,NO_AUTO_SAFE_CANDIDATE,HEADER_IMAGE,367,https://www.petvet24.gr/wp-content/uploads/2023/05/logo-2-148x35.png,img:attachment-full size-full wd-logo wd-main-logo Site logo,,,,
REVIEW,cmta1j9v800g9q8iy1nle1uqi,Pezzetta,pezzetta,https://pezzetta.gr,https://www.pezzetta.gr/,NO_AUTO_SAFE_CANDIDATE,OG_IMAGE,-45,"https://static.wixstatic.com/media/72f3dc_8b006bd4cd1b49b695cf33089781f9b5%7Emv2.jpg/v1/fit/w_2500,h_1330,al_c/72f3dc_8b006bd4cd1b49b695cf33089781f9b5%7Emv2.jpg",og:image,,,,
SAFE,cmt79igs4001584iyx1lcaw5f,Pharm24,pharm24,https://pharm24.gr,https://www.pharm24.gr/,OFFICIAL_PAGE|HEADER_IMAGE|SAME_SITE_ASSET|IMAGE_VALIDATED,HEADER_IMAGE,346,https://cdn.pharm24.gr/includes/templates/theme464/images/logo_2020_tagline.svg,img:logo Online Φαρμακείο Pharm24.gr,b8a827e613f22e936d43ca23c71b7dfa277e063b8c624c7da73ee189e6ea8498,782,283,13196
SAFE,cmta1lk4i00plq8iyidbkj7n0,Pharmagalaxy,pharmagalaxy,https://pharmagalaxy.gr,https://pharmagalaxy.gr/,OFFICIAL_PAGE|HEADER_IMAGE|SAME_SITE_ASSET|IMAGE_VALIDATED,HEADER_IMAGE,367,https://pharmagalaxy.gr/wp-content/uploads/2023/11/logo-pharmagalaxy.png,img:header_logo header-logo Pharmagalaxy.gr,418fecd4c76bdad932d37247048289a9f0cb979cddcfa1d554bd12bdb44d9c2f,600,139,9051
REVIEW,cmta1f2cv000wq8iyrguy8go3,PharmNet,pharmnet,https://pharmnet.gr,https://www.pharmnet.gr/el/,NO_AUTO_SAFE_CANDIDATE,SITE_ICON,139,https://www.pharmnet.gr/images/logos/1/Favicon_17x17_m3ea-ca.png,link rel=shortcut icon,,,,
REVIEW,cmta1kzhi00nbq8iyvl7pvepj,Philatravel,philatravel,https://philatravel.gr,https://philatravel.gr/,NO_AUTO_SAFE_CANDIDATE,HEADER_IMAGE,351,https://philatravel.gr/wp-content/uploads/2025/02/philatravellogo1-300x155.webp,img:custom-logo custom-logo-link Phila Travel,,,,
SAFE,cmta1nl7700xfq8iycudfjd9o,Philsgranola,philsgranola,https://philsgranola.gr,https://philsgranola.gr/,OFFICIAL_PAGE|HEADER_IMAGE|SAME_SITE_ASSET|IMAGE_VALIDATED,HEADER_IMAGE,367,https://philsgranola.gr/cdn/shop/files/LOGO_GRANOLA_NEW_COLOURS_ORIZONTIO_25ac7d7f-6042-417c-b2ac-09a229741706.png?height=76&v=1747140661,img:header__heading-logo medium-hide large-up-hide header__heading-link focus-inset Phil's Granola,6edc0bd8f70e55740be75e8f1988fe116b30aaae2c0ef28b118330a65fe9b863,201,76,6737
SAFE,cmta1guui0077q8iybyqma2gp,Phoskitchenware,phoskitchenware,https://phoskitchenware.gr,https://www.phoskitchenware.gr/en/,OFFICIAL_PAGE|JSONLD_LOGO|SAME_SITE_ASSET|IMAGE_VALIDATED,JSONLD_LOGO,283,https://www.phoskitchenware.gr/img/logo-1655913525.jpg,JSON-LD logo ImageObject,d64074a60dcb794ecd5e011851fd0ad89481664bf3eff2c0bb455788f54ddfa5,441,225,21086
REVIEW,cmta1nlq100xhq8iyhrd4aiit,Physioathens,physioathens,https://physioathens.gr,https://physioathens.gr/,NO_AUTO_SAFE_CANDIDATE,HEADER_IMAGE,199,https://physioathens.gr/wp-content/uploads/2023/09/logo-light.svg,img:stnd skip-lazy default-logo logo Physioathens,,,,
SAFE,cmtb77hgm002wdkiy7a6hmw6n,Physis Massage,massage-gift-card,https://physismassage.gr,https://physismassage.gr/,OFFICIAL_PAGE|HEADER_IMAGE|SAME_SITE_ASSET|IMAGE_VALIDATED,HEADER_IMAGE,346,https://physismassage.gr/wp-content/uploads/2023/05/icon_logo_black.svg,img:logo__img-primary logo header-element-fluid-paddings Physis Massage Therapy Center Physis Massage Therapy Center,30b5696b789ae485a3ebf4a5550705e200a8994bc6cc5e6939eee522efd6101b,50,49,2306
SAFE,cmta1l02r00ndq8iyx2i3307v,Pibu,pibu,https://pibu.gr,https://www.pibu.gr/,OFFICIAL_PAGE|HEADER_IMAGE|SAME_SITE_ASSET|IMAGE_VALIDATED,HEADER_IMAGE,379,https://www.pibu.gr/wp-content/uploads/2021/04/PIBU-LOGO-1.svg,img:attachment-full size-full wp-image-6380 PIBU LOGO,d6820466b496b2e0836c1e9e42ceb2820a8b447beab270dd316c765ac97df33e,143,40,1129
NONE,cmta1nm6s00xjq8iyb6787fku,Piccolo Orso,piccolo-orso,https://piccolo-orso.gr,https://piccolo-orso.gr/,NO_LOGO_CANDIDATE,,,,,,,,
SAFE,cmta1gvpr0079q8iys67a9a75,Piedini,piedini,https://piedini.gr,https://www.piedini.gr/,OFFICIAL_PAGE|HEADER_IMAGE|SAME_SITE_ASSET|IMAGE_VALIDATED,HEADER_IMAGE,361,https://www.piedini.gr/static/version1785249345/frontend/DigitalUp/diogenes/el_GR/svg/logo.svg,img:logo store logo,b6de52c775745ec9077742f375ec57451ced192b5132700c108395778c1274e3,700,490,27683
SAFE,cmt79ihcu001b84iy567io27n,Plaisio,plaisio,https://plaisio.gr,https://www.plaisio.gr/,OFFICIAL_PAGE|HEADER_IMAGE|SAME_SITE_ASSET|IMAGE_VALIDATED,HEADER_IMAGE,364,https://www.plaisio.gr/_next/static/media/logoB2C.c84501a3.svg,img:HeaderLogo_logo__nIIKb Plaisio,8ea4c793d6c8803e8b3acdf68b708933381726bb842e5ca0c61956aef1b3acd8,159,25,1992
SAFE,cmta1f0j7000oq8iysl6mrjq4,Play-sports,play-sports,https://play-sports.gr,https://play-sports.gr/,OFFICIAL_PAGE|JSONLD_LOGO|SAME_SITE_ASSET|IMAGE_VALIDATED,JSONLD_LOGO,332,https://play-sports.gr/wp-content/uploads/2020/04/ps_logo.png,JSON-LD logo ImageObject,1850c05269a4d49d159a0d9ce94c78322162bcd5966adbfd0f68066f78e88a6e,250,62,21987
REVIEW,cmta1jabo00gbq8iyfkwzzwws,Playroot,playroot,https://playroot.gr,https://playroot.gr/,NO_AUTO_SAFE_CANDIDATE,HEADER_IMAGE,334,https://playroot.gr/wp-content/uploads/2023/01/cropped-Playroot_logo-300x102.png,img:no-lazy custom-logo no-lazy custom-logo-link Playroot Logo,,,,
REVIEW,cmt8l60bp00115giyeacifmxk,PlayStation,playstation,https://www.playstation.com,https://www.playstation.com/el-gr/,NO_AUTO_SAFE_CANDIDATE,SITE_ICON,138,https://gmedia.playstation.com/is/image/SIEPDC/ps-logo-favicon?$icon-196-196--t$,link rel=icon,,,,
REVIEW,cmta1jarh00gdq8iyxtg67ir3,Pleasurefashion,pleasurefashion,https://pleasurefashion.gr,https://www.pleasurefashion.gr/,NO_AUTO_SAFE_CANDIDATE,OG_IMAGE,153,https://www.pleasurefashion.gr/images/logo.jpg,og:image,,,,
REVIEW,cmtb78a1e006xdkiyci06sr0y,Plegmashop,plegmashop,https://plegmashop.gr,https://plegmashop.gr/,NO_AUTO_SAFE_CANDIDATE,SITE_ICON,-26,"https://sp-ao.shortpixel.ai/client/to_auto,q_glossy,ret_img,w_192,h_192/https://plegmashop.gr/wp-content/uploads/2020/11/cropped-plegma-circle-192x192.png",link rel=icon,,,,
SAFE,cmtb77htn002ydkiyj6r7p77m,Pleko,pleko,https://pleko.gr,https://pleko.gr/,OFFICIAL_PAGE|HEADER_IMAGE|SAME_SITE_ASSET|IMAGE_VALIDATED,HEADER_IMAGE,334,https://pleko.gr/images/logo/pleko-logo-204x50px.png#joomlaImage://local-images/logo/pleko-logo-204x50px.png?width=115&height=50,img:site-logo logo-general img-responsive brand Mallia Kouvaria - Pleko,3fa9178753e0488d1e1b131b1d95098dbc833df4aca06c71d690b19694a751f2,115,50,3322
SAFE,cmta1fqg6003aq8iyyqfnhn5v,PNN Nightwear,pnn-nightwear,https://pnn-nightwear.gr,https://pnn-nightwear.gr/,OFFICIAL_PAGE|HEADER_IMAGE|SAME_SITE_ASSET|IMAGE_VALIDATED,HEADER_IMAGE,334,https://pnn-nightwear.gr/wp-content/uploads/2022/09/Logo-Pnn-navy-blue-transparent-small.png,img:logo-dark logo-image logo  PNN Nightwear,33824eef45d18bdd57e8956041e067b776377669f17d7dd3f8e029272f1f0e0a,300,300,4820
SAFE,cmta1k1ev00jfq8iymc3ul12q,Pnoewave,pnoewave,https://pnoewave.gr,https://pnoewave.gr/,OFFICIAL_PAGE|HEADER_IMAGE|SAME_SITE_ASSET|IMAGE_VALIDATED,HEADER_IMAGE,334,https://pnoewave.gr/wp-content/uploads/2024/11/pnoe_logo.png,img:wd-logo wd-main-logo Site logo Pnoe,7a45eb4d147849c43c224a24c29aad4bccf6b8e63537f6c1cc270697b94a1956,305,162,34517
SAFE,cmta1jb8400gfq8iyzptmp6nl,Pocolocojewellery,pocolocojewellery,https://pocolocojewellery.gr,https://pocolocojewellery.gr/,OFFICIAL_PAGE|HEADER_IMAGE|SAME_SITE_ASSET|IMAGE_VALIDATED,HEADER_IMAGE,351,https://pocolocojewellery.gr/wp-content/uploads/2025/04/logo_204%CF%8775.png#97740,img:logo-main scale-with-grid  logo PocoLoco Jewellery #1 Επιλογή για Piercing,0237d9bd2e5cc6b156e55d5fb3035d321c3899bc4ea4bb374ece112e2ac190c8,204,75,31736
SAFE,cmta5nw46001s54iy628m45ik,Poem Luxury,poem-luxury-100,https://poem-luxury.gr,https://poem-luxury.gr/,OFFICIAL_PAGE|HEADER_IMAGE|SAME_SITE_ASSET|IMAGE_VALIDATED,HEADER_IMAGE,367,https://poem-luxury.gr/wp-content/uploads/2026/04/poem-logo-transp.png,img:header_logo header-logo POEM – Luxury,0af88d4e63160ff98243f3d541960585d25cc63dd94a9838ac87ccd4fd6b07e6,577,260,30061
SAFE,cmta1l0lh00nfq8iy17k2mf17,Pointe,pointe,https://pointe.gr,https://pointe.gr/,OFFICIAL_PAGE|HEADER_IMAGE|SAME_SITE_ASSET|IMAGE_VALIDATED,HEADER_IMAGE,364,https://pointe.gr/assets/images/site/logo_gr.svg,img:menu-mobile__logo-img menu-mobile__logo,d30a09a48653a28a92ee33f636157b827278d4d5cb3303806285c26402e31fe5,996,399,26436
SAFE,cmta1gwic007bq8iyx3baviuz,Polis Hammam,polis-hammam,https://polis-hammam.gr,https://polis-hammam.gr/,OFFICIAL_PAGE|HEADER_IMAGE|SAME_SITE_ASSET|IMAGE_VALIDATED,HEADER_IMAGE,318,https://polis-hammam.gr/wp-content/uploads/2020/07/Polis-Hammam-Polis-Loutron-Logo-New.jpg,img:logo-desktop hidden-lg-down Polis Hammam,234f9f7829706f4e01d2064189ee7ffb8ca8f2775fbc85c0d6f42a860b59a80c,367,293,27442
SAFE,cmta1gecq005jq8iyyuke43mc,Politikos Shop,politikos,https://politikos-shop.gr,https://www.politikos-shop.gr/el-gr/,OFFICIAL_PAGE|HEADER_IMAGE|SAME_SITE_ASSET|IMAGE_VALIDATED,HEADER_IMAGE,318,https://www.politikos-shop.gr/static/theme/img/politikos-logo-v2.webp,img:logo--image  logo--link logo,4668d48bef85b04f00a8861d5d5bf0c1cda1de019ee5bc430e10ff3ec1647765,440,98,7762
REVIEW,cmta1nmmr00xlq8iyup4chk6f,Porfyrastore,porfyrastore,https://porfyrastore.gr,https://porfyrastore.gr/,NO_AUTO_SAFE_CANDIDATE,HEADER_IMAGE,367,https://porfyrastore.gr/wp-content/uploads/2025/07/porfyra-logo-trans-orange-space-150x72.png,img:attachment-full size-full wd-logo wd-main-logo Site logo,,,,
SAFE,cmta1m06000rbq8iy378r21kw,Poupee,poupee,https://poupee.gr,https://poupee.gr/,OFFICIAL_PAGE|HEADER_IMAGE|SAME_SITE_ASSET|IMAGE_VALIDATED,HEADER_IMAGE,379,https://poupee.gr/wp-content/uploads/2022/09/poupee-red-logo.svg,img:custom-logo custom-logo-link poupee red logo,18a88bf010189aa09d72444077540bf06a2c3ca9ece3bb7f06bc5b3bbee99e77,243,140,24236
REVIEW,cmta4234h0009t8iyslvfmbiy,Powerpharm,powerpharm,https://powerpharm.gr,https://powerpharm.gr/,NO_AUTO_SAFE_CANDIDATE,HEADER_IMAGE,334,https://powerpharm.gr/wp-content/uploads/2017/03/Powerpharm-logo.png,img:eltd-normal-logo lazyload Logo,,,,
REVIEW,cmta1fpfj0038q8iyqulj0hwp,Pragmatic,pragmatic,https://pragmatic.gr,https://www.pragmatic.gr/,NO_AUTO_SAFE_CANDIDATE,HEADER_IMAGE,367,https://www.pragmatic.gr/wp-content/uploads/2025/06/logo-pragmatic-12-150x39.png,img:attachment-full size-full wd-logo wd-main-logo,,,,
REVIEW,cmta1jbou00ghq8iyu8bkax3i,Prasinoselefantas,prasinoselefantas,https://prasinoselefantas.gr,https://prasinoselefantas.gr/,NO_AUTO_SAFE_CANDIDATE,HEADER_IMAGE,367,https://prasinoselefantas.gr/wp-content/uploads/2026/05/logo-prasinos-elefantas-1-removebg-preview-2-300x148.png,img:attachment-medium size-medium wp-image-22912 LOGO ELEFANTA DIAFANO,,,,
SAFE,cmtb7i4tc001c04iydbkml154,Premium Greek Natural Skincare,premium-greek-natural-skincare,https://oriadathens.com,https://oriadathens.com/,OFFICIAL_PAGE|JSONLD_LOGO|SAME_SITE_ASSET|IMAGE_VALIDATED,JSONLD_LOGO,314,https://oriadathens.com/wp-content/uploads/2021/10/Oriad-logo.png,JSON-LD logo ImageObject,c7292ad14db2163841254ee99eb60f94fd249f54bc90c75ba479c7c75b7b0b36,1090,474,13886
REVIEW,cmt79ihwt001h84iy9ye6u3j2,Prenatal,prenatal,https://prenatal.gr,https://prenatal.gr/,NO_AUTO_SAFE_CANDIDATE,JSONLD_LOGO,134,https://storage.googleapis.com/prenatal-greece-public/2022/10/53a6c2b3-pt.png,JSON-LD logo ImageObject,,,,
SAFE,cmtb7i12m000u04iynn26j31q,Prepare for Greece,greek-language-course-gift-card,https://prepareforgreece.com,https://prepareforgreece.com/,OFFICIAL_PAGE|HEADER_IMAGE|SAME_SITE_ASSET|IMAGE_VALIDATED,HEADER_IMAGE,367,https://prepareforgreece.com/cdn/shop/files/logo_transparent.png?v=1719160952&width=600,img:header__heading-logo motion-reduce header__heading-link link link--text focus-inset PrepareForGreece,32832dc2aee0d4169ef8576a725c67006bb61bb1241df8fddfd2370e24928599,546,165,10361
SAFE,cmta1nn2w00xnq8iysyd20gzz,Pret A Beaute,pret-a-beaute,https://pret-a-beaute.gr,https://pret-a-beaute.gr/,OFFICIAL_PAGE|HEADER_IMAGE|SAME_SITE_ASSET|IMAGE_VALIDATED,HEADER_IMAGE,367,https://pret-a-beaute.gr/cdn/shop/files/logo_PRET-A-BEAUTE2_8a16bec0-f7c8-4896-bfe1-cb63f0b23976.png?v=1630519447&width=200,img:header__logo-image,fc608c5b8620a62b824add3af4d889453d05bbeadaec2fb79bb2e1b5096bae69,200,60,1210
SAFE,cmtb6v1uu003j3giyr57ozj6k,Princess,princess,https://princess.com.gr,https://princess.com.gr/,OFFICIAL_PAGE|HEADER_IMAGE|SAME_SITE_ASSET|IMAGE_VALIDATED,HEADER_IMAGE,334,https://princess.com.gr/wp-content/uploads/2026/05/princess-kids-fashion-logo.png,img:header-logo navbar-brand Princess,518e9056442db1796da9914f112f1f34d56270bd6d43877c0c7a96cc9c0e7152,762,161,5460
SAFE,cmta1m0nl00rdq8iyz2i93092,Printhouse,printhouse,https://printhouse.gr,https://printhouse.gr/,OFFICIAL_PAGE|HEADER_IMAGE|SAME_SITE_ASSET|IMAGE_VALIDATED,HEADER_IMAGE,367,https://printhouse.gr/images/logos/8/printshop.png,img:ty-pict  ty-logo-container__image   cm-image det_img_4157697978,5ffa5b986c07c1931798a27d90236e269b283972b17d6fed722b61b38d7f5dd5,400,66,6319
SAFE,cmta1nnlj00xpq8iyi0360ygm,Profitstore,profitstore,https://profitstore.gr,https://www.profitstore.gr/,OFFICIAL_PAGE|HEADER_IMAGE|SAME_SITE_ASSET|IMAGE_VALIDATED,HEADER_IMAGE,334,https://www.profitstore.gr/templates/shopper_frenzy/images/profit-logo-small.png,img:v2f-brand-logo ProfitStore,eaf3f22c95c7ba8197ede70a5fcf2d0865674cf272e6dff3ad666853f86060b2,175,68,5074
SAFE,cmtb6v27r003l3giypht1hs72,Project Soma,project-soma,https://projectsoma.gr,https://projectsoma.gr/,OFFICIAL_PAGE|HEADER_IMAGE|SAME_SITE_ASSET|IMAGE_VALIDATED,HEADER_IMAGE,367,https://projectsoma.gr/pub/static/version1785915409/frontend/DigitalUp/Diogenes/el_GR/images/logo-The-real-dream-_drop-I-16-6.png,img:logo active store logo Project SOMA,69c2aa85f20c11dc5abddb2a7585fa9ba10e24a30bd39f9a722860bf50fb8805,400,70,9375
REVIEW,cmta1g3ys004mq8iy3qs4ol62,Projectshops,projectshops,https://projectshops.gr,https://projectshops.gr/,NO_AUTO_SAFE_CANDIDATE,SITE_ICON,84,https://projectshops.gr/media/favicon/default/projectshops-favicon.png,link rel=icon,,,,
REVIEW,cmta5nwhd001u54iyixfzs15z,Proswimwear,proswimwear,https://proswimwear.gr,https://www.proswimwear.gr/,NO_AUTO_SAFE_CANDIDATE,HEADER_IMAGE,221,https://www.proswimwear.eu/wp-content/uploads/sites/7/2026/04/logo-3-2.svg,img:custom-logo custom-logo-link ProSwimwear ΕΕ | Ψωνίστε Μαγιό Παγκοσμίως | Οι Καλύτερες Τιμές Online,,,,
REVIEW,cmtb6e0uw0004i4iyoqqo1osh,Proteas Blu Resort,proteas-blu-resort,https://proteasbluresort.gr,https://www.proteasbluresort.gr/,NO_AUTO_SAFE_CANDIDATE,HEADER_IMAGE,334,https://www.proteasbluresort.gr/wp-content/uploads/2023/12/pbr_logo_w.png,img:logo menu-logo Site Logo,,,,
SAFE,cmta1l12800nhq8iy7m1jy4ap,Psaltou,psaltou,https://psaltou.gr,https://www.psaltou.gr/,OFFICIAL_PAGE|JSONLD_LOGO|SAME_SITE_ASSET|IMAGE_VALIDATED,JSONLD_LOGO,244,https://www.psaltou.gr/image/cache/catalog/l2-785x184.png,JSON-LD logo property,f7ff1a4d42040f00f945a9ab4f03077a80dea8d228945bcf8c860c6036308e3e,785,184,62142
SAFE,cmta1jc6b00gjq8iyiu6ojjwp,Psomiadishome,psomiadishome,https://psomiadishome.gr,https://psomiadishome.gr/,OFFICIAL_PAGE|HEADER_IMAGE|SAME_SITE_ASSET|IMAGE_VALIDATED,HEADER_IMAGE,367,https://psomiadishome.gr/templates/vina_dongky/images/presets/preset1/logo@2x.png,img:sp-retina-logo logo Psomiadis Home,612e74af83d6e8049b6421d949d79cc7d6f389b25e9710b6c0c567d90085b2be,332,110,40557
REVIEW,cmta1jcpl00glq8iyiewjd0bh,Ptbox,ptbox,https://ptbox.gr,https://www.ptbox.gr/,NO_AUTO_SAFE_CANDIDATE,HEADER_IMAGE,263,https://www.ptbox.gr/al_c,img:gRkIq0 sFiSiq img_comp-kxmyy09e apPOZK Pt Box Logo,,,,
REVIEW,cmt8fb3lj000j6kiysgaap6u5,Public,public,https://public.gr,https://www.public.gr/,NO_AUTO_SAFE_CANDIDATE,OG_IMAGE,181,https://www.public.gr/assets/images/img-logo.svg,og:image,,,,
REVIEW,cmt8hesrb000fa8iycuggb6wc,Puma Greece,puma-greece,https://eu.puma.com,https://eu.puma.com/de/en,NO_AUTO_SAFE_CANDIDATE,JSONLD_LOGO,158,https://images.puma.net/images/fn/%7Eregional%7EEEA%7Eothers%7ELOGO%7EEEA_PUMA_Logo_Cat_with-Registration_Black_LOW-RES.png/fmt/jpg,JSON-LD logo property,,,,
SAFE,cmta5nwum001w54iy1kd87zna,Purity Vision COM,60-eur-purity-vision-com,https://purityvision.gr,https://www.purityvision.gr/,OFFICIAL_PAGE|HEADER_IMAGE|SAME_SITE_ASSET|IMAGE_VALIDATED,HEADER_IMAGE,351,https://www.purityvision.gr/cdn/shop/files/purity_vision_logo_en_1.jpg?v=1770295188&width=800,img:logo header__logo--desktop md:block hidden h3 relative flex  header__logo--image Purity Vision COM,e1a060a2750113bde2606ebb1787fe7d7a11138f26b9fe6832d33cd608b4faa1,800,374,15784
REVIEW,cmta1no5i00xrq8iye1impiqz,Puroshop,puroshop,https://puroshop.gr,https://puroshop.gr/,NO_AUTO_SAFE_CANDIDATE,HEADER_IMAGE,318,https://puroshop.gr/wp-content/uploads/2020/11/Puro_logo-.jpg,img:lazyload wd-logo wd-main-logo Site logo PuroShop,,,,
REVIEW,cmtb77y00005adkiya4pa2gzm,Quad & Buggy Safari Crete,quad-and-buggy-safari-crete,https://offroadcrete.gr,https://www.offroadcrete.gr/,STRONG_CANDIDATE_REJECTED|ASSET_HTTP_400,JSONLD_LOGO,299,https://www.offroadcrete.gr/logo.png,JSON-LD logo ImageObject,,,,
REVIEW,cmtb62r5h001u94iyasn3pt54,Radiodaysfashion,radiodaysfashion,https://radiodaysfashion.gr,https://www.radiodaysfashion.gr/,NO_AUTO_SAFE_CANDIDATE,OG_IMAGE,98,https://www.radiodaysfashion.gr/app/assets/img/share-image.jpg,og:image,,,,
REVIEW,cmta1g1rb004eq8iybuvsqb1m,Red Raven Eyewear,red-raven-eyewear,https://myredraven.com,https://myredraven.com/,NO_AUTO_SAFE_CANDIDATE,HEADER_IMAGE,367,https://myredraven.com/cdn/shop/files/full_logo_2_header.png?v=1754747083&width=1000,img:header__logo-image header__logo-image--transparent,,,,
REVIEW,cmta1geq4005lq8iyvs3k2pk8,Regalinas,regalinas,https://regalinas.gr,https://www.regalinas.gr/,NO_AUTO_SAFE_CANDIDATE,OG_IMAGE,98,https://www.regalinas.gr/icons/basic_image.jpg,og:image,,,,
SAFE,cmta1non000xtq8iytp353wfo,Revitalash,revitalash,https://revitalash.gr,https://revitalash.gr/,OFFICIAL_PAGE|HEADER_IMAGE|SAME_SITE_ASSET|IMAGE_VALIDATED,HEADER_IMAGE,364,https://revitalash.gr/cdn/shop/files/RevitaLash-Cosmetics-logo_c9af2d0a-b3fe-4a61-a354-6fa4b04d67f7.svg?v=1729517163&width=130,img:site-header__logo Revitalash cosmetics logo,cf46cebe439d5e780d96105982db8cc53bdc400c75b27c87dd1cc7ffab469c24,130,28,3324
SAFE,cmta1l1iv00njq8iy81dvaoy4,Rhythmichouse,rhythmichouse,https://rhythmichouse.gr,https://rhythmichouse.gr/,OFFICIAL_PAGE|JSONLD_LOGO|SAME_SITE_ASSET|IMAGE_VALIDATED,JSONLD_LOGO,316,https://rhythmichouse.gr/wp-content/uploads/2021/10/logo_rhythmichouse-new.jpg,JSON-LD logo ImageObject,a8cbdcdbde65f62e45666374e041772399daecef8673ad9454b13fb95fcd4578,250,49,6865
SAFE,cmta4yzn7003csciyh731m9hx,Ricordi,ricordi,https://ricordi.gr,https://ricordi.gr/,OFFICIAL_PAGE|HEADER_IMAGE|SAME_SITE_ASSET|IMAGE_VALIDATED,HEADER_IMAGE,346,https://ricordi.gr/wp-content/uploads/2021/09/ricordi-logo.svg,img:svg-icon logo-wrap,cd13959c5f8236e985dfecc61d3d95b909dd98f106e0e0cd31d387d09058fc81,537,75,2445
SAFE,cmta4z03c003esciypzuwqti3,Rideonline,rideonline,https://rideonline.gr,https://www.rideonline.gr/,OFFICIAL_PAGE|HEADER_IMAGE|SAME_SITE_ASSET|IMAGE_VALIDATED,HEADER_IMAGE,334,https://www.rideonline.gr/wp-content/uploads/2021/05/rideonline-logo-1-2.png,img:lazy wd-logo wd-main-logo Site logo rideonline bmx streetwear,9f4763a5c6a1d5ae06bd2d074e399d0261a6f27767fe9878c91d59ae1f03cc3e,309,50,11194
REVIEW,cmta1evj10006q8iy32cz89b3,Rituals,rituals,https://rituals.com,https://www.rituals.com/,NO_AUTO_SAFE_CANDIDATE,SITE_ICON,-12,https://www.rituals.com/favicon.ico,link rel=icon,,,,
REVIEW,cmt8l623g00165giyglxj5znv,Roblox,roblox,https://www.roblox.com,https://www.roblox.com/,NO_AUTO_SAFE_CANDIDATE,JSONLD_LOGO,101,https://images.rbxcdn.com/fc3f3e3158fc20ebb5ccc972064ebfe6.png,JSON-LD logo property,,,,
SAFE,cmta4z0k6003gsciyzuu8lma1,Rococo,rococo,https://rococo.gr,https://www.rococo.gr/el/,OFFICIAL_PAGE|JSONLD_LOGO|SAME_SITE_ASSET|IMAGE_VALIDATED,JSONLD_LOGO,283,https://www.rococo.gr/img/rococo-logo-1720161350.jpg,JSON-LD logo ImageObject,a5012d74533b233cb24af515f0ea2dbd636203080c5fdb3384310b53bf574160,1310,411,86337
REVIEW,cmta1k1x700jhq8iyxupg6exd,Romeo,romeo,https://romeo.gr,https://www.romeo.gr/,NO_AUTO_SAFE_CANDIDATE,OG_IMAGE,-29,"https://static.wixstatic.com/media/c3c625_dc539d9ed94a4f84a748b2df1252228c%7Emv2.png/v1/fit/w_2500,h_1330,al_c/c3c625_dc539d9ed94a4f84a748b2df1252228c%7Emv2.png",og:image,,,,
SAFE,cmta1np5q00xvq8iy6hktvb7w,Romina Hairstyle,romina-hairstyle,https://romina-hairstyle.gr,https://romina-hairstyle.gr/,OFFICIAL_PAGE|JSONLD_LOGO|SAME_SITE_ASSET|IMAGE_VALIDATED,JSONLD_LOGO,332,https://romina-hairstyle.gr/wp-content/uploads/2024/04/logo-no-bg.png,JSON-LD logo ImageObject,456019bb6e5b972694007647998c9783ad2a28062e4d649fb0382cbf9c3c635a,1418,449,323287
SAFE,cmtb7r4n0000gu8iy4mw4qat5,Royal Grand Hotel,royal-grand-hotel,https://royalgrandhotel.gr,https://royalgrandhotel.gr/,OFFICIAL_PAGE|HEADER_IMAGE|SAME_SITE_ASSET|IMAGE_VALIDATED,HEADER_IMAGE,279,https://royalgrandhotel.gr/wp-content/uploads/2019/10/The-Royal-Grand-Hotel-Copy-2.png,img:logo-alternate menu-logo logo-alternate,ebfbbb4f699e3c2b1aed5535add922d6b43af39ccc847ffb0d8ddfcc30aff382,310,88,3675
SAFE,cmta1l1zu00nlq8iywld8ilwh,Royalhair,royalhair,https://royalhair.gr,https://royalhair.gr/,OFFICIAL_PAGE|HEADER_IMAGE|SAME_SITE_ASSET|IMAGE_VALIDATED,HEADER_IMAGE,349,https://royalhair.gr/wp-content/uploads/2026/02/royalhair-full-logo-e1771151746724.png,img:img-logotype dark-logotype Site Logotype Dark,3038e2757c44ca0135292cd21bb6c2eeb445861947c85c61a097319bbf41de84,557,361,143740
SAFE,cmta4z102003isciy93e67msg,Royalmyconian,royalmyconian,https://royalmyconian.gr,https://www.royalmyconian.gr/,OFFICIAL_PAGE|JSONLD_LOGO|SAME_SITE_ASSET|IMAGE_VALIDATED,JSONLD_LOGO,311,https://www.royalmyconian.gr/wp-content/uploads/2025/06/myconian-royal-logo.svg,JSON-LD logo ImageObject,77847492cf2446abbfbfbeaae34ca818c9556685c237deb8d447177659aabd71,572,216,4955
SAFE,cmt79iigj001n84iyrxcwpcru,Rundome,rundome,https://rundome.gr,https://www.rundome.gr/,OFFICIAL_PAGE|HEADER_IMAGE|SAME_SITE_ASSET|IMAGE_VALIDATED,HEADER_IMAGE,367,https://www.rundome.gr/themes/sleedex-rundome/img/rundome-logo-footer.png,img:logo img-responsive blockcontact-inner__logo Rundome,d5fe3ae28713e1b3f7953b1bf61490c0e4c4afad22deb5c9d3bb3e0b08451b6e,252,76,4646
REVIEW,cmta1ewzn000aq8iyq8fpkvwb,Ryanair,ryanair,https://ryanair.com,https://www.ryanair.com/gr/el,NO_AUTO_SAFE_CANDIDATE,SITE_ICON,99,https://assets.ryanair.com/resources/ui/ryanair3.0/favicons/apple-touch-icon-120x120.png,link rel=apple-touch-icon,,,,
ERROR,cmtb77ixb0034dkiyqf6w71rn,s Αρχεία,s-αρχεια,https://rocksugarbaby.gr,,PAGE_TIMEOUT,,,,,,,,
SAFE,cmta1mcn400snq8iy1qn2584x,Sacjeans,sacjeans,https://sacjeans.gr,https://sacjeans.gr/,OFFICIAL_PAGE|JSONLD_LOGO|SAME_SITE_ASSET|IMAGE_VALIDATED,JSONLD_LOGO,332,https://sacjeans.gr/wp-content/uploads/2025/01/logo.png,JSON-LD logo ImageObject,3b1553a6e16844a9aa7be25b4a16cf91aca822be270230e20167c2d852d2c69f,969,257,53453
SAFE,cmta1l2fz00nnq8iywkc2k8lu,Safe Travel,safe-travel,https://safe-travel.gr,https://safe-travel.gr/,OFFICIAL_PAGE|JSONLD_LOGO|SAME_SITE_ASSET|IMAGE_VALIDATED,JSONLD_LOGO,298,https://safe-travel.gr/wp-content/uploads/2023/09/safe-travel-logo-003.webp,JSON-LD logo ImageObject,b0c91fc4884041402d2185c4e11bbf3905c51d6d70659bf25746a5cf1857d10a,685,685,11788
SAFE,cmta1l2w200npq8iy2rvlbig1,Safestep,safestep,https://safestep.gr,https://safestep.gr/,OFFICIAL_PAGE|HEADER_IMAGE|SAME_SITE_ASSET|IMAGE_VALIDATED,HEADER_IMAGE,333,https://safestep.gr/wp-content/uploads/Logo-safe-step.webp,img:header_logo header-logo Safe Step ®,44b1ea9afd0ba46fa4caa0d037ef09621683001b29f4e0d674ee40faeacb8fe6,350,218,17550
REVIEW,cmta1m13x00rfq8iy5t496suf,Sakkoulasbooks,sakkoulasbooks,https://sakkoulasbooks.gr,https://sakkoulasbooks.gr/,NO_AUTO_SAFE_CANDIDATE,HEADER_IMAGE,334,https://sakkoulasbooks.gr/wp-content/uploads/2018/09/Logo-Sakkoulas-1.png,img:fusion-mobile-logo fusion-logo-link Εκδόσεις Αντ. Ν. Σάκκουλα Ε.Ε. Λογότυπο,,,,
SAFE,cmtb62riy001w94iy4qqlybg8,Salondemassage,salondemassage,https://salondemassage.gr,https://salondemassage.gr/,OFFICIAL_PAGE|JSONLD_LOGO|SAME_SITE_ASSET|IMAGE_VALIDATED,JSONLD_LOGO,261,https://salondemassage.gr/wp-content/uploads/2023/12/salondemassage-og-img.jpg,JSON-LD logo ImageObject,0f11cc6b2a58f7907580ebcdf127c84e9884d268e76d07f2df12ac88fcaecd8c,1200,630,29374
SAFE,cmta1md5400spq8iybzvjhvca,Saltymoon,saltymoon,https://saltymoon.gr,https://www.saltymoon.gr/el/,OFFICIAL_PAGE|HEADER_IMAGE|SAME_SITE_ASSET|IMAGE_VALIDATED,HEADER_IMAGE,279,https://www.saltymoon.gr/wp-content/uploads/2023/01/5.png,img:logoimg logolink Salty Moon,2241c7e9f4dabbff7b94d075809c6c185d06aa06039cc27ac0ba4c895cb96a81,718,375,10288
ERROR,cmtb6v2jj003n3giy074shjfa,Sandalista,sandalista-gift-card,https://sandalista.gr,,PAGE_HTTP_403,,,,,,,,
SAFE,cmta1jd5500gnq8iyeeenv6pf,Sandglass,sandglass,https://sandglass.gr,https://www.sandglass.gr/,OFFICIAL_PAGE|HEADER_IMAGE|SAME_SITE_ASSET|IMAGE_VALIDATED,HEADER_IMAGE,279,https://www.sandglass.gr/wp-content/uploads/2019/11/sandglass-horizontal.png,img:img-responsive standard-logo retina-logo Site Logo Sandglass.gr by Ammos & Gyali,6108123bc33c7fefc74f1cea5f653d8b48a25d89023a66a5fc6d4d5398dde8f9,2414,347,58537
SAFE,cmtb77jay0036dkiy4uehp9j3,Sandinmytoes,sandinmytoes,https://sandinmytoes.gr,https://sandinmytoes.gr/,OFFICIAL_PAGE|HEADER_IMAGE|SAME_SITE_ASSET|IMAGE_VALIDATED,HEADER_IMAGE,379,https://sandinmytoes.gr/wp-content/uploads/2023/04/Main-logo-3.svg,img:attachment-full size-full wd-logo wd-main-logo Site logo,67491c096005b01007df30c775368a39edf920e2cbb9619735b128cf64d1de56,221,103,14034
SAFE,cmtb77jp50038dkiyxpafqz6u,Sanopwleio,sanopwleio,https://sanopwleio.gr,https://www.sanopwleio.gr/,OFFICIAL_PAGE|JSONLD_LOGO|SAME_SITE_ASSET|IMAGE_VALIDATED,JSONLD_LOGO,283,https://www.sanopwleio.gr/image/cache/catalog/crop-client/logo-185x165.jpg,JSON-LD logo property,bd091c64e60f5a883480eac1fca68e5fa53babf1a07d43b3634d82c8118a4f43,185,165,23845
REVIEW,cmta1npos00xxq8iyy4krj4xf,Santi,santi,https://santi.gr,https://santi.gr/,NO_AUTO_SAFE_CANDIDATE,HEADER_IMAGE,294,https://santi.gr/wp-content/uploads/2018/10/Santi-Transparent.png,img:mkd-normal-logo logo,,,,
SAFE,cmtb7r50q000iu8iy46vbkjod,Santo Wines,santo-wines,https://santowines.gr,https://santowines.gr/,OFFICIAL_PAGE|HEADER_IMAGE|SAME_SITE_ASSET|IMAGE_VALIDATED,HEADER_IMAGE,349,https://santowines.gr/images/santowines-winery-new-logo.png,img:sp-retina-logo hidden-xs SantoWines Winery,91224955072a5520235c1369190d17238aa6347dcf2d6f3ce2562092fd7b9046,120,108,19581
REVIEW,cmtb7i1i0000w04iys9w2oqz8,Santorini Zen Spa,spa-gift-voucher-in-santorini,https://santorinizenspa.com,https://www.santorinizenspa.com/,NO_AUTO_SAFE_CANDIDATE,OG_IMAGE,114,https://www.santorinizenspa.com/uploads/4/6/1/4/46140597/tg010_orig.png,og:image,,,,
REVIEW,cmta1nq7z00xzq8iyb6nd72za,Sbokos,sbokos,https://sbokos.gr,https://sbokos.gr/,NO_AUTO_SAFE_CANDIDATE,HEADER_IMAGE,312,https://sbokos.gr/wp-content/uploads/2025/03/sbokos-1-150x48.png,img:attachment-full size-full wd-logo wd-main-logo Site logo,,,,
REVIEW,cmta1jdpf00gpq8iyjay8pz2w,Secretsofbeauty,secretsofbeauty,https://secretsofbeauty.gr,https://secretsofbeauty.gr/,NO_AUTO_SAFE_CANDIDATE,HEADER_IMAGE,346,https://secretsofbeauty.gr/wp-content/uploads/2022/01/logo-full.svg,img:lazyload wp-image-909 logo-full,,,,
SAFE,cmta1m1mk00rhq8iyi8c0svge,Sekoia,sekoia,https://sekoia.gr,https://sekoia.gr/,OFFICIAL_PAGE|HEADER_IMAGE|SAME_SITE_ASSET|IMAGE_VALIDATED,HEADER_IMAGE,334,https://sekoia.gr/wp-content/uploads/2026/04/logo-sekoia.png,img:wd-logo wd-sticky-logo Sekoia Boutique,b20e62398a4402b98881f030771008c4d4f84057bb841b55abefa943539f973d,1287,332,22704
REVIEW,cmta4z1wt003msciyra3ph112,Semiology,semiology,https://semiology.gr,https://semiology.gr/,NO_AUTO_SAFE_CANDIDATE,HEADER_IMAGE,334,https://semiology.gr/cdn/shop/files/semiology-logo_500x.png?v=1712748873,img:header-logo-link Semiology.gr,,,,
ERROR,cmtb62p1e001i94iydv5ldjzm,Send gifts and wishes to your beloved ones,send-gifts-and-wishes-to-your-beloved-ones,https://neraidochora.gr,,PAGE_HTTP_403,,,,,,,,
REVIEW,cmta1m29k00rjq8iy22ccszvr,Senorclothing,senorclothing,https://senorclothing.gr,https://senorclothing.gr/,NO_AUTO_SAFE_CANDIDATE,HEADER_IMAGE,279,https://senorclothing.gr/wp-content/uploads/2026/01/SENOR_w.png,img:logo-light logo Senor Clothing,,,,
ERROR,cmt8fb4oz000o6kiylq2ujw83,Sephora,sephora,https://giftcard.sephora.gr,,fetch failed,,,,,,,,
SAFE,cmtb62rv6001y94iyot2scee1,Serkos,serkos,https://serkos.gr,https://www.serkos.gr/en,OFFICIAL_PAGE|HEADER_IMAGE|SAME_SITE_ASSET|IMAGE_VALIDATED,HEADER_IMAGE,379,https://www.serkos.gr/themes/custom/rocket_path_theme/logo.svg,img:site-logo Home,c19c66fb1627001002b78d910d719d8f74029863a3c8a2d3cdf87db8c24a8a8c,248,120,11455
SAFE,cmta5nx79001y54iyjatwauue,sexodonia,75-eur-sexodonia,https://sexodonia.gr,https://www.sexodonia.gr/,OFFICIAL_PAGE|HEADER_IMAGE|SAME_SITE_ASSET|IMAGE_VALIDATED,HEADER_IMAGE,367,https://www.sexodonia.gr/img/cms/sexodonia-email-logo-b.png,img:img-responsive sexodonia_logo,30a988809ff2956cdf2708efda9e93fcb3274987a2f452dee5891b5697cfb428,285,85,17604
SAFE,cmtb62s9p002094iya9cgkef1,Sfinx,sfinx,https://sfinx.gr,https://sfinx.gr/,OFFICIAL_PAGE|HEADER_IMAGE|SAME_SITE_ASSET|IMAGE_VALIDATED,HEADER_IMAGE,294,https://sfinx.gr/cdn/shop/files/SfinxL.png?crop=center&height=140&v=1718805320&width=140,img: is-loading  header__logo__link header__logo__link--drawer Slide image,de41fe922f3369d5c84c881c9b61086de419762582c9ffdaad35d9e7bc468d29,140,140,9216
ERROR,cmta1gwxy007dq8iy283ovzsf,Sfsonline,sfsonline,https://sfsonline.gr,,PAGE_HTTP_403,,,,,,,,
REVIEW,cmta1fypk0046q8iyul7h6jis,SHEIN,shein,https://m.shein.com,https://m.shein.com/euqs/?cdn_rsite=cf&ref=m&rep=dir&ret=meuqs,NO_AUTO_SAFE_CANDIDATE,JSONLD_LOGO,174,https://sheinm.ltwebstatic.com/pwa_dist/images/logo-c5a7025679.png,JSON-LD logo property,,,,
REVIEW,cmta4z2dl003osciyke6bolxe,Shell,shell,https://shell.gr,https://www.shell.gr/,NO_AUTO_SAFE_CANDIDATE,OG_IMAGE,98,https://www.shell.gr/el_gr/_jcr_content/root/metadata.shellimg.jpeg/1732017022269/shell-v-power-fuel.jpeg?imwidth=1280&impolicy=amidala-image-191x100,og:image,,,,
SAFE,cmta5nxkc002054iyrperd4fx,Shine4ever.gr,shine4ever-gr,https://shine4ever.gr,https://shine4ever.gr/,OFFICIAL_PAGE|HEADER_IMAGE|SAME_SITE_ASSET|IMAGE_VALIDATED,HEADER_IMAGE,318,https://shine4ever.gr/s4e/wp-content/uploads/2021/08/s4elogo-352x100-1.jpg,img:x-brand img Shine4ever.gr,e271320ef392e7fd00558ef6f23f86f1a985f7ac7b9c74e9f7190bf66868ceab,352,100,20540
REVIEW,cmta1l3c500nrq8iyb4wzthnb,Shoebox,shoebox,https://shoebox.gr,https://shoebox.gr/gr/,NO_AUTO_SAFE_CANDIDATE,HEADER_IMAGE,334,https://shoebox.gr/templates/pcmanager/images/logo_210x70.png,img:logo-img Shoebox,,,,
SAFE,cmta1nqr200y1q8iyf0ryvx34,Shoelover,shoelover,https://shoelover.gr,https://shoelover.gr/,OFFICIAL_PAGE|HEADER_IMAGE|SAME_SITE_ASSET|IMAGE_VALIDATED,HEADER_IMAGE,351,https://shoelover.gr/image/cache/wp/cp/shoelover_logo-567x142.webp,img:logo-1x ShoeLover,520cb6dcffbf9d2b4257d007a8f396bad232887d2a251a9146262c0c836d77ba,567,142,4000
SAFE,cmta1nr8200y3q8iy7os9eref,Shop Guide,guide,https://shop-guide.gr,https://shop-guide.gr/,OFFICIAL_PAGE|HEADER_IMAGE|SAME_SITE_ASSET|IMAGE_VALIDATED,HEADER_IMAGE,333,https://shop-guide.gr/cdn/shop/files/SG_logox2_125x_2x_20c38613-986c-4606-be2d-898fef640022.webp?v=1679329273&width=500,img:header__heading-logo motion-reduce header__heading-link link link--text focus-inset Shop Guide,001f38085842adb0c0757c8941ec40d5814e1bab7222e8753469b179a244bfdf,250,148,3330
REVIEW,cmta1ff3n002aq8iyrx6zswhx,Shopdali,shopdali,https://shopdali.gr,https://shopdali.gr/,NO_AUTO_SAFE_CANDIDATE,HEADER_IMAGE,263,https://shopdali.gr/cdn/shop/files/DALI_teel_1308x750.jpg?v=1777024723,img:site-logo-image site-logo,,,,
SAFE,cmta1je5f00grq8iyglykshx2,Signature,signature,https://signature.gr,https://signature.gr/,OFFICIAL_PAGE|HEADER_IMAGE|SAME_SITE_ASSET|IMAGE_VALIDATED,HEADER_IMAGE,367,https://signature.gr/wp-content/uploads/2016/04/signa_logotype-mobile.png,img:mkdf-normal-logo logo,0556dae08ab5c48419eea30c4f687cff73091425385e1097267187e6f89049ba,244,71,13166
REVIEW,cmta1jepm00gtq8iy5j5m9fet,Simple City,simple-city,https://simple-city.gr,https://simple-city.gr/,NO_AUTO_SAFE_CANDIDATE,OG_IMAGE,114,https://simple-city.gr/skin/frontend/simple/city/images/simple_city.png,og:image,,,,
REVIEW,cmta4z2t4003qsciy97idqwk5,Simplygreen,simplygreen,https://simplygreen.gr,https://simplygreen.gr/,NO_AUTO_SAFE_CANDIDATE,HEADER_IMAGE,367,https://simplygreen.gr/wp-content/uploads/2023/10/Logo_RGB_Hor-200x53.png,img:img-responsive wp-image-51559 disable-lazyload fusion-no-lightbox Logo_RGB_Hor,,,,
NONE,cmta1fenw0028q8iy6hk5qrpw,skakistikokentro.com,skakistikokentro-com,https://skakistikokentro.com,https://skakistikokentro.com/,NO_LOGO_CANDIDATE,,,,,,,,
SAFE,cmtb78aeq006zdkiywm7as6xi,Skincareplus,skincareplus,https://skincareplus.gr,https://skincareplus.gr/,OFFICIAL_PAGE|JSONLD_LOGO|SAME_SITE_ASSET|IMAGE_VALIDATED,JSONLD_LOGO,332,https://skincareplus.gr/wp-content/uploads/2023/09/logo-eklekta.png,JSON-LD logo ImageObject,67e50f2fd7507edb5941dbc7413f256fb4cccfad27448627e49a68564faec15f,200,47,6043
SAFE,cmta1jf6v00gvq8iyxxfmg8jy,Skinky,skinky,https://skinky.gr,https://skinky.gr/?v=cd941bfdbc84,OFFICIAL_PAGE|HEADER_IMAGE|SAME_SITE_ASSET|IMAGE_VALIDATED,HEADER_IMAGE,379,https://skinky.gr/wp-content/uploads/2022/09/LOGO_FINAL.svg,img:attachment-full size-full wd-logo wd-main-logo woodmart-logo woodmart-main-logo,bb0423c83cc9f8150558e6341d468d227490bc58e951c6e3dcb4b77b3b68bb89,838,278,2697
REVIEW,cmta1nrq800y5q8iy9tcv8iqe,Skinpositive,skinpositive,https://skinpositive.gr,https://www.skinpositive.gr/,NO_AUTO_SAFE_CANDIDATE,SITE_ICON,-44,https://static.wixstatic.com/media/c1bc0e_eed105a32d8a4af3b02b0578cd5f5444%7Emv2.png/v1/fill/w_192%2Ch_192%2Clg_1%2Cusm_0.66_1.00_0.01/c1bc0e_eed105a32d8a4af3b02b0578cd5f5444%7Emv2.png,link rel=icon,,,,
REVIEW,cmtb77k1t003adkiy52io47kv,Skinreal,skinreal,https://skinreal.gr,https://skinreal.gr/,NO_AUTO_SAFE_CANDIDATE,HEADER_IMAGE,367,https://skinreal.gr/wp-content/uploads/2026/07/logo-new-200x42.png,img:custom-logo custom-logo-link Skin Real,,,,
SAFE,cmta1nsbg00y7q8iypa5wb9tx,Skinu,skinu,https://skinu.gr,https://www.skinu.gr/,OFFICIAL_PAGE|HEADER_IMAGE|SAME_SITE_ASSET|IMAGE_VALIDATED,HEADER_IMAGE,352,https://www.skinu.gr/cdn/shop/files/logo_new_black.png?v=1721216601&width=180,img:header__heading-logo header__heading-link link link--text focus-inset Skinu Premium Cosmetics Skinu Premium Cosmetics,3d58d7e70a21075e81003c484172e1472be919d4b6ddf858b8ccd03ad5d13570,180,94,5008
SAFE,cmt79ij0d001t84iy7iqoptyj,SKY express,sky-express,https://skyexpress.gr,https://www.skyexpress.gr/el,OFFICIAL_PAGE|HEADER_IMAGE|SAME_SITE_ASSET|IMAGE_VALIDATED,HEADER_IMAGE,379,https://assets.skyexpress.gr/assets/images/footer/sete-logo.svg,img:footer-logo Πληροφορίες μέλους ΣΕΤΕ - ανοίγει σε νέο παράθυρο sete,932a74b8bcda257a2760f61b61ebfd3196f9512ae4629b23abd4a2b9188ae45c,132,56,1979
SAFE,cmta1jfp900gxq8iymcgwv1qd,Skynn,skynn,https://skynn.gr,https://skynn.gr/,OFFICIAL_PAGE|HEADER_IMAGE|SAME_SITE_ASSET|IMAGE_VALIDATED,HEADER_IMAGE,364,https://skynn.gr/wp-content/uploads/2022/07/skynn_logo.svg,img:uk-logo uk-navbar-item Back to home SKYNN,cf7e70018693501a7cb09eb68f63deca6e61250e488cee543f4dcda8b38e8a94,142,24,945
SAFE,cmta1mdm800srq8iyuxna4tt5,Slalomshop,slalomshop,https://slalomshop.gr,https://slalomshop.gr/,OFFICIAL_PAGE|JSONLD_LOGO|SAME_SITE_ASSET|IMAGE_VALIDATED,JSONLD_LOGO,316,https://slalomshop.gr/wp-content/uploads/slalomshop-mainlogo-1500x462-1.jpg,JSON-LD logo ImageObject,6a1c083e4bbaae539d2f85723b96fee7d1ac3330f1fff613792e4dac3e0f9830,1500,462,16524
SAFE,cmta1g26j004gq8iyl0gys375,Slamdunk,slamdunk,https://slamdunk.gr,https://www.slamdunk.gr/,OFFICIAL_PAGE|HEADER_IMAGE|SAME_SITE_ASSET|IMAGE_VALIDATED,HEADER_IMAGE,336,https://www.slamdunk.gr/img/slam-dunk-logo-17075791644.jpg,img:logo img-responsive Slamdunk,97143b3f19e38e88f315d70d254a3564f517d73b6863148a8899dc2003b09d06,139,29,1621
SAFE,cmta5nxxp002254iy4fqx9dbp,Smaragdasart,smaragdasart,https://smaragdasart.gr,https://smaragdasart.gr/el/,OFFICIAL_PAGE|HEADER_IMAGE|SAME_SITE_ASSET|IMAGE_VALIDATED,HEADER_IMAGE,318,https://smaragdasart.gr/img/smaragda-s-art-logo-1585584329.jpg,img:logo img-responsive Smaragda's Art,7dd8371061d9f9b975e0cfa4008b9824b9e6a292f3861f30e1dc86da621d58e9,168,109,6202
SAFE,cmta1me2v00stq8iybimssuvy,Smart Tap,smart-tap,https://smart-tap.gr,https://www.smart-tap.gr/,OFFICIAL_PAGE|HEADER_IMAGE|SAME_SITE_ASSET|IMAGE_VALIDATED,HEADER_IMAGE,312,https://www.smart-tap.gr/cdn/shop/files/smarttap-tel-642-145_280x.png?v=1731055366,img:header__logo-image header__logo-link,72e9b1dc1dcde45eb72ec6da55c86456ac08ebdf5224a2e958e95598e6d87e2b,280,63,4202
SAFE,cmtb6v2xw003p3giyu8im1u2a,Smarten,smarten,https://smarten.gr,https://www.smarten.gr/,OFFICIAL_PAGE|JSONLD_LOGO|SAME_SITE_ASSET|IMAGE_VALIDATED,JSONLD_LOGO,314,https://www.smarten.gr/wp-content/uploads/2022/11/smarten-logo-221031-001-280.png,JSON-LD logo ImageObject,ba475fea0e1040c64145a678458e4bc9346adec246f1682e73234c759b7ca944,274,280,15364
SAFE,cmt79ijgx001y84iyylpm2wtr,Sneaker10,sneaker10,https://sneaker10.gr,https://www.sneaker10.gr/,OFFICIAL_PAGE|HEADER_IMAGE|SAME_SITE_ASSET|IMAGE_VALIDATED,HEADER_IMAGE,351,https://www.sneaker10.gr/img/sneaker10-logo-17075791422.jpg,img:logo img-responsive Sneaker10,8938dfdfad5660ba9152ce5abdb90c9d7ac5a5d903c62bfe20ac5cab64a07cc7,122,43,2635
SAFE,cmta1l3vn00ntq8iyizbeel2s,Snus Bar,snus-bar,https://snus-bar.gr,https://snus-bar.gr/,OFFICIAL_PAGE|HEADER_IMAGE|SAME_SITE_ASSET|IMAGE_VALIDATED,HEADER_IMAGE,351,https://snus-bar.gr/wp-content/uploads/2023/11/cropped-snus_bar_logo_snus_bar_gr.jpg,img:custom-logo custom-logo-link Snus Bar,3fd115e9686122d65ddcfada1c720447f6c47aaee8fa33babe056844331d5ab5,486,204,24051
SAFE,cmtb6v3as003r3giyth2nwn3m,Soandjos,soandjos,https://soandjos.gr,https://soandjos.gr/,OFFICIAL_PAGE|HEADER_IMAGE|SAME_SITE_ASSET|IMAGE_VALIDATED,HEADER_IMAGE,379,https://soandjos.gr/wp-content/uploads/2022/04/logo-3.svg,img:attachment-large size-large wp-image-795 soandjos-logo-footer,301a5ee1dac8f61f8ff98628143ac6930eee7d59f2e46e548245219448317059,317,68,6888
REVIEW,cmta1jg5g00gzq8iywsf2x1ts,Sokmi,sokmi,https://sokmi.gr,https://sokmi.gr/,NO_AUTO_SAFE_CANDIDATE,HEADER_IMAGE,334,https://sokmi.gr/cdn/shop/files/final-logo-01crop6_1024x1024.png?v=1774198341,img:header-logo-link sokmi.gr,,,,
SAFE,cmta1l4c300nvq8iy4s1unv8t,Solivagant,solivagant,https://solivagant.gr,https://solivagant.gr/,OFFICIAL_PAGE|JSONLD_LOGO|SAME_SITE_ASSET|IMAGE_VALIDATED,JSONLD_LOGO,243,https://solivagant.gr/wp-content/uploads/2025/01/Solivaganteshop.jpg,JSON-LD logo ImageObject,1f3272e85c2330780cdd8acb2382482d66b4fe352ee559a633566bd91a91e7a0,1100,1100,24069
SAFE,cmta1nsuk00y9q8iy09tmoh1x,Somacreations,somacreations,https://somacreations.gr,https://somacreations.gr/,OFFICIAL_PAGE|HEADER_IMAGE|SAME_SITE_ASSET|IMAGE_VALIDATED,HEADER_IMAGE,278,https://somacreations.gr/cdn/shop/files/97501A7E-28C8-4F86-8A97-085DDD01E345.jpg?v=1669813722&width=500,img:header__heading-logo header__heading-link link link--text focus-inset somacreations,33c0a803a2e12d521cd697dba5ee8e3056a6d1c5aa4e2315c2e1737b830db2ec,500,500,9078
REVIEW,cmtb6v3o2003t3giy697d01nq,Somatherapy,somatherapy,https://somatherapy.gr,https://somatherapy.gr/,NO_AUTO_SAFE_CANDIDATE,OG_IMAGE,98,https://somatherapy.gr/wp-content/uploads/2015/03/soma-therapy-and-spa-lagonisi-slider-151-300x118.jpg,og:image,,,,
SAFE,cmta1jgl400h1q8iy35u741e6,Sonice,sonice,https://sonice.gr,https://www.sonice.gr/el/,OFFICIAL_PAGE|HEADER_IMAGE|SAME_SITE_ASSET|IMAGE_VALIDATED,HEADER_IMAGE,351,https://www.sonice.gr/img/so-nice-logo-1505134872.jpg,img:logo img-responsive So Nice,d29f5de96992615f01aad981debb92bf7118a5d2677e39541ae42bc08e3c6d3e,600,218,12343
REVIEW,cmta1l4y700nxq8iygxekecz9,Sorelia,sorelia,https://sorelia.gr,https://www.sorelia.gr/,NO_AUTO_SAFE_CANDIDATE,SITE_ICON,84,https://www.sorelia.gr/favicon.png,link rel=icon,,,,
SAFE,cmtb6v41u003v3giy9povfqu7,SOUL bags Gentle · Calm · Conscious,soul-bags-gentle-calm-conscious,https://soulbags.gr,https://www.soulbags.gr/,OFFICIAL_PAGE|HEADER_IMAGE|SAME_SITE_ASSET|IMAGE_VALIDATED,HEADER_IMAGE,296,https://www.soulbags.gr/cdn/shop/files/soul_transparent.jpg?v=1728462909&width=600,img:header__heading-logo motion-reduce header__heading-link link link--text focus-inset SOUL bags  Gentle · Calm · Conscious,1c9d589036a4eb365f33358f137e33eb505bc37d0beab7f0442f2e3ade800f35,600,175,16680
REVIEW,cmta1jh0800h3q8iybk03nw62,Sounou,sounou,https://sounou.gr,https://www.sounou.gr/,NO_AUTO_SAFE_CANDIDATE,HEADER_IMAGE,334,https://www.sounou.gr/wp-content/uploads/2022/11/logo-5c-650px-300x126.png,img:no-lazy custom-logo no-lazy custom-logo-link logo 5c 650px,,,,
REVIEW,cmtb62smo002294iy65olskqe,Spanails Delmaresole,spanails-delmaresole,https://spanails-delmaresole.gr,https://spanails-delmaresole.gr/,NO_AUTO_SAFE_CANDIDATE,HEADER_IMAGE,367,https://spanails-delmaresole.gr/wp-content/uploads/2021/06/spa-nails-massage-logo.png,img:sc_layouts_logo,,,,
SAFE,cmta1ntep00ybq8iyha4kk4yc,Spaniriides,spaniriides,https://spaniriides.com.gr,https://www.spaniriides.com.gr/,OFFICIAL_PAGE|HEADER_IMAGE|SAME_SITE_ASSET|IMAGE_VALIDATED,HEADER_IMAGE,312,https://www.spaniriides.com.gr/wp-content/uploads/2020/10/niriides-black.png,img:logo_wrapper hidden custom_logo,750819a1586ed9bde869df146e2353f85b982c70a36eb36e921527a78a4406a4,314,118,10404
SAFE,cmta4z3n3003ssciy33d6n6h0,Spaprive,spaprive,https://spaprive.gr,https://spaprive.gr/,OFFICIAL_PAGE|HEADER_IMAGE|SAME_SITE_ASSET|IMAGE_VALIDATED,HEADER_IMAGE,367,https://spaprive.gr/wp-content/uploads/2018/05/spaprivelogo_en.png,img:logo SPA PRIVE,d7c58cceaa99a088bae45cc85a46e63417c6f20b4fb6ac2b6dbfd4de9986e815,500,165,9823
SAFE,cmta1ntws00ydq8iytpb1ictj,Spaspanio,spaspanio,https://spaspanio.gr,https://spaspanio.gr/,OFFICIAL_PAGE|HEADER_IMAGE|SAME_SITE_ASSET|IMAGE_VALIDATED,HEADER_IMAGE,334,https://spaspanio.gr/wp-content/uploads/2021/05/spanio-logo-gold.png,img:skip-lazy logoimg bg--light logolink  Spa Spanio,2d2d2fc2d9556d3c8e40177248ddc28e5c8989ecbc6fb0ff66c171c6777656da,2362,868,656516
SAFE,cmta1jhg700h5q8iyy0dem6g9,Spitispa,spitispa,https://spitispa.gr,https://spitispa.gr/,OFFICIAL_PAGE|HEADER_IMAGE|SAME_SITE_ASSET|IMAGE_VALIDATED,HEADER_IMAGE,334,https://spitispa.gr/imgs/logo.png,img:logo logo_dark_bg,bf69fbef120b35d84f0771040085ea32fe3d672267c5fd343f4c83b5fb04a080,204,110,70561
REVIEW,cmta1fifo002iq8iyvuu8q795,Sport-Style,sport-style,https://sport-style.gr,https://sport-style.gr/,NO_AUTO_SAFE_CANDIDATE,HEADER_IMAGE,334,https://sport-style.gr/wp-content/uploads/2018/05/logo-black-300x187.png,img:ux-logo-image block ux-logo-link block image-color sport style logo,,,,
REVIEW,cmtb78b850071dkiy8q423ceb,Sportboutique,sportboutique,https://sportboutique.gr,https://sportboutique.gr/,NO_AUTO_SAFE_CANDIDATE,HEADER_IMAGE,351,https://sportboutique.gr/wp-content/uploads/2024/04/sportboutique_logo_small.jpg,img:logo-mobile-img Sportboutique,,,,
REVIEW,cmta1gxff007fq8iy28qeo2n2,Sportcafe,sportcafe,https://sportcafe.gr,https://sportcafe.gr/,NO_AUTO_SAFE_CANDIDATE,HEADER_IMAGE,334,https://sportcafe.gr/wp-content/uploads/2025/12/logo_black-100x34.png,img:no-lazy custom-logo no-lazy custom-logo-link SportCafe,,,,
ERROR,cmtb7r5dn000ku8iy3eejddyt,Sports Direct Greece,sports-direct,https://sportsdirect.gr,,PAGE_TIMEOUT,,,,,,,,
REVIEW,cmta1l5jq00nzq8iy8cw0ryyj,Sportsdivision,sportsdivision,https://sportsdivision.gr,https://sportsdivision.gr/,NO_AUTO_SAFE_CANDIDATE,HEADER_IMAGE,367,https://sportsdivision.gr/wp-content/uploads/2026/01/logo-sports-10x4.png,img:attachment-full size-full wp-image-330284 logo sports,,,,
NONE,cmta1ezmz000kq8iyr2e7ujvq,Sportys,sportys,https://sportys.gr,http://www.sportys.gr/,NO_LOGO_CANDIDATE,,,,,,,,
REVIEW,cmta1fz470048q8iygtfhp1a5,Stan & Stefan,stan-and-stefan,https://stan-stefan.gr,https://www.stan-stefan.gr/gr/,NO_AUTO_SAFE_CANDIDATE,HEADER_IMAGE,334,https://www.stan-stefan.gr/media/logo/stores/1/S_S_logo_272x84.png,img:logo store logo Stan & Stefan,,,,
SAFE,cmta1jhwn00h7q8iyoie0h252,Star Nails,star-nails,https://star-nails.gr,https://star-nails.gr/el/,OFFICIAL_PAGE|JSONLD_LOGO|SAME_SITE_ASSET|IMAGE_VALIDATED,JSONLD_LOGO,283,https://star-nails.gr/img/logo-1756803410.jpg,JSON-LD logo ImageObject,7620f8f56ed93c2cbf00d64acdeea804f3efae0a44a3c3dcc0d9ac625b068b2d,1200,579,49278
REVIEW,cmtikaqjt0002csiy4701v743,Starlight Cinema Crete,starlight-cinema-crete,https://starlightcinemacrete.com,https://starlightcinemacrete.com/,NO_AUTO_SAFE_CANDIDATE,JSONLD_LOGO,156,https://media.base44.com/images/public/6a3ea8143b494bd3e3749a15/62eec8471_logo.png,JSON-LD logo property,,,,
REVIEW,cmt8l6430001b5giytuoenkc9,Steam,steam,https://store.steampowered.com,https://store.steampowered.com/,NO_AUTO_SAFE_CANDIDATE,SITE_ICON,68,https://store.steampowered.com/favicon.ico,link rel=shortcut icon,,,,
REVIEW,cmta1fdbr0022q8iyso2oofv7,StefanouMarine,stefanoumarine,https://stefanoumarine.net,https://stefanoumarine.com/el-gr,WEBSITE_REDIRECTED_TO_DIFFERENT_DOMAIN,,,,,,,,
SAFE,cmtb62syn002494iygdlwvzav,Stellaisland,stellaisland,https://stellaisland.gr,https://stellaisland.gr/,OFFICIAL_PAGE|HEADER_IMAGE|SAME_SITE_ASSET|IMAGE_VALIDATED,HEADER_IMAGE,379,https://stellaisland.gr/wp-content/uploads/2022/09/stella-island-logo-short-dark.svg,img:attachment-full size-full wp-image-4781 stella island logo short dark,b9501856d2da879143de962de7f9de2ca79e3e7e29740668e820d499a239c8ae,490,109,41717
SAFE,cmtb78bm30073dkiym0hq9504,Stemalaser,stemalaser,https://stemalaser.gr,https://stemalaser.gr/,OFFICIAL_PAGE|HEADER_IMAGE|SAME_SITE_ASSET|IMAGE_VALIDATED,HEADER_IMAGE,349,https://stemalaser.gr/wp-content/uploads/2025/09/Black-logo-no-background-scaled.png,img:elementor-widget-cmsmasters-site-logo__img elementor-widget-cmsmasters-site-logo-main perfmatters-lazy elementor-widget-cmsmasters-site-logo__link STEMA LASER Alexandrite,e46ef00eb176298f47be92c8c1c74852b3ef57c7e5e88c811c61749121618e06,2431,2560,20763
SAFE,cmta1jidc00h9q8iy2obggbjm,Stickit,stickit,https://stickit.gr,https://www.stickit.gr/el/,OFFICIAL_PAGE|HEADER_IMAGE|SAME_SITE_ASSET|IMAGE_VALIDATED,HEADER_IMAGE,351,https://www.stickit.gr/img/stickitgr-logo-1560154632.jpg,img:logo img-fluid stickit.gr,f2f0cb4e1a8a09fd17d2aef074248d0a1f07af35c84d3e57873c7ff75bc2bf26,226,40,3345
SAFE,cmta1jiwh00hbq8iy68u5cibn,Sticky,sticky,https://sticky.gr,https://sticky.gr/,OFFICIAL_PAGE|JSONLD_LOGO|SAME_SITE_ASSET|IMAGE_VALIDATED,JSONLD_LOGO,332,https://sticky.gr/file/2022/12/logo-sticky-transp.png,JSON-LD logo ImageObject,41e82426beadadccacdcabf48dcfaf4377ad686ef8f6fd79331f315d78aa888f,400,112,8657
REVIEW,cmta1jjde00hdq8iymhdvuagw,Storegreece,storegreece,https://storegreece.gr,https://www.lego.storegreece.gr/,NO_AUTO_SAFE_CANDIDATE,SITE_ICON,-75,https://lego.azureedge.net/favicon-lego.ico?k=web-7488dbddf6,link rel=icon,,,,
REVIEW,cmta1jjvp00hfq8iy74s2thdz,Storybook,storybook,https://storybook.gr,https://www.storybook.gr/,NO_AUTO_SAFE_CANDIDATE,SITE_ICON,-44,https://static.wixstatic.com/media/a6e7bc_faa4af6faa364d99910b215d4e9bce14%7Emv2.png/v1/fill/w_192%2Ch_192%2Clg_1%2Cusm_0.66_1.00_0.01/a6e7bc_faa4af6faa364d99910b215d4e9bce14%7Emv2.png,link rel=icon,,,,
SAFE,cmta1jkec00hhq8iymr4c27mz,Strata Shop,strata,https://strata-shop.gr,https://strata-shop.gr/,OFFICIAL_PAGE|HEADER_IMAGE|SAME_SITE_ASSET|IMAGE_VALIDATED,HEADER_IMAGE,334,https://strata-shop.gr/storage/2025/11/Logo-400x197.png,img:xts-logo-main Strata,180dffc025eeb92b584805170155c7e8e4d7c6d65aa7d31f05c1562322890000,400,197,19320
REVIEW,cmtb78bzy0075dkiyyeep0ctu,Stretch & Relax,massage-and-pilates-giftcard-stretch-and-relax,https://stretchandrelax.gr,https://www.stretchandrelax.gr/el/home,NO_AUTO_SAFE_CANDIDATE,SITE_ICON,99,https://www.stretchandrelax.gr/apple-touch-icon.png,link rel=apple-touch-icon,,,,
SAFE,cmta1kchc00kpq8iyp3aywau4,Studio83,studio83,https://studio83.gr,https://www.studio83.gr/,OFFICIAL_PAGE|HEADER_IMAGE|SAME_SITE_ASSET|IMAGE_VALIDATED,HEADER_IMAGE,279,https://www.studio83.gr/wp-content/uploads/2025/03/image4.png,img:wd-logo wd-main-logo Site logo Studio83,028093727f0c7979b0635c9c752ce86bd03c932b7a231b43fd94f11d8ec574f3,1800,1800,43330
SAFE,cmta1nuip00yfq8iygmslqv3o,Studiocalma,studiocalma,https://studiocalma.gr,https://studiocalma.gr/,OFFICIAL_PAGE|HEADER_IMAGE|SAME_SITE_ASSET|IMAGE_VALIDATED,HEADER_IMAGE,278,https://studiocalma.gr/cdn/shop/files/calma.jpg?v=1742229977&width=600,img:header__heading-logo motion-reduce header__heading-link link link--text focus-inset Studio Calma,cc157a600714cbcc68adb8c2af4c93c99f85e39c4c1013484daec6d4c3e32bfa,500,500,10404
REVIEW,cmtb6v55f00413giyl9ew88xo,Suenobags,suenobags,https://suenobags.gr,https://suenobags.gr/,NO_AUTO_SAFE_CANDIDATE,HEADER_IMAGE,367,https://suenobags.gr/wp-content/uploads/2023/12/SUENO-LOGO001-150x52.png,img:attachment-full size-full wd-logo wd-sticky-logo,,,,
SAFE,cmtb7r5rt000mu8iytyaeb0ik,Summit Gym,summit-gym,https://summitgym.ufr.gr,https://summitgym.ufr.gr/,OFFICIAL_PAGE|HEADER_IMAGE|SAME_SITE_ASSET|IMAGE_VALIDATED,HEADER_IMAGE,334,https://summitgym.ufr.gr/wp-content/themes/insiderrestaurant-child/img/main/site_email_head_logo.png,img:navmenu-brand Γυμναστήριο SUMMIT Ναύπλιο,b8c21abbced80c8cb0b347497ae3cfcd015c0b2a319d3ab3c1ef525973ba497f,500,150,30162
SAFE,cmtb77kf4003cdkiycdnd7aw2,SUN ΦΛΕΡΤ,sun-φλερτ,https://sunflirt.gr,https://sunflirt.gr/,OFFICIAL_PAGE|JSONLD_LOGO|SAME_SITE_ASSET|IMAGE_VALIDATED,JSONLD_LOGO,311,https://sunflirt.gr/wp-content/uploads/2024/04/1-LOGO.svg,JSON-LD logo ImageObject,c68bb72f3cd312d1ad790436ce1692dbd291e15b5542961a9ca4648df6410edc,174,31,1985
SAFE,cmtb7i56x001e04iynvm4og8k,Sunrisemykonos,sunrisemykonos,https://sunrisemykonos.com,https://www.sunrisemykonos.com/,OFFICIAL_PAGE|JSONLD_LOGO|SAME_SITE_ASSET|IMAGE_VALIDATED,JSONLD_LOGO,311,https://www.sunrisemykonos.com/wp-content/uploads/2025/05/myconian-sunrise-logo.svg,JSON-LD logo ImageObject,145e262f6a9a8e305ed926107bd32eaff5a36cdae610750bc0ebbab4d9201251,572,217,5527
ERROR,cmta1jkwi00hjq8iy1ommjcbj,Sunsandclouds,sunsandclouds,https://sunsandclouds.gr,,fetch failed,,,,,,,,
REVIEW,cmta1jlgq00hlq8iyoblt6fv8,Superstrom,superstrom,https://superstrom.gr,https://superstrom.gr/,NO_AUTO_SAFE_CANDIDATE,HEADER_IMAGE,312,https://superstrom.gr/wp-content/uploads/2024/05/super-strom-300x62.png,img:sticky-logo site-logo-container super strom,,,,
REVIEW,cmtb62tbk002694iynay5o1a0,Sweetnspicy,sweetnspicy,https://sweetnspicy.gr,https://sweetnspicy.gr/,NO_AUTO_SAFE_CANDIDATE,SITE_ICON,83,https://sweetnspicy.gr/wp-content/uploads/2016/11/cropped-spices-192x192.jpg,link rel=icon,,,,
REVIEW,cmta1nv0400yhq8iywl3ocjxp,Symmetria,symmetria,https://symmetria.gr,https://www.symmetria.com/el/,WEBSITE_REDIRECTED_TO_DIFFERENT_DOMAIN,,,,,,,,
REVIEW,cmta1jlyd00hnq8iyz32uf5a8,T Support,t-support,https://t-support.gr,https://t-support.gr/,NO_AUTO_SAFE_CANDIDATE,SITE_ICON,84,https://t-support.gr/image/catalog/tsupport.png,link rel=icon,,,,
SAFE,cmta1l63n00o1q8iyl0i4a7xt,Tacticalstore,tacticalstore,https://tacticalstore.gr,https://www.tacticalstore.gr/,OFFICIAL_PAGE|HEADER_IMAGE|SAME_SITE_ASSET|IMAGE_VALIDATED,HEADER_IMAGE,379,https://www.tacticalstore.gr/wp-content/uploads/2025/02/logo-tactical-store-rec-black.svg,"img:no-lazy custom-logo no-lazy custom-logo-link Tacticalstore – Οπλα, ειδη κυνηγιου, σκοποβολής και αστυνομικός εξοπλισμός",1540f95fe3698d8c41e81a1ba61a0fb7bbbdd9ddfe378050fa05737c9a24be2d,189,52,8657
REVIEW,cmta4z4k4003wsciy9ee1wgu6,Tailor Made Knitwear,ηλεκτρονικη-δωροκαρτα-tailor-made-knitwear-giftcard,https://tailormadeknitwear.com.gr,https://tailormadeknitwear.com.gr/,NO_AUTO_SAFE_CANDIDATE,HEADER_IMAGE,334,https://tailormadeknitwear.com.gr/wp-content/uploads/2025/07/NEW20Logo20TailorMade-scaled.png,img:wd-logo wd-main-logo Site logo Tailor Made knitwear,,,,
SAFE,cmta1jmn200hpq8iywjlzcjj1,Talosgems,talosgems,https://talosgems.gr,https://www.talosgems.gr/,OFFICIAL_PAGE|HEADER_IMAGE|SAME_SITE_ASSET|IMAGE_VALIDATED,HEADER_IMAGE,334,https://www.talosgems.gr/wp-content/uploads/2025/06/logo_final_01.png,img:default_logo logotype,0e667a59506c87a5afcf0a6fc327addf628e89e0635c9d27c5ef34f57ba11d22,1208,500,121993
REVIEW,cmta1kd0r00krq8iy10l4xz7n,Tartare,tartare,https://tartare.gr,https://www.tartare.gr/,NO_AUTO_SAFE_CANDIDATE,HEADER_IMAGE,334,https://www.tartare.gr/wp-content/uploads/2016/02/Tartare_Logo_150x52.png,img:stickylogo logo-text TARTARE,,,,
REVIEW,cmta1jn5u00hrq8iypaxdb48n,Tartarooga,tartarooga,https://tartarooga.gr,https://tartarooga.gr/,STRONG_CANDIDATE_REJECTED|ASSET_HTTP_404,JSONLD_LOGO,332,https://tartarooga.gr/wp-content/uploads/2017/04/tartarooga_logo3.png,JSON-LD logo ImageObject,,,,
SAFE,cmta1nvh400yjq8iywfdwqhvp,Tea Pot,tea-pot,https://tea-pot.gr,https://www.tea-pot.gr/,OFFICIAL_PAGE|HEADER_IMAGE|SAME_SITE_ASSET|IMAGE_VALIDATED,HEADER_IMAGE,315,https://www.tea-pot.gr/wp-content/uploads/2024/09/newlogo.jpg,img:logo_main newlogo,0b40f80185655563653cdc450a4b049da3ada1c48defb7f0208be42dceb6fe13,640,588,106763
SAFE,cmta1jnoy00htq8iy4o5uwshb,Techframe,techframe,https://techframe.gr,https://techframe.gr/,OFFICIAL_PAGE|HEADER_IMAGE|SAME_SITE_ASSET|IMAGE_VALIDATED,HEADER_IMAGE,351,https://techframe.gr/wp-content/uploads/2022/08/logo.jpg,img:logo-img wpex-h-auto wpex-max-w-100 wpex-align-middle main-logo site-logo-link TechFrame,36e1b577bbf828db9d0de74d3ba0ad367ec71045dbc23470e8f58b54e4dc16d8,440,439,32490
SAFE,cmta1l6jz00o3q8iyo60gyh43,Tempiholidays,tempiholidays,https://tempiholidays.gr,https://www.tempiholidays.gr/,OFFICIAL_PAGE|JSONLD_LOGO|SAME_SITE_ASSET|IMAGE_VALIDATED,JSONLD_LOGO,316,https://www.tempiholidays.gr/wp-content/uploads/2025/01/logo.jpg,JSON-LD logo ImageObject,d100ecbadee7b09f3a1a41a3696402320f1ee1113ed9a0ca6523a23418ce7e64,270,100,26920
ERROR,cmta1jo5l00hvq8iyyy7qivp0,Tempus,tempus,https://tempus.gr,,PAGE_HTTP_403,,,,,,,,
REVIEW,cmtb77l4x003fdkiyrjk2jgu7,Ten Plus,ten-plus,https://tenplushair.gr,https://tenplushair.gr/,NO_AUTO_SAFE_CANDIDATE,HEADER_IMAGE,367,https://tenplushair.gr/wp-content/uploads/2023/04/ten-plus-logo-m.png,img:mkdf-dark-logo dark logo,,,,
SAFE,cmtikaqo00003csiywsh4i0ff,Tennis Garden,tennis-garden,https://tennisgarden.gr,https://tennisgarden.gr/,OFFICIAL_PAGE|JSONLD_LOGO|SAME_SITE_ASSET|IMAGE_VALIDATED,JSONLD_LOGO,299,https://tennisgarden.gr/wp-content/uploads/2023/05/logo_dark-150x150.png,JSON-LD logo ImageObject,eb53c88cad01bfd96473b5e0a0965867a7c7d91344066eccdcf1e5fe3de656d6,150,150,16737
SAFE,cmta1jola00hxq8iy8j3ij91j,Teo,teo,https://teo.gr,https://teo.gr/,OFFICIAL_PAGE|JSONLD_LOGO|SAME_SITE_ASSET|IMAGE_VALIDATED,JSONLD_LOGO,280,https://www.teo.gr/images/LOGOTEO-black-new-low.webp,JSON-LD logo ImageObject,987bddf81fb1641dafba8f56a95be4e539052be6881aaf4bd1a1383b1be55c80,197,140,1528
SAFE,cmtb62u2p002a94iy2osjhs53,Texni Kosmima,texni-kosmima,https://texni-kosmima.gr,https://www.texni-kosmima.gr/,OFFICIAL_PAGE|HEADER_IMAGE|SAME_SITE_ASSET|IMAGE_VALIDATED,HEADER_IMAGE,334,https://www.texni-kosmima.gr/images/logo-newhome2c.png,img:logo-image  d-none d-lg-inline-block Texni-Kosmima,8e21a2594c1c0d03c3d9a980fc564ccb604861e8479164bcb919f97ab199ab1b,111,69,3773
SAFE,cmta1l72n00o5q8iy2ftwdloq,Thamon,thamon,https://thamon.gr,https://www.thamon.gr/,OFFICIAL_PAGE|JSONLD_LOGO|SAME_SITE_ASSET|IMAGE_VALIDATED,JSONLD_LOGO,314,https://www.thamon.gr/wp-content/uploads/2022/12/logo-snippet.png,JSON-LD logo ImageObject,ed7711bc731c33aafe5dec1088fa80c7d9309f1665431007208ed4f261029b74,300,200,2959
SAFE,cmt79ik0w002484iy5xl5wx4y,The Body Shop,the-body-shop,https://thebodyshop.gr,https://www.thebodyshop.gr/,OFFICIAL_PAGE|HEADER_IMAGE|SAME_SITE_ASSET|IMAGE_VALIDATED,HEADER_IMAGE,367,https://www.thebodyshop.gr/media/logo/websites/1/tbd_new_logo.png,img:logo store logo The Body Shop,1861ed6cb0a78352495419ca8add22cd7ea01b878be5c823f4bd5436c7465c72,370,69,109077
SAFE,cmta1l7lu00o7q8iy2bo61te5,The Toy,the-toy,https://the-toy.gr,https://the-toy.gr/,OFFICIAL_PAGE|JSONLD_LOGO|SAME_SITE_ASSET|IMAGE_VALIDATED,JSONLD_LOGO,280,https://the-toy.gr/wp-content/uploads/2023/10/to-paixnidi-logo-square.jpg,JSON-LD logo ImageObject,1671961ee507a30b18bc1d6be7ad002029d34a6981435241fcfdf1bd22f0da60,2048,2048,387620
REVIEW,cmtb7hygt000g04iyr77czbp5,The Ultimate Travel Gift,the-ultimate-travel-gift,https://divaniacropolishotel.com,https://divaniacropolishotel.com/,NO_AUTO_SAFE_CANDIDATE,SITE_ICON,81,https://divaniacropolishotel.com/wp-content/uploads/2025/05/fav_120x120.png,link rel=icon,,,,
REVIEW,cmta1l85100o9q8iy06n4fmn2,Thebabycity,thebabycity,https://thebabycity.gr,https://thebabycity.gr/,NO_AUTO_SAFE_CANDIDATE,HEADER_IMAGE,367,https://thebabycity.gr/wp-content/uploads/2023/10/logo5-1-18x7.png,img:custom-logo custom-logo-link The Baby City,,,,
SAFE,cmta1jp4a00hzq8iy7lm2bf4t,Thebrands,thebrands,https://thebrands.gr,https://thebrands.gr/,OFFICIAL_PAGE|HEADER_IMAGE|SAME_SITE_ASSET|IMAGE_VALIDATED,HEADER_IMAGE,362,https://thebrands.gr/wp-content/uploads/2020/12/logo-1.svg,img:woodmart-logo woodmart-main-logo The Brands | Fashion to love,76e08575b1ecc23143c3f5eecca26037664fe84b65a1ab7c6f9dc5b59a23e468,290,87,9268
SAFE,cmta1jpka00i1q8iy8se1rhuw,Thejacketmaker,thejacketmaker,https://thejacketmaker.gr,https://www.thejacketmaker.gr/,OFFICIAL_PAGE|HEADER_IMAGE|SAME_SITE_ASSET|IMAGE_VALIDATED,HEADER_IMAGE,379,https://www.thejacketmaker.gr/cdn/shop/files/512-logo-black_1e5d3070-b9c0-4dc5-ac39-8ea250f9b448_120x.svg?v=1691223671,img:logo__image logo__link The Jacket Maker,080229c8951e2d02d9d40261859bb549f9ed05dbe38a59a658665cd1f83924aa,512,290,4533
SAFE,cmtb62ufg002c94iyh87qyncn,Thejerkins,thejerkins,https://thejerkins.com.gr,https://thejerkins.com.gr/,OFFICIAL_PAGE|HEADER_IMAGE|SAME_SITE_ASSET|IMAGE_VALIDATED,HEADER_IMAGE,312,https://thejerkins.com.gr/cdn/shop/files/jerkins.png?v=1706692406&width=590,img:logo__image logo__link The Jerkins,a99c8522b54c0659f66f908061f0a1cddc049b8a58efc742ad17c1dd5917627f,590,119,6578
ERROR,cmta1m2se00rlq8iybu8clfeq,Theknittingclub,theknittingclub,https://theknittingclub.gr,,PAGE_HTTP_403,,,,,,,,
REVIEW,cmta1l8lm00obq8iygmx0i27p,Theloftchalkida,theloftchalkida,https://theloftchalkida.gr,https://theloftchalkida.gr/,NO_AUTO_SAFE_CANDIDATE,HEADER_IMAGE,367,https://theloftchalkida.gr/wp-content/uploads/2025/07/the-loft-logo-750x400-1-150x80.png,img:attachment-full size-full wd-logo wd-main-logo Site logo,,,,
SAFE,cmta1m36x00rnq8iy9oo0yjmh,Themagicbox,themagicbox,https://themagicbox.gr,https://www.themagicbox.gr/,OFFICIAL_PAGE|HEADER_IMAGE|SAME_SITE_ASSET|IMAGE_VALIDATED,HEADER_IMAGE,333,https://www.themagicbox.gr/wp-content/uploads/2023/09/logo-magic.jpg,img:header_logo logo_sticky logo nasa-logo-retina nasa-has-sticky-logo nasa-has-mobile-logo www.themagicbox.gr,3b521724e9f05f775ecc85fba97b03c2e0cdfe414488022171aaeb9b98715bb8,1600,1600,82983
SAFE,cmta1l91x00odq8iy0ga5jfhh,Themassagesuite,themassagesuite,https://themassagesuite.gr,https://themassagesuite.gr/,OFFICIAL_PAGE|HEADER_IMAGE|SAME_SITE_ASSET|IMAGE_VALIDATED,HEADER_IMAGE,334,https://themassagesuite.gr/wp-content/uploads/2019/05/MASSAGELOGO2.png,img:normal Logo,1e919a958c6476db004d3154ec73c38f9dda76b8d19586b544da054194766233,400,236,5318
REVIEW,cmta1nvxt00ylq8iyblhzjvjs,Themassageworld,themassageworld,https://themassageworld.gr,https://www.themassageworld.gr/,NO_AUTO_SAFE_CANDIDATE,HEADER_IMAGE,191,https://images.squarespace-cdn.com/content/v1/5be8cee8697a98a5f9bc948d/3bcb0d8b-551e-476d-babd-cc3139877769/tmw-logo.png,img:Mobile-bar-branding-logo Mobile-bar-branding The Massage World,,,,
REVIEW,cmtb62urd002e94iy6pec0pgy,Themeetmarket,themeetmarket,https://themeetmarket.gr,https://www.themeetmarket.gr/,NO_AUTO_SAFE_CANDIDATE,HEADER_IMAGE,346,https://www.themeetmarket.gr/images/logo-mobile.svg,img:d-xl-none TheMeetMarket logo,,,,
REVIEW,cmta1jq3d00i3q8iyxclxxu91,Theocreations,theocreations,https://theocreations.gr,https://theocreations.gr/,NO_AUTO_SAFE_CANDIDATE,HEADER_IMAGE,367,https://theocreations.gr/wp-content/uploads/2020/11/logo-576x285-1-300x148.png,img:custom-logo custom-logo-link Theo Creations,,,,
SAFE,cmta1f82b001iq8iyewg8e5b5,Theodorou.Shop,theodorou,https://theodorou.shop,https://theodorou.shop/,OFFICIAL_PAGE|HEADER_IMAGE|SAME_SITE_ASSET|IMAGE_VALIDATED,HEADER_IMAGE,334,https://theodorou.shop/images/logo/logo.png,img:site-logo logo-mobile visible-xs img-responsive brand theodorou.shop | Leather Jackets & More ...,891d13eee8d8369817ed5caa363b61945c6e30d8e0e45ff2a2cba9e4712396da,228,88,13073
NONE,cmta1m3qd00rpq8iyigim5svy,Theplants,theplants,https://theplants.gr,https://theplants.gr/cgi-sys/suspendedpage.cgi,NO_LOGO_CANDIDATE,,,,,,,,
REVIEW,cmtb62v4o002g94iybrh7p59j,Thermaesylla,thermaesylla,https://thermaesylla.gr,https://www.thermaesylla.gr/,NO_AUTO_SAFE_CANDIDATE,HEADER_IMAGE,224,https://assets.builderassets.com/site-media/456/thermaesyllalogowebsite.png?format=png&quality=80&height=152,img:img-fluid site-header__logo Thermae Sylla Spa & Wellness Hotel Thermae Sylla Spa & Wellness Hotel,,,,
REVIEW,cmtb6v5v500453giyah6giek0,Thermespa,thermespa,https://thermespa.gr,https://thermespa.gr/,NO_AUTO_SAFE_CANDIDATE,HEADER_IMAGE,296,https://thermespa.gr/wp-content/uploads/2021/09/4small_site-1024x391.jpg,img:custom-logo custom-logo-link logo Therme Med Spa,,,,
REVIEW,cmta1gf3q005nq8iy5fqrw10p,Thescentlab,thescentlab,https://thescentlab.gr,https://thescentlab.gr/,NO_AUTO_SAFE_CANDIDATE,HEADER_IMAGE,294,https://thescentlab.gr/wp-content/uploads/2022/09/cropped-ETHERIO_SCENT-LAB_BLACK-PNG-100x100.png,img:custom-logo custom-logo-link ETHERIO Scent Lab,,,,
SAFE,cmta1kdj500ktq8iygzvydrdj,Thewinezoo,thewinezoo,https://thewinezoo.gr,https://www.thewinezoo.gr/,OFFICIAL_PAGE|HEADER_IMAGE|SAME_SITE_ASSET|IMAGE_VALIDATED,HEADER_IMAGE,367,https://www.thewinezoo.gr/wp-content/uploads/2017/01/winezoo-logo.png,img:logo_image sc_layouts_logo sc_layouts_logo_default sc_layouts_logo_1583600341,d0f64d612252f0b3fda89daf91bfe09ce00c63c416a1f279a800c3a1c55283a8,259,102,17907
REVIEW,cmta1lcbf00orq8iyfk9s3ls1,Thewonderroom,thewonderroom,https://thewonderroom.gr,https://www.thewonderroom.gr/,NO_AUTO_SAFE_CANDIDATE,HEADER_IMAGE,312,https://www.thewonderroom.gr/wp-content/uploads/2023/11/the_wonder_room_b-150x86.png,img:attachment-full size-full wd-logo wd-main-logo Site logo,,,,
SAFE,cmtb77lik003hdkiy87gxmjpc,Theλamdaproject,gift-voucher-theλamdaproject-language-school,https://thelproject.gr,https://thelproject.gr/,OFFICIAL_PAGE|JSONLD_LOGO|SAME_SITE_ASSET|IMAGE_VALIDATED,JSONLD_LOGO,296,https://thelproject.gr/wp-content/uploads/2020/02/thelproject_logo-05-e1739192152360.png,JSON-LD logo ImageObject,94975f60aa5463e917589e9ce6f7cd5f89d72882fae57a49232bfc602266524b,584,597,3855
REVIEW,cmtb78f1t007ldkiyny3ummq2,Thiamia,thiamia,https://thiamia.gr,https://thiamia.gr/,NO_AUTO_SAFE_CANDIDATE,HEADER_IMAGE,349,https://thiamia.gr/wp-content/uploads/2025/07/thimia_logo_dark_main-1024x879.png,img:no-lazy rey-mobileLogo no-lazy custom-logo-link,,,,
SAFE,cmta1f9en001oq8iyi97gi0pu,ThinkFit.gr,thinkfit-gr,https://thinkfit.gr,https://thinkfit.gr/,OFFICIAL_PAGE|HEADER_IMAGE|SAME_SITE_ASSET|IMAGE_VALIDATED,HEADER_IMAGE,367,https://thinkfit.gr/wp-content/uploads/2025/04/new_logo_black2025.png,img:header_logo header-logo THINK FIT,e843f4edbe35aec067782b5ffda9d7f3d3bf78320044ea1aa9fc5aa360340f34,600,300,10910
REVIEW,cmta1fozl0036q8iyfva5aozo,Thomann,thomann,https://thomann.de,https://www.thomann.gr/,WEBSITE_REDIRECTED_TO_DIFFERENT_DOMAIN,,,,,,,,
REVIEW,cmt8nr9jy000a0oiyqsceh3b2,Thomas Sabo,thomas-sabo,https://www.thomassabo.com,https://www.thomassabo.com/EU/en_GR/home,NO_AUTO_SAFE_CANDIDATE,SITE_ICON,99,https://www.thomassabo.com/on/demandware.static/Sites-TS_EURO-Site/-/default/dw58b974bf/images/touch-icons/icon-144x144.png,link rel=apple-touch-icon,,,,
SAFE,cmtb77lw0003jdkiy1v29atuj,Threadboutique,threadboutique,https://threadboutique.gr,https://threadboutique.gr/,OFFICIAL_PAGE|HEADER_IMAGE|SAME_SITE_ASSET|IMAGE_VALIDATED,HEADER_IMAGE,367,https://threadboutique.gr/cdn/shop/files/thread-logo-header.png?v=1745564290&width=600,img:header__heading-logo motion-reduce header__heading-link link link--text focus-inset Thread Earthy Shopping,5d5ff206e81f56853bcd05f8b7f26efb831742b85cab1e77bb7c242d67c0cc24,500,70,2950
REVIEW,cmtb77yct005cdkiy70l66iyx,Times Store,purchase-a-digital-gift-card-ioannina,https://timesstore.gr,https://www.timesstore.gr/,NO_AUTO_SAFE_CANDIDATE,SITE_ICON,99,https://www.timesstore.gr/catalog/view/theme/default/image/favicon/apple-touch-icon.png,link rel=apple-touch-icon,,,,
REVIEW,cmta1fr6j003cq8iyk2a6hpsi,Tinycocoon,tinycocoon,https://tinycocoon.gr,https://tinycocoon.gr/,NO_AUTO_SAFE_CANDIDATE,HEADER_IMAGE,367,https://tinycocoon.gr/image/cache/catalog/logo/logo1_320-125x36w.png,img:Logo,,,,
REVIEW,cmta1jqky00i5q8iy694cggyt,Tinytoes,tinytoes,https://tinytoes.gr,https://www.tinytoes.gr/,NO_AUTO_SAFE_CANDIDATE,SITE_ICON,68,https://www.tinytoes.gr/wp-content/themes/tinytoes/images/favico.ico,link rel=shortcut icon,,,,
REVIEW,cmta1meit00svq8iy8kajeoj7,Tinytoyshop,tinytoyshop,https://tinytoyshop.gr,https://www.tinytoyshop.gr/,NO_AUTO_SAFE_CANDIDATE,HEADER_IMAGE,279,https://www.tinytoyshop.gr/cdn/shop/files/68906E_%7Bwidth%7Dx.png?v=1613539894,img:lazyload js site-header__logo-image site-header__logo-image--centered Tiny Toy Shop,,,,
SAFE,cmta1nwdz00ynq8iymil76g6b,Tirato,tirato,https://tirato.gr,https://tirato.gr/,OFFICIAL_PAGE|HEADER_IMAGE|SAME_SITE_ASSET|IMAGE_VALIDATED,HEADER_IMAGE,333,https://tirato.gr/cdn/shop/files/Tirato-Logo-Transparent.webp?v=1688836044&width=600,img:header__heading-logo motion-reduce header__heading-link link link--text focus-inset Tira to,5cbe5fe1044549e44393023a2cf0e3105ba62639f474c178477f9da029db39b5,600,600,29604
REVIEW,cmtb62vhg002i94iyio8xojh1,Tmsjewel,tmsjewel,https://tmsjewel.gr,https://tmsjewel.gr/,NO_AUTO_SAFE_CANDIDATE,HEADER_IMAGE,367,https://tmsjewel.gr/wp-content/uploads/2021/09/cropped-cropped-TMS-LOGO-180X86-150x72.png,img:custom-logo custom-logo-link ast-transparent-mobile-logo TMS LOGO,,,,
REVIEW,cmta1jr3k00i7q8iygcjk7pe7,Toalfavitarisou,toalfavitarisou,https://toalfavitarisou.gr,https://toalfavitarisou.gr/,NO_AUTO_SAFE_CANDIDATE,HEADER_IMAGE,367,https://toalfavitarisou.gr/wp-content/uploads/2023/08/to-alfavitari-sou-logo1-e1691080290432-150x44.png,img:attachment-full size-full wd-logo wd-main-logo Site logo,,,,
SAFE,cmtb6v67q00473giy0nlkvmxg,Toaromatiseftixias,toaromatiseftixias,https://toaromatiseftixias.gr,https://toaromatiseftixias.gr/,OFFICIAL_PAGE|JSONLD_LOGO|SAME_SITE_ASSET|IMAGE_VALIDATED,JSONLD_LOGO,299,https://toaromatiseftixias.gr/image/cache/catalog/aroma_eytyxias_logo2_140-239x140.png,JSON-LD logo property,1299261a11b08c6fefb9b4ef7929b3d657cb8f39eb1f5d5f885c10414f7cc7d8,239,140,47554
SAFE,cmta1eu4h0000q8iyj2c2hist,ToFarmakeioMou,tofarmakeiomou,https://tofarmakeiomou.gr,https://www.tofarmakeiomou.gr/el-gr,OFFICIAL_PAGE|HEADER_IMAGE|SAME_SITE_ASSET|IMAGE_VALIDATED,HEADER_IMAGE,334,https://www.tofarmakeiomou.gr/static/theme/images/LOGO_TFMNew.png,img:site-header-logo TFM,bc69f88696aaf80796b158ea5479727ea9656a21b506fac9c39db7cb8bb6ed05,400,400,11509
SAFE,cmtb77m99003ldkiysbkdb8yp,Tokopeli,tokopeli,https://tokopeli.gr,https://www.tokopeli.gr/,OFFICIAL_PAGE|HEADER_IMAGE|SAME_SITE_ASSET|IMAGE_VALIDATED,HEADER_IMAGE,349,https://www.tokopeli.gr/image/cache/catalog/logo-245x168.png,img:header-logo Παιδικά παιχνίδια tokopeli.gr,a05a3971def019ec67eb32c4a5b702de5b9e0622bcacbdd234c982677bbbbbe5,245,168,15213
REVIEW,cmta1jrmg00i9q8iy4yulanh4,Toms,toms,https://toms.gr,https://www.toms.gr/el/,NO_AUTO_SAFE_CANDIDATE,HEADER_IMAGE,334,https://www.toms.gr/media/logo/stores/1/TOMS_Wordmark_RGB_Black.png,img:logo store logo,,,,
REVIEW,cmtb6v6l000493giyfwjvlofm,Tony Couper,tony-couper,https://tonycouper.com.gr,https://tonycouper.com.gr/,NO_AUTO_SAFE_CANDIDATE,HEADER_IMAGE,187,https://tonycouper.com.gr/wp-content/uploads/2025/10/logo_2021_diamond_white.png,img:custom-logo custom-logo-link Tony Couper | Style Clothing,,,,
SAFE,cmta1js3e00ibq8iyb1y3ovdc,Toolman,toolman,https://toolman.gr,https://www.toolman.gr/,OFFICIAL_PAGE|HEADER_IMAGE|SAME_SITE_ASSET|IMAGE_VALIDATED,HEADER_IMAGE,279,https://www.toolman.gr/wp-content/themes/toolman/img/toolman.png?ver=3,img:img-responsive logo toolman logo,17de647e2edb4d252ab13b2e0b387d88d0bd9e81232ec2a526a0bcf853f37fbd,300,85,3364
SAFE,cmtb77mmc003ndkiyzbzlikcd,Toolsmania,toolsmania,https://toolsmania.gr,https://www.toolsmania.gr/,OFFICIAL_PAGE|HEADER_IMAGE|SAME_SITE_ASSET|IMAGE_VALIDATED,HEADER_IMAGE,383,https://www.toolsmania.gr/image/cache/catalog/branding/Tools%20Mania_logos_FINAL-01%20(3)-2481x1092.png,img:logo-link Toolsmania.gr,3e268651422bf6bcf8bd14594716f730324613ea3844ed451f0bd04371e8f832,2481,1092,26912
SAFE,cmta1f6r7001cq8iyzdcvwy4u,Top-Style,top-style,https://top-style.gr,https://top-style.gr/,OFFICIAL_PAGE|HEADER_IMAGE|SAME_SITE_ASSET|IMAGE_VALIDATED,HEADER_IMAGE,318,https://top-style.gr/storage/2020/06/logo-top-style.jpg,img:wd-logo wd-main-logo Site logo Top Style,aa4be5f6f9b409678c284df4cd02b87aa8be9c26d5bd43c36e299fca7a7abb7e,300,141,3788
SAFE,cmtb77mzs003pdkiyc12og14q,Topgreekwines,topgreekwines,https://topgreekwines.gr,https://www.topgreekwines.gr/,OFFICIAL_PAGE|JSONLD_LOGO|SAME_SITE_ASSET|IMAGE_VALIDATED,JSONLD_LOGO,283,https://www.topgreekwines.gr/image/cache/catalog/logo/logore-504x111-504x111.jpg,JSON-LD logo property,ed9185adc982c6dfddf4fea56b0d34f82ae89bfb94c620984a7d27049c74c3a9,504,111,53221
SAFE,cmta1fac7001sq8iyd2v8yrai,Toys and Gifts,toys-and-gifts,https://toysandgifts.gr,https://www.toysandgifts.gr/,OFFICIAL_PAGE|HEADER_IMAGE|SAME_SITE_ASSET|IMAGE_VALIDATED,HEADER_IMAGE,334,https://www.toysandgifts.gr/wp-content/uploads/2023/12/logo_normal.png,img:mkdf-normal-logo logo,a4e03cd9d4b20f83e6b383368c0250758f7d2899e922f0f9cbba63c91683184a,368,160,12680
REVIEW,cmtb779qn001sdkiyqvv89lc5,Toys Center e,toys-center-e,https://kartoula.gr,https://kartoula.gr/,NO_AUTO_SAFE_CANDIDATE,HEADER_IMAGE,349,https://kartoula.gr/wp-content/uploads/2024/11/kartoula-logo-retina.png,img:logo_image Kartoula,,,,
REVIEW,cmta1gxwr007hq8iydqyoi0d1,Toys Shop,toys,https://toys-shop.gr,https://www.toys-shop.gr/el/,NO_AUTO_SAFE_CANDIDATE,HEADER_IMAGE,351,https://www.toys-shop.gr/img/cms/template/new_toys-shop_logo_retina.jpg,img:logo img-fluid Toys-shop,,,,
SAFE,cmta5nymy002554iydwpf6kus,Toys.gr,toys-gr,https://toys.gr,https://www.toys.gr/,OFFICIAL_PAGE|JSONLD_LOGO|SAME_SITE_ASSET|IMAGE_VALIDATED,JSONLD_LOGO,299,https://www.toys.gr/image/cache/catalog/elements/toysLogo-333x112.png,JSON-LD logo property,f7a075bb22ed5e13a55a024adcee99153c78b940b6a3e479b6492dd6b217d740,333,112,12264
REVIEW,cmtb6v6zj004b3giy44bq19ms,Toysfirst,toysfirst,https://toysfirst.gr,https://toysfirst.gr/,NO_AUTO_SAFE_CANDIDATE,HEADER_IMAGE,367,https://toysfirst.gr/wp-content/uploads/2018/09/cropped-toysfirst-logo12-1024x416.png,img:custom-logo custom-logo-link toysfirst.gr,,,,
REVIEW,cmta1nwth00ypq8iycqipc076,Trailofmind,trailofmind,https://trailofmind.gr,https://trailofmind.gr/,NO_AUTO_SAFE_CANDIDATE,HEADER_IMAGE,349,https://trailofmind.gr/wp-content/uploads/2025/07/logo-16-07-25-150x150.png,img:elementor-animation-bounce-in attachment-full size-full wp-image-3170 logo,,,,
SAFE,cmta1m48h00rrq8iyu405lopv,Traisto,traisto,https://traisto.gr,https://www.traisto.gr/,OFFICIAL_PAGE|HEADER_IMAGE|SAME_SITE_ASSET|IMAGE_VALIDATED,HEADER_IMAGE,333,https://www.traisto.gr/cdn/shop/files/traisto_logo.jpg?v=1746886820&width=600,img:header__heading-logo motion-reduce header__heading-link link link--text focus-inset Traisto,25b504f7b75f23f340c39be2e037bb7e03bedbf512df0d63d472a4961c05b87b,600,429,9621
SAFE,cmta4z52g003ysciyahwbipxh,Trapped,trapped,https://trapped.gr,https://trapped.gr/,OFFICIAL_PAGE|HEADER_IMAGE|SAME_SITE_ASSET|IMAGE_VALIDATED,HEADER_IMAGE,334,https://trapped.gr/wp-content/themes/escape2/img/logo.png,img:navbar-logo navbar-brand Trapped Escape Rooms | Τα πιο συναρπαστικά Escape Rooms,10f62f6a6ae1fabfa5689afd02e4047f8a6779670cb6ee8b3d342c10caa99dbe,204,52,4309
ERROR,cmta1l9iw00ofq8iy7s34mm5k,Travelagency,travelagency,https://travelagency.gr,,fetch failed,,,,,,,,
REVIEW,cmta1nxap00yrq8iy1zbidnep,Treasurebox,treasurebox,https://treasurebox.gr,https://www.treasurebox.gr/,NO_AUTO_SAFE_CANDIDATE,OG_IMAGE,114,http://www.treasurebox.gr/cdn/shop/files/social-image_1200x1200.png?v=1613685469,og:image,,,,
REVIEW,cmt8nraa2000f0oiyh5ymzqed,Treatwell,treatwell,https://www.treatwell.gr,https://www.treatwell.gr/,NO_AUTO_SAFE_CANDIDATE,JSONLD_LOGO,119,https://cdn1.treatwell.net/images/view/v2.i14805308.w144.h144.xE3FE87DD.png,JSON-LD logo property,,,,
REVIEW,cmtb62vtt002k94iyxb0plsvn,Trekking,trekking,https://trekking.gr,https://trekking.gr/,NO_AUTO_SAFE_CANDIDATE,HEADER_IMAGE,334,https://trekking.gr/media/4dib4m4m/hatta-logo-2022-regina-254x300.png,img:lazyload logo logo,,,,
SAFE,cmtb77ncn003rdkiyfsaebr8n,Tresjoli,tresjoli,https://tresjoli.gr,https://www.tresjoli.gr/,OFFICIAL_PAGE|HEADER_IMAGE|SAME_SITE_ASSET|IMAGE_VALIDATED,HEADER_IMAGE,367,https://www.tresjoli.gr/image/cache/catalog/logo-22-323x135.png,img:logo-1x Tres Joli,9f1101f9fe2db263e6584adf10f1284465f1514cb39be9b84f078b5888d80192,323,135,19579
NONE,cmta1m4q100rtq8iy63n4cf58,Tresorjewelry,tresorjewelry,https://tresorjewelry.gr,https://tresorjewelry.gr/,NO_LOGO_CANDIDATE,,,,,,,,
SAFE,cmtb77nrs003tdkiymcao32ux,Trimis,trimis,https://trimis.com.gr,https://www.trimis.com.gr/,OFFICIAL_PAGE|JSONLD_LOGO|SAME_SITE_ASSET|IMAGE_VALIDATED,JSONLD_LOGO,299,https://www.trimis.com.gr/image/cache//catalog/crops/logo-669x118.png,JSON-LD logo property,f187db891a81ffdbbd9442c2b2f161f8a6ba70f92572d4f410d7589f48f821dc,669,118,27290
REVIEW,cmta1nxrz00ytq8iyxxy6ehr7,Trollbeads,trollbeads,https://trollbeads.gr,https://trollbeads.gr/,NO_AUTO_SAFE_CANDIDATE,HEADER_IMAGE,334,https://trollbeads.gr/cdn/shop/files/trollbeads-logo-greece_135x.png?v=1647814433,img:w__100 logo_sticky dn lh__1 flex al_center pr Trollbeads Greece,,,,
SAFE,cmta1gybe007jq8iyd7zssi5o,Trouvaille,trouvaille,https://trouvaille.gr,https://trouvaille.gr/,OFFICIAL_PAGE|JSONLD_LOGO|SAME_SITE_ASSET|IMAGE_VALIDATED,JSONLD_LOGO,243,https://trouvaille.gr/wp-content/uploads/cropped-IMG_2934.jpg,JSON-LD logo ImageObject,f5dc2bf7d9a4d307f6a6b774069dd4bb38ee82e3f6c4556201982b37012e693d,512,512,6232
SAFE,cmta1ke3c00kvq8iyl66mcec4,Tsakalino,tsakalino,https://tsakalino.gr,https://tsakalino.gr/,OFFICIAL_PAGE|HEADER_IMAGE|SAME_SITE_ASSET|IMAGE_VALIDATED,HEADER_IMAGE,379,https://tsakalino.gr/cdn/shop/files/Tsakalino_Logo_Header.svg?v=1733577612&width=400,img:header__heading-logo header__heading-link,7f62862a6554d636422238957c544343bcf638123c0211f4676162d9a7e7d93e,328,112,14444
ERROR,cmta1gyrx007lq8iyc6lx7l6y,Tsakirismallas,tsakirismallas,https://tsakirismallas.gr,,PAGE_HTTP_403,,,,,,,,
SAFE,cmtb77o6f003vdkiysq2nbo5o,Tsiantakishome,tsiantakishome,https://tsiantakishome.gr,https://www.tsiantakishome.gr/,OFFICIAL_PAGE|HEADER_IMAGE|SAME_SITE_ASSET|IMAGE_VALIDATED,HEADER_IMAGE,367,https://www.tsiantakishome.gr/wp-content/themes/webexpert-eshop/img/tsiantakis-logo.png,img:no-lazy img-fluid logo Tsiantaki Home,f8535f5ed5364c234e37bedd0034247da4259fa5abbaa567b5624f677cf87ff3,230,65,13565
SAFE,cmta1gz87007nq8iydaf9y7oo,Tsinekidis,tsinekidis,https://tsinekidis.gr,https://tsinekidis.gr/,OFFICIAL_PAGE|HEADER_IMAGE|SAME_SITE_ASSET|IMAGE_VALIDATED,HEADER_IMAGE,367,https://tsinekidis.gr/wp-content/uploads/2021/05/logo-280x60@2x.png,img:wd-logo wd-main-logo Site logo Tsinekidis,293438a7d8bb4655ec46c07405982e81f1be9b7dea56dcd8c35700030b408f81,560,120,4286
SAFE,cmta1gzon007pq8iye4ky8f6l,Tuasolea,tuasolea,https://tuasolea.gr,https://tuasolea.gr/,OFFICIAL_PAGE|HEADER_IMAGE|SAME_SITE_ASSET|IMAGE_VALIDATED,HEADER_IMAGE,312,https://tuasolea.gr/wp-content/uploads/2023/12/tuasolea-5.png?v=2,img:header_logo header-logo TuaSolea,fc5f13c0e33eb80fc40009d124521b505a9ef546d3b827c5b2763be98cf82b8f,500,200,7532
ERROR,cmtb62w7u002m94iy9i8ttccn,Tudorhall,tudorhall,https://tudorhall.gr,,PAGE_HTTP_403,,,,,,,,
SAFE,cmta1jska00idq8iyoro6mc23,Turritella,turritella,https://turritella.gr,https://turritella.gr/,OFFICIAL_PAGE|HEADER_IMAGE|SAME_SITE_ASSET|IMAGE_VALIDATED,HEADER_IMAGE,334,https://turritella.gr/wp-content/uploads/2024/10/TURRITELLA_LOGO_HD_2-removebg-e1728405635905.png,img:pls-logo Turritella,559ca8716be760556c0f390cdd6337ace0ecd7a7a3b17c6370fe749f7568813f,1487,827,63842
SAFE,cmta1l9yp00ohq8iyaep7aza2,Twininas,twininas,https://twininas.gr,https://www.twininas.gr/,OFFICIAL_PAGE|JSONLD_LOGO|SAME_SITE_ASSET|IMAGE_VALIDATED,JSONLD_LOGO,332,https://www.twininas.gr/wp-content/uploads/2018/12/twininas_logo_tel_no_flowers-800px.png,JSON-LD logo ImageObject,e178e01c1a386dd90479128c633ea69710c6113d943c4ccaa0a3e73a6d346f1f,800,184,6441
REVIEW,cmta1f7mk001gq8iyatzs4ta7,Tziouti-alexandra,tziouti-alexandra,https://tziouti-alexandra.gr,https://tziouti-alexandra.gr/,NO_AUTO_SAFE_CANDIDATE,SITE_ICON,138,https://tziouti-alexandra.gr/wp-content/uploads/2023/01/cropped-tziouti-logo-192x192.jpg,link rel=icon,,,,
ERROR,cmta4z66f0042sciyfrs0qo0w,Ullapopken,ullapopken,https://ullapopken.gr,,fetch failed,,,,,,,,
REVIEW,cmta1h047007rq8iyu0fz8xw6,Undergroundshop,undergroundshop,https://undergroundshop.gr,https://www.undergroundshop.gr/el,NO_AUTO_SAFE_CANDIDATE,SITE_ICON,84,https://www.undergroundshop.gr/favicon.png,link rel=icon,,,,
REVIEW,cmtb7hz7e000k04iywfxqpaau,Unforgettable Experience Gift Cards in Greece,unforgettable-experience-gift-cards-in,https://exploremessinia.com,https://exploremessinia.com/,NO_AUTO_SAFE_CANDIDATE,HEADER_IMAGE,294,https://exploremessinia.com/wp-content/uploads/2022/03/Explore-Messinia-new-2022_sticky_retina.png,img:fusion-mobile-logo fusion-logo-link Explore Messinia – Outdoor activities Logo,,,,
REVIEW,cmta1laev00ojq8iyj7h4kwoj,Unisport,unisport,https://unisport.gr,https://www.unisport.gr/,STRONG_CANDIDATE_REJECTED|ASSET_UNSUPPORTED_FORMAT,JSONLD_LOGO,228,https://www.unisport.gr/favicon.ico,JSON-LD logo ImageObject,,,,
REVIEW,cmta1lavg00olq8iy04t1e0i7,Unlimited Adrenaline,unlimited-adrenaline,https://unlimited-adrenaline.gr,https://www.unlimited-adrenaline.gr/,NO_AUTO_SAFE_CANDIDATE,SITE_ICON,99,https://www.unlimited-adrenaline.gr/images/favicon/touch-icon-192x192.png,link rel=icon,,,,
SAFE,cmta1jt0y00ifq8iydzqgehjo,Urban Nomad,urban-nomad,https://urban-nomad.gr,https://urban-nomad.gr/,OFFICIAL_PAGE|HEADER_IMAGE|SAME_SITE_ASSET|IMAGE_VALIDATED,HEADER_IMAGE,297,https://urban-nomad.gr/cdn/shop/files/Group_4574_fdeb71f8-6749-4fc4-9a52-c9e9fc6ccb5f.png?v=1724173085&width=600,img:header__heading-logo motion-reduce header__heading-link link link--text focus-inset Urban Nomad,d0944b1719579fe976aa5e9be80ddb70edb49682081f991e1b30dff64480e956,168,27,1596
SAFE,cmta4z6no0044sciyjjoozxtn,Valaora,valaora,https://valaora.gr,https://valaora.gr/,OFFICIAL_PAGE|JSONLD_LOGO|SAME_SITE_ASSET|IMAGE_VALIDATED,JSONLD_LOGO,277,https://valaora.gr/wp-content/uploads/2023/05/cropped-IMG_1720-1.png,JSON-LD logo ImageObject,8e015a90e9ad9389c88b76eff72035c3c88c56c4bcca959c3ddcfa9fb5934350,1028,576,29838
SAFE,cmtb77ow4003zdkiyxwfwp2jk,Valsamakis,name-day-gift-card-καλαματα,https://valsamakis.gr,https://valsamakis.gr/,OFFICIAL_PAGE|HEADER_IMAGE|SAME_SITE_ASSET|IMAGE_VALIDATED,HEADER_IMAGE,346,https://valsamakis.gr/static/version1764663866/frontend/MainSys/Valsamakis/el_GR/images/valsamakis-logo.svg,img:Logo,206c99238c61e229e08d2c3ddeab0e92ba7e20f417d3d4a3d6be71d5d9f24a69,975,217,5358
REVIEW,cmta1jtie00ihq8iy2c8gd6wb,Vantaggio,vantaggio,https://vantaggio.gr,https://vantaggio.gr/,NO_AUTO_SAFE_CANDIDATE,HEADER_IMAGE,278,https://vantaggio.gr/wp-content/uploads/2025/07/2025vantaggiojuly0129-100x100.jpg,img:rey-thumbImg img--1 attachment-woocommerce_thumbnail size-woocommerce_thumbnail woocommerce-LoopProduct-link woocommerce-loop-product__link Juan Martin Lime logo,,,,
REVIEW,cmta5nzef002954iyszgfdayo,VapeLux,vapelux,https://vapelux.gr,https://vapelux.gr/,NO_AUTO_SAFE_CANDIDATE,HEADER_IMAGE,351,https://vapelux.gr/wp-content/uploads/2025/10/VapeLux-Logo-Cropped-Transparent-1000x360.png.webp,img:attachment-full size-full wd-logo wd-main-logo Site logo Vapelux Logo,,,,
REVIEW,cmta1ju1n00ijq8iyl3xrdyqd,Vasilitakidswear,vasilitakidswear,https://vasilitakidswear.gr,https://vasilitakidswear.gr/,NO_AUTO_SAFE_CANDIDATE,HEADER_IMAGE,367,https://vasilitakidswear.gr/wp-content/uploads/2025/07/vasilita_logo-150x76.png,img:attachment-full size-full wd-logo wd-main-logo Site logo,,,,
SAFE,cmta4z75s0046sciy8krzlk3m,Vassilenas,vassilenas,https://vassilenas.gr,https://www.vassilenas.gr/,OFFICIAL_PAGE|HEADER_IMAGE|SAME_SITE_ASSET|IMAGE_VALIDATED,HEADER_IMAGE,334,https://www.vassilenas.gr/wp-content/themes/vassilenas/images/logo-new.png,img:center-x logo Vassilenas,fac1698531d6369ab53cb738d24e380a07b07cb70e9390fb8e72b3ab043bb228,350,50,18697
SAFE,cmta1k2f300jjq8iyus36ufey,Vavoulistours,vavoulistours,https://vavoulistours.gr,https://vavoulistours.gr/,OFFICIAL_PAGE|JSONLD_LOGO|SAME_SITE_ASSET|IMAGE_VALIDATED,JSONLD_LOGO,332,https://vavoulistours.gr/wp-content/uploads/2020/07/logo-vavoulistours-main.png,JSON-LD logo ImageObject,8cad1cf780217b6ec86148a0e3024937ae49f76818fa075a47f257ad61b94063,229,44,3173
SAFE,cmta1jui500ilq8iyle3he9fw,Veel,veel,https://veel.gr,https://veel.gr/,OFFICIAL_PAGE|HEADER_IMAGE|SAME_SITE_ASSET|IMAGE_VALIDATED,HEADER_IMAGE,379,https://veel.gr/wp-content/uploads/2023/01/veellogo-letters-red.svg,img:c-header__logo-img c-header__logo-img--sticky  c-header__logo-img--svg  Veel,b5bf3784538cf000892e2dc51decf71fb512f63cd1882e9b3125fe233191d301,596,186,2801
REVIEW,cmta1juzk00inq8iymdkvh13b,Verandadelvino,verandadelvino,https://verandadelvino.gr,https://www.verandadelvino.gr/,NO_AUTO_SAFE_CANDIDATE,OG_IMAGE,-45,"https://static.wixstatic.com/media/0f013c_8c200634d8484cf082dfa936db730ec8~mv2.jpg/v1/fill/w_800,h_800,al_c/0f013c_8c200634d8484cf082dfa936db730ec8~mv2.jpg",og:image,,,,
REVIEW,cmta1jvgp00ipq8iyi8h4utuy,Verdantgarden,verdantgarden,https://verdantgarden.gr,https://www.verdantgarden.gr/,NO_AUTO_SAFE_CANDIDATE,HEADER_IMAGE,312,https://www.verdantgarden.gr/wp-content/uploads/2026/06/EST-300x113.png,img:attachment-full size-full wp-image-12052 Verdant Garden & More - Logo,,,,
REVIEW,cmtb77p8v0041dkiy4o113qwf,Vicious Cycles Athens,sick-gift-card-viciouscyclesathens,https://vca.gr,https://www.vca.gr/,NO_AUTO_SAFE_CANDIDATE,HEADER_IMAGE,318,https://www.vca.gr/cdn/shop/files/LOGO_NEW_copy_SMAL_JPG_450x.jpg?v=1614294069,img:site-header__logo-link ViciousCyclesAthens,,,,
REVIEW,cmta1jvyi00irq8iy3ts54m2i,Viejewellery,viejewellery,https://viejewellery.gr,https://viejewellery.gr/,NO_AUTO_SAFE_CANDIDATE,HEADER_IMAGE,312,https://viejewellery.gr/wp-content/uploads/2023/09/cropped-Untitled-design.png,img:qodef-header-logo-image qodef--main qodef--customizer qodef-header-logo-link qodef-height--set qodef-source--image Vie jewellery,,,,
REVIEW,cmtb62wkm002o94iyx49okhfn,Villailias,villailias,https://villailias.gr,https://villailias.gr/en,NO_AUTO_SAFE_CANDIDATE,SITE_ICON,96,https://villailias.gr/favicon/favicon.svg,link rel=icon,,,,
SAFE,cmtb77pls0043dkiy7d0f0hyj,Vinoteca,vinoteca,https://vinoteca.gr,https://www.vinoteca.gr/,OFFICIAL_PAGE|HEADER_IMAGE|SAME_SITE_ASSET|IMAGE_VALIDATED,HEADER_IMAGE,334,https://www.vinoteca.gr/skin/frontend/alogg/demo3/images/vinoteca-logo.png,img:img-responsive logo1 Vinoteca,9e34bfb0fc7a7e2015c623f1beccaa70eae9efe8ebf3e4db2b38f99f1c526678,239,65,5358
ERROR,cmtb6v7d1004d3giyepud24ns,Vinoultura gift cart,vinoultura-gift-cart,https://vinoultura.gr,,fetch failed,,,,,,,,
REVIEW,cmta1jweb00itq8iygm4dd6jr,Vintagecava,vintagecava,https://vintagecava.gr,https://www.vintagecava.gr/,NO_AUTO_SAFE_CANDIDATE,HEADER_IMAGE,334,https://www.vintagecava.gr/wp-content/uploads/2022/07/logo-vintage-menu-small.png,img:hfe-site-logo-img elementor-animation- elementor-clickable logo vintage menu small,,,,
REVIEW,cmta1nyam00yvq8iyvkl6llvi,Vintageneedle,vintageneedle,https://vintageneedle.gr,https://www.vintageneedle.gr/,NO_AUTO_SAFE_CANDIDATE,OG_IMAGE,169,http://www.vintageneedle.gr/cdn/shop/files/V_Logo_2_ce56d6a1-5f93-4661-b968-3375a5ec56da.png?v=1763303593,og:image,,,,
SAFE,cmta1nys900yxq8iye6g35elk,Vinylartclothing,vinylartclothing,https://vinylartclothing.gr,https://vinylartclothing.gr/,OFFICIAL_PAGE|HEADER_IMAGE|SAME_SITE_ASSET|IMAGE_VALIDATED,HEADER_IMAGE,312,https://vinylartclothing.gr/cdn/shop/files/VINYLART_horizontal.png?v=1645548454&width=3500,img:header__logo-image,9500289f2e8c016027e2ca49b5a1d88980bf9d7ccf6334ac55cf52cf82bd8d7a,3500,1018,61664
SAFE,cmtb7hva7000004iyrpeaoyzv,Virtual Reality Athens,virtual-reality-athens,https://athens.virtual-room.com,https://athens.virtual-room.com/,OFFICIAL_PAGE|HEADER_IMAGE|SAME_SITE_ASSET|IMAGE_VALIDATED,HEADER_IMAGE,346,https://athens.virtual-room.com/wp-content/themes/virtualroom/assets/img/LOGO.svg,img:img-fluid navbar-logo #,c20abe9cc0c14da6fa90587a8c00a8cc8cfa1c21e38f55faae357cbc0dab788b,246,66,7904
REVIEW,cmta1jwtw00ivq8iyium2wqi2,Vitaspis,vitaspis,https://vitaspis.gr,https://vitaspis.gr/,NO_AUTO_SAFE_CANDIDATE,SITE_ICON,99,https://vitaspis.gr/wp-content/uploads/2025/07/cropped-favicon-1-192x192.png,link rel=icon,,,,
REVIEW,cmta1h0ki007tq8iy9qwn9glu,Vivliopoleiopataki,vivliopoleiopataki,https://vivliopoleiopataki.gr,https://vivliopoleiopataki.gr/,NO_AUTO_SAFE_CANDIDATE,SITE_ICON,68,https://vivliopoleiopataki.gr/media/favicon/default/favicon.ico,link rel=icon,,,,
SAFE,cmta1lnka00pzq8iy3xryrxgx,Vizadinigonia,vizadinigonia,https://vizadinigonia.gr,https://vizadinigonia.gr/,OFFICIAL_PAGE|HEADER_IMAGE|SAME_SITE_ASSET|IMAGE_VALIDATED,HEADER_IMAGE,263,https://vizadinigonia.gr/wp-content/uploads/2021/09/500x500.jpg,img:proradio-logo_header_mob proradio-logolink Home link ΒΥΖΑΝΤΙΝΗ ΓΩΝΙΑ,a6ac6c86098d4ff5420b681e09c84c53a2c5ad9e2b06a6f24e527ca9b9c4d080,500,500,109346
REVIEW,cmta1nzcb00yzq8iy9dgcfn2u,Wallpaperstore,wallpaperstore,https://wallpaperstore.gr,https://wallpaperstore.gr/,NO_AUTO_SAFE_CANDIDATE,HEADER_IMAGE,367,https://wallpaperstore.gr/wp-content/uploads/2024/04/logo-wallpaerstore-black-1200x430.png,img:attachment-full size-full wd-logo wd-main-logo Site logo,,,,
SAFE,cmta5nzqx002b54iyjbin14o4,WARAGOD,de-30-waragod,https://waragod.gr,https://www.waragod.gr/,OFFICIAL_PAGE|HEADER_IMAGE|SAME_SITE_ASSET|IMAGE_VALIDATED,HEADER_IMAGE,379,https://www.waragod.gr/cdn/shop/files/waragod-logo-landscape.svg?v=1762763340&width=340,img:logo header__logo--mobile md:hidden h3 relative flex header__logo--image WARAGOD,f8e23f122abc9873d9eb7d3fefc642a5555dbb5fdc001a40e8c461464698ff49,278,90,5670
SAFE,cmta1h0zy007vq8iymjdaikvf,Websupplies,websupplies,https://websupplies.gr,https://www.websupplies.gr/,OFFICIAL_PAGE|JSONLD_LOGO|SAME_SITE_ASSET|IMAGE_VALIDATED,JSONLD_LOGO,283,https://www.websupplies.gr/images/thumbs/0000003_logo.webp,JSON-LD logo property,c473749988d7cf2dd3e444d74a30cafd5db5149b3523309d265b154fb970328d,95,66,876
SAFE,cmtb77pzf0045dkiywazx8oxp,WEDDING DAY,wedding-day,https://wedday.gr,https://wedday.gr/,OFFICIAL_PAGE|HEADER_IMAGE|SAME_SITE_ASSET|IMAGE_VALIDATED,HEADER_IMAGE,349,https://wedday.gr/wp-content/uploads/2022/10/cropped-LOGO-WDAY-BLACK.png,img:neve-site-logo skip-lazy brand WEDDING DAY Νυφικά & Είδη Γάμου,efea2e4826d46ca6f752b9fa7161e83616d5da3ecdf667c0a65faaaa021db36b,200,216,4637
REVIEW,cmtb7i4fg001a04iyu5nzeowe,Wellness Gift Cards,wellness-gift-cards,https://omhomestudio.com,https://www.omhomestudio.com/,NO_AUTO_SAFE_CANDIDATE,OG_IMAGE,-29,"https://static.wixstatic.com/media/e2c13c_08f31e7562934fe98ce42c95debfb652%7Emv2.png/v1/fit/w_2500,h_1330,al_c/e2c13c_08f31e7562934fe98ce42c95debfb652%7Emv2.png",og:image,,,,
ERROR,cmta4z8pw004csciymdcih8iu,Wildsouls,wildsouls,https://wildsouls.gr,,PAGE_HTTP_403,,,,,,,,
SAFE,cmta1k2vw00jlq8iy0gndm22x,Wine24shop,wine24shop,https://wine24shop.gr,https://www.wine24shop.gr/,OFFICIAL_PAGE|JSONLD_LOGO|SAME_SITE_ASSET|IMAGE_VALIDATED,JSONLD_LOGO,283,https://www.wine24shop.gr/skn/wine24shop-logo-top.jpg,JSON-LD logo property,7ef31ce0cdf0c77a93eb31450f496f44df4d220f6cbb3940419245c0224c79af,367,100,31452
REVIEW,cmta1jxbr00ixq8iy0ji2ui9e,Winewalkers,winewalkers,https://winewalkers.gr,https://www.winewalkers.gr/,NO_AUTO_SAFE_CANDIDATE,OG_IMAGE,-45,"https://static.wixstatic.com/media/407b64_626bb4ea729e46b1b3f9c4cafea25ab3%7Emv2.jpg/v1/fit/w_2500,h_1330,al_c/407b64_626bb4ea729e46b1b3f9c4cafea25ab3%7Emv2.jpg",og:image,,,,
SAFE,cmta1lbch00onq8iyqs6rtxeu,Wokshop,wokshop,https://wokshop.gr,https://www.wokshop.gr/el-gr/,OFFICIAL_PAGE|HEADER_IMAGE|SAME_SITE_ASSET|IMAGE_VALIDATED,HEADER_IMAGE,346,https://www.wokshop.gr/static/theme/img/WOKSHOP_LOGO.svg,img:logo,57c0cdbd46aa995bdd3dd28123f0a7288333a0c73225387f123279d495142cdb,327,147,20038
REVIEW,cmt79ikju002a84iyfgm5oiw7,Wolt,wolt,https://wolt.com,https://wolt.com/en/grc,NO_AUTO_SAFE_CANDIDATE,JSONLD_LOGO,140,https://d21buns5ku92am.cloudfront.net/69274/images/392254-06b21419-d6d8-4fd1-ae80-4d6aa7434048_logo-5bc0ff-medium-1622463718.jpeg,JSON-LD logo property,,,,
SAFE,cmta1lfvh00p5q8iygw2r78qv,Woodyline,woodyline,https://woodyline.gr,https://www.woodyline.gr/,OFFICIAL_PAGE|HEADER_IMAGE|SAME_SITE_ASSET|IMAGE_VALIDATED,HEADER_IMAGE,334,https://www.woodyline.gr/images/2021/11/woodyline-logo-greek_1635935802.png,img:logo_footer ΠΑΙΔΙΚΑ ΕΠΙΠΛΑ ΠΑΙΔΙΚΑ ΕΠΙΠΛΑ - ΝΕΑΝΙΚΑ ΕΠΙΠΛΑ - ΠΑΙΔΙΚΑ ΔΩΜΑΤΙΑ - ΕΛΛΗΝΙΚΗ ΚΑΤΑΣΚΕΥΗ WOODYLINE,b667ebf822290d344f04679eed6f9a12987b8b7fde3166ed855c3aea1a7553fc,135,141,14655
REVIEW,cmta5o0g0002f54iydkorogei,World of Vision,world-of-vision,https://worldofvision.gr,https://worldofvision.gr/,NO_AUTO_SAFE_CANDIDATE,HEADER_IMAGE,364,https://worldofvision.gr/wp-content/uploads/2021/02/world-of-vision-logo-header-sticky.svg,img:attachment-full size-full wd-logo wd-sticky-logo,,,,
SAFE,cmta1jxs200izq8iy28mb6pfr,Wspc,wspc,https://wspc.gr,https://www.wspc.gr/,OFFICIAL_PAGE|HEADER_IMAGE|SAME_SITE_ASSET|IMAGE_VALIDATED,HEADER_IMAGE,367,https://www.wspc.gr/wp-content/uploads/2021/03/wspc-logo-landscape-1.png,img:mkdf-normal-logo logo,649a65a70910c12efed862f3ca088e590e47d2b254d1f4c1c3f3ee7c20c8a292,327,150,19902
ERROR,cmtb6utaw00293giyc40zz7r9,www.katoflitavern.gr,www-katoflitavern-gr,https://katoflitavern.gr,,fetch failed,,,,,,,,
SAFE,cmta1lo7o00q1q8iy0i2qm59g,Xeiroplathi,xeiroplathi,https://xeiroplathi.gr,https://www.xeiroplathi.gr/,OFFICIAL_PAGE|HEADER_IMAGE|SAME_SITE_ASSET|IMAGE_VALIDATED,HEADER_IMAGE,351,https://www.xeiroplathi.gr/wp-content/uploads/2023/11/logo_xeiroplathi_v3.jpg,img:img-responsive sticky-logo sticky-retina-logo Site Logo Χειροπλάθι,8b01c4b62a116f40d22197762dc18abfdc1d80b2bf0cb0239339105290200ba9,237,91,10104
REVIEW,cmta1jy9c00j1q8iyyfjvma71,Xmode,xmode,https://xmode.gr,https://www.xmode.gr/,NO_AUTO_SAFE_CANDIDATE,SITE_ICON,-44,https://static.wixstatic.com/media/50dfb7_af1ab90840a842b9a0f4d1ca9f331e3a%7Emv2.png/v1/fill/w_192%2Ch_192%2Clg_1%2Cusm_0.66_1.00_0.01/50dfb7_af1ab90840a842b9a0f4d1ca9f331e3a%7Emv2.png,link rel=icon,,,,
SAFE,cmta1h1ec007xq8iyzkau2j3p,Xryseio,xryseio,https://xryseio.gr,https://www.xryseio.gr/,OFFICIAL_PAGE|JSONLD_LOGO|SAME_SITE_ASSET|IMAGE_VALIDATED,JSONLD_LOGO,277,https://www.xryseio.gr/wp-content/uploads/2021/12/xryseio-orizontio_400px_2.png,JSON-LD logo ImageObject,4db95b8ee0b7644d2f67a8536d587f8a4feddd06822ba3ce70500ea06fdd3b24,400,200,6247
SAFE,cmta1h1se007zq8iyy88yfyvw,Xxlove,xxlove,https://xxlove.gr,https://xxlove.gr/,OFFICIAL_PAGE|JSONLD_LOGO|SAME_SITE_ASSET|IMAGE_VALIDATED,JSONLD_LOGO,299,https://assets.xxlove.gr/media/logo/default/XXLove_Logo.png,JSON-LD logo property,58a58731464e8a45c738639b3f1ac17e6e535cf2558b45fee2ceed06fe01f623,264,64,2857
SAFE,cmta1fxv80042q8iyke2lmo2y,XXXL Leo,xxxl-leo,https://xxxl.gr,https://xxxl.gr/,OFFICIAL_PAGE|JSONLD_LOGO|SAME_SITE_ASSET|IMAGE_VALIDATED,JSONLD_LOGO,299,https://xxxl.gr/image/cache/catalog/data/leo-logo-s-251x88.png,JSON-LD logo property,ea967d2a046b2a24adf38f75c17f2167d0516ef7d30f2648779c8a9386c0e7eb,251,88,7007
SAFE,cmta4z96k004esciyy0awvqwr,Yadeshotels,yadeshotels,https://yadeshotels.gr,https://yadeshotels.gr/,OFFICIAL_PAGE|HEADER_IMAGE|SAME_SITE_ASSET|IMAGE_VALIDATED,HEADER_IMAGE,349,https://www.yadeshotels.gr/wp-content/uploads/2019/03/yadeshotels-logo-120.png,img:fusion-standard-logo fusion-logo-link yadeshotels.gr Logo,adc1e6e37a13014e126e95101bcb67b82dd8f150289fcd1a89a9f92eaf8052a9,120,135,3044
REVIEW,cmta1eya3000eq8iytop6dlw4,Yamamay,yamamay,https://yamamay.com,https://www.yamamay.com/en-gr,NO_AUTO_SAFE_CANDIDATE,HEADER_IMAGE,324,https://www.yamamay.com/cdn/shop/files/yamamay.svg?v=1767878185&width=429,img:header-logo__image header-logo__link header-logo__link--yamamay Yamamay,,,,
REVIEW,cmtb6v82o004h3giyx0kccfrh,Ydrospa,ydrospa,https://ydrospa.gr,https://ydrospa.gr/,NO_AUTO_SAFE_CANDIDATE,HEADER_IMAGE,279,https://ydrospa.gr/wp-content/uploads/2020/10/cropped-imageedit_1_8700737013-e1602686002708-4-39x60.png,img:custom-logo custom-logo-link YdroSpa ,,,,
SAFE,cmta1jyov00j3q8iy67j6xwig,Yellowstars,yellowstars,https://yellowstars.gr,https://yellowstars.gr/,OFFICIAL_PAGE|HEADER_IMAGE|SAME_SITE_ASSET|IMAGE_VALIDATED,HEADER_IMAGE,379,https://yellowstars.gr/wp-content/uploads/2023/07/YELLOWSTARS-LOGO.svg,img:attachment-full size-full wd-logo wd-main-logo Site logo,b72650bbd32f0876e50cc77697065458917c88bf865ac4fe9145060ff9410dfa,788,244,5971
ERROR,cmta1jz6300j5q8iy6awj1k2h,You,you,https://you.gr,,PAGE_HTTP_403,,,,,,,,
SAFE,cmtb77yq5005edkiyr4glk0s1,Younails,younails,https://younails.gr,https://www.younails.gr/,OFFICIAL_PAGE|HEADER_IMAGE|SAME_SITE_ASSET|IMAGE_VALIDATED,HEADER_IMAGE,367,https://www.younails.gr/image/cache/catalog/crop/logo-230x59.png,img:logo-1x younails.gr,d926ea009aedf53f13e4c7843b9b5046237b73d9d25b14f1e8a3272192e7aca5,230,59,25282
REVIEW,cmtb6v8fw004j3giykfec0to9,Yourbabystore,yourbabystore,https://yourbabystore.gr,https://yourbabystore.gr/,NO_AUTO_SAFE_CANDIDATE,HEADER_IMAGE,333,https://yourbabystore.gr/wp-content/uploads/2018/08/kosmos-mwrou-logo-100x100.jpg,img:et_b_header-logo-img kosmos mwrou logo,,,,
SAFE,cmta1nzvg00z1q8iylezj7e09,Yourdigitalcourses,yourdigitalcourses,https://yourdigitalcourses.gr,https://yourdigitalcourses.gr/,OFFICIAL_PAGE|JSONLD_LOGO|SAME_SITE_ASSET|IMAGE_VALIDATED,JSONLD_LOGO,261,https://yourdigitalcourses.gr/wp-content/uploads/2023/08/cropped-Online-Learning-Platform250.jpg,JSON-LD logo ImageObject,a5d9ced48e801692eae42554e778c8a638c8c3cac8c5a961ecf5e053f1448550,250,81,7529
REVIEW,cmta1o0ds00z3q8iy21g3xzwm,Yourmassage,yourmassage,https://yourmassage.gr,https://yourmassage.gr/,NO_AUTO_SAFE_CANDIDATE,OG_IMAGE,169,https://yourmassage.gr/wp-content/uploads/2014/11/yourmassage-logo-fb.png,og:image,,,,
SAFE,cmta1fu2m003oq8iy4ozx9tlx,Z-Ergaleia,z-ergaleia,https://z-ergaleia.gr,https://www.z-ergaleia.gr/,OFFICIAL_PAGE|JSONLD_LOGO|SAME_SITE_ASSET|IMAGE_VALIDATED,JSONLD_LOGO,283,https://www.z-ergaleia.gr/img/logo-1691756753.jpg,JSON-LD logo ImageObject,4e87bcdebab75c0aad01aa4605210635f03132ef16797d9466e5895cba280392,252,40,12481
SAFE,cmtb78dwy007fdkiyd2xzj5l1,Zador,gift-voucher-100-eur,https://zador.gr,https://www.zador.gr/,OFFICIAL_PAGE|HEADER_IMAGE|SAME_SITE_ASSET|IMAGE_VALIDATED,HEADER_IMAGE,279,https://www.zador.gr/cdn/shop/files/0001633_Zador-small_603480cf-d37c-4ee3-b685-50ca756017c2.png?format=webp&height=160&v=1763396821,img:header-logo__image header__heading-link inline-block link link--text focus-inset Zador.gr Image,96282e03514731f1a748c85df0bc6b6fadf2b89076d7e887d7d8778e5935e9e9,320,160,3608
REVIEW,cmta5o0tf002h54iymbz6dz54,Zairacollection,zairacollection,https://zairacollection.gr,https://www.zairacollection.gr/,NO_AUTO_SAFE_CANDIDATE,HEADER_IMAGE,333,https://www.zairacollection.gr/wp-content/uploads/2020/11/logo-100x100.jpeg,img:custom-logo custom-logo-link Zaira Collection Furniture,,,,
SAFE,cmt8gzx4s000514iyyjmubbja,Zakcret,zakcret,https://www.zakcret.gr,https://www.zakcret.gr/,OFFICIAL_PAGE|JSONLD_LOGO|SAME_SITE_ASSET|IMAGE_VALIDATED,JSONLD_LOGO,299,https://www.zakcret.gr/image/cache/catalog/logo-300x300.png,JSON-LD logo property,c94156993d8eb3b60509f5f03ceba34ac03a805c09379f5b9ab1959d1757d7d4,300,300,8945
REVIEW,cmta1jzlb00j7q8iyrtqyff9c,Zakroshoes,zakroshoes,https://zakroshoes.gr,https://www.zakroshoes.gr/,NO_AUTO_SAFE_CANDIDATE,SITE_ICON,99,https://www.zakroshoes.gr/wp-content/uploads/2018/11/zakro-shoes-favicon.png,link rel=icon,,,,
REVIEW,cmta1h2f10081q8iyet5ax0sh,Zalando,zalando,https://zalando.gr,https://www.zalando.gr/,NO_AUTO_SAFE_CANDIDATE,SITE_ICON,-26,https://mosaic01.ztat.net/zds/assets/favicon/zalando-app-touch-icon-180-lagom-v2.png,link rel=apple-touch-icon,,,,
REVIEW,cmta4z9o3004gsciy7n6i8ujz,Zerogravity,zerogravity,https://zerogravity.gr,https://www.zerogravity.gr/,NO_AUTO_SAFE_CANDIDATE,HEADER_IMAGE,349,https://www.zerogravity.gr/cdn/shop/files/LOGO1_300x300.png?v=1748684464,img:js main_logo site-header__logo-image Zero Gravity,,,,
SAFE,cmta1k02b00j9q8iyv38rf8g8,Zoniou,zoniou,https://zoniou.gr,https://zoniou.gr/,OFFICIAL_PAGE|HEADER_IMAGE|SAME_SITE_ASSET|IMAGE_VALIDATED,HEADER_IMAGE,379,https://zoniou.gr/media/logo/stores/1/ZONIOU_NEW_LOGO_WEBSITE_1_.svg,img:logo-image logo store logo zoniou,96f4a0edab2c00e93730af511183806298d00617cb5161124f4aafdc898940ac,866,143,3342
SAFE,cmtb6v8rz004l3giyqchbmolt,Zooparadise,zooparadise,https://zooparadise.gr,https://zooparadise.gr/,OFFICIAL_PAGE|JSONLD_LOGO|SAME_SITE_ASSET|IMAGE_VALIDATED,JSONLD_LOGO,299,https://zooparadise.gr/wp-content/uploads/2021/02/zoo-paradise-logo-dark-small.png,JSON-LD logo ImageObject,0a68389c228fba024d530e27a5288dee0a85d9d694990cc99079d50f485b2229,74,60,2060
REVIEW,cmta1m57o00rvq8iy2yljsl7f,Zuccherino,zuccherino,https://zuccherino.gr,https://zuccherino.gr/,NO_AUTO_SAFE_CANDIDATE,SITE_ICON,99,https://zuccherino.gr/wp-content/uploads/2024/09/favicon_zucc.png,link rel=apple-touch-icon,,,,
SAFE,cmtb7hw5h000404iy4xfknmsr,Zuma Mykonos,zuma-mykonos,https://zumamykonos.giftpro.co.uk,https://zumamykonos.giftpro.co.uk/vouchers/monetary-gift-voucher/,OFFICIAL_PAGE|HEADER_IMAGE|SAME_SITE_ASSET|IMAGE_VALIDATED,HEADER_IMAGE,279,https://images.giftpro.co.uk/original/750x200/c3fa1046-1f6b-46f9-a049-685bec5a6f85.png,img:site_header_logo-img site_header_logo-link Return to Zuma Mykonos home page,885228e19aff0d6e84d79157439bbe9b14000788aef348b3aac41a072bc1cf22,750,174,9249
SAFE,cmta1gfio005pq8iyhnk8uqth,Zumbashop,zumbashop,https://zumbashop.gr,https://zumbashop.gr/,OFFICIAL_PAGE|HEADER_IMAGE|SAME_SITE_ASSET|IMAGE_VALIDATED,HEADER_IMAGE,367,https://zumbashop.gr/media/logo/websites/1/zumbashop-administrator-logo.png,img:default-logo Zumbashop.gr | Επίσημος εισαγωγέας και διανομέας του Zumbawear στην Ελλάδα,d112dc6f4390d03919eac921620fe795dd62cbc42cee23e0e55302b3af1199a2,300,104,29119
REVIEW,cmtb62wwv002q94iy5y1iaknb,Zuraris,zuraris,https://zuraris.gr,https://zuraris.gr/,NO_AUTO_SAFE_CANDIDATE,HEADER_IMAGE,334,https://zuraris.gr/wp-content/uploads/2023/06/cropped-logo-1.png,img:wd-logo wd-sticky-logo Zuraris Shoes,,,,
SAFE,cmtb780lh005odkiyslzjq17k,Αγόρασε μία Δωροκάρτα,αγορασε-μια-δωροκαρτα,https://dazzeal.gr,https://dazzeal.gr/,OFFICIAL_PAGE|JSONLD_LOGO|SAME_SITE_ASSET|IMAGE_VALIDATED,JSONLD_LOGO,265,https://dazzeal.gr/image/cachewebp/catalog/logo/ball_pink_resized-316x315.webp,JSON-LD logo property,dcb34ffd9369a4e414e9f7393be2d4c7a1e0bc4eb975941522d58762ce0cc630,316,315,7654
REVIEW,cmtb77twd004odkiyt5u3ep1e,Αγοράστε μια δωροεπιταγή,αγοραστε-μια-δωροεπιταγη,https://cheapet.gr,https://cheapet.gr/,NO_AUTO_SAFE_CANDIDATE,SITE_ICON,50,https://cheapet.gr/image/data/14-xronia-cheapet.gr.jpg,link rel=icon,,,,
SAFE,cmtb6upwi001r3giymvuh6njo,Αγοράστε μία Δωροεπιταγή - Gifts 4 All,αγοραστε-μια-δωροεπιταγη-gifts-4-all,https://gifts4all.com.gr,https://www.gifts4all.com.gr/,OFFICIAL_PAGE|JSONLD_LOGO|SAME_SITE_ASSET|IMAGE_VALIDATED,JSONLD_LOGO,299,https://www.gifts4all.com.gr/image/cache/catalog/logo/gifts4all-logo-final-350x118.png,JSON-LD logo property,381b5a2e8d243a15bce37a1e892aef90f7487dd5c690a8492a12fd589a12eb6e,350,118,59554
REVIEW,cmtb77srp004idkiywlcqejho,Αγοράστε μία Δωροκάρτα,αγοραστε-μια-δωροκαρτα,https://bekids.gr,https://bekids.gr/,NO_AUTO_SAFE_CANDIDATE,SITE_ICON,66,https://bekids.gr/image/catalog/graphics/favicon.png,link rel=icon,,,,
REVIEW,cmtb782qf005ydkiyrxvghjux,Αγοράστε μία Δωροκάρτα,αγοραστε-μια-δωροκαρτα-2,https://fifthelement.gr,https://www.fifthelement.gr/,STRONG_CANDIDATE_REJECTED|ASSET_NOT_IMAGE:unknown,JSONLD_LOGO,265,https://www.fifthelement.gr/image/cache/wp/gp/logos/fifth-element-logo-new-180x114.webp,JSON-LD logo property,,,,
SAFE,cmta5nul9001k54iy3hr1m5se,Αισθητικής | Naloo Beauty Bar – Ιδανικό Δώρο,αισθητικης-naloo-beauty-bar-ιδανικο-δωρο,https://naloobeautybar.gr,https://naloobeautybar.gr/,OFFICIAL_PAGE|HEADER_IMAGE|SAME_SITE_ASSET|IMAGE_VALIDATED,HEADER_IMAGE,334,https://naloobeautybar.gr/wp-content/uploads/2022/03/naloo-logo-dark-e1646223485250.png,img:img-logotype dark-logotype Site Logotype Dark,0aec4ab7491a4fa5dda8d8c9cc410ddb513a67a52ea880a0915e00c80fd2ba2f,128,128,2678
SAFE,cmtb77w4e0050dkiy7yigzns3,Αρχεία,αρχεια,https://ellievfashion.gr,https://www.ellievfashion.gr/,OFFICIAL_PAGE|HEADER_IMAGE|SAME_SITE_ASSET|IMAGE_VALIDATED,HEADER_IMAGE,261,https://www.ellievfashion.gr/wp-content/uploads/2022/03/ELLIE_VOUKOUTI_leatherShoes.png,img:normal-logo lazyload ellievfashion,cbcd3c0c8e1a3346beb2f78670ef367e9af3ef26ced09a0d4ab420ff1a685700,2137,354,103218
SAFE,cmtb786u2006hdkiyonu3jl9k,Αρχεία,αρχεια-2,https://lovelucy.gr,https://lovelucy.gr/,OFFICIAL_PAGE|HEADER_IMAGE|SAME_SITE_ASSET|IMAGE_VALIDATED,HEADER_IMAGE,316,https://lovelucy.gr/wp-content/uploads/2024/11/lovelucy-logo-260w.png,img:xts-logo-main Site logo Love Lucy Boutique,eafef83d2b6e77cbb2452c844718ee348776dc0330426ea07bee2994121bf742,260,172,29476
REVIEW,cmtb788gu006pdkiynww25c7m,Αρχεία,αρχεια-3,https://malleconcept.gr,https://www.malleconcept.gr/,NO_AUTO_SAFE_CANDIDATE,HEADER_IMAGE,349,https://www.malleconcept.gr/wp-content/uploads/2021/10/malle-logo-place-on-photo-A-1024x349.png,img:qodef-header-logo-image qodef--main qodef-header-logo-link qodef-height--not-set qodef-source--image logo main,,,,
REVIEW,cmta5nsbw001854iyndtk49ni,Αρχεία - Mafil bags,αρχεια-mafil-bags,https://mafilbags.gr,https://www.mafilbags.gr/,NO_AUTO_SAFE_CANDIDATE,OG_IMAGE,114,https://www.mafilbags.gr/wp-content/uploads/2025/04/555.png,og:image,,,,
ERROR,cmtb78dix007ddkiymamc3stc,Αρχεία - Αρωματοπωλείον,αρχεια-αρωματοπωλειον,https://yourscent.gr,,PAGE_TIMEOUT,,,,,,,,
ERROR,cmtb77ctx0028dkiy9otywm56,Αρχεία - Παιδικά Παπούτσια Μούγερ,αρχεια-παιδικα-παπουτσια-μουγερ,https://mouyer.gr,,PAGE_TIMEOUT,,,,,,,,
REVIEW,cmta5nt2i001c54iybiq2d4h8,Αρώματος | Mine Perfume Lab,αρωματος-mine-perfume-lab,https://mineperfumelab.gr,https://mineperfumelab.gr/,NO_AUTO_SAFE_CANDIDATE,HEADER_IMAGE,367,https://mineperfumelab.gr/cdn/shop/files/Logo_bianco.png?v=1753444887&width=840,img:header__logo-image header__logo-image--transparent,,,,
SAFE,cmtb62tp4002894iya2x79xoi,για Γέννηση ή Βάπτιση – TeleioPlayRoom.gr,για-γεννηση-η-βαπτιση-teleioplayroom-gr,https://teleioplayroom.gr,https://www.teleioplayroom.gr/,OFFICIAL_PAGE|HEADER_IMAGE|SAME_SITE_ASSET|IMAGE_VALIDATED,HEADER_IMAGE,367,https://www.teleioplayroom.gr/cdn/shop/files/teleioplayroomgr-high-resolution-logo-black-on-transparent-background_40d04828-1769-42ad-8a29-2d89b0c4c195.png?v=1737459341&width=500,img:header__heading-logo motion-reduce header__heading-link link link--text focus-inset TeleioPlayRoom.gr,71b42ff29afb7972e0c19486162e01135db4bfbc74feedc1dd4e17b96de3eddc,500,138,5825
SAFE,cmtb78cdp0077dkiyetcw4w0c,για πρωτότυπα και όμορφα δώρα!,για-πρωτοτυπα-και-ομορφα-δωρα,https://talesofales.gr,https://talesofales.gr/,OFFICIAL_PAGE|HEADER_IMAGE|SAME_SITE_ASSET|IMAGE_VALIDATED,HEADER_IMAGE,261,https://talesofales.gr/kootupsy/2020/08/tales-of-ales.png,img:wd-logo wd-main-logo woodmart-logo woodmart-main-logo Tales of Ales Beer Bar Online Shop,54fe3c2acf8c0249c8cce98e045a635e31d394d8f40231084ac9620c3fdfcde7,170,120,7559
REVIEW,cmtb77zgx005idkiyg9qkwj7r,Δωροεπιταγές,δωροεπιταγες,https://blue-print.gr,https://blue-print.gr/,NO_AUTO_SAFE_CANDIDATE,SITE_ICON,120,https://blue-print.gr/wp-content/uploads/2023/03/cropped-logo-192x192.webp,link rel=icon,,,,
SAFE,cmtb789nc006vdkiyyrzeqiov,Δωροεπιταγές,δωροεπιταγες-2,https://mustmenfashion.gr,https://mustmenfashion.gr/,OFFICIAL_PAGE|HEADER_IMAGE|SAME_SITE_ASSET|IMAGE_VALIDATED,HEADER_IMAGE,333,https://assets.mustmenfashion.gr/img/mustmen-logo-1552921994.jpg,img:logo img-fluid Must Men Fashion,244cf8cc9afdd8c1e0ddff33e4224914de7cae8361fb1a039e356658a2fb143f,309,73,4028
REVIEW,cmta4ym53001qsciyl81j3zu5,Δωροκάρτα - Karfitsomenos Gatos,δωροκαρτα-karfitsomenos-gatos,https://karfitsomenosgatos.gr,https://karfitsomenosgatos.gr/,NO_AUTO_SAFE_CANDIDATE,HEADER_IMAGE,367,https://karfitsomenosgatos.gr/wp-content/uploads/2021/12/logo-150x52.png,img:attachment-full size-full wd-logo wd-main-logo Site logo Καρφιτσωμένος γάτος,,,,
SAFE,cmta4yyrf0038sciyxex3eik0,Δωροκάρτα - Patousaki Shoes,δωροκαρτα-patousaki-shoes,https://patousakishoes.gr,https://www.patousakishoes.gr/,OFFICIAL_PAGE|HEADER_IMAGE|SAME_SITE_ASSET|IMAGE_VALIDATED,HEADER_IMAGE,379,https://www.patousakishoes.gr/wp-content/themes/webexpert/img/patousaki-logo.svg,img:logo Patousaki Shoes,047df9d951872f123d62060a1860e8594833302fdb6454ee5e3da8214a710aae,91,23,26550
REVIEW,cmtb6v1hi003h3giyzn8glzoz,ΔΩΡΟΚΑΡΤΑ - Pregnancy-gifts.gr,δωροκαρτα-pregnancy-gifts-gr,https://pregnancy-gifts.gr,https://pregnancy-gifts.gr/,NO_AUTO_SAFE_CANDIDATE,HEADER_IMAGE,367,https://pregnancy-gifts.gr/wp-content/uploads/2022/11/logo-5-1300x456.png,"img:attachment-full size-full wd-logo wd-main-logo Λογότυπο ιστοτόπου ρούχα εγκυμοσύνης, ρούχα για έγκυο, ρούχα για εγκύους, ρούχα μητρότητας, κατάστημα ρούχα εγκυμοσύνης, κατάστημα με ρούχα εγκυμοσύνης, ρούχα θηλασμού, ρούχα για το μαιευτήριο, φορέματα εγκυμοσύνης, φορέματα θηλασμού, μπλούζες εγκυμοσύνης, μπλούζες θηλασμού, πιτζάμες εγκυμοσύνης, πιτζάμες θηλασμού, πιτζάμες για μαιευτήριο, νυχτικά για μαιευτήριο, παντελόνια εγκυμοσύνης, τζιν εγκυμοσύνης, jeans εγκυμοσύνης, σουτιέν εγκυμοσύνης, σουτιέν θηλασμού, νυφικά εγκυμοσύνης, νυφικά για πολιτικό γάμο, νυφικά για θρησκευτικό γάμο, επίσημα ρούχα εγκυμοσύνης, φόρμες εγκυμοσύνης, σαλοπέτες εγκυμοσύνης, ολόσωμες φόρμες εγκυμοσύνης, μουσικά μενταγιόν εγκυμοσύνης bola, ρούχα διαμόρφωσης μετά τον τοκετό, μαγιό εγκυμοσύνης, μαγιό εγκύους, σορτσάκια εγκυμοσύνης",,,,
REVIEW,cmta4z43r003usciyabwwtw93,Δωροκάρτα - Studio Fix,δωροκαρτα-studio-fix,https://studiofix.gr,https://studiofix.gr/,NO_AUTO_SAFE_CANDIDATE,HEADER_IMAGE,349,https://studiofix.gr/wp-content/uploads/2022/03/studio-fix-logo-300x225.png,img:qodef-header-logo-image qodef--main qodef-header-logo-link qodef-height--set logo main,,,,
REVIEW,cmta4z7n90048sciy1ngsw7es,Δωροκάρτα - Vibrant Beauty,δωροκαρτα-vibrant-beauty,https://vibrantbeauty.gr,https://vibrantbeauty.gr/,NO_AUTO_SAFE_CANDIDATE,OG_IMAGE,169,https://vibrantbeauty.gr/wp-content/uploads/2023/11/vibrant-beauty-logo-2.png,og:image,,,,
REVIEW,cmta4z5jo0040sciyob5ul4bs,Δωροκάρτα – Uba | Clothing & Massage Oils,δωροκαρτα-uba-clothing-and-massage-oils,https://uba.gr,https://www.uba.gr/,NO_AUTO_SAFE_CANDIDATE,HEADER_IMAGE,349,https://www.uba.gr/wp-content/uploads/2025/04/LOGO_UBA-200x77.png,img:img-responsive wp-image-20616 disable-lazyload fusion-no-lightbox LOGO_UBA Avada Classic Shop,,,,
ERROR,cmta4y9p8000csciy38yiy1ff,Δωροκάρτα Beababy e,δωροκαρτα-beababy-e,https://beababy.gr,,PAGE_HTTP_403,,,,,,,,
SAFE,cmta4ya8v000esciy4fwqlr55,Δωροκάρτα Best Wines - Κάβα κρασιών Best Wines,δωροκαρτα-best-wines-καβα-κρασιων-best-wines,https://bestwines.gr,https://bestwines.gr/,OFFICIAL_PAGE|HEADER_IMAGE|SAME_SITE_ASSET|IMAGE_VALIDATED,HEADER_IMAGE,367,https://bestwines.gr/wp-content/uploads/best_wines_retina_logo.png,img:img-header-logo header-logo-link Best Wines,8ddb90fe0f9995fe684d664687eff10908cbecd9581b44e4f4fb7b41c5add221,563,200,6084
REVIEW,cmta4yfnr0010sciyekibu4i4,Δωροκάρτα Evilio Home,δωροκαρτα-evilio-home,https://eviliohome.gr,https://eviliohome.gr/,NO_AUTO_SAFE_CANDIDATE,HEADER_IMAGE,367,https://eviliohome.gr/cdn/shop/files/evilio_logo-trasparent.png?v=1724181230&width=250,img:header__mobile-logo t4s-d-lg-none t4s-d-inline-block Evilio Home,,,,
REVIEW,cmta4yrrv002esciypbuxrrtw,Δωροκάρτα Love Generation,δωροκαρτα-love-generation,https://lovegeneration.gr,https://lovegeneration.gr/,NO_AUTO_SAFE_CANDIDATE,HEADER_IMAGE,351,https://lovegeneration.gr/wp-content/uploads/2022/09/love-generation-logo_22-300x56.webp,img:et_b_header-logo-img,,,,
SAFE,cmta4ywgf002ysciysp63rctm,Δωροκάρτα mybeautybox,δωροκαρτα-mybeautybox,https://mybeautybox.gr,https://www.mybeautybox.gr/,OFFICIAL_PAGE|HEADER_IMAGE|SAME_SITE_ASSET|IMAGE_VALIDATED,HEADER_IMAGE,349,https://www.mybeautybox.gr/images/mybeautybox-logo-small.png,img:sp-retina-logo hidden-xs logo mybeautybox.gr,d69d9eed5e938903cff8c91a42e8d12529d9df72be3df6c4b733b05004b7dcd5,68,68,1982
REVIEW,cmtb6v4em003x3giyg8ll7r7u,Δωροκάρτα Spaghetti Lab,δωροκαρτα-spaghetti-lab,https://spaghettilab.gr,https://spaghettilab.gr/,NO_AUTO_SAFE_CANDIDATE,OG_IMAGE,153,http://spaghettilab.gr/cdn/shop/files/Logo_cc2f3281-df12-45b1-bebe-d61027389cf3.jpg?crop=center&height=1200&v=1774382488&width=1200,og:image,,,,
REVIEW,cmta4z8an004asciy12oao0hi,Δωροκάρτα Vip Art,δωροκαρτα-vip-art,https://vipart.gr,https://vipart.gr/,NO_AUTO_SAFE_CANDIDATE,HEADER_IMAGE,349,https://vipart.gr/wp-content/uploads/2026/03/vipart-logo-150x44.png,img:attachment-full size-full wd-logo wd-main-logo Site logo Εκτυπώσεις σε καμβά και διακοσμητικές αφίσες για ανανέωση χώρου,,,,
NONE,cmta4yjki001gsciyo7tcjy02,Δωροκάρτα από την Harpy Clothing 2026,δωροκαρτα-απο-την-harpy-clothing-2026,https://harpy.gr,https://harpy.gr/cgi-sys/suspendedpage.cgi,NO_LOGO_CANDIDATE,,,,,,,,
SAFE,cmta4ydov000ssciyj77w8hqs,Δωροκάρτα Πλυντηρίου - Cityzen,δωροκαρτα-πλυντηριου-cityzen,https://cityzen.com.gr,https://www.cityzen.com.gr/,OFFICIAL_PAGE|HEADER_IMAGE|SAME_SITE_ASSET|IMAGE_VALIDATED,HEADER_IMAGE,367,https://www.cityzen.com.gr/wp-content/uploads/2015/07/logo.png,img:site-logo skip-data-lazy attachment-full size-full logo Cityzen,cf56d428c151a9870ace6892badef1f3f4fdbf50f1ce777704ce241f53350c2c,305,119,11134
REVIEW,cmta1fwlk003wq8iy5kpvenul,Εκδόσεις Ψυχογιός,εκδοσεις-ψυχογιος,https://psichogios.gr,https://www.psichogios.gr/el/,NO_AUTO_SAFE_CANDIDATE,OG_IMAGE,151,https://assets.psichogios.gr/media/logo/default/PSICHOGIOS-LOGO-2.png,og:image,,,,
SAFE,cmtb773w5000ydkiy24myi3xq,Έρως Candles,ερως-candles,https://eroscandles.gr,https://eroscandles.gr/,OFFICIAL_PAGE|HEADER_IMAGE|SAME_SITE_ASSET|IMAGE_VALIDATED,HEADER_IMAGE,367,https://eroscandles.gr/wp-content/uploads/2025/01/cropped-eroslogo2_sm-removebg-preview.png,img:custom-logo brand has-logo-image eroslogo2 sm removebg preview,55303a61a107bb97ecde4047d592cafccde8170af236262c6377f30eebcd46d4,250,48,3407
REVIEW,cmta4yf3d000ysciy2zdlqyzw,Ηλεκτρονική Δωροκάρτα - SportCafe,ηλεκτρονικη-δωροκαρτα-sportcafe,https://el.sportcafe.gr,https://el.sportcafe.gr/,NO_AUTO_SAFE_CANDIDATE,HEADER_IMAGE,334,https://sportcafe.gr/wp-content/uploads/2025/12/logo_black-100x34.png,img:no-lazy custom-logo no-lazy custom-logo-link SportCafe,,,,
SAFE,cmtb6v0pz003d3giypgi6p23y,Ηλεκτρονική Δωροκάρτα PlanToys,ηλεκτρονικη-δωροκαρτα-plantoys,https://plantoys.gr,https://www.plantoys.gr/,OFFICIAL_PAGE|HEADER_IMAGE|SAME_SITE_ASSET|IMAGE_VALIDATED,HEADER_IMAGE,334,https://www.plantoys.gr/wp-content/uploads/2023/02/Logo_white1.png,img:wd-logo wd-main-logo Site logo Παιχνίδια Εκπαιδευτικά Plan Toys,0dfa4cdcf73ce7a68705dd9b3429d328b61864e57c0099c366980c4799d425cb,964,1232,13496
REVIEW,cmtb77fgd002mdkiy19dthlfp,Ιδέες για Δώρο Σπα,ιδεες-για-δωρο-σπα,https://orloffspa.gr,https://www.orloffspa.gr/,NO_AUTO_SAFE_CANDIDATE,SITE_ICON,81,https://www.orloffspa.gr/wp-content/uploads/2023/03/cropped-icons-s4d5e527aeb-3-192x192.png,link rel=icon,,,,
SAFE,cmtb78eo2007jdkiyv91rvm80,Κάρτα Δώρου Physis,καρτα-δωρου-physis,https://physis-fitnessclub.gr,https://www.physis-fitnessclub.gr/,OFFICIAL_PAGE|HEADER_IMAGE|SAME_SITE_ASSET|IMAGE_VALIDATED,HEADER_IMAGE,367,http://www.physis-fitnessclub.gr/wp-content/uploads/2021/11/physis-fitness-boutique-logo.png,img:site-logo Γυμναστήρια Βόρεια Προάστια – Physis Fitness Club,51c5c750cb12883122853f2b960eedbbbb836424b16e962df5b7bf87a8222759,331,96,5144
SAFE,cmtb77i700030dkiywamhlbp4,Κάρτα δώρου για Εκδρομές - Περιηγήσεις στα Χανιά Κρήτης,καρτα-δωρου-για-εκδρομες-περιηγησεις-στα-χανια-κρητης,https://propercretanguide.gr,https://propercretanguide.gr/,OFFICIAL_PAGE|HEADER_IMAGE|SAME_SITE_ASSET|IMAGE_VALIDATED,HEADER_IMAGE,328,https://propercretanguide.gr/wp-content/uploads/2022/04/LogoGuide-2.svg,img:logo d-block  d-lg-none Private Tours and Transfers in Chania Crete,836f447e3f5f72a689fa32078094f5c6c8cb61a698bdfeaadf5eb44b6f0ce02b,256,292,49228
REVIEW,cmta4z1g8003ksciycb0lyswx,Κάρτα Δώρου Εστιατόριο | Salero Restaurant,καρτα-δωρου-εστιατοριο-salero-restaurant,https://salero.gr,https://www.salero.gr/,NO_AUTO_SAFE_CANDIDATE,SITE_ICON,-44,https://static.wixstatic.com/media/809a2a_11a5d1d63ca9482c8f6a9de5eae7e84f%7Emv2.png/v1/fill/w_192%2Ch_192%2Clg_1%2Cusm_0.66_1.00_0.01/809a2a_11a5d1d63ca9482c8f6a9de5eae7e84f%7Emv2.png,link rel=icon,,,,
SAFE,cmtb77aig001wdkiyv9taxv5p,ΚΛΑΟΥΔΑΤΟΣ OUTDOOR,κλαουδατος-outdoor,https://klaoudatos.gr,https://klaoudatos.gr/,OFFICIAL_PAGE|HEADER_IMAGE|SAME_SITE_ASSET|IMAGE_VALIDATED,HEADER_IMAGE,367,https://klaoudatos.gr/wp-content/uploads/2024/11/KLAOUDATOS-LOGO-removebg-preview-2-1.png,img:klft-logo klft-logolink ΚΛΑΟΥΔΑΤΟΣ OUTDOOR — Αρχική σελίδα ΚΛΑΟΥΔΑΤΟΣ OUTDOOR,d926aa3f03dacb2ebec2af77342064fe28a9df568cf0ba711dab78209ae88c99,200,83,6381
REVIEW,cmtb7i0pf000s04iygmr4uj2e,Μασάζ & Θεραπείας,μασαζ-and-θεραπειας,https://physiowellnessathens.com,https://www.physiowellnessathens.com/,NO_AUTO_SAFE_CANDIDATE,SITE_ICON,-44,https://static.wixstatic.com/media/2162ea_2fe246440271493ba880b70dcdb83f49%7Emv2.png/v1/fill/w_192%2Ch_192%2Clg_1%2Cusm_0.66_1.00_0.01/2162ea_2fe246440271493ba880b70dcdb83f49%7Emv2.png,link rel=icon,,,,
REVIEW,cmtb6uuev002f3giyv39kjoxr,Μασάζ L'Arte di Massaggio -,μασαζ-l-arte-di-massaggio,https://lartedimassaggio.gr,https://lartedimassaggio.gr/,NO_AUTO_SAFE_CANDIDATE,JSONLD_LOGO,314,https://lartedimassaggio.gr/wp-content/uploads/2018/03/cropped-logo-Massaggio-lewtters-icon.png,JSON-LD logo ImageObject,,,,
SAFE,cmtb771uj000odkiywhfjulaj,Προσφέρετε μια δωροκάρτα - Επιλέξτε την Αξία,προσφερετε-μια-δωροκαρτα-επιλεξτε-την-αξια,https://deltarestaurant.gr,https://deltarestaurant.gr/,OFFICIAL_PAGE|JSONLD_LOGO|SAME_SITE_ASSET|IMAGE_VALIDATED,JSONLD_LOGO,314,https://deltarestaurant.gr/wp-content/uploads/2022/11/cropped-logo_delta_culinary-invert.png,JSON-LD logo ImageObject,dd4b90349586a2e8a8f1a78303f2bd63723303c1d6230598f0974561583a3442,523,134,4314
REVIEW,cmtb787zh006ndkiyobzskgz8,Στείλτε μια Δωροκάρτα,στειλτε-μια-δωροκαρτα,https://maamonpapa.gr,https://www.maamonpapa.gr/,NO_AUTO_SAFE_CANDIDATE,JSONLD_LOGO,101,https://www.maamonpapa.gr/image/cache/catalog/maamonpapa_web_logo_white-480x150.PNG,JSON-LD logo property,,,,
SAFE,cmtb77ojh003xdkiy4cwko7oy,Τζούγκαρης,τζουγκαρης-300,https://tzougaris.gr,https://tzougaris.gr/,OFFICIAL_PAGE|JSONLD_LOGO|SAME_SITE_ASSET|IMAGE_VALIDATED,JSONLD_LOGO,314,https://tzougaris.gr/wp-content/uploads/2020/01/email_logo.png,JSON-LD logo ImageObject,0445af60da0dd5d246a581bd3b8a78e98161a42ee47de882beac578aab8f307a,631,359,5122
SAFE,cmtb6um3e00183giyblwki1yw,Χάρισε μια Δωροκάρτα - District75,χαρισε-μια-δωροκαρτα-district75,https://district75.gr,https://www.district75.gr/,OFFICIAL_PAGE|JSONLD_LOGO|SAME_SITE_ASSET|IMAGE_VALIDATED,JSONLD_LOGO,299,https://www.district75.gr/image/cache/catalog/district75-logo-desktop-300x300.png,JSON-LD logo property,090caf942cee5283eddd7625a288ac60c9047e3bb5828bce1c4b13de4ab4b96f,300,300,10401
