giftCardId,merchantName,giftCardTitle,officialUrl,websiteUrl,officialStatus,officialTitle,officialDescription,officialHeadings,websiteStatus,websiteTitle,websiteDescription,websiteHeadings,errors
cmta1mf5900syq8iyejmu80s9,1art,Gift Cards,https://1art.gr/,https://1art.gr,,,,,,,,,This operation was aborted | This operation was aborted
cmta5nkcq000154iymuc26j35,Access Shop,Gift Card - Access Shop,https://access-shop.gr/en/gift-card/,https://access-shop.gr,200,Gift Card - Access Shop,Not sure what to buy? Are you looking for a gift right away? The gift voucher access is the ideal choice! Fill in only the following information and your loved one will receive in his email the gift voucher that he can redeem for his purchases at acces-shop.gr,Gift Card,200,Access Shop | Γυναικεία Επώνυμα Ρούχα,Access Shop kalamata,,
cmta1f09t000nq8iyx3uehika,Adagio,Adagio Gift Voucher 200 euro,https://www.adagio.gr/el/,https://adagio.gr,200,Checking you are human,,,200,Checking you are human,,,
cmta4y81w0005sciybyesa197,Agigma,Το Τέλειο Last-Minute Δώρο στο Ρέθυμνο – Agigma Gift Card,https://agigma.gr/el/last-minute-doro-rethymno-gift-card/,https://agigma.gr,200,Το ιδανικό Last-minute δώρο στο Ρέθυμνο: Η Agigma Gift Card | Agigma Holistic Clinic & Spa,"Ψάχνεις το τέλειο last-minute δώρο στο Ρέθυμνο; Η Agigma Gift Card προσφέρει χαλάρωση, μασάζ & wellness εμπειρίες υψηλής ποιότητας. Άμεση παράδοση.","Το ιδανικό last-minute δώρο στο Ρέθυμνο: Η Agigma Gift Card | ⭐ Γιατί η Agigma Gift Card είναι πάντα το σωστό δώρο | ???? Τι την κάνει τέλειο last-minute δώρο; | 1. Έρχεται άμεσα στο email | 2. Ο παραλήπτης διαλέγει όποια θεραπεία θέλει | 3. Premium εμπειρία από θεραπευτές που εμπιστεύεται όλο το Ρέθυμνο | 4. Ευελιξία στον χρόνο | 5. Ιδανική για όσους έχουν κούραση, ένταση ή χρειάζονται “μία ανάσα” | ???? Τι μπορεί να ζήσει κάποιος με την Agigma Gift Card; | ❓ Σύντομο FAQ (ιδανικό για Google & AI) | Ποιο είναι το καλύτερο last-minute δώρο στο Ρέθυμνο; | Πώς τη στέλνω; | Πόσο κοστίζει; | Απευθύνεται σε άντρες/γυναίκες/μεγαλύτερους σε ηλικία; | Μπορεί να το χρησιμοποιήσει και ταξιδιώτης; | ???? Τι νιώθουν όσοι λαμβάνουν μια Agigma Gift Card | ???? Δώρο για κάποιον στο Ρέθυμνο — ακόμα κι αν εσύ είσαι χιλιόμετρα μακριά | ???? Ιδανικό δώρο γάμου — πραγματικά χρήσιμο | ???? Για ποιες περιστάσεις είναι ιδανική; | ???? Αγόρασέ τη εδώ | Πλοήγηση άρθρων",200,Agigma Holistic Spa - Comprehensive Therapies For The Body,"Escape to the ultimate relaxation destination in Crete! Agigma Holistic Spa offers massages, energy healing techniques, and holistic therapies.","Revive your energy. | Agigma | Restore body and mind | Massage • Wellness • Recovery • Reconnect | The Perfect Last-Minute Gift in Rethymno: The Agigma Gift Card | Individual Spa Treatments in Crete – Freedom, Flexibility & Flow",
cmta4y8ik0007sciym0lmxv86,Alchemy,alchemy Gift Card,https://alchemy.gr/products/alchemy-gift-card,https://alchemy.gr,200,alchemy Gift Card – Alchemy,Unlock the freedom to choose with a digital alchemy Gift Card. The perfect present for anyone passionate about the sea and performance.,alchemy Gift Card | Featured Articles | Alchemy Air Deeper Blue Review | Alchemy Aurora Carbon Fins Review | A Neck Weight For Deep Freediving | Complete The Set | Reforest the World | Sustainability | Quality | It’s a littleempty here,200,alchemy | Hi-end freediving & spearfishing equipment. – Alchemy,"Meet the carbon fins which disrupted the freediving and spearfishing world. Supreme power and efficiency even in the most extreme conditions. Complete game-changers, preferred by the sport's deepest athletes.",S FOR SPEARFISHING | collections | Our identity is rooted in innovation | Not Your Average Freediving Podcast | UNLOCKING THE SECRETS OF THE DEEP | Blog | Everything Changes Next Friday | The Skill Nobody Notices Until It Saves A Life | Being Unreachable Is A Luxury | The Science Of Trusting Your Buddy | The Species You'll Never Notice Disappearing | The Perfect Weighting Myth | Fueling For Depth | Warm Water Is Not Always Good News | The Mouthfill Mistake Almost Everyone Makes | Some Divers Feel Stronger Fasted | Why Coffee Affects Divers Differently | Why Head Position Matters More Than Most Divers Realize | Why Social Media Can Distort Progress | The Tragedy Of Loving Nature Through A Screen | Why Rope Stretch Matters More Than Most Freedivers Realize | Why Divers Take Bigger Risks Over Time | Why Humans Started Building Artificial Reefs | The Details Behind Every Great Dive,
cmtb77qi60048dkiyu8khlp3s,Alexandris Stores,Alexandris Stores Gift Card,https://alexandrisstores.gr/en/product/valentines-day-gift-card-%CE%B4%CF%89%CF%81%CE%BF%CE%BA%CE%AC%CF%81%CF%84%CE%B1/,https://alexandrisstores.gr,200,Valentine's day Gift Card - Δωροκάρτα - Αλεξανδρής Καταστήματα,"Κατα την διάρκεια της παραγγελίας σας , εισάγετε στις λεπτομέρειες το email παραλήπτη και το κείμενο που επιθυμείτε – και θα σας σταλθεί η δωροκάρτα με το ποσό και το κείμενο που θέλετε σε λίγα λεπτά.",-10% στην πρώτη σας παραγγελία με τον κωδικό 'First10' | -10% ΣΤΗΝ ΠΡΏΤΗ ΣΑΣ ΠΑΡΑΓΓΕΛΊΑ ΜΕ ΤΟΝ ΚΩΔΙΚΌ 'first10' | Επικοινωνία: | Ο Λογαριασμός Μου | Shoes | Collections | Δημοφιλή Brands | Weeks Special | Valentine’s day Gift Card – Δωροκάρτα | Μάθε πρώτος για τις νέες προσφορές μας | KEEP IN TOUCH,200,"Γυναικεία παπούτσια , αξεσουάρ , τσάντες , ανδρικά | alexandrisstores.gr","Αλεξανδρής Καταστήματα - Γυναικεία παπούτσια , αξεσουάρ , τσάντες , ανδρικά - Βρες trends , άνετα και μοντέρνα παπούτσια & αξεσουάρ στις καλύτερες τιμές της αγοράς . Βρες τσάντες , πορτοφόλια και παπούτσια από τα πιο ποιοτικά brands . Ασφαλείς Τρόποι Πληρωμής.",-10% στην πρώτη σας παραγγελία με τον κωδικό 'First10' | -10% ΣΤΗΝ ΠΡΏΤΗ ΣΑΣ ΠΑΡΑΓΓΕΛΊΑ ΜΕ ΤΟΝ ΚΩΔΙΚΌ 'first10' | Επικοινωνία: | Ο Λογαριασμός Μου | Παπούτσια | Collections | Δημοφιλή Brands | Weeks Special | #your #shoesNEW ARRIVALS! | Νέες παραλαβές. | London μαύρες μπαλαρίνες με χρυσό κούμπωμα – κωδικός 2611 | London καφέ μπαλαρίνες με χρυσό κούμπωμα – κωδικός 2611 | London καφέ παντόφλες με χρυσές λεπτομέρειες – κωδικός TR-1 | London μαύρες παντόφλες με χρυσές λεπτομέρειες – κωδικός TR-1 | London χρυσά mules με πέτρες – κωδικός 1711 | London χρυσά πέδιλα με χρυσό τακούνι – κωδικός 410 | London & London καφέ πέδιλα με λεπτομέρεια διάφανη – κωδικός 900 | London μπεζ σατέν πέδιλα με διακοσμητικές πέτρες – κωδικός 400 | London μαύρα σατέν πέδιλα με διακοσμητικές πέτρες – κωδικός 400 | London μπέζ πέδιλα με διαφάνεια- κωδικός 440 | Ανδρικά δερμάτινα loafers 2026. | Alexandris Shoes δερμάτινα loafers με πάτο ανατομικό – κωδικός 030 – Μπλέ | Alexandris Shoes δερμάτινα loafers με πάτο ανατομικό – κωδικός 030 – Μπεζ | Alexandris Shoes δερμάτινες εσπαντρίγιες με πάτο ανατομικό – κωδικός 035 – Μπεζ,
cmta1lglx00p8q8iyyx9gpvxm,Aleyacreations,Aleyacreations Gift Card,https://www.aleyacreations.gr/product-category/gift-card/,https://aleyacreations.gr,200,Gift card - Aleya Creations,,Gift card | Δωροκάρτα – Gift card,200,Home - Aleya Creations,Το Aleyacreations.gr δημιουργεί χειροποίητα κεριά και διακοσμητικά χώρου από φυσικά και vegan προϊόντα. Ανακαλύψτε μοναδικές δημιουργίες με έμφαση στην ποιότητα και τη φιλικότητα προς το περιβάλλον.,Aleya Creations | candles & ceme deco | Only The Best For Your Home,
cmta1ggkw005uq8iy28do8tfm,Alova,MISS KAY E-GIFT CARD,https://www.alova.gr/shop/beauty-boxes-gift-sets/e-gift-card/miss-kay-e-gift-card/,https://alova.gr,200,MISS KAY E-GIFT CARD - Alova,"MISS KAY E-GIFT CARD Ψάχνετε για την τέλεια ιδέα για δώρο; Με την E-Gift Card της MISS KAY, το αγαπημένο σας πρόσωπο μπορεί να επιλέξει το τέλειο δώρο στο www.alova.gr Όταν πρόκειται να κάνετε μια ρομαντική χειρονομία ή να δωρίσετε κάτι ξεχωριστό για τα Χριστούγεννα ή μια ειδική περίσταση, μια δωροκάρτα είναι πάντα η σωστή επιλογή. Επιπλέον, οι ψηφιακές δωροκάρτες μπορούν να είναι η ιδανική λύση για ένα δώρο της τελευταίας στιγμής.",Καλάθι Αγορών | MISS KAY E-GIFT CARD | Περιγραφή | Σχετικά προϊόντα | MESAUDA E-GIFT CARD,200,"Καλλυντικά, Προϊοντα Μακιγιάζ, Ομορφιάς & Περιποίησης | Alova.gr","Ανακαλύψτε σήμερα μοναδικά κραγιόν, foundation, concealer και όλη την σειρά μακιγιαζ της Mesauda Milano με ένα κλικ στο eshop μας Alova.gr!","Καλάθι Αγορών | MESAUDA REBELEYES Waterproof eyes plastic pencils | MESAUDA CULT MATTE Ματ κραγιόν | MESAUDA CULT CREAMY Lipstick 3,5g | MESAUDA BARE HARMONY 2.0 – 202 DEEP SMOKY Palette of 6 eyeshadows | MESAUDA HYDRAMORPHOSIS TINTED AND PLUMPING LIP BALM | MESAUDA REBELIPS Waterproof plastic lip pencils | MESAUDA MEGA LASH MASCARA Metallizzato False Eyelash Effect Mascara (14ml) | MESAUDA GALACTIC SHADOW – ANDROMEDA | MESAUDA PRO LIGHT Concealer | MESAUDA SUBLIMATTE Μεγάλης διάρκειας, ματ κραγιόν σε υγρή μορφή",
cmta1k4h700jsq8iya7wu9oi9,Alpamayopro,Alpamayopro Gift Card,https://www.alpamayopro.gr/giftcard.html,https://alpamayopro.gr,200,Gift card,"Alpamayo PRO, ο απόλυτος προορισμός για outdoor εξοπλισμό και ρουχισμό. Με 32 χρόνια ιστορία μοναδική γκάμα προϊόντων από τα κορυφαία outdoor brands. Τα πάντα για την πεζοπορία, το τρέξιμο, την αναρρίχηση και κάθε άλλη περιπέτεια θα τα βρεις εδώ!",Top Brands | Gift card | Γιατί Alpamayo | Login and Registration Form | Σύνδεση | Εγγραφή | Ξεχάσατε τον κωδικό σας;,200,Alpamayo | Outdoor Sports Gear,Σε καλωσορίζουμε στο Alpamayo. Ο απόλυτος προορισμός για τους λάτρεις του outdoor με χιλιάδες προϊόντα από τα αγαπημένα σου brands για ότι χρειαστείς. Όλα άμεσα διαθέσιμα και με την κορυφαία εξυπηρέτηση της ομάδας μας.,Top Brands | Αγαπημένα Brands | Συλλογές που ξεχώρισαν | Top Categories | Ποιοι Είμαστε | Pedroc 2: Μια αναπάντεχη έκπληξη | Outdoor οδηγός δώρων για τα Χριστούγεννα | Feels natural. Patagonia | Κορυφαίες κατηγορίες | Αγαπημένα μας Brands | Γιατί Alpamayo | Login and Registration Form | Σύνδεση | Εγγραφή | Ξεχάσατε τον κωδικό σας;,
cmta1hb5r008iq8iyqvjs32oy,Ammashop,GIFT CARD 100€ - ammashop,https://www.ammashop.gr/gift-cards,https://ammashop.gr,200,Loading...,,,200,Loading...,,,
cmta1mgb500t2q8iyybmggkym,Andreoueshop,Andreoueshop Gift Card,https://andreoueshop.gr/product/gift-card/,https://andreoueshop.gr,200,Gift Card - andreoueshop,,Gift Card | Σχετικά προϊόντα | MUNKEES FLAT WIREGATE CARABINER – 3251 | ΥΓΡΟ ΤΟΥΑΛΕΤΑΣ AQUA KEM BLUE CONCENTRATED 0.78L,200,Outdoor Εξοπλισμός | Ρουχισμός Hiking | andreoueshop.gr,Outdoor εξοπλισμός & Ρουχισμός στο Andreoueshop! Βρες 2000+ είδη για camping & ορειβασία. Το πλήρες κατάστημα για τους λάτρεις της φύσης. Αποστολή παντού!,ΣΑΚΙΔΙΑ | ΠΑΠΟΥΤΣΙΑ | ΠΑΝΤΕΛΟΝΙΑ | ΜΕΜΒΡΑΝΕΣ | ΣΚΗΝΕΣ | ΣΑΝΔΑΛΙΑ | ΣΚΙΑΣΤΡΑ | ΚΑΠΕΛΑ | ΔΙΑΛΕΞΕ ΑΝΑ ΔΡΑΣΤΗΡΙΟΤΗΤΑ | CANYONING | ΑΝΑΡΡΙΧΗΣΗ | ΟΡΕΙΒΑΣΙΑ | TRAIL RUNNING | CAMPING | ΕΠΙΒΙΩΣΗ | NORTHFINDER WALKER ΑΝΔΡΙΚΟ ΜΠΟΥΦΑΝ SKI RED | WEATHER REPORT CAMELIA AWG ΓΥΝΑΙΚΕΙΟ JACKET FUDGE | WEATHER REPORT CAMELIA AWG ΓΥΝΑΙΚΕΙΟ JACKET ROCOCCO RED | ENDURANCE DELTON AWG ΑΝΔΡΙΚΟ JACKET DARK SLATE | ENDURANCE DELTON AWG ΑΝΔΡΙΚΟ JACKET MILITARY OLIVE | NORTHFINDER MENS TREKKING HYBRID SOFTSHELL ACTIVE JACKET BLUE BLACK BU5102OR | WEATHER REPORT HARBOR M RAIN-TECH W-PRO 20000 ΑΔΙΑΒΡΟΧΟ ΠΑΝΤΕΛΟΝΙ ΓΥΝΑΙΚΕΙΟ BLACK | MARMOT DROP LINE WOMENS JACKET PORT ROYAL | NORTHFINDER AMADEUS ΑΝΔΡΙΚΟ CARGO ΣΟΡΤΣ DARK GREEN,
cmta1hdl9008mq8iy0bgrltgd,Anemos,Anemos Gift Card,https://anemos.gr/,https://anemos.gr,200,Λευκά Είδη – Anemos,Η άριστη ποιότητα και η υψηλή αισθητική στα λευκά είδη σπιτιού έχουν την υπογραφή ΑΝΕΜΟΣ. Κάντε κλικ εδώ ανακαλύψτε την online συλλογή και κάντε τις αγορές σας!,"Γλώσσα | Anemos | Όλη η συλλογή | Το καλάθι αγορών σας | Το καλάθι σας είναι άδειο | Παπλωματοθήκες | Συλλογή Κουβερλί | Συλλογή Σεντονιών | Σχέδια και χρώματα που ταιριάζουν σε κάθε στυλ. | Πετσέτες | Φυσικά Σαπούνια Σώματος | Hot Offers | Ανακαλύψτε τα ριχτάρια | Nέες Αφίξεις | Χειροποίητα Τσαντάκια | Βρεφικά | Φως με υπογραφή και ποιότητα. | Χειροποίητα φωτιστικά από ελληνικό μάρμαρο και διαχρονικά υλικά. Μοναδικά κομμάτια που συνδυάζουν την υψηλή αισθητική με τη λειτουργικότητα σε κάθε δωμάτιο. | Δώστε Νέα Πνοή στο Υπνοδωμάτιό σας | Καθαρές γραμμές, ποιοτικά υλικά και έμφαση στη λεπτομέρεια.Επιλεγμένα είδη που εστιάζουν στην αρμονία και τη διαχρονική αισθητική. | Είδη Μπάνιου | Σαπούνια Μασσαλίας | Αξεσουάρ Μπάνιου | Personalized gifts",200,Λευκά Είδη – Anemos,Η άριστη ποιότητα και η υψηλή αισθητική στα λευκά είδη σπιτιού έχουν την υπογραφή ΑΝΕΜΟΣ. Κάντε κλικ εδώ ανακαλύψτε την online συλλογή και κάντε τις αγορές σας!,"Γλώσσα | Anemos | Όλη η συλλογή | Το καλάθι αγορών σας | Το καλάθι σας είναι άδειο | Παπλωματοθήκες | Συλλογή Κουβερλί | Συλλογή Σεντονιών | Σχέδια και χρώματα που ταιριάζουν σε κάθε στυλ. | Πετσέτες | Φυσικά Σαπούνια Σώματος | Hot Offers | Ανακαλύψτε τα ριχτάρια | Nέες Αφίξεις | Χειροποίητα Τσαντάκια | Βρεφικά | Φως με υπογραφή και ποιότητα. | Χειροποίητα φωτιστικά από ελληνικό μάρμαρο και διαχρονικά υλικά. Μοναδικά κομμάτια που συνδυάζουν την υψηλή αισθητική με τη λειτουργικότητα σε κάθε δωμάτιο. | Δώστε Νέα Πνοή στο Υπνοδωμάτιό σας | Καθαρές γραμμές, ποιοτικά υλικά και έμφαση στη λεπτομέρεια.Επιλεγμένα είδη που εστιάζουν στην αρμονία και τη διαχρονική αισθητική. | Είδη Μπάνιου | Σαπούνια Μασσαλίας | Αξεσουάρ Μπάνιου | Personalized gifts",
cmta1feem0027q8iy70t8vano,AngryNerd,Δωροκάρτα,https://angrynerd.gr/,https://angrynerd.gr,200,Angrynerd.gr – Παιχνίδια-Συλλεκτικά-Merchandise,,Coffin Comics Premium Format Statue La Muerta 61 cm | Star Wars Premium Format Figure Grand Admiral Thrawn 43 cm | Star Wars Premium Format Statue Cad Bane: A Few Bounties More 57 cm | Sideshow Originals Premium Format Figure Succubus 77 cm | Michael Jackson Inart Action Figure 1/6 34 cm | Wicked | Movies | Marvel | League Of Legends | Dungeons & Dragons | DC Comics | Chucky (Child´s Play) | Formula 1 Hot Wheels Premium Die-Cast Vehicle 1/64 Team Ferrari: Driver 1 | Ultimate Guard Card Case Magnetic – 35 pt | Ultimate Guard Supreme Sleeves for Board Game Cards Square (50) | Δωροκάρτα | Masters of the Universe x ThunderCats Action Figure Tygra 14 cm | angrynerd_gr | Είπαν για εμάς,200,Angrynerd.gr – Παιχνίδια-Συλλεκτικά-Merchandise,,Coffin Comics Premium Format Statue La Muerta 61 cm | Star Wars Premium Format Figure Grand Admiral Thrawn 43 cm | Star Wars Premium Format Statue Cad Bane: A Few Bounties More 57 cm | Sideshow Originals Premium Format Figure Succubus 77 cm | Michael Jackson Inart Action Figure 1/6 34 cm | Wicked | Movies | Marvel | League Of Legends | Dungeons & Dragons | DC Comics | Chucky (Child´s Play) | Formula 1 Hot Wheels Premium Die-Cast Vehicle 1/64 Team Ferrari: Driver 1 | Ultimate Guard Card Case Magnetic – 35 pt | Ultimate Guard Supreme Sleeves for Board Game Cards Square (50) | Δωροκάρτα | Masters of the Universe x ThunderCats Action Figure Tygra 14 cm | angrynerd_gr | Είπαν για εμάς,
cmtb770up000jdkiys2xgzyjl,Archives,GIft Cards Archives,https://cicado.gr/en/product-category/gift-cards/,https://cicado.gr,200,GIft Cards Archives | Cicado,GIft Cards,"Gift Card | Be the first to know about product releases, our latest news and our workshops.",200,Cicado Creative Studio | Ελληνικό Slow Fashion Brand,"Ελληνικό brand slow fashion από το Χαλάνδρι. Διαχρονικά, άνετα γυναικεία ρούχα από φυσικά υφάσματα, σχεδιασμένα από τη Γκολφία Κονιδάρη. E-shop & ραντεβού.","Mix & Match | Welcome to our world | Free Delivery | Cicado In The Press | Timeless Wardrobe Made to Last Effortless Chic | The Elevated Sensation | Investment Pieces | Mix & Match Styling | Μάθετε πρώτοι για τις κυκλοφορίες προϊόντων, τα τελευταία μας νέα και τα workshop μας.",
cmta5nz6o002854iydldfcozj,Archives - Two And A Half - twoandahalf.gr,Gift Card Archives - Two And A Half - twoandahalf.gr,https://www.twoandahalf.gr/product-category/gift-card/,https://twoandahalf.gr,200,Gift Card Archives - Two And A Half,,Gift Card | Gift card | Menu | Terms & conditions | Showroom,200,Home - Two And A Half,,EVERY PIECE HAS ITS OWN UNIQUE STORY. JUST LIKE YOU! | Stay true to your own roots! | Menu | Terms & conditions | Showroom,
cmtb7865x006edkiy01ch68q5,Archives - Φωτιστικά Κουρτάκης,gift card Archives - Φωτιστικά Κουρτάκης,https://kourtakis-lighting.gr/product-category/gift-card/,https://kourtakis-lighting.gr,200,gift card Archives - Φωτιστικά Κουρτάκης,,1121 Προφίλ Με Τριφασική Ράγα | ACA Lighting LED Λαμπάκι Νυκτός Παιδικό Σκυλάκι σε Διάφορα Χρώματα | ACA Lighting LED Μοντέρνο Επίτοιχο Φωτιστικό Ακρυλικό με Μεταλλική Βάση Λευκό | ACA Lighting LED Φωτιστικό Μοντέρνο Επίτοιχο Ακρυλικό με Μεταλλική Βάση Λευκό | ACA Lighting Απλίκα Επίτοιχη Κλασσική Μεταλλική Δίφωτη σε δύο Χρώματα | ACA Lighting Απλίκα Τοίχου Vintage Δίφωτη Μεταλλική με Γυάλινες Μπάλες | ACA Lighting Απλίκα Τοίχου Vintage Μεταλλική Δίφωτη Μαύρη | ACA Lighting Απλίκα Τοίχου Κλασσική Διάφανη με Μεταλλική Βάση Δίφωτη | ACA Lighting Απλίκα Τοίχου Κλασσική Μεταλλική Χρυσοχάλκινη με Μαύρο Υφασμάτινο Καπέλο | ACA Lighting Απλίκα Τοίχου Μεταλλική Κλασσική Δίφωτη Λευκό Πατίνα | ACA Lighting Απλίκα Τοίχου Μονόφωτη Κλασσική Μεταλλική Λευκό Πατίνα | ACA Lighting Επίτοιχο Φωτιστικό LED Μοντέρνο Μεταλλικό με Θερμό Λευκό Φωτισμό | gift card | Gift Card,200,Γνωριμία - Φωτιστικά Κουρτάκης,"Τα πάντα για τον φωτισμό σε απίστευτες προσφορές. Πόντοι,κουπόνια,δωροκάρτες ! Πακέτο σύνδεσης με τη VOLTON. Υπερσύγχρονο κατάστημα Κορίνθου",1121 Προφίλ Με Τριφασική Ράγα | ACA Lighting LED Λαμπάκι Νυκτός Παιδικό Σκυλάκι σε Διάφορα Χρώματα | ACA Lighting LED Μοντέρνο Επίτοιχο Φωτιστικό Ακρυλικό με Μεταλλική Βάση Λευκό | ACA Lighting LED Φωτιστικό Μοντέρνο Επίτοιχο Ακρυλικό με Μεταλλική Βάση Λευκό | ACA Lighting Απλίκα Επίτοιχη Κλασσική Μεταλλική Δίφωτη σε δύο Χρώματα | ACA Lighting Απλίκα Τοίχου Vintage Δίφωτη Μεταλλική με Γυάλινες Μπάλες | ACA Lighting Απλίκα Τοίχου Vintage Μεταλλική Δίφωτη Μαύρη | ACA Lighting Απλίκα Τοίχου Κλασσική Διάφανη με Μεταλλική Βάση Δίφωτη | ACA Lighting Απλίκα Τοίχου Κλασσική Μεταλλική Χρυσοχάλκινη με Μαύρο Υφασμάτινο Καπέλο | ACA Lighting Απλίκα Τοίχου Μεταλλική Κλασσική Δίφωτη Λευκό Πατίνα | ACA Lighting Απλίκα Τοίχου Μονόφωτη Κλασσική Μεταλλική Λευκό Πατίνα | ACA Lighting Επίτοιχο Φωτιστικό LED Μοντέρνο Μεταλλικό με Θερμό Λευκό Φωτισμό | ACA Lighting Κλασσικό Φωτιστικό Οροφής Μεταλλικό με Γυάλινα Καπέλα Λευκό Πατίνα Πεντάφωτο | ACA Lighting Μοντέρνο Φωτιστικό Οροφής με Κρύσταλλα και Μέταλλο | ADALIZ Φωτιστικό Οροφής 9695125 Nova Luce | AELIA Κρεμαστό Μεταλλικό Φωτιστικό 9009142 | AKRO Φωτιστικό Οροφής Led 9088116 | ALTUS Φωτιστικό Οροφής Nova Luce | ANTAMA Φωτιστικό Οροφής 9001112 Nova Luce | AOTON Φωτιστικό Οροφής Led 9030510 | AUDREY Κρεμαστό Μεταλλικό Φωτιστικό 8823002 LED Nova Luce | AURELIA Φωτιστικό Oροφής 9333060 Nova Luce | AURELIA Φωτιστικό Οροφής 9333079 Νοva Luce | AVELIN Φωτιστικό Οροφής AVELIN 9019763 Nova Luce,
cmtb6ugoe000f3giyxjtw5z05,Art Center,Δωροεπιταγές,https://www.art-center.com.gr/categories/4565/dora-doroepitages-/,https://art-center.com.gr,200,Δωροεπιταγές,Δωροεπιταγές,Art-Center | Βοηθητικά | Μαρκαδόροι | Καλλιγραφία | Κάρβουνα - Μολύβια - Γραφίτες | Καβαλέτα Ζωγραφικής | Παλέτες | Χρώματα Ζωγραφικής | Μπλοκ Ζωγραφικής (όλων των ειδών) | Πινέλα | Ξυλομπογιές | Καμβάς - Τελάρο - Καρτολίνα Ζωγραφικής | Μανεκέν | Αγιογραφία | Χαρακτική | Ποδιές Ζωγραφικής | Χαρτιά Ζωγραφικής | Πινελοθήκες και Βάσεις Πινέλων | Σπάτουλες | Πασπαρτού-Κορνίζες | Μπλοκ Σχεδίου | Σχεδιαστήρια | Πινακίδες Σχεδίου | Όργανα Σχεδίασης,200,Αρχική,Αρχική,Art-Center | Βοηθητικά | Μαρκαδόροι | Καλλιγραφία | Κάρβουνα - Μολύβια - Γραφίτες | Καβαλέτα Ζωγραφικής | Παλέτες | Χρώματα Ζωγραφικής | Μπλοκ Ζωγραφικής (όλων των ειδών) | Πινέλα | Ξυλομπογιές | Καμβάς - Τελάρο - Καρτολίνα Ζωγραφικής | Μανεκέν | Αγιογραφία | Χαρακτική | Ποδιές Ζωγραφικής | Χαρτιά Ζωγραφικής | Πινελοθήκες και Βάσεις Πινέλων | Σπάτουλες | Πασπαρτού-Κορνίζες | Μπλοκ Σχεδίου | Σχεδιαστήρια | Πινακίδες Σχεδίου | Όργανα Σχεδίασης,
cmta1hfcn008sq8iy6i2fe0bp,Artcolour,Art & Colour Gift Card - €200,https://artcolour.gr/,https://artcolour.gr,403,Just a moment...,,Checking your browser...,403,Just a moment...,,Checking your browser...,HTTP_403 | HTTP_403
cmta1ghdm005yq8iy044r8ucx,Artmie,Δωροεπιταγή ARTMiE - Το ιδανικό δώρο για κάθε καλλιτέχνη,https://artmie.gr/,https://artmie.gr,200,ARTMiE Ελλάδα — Εικαστικά Υλικά για Καλλιτέχνες – ARTMIE Ελλάδα,"ARTMiE Ελλάδα: χρώματα, πινέλα, καμβάδες, μαρκαδόροι από κορυφαίες μάρκες. Γρήγορη αποστολή σε όλη την Ελλάδα.","artmie.sk | Λογαριασμός | Καλάθι 0 | Holbeinέως -58% | Καμβάδεςέως -25% | Chameleonέως -43% | ARTMiE Bestsellers | Ακρυλικο χρώμα Solo Goya Acrylic 250 ml | Τελαρωμένος καμβάς ζωγραφικής PROFI | Τελαρωμένος καμβάς ζωγραφικής ECO | Διαλέξτε διαστάσεις | Ακρυλικό χρώμα ACRYL PRO ART Composite 75 ml | Επαγγλματικό Pouring medium ARTMIE 500 ml | Λάδι σιλικόνης ARTMIE 20 ml | Ακρυλικά χρώματα Solo Goya / σετ 16 Χ 20 ml | ACRYL PRO Σετ σύνθετων ακρυλικών χρωμάτων | Σετ συνθετικών βουρτσών ARTMIE 4 τεμαχίων | Καβαλέτο ζωγραφικής επιτραπέζιο - PICASSO | ARTMIE Lumina Fixative Spray 400 ml | Καβαλέτο ζωγραφικής - STUDENT | Είδη ζωγραφικής και τέχνης για κάθε δημιουργό | Καμβάδες ζωγραφικής — η βάση για τα πάντα | Πάστες διαμόρφωσης και μέσα εφέ ARTMIE | Παγκόσμιες μάρκες που εμπιστεύονται οι καλλιτέχνες | Χρώματα για κάθε τεχνική — ακρυλικό, λάδι, ακουαρέλα και πολλά άλλα",200,ARTMiE Ελλάδα — Εικαστικά Υλικά για Καλλιτέχνες – ARTMIE Ελλάδα,"ARTMiE Ελλάδα: χρώματα, πινέλα, καμβάδες, μαρκαδόροι από κορυφαίες μάρκες. Γρήγορη αποστολή σε όλη την Ελλάδα.","artmie.sk | Λογαριασμός | Καλάθι 0 | Holbeinέως -58% | Καμβάδεςέως -25% | Chameleonέως -43% | ARTMiE Bestsellers | Ακρυλικο χρώμα Solo Goya Acrylic 250 ml | Τελαρωμένος καμβάς ζωγραφικής PROFI | Τελαρωμένος καμβάς ζωγραφικής ECO | Διαλέξτε διαστάσεις | Ακρυλικό χρώμα ACRYL PRO ART Composite 75 ml | Επαγγλματικό Pouring medium ARTMIE 500 ml | Λάδι σιλικόνης ARTMIE 20 ml | Ακρυλικά χρώματα Solo Goya / σετ 16 Χ 20 ml | ACRYL PRO Σετ σύνθετων ακρυλικών χρωμάτων | Σετ συνθετικών βουρτσών ARTMIE 4 τεμαχίων | Καβαλέτο ζωγραφικής επιτραπέζιο - PICASSO | ARTMIE Lumina Fixative Spray 400 ml | Καβαλέτο ζωγραφικής - STUDENT | Είδη ζωγραφικής και τέχνης για κάθε δημιουργό | Καμβάδες ζωγραφικής — η βάση για τα πάντα | Πάστες διαμόρφωσης και μέσα εφέ ARTMIE | Παγκόσμιες μάρκες που εμπιστεύονται οι καλλιτέχνες | Χρώματα για κάθε τεχνική — ακρυλικό, λάδι, ακουαρέλα και πολλά άλλα",
cmta5nkqd000354iye66fxcah,Atelie,Atelie Gift Card,https://www.atelie.com.gr/178-giftcards,https://atelie.com.gr,200,Atelie.com.gr,Atelie.com.gr,Είσοδος στο κατάστημα με τη χρήση κωδικού πρόσβασης: | Opening soon,200,Atelie.com.gr,Atelie.com.gr,Είσοδος στο κατάστημα με τη χρήση κωδικού πρόσβασης: | Opening soon,
cmta1gi8v0060q8iyfp9c7xcp,Atenea,eGift Card - Atenea,https://atenea.gr/products/gift-card,https://atenea.gr,200,eGift Card – Atenea,"Nature's Gift Awaits You!Give the gift of Nature... Shopping is always a tough one when shopping for someone else. Give them the gift of choice with a αTENEα eGift Card. eGift cards are delivered by email and contain instructions on how to redeem them at checkout. Please note when purchased, you will receive to your",eGift Card | We are committed to you and the environment! | Atenea | Useful | Get in touch,200,Atenea - We Box Nature,"Jump on Atenea.gr and discover a natural lifestyle approach. From Italy myVEG experience & Philip Martin's beauty products, from Spain bluevert skin cosmetics and from Portugal Asportuguesas ego+eco friendly footwear.",Atenea | MYVEG Vital Cosmetics | Redefine your skincare | Eco Friendly Footwear | Seremony by MYVEG | AURA SOLARE | MyVeg Aura Solare | Bluevert Collection | L’INQUIÉTUDE | LA SAGESSE | The Ultimate Repair Balm | Shop the look | Eco Friendly Shoes | Don't take our word for it | We are committed to you and the environment! | Useful | Get in touch,
cmta1mhwp00t8q8iyp2up25jv,Athenscentre,Gift voucher,https://athenscentre.gr/,https://athenscentre.gr,200,The Athens Centre,Welcome to The Athens Centre Welcome to The Athens Centre Welcome to The Athens Centre Welcome to The Athens Centre Welcome to The Athens Centre Modern Greek Program Modern Greek Program University Programs University Programs University Programs Cultural Events Cultural Events The Athens Centre is an educational organization founded in 1969 to sponsor academic and,The Athens Centre is an educational organization founded in 1969 to sponsor academic and cultural activities in Greece. | Announcements | Book reading of Sheila Armstrong’s novel Falling Animals | SURVIVAL GREEK – New course offering! | Tenia Christopoulos in conversation with Sofka Zinovieff | Book Presentation | The Athens Centre | University programs | Modern Greek language program | Cultural Program | Social Media | Privacy | Recent Posts,200,The Athens Centre,Welcome to The Athens Centre Welcome to The Athens Centre Welcome to The Athens Centre Welcome to The Athens Centre Welcome to The Athens Centre Modern Greek Program Modern Greek Program University Programs University Programs University Programs Cultural Events Cultural Events The Athens Centre is an educational organization founded in 1969 to sponsor academic and,The Athens Centre is an educational organization founded in 1969 to sponsor academic and cultural activities in Greece. | Announcements | Book reading of Sheila Armstrong’s novel Falling Animals | SURVIVAL GREEK – New course offering! | Tenia Christopoulos in conversation with Sofka Zinovieff | Book Presentation | The Athens Centre | University programs | Modern Greek language program | Cultural Program | Social Media | Privacy | Recent Posts,
cmta1mkio00tgq8iyvbnu4lyr,Badayestudio,Badayestudio Gift Card,https://badayestudio.gr/product/gift-card/,https://badayestudio.gr,200,Gift Card - Badaye,"Με την δωροκάρτα του Badaye Studio έχετε τη δυνατότητα εσείς ή όποιος δικός σας άνθρωπος επιλέξετε να την παραλάβει, να",Gift Card | ΦΟΡΕΜΑ BRODERIE | ΦΟΡΕΜΑ ΜΕ ΒΟΛΑΝ | ΦΟΥΣΤΑ ΜΕ ΒΟΛΑΝ | ΦΟΡΕΜΑ ΜΙΝΙ | ΦΟΡΕΜΑ ΜΑΞΙ ΑΕΡΙΝΟ | ΦΟΡΕΜΑ CROSSED NECKLINE | ΦΟΡΕΜΑ HALTER,200,Αρχική - Badaye,ΔΕΙΤΕ ΠΕΡΙΣΣΟΤΕΡΑ ΔΕΙΤΕ ΠΕΡΙΣΣΟΤΕΡΑ New Collection Η νέα συλλογή Badaye είναι εμπνευσμένη από το όνειρο και το μέλλον.Ρούχα που εκφράζουν,New Collection | ΦΟΡΕΜΑ BRODERIE | ΦΟΡΕΜΑ ΜΕ ΒΟΛΑΝ | ΦΟΥΣΤΑ ΜΕ ΒΟΛΑΝ | ΦΟΡΕΜΑ ΜΙΝΙ | ΦΟΡΕΜΑ ΜΑΞΙ ΑΕΡΙΝΟ | BEST SELLERS | NEW ARRIVALS,
cmtb77s4y004fdkiyo03xtcof,Badila,Badila Gift Card,https://www.badila.gr/en/giftcard/,https://badila.gr,200,BADILA - Easy & Timeless Basics - Online Shop | badila.gr,,Gift Card | Information | Company | Profile | Man's slim Suit,200,BADILA - Easy & Timeless Basics - Online Shop | badila.gr,,Εγγραφείτε στο Newsletter | Πληροφορίες | Εταιρεία | Προφίλ | Man's slim Suit,
cmta1lhrz00pcq8iypeg7vad4,Bakuk,Δωροκάρτα - Bakuk,https://bakuk.gr/%CF%80%CF%81%CE%BF%CF%8A%CF%8C%CE%BD/gift-card/,https://bakuk.gr,200,Δωροκάρτα | Bakuk,"Χαρίστε την εμπειρία της απόλυτης φροντίδας με μια δωροκάρτα ομορφιάς, ιδανική για κάθε τύπο επιδερμίδας",Δωροκάρτα,200,"Γνώση, Πάθος και Καινοτομία | Bakuk",Κορυφαία Προϊόντα για την Περιποίηση της επιδερμίδας του Προσώπου! Τα προϊόντα μας είναι φτιαγμένα ένα προς ένα για το πρόσωπό σου!,"Γνώση, Πάθος και Καινοτομία | Κορυφαία Προϊόντα για την Περιποίηση του Προσώπου | HYDRATING, PURIFYING AND GLOWING CLEANSING GEL | BRIGHTENING AND YOUTH ACTIVATING SERUM | GLOWING AND REGENERATING FACE CREAM | LUMINOUS TINTED HYDRATING AND MULTI-DEFENSE SUNSCREEN SPF30 | Ολοκληρωμένη Περιποίηση Προσώπου",
cmtb76yz20009dkiysecoqwih,Banya,Banya Gift Card,https://www.banya.gr/product/gift-card/,https://banya.gr,200,Gift Card - Banya Athens,"Give the gift of ultimate relaxation! Surprise your loved ones with a Banya Gift Card. Perfect for birthdays, holidays, or just to show your appreciation. Choose the amount, add a personal message, and share an unforgettable wellness experience!",Gift Card | Description | Reviews,200,Step into the warmth of tradition and relaxation - Banya Athens,"A place for rejuvenation, cleansing, and unwinding, our authentic Banya experience invites you to refresh your body and mind","STEP INTO THE WARMTH OF TRADITION AND RELAXATION | AT BANYA ATHENS | ORIGINATING from colder regions | Banya Experience, Your Way! | Your Banya Experience, Your Way | ADMISSION & SERVICES | TESTIMONIALS | BLOG | Why you Need to Visit a Sauna After Workout | Platza Massage: What It Is & How It Benefits You | Benefits of Using Eucalyptus Leaves in Banya | REVIEWS | GET IN TOUCH",
cmta4y9db000bsciyg566bd57,Barbopoulos,"Gift card - Barbopoulos store, Chania",https://www.barbopoulos.gr/product/gift-card-barbopoulos/?srsltid=AfmBOorAqLtZNbTUv_YfKZX5JtDaTXCaoc6q5YwvyP7gLznz8dBJzqnc,https://barbopoulos.gr,200,"Gift card - Barbopoulos - Barbopoulos store, Chania",,Gift card – Barbopoulos | SKU: giftcard,200,Κατάστημα Ένδυσης Μπαρμπόπουλος από το 1939,Το κατάστημα Μπαρμπόπουλος δραστηριοποιείται στο χώρο της ένδυσης από το 1939 και αποτελεί ένα από τα μακροβιότερα καταστήματα στα Χανιά,Mayoral Μπλε Τζιν Σορτς για Κορίτσι 24-00236-096 | Mayoral Σκούρο Γκρι Φούτερ για Αγόρι 15-02416-083 | Mayoral Εκρού Μακρυμάνικη Μπλούζα για Κορίτσι 16-04035-017 | Mayoral Kίτρινο Πουκαμισο Μακρυμάνικο Καρό για Αγόρι 14-04115-089 | Mayoral Κάμελ Βερμούδα για Αγόρι 23-00204-086 | Mayoral Πορτοκαλί Βερμούδα για Αγόρι 23-00204-082 | Mayoral Κόκκινη Μπλούζα για Αγόρι 23-03148-051 | Mayoral Μαύρο Παντελόνι Δερματίνη για Κορίτσι 12-07736-037 | ΠΡΟΣΦΟΡΕΣ | Mayoral Γκρι Παλτό για Κορίτσι 16-04413-018 | Mayoral Πολύχρωμο Φόρεμα για Κορίτσι 16-04915-022 | Mayoral Μπεζ Γούνινο Γιλέκο για Κορίτσι 16-07305-094 | Mayoral Βιολετί Κολάν για Κορίτσι 16-00717-089 | Mayoral Σετ 2 Μακρυμάνικες Μπλούζες για Αγόρι 16-04019-052 | Mayoral Τριπλέτα Λευκή Μακρυμάνικη Μπλούζα με 2 Κολάν για Κορίτσι 16-04735-044 | Mayoral Λευκή Μακρυμάνικη Μπλούζα για Αγόρι 16-04011-021 | Mayoral Κόκκινο Πλεκτό Σετ Ζακέτα με Φούστα για Κορίτσι 16-04935-031 | – Since 1939 –,
cmta1ftak003lq8iyqic1n4x7,Barequip.gr,"Δωροκάρτες 100,00",http://www.barequip.gr/,https://barequip.gr,200,Είδη Μπαρ | BarEquip.gr,Στο BarEquip.gr διαθέτουμε μια μεγάλη ποικιλία σε είδη μπαρ για να εξοπλίσετε την επιχείρησή σας με κορυφαία προϊόντα! Ανακαλύψτε τα στις καλύτερες τιμές!,"Kaffir Lime Φύλλα 100gr | Stillabunt Magic Velvet 95ml | Αλάτι Μαύρο – Salt Rim 300gr | Coco Reál 500ml | Lemon Juice ΟΠΩΡΑ 700ml | Bloody Mary Mix 1L | Watermelon ΟΠΩΡΑ Fruit Puree 500ml | ΟΠΩΡΑ Spearmint Syrup 700ml | Αντλία Φιάλης | Mango ΟΠΩΡΑ Fruit Puree 500ml | ΟΠΩΡΑ Strawberry Syrup 700ml | ΟΠΩΡΑ Orgeat Syrup 700ml | Καλούπι πάγου σφαίρα Ø 7cm | Ποτηρόπανο Roll Drap 10 Tεμ. | Αποξηραμένο Grapefruit 100gr | Cocktail Shaker Set mm | Γκλίτερ Ποτών Ροζ 10gr | Δοσομετρητής Gourmet 35 ml | Pourer inox Westmark (2τεμ.) | Wine Saver με 1 πώμα | Electric Cocktail Smoker | American Mixing Glass 790ml | Lime Fresh Juice 24L | ΤΙΜΗ ΑΝΑ ΛΙΤΡΟ 6,49€",200,Είδη Μπαρ | BarEquip.gr,Στο BarEquip.gr διαθέτουμε μια μεγάλη ποικιλία σε είδη μπαρ για να εξοπλίσετε την επιχείρησή σας με κορυφαία προϊόντα! Ανακαλύψτε τα στις καλύτερες τιμές!,"Γκλίτερ Ποτών Βιολετί 10gr | Αποξηραμένο Lime 100gr | Μπουμπούκια Τριαντάφυλλων Δαμασκού Βρώσιμα 20γρ | Βρώσιμα Γκλίτερ | Τσίλι Σε Ινες 150gr | Rosella Wild Hibiscus 8 Flowers | Lime Juice ΟΠΩΡΑ 700ml | Mandarin ΟΠΩΡΑ Fruit Puree 500ml | Blackberry ΟΠΩΡΑ Fruit Puree 500ml | Passionfruit ΟΠΩΡΑ Fruit Puree 12 Λίτρα | ΟΠΩΡΑ Falernum Syrup 700ml | Lime Fresh Juice 24L | ΤΙΜΗ ΑΝΑ ΛΙΤΡΟ 6,49€ | Καλούπι πάγου σφαίρα Ø 7cm | Ποτηρόπανο Roll Drap 10 Tεμ. | Αποξηραμένο Grapefruit 100gr | Cocktail Shaker Set mm | Γκλίτερ Ποτών Ροζ 10gr | Δοσομετρητής Gourmet 35 ml | Pourer inox Westmark (2τεμ.) | Wine Saver με 1 πώμα | Electric Cocktail Smoker | American Mixing Glass 790ml | Lemon Fresh Juice 24L",
cmta1hmge009iq8iyqi3nmyl6,Bilanis,Δωροκάρτα - Bilanis.gr,https://bilanis.gr/egift-card/,https://bilanis.gr,200,Δωροκάρτα,"Ανδρικά ρούχα, παπούτσια & αξεσουάρ επώνυμων εταιριών σε ποικιλία χρωμάτων και σχεδίων. Αγοράστε online τώρα.",Το προϊόν προστέθηκε στο καλάθι αγορών σας.,200,"Ανδρικά ρούχα, παπούτσια και αξεσουάρ - Bilanis.gr","Επώνυμα ανδρικά ρούχα, παπούτσια και αξεσουάρ σε μεγάλη ποικιλία μεγεθών, σχεδίων και χρωμάτων σε χαμηλές τιμές, Ανδρικά ρούχα bilanis.gr",Το προϊόν προστέθηκε στο καλάθι αγορών σας.,
cmtb6uijf000p3giy2w2ofsxh,Black Swan LBS,Black Swan LBS Gift Card,https://www.blackswan-lbs.gr/index.php?route=product/product&product_id=849,https://blackswan-lbs.gr,200,Δωροκάρτα,"Αναρωτιέστε τι δώρο να κάνετε στα αγαπημένα σας πρόσωπα και δεν είστε σίγουροι τι να διαλέξετε; Δώστε τους τη δυνατότητα να επιλέξουν αυτό που πραγματικά επιθυμούν, ανάμεσα σε αμέτρητες επιλογές,προσφέροντάς τους μια Δωροκάρτα Black Swan Luxury Beauty Salon! Αποστέλλεται μέσω ηλεκτρονικού",Δωροκάρτα | Διαθέσιμες Επιλογές | Share | Εταιρικό προφίλ | Πληροφορίες | Εξυπηρέτηση πελατών | Newsletter,200,Blackswan-lbs.gr,Blackswan-lbs.gr,Εταιρικό προφίλ | Πληροφορίες | Εξυπηρέτηση πελατών | Newsletter,
cmta1kioj00leq8iyp66jp838,Bloeur,GIFT CARD BLOEUR,https://bloeur.gr/product-category/gift-card/,https://bloeur.gr,200,GIFT CARD - Bloeur,,SEASON | SIZES | PRICE | COLOR | GIFT CARD | GIFT CARD BLOEUR,200,Bloeur | Ρούχα - Μπιζού - Αξεσουάρ - Μαγιώ - Προσφορές,Η Bloeur παρουσιάζει Ρούχα -Μπιζού - Αξεσουάρ - Μαγιώ - Προσφορές. Νέα συλλογή που μας ταξιδέυει σε ονειρεμένους προορισμούς και πόλεις γεμάτες ζωή!,SEASON | SIZES | PRICE | COLOR,
cmtb76zcu000bdkiy6hek2eml,Blue Blue,Blue Blue Gift Card,https://blueblue.gr/shop/gift-cards,https://blueblue.gr,200,Gift Cards,Gift Cards. Read more,Cart | I'm already a member | Gift Cards | Gift Card 50 | Gift Card 100 | Gift Card 150 | Gift Card 200 | JOIN US ON INSTAGRAM | CONTACT | INFORMATION,200,Blueblue Beachwear,Blueblue Beachwear Bikini & One Piece,Cart | I'm already a member | JOIN US ON INSTAGRAM | CONTACT | INFORMATION,
cmtb77ta1004ldkiysbs31g9p,Bmwpap,Αγοράστε μία Δωροεπιταγή,https://www.bmwpap.gr/gift-voucher/,https://bmwpap.gr,200,Αγοράστε μία Δωροεπιταγή,"BMWPAP.gr: BMW Motorrad Παπανικολάου. Μοτοσικλέτες, Αξεσουάρ, Ανταλλακτικά, Service...",Adventure | Heritage | Roadster | Tour | Sport | Urban Mobility | R 18 | M Motorsport | BMW Ride | BMW Style | BMW Αξεσουάρ Μοτοσικλέτας | BMW Λιπαντικά / Καθαριστικά | BMW Ανταλλακτικά Quick Service | Αγοράστε μία Δωροεπιταγή | ΠΛΗΡΟΦΟΡΙΕΣ | ΕΞΥΠΗΡΕΤΗΣΗ ΠΕΛΑΤΩΝ | ΕΠΙΠΡΟΣΘΕΤΑ | Ο ΛΟΓΑΡΙΑΣΜΟΣ ΜΟΥ | LIKE US ON FACEBOOK,200,BMWPAP.gr BMW Motorrad Papanicolaou,"BMWPAP.gr BMW Motorrad Papanicolaou: Επίσημη Έμπορος BMW Motorrad. Μοτοσικλέτες, Αξεσουάρ, Ανταλλακτικά και Service.",Adventure | Heritage | Roadster | Tour | Sport | Urban Mobility | R 18 | M Motorsport | BMW Ride | BMW Style | BMW Αξεσουάρ Μοτοσικλέτας | BMW Λιπαντικά / Καθαριστικά | BMW Ανταλλακτικά Quick Service | ΠΛΗΡΟΦΟΡΙΕΣ | ΕΞΥΠΗΡΕΤΗΣΗ ΠΕΛΑΤΩΝ | ΕΠΙΠΡΟΣΘΕΤΑ | Ο ΛΟΓΑΡΙΑΣΜΟΣ ΜΟΥ | LIKE US ON FACEBOOK,
cmta1hp7z009uq8iycpmhq9bh,Bylia,Ηλεκτρονική Δωροκάρτα,https://www.bylia.gr/product/e-gift-card/,https://bylia.gr,200,Ηλεκτρονική Δωροκάρτα - Bylia - Μικρές Ιστορίες By Lia,Χαρίστε την ηλεκτρονική δωροκάρτα στα αγαπημένα σας πρόσωπα και δώστε τους τη δυνατότητα να επιλέξουν το δώρο τους.,Bylia – Μικρές Ιστορίες By Lia | Ηλεκτρονική Δωροκάρτα | Δεν είσαι σίγουρος για το μέγεθος σου; | ΠΡΟΪΟΝΤΑ ΠΟΥ ΠΡΟΒΛHΘHΚΑΝ ΠΡΟΣΦΑΤΑ | Παπούτσι Bw4233 beige / Babywalker | Παπούτσι Bw4233 white/Babywalker | Παπούτσι Bw4254 white /Babywalker | Παπούτσι Pri2616 ivory-pink/Babywalker | ΕΠΙΚΟΙΝΩΝΙΑ | ΑΓΟΡΕΣ | ΠΛΗΡΟΦΟΡΙΕΣ | Newsletter | © 2024 Μικρές Ιστορίες by Lia | Designed by Artabout | Τι ψάχνετε;,200,Μικρές ιστορίες by Lia - Bylia - Μικρές Ιστορίες By Lia,"New Collection ΕπιλογήAdd to wishlistQuick View ΦΟΥΣΤΑ JEAN BLUE/ ALICE 35,90 € 3 Y4 Y6 Y8 Y10 Y12 Y -50% ΕπιλογήAdd to wishlistQuick View ΦΟΥΣΤΑ FLORAL ENGRAVED FLOWERS/ TWO IN A CASTLE 39,50 € Original price was: 39,50 €.19,80 €Η τρέχουσα τιμή είναι: 19,80 €. 2 Y -50% ΕπιλογήAdd to wishlistQuick View ΦΟΡΕΜΑ BELLE OF THE BALL/ TWO IN A",Bylia – Μικρές Ιστορίες By Lia | Μικρές ιστορίες by Lia | New Collection | ΦΟΡΕΜΑ WILD FLOWERS/ TWO IN A CASTL | ΣΕΤ ΜΠΛΟΥΖΑ & ΣΟΡΤΣ WILD FLOWERS/ TWO IN A CASTL | ΟΛΟΣΩΜΟ ΣΟΡΤΣ FLOWER SKY/ TWO IN A CASTLE | ΣΕΤ FLOWER SKY/ TWO IN A CASTLE | ΣΕΤ DINO/ TWO IN A CASTLE | ΣΕΤ ΚΟΤΛΕ ΠΟΥΚΑΜΙΣΟ & ΠΑΝΤΕΛΟΝΙ BEIGE / MAMMA NATURA | ΣΕΤ ΦΟΡΜΑΣ FLINT/ MAMMA NATURA | ΣΕΤ ΠΟΥΚΑΜΙΣΟ & ΠΑΝΤΕΛΟΝΙ BROWN/ MAMMA NATURA | ΒΡΕΦΙΚΟ ΣΕΤ MAGIC HORSES/ TWO IN A CASTLE | ΒΡΕΦΙΚΟ ΟΛΟΣΩΜΟ ΦΟΡΜΑΚΙ RASPBERRY PUFF/ TWO IN A CASTLE | ΒΡΕΦΙΚΟ ΣΕΤ CANDY/ TWO IN A CASTLE | Best Sellers | ΜΠΛΟΥΖΑ ΑΝΟΙΓΜΑ/ ALICE | ΣΕΤ ΦΟΥΤΕΡ ICONIC ERA/ ALICE | ΣΕΤ ΦΟΥΤΕΡ ΜΕ ΚΕΝΤΗΜΑ/ ALICE | ΣΕΤ ΦΟΥΤΕΡ ΜΕ ΚΕΝΤΗΜΑ PINK/ ALICE | ΣΕΤ ΦΟΥΤΕΡ ΜΕ ΚΟΛΑΝ PINK/ ALICE | ΠΑΝΤΕΛΟΝΙ JEAN BLACK/ ALICE | Offers | Σετ New Era Black/ Reflex | ΦΟΡΕΜΑ VIVIENNE/ TWO IN A CASTLE,
cmta1hpnc009wq8iyllivlokf,Bymeraki,Δωροκάρτα,https://bymeraki.gr/product-category/wps_wgm_giftcard/,https://bymeraki.gr,200,Δωροκάρτα,"Επιλέξτε την Δωροκάρτα μας και χαρίστε επιλογή και χαμόγελα με μια ευέλικτη, πρακτική λύση για κάθε περίσταση.Ισχύει για όλα τα προϊόντα του e-shop",Δωροκάρτα | Πώς λειτουργεί: | Όροι Χρήσης,200,Χειροποίητα βρεφικά/παιδικά λευκά είδη by meraki,Εδώ θα βρείτε μια ξεχωριστή συλλογή από χειροποίητα λευκά είδη by meraki που θα προσφέρουν την τέλεια αίσθηση ζεστασιάς και άνεσης.,"Χειροποίητα λευκά είδη by meraki | Χειροποίητα λευκά είδη, που θα συναρπάσουν τη φαντασία σας και θα προσφέρουν την τέλεια αίσθηση ζεστασιάς και άνεσης. | Autumn Σετ Ύπνου | Shades Of Grey Σετ Ύπνου | Cuttleya Σετ Ύπνου | Halloween Σετ Ύπνου | Autumn Σετ Μπάνιου | Shades Of Grey Σετ Μπάνιου | Cuttleya Σετ Μπάνιου | Friends Σετ Μπάνιου | Forest Cuties Πανάκι Φροντίδας | Cuttleya Πανάκι Φροντίδας | Boho Bear Σαλιάρα | Forest Cuties Σαλιάρα | Forest Cuties Σετ Σεντόνι Μαξιλαροθήκη | Forest Cuties Νάνι Παρηγοριάς | Cuttleya Πάνα Αγκαλιάς | Funky Jaguar Σαλιάρα",
cmtb6ujnj000v3giyddwi3q5a,Cafe Manteio - Ψυχικοί Σύμβουλοι,Δωροκάρτα - Cafe Manteio - Ψυχικοί Σύμβουλοι,https://cafemanteio.gr/product/%CE%B4%CF%89%CF%81%CE%BF%CE%BA%CE%AC%CF%81%CF%84%CE%B1/,https://cafemanteio.gr,200,Δωροκάρτα - Cafe Manteio - Ψυχικοί Σύμβουλοι,Βοηθήστε κάποιο αγαπημένο σας πρόσωπο να βει λύση σε κάποιο πρόβλημα που αντιμετωπίζει. Είναι το σημαντικότερο δώρο και αποτελεί ύψιστη έκφραση αγάπης. Θα σας ευγνωμονεί για πάντα. Ούτε που φαντάζεται πόσο απλά και εύκολα μπορούν να λυθούν θέματα που αυτή τη στιγμή του φαίνονται ανυπέρβλητα. Αισθηματικα – Οικονομικά – Οικογενειακά – Εργασιας- Νομικά – Επαγγελματικά.,Δωροκάρτα | Περιγραφή | Αξιολογήσεις | Σχετικά προϊόντα | καφεμαντεια | σφιγγα | Πυθια Πύλη (Προβλέψεις),200,"Προβλέψεις, Καφεμαντεια - Cafe Manteio - Ψυχικοί Σύμβουλοι",Δουλειά μας είναι οι προβλέψεις. Προβλέπουμε τις πιθανές μελλοντικές εξελίξεις στη ζωή σας και σχεδιάζουμε μαζί τις κατάλληλες αντιδράσεις σας,"Cafe Manteio – Ψυχικοί Σύμβουλοι | Αρχική | ΠΡΟΒΛΕΨΕΙΣ- ΚΑΦΕΜΑΝΤΕΙΑ – ΧΑΡΤΟΜΑΝΤΕΙΑ – ΠΥΘΙΑ ΠΥΛΗ | Υπηρεσίες | Ποιοί Είμαστε | Αρθρα Δημοσιεύσεις | Ιστορία του ελληνικού καφέ | Διαχειριστείτε την διάθεση σας ώστε να βελτιώσετε την ποιότητα της ζωής σας! | ΚΡΥΣΤΑΛΛΟΙ, ΚΡΥΣΤΑΛΛΟΜΑΝΤΕΙΑ, ΚΡΥΣΤΑΛΛΟΘΕΡΑΠΕΙΑ",
cmta1hq38009yq8iyiiaeil9q,Cameoshatter,Δωροκάρτα,https://cameoshatter.gr/product/gift-card/,https://cameoshatter.gr,200,Δωροκάρτα - Cameos hatter,"Δωροκάρτα για τους αγαπημένους σας από το κατάστημα CAMEOS HATTER. Χαρίστε τους καπέλα, γάντια, μπερέδες, κοσμήματα, αξεσουάρ",Δωροκάρτα | Σχετικά προϊόντα | Κολιε Αστερίας με τυρκουάζ | Κολιέ με Πράσινο Ιάσπις & Xαλαζία | Βραχιόλι φαρδύ με κεχριμπάρι | Βραχιόλι με κλαδιά Κoραλλιού | Ακολούθησέ μας,200,cameos hatter - Cameos hatter,Το CAMEOS HATTER είναι ένας χώρος που συνδυάζει την κομψότητα με την υψηλή ποιότητα των καπέλων και των κοσμημάτων!55 χρόνια γνώσης-εμπειρίας,Συλλογή κοσμημάτων | Βραχιόλι με 3 Μαύρους Όνυχες | Κολιε με ακανόνιστο κεχριμπάρι | Κολιέ με Ημιπολύτιμες Πέτρες | Σκουλαρίκια με Σιτρίν | δείτε περισσότερα | CLOCHE DECO BLACK BUTTON | CLOCHE ELEGANCE BOW | FEDORA PANAMA BROWN HATBAND MEDIUM BRIM | INDIANA STRAW HAT RANGER | PLANTATION PANAMA HATBAND FINO BLANCO | Όσα πρέπει να ξέρετε για τα καπέλα σας | Ακολούθησέ μας,
cmta1mnm200tsq8iy2jew4b3d,Capristores,Gift Cards,https://capristores.gr/,https://capristores.gr,200,New Summer Collection - Capristores.gr - Capri Stores,"Επώνυμα Brands στις καλύτερες τιμές, μόνο στο Capri Stores. Top προορισμός για τη γυναικεία μόδα. Νέες αφίξεις σε γυναικεία ρούχα, παπούτσια και αξεσουάρ.",SHOP | BELOVED BRANDS | Και κερδίστε κουπόνι έκπτωσης 10% | Εγγραφή στο Newsletter! | Επιλέξτε τη λίστα για αποθήκευση,200,New Summer Collection - Capristores.gr - Capri Stores,"Επώνυμα Brands στις καλύτερες τιμές, μόνο στο Capri Stores. Top προορισμός για τη γυναικεία μόδα. Νέες αφίξεις σε γυναικεία ρούχα, παπούτσια και αξεσουάρ.",SHOP | BELOVED BRANDS | Και κερδίστε κουπόνι έκπτωσης 10% | Εγγραφή στο Newsletter! | Επιλέξτε τη λίστα για αποθήκευση,
cmta1mo4u00tuq8iy0hphimg0,Carbon,CFC GIFT CARD | carbonfibercustoms,https://www.carbon.gr/gift-card,https://carbon.gr,200,CFC GIFT CARD | carbonfibercustoms,,Dear USA Customers due to the latest instructions as far as Tarrifs and Postal Services for USA deliveries and because standard shipping companies do not deliver to USA anymore we managed to make a cooperation with UPS for all the USA shipments trying to keep the cost low and delivery even faster!,200,CFC_Carbonfibercustoms | Greece | Carbon Fiber,CFC_Carbonfibercustoms - Bespoke Composites Handcrafted in Greece - Vaccum Infusion Technology Strong and Lightweight Carbon Fiber,Dear USA Customers due to the latest instructions as far as Tarrifs and Postal Services for USA deliveries and because standard shipping companies do not deliver to USA anymore we managed to make a cooperation with UPS for all the USA shipments trying to keep the cost low and delivery even faster! | New Products,
cmta1gcgz005aq8iybkijogn9,Cardlink,Υπηρεσία Διαχείρισης Δωροκάρτας | Cardlink giftcard,https://cardlink.gr/giftcard/,https://cardlink.gr,200,Υπηρεσία Διαχείρισης Δωροκάρτας | Cardlink giftcard,"Γνωρίστε το Cardlink giftcard, την αξιόπιστη πλατφόρμα διαχείρισης δωροκάρτας της Cardlink. Ενίσχυση της πιστότητας και αύξηση πωλήσεων.",Επιβραβεύστε τους πελάτες και τους συνεργάτες σας | Ηλεκτρονική πλατφόρμα για δωροκάρτες | Cardlink giftcard | Μάθετε πώς το Cardlink giftcard δουλεύει για σας | Φυσικές ή ηλεκτρονικές | Σύνδεση ERP/POS | Όλα τα είδη επιβράβευσης σε μια πλατφόρμα | Ενημέρωση για τις συναλλαγές με SMS/Ε-mail/Viber | Analytics/Reporting | Custom υπηρεσίες,200,Το μεγαλύτερο δίκτυο πληρωμών στην Ελλάδα | Cardlink,Στην Cardlink είμαστε δίπλα σας για να σας βοηθήσουμε στην ανάπτυξη της επιχείρησής σας με εφαρμογές που οδηγούν στο αύριο των πληρωμών.,Ο συνεργάτης που δεν λείπει ποτέ | Worldline All-in-One Platform | Επιβραβεύστε τους πελάτες και τους συνεργάτες σας | Σημαντική Προειδοποίηση | Διασύνδεση ταμειακών μηχανών και συστημάτων με λογισμικό ERP με τα POS | Είμαστε το μεγαλύτερο δίκτυο πληρωμών | Android POS | Λύσεις Cardlink που βοηθούν την επιχείρησή σας να αναπτυχθεί | Το μεγαλύτερο δίκτυο αποδοχής πληρωμών στην Ελλάδα,
cmta1moos00twq8iy57e9lo7q,Carlamco,Carlamco Gift Card,https://www.carlamco.gr/gift-card,https://carlamco.gr,200,Δωροκάρτα,Δωροκάρτα -,Δωροκάρτα | ΣΧΕΤΙΚΑ ΜΕ ΕΜΑΣ | Ο Λογαριασμός μου | Extras | NEWSLETTER,200,Carlamco - Car and Energy Solutions,"Carlamco - Car and Energy Solutions Μπαταριες Μολυβδου, Λιπαντικα , Χημικα, Φορτιστες, Φωτοβολταικα",ΝΕΟΣ ΟΔΗΓΟΣ; ΟΛΑ ΟΣΑ ΠΡΕΠΕΙ ΝΑ ΞΕΡΕΙΣ! | ΥΑΛΟΚΑΘΑΡΙΣΤΗΡΕΣ: ΠΟΤΕ ΠΡΕΠΕΙ ΝΑ ΑΛΛΑΖΩ; | 8 TIPS ΓΙΑ ΜΕΓΑΛΥΤΕΡΗ ΔΙΑΡΚΕΙΑ ΖΩΗΣ ΤΗΣ ΜΠΑΤΑΡΙΑΣ | 10 ΑΙΤΙΕΣ ΕΚΦΟΡΤΙΣΗΣ ΜΙΑΣ ΜΠΑΤΑΡΙΑΣ | ΤΙ ΦΩΤΟΒΟΛΤΑΙΚΟ ΧΡΕΙΑΖΟΜΑΙ | ΠΩΣ ΕΠΙΛΕΓΩ ΛΙΠΑΝΤΙΚΟ ΓΙΑ ΤΟ ΟΧΗΜΑ ΜΟΥ | Carlamco - Shopping Made Simple | ΣΧΕΤΙΚΑ ΜΕ ΕΜΑΣ | Ο Λογαριασμός μου | Extras | NEWSLETTER,
cmtb77zz5005ldkiyl90mvph8,Carrot Store,Carrot Store Gift Card,https://carrotstore.gr/gift-cards/150e-gift-card/,https://carrotstore.gr,200,150€ Gift Card | Carrot Concept Store,,150€ Gift Card,200,Carrot Concept Store | Designers Brands,"Situated within the renowned Decostore, a beloved furniture and accessories store, Carrot Concept Store specializes in showcasing the best of Greek design. Our curated selection features clothing, accessories, and unique items crafted by talented Greek designers.",CARROTCONCEPT STORE | WOMENSWEAR | MENSWEAR | FUTURE BEANIE GREY | FUTURE BEANIE GREEN | FUTURE BEANIE BLACK | OBEY MAX SCARF | DESMOND CROTCHE BEANIE | OBEY LEAGUE PULLOVER | MONICA MINI DRESS | BLACK | MONICA MINI DRESS | CINNAMON BROWN | DESIGNER LABELS IN CARROT STORE | Instagram,
cmta1hs0500a4q8iy6cmwyvew,Cavallo,Cavallo e-gift card - Δωροκάρτα Αξίας 20€,https://www.cavallo.gr/product/gift-card-100e/,https://cavallo.gr,200,Cavallo e-gift card - Δωροκάρτα Αξίας 100€ - Cavallo,"Cavallo e-gift card, το απόλυτο δώρο! Δώσε στους αγαπημένους σου χιλιάδες επιλογές από το cavallo.gr.",Δωροκάρτα Αξίας 100€ | Σχετικά προϊόντα | Δωροκάρτα Αξίας 50€ | Δωροκάρτα Αξίας 20€ | Σχετικά με εμάς | Cavallo,200,Cavallo Italian Style,Ο Νο1 προορισμός για το ανδρικό & γυναικείο ντύσιμο.,Πιο Δημοφιλή | Ανδρικό Κοστούμι LEXTON (06.36.CAVALLI.SUIT) | Ανδρικό Κοστούμι Με Γιλέκο MEZZO UOMO (1-302/140-701-2144) | Ανδρικό Κοστούμι Με Γιλέκο MEZZO UOMO (1-302/140-701-2011) | Ανδρικό Κοστούμι Big Size ITALIAN JOB (811556/SUPER) | Ανδρικό Κοστούμι Με Γιλέκο MEZZO UOMO (1-302/140-701-22034) | Ανδρικό Κοστούμι Με Γιλέκο MEZZO UOMO (1-302/140-701-2286/V) | Ανδρικό Κοστούμι Με Γιλέκο MEZZO UOMO (1-302/140-704-162) | Ανδρικό Κοστούμι Με Γιλέκο Γαμπριάτικο SARTORI ITALY (7130/101) | Ανδρικό Κοστούμι Γαμπριάτικο ITALIAN JOB (81102/02P) | Ανδρικό Κοστούμι Γαμπριάτικο ITALIAN JOB (11201/02/2) | Άμεση αποστολή | Ασφαλείς πληρωμές | Mastercard ή VISA | Προϊόντα που δεν πρέπει να χάσετε | Dejavu Φόρεμα με βολάν (3619) | Maxi Φόρεμα Με Αλυσίδα DEJAVU (34168) | Αμάνικη Μπλούζα DEJAVU (34141) | Αμάνικη Μπλούζα με V Λαιμόκοψη DEJAVU (34134) | Εμπριμέ Μπλούζα με Δέσιμο στο Λαιμό DEJAVU (34092) | Maxi Saten Φόρεμα DEJAVU (34090) | Ψηλόμεσο Παντελόνι DEJAVU (33019) | Crop Σακάκι (CARRIE/5662/FM) | Ψηλόμεση Παντελόνα με Στρασένια Κουμπιά DEJAVU (32043),
cmta1kk4900lkq8iyorzj05jc,Celesteshop,Gift Card 50,https://celesteshop.gr/c/dwrokarta/,https://celesteshop.gr,200,Δωροκάρτα - CelesteShop,Διάλεξε ανάμεσα σε 5 Δωροκάρτα το προϊόν που κάνει για σένα στην καλύτερη τιμή.,Δωροκάρτα 20€ | Δωροκάρτα 50€ | Δωροκάρτα 80€ | Δωροκάρτα 100€ | Δωροκάρτα 150€ | Δωροκάρτα | ΩΡΑΡΙΟ ΚΑΤΑΣΤΗΜΑΤΟΣ | ΕΤΑΙΡΕΙΑ | ΥΠΗΡΕΣΙΕΣ | ΒΟΗΘΕΙΑ | ΠΑΡΑΓΓΕΛΙΕΣ | NEWSLETTER | ΑΚΟΛΟΥΘΗΣΕ ΜΑΣ,200,Ηλεκτρονικό Κατάστημα - CelesteShop,,Νέες αφίξεις | Παιδικό Παιχνίδι Πεινασμένα Δελφινάκια | Αυτοκινητάκι Push ‘N’ Go | Mini Voice Changer | Stretch ‘N’ Smash Αβοκάντο | Επιτραπέζιο Linkx | Επιτραπέζιο Gobblers | Επιτραπέζιο Cakozaurus | Blix Δημιουργία Κυκλώματος Queaky Μπλε | Blix Δημιουργία Κυκλώματος Queaky Κόκκινο | Blix Σετ Κατασκευής με Τουβλάκια 100+ τμχ Build-A-Machine 7 σε 1 | Blix Σετ Κατασκευής με Τουβλάκια 70+ τμχ Crawlers 8 σε 1 | Blix Σετ Κατασκευής με Τουβλάκια Marble Run 118 τμχ | Blix Σετ Κατασκευής με Τουβλάκια 70+ τμχ Αυτοκίνητα 10 σε 1 | Blix Σετ Κατασκευής με Τουβλάκια 60+ τμχ Buddy 5 σε 1 | Blix Σετ Κατασκευής με Τουβλάκια 40+ τμχ Αυτοκίνητα 4 σε 1 | Λούτρινο Άγριο Ζωάκι 9 εκ. | Λούτρινο Σκυλάκι 14 εκ. | Λούτρινο Γατάκι 16 εκ. | Λούτρινη Μικρή Σουρικάτα 17 εκ. | Λούτρινο Βραχιολάκι Snap Little Ζώο του Δάσους | Διάλεξε το κατάλληλο δώρο | Μεγεθυντικός Φακός Εξερεύνησης Freek Vonk | Συσκευή Νυχτερινής Παρατήρησης με Θερμικό Φίλτρο Bresser Youngster,
cmta1fx6k003zq8iyp4u2p94m,Central,Central Δωροκάρτα,https://www.centraleshop.gr/en/giftcertificates-add/,https://centraleshop.gr,200,Gift certificate | Centraleshop.gr,,Help | Information | My account | Contact,200,"Centraleshop.gr | Ανδρικά, Γυναικεία Ρούχα, Παπούτσια, Αξεσουάρ","Centraleshop.gr | Ανδρικά, Γυναικεία Ρούχα, Παπούτσια, Αξεσουάρ. Ανακαλύψτε τώρα τη μεγαλύτερη συλλογή online. Αποστολή σε όλη την Ελλάδα",Βοήθεια | Πληροφορίες | Ο Λογαριασμός μου | Επικοινωνία,
cmtb6uke8000z3giy1zoyix8p,Cestino,Cestino Gift Card,https://cestino.gr/product-category/%CE%B4%CF%89%CF%81%CE%BF%CE%BA%CE%AC%CF%81%CF%84%CE%B1/,https://cestino.gr,200,Δωροκάρτα – Cestino,,Δωροκάρτα,200,"Cestino - Σπίτι, Κουζίνα, Κήπος, Περιποίηση, Παιδί, Κατοικίδια, Τεχνολογία","Καθημερινά στο cestino αναζητούμε τα πιο εντυπωσιακά προϊόντα από όλο τον κόσμο, προσφέροντας σας μια μοναδική εμπειρία αγορών. Εδώ, θα βρείτε ό,τι χρειάζεστε.",Healthy Habits Ταχίνι με Μέλι 280gr | Healthy Habits Ταχίνι με Κακάο & Χουρμά 280gr | Αφοι Χαίτογλου Ταχίνι με Πρωτείνη & Φυτικές Ίνες 330g | Healthy Habits Ταχίνι Απλό 280gr | Healthy Habits Μαρμελάδα Φράουλα 280g | Healthy Habits Μαρμελάδα Βερίκοκο 280g | Αφοί Χαΐτογλου Ταχίνι με Πρεβιοτικές Ίνες 330g | Healthy Habits Φυστικοβούτυρο Απαλό 180g | Αφοί Χαΐτογλου Ταχίνι με Μαστίχα Χίου 350g | Healthy Habits Φυστικοβούτυρο Μέλι & Κακάο 180gr | Αφοί Χαΐτογλου Ταχίνι με Ρόδι & Cranberries 330g | Αφοί Χαΐτογλου Ταχίνι Βιολογικό 300g | Αφοί Χαΐτογλου Ταχίνι με Stevia 330g | Αφοί Χαΐτογλου Ταχίνι με Κακάο 350g | Αφοί Χαΐτογλου Ταχίνι με Μέλι 350g | Αφοί Χαΐτογλου Ταχίνι 300g | Ben’s Original Έτοιμο σε 2 Λεπτά Ρύζι Ταϊλανδέζικο 220g | Ben’s Original Έτοιμο σε 2 Λεπτά Ρύζι Basmati για Μικροκύματα 220g | Le Petit Marseillais Μάσκα Μαλλιών με Έλαιο Jojoba 370ml | Le Petit Marseillais Μάσκα Μαλλιών με Νερό Καρύδας 370ml | Le Petit Marseillais Μάσκα Μαλλιών με Karité 370ml | Kellogg’s Coco Pops Chocos 550gr | Kellogg’s Krave Milk Chocolate 410gr | Kellogg’s Coco Pops 480gr,
cmtb770gt000hdkiyjze93gkc,Chaniapetworld,Δωροκάρτα,https://www.chaniapetworld.gr/product/dorokarta/,https://chaniapetworld.gr,200,Δωροκάρτα - Chania Pet World,"Η δωροεπιταγή θα σταλεί με e-mail στον παραλήπτη του, μόλις εξοφληθεί η αγορά σας.",ΞΗΡΑ ΤΡΟΦΗ | ΟΔΗΓΟΙ - ΚΟΛΛΑΡΑ - ΣΑΜΑΡΑΚΙΑ - ΦΙΜΩΤΡΑ | ΠΕΡΙΠΟΙΗΣΗ - ΥΓΙΕΙΝΗ | ΚΛΟΥΒΙΑ ΜΕΤΑΦΟΡΑΣ - ΠΑΡΚΑ | ΕΙΔΗ ΜΕΤΑΦΟΡΑΣ | ΚΟΝΣΕΡΒΕΣ | ΜΠΟΛΑΚΙΑ - ΤΑΪΣΤΡΕΣ | ΕΞΟΠΛΙΣΜΟΣ ΕΝΥΔΡΕΙΩΝ | ΤΣΙΝΤΣΙΛΑ | ΙΝΔΙΚΟ ΧΟΙΡΙΔΙΟ | ΧΑΜΣΤΕΡ | ΚΟΥΝΕΛΑΚΙΑ | Δωροκάρτα | Επιλέξτε ποσό | Πληροφορίες παραλήπτη | ...ένας κόσμος γεμάτος αγάπη!,200,ΑΡΧΙΚΗ - Chania Pet World,https://www.youtube.com/watch?v=MetqMWegiFo,ΞΗΡΑ ΤΡΟΦΗ | ΟΔΗΓΟΙ - ΚΟΛΛΑΡΑ - ΣΑΜΑΡΑΚΙΑ - ΦΙΜΩΤΡΑ | ΠΕΡΙΠΟΙΗΣΗ - ΥΓΙΕΙΝΗ | ΚΛΟΥΒΙΑ ΜΕΤΑΦΟΡΑΣ - ΠΑΡΚΑ | ΕΙΔΗ ΜΕΤΑΦΟΡΑΣ | ΚΟΝΣΕΡΒΕΣ | ΜΠΟΛΑΚΙΑ - ΤΑΪΣΤΡΕΣ | ΕΞΟΠΛΙΣΜΟΣ ΕΝΥΔΡΕΙΩΝ | ΤΣΙΝΤΣΙΛΑ | ΙΝΔΙΚΟ ΧΟΙΡΙΔΙΟ | ΧΑΜΣΤΕΡ | ΚΟΥΝΕΛΑΚΙΑ | Best Sellers | Χύμα Trixie Chewing Rolls 1stick | Royal Canin Sterilised Care (dog) 85gr | Hill’s SP Adult Cat (chicken) 1.5kg | Nuevo Adult Dog – Αρνί με Πατάτες 400γρ. | Infront Αντιπαρασιτικό Spray 375ml | Trixie Chewing Bone 12εκ. | Nuevo Adult Dog Κοτόπουλο 400γρ | Profine Grain Free Snack – Λιχουδιές με Γαλοπούλα 200γρ. | Οι προτάσεις μας | Acana Light & Fit 11.4kg | Acana Prairie Poultry 14.5kg,
cmta1lsuq00qiq8iystq7a2jy,Chicart,Chicart Gift Card,https://chicart.gr/,https://chicart.gr,200,www.chicart.gr,Chicart is an online store selling quality handmade jewellery. The materials that we use are carefully selected from all over the world. Satisfied and happy customers is the biggest challenge for us.,Χειροποίητα κοσμήματα που θα απογειώσουν το προσωπικό σας στυλ | Stay chic & fabulous!!! | Follow our CHIC journey… | προσεγμένα υλικά από όλο τον κόσμο… | Κάρτα δώρου | Happy customers corner…,200,www.chicart.gr,Chicart is an online store selling quality handmade jewellery. The materials that we use are carefully selected from all over the world. Satisfied and happy customers is the biggest challenge for us.,Χειροποίητα κοσμήματα που θα απογειώσουν το προσωπικό σας στυλ | Stay chic & fabulous!!! | Follow our CHIC journey… | προσεγμένα υλικά από όλο τον κόσμο… | Κάρτα δώρου | Happy customers corner…,
cmta1foot0035q8iyj3zj3bf1,Chicbee,Δωροκάρτα 20,https://chicbee.gr/product/dorokarta-10/,https://chicbee.gr,200,Δωροκάρτα 10 - ChicBee,,Κάντε την εγγραφή σας στο newsletter μας! | Δωροκάρτα 10 | Σχετικά προϊόντα | Σύνδεση | Εγγραφή,200,ChicBee - Kοσμήματα Από Ανοξείδωτο Ατσάλι.,ChicBee - Kοσμήματα από ανοξείδωτο ατσάλι. Ανακαλύψτε μοναδικά κοσμήματα που αντικατοπτρίζουν το στυλ σας.,"Κάντε την εγγραφή σας στο newsletter μας! | Κομψότητα Χωρίς Όρια | Κομψότητα χωρίς Όρια | Μεγάλες Προσφορές | ΚΑΤΗΓΟΡΙΕΣ | Δαχτυλίδια | Σκουλαρίκια | Βραχιόλια | Κολιέ | Σετ κοσμημάτων | Αξεσουάρ | SOCIAL MEDIA | Ακολουθείστε μας στα Social Media και δείτε πρώτοι τις νέες παραλαβές, τους διαγωνισμούς, τις προσφορές και τις εκπτώσεις που γίνονται κάθε μέρα. | NEWSLETTER | Εγγραφή στο newsletter μας | Σύνδεση | Εγγραφή",
cmtb7hxhc000b04iy3qi3vpga,Christakis,Christakis Gift Card,https://christakisathens.com/product/christakis-gift-card-online-in-store/,https://christakisathens.com,200,Christakis Gift Card – Online & In-Store - Christakis Athens,"Give the ultimate luxury gift with a Christakis Gift Card, usable online and in-store. Perfect for those who enjoy sartorial exclusive menswear.","Christakis Gift Card – Online & In-Store | Choose an amount | Related | Salerno V Tricot Silk Navy Blue Tie125,00 € | Como Vintage Twill Silk Yellow Tie – Links Print85,00 € | Round Red Enamel Cufflinks75,00 € | Brera Jacquard Silk Rust Tie75,00 € | Stay tuned | Privacy Preference Center",200,Christakis Athens - Handmade shirts and Menswear since 1947,Handmade shirts and Menswear since 1947. Exclusive made-to-measure service and the beautiful variety of different choices that Christakis offers.,"Become a part of the Exclusive. | Discover our Athenian Heritage of Bespoke Shirtmaking | At Christakis Athens, we have celebrated fine craftsmanship and enduring aesthetics since 1947. But these are just the means to our ultimate promise: high-quality sartorial garments that inspire confidence and accompany you through life’s journey. | Christakis Made-to-Measure Service | Experience Christakis In-Store | New season | Explore our Ready-to-wear collections | NOEL Brown Tweed Wool Pleated Trousers265,00 € 185,50 € | DOLCE Camel Wool & Silk Roll Neck239,00 € | DOLCE Black Wool & Silk Roll Neck239,00 € | DOLCE Silver Wool & Silk Roll Neck239,00 € | SETA Olive Wool & Silk Polo249,00 € | SETA Navy Blue Wool & Silk Polo249,00 € | SETA Black Wool & Silk Polo249,00 € | Salerno V Tricot Silk Navy Blue Tie125,00 € | Salerno V Tricot Silk Burgundy Tie125,00 € | Our Story | Explore new Arrivals | Brera Jacquard Silk & Cotton Silver Tie – Microdesign75,00 € | Brera Jacquard Silk & Cotton Rust Striped Tie75,00 € | Brera Jacquard Silk Rust Tie75,00 € | Como Vintage Twill Silk Yellow Tie – Links Print85,00 € | Salerno V Tricot Silk Brown Tie125,00 € | Double Knot Cufflinks75,00 €",
cmta4ycwk000psciyut3q4w1n,Christhellas,Christhellas Gift Card,https://christhellas.gr/product/christhellas-gift-card/?srsltid=AfmBOoq8_KSmhzAMtEMaCOiMRVmIGGmfPtRustVVUh8u2WwdVF_g-FwY,https://christhellas.gr,200,Christhellas Gift Card - Christhellas,Make a special gift to your beloved ones by offering them a giftcard from Christhellas. Let them choose from a great variety of exclusive products.,Christhellas Gift Card | CONTACT US | INFORMATION,200,Christhellas - House of Luxury - Christofle - Bernardaud - St. Louis,"Visit our online store to discover the largest Houses in the world of the Art de la Table, Christofle, Bernardaud and St. Louis.","Home | Malmaison Riviera | Discover the collection. | CHRISTOFLE | BERNARDAUD | ST LOUIS | FREE SHIPPING | 14 DAYS RETURN | PERSONALIZING | FEATURED PRODUCTS | CARROUSEL 24-Piece Silver-Plated Flatware Set with Shell | UNI Walnut and Steel Tissue Box | DOMANI – MARCO MENCACCI Vase Bianco H. 30 cm | BEEBEE Silver-Plated Secret Box ø: 4,2 cm | MOOD YUMMY 6-Piece Silver-plated Cocktail Forks Set | Mood Coffee Stainless Steel Le petit MOOD tray | FOLIA Dark Wood Portable Lamp | MOOD PRECIOUS 24-Piece Silver-Plated Flatware Set | Personal engraving for selected items | TOP RATED PRODUCTS | PERLES Silver-Plated Dessert Fork | SPATOURS Silver-Plated Espresso Spoon | SPATOURS Silver-Plated Cake Server | MALMAISON Silver-Plated Gravy Ladle",
cmta1mq7900u2q8iy41zkg4cg,Cigarsmoke,Gift Card Αρχεία,https://cigarsmoke.gr/el/gift-cards/,https://cigarsmoke.gr,200,CigarSmoke,,Blog | Colibri | Factory Smoke | Guantanamera | Diplomaticos | My Father & Tatuaje “La Union” | Davidoff Puro Dominicana: ΕΝΑ ΑΡΙΣΤΟΥΡΓΗΜΑ ΠΑΛΑΙΩΣΗΣ | Προσοχή στις Απομιμήσεις: Πώς να Ξεχωρίσετε ένα Αυθεντικό Κουβανέζικο Πούρο από μια “Μαϊμού” | Αποκωδικοποιώντας τα νούμερα στα ονόματα των πούρων | Cohiba: The Ultimate Guide to Cohiba Cigars | Τι λέει το χρώμα του τυλίγματος (wrapper) για το πούρο; | Ποιοι τύποι συστημάτων ύγρανσης υπάρχουν και ποιες οι διαφορές τους; | Πούρα και Ποτά | Find us on instagram | TOP BRANDS | Cohiba | Davidoff | La Aurora | Montecristo | S.T.Dupont | Partagas | Arturo Fuente | Φίλτρα | Τιμή,200,Αρχική - CigarSmoke,"Είτε θες να αγοράσεις το αγαπημένο σου πούρο, είτε να γίνεις ειδικός στα πούρα, το CigarSmoke είναι δίπλα σου! Με καταστήματα σε Γλυφάδα(Αττική), Μύκονο και Θεσσαλονίκη, αλλά και με το πλέον μοντέρνο και εύχρηστο e-shop μας, είμαστε δίπλα σας με κάθε τρόπο!","Ο ΑΠΟΛΥΤΟΣ ΠΡΟΟΡΙΣΜΟΣ ΓΙΑ ΚΑΘΕ ΛΑΤΡΗ ΤΟΥ ΠΟΥΡΟΥ ΕΙΝΑΙ ΕΔΩ. | 3 ΚΑΤΑΣΤΗΜΑΤΑ, 3 CIGAR LOUNGES, ΤΟ ΜΕΓΑΛΥΤΕΡΟ WEBSITE ΣΤΗΝ ΕΛΛΑΔΑ ΑΦΙΕΡΩΜΕΝΟ ΣΤΟ ΜΕΓΑΛΥΤΕΡΟ ΠΑΘΟΣ ΜΑΣ! | ΟΔΗΓΟΣ ΑΡΧΑΡΙΩΝ | Ο ΜΕΓΑΛΥΤΕΡΟΣ ΚΑΤΑΛΟΓΟΣ ΠΟΥΡΩΝ ΑΠΟ ΟΛΟ ΤΟΝ ΚΟΣΜΟ | Latest Arrivals Latest Arrivals Latest Arrivals Latest Arrivals Latest Arrivals Latest Arrivals Latest Arrivals | Avo Expresivo Toro | Macanudo Inspirado Red Gigante | Liga Privada T52 Robusto | Lampert 1675 Edicion Morado Robusto | Rocky Patel Edge Corojo B52 | PDR El Criollito Ade Flores Setenta | Jdn Clasico Original Selecction B | La Flor Dominicana Suave Maceo Robusto | Partagas Mille Fleurs | Cao Gold Maduro Robusto | Alec Bradley Project 40 Toro | ΓΙΑ ΚΑΘΕ CIGAR AFICIONADO | ΕΞΑΙΡΕΤΙΚΑ ΧΑΡΜΑΝΙΑ ΑΠΟ ΤΗΝ ΚΟΥΒΑ, ΤΟΝ ΑΓΙΟ ΔΟΜΙΝΙΚΟ, ΤΗΝ ΟΝΔΟΥΡΑ ΚΑΙ ΤΗ ΝΙΚΑΡΑΓΟΥΑ | ΜΟΝΑΔΙΚΟΙ ΣΥΝΔΥΑΣΜΟΙ ΑΡΩΜΑΤΟΣ ΚΑΙ ΓΕΥΣΗΣ ΑΠΟ ΕΞΩΤΙΚΟΥΣ ΠΡΟΟΡΙΣΜΟΥΣ | ΠΟΥΡΑ ΚΟΥΒΑΣ | ΠΟΥΡΑ ΔΟΜΙΚΑΝΙΚΗΣ ΔΗΜΟΚΡΑΤΙΑΣ | ΠΟΥΡΑ ΝΙΚΑΡΑΓΟΥΑΣ | ΠΟΥΡΑ ΟΝΔΟΥΡΑΣ | SMOKE ESSENTIALS",
cmtb6ul4v00133giyhgnnpf1j,ColorDrop,ColorDrop Gift Card,https://colordrop.gr/giftcard/,https://colordrop.gr,200,Giftcard - ColorDrop,Δωροκάρτα μέσω e-mail Κάντε ένα ξεχωριστό δώρο στα αγαπημένα σας πρόσωπα επιλέγοντας τις δωροκάρτες Colordrop ! Επιλέξτε από τα προτεινόμενα ποσά ή πληκτρολογήστε αυτό που επιθυμείτε! Η Δωροκάρτα αποστέλεται ηλεκτρονικά μέσω e-mail! Virtual Giftcard Φυσική Δωροκάρτα με courier Κάντε ένα ξεχωριστό δώρο στα αγαπημένα σας πρόσωπα επιλέγοντας τις δωροκάρτες Colordrop ! Επιλέξτε από τα προτεινόμενα ποσά […],Tap or Scan | Χρήσιμα | Για ποιον | Περίσταση | Θέμα & Στυλ | Κουπόνια | Verify Your Email | Snap the Deal | CALL US | CHAT US | Δωροκάρτα μέσω e-mail | Φυσική Δωροκάρτα με courier | Δεν θες να χάνεις καμία ευκαιρία; | Beautiful moments start here.,200,Homepage Colordrop - ColorDrop,"Εκτυπώσεις φωτογραφιών, canvas, κορνίζες και προσωπικά δώρα… …για να κρατάτε κοντά τις στιγμές που αγαπάτε! Όλες οι κατηγορίες Δώδεκα τρόποι να ζήσετε ξανά τις στιγμές σας. Wall Art Memories Metal Print Κούπες Μαξιλάρια Canvas Φωτογραφίες Acrylic Block Κορνίζες Μαγνητάκια Tap & Scan Δωροεπιταγή Wall Art Memories Metal Print Κούπες Μαξιλάρια Canvas Φωτογραφίες Acrylic Block Κορνίζες […]","Tap or Scan | Χρήσιμα | Για ποιον | Περίσταση | Θέμα & Στυλ | Κουπόνια | Verify Your Email | Snap the Deal | CALL US | CHAT US | Δώδεκα τρόποι να ζήσετε ξανά τις στιγμές σας. | Από την ιδέα, στο χέρι σου. Σε 3 βήματα. | Διάλεξε & ανέβασε | Σχεδίασε live | Δες σε 3D & παράγγειλε | Η ζωή σας, στον τοίχο σας. | Δείτε την κατηγορία | Εξερευνήστε όλα | Κρατήστε το καλοκαίρι, για πάντα. | Αλουμίνιο. Καθαρό. Ζωντανό. | Ο καφές γίνεται προσωπικός. | Αγκαλιάστε τις αναμνήσεις. | Η αίσθηση του πίνακα. | Κλασσικές. Πάντα στη μόδα.",
cmtb6uli700153giy75i0msk9,Confetti Gifts,Confetti Gifts Gift Card,https://confetti-gifts.gr/product/dwrokarta-confetti-gifts/,https://confetti-gifts.gr,200,Δωροκάρτα - Confetti - Gifts - Confetti - Gifts,"Χάρισε απόλυτη ευελιξία με τη δωροκάρτα Confetti Gifts! Ιδανική για κάθε περίσταση, με άμεση ηλεκτρονική αποστολή και επιλογή ποσού.",Redeem Gift | Login/Register | Δωροκάρτα - Confetti - Gifts € | Δωροκάρτα – Confetti – Gifts | ΚΑΤΗΓΟΡΙΕΣ | ΧΡΗΣΙΜΑ | ΟΡΟΙ & ΠΟΛΙΤΙΚΕΣ | Εκδήλωση Ενδιαφέροντος,200,Home - Confetti - Gifts,Είμαστε εκείνοι που θα σε κάνουν να εντυπωσιάσεις με το δώρο που θα διαλέξεις! Στο Confetti θα ανακαλύψεις τις πιο πρωτότυπες ιδέες δώρων...,Redeem Gift | Login/Register | Δώρα Εμπειρίας για Κάθε Περίσταση! | Πλήρως ευέλικτο | Άμεσο | Εγγύηση τιμής | Βρείτε την επόμενή σας εμπειρία! | Best Sellers | Dinner in the Sky Δείπνο στα Σύννεφα – Η Απόλυτη Γαστρονομική Περιπέτεια | Glow Facial Treatment – Ολική Περιποίηση Προσώπου | Dessert Candle Workshop – Φτιάξε Κερί που Μοιάζει με Γλυκό | Ζωγραφική με Black Light και Neon Χρώματα | The Spot Massage – Εμπειρίες Spa και Περιποίησης | Δημιουργικό Εργαστήριο Κεραμικής με Kρασί | Λίγα λόγια για εμάς... | Χρειάζεσαι μόλις 3 βήματα! | Βρες το δώρο εμπειρίας που σου ταιριάζει | Επίλεξε αν είναι για σένα ή για δώρο | Συμπλήρωσε το email του παραλήπτη και στείλε το δώρο σου με voucher | Ανακαλύψτε τις τοποθεσίες μας. | Αναζήτηση ανά κατηγορία. | Confetti Gift Cards. | Αξιολογήσεις πελατών. | Το Blog του Confetti.,
cmtb7718b000ldkiynw5j1q46,Cordella,Δωροκάρτα 500€,https://www.cordella.gr/shop/empeiries/taxidia-metakiniseis/xenodoxeia-diamones/dorokarta-500_10995,https://cordella.gr,200,Δωροκάρτα 500€,"Αξιοποιήστε τη Δωροκάρτα για τη διαμονή σας, εξαργυρώνοντάς τη σε διανυκτερεύσεις ή και για να απολαύσετε τις διαθέσιμες εμπειρίες του Saint Hotel Santorini.",Δωροκάρτα 500€ | Προτεινόμενα προϊόντα,200,Λίστα Δώρων Online | Δημιουργήστε τη Δωρεάν Λίστα σας | Cordella,"Δημιουργήστε και μοιραστείτε λίστες δώρων για γάμο, βάπτιση, γενέθλια και κάθε σημαντική στιγμή — εύκολα, οργανωμένα και δωρεάν.",Η 1η online λίσταδώρων στην Ελλάδα! | Πώς λειτουργεί | Top brandsκαι καταστήματα | Δωροκάρτες για όλους και για κάθε μοναδική στιγμή της ζωής | As seen on | Για όλα αυτάπου ονειρεύεστε,
cmta1hupw00agq8iysdyh5to2,Cre T E,Κατηγορία: δωροκάρτα,https://cre-t-e.gr/product-category/jewelry/gift-card-jewelry/,https://cre-t-e.gr,200,Κατηγορία: δωροκάρτα - Cre.t.e,"Χαρίστε την πιο ρομαντική δωροκάρτα σε κάποιον που αγαπάει ο κέντημα! Διαλέξτε ανάμεσα σε 10€, 20€, 30€ ή 50€.",δωροκάρτα | Υποκατηγορίες,200,Καλώς Ήλθατε στο Cre.t.e.gr - Creative Thread Experts,"Κεντημένα κοσμήματα και διακοσμητικά, δώρα βρεφικής προίκας, σύγχρονα υλικά γύρω απ’ το κέντημα. ΔΩΡΕΑΝ μεταφορικά για παραγγελίες άνω των 50€.",Καλώς ήρθατε / crete | υπηρεσίες κεντήματος | νέα προϊόντα | κεντημένα από εμάς | Κοσμήματα 24 items | Διακοσμητικά 15 items | Βρεφικά 27 items,
cmtb77urx004tdkiyvtb2mf7m,Create Athens,Create Athens Gift Card,https://createathens.gr/el/shop/items/coffee-tools/create-gift-card-gr/,https://createathens.gr,200,Create Gift Card - Create by Stefanos Domatiotis,"Δώρο για λάτρεις του καφέ! Η Create Gift Card χρησιμοποιείται για σεμινάρια, γευσιγνωσίες και προϊόντα στο κατάστημα. Για σένα ή για δώρο!",,200,Home - Create by Stefanos Domatiotis,,WE CREATE | BUSINESS CONSULTING | CREATE SHOP | DISCOVER OUR PRODUCTS | The creator | STEFANOS DOMATIOTIS | Meet | CHAD WANG | Championship | COACHING | PROUD OF OUR PARTNERS | VENUE | HOST YOUR EVENT AT CREATE SPACE | STAY CONNECTED | LIKE WHAT YOU SEE?YOUTUBE • FACEBOOK • INSTAGRAM,
cmta1kl4b00loq8iyupsiybh2,Creatorshop,Creatorshop Gift Card,https://creatorshop.gr/products/gift-card-1,https://creatorshop.gr,200,GIFT CARD– Creatorshop,"Την πιο μεγάλη χαρά φέρνουν τα δώρα από το Creatorshop! Για το παιδί, το ανιψάκι, το βαφτιστήρι σας και για κάθε αγαπημένο σας πρόσωπο, επιλέξτε το ποσό της δωροκάρτας Creatorshop, το χρόνο αποστολής, γράψτε τις ευχές σας και δώστε του την ευκαιρία να επιλέξει μέσα από τη μεγάλη γκάμα προϊόντων! *Η παραλαβή της ηλεκτρο","GIFT CARD | Επιπλέον πληροφορίες | Σχετικά προϊόντα | APEX RACING WHEEL (SPF-004U), PS5/PC/PS4-HORI | MARIO KART RACING WHEEL PRO MINI (NSW-204U) NINTENDO SWITCH-HORI | MARIO KART RACING WHEEL PRO DELUXE (NSW-228U) NINTENDO SWITCH-HORI | HGP SHIFTER (RS039)-MOZA | RACING R9 V2 DIRECT DRIVE WHEELBASE (RS28) PC-MOZA | SR-P DOUBLE PEDALS WITH BASE (RS11) PC-MOZA | HF8 HAPTIC FEEDBACK GAMING SEAT PAD-NEXT LEVEL RACING (NLR-G001) | Είδατε πρόσφατα | ΕΠΙΚΟΙΝΩΝΙΑ | ΚΑΤΑΣΤΗΜΑ | ΧΡΗΣΙΜΑ LINKS | Λίστα επιθυμιών | Συγκρίνω",200,Creatorshop,Creatorshop.gr | Το επίσημο κατάστημα των Creators! | Creators official store,ΟΛΟΙ ΟΙ CREATORS | PANOSDENT | DK | KONSTANTINA | MR.ANTOUON | CREATORSHOP | ALEKKUN | JAVOU | W1NDZ | GREEKGK | WANDERSQUAD | GIANELLIS | Best Sellers🔥 | SMART LED THERMOS CREATORSHOP | ΠΑΚΕΤΟ ΣΧΟΛΙΚΩΝ ΑΞΕΣΟΥΑΡ CREATORSHOP | ΜΕΓΑ ΣΧΟΛΙΚΟ ΠΑΚΕΤΟ ΑΞΕΣΟΥΑΡ CREATORSHOP | ΠΑΓΟΥΡΙ ΜΕ ΣΠΡΕΙ CREATORSHOP | ΘΕΡΜΟΣ ME HXEIO BLUETOOTH CREATORSHOP | ΘΕΡΜΟΣ ΜΕ ΑΕΡΟΣΤΕΓΕΣ ΚΑΠΑΚΙ - CREATORSHOP | The boutique style guide | Create Your Own World!🌍 | Level Up Your Inbox | ΕΠΙΚΟΙΝΩΝΙΑ | ΚΑΤΑΣΤΗΜΑ,
cmtb771lh000ndkiytvwtqvrd,Crescendo,Gift Cards - Crescendo,https://www.crescendo-rodi.gr/gift-cards/,https://crescendo-rodi.gr,200,Gift Cards - Crescendo,Are you looking for a special gift for someone you love? Jewelry with engraving Create a unique jewelry for yourself or for an important person. You only have to choose one of models available for engraving and come up with your own message Add specialwords on your jewelry Choose a jewelry from the models available...,Gift Cards | Are you looking for a special gift for someone you love? | Jewelry with engraving | Add specialwords on your jewelry | Golden gift voucher,200,Home - Crescendo,"finest jewelry, inspired by life. Explore Now facebook instagram jewelry selection Explore a world of elegance and sophisticated luxury and choose the most precious items for yourself and your loved ones About us Selected works: BraceletsFor Men beautiful colors. excellent quality. discover Unique Necklaces elegant jewelry for every occasion. discover collections Jewelry inspired by our...","Home | finest jewelry, | inspired by life. | jewelry | selection | Selected works: | Women’s Beige Hand Bag | Women’s Brown Shoulder Bag | Women’s Leopard Hand Bag | Women’s Pink Purse | BraceletsFor Men | Unique Necklaces | Spring / Summer | SS 2021 | crescendo41",
cmta1mseo00uaq8iyrfav970x,Crystalswan,Gift Card - Crystal Swan,https://www.crystalswan.gr/product-category/gifts/gift-card/,https://crystalswan.gr,200,Δωροκάρτα Archives - Crystal Swan,,Δωροκάρτα,200,Αρχική - Crystal Swan,,New Collection | Necklaces | Earrings | Bracelets | Rings | CHARMS | Watches | Decoration | Accessories | 2022 | Δημοφιλή κοσμήματα | Εγγραφή στο Newsletter | Η γνώμη σας μετράει | Βαθμολογήστε την επιχείρησή μας στο google | Βαθμολόγηση,
cmtb77v6h004vdkiy54z2aiui,Cuka,Cuka Gift Card,https://cuka.gr/shop/new-collection-ss-26-all/gift-card-2/,https://cuka.gr,200,"Δωροκάρτα - Δεν ξέρεις τι δώρο να κάνεις σε ένα αγαπημένο σου πρόσωπο? Τώρα μπορείς να του χαρίσεις μία Gift Card ώστε να κάνει μόνος του τις αγορές του, με προϊόντα της επιλογής του! Αγοράζοντας μια Gift Card από το cuka.gr μπορείς να την χρησιμοποιήσεις σε αγορές όποια στιγμή εσύ επιθυμείς ή μπορείς να την κάνεις δώρο σε αγαπημένα σου πρόσωπα για να αγοράσουν ότι επιθυμούν. - Cuka Fashion","Δεν ξέρεις τι δώρο να κάνεις σε ένα αγαπημένο σου πρόσωπο? Τώρα μπορείς να του χαρίσεις μία Gift Card ώστε να κάνει μόνος του τις αγορές του, με προϊόντα της επιλογής του! Αγοράζοντας μια Gift Card από το cuka.gr μπορείς να την χρησιμοποιήσεις σε αγορές όποια στιγμή εσύ επιθυμείς ή…","Clothing | Accessories | Gift cards | Δωροκάρτα – Δεν ξέρεις τι δώρο να κάνεις σε ένα αγαπημένο σου πρόσωπο? Τώρα μπορείς να του χαρίσεις μία Gift Card ώστε να κάνει μόνος του τις αγορές του, με προϊόντα της επιλογής του! Αγοράζοντας μια Gift Card από το cuka.gr μπορείς να την χρησιμοποιήσεις σε αγορές όποια στιγμή εσύ επιθυμείς ή μπορείς να την κάνεις δώρο σε αγαπημένα σου πρόσωπα για να αγοράσουν ότι επιθυμούν. | Σχετικά προϊόντα | Subscribe to our Newsletter! | Υπαναχώρηση από την παραγγελία | Υπαναχωρείτε από την παραγγελία # | Το αίτημα υπαναχώρησης υποβλήθηκε",200,Cuka Fashion - Γυναικεία ρούχα και αξεσουάρ,"Η φιλοσοφία μας είναι απλή! Αυτό που επιλέγουμε για το κατάστημά μας είναι αυτό που θα φορούσαμε οι ίδιοι. Από τους σχεδιαστές μέχρι τις κρεμάστρες στο κατάστημά μας, τα πάντα από εποχή σε εποχή είναι η καλύτερη συλλογή μας!",Clothing | Accessories | Gift cards | Cuka Fashion store | FALL - WINTER 26-27 | New in | dresses | Pants | Sets & combinations | Dress to Impress: Perfectly Paired Sets for Every Occasion! | ΤΣΑΝΤΕΣ | Cuka Fashion | Subscribe to our Newsletter!,
cmtb6umlr001b3giycaopqllh,DMK Tools,DMK Tools Gift Card,https://dmktools.gr/product/organa-metrisis/trochi-odikis-metrisis/%CE%B4%CF%89%CF%81%CE%BF%CE%BA%CE%AC%CF%81%CF%84%CE%B1/,https://dmktools.gr,200,Δωροκάρτα - Dmktools.gr - Βιδευβοϊκή,,Δωροκάρτα | Σχετικά προϊόντα | Force φιλτροκλειδο Αραχνη 61904 | Helix Μετρο Helix 7.5x25mm (125007525) | MP.S Οδηγός Ποτηροτρύπανου Γερμανίας 9.5mm 32-210mm (5509) | Benman Αλφάδι LM12 Μαγνητικό Με Δύο Μάτια 30cm (70606) | Benman Αλφάδι LM12 Μαγνητικό Με Δύο Μάτια 60cm (70609) | PRESSOL – Γρασαδορος Πατητος 150ml (12332) | Benman Σφιγκτήρας Σωλήνα 10-16 8.5mm 100τμχ (71967) | ΡΟΔΑ Φ35Χ25ΜΜ ΤΡΥΠΑ PU 2R BT (BE12USB035H) | Καλάθι αγορών | Sign in,200,Αρχική - Dmktools.gr - Βιδευβοϊκή,ΕΙΔΙΚΑ Εργαλεία Αυτοκίνητο - Συνεργείο Εξοπλισμός συνεργείου αυτοκινήτων. ΨΩΝΙΣΕ ΤΩΡΑ ΕΠΑΓΓΕΛΜΑΤΙΚΑ Εργαλεία Χειρός Ψώνισε τώρα Eργαλεία Milwaukee Ψώνισε,"AlpinPro HD03R Φακός Κεφαλής Μπαταρίας 650lm (HD03R) | AlpinPro Πολυεργαλείο – Μπρελόκ 5 σε 1 (GK-010) | AlpinPro Πολυεργαλείο με Θήκη Γκρι (BT-09) | AlpinPro Φακός Tactical 2 Επαναφορτιζόμενος (TM-05R) | Alpinpro Φακός Κεφαλής Επαναφορτιζόμενος HybridR (H10) | Annovi Διάφανο Φίλτρο Νερού AR Φίλτρο Πλυστικού 1Tμχ (36922) | Aquacraft Πιστολι Νερου 4 Ψεκασμων (770331) | Athlet Κατσαβίδι Διπλό Νάνος Γερμανίας (13S26) | Bahco BPM914-L Αερόκλειδο 1/2″ με Μέγιστη Ροπή 44kgm | Benamn Διαμαντοδισκος Πολλαπλων Υλικων Maxpower, Easy Cut (73934) | Benman Σμυριδόπανο Με Αξονάκι 30x15x6mm P80 (72041) | Benman Σμυριδόπανο Με Αξονάκι 40x20x6mm P80 (72045) | Καλάθι αγορών | Sign in",
cmta1mtcc00ueq8iy4sz85qxi,Dahaproject,Dahaproject Gift Card,https://www.dahaproject.gr/component/virtuemart/gift-card?Itemid=368,https://dahaproject.gr,200,Daha Project | The handmade jewelry project,Gift Card. Read more,Gift Card | GIFT CARD 50 | GIFT CARD 30 | GIFT CARD 20 | Kατηγορίες | Πληροφορίες,200,Χειροποίητα κοσμήματα | Daha Project,Στην Daha Project μπορείτε να βρείτε μοναδικά χειροποίητα κοσμήματα γυναικεία και ανδρικά για κάθε look και περίσταση.,New in Daha Project | Be The Best Version Of Yourself | DAHA PROJECT | Celina | Serena | Must Have | Alkioni | Dona | Antigoni | Penelope | Do you know what you are looking for? | Emeral | Naya | Kyklades | Maiandros | Amelia | Gipsy soul | Kατηγορίες | Πληροφορίες,
cmta1mtta00ugq8iy0fpw7nra,Dalis,Gift Card 20,https://dalis.gr/product-category/gift-cards/,https://dalis.gr,200,Gift cards - Dali's Boutique,,Gift cards | Gift Card 70€ | Gift Card 40€ | Gift Card 20€,200,Αρχική - Dali's Boutique,"Στo Dali’s Boutique θα συναντήσετε μεγάλη ποικιλία από παπούτσια, αξεσουάρ, τσάντες και κοσμήματα υψηλής αισθητικής που ταιριάζουν σε όλες σας τις στιγμές!",Παπούτσια | ΠΕΔΙΛΑ | FLATS | ΘΑΛΑΣΣΑ | ΤΣΑΝΤΕΣ | ΕΝΔΥΜΑΤΑ | ΚΑΠΕΛΑ | ΖΩΝΕΣ | Τσάντες | Fashion bags | Verde Τσάντα Χειρός / Χιαστί 8328 | Verde Τσάντα Ώμου/ Χιαστί 8321 | Verde Τσάντα Ώμου Animal Print 8297 | Verde Τσαντα Χειρός 8273 | Verde Τσάντα Χειρός 8266 | Verde Τσάντα Ώμου 8241 | Verde Τσάντα Ώμου 8207 | Verde Τσάντα Ώμου 8195 | Κατάστημα Dali’s Boutique | Verde Καπέλο Ψάθινο Με Animal Print 864 | Verde Εσάρπα Με Μοτίβο 2584 | Verde Ζώνη 702 | Verde Πορτοφόλι 1442 | Verde Πορτοφόλι 1438,
cmta1hvnc00aiq8iy7f43du8p,Dbsounds,e-Gift Card (Hλεκτρονική Δωροκάρτα) 500€,https://dbsounds.gr/,https://dbsounds.gr,200,"dB sounds Μουσικά όργανα, εξοπλισμός DJ, αξεσουάρ και αναλώσιμα στις καλύτερες τιμές της αγοράς.","dB sounds Μουσικά όργανα, κιθάρες, πιάνο, ντύμπανα, εξοπλισμός DJ, αξεσουάρ και αναλώσιμα στις καλύτερες τιμές της αγοράς.",,200,"dB sounds Μουσικά όργανα, εξοπλισμός DJ, αξεσουάρ και αναλώσιμα στις καλύτερες τιμές της αγοράς.","dB sounds Μουσικά όργανα, κιθάρες, πιάνο, ντύμπανα, εξοπλισμός DJ, αξεσουάρ και αναλώσιμα στις καλύτερες τιμές της αγοράς.",,
cmtb7i2oe001204iynczh2811,Detail,Gift Card Detail,https://estiathens.com/en/pages/gift-card,https://estiathens.com,200,Gift Card Detail – Esti Athens,"GV Gift Card Detail, do not change this page",Gift Card Detail | Newsletter | Tel: 215 215 1013,200,Esti Athens | Γυναικεία Εσώρουχα - Lingerie | Harness | Nightwear,"Γνωρίστε τις αποκλειστικές συλλογές με γυναικεία εσώρουχα, sexy lingerie, νυφικά εσώρουχα, τολμηρά harness και κομψά nightwear του Esti Athens.",Best Sellers | CALISTA BUTTERMILK | ARLI WHITE | SEANA NUDE | MORENA | VIVIENNE BLACK | SEANA PINK | AMARINE BURGUNDY | ERIS BLACK | Collections | Our Journal | Γυναικεία Εσώρουχα & Lingerie | Harness | Nightwear | Esti Athens | Newsletter | Tel: 215 215 1013,
cmtb7i5pu001h04iyyjorsy8i,Dia Tauta Gift Shop e,Dia Tauta Gift Shop e-gift card,https://diatautaathens.com/products/dia-tauta-gift-shop-e-gift-card,https://diatautaathens.com,200,Dia Tauta Gift Shop e-gift card – Dia Tauta Athens,"Shopping for someone else and give them the gift of choice with our e-gift card! Your purchases via the e-gift card can be made either in one of our physical stores or just contact us for any extra shipping charges (for online orders) In the ""Notes"" before your Check out, you may right anything you wish and we will mak",Dia Tauta Gift Shop e-gift card | Share this Product | Dia Tauta Athens | Follow Us | Newsletter,200,Welcome to Dia Tauta Athens,Discover our unique collections of Finest Greek Products with worldwide shipping,ARTISAN GREEK OLIVE OIL | GREEK CERAMICS | Dia Tauta Athens | Follow Us | Newsletter,
cmta422iu0006t8iyjfed8tcg,Didi,Κάρτα Δώρου – MrsDiDi CraftShop - didi.gr,https://www.didi.gr/products/gift-card,https://didi.gr,200,Κάρτα Δώρου – MrsDiDi CraftShop,"Είσαστε μακρυά από τους αγαπημένους σας. Τους φίλους, τους συγγενείς και φυσικά τα βαφτιστήρια σας! Ή απλά δεν μπορείτε να διαλέξετε το δώρο τους? Αγοράστε τους σήμερα δώρο μία ΔΩΡΟΚΑΡΤΑ DiDi για να επιλέξουν αυτό που πραγματικά θέλουν! Οι δωροκάρτες αποστέλλονται με email και περιέχουν οδηγίες για την εξαργύρωσή τους",Προστέθηκε στο καλάθι σου | Κάρτα Δώρου | Αξιολογησεις,200,❤ www.DiDi.gr ❤ Βρες τον εαυτό σου σε εμάς! 💯 Ο νο1 προορισμός μόδας! – MrsDiDi CraftShop,"Το 1ο ηλεκτρονικό κατάστημα προσωπικών επιλογών! Αν ψάχνεις κάτι ιδιαίτερο για εσένα & τα αγαπημένα σου πρόσωπα, στο DiDi.gr θα το βρείς! Κοσμήματα, ρούχα, αξεσουάρ και πολλά άλλα! Αποστολή σε όλη την Ελλάδα & Κύπρο! Γνώρισέ μας & αγαπησέ μας!",Προστέθηκε στο καλάθι σου | Νεες Αφιξεις | Δες περισσοτερα | Τί μεταφορικά θα πληρώσω? | Βρες την παραγγελια σου | Τοποθεσία | Θα μας βρείτε,
cmtb7r2w80008u8iyzhcede6d,Digas,Digas Gift Card,https://www.digas.gr/,https://digas.gr,200,"Δίγκας - Ιατρικός εξοπλισμός, Εργαστηριακός εξοπλισμός, Μικροβιολογικά προϊόντα, Χειρουργικός εξοπλισμός | Δίγκας Γ. Ιατρικά","Δίγκας Γεώργιος - Ιατρικός εξοπλισμός, εμπορία διαγνωστικών συσκευών, εξοπλισμός ιατροτεχνολογικού υλικού, διαγνωστικές συσκευές, ιατρικά έπιπλα, απινιδωτές, ιατρικός ιματισμός, δίγκας, είδη μανικιούρ πεντικιούρ",Γάζες αποστειρωμένες 36x40cm (10x10cm) 12ply 100 τεμάχια | Τσάντα Α' βοηθειών Emergency | Ψηφιακός βρεφοζυγός Kern MBD | Σκαμπώ τροχήλατο με πλάτη DENTAL TYPE DENT 8C01 | Πρόπλασμα ανθρώπινου σκελετού 180cm XC-101 | Σκαμπώ τροχήλατο με πλάτη DENTAL TYPE DENT 8C01 γκρι | Σκαμπώ τροχήλατο με πλάτη DENTAL TYPE DENT 8C01 λευκό | Φωτισμός εργασίας LED GEMINI E35350 εύκαμπτος | Ψηφιακός ζυγός δαπέδου με κολώνα 250kg ανά 100gr με λειτουργία BMI MPL 200K-1P Kern | Κρεβάτι εξεταστικό ηλεκτρικό με οπή 62x198cm C3525 Γκρι (42 GRIS) | Σετ συρραφής DE-2003 | Εκπαιδευτικό μονοφθάλμιο μικροσκόπιο Kern OBS-102 | Φαρμακείο Α' βοηθειών μοτοσυκλέτας Mini Combi DIN 13167 | Αυτόματος απινιδωτής Lifepak CR2 με USB - Ελληνικές φωνητικές οδηγίες | Βεντούζες Deluxe πλαστικές HWATO σετ 12 τεμαχίων | Φαρμακείο Α' βοηθειών αυτοκινήτου COMBI 3 σε 1 με τρίγωνο και γιλέκο DIN 13164 | Πιεσόμετρο μπράτσου Omron M7 Intelli IT Bluetooth κολπικής μαρμαρυγής – HEM-7380T1-EBK | Ψηφιακό στηθοσκόπιο 3M™ Littmann® Core Digital Black | Φαρμακείο Α' βοηθειών εργασιακών χώρων OFFICE με επιτοίχια βάση DIN 13157 | Φαρμακείο Α' βοηθειών πλαστικό πορτοκαλί πλήρες 285x210x87mm Medic3 CPS153 PVS | Υλικό Α' βοηθειών για φαρμακεία DIN 13157 64 τεμάχια | Γυναικολογική εξεταστική καρέκλα BOOM VISBY TEQLER | Κρεβάτι εξεταστικό ηλεκτρικό BALANCE 2241C | Επαγγελματικός επιτραπέζιος φωτισμός Slim 115250 λευκός,200,"Δίγκας - Ιατρικός εξοπλισμός, Εργαστηριακός εξοπλισμός, Μικροβιολογικά προϊόντα, Χειρουργικός εξοπλισμός | Δίγκας Γ. Ιατρικά","Δίγκας Γεώργιος - Ιατρικός εξοπλισμός, εμπορία διαγνωστικών συσκευών, εξοπλισμός ιατροτεχνολογικού υλικού, διαγνωστικές συσκευές, ιατρικά έπιπλα, απινιδωτές, ιατρικός ιματισμός, δίγκας, είδη μανικιούρ πεντικιούρ",Γάζες αποστειρωμένες 36x40cm (10x10cm) 12ply 100 τεμάχια | Τσάντα Α' βοηθειών Emergency | Ψηφιακός βρεφοζυγός Kern MBD | Σκαμπώ τροχήλατο με πλάτη DENTAL TYPE DENT 8C01 | Πρόπλασμα ανθρώπινου σκελετού 180cm XC-101 | Σκαμπώ τροχήλατο με πλάτη DENTAL TYPE DENT 8C01 γκρι | Σκαμπώ τροχήλατο με πλάτη DENTAL TYPE DENT 8C01 λευκό | Φωτισμός εργασίας LED GEMINI E35350 εύκαμπτος | Ψηφιακός ζυγός δαπέδου με κολώνα 250kg ανά 100gr με λειτουργία BMI MPL 200K-1P Kern | Κρεβάτι εξεταστικό ηλεκτρικό με οπή 62x198cm C3525 Γκρι (42 GRIS) | Σετ συρραφής DE-2003 | Εκπαιδευτικό μονοφθάλμιο μικροσκόπιο Kern OBS-102 | Φαρμακείο Α' βοηθειών μοτοσυκλέτας Mini Combi DIN 13167 | Αυτόματος απινιδωτής Lifepak CR2 με USB - Ελληνικές φωνητικές οδηγίες | Βεντούζες Deluxe πλαστικές HWATO σετ 12 τεμαχίων | Φαρμακείο Α' βοηθειών αυτοκινήτου COMBI 3 σε 1 με τρίγωνο και γιλέκο DIN 13164 | Πιεσόμετρο μπράτσου Omron M7 Intelli IT Bluetooth κολπικής μαρμαρυγής – HEM-7380T1-EBK | Ψηφιακό στηθοσκόπιο 3M™ Littmann® Core Digital Black | Φαρμακείο Α' βοηθειών εργασιακών χώρων OFFICE με επιτοίχια βάση DIN 13157 | Φαρμακείο Α' βοηθειών πλαστικό πορτοκαλί πλήρες 285x210x87mm Medic3 CPS153 PVS | Υλικό Α' βοηθειών για φαρμακεία DIN 13157 64 τεμάχια | Γυναικολογική εξεταστική καρέκλα BOOM VISBY TEQLER | Κρεβάτι εξεταστικό ηλεκτρικό BALANCE 2241C | Επαγγελματικός επιτραπέζιος φωτισμός Slim 115250 λευκός,
cmta1gkq30066q8iy4xwfkmos,Dimasis,Gift Card - Δωροκάρτα,https://www.dimasis.gr/gift-card,https://dimasis.gr,200,Gift Card - Dimasis.gr,Lorem Ipsum,Δωροκάρτα | Χαρακτηριστικά | Γράψτε τη δική σας αξιολόγηση | Αξιολόγηση για: Δωροκάρτα | Σχετικά Προϊόντα | Μονόγραμμα λευκόχρυσο Θ με καδένα D017795 | Αντρικός σταυρός σε διχρωμία χρυσού 14Κ D024804C | Γυναικείο δαχτυλίδι επίχρυσο 925 Tyrquoise and Lapis stones D042000 | Ανδρικό δαχτυλίδι από χρυσό 14Κ με ματ σχέδια D053519 | Γυναικείο κολιέ επίχρυσο με οβάλ κρίκους 925 και τυρκουάζ μπίλιες D042514 | Ροζ χρυσή αλυσίδα για τον λαιμό Κ9 D024554 | ΕΠΙΚΟΙΝΩΝΙΑ | ΠΛΗΡΟΦΟΡΙΕΣ | ΚΑΤΗΓΟΡΙΕΣ | Ο ΛΟΓΑΡΙΑΣΜΟΣ ΜΟΥ,200,"Χρυσά κοσμήματα, ασημένια κοσμήματα, ρολόγια - Dimasis.gr",Ανακαλύψτε μία πλούσια συλλογή κοσμημάτων στις πιο ανταγωνιστικές τιμές της αγοράς!,Dimasis | ΤΑΣΕΙΣ & ΠΡΟΤΑΣΕΙΣ | Χρυσοί κρίκοι Κ14 με διάμετρο 7 εκατοστά D001043 | Μονόπετρο δαχτυλίδι 18Κ με διαμάντι D014136 | Ροζ gold σειρέ δαχτυλίδι Κ14 με ζιργκόν D022303 | Ροζ βέρες γάμου - αρραβώνα Κ14 D022533 | Κολιέ με μαργαριτάρι σε χρυσό Κ14 D021441 | Χρυσό κολιέ με πετράτο ματάκι Κ14 D021066 | DIMASIS NEWSLETTER | Home Page | ΠΡΟΣΦΟΡΕΣ | Γυναικείο κολιέ από χρυσό 14Κ καρδιά με κόκκινες πέτρες D049757 | Γυναικείο κολιέ από χρυσό 18Κ με σταυρουδάκι και διαμάντι D054840C | Ροζ χρυσά καρφωτά σκουλαρίκια Κ14 με λευκή ζιργκόν D026712 | Γυναικείος σταυρός με ζιργκόν Κ14 D012933 | Λευκόχρυσο κολιέ Κ14 με μαργαριτάρι και ζιργκόν D031478 | Γυναικεία οβάλ λουστρέ κρικάκια από χρυσό 14Κ D050659 | Δίχρωμο γυναικείο Δαχτυλίδι 925 με Aqua Marine D037083 | Γυναικείο κολιέ χρυσό 9Κ γούρι καρδούλα D055010 | Δαχτυλίδι 9Κ Λευκόχρυσο με Μαργαριτάρι D013816 | Κολιέ λουστρέ αστέρι ροζ χρυσό Κ14 D024319 | Γυναικείο κολιέ από χρυσό 14Κ με καρδιά D048637 | Ροζ χρυσό μονόπετρο με ζιργκόν 14Κ D013144 | Βέρες γάμου,
cmta1hxh400aqq8iydqh4pfek,Dmcreations,Αγοράστε μία Δωροκάρτα,https://dmcreations.gr/,https://dmcreations.gr,200,DM Plus Size Creations - Γυναικεία ρούχα σε μεγάλα μεγέθη,"Γυναικεία ρούχα σε μεγάλα μεγέθη, ανακάλυψε ποιοτικά και ξεχωριστά νεανικά γυναικεία plus size ρούχα φτιαγμένα στην Ελλάδα",ΔΩΡΕΑΝ ΜΕΤΑΦΟΡΙΚΑ • ΔΩΡΕΑΝ ΑΛΛΑΓΗ • -10% ΕΚΠΤΩΣΗ ΜΕ BOX NOW | ΝΕΕΣ ΑΦΙΞΕΙΣ | BESTSELLERS | Newsletter | ΑΚΟΛΟΥΘΗΣΕ ΜΑΣ | ΠΛΗΡΟΦΟΡΙΕΣ | ΛΟΓΑΡΙΑΣΜΟΣ | ΕΠΙΠΡΟΣΘΕΤΑ | LOYALTY,200,DM Plus Size Creations - Γυναικεία ρούχα σε μεγάλα μεγέθη,"Γυναικεία ρούχα σε μεγάλα μεγέθη, ανακάλυψε ποιοτικά και ξεχωριστά νεανικά γυναικεία plus size ρούχα φτιαγμένα στην Ελλάδα",ΔΩΡΕΑΝ ΜΕΤΑΦΟΡΙΚΑ • ΔΩΡΕΑΝ ΑΛΛΑΓΗ • -10% ΕΚΠΤΩΣΗ ΜΕ BOX NOW | ΝΕΕΣ ΑΦΙΞΕΙΣ | BESTSELLERS | Newsletter | ΑΚΟΛΟΥΘΗΣΕ ΜΑΣ | ΠΛΗΡΟΦΟΡΙΕΣ | ΛΟΓΑΡΙΑΣΜΟΣ | ΕΠΙΠΡΟΣΘΕΤΑ | LOYALTY,
cmta1hyw300awq8iy0hlig2se,Driverstation,Δωροκαρτα - DriverStation,https://driverstation.gr/ola-ta-proionta/dorokartes/dorokarta/,https://driverstation.gr,200,Δωροκαρτα - DriverStation,"DriverStation e-Gift Card Με μία δωροκάρτα e-Gift Card προσφέρετε στην οικογένεια ή τους φίλους σας ένα τέλειο δώρο δικής τους επιλογής. Η δωροκάρτα μπορεί να χρησιμοποιηθεί τόσο για online αγορές όσο και για αγορές στo φυσικό μας κατάστημα. Η δωροκάρτα θα αποσταλεί στο πρόσωπο που επιθυμείτε μέσω email, με τις δικές σας ευχές!!",Δωροκαρτα | Περιγραφή,200,ΑΡΧΙΚΗ - DriverStation,DriverStation,ΑΝΑΖΗΤΗΣΗ ΑΞΕΣΟΥΑΡ | κατηγορίες | ΕΞΩΤΕΡΙΚΑ | ΕΣΩΤΕΡΙΚΑ | ΛΙΠΑΝΤΙΚΑ | ΑΣΦΑΛΕΙΑ | ΠΡΟΣΘΕΤΑ | ΜΕΤΑΦΟΡΑ | ΠΕΡΙΠΟΙΗΣΗ | ΔΩΡΟΚΑΡΤΕΣ | πρόσφατα | Βαση Τοποθετησης Led 07612 | Μπαγαζιερα Art-plast Carbon 400lit | Μπαγαζιερα Art-plast Carbon 480lit | Λεβιές Ταχυτήτων Με Φυσούνα Mercedes W203 5 ταχύτητες | Τάπα Λαδιού Toyota | Amio Αισθητήρες Παρκαρίσματος – Parktronic | Guard Πατάκια Λαστιχένια Σκαφάκια Μαύρα Σετ 4τμχ | Λεβιες Ταχυτητων Opel Astra J 5ταχυτητες | Πινακίδα Στρατιωτική | Πινακίδα Εκκλησιαστική | Πινακίδα Κυκλοφορίας Ρετρό | Πινακίδα Κυκλοφορίας Τζιπ Τετράγωνη (Μπλέ Γράμματα) | Πινακίδα Αμερικάνικου Τύπου (Μαύρα Γράμματα),
cmta1glhk0068q8iybstkemvl,Drumstore,Αγοράστε μία Δωροεπιταγή,https://drumstore.gr/,https://drumstore.gr,200,the DRUMstore,"Το DRUMstore εμπορεύεται κρουστά μουσικά όργανα. Εκτός του e-shop, διαθέτει και εκθεσιακό χώρο.",the DRUMstore | Προτεινόμενα Προϊόντα | Χρήσιμα Άρθρα | Latest Posts | Είπαν για εμάς | Πληροφορίες | Λογαριασμός | Επιπρόσθετα | Newsletter,200,the DRUMstore,"Το DRUMstore εμπορεύεται κρουστά μουσικά όργανα. Εκτός του e-shop, διαθέτει και εκθεσιακό χώρο.",the DRUMstore | Προτεινόμενα Προϊόντα | Χρήσιμα Άρθρα | Latest Posts | Είπαν για εμάς | Πληροφορίες | Λογαριασμός | Επιπρόσθετα | Newsletter,
cmtb773o9000xdkiy4c56wk0k,Easlanidis,Δωροκάρτα,https://www.easlanidis.gr/gift-cards,https://easlanidis.gr,200,Δωροκάρτα,,Δωροκάρτα | Όροι χρήσης δωροκάρτας,200,Easlanidis.gr - Ηλεκτρικές Οικιακές Συσκευές,,WEEKLY DEALS,
cmta1mwe200uqq8iyw8gppk86,Ebru,Gift Vouchers - Káte,https://kate.ebru.gr/product/gift-vouchers/,https://ebru.gr,200,Gift Vouchers - Káte - Ebru,Gift vouchers full of art. Looking for the perfect gift for your loved ones? Shop now a gift voucher from Kate ebru art studio.,scarves | BAGS | ACCESSORIES | CLOTHING | STATIONERY & HOME DECO | GIFT CARDS | Gift Vouchers | Related products | Login,200,KATE EBRU - ArtDesigns and Luxury Scarves and Accessories,Kate Ebru Artdesigns. Discover our collection of the silk scarves and accessories. Our collection is designed using Ebru & Suminagashi.,scarves | BAGS | ACCESSORIES | CLOTHING | STATIONERY & HOME DECO | GIFT CARDS | Our Picks | OUR PHILOSOPHY | Sales | Our Collection | @kate_momitsa | Login,
cmta1fnc4002zq8iy3yrpxjfz,Ekklisiastika Karditsa,Κολώνας Δωροκάρτα 50,https://ekklisiastikakarditsa.gr/,https://ekklisiastikakarditsa.gr,200,Εκκλησιαστικά Είδη Καρδίτσα - Κολώνας,Εκκλησιαστικά Είδη Καρδίτσα. 30 χρόνια δίπλα σας με κορυφαία ποιότητα σε Εικόνες Αγίων - Εκκλησιαστικά Είδη - Τεχνιτά Άνθη - Είδη Κοιμητηρίου,Εκκλησιαστικά Είδη Καρδίτσα – Κολώνας | Εικόνες Αγίων | Είδη Κοιμητηρίου | Εκκλησιαστικά Είδη | Εκκλησιαστικά Ξυλόγλυπτα | Λουλούδια Για Μνήματα | Κεριά Εκκλησίας | Νέες Παραλαβές! | TOP Κατηγορίες προϊόντων | ΕΙΚΟΝΕΣ ΑΓΙΩΝ | ΣΕ ΦΥΣΙΚΟ ΞΥΛΟ | ΛΑΜΠΕΣ ΠΑΡΑΦΙΝΕΛΑΙΟΥ | ΜΕΓΑΛΗ ΠΟΙΚΙΛΙΑ ΣΕ ΤΕΧΝΙΤΑ ΑΝΘΗ – ΦΥΤΑ | Ευαγγέλιο Σμάλτο Α΄ Κομματιαστό Βελούδο Μπορντό (102-01) | Μπαστούνι Σκαλιστό Σπαστό Δίχρωμο (135-13DSP) + Βαλίτσα | Παραφινέλαια | Καντιλόκουπες | Κεριά Διαρκείας | Τεχνιτά – Άνθη Φυτά | Κερία,200,Εκκλησιαστικά Είδη Καρδίτσα - Κολώνας,Εκκλησιαστικά Είδη Καρδίτσα. 30 χρόνια δίπλα σας με κορυφαία ποιότητα σε Εικόνες Αγίων - Εκκλησιαστικά Είδη - Τεχνιτά Άνθη - Είδη Κοιμητηρίου,Εκκλησιαστικά Είδη Καρδίτσα – Κολώνας | Εικόνες Αγίων | Είδη Κοιμητηρίου | Εκκλησιαστικά Είδη | Εκκλησιαστικά Ξυλόγλυπτα | Λουλούδια Για Μνήματα | Κεριά Εκκλησίας | Νέες Παραλαβές! | TOP Κατηγορίες προϊόντων | ΕΙΚΟΝΕΣ ΑΓΙΩΝ | ΣΕ ΦΥΣΙΚΟ ΞΥΛΟ | ΛΑΜΠΕΣ ΠΑΡΑΦΙΝΕΛΑΙΟΥ | ΜΕΓΑΛΗ ΠΟΙΚΙΛΙΑ ΣΕ ΤΕΧΝΙΤΑ ΑΝΘΗ – ΦΥΤΑ | Ευαγγέλιο Σμάλτο Α΄ Κομματιαστό Βελούδο Μπορντό (102-01) | Μπαστούνι Σκαλιστό Σπαστό Δίχρωμο (135-13DSP) + Βαλίτσα | Παραφινέλαια | Καντιλόκουπες | Κεριά Διαρκείας | Τεχνιτά – Άνθη Φυτά | Κερία,
cmta1k7qi00k6q8iytw0avvi7,Elegance,Δωροκάρτα,https://elegance.gr/product/giftcard/,https://elegance.gr,200,Δωροκάρτα - elegance.gr,,Δωροκάρτα | Icon Box | Custom HTML | Newsletter | Αναζήτηση | Login | Κοινοποίηση | Καλάθι | Προσθήκη στο καλάθι,200,Elegance.gr | Γυναικεία Εσώρουχα & Μαγιό από το 1977,"Η Elegance Μουφτόγλου Α.Ε από το 1977 φέρνει στη Θεσσαλονίκη και σε όλη την Ελλάδα πολυτελή γυναικεία εσώρουχα, πιτζάμες, loungewear και μαγιό από κορυφαία διεθνή brands.",elegance.gr | Maaji | Primadonna | Shop By Category | Elegance Gift Card | BIG CUP EXPRETS | SARDA | Some Of Our Favorites | Madison Long Line Plunge Bra | Efforia Padded Deep Plunge Bra | Sevas Deep Plunge Balconette | Alalia Plunge Bra | Summer Collection | Lacey Bikini | Isla Bikini | Cosmos Crop Top | Αυθεντικά Premium Προϊόντα | Πιστοποιημένα Υφάσματα | Για Κάθε Σώμα - Κάθε Καμπύλη | 50 Χρόνια Εμπειρίας | Newsletter | Αναζήτηση | Login | Καλάθι,
cmta1i4s700b8q8iy5xesqkh9,Elegancy,Elegancy Gift Card,https://www.elegancy.gr/gift-card,https://elegancy.gr,200,Gift Card | Elegancy,"Χαρίστε μια Gift Card Elegancy και προσφέρετε το ιδανικό δώρο ομορφιάς. Επιλέξτε ποσό και χαρίστε εμπειρίες περιποίησης, tattoo φρυδιών, βλεφαρίδες και premium beauty υπηρεσίες.",Elegancy Gift Card,200,"Elegancy | Τατουάζ φρυδιών | Λεωφόρος Λυκούργου 127, Σπάρτη, Greece",Μόνο στο Elegancy Τατουάζ φρυδιών LatinBrows & Powderbrows | Τατουάζ χειλιών Pmulips | Browlamination | Χένα φρυδιών Phi-henna | Σχηματισμός και καθαρισμός φρυδιών | LashLift & Botoxtint,"Καλωσήρθατε στο Elegancy ! Το πρώτο κατάστημα για Τατουάζ φρυδιών Latinbrows σε όλη την Πελοπόννησο, μόνο στην Σπάρτη. | Υπηρεσίες | Η ιστορία μας | Follow Us | Τατουάζ φρυδιών Επικοινωνία",
cmta1mxa000uuq8iyl8z18jfw,Elephantstore,Elephantstore Gift Card,https://www.elephantstore.gr/products/gift-card,https://elephantstore.gr,200,Gift Card – Elephant Store,Shopping for someone else but not sure what to give them? Give them the gift of choice with an Elephant Store gift card. Gift cards are delivered by email and contain instructions to redeem them at checkout. Our gift cards have no additional processing fees.,Gift Card | Related Products | Quick Shop | Information | User Account | Contact Us,200,"Elephant Store - Gifts, Apparel & Accessories","The Elephant Store is a unique concept store in Chania - Crete, with 3 branches - in Chania Old Town, Platanias and Agia Marina. At our shops you will find a large collection of hand-picked items at competitive prices!",New Arrivals | Accessories | Clothing | Living | Stationary | Quick Shop | Information | User Account | Contact Us,
cmta1i6dl00beq8iybqfqttuj,Erero,Erero Gift Card,https://erero.gr/,https://erero.gr,200,Erero,Erero,Erero | Το καλάθι σας είναι κενό | Δωρεάν μεταφορικά | Έκπτωση 5€ | 2170003968 | Ασφαλείς συναλλαγές | Νέες Αφίξεις | Μάξι βραδινό φόρεμα σε εφαρμοστή γραμμή - Μαύρο | Μάξι βραδινό φόρεμα σε εφαρμοστή γραμμή - Μπορντό | Μάξι βραδινό φόρεμα σε εφαρμοστή γραμμή - Κίτρινο | Oversized denim jacket με ασύμμετρο κλείσιμο - Σκούρο Μπλε | Denim midi dress με ρυθμιζόμενες τιράντες | Βαμβακερό LUMINA T-shirt ΠΡΟΣΦΟΡΑ 2+1 | Oversized denim jacket με ασύμμετρο κλείσιμο - Ανοιχτό μπλε | Oversized denim jacket με ασύμμετρο κλείσιμο - Ροζ | Oversized denim jacket με ασύμμετρο κλείσιμο - Κρεμ | Oversized denim jacket με ασύμμετρο κλείσιμο - Κίτρινο | Midi φόρεμα με ρυθμιζόμενες τιράντες - Μπλε Ηλεκτρίκ | Midi φόρεμα με ρυθμιζόμενες τιράντες - Χακί | Midi φόρεμα με ρυθμιζόμενες τιράντες - Λιλά | Midi φόρεμα με ρυθμιζόμενες τιράντες - Μπεζ | Midi φόρεμα με ρυθμιζόμενες τιράντες - Πράσινο | Midi φόρεμα με ρυθμιζόμενες τιράντες - Μαύρο | View All,200,Erero,Erero,Erero | Το καλάθι σας είναι κενό | Δωρεάν μεταφορικά | Έκπτωση 5€ | 2170003968 | Ασφαλείς συναλλαγές | Νέες Αφίξεις | Μάξι βραδινό φόρεμα σε εφαρμοστή γραμμή - Μαύρο | Μάξι βραδινό φόρεμα σε εφαρμοστή γραμμή - Μπορντό | Μάξι βραδινό φόρεμα σε εφαρμοστή γραμμή - Κίτρινο | Oversized denim jacket με ασύμμετρο κλείσιμο - Σκούρο Μπλε | Denim midi dress με ρυθμιζόμενες τιράντες | Βαμβακερό LUMINA T-shirt ΠΡΟΣΦΟΡΑ 2+1 | Oversized denim jacket με ασύμμετρο κλείσιμο - Ανοιχτό μπλε | Oversized denim jacket με ασύμμετρο κλείσιμο - Ροζ | Oversized denim jacket με ασύμμετρο κλείσιμο - Κρεμ | Oversized denim jacket με ασύμμετρο κλείσιμο - Κίτρινο | Midi φόρεμα με ρυθμιζόμενες τιράντες - Μπλε Ηλεκτρίκ | Midi φόρεμα με ρυθμιζόμενες τιράντες - Χακί | Midi φόρεμα με ρυθμιζόμενες τιράντες - Λιλά | Midi φόρεμα με ρυθμιζόμενες τιράντες - Μπεζ | Midi φόρεμα με ρυθμιζόμενες τιράντες - Πράσινο | Midi φόρεμα με ρυθμιζόμενες τιράντες - Μαύρο | View All,
cmta1fsu3003jq8iy5qqq6jin,Ergaleiogatos,30 EUR,https://www.ergaleiogatos.gr/shop/doroepitagi/,https://ergaleiogatos.gr,200,Δωροεπιταγή - Ergaleiogatos.gr,"Δωροεπιταγή, Εργαζόμενοι, Ειδών Χειροτεχνίας, Εργαλεία, Τσοχάκια, Ροδάκια Επίπλων, Συρματόσχοινα, Αεροστοπ Πόρτας, Παραθύρων, Καλύμματα Δαπέδων, Καθαρισμός Τζακιού, Μαντηλάκια Καθαριότητας, Καθαριστές Δαπέδου, Σκούπες, Κοντάρια, Συρματόβουρτσες, Βούρτσες Χειρός, Χαλάκια Εισόδου, Κατσαβιδίερες, Δράπανα, Καρυδάκια",Προϊόντα | Κηπουρική | Όχημα - Σκάφος | Κλάδεμα – Κοπή Ξύλων | Αγρός - Καλλιέργειες | Ταράτσα - Σκεπή | Γκαράζ - Barbeque | Πότισμα | Αυλή - Μπαλκόνι | Μπάνιο | Τζάκι - Θέρμανση | Πόρτες | Χώροι Διαβίωσης | Κουζίνα | Πάτωμα - Οροφή | Οικιακά | Παράθυρα - Τζάμια | Προστασία | Μέτρηση | Σήμανση | Εξοπλισμός | Καθαριότητα | Ανύψωση | Συσκευασία,200,Αρχική - Ergaleiogatos.gr,Τα καλύτερα Εργαλεία και Είδη Προστασίας Δες όλα τα προϊόντα Γίνε Έξυπνος Μάστορας Δες τα προϊόντα Μην χάσεις τις Προσφορές […],Προϊόντα | Κηπουρική | Όχημα - Σκάφος | Κλάδεμα – Κοπή Ξύλων | Αγρός - Καλλιέργειες | Ταράτσα - Σκεπή | Γκαράζ - Barbeque | Πότισμα | Αυλή - Μπαλκόνι | Μπάνιο | Τζάκι - Θέρμανση | Πόρτες | Χώροι Διαβίωσης | Κουζίνα | Πάτωμα - Οροφή | Οικιακά | Παράθυρα - Τζάμια | Προστασία | Μέτρηση | Σήμανση | Εξοπλισμός | Καθαριότητα | Ανύψωση | Συσκευασία,
cmtb7i31b001404iy197cb72x,Eureka Athens,Eureka Athens Gift Card,https://eurekathens.com/athens-gift-card/,https://eurekathens.com,200,Gift card -,"EUREKA ATHENS GIFT CARD Treat your loved ones to an unforgettable tour! Whether you are celebrating a special occasion such as birthday, anniversary, Mother's day or you just want to make a gift to your loved ones, Eureka Athens's experiences are the perfect gift you are searching for! Buy a gift card FAQ What type",Gift card | EUREKA ATHENS GIFT CARD | Treat your loved ones to an unforgettable tour! | Payments Accepted | Contact Info | Gnto License: 0260E70000753001 | Be Social,200,Athens Walking Tours & Day Trips — Eureka Athens,"Discover Athens like a local — walking tours, food experiences, cultural day trips & tailored excursions with expert guides. Book your adventure!",JOIN OUR ATHENS WALKING TOURS AND EXPERIENCE ATHENS LIKE A LOCAL | Why Eureka Athens? | Athens for food lovers | Athens for culture seekers | Unique day trips | View Our Tours | ATHENS SEASIDE FOR FAMILIES | NEMEA WINERY AND NAFPLION | Lake Vouliagmeni and massage tour | ATHENS EPIDAURUS CRUISE | PRIVATE NATIONAL ARCHAEOLOGICAL MUSEUM TOUR | SHOP TIL' YOU DROP IN ATHENS WALKING TOUR | ATHENS WITH KIDS | BEST OF ATHENS IN A DAY WALKING TOUR | Olive harvesting experience | Athens Democracy Unveiled tour | OTTOMAN HERITAGE OF ATHENS WALKING TOUR | ATHENS BY THE SEA WALKING TOUR (SEAFRONT MEAL INCLUDED) | EXARCHEIA WALKING TOUR | ATHENS MYTHOLOGY TOUR | Olive oil farm and winery visit and tasting from Athens | ATHENS STREET ART TOUR | EVIA WINE TOUR & WINE SPA TREATMENT | Cape Sounion and Athens Riviera Private Sunset tour,
cmta1i86000bmq8iy5atelyii,Eyemazing,Ψηφιακή δωροκάρτα Eyemazing - Χωρίς κατηγορία,https://eyemazing.gr/,https://eyemazing.gr,403,Just a moment...,,,403,Just a moment...,,,HTTP_403 | HTTP_403
cmta4ygt70015sciy7ka9te7j,Fairytale,Fairytale Gift Card,https://fairytale.com.gr/en/product/fairytale-gift-card/?srsltid=AfmBOor8Ibifq_G5Z787tkZNY5Tl6yhx9lujOGDrW4OnG-Azk2KUCE52,https://fairytale.com.gr,200,Fairytale Gift Card | Fairytale Athens Shop,Δωροκάρτα αξίας 30€ για εξαργύρωση σε όλα τα παραμυθένια μας καταστήματα.,Fairytale Gift Card | Worth a try | Related products | Fluffy T-shirt | The Hohoho Mystery Christmas Box | Candle Roses Teddy Bear | Fairytale Mug | Follow us | Book your event | Book your table,200,Fairytale Café | Welcome to the most instagrammable place in Athens,"Καλωσήρθατε στο πιο instagrammable καφέ & brunch της πόλης. Τo Fairytale Athens, σας περιμένει στο κέντρο της Αθήνας, στη Νέα Φιλαδέλφεια και στο Χαλάνδρι.",Where magic gets real... | Live an immersive experience... | Follow us | Book your event | Book your table,
cmta1i8n300boq8iydt4qw67b,Fantasea,Δωροεπιταγή 100,https://www.fantasea.gr/product/doroepitagi-30-1032/,https://fantasea.gr,200,Δωροεπιταγή 30€ - Fantasea,Δωροεπιταγή αξίας 30€.,Δωροεπιταγή 30€ | Εταιρία | VARIOUS | Σχετικά προϊόντα | Tusa RS520 | Tusa RS340 | Tusa RS460II | Πυξίδα SCA-160 | Aquastretch 2χιλ. – 4χιλ. | Βέργα τριγωνική | Εξωτικό ψάρι λαιμού | Torpedo | Sign in,200,"Fantasea, all about sea!","All about sea! Εξοπλισμός για κατάδυση, υποβρύχιο ψάρεμα, ψάρεμα επιφανείας, ιστιοπλοϊα, surf, sup, κανό, καγιάκ, jetski, τρίαθλο, κολύμβηση και σκάφος.",CANOE / KAYAK / SUP (362) | WATERSKI / WAKEBOARD / JETSKI (230) | ΘΑΛΑΣΣΙΑ ΠΑΙΧΝΙΔΙΑ (187) | eFOIL / SEASCOOTERS (68) | ΥΠΟΒΡΥΧΙΟ ΨΑΡΕΜΑ (625) | ΨΑΡΕΜΑ ΕΠΙΦΑΝΕΙΑΣ (155) | ΚΑΤΑΔΥΣΗ (626) | SNORKELING (69) | ΚΟΛΥΜΒΗΣΗ (385) | ΤΡΙΑΘΛΟ (67) | ΙΣΤΙΟΠΛΟΙΑ (174) | ΣΚΑΦΟΣ (352) | ΕΙΔΗ ΠΑΡΑΛΙΑΣ (4) | ΔΙΑΦΟΡΑ (239) | * SUPER ΠΡΟΣΦΟΡΕΣ (33) | Sign in,
cmtb774sd0013dkiy6s1lutst,Feed Me,Feed Me Gift Card,https://www.feedmepetshop.gr/%CE%B4%CF%89%CF%81%CE%BF%CE%BA%CE%AC%CF%81%CF%84%CE%B1-giftcard-25e/,https://feedmepetshop.gr,200,Δωροκάρτα / Giftcard 25€ - Feed Me - Pet Shop Θεσσαλονίκη,"Η παρούσα κάρτα έχει ισχύ 5 χρόνια και μπορεί να χρησιμοποιηθεί μόνο για αγορές στο κατάστημα Feed Me-Pet Shop - Γυμνασιάρχου Κωνσταντίνου Μικρού 30, Τ.Κ. 54250, Θεσσαλονίκη ή για αγορές από το ηλεκτρονικό κατάστημα www.feedmepetshop.gr","Δωροκάρτα / Giftcard 25€ | Δωροκάρτα / Giftcard 15€ | Δωροκάρτα / Giftcard 50€ | Δωροκάρτα / Giftcard 100€ | Kudo Senior & Light Turkey & Duck 12kg | N&D ANCESTRAL GRAIN OCEAN ADULT CODFISH & ORANGE MEDIUM/MAXI 12kg | Brit Care Senior Lamb & Rice 3kg | N&D Dog Tropical Selection Chicken Adult Medium & Maxi 2kg | CIBAU SENSITIVE FISH MINI 2,5KG",200,Feed Me - Pet Shop στην Θεσσαλονίκη. Αποστολές πανελλαδικά!,Feed Me: Το δικό σου Online Pet Shop στην Θεσσαλονίκη. Αποστολές πανελλαδικά - ΔΩΡΕΑΝ ΜΕΤΑΦΟΡΙΚΑ ΕΝΤΟΣ ΘΕΣΣΑΛΟΝΙΚΗΣ,POOP BAGS – 15τμχ | A SPIRIT HAM BONE – ΚΟΚΑΛΟ ΑΠΟ ΠΡΟΣΟΥΤΟ 140GR | POOP BAGS – 20τμχ/ρολό | Dingo chicken & daily 3kg | Bio Band Beaphar Αντιπαρασιτικό Περιλαίμιο Σκύλο 65cm | MOMENTS ΛΙΧΟΥΔΙΑ ΒΟΛΤΑΣ / ΓΑΛΟΠΟΥΛΑ 60GR | Dingo chicken & daily 12kg | MOMENTS ΛΙΧΟΥΔΙΑ ΒΟΛΤΑΣ / ΧΟΙΡΙΝΟ 60GR | Dingo lamb & daily 3Kg | Pet Corrector 200ml | N&D ANCESTRAL GRAIN ADULT CHICKEN & POMEGRANATE MEDIUM/MAXI 12kg | REPELI SPRAY 500ml – ΑΝΤΙΠΑΡΑΣΙΤΙΚΟ ΣΠΡΕΙ ΓΙΑ ΣΚΥΛΟΥΣ ΚΑΙ ΓΑΤΕΣ | Λιχουδιές Γάτας Pet Interest On The Go Chicken Jelly 15gr | Λιχουδιές Γάτας της Pet Interest On The Go Tuna Jelly 15gr | Oasy Φυτική Άμμος Γάτας Tofu με άρωμα red berries 6lt | Velour Mice | Λιχουδιά Γάτας Pet Interest On The Go Bonito Jelly Cat 15gr | WELLFED STERILISED BEEF & SALMON 200gr | Tooth Gel – 100gr | Aegean Άμμος Γάτας Baby Powder Clumping 10kg | Fuzzeez ball | N&D ANCESTRAL GRAIN NEUTERED CHICKEN & POMEGRANATE 1.5kg | WELLFED INTESTINAL CARE ΜΕ ΓΑΛΟΠΟΥΛΑ ΓΙΑ ΣΤΕΙΡΩΜΕΝΕΣ ΓΑΤΕΣ 200GR | Pet Shop – Θεσσαλονίκη,
cmta1n1gn00vaq8iypcugwv32,Feelcar,Feelcar Gift Card,https://feelcar.gr/product/dorokarta/,https://feelcar.gr,200,Δωροκάρτα - FEELCAR,,Δωροκάρτα | Αξιολογήσεις | FEELCAR | ΓΥΝΑΙΚΕΙΑ ΑΞΕΣΟΥΑΡ ΑΥΤΟΚΙΝΗΤΟΥ,200,HOME - FEELCAR,FEELCAR.GR STYLE UP YOUR CAR FASHION CAR ACCESSORIES ΔΩΡΕΑΝ ΜΕΤΑΦΟΡΙΚΑ ΓΙΑ ΑΓΟΡΕΣ 50 ΕΥΡΩ ΚΑΙ ΑΝΩ ΠΛΗΡΩΜΕΣ ΣΕ ΑΣΦΑΛΕΣ ΠΕΡΙΒΑΛΛΟΝ,FEELCAR.GR | STYLE UP YOUR CAR | FASHION CAR ACCESSORIES | ΔΩΡΕΑΝ ΜΕΤΑΦΟΡΙΚΑ | ΠΛΗΡΩΜΕΣ ΣΕ ΑΣΦΑΛΕΣ ΠΕΡΙΒΑΛΛΟΝ | +30. 6909619584 | Τραπεζάκι Αυτοκινήτου Μπλε Having Fun | Τραπεζάκι Αυτοκινήτου Φούξια Having Fun | 1 Organizer αυτοκινήτου με αναδιπλούμενο ράφι Μαύρο Make it right | HOTTEST | categories | 2 Σουβέρ “Δεν θα μου Μιλάει Κανείς” | Μπρελόκ Κλειδιών Pom Pom Γαλάζιο | Κρεμαστό Διακοσμητικό Αυτοκινήτου Σκυλάκι 1 | FEELCAR | ΓΥΝΑΙΚΕΙΑ ΑΞΕΣΟΥΑΡ ΑΥΤΟΚΙΝΗΤΟΥ,
cmta1i93400bqq8iyekp0bc5g,Fisika,E-Gift Card - Fisika,https://fisika.gr/gifts/gift-vouchers/,https://fisika.gr,200,Gift Vouchers - Fisika,,Login | Register,200,Natural Skincare Products | Eco-Friendly & 100% Natural | Fisika,"Discover Fisika’s eco-friendly, 100% natural skincare products, including nourishing soaps, oils, and creams. Crafted with sustainably sourced, pure ingredients to promote radiant, healthy skin. Experience holistic skincare solutions that embrace nature’s best. Shop now for glowing results!",Dry skin? | GO FROM DULL TO SOFT & COZY | Are you looking for | things to do in Crete? | Discover | which serum your skin will love most | True story | “This is the ONLY cream that doesn’t irritate my chronic eczema-prone skin” | SAVE UP TO 30% | with our bundles | Start here | olive oil is our grandma’s secret | Discover the benefits for your skin! | Explore our range by concern | For dry & tight skin | For graceful ageing | For sensitive skin | For acne-prone skin | Looking for authentic things to do in Chania? | Lift & Glow ritual guided experience | Creative soap workshop | Olive oil skincare experience | Live soap making show | Meet our Hero product,
cmta1lldv00pqq8iyvvgnzsz2,Floky,Gift Card Floky,https://floky.gr/products/gift-card-floky,https://floky.gr,200,Κάρτα Δώρου Floky,"Ψάχνετε το τέλειο δώρο για έναν φίλο ή μέλος της οικογένειας, αλλά δεν είστε σίγουροι τι να επιλέξετε; Η Δωροκάρτα μας είναι η ιδανική λύση! Είναι ένας εξαιρετικός τρόπος να κάνετε χαρούμενους τους αγαπημένους σας, επιτρέποντάς τους να επιλέξουν ακριβώς αυτό που θέλουν!",Κάρτα Δώρου Floky,200,Floky Greece,,Floky Greece | Βελτιώστε την απόδοσή σας με τη βιομηχανική τεχνολογία της Floky | ΠΡΟΪΟΝΤΑ | ΣΧΕΔΙΑΣΜΕΝΟ ΓΙΑ ΚΑΘΕ ΑΝΑΓΚΗ | ΑΘΛΗΤΙΣΜΟΣ | ΠΡΕΣΒΕΥΤΕΣ | ΠΟΙΟΣ ΕΧΕΙ ΗΔΗ ΕΠΙΛΕΞΕΙ ΤΟΝ FLOKY | ΒΙΟΜΗΧΑΝΙΚΑ ΠΡΟΪΟΝΤΑ | ΕΦΑΡΜΟΣΜΕΝΗ ΒΙΟΜΗΧΑΝΙΚΗ ΣΤΟ ΑΝΘΡΩΠΙΝΟ ΣΩΜΑ | Εγγραφείτε στο ενημερωτικό δελτίο,
cmtb62hqq000f94iyv9s6defo,Fluffyhugs,Δωροκάρτα,https://fluffyhugs.gr/product/giftcard/,https://fluffyhugs.gr,200,Δωροκάρτα - Fluffy Hugs,,Δωροκάρτα | Σύνδεση | Εγγραφή,200,Fluffy Hugs | Χειροποίητα Βρεφικά Είδη,"Ανακαλύψτε τα χειροποίητα βρεφικά προϊόντα μας, φτιαγμένα με αγάπη και φροντίδα για τους μικρούς σας θησαυρούς. Η συλλογή μας περιλαμβάνει μια ποικιλία μοναδικών προϊόντων, καθένα προσεκτικά δημιουργημένο για να προσφέρει άνεση, στυλ και ζεστασιά στον κόσμο του μωρού σας.",εξερευνησε τη συλλογη μασ | 100% Handmade | Ποικιλία | Πιστοποίηση OEKO-TEX | Custom προϊόντα | Ασφαλείς συναλλαγές | Γρήγορη αποστολή | Value for Money | Ποιοι είμαστε | Δεν μπορείτε να αποφασίσετε τι δώρο να πάρετε; | Εξατομικευμένες Παραγγελίες | ΒΡΕΙΤΕ ΜΑΣ και στο instagram | Σύνδεση | Εγγραφή,
cmta1lltq00psq8iy75r8f0k5,Forall,Forall Gift Card,https://www.forall.com.gr/gift-card,https://forall.com.gr,200,Δωροκάρτα,Τι είναι η δωροκάρτα; Μια δωροκάρτα είναι σαν ένα ψηφιακό ή φυσικό κουπόνι που μπορείς ...,Δωροκάρτα,200,"Παιδικά Αυτοκίνητα, Ποδήλατα, Παιχνίδια, ...","Παιδικά Αυτοκίνητα, Ποδήλατα, Παιχνίδια, Χλοοτάπητες",,
cmta1lue100qoq8iyzojkwbcq,Forward,Gift Voucher,https://www.forward.gr/product/gift-voucher/,https://forward.gr,200,Gift Voucher,Still looking for gift ideas? Skip the stress with a Forward gift card. Our gift cards can be redeemed online and in our stores. Simply choose the desired amount and decide between a physical gift card and a PDF gift card. The perfect gift for friends or family is ready!,Free Domestic shipping on orders from 100€. | up to 60% off all clearance collection! Discover now! | Gift Voucher | Contact info | Location,200,Home of premium Brands,,Free Domestic shipping on orders from 100€. | up to 60% off all clearance collection! Discover now! | WETSUITS FOR ALL | HATCH YOUR RIDE | foilBOARDS | Featured ProductS | PERFORMANCEDURABILITY VALUE | hot products | CHOOSE YOUR SPORT | WINDSURF | KITESURF | WING FOIL | SUP+SURF | SNOWBOARD | FREE SKI | TICK TOCK | Contact info | Location,
cmta1gmek006cq8iydgmxqz91,Fotiadou Shop,Προσφορές: Δωροκάρτα,https://fotiadou-shop.gr/offers/gift-card.html,https://fotiadou-shop.gr,200,Προσφορές: Δωροκάρτα,Δωροκάρτα Προσφορές,ΚΑΤΗΓΟΡΙΕΣ | Δωροκάρτα | Χρησιμες Πληροφοριες | Τα Καταστηματα μας | Κατηγορίες,200,Fotiadou Shop - Home,Λευκά είδη - υφάσματα - υφάσματα επιπλώσεων - είδη σκίασης Δυνατότητα αντικαταβολής - άτοκες δόσεις με πιστωτική κάρτα-προσφορές εώς 60%,NNew Products | SSuggested Products | ΥΠΝΟΔΩΜΑΤΙΟ | ΣΑΛΟΝΙ | ΚΟΥΖΙΝΑ | ΜΠΑΝΙΟ | ΠΑΙΔΙΚΑ - BEBE | ΚΟΥΡΤΙΝΕΣ | ΚΟΥΡΤΙΝΟΞΥΛΑ | ΧΑΛΙΑ - ΠΑΤΑΚΙΑ | ΤΑΠΕΤΣΑΡΙΕΣ | ΕΠΟΧΙΑΚΑ | ShopBlog | Τι είναι το Mulberry Silk; | Σμαράγδι - Emerald Green - Ιδέες Διακόσμησης | Χρησιμες Πληροφοριες | Τα Καταστηματα μας | Κατηγορίες,
cmtb62iiy000j94iy06vaeu26,Frati,Frati Gift Card,https://www.frati.gr/shop/dora-gift-cards/gift-cards/?srsltid,https://frati.gr,200,Gift Card - I Frati Delicatessen - Cantinetta Di Frati,"Το ιδανικό δώρο για κάθε περίσταση, οποιαδήποτε στιγμή. Με άμεση παράδοση στο ηλεκτρονικό ταχυδρομείο του παραλήπτη. Η Αποστολή της δωροκάρτας πραγματοποιείται σε 3 βήματα: Επιλέξτε την αξία της κάρτας από 30 έως το ποσό που επιθυμείτε. Πληκτρολογήστε το προσωπικό σας μήνυμα προς τον παραλήπτη, καθώς και τα στοιχεία επικοινωνίας του. Αφότου εξοφλήσετε την παραγγελία, θα αποστείλουμε άμεσα τα στοιχεία της ψηφιακής κάρτας στον παραλήπτη μέσω email. Η δωροκάρτα έχει ισχύ 3 μήνες από την στιγμή της έκδοσης της.",Gift Card | Ορίστε ένα ποσό | Στοιχεία παράδοσης | Σχετικά προϊόντα | Σύνδεση,200,I Frati Delicatessen - Cantinetta Di Frati - Κάβα Τυριά Αλλαντικά Ιχθυρά Αρτοποιήματα Γλυκά,"Αγοράστε online και ταξιδέψτε στο μαγικό κόσμο της γαστρονομίας. Εκλεκτά είδη όπως ζυμαρικά, σάλτσες, τρούφες, κρασιά και αποστάγματα από κάθε γωνιά της Γης.",Σύνδεση,
cmta5noft000n54iyyotz6yw5,Fuel,Fuel Gift Card,https://www.fuel.com.gr/en/about-gift-cards,https://fuel.com.gr,200,Fuel Gift Card,"Don't rack your brain trying to come up with the perfect gift! Fuel Gift Card can be transformed into exactly what your friends, girlfriend, boyfriend, mom or dad wants!",SEARCH | ABOUT E-GIFT CARD | SEND A FUEL GIFT CARD | HOW TO USE YOUR GIFT CARD | JOIN OUR NEWSLETTER | INFORMATION | ABOUT US | CONTACT | ATHENS STORE,200,Welcome to Füel,"Fuel - Online sneaker store featuring the latest sneakers from Nike, Adidas, Jordan... & Streetwear brands like Stussy, Undefeated, Publish ...",ΑΝΑΖΗΤΗΣΗ | FUEL TOTE BAGS | MEN / RECENT ARRIVALS / SEE MORE_ | ASICS GEL-KAYANOEXPLORE NOW | ASICS GEL-NIMBUSEXPLORE NOW | SALOMON XT-6EXPLORE NOW | SALOMON XT-4EXPLORE NOW | ΝΙΚΕ SHOXEXPLORE NOW | VANS OLD SKOOLEXPLORE NOW | ANIMAL PRINT | WOMEN / RECENT ARRIVALS / SEE MORE_ | ΕΓΓΡΑΦΕΙΤΕ ΣΤΟ NEWSLETTER | ΠΛΗΡΟΦΟΡΙΕΣ | ΣΧΕΤΙΚΑ ΜΕ ΕΜΑΣ | ΕΠΙΚΟΙΝΩΝΙΑ | ΚΑΤΑΣΤΗΜΑ ΑΘΗΝΑΣ,
cmta1iast00byq8iyu8sip87d,Gabi,Gift Card - Gabi,https://gabi.gr/products/gift-card,https://gabi.gr,200,Gift Card – Gabi,Το καλύτερο δώρο για τους αγαπημένους σου είναι μια Gift Card … για να πάρουν αυτό που πραγματικά έχουν ανάγκη! [split] Wanting to buy a gift but not sure what to get? Select a Gift Card which is delivered by email to you to pass on and contains instructions to redeem it at checkout. Our Digital Gift Cards have no add,Γλώσσα | Gift Card | Gabi Grupe - Κανελλοπούλου | Newsletter,200,"gabi.gr Ένα e-shop με προϊόντα για εγκύους, μαμάδες και μωράκια. – Gabi","gabi.gr, ρούχα εγκυμοσύνης, υφασμάτινες πάνες, ρούχα θηλασμού, σουτιέν θηλασμού, μαγιό εγκυμοσύνης, μουσικά μενταγιόν, λευκοί ήχοι, μαγιό για εγκύους","Γλώσσα | a natural mommy & baby shop | Όλα έτοιμα για τον παιδικό σταθμό! | Δοκιμασμένα ποιοτικά προϊόντα για σας και το μωρό σας! | Καινοτόμα Ασφαλή Βιώσιμα Προϊόντα | 📢 Sale Sale Sale | ΒΡΕΦΟΣ ΚΑΙ ΝΕΟΙ ΓΟΝΕΙΣ | Μάρσιποι | Λευκοί Ήχοι | Αιώρες | Mionido | Gabi Grupe - Κανελλοπούλου | Χρήσιμα δώρα για μέλλουσες μαμάδες και μωράκια! | Τρίκυκλο Ποδήλατο Liki Trike S3 Doona 'Slate Green' | Testimonial header | New in | New In | Our Brands | Μαρια Θωμαιδου | Jacqueline Floyd | Κατερίνα Χαντζάρα | 'Αρθρα και συμβουλές | Ωτοασπίδες για μωρά και νήπια: Είναι πραγματικά απαραίτητες; Όσα πρέπει να γνωρίζουν οι γονείς | Βρεφικοί Κολικοί: Πώς να Ανακουφίσετε το Μωρό σας με Μασάζ, Ζεστασιά και Μια Ήρεμη Ρουτίνα",
cmta4yi6v001bsciyp7vwf5ct,Gasmoto,e-Gift Card ΑΠΟ GAS Motosport Culture,https://www.gasmoto.gr/en/e-gift-card-from-gas-motosport-culture?srsltid=AfmBOop_daiyY4vi9TYPALI6LZR9FiExjo8Wr65h9YxWssjno8ylHpc5,https://gasmoto.gr,200,e-GiftCard-GASmoto,e-GiftCard-GASmoto. Price: - Free shipping for orders over € 50! Official dealer,e-Gift Card ΑΠΟ GAS Motosport Culture | ABUS | AGV Helmets | AIROH | ALPINESTARS | BARRACUDA | BUFF | BURTON | CARDO | DAINESE | FORMA | FOX | GIVI | HELD | MT HELMETS | MUC-OFF | NORDCODE | QUIKSILVER | REVIT | SHOEI | SW-MOTECH | ACERBIS | HJC | INTERPHONE,200,GAS Motosport Culture | gasmoto.gr,"GAS Motosport Culture – Εξοπλισμός μοτοσυκλέτας από τα κορυφαία brands. Κράνη, Ρούχα, Γάντια, Μπουφάν, Ισοθερμικά & Αδιάβροχα μηχανής. ALPINESTARS, DAINESE, AGV, REVIT, NOLAN, MT, NORDCODE. Ποιότητα, στυλ και προστασία για κάθε αναβάτη.",Καλως ήρθες στο GAS Motosport culture - GAS Moto - gasmoto.gr | BMW | Ducati | Honda | Kawasaki | KTM | Suzuki | Yamaha | Ρούχα Casual & Αξεσουάρ Εκπτώσεις | Αξεσουάρ Ένδυσης | Ρούχα Αντρικά | ABUS | AGV Helmets | AIROH | ALPINESTARS | BARRACUDA | BUFF | BURTON | CARDO | DAINESE | FORMA | FOX | GIVI | HELD,
cmtb62jba000n94iyr2xf03bd,Gbroofgarden,Δωροεπιταγές,https://www.gbroofgarden.gr/el/gift-vouchers,https://gbroofgarden.gr,403,Access Denied,,Access Denied,403,Access Denied,,Access Denied,HTTP_403 | HTTP_403
cmtb62jq0000p94iyt5d2mzss,Ggio,Gift Cards,https://ggio.gr/product-category/gift-cards/,https://ggio.gr,200,Gift Cards - GGIO,,Login,200,Women Swimwear - Exclusively Online - GGIO,Stylish women's swimwear. Comfortable bikinis and One piece to style your look. FREE delivery available.,NEW COLLECTION | SWIMWEAR | BEACHWEAR | Subscribe to Get 10% on your first order! | Login,
cmta1ib7s00c0q8iydisho748,Giannopoulos,Giannopoulos Gift Card,https://giannopoulos.gr/,https://giannopoulos.gr,200,"Giannopoulos | Επώνυμη Μόδα, Παπούτσια & Αξεσουάρ – GIANNOPOULOS.GR","Ανακαλύψτε επώνυμη ανδρική και γυναικεία μόδα, παπούτσια, τσάντες και αξεσουάρ στο Giannopoulos.",Γλώσσα | GIANNOPOULOS.GR | New Arrivals | Sales | Ανδρικό πόλο με το λογότυπο του Karl Lagerfeld | Λευκό | Ralph Lauren: Το εμβληματικό πόλο με πλέγμα | Χρώμα: Κιβί Λάιμ | Ralph Lauren: Το εμβληματικό πόλο με πλέξη | Κόκκινο | Ralph Lauren Custom Fit ριγέ λινό πουκάμισο | Ροζ/λευκό | Μίνι φόρεμα Karl Lagerfeld με λεπτομέρεια γραβάτας | Μαύρο | Μακρύ φόρεμα PennyBlack | Αστακός | Γυναικείο πουκάμισο Ralph Lauren με ρίγες από πλεκτό ύφασμα | Μπλε/Λευκό | Shop the look | Featured products | MC2 Saint Barth Comfort Light Road to Forte Μαγιό | Ροζ | MC2 Saint Barth Lighting Μαγιό Pantone | Μαύρο | MC2 Saint Barth Μπικίνι και σλιπ | Λεοπάρδαλη | Featured collection | SS26 | Ανδρικό πόλο La Martina Essential με ελαστικό ύφασμα πικέ και κανονική γραμμή | Κίτρινο Empire | Γυναικείο πόλο La Martina από ελαστικό πικέ με γράμματα στο εσωτερικό του γιακά | Κίτρινο Empire | TED BAKER | Polo Ralph Lauren | Ralph Lauren Γυναικεία | PAUL SHARK,200,"Giannopoulos | Επώνυμη Μόδα, Παπούτσια & Αξεσουάρ – GIANNOPOULOS.GR","Ανακαλύψτε επώνυμη ανδρική και γυναικεία μόδα, παπούτσια, τσάντες και αξεσουάρ στο Giannopoulos.",Γλώσσα | GIANNOPOULOS.GR | New Arrivals | Sales | Ανδρικό πόλο με το λογότυπο του Karl Lagerfeld | Λευκό | Ralph Lauren: Το εμβληματικό πόλο με πλέγμα | Χρώμα: Κιβί Λάιμ | Ralph Lauren: Το εμβληματικό πόλο με πλέξη | Κόκκινο | Ralph Lauren Custom Fit ριγέ λινό πουκάμισο | Ροζ/λευκό | Μίνι φόρεμα Karl Lagerfeld με λεπτομέρεια γραβάτας | Μαύρο | Μακρύ φόρεμα PennyBlack | Αστακός | Γυναικείο πουκάμισο Ralph Lauren με ρίγες από πλεκτό ύφασμα | Μπλε/Λευκό | Shop the look | Featured products | MC2 Saint Barth Comfort Light Road to Forte Μαγιό | Ροζ | MC2 Saint Barth Lighting Μαγιό Pantone | Μαύρο | MC2 Saint Barth Μπικίνι και σλιπ | Λεοπάρδαλη | Featured collection | SS26 | Ανδρικό πόλο La Martina Essential με ελαστικό ύφασμα πικέ και κανονική γραμμή | Κίτρινο Empire | Γυναικείο πόλο La Martina από ελαστικό πικέ με γράμματα στο εσωτερικό του γιακά | Κίτρινο Empire | TED BAKER | Polo Ralph Lauren | Ralph Lauren Γυναικεία | PAUL SHARK,
cmtb6uqep001u3giya6xdb0l8,Globi,Globi Gift Card,https://globi.gr/product/dwrokarta/,https://globi.gr,200,Globi Digital Gift Card | Δωροκάρτα Τεχνολογίας Online,Αγόρασε δωροκάρτα τεχνολογίας Online από το Globi. Digital Gift Card με άμεση αποστολή email και ισχύ 12 μηνών για όλα τα προϊόντα.,Δωροκάρτα | ΑΝΑΛΥΤΙΚΗ ΠΕΡΙΓΡΑΦΗ | 🎁 Globi Digital Gift Card – Το Απόλυτο Δώρο Τεχνολογίας | Συχνές ερωτήσεις & όροι για τις Gift Cards | Τι είναι η Globi Digital Gift Card; | Πώς θα παραλάβω τη δωροκάρτα; | Πόσο γρήγορα αποστέλλεται; | Πώς γίνεται η εξαργύρωση; | Μπορώ να χρησιμοποιήσω μέρος του ποσού; | Έχει ημερομηνία λήξης; | Μπορεί να επιστραφεί ή να γίνει εξαργύρωση σε χρήματα; | Μπορώ να τη στείλω απευθείας ως δώρο; | Κερδίζω πόντους Globi Club με την αγορά δωροκάρτας; | Τι γίνεται αν χάσω τον κωδικό; | Προτείνουμε για σένα... | Razer Gaming Keyboard Ornata V3 RGB US-Layout (RZ03-04460100-R3M1) | TP-Link USB Hub UH720 7-Port v5 (UH720) | Arctic Case Fan P14 Pro A-RGB White (ACFAN00318A) | Arctic Case Fan P14 Pro PST White (ACFAN00317A) | Βρείτε μας στα social | Πληροφορίες | Εξυπηρέτηση | Σύγκριση (0),200,"Globi – Tech, Gadgets & Home Appliances | Globi.gr","Ανακαλύψτε smartphones, gadgets, τεχνολογία και οικιακές συσκευές στο Globi. Μεγάλη ποικιλία προϊόντων και άμεση εξυπηρέτηση.",Βρες Θήκη ή Tempered Glass | Βρες το ανά κατηγορία.. | Επιλογές μόνο για σένα! | Govee Envisual TV Backlight Netflix 55-65″ RGBIC WiFi BT (H6098) | Ariete Μηχανή Popcorn Party Time (2954) | Ninja Air Fryer 6.2L Black (AF180EU) | K&F Τρίποδο Κάμερας Concept K234A0 with BH-28L Head & Phone Holder Black (KF09.101V1) | Top sellers του μήνα | TP-Link USB 3.0 σε Gigabit Ethernet Adapter (UE306) | LogiLink Cable Box L Black (KAB0062) | Razer Gaming Headset Kraken V3 X Black (RZ04-03750300-R3M1) | Ninja Αποχυμωτής 0.7L 150W Black (JC151EU) | Δημοφιλή brands | Ξυριστικές Μηχανές | Xiaomi Ξυριστική Μηχανή S200 EU Gray (1121974) | Xiaomi Ξυριστική Μηχανή Electric Shaver S301 EU Black (48643) | Xiaomi UniBlade Trimmer Gray (45962) | Xiaomi Mi Electric Shaver Ξυριστική Μηχανή S101 Blue (1016553) | Xiaomi Electric Shaver S200 Silver EU (1121973) | Wahl Ξυριστική Μηχανή Professional Travel Black (03615-1016) | Πιστολάκια Μαλλιών | Zelmer Πιστολάκι Μαλλιών Pro Elegance 1600W White (ZHD9001) | Zehnder Πιστολάκι Μαλλιών Flavia S1000B 1600W White (S1000B) | Xiaomi Mi Ionic Hair Dryer H500 White (38581),
cmta1n2wo00vgq8iygtc7c15a,Gmca,Gmca Gift Card,https://www.gmca.gr/products/gift-card,https://gmca.gr,200,Δωροκάρτα – GMCA LTD,Ένα μέλος της οικογένειας ή ένας φίλος χτίζει ή ανακαινίζει τον χώρο του; Μια δωροκάρτα είναι το τέλειο δώρο παρέχοντάς τους μια τεράστια ποικιλία προϊόντων για να διαλέξουν.,Γλώσσα | Δωροκάρτα | Let customers speak for us | Οι μάρκες μας | Join us | Το καλάθι σας είναι κενό | Αναζήτηση | Notify me when available,200,GMCA LTD,Είδη Υγιεινής και Κεραμικά στη Πάφο,GMCA LTD | Γλώσσα | Προβολή διαφανειών | Μοναδικοί Νιπτήρες | Διαχρονικές Αντανακλάσεις | CIRCLE MIRROR | BILBAO CURVE LED MIRROR 100X50CM W/OUT MAGNIFYING | UOVO MIRROR 65X90CM | RECTANGULAR MIRROR | SEMI OVAL BIG MIRROR | BERLIN MIRROR 100X120CM WITH MAGNIFYING MIRROR | BILBAO CURVE LED MIRROR 100X50CM WITH MAGNIFYING MIRROR | SEMI OVAL MIRROR | DOUBLE EYE MIRROR | CURVED MIRROR | ARCH MIRROR 60X80CM | ASSYMETRICAL MIRROR | RECTANGULAR LED MIRROR 60X80 | OSLO MIRROR 100X70CM WITHOUT MAGNIFYING | ALEXA MIRROR 100X80CM WITH MAGNIFYING MIRROR | SHAPE MIRROR | Κάνε το(ν) δικό σου | Δημιουργήστε τις ιστορίες σας με Simplehuman | WALL MOUNT PUMP SOAP DISPENSER TWIN,
cmtb7774t001fdkiyhs33c0v6,God Bless Women,25 CHF Gift card,https://godblesswomen.gr/products/25-chf-gift-card/236339811/,https://godblesswomen.gr,404,Η σελίδα δεν βρέθηκε – godblesswomen.gr,,This page has been probably moved somewhere... | Trendy Collection | LUCKY | SILENT WAVE | CRYSTAL WAVE | GRACE | SUNRISE | Γρήγορη Πλοήγηση | Στοιχεία Επικοινωνίας | Join Our Family | Login | Το Καλάθι σας 0,200,Εκπτώσεις -20% σε όλα τα κοσμήματα - godblesswomen.gr,"Ατσάλινα κοσμήματα με προσωπικότητα. -20% Winter Sales - Δωρεάν μεταφορικά σε παραγγελίες άνω των 40€. Δαχτυλίδα, Κολιέ, Βραχιόλια, Σκουλαρίκα",SOUL | ALEXIS | SIREN | WISH UPON A STAR | Collection | LUCKY | SILENT WAVE | CRYSTAL WAVE | GRACE | SUNRISE | Follow Us on Instagram | Γρήγορη Πλοήγηση | Στοιχεία Επικοινωνίας | Join Our Family | Join our family | Login | Το Καλάθι σας 0,HTTP_404
cmta1gmvk006eq8iyr5aywy4s,Goldmall,ΔΩΡΟΕΠΙΤΑΓΗ για ​Γεύμα ή Δείπνο 2 Ατόμων μόλις με 10 ...,https://goldmall.gr/,https://goldmall.gr,200,GoldMall.gr,"Προσφορές στη Θεσσαλονίκη, deals με κουπόνια για έκπτωση σε θέατρο, παιδικό θέατρο, σινεμά, μασάζ, restaurants, massage, αδυνάτισμα, spa, αποτρίχωση, διασκέδαση","Δωρεάν εγγραφή! | Εξοικονόμησε έως 80% σε καταστήματα, υπηρεσίες στην Θεσσαλονίκη & προϊόντα! | Μουσικοχορευτική Παράσταση «Tap Factory»! Το πολυβραβευμένο show για πρώτη φορά στην Ελλάδα, στο Μέγαρο Μουσικής Θεσσαλονίκης, Τετάρτη 14 Οκτωβρίου! | Σαγηνευτική Εμπειρία Χαλάρωσης & Ευεξίας για 2 Άτομα με χρήση Εσωτερικής Θερμαινόμενης Πισίνας με Υδρομασάζ (60') & δυνατότητα για Relax Massage (50'), στην Αγία Τριάδα! | -50% για Είσοδο 2 Ατόμων στο Live «80's - 90's Party» με Μαντώ - Μπίγαλη - Πωλίνα - Βόσσου , στο Vergina Theatro, Παρασκευή 4 & Σάββατο 5 Σεπτεμβρίου! | 4 έως 12 Μαθήματα Pilates Reformer, εμπλουτισμένα με την αισθητηριακή εμπειρία 360˚, για ενδυνάμωση και βελτίωση της στάσης του σώματος, στην Καλαμαριά! | Μουσικοθεατρική Παράσταση «Άη Λαός»! Ένα σπάνιο μουσικοθεατρικό έργο μεγάλης κλίμακας, για πρώτη φορά στην Ελλάδα, στο Θέατρο Κήπου, Πέμπτη 10 & Παρασκευή 11 Σεπτεμβρίου! | Οι Usurum Live στη Θεσσαλονίκη! Στον Πολυχώρο Soul skg, την Πέμπτη 10 Σεπτεμβρίου! | Γεύμα 2 Ατόμων με 1 Πίτσα & 2 Aperol, στο «Secret Terrace Lounge» στο Roof Garden του 4* Anatolia Hotel, στο Κέντρο της Θεσσαλονίκης! | Μοναδική Εμπειρία για 2 Άτομα στο ολοκαίνουργιο Atmosphere Spa στην Τσιμισκή! Massage & Δυνατότητα για Prive Χρήση του Spa, Express Mediterranean Face και Σαμπάνια! | Πάνος Κιάμος Live στη Θεσσαλονίκη! Ο χαρισματικός λαϊκός ερμηνευτής σε μία μοναδική συναυλία στη Μονή Λαζαριστών, την Τετάρτη 16 Σεπτεμβρίου! | Μηνιαία, 3μηνη ή Ετήσια Συνδρομή για Αγόρια & Κορίτσια 4 έως 14 ετών, στην Ακαδημία Ποδοσφαίρου «Strikers Football Academy» (έναντι PAOK Sports Arena)! | Menu Φαγητού & Θερινό Σινεμά για 2 Άτομα by the Pool! Ταινία «Το Πάρτυ Γενεθλίων», στον ειδυλλιακό χώρο του Oceana Pool Bar, στο Hyatt Regency, την Τετάρτη 9 Σεπτεμβρίου! | Delivery ή Τake Away: 1 Χειροποίητη Οικογενειακή Πίτσα 36cm με επιλογή ανάμεσα σε 13 διαφορετικές γεύσεις, στην Καμάρα! Δοκίμασε την πιο viral πίτσα της Θεσσαλονίκης! | Επαγγελματικός Οικολογικός Βιολογικός Καθαρισμός Χαλιών, με Φύλαξη και Παραλαβή-Παράδοση, για την αστική περιοχή της Θεσσαλονίκης, με Δωρεάν Φύλαξη! | Είσοδος 1 Παιδιού στο Waterpark στο Γήπεδο Μακεδονικού , με Δωρεάν Είσοδο για τους Ενήλικες! Με πισίνες, νεροτσουλήθρες και ατελείωτο παιχνίδι, χαρίζει στα παιδιά αξέχαστες καλοκαιρινές στιγμές! | Συμμετοχή έως 6 Ατόμων σε Αγώνα HADO! Βίωσε μια απόλυτα συναρπαστική εμπειρία επαυξημένης πραγματικότητας και γίνε εσύ ο ήρωας των video games, στην Κάτω Τούμπα! | Απόδραση Ευεξίας για 2 Άτομα σε Διπλή Σουίτα, με επιλογή Μασάζ & Δυνατότητα για Prive Χρήση του Spa, Express Mediterranean Face και Σαμπάνια, στην περιοχή Ντεπώ! | Θεατρική Παράσταση «Ο Μουνής» της Λένας Κιτσοπούλου, στο Θέατρο Αυλαία, από Παρασκευή 2 έως Κυριακή 4 Οκτωβρίου! | Γεύμα 2 Ατόμων με Ελεύθερη Επιλογή από μεσογειακά πιάτα από ολόφρεσκα υλικά που συνδυάζουν την εποχικότητα με τη φαντασία, στο Τσινάρι της Άνω Πόλης! | Ξεθάμπωμα των 2 Μπροστινών Φαναριών του Αυτοκινήτου, στη Σταυρούπολη! | Laser Γυναικεία Αποτρίχωση, ασφαλής και αποτελεσματική 12 μήνες τον χρόνο, με το υπερσύγχρονο Laser Soprano ENC 5ης γενιάς με 2 Μήκη Κύματος: Alexandrite & Diode και επιλογή Περιοχών σε Πρόσωπο & Σώμα, στη Νεάπολη! | Μανικιούρ-Πεντικιούρ με Απλή ή Ημιμόνιμη Βαφή & δυνατότητα Φυσικής Ενίσχυσης, Συντήρησης ή Επιμήκυνσης με Gel ή Acrygel, στον Πολυχώρο Ομορφιάς «Medusa», στην Πολίχνη! | Καλοκαιρινή έξοδος στην πιο... δροσερή αυλή της πόλης! Προσφορά για Καφέδες, Παγωτά, Βάφλες, Club Sandwich, Κοτομπουκιές, Burger, Πίτσα/Πίνσα & Μπύρα/Αναψυκτικό , στους Αμπελόκηπους!",200,GoldMall.gr,"Προσφορές στη Θεσσαλονίκη, deals με κουπόνια για έκπτωση σε θέατρο, παιδικό θέατρο, σινεμά, μασάζ, restaurants, massage, αδυνάτισμα, spa, αποτρίχωση, διασκέδαση","Δωρεάν εγγραφή! | Εξοικονόμησε έως 80% σε καταστήματα, υπηρεσίες στην Θεσσαλονίκη & προϊόντα! | Μουσικοχορευτική Παράσταση «Tap Factory»! Το πολυβραβευμένο show για πρώτη φορά στην Ελλάδα, στο Μέγαρο Μουσικής Θεσσαλονίκης, Τετάρτη 14 Οκτωβρίου! | Σαγηνευτική Εμπειρία Χαλάρωσης & Ευεξίας για 2 Άτομα με χρήση Εσωτερικής Θερμαινόμενης Πισίνας με Υδρομασάζ (60') & δυνατότητα για Relax Massage (50'), στην Αγία Τριάδα! | -50% για Είσοδο 2 Ατόμων στο Live «80's - 90's Party» με Μαντώ - Μπίγαλη - Πωλίνα - Βόσσου , στο Vergina Theatro, Παρασκευή 4 & Σάββατο 5 Σεπτεμβρίου! | 4 έως 12 Μαθήματα Pilates Reformer, εμπλουτισμένα με την αισθητηριακή εμπειρία 360˚, για ενδυνάμωση και βελτίωση της στάσης του σώματος, στην Καλαμαριά! | Μουσικοθεατρική Παράσταση «Άη Λαός»! Ένα σπάνιο μουσικοθεατρικό έργο μεγάλης κλίμακας, για πρώτη φορά στην Ελλάδα, στο Θέατρο Κήπου, Πέμπτη 10 & Παρασκευή 11 Σεπτεμβρίου! | Οι Usurum Live στη Θεσσαλονίκη! Στον Πολυχώρο Soul skg, την Πέμπτη 10 Σεπτεμβρίου! | Γεύμα 2 Ατόμων με 1 Πίτσα & 2 Aperol, στο «Secret Terrace Lounge» στο Roof Garden του 4* Anatolia Hotel, στο Κέντρο της Θεσσαλονίκης! | Μοναδική Εμπειρία για 2 Άτομα στο ολοκαίνουργιο Atmosphere Spa στην Τσιμισκή! Massage & Δυνατότητα για Prive Χρήση του Spa, Express Mediterranean Face και Σαμπάνια! | Πάνος Κιάμος Live στη Θεσσαλονίκη! Ο χαρισματικός λαϊκός ερμηνευτής σε μία μοναδική συναυλία στη Μονή Λαζαριστών, την Τετάρτη 16 Σεπτεμβρίου! | Μηνιαία, 3μηνη ή Ετήσια Συνδρομή για Αγόρια & Κορίτσια 4 έως 14 ετών, στην Ακαδημία Ποδοσφαίρου «Strikers Football Academy» (έναντι PAOK Sports Arena)! | Menu Φαγητού & Θερινό Σινεμά για 2 Άτομα by the Pool! Ταινία «Το Πάρτυ Γενεθλίων», στον ειδυλλιακό χώρο του Oceana Pool Bar, στο Hyatt Regency, την Τετάρτη 9 Σεπτεμβρίου! | Delivery ή Τake Away: 1 Χειροποίητη Οικογενειακή Πίτσα 36cm με επιλογή ανάμεσα σε 13 διαφορετικές γεύσεις, στην Καμάρα! Δοκίμασε την πιο viral πίτσα της Θεσσαλονίκης! | Επαγγελματικός Οικολογικός Βιολογικός Καθαρισμός Χαλιών, με Φύλαξη και Παραλαβή-Παράδοση, για την αστική περιοχή της Θεσσαλονίκης, με Δωρεάν Φύλαξη! | Είσοδος 1 Παιδιού στο Waterpark στο Γήπεδο Μακεδονικού , με Δωρεάν Είσοδο για τους Ενήλικες! Με πισίνες, νεροτσουλήθρες και ατελείωτο παιχνίδι, χαρίζει στα παιδιά αξέχαστες καλοκαιρινές στιγμές! | Συμμετοχή έως 6 Ατόμων σε Αγώνα HADO! Βίωσε μια απόλυτα συναρπαστική εμπειρία επαυξημένης πραγματικότητας και γίνε εσύ ο ήρωας των video games, στην Κάτω Τούμπα! | Απόδραση Ευεξίας για 2 Άτομα σε Διπλή Σουίτα, με επιλογή Μασάζ & Δυνατότητα για Prive Χρήση του Spa, Express Mediterranean Face και Σαμπάνια, στην περιοχή Ντεπώ! | Θεατρική Παράσταση «Ο Μουνής» της Λένας Κιτσοπούλου, στο Θέατρο Αυλαία, από Παρασκευή 2 έως Κυριακή 4 Οκτωβρίου! | Γεύμα 2 Ατόμων με Ελεύθερη Επιλογή από μεσογειακά πιάτα από ολόφρεσκα υλικά που συνδυάζουν την εποχικότητα με τη φαντασία, στο Τσινάρι της Άνω Πόλης! | Ξεθάμπωμα των 2 Μπροστινών Φαναριών του Αυτοκινήτου, στη Σταυρούπολη! | Laser Γυναικεία Αποτρίχωση, ασφαλής και αποτελεσματική 12 μήνες τον χρόνο, με το υπερσύγχρονο Laser Soprano ENC 5ης γενιάς με 2 Μήκη Κύματος: Alexandrite & Diode και επιλογή Περιοχών σε Πρόσωπο & Σώμα, στη Νεάπολη! | Μανικιούρ-Πεντικιούρ με Απλή ή Ημιμόνιμη Βαφή & δυνατότητα Φυσικής Ενίσχυσης, Συντήρησης ή Επιμήκυνσης με Gel ή Acrygel, στον Πολυχώρο Ομορφιάς «Medusa», στην Πολίχνη! | Καλοκαιρινή έξοδος στην πιο... δροσερή αυλή της πόλης! Προσφορά για Καφέδες, Παγωτά, Βάφλες, Club Sandwich, Κοτομπουκιές, Burger, Πίτσα/Πίνσα & Μπύρα/Αναψυκτικό , στους Αμπελόκηπους!",
cmta4yj4g001fsciy0ipo9fb8,Green Leaf,Greenleaf Gift Card,https://green-leaf.gr/en-eu/products/greenleaf-gift-card?srsltid=AfmBOopwgHXrlsvd6QmsnsoLNjyN_0hfM28o8pJTONTgWrAmw-tmRwp4,https://green-leaf.gr,200,Greenleaf Gift Card – Greenleaf Garden Center,Not sure which plant or product to choose for a loved one or for a special occasion? Send them a gift card and let them choose any of our products!,Cart (0) | Greenleaf Gift Card | You saw recently,200,Greenleaf Garden Center - Handsome Plants delivered with love!,"Κάνουμε την αγορά φυτών απλή και ευχάριστη, με υπέροχα φυτά που ετοιμάζονται με φροντίδα και παραδίδονται με αγάπη!","Καλάθι (0) | CREATE YOUR JUNGLE | JUST ARRIVED | Fresh plants, rare finds and new favourites | PLANT POTS | POTS AND BOWLS | HOYA PLANTS | FERN PLANTS | CONIFERS | SANSEVIERIA | TRENDING AND BEST SELLERS | HB-101 | Rosa 'Cutie Pie'® | Moss Poles | 'Everglow Ruby'® | Gold Leaf | Hydr. 'Eclipse'® | ALL ABOUT AROIDS | HYDROCULTURE | GARDENING | SPECIAL COLLECTIONS | Roses® | Alstroemeria® | FRUIT SNACKS",
cmta1f8o2001lq8iy7sedywm0,Greenpeace,Δωροκάρτα,https://eshop.greenpeacegreece.org/product/dwrokarta/,https://eshop.greenpeacegreece.org,200,Δωροκάρτα - Greenpeace Greece,"Δώσε στους αγαπημένους σου την επιλογή να διαλέξουν μόνοι τους τα προϊόντα που τους ταιριάζουν, όπου και αν βρίσκεσαι, όπου και αν βρίσκονται! Με τις δωροκάρτες Greenpeace, οι αγαπημένοι σου μπορούν να επιλέξουν βιώσιμα και πρακτικά δώρα, όπως τσαντάκια φτιαγμένα από τα banner μας, θερμός, t-shirts ή συλλεκτικές αφίσες, και να έχουν έτσι πάντα ένα [...]",Δωροκάρτα€ | Δωροκάρτα,200,Αρχικη - Greenpeace Greece,"Greenpeace Greece - Βρείτε ποικιλία μη τοξικών ρούχων, προϊόντων για τα παιδιά, τη βόλτα και το γραφείο. Για μια ζωή με λιγότερο πλαστικό!",Κατηγοριες | EBOOK | Ebook για τους μικρούς μας φίλους! | Τα νέα μας | Προϊοντα | Υποστήριξε μας | FR Popup,
cmtb6uqs6001w3giyxb5aq7nl,Groombox,Δωροκάρτα - Groombox,https://groombox.gr/product/%CE%B4%CF%89%CF%81%CE%BF%CE%BA%CE%AC%CF%81%CF%84%CE%B1/,https://groombox.gr,200,Δωροκάρτα - Groombox,,Δωροκάρτα | Αξιολογήσεις | Τι λένε οι πελάτες μας,200,Groombox · Pet Shop & Κομμωτήριο Σκύλων Ηλιούπολη | Delivery Αθήνα,"Pet shop & κομμωτήριο σκύλων στην Ηλιούπολη με delivery σε όλη την Αθήνα. Τροφές, παιχνίδια, καλλωπισμός, ξενοδοχείο & εκπαίδευση σκύλων. ☎ 2130422193.",Glee Platinum Μπαντάνα Indy Leo Γκρι Λεοπάρ | Glee Platinum Μπαντάνα Candies | Value Imports Cool Air Τσάντα Μεταφοράς για Σκύλους και Γάτες Μαύρη | Woofmoda Τσάντα Μεταφοράς για Σκύλους και Γάτες Γκρί No 2 | P.L.A.Y Παιχνίδι Ανθεκτικό για Σκύλους Safari Ζέβρα | Wild Barks Patousa Μπαντάνα | Wild Barks Pirates Μπαντάνα | Woof Woof Camper Van Μπαντάνα | Value Imports Net Τσάντα Μεταφοράς για Σκύλους και Γάτες Γκρι | Value Imports Net Τσάντα Μεταφοράς για Σκύλους και Γάτες Μπλέ | ZeeDog Jacquard Astro Σαμαράκι για Γάτες και Οδηγός Περιπάτου | ZeeDog Jacquard Aura Σαμαράκι για Γάτες και Οδηγός Περιπάτου | Happypet Little Rascals Κολάρο Γάτας Γαλάζιο | Happypet Little Rascals Κολάρο Γάτας Πράσινο | ΠΡΟΤΕΙΝΟΜΕΝΑ | ΝΕΑ | ΠΡΟΣΦΟΡΕΣ | Τι λένε οι πελάτες μας,
cmtb6ur4z001y3giyzx2tgh2i,Happydonkey,Δωροκάρτα,https://happydonkey.gr/products/%CE%B4%CF%89%CF%81%CE%BF%CE%BA%CE%AC%CF%81%CF%84%CE%B1,https://happydonkey.gr,200,Δωροκάρτα – Happy Donkey Crafts and Gifts,Φαίνεσαι να προβληματίζεσαι με την επιλογή του τέλειου δώρου για τους αγαπημένους σου; Έχουμε τη λύση για σένα! Δώσε στους αγαπημένους σου τη χαρά της επιλογής με μια ηλεκτρονική δωροκάρτα από το www.happydonkey.gr. Επίλεξε το ποσό που θέλεις και κάνε το δώρο σου αξέχαστο!Τα βήματα είναι απλά:1. Επίλεξε το ποσό που θέλ,Δωροκάρτα | Πολιτικές | Ακολουθήστε μας | Βρείτε μας εύκολα | Newsletter,200,Happy Donkey Crafts & Gifts – Happy Donkey Crafts and Gifts,Happy Donkey l Κοπή / Χάραξη με Laser - Εκτύπωση UV l Είδη Γάμου-Βάπτισης l Τουριστικά l Είδη Δώρου l Διαφημιστικά Είδη Our Mission: To make products that make you smile!,"Ψάχνεις το τέλειο δώρο; | Κούπα Κεραμική ""Hotel Μαμά"" CFM003 | Δώρο για τη Γιορτή της Μητέρας | Αναμνηστικό Δώρο για Δασκάλους ""Owl"" TS1 | Κούπα “Hearts” VAL-1 - Προσωποποιημένη Κούπα για Ζευγάρια με Φωτογραφία | Κούπα ""Friends-Why God,Why"" KFR-002 | Ξύλινο Ημερολόγιο ""ΑΕΚ"" με Όνομα – Ιδανικό για Παιδιά & Μεγάλους | Premium QR Stand Γάμου, Βάφτισης & Εκδηλώσεων | Προσωποποιημένες κούπες για κάθε γούστο! | Προσωποποιημένη Κούπα Παναθηναϊκός – Μοναδικό Δώρο για Οπαδούς | Προσωποποιημένη Κούπα ΠΑΟΚ – Μοναδικό Δώρο για Οπαδούς | Προσωποποιημένη Κούπα Ολυμπιακός 100 Χρόνια Ιστορίας – Μοναδικό Δώρο για Οπαδούς | Προσωποποιημένη Κούπα Ολυμπιακός – Μοναδικό Δώρο για Οπαδούς | Προσωποποιημένη Κούπα ΑΕΚ – Μοναδικό Δώρο για Οπαδούς | Κούπα “Συνταγή για την Καλύτερη Δασκάλα” ΚFT-001 | Κούπα Ολυμπιακός EuroLeague Champions 2026 | Προσωποποιημένη Κούπα Ολυμπιακός Basket – Μοναδικό Δώρο για Οπαδούς | Κούπα “I'm Ok!” FD-3 | Προσωποποιημένη Κούπα Παναθηναϊκός Μπάσκετ – Μοναδικό Δώρο για Οπαδούς | Προσωποποιημένη Κούπα Ολυμπιακός UEFA Conference League– Μοναδικό Δώρο για Οπαδούς | Κούπα “Love Kissesss” VAL-13 | Προσωποποιημένη Κούπα για Ζευγάρια | Προσωποποιημένη Κούπα ΑΡΗΣ – Μοναδικό Δώρο για Οπαδούς | Κούπα “Snoopy-Just Do It Later” FD-1 | Κούπα “Συνταγή για τον Καλύτερο Δάσκαλο” ΚFT-002 | Κούπα Son Goku “EAT-SLEEP-SQUAT-REPEAT” KFG-5",
cmta1gdar005eq8iym6dznhq7,Haritidis,Haritidis Gift Card,https://www.haritidis.gr/el/giftcard,https://haritidis.gr,200,Κάρτα Δώρου Giftcard - Κοσμηματοπωλείο Χαριτίδης - Κοσμηματοπωλείο Χαριτίδης,Ψάχνετε το ιδανικό δώρο για το αγαπημένο σας πρόσωπο αλλά δε ξέρετε τί να επιλέξετε; Αγοράστε την online δωροκάρτα μας αξίας από 50€ έως 1000€.,Κάρτα Δώρου | Please complete your information below to login. | Είσοδος | Εγγραφη | Ξεχάσατε τον κωδικό πρόσβασης,200,"Κοσμήματα, Ρολόγια & Αξεσουάρ | Κοσμηματοπωλείο Χαριτίδης - Κοσμηματοπωλείο Χαριτίδης","Μοναδικά χρυσά κοσμήματα και επώνυμα ρολόγια χειρός για τον άντρα, την γυναίκα και το παιδί με δωρεάν αυθημερόν αποστολή, σε προσεγμένη συσκευασία δώρου.",Haritidis | Please complete your information below to login. | Είσοδος | Εγγραφη | Ξεχάσατε τον κωδικό πρόσβασης | ΔΗΜΙΟΥΡΓΗΣΤΕΤΟ ΜΟΝΟΠΕΤΡΟ ΣΑΣ! | Γυναικεία κολιέ αλυσίδα | Γυναικεία ρολόγια | ΕΠΙΛΕΞΤΕΣΤΑΥΡΟ ΒΑΠΤΙΣΗΣ! | ΕΠΙΛΕΞΤΕΤΙΣ ΒΕΡΕΣ ΣΑΣ! | Γυναικεία δαχτυλίδια | Bulova Diamond Sutton Gold | Κολιέ μπάρα με διαμάντια lab grown | Μονόπετρο με διαμάντι lab grown | Φυλαχτό Κωνσταντινάτο | Ρολόι Off-White On Time | Σταυρός ανδρικός | Βραχιόλι Lacoste Metropole | Μανικετόκουμπα Roamer | Blog,
cmta1icyu00c8q8iytwvndmek,Harmanis,Δωροεπιταγή 300 ευρώ,https://harmanis.gr/,https://harmanis.gr,403,Attention Required! | Cloudflare,,"Sorry, you have been blocked | You are unable to access harmanis.gr | Why have I been blocked? | What can I do to resolve this?",403,Attention Required! | Cloudflare,,"Sorry, you have been blocked | You are unable to access harmanis.gr | Why have I been blocked? | What can I do to resolve this?",HTTP_403 | HTTP_403
cmta1ifps00ckq8iyi49yyp5r,Hepta,Hepta's eGift Card,https://www.hepta.gr/giftcard,https://hepta.gr,200,eGIFT CARD | Hepta Jewellery,You can't go wrong with a gift card. Choose an amount and write a personalized message to make this gift your own.,Hepta's eGift Card,200,Hepta jewellery | Embrace Change,Hepta Jewellery invites you to see things differently. Embrace change and become a member of Hepta family.,"Hepta's Products | Due to a limited amount of items you may find that your product is out of stock. Please CONTACT us to re-arrange your order. | We are so happy you are here at the start of this wonderful journey! | Feel free to navigate Hepta's website. Access the menu to learn about our philosophy, see our first products and send us any questions or remarks. At the bottom of each page you will find very useful information about our policies, shipping and caring of your jewellery. You can also sign up as a subscriber for an easier access to your cart and create a wish list! | Remember to follow us on Facebook, Instagram, YouTube and Tiktok. We can't wait to share with you all the new ideas, exciting content, special items, new arrivals and announcements on the near future!",
cmta1fygo0045q8iypmd5evvg,HerbStore,HerbStore Δωροκάρτα,https://www.herbstore.gr/giftcertificates,https://herbstore.gr,403,Just a moment...,,,403,Just a moment...,,,HTTP_403 | HTTP_403
cmta1kpd600m6q8iytyzbbym9,Hercshop,Δωροκάρτα - Herc Shop,https://hercshop.gr/gift-cards/,https://hercshop.gr,200,Blog - Herc Shop,,Blog | Εισαι καλεσμένος σε γάμο και δεν ξέρεις τι να βάλεις; | Old Money Style για Άνδρες: Ο Απόλυτος Οδηγός για το 2026 | Πώς να Δημιουργήσεις ένα Capsule Wardrobe για Άνδρες | Street Wear Trends για άνδρες 2026,200,"Home - Herc Shop|Ανδρικά ρούχα, παπούτσια & αξεσουάρ",Καλοκαιρινές εκπτώσεις σε ανδρικά ρούχα με formal και urban χαρακτήρα. Εκλεκτές συλλογές ρούχων και παπουτσιών.,SALES UP TO -70% OFF | ΚΑΛΟΚΑΙΡΙΝΕΣ ΠΡΟΣΦΟΡΕΣ | Ανδρικά πουκάμισα που ξεχωρίζουν | ΚΑΛΟΚΑΙΡΙΝΕΣ ΕΚΠΤΩΣΕΙΣ | Παντελόνια | Παππούτσια | Τ-shirt | Αντρικά πουκάμισα | SUMMER OFFERS ΕΩΣ -70% | Ρούχα | Πουκάμισα | Παπούτσια | T-shirt | Αθλητικά | Ανδρική μαύρη ζακέτα χωρίς κουκούλα με επένδυση fleece και φάσα στο μανίκι | Ανδρική φούτερ με λαιμόκοψη και κέντημα Herc-Λιλά | Ανδρικό αμάνικο μπουφάν με αποσπώμενη κουκούλα μαύρο | Ανδρικό λευκό T-shirt με τύπωμα Chaos | Ανδρικό Μονόχρωμο Φούτερ με Λαιμόκοψη και Επένδυση Fleece – Πράσινο | Ρόζ ανδρική βαμβακερή πλεκτή μακρυμάνικη μπλούζα με V λαιμόκοψη | Ανδρικό πουκάμισο λευκό με μπλε λεπτομέρειες | Ανδρική cargo casual βερμούδα μπεζ | Εισαι καλεσμένος σε γάμο και δεν ξέρεις τι να βάλεις; | Old Money Style για Άνδρες: Ο Απόλυτος Οδηγός για το 2026,
cmtb7i03o000p04iysnqf105v,Herminaathens,Herminaathens Gift Card,https://herminaathens.com/product/gift-card/,https://herminaathens.com,200,Gift Card - Hermina Athens,"The Hermina Athens Gift Card is a flexible digital or in-store gift option that allows the recipient to choose freely from the brand’s jewelry collections. It can be redeemed both on the Hermina Athens online shop and in the Hermina Flagship Store in Athens, making it a convenient choice for gifting when you’re unsure of size or style preferences. The gift card is typically delivered electronically, making it suitable for international gifting or last-minute presents.",Gift Card | Description | Shipping & Return Policy | Match With | Celeste Nugget Necklace | Hermina Tarot Deck | Ursula Tassel Brooch Choco | Hermina Jewelry Travel Box | Hand crafted in Athens | Inspired by Mythology | Sustainability | Replating Service | Express Shipping | Enjoy 10% off your first order | Follow us | Delivered by | Write us on WhatsApp oR Viber | Hermina accepts | Your cart,200,Hermina Athens - One of a Kind Jewelry Born in Athens,Hermina is a selection of timeless jewelry influenced by a rich heritage rooted in Greek mythology & art. Worldwide shipping. Made in Athens. Shop new arrivals!,Top picks | Koufonisia Necklace | Xeni Pearl Rosario Lavender | Petra Quartz Earrings | Kirki Pearl Bracelet | Xeni Pearl Rosario Lime | Crystal Hammered Hoops | Frosting Necklace | Kompoloi Necklace | Earth Goddess Necklace | Moonstone Goddess Necklace | Crystal Goddess Necklace | Luna Pearl Ear Cuff | Medea Silver Chain | Hydra Chain | Mint Goddess Necklace | Nyx Alexandros Necklace | Karma Necklace | Lukumaki Celeste Necklace | JewelryTravel Box | HERMINA ATHENSGIFT CARD | Hand crafted in Athens | Inspired by Mythology | Sustainability,
cmta1kptg00m8q8iyxikg29yq,Hlcpro,Gift Card Gold – HLC Pro by Health Laser Clinic,https://hlcpro.gr/,https://hlcpro.gr,200,hlcpro.gr – Είδη Περιποίησης – Ομορφιάς,,Μοναδική προσφορά έως 31/12 | Έχουμε ετοιμάσει για εσάς μοναδικά εορταστικά πακέτα με -10%! | Hydravital Mask + Mesoprotech Melan 130 + HA Densimatrix Festive Bundle | Hydravital Mask + Mesoprotech Melan 130 Festive Bundle | Anti Stress Mask + Skin Balance Festive Bundle | 2x Discover Healthy Skin Kit | HLC Mesoestetic Festive Bundle – Anti Stress Mask & Brightening Peel Booster | Mesoestetic® AGE ELEMENT FIRMING ELIXIR 6 x 30 ml | Clear start breakout clearing kit | Mesoestetic | Mesoestetic®HYDRA VITAL MASK | Mesoestetic®AGE ELEMENT ANTI WRINKLE LIP CONTOUR | Mesoestetic®AOX FERULIC | Mesoestetic®AGE ELEMENT FIRMING CONSENTRATE | Mesoestetic®AGE ELEMENT ANTI WRINKLE CONCENTRATE | Mesoestetic®MESOPROTECH LIGHT WATER ANTIAGING VEIL | Mesoestetic® SKIN BALANCE | Mesoestetic® MEALN TRANEX GEL CREAM | Dermalogica | Clearing skin wash | Blackhead clearing fizz mask | Age reversal eye complex | Age defense kit | Jalupro,200,hlcpro.gr – Είδη Περιποίησης – Ομορφιάς,,Μοναδική προσφορά έως 31/12 | Έχουμε ετοιμάσει για εσάς μοναδικά εορταστικά πακέτα με -10%! | Hydravital Mask + Mesoprotech Melan 130 + HA Densimatrix Festive Bundle | Hydravital Mask + Mesoprotech Melan 130 Festive Bundle | Anti Stress Mask + Skin Balance Festive Bundle | 2x Discover Healthy Skin Kit | HLC Mesoestetic Festive Bundle – Anti Stress Mask & Brightening Peel Booster | Mesoestetic® AGE ELEMENT FIRMING ELIXIR 6 x 30 ml | Clear start breakout clearing kit | Mesoestetic | Mesoestetic®HYDRA VITAL MASK | Mesoestetic®AGE ELEMENT ANTI WRINKLE LIP CONTOUR | Mesoestetic®AOX FERULIC | Mesoestetic®AGE ELEMENT FIRMING CONSENTRATE | Mesoestetic®AGE ELEMENT ANTI WRINKLE CONCENTRATE | Mesoestetic®MESOPROTECH LIGHT WATER ANTIAGING VEIL | Mesoestetic® SKIN BALANCE | Mesoestetic® MEALN TRANEX GEL CREAM | Dermalogica | Clearing skin wash | Blackhead clearing fizz mask | Age reversal eye complex | Age defense kit | Jalupro,
cmtb62kft000t94iyoh4z8szg,Hobby,Δωροεπιταγές,https://www.hobby.gr/giftcard-2,https://hobby.gr,200,Δωροεπιταγές,Δωροεπιταγές,Φίλτρα Clear | Δωροεπιταγές | Πληροφορίες | Art & Hobby | Newsletter,200,"Art&Hobby - Βρείτε είδη Ζωγραφικής, Χειροτεχνίας και όχι μόνο","Βρείτε στο eShop και στα καταστήματά μας μεγάλη γκάμα σε Είδη Ζωγραφικής, Χειροτεχνίας, Αγιογραφίας, Decoupage και άλλα. Βρείτε εκατοντάδες ιδέες δημιουργίας και DIY",Recently Viewed | Products you'll love | What people are saying | Information | Art & Hobby | Newsletter,
cmta1ih5a00coq8iy028nylzo,Hotelshops,e-Gift Card - To Τέλειο δώρο,https://www.hotelshops.gr/el/e-gift-card.html,https://hotelshops.gr,200,e-Gift Card - To Τέλειο δώρο,"Αν δυσκολέυεσε να διαλέξεις το τέλειο δώρο για τους αγαπημένους σου, η ηλεκτρονική δωροκάρτα του Hotel Shops είναι η ιδανική επιλογή για εσένα.",ΡΟΥΧΑ | ΠΑΠΟΥΤΣΙΑ | ΑΞΕΣΟΥΑΡ | ΚΟΡΥΦΑΙΑ BRANDS | ΕΚΠΤΩΣΕΙΣ | e-Gift Card σε Χρώμα | ΑΠΟΣΤΟΛΗ | ΧΡΩΜΑ | ΣΥΝΘΕΣΗ | ΜΟΝΑΔΙΚΕΣ ΠΡΟΣΦΟΡΕΣ & GIVEAWAYS,200,"HotelShops | Lifestyle, Streetwear, Urban Ρούχα, Παπούτσια και Συλλεκτικά Είδη","Ανακαλύψτε το HotelShops, τον προορισμό σας για αποκλειστικά streetwear ρούχα, αξεσουάρ, συλλεκτικά και παπούτσια. Ανακαλύψτε τις τελευταίες τάσεις στην urban και streetwear μόδα για άνδρες και γυναίκες με μάρκες όπως η New Balance, Converse All Star, Weekend Offender, Tee Library, Katin, Arkk, Medicom, Dr Denim και άλλες πολλές. Ανακαλύψτε τα τώρα και αναβαθμίστε το καθημερινό, ιδιαίτερο στυλ σας με επιλεγμένα ρούχα, παπούτσια, και αξεσουάρ αλλά και εκπτώσεις σε προϊόντα προηγούμενων season.",ΡΟΥΧΑ | ΠΑΠΟΥΤΣΙΑ | ΑΞΕΣΟΥΑΡ | ΚΟΡΥΦΑΙΑ BRANDS | ΕΚΠΤΩΣΕΙΣ | MEN | WOMEN | Πώς μπορούμε να σας βοηθήσουμε; | ΤΕΛΕΥΤΑΙΑ ΕΥΚΑΙΡΙΑ Sneakers | FLOWER MOUNTAIN | ΤΕΛΕΥΤΑΙΑ ΕΥΚΑΙΡΙΑ Τζιν | DEUS EX MACHINA | OBEY | ICE CREAM | CARHARTT-WIP | ASICS | ΠΡΟΤΕΙΝΟΜΕΝΕΣ ΣΥΛΛΟΓΕΣ | NEW BALANCE | PREMIUM ΣΥΛΛΟΓΗ VANS ΜΟΝΟ ΕΔΩ! | ΕΥΚΟΛΕΣ ΕΠΙΣΤΡΟΦΕΣ | ΔΕΣ ΤΙΣ ΝΕΕΣ ΠΑΡΑΛΑΒΕΣ ΜΑΣ | ΤΙ ΛΕΝΕ ΓΙΑ ΕΜΑΣ | ΓΙΝΕΤΕ ΜΕΡΟΣ ΤΗΣ ΟΜΑΔΑΣ ΜΑΣ | Feature Blog posts,
cmtb77wmk0053dkiy6y7xeut4,Houhouliarika,Αγοράστε μία Δωροεπιταγή,https://houhouliarika.gr/gift-voucher,https://houhouliarika.gr,200,Αγοράστε μία Δωροεπιταγή,,Αγοράστε μία Δωροεπιταγή | Newsletter Offer,200,"houhouliarika | Χουχουλιάρικα, Λευκά είδη Χρηστίδη | Σεντόνια | Παπλώματα | Μαξιλάρια | Στρώματα | Κουρτίνες","Στο eshop houhouliarika.gr - Χουχουλιάρικα λευκα ειδη Χρηστιδη, θα βρείτε μια μεγάλη ποικιλία από επώνυμα λευκά είδη, σεντόνια και παπλώματα, μαξιλάρια, στρώματα, κουρτίνες αλλά και παπλωματοθήκες, μαξιλαροθήκες, κουβέρτες & πετσέτες για κάθε χώρο του σπιτιού, τα οποία μπορούμε να τα τροποποιήσουμε στα μέτρα σας!",Πώς να διπλώσω τις πετσέτες φαγητού | Τι μέγεθος σεντόνια να επιλέξω | Tips: Πως μπορείτε να προστατεύσετε τον καινούργιο γωνιακό καναπέ σας με ριχτάρια | Newsletter Offer,
cmta1n6q100vwq8iyj6rksewk,Hugshop,Gift Card | hug,https://www.hugshop.gr/product/gift-card/,https://hugshop.gr,200,Gift Card | hug,,Κατηγορία | Search by Brand | Καλοκαιρινά | Χειμερινά | Gift Card | ΕΠΙΠΛΕΟΝ ΠΛΗΡΟΦΟΡΙΕΣ | useful links | my account | our store | follow us,200,hug | kids fashion,"Παιδικά ρούχα επιλεγμένα με αγάπη. Ποιοτικά υλικά, σύγχρονο ύφος και άνεση για βρέφη και παιδιά από κορυφαία brands της αγοράς.",Κατηγορία | Search by Brand | Καλοκαιρινά | Χειμερινά | CATEGORIES | TRENDING NOW | GIRL SRING/SUMMER | New Arrivals | BOY SRING/SUMMER | SALES | useful links | my account | our store | follow us,
cmtb78gcm007sdkiyiijij48q,I Thought Of You,I Thought Of You,https://www.ymonanatripsis.gr/en/gift-card/,https://ymonanatripsis.gr,200,I Thought Of You | ΥΜΩΝ Anatripsis,"We all have loved ones in our lives that we want to comfort, that we are looking for a way to thank...",I Thought Of You,200,ΥΜΩΝ | Anatripsis,"Στο κέντρο των Χανίων, στην Πλατεία Ελευθερίας, η Δέσποινα οραματίζεται και σας υποδέχεται σε έναν χώρο που μετουσιώνει πνευματικά και αισθητικά ό,τι πρεσβεύει η στάση της για την ζωή. %",ΚΑΛΩΣ ΟΡΙΣΑΤΕ | ΜΑΖΙ ΜΟΙΡΑΖΟΜΑΣΤΕ | ΠΟΥ ΘΑ ΜΑΣ ΒΡΕΙΤΕ,
cmta4ykx8001lsciyu1m24dqd,Iaso,IASO presents “IASO Gift Card” for Mammography,https://www.iaso.gr/en/news/details/2020/10/13/to-iaso-parousiazi-tin-iaso-gift-card-gia-mastografia,https://iaso.gr,200,IASO presents “IASO Gift Card” for Mammography,"IASO established IASO Gift Card for Mammography. A card enabling each one of us to offer a unique gift to his/ her mother, sister, daughter, colleague or best friend. It is available at IASO’s cash register at the special preferential prices of 40€. For breast cancer awareness month is offered at a limited edition packaging. IASO advices all women: “FIND IT FROM THE BEGINNING and you will win it. Breast cancer can be treated, if it is detected early”. Prompted by the Breast Cancer Awareness Month, IASO offers the necessary screening tests at special preferential prices. Specifically it offers: Digital Mammography at the special preferential price of 40€. Digital Mammography & Tomosynthesis at the special preferential price of 45€. Digital Mammography & Breast Ultrasound at the special preferential price 50€. Digital Mammography & Tomosynthesis and Breast Ultrasound at the special preferential price of 65€. To schedule an appointment, please call the Diagnostic Imagining and Operative Radiology Unit of IASO (-2 level) at 210 6185138 (Mon-Fri, 7:00-15:00). The offer is valid until 31/10/2020.",IASO presents “IASO Gift Card” for Mammography | View also: | How IASO Thessalias Is Shaping a New Era in Ophthalmic Surgery | IASO Thessalias Holds Its Annual Summer Blood Donation Drive | IASO: Prevention at the forefront with comprehensive check-up packages for children,200,"ΙΑΣΩ - Ιδιωτική Κλινική, Αθήνα",Τα υπερσύγχρονα ιδιωτικά νοσοκομεία του ομίλου ΙΑΣΩ στην Αθήνα παρέχουν ολοκληρωμένες υπηρεσίες υγείας καλύπτοντας τις ανάγκες όλης της οικογένειας - 24/7.,"Η Γενική Κλινική του ΙΑΣΩ, αποτελεί την πρώτη επιλογή στην κορυφαία φροντίδα για άνδρες και γυναίκες, κάθε ηλικιακής ομάδας. | Υπερσύγχρονο τμήμα Check-Up | ΕΙΝΑΙ WOW ΝΑ ΓΙΝΕΣΑΙ ΜΑΜΑ! | Vegan Maternity Care | Ο Όμιλος ΙΑΣΩ βρίσκεται δίπλα σας, εκφράζοντας έμπρακτα την ευαισθητοποίησή του | Ο Όμιλος ΙΑΣΩ έχει διακριθεί με τα περισσότερα βραβεία | Μαιευτική - Γυναικολογική | Γενική Κλινική | Παιδιατρική | ΙΑΣΩ, Μαιευτήριο - Γυναικολογική Κλινική | Η κλινική | Υπηρεσίες Μαιευτικής - Γυναικολογικής Κλινικής | ΙΑΣΩ Γενική Κλινική | Υπηρεσίες Γενικής Κλινικής | ΙΑΣΩ Παίδων | Υπηρεσίες Παιδιατρικής Κλινικής | Εταιρική Κοινωνική Ευθύνη | Τεχνολογία και Καινοτομία | Τεχνολογία Αιχμής | Καινοτομία | Η πιο σύγχρονη και υψηλής αποτελεσματικότητας θεραπεία για νευρολογικές παθήσεις, με το μηχάνημα εστιασμένων υπερήχων Exablate Neuro™ της Insightec - το πρώτο και μοναδικό στην Ελλάδα και τα Βαλκάνια. | Σύστημα MOZART® Specimen Tomosynthesis - Augmented Intelligence για πιο ακριβή και ασφαλή χειρουργεία μαστού | ΙΑΣΩ Γενική Κλινική: Πρωτοποριακή Εξατομικευμένη Αρθροπλαστική Γόνατος με το Σύστημα Symbios | Εξειδικευμένο Κέντρο Αντιμετώπισης Περιστατικών Διεισδυτικού Πλακούντα",
cmta1krb300meq8iyewvehlr3,Idil,e-Gift card | IDIL,https://www.idil.gr/gift-card,https://idil.gr,200,Gift Card | IDIL,,Τσάντες | Μικρά δερμάτινα είδη | Αξεσουάρ | Yποδήματα | Είδη Ταξιδίου | Υποδήματα | Βαλίτσες | Τσάντες Ταξιδίου | Νεσεσέρ | Επιλέξτε την e-Gift Card της προτίμησής σας: | Give The Gift of Style! | Προσφέρετε στα αγαπημένα σας πρόσωπα το ιδανικό δώρο: | Ποσό | Άλλο ποσό | Πληροφορίες | Προγραμματισμένη αποστολή | Εγγραφείτε στο newsletter,200,IDIL,,Τσάντες | Μικρά δερμάτινα είδη | Αξεσουάρ | Yποδήματα | Είδη Ταξιδίου | Υποδήματα | Βαλίτσες | Τσάντες Ταξιδίου | Νεσεσέρ | Ανακαλύψτε τις τελευταίες τάσεις της μόδας από τα αγαπημένα σας brands | Castañer Careen/6/274 Espadrilles | Castañer Nobu/288 Espadrilles | Castañer Java/186 Espadrilles | CASTAÑER | LANCASTER | BLOG | Castañer: Η απόλυτη fashion ενέργεια στο Vogue Fashion Night Out! ✨ | Η Castañer φέρνει τη μεσογειακή της κομψότητα στην Astir Marina! | Η Castañer σας προσκαλεί στο Vogue Greece Fashion Night Out στο Golden Hall! | Νέες αφίξεις | Flabelus Pierre Feline Brown | Flabelus Isabella Pink | Flabelus Mary Jane Isabella Red | Flabelus Mae Silver Black,
cmta1ihz900csq8iy52zsyahm,Imanoglou,Δωροκάρτα,https://imanoglou.gr/en/catalogue/giftcard_50/,https://imanoglou.gr,200,IMANOGLOU - Gift card,"A gift from Imanoglou is always a good idea! Treat your loved ones to a fully customised e-gift card and give them the opportunity to indulge into selecting anything from our vast luxury collection of jewellery, candles or home decoration items. Just set the amount, add your warm wish and we will prepare and send the e-gift card to your loved one, including a a link to all our coveted collections.","Gift card | Delivery, Returns and Offers | We are here to help | 10% Off your first order | Shop | Information | About us | Connect | Legal | Type | Highlights | Brands | My cart | Product enquiry | Delivery Policy | Shipping within the European Union | Pickup from Physical Store | Returns | Offers | Email | Operating Hours | Questions? | Size guide | How to find your ring size",200,"IMANOGLOU - Κοσμήματα, Ελβετική ωρολογοποιία, και αντικείμενα interior design","With a history that started at a small goldsmith workshop in Istanbul, during the 60s, Imanoglou House creates with care premium jewelry to mark the milestones of your life.",Στεφανία & Ήβη Ιμάνογλου | Επιστροφή στην Πόλη | Crivelli | Σκουλαρίκια Κρίκοι σε Ροζ Χρυσό Κ18 με Διαμάντια | Pomellato | Δαχτυλίδι Together σε Ροζ Χρυσό Κ18 | Damaso | Σκουλαρίκια σε Ροζ Χρυσό Κ18 με Μπριγιάν και Τετράγωνο Περίγραμμα | Imanoglou | Σκουλαρίκια σε Ροζ Χρυσό Κ18 με Μπριγιάν Διαμάντια | Σκουλαρίκια Iconica σε Ροζ Χρυσό Κ18 | Δαχτυλίδι Iconica σε Ροζ Χρυσό Κ18 με Mπριγιάν Διαμάντια | Κολιέ Together σε Ροζ Χρυσό Κ18 με Διαμάντια | Σκουλαρίκια Nudo σε Ροζ και Λευκό Χρυσό Κ18 με 2 πρασιολίτες | Καλοκαίρι στην πόλη | Λευκό και Χρυσό | ONNO Collection | Συλλογή Σταυρών | Baobab Collection | Αγορά βάση κατηγορίας | Κολιέ | Βραχιόλια | Δαχτυλίδια | Σκουλαρίκια,
cmta1m9k500scq8iyuyu7g8dp,Inandela,Inandela Gift Card,https://www.inandela.gr/collections/gift-card%F0%9F%8E%80,https://inandela.gr,200,Gift Card🎀 – Inandela Boutique,Inandela Boutique,Γλώσσα | Το στοιχείο προστέθηκε στο καλάθι σας | Συλλογή: Gift Card🎀 | Φιλτράρισμα: | Ταξινόμηση κατά: | 1 προϊόν | Φιλτράρισμα και ταξινόμηση | Φιλτράρισμα | GIFT CARD🎀 | Subscribe to our email & stay tuned for our super offers! 💌,200,INANDELA BOUTIQUE Corfu – Inandela Boutique,Inandela Boutique,Γλώσσα | Το στοιχείο προστέθηκε στο καλάθι σας | Inner Child - Ovary Gang x Missy Merida White Tshirt | When I Grow Up - Ovary Gang x Missy Merida White Tshirt | DARK SHELL | KYMA DRESS (colorful) | MELTEMI DRESS (blue/ment) | Riley Black | Betty Dress Purple Multi Stripes Aztek Frill Sleeves Φόρεμα με Ζώνη & Τσέπες Petit Boutik | Klara Wrap Skirt Vis Black Strawberries Forest Δετή Φούστα Petit Boutik | Linda Frill Dress Vis Green Leaves Hearts Τιραντέ Φόρεμα με Ζώνη & Τσέπες Petit Boutik | Camille Shirt | T-shirt Blouse Μαύρο “Τζουρτζουκλίδικο Καλοκαίρι” Κοντομάνικο Μπλουζάκι Petit Boutik | Our Fav Designers | Ciel Concept | BeeMe | Eveleya | SAC & co | Bossy Girl | Petit Boutik | Clic Jewels | Leather Twist | Nino Venturi | Ovary Gang Brand,
cmta1iied00cuq8iyft8338to,Inspiral,Gift Cards - Δωροκάρτα,https://www.inspiral.gr/gift-cards,https://inspiral.gr,200,Η σελίδα δεν βρέθηκε | INSPIRAL JEWELRY,,ΤΟ ΚΑΛΑΘΙ ΣΑΣ | Δυστυχώς η σελίδα που προσπαθήσατε να δείτε δεν είναι διαθέσιμη.,200,INSPIRAL JEWELRY,"Εμείς στο inspiral.gr, με οικογενειακή παράδοση στο κόσμημα όπως στα χειροποίητα δαχτυλίδια, σκουλαρίκια και σταυρούς από το 1922, είναι φυσικό να είμαστε παθιασμένοι με τα σχέδια και τα υλικά που τους δίνουμε σχήμα και ψυχή.","ΤΟ ΚΑΛΑΘΙ ΣΑΣ | Κλειδοθήκη γούρι 2026 επάργυρο & κορδόνι λαδί | Βραχιόλι γούρι 2026, συνδετήρας επίχρυσος, πράσινα οβάλ κρυσταλλάκια | Βραχιόλι γούρι 2026, συνδετήρας επίχρυσος, κορδόνι μπλε εμπριμέ | Βραχιόλι γούρι 2026 επίχρυσο, με σμάλτο, κόκκινο κορδόνι | Βραχιόλι γούρι 2026 2026 επάργυρο ματ άπειρο, γκρι κορδόνι | Βραχιόλι γούρι 2026, συνδετήρας επάργυρος, κορδόνι μπεζ εμπριμέ | Βραχιόλι γούρι 26, επάργυρο, κύβοι με σύμβολα & σμάλτο, ημιπολύτιμες πέτρες | Βραχιόλι γούρι 2026, μπλε νανοκεραμική βαφή, μπλε κορδόνι | Βραχιόλι γούρι 2026, μαύρη νανοκεραμική βαφή, μαύρο κορδόνι | Κολιέ γούρι 2026, συνδετήρας επάργυρος με μαύρο ροζάριο και καδένα | Κολιέ γούρι 26, οβάλ, με κόκκινο σμάλτο, καδένα επίχρυση με κόκκινο μεταλλιζέ ροζάριο | Κολιέ γούρι 26, οβάλ, με πράσινο σμάλτο, καδένα επίχρυση με πράσινο ροζάριο | Ασημένια σκουλαρίκια με δίχρωμο στρόγγυλο μοτίφ | Ασημένιο βραχιόλι με μοτίφ μαργαρίτα και μαύρο όνυχα | Ασήμενιο δαχτυλίδι πάχους 1,4 cm | Ασημένιο δαχτυλίδι, μοτίφ σταυρός με κόκκινα ζιργκόν | Ασημένιο Δαχτυλίδι με μαργαριτάρι | Ασημένιο Δαχτυλίδι | Βραχιόλι από ατσάλι φάρδους 5,0 cm",
cmta1fj1o002lq8iyo5np81fy,Ipatios,Δωροκάρτα 100,https://ipatios.gr/c/gynaika/dwrokarta-gynaika/,https://ipatios.gr,200,Δωροκάρτα - Γυναίκα • Ipatios,Διάλεξε ανάμεσα σε 8 Γυναίκα Δωροκάρτα το προϊόν που κάνει για σένα στην καλύτερη τιμή.,Κατηγορίες | Δωροκάρτα | Δωροκάρτα 300€ | Δωροκάρτα 200€ | Δωροκάρτα 150€ | Δωροκάρτα 100€ | Δωροκάρτα 75€ | Δωροκάρτα 50€ | Δωροκάρτα 30€ | Δωροκάρτα 20€ | Καταστήματα | Τηλεφωνικές παραγγελίες: | ΩΡΑΡΙΟ ΛΕΙΤΟΥΡΓΙΑΣ: | Πληροφορίες | Η Εταιρεία | Εγγραφή στο newsletter,200,Γυναίκα • Ipatios,Αν ξέρουμε κάτι καλά αυτό είναι να σας προσφέρουμε αξεπέραστης ποιότητας προϊόντα για τη γυναίκα που θα λατρέψετε.,Κατηγορίες | ΕΜΠΕΙΡΙΑ & ΕΜΠΙΣΤΟΣΥΝΗ ΑΠΟ ΤΟ 1928 | Brands | Νέα Προϊόντα | Birkenstock Madrid Copper W 1023927 Flip-Flops | New Balance 997 women’s sneakers suede beige (U997RME) | Fila Superbubble W FFW0536-30005 Shoes | Ipanema Fashion Sandal VIII W 82842-20352 Sandals | Skechers Uno 2-2nd Best W 155542-BBK shoes | New Balance W WL574HA2 Shoes | Palladium Pampa SP20 Cuff Waterproof W 76835-008-M shoes | Birkenstock Milano BF 34791 Sandals | Rieker W 45973-00 Shoes | EMU Australia Sharky Micro Town W Shoes W13154-BLAK | Skechers Slip-ins Switch Back – Mist W 180157-GYGR shoes | Skechers Slip-ins Switch Back – Mist W 180157-BKPK shoes | Columbia Terrastride Crz W 2115101126 Shoes | Wrangler Elsa Platform MID Snow Boots M 20243079.37B | Merrell Apline 83 Sneaker Recraft Mid WP W J007580 shoes | Dr. Martens Jadon W Boots DM25637001 | Skechers Uno-Fall Air W 310539L-BLK shoes | Skechers Uno Gen1 Darling Daze W shoes 310566L-BLSH | Skechers Uno Gen1 Darling Daze W shoes 310566L-BLK | Skechers Uno Gen1 Shimmer Away W shoes 310545L-NAT,
cmta4ylfj001nsciy8jb7e1fk,Irisproject,Gift Card | The Iris Project,https://irisproject.gr/gift-card/,https://irisproject.gr,200,Gift Card | The Iris Project,"Ψάχνετε για το τέλειο δώρο που θα μείνει αξέχαστο; Η δωροκάρτα του The Iris Project είναι η ιδανική επιλογή για να χαρίσετε κάτι πραγματικά μοναδικό στα αγαπημένα σας πρόσωπα. Ιδανική για γιορτές, γενέθλια, επετείους ή ακόμη και ως πρωτότυπο δώρο γάμου. | Gift Card - The Iris Project - Capturing the windows of soul | Κενταύρων 28-30, 41222, Λάρισα | 2411812050 | 6972019977 | Δώρο φωτογραφία ίριδας Λάρισα, μοναδικό δώρο Λάρισα, Εξατομικευμένη φωτογράφιση ίριδας για δώρο, πρωτότυπο δώρο ίριδας, Πρωτότυπο δώρο ίριδας σε κάδρο, Πρωτότυπα καλλιτεχνικά δώρα Λάρισα, Προσωπικό δώρο ίριδας σε κορνίζα, Ιδέες για προσωποποιημένα δώρα Λάρισα, Μοναδικό δώρο για επέτειο – φωτογραφία ίριδας, Καλλιτεχνική φωτογράφιση ίριδας ως δώρο, unique iris gift, Πρωτότυπα καλλιτεχνικά δώρα Λάρισα, ζευγάρια δώρο ίριδα, πρωτότυπο δώρο γάμου, δώρο για ζευγάρια, couples iris gift, οικογενειακή φωτογραφία ίριδας, family iris photo, Μοναδικά δώρα από καλλιτεχνικό φωτογραφείο Λάρισα, Φωτογραφία ίριδας για διακόσμηση τοίχου, διακόσμηση σπιτιού ίριδα, εσωτερική διακόσμηση, προσωποποιημένη διακόσμηση, personalized decoration, διακόσμηση σπιτιού, home decor iris, διακόσμηση γραφείου, office decor, διακόσμηση οφθαλμιατρείου, διακόσμηση καταστήματος οπτικών, ophthalmology office decor, optical store decoration, interior decor eye, Εκτύπωση ίριδας για διακόσμηση, Eκτυπώσεις ίριδας σε φωτογραφικό χαρτί, Eκτυπώσεις ίριδας σε φωτογραφικό χαρτί Hahnehmuhle, Μοναδική αποτύπωση ίριδας σε εκτύπωση, ποιοτική εκτύπωση φωτογραφιών, Υψηλής ποιότητας εκτύπωση ίριδας, Καλλιτεχνική εκτύπωση ίριδας σε καμβά, εκτύπωση ίριδας σε metal print, εκτύπωση ίριδας σε acryluxe, Εκτύπωση ίριδας, The Iris Project, Giannis Michis Photography, Iris Photography, Iris Photography Larisa, φωτογράφιση ίριδας, φωτογράφιση ίριδας Λάρισα, Εξειδικευμένη φωτογράφιση ματιού, Καλλιτεχνική φωτογράφιση ματιού Λάρισα, eye photography, eye iris photo, φωτογραφία ίριδας ματιού, Φωτογράφιση ίριδας ως έργο τέχνης, artistic iris, ίριδα τέχνη, iris art, the art of iris, Λάρισα φωτογράφιση ίριδας, Larisa iris photography, Larissa, Volos, Karditsa, Trikala, Θεσσαλία φωτογράφιση ίριδας, Thessaly iris photography, καλλιτεχνικό φωτογραφείο Λάρισα, Ελασσόνα, Τύρναβος, Φάρσαλα, Τρίκαλα, Καρδίτσα, Βόλος, Καλαμπάκα, Φαλάνη, Συκούριο, Ελλάδα, Greece, Λαμία, Βέροια, Θεσσαλονίκη, Κατερίνη, Έδεσσα, Νάουσα, fotografisi iridas larisa, Thessaloniki, veroia, lamia, volos, fotografia tis iridas toy matiou, φωτογραφία ίριδας ματιού, φοτο ιριδασ, πηοτο ιρισ, Γιάννης Μίχης Φωτογράφιση Ίριδας",Gift Card | THE IRIS PROJECT Gift Card,200,The Iris Project | Capturing the windows of soul,"The Iris Project | Capturing the windows of soul | Κενταύρων 28-30, 41222, Λάρισα | 2411812050 | 6972019977 | Η ίριδά σας, όπως δεν την έχετε ξαναδεί. Από τη φυσική λήψη στην επεξεργασμένη εικόνα, αποκαλύπτονται όλες οι οι κρυμμένες λεπτομέρειες. Αν θέλετε να μάθετε περισσότερα για το The Iris Project, καλέστε μας στο +30 2411812050 ή +30 6972019977. The Iris Project, Giannis Michis Photography, Iris Photography, Iris Photography Larisa, φωτογράφιση ίριδας, φωτογράφιση ίριδας Λάρισα, Εξειδικευμένη φωτογράφιση ματιού, Καλλιτεχνική φωτογράφιση ματιού Λάρισα, eye photography, eye iris photo, φωτογραφία ίριδας ματιού, Φωτογράφιση ίριδας ως έργο τέχνης, artistic iris, ίριδα τέχνη, iris art, the art of iris, Δώρο φωτογραφία ίριδας Λάρισα, μοναδικό δώρο Λάρισα, Εξατομικευμένη φωτογράφιση ίριδας για δώρο, πρωτότυπο δώρο ίριδας, Πρωτότυπο δώρο ίριδας σε κάδρο, Πρωτότυπα καλλιτεχνικά δώρα Λάρισα, Προσωπικό δώρο ίριδας σε κορνίζα, Ιδέες για προσωποποιημένα δώρα Λάρισα, Μοναδικό δώρο για επέτειο – φωτογραφία ίριδας, Καλλιτεχνική φωτογράφιση ίριδας ως δώρο, unique iris gift, Πρωτότυπα καλλιτεχνικά δώρα Λάρισα, ζευγάρια δώρο ίριδα, πρωτότυπο δώρο γάμου, δώρο για ζευγάρια, couples iris gift, οικογενειακή φωτογραφία ίριδας, family iris photo, Μοναδικά δώρα από καλλιτεχνικό φωτογραφείο Λάρισα, Φωτογραφία ίριδας για διακόσμηση τοίχου, διακόσμηση σπιτιού ίριδα, εσωτερική διακόσμηση, προσωποποιημένη διακόσμηση, personalized decoration, διακόσμηση σπιτιού, home decor iris, διακόσμηση γραφείου, office decor, διακόσμηση οφθαλμιατρείου, διακόσμηση καταστήματος οπτικών, ophthalmology office decor, optical store decoration, interior decor eye, Εκτύπωση ίριδας για διακόσμηση, Eκτυπώσεις ίριδας σε φωτογραφικό χαρτί, Eκτυπώσεις ίριδας σε φωτογραφικό χαρτί Hahnehmuhle, Μοναδική αποτύπωση ίριδας σε εκτύπωση, ποιοτική εκτύπωση φωτογραφιών, Υψηλής ποιότητας εκτύπωση ίριδας, Καλλιτεχνική εκτύπωση ίριδας σε καμβά, εκτύπωση ίριδας σε metal print, εκτύπωση ίριδας σε acryluxe, Εκτύπωση ίριδας, Λάρισα φωτογράφιση ίριδας, Larisa iris photography, Larissa, Volos, Karditsa, Trikala, Θεσσαλία φωτογράφιση ίριδας, Thessaly iris photography, καλλιτεχνικό φωτογραφείο Λάρισα, Ελασσόνα, Τύρναβος, Φάρσαλα, Τρίκαλα, Καρδίτσα, Βόλος, Καλαμπάκα, Φαλάνη, Συκούριο, Ελλάδα, Greece, Λαμία, Βέροια, Θεσσαλονίκη, Κατερίνη, Έδεσσα, Νάουσα, fotografisi iridas larisa, Thessaloniki, veroia, lamia, volos, fotografia tis iridas toy matiou, φωτογραφία ίριδας ματιού, φοτο ιριδασ, πηοτο ιρισ, Γιάννης Μίχης Φωτογράφιση Ίριδας",PROCESS | IRIS PRODUCTS | The Iris Project,
cmtb62l5k000x94iyh8vs7gfk,Ivanacappuccini,Ivanacappuccini Gift Card,https://www.ivanacappuccini.gr/product-category/wps_wgm_giftcard/,https://ivanacappuccini.gr,200,Gift Card – Ivana Cappuccini,,LUREX SWEATSHIRT (M) | DEBBY | POPPY | Gift Card 100€ | Gift Card 150€ | Gift Card 200€,200,Ivana Cappuccini – Fashion Boutique,,LUREX SWEATSHIRT (M) | DEBBY | POPPY | IKON KAPRI CHARM SNEAKERS | joanna.100% cashmere roll-neck poncho sweater | kenza. 100% cashmere oversize round-neck sweater | clare. 100% brushed cashmere short round-neck sweater | alicia. 100% cashmere oversize v-neck sweater | themys. 100% cashmere roll-neck sweater | sheffield. 100% cashmere v-neck poncho sweater,
cmt8gzro7000114iywjzh5sfg,JD Sports Greece,JD Sports Greece Gift Card,https://www.jdsports.gr/el/cms/333/gift-cards,https://www.jdsports.gr,200,JD Δωροκάρτα και Ηλεκτρονική Δωροκάρτα | JD Sports Ελλάδα,Εξασφάλισε το τέλειο δώρο για την οικογένεια σου και τους φίλους σου με μια JD Δωροκάρτα και Ηλεκτρονική Δωροκάρτα!,JD ΔΩΡΟΚΑΡΤΑ &ΗΛΕΚΤΡΟΝΙΚΗ ΔΩΡΟΚΑΡΤΑ | ΣΤΕΙΛΕ JDΗΛΕΚΤΡΟΝΙΚΗ ΔΩΡΟΚΑΡΤΑ | ΒΗΜΑ 1 | ΒΗΜΑ 2 | ΒΗΜΑ 3 | ΒΗΜΑ 4 | ΤΟ ΚΑΛΥΤΕΡΟ ΔΩΡΟ ΒΡΙΣΚΕΤΑΙ ΑΝΑΜΕΣΑ ΣΤΑ HOT DROPS' | ΒΡΕΣ ΚΟΡΥΦΑΙΑ & EXCLUSIVE ΒRANDS,200,JDSports.gr | No1 Προορισμός στην Ελλάδα για Premium Sports και Street Fashion,Βρες στη JD Sports μια μεγάλη συλλογή από το πιο cool design ανάμεσα σε μια ποικιλία από Top Brands και Exclusive Collections!,GET SET | Αγαπημένα Brands | ΑΝΔΡΙΚΑ | ΓΥΝΑΙΚΕΙΑ | ΠΑΙΔΙΚΑ | Top Picks | Nike Air Max Moto 2K Ανδρικά Παπούτσια | Jordan Diamond Ανδρικό Σορτς | Nike Air Max 95 Ανδρικά Παπούτσια | Levi’s Original HM Ανδρικό T-Shirt | adidas Adizero Evo SL EXO Ανδρικά Παπούτσια για Τρέξιμο | Nike Air Force 1 '07 Ανδρικά Παπούτσια | Under Armour HeatGear Compression Ανδρικό T-shirt | The North Face Tested & Proven Ανδρικό Φούτερ με Κουκούλα | Hoodrich Celeste V2 Γυναικείο T-Shirt | Hoodrich Celeste V2 Γυναικείο Παντελόνι Φόρμας | ASICS Sportstyle Gel-1130 Unisex Παπούτσια | adidas Originals Γυναικεία Τζιν Φούστα | adidas Originals Leopard Γυναικείο Crop Top | New Balance 530 Unisex Παπούτσια | adidas Originals Towel Striped Γυναικείο T-Shirt | adidas Originals Adistar Control 5 Γυναικεία Παπούτσια | Nike Air Force 1 LE Παιδικά Παπούτσια | Nike Small Logo Παιδικό T-Shirt,
cmta4yluz001psciy0wjw11o5,Jardinplus,Gift Card Jardin Plus,https://jardinplus.gr/en/product/gift-card-jardin-plus-en/,https://jardinplus.gr,200,Gift Card Jardin Plus – Jardin Plus,,Gift Card Jardin Plus | Οδηγός Μεγέθους | Follow us on Instagram | Take part in competitions and win unique GIFTS!,200,"Jardin Plus – Ανθοπωλείο Θεσσαλονίκη / Κέντρο, Άνθη – Φυτά – ανθοπωλείο online JARDIN PLUS",,Jardin Plus | Λουλούδια | Timeless | Γιατί JARDIN PLUS; | Φυτά | Συνθέσεις Λουλουδιών | Αποξηραμένα | JARDIN PLUS Picks | Best Day Bouquet | Jam Jar Mamma Mia | Marmalade Bouquet | Jam Jar Lime Sorbet | Μπονσάι σε κεραμικό κασπό | Ορχιδέα singolo mini σε κεραμικό κασπό | Paprika Bouquet | How sweet it is | Candy Bloom | Μονστέρα σε κεραμικό κασπό | First Kiss | Τσάντα Jardin Plus Λευκή | Δημοφιλείς Κατηγορίες | ΛΟΥΛΟΥΔΙΑ | ΦΥΤΑ | ΣΥΝΘΕΣΕΙΣ,
cmta1f16s000rq8iy7vke82nt,John-Andy,JOHN-ANDY Δωροεπιταγή 20 Ευρώ,https://www.john-andy.com/,https://john-andy.com,200,"Επώνυμα Ρούχα, Παπούτσια & Αξεσουάρ | John-Andy.com","Ανακάλυψε τη μεγαλύτερη ποικιλία σε fashion brands στον John-Andy. Γυναικεία και ανδρικά ρούχα και αξεσουάρ σε περιμένουν σε έναν fashion προορισμό, στο John-Andy.com για να βρεις όλες τις νέες τάσεις της σεζόν που θα αγαπήσεις.",ΔΗΜΟΦΙΛΗ | ΝΕΑ ΠΡΟΪΟΝΤΑ | ΠΡΟΣΦΟΡΕΣ | BRANDS,200,"Επώνυμα Ρούχα, Παπούτσια & Αξεσουάρ | John-Andy.com","Ανακάλυψε τη μεγαλύτερη ποικιλία σε fashion brands στον John-Andy. Γυναικεία και ανδρικά ρούχα και αξεσουάρ σε περιμένουν σε έναν fashion προορισμό, στο John-Andy.com για να βρεις όλες τις νέες τάσεις της σεζόν που θα αγαπήσεις.",ΔΗΜΟΦΙΛΗ | ΝΕΑ ΠΡΟΪΟΝΤΑ | ΠΡΟΣΦΟΡΕΣ | BRANDS,
cmta1ijyo00d2q8iymi2v9yma,Jonak,Ηλεκτρονική Δωροκάρτα - Jonak,https://jonak.gr/,https://jonak.gr,200,High-end women's shoes and accessories | Jonak,"Discover the world of Jonak through our premium, on-trend women's shoes. Free delivery to pickup points across the Eurozone on orders over €150.",WOMEN SHOES & LEATHER GOODS | JONAK OFFICIAL STORE | {{searchStr}} | THIS WEBSITE USES COOKIES,200,High-end women's shoes and accessories | Jonak,"Discover the world of Jonak through our premium, on-trend women's shoes. Free delivery to pickup points across the Eurozone on orders over €150.",WOMEN SHOES & LEATHER GOODS | JONAK OFFICIAL STORE | {{searchStr}} | THIS WEBSITE USES COOKIES,
cmtb6uso100263giyirsjmlru,Joykidsboutique,Δωροκάρτα,https://joykidsboutique.gr/shop/uncategorized/gift-card/,https://joykidsboutique.gr,200,Gift Card - Joy Kids' Boutique,Give a Gift Card to your loved ones and let them choose what they want.,Gift Card | Αξιολογήσεις | Σχετικά προϊόντα | Καλσόν Κορίτσι Μπεζ σκούρο | Δωροκάρτα | Mayoral Καλσόν Κορίτσι Λευκό | Σημαντικοί Σύνδεσμοι,200,Home - Joy Kids' Boutique,Δωρεάν αποστολή Για αγορές άνω των 100€ Δωρεάν αλλαγή Για επιστροφές εντός 15 ημερών Νεογέννητα Μικρή ηλικία Μεσαία ηλικία Μεγάλη ηλικία Προσφορές Αξεσουάρ Νέες Αφίξεις Η αγάπη μας για τα παιδιά και την ποιοτική ένδυση αποτελεί τον οδηγό σε κάθε μας βήμα. Επικοινωνήστε μαζί μας Το κατάστημά μας άνοιξε τον Αύγουστο του 2017 με σκοπό … Home Διαβάστε Περισσότερα »,Νεογέννητα | Μικρή ηλικία | Μεσαία ηλικία | Μεγάλη ηλικία | Προσφορές | Αξεσουάρ | Νέες Αφίξεις | Two in a Castle “Butterfly Sky” Allover Ruffle Bikini | Two in a Castle “Heartbeat” allover Ruffle Bikini | Two in a castle” Summer Tart Fruits” Backless Long Swimsuit | Two in a castle “Bandana” Allover Athletic Bikini | Two in a Castle” Summer Tart Fruit” Bikini with a skirt | Two in a Castle” May Pic – Nic” Vichy Ruffle Bikini | Two in a Castle “Amore mio” Puff Sleeve Bikini | Two in a castle ” The Cool shirt” ολόσωμη φόρμα | Η αγάπη μας για τα παιδιά και την ποιοτική ένδυση αποτελεί τον οδηγό σε κάθε μας βήμα. | Σημαντικοί Σύνδεσμοι,
cmta1lmrm00pwq8iykcovjeo1,Justbrazilstore,Justbrazilstore Gift Card,https://www.justbrazilstore.gr/products/gift-card,https://justbrazilstore.gr,200,Gift Card,Shopping for someone else but not sure what to give them? Give them the gift of choice with a just-brazil gift card. They are delivered by email and contain instructions to redeem them at checkout. In the 'Notes' you may write anything you wish and we will make sure to write your wishes on the card.,Spring Stripes Green Crop Top | Alexa Fern Cropped Pants | Desis Embroidered Sailor White Shirt | Justbrazil Studio | Day Dream Silk Scarf | 10% on first order | Gift Card | Notification | You May Also Like | Company | Customer Care | Information | Social media | Cart (0) | Product Added to Cart Correctly | Subtotal | Account | Welcome to Your Account,200,JUSTBRAZIL,Represents the mixture of cultures in Brazil from all over the world!,Spring Stripes Green Crop Top | Alexa Fern Cropped Pants | Desis Embroidered Sailor White Shirt | Justbrazil Studio | Day Dream Silk Scarf | 10% on first order | Duke Embroidered Shirt | Lasso Knit Polo Chocolate | La Rosa Jacquard Bomber Jacket | CELIA B | FARM RIO | Farm Rio Kids | Thousand Hearts Dress | Toucan Colors Shorts | Toucan Colors Blouse | Illustrated Print Dress | Blue Vertical Garden Jumpsuit | Forest Night Print Dress | Garden Scarf Print Top | Garden Scarf Print Shorts | Seed Scarf Print Dress | Warm Hug Printed T-Shirt | Cherry Scarf Print Dress | Cherry Polka Dot Dress,
cmta1n88i00w2q8iyediptv4s,Kaelego,Gift card-50,https://kaelego.gr/gift-card/,https://kaelego.gr,,,,,200,kaelego.gr Handmade premium natural candles – Φυτικά κεριά,Kaelego – Handmade premium natural candles – Χειροποίητα φυτικά κεριά κορυφαίας ποιότητας – Διαλέξτε ανάμεσα σε πανέμορφα σχέδια & υπέροχα αρώματα που διαρκούν,Search | Cart | Handpicked for You | Abstract Easter Candle – Special Fluo Edition | Coral | Shell | Dream. Believe. Dare. Do. | All in Pink! | The Dark Knight | Juliet | Islands | Maison Melts | Blooming Stripes | The Breaking Point | Origami Blossom | Red Velvet Cake | Cookie Melts | Bueno Bites | Central Perk: Limited Edition | Pumpkin Garden | Taken | La Musa | Peach Serenity Easter Special | Loving Mug,This operation was aborted
cmtb7854p0069dkiyksq1j4oy,Kakiasoptics,Δωροκάρτα | Gift card,https://kakiasoptics.gr/products/gift-card/,https://kakiasoptics.gr,200,Δωροκάρτα | Gift card - kakiasoptics.gr,,Δωροκάρτα | Gift card | €0.00 inc. VAT | με ΦΠΑ | Contact Us | Leave Feedback,200,- kakiasoptics.gr,"Πολυεστιακοί φακοί, Γυαλιά οράσεως, Γυαλιά ηλίου, Φακοί επαφής",,
cmta1gpbv006mq8iyibjbd4ff,Kaktos,ΔΩΡΟΚΑΡΤΑ,https://www.kaktos.gr/product/dorokarta/,https://kaktos.gr,200,ΔΩΡΟΚΑΡΤΑ - Εκδόσεις Κάκτος,,ΔΩΡΟΚΑΡΤΑ | Μπορεί επίσης να σας αρέσουν | Οι προκηρύξεις της 17 Νοέμβρη | Σειρά Πλάτωνος Πολιτεία | Τα Εις εαυτόν (Επίτομο) – Μάρκος Αυρήλιος | Ηθικά Νικομάχεια (3 τόμοι) | Σειρά Θουκυδίδης – Δεμένο (4 τόμοι),200,Home - Εκδόσεις Κάκτος,"Εκδόσεις ΚΑΚΤΟΣ, home page. Βρες όλα τα βιβλία των Εκδόσεων ΚΑΚΤΟΣ. Αρχαία Ελληνική Γραμματεία. Λογοτεχνία. Βιβλία γνώσης. Αυτοβελτίωση.",Home | Νέες κυκλοφορίες | Ίκαρος και Έλλη στο μεγάλο ταξίδι | Αναζητώντας οικογένεια | Ιλιάδα και Οδύσσεια | Άγχος | Αυτοφροντίδα | Κόπωση | Προτάσεις | Αιγυπτιακά | ΣΕΙΡΑ THE INNER LIFE (3 βιβλία) | Συλλογή Ησίοδος (2 τόμοι) | Σειρά Άρθουρ Σοπενχάουερ (4 βιβλία) | ΣΕΙΡΑ ΑΠΠΙΑΝΟΣ (15 Τόμοι) | Ένα παιδί που διαβάζει γίνεται ενήλικας που σκέφτεται | Η Σπηλιά του Πλάτωνα | Αντιγόνη | Ειρήνη | Το άλλο μας μισό | Γοργώ η Λακεδαιμονία | Ο πρώτος μαραθωνοδρόμος | Βάκχες | Βιβλία Γνώσης - Δημοφιλείς Κατηγορίες | Αθήνα,
cmta5npkk000t54iyjgkmw0i1,Kalina Concept Store,Kalina Concept Store - GIFT CARD,https://kalinaconceptstore.gr/products/gift-card-kalina-concept-store?srsltid=AfmBOorgzWkZpfBaPYqqARKb9wop02LbcC_yk1o_0sVP6K0hJOkAJntx,https://kalinaconceptstore.gr,200,GIFT CARD - Kalina Concept Store,"Give the gift of choice with the Kalina Concept Store E-Gift Card. Whether it's for a birthday, a celebration, or just because – it’s the ultimate present for every stylish woman in your life. 💌 Delivered instantly via email🛍️ Redeemable online (and soon in-store!)🎨 Available in multiple values Because… life is boring",Item added to your cart | GIFT CARD - Kalina Concept Store | Please adjust the following: | Subscribe to our emails | ΔΙΕΥΘΥΝΣΗ | Στοιχεία Επιχείρησης,200,Kalina Concept Store - Buy more of what makes you happy!,"Το Kalina Concept Store δημιουργήθηκε με στόχο να δώσει ""χρώμα"" στη ζωή μας μέσα από ρούχα, αξεσουάρ & καθημερινά αντικείμενα σπιτιού και ομορφιάς προσεκτικά επιλεγμένα για να ""φωτίσουν"" το στυλ μας!","Item added to your cart | CLOTHES - Wearing my mood... | Dresses | Blouses & Tops | Shirts | GIFTS - It's not just a gift, is giving your soul a lift | Gifts | Wellness | Socks | HOME - Living the stylish life | Βάζο Χυμός Πορτοκάλι - Λευκό/Πορτοκάλι/Πράσινο | Βάζο Icon Freedom 15 cm | Bow Vase | SALT BOX STAY SALTY PINK RED | HAIR - Be as bold as your hair | Κοκαλάκι μαλλιών φιόγκος | Κοκαλάκι μαλλιών μαργαρίτα | Κοκαλάκι μαλλιών φιόγκος (άσπρο/μαύρο) | DISCOUNT SHOP | TOP AMORE | TOP TULLE | TEESHIRT LETO ECRU | Black short sleeve ruffle t-shirt | Kalina's world",
cmta1ksaz00miq8iyz8knfxq5,Kalousos,Δωροκάρτα (Gift Card) 50,https://www.kalousos.gr/el/dorokarta-gift-card-50eur.html,https://kalousos.gr,200,KALOUSOS Δωροκάρτα (Gift Card) 50€ μόνο με 50.00,kalousos gift card,Δωροκάρτα (Gift Card) 50€ | Αναλυτική Περιγραφή | Ωράριο Λειτουργίας Καταστημάτων | Πληροφορίες | Επικοινωνία,200,Καλούσος Ιατρικός Εξοπλισμός,Η ΚΑΛΟΥΣΟΣ ΙΑΤΡΙΚΟΣ ΕΞΟΠΛΙΣΜΟΣ δραστηριοποιείται στο χώρο των ιατρικών μηχανημάτων και αναλωσίμων υλικών εστιάζοντας στους τομείς της Καρδιολογίας και Φυσικοθεραπείας,ΝΕΑ ΠΡΟΪΟΝΤΑ | ΠΡΟΓΡΑΜΜΑ ΕΠΙΒΡΑΒΕΥΣΗΣ KALOUSOS L∞p | #kalousos.gr | Ωράριο Λειτουργίας Καταστημάτων | Πληροφορίες | Επικοινωνία,
cmta1lj9c00piq8iynmfth5h9,Kantarzoglou,€150.00 Gift Card,https://www.kantarzoglou.gr/el/my-gift-cards/,https://kantarzoglou.gr,200,Oι δωροεπιταγές μου,,Oι δωροεπιταγές μου,200,Aρχική Σελίδα,,Aρχική Σελίδα | Προσφορές | Νέα Προϊόντα | Εργαλεία Χειρός | Πένσες & Κόφτες | Εργαλεία για το Σπίτι | Εργαλεία Κήπου | Εργαλεία Διαμόρφωσης | Προστασία Εργαζομένων | Ηλεκτρικά Εργαλεία | Εργαλεία ανά Επάγγελμα | Αναλώσιμα Εργαλείων | Μοντελισμός Κοπτικά | Βίδες Ούπα Καρφιά | Υλικά Επιπλοποιίας | Κλειδαριές & Σύρτες | Πόμολα Επίπλων | Πόμολα Πόρτας | Σπίτι - Κήπος | Εξαρτήματα Πρόσδεσης | Ηλεκτρολογικό Υλικό | Υδραυλικά Είδη | Είδη Χρωματοπωλείου | Χρώματα & Βερνίκια,
cmta1n8vk00w4q8iyw60rzrqc,Kare24,gift card - Kare24.gr,https://kare24.gr/,https://kare24.gr,200,Έπιπλα Διακοσμητικά και Αξεσουάρ για το σπίτι Kare24.gr,Η μεγάλη συλλογή της Kare σε έπιπλα και διακοσμητικά που ανανεώνεται συνεχώς με τα τελευταία trends υπόσχεται οτι θα καλύψει κάθε στυλ διακόσμησης.,Καλάθι | Λογαριασμός | For Trending Interiors | ΝΕΕΣ ΑΦΙΞΕΙΣ | ΕΞΕΡΕΥΝΗΣΤΕ ΤΙΣ ΚΑΤΗΓΟΡΙΕΣ ΑΞΕΣΟΥΑΡ | ΧΑΡΙΣΕ ΜΙΑ GIFT-CARD ΣΤΟΥΣ ΑΓΑΠΗΜΕΝΟΥΣ ΣΟΥ | ΕΠΙΚΟΙΝΩΝΙΑ | ΕΞΥΠΗΡΕΤΗΣΗ ΠΕΛΑΤΩΝ | Ο ΛΟΓΑΡΙΑΣΜΟΣ ΜΟΥ | ΑΚΟΛΟΥΘΗΣΕ ΜΑΣ,200,Έπιπλα Διακοσμητικά και Αξεσουάρ για το σπίτι Kare24.gr,Η μεγάλη συλλογή της Kare σε έπιπλα και διακοσμητικά που ανανεώνεται συνεχώς με τα τελευταία trends υπόσχεται οτι θα καλύψει κάθε στυλ διακόσμησης.,Καλάθι | Λογαριασμός | For Trending Interiors | ΝΕΕΣ ΑΦΙΞΕΙΣ | ΕΞΕΡΕΥΝΗΣΤΕ ΤΙΣ ΚΑΤΗΓΟΡΙΕΣ ΑΞΕΣΟΥΑΡ | ΧΑΡΙΣΕ ΜΙΑ GIFT-CARD ΣΤΟΥΣ ΑΓΑΠΗΜΕΝΟΥΣ ΣΟΥ | ΕΠΙΚΟΙΝΩΝΙΑ | ΕΞΥΠΗΡΕΤΗΣΗ ΠΕΛΑΤΩΝ | Ο ΛΟΓΑΡΙΑΣΜΟΣ ΜΟΥ | ΑΚΟΛΟΥΘΗΣΕ ΜΑΣ,
cmta4ymsn001tsciyyvjfc8uf,Katsudo,Katsudo Gift Card,https://www.katsudo.gr/en/products/gift-voucher,https://katsudo.gr,200,Gift Voucher – Katsudo,"How does an electronic gift voucher work? A gift voucher is electronic – nothing will come to you by mail. However, you will receive a unique discount code in the value of the gift voucher amount you have chosen. Choose the voucher value and add it to your cart. Pay for your order. When paying by card, after successful",5% discount on your order | Gift Voucher | How does an electronic gift voucher work? | Recently viewed | Customer Reviews | Reviews in Other Languages | Subscribe to our newsletter and we’ll send you a 5% discount on your first purchase as a thank you.,200,Katsudo - potreby pre bojové športy,"Športové oblečenie a výstroj pre bojové umenia vyrábané na Slovensku. Prémiová kvalita, odolné materiály a moderný dizajn. Objavte Katsudo rýchle doručenie a spoľahlivý servis.","Katsudo | 5% zľava na tvoju objednávku | Οι εκπτώσεις βρίσκονται σε πλήρη εξέλιξη | Vyber si tú správnu obuv! | Rukavice, ktoré niečo vydržia | Vybavenie, ktoré ťa nezradí | Chrániče holení | Rukavice | Box vrecia | Kimoná | Νέα | Každý pohyb má svoj význam. Cesta vedie cez disciplínu a odhodlanie. | Karate obi opasky | Rukavice na karate | Kimoná na karate | Tatami na karate | Box Rukavice | Maximálna ochrana zubov pri každom údere | Chrániče zubov | Preskúmaj naše kategórie | Zrodené pre boj. Pripravené pre víťazstvo. | Skutočné recenzie, reálne skúsenosti | Naše články | Ako si vybrať správnu veľkosť boxerských rukavíc?",
cmta1ilzk00d8q8iy2h8zeglu,Kazi,Gift Card 80,https://kazi.gr/gift-card-519380-1.html,https://kazi.gr,200,Gift Card 30 519380-1 plus size | Kazi Line Fashion,Μπλούζα Kanok Τύπου Λινό! Μπλούζα από εξαιρετικής ποιότητας ύφασμα τύπου λινό και ελληνικής κατασκευής. Πουκαμίσα σε άνετη γραμμή με V λαιμόκοψη και άνετα μανίκια....,Gift Card 80,200,"Μοντέρνα, άνετα, γυναικεία ρούχα σε μεγάλα μεγέθη XL - XXL | Kazi Line Fashion","Στο Kazi Line Fashion θα ανακαλύψετε μεγάλη συλλογή σε μοναδικά γυναικεία ρούχα plus size. Γυναικεία φορέματα, παντελόνια, μπλούζες, κιμονό μεγάλα μεγέθη",SHOP BY SIZE: | 48-50 | 52-54 | 56-58 | 60-62,
cmta1gqc2006qq8iyv2lcifad,Keriland,Δωροκάρτα,https://www.keriland.gr/product-category/gift-card/,https://keriland.gr,200,Gift Card - Keriland,Το Keriland σου δίνει τη δυνατότητα να αγοράσεις δωροκάρτα στους αγαπημένους σου!,Gift Card | Σύνδεση | Εγγραφή,200,Αρχική - Keriland,,Νέα καλοκαιρινή σειρά | Παραφίνη – Σόγια – Αρώματα | Υλικά για κεριά – Πρώτες ύλες | ΚΕΡΙΑ ΓΙΑ | HO.RE.CA | New Arrivals | Δημοφιλείς Κατηγορίες | Κορυφαία Προϊόντα | Ποιοι Είμαστε | ΕΠικοινωνηστε μαζί μας | 10% ΕΚΠΤΩΣΗ ΣΤΙΣ ΠΡΩΤΕΣ ΥΛΕΣ | Σύνδεση | Εγγραφή,
cmtb62lvm001194iyq5zn5axw,Kids Garden,Gift Card - Kids Garden,https://www.kidsgarden.gr/en/product/gift-card-en/?srsltid=AfmBOooSfynbL7v300RE025ECEyB-qTuEwnqETUiXC2RdMpEkcbTGQpl,https://kidsgarden.gr,200,Gift Card - Kids Garden,No idea what to choose? Give your loved ones the freedom to choose with a Gift Card!,Gift Card | Sending Products | Shipping charges | Order cancellation | Set an amount | Delivery details | TERMS | Info | Opening Hours | Shopping cart | Sign in,200,Αρχική - Kids Garden,,"Βαμβακερή μακό μπλούζα για αγόρι | Τζάκετ με δερματίνη | Σετ φούτερ φόρμα με τύπωμα για αγόρι | Φούτερ φόρμα σετ 3 τεμαχίων για αγόρι. Περιλαμβάνει μπλούζα με τύπωμα και 2 μονόχρωμα παντελόνια. | Πυζάμα για αγόρι | Παιδικό μαγιό boxer με τύπωμα στο πλάι για αγόρι | Βαμβακερή μπλούζα μακό με τύπωμα, αγόρι | Παιδικό μαγιό εμπριμέ για αγόρι | Φούτερ φόρμα με τύπωμα για αγόρι | Πυζάμα Energiers για αγόρι | ΟΡΟΙ ΧΡΗΣΗΣ | Πληροφορίες | Ωρες Λειτουργιας | Καλάθι | Σύνδεση",
cmta1n9ed00w6q8iyqd615q39,Klotsotiras,"Gift cards - Πετσέτες, Σεντόνια, Πάπλωμα, Κουβέρτες, ...",https://klotsotiras.gr/gift-cards/,https://klotsotiras.gr,200,"Gift cards - Πετσέτες, Σεντόνια, Πάπλωμα, Κουβέρτες, Μπουρνούζια, Παιδικά - Klotsotiras",Purchase online and the e-Gift Card is sent straight to their inbox!,Gift cards,200,"Λευκά Είδη - Πετσέτες, Σεντόνια, Πάπλωμα, Κουβέρτες, Μπουρνούζια, Παιδικά - Klotsotiras","Θα βρείτε όλα όσα χρειάζεται το σπίτι σας και όχι μόνο.Από την καθημερινή άνεση μέχρι τις πιο ξεχωριστές λεπτομέρειες, οι συλλογές μας σε λευκά είδη,","Παιδική Παπλωματοθήκη Dino | Παιδική Παπλωματοθήκη Little Circus | Παιδική Παπλωματοθήκη Little Dream | Παιδική Παπλωματοθήκη Little Pirate | Παιδική Παπλωματοθήκη Little Princess | Παιδικό Πάπλωμα Circus – Μονό 160×220 | Παιδικό Πάπλωμα Dino – Μονό 160×220 | Παιδικό Πάπλωμα Little Dream – Μονό 160×220 | Παιδικό Πάπλωμα Little Princess – Μονό 160×220 | Παιδικό Πάπλωμα Pirate – Μονό 160×220 | Σαλόνι | Παιδικά | Μπάνιο | Κρεβατοκάμαρα | Κουζίνα | Βρεφικά | Άμεση Αποστολή | Δωρεάν Μεταφορικά | Ευελιξία Πληρωμών | Επιστροφές | Παιδικό Υπνοδωμάτιο: Ιδέες για Σεντόνια, Παπλώματα & Διακόσμηση | Σεντόνια Κούνιας: Η Πρώτη Αγκαλιά του Ύπνου 🌙 | Πώς να διαλέξεις το σωστό πάπλωμα και κουβέρτα για τον χειμώνα – Ο απόλυτος οδηγός ζεστασιάς | Χριστουγεννιάτικο Τραπέζι με Στύλ – Ιδέες Διακόσμησης & Υφάσματα Klotsotiras Home",
cmta1in6000deq8iyzrf26jcw,Kois Optics,Kois Optics Gift Card,https://www.kois-optics.gr/el/products/giftcard,https://kois-optics.gr,,,,,,,,,This operation was aborted | This operation was aborted
cmta4yop20021sciygr9rpkdk,Kolbo,KOLBO Gift Card,https://kolbo.gr/en/products/kolbo-gift-card?srsltid=AfmBOorljYiSDILmbTbv5IYqJVTJ3BIQWqJMmP5o2yfij2eBr_vRbwZL,https://kolbo.gr,200,KOLBO Gift Card,"Kolbo is an online Israeli supermarket based in Athens, importing beloved products from Israel to Greece - food, household items, kids' and holiday products, just like back home. We work directly with Israeli manufacturers and deliver safely, in original packaging, to your door.",KOLBO Gift Card | WE ARE KOLBO | Info & Policies | קולבו אונליין,200,KOLBO,"Kolbo הוא סופר ישראלי אונליין שפועל מאתונה, ומייבא ליוון מוצרים מוכרים ואהובים מישראל – אוכל, מוצרים לבית, דברים לילדים ולחגים - בדיוק כמו בארץ. אנחנו עובדים ישירות עם יצרנים וספקים מישראל, שומרים על המוצרים באריזתם המקורית, ודואגים להביא אותם אליכם בצורה מסודרת, בטוחה ובהתאם לתקנים האירופאיים.",מזווה ישראלי | חטיפים וממתקים | רטבים וממרחים | שימורים | מוצרי ניקיון וכביסה | שתיה | בריאות | ילדות ישראלית | פופולרי השבוע | חדש על המדף | מגירת חטיפים | מבצעים | מגיעים לחופשה באתונה? | משלוחים לכל יוון | ייבוא ישיר מישראל | מוצרים כשרים | קהילה ישראלית באתונה | WE ARE KOLBO | מידע ותקנונים | קולבו אונליין,
cmtb785hb006bdkiyfv69uwot,Konstantinidis Dental,Konstantinidis Dental Gift Card,https://www.konstantinidisdental.gr/gift-card/,https://konstantinidisdental.gr,200,KONSTANTINIDIS GIFT CARD - Νο1 Κέντρο Εμφυτευμάτων,Κέντρο Εμφυτευμάτων στην Αθήνα. Πιστοποιημένα Εμφυτεύματα. Γρήγορη ανάρρωση. 20 Χρόνια Εμπειρίας. Δωρεάν εκτίμηση. Δόντια σε 1 Μέρα,KONSTANTINIDIS DENTAL | Εύκολα και γρήγορα ενημερώνεται με ένα SMS για το δώρο του! | ΒΗΜΑ 1 | ΣΥΜΠΛΗΡΩΣΤΕ ΤΑ ΣΤΟΙΧΕΙΑ | ΕΠΙΛΕΞΤΕ ΠΟΣΟ | ΒΗΜΑ 2 | ΒΗΜΑ 3 | ΒΗΜΑ 4,200,Οδοντιατρική Κλινική στην Αθήνα- Εμφυτεύματα & Δόντια σε 1 μέρα,"Οδοντιατρική κλινική στην Αθήνα. Εμφυτεύματα, All-on-4, αισθητική οδοντιατρική από εξειδικευμένη ομάδα. Κλείστε ραντεβού. Δώρεαν ραντεβού.",KONSTANTINIDIS DENTAL | Οδοντιατρική Κλινική στην Αθήνα | ΣΧΕΤΙΚΑ ΜΕ ΕΜΑΣ | ΣΥΓΧΡΟΝΕΣ ΟΔΟΝΤΙΑΤΡΙΚΕΣ ΥΠΗΡΕΣΙΕΣ | Εμφυτεύματα Δοντιών | Ψηφιακός Σχεδιασμός Θεραπείας | Γενική Οδοντιατρική | Αισθητική Οδοντιατρική | Ορθοδοντική θεραπεία | Γναθολογία | Περιοδοντίτιδα | Χειρουργική Στόματος | Η ΓΝΩΜΗ ΤΩΝ ΑΣΘΕΝΩΝ ΜΑΣ | ΤΕΛΕΥΤΑΙΑ ΑΡΘΡΑ | ΒΡΕΙΤΕ ΜΑΣ ΣΤΗΝ ΑΘΗΝΑ,
cmta4yp610023sciy7a769qlz,Koroneos,Gift Cards - Koroneos - BREE,https://koroneos.gr/product/gift-cards/,https://koroneos.gr,200,Gift Cards - Koroneos - BREE,"Δωροκάρτα Οι κάτοχοι της κάρτας μπορούν να τη χρησιμοποιήσουν είτε στο φυσικό μας κατάστημα, είτε ηλεκτρονικά κάνοντας χρήση του μοναδικού κωδικού που θα τους αποσταλεί.","Shopping cart | Gift Cards | Περιγραφή | Επιπρόσθετες Πληροφορίες | Αξιολογήσεις | Σχετικά προϊόντα | Roeckl leather Gloves 212 | Roeckl, leather Gloves 382 | Scarf 910 45×180 | Roeckl leather Gloves 634 | Scarf 944 | Roeckl leather Gloves 220 | Scarf 321 | Roeckl leather Gloves 438",200,Δερμάτινες τσάντες και αξεσουάρ - Koroneos - BREE,,"Shopping cart | Καλωσήρθατε! | Arrivals | Σακίδιο, μεγάλο, Niyodo Re, L, backpack | Ταχυδρομική τσάντα, μεσαία, Omono Re Lite, M, crossover bag | Ταχυδρομική τσάντα, μεσαία, Mogami Re Lite, M, crossover bag | Ταχυδρομική τσάντα, μικρή, Nanuki Re Lite, S, crossover bag | Ταχυδρομική τσάντα, μικρή, Yura Re Lite, S, crossover bag | Σακίδιο, μεγάλο, Kushiro Re, L, backpack | Σακίδιο, μεσαίο, Toshimoi Re, M, backpack | Σακίδιο, μεγάλο, Tokachi Re, L, backpack | Σακίδιο, μεσαίο, Tama Re, M, backpack | Σακίδιο, μικρό, Kiso Re, S, backpack | Ταχυδρομική τσάντα, μικρή, Takahashi Re, M, crossover bag | Ταχυδρομική τσάντα, μικρή, Seki Re, S, crossover bag | Ταχυδρομική τσάντα, μικρή, Kuji Re, S, crossover bag | Ταχυδρομική τσάντα, μικρή, Yodo Re, S, crossover bag | Ταχυδρομική τσάντα, μεγάλη, Κοyoshi Re, crossover bag, L | Ταχυδρομική τσάντα, μεσαία, Yoshi Re, crossover bag, M | Ταχυδρομική τσάντα, μεσαία, Oyabe Re, crossover bag, M | Ταχυδρομική τσάντα, μικρή, Onga Re, S, crossover bag | Τσάντα μέσης, Ishikari Re, beltbag/bodybag | Backpack S, water repellent cotton, Yaizu | Backpack L, water repellent cotton, Morioka",
cmtb6e0nb0003i4iyoxrlm6gj,Koumoulia,Koumoulia Gift Card,https://www.koumoulia.gr/en/,https://koumoulia.gr,200,Koumoulia - Pottery courses and seminars in Crete gifts,"In Koumoulia, you can attend pottery lessons / seminars, buy ready-made pieces from our e-shop, or stay in our Guest House combining holidays on the beautiful island of Crete with the practice of the ceramic art.","Wedding, baptism, contact us! | Visit our e-shop ! | Discover our seminars! | Find out about our classes! | Functional | Decorations | Jewelry | For pets | Games | Seasonal items | Subscribe to the Newsletter",200,Κουμουλιά - Μαθήματα σεμινάρια κεραμικής αγγειοπλαστικής δώρα,Μαθήματα και σεμινάρια αγγειοπλαστικής και κεραμικής. Συνδυάστε διακοπές στην Κρήτη με την κεραμική τέχνη. Αγοράστε από τα έτοιμα κεραμικά.,"Γάμος, βάπτιση, επικοινωνήστε μαζί μας! | Eπισκεφτείτε το e-shop μας! | Πληροφορηθείτε για τα σεμινάρια μας! | Ενημερωθείτε σχετικά με τα μαθήματα! | Χρηστικά | Διακοσμητικά | Κόσμημα | Είδη για κατοικίδια | Παιχνίδια | Εποχιακά | Κάνε την εγγραφή σου στο Newsletter",
cmta4ypmb0025sciygzh9a89h,Kounelis,e-GIFT CARD,https://kounelis.com.gr/gift-card?srsltid=AfmBOopGy1Q0alXGRKRaPZ7Zw67Cu0xX91DBXnXsxrlHO5Inz0OYZUu1,https://kounelis.com.gr,200,e-GIFT CARD | JBK Power Tools Center,e-GIFT CARD,e-GIFT CARD,200,"Ηλεκτρικά εργαλεία, εργαλεία κήπου, εργαλεία αυτοκινήτου - kounelis.com.gr | JBK Power Tools Center","Ηλεκτρικά εργαλεία, Εργαλεία κήπου & εργαλεία χειρός σε μεγάλη ποικιλία. Στο kounelis.com.gr θα βρείτε εργαλεία και πολλά άλλα είδη σε απίστευτες τιμές!",Εποχιακά Προϊόντα | Νέα Προϊόντα,
cmta1flev002rq8iyn4j6f4f1,Kounio,Δωροκάρτα - Gift Card - 25,https://www.kounio.gr/,https://kounio.gr,200,"Kounio.gr | Χιλιάδες Προϊόντα, Άμεσα Διαθέσιμα","Ανακαλύψτε το Kounio.GR - Περισσότερα από 100 χρόνια εμπειρίας, το Online κατάστημα της ιστορικής οικογένειας Kounio. Βρες τα πάντα σε Εικόνα, Ήχο, Ho.Re.Ca κα","Πάνω από 10.000 άμεσα διαθέσιμα προϊόντα | Express Αποστολή σε όλη την Ελλάδα | Έως 3 άτοκες δόσεις, χωρίς πιστωτική κάρτα! | Οι πιο ανταγωνιστικές τιμές της αγοράς | Top Επιλογές Τεχνολογίας | Fujifilm Instax Mini Color Film (20 Sheets) | KODAK SUC Fun Saver Flash 39 Exposures ISO 800 | Fujifilm Instax Mini Color Film (40 Sheets) | Kodak Digital Compact Camera PixPro FZ55 Black 16MP 5x Zoom 2.7″ | KODAK ΦΙΛΜ Gold 200 135/36 | Polaroid Originals ΦΙΛΜ Color για i-Type [Set of 2 Boxes – 16 Exposures] BULK | KODAK SUC Fun Saver Flash 27 Exposures ISO 800 | Kodak Digital Compact Camera Charmera Key Chain “1987 Edition” (Blind Box 1 of 6 Cameras) | Top Επιλογές Σπίτι - Γραφείο | Ραφιερα επιδαπεδια Cayde pakoworld μεταλλο λευκο-φυσικο 50x30x71,5εκ | Συρταριερα επαγγελματικη τροχηλατη Oscar pakoworld 3ων συρταριων καρυδι-ανθρακι 40x48x63εκ | Καρεκλα Toto pakoworld μπεζ υφασμα-rubberwood καρυδι ποδι | Σκαμπο μπαρ Sussie pakoworld μαυρο μεταλλο με φετες αλουμινιου 58x58x111εκ | Τραπεζι catering Rodeo pakoworld πτυσσομενο-βαλιτσα λευκο 122x60x74εκ | Καρεκλα Siena pakoworld rubberwood σε καρυδι-εκρου αποχρωση 48x50x81εκ | Καρεκλα γραφειου εργασιας Frea II pakoworld PU μαυρο | Παπουτσοθηκη-ντουλαπα SANTE pakoworld 21 ζευγων χρωμα sonoma 60x37x183εκ | Μείνετε συντονισμένοι για νέες προσφορές | Follow us",200,"Kounio.gr | Χιλιάδες Προϊόντα, Άμεσα Διαθέσιμα","Ανακαλύψτε το Kounio.GR - Περισσότερα από 100 χρόνια εμπειρίας, το Online κατάστημα της ιστορικής οικογένειας Kounio. Βρες τα πάντα σε Εικόνα, Ήχο, Ho.Re.Ca κα","Πάνω από 10.000 άμεσα διαθέσιμα προϊόντα | Express Αποστολή σε όλη την Ελλάδα | Έως 3 άτοκες δόσεις, χωρίς πιστωτική κάρτα! | Οι πιο ανταγωνιστικές τιμές της αγοράς | Top Επιλογές Τεχνολογίας | Fujifilm Instax Mini Color Film (20 Sheets) | KODAK SUC Fun Saver Flash 39 Exposures ISO 800 | Fujifilm Instax Mini Color Film (40 Sheets) | Kodak Digital Compact Camera PixPro FZ55 Black 16MP 5x Zoom 2.7″ | KODAK ΦΙΛΜ Gold 200 135/36 | Polaroid Originals ΦΙΛΜ Color για i-Type [Set of 2 Boxes – 16 Exposures] BULK | KODAK SUC Fun Saver Flash 27 Exposures ISO 800 | Kodak Digital Compact Camera Charmera Key Chain “1987 Edition” (Blind Box 1 of 6 Cameras) | Top Επιλογές Σπίτι - Γραφείο | Ραφιερα επιδαπεδια Cayde pakoworld μεταλλο λευκο-φυσικο 50x30x71,5εκ | Συρταριερα επαγγελματικη τροχηλατη Oscar pakoworld 3ων συρταριων καρυδι-ανθρακι 40x48x63εκ | Καρεκλα Toto pakoworld μπεζ υφασμα-rubberwood καρυδι ποδι | Σκαμπο μπαρ Sussie pakoworld μαυρο μεταλλο με φετες αλουμινιου 58x58x111εκ | Τραπεζι catering Rodeo pakoworld πτυσσομενο-βαλιτσα λευκο 122x60x74εκ | Καρεκλα Siena pakoworld rubberwood σε καρυδι-εκρου αποχρωση 48x50x81εκ | Καρεκλα γραφειου εργασιας Frea II pakoworld PU μαυρο | Παπουτσοθηκη-ντουλαπα SANTE pakoworld 21 ζευγων χρωμα sonoma 60x37x183εκ | Μείνετε συντονισμένοι για νέες προσφορές | Follow us",
cmtb78efu007idkiysrm7kvql,Kymasurf,Kymasurf Gift Card,https://kymasurf.gr/product-category/gift-card/,https://kymasurf.gr,200,Gift Card – KYMA surf,,Gift Card | Cart,200,KYMA surf,"Discover KymaSurf.gr – Your ultimate destination for premium surfboards, wetsuits, and accessories in Greece. Explore top brands, expert advice, and everything you need for surfing adventures. Ride the waves with Kyma Surf!",surfboards | SOFTOBOARDS | Everyone is welcome at KYMA Surf Camps | SURFSKATES | IN SUPER EXTREME HOUSE WE TRUST | SINCE FOREVER | LEARN TO SURF WITH KYMA SURF SCHOOL | Live the surf life with Kyma Surf | KYMA SURF SHOP KYMA SURF SHOP KYMA SURF SHOP KYMA SURF SHOP KYMA SURF SHOP KYMA SURF SHOP | Cart,
cmtb7r1ep0001u8iyqwzxbtq4,LEGO Store Greece,LEGO Store Greece Gift Card,https://www.lego.storegreece.gr/upiresies/gift-cards/,https://lego.storegreece.gr,200,Gift Cards | LEGO Store Greece,"Ψάχνετε το καλύτερο δώρο; Αγοράστε μία ηλεκτρονική Gift Card από το lego.storegreece.gr , ώστε το αγαπημένο σας πρόσωπο να επιλέξει το δώρο που θα λατρέψει!",Gift Cards | E-GIFT CARD | Καταστήματα,200,LEGO Store Greece - Εξουσιοδοτημένο ηλεκτρονικό κατάστημα LEGO | LEGO Store Greece,"Βρείτε τα αγαπημένα σας LEGO σετ, στο LEGO Store Greece! Δημιουργήστε τον δικό σας κόσμο ή βρείτε το ιδανικό δώρο για κάθε ηλικία στο lego.storegreece.gr!",CERTIFIED STORES GREECE | LEGO Harry Potter Ministry Munchies & The Daily Prophet Stands | LEGO σετ! | Aνακάλυψε πρώτος αποκλειστικούς κωδικούς & όλα τα νέα LEGO σετ του 2026 ! | Go For More | Φτιάξ΄το & Πάρ' το! | LEGO® Icons The Lord Of The Rings: Grond | LEGO Star Wars The Darksaber | LEGO Vehicles! | LEGO Pokemon Kanto Region Badge Collection | LEGO Icons Stranger Things: WSQK Radio Station | LEGO Διαβατήριο | Exclusives | Κατηγορίες Προϊόντων | Technic | Star Wars | Friends | Ninjago | City | DUPLO® | Δώρα για όλες τις ηλικίες | BEST SELLERS | LEGO® Technic Ferrari SF-24 F1 Car (42207) | LEGO® Ideas Tuxedo Cat (21349),
cmta1fsds003hq8iywvbrxbq7,LIAKOPOULOS Brands Store,GIFTCARD 100 (Δωροκάρτα),https://www.liakopoulos-store.gr/,https://liakopoulos-store.gr,200,LIAKOPOULOS Brands Store – Brands Store | Est.1959,Brands Store | Est.1959,NEW COMPANY VEST AMARETTA ΜΠΛΕ ΣΚΟΥΡΟ | NEW COMPANY VEST AMARETTA ΤΑΜΠΑ | NEW COMPANY JACKET PUFFER AMATEUR ΚΑΦΕ | NEW COMPANY JACKET PUFFER AMATEUR ΜΑΥΡΟ | THE BOSTONIANS ΦΟΥΤΕΡ ΒΑΜΒΑΚΕΡΟ HALF ZIP REGULAR FIT ΚΑΦΕ | THE BOSTONIANS ΦΟΥΤΕΡ ΒΑΜΒΑΚΕΡΟ HALF ZIP REGULAR FIT ΜΠΟΡΝΤΟ | THE BOSTONIANS ΦΟΥΤΕΡ ΒΑΜΒΑΚΕΡΟ HALF ZIP REGULAR FIT ΑΝΘΡΑΚΙ | THE BOSTONIANS ΦΟΥΤΕΡ ΒΑΜΒΑΚΕΡΟ HALF ZIP REGULAR FIT ΜΑΥΡΟ | liakopoulos_store,200,LIAKOPOULOS Brands Store – Brands Store | Est.1959,Brands Store | Est.1959,NEW COMPANY VEST AMARETTA ΜΠΛΕ ΣΚΟΥΡΟ | NEW COMPANY VEST AMARETTA ΤΑΜΠΑ | NEW COMPANY JACKET PUFFER AMATEUR ΚΑΦΕ | NEW COMPANY JACKET PUFFER AMATEUR ΜΑΥΡΟ | THE BOSTONIANS ΦΟΥΤΕΡ ΒΑΜΒΑΚΕΡΟ HALF ZIP REGULAR FIT ΚΑΦΕ | THE BOSTONIANS ΦΟΥΤΕΡ ΒΑΜΒΑΚΕΡΟ HALF ZIP REGULAR FIT ΜΠΟΡΝΤΟ | THE BOSTONIANS ΦΟΥΤΕΡ ΒΑΜΒΑΚΕΡΟ HALF ZIP REGULAR FIT ΑΝΘΡΑΚΙ | THE BOSTONIANS ΦΟΥΤΕΡ ΒΑΜΒΑΚΕΡΟ HALF ZIP REGULAR FIT ΜΑΥΡΟ | liakopoulos_store,
cmta1ktba00mmq8iyisltveg8,Laaloo,GIFT CARD - Παιδικά ρούχα για αγόρια & κορίτσια,https://laaloo.gr/product/gift-card/,https://laaloo.gr,200,GIFT CARD - Laaloo.gr | Παιδικά ρούχα για αγόρια & κορίτσια,,What are you looking for? | GIFT CARD,200,Παιδικά Επώνυμα Ρούχα Σπάρτη - Παιδική Μόδα σε Προσιτές Τιμές,Ηλεκτρονικό κατάστημα παιδικών επώνυμων ρούχων με προσιτές τιμές. Αποστολές σε όλη την Ελλάδα από τη Σπάρτη. Ανακαλύψτε brand ποιότητας για κάθε ηλικία!,What are you looking for? | Boy | Girl | BABY | ΡΟΥΧΑ ΒΑΠΤΙΣΗΣ | ΒΑΠΤΙΣΗOι δειγματισμοί βαπτίσεων πραγματοποιούνται κατόπιν ραντεβού. | FREE SHIPPING | MOMS MONTH DISCOUNT | CUSTOMER SERVICE | FLEXIBLE PAYMENT | ΗΛΕΚΤΡΟΝΙΚΗ ΔΩΡΟΚΑΡΤΑ10 - 100€ | Best Sellers | Two in a castle Βρεφικό Σετ Out Of Space | Two in a castle Denim Σετ Hawaii | Guess μπουφάν bomber με διακόσμηση από πούλιες | Guess Μπεζ Καμπαρντίνα,
cmta1lvrh00quq8iyaebm9qht,Ladolea,Ladolea Gift Card,https://ladolea.gr/store/gift-card/gift-card/,https://ladolea.gr,200,Gift Card - Ladolea.gr,"Celebrate the art of Greek olive oil with a Ladolea Gift Card. Let them choose from our handcrafted ceramic decanters, single‑estate extra virgin oils, and gourmet pairings—whenever they wish. Available in 50€–200€ values, delivered instantly, and redeemable at checkout on Ladolea.gr. Thoughtful, timeless, and unmistakably Ladolea.",Gift Card | Reviews | Related | Organic Extra Virgin Olive Oil 80ml Carton | Extra Virgin Olive Oil5L Tin | Oregano40gr | Fleur de Sel (Sea Salt)200gr | Fleur de Sel (30g) & Oregano (5g) | Oregano (5g) & Organic Extra Virgin Olive Oil (80ml) | Fleur de Sel (30g) & Organic Extra Virgin Olive Oil (80ml) | LADOLEA | Customers,200,Home - Ladolea.gr,,"Our Products | Extra VirginOlive Oils | InfusedOlive Oils | Organic BalsamicVinegars | Seasonings | Organic Extra Virgin Olive Oil 200ml/600ml Carton | Fleur de Sel (30g) & Organic Extra Virgin Olive Oil (80ml) | Oregano (5g) & Organic Extra Virgin Olive Oil (80ml) | Organic Extra Virgin Olive Oil200ml/600ml Carton | Extra Virgin Olive Oil200ml/600ml Carton | Organic Balsamic Vinegar with Bergamot200ml Carton | Extra Virgin Olive Oil & Organic Extra Virgin Olive Oil200ml Wooden | Organic Extra Virgin Olive Oil & Organic Balsamic Vinegar80ml Carton | A Family Story | Embraced by clay.The unique produce of our land's sacred tree,brought to you in its purest form. | Production | Explore our Premium Olive Oils & Vinegars | Ceramic Pot | Inspired by Ancient Greece & Multi-Award Winning | Awards | Bespoke | Follow us on Instagram | LADOLEA | Customers",
cmta1najv00waq8iye2j13aza,Lalita,Christmas Gift Card - Lalita,https://lalita.gr/,https://lalita.gr,,,,,,,,,fetch failed | fetch failed
cmta1grv5006uq8iye4j038gk,Laloo,Laloo Gift Card 30€,https://laloo.gr/el/250-gift-cards,https://laloo.gr,200,Gift Cards,,Gift Cards | Laloo Gift Card 30€ | Laloo Gift Card 50€ | Laloo Gift Card 100€ | Ελα στην παρέα μας,200,Laloo Cosmetics -Επαγγελματικά προϊόντα ονυχοπλαστικής,Η Laloo Cosmetics είναι εξειδικευμένη εταιρεία εμπορίας χονδρικής ειδών ονυχοπλαστικής με αποκλειστική αντιπροσώπευση και διανομή κορυφαίων Ευρωπαϊκών και Αμερικάνικων brands.,νεα προϊοντα | Discover Laloo | autumn choices | No.004 Σάπιο μήλο ανοιχτό | Ημιμόνιμο Βερνίκι 15ml | No.263 Χακί | Ημιμόνιμο Βερνίκι 15ml | No.312 Πετρόλ | Ημιμόνιμο Βερνίκι 15ml | No.514 Cold Night | Ημιμόνιμο Βερνίκι 15ml | No.041 Βατόμουρο | Ημιμόνιμο Βερνίκι 15ml | No.288 Γκρι Αρζάν | Ημιμόνιμο Βερνίκι 15ml | No.066 Μωβ σκούρο με shimmer | Ημιμόνιμο Βερνίκι 15ml | Νο.192 Μωβ-Γκρι | Ημιμόνιμο Βερνίκι 15ml | Νο.026 Μαύρο-Μπλε | Ημιμόνιμο Βερνίκι 15ml | Νο.285 Ροζ ψυχρό | Ημιμόνιμο Βερνίκι 15ml | Νο.261 Μπλε-Πετρόλ ανοιχτό | Ημιμόνιμο Βερνίκι 15ml | No.398 Μπεζ-Ροζ | Ημιμόνιμο Βερνίκι 15ml | No.412 Μόκα | Ημιμόνιμο Βερνίκι 15ml | No.540 Toffee Cream | Ημιμόνιμο Βερνίκι 15ml | No.515 Lavish Brown | Ημιμόνιμο Βερνίκι 15ml | No.472 Μουσταρδί σκούρο | Ημιμόνιμο Βερνίκι 15ml | τελευταια trends | Graphen Base Cover 15ml | Acrygel Clear 60g | Easy Gel Afterdark 01 Chocolover 30g | Laloo Bb+ 12 Lollipop 18ml,
cmta4yr0v002bsciy3uqdyifr,Lanuit,Gift Cards - La Nuit,https://lanuit.gr/product-category/gift-cards/,https://lanuit.gr,200,Gift Cards - La Nuit,,,200,La Nuit - Lingerie,La Nuit Lingerie - Η συλλογή των εσωρούχων μας θα σε κάνει να νιώσεις ακόμα πιο sexy και μυστηριώδης! Η αυτοπεποίθηση σου θα εκτιναχθεί!,La Nuit Collection | New in | Panties | Sales | Dresses | Our Vision | 30 YEARS | Simple elegance | lanuit_lingerie | ΔΩΡΕΑΝ ΑΠΟΣΤΟΛΗ | MADE IN GREECE | ΑΣΦΑΛΕΙΣ ΠΛΗΡΩΜΕΣ,
cmta421t70002t8iywrh9oyoy,Laura Ashley,Laura Ashley Gift Card,https://www.lauraashleyshop.gr/products/gift-card-laura-ashley,https://lauraashleyshop.gr,200,Gift Card Laura Ashley – Laura Ashley Greece,"[custom_html]Η Gift Card της LAURA ASHLEY είναι μια δωροκάρτα που θα αποσταλεί με email στον παραλήπτη αφού εξοφληθεί και θα μπορεί να χρησιμοποιηθεί για αγορές είτε online στο www.lauraashleyshop.gr, είτε από το φυσικό κατάστημα της LAURA ASHLEY. Η Gift Card της LAURA ASHLEY εξαργυρώνεται στην τρέχουσα τιμή των προϊόν",Gift Card Laura Ashley | Φροντίδα Προϊόντων | ΣΧΕΤΙΚΑ ΠΡΟΪΟΝΤΑ:,200,Laura Ashley Greece | Επίσημο Online e-Shop,"Εδώ θα βρείτε την ποιότητα & την αισθητική από το γνωστό brand, με ένα άρωμα Αγγλίας! Θα βρείτε όλες τις νέες αφίξεις, καθώς και μοναδικές προσφορές!",Laura Ashley Greece | SUMMER SALE | LAURA ASHLEYΦωτιστικά | ΝΕΑ ΔΙΕΥΘΥΝΣΗ | LAURA ASHLEY Blueprint Collectables | Έμπνευση,
cmtb6uux3002i3giypec585z9,Lavalmore,Δωροκάρτα,https://lavalmore.gr/categories/%CE%B4%CF%89%CF%81%CE%BF%CE%BA%CE%AC%CF%81%CF%84%CE%B1/,https://lavalmore.gr,200,Δωροκάρτα | Lavalmore,Χάρισε ένα μοναδικό δώρο σε εκείνους που αγαπάς με την δωροκάρτα του Lavalmore. Επίλεξε ποσό online και φόρτωσε τη Lavalmore GiftCard!,Σατέν Σετ Εσωρούχων με Brazil | See Through Σετ Εσωρούχων με Ψηλόμεσο String | Σετ Εσωρούχων με Ενίσχυση και String | Δαντελωτό Σετ Εσωρούχων με Μπανέλα και String | Σατέν Σετ Εσωρούχων με Ψηλόμεσο String | Σετ Εσωρούχων & Bralette | Σουτιέν | Εσώρουχα Brazil & String | Bandage Bras | Κορμάκια Body | Σετ Εσωρούχων με Ζαρτιέρες | Κόκκινα Εσώρουχα | Μαύρα Εσώρουχα | Push Up Σετ | Δαντελωτά Σετ | Αθλητικά Μπουστάκια | Αθλητικά Κολάν | Σετ Γυμναστικής | Φόρμες | Ποδηλατικά Κολάν & Σετ | Seamless Κολάν & Σετ | Μαύρα Κολάν & Σετ | Basic Συλλογή | Best Seller Αθλητικά Σετ,200,"Γυναικεία Εσώρουχα, Μαγιό & Αθλητικά Ρούχα | Lavalmore","Ανακαλύψτε γυναικεία εσώρουχα, μαγιό, αθλητικά και homewear στη Lavalmore. Ποιοτικά κομμάτια, γρήγορη παράδοση σε όλη την Ελλάδα.",Σατέν Σετ Εσωρούχων με Brazil | See Through Σετ Εσωρούχων με Ψηλόμεσο String | Σετ Εσωρούχων με Ενίσχυση και String | Δαντελωτό Σετ Εσωρούχων με Μπανέλα και String | Σατέν Σετ Εσωρούχων με Ψηλόμεσο String | Σετ Εσωρούχων & Bralette | Σουτιέν | Εσώρουχα Brazil & String | Bandage Bras | Κορμάκια Body | Σετ Εσωρούχων με Ζαρτιέρες | Κόκκινα Εσώρουχα | Μαύρα Εσώρουχα | Push Up Σετ | Δαντελωτά Σετ | Αθλητικά Μπουστάκια | Αθλητικά Κολάν | Σετ Γυμναστικής | Φόρμες | Ποδηλατικά Κολάν & Σετ | Seamless Κολάν & Σετ | Μαύρα Κολάν & Σετ | Basic Συλλογή | Best Seller Αθλητικά Σετ,
cmta5nr07001154iydfgb6an6,Lazoptics,Uncategorized Δωροκάρτα | Οπτικά Laz Optics Πειραιάς,https://lazoptics.gr/gift-card/,https://lazoptics.gr,200,Uncategorized Δωροκάρτα | Οπτικά Laz Optics Πειραιάς – Γυαλιά Ηλίου & Οράσεως Επώνυμα Brands & ΕΟΠΥΥ,Uncategorized Δωροκάρτα |,Τηλέφωνο επικοινωνίας: 210 45 27 225 | Δωροκάρτα | Σχετικά προϊόντα | Klarna | Τηλέφωνα επικοινωνίας | 210 452 7225 | 216 809 2603 | info@lazoptics.gr | Πλοήγηση | Newsletter | Χρησιμοποιούμε Cookies για την καλύτερη εμπειρία πλοήγησης. Δείτε την Πολιτική Απορρήτου.,200,Γυαλιά Ηλίου στις Καλύτερες Τιμές από τα Οπτικά Laz Optics,Επώνυμες μάρκες σε Γυαλιά Ηλίου και Οράσεως σε μοναδικές τιμές! Νέες αφίξεις! Αποστολή σε όλη την Ελλάδα. Εύκολοι τρόποι πληρωμής!,Τηλέφωνο επικοινωνίας: 210 45 27 225 | Αρχική | Οπτικά Laz Optics Πειραιάς – Γυαλιά Ηλίου & Οράσεως Επώνυμα Brands & ΕΟΠΥΥ | ΝΕΕΣ ΠΑΡΑΛΑΒΕΣ ΣΕ ΔΙΑΣΗΜΕΣ ΜΑΡΚΕΣ | Γυαλιά Ηλίου | Γυαλιά Οράσεως | Φακοί επαφής | Παιδικά Γυαλιά Ηλίου | ΚΟΡΥΦΑΙΕΣ ΠΩΛΗΣΕΙΣ ΣΕ ΓΥΑΛΙΑ ΗΛΙΟΥ | Prada PR17WS 1AB5S0 49 | Gucci GG1680S 004 52 | Miu Miu MUA06S 16K08Z 54 | Prada PR17WS 2AU8C1 49 | Prada PS04WS DG006F 39 | Prada PR65ZS ZVN09T 55 | Gucci GG1660S 001 54 | Gucci GG1579S 001 53 | ΚΟΡΥΦΑΙΕΣ ΠΩΛΗΣΕΙΣ ΣΕ ΓΥΑΛΙΑ ΟΡΑΣΕΩΣ | Armani Exchange AX1010 6001 53 | Miu Miu MU01XV 19P1O1 50 | Tommy Hilfiger TH 2041 YOB 54 | Persol PO3348V 24 55 | Miu Miu MU09XV VAU1O1 53 | Sferoflex SF2295 473S 53,
cmta4yrha002dsciywsr7shx4,Leatherstudio,"Gift Card 25,00 - Leather Studio",https://www.leatherstudio.gr/el/products/copy-of-gift-card?srsltid=AfmBOoqpDrXIE_fA_yZRQ9z47-bZ1Ul0ITgf_sEZLCsb4M3B6YO5K3Xg,https://leatherstudio.gr,200,"Gift Card 25,00","Αγορές για κάποιον άλλο, αλλά δεν είναι σίγουρος τι να τους δώσουμε; Δώστε τους το δώρο της επιλογής με leatherstudio.gr δώρο κάρτα . Οι κάρτες δώρων που παραδίδεται μέσω e-mail και περιέχουν οδηγίες για να τα εξαργυρώσετε στο ταμείο . κάρτες δώρων μας δεν έχουν πρόσθετες αμοιβές επεξεργασίας.","Gift Card 25,00",200,Leather Studio,"We work in design, quality construction and (retail) sale of handmade leather goods, especially belts and handbags and other various accessories.",leatherstudio.gr | ΓΥΝΑΙΚΕΙΕΣ ΖΩΝΕΣ | ΑΝΔΡΙΚΕΣ ΖΩΝΕΣ | Τσαντες | επικοινωνηστε μαζι μας,
cmta1ioio00dkq8iyn3i3z7k3,Led7,E-Gift Card,https://led7.gr/gift-cards/,https://led7.gr,200,Gift Cards | LED7,"Αγοράστε online Gift Card αξίας 50€Αγοράστε online Gift Card αξίας 100€Εάν θέλετε περισσότερες πληροφορίες σχετικά με τις δωροκάρτες, επικοινωνήστε μαζί μας",Το κατάστημα θα παραμείνει κλειστό τον Σεπτέμβριο,200,Φωτιστικά LED & Ηλεκτρολογικό Υλικό | LED7 | LED7,"Φωτιστικά LED, ηλεκτρολογικό υλικό και λύσεις φωτισμού για σπίτι & επαγγελματικό χώρο. Ποιότητα, αξιοπιστία και άμεση εξυπηρέτηση.",LED 7 | Οι Κατηγορίες μας | Φωτιστικά | Λάμπες LED | Ταινίες LED | Εξωτερικός Φωτισμός | Πάνελ Οροφής | Ηλεκτρικές Συσκευές | Ηλεκτρολογικό Υλικό | Φωτοβολταϊκά | Είδη Σπιτιού | Smart Home | Αγορές ανά brand | Φωτιστικά LED & Ηλεκτρολογικό Υλικό | Osram LED 300W Ηλιακός Προβολέας IP65 Με Ηλιακό Πάνελ 20W – Battery 30Ah | Osram LED 200W Ηλιακός Προβολέας IP65 Με Ηλιακό Πάνελ 20W – Battery 30Ah | Osram LED 100W Ηλιακός Προβολέας IP65 Με Ηλιακό Πάνελ 20W – Battery 30Ah | Μείνετε Ενημερωμένοι | Product collections | Πως να διαλέξετε ταινία LED | Τελευταία άρθρα | Καλύτερες λάμπες για κουζίνα: τι να διαλέξετε | Πάνελ οροφής LED γραφείου – τι να διαλέξετε | COB ταινία LED: τι είναι και πού συμφέρει,
cmt79igbu001084iy7fkqj7p6,Lentiamo,Lentiamo Gift Card,https://lentiamo.gr/doroepitage.html,https://lentiamo.gr,200,Δωροεπιταγή | Lentiamo,Το μεγαλύτερο ηλεκτρονικό κατάστημα φακών επαφής και αυθεντικών οφθαλμικών προϊόντων στις καλύτερες και πιο ανταγωνιστικές τιμές της αγοράς.,Δωροεπιταγή — στείλτε μια ηλεκτρονική δωροεπιταγή στους αγαπημένους σας μέσω email | Δωροεπιταγή αξίας | Όροι και Προϋποθέσεις | FAQ | Χρειάζεστε βοήθεια; | Ηλεκτρονικές αγορές | Εξυπηρέτηση Πελατών | Οι υπηρεσίες μας | Χρήσιμες Πληροφορίες | Σχετικά με εμάς,200,"Φακοί επαφής, γυαλιά οράσεως & γυαλιά ηλίου online | Lentiamo",Παραγγείλετε φακούς επαφής και γυαλιά από γνωστές εμπορικές μάρκες στις καλύτερες τιμές. Δωρεάν παράδοση γυαλιών οράσεως και ηλίου για αγορές άνω των 50€!,"Αθλητικός σάκοςLentiamo | Κάρτες μνήμηςLentiamo | ΑδιάβροχοLentiamo | Lentiamo: φακοί επαφής, γυαλιά οράσεως και γυαλιά ηλίου | Γυαλιά μόνο από 29 € με αντιανακλαστικούς φακούς | Γυαλιά ηλίου επώνυμων σχεδιαστών Αυθεντικά σχέδια - όλα σε απόθεμα | Γυαλιά Υπολογιστή Περισσότερα από 40 μοντέλα για να διαλέξετε | Ποτέ μην ξεμείνετε από φακούς επαφής ξανά! | Επαναλάβετε την προηγούμενη παραγγελία. | Γυαλιά οράσεως και σκελετοί | Lentiamo Jakub Deep Black Bestseller | Miu Miu 0MU 01XV 1AB1O1 50 | UVtech Sleep-3R με πορτοκαλί φακούς | Lentiamo Anna Deep Black Bestseller | Gucci GG0027O 002 50 | Miu Miu 0MU 01XV 19P1O1 50 | Lentiamo Sandro Deep Black Bestseller | Lentiamo Tomas Deep Black Προσφορά −15% | Αγοράστε μάρκες γυαλιών οράσεως | Γυαλιά ηλίου γνωστών σχεδιαστών | Lentiamo Jiri Havana Brown | Saint Laurent SL 276 MICA 001 53 Επίσης με συνταγή | Gucci GG0632S 001 56 Bestseller | Ray-Ban Boyfriend RB4147 710/51",
cmtb62m9i001394iyhpjrq5xk,Leparfum,Leparfum Gift Card,https://leparfum.com.gr/en/module/afgiftvoucher/default,https://leparfum.com.gr,200,Shobi Perfumery | Αρωματοπωλείο,,Gift Card,200,Αρωματοπωλείο Shobi Perfumery | Αρώματα τύπου,"Αρωματοπωλείο Shobi Perfumery! Αρώματα τύπου γυναικεία, αρώματα χύμα, ανδρικά αρώματα, αρωματικά χώρου, eau de parfum, φυτικά λάδια.",Ανακαλύψτε όλα τα αρώματα! | Τι έχουμε,
cmta1ipsc00dqq8iyvmd0xco3,Liberal,"Δωροκάρτα ΙΚΕΑ: Tο ιδανικό δώρο για κάθε περίσταση, ...",https://liberal.gr/,https://liberal.gr,200,Liberal.gr | Ελεύθερη Ενημέρωση,,Additional Articles Region,200,Liberal.gr | Ελεύθερη Ενημέρωση,,Additional Articles Region,
cmta1ev910005q8iyv5m8ybru,Lidl Greece,Δωροκάρτα Lidl,https://www.lidl-hellas.gr/c/dwrokarta-lidl/s10019973,https://lidl-hellas.gr,200,Δωροκάρτα Lidl,Δωροκάρτα Lidl,ΔΩΡΟΚΑΡΤΕΣ & ΚΑΡΤΕΣ ΠΡΟΝΟΜΙΩΝ BUSINESS LIDL | ΣΥΧΝΕΣ ΕΡΩΤΗΣΕΙΣ | * Τρόφιμα & Μη τρόφιμα (Food & Non Food),200,Lidl Hellas – Γιατί αξίζει.,"Υψηλή Ποιότητα, Μοναδική Φρεσκάδα & Πάντα Χαμηλές Τιμές!",Απίστευτες εβδομαδιαίες επιλογές στα καταστήματά μας! | Φυλλάδια Lidl | * Τρόφιμα & Μη τρόφιμα (Food & Non Food),
cmta1ma4m00seq8iy71vkx6rw,Lidon,Lidon Gift Card,https://lidon.gr/product/gift-card/,https://lidon.gr,200,Gift Card - Lidon Jewellery,"Δεν ξέρεις τι δώρο να κάνεις σε ένα αγαπημένο σου πρόσωπο; Mπορείς να του χαρίσεις μία Gift Card ώστε να κάνει μόνος του τις αγορές του, με προϊόντα της επιλογής του!",Gift Card | Custom Order – Evil eye Charms | Υπηρεσία Box Now | Πληροφορίες | Επικοινωνία | Newsletter | SIZE GUIDE,200,Lidon Jewellery - Fine Eclectic Jewellery,Η οικογενειακή μας επιχείρηση δραστηριοποιείται στο χώρο της κοσμηματοποιίας για περισσότερα από 30 χρόνια στην πόλη της Θεσσαλονίκης.,ΒΑΠΤΙΣΗ | ΒΕΡΕΣ | ΜΟΝΟΠΕΤΡΟ | ΣΤΕΦΑΝΑ | Ασημένια παραμάνα παιδική με όνομα 925 | Καλαθάκι Δώρου Νεογέννητου με Ασημένια Παραμάνα 925 & Κωνσταντινάτο | Ασημένιο κολιέ Όνομα 925 | Γυναικείο Ασημένιο Κολιέ Ονόμα 925 με Σταυρό | Πληροφορίες | Επικοινωνία | Newsletter | Join Our Community!,
cmta1iq6a00dsq8iywi2dgg09,Lilidrogerie,Lilidrogerie Gift Card,https://lilidrogerie.gr/gift-card,https://lilidrogerie.gr,200,Gift Card,"Χάρισε την απόλυτη ελευθερία επιλογής με μια Gift Card! Ιδανικό δώρο για γενέθλια, γιορτές και κάθε ξεχωριστή στιγμή.",Καλάθι Αγορών | ΠΡΟΪΟΝΤΑ | Gift Card | Επικοινωνία | Γραφεία | ΠΛΗΡΟΦΟΡΙΕΣ | ΕΞΥΠΗΡΕΤΗΣΗ ΠΕΛΑΤΩΝ | Newsletter | FOLLOW TO SHARE BEAUTY | Ασφαλείς Συναλλαγές,200,Lili Drogerie - Eίναι ωραίο να νιώθεις ωραία!,"Στα καταστήματά μας θα βρείτε είδη καλλυντικών, αισθητικής και σπιτιού, βιολογικά προϊόντα, προϊόντα για τη μητέρα και το μωρό, συμπληρώματα διατροφής...και πολλά περισσότερα!",Καλάθι Αγορών | ΠΡΟΪΟΝΤΑ | Fresh Picks | K-BEAUTY | SEASONAL | New At Lili | Must-Haves | Κατηγορίες προϊόντων | Μην τα χάσεις! | Top brands | #LILIDROGERIE Share The Beauty Tag @lilidrogeriegr to show us your choices. | Share The Beauty | Επικοινωνία | Γραφεία | ΠΛΗΡΟΦΟΡΙΕΣ | ΕΞΥΠΗΡΕΤΗΣΗ ΠΕΛΑΤΩΝ | Newsletter | FOLLOW TO SHARE BEAUTY | Ασφαλείς Συναλλαγές,
cmtb6uw0e002o3giyafr6pxqp,Linson Moto,Linson Moto Gift Card,https://linsonmoto.gr/dwrokarta-200,https://linsonmoto.gr,200,Δωροκάρτα 200€ ДРУГИ | Linson Moto,"Δωροκάρτες LINSON MOTO Δωροκάρτα 200€ ДРУГИ στην τιμή 200,00€ με γρήγορη παράδοση και δυνατότητα επιστροφής ή αλλαγής του προϊόντος εντός 30 ημερών στο Linson Moto.","Πίνακας μεγεθών - άνδρες | Πίνακας μεγεθών - μπότες | Πίνακας μεγεθών - παντελόνι | Πίνακας μεγεθών - Γάντια | Πίνακας μεγεθών - ανδρικό κράνος | Δωροκάρτα 200€ | 200,00€ | Products Info | Γράψτε μια αξιολόγηση | Συμβατά μοντέλα | Εναλλακτικά | Παρόμοια προϊόντα",200,"LinsonMoto | Eξοπλισμός αναβάτη, Motocross, ανταλλακτικά και αξεσουάρ μοτοσυκλέτας","Ανακαλύψτε ένδυση αναβάτη, εξοπλισμό μοτοσυκλέτας, είδη Motocross & Enduro και ανταλλακτικά από κορυφαία brands στο LinsonMoto.","Τα πλεονεκτήματά μας | Νέα | ΚΟΡΥΦΑΙΕΣ ΜΑΡΚΕΣ | ΠΡΟΤΕΙΝΟΜΕΝΕΣ ΜΑΡΚΕΣ Δείτε περισσότερα | Τα άρθρα μας για εσάς Δείτε όλα | Πώς να επιλέξουμε μπουφάν μηχανής; | Πτώση με μοτοσυκλέτα | LinsonMoto | Eξοπλισμός αναβάτη, Motocross, ανταλλακτικά και αξεσουάρ μοτοσυκλέτας",
cmta1maoe00sgq8iykpfadorv,Littlesubmarine,Littlesubmarine Gift Card,https://www.littlesubmarine.gr/gift-card-baby-swimming/,https://littlesubmarine.gr,200,Gift Card - Little Submarine,Δώρο γέννησης ή δώρο γενεθλίων για ένα μικρό παιδί; Κάντε δώρο μια συνδρομή Baby Swimming και χαρίστε μια εμπειρία. Επιλέξτε την Gift Card μας,Gift Card | Κάντε μια έκπληξη στους φίλους σας! | Χαρίστε μια Εμπειρία !,200,Little Submarine Baby Swimming | Βρεφική Κολύμβηση | Βόρεια Προάστια,Κολυμβητήριο για βρεφική κολύμβηση και κολύμβηση για νήπια και μικρά παιδιά στα βόρεια προάστια. Θερμαινόμενη πισίνα για baby swimming.,"Διδάσκουμε με ισορροπία, αποδοχή και αγάπη. | Κολύμβηση για βρέφη και παιδιά | Προγράμματα στο Baby Gym | Προγράμματα για ενήλικες στο νερό | Παιδικό πάρτυ στο Little Submarine | Γιατί να επιλέξετε το Little Submarine | κλειστε τη θεση σας σημερα | Νέα & Άρθρα του Little Submarine",
cmta1nb0500wcq8iy3kgzjhmi,Lonsdale,e-GIFTCARD,https://www.lonsdale.gr/e-giftcard,https://lonsdale.gr,200,e-GIFTCARD,,e-GIFTCARD | Διαθέσιμα Χρώματα | Εύκολα Βήματα για να χαρίσεις Ηλεκτρονική δωροκάρτα Lonsdale! | Ανδρικό Σετ BULOUGH LONSDALE Black | Παιδικό Σετ Unisex GLENCOE JUNIOR Black,200,,,Άνδρας | Γυναίκα | Παιδί | Τσάντα Πλάτης MOULSFORD LONSDALE Black | Τσάντα Πλάτης GLYNDE LOSDALE Black | Τσάντα Πλάτης BOLNEY LONSDALE Black | Τσάντα Πλάτης ASTBURY LONSDALE White,
cmtb77bgd0021dkiyy3u2x8qn,Lookshop,Lookshop Gift Card,https://lookshop.gr/giftcard2.html,https://lookshop.gr,200,Δωροκάρτα,Δωροκάρτα,Δωροκάρτα Super Dad | Λεπτομέρειες Προϊόντος | Συνδύασέ το με | Μπορεί να σου αρέσουν | Αξιολογήσεις προϊόντος | Συχνές Ερωτήσεις | Δες ακόμη | Ακολουθήστε μας στο Instagram | Μην χάσετε τίποτα | Υποστήριξη πελατών | Γρήγορη παράδοση | Ασφαλείς πληρωμές | Δωρεάν επιστροφή | See Better. Look Better. | Γίνε μέλος του Lookshop Club | Ακολουθήστε μας | Κατάστημα | Ωράριο | Επικοινωνία | Login and Registration Form,200,Home page,,Γυαλιά ηλίου | Γυαλιά Οράσεως | Φακοί επαφής | Eyewear Frame Your Vibe | Ανακάλυψε Γυαλιά Ηλίου | Ανακαλύψτε Γυαλιά Οράσεως | Ανακαλύψτε Φακούς Επαφής | Signature Moments | Ανδρικά | Γυναικεία | Παιδικά | Luxury Brands | Ανακάλυψε νέα σχέδια από κορυφαία brands | Ψάξε ανά brand | Ανακαλύψτε Αξεσουάρ | Κάνε δώρο στο αγαπημένο σου πρόσωπο! | Αγόρασε ανά σχήμα σκελετού | Επισκεφθείτε το κατάστημά μας | Τελευταία νέα | Πολυεστιακοί φακοί: Τι είναι και πότε αξίζει να τους επιλέξεις | Πώς να καθαρίζεις σωστά τα γυαλιά ηλίου σου - Όλα όσα πρέπει να ξέρεις | Μοντέρνα γυαλιά οράσεως: Ποια ταιριάζουν στο σχήμα του προσώπου σου | Πόσο συχνά πρέπει να αλλάζεις το υγρό φακών επαφής | Ακολουθήστε μας στο Instagram,
cmtb786je006gdkiyxqepltuw,Loriot,Αγοράστε μία Δωροεπιταγή,https://www.loriot.gr/dorokarta,https://loriot.gr,200,Purchase a Gift Certificate,"Το Loriot είναι ένας προορισμός αγορών που συνδυάζει την κομψότητα με μια μοναδική αισθητική. Απευθυνόμαστε σε άνδρες και γυναίκες που εκτιμούν την ποιότητα και την πολυτέλεια, προσφέροντας προσεκτικά επιλεγμένες συλλογές από κορυφαίους luxury οίκους, όπως Ralph Lauren, Woolrich, Vilebrequin, VIX, Staud, JW Anderson, ReDone και πολλά ακόμα.",Purchase a Gift Certificate | Give a Gift Card | Stores | Subscribe to the newsletter,200,Loriot - Top Fashion and Lifestyle Brands,"Loriot is the top fashion destination, offering carefully selected luxury brands such as Polp Ralph Lauren, Woolrich, Vilebrequin, VIX, Staud, JW Anderson, ReDone and many more.",Loriot.gr | NEW ARRIVALS | SHOP OUR LOOKS | BRANDS | Stores | Subscribe to the newsletter,
cmtb62mmg001594iyc4wmnrb6,Lousma,Lousma Gift Card,https://lousma.gr/el/gift-card/,https://lousma.gr,200,Gift Card - Lousma Hammam & Spa,,Gift Card | NEWSLETTER | Πληροφορίες | Ακολουθήστε μας! | Τηλέφωνο | Email | Διεύθυνση,200,Lousma Hammam & Spa,Hammam-Spa-Massage BOMJUDI,LOUSMA HAMMAM & SPA | LOUSMA | HAMMAM & SPA | Welcome to the world of Relaxation & Rejuvenation! | Hammam Treatments | Massage Treatments | Facial Massage | GIFT CARD | MASSAGES | Byzantine Bath | Aromatherapy | Relaxing Massage | Imperial Hammam | Candle Massage | Rose Absolute Moisturizing | WHAT OUR CUSTOMERS SAY | NEWSLETTER | Sitemap | Follow us! | Phone Number | Email Address | Mailing Address,
cmta5nrpi001554iy38lsipa9,Love It,Love.it Gift Card Digital,https://www.love-it.gr/en/design-product/prid/8281/r/love-it-gift-card-digital?srsltid=AfmBOor7AsdQ_AFodYvX0jyxZK00l9QvefpYawTKuMYoplbS1_PTWrn1,https://love-it.gr,200,Love-it - Love.it Gift Card Digital,"Love.it Gift Card. Cant decide for a gift? No worries, now with Loveit gift card so you can choose the amount that want to give to any person so they can select from the Loveit mix and from all of our stores. This is a digital gift card that will be send with an email. If you want the printed version that will be shipped at your place please choose the other gift card. In the comments write down your name/recipient name and message to be send.",LOVE.IT GIFT CARD DIGITAL | Love.it Gift Card Digital,200,Love-it,,Find us | Projects,
cmta1iqkv00duq8iypnyr33u4,Luigi,ποσο δωροκαρτας,https://www.luigi.com.gr/giftcard/giftcard/,https://luigi.com.gr,200,LUIGI,Βρες γυναικεία παπούτσια με ✓Δωρεάν Μεταφορικά ✓Παράδοση 24/7 με BOX NOW ✓ Απίστευτες Προσφορές ✓Δυνατότητα Δωρεάν Αλλαγής σε 7ooo+ προϊόντα!,ΕΙΣΟΔΟΣ ΧΡΗΣΤΗ | ΕΓΓΡΑΦΗ ΣΤΟ NEWSLETTER,200,LUIGI - Η Μεγαλύτερη Ποικιλία με Γυναικεία Παπούτσια!,Βρες γυναικεία παπούτσια με ✓Δωρεάν Μεταφορικά ✓Παράδοση 24/7 με BOX NOW ✓ Απίστευτες Προσφορές ✓Δυνατότητα Δωρεάν Αλλαγής σε 7ooo+ προϊόντα!,ΕΙΣΟΔΟΣ ΧΡΗΣΤΗ | ΕΓΓΡΑΦΗ ΣΤΟ NEWSLETTER | Μπότες με Εφέ Αναδιπλούμενης Φάσας & Διακοσμητικό Λουράκι | Loafers Penny Strap με Σούρα,
cmta4yswj002jsciyi6a7q4zk,Lumiere,LUMIERE Gift Card,https://lumiere.com.gr/products/lumiere-gift-card?srsltid=AfmBOop8LODlfos-jdJdtkpieXgQeirm6v4B52leHsJfIVrfjcXwkHlP,https://lumiere.com.gr,200,LUMIERE Gift Card,,LUMIERE Gift Card,200,LUMIERE,"We created LUMIERE, for all those women who love elegance and look for timeless, classic fashion, emphasizing quality clothing at affordable prices.",LUMIERE | DISCOVER THE NEW COLLECTION | NEW | Newsletter,
cmta1lx8s00r0q8iyrsxe2o7c,Lurehouse,GIFT CARD - ΠΡΟΪΟΝΤΑ,https://www.lurehouse.gr/el/gift-cards/,https://lurehouse.gr,200,GIFT CARD - ΠΡΟΪΟΝΤΑ - Lure House,,GIFT CARD | Κατασκευαστής | Τιμή (€) | ΕΠΙΚΟΙΝΩΝΙΑ | Ο Λογαριασμός μου | Newsletter | Εγγραφή | Είσοδος | Αναζήτηση | Καλάθι,200,Εξειδικευμένο ψαρευτικό εξοπλισμό - Lure House,Το Lure House είναι το αποτέλεσμα μιας μακρόχρονης αγάπης και ενασχόλησης με την θάλασσα !,FISHING IS NOT JUST A SPORT | ΔΗΜΟΦΙΛΗ ΠΡΟΪΟΝΤΑ | ΜΗΧΑΝΙΣΜΟΙ | ΚΑΛΑΜΙΑ | ΤΕΧΝΗΤΑ ΔΟΛΩΜΑΤΑ | ΝΕΕΣ ΠΑΡΑΛΑΒΕΣ | ΕΠΙΚΟΙΝΩΝΙΑ | Ο Λογαριασμός μου | Newsletter | Εγγραφή | Είσοδος | Αναζήτηση | Καλάθι,
cmta1kuab00mqq8iyw8fqsoh4,Luvnroll,Gift Voucher,https://luvnroll.com/,https://luvnroll.com,200,Home - Luvnroll,House Tattoo Piercing Clothing Design,,200,Home - Luvnroll,House Tattoo Piercing Clothing Design,,
cmtb7i3tj001804iyl1xal4vq,MATI Santorini,Gift Cards - MATI Santorini,https://matiartgallery.com/gift-card/,https://matiartgallery.com,200,Gift Cards - MATI Santorini,"Thinking about the perfect Christmas gift for your loved ones? No need to overthink, we’ve got you covered! Make it truly special and artsy with a MATI digital Gift Card. The Gift Card can be redeemed on any of our artworks or jewelry designs, with no expiration time. The recipient can take their time […]","Gift Cards | Keep an eye on our latest exhibitions, artist spotlights, and insider stories. | We value your privacy",200,"MATI Art Gallery Santorini | Original Art, Sculpture & Guided Tours","MATI Art Gallery in Santorini features original bronze and glass sculpture by Yorgos Kypris, handmade jewellery, and guided art tours.","MATI — An Art Observatory in Santorini | Original artworks and sculpture by Yorgos Kypris · Guided art tours · Handmade jewellery | Confession | MATI Fira | MATI Mesaria | MATI Mesaria Public Program 2026 | One Day Choir | William XO presents Oneiros | Mindful Resonance: Yoga sessions | Keep an eye on our latest exhibitions, artist spotlights, and insider stories. | We value your privacy",
cmta5ns2z001754iyqm8xijsp,Madeofglass,Made of Glass Gift Card,https://madeofglass.gr/products/made-of-glass-gift-card-1?srsltid=AfmBOormg545Om3unDfjD1P0AqYJqz0E0cSFjiiCbFOGTbyuIkaYdZ4y,https://madeofglass.gr,200,Made of Glass Gift Card – Made Of Glass,"Ψάχνετε το τέλειο δώρο για τον επαγγελματία που θέλει να ξεχωρίζει; Η Made of Glass Gift Card δεν είναι απλώς μια δωροκάρτα. Είναι το εισιτήριο για την πιο premium εμπειρία δικτύωσης. Δώστε στους αγαπημένους ή τους συνεργάτες σας την ευκαιρία να αποκτήσουν μια Made of Glass Card, την επαγγελματική κάρτα που θα έχουν γι",Your cart is empty | Made of Glass Gift Card | You may also like | Search,200,Made of Glass | Premium Handcrafted NFC Business Cards – Made Of Glass,"Made of Glass: The first Premium NFC Business Card crafted from Fused Glass. Luxury, smart & app-free networking. Μοναδικές χειροποίητες κάρτες ανέπαφης τεχνολογίας, κατασκευασμένες στην Ελλάδα. Το απόλυτο Executive Gift για στελέχη που ξεχωρίζουν. Διαθέσιμες αποκλειστικά κατόπιν παραγγελίας (Made-to-Order).","Made Of Glass | Your cart is empty | Infinity Glass: Masterpiece Edition (Blue) | Stealth Glass: Executive Edition (Black Onyx) | Impulse Glass: Dynamic Edition | Azure Glass: Serenity Edition | Flow Glass: Premium NFC Card (Ideal Gift) | Our shop | Για μια παρουσία που ξεχωρίζει, κάθε μας δημιουργία εστιάζει στην τέχνη και την ιδιαίτερη οπτική έκφραση. | Search",
cmta1ircx00dyq8iygrrclm5b,Maiarea,GIFT CARD-ΔΩΡΟΕΠΙΤΑΓΗ,https://maiarea.gr/product-category/giftcard/,https://maiarea.gr,200,GIFT CARD 🎁 - mai area,,GIFT CARD 🎁 | Product Filters | GIFT CARD-ΔΩΡΟΕΠΙΤΑΓΗ | NEW HERE?,200,Home - mai area,,Statement items ahaid | Serve your self... | Cheers to New Entries... Jump into!!! | Daria Bag -tampa | Daria Bag -black | City Bag-tampa choco | City Bag-black | Ermina Bag-tampa | Ermina Bag-brown | Ermina Bag-taupe | Ermina Bag-black | Artalia Bag-taupe | Luna Bag- black | Luna Bag- camel | Luna Bag-taupe | Pinelopi Bag-black | Pinelopi Bag-taupe | Layla Bag-black | Layla Bag-choco tampa | Frida Bag-black | Leticia Bag -choco | Leticia Bag -brown | Leticia Bag -black | “Your Only Limit is You...” | snap & tag: #maiarea #maiarealadies,
cmta1ncfn00wiq8iy4rpmw0r2,Maisonnette,Maisonnette Gift Card,https://maisonnette.gr/shop/diakosmisi/gift-card/,https://maisonnette.gr,200,Gift Card - maisonnette.gr,Welcome our Gift Card! Τώρα μπορείτε να βάλετε στο καλάθι σας μία δωροεπιταγή επιλέγοντας το ποσό που επιθυμείτε ώστε να την εξαργυρώσετε αργότερα ή να την…,Gift Card | Σχετικά προϊόντα | Πίνακας επιτοίχιος μεταλλικός σχέδιο υφήλιος MAPPIT ανθρακί | Kρεμάστρα μεταλλική/πλαστικό BUDDY επιτοίχια/ή πόρτας 5θέσεων | Κρεμάστρα ξύλινη FLIP ανοιγοκλειόμενα άγκιστρα 8θέσεων | Κοσμηματοθήκη ξύλινι/μέταλλο STOWIT BOX MINI | ΕΤΑΙΡΕΙΑ | ΚΑΤΗΓΟΡΙΕΣ | ΠΛΗΡΟΦΟΡΙΕΣ,200,maisonnette.gr,Βάζο κεραμικό ιριδίζον LEONJO 22×16.5x30cm πράσινο/gloss €79.90 Προσθήκη στο καλάθι Βάζο κεραμικό με οργανικό σχήμα LOREA Ø29.5×25.5cm καφέ/terra €155.,Επιτοίχια Βεντάλια χειροποίητη rattan JAIME μπεζ 75x70cm | Επιτοίχια Βεντάλια χειροποίητη rattan JAIME κόκκινο 75x70cm | Καθρέπτης ROUNDworld Ø110cm | Διακοσμητικός Κάκτος πολυσερίνη Η30cm | Τεχνητό λουλούδι RANUNCULUS H50cm | Τεχνητό λουλούδι BALLmum H27cm | Μαξιλάρι βαμβακερό σχέδιο ρίγα δυο όψεων STRIPEScaramel 35x50cm κίτρινο/λευκό | Κουρτίνα βαμβακερή HANA 140x280cm εκρού | Κάλυμμα καναπέ/Topper βαμβακερό/βελούδινο σχέδιο λαχούρι ΜΑΥΑindian 90x200cm κίτρινο | Μαξιλάρι βαμβακερό σχέδιο λαχούρι MAYAindian 35x50cm κόκκινο | Τα προϊόντα μας | Δωρεάν Μεταφορικά | από 60€ | 2810 371307 | καθημερινά 9:30 - 14:00 | Ασφαλείς Συναλλάγες | χωρίς καθυστέρηση | Είπαν για εμάς | ΕΤΑΙΡΕΙΑ | ΚΑΤΗΓΟΡΙΕΣ | ΠΛΗΡΟΦΟΡΙΕΣ,
cmtb78fy5007qdkiyxevs1v0x,Make a gift,Make a gift,https://www.simclub.gr/en/gift-vouchers/,https://simclub.gr,200,Κάντε ένα δώρο – Simclub,,Make a gift | 1. Who is sending the gift | 2. Who is receiving the voucher | 3. Checkout,200,"Simclub – It's not a game, it's real racing",,Τελευταίες αφίξεις | Best sellers,
cmta1mb9j00siq8iygf2xex9r,Mamagalia,Mamagalia Gift Card,https://mamagalia.gr/products/gift-card,https://mamagalia.gr,200,Gift Card,A little gift full of love,Gift Card | Σχετικά προϊόντα | Newsletter | Επικοινωνία,200,Mamagalia,"Το Mama Galia ειναι ένα concept store για τα μικρά μας θαύματα, τα παδιά μας. Είναι ένα μαγικό ταξίδι με τους πιο αξιολάτρευτους συνταξιδιώτες. Είναι μια παραμυθένια «γονεϊκή περιπέτεια», γεμάτη καθημερινές ιστορίες παιδιών και γονιών.",Mama Galia | Classic World | BUKI | Δείτε τις νέες παραλαβές | Puzzles | Συχνές Ερωτήσεις | Newsletter | Επικοινωνία,
cmtb77bua0023dkiy8p69dxkl,Manicurious,Manicurious Gift Card,https://www.manicurious.gr/gift-card,https://manicurious.gr,200,GIFT CARD | Manicurious,,MANICURIOUS | Gift Card | CONTACT | ADDRESS | OPENING HOURS | CONTACT US,200,Nail Bar | Manicurious | Γλυφάδα,Manicurious is a luxury nail art studio located in the heart of Glyfada Golf area. Our creative artists will guide you through your appointment to ensure you'll nail your look.,MANICURIOUS | LIFE IS NOT PERFECT. BUT YOUR NAILS CAN BE. | WHAT'S YOUR SUPERPOWER? WE DO NAILS. | SERVICES | Manicure Semi-Permanent | Pedicure | Lash Lift | Brow Lamination+Shaping+Tint | FOLLOW US | CONTACT | ADDRESS | OPENING HOURS | CONTACT US,
cmta1f52d0015q8iyugckloir,Mar & Mar,Mar & Mar Gift Card,https://www.marandmar.gr/,https://marandmar.gr,200,Mar and Mar,Κατάστημα με PrestaShop,Tutete Φαγητοδοχείο Μονό - Planes | Tutete Φαγητοδοχείο Μονό - Pandas In Space | Tutete Φαγητοδοχείο Μονό - Mouse Fairies | Tutete Φαγητοδοχείο Μονό - Blossom Birds | Tutete Φαγητοδοχείο Bento - Planes | Tutete Φαγητοδοχείο Bento - Pandas In Space | Hello Hossy | Hello Hossy Τσάντα μεταφοράς φαγητού Mini Blue Canyon | Hello Hossy Σακίδιο πλάτης Mini Blue Canyon - 2-5 ετών | Sunny Brown & Ocean Splash | Καπέλο 2-5 ετών - Cherry Pop | Σακίδιο πλάτης - Club Soleil | Θερμός με διπλό τοίχωμα από ανοξείδωτο ατσάλι και ενσωματωμένο καλαμάκι 420ml - Croc Rock | Ισοθερμική τσάντα φαγητού - Croc Rock | Little Farm | Πάντα πλεξούδα τριπλή πλέξη - Cream | Little Dutch Υπνόσακος χειμερινός Little Farm 70εκ. | Little Dutch Κουβέρτα Little Farm 110x140,200,Mar and Mar,Κατάστημα με PrestaShop,Tutete Φαγητοδοχείο Μονό - Planes | Tutete Φαγητοδοχείο Μονό - Pandas In Space | Tutete Φαγητοδοχείο Μονό - Mouse Fairies | Tutete Φαγητοδοχείο Μονό - Blossom Birds | Tutete Φαγητοδοχείο Bento - Planes | Tutete Φαγητοδοχείο Bento - Pandas In Space | Hello Hossy | Hello Hossy Τσάντα μεταφοράς φαγητού Mini Blue Canyon | Hello Hossy Σακίδιο πλάτης Mini Blue Canyon - 2-5 ετών | Sunny Brown & Ocean Splash | Καπέλο 2-5 ετών - Cherry Pop | Σακίδιο πλάτης - Club Soleil | Θερμός με διπλό τοίχωμα από ανοξείδωτο ατσάλι και ενσωματωμένο καλαμάκι 420ml - Croc Rock | Ισοθερμική τσάντα φαγητού - Croc Rock | Little Farm | Πάντα πλεξούδα τριπλή πλέξη - Cream | Little Dutch Υπνόσακος χειμερινός Little Farm 70εκ. | Little Dutch Κουβέρτα Little Farm 110x140,
cmta1iskl00e4q8iy4blzttgs,Maralcrafts,Gift Card 50 Euro - Maral Crafts,https://maralcrafts.gr/product-category/gift-cards/,https://maralcrafts.gr,200,Gift Cards - Maral,,Gift Cards | Gift Card 50 Euro | Gift Card 20 Euro | Gift Card 10 Euro | Άλλοι πελάτες αναζήτησαν | Σκουλαρίκια Γυναικεία Κρεμαστά | Βραχιόλια Χεριού Γυναικεία | Γυναικεία Σκουλαρίκια Online | Τσαντάκια Θαλάσσης | Γυναικεία Σκουλαρίκια Κρεμαστά | Κρεμαστά Σκουλαρίκια | Γυαλιά Ηλίου Γυναικεία | Γυναικεία Κολιέ | Νέες αφίξεις | Κεριά Αρωματικά | Βραχιόλια Γυναικεία | Περίεργα Χειροποίητα Κοσμήματα | Χειροποίητα Κοσμήματα Αθήνα | Ιδιαίτερα Μπρελόκ | Γυναικεία Δακτυλίδια | Σκουλαρίκια Γυναικεία Ασημένια | Γυναικεία Χρυσά Σκουλαρίκια | Πασμίνες Γυναικείες | Γυναικεία Αξεσουάρ,200,Xειροποίητα Κοσμήματα & Αξεσουάρ Γυναικεία - Maral,Τα cat-eye γυαλιά ηλίου με μεταλλικό χρυσό σκελετό και πράσινους φακούς συνδυάζουν διακριτική πολυτέλεια και δυναμισμό.,Σκουλαρίκια Γυναικεία Geo Stone Σ1080017 Ασημί | Κερί Σόγιας με Άρωμα Caramel | Κερί Σόγιας με Άρωμα Cashmere | Γυαλιά Ηλίου Γυναικεία Luxa | Turquoise Elegance | Σκουλαρίκια Γυναικεία Aegean Glow Hoops Σ1590017 Ασημί | Σκουλαρίκια Γυναικεία Boho Flower Drops Σ1710019 Silver-Aqua | Δαχτυλίδι Γυναικείο Boho Flower Δ490014 Ασημί | Brand Collaborations | Γυναικείο Βραχιόλι L Lines Bracelet B1230619 Ασημί | Δαχτυλίδι Γυναικείο Σφυρήλατο Silver Tone Δ380012 Ασημί | Κολιέ Γυναικείο Sparkle Barrel K3294017 Ασημί | Σκουλαρίκια Γυναικεία Vintage Carved Rings Σ1420015 Ασημί | Γυαλιά Ηλίου Γυναικεία Lexi Honey | maralcrafts | Το Φυσικό μας Κατάστημα! | Εγγραφείτε στο Newsletter μας,
cmta1ndg700wmq8iy0aym5v5k,Marinospor,Gift Card - Gift Card 100€ - Marinospor,https://marinospor.gr/,https://marinospor.gr,200,Αρχική σελίδα,"Παπούτσια, Ρούχα, Αξεσουάρ",# | A | C | H | I | J | M | N | O | S | T | V,200,Αρχική σελίδα,"Παπούτσια, Ρούχα, Αξεσουάρ",# | A | C | H | I | J | M | N | O | S | T | V,
cmta1iszf00e6q8iyhvyjlqm9,Marketfix,Gift Card Niyamas - Ηλεκτρονική Δωροκάρτα 20€,https://marketfix.gr/,https://marketfix.gr,200,Αρχική σελίδα marketfix - Marketplace,"Ένδυση - Υπόδηση, Τεχνολογία, Σπίτι & Κήπος, Κοσμήματα , Βρεφικά, Υγεία και Ομορφιά, Άθληση - Hobbies - Ψυχαγωγία, Αυτοκίνητο - Μοτοσυκλέτα","Marketfix.gr | Marketplace | Είδατε Πρόσφατα | Προστέθηκαν σήμερα | Dr K Soap Company – Beard Balm Woodland 50gr | Osma Αιμοστατική Πέτρα 100gr | Osma – Alum Block 75gr | Tek – Ξύλινη Βούρτσα Μαλλιών Νο157303 | Προσφορές της ημέρας | Feng Shui Βατραχος συμβολο πλουτου και ευημεριας | Πετσέτα Θαλάσσης 100% Microfiber (75×150) – Nautical Anchor – Μπλε, Κόκκινο, Λευκό (Αντιγραφή) | Πετσέτα Θαλάσσης 100% Microfiber (75×150) – Wild Leopard – Ασπρόμαυρο (Αντιγραφή) | Κουβερλί διπλής όψης εμπριμέ Linea Home ΣΕ019 | Κουβερλί διπλής όψης εμπριμέ Linea Home ΣΕ015 | Βασικές κατηγορίες προϊόντων | Main Menu",200,Αρχική σελίδα marketfix - Marketplace,"Ένδυση - Υπόδηση, Τεχνολογία, Σπίτι & Κήπος, Κοσμήματα , Βρεφικά, Υγεία και Ομορφιά, Άθληση - Hobbies - Ψυχαγωγία, Αυτοκίνητο - Μοτοσυκλέτα","Marketfix.gr | Marketplace | Είδατε Πρόσφατα | Προστέθηκαν σήμερα | Dr K Soap Company – Beard Balm Woodland 50gr | Osma Αιμοστατική Πέτρα 100gr | Osma – Alum Block 75gr | Tek – Ξύλινη Βούρτσα Μαλλιών Νο157303 | Προσφορές της ημέρας | Feng Shui Βατραχος συμβολο πλουτου και ευημεριας | Πετσέτα Θαλάσσης 100% Microfiber (75×150) – Nautical Anchor – Μπλε, Κόκκινο, Λευκό (Αντιγραφή) | Πετσέτα Θαλάσσης 100% Microfiber (75×150) – Wild Leopard – Ασπρόμαυρο (Αντιγραφή) | Κουβερλί διπλής όψης εμπριμέ Linea Home ΣΕ019 | Κουβερλί διπλής όψης εμπριμέ Linea Home ΣΕ015 | Βασικές κατηγορίες προϊόντων | Main Menu",
cmta1kur700msq8iyxbq77w5d,Marose,Gift Card - MAROSE – Κέντρο Αισθητικής Θέρμη,https://marose.gr/gift-card/,https://marose.gr,200,Gift Card – Marose,"Gift Card Προπληρωμένες κάρτες δώρου ΚΑΡΤΑ ΔΩΡΟΥ Αν ψάχνετε το ιδανικό δώρο τότε σίγουρα η Marose μπορεί να σας βγάλει ασπροπρόσωπους σε οποιαδήποτε περίσταση Πολλές φορές αναρωτιόμαστε τι δώρο να κάνουμε στους ανθρώπους που αγαπάμε στην γιορτή τους, σε μια μεγάλη επιτυχία ή έτσι απλά για να εκδηλώσουμε την αγάπη μας. Τι καλύτερο λοιπόν από […]",Gift Card | Αν ψάχνετε το ιδανικό δώρο τότε σίγουρα η Marose μπορεί να σας βγάλει ασπροπρόσωπους σε οποιαδήποτε περίσταση | Στοιχεία επικοινωνίας | Υπηρεσίες | Πολιτικές,200,"Κέντρο Αισθητικής Θέρμη, Θεσσαλονίκη – Laser & Αδυνάτισμα","Κέντρο αισθητικής στη Θέρμη Θεσσαλονίκης με laser αποτρίχωση, αδυνάτισμα & θεραπείες προσώπου. Τεχνολογία αιχμής & άμεσα αποτελέσματα.","MAROSE – Κέντρο Αισθητικής Θέρμη | ΤΙΜΟΚΑΤΑΛΟΓΟΣ | ΥΠΗΡΕΣΙΕΣ | iSonic HIFU: Η Φυσική Επιλογή για Μη Επεμβατικό Lifting που Διαρκεί | Εξωσώματα θεραπεία: Μία νέα μέθοδος στην υπηρεσία της αντιγήρανσης | Τατουάζ φρυδιών powder brow: 2 τέλεια φρύδια με φυσική όψη | Σοκολατοθεραπεία: Μοναδικά οφέλη για πρόσωπο και σώμα | Σύσφιξη σώματος: 5 θεραπείες για να εξαφανιστεί η χαλάρωση | Πρεσσοθεραπεία για αποτοξίνωση – μείωση κυτταρίτιδας | Λιπογλυπτική: Διαμορφώστε το σώμα σας στη Marose | Λιπόλυση: Μεσοθεραπεία λιποδιάλυσης, φύκια ή EVO; | Μεσοθεραπεία: Η απόλυτη ανανέωση με 2 κορυφαία μηχανήματα | Πίλινγκ: 4 θεραπείες για πρόσωπο & σώμα! | Σχέδια για νύχια: Όλα όσα πρέπει να ξέρετε | Επαγγελματικό πεντικιούρ στη Θεσσαλονίκη | Μύκητες ποδιών – Θεραπεία, αιτίες και άλλες παθήσεις | Σύσφιξη προσώπου: Γυρίστε το χρόνο πίσω | Κυτταρίτιδα: 7 θεραπείες για άμεση καταπολέμηση | Ενυδάτωση προσώπου + άλλες 5 θεραπείες | Μανικιούρ: Ο Νο1 οδηγός της Marose | Τα 5 οφέλη από το λεμφικό μασάζ | Βαφή φρυδιών Tattoo & Lash Lift 101 | Marose: Κέντρο αισθητικής στη Θεσσαλονίκη | Massage: 9 + 1 είδη μασάζ για να διαλέξετε!",
cmta422w10008t8iy0kfr63lo,Martin Tailored,Αγοράστε μια Δωροκάρτα - Martin & Co - Ανδρική Ένδυση,https://martin-tailored.gr/agoraste-mia-dwrokarta/,https://martin-tailored.gr,200,Αγοράστε μια Δωροκάρτα - Martin & Co - Ανδρική Ένδυση,,ΔΩΡΕΑΝ ΑΠΟΣΤΟΛΗ ΓΙΑ ΑΓΟΡΕΣ ΑΝΩ ΤΩΝ 50€! | Our Stores | Οδηγός Μεγεθών | Επικοινωνία | Σύνδεση | Martin & CO | Αγοράστε μια Δωροκάρτα | Αγοράστε μια Δωροκάρτα για τους αγαπημένους σας | Ψάχνετε το τέλειο δώρο; | Κεντρικό Κατάστημα,200,Αρχική - Martin & Co - Ανδρική Ένδυση,"Στο Martin & co στο Χαλάνδρι θα βρείτε μια μεγάλη γκάμα από ανδρικά κοστούμια, για κλασικό ή μοντέρνο ντύσιμο, πουκάμισα, παντελόνια, σακάκια και άλλα.",ΔΩΡΕΑΝ ΑΠΟΣΤΟΛΗ ΓΙΑ ΑΓΟΡΕΣ ΑΝΩ ΤΩΝ 50€! | Our Stores | Οδηγός Μεγεθών | Επικοινωνία | Σύνδεση | Αρχική | GIFT CARD | TOTAL LOOK | SALES | ΕΞΥΠΗΡΕΤΗΣΗ ΠΕΛΑΤΩΝ | ΑΣΦΑΛΕΙΑ ΣΥΝΑΛΛΑΓΩΝ | ΓΡΗΓΟΡΕΣ ΠΑΡΑΔΟΣΕΙΣ | ΔΩΡΕΑΝ ΑΠΟΣΤΟΛΗ | Martin & Co Ανδρικό Κοστούμι Stretch Στενή εφαρμογή Μαύρο | Martin & Co Ανδρικό Κοστούμι Stretch Στενή εφαρμογή Μπεζ | Martin & Co Ανδρικό Κοστούμι Στενή Εφαρμογή Navy Μπλε | ΚΟΣΤΟΥΜΙΑ MARTIN & co | ΠΟΥΚΑΜΙΣΑ MARTIN & co | Martin & Co Ανδρικό Πουκάμισο Μακρυμάνικο Στενή εφαρμογή Navy Μπλε | Martin & Co Ανδρικό Πουκάμισο Μακρυμάνικο Κανονική Εφαρμογή Γαλάζιο καρό | Martin & Co Ανδρικό Πουκάμισο Μακρυμάνικο Κανονική εφαρμογή Λευκό με Διπλή Μανσέτα | Martin & Co Ανδρικό Πουκάμισο Μακρυμάνικο Κανονική Εφαρμογή Μπορντό | Martin & Co Ανδρικό Πουκάμισο Μακρυμάνικο Κανονική Εφαρμογή Μωβ Μπλε μικροκαρό | Martin & Co Ανδρικό Πουκάμισο Μακρυμάνικο Στενή εφαρμογή Martin & co Λευκό εμπριμέ,
cmta1ne2h00woq8iy5xfnagka,Masazaki,Δωροκάρτα Μασάζ: Το καλύτερο εορταστικό δώρο στους ...,https://masazaki.gr/gift-cards/,https://masazaki.gr,200,Gift Cards – Masazaki,,Online Gift Cards | Δωροκάρτα Online | Βήμα 1 - Επιλέξτε κατάστημα | Κολωνaκι | Γλυφaδα | Δaφνη | Πειραιa | Ηρaκλειο Κρhτης​ | Subscribe Now | Useful Links,200,Masazaki,,"Μοναδικό, όπως και εσύ | Κατηγορίες θεραπειών | Μασάζ | Θεραπείες Προσώπου | Θεραπείες Σώματος | Oι καλύτερες θεραπείες | Our best massage treatments | Massage deluxe edition (+10 €)Welcome σαμπάνιας, θερμαινόμενο κρεβάτι, επιλογή αρωματικών ελαίων | Πού θα μας βρείτε | ΚολωνaκιOnline booking | ΓλυφaδαOnline booking | ΔaφνηOnline booking | Πειραιa​Online booking | Ηρaκλειο Κρhτης​Online booking | Μασάζ για ζευγάρια & φίλους | Απόλαυσε το μασάζ σου με τον φίλο ή την φίλη σου | FAQs | Πακέτα μασάζ | 10 | 15 | 20 | Απολαύστε τα προϊόντα μας | Γάντι απολέπισης προσώπου - Kassa Houpete | Γάντι απολέπισης σώματος - Standard Κassa Single Use",
cmta1ly6p00r4q8iypbasfshf,Massaha,Massaha Gift Card,https://www.massaha.gr/gift-card,https://massaha.gr,200,Gift Card | Massaha,Δωροκάρτα | Gift Card για τα αγαπημένα σου πρόσωπα! Διάλεξε την υπηρεσία που θέλεις και κάνε ένα μοναδικό δώρο!,,200,Massage | Massaha | Glifada,"Massaha Wellness, massage, Aromatherapy & Beauty Body Massage | Massaha | Glyfada Υπηρεσίες massage για το σώμα, το κεφάλι, τα άκρα. Υπηρεσίες περιποίησης για το πρόσωπο και το σώμα. Διάλεξε τον ιδανικό συνδιασμό για τον εαυτό σου και κλείσε ένα ραντεβού!","Θεραπείες που προέρχονται από τους μεγαλύτερους αρχαίους πολιτισμούς, σε συνδυασμό με σύγχρονες μεθόδους χαρίζουν ευεξία, αρμονία, ψυχική και σωματική ηρεμία συμβάλλοντας σημαντικά στην Υγεία μας. | Κάνε ένα δώρο στα αγαπημένα σου πρόσωπα με μία | Gift Card ! | Επικοινωνήστε μαζί μας",
cmta1fc87001zq8iyhzmjutaj,Mastorino,Δωροκάρτα Next Systems,https://mastorino.gr/,https://mastorino.gr,200,"Mastorino.gr | Εργαλεία, Υλικά & Λύσεις για Κάθε Κατασκευή","Στο Mastorino.gr θα βρείτε εργαλεία, χρώματα, υδραυλικά, ηλεκτρολογικά και είδη κατασκευής για το σπίτι και τον επαγγελματία. Άμεση εξυπηρέτηση, αξιόπιστες επιλογές και προϊόντα που καλύπτουν κάθε εργασία, ανακαίνιση ή τεχνική ανάγκη.","Vivechrom Vivechrom Express - Επαναστατικό πλαστικό χρώμα νερού κορυφαίας ποιότητας για εσωτερικές | Επιλέξτε την επιλογή σας | Vivechrom Super Neopal Eco - Οικολογικό ματ πλαστικό χρώμα ασυναγώνιστης ποιότητας | Vivechrom Neopal Ultra Resist - Πλαστικό χρώμα κορυφαίας αντοχής | Vivechrom Neopal Satine Eco - Οικολογικό πλαστικό χρώμα πολυτελείας με μοντέρνα βελούδινη υφή | Vivechrom Dulux Trade Vinyl Soft Sheen - Υδατοδιαλυτό χρώμα με υψηλές αντοχές και ήπιο σατινέ φινίρισμα | Vivechrom Dulux Trade Vinyl Matt - Ματ υδατοδιαλυτό χρώμα με εξαιρετική καλυπτικότητα | Vivechrom Dulux Trade Undercoat - Ματ υδατοδιαλυτό χρώμα για τοίχους με εξαιρετική καλυπτικότητα | Vivechrom Vive Emulsion - Πλαστικό χρώμα εσωτερικής χρήσης | Vivechrom Vive Eco - Οικολογικό πλαστικό χρώμα εσωτερικής χρήσης | Vivechrom Vive Acrylic - Ακρυλικό χρώμα εξωτερικής χρήσης που αποτελεί την οικονομική | Mapei Silancolor AC ""T"" Plus 1.2 mm Base P buckets 25 kg | Vivechrom Vivecryl Silicone Eco - Οικολογικό ακρυλικό χρώμα ματ εξωτερικής χρήσης | Vivechrom Vivecryl Elastic Eco - Οικολογικό ελαστομερές ακρυλικό μονωτικό & χρώμα | Vivechrom Vivecryl Eco - 100% ακρυλικό οικολογικό χρώμα εξωτερικής χρήσης για απόλυτη | Vivechrom Dulux Trade Weatheshield Smooth Masonry Paint - Ακρυλικό χρώμα για εξωτερικούς τοίχους που περιέχει στη σύνθεση του | Vivechrom Dulux Trade Weathershield Quick Dry Exterior Satin - Το DULUX TRADE WEATHERSHIELD QUICK DRY EXTERIOR SATIN είνα ι | Vivechrom Dulux Trade Weathershield Maximum Exposure Smooth Masonry Paint - Ακρυλικό ελαστομερές χρώμα και προστασία σε δυσμενείς συνθήκες έ | Vivechrom Neopal Relief - Ανάγλυφο διακοσμητικό επίχρισμα μεγάλης αντοχής | Vivechrom Fit Acrylic - Ακρυλικό χρώμα γενικής χρήσης | Vivechrom BETOCHROM ΝΕΡΟΥ - Ακρυλικό τσιμεντόχρωμα για τοίχους | Mapei Silancolor Primer Plus jerrycan 10 kg | Mapei Silancolor Primer Plus jerrycan 2 kg | Mapei Silancolor Primer jerrycan 10 kg",200,"Mastorino.gr | Εργαλεία, Υλικά & Λύσεις για Κάθε Κατασκευή","Στο Mastorino.gr θα βρείτε εργαλεία, χρώματα, υδραυλικά, ηλεκτρολογικά και είδη κατασκευής για το σπίτι και τον επαγγελματία. Άμεση εξυπηρέτηση, αξιόπιστες επιλογές και προϊόντα που καλύπτουν κάθε εργασία, ανακαίνιση ή τεχνική ανάγκη.","Vivechrom Vivechrom Express - Επαναστατικό πλαστικό χρώμα νερού κορυφαίας ποιότητας για εσωτερικές | Επιλέξτε την επιλογή σας | Vivechrom Super Neopal Eco - Οικολογικό ματ πλαστικό χρώμα ασυναγώνιστης ποιότητας | Vivechrom Neopal Ultra Resist - Πλαστικό χρώμα κορυφαίας αντοχής | Vivechrom Neopal Satine Eco - Οικολογικό πλαστικό χρώμα πολυτελείας με μοντέρνα βελούδινη υφή | Vivechrom Dulux Trade Vinyl Soft Sheen - Υδατοδιαλυτό χρώμα με υψηλές αντοχές και ήπιο σατινέ φινίρισμα | Vivechrom Dulux Trade Vinyl Matt - Ματ υδατοδιαλυτό χρώμα με εξαιρετική καλυπτικότητα | Vivechrom Dulux Trade Undercoat - Ματ υδατοδιαλυτό χρώμα για τοίχους με εξαιρετική καλυπτικότητα | Vivechrom Vive Emulsion - Πλαστικό χρώμα εσωτερικής χρήσης | Vivechrom Vive Eco - Οικολογικό πλαστικό χρώμα εσωτερικής χρήσης | Vivechrom Vive Acrylic - Ακρυλικό χρώμα εξωτερικής χρήσης που αποτελεί την οικονομική | Mapei Silancolor AC ""T"" Plus 1.2 mm Base P buckets 25 kg | Vivechrom Vivecryl Silicone Eco - Οικολογικό ακρυλικό χρώμα ματ εξωτερικής χρήσης | Vivechrom Vivecryl Elastic Eco - Οικολογικό ελαστομερές ακρυλικό μονωτικό & χρώμα | Vivechrom Vivecryl Eco - 100% ακρυλικό οικολογικό χρώμα εξωτερικής χρήσης για απόλυτη | Vivechrom Dulux Trade Weatheshield Smooth Masonry Paint - Ακρυλικό χρώμα για εξωτερικούς τοίχους που περιέχει στη σύνθεση του | Vivechrom Dulux Trade Weathershield Quick Dry Exterior Satin - Το DULUX TRADE WEATHERSHIELD QUICK DRY EXTERIOR SATIN είνα ι | Vivechrom Dulux Trade Weathershield Maximum Exposure Smooth Masonry Paint - Ακρυλικό ελαστομερές χρώμα και προστασία σε δυσμενείς συνθήκες έ | Vivechrom Neopal Relief - Ανάγλυφο διακοσμητικό επίχρισμα μεγάλης αντοχής | Vivechrom Fit Acrylic - Ακρυλικό χρώμα γενικής χρήσης | Vivechrom BETOCHROM ΝΕΡΟΥ - Ακρυλικό τσιμεντόχρωμα για τοίχους | Mapei Silancolor Primer Plus jerrycan 10 kg | Mapei Silancolor Primer Plus jerrycan 2 kg | Mapei Silancolor Primer jerrycan 10 kg",
cmta1itdc00e8q8iy8qkpk1e1,Materiaprima,Δωροκάρτα 70 - materiaprima,https://materiaprima.gr/product/gift-card-40e/,https://materiaprima.gr,200,Δωροκάρτα 40 - materiaprima,Η ψηφιακή κάρτα δώρου Materia Prima είναι το τέλειο δώρο για κάθε περίσταση! Δώστε στον παραλήπτη την ευκαιρία να επιλέξει αυτοπροσώπως από μια μεγάλη ποικιλία κρασιών και σχετικών αξεσουάρ απευθείας από το ηλεκτρονικό ή το φυσικό κατάστημά μας με τη βοήθεια των σομελιέ μας. Η κάρτα δώρου μπορεί να χρησιμοποιηθεί ακόμα και για να επισκεφτεί κανείς ένα από τα wine bistro μας στο Κουκάκι ή στο Παγκράτι. --- A Materia Prima digital Gift Card is the perfect gift for any occasion! Offer your recipient the opportunity to choose from a vast variety of wines and related accessories directly from our e-shop or physical stores. The gift card can even be used for proper sitting at one of our wine bistros in Koukaki or Pagkrati.,SPECIALS | Sales | Value for Money | Wine Stories | Δωροκάρτες | Ελληνικές Ποικιλίες | Φυσικά Κρασιά | ΧΡΩΜΑ | Orange | Αφρώδη | Γλυκά | Ερυθρά | Λευκά | Ροζέ | ΧΩΡΑ | Αργεντινή | Αυστραλία | Αυστρία | Βέλγιο | Γαλλία | Γερμανία | Γεωργία | Ελβετία | Ελλάδα,200,Αρχική - materiaprima,"materiaprima | Wine bar , Κάβα & eshop στην Αθήνα. Eπιλεγμένα κρασιά από Ελλάδα και όλο τον κόσμο. Φυσικά κρασιά & deli γεύσεις στο Κουκάκι και το Παγκράτι.",SPECIALS | Sales | Value for Money | Wine Stories | Δωροκάρτες | Ελληνικές Ποικιλίες | Φυσικά Κρασιά | ΧΡΩΜΑ | Orange | Αφρώδη | Γλυκά | Ερυθρά | Λευκά | Ροζέ | ΧΩΡΑ | Αργεντινή | Αυστραλία | Αυστρία | Βέλγιο | Γαλλία | Γερμανία | Γεωργία | Ελβετία | Ελλάδα,
cmta1kv7e00muq8iyjip095a8,Mathimatamageirikis,Δωροκάρτα,https://www.mathimatamageirikis.gr/el/about-us/dorokarta,https://mathimatamageirikis.gr,200,Δωροκάρτα - Μαθήματα Μαγειρικής,Η δωροκάρτα για μαθήματα και σεμινάρια μαγειρικής και ζαχαροπλαστικής είναι ένα πρωτότυπο δώρο που οι φίλοι σας σίγουρα θα εκτιμήσουν!,"Δωροκάρτα Γαστρονομικής Εμπειρίας | Κάρτα Δώρου | Διαλέξτε δωροκάρτα! | Ιδέες για ένα Ιδιαίτερο Δώρο | Culinary Center | Cookery Club | Ενοικίαση Χώρου | Ομαδική Μαγειρική - Team Building | Μαγειρικές Παρουσιάσεις | Διακρίσεις | Membership Card | Εκπαίδευση Προσωπικού | Τι είναι τα μαθήματα; | Δραστηριότητες για Τουρίστες | Οργάνωση Εταιρικών Events | Κοινωνική Ευθύνη | The Culinary Center & Cookery Club | Μη χάνετε λεπτό, sign up! | Βρείτε μας online! | Μιλήστε μαζί μας τώρα!",200,ΑΡΧΙΚΗ - Μαθήματα Μαγειρικής,,"ΜΑΘΗΜΑΤΑ & ΣΕΜΙΝΑΡΙΑ | ΕΚΠΑΙΔΕΥΣΗ & ΠΡΟΓΡΑΜΜΑΤΑ | VIEW BOOK | Πώς να κλείσετε ένα μάθημα; | Δωροκάρτα Γαστρονομικής Εμπειρίας | Membership Card | Γιατί ξεχωρίζουμε; | Πείτε μας το στόχο σας | The Culinary Center & Cookery Club | Μη χάνετε λεπτό, sign up! | Βρείτε μας online! | Μιλήστε μαζί μας τώρα!",
cmta1iuk000eeq8iyfaeygi3b,Mdi,Mdi Gift Card,https://www.mdi.gr/%CF%81%CE%BF%CF%85%CF%87%CE%B1/gift-card,https://mdi.gr,200,GIFT CARD,GIFT CARD - .,GIFT CARD | Σχετικά με μας | Ο Λογαριασμός μου | Ενημερώσεις | Πληροφορίες | Newsletter,200,Γυναικεια μοδα | mdi.gr,"Γυναικεια μοδα | Μεγάλη ποικιλία σε γυναικεια ρουχα και τσαντες, παπουτσια και αξεσουαρ σε προσιτες τιμες με καταστημα στο Περιστερι","Dresses , Jeans & Tops | Must Have | Bags & Leather Boots | Γυναικεια μοδα | mdi.gr | Σχετικά με μας | Ο Λογαριασμός μου | Ενημερώσεις | Πληροφορίες | Newsletter",
cmta1g1hr004dq8iyf2v0rt9r,Me and Joe,Me and Joe Δωροκάρτα Gift Card,https://www.meandjoe.com/collections/gift-cards,https://meandjoe.com,200,Δωροκάρτες ME & JOE | Το Ιδανικό Δώρο,Χαρίστε την ελευθερία της επιλογής με μια δωροκάρτα ME & JOE. Ιδανική για κάθε περίσταση και διαθέσιμη άμεσα online.,Δωροκάρτες,200,ΚΑΤΑΣΤΗΜΑ ΟΠΤΙΚΩΝ ME AND JOE | ΓΥΑΛΙΑ ΗΛΙΟΥ | ΣΚΕΛΕΤΟΙ | ΟΠΤΙΚΑ |,"Το ME & JOE σας προσφέρει γυαλιά με δυνατότητα συνταγής, γυαλιά ηλίου και σκελετούς για άνδρες και γυναίκες + Δωρεάν αποστολή. Γυαλιά ηλίου 2021 Νέες αφίξεις Μοναδικά σχέδια σε μεγάλη ποικιλία στις καλύτερες τιμές. Χειροποίητοι σκελετοί κατασκευασμένοι στην Ιταλία. Αγοράστε γυαλιά μπλε φωτός. Προστασία φακών 100% UV",ME AND JOE | Νέα Γυαλιά Ηλίου | ΝΕΕΣ ΑΦΙΞΕΙΣ,
cmta1kaap00kgq8iyxyxwrv9r,Medi Shop,Gift Card 50,https://medi-shop.gr/,https://medi-shop.gr,200,"Medi-Shop.gr: Ιατρικά είδη, Ορθοπεδικά, CPAP, Ιατρικά Αναλώσιμα, Είδη Φυσικοθεραπείας | Medi-Shop.gr",Σύγχρονος Ιατρικός Εξοπλισμός Online! Αγοράστε ιατρικά μηχανήματα με την εμπειρία και την αξιοπιστία του Medi-Shop.gr,Medi-Shop,200,"Medi-Shop.gr: Ιατρικά είδη, Ορθοπεδικά, CPAP, Ιατρικά Αναλώσιμα, Είδη Φυσικοθεραπείας | Medi-Shop.gr",Σύγχρονος Ιατρικός Εξοπλισμός Online! Αγοράστε ιατρικά μηχανήματα με την εμπειρία και την αξιοπιστία του Medi-Shop.gr,Medi-Shop,
cmta1nf1t00wsq8iygfpp7r8t,Mediwellkalamata,Mediwellkalamata Gift Card,https://www.mediwellkalamata.gr/giftcard/,https://mediwellkalamata.gr,200,"Mediwell Kalamata, Skin Care & Laser Center – GIFT CARD",,GIFT CARD. | MEDI WELL’s GIFT CARD,200,"Mediwell Kalamata, Skin Care & Laser Center",,,
cmtb77c840025dkiy8nltursd,Melissinos Sandals,Gift Voucher - 55,http://www.melissinos-sandals.gr/giftvouchers/gift-card-55-detail,https://melissinos-sandals.gr,200,GIFT VOUCHERS : Gift Voucher - 55,"Melissinos Authentic Greek Handmade Leather Sandals, Belts and Bags.",Gift Voucher - 55,200,Melissinos Sandals™ - HOME,"Since 1920 we carry the tradition of authentic handmade Greek leather sandals, belts and bags.",Handmade Leather Sandals | LEATHER PRINTS | Elegance in Colour | Baby – Children's | Handmade Leather Bags | Handmade Leather Backpacks | Sandals | Belts | Bags | Log in or create an account,
cmta1nfnx00wuq8iyrmod0nxo,Mellifora,Gift Card Envelope,https://mellifora.gr/products/gift-cards,https://mellifora.gr,200,Δωροκάρτες Mellifora,"Δωρίστε μια κάρτα σε ένα αγαπημένο σας πρόσωπο! Μπορείτε να αγοράσετε κάρτες αξίας 10€, 20€, 30€ ή 50€. Επιλέξτε να την πληρώσετε μέσω πιστωτικής κάρτας ή με Paypal. Δεν μεσολαβεί κούριερ. Η κάρτα θα έρθει άμεσα στο ηλεκτρονικό σας ταχυδρομείο.",Γλώσσα | Χώρα/περιοχή | Το στοιχείο προστέθηκε στο καλάθι σας | Δωροκάρτες Mellifora | Προσαρμόστε τα παρακάτω: | Περισσότερα για το προϊόν | Customer Reviews | Reviews in Other Languages | Quick links | Εγγραφή/Subscribe to our emails,200,Mellifora Χειροποίητα Φυσικά Καλλυντικά και βάλσαμα,"Χειροποίητα Φυσικά Καλλυντικά & Βάλσαμα από το εργαστήρι της φύσης στις πλαγιές του Ολύμπου. Χωρίς επιβλαβή πρόσθετα. Πλούσια σε φυσικά συστατικά και αποτελεσματικά. Περιποίηση προσώπου, σώματος, μαλλιών. Θεραπευτικά σκευάσματα με βάση την πρόπολη και τα βότανα της Ελληνικής Φύσης.",Γλώσσα | Χώρα/περιοχή | Το στοιχείο προστέθηκε στο καλάθι σας | Φυσικά καλλυντικά & βάλσαμα | Θωρακίζουμε το ανοσοποιητικό | Είναι τα μαλλιά σου λαμπερά και δυνατά; | Ο καιρός και οι αρθρώσεις... | Η ακμή και τα στίγματα... | Κορυφαίες πωλήσεις | Αποσμητικό roll-on | Κρέμα Προσώπου Ημέρας | Οδοντόκρεμα Φυτική | Βοτανικό Έλαιο Ανακουφιστικής Εντριβής | Αντιρυτιδική Κρέμα | Conditioner - Μάσκα με Παιώνια | Έλαιο βαθιάς ενυδάτωσης ώριμης επιδερμίδας 30ml | PEELING GEL Φλοιός μαύρης ιτιάς | Γιατί Mellifora | 100% Φυσικά | 100% χειροποίητα | Κοινωνική Προσφορά | Συλλογές προϊόντων | Το Εργαστήρι της Φύσης | Let customers speak for us,
cmtb788zr006sdkiyyyqnweis,Melloncollection,Melloncollection Gift Card,https://melloncollection.gr/product/gift-card/,https://melloncollection.gr,200,Gift Card - Melloncollection,"The perfect gift choice for every style! Give your loved ones the freedom to choose their favorite sunglasses, eyewear, and accessories from our online store.","Sunglasses | Blue Light | Accessories | Designed by You, for You. | Gift Card | 1 | Understanding Blue Light | 2 | Blue Light Glasses | 3 | Why choose Blue Light glasses from Mellon Collection | FAQs | Related Products | Recently Viewed | NEWSLETTER | Find us | Collections | Menu | Useful Links | © 2026 MELLON | Developed by Cactus | Special Order | HOW TO MEASURE YOUR PUPILLARY DISTANCE | UNDERSTANDING YOUR PRESCRIPTION",200,Melloncollection - Premium Sunglasses,"Discover the most premium & cool collection of sunglasses, blue light & accessories, inspired by sisters Hanah & Elena!",Sunglasses | Blue Light | Accessories | FOR HIM & HER | New in | how to style them | Wholesale | Express Delivery | Free Shipping | Have Questions? | NEWSLETTER | Find us | Collections | Menu | Useful Links | © 2026 MELLON | Developed by Cactus,
cmta1faxg001vq8iy39nw940w,Mentzos,Mentzos Gift Card,https://www.mentzos.gr/products/gift-card,https://mentzos.gr,200,Gift Card,,Gift Card | Κατηγορίες,200,Mentzos Κόσμημα - Ρολόι,,Βραχιόλι από ανοξείδωτο ατσάλι και καφέ δέρμα με κεντρικό καφέ PVD και λεπτομέρειες από χρυσό 18 καρατίων HO034-1 | Κολιέ με κρεμαστό μενταγιόν άγκυρα από ανοξείδωτο ατσάλι και αστέρι του Βορρά σε ροζ χρυσό HO049-C | LEANSCHI,
cmta4yuag002psciyoexjru1o,Mgsound,MGsound Gift Card 300€ | Premium Event Gift Card,https://www.mgsound.gr/product/gift-card-300/?srsltid=AfmBOor9zJIGcmlK-272F6SOU8U2UDBV-AfXv09-bRqilRiHpN2U7TDO,https://mgsound.gr,200,MGsound Gift Card 300€ | Premium Event Gift Card,"Premium 300€ MGsound Gift Card valid for all services including DJs, Saxophone, 360 Video Booth, Digital Invitations and event experiences.",Search | About us | Find Us | Gift Card 300€ | Description | Χαρίστε μια εμπειρία MGsound. | Reviews | Related products | Gift Card 150€ | Gift Card 100€ | About Us | Νομικές Πληροφορίες,200,MGsound | Wedding DJ & Premium Event Entertainment Greece,"Premium wedding DJ, live saxophone, sound & lighting, photobooth and destination wedding entertainment services across Greece.",Search | About us | Find Us | Αρχική | Δημιουργούμεβραδιές που μένουν αξέχαστες. We createunforgettable event nights. | Δεν είναι μόνο η μουσική.Είναι όλη η αίσθηση της βραδιάς. It is not only about the music.It is the whole feeling of the night. | Όλα όσα χρειάζεταιένα premium event. Everything a premiumevent needs. | DJ Experience | Live Saxophone | Live Singing | Sound & Lighting | 360 Video Booth & Photobooth | QR Guest Gallery | Special Stage Effects | Wedding Letters | Εμπειρία που φαίνεταισε κάθε λεπτομέρεια. Experience you can feelin every detail. | Αθήνα • Νησιά • Beach WeddingsLuxury Events Across Greece Athens • Greek Islands • Beach WeddingsLuxury Events Across Greece | Από το πρώτο τραγούδιμέχρι την τελευταία στιγμή. From the first songto the final moment. | Εταιρείες που μαςέχουν εμπιστευτεί. Companies and brandsthat have trusted us. | Οι πελάτες μαςμας βαθμολογούν με 5 αστέρια. Our clients rate uswith 5 stars. | Premium Wedding Entertainment Services Premium Wedding Entertainment Services in Greece | Ας δημιουργήσουμεμια βραδιά που θα θυμούνται. Let’s createa night people remember. | About Us | Νομικές Πληροφορίες,
cmtb62q8a001p94iypyoj6lpu,Mideast,Gift Vouchers,https://online.mideast.gr/gift-vouchers/,https://online.mideast.gr,200,Gift Vouchers – Online Services Mideast Travel,,Gift Vouchers | Customize Your Gift Voucher | Gift for Travelers | Autumn Trip Gift | Gift for Autumn Travelers | Christmas Gift | Gift for Cristmas | New Year Gift | Be the Santa | Gift for Winter Travelers | Winter Trip Gift | Gift for Valentine’s Day | Gift for Valentine’s | Gift for your Loved One | Valentine’s Day Gift | Spring Trip Gift | Gift for Spring Travelers | Gift for Easter | Easter Gift | Summer Holidays Gift | Summer Gift | Holidays as Gift | Trip as a Gift | Gift for Father’s Day,200,Online Services Mideast Travel – Online Services,,Online Services Mideast Travel | Mideast Travel is now online | Gift Voucher | Gift for Mother’s Day | Customize Your Gift Voucher | Gift for Mother | Gift for Winter Travelers | Summer Holidays Gift | Ferry tickets Gift | Birthday Gift | Spring Trip Gift | Boat tickets to Greek Islands and International Destinations | Contact us,
cmta1ix8a00esq8iyx9vwmckf,Mikelidis,Δώρα :: Gift Card :: Gift Card 300 €,https://www.mikelidis.gr/dora/gift-card/,https://mikelidis.gr,200,Δώρα :: Gift Card,,Φίλτρα Προϊόντων | Gift Card | Οδηγοί | Επισκευές | Δείτε επίσης | Όροι,200,Κοσμήματα Μικελίδης,"Μικελίδης Κοσμήματα, Κοσμηματοπωλείο στην Ηλιουπολη",Οδηγοί | Επισκευές | Δείτε επίσης | Όροι,
cmta1kvpg00mwq8iywg5mlfel,Mimadastimargarita,Gift Card - Mη μαδάς τη μαργαρίτα,https://mimadastimargarita.gr/product/gift-card/,https://mimadastimargarita.gr,200,Gift Card - Mη μαδάς τη μαργαρίτα,"Δώσε τη χαρά της επιλογής με μια Gift Card! Χάρισε στους αγαπημένους σου την ελευθερία να επιλέξουν το δικό τους μοναδικό κόσμημα από το Μη μαδάς τη μαργαρίτα! Με τη Gift Card μας, τους προσφέρεις την ευκαιρία να ανακαλύψουν χειροποίητα κοσμήματα που ταιριάζουν στην προσωπικότητά τους και το ξεχωριστό τους στυλ. Ιδανική επιλογή για δώρο γενεθλίων ή οποιαδήποτε άλλη ξεχωριστή περίσταση. Ο αποδέκτης ή η αποδέκτρια θα λάβει email με τον μοναδικό κωδικό της δωροκάρτας που έχεις αγοράσει, θα επιλέξει τα κοσμήματα που επιθυμεί και κατά το checkout το ποσό της δωροκάρτας θα αφαιρεθεί από το τελικό ποσό!",Gift Card | Επιλογή εικόνας | Ορίστε ένα ποσό | Στοιχεία παράδοσης | ΑΝΑΚΑΛΥΨΤΕ | ΕΠΙΚΟΙΝΩΝΙΑ | ΕΞΥΠΗΡΕΤΗΣΗ ΠΕΛΑΤΩΝ,200,ΑΡΧΙΚΗ - Mη μαδάς τη μαργαρίτα,"Ετοιμάσου να φορέσεις τη δική σου ιστορία! Στο Μη Μαδάς τη Μαργαρίτα, τα χειροποίητα κοσμήματα δεν είναι απλώς αντικείμενα. Είναι οι εκρήξεις δημιουργικότητας",Gifts to keep for yourself!!! | The #getmymessage collection | Your favourites! | Xρυσό κολιέ 14K CHESHIRE PETIT | Ασημένια επίχρυσα σκουλαρίκια CHESHIRE GONDOLA L | Ασημένια επίχρυσα σκουλαρίκια CHESHIRE PARTY | Ασημένια επίχρυσα σκουλαρίκια ECLIPSE | Ασημένια επίχρυσα σκουλαρίκια LAURA | Ασημένια επίχρυσα σκουλαρίκια LOTUS | Ασημένια επίχρυσα σκουλαρίκια MYRA | Ασημένια επίχρυσα σκουλαρίκια RIKA | Ασημένια επίχρυσα σκουλαρίκια RIKA PARTY | Ασημένια επίχρυσα σκουλαρίκια TROIS SUNDAY | Κάτι παραπάνω από χειροποίητο κόσμημα | ΑΝΑΚΑΛΥΨΤΕ | ΕΠΙΚΟΙΝΩΝΙΑ | ΕΞΥΠΗΡΕΤΗΣΗ ΠΕΛΑΤΩΝ,
cmta1ng3h00wwq8iy0jg8v49x,Minotavros,Redeem Gift Certificate,https://minotavros.gr/,https://minotavros.gr,,,,,,,,,fetch failed | fetch failed
cmta1ixm400euq8iy6w8fh6ah,Misa,MISA E-GIFT Card,https://www.misa.gr/gift-card,https://misa.gr,200,E-GIFT Card | misa,Δεν μπορείτε να διαλέξετε; Η δωροκάρτα της MISA είναι το τέλειο δώρο που θα αρέσει σε όλους!,MISA E-GIFT Card | ΣΥΧΝΕΣ ΕΡΩΤΗΣΕΙΣ | Ποια είναι τα βήματα έκδοσης της MISA E-GIFT Card | Για πόσο καιρό ισχύει; | Ποιο είναι το ποσό που μπορώ να εξαργυρώσω; | Μπορώ μα ανταλλάξω την MISA E-GIFT Card μου με μετρητά; | Πως χρησιμοποιώ την MISA E-GIFT Card;,200,Αρωματικά Χώρου & Είδη Περιποίησης | Misa Greece,Ανακάλυψε τώρα όλα τα διαθέσιμα προϊόντα της εταιρείας Misa Greece και ζήσε την εμπειρία τους κάνοντας τις αγορές σας online.,Best Sellers | Γιατί MISA; | Τι έγραψαν όσοι τα αγόρασαν | Δέσποινα Π. | Κατερίνα Β. | Ευρυδίκη Ζ. | Σοφία Κ. | Βασιλική Τ.,
cmtb77ckx0027dkiyltinns4m,Mix & Match,Mix & Match Gift Card,https://mixandmatch.gr/product/digital-gift-card/,https://mixandmatch.gr,200,DIGITAL GIFT CARD - Mix & Match,"Surprise your loving ones with the Mix&Match digital gift card and give them the opportunity to choose their favorite designs. Description: Sent by email at the time you buy it. Gifted to a single person at the time. Valid only for purchases via our Website and our Shop. The gift card is valid for 1 year from the date of dispatch. *Note that the gift card works as a digital wallet, that means the recipient can use it once for more than one item until the amount reaches zero.",DIGITAL GIFT CARD,200,Mix & Match,"Mix&Match designs can be worn at any time of the day from morning to evening and night -at the office, for a stroll around the city to an island trip, as a wedding guest, as a working woman, a friend, a mother or wife.",“She does not need to be loud to be remembered.” | Dresses | shop dresses | Shirts & Tops | shop shirts | DRESSES | SHIRTS & TOPS | BOTTOMS | CO-ORD SETS | NEW IN | CYNTHIA MIDI SKIRT | VANILLA | CAROLINA VEST | VANILLA | AIRA TOP | VANILLA | REBECCA BLAZER | VANILLA | MELISSA MINI SKIRT | VANILLA | MONICA MIDI DRESS | VANILLA | CASSANDRA CROCHET DRESS | BEIGE | MONICA MINI DRESS | VANILLA | RACHEL DRESS | GREIGE | MONICA MIDI DRESS | GREIGE | MONICA MINI DRESS | GREIGE | VASILIKI MINI DRESS | GOLD | OUR STORY,
cmta1kw6300myq8iyzkj9hpsf,Mocannella,Δωροκάρτα,https://www.mocannella.gr/giftcard,https://mocannella.gr,200,Δωροκάρτα,,"Δωροκάρτες | Γιατί να συμβιβαστείτε με κάτι συνηθισμένο, ενώ μπορείτε να κάνετε το δώρο της επιλογής; | ΕΓΓΡΑΦΕΙΤΕ ΣΤΟ NEWSLETTER ΜΑΣ | Ξηροί Καρποί & Snacks | Premium Σοκολάτες | Αποξηραμένα Φρούτα & Superfoods | Βότανα & Μπαχαρικά | Καφές, Τσάι & Ροφήματα | Δώρα, Εποχιακά & Θεματικά | Γλυκίσματα και Ζαχαρώδη | Κάβα | Βιολογικά Προϊόντα | Τι Χρειάζομαι Τώρα! | Gourmet Παντοπωλείο",200,"Mocannella | Αγορά Ξηρών Καρπών, Σοκολάτας, Βοτάνων, Καφέ & Άλλων Delicacies | Το Online Κατάστημα μας","Ανακαλύψτε την ποικιλία μας από ξηρούς καρπούς,σοκολάτες,βότανα,μπαχαρικά,τσάι,καφέ,βιολογικά προϊόντα,κρασιά και ποτά.Eξαιρετικά κουτιά δώρων για επαγγελματικές,εορταστικές και ειδικές περιστάσεις. Αγοράστε τα καλύτερα gourmet προϊόντα σε ένα μόνο κλικ!","Αγοράστε ανά κατηγορία | Best Sellers | Ζαχαρωτά Marshmallows Σε Σχήμα Λεμόνι | Τσιπς Αποξηραμένων Λαχανικών | Άρκευθος (Κεδροκούκουτσο) | Μείγμα Ενέργειας | Τα πιο πρόσφατα άρθρα απ' το Blog μας. | Ποιότητα Mocannella | ΕΓΓΡΑΦΕΙΤΕ ΣΤΟ NEWSLETTER ΜΑΣ | Ξηροί Καρποί & Snacks | Premium Σοκολάτες | Αποξηραμένα Φρούτα & Superfoods | Βότανα & Μπαχαρικά | Καφές, Τσάι & Ροφήματα | Δώρα, Εποχιακά & Θεματικά | Γλυκίσματα και Ζαχαρώδη | Κάβα | Βιολογικά Προϊόντα | Τι Χρειάζομαι Τώρα! | Gourmet Παντοπωλείο",
cmta1iy0a00ewq8iyav1zn7nb,Moelian,Moelian Gift Card,https://www.moelian.gr/gift-card,https://moelian.gr,200,Gift Card | Moelian,"You can't go wrong with Moelian Gift Card! Pick an amount and write a personalized message to make this gift your own. The recipient will be happy to have shop-wide choice. Custom Spa Gift Boxes, Natural Skincare, Wedding and Shower Favors","eGift Card | Natural Skincare, Gifts for NewMother and Baby, Wedding and Shower Favors, Custom Spa Gift Boxes, Bridesmaids Gifts",200,Unique Gifts & Favors | Natural Skincare | Candles | Moelian | Greece,"Discover Unique Self Care Gifts & Favors by Moelian! Send your Love or Treat Yourself with Natural Skincare and Spa Kits, Soy Candles and more","Our Trends | Bath Bomb Gift Set for Best Mom | Groomsmen Gift Box | Send your Love or Treat Yourself with Moelian Handmade & Natural Creations! | Skincare & Spa kits Personalized Candles and more. | What Customers Said | Moelian Shop Natural Skincare & Unique Self Care Gifts! | Discover a selection of Custom Spa Gift Boxes, Gifts for New Mother and Baby, Personalized Gifts & favors for your occasion.",
cmtb789dc006udkiyns09pnli,Mom & Me,Mom & Me Gift Card,https://momandme.gr/product/gift-card-100/,https://momandme.gr,200,Δωροκάρτα 100€ - Mom & Me,"Βάλτε τη δωροκάρτα στο καλάθι και ολοκληρώστε κανονικά τη διαδικασία αγοράς. Μόλις επιβεβαιώσουμε την πληρωμή θα λάβετε τη δωροκάρτα με τον εκπτωτικό κωδικό στο email σας, για να την προσφέρετε στα αγαπημένα σας πρόσωπα.",Δωροκάρτα 100€ | Σχετικά προϊόντα,200,"Mom&Me Family Concept Store | Βρεφικά, Ένδυση & Premium Brands","Ολοκληρωμένο Family Concept Store με βρεφικά είδη, ένδυση, υπόδηση και premium brands για όλη την οικογένεια. Επίσημος μεταπωλητής.","Mom&Me Family Concept Store – Ένας κόσμος για όλη την οικογένεια | Ρούχα από τη Φύση | Μαμά, πάμε βόλτα? | Κάντε ένα Δώρο | Η εμπιστοσύνη σας, η δύναμή μας!",
cmtb7i474001904iye9qfchj3,Monkees of Athens,Monkees of Athens Gift Card,https://monkeesofathens.com/products/monkees-of-athens-gift-card,https://monkeesofathens.com,200,Digital Gift Card – Monkee's of Athens,"Purchase a digital gift card with Monkee's, and use in store or online! This gift card will be emailed directly to you or the recipient. If you want this as a surprise or at a later date, select ""I want to send this as a gift"" and select a date within the ""Send on"" field.",Your cart | Your cart is empty | Digital Gift Card | Description | Recommended products,200,"Monkee's of Athens | Women's Boutique in Athens, GA","The ultimate in women's clothing, shoes and accessories. Visit Monkee's of Athens in Athens, GA, or shop online for the latest styles.",Monkee's of Athens | Your cart | Your cart is empty | This Just In | Simkhai | Shoshanna | Trending Now | Follow Along @monkeesathens,
cmta1ngnh00wyq8iyaskl04be,Moomoo,GIFT CARDS - moomoo.gr,https://www.moomoo.gr/giftcards,https://moomoo.gr,200,GIFT CARDS,GIFT CARDS. Διαβάστε περισσότερα,"Follow us | GIFTCARDS | GIFT CARD 100 | GIFT CARD 80 | GIFT CARD 50 | GIFT CARD 30 | 25ης Μαρτίου 77, Ωραιόκαστρο | 6937 831381 | info@moomoo.gr | Join our newsletter | Κερδίστε 10% έκπτωση στην πρώτη σας αγορά",200,Moomooo χειροποίητα κοσμήματα | Crafting hope from clay,"Στο eshop της moomoo θα βρείτε τα καλύτερα χειροποίητα κοσμήματα από πολυμερικό πηλό, βραχιόλια, κολιέ, δαχτυλίδια και σκουλαρίκια για μοναδικό στυλ","Follow us | LORI | MORATI | KAYA RING LARGE | Wall paintings in Tiébélé village have a very rich symbolism. Each painted house has many different geometrical and illustrative drawings | OKORO | Earrings | [ ɪərɪŋ ] | Rings | [ rɪŋ ] | KAYA LARGE | KAYA MEDIUM | Crafting hope from clay | Bracelets | [ breɪ.slət ] | Necklaces | [ nek.ləs ] | MALI | 25ης Μαρτίου 77, Ωραιόκαστρο | 6937 831381 | info@moomoo.gr | Join our newsletter | Κερδίστε 10% έκπτωση στην πρώτη σας αγορά",
cmtb62mzp001794iymwe27b7c,Morethanthis,Gift Voucher,https://morethanthis.gr/products/gift-voucher?srsltid,https://morethanthis.gr,200,Gift Voucher,Spread the love!Send your gift to your favorite person and let them enjoy free spending time,Gift Voucher | Contact Us,200,MoreThanThis,A design shop featuring selected Greek designers and more,MoreThanThis | AVALON | GIFT IDEAS | TRUNKSHOWS,
cmta4yvpr002vsciyrkj6lfwe,Motoholics e,Motoholics e-Gift Card,https://motoholics.gr/motoholics-e-gift-card?srsltid=AfmBOorsIfPkxr3HPdqtJF9Aa28lkqALyIDniuFjV695a_WOzsSYS5WH,https://motoholics.gr,200,Motoholics || Motoholics e-Gift Card,Motoholics e-Gift Card,Motoholics e-Gift Card | Motoholics e-gift card,200,Motoholics || Piaggio Vespa Aprilia HpCorse,"Βρες στο motoholics.gr γνήσια ανταλακτικά και αξεσουάρ Piaggio, Vespa, Aprilia, Gilera, Scarabeo καθώς και επιλεγμένα After Market προιόντα. . Αγόρασε online ρούχα, κράνη, αναλώσιμα, ανταλακτικά και αξεσουάρ μηχανής και scooter κορυφαίων κατασκευαστών.","Genuine Piaggio Group Parts | UpMap | Μοτοσυκλέτα | Scooter | Εξατμίσεις | Βάσεις κινητού, ActionCam, GPS | Λιπαντικά | Ένδυση Casual | Ενδοεπικοινωνίες | Lifestyle | Αντικλεπτικά | Μπαταρίες | Βιβλία | Πακέτα Συντήρησης Scooter/Moto | Motoholics e-Gift Card",
cmtb62ncf001994iy7kzv2o19,Motorparts,Gift Cards,https://www.motorparts.com.gr/en/gift-cards/?srsltid,https://motorparts.com.gr,200,Gift Cards - MotorParts.com.gr,,Gift Cards | Search | Shopping cart | Menu | Loved | Recently Viewed | Wishlist | Save to wishlist,200,Αξεσουαρ μοτοσυκλέτας και αναβάτη - MotorParts.com.gr,"Τα γνωστότερα αξεσουάρ αναβάτη και μηχανής στις καλύτερες τιμές της αγοράς.DAINESE, AGV, SCOTT, HJC, SHOEI, GIVI, KAPPA, BLAUER, TUCANO URBANO, KLIM, REVIT, MOMO. Έως 36 άτοκες δόσεις στα αξεσουάρ αναβάτη και μοτοσυκλέτας!",ΔημοφιλείςΚατηγορίες | Μπότες Gaerne G-Dakar Gore-Tex Μαύρες | Κράνος Jet HJC i31 ECE 22.06 Tevis MC-5SF | Κράνος Jet Momo FGTR Classic ECE 22.06 Mono Matt Military Green/Black | Μπουφάν Καλοκαιρινό Revit Eclipse 2 Tarmac | Γάντια Καλοκαιρινά Revit Mosca 2 Black-Orange | Μποτάκια Καλοκαιρινά Dainese Herian Air Black/Anthracite | Βάση Τιμονιού Interphone + Universal Θήκη Crab 24 Pro | Quad Lock Universal Adaptor QLA-UNI-3 | SP Connect Moto Scooter Bundle SPC+ Universal Clamp | Quad Lock Βάση Κινητού Για Τιμόνια 22-32mm QLM-HBR | Μπουφάν Καλοκαιρινό Nordcode Aero-R II Blue | Γάντια Καλοκαιρινά Revit Access Black | Κράνος Jet HJC V31 ECE 22.06 Solid Black | Μπουφάν Καλοκαιρινό Dainese Air Frame 3 Tex Black/Black/White | Αξιολογήστε μας | Αναζήτηση | Καλάθι | Menu | Αγαπημένο | Recently Viewed | Λίστα επιθυμιών | Προσθήκη στα αγαπημένα,
cmta1iyw100f0q8iyyl3g2m31,Motovinios,ΔΩΡΟΚΑΡΤΑ 100€ Το καλύτερο δώρο για τα αγαπημένα ...,https://www.motovinios.gr/c/giftcard,https://motovinios.gr,200,GIFT CARD | Motovinios,GIFT CARD | Motovinios,ΔΩΡΕΑΝ ΜΕΤΑΦΟΡΙΚΑ ΓΙΑ ΑΓΟΡΕΣ ΑΝΩ ΤΩΝ 90€ | GIFT CARD | FILTERS | ΔΩΡΟΚΑΡΤΑ 200€ | ΔΩΡΟΚΑΡΤΑ 150€ | ΔΩΡΟΚΑΡΤΑ 100€ | ΔΩΡΟΚΑΡΤΑ 50€ | ΠΛΗΡΟΦΟΡΙΕΣ | ΑΓΟΡΕΣ | SOCIAL MEDIA | {{ options.title }},200,Motovinios.gr | Μοτοσυκλέτες και Αξεσουάρ σε μοναδική γκάμα και τιμές!,Μπες εδώ και δες τη Mοτοσυκλέτα που Ονειρεύεσαι | Μεγάλη Ποικιλία από Kορυφαία Βrands | Βρες τα Πάντα σε Αξεσουάρ για τη Μηχανή σου σε Απίστευτες Τιμές,ΔΩΡΕΑΝ ΜΕΤΑΦΟΡΙΚΑ ΓΙΑ ΑΓΟΡΕΣ ΑΝΩ ΤΩΝ 90€ | ΔΗΜΟΦΙΛΕΙΣ ΚΑΤΗΓΟΡΙΕΣ | ΜΟΤΟΣΥΚΛΕΤΕΣ | ΔΙΑΒΑΣΤΕ ΣΤΟ BLOG | ΔΗΜΟΦΙΛΕΙΣ ΜΑΡΚΕΣ | ΠΛΗΡΟΦΟΡΙΕΣ | ΑΓΟΡΕΣ | SOCIAL MEDIA | {{ options.title }},
cmta1iz9l00f2q8iyi8h5dd3j,Moustakisfc,Ψηφιακή δωροκάρτα,https://www.moustakisfc.gr/gift-cards/,https://moustakisfc.gr,200,Δωροκάρτες - Moustakis Flower Company,,Menu | Shop Online | Δωροκάρτες | Ψηφιακή δωροκάρτα | Δωροκάρτα | Join Our World,200,Αρχική - Moustakis Flower Company,"Moustakis Flower Company. Since 1965, our family business has been operating as an innovative Floral Studio. Flower arrangement services.",Menu | Shop Online | We are making history | Είπαν για εμάς | Ανθοπωλείο | Floral Coffee Box | Εκδηλώσεις | Ohayo | ΑΝΑΚΑΛΥΨΤΕ ΠΕΡΙΣΣΟΤΕΡΑ | Πόθος | Tσαγιέρα Μπλέ | Κούπα Μαύρη | Διακοσμητικό Origami | Πέτρινος Δίσκος | Μαύρο Κυλινδρικό Βάζο | Τετράγωνα Καλάθια | Μονστέρα «Monkey» | Μονστέρα «Deliciosa» | Κισσός Μακρόφυλλος | Παχίρα «Aquatica» Μεγάλη | Καλάθια Στρογγυλά | Παχύφυτο Αλόη/ Αθερώδη | Bunny Tails | Γυάλινη Κανάτα,
cmta1f1n7000tq8iylhz55ztt,Msba Events,Msba Events Gift Card,https://www.msba-events.gr/shop/toys/gift-card/,https://msba-events.gr,200,Gift Card - msbaevents,Το πιο εύκολο και όμορφο δώρο!!!,Welcome to the magic world of msba kids concept store ! | email : magikestigmes@gmail.com | Gift Card | Σχετικά προϊόντα | Βαπτιστικό Παπούτσι Babywalker Pri2104 Beige | Βαπτιστικό Παπούτσι Babywalker Mi1638 White | Βαπτιστικό Παπούτσι Babywalker Mi1638 Ivory | Βαπτιστικό Παπούτσι Babywalker Mi1573,200,Home - msbaevents,"Alice New entry AW25-26 Take a look Take a look Two In A Castle SALES -50% Click Here our categories Toys Ξύλινα , Σιλικόνης , Ρόλων , Πατίνια κ.α. SHOP NOW KidsFashion Ρουχαλάκια , Μαγιό , καπέλα , γυαλιά κ.α. SHOP NOW Road &School Σακίδια , Αξεσουάρ Καροτσιού κ.α. SHOP NOW Deco Room Αυτοκόλλητα Τοίχου […]",Welcome to the magic world of msba kids concept store ! | email : magikestigmes@gmail.com | Alice | Two In A Castle | Toys | KidsFashion | Road &School | Deco Room | Newborn | For Food | For Mum | Παιδικό Βιβλίο! | Baptism &Wedding | Free Shipping | Quick Payment | Two In A Castle ΒΡΕΦΙΚΟ ΣΕΤ NUTCRACKER ΚΑΡΟ | Two In A Castle ΣΕΤ FLOWER SKY | Two In A Castle ΑΘΛΗΤΙΚΟ ΣΕΤ RED SAFARI | Two In A Castle Σετ CHERRY BALM | Two In A Castle Φόρεμα CHERRY BALM | Two In A Castle ΒΡΕΦΙΚΟ ΣΕΤ CHERRY BALM | Two In A Castle ΒΡΕΦΙΚΟ ΣΕΤ MAGIC HORSES | Alice ΦΟΥΤΕΡ ΜΕ ΠΑΝΤΕΛΟΝΙ | Alice ΦΟΥΣΤΑ JEAN BLUE,
cmta1kwnq00n0q8iy09gmn7q7,Musicland,Δωροκάρτα Musicland - Το μουσικό δώρο που δεν λήγει ποτέ,https://www.musicland.gr/gift-card,https://musicland.gr,200,Δωροκάρτα Musicland - Το μουσικό δώρο που δεν λήγει ποτέ,"Δωροκάρτα Musicland από 5 έως 5.000 ευρώ. Δεν λήγει ποτέ, φτάνει με email αμέσως μετά την πληρωμή και εξαργυρώνεται στο καλάθι - ακόμα και σε μέρος του ποσού.","Δωροκάρτα Musicland | Πώς λειτουργεί | Φτιάξ' τη | Στείλ' τη | Εξαργύρωσέ τη | Ό,τι περισσέψει, μένει | Εταιρικές δωροκάρτες | Δεν λήγει ποτέ | Αποστολή με email μετά την πληρωμή | Εξαργύρωση με τον κωδικό στο καλάθι | Χωρίς λογαριασμό | Προεπισκόπηση | Νέα Προϊόντα | Κλασική Κιθάρα 1/4 | Manuel Rodriguez Caballero PA-25 ProArte - 1/4 | Χειροποίητο 6-χορδο Μπουζούκι με Βέργα | Matsikas BZ6-205T | Δυναμικό Μικρόφωνο Χειρός | Audio Technica MB2K | Θήκη για Riq, Ντέφι, Μπεντίρ - 30 x 9 cm | Pandura FDB-1225 Professional - 12"" x 2.5"" | Ρομποτική Κεφαλή | Ibiza E-WASH100 | Καλώδιο USB-C σε USB-C 0.25m",200,"Μουσικά όργανα, Ηχητικά, Service οργάνων Musicland.gr","Στο κατάστημά μας θα βρείτε τη μεγαλύτερη ποικιλία μουσικών οργάνων με περισσότερα από 75.000 προϊόντα, εξειδικευμένο τμήμα service και εγγύηση musicland.",Κατηγορίες | Νέα Προϊόντα | Ηλεκτρική Κιθάρα | Spira V-420 AWH - Antique White | Κλασική Κιθάρα 1/4 | Manuel Rodriguez E-Studio - 1/4 Cedar ST | Ηλεκτρο-Κλασική Κιθάρα 4/4 | Manuel Rodriguez CA-PM-FE Flamenco | Κλασική Κιθάρα 4/4 | Manuel Rodriguez Superior GK-RO-Y Flamenco Gipsy Kings - Yellow | Ηλεκτρικό Μπάσο | Spira B-400 MGR - Satin Green | Spira S-1000 PRO - Black Limba | Ηλεκτρική Κιθάρα 7άχορδη | Spira S-607 AGR - Stained Green | Manuel Rodriguez Academia EX-SS Santos Pavo Real HG | Manuel Rodriguez C3-FR Superior Flamenco Sabicas | Κλασική Κιθάρα 7/8 | Manuel Rodriguez T-63 Tradicion - 7/8 | Divitone Modern Fly Studio C - Shell Pink | Manuel Rodriguez CA-PM-F Flamenco | Manuel Rodriguez E-Studio Black Cutaway HG | Spira S-457 TRD - Trans Red/Black | Divitone Modern Fly Studio Smart - Fluorite Green,
cmta1le1500oyq8iyicabgae9,Musicpal,Gift card - MusicPal,https://musicpal.gr/dorokarta,https://musicpal.gr,200,MusicPal - Δωροκάρτα,"Γιορτή, γενέθλια, επέτειος, ιδιαίτερα γεγονότα ή επιτεύγματα; Η ""δωροκάρτα"" του MusicPal είναι το ιδανικό δώρο! Χαρίστε μαθήματα μουσικής online στα αγαπημένα σας πρόσωπα. Διαλέγετε το ποσό που θέλετε να την ""γεμίσετε"" και οι δικοί σας άνθρωποι μπορούν να επιλέξουν ανάμεσα από δεκάδες διαφορετικά προγράμματα μουσικής, που θα τους προσφέρουν αξέχαστες στιγμές και εμπειρίες! Αποκτήστε την σήμερα, όπου κι αν βρίσκεστε.",Δωροκάρτα MusicPal | Προσφέρετε το δώρο της μουσικής! Μένει για πάντα! | Δημοφιλή Μαθήματα Μουσικής Online | MusicPal | Όροι | Ακολουθήστε μας,200,MusicPal - Αρχική,,"Βρες τον ιδανικό δάσκαλο για διαδικτυακά μαθήματα μουσικής | Ένας Καλύτερος Τρόπος Να Μάθεις | Απόκτησε δεξιότητες, διασκέδασε και εξέλιξε τον εαυτό σου | Είπαν για εμάς: | Πως λειτουργεί | MusicPal | Όροι | Ακολουθήστε μας",
cmta1j01o00f6q8iy4fta6xj4,Musicworks,Δωροκάρτα - Music Works Shop,https://musicworks.gr/,https://musicworks.gr,200,Δισκοπωλείο Music Works στην Πετρούπολη,"Δισκοπωλείο Music Works, από το 1998 στην Πετρούπολη, Αγ. Λαύρας 74, ΤΚ 13231 | Βινύλια, cd, t-shirts, βιβλία, παραγγελίες | τηλ. 210-5055255",Δισκοπωλείο Music Works | Αγορές | Συνεντεύξεις | Music Works Blog | Ακολουθήστε το Music Works στο Facebook | Instagram feed | Πληροφορίες | Τελευταία νέα | Ωράριο | Για αναζήτηση ξεκινήστε να πληκτρολογείτε και πατήστε enter,200,Δισκοπωλείο Music Works στην Πετρούπολη,"Δισκοπωλείο Music Works, από το 1998 στην Πετρούπολη, Αγ. Λαύρας 74, ΤΚ 13231 | Βινύλια, cd, t-shirts, βιβλία, παραγγελίες | τηλ. 210-5055255",Δισκοπωλείο Music Works | Αγορές | Συνεντεύξεις | Music Works Blog | Ακολουθήστε το Music Works στο Facebook | Instagram feed | Πληροφορίες | Τελευταία νέα | Ωράριο | Για αναζήτηση ξεκινήστε να πληκτρολογείτε και πατήστε enter,
cmta1j0st00f8q8iyavkhvjm3,Muststore,Gift Card | Must Store,https://www.muststore.gr/product/gift-card/,https://muststore.gr,200,Gift Card | Must Store,"Δεν ξέρετε τι να πρωτοδιαλέξετε για τους αγαπημένους σας. Το καταλαβαίνουμε! Η καλύτερη λύση είναι μια δωροκάρτα με το ποσό της επιλογής σας. Δοκιμάστε το, είναι πανεύκολο, γρήγορο και σίγουρα θα χαρίσει χαμόγελα!",Κέρδισε πόντους & επωφελήσου! | Gift Card,200,Must for Fashion Lovers | Online Shop,Γυναικεία και ανδρική μόδα με επιλογές που ξεχωρίζουν και άμεση αποστολή σε όλη την Ελλάδα.,Κέρδισε πόντους & επωφελήσου!,
cmtb62nq0001b94iy044otdr1,Muye,Gift Card – Muye,https://muye.gr/product/gift-card/,https://muye.gr,200,Gift Card – Muye,"Share the joy and gift your loved ones a Muye Gift Card the perfect way to let them choose the pieces that speak to their unique style. Whether it’s a birthday, a special occasion, or just because, give the gift of timeless elegance and personal expression",Joy is Greater When Shared | Gift Card | Set an amount | Delivery info,200,Muye,,"Free shipping on all purchases | Fresh Gems. Eternal Beauty. | Special pieces that you want to wear for a long time, pieces with meaning. | Trending Now | Corali | Plum Muse | Brigitte | Drift | Azure | Eclipse | Categories",
cmta1j1af00faq8iyw0v4fvvw,Mycolours,Athina Balasi My Colours | eGift Card,https://www.mycolours.gr/gift-card,https://mycolours.gr,200,Gift Card | Colour Analysis • Colour Coaching by Athina Balasi,Ένα προσωπικό δώρο — υπηρεσίες χρωματικής ανάλυσης και συμβουλευτικής από τη βραβευμένη colour analyst Athina Balasi. Athens • Greece • Worldwide,My Colours Gift Card,200,Colour Analysis • Colour Coaching | Image Consulting | Athina Balasi,"Χρωματική Ανάλυση (Colour Analysis), Personal Styling & Image Consulting στην Ελλάδα από τη βραβευμένη colour analyst Athina Balasi | My Colours",Athens • Greece • Worldwide Online booking | Τι είναι η χρωματική ανάλυση — colour analysis | Bespoke colour analysis & colour coaching | 01 — Colour analysis | 02 — Colour coaching | Google Review,
cmtb77xrz0059dkiy8ihjp8lp,Mylifelikes,Αγοράστε μία Δωροεπιταγή,https://mylifelikes.gr/account/voucher,https://mylifelikes.gr,200,Αγοράστε μία Δωροεπιταγή,description,Gift Finder | Αγοράστε μία Δωροεπιταγή,200,Lifelikes,Θέλετε να προσφέρετε στους αγαπημένους σας δώρα τόσο ξεχωριστά όσο οι παραλήπτες τους; Αναζητήστε στα Lifelikes υπέροχα δώρα για όλους και μοιράστε χαμόγελα!,Gift Finder | ΒΡΕΣ ΤΑ ΑΓΑΠΗΜΕΝΑ ΣΟΥ ΔΩΡΑ | ΣΤΑ ΚΑΤΑΣΤΗΜΑΤΑ ΜΑΣ,
cmta1lzvj00raq8iye3ba3495,Mylittleland,Mylittleland Gift Card,https://mylittleland.gr/product-category/protaseis-gia-dwra/giftcard/,https://mylittleland.gr,200,Gift card | My littleland,,Gift card | Δωροκάρτα αξίας 100€ – Gift card | Δωροκάρτα αξίας 20€ – Gift card | Δωροκάρτα αξίας 30€ – Gift card | Δωροκάρτα αξίας 50€ – Gift card | Δωροκάρτα αξίας 70€ – Gift card | Newsletter,200,My littleland | My littleland,"“Play is the road to childhood happiness and adult brillance” “Play is the road to childhood happiness and adult brillance” “Joseph Chilton Pearce” Ανακαλύψτε τα προϊόντα μας My littleland Shop by category Προτάσεις για ΔΩΡΑ Νew Αrrivals Υou can’t teach creativity. All you can do is let it blossom. And, it blossoms in play. Η...","""Play is the road to childhood happiness and adult brillance"" | Shop by category | Ηλικίες (867) | Παιχνίδια Κατασκευών & Τουβλάκια (56) | Παιδαγωγικά & Εκπαιδευτικά Παιχνίδια (188) | Ειδικές εκπαιδευτικές ανάγκες (84) | Προτάσεις για ΔΩΡΑ | Έως 20 ευρώ (283) | Από 20 έως 30 ευρώ (272) | Από 30 έως 50 ευρώ (194) | Πάνω από 50 ευρώ (128) | Νew Αrrivals | Φτιάξε τη φατσούλα μίνι | Ψάρεμα | Φτιάξε έναν κήπο – στοιβάζω & φυτεύω | Φτιάξε έναν κήπο – δενδρύλλια | Φτιάξε έναν κήπο – ανθισμένο θερμοκήπιο | Φούρνος | Φάρμα & Μανάβικο με αυτοκινητόδρομο | Φάρμα | Τρίλιζα μίνι | Τιμόνι | Στίφτης | Σιδηρόδρομος & Αυτοκινητόδρομος",
cmta1j29v00feq8iyhuj3tzwe,Myran,Myran Giftcard,https://myran.gr/giftcard/,https://myran.gr,200,Myran Giftcard - Myran - Scandinavian Design,Physical or digital gift card for purchases from the store or the e-shop. Select one of the predetermined amounts for your giftcard or fill in an amount to send to a friend.,Select Type | Set amount | Send as a gift | Myran Giftcard | Contact | Sign up to our newsletter | Social | Myran | Extras | Help-desk | Payment Method,200,Myran - Scandinavian Design,"In Love with Scandinavian Design since 2004. We work with the most innovative suppliers of furniture, lighting and accessories from the Nordic countries.","Discover Our Clearance Offers | TABURET Side Table, Oiled Pine | RFH RD4 Terrace Chair, Teak | STRING Divider Cork, 4 pcs | ILLU Mirror 160×55 w. Light | Develius Config. F, Hallingdal 130 | STRING Underlay Cork, 2 pcs | AAL SOFA, Divina Melange 421 | SERIES 7™ Junior Chair, Oak | Campaigns | STRING Cabinet with Flip Door | MUSEUM™ Pedestal, Dark Brown | RELIEF Chest of Drawers Tall, Legs | MUSEUM™ Candle Holder, White | MUSEUM™ Candle Holder, Orange | STRING Cabinet w. Lock | STRING Shelves, 58x20cm | STRING Pocket, Grey | Window shopping | Design Classics | 1965 Pendant, Polished Brass | WEGNER OX Ottoman | Aalto Chair 69 | BARBOY White",
cmta1j2rw00fgq8iydjopixyl,Myrtia,Myrtia Gift Card,https://myrtia.gr/el/25-gift-cards,https://myrtia.gr,200,GIFT CARDS,,GIFT CARDS | Gift card | Αναζήτηση | Καλάθι αγορών | Menu | Αγαπημένα | Ρυθμίσεις | Recently Viewed,200,Myrtia Natural Cosmetics,Κατάστημα με PrestaShop,Αποσμητικό Lemon Pie | Αποσμητικό Sweet Earth | Αποσμητικό Baby Rose | Αποσμητικό Jasmine | Κερί για Μασάζ Ζεν | Κερί για Μασάζ Tantra | Κερί για Μασάζ Prana | Κεραλοιφή | Σαπούνι σώματος “Λεμονανθός” | Σαπούνι σώματος “Κέδρος” | Σαπούνι σώματος “Γλυκιά ορχιδέα” | Σαπούνι σώματος “Γιασεμί πορτοκάλι” | Σαπούνι σώματος “Χαμομήλι” | Σαπούνι απολέπισης σώματος “Ρόδι” | Σαπούνι απολέπισης σώματος “Ηφαιστειακή άμμος” | Face Serum | Lip Balm Μέντα | Lip Balm Μούρο | Lip Balm Αγριοκέρασο | Σαπούνι απολέπισης προσώπου “Βρώμη και μέλι” | Αναζήτηση | Καλάθι αγορών | Menu | Αγαπημένα,
cmta1niq900x6q8iyuhnwe0xg,Naeniam,Naeniam Gift Card,https://naeniam.gr/products/gift-card,https://naeniam.gr,200,Gift Card – Naeniam Boutique,"Είτε πρόκειται για την αγαπημένη σας, είτε για εσάς που έχετε αφήσει την αγορά δώρων για την τελευταία στιγμή, χαρίστε την πολυτέλεια μιας εντυπωσιακής εμπειρίας αγορών με μια δωροκάρτα από το φυσικό ή το ηλεκτρονικό μας κατάστημα. Τα βήματα είναι απλά. Επιλέξτε το ποσό που θέλετε να δωρίσετε, κάντε κλικ στην επιλογ",Καλάθι0 προϊόντα | Find your new wardrobe | Γλώσσα | Gift Card | Λάβετε -10% για την εγγραφή σας στο Naeniam Club | Δωρεάν Μεταφορικά | Τηλεφωνικές Παραγγελίες,200,Naeniam | Γυναικεία Ρούχα από Greek Designers & Χειροποίητα Αξεσουάρ – Naeniam Boutique,"Ανακάλυψε τη Naeniam Boutique στην Γλυφάδα. Μοναδικά γυναικεία ρούχα, φορέματα και χειροποίητα αξεσουάρ που αναδεικνύουν τη θηλυκότητά σας. Άμεση παράδοση σε όλη την Ελλάδα.",Καλάθι0 προϊόντα | Find your new wardrobe | Γλώσσα | TOP | SET | SHIRTS | DRESSES | Favorites | Κοσμήματα | Τσάντες | Ζώνες | Κερδίστε 10% με την εγγραφή σας στο Naeniam Club | Δωρεάν Μεταφορικά | Τηλεφωνικές Παραγγελίες,
cmta1j3ad00fiq8iyn7woqbcd,Naftemporiki,"ΔΩΡΟΚΑΡΤΑ ΙΚΕΑ: Tο ιδανικό δώρο για κάθε περίσταση, ...",https://naftemporiki.gr/,https://naftemporiki.gr,200,Ειδήσεις από την Ελλάδα και τον Κόσμο | Η ΝΑΥΤΕΜΠΟΡΙΚΗ,"Ειδήσεις από την Ελλάδα και τον Κόσμο με την εγκυρότητα της ΝΑΥΤΕΜΠΟΡΙΚΗΣ. Βίντεο, Χρηματιστήριο, Πρωτοσέλιδα, Οικονομική ενημέρωση","Αγορές | Real Time | Premium Services | Γίνετε συνδρομητές τώρα! | Email Services | Σε ενεργειακή παγίδα (και πάλι) η Ευρώπη: Πού θα φτάσουν πετρέλαιο, φυσικό αέριο | ΕΛΒΟ: Επένδυση 40 εκατ. ευρώ στη Σίνδο – 300 νέες θέσεις εργασίας και στροφή σε anti-drone τεχνολογίες | Η επιταγή των 100.000 δολαρίων που δεν μπορούσε να εξαργυρωθεί: Έτσι γεννήθηκε η Google | Μαραθώνας: Άφαντη η σορός της 90χρονης – «Δεν θυμάμαι ακριβώς πού την έθαψα», λέει η 68χρονη κόρη, τι είπε στις Αρχές ο εγγονός | Νεπάλ: Ανασύρθηκαν ζωντανοί μετά από 9 ημέρες μέσα από τη σήραγγα – Συγκλονίζει το βίντεο | Προσωπικός βοηθός για ΑμεΑ: Όταν το κράτος ζητά πιστοποιητικό που δεν εκδίδει | Telekom: Πρεμιέρα με την ΑΙ στην «πρώτη γραμμή» | Πάνω από 12 εκατ. στρέμματα γης κάηκαν στις φετινές καλοκαιρινές πυρκαγιές | Το κινητό έπεσε στο νερό: Γιατί δεν πρέπει να το βάλουμε σε ρύζι | 90ή ΔΕΘ: «Φρούριο» η Θεσσαλονίκη – 3.500 αστυνομικοί, drones και προληπτικοί έλεγχοι – Ποιοι δρόμοι θα κλείσουν | Newsroom | Απόψεις | Νέα «Γιάλτα» με απούσα την Ευρώπη | «Ο θάνατος του εμποράκου» | Φόρος πλούτου, αλλά πώς; | Κυψέλη: «Ο κόσμος με δικάζει για το τι μάνα είμαι. Καμία δεν θέλει να φέρει στον κόσμο ένα τέτοιο παιδί» | Στις 04:50 σταμάτησαν όλοι. Στις 05:00 μια ολόκληρη χώρα οδηγούσε ανάποδα | Γιορτή μεγάλου προφήτη σήμερα – Ποιοι γιορτάζουν σήμερα, Παρασκευή 4 Σεπτεμβρίου | «Αεριωθούμενος τρόμος» πάνω από το Κίεβο – Θερίζει αμάχους και δοκιμάζει τις αντοχές της ουκρανικής αεράμυνας",200,Ειδήσεις από την Ελλάδα και τον Κόσμο | Η ΝΑΥΤΕΜΠΟΡΙΚΗ,"Ειδήσεις από την Ελλάδα και τον Κόσμο με την εγκυρότητα της ΝΑΥΤΕΜΠΟΡΙΚΗΣ. Βίντεο, Χρηματιστήριο, Πρωτοσέλιδα, Οικονομική ενημέρωση","Αγορές | Real Time | Premium Services | Γίνετε συνδρομητές τώρα! | Email Services | Σε ενεργειακή παγίδα (και πάλι) η Ευρώπη: Πού θα φτάσουν πετρέλαιο, φυσικό αέριο | ΕΛΒΟ: Επένδυση 40 εκατ. ευρώ στη Σίνδο – 300 νέες θέσεις εργασίας και στροφή σε anti-drone τεχνολογίες | Η επιταγή των 100.000 δολαρίων που δεν μπορούσε να εξαργυρωθεί: Έτσι γεννήθηκε η Google | Μαραθώνας: Άφαντη η σορός της 90χρονης – «Δεν θυμάμαι ακριβώς πού την έθαψα», λέει η 68χρονη κόρη, τι είπε στις Αρχές ο εγγονός | Νεπάλ: Ανασύρθηκαν ζωντανοί μετά από 9 ημέρες μέσα από τη σήραγγα – Συγκλονίζει το βίντεο | Προσωπικός βοηθός για ΑμεΑ: Όταν το κράτος ζητά πιστοποιητικό που δεν εκδίδει | Telekom: Πρεμιέρα με την ΑΙ στην «πρώτη γραμμή» | Πάνω από 12 εκατ. στρέμματα γης κάηκαν στις φετινές καλοκαιρινές πυρκαγιές | Το κινητό έπεσε στο νερό: Γιατί δεν πρέπει να το βάλουμε σε ρύζι | 90ή ΔΕΘ: «Φρούριο» η Θεσσαλονίκη – 3.500 αστυνομικοί, drones και προληπτικοί έλεγχοι – Ποιοι δρόμοι θα κλείσουν | Newsroom | Απόψεις | Νέα «Γιάλτα» με απούσα την Ευρώπη | «Ο θάνατος του εμποράκου» | Φόρος πλούτου, αλλά πώς; | Κυψέλη: «Ο κόσμος με δικάζει για το τι μάνα είμαι. Καμία δεν θέλει να φέρει στον κόσμο ένα τέτοιο παιδί» | Στις 04:50 σταμάτησαν όλοι. Στις 05:00 μια ολόκληρη χώρα οδηγούσε ανάποδα | Γιορτή μεγάλου προφήτη σήμερα – Ποιοι γιορτάζουν σήμερα, Παρασκευή 4 Σεπτεμβρίου | «Αεριωθούμενος τρόμος» πάνω από το Κίεβο – Θερίζει αμάχους και δοκιμάζει τις αντοχές της ουκρανικής αεράμυνας",
cmta1nj7800x8q8iyqp5pjntz,Naira,Naira Gift Card,https://naira.gr/gift-card/,https://naira.gr,200,Gift Card | Naira,The Naira gift card offers the perfect way to share the brand’s refined aesthetic with someone special. Choose a flexible gift option that allows the recipient to explore the Naira collection and select their favorite pieces.,Δωρεάν μεταφορικά · Ελλάδα 50€+ | Κύπρος 100€+ | Ε.Ε. 170€+ | Gift Card | Gift Card-Mother’s Day | SHOP | Customer Care | Contact,200,Naira | Luxury Swimwear & Minimal Jewelry,Discover Naira – minimal jewelry and luxury swimwear designed with modern elegance and premium materials. Explore the latest collections online.,"Δωρεάν μεταφορικά · Ελλάδα 50€+ | Κύπρος 100€+ | Ε.Ε. 170€+ | Step into the world of Naira, where the sun is always shining. | Why Choose Naira | Explore Our Products | The Silhouette One-Piece | Neon-Green | The Èlan Triangle-Bikini Top | Skydiver | The Èlan Tie-Side Bikini Bottom | Skydiver | The Statuè Bikini Bottom | Black | The Line Bikini Bottom | Olive | The Line Triangle-Bikini Top | Olive | The Instict One-Piece | Black | The Sculpt One-Piece | Grana | The Statuè Short-Sleeve Bikini Top | Black | Rings | SHOP NOW | Necklaces | Bracelets | Earrings | Heart Beat Necklace | Square Knot Necklace | Deep Sea Necklace | Sparkle Hearts Earrings | Triple Hoops Earrings | Cinch Ring",
cmtb62osx001h94iyfilwbr22,Najma,Δωροκάρτα,https://najma.gr/product/gift-card/,https://najma.gr,200,Δωροκάρτα - Najma Jewelry,Δωροκάρτα| Μπείτε στο site μας και ανακαλύψτε περισσότερα για το προϊόν αλλα και για όλη τη συλλογή μας!!,Sign up for Newsletter | Δωροκάρτα | Επιλέξτε την εικόνα σας | Ορίστε ένα ποσό | Πληροφορίες παράδοσης | Τηλέφωνο: | Email: | Σύνδεση | Εγγραφή,200,Κοσμήματα και Αξεσουάρ - Najma Jewelry,Ανακαλύψτε τη μοναδική συλλογή μας σε γυναικεία κοσμήματα και αξεσουάρ με την καλύτερη ποιότητα και σε super τιμές!,Sign up for Newsletter | FASHION STATEMENTS | New Arrivals | Τηλέφωνο: | Email: | Σύνδεση | Εγγραφή,
cmta1lfk500p4q8iyhkvmu8ra,Nakas,< Gift Cards | Philippos Nakas,https://nakas.gr/,https://nakas.gr,403,Attention Required! | Cloudflare,,"Sorry, you have been blocked | You are unable to access nakas.gr | Why have I been blocked? | What can I do to resolve this?",403,Attention Required! | Cloudflare,,"Sorry, you have been blocked | You are unable to access nakas.gr | Why have I been blocked? | What can I do to resolve this?",HTTP_403 | HTTP_403
cmtb6uxv7002y3giyuk6pp01x,Nakasconcept,Δωροκάρτες,https://www.nakasconcept.gr/el/proionta/dorokartes/,https://nakasconcept.gr,403,Attention Required! | Cloudflare,,"Sorry, you have been blocked | You are unable to access nakasconcept.gr | Why have I been blocked? | What can I do to resolve this?",403,Attention Required! | Cloudflare,,"Sorry, you have been blocked | You are unable to access nakasconcept.gr | Why have I been blocked? | What can I do to resolve this?",HTTP_403 | HTTP_403
cmta1kxkp00n4q8iyxd6gorh9,Nakita,Gift Card - Nakita,https://nakita.gr/product-category/gift-cards/,https://nakita.gr,200,Gift Cards - Nakita,,Καλάθι | Gift Cards | Εύρος Τιμής | Μέγεθος | Gift Card | Πληροφορίες | Όροι/Προϋποθέσεις,200,Καλωσήρθες - Nakita,"Η Nakita αγαπάει τη μεσογειακή γυναίκα, σέβεται τις ανάγκες της και αγκαλιάζει με σεβασμό τις μοναδικές αναλογίες του σώματός της.",Καλάθι | Καλωσήρθες | Βρες εύκολα αυτό που ψάχνεις και ανανέωσε το στυλ σου! | Tops (34) | Φορέματα (25) | Παντελόνια (31) | Φούστες (6) | Πανωφόρια (9) | Gift Cards (1) | Sets (2) | Αξεσουάρ (5) | Πληροφορίες | Όροι/Προϋποθέσεις,
cmta1j3sy00fkq8iyg4q8u153,Natprod,Δωροκάρτα,https://www.natprod.gr/product/gift-card/,https://natprod.gr,200,Δωροκάρτα - Natprod.gr,"Οι δωροκάρτες της natprod.gr είναι το τέλειο δώρο για τoυς αγαπημένους σου. Διάλεξε το ποσό που θέλεις, γράψε μια ευχή και χάρισε το πιο τέλειο δώρο!",Δωροκάρτα | Σχετικά προϊόντα | Προϊόν | Long-Lasting Deodorant Cotton Flower | Μίνι Κριτσίνια | Σαμπουάν Εξισορρόπησης με Βιταμίνη Ε και Aloe Vera | Μπισκότα με Κρέμα Βανίλιας | Εγγράψου στο newsletter μας για να ενημερώνεσε σχετικά με νέα προϊόντα και προσφορές.,200,Τρόφιμα Χωρίς Γλουτένη - Βιολογικά - Vegan - Natprod.gr,"Ευρεία γκάμα τροφίμων ειδικής διατροφής, όπως βιολογικών και τροφίμων χωρίς γλουτένη, καθώς και vegan, cruelty-free, φυσικών δερμοκαλλυντικών.","Home | Τα κορυφαία προϊόντα μας | Παραδοσιακό Σαπούνι – Γάλα Γαϊδούρας | Κρέμα Κακάο με Φουντούκι | Τρυπητά (Ziti, Bucatini) για Παστίτσιο από Καλαμπόκι και Ρύζι | Ψωμί για Χάμπουργκερ XL | Κρέμα Φιστίκι Αιγίνης | Αιθέριο Έλαιο Tea Tree | Μέλι Manuka MGO 40+ | Προϊόντα χωρίς γλουτένη για όλη την οικογένεια! | Keto Μπάρα Πρωτεΐνης με Fudge Σoκολάτας και Φιστίκια | Κριθαράκι (Orzo, Risoni) από Καλαμπόκι και Ρύζι | Ψωμί Τόστ American Sandwich | Κρέμα Buono Φουντουκιού με Γάλα | Σπαγγέτι (Spaghetti) από Καλαμπόκι και Ρύζι | Κρέμα Κακάο με Κομμάτια Φουντουκιού | Keto Μπάρα Πρωτεΐνης με Σοκολάτα Πορτοκάλι και Φιστίκια | Ψωμί για Hot Dog | Πρωινό | Le Veneziane Μπισκότα Βουτύρου Munaretti | Ψωμί Ολικής Άλεσης σε Φέτες | Ρόφημα Αμυγδάλου Ultimate | Κρουασάν με Γέμιση Σοκολάτας | Τραγανά Δημητριακά Ρυζιού με Κακάο",
cmta1j4b000fmq8iypks872xe,Naturalhealth,Δωροκάρτα | Natural Health,https://naturalhealth.gr/product-category/dorokarta/?v=bf391b589afb,https://naturalhealth.gr,200,Δωροκάρτα | Natural Health,,Δωροκάρτα,200,Natural Health,"Προϊόντα υγείας και περιποίησης προσώπου, μαλλιών και σώματος για γυναίκες και άνδρες.","Libido | Maca για τη σωστή σεξουαλική λειτουργία 400mg 40 κάψουλες – Bio Tonics | Erectil (100% φυτικό Αφροδισιακό για την libido) +Προβιοτικά 60 φυτικές κάψουλες – Bio Tonics | Tribulus Λίμπιντο, Σεξουαλική υγεία 400mg 60 Vegan Κάψουλες – Bio Tonics | Panax Ginseng Λίμπιντο, Καρδιά, Αντοχή 200 mg 60 Vegan Κάψουλες – Bio Tonics | Αντηλιακά | Βιταμίνες | Μαγνήσιο για εύρυθμη λειτουργία του οργανισμού 500mg x60tabs- Natural Vitamins | Mega Multi Πολυβιταμίνη 60tabs – Natural Vitamins | No Stress Formula x60tabs- Natural Vitamins | CLA 1000mg Max Complex 60 caps – Natural Vitamins | Mega Multi Πολυβιταμίνη 30tabs – Natural Vitamins | D3 (5000IU) + K2 (Mk7-125μg) για το ασβέστιο Μασώμενες x 100tabs- Natural Vitamins | Omega 3 – Enteric Coated Fish Oil 1,000mg 700mg EPA/DHA 60 caps – Natural Vitamins | Ηλεκτρολύτες 50 κάψουλες – Natural Vitamins | Natural Fiber Complex 90 caps – Natural Vitamins | Collagen Pure Peptide – 10.000mg – Bovine – Ελευθέρας Βοσκής 300gr – Natural Vitamins | Ηλεκτρολύτες 100 κάψουλες – Natural Vitamins | Vegan Iron Chelate Formula x50tabs- Natural Vitamins | @natural_healthgr",
cmta5nv42001n54iywdz7r09e,Naxos Art,Naxos Art Gift Card,https://naxos-art.gr/product/gift-card/,https://naxos-art.gr,200,Naxos Art Gift Card - Naxos Art,"🎁 Select the perfect gift card amount, add the recipient’s email and include a heartfelt message if you wish. Each gift card stays valid for 2 years from the day it’s purchased.",Naxos Art Gift Card | Description | Reviews | Related products | White linen Christmas tablecloth | Woven traditional cushion cover with Meander in green | Woven traditional cushion cover with Minoan design in brown | Cutwork curtain with handmade crochet lace | Welcome | Visit Naxos | Last Added | Contact Us | Naxos Art,200,"Home Greek Products | Embroidered Curtains, Woven Rugs and Bedspreads","Discover a collection of beautiful handmade Greek rugs, curtains, bedspreads, tablecloths and home accessories. Each piece is crafted with care, featuring intricate embroidery and traditional designs. Add a touch of elegance to your home decor with our unique selection.",Shop Curtains | Shop Rugs | Unique Handiworks | Vintage Handwoven Wool Sofa Set | Vintage Cross Stitch Cushion Cover | Vintage handwoven cushion in ecru | Pieces of Art | Made in Greece | Why our customers keep coming back | Testimonials | Welcome | Visit Naxos | Last Added | Contact Us | Naxos Art,
cmta1j4ro00foq8iybo0bc5uh,Nespo,Ηλεκτρονική Δωροκάρτα Nespo,https://www.nespo.gr/proion/dorokarta/,https://nespo.gr,200,Ηλεκτρονική Δωροκάρτα Nespo | NESPO athletics,Ηλεκτρονική Δωροκάρτα Nespo | NESPO athletics,Οδηγίες εξαργύρωσης ηλεκτρονικής δωροκάρτας E-Giftcard | Ηλεκτρονική Δωροκάρτα Nespo | Δωρεάν Μεταφορικά άνω των 50€ | Παράδοση Προϊόντων,200,NESPO Athletics - Αθλητικά Παπούτσια Ρούχα Αξεσουάρ,"Αγόρασε Online όλα τα Brand σε Αθλητικά Παπούτσια, Ρούχα & Αξεσουάρ! Αποστολή σε όλη την Ελλάδα. Πληρωμή με Αντικαταβολή Δωρεάν. Τηλεφωνικές Παραγγελίες. Νέες Συλλογές και Χαμηλές Τιμές σε όλα τα Επώνυμα Brands.","Αρχική | ✨ ΝΕΕΣ ΑΦΙΞΕΙΣ ✨ | ΑΘΛΗΤΙΚΑ ΡΟΥΧΑ, ΠΑΠΟΥΤΣΙΑ & ΑΞΕΣΟΥΑΡ | Shop By Brand",
cmta4yyi40037sciy4r3rabo3,Niai,Niai Gift Card,https://niai.gr/products/niai-gift-card?srsltid=AfmBOopBNVxFWbIETvSGWX_vCWgzp4xIAejqXGAmhyh_ASLWUuI58Q3K,https://niai.gr,200,Niai Gift Card,"Η Gift Card του pet shop μας — το πιο τρυφερό δώρο για έναν αγαπημένο άνθρωπο και το ακόμη πιο αγαπημένο τους τετράποδο.Διάλεξε το ποσό που θέλεις και χάρισε τους την ελευθερία να διαλέξουν ό,τι κάνει την ουρά (ή το μουστάκι) να σηκωθεί ψηλά. Η δωροκάρτα ισχύει χωρίς ημερομηνία λήξης και μπορεί να χρησιμοποιηθεί σε όλα",Niai Gift Card,200,Niai ! OnLine Petshop αποκλειστικά για γάτες !,"Online PetShop για γάτες! Μεγάλη ποικιλία σε τροφές γάτας, λιχουδιές και ό,τι έχει να κάνει με τη διατροφή, διαμονή και διασκέδαση του κατοικιδίου σας!",Niai.gr | Νέα Προϊόντα | Gift Card | Newsletter,
cmta1fgap002dq8iyswsnc8wa,Niceyou,Gift Card 100,https://www.niceyou.gr/,https://niceyou.gr,200,Καλλυντικά & Είδη Προσωπικής Περιποίησης | NiceYou - NiceYou.gr,Ανακαλύψτε ολοκληρωμένες επιλογές κοσμητολογίας και φροντίδας για κάθε σας ανάγκη. Επαγγελματικά είδη ομορφιάς με άμεση αποστολή στον χώρο σας.,Εκπτώσεις έως -50% | Από το TikTok στο καλάθι σου | Find Hair Products | Find Body Products | Η Ομορφιά της Επιδερμίδας | Δώσε ανάσα φρεσκάδας στην επιδερμίδα σου | Beauty of Joseon | ΠΛΗΡΟΦΟΡΙΕΣ | ΕΞΥΠΗΡΕΤΗΣΗ ΠΕΛΑΤΩΝ | Ο ΛΟΓΑΡΙΑΣΜΟΣ ΣΑΣ | ΑΚΟΛΟΥΘΗΣΤΕ ΜΑΣ | Επιλέξτε Λίστα | ΕΧΕΤΕ ΕΡΩΤΗΣΕΙΣ; | ΡΩΤΗΣΤΕ ΜΑΣ ΓΙΑ ΤΟ ΠΡΟΪΟΝ ΠΟΥ ΣΑΣ ΕΝΔΙΑΦΕΡΕΙ,200,Καλλυντικά & Είδη Προσωπικής Περιποίησης | NiceYou - NiceYou.gr,Ανακαλύψτε ολοκληρωμένες επιλογές κοσμητολογίας και φροντίδας για κάθε σας ανάγκη. Επαγγελματικά είδη ομορφιάς με άμεση αποστολή στον χώρο σας.,Εκπτώσεις έως -50% | Από το TikTok στο καλάθι σου | Find Hair Products | Find Body Products | Η Ομορφιά της Επιδερμίδας | Δώσε ανάσα φρεσκάδας στην επιδερμίδα σου | Beauty of Joseon | ΠΛΗΡΟΦΟΡΙΕΣ | ΕΞΥΠΗΡΕΤΗΣΗ ΠΕΛΑΤΩΝ | Ο ΛΟΓΑΡΙΑΣΜΟΣ ΣΑΣ | ΑΚΟΛΟΥΘΗΣΤΕ ΜΑΣ | Επιλέξτε Λίστα | ΕΧΕΤΕ ΕΡΩΤΗΣΕΙΣ; | ΡΩΤΗΣΤΕ ΜΑΣ ΓΙΑ ΤΟ ΠΡΟΪΟΝ ΠΟΥ ΣΑΣ ΕΝΔΙΑΦΕΡΕΙ,
cmta1njpt00xaq8iyktqhqu41,Noiretor,Noiretor Gift Card,https://noiretor.gr/product/giftcard/,https://noiretor.gr,200,Δωροκάρτα – Noir boutique,,Δωροκάρτα,200,Noir boutique – Γυναικεία Ρούχα,,Jean καμπάνα Fype | Φόρεμα Lyn | Εξώπλατο φόρεμα βελουτέ με τρούξ “Andromaxe” | Παλτό δερματίνη Nevia | Denim σετ Lulua | Καμπαρντίνα Kuky | Γούνα Jacal | Παντελόνι ριγε Manul | Jean cargo Freyia | Μακρυμάνικη μπλούζα ριπ “Jelly” | Ριπ με έναν ώμο “Bianca” | Crop top satin “Errika” | NECKLACE CRYSTAL | NECKLACE SANDI | WATCH AMELIN | NECKLACE ANEMA | NECKLACE WAVE | NECKLACE CORAL | NECKLACE TROUL | ANKLET SUNNY | EARRINGS KNOSSOS | EARRINGS HILIOS | EARRINGS TROY | EARRINGS HELEN,
cmtb7i0h0000r04iyqck32vp4,Northsantorini,Gift Cards,https://www.northsantorini.com/gift-cards,https://northsantorini.com,200,Gift Cards | North Santorini - A Luxury Spa Hotel in Santorini,"Choose the perfect gift amount for yourself or your loved ones, with the flexibility to select other amounts.",Gift Cards | Gift Cards Request | Time for a different story | North Santorini- A Luxury Spa Hotel | Footer,200,North Santorini - A Luxury Spa Hotel in Santorini,"The volcanic soil, the life-giving sun, the Aegean Sea and the wild nature shape the island of Santorini. These elements made Santorini so unique and became the inspiration for the creation of North Santorini- A Luxury Spa Hotel.",North Santorini Hotel | Suites & Villas | Dedicated to Authenticity | Elegant Suite with Hot Tub | Premium Suite with Private Pool | Birds Eye Suite with Private Pool | North Villa with Private Pool & Outdoor Heated Plunge Pool | Obsidian Suite with Private Heated Pool | Grand North Suite with Private Heated Pool | Panoramic Suite with Hot Tub | Deluxe Suite with Private Pool | Honeymoon Suite with Private Heated Pool | Exclusive Offers | Value Every Moment. | Philosophy | Enjoying Excellence | Experiences | An island of many thrills. The power of nature and man’s craftsmanship come together to form the island of Santorini. | Time for a different story | North Santorini- A Luxury Spa Hotel | Footer,
cmtb62pj6001l94iyhjzhf3fh,Nousoma,Nousoma Gift Card,https://nousoma.gr/gift-card/,https://nousoma.gr,200,Gift card - Nousoma - Massage Βάρη,GIFT CARDS Χαρίστε στους αγαπημένους σας μια μοναδική εμπειρία χαλάρωσης Gift Certificate Luxury Massage Wherever You Are Please enable JavaScript in your browser to complete this form.Please enable JavaScript in…,GIFT CARDS | Luxury Massage Wherever You Are | Κατάθεση σε Τράπεζα για Οριστικοποίηση | EUROBANK | PIRAEUS | Όροι & Προϋποθέσεις Δωροκαρτών,200,Nousoma - Massage Βάρη,Σκοπος μας ήταν να δημιουργήσουμε έναν χώρο ευεξίας για όσους θέλουν να δραπετεύσουν από τους έντονους ρυθμούς της καθημερινότητας,ΚΑΘΕ ΔΕΥΤΕΡΑ -15% | Αποκτήστε τις προσφορές μας | Tuesday Offer | nousoma | Δείτε τις υπηρεσίες μας | Είπαν για εμας​ | ΚΛΕΙΣΤΕ ΤΟ ΡΑΝΤΕΒΟΥ ΣΑΣ,
cmtb77evp002jdkiymdaiyh09,Nur and Co,Δωροκάρτες - Nur and Co,https://nurnco.gr/products/dorokartes,https://nurnco.gr,200,Δωροκάρτες – Nur and Co,Μεταμορφώστε τον χώρο σας με χειροποίητα αρωματικά φυτικά κεριά και χειροποίητα δοχεία από σύνθετο ορυκτό υλικό Jesmonite. Βιώσιμη πολυτέλεια και design σε κάθε δημιουργία. Βρείτε όλες μας τις συλλογές με ένα κλικ.,"Δωροκάρτες | Μπορεί να σας αρέσουν.. | 28ΗΣ ΟΚΤΩΒΡΙΟΥ 166, ΜΕΓΑΡΑ | Αναζήτηση",200,Handmade Candles – Nur and Co,Μεταμορφώστε τον χώρο σας με χειροποίητα αρωματικά φυτικά κεριά και χειροποίητα δοχεία από σύνθετο ορυκτό υλικό Jesmonite. Βιώσιμη πολυτέλεια και design σε κάθε δημιουργία. Βρείτε όλες μας τις συλλογές με ένα κλικ.,"Nur and Co | Luxury. Minimal. Sculptural. | Κάθε κομμάτι είναι ένα μοναδικό έργο τέχνης, σχεδιασμένο να αναβαθμίσει την αισθητική και την ατμόσφαιρα του χώρου σας. | Κεριά σε δοχεία | Noir Baccarat Candle | Innocence - Salted Caramel | Noir Black Vanilla Candle | Innocence - Baccarat | Αρωματικά Χώρου | Baby Talc Diffuser | Wild Cherry Diffuser | Baccarat Diffuser | Nordic Wonderland Diffuser | Wax Melts | Wax Melt Dark Chocolate | Wax Melt Citrus Sea Salt | Wax Melt Orange Cinnamon | Wax Melt Salted Caramel | Διακοσμητικά Κεριά | Plexis | Αρωματικό Κερί ""Καρδιά"" | Αρωματικό Κερί ""Παιώνια"" | Αρωματικό Κερί Άγαλμα | Σετ Velvet Flame",
cmtb6uzbu00363giyjxgyidjk,OMG,OMG Gift Card,https://omg.gr/products/omg-gift-card,https://omg.gr,200,OMG Gift Card – Funny Tees & Baby Gifts | OMG,"An OMG gift card — let them pick their own funny slogan tee or baby bodysuit. Delivered by email, redeemable across the whole OMG range.",Country/region | Language | Item added to your cart | OMG Gift Card | Customer Reviews | Quick links,200,Funny Graphic Tees & Slogan T-Shirts | OMG,"OMG makes funny slogan Tees, cozy Hoodies & adorable baby bodysuits that say what everyone's thinking. Shipped across Europe & USA in 5-7 days.",Country/region | Language | Item added to your cart | Wear Your Personality. | OMG Tees | OMG Baby | OMG Hoodies | Bundles | What's your vibe today? 👇 | Loved by 200+ customers | Get your OMG Welcome Gift 🎁 | Quick links,
cmtb6uyyo00343giydgpq1m37,Olia,Δωροκάρτα,https://www.olia.com.gr/product/dorokarta/,https://olia.com.gr,200,Δωροκάρτα – Olia,,Δωροκάρτα | Στοιχεία λογαριασμού:,200,Olia – Όλα για τη γυναίκα,,,
cmta1ky2r00n6q8iy6novjneu,Oreasoncs,Gift Certificate,https://www.oreasoncs.gr/doroepitagi/,https://oreasoncs.gr,200,Δωροεπιταγή,Δωροεπιταγή,Δωροεπιταγή | Διαθέσιμες Επιλογές | Share | Εταιρικό προφίλ | Πληροφορίες | Εξυπηρέτηση πελατών | Newsletter,200,Oreason Creation Studio | OreasonCS.gr,To Oreason Creation Studio δημιουργήθηκε από τον Σπυρόπουλο Χρήστο με όραμα την χειροποίητη κατασκευή ιδιαίτερων προϊόντων από διάφορα υλικά για να ικανοποιήσει και τα πιο απαιτητικά όνειρα του ιδιώτη χομπίστα που θέλει να έχει στην κατοχή του ένα μοναδικό προϊόν.,ΠΡΟΪΟΝΤΑ ΚΑΤΑΣΚΕΥΗΣ OREASON CREATION STUDIO | Εταιρικό προφίλ | Πληροφορίες | Εξυπηρέτηση πελατών | Newsletter,
cmta1j5sk00fsq8iyl71inf5f,Oser,Oser Gift Card,https://oser.gr/product/gift-card/,https://oser.gr,200,Gift Card – OSER,,Gift Card | You May Also Like | “Summer Soul” Beige Glitter Net | “Summer Soul” Khaki Glitter | “Summer Soul” Beige Glitter Knit | “Summer Soul” Beige Glitter | “Summer Soul” Blue Glitter | “Summer Soul” Black Net | “Summer Soul” Black Glitter | Mystery Premium Couple Box | Shop | Help | About Us | Follow Us | Payment Methods,200,OSER – Oser.gr,,For Men | Unisex | Accessories | Swimwear | Oser Collections | Better Choco”LATE” Than Never Set | “Urban Move” Grey Set | “Dark Snake” Exclusive Set With Jacket | “Funky Leopard” Exclusive Set With Jacket | “Crazy Cow” Exclusive Set | “White Leopard” Exclusive Set | “Go-To” Emerald Set | “Go-To” Black Set | “Violet Dream Set” | “Blue Snake” Sexy Underwear Set | T-shirts | “Eyes To The Light” | “Block Logo” Tee | “Oser LTD” Black T-shirt | “She Remembers” Limited T-shirt | “Must Have” Black Oser Tshirt | “Moonlit” Oversized T-shirt | “Oser Logo” Black Unisex T-shirt | “Oser Power” Black Unisex T-shirt,
cmta1f4810013q8iymlrt4857,P Kontopoulos,Δωροκάρτα P Kontopoulos,https://pkontopoulos.com/products/%CE%B4%CF%89%CF%81%CE%BF%CE%BA%CE%B1%CF%81%CF%84%CE%B1-p-kontopoulos,https://pkontopoulos.com,200,Δωροκάρτα P Kontopoulos,"Με μια δωροκάρτα P Kontopoulos μπορείτε να προσφέρετε στην οικογένεια ή στους φίλους σας ένα τέλειο δώρο δικής τους επιλογής. Η δωροκάρτα μπορεί να χρησιμοποιηθεί τόσο για online αγορές, όσο και για αγορές στο φυσικό μας κατάστημα.",Γλώσσα | Το στοιχείο προστέθηκε στο καλάθι σας | Δωροκάρτα P Kontopoulos | Προσαρμόστε τα παρακάτω: | Περιεχόμενο με δυνατότητα σύμπτυξης | Τρόποι αποστολής | Τρόποι πληρωμής | Συχνές ερωτήσεις | Έκδοση τιμολογίου | Blog | Υλικό Werzalit: Τι Είναι και Γιατί Αποτελεί την... | Πώς να Επιλέξετε Σεντόνια αν Μένετε σε Περιοχή ... | Λευκά Είδη για Airbnb: Ανθεκτικά Σεντόνια και Π... | Εταιρεία | Υποστήριξη | Υπηρεσίες | Επικοινωνία | Εγγραφείτε στο newsletter μας | Φόρμα υπαναχώρησης | Τα στοιχεία σας | Δεν βρέθηκε παραγγελία | Είδη | Το αίτημα υπαναχώρησης υποβλήθηκε,200,"Διακοσμητικά, Φωτιστικά, Έπιπλα, Λευκά Είδη | P Kontopoulos","Από το 1959 προσφέρουμε με εγγύηση χαμηλότερης τιμής και δυνατότητα 3 άτοκων δόσεων μέσω Klarna ποιοτικά και διαχρονικά διακοσμητικά, φωτιστικά, έπιπλα, λευκά είδη, είδη οργάνωσης, είδη σπιτιού και κουζίνες για το κάθε σπίτι και επιχείρηση που θέλει να ξεχωρίζει!",Γλώσσα | Το στοιχείο προστέθηκε στο καλάθι σας | Φτιάξτε τον δικό σας επίγειο παράδεισο | Γραφεία | Σεντόνια | Κορνίζες | Ντουλάπες | Από το 1959 χτίζουμε σχέσεις εμπιστοσύνης | Μπιζουτιέρες | Κρεβάτια | Πετσέτες | Μπουφέδες | Αναβαθμίστε το σαλόνι σας | Νέα προϊόντα | Δίσκος Σερβιρίσματος Μεταλλικός 40εκ | Καρέκλα Theodore Μαύρο 44x51x78 | Κρεβάτι Unona Μπεζ 160x200εκ | Κρεμάστρα Τοίχου με Καθρέπτη Folin Χρώμα Καρυδί 90x4x90 | Μαξιλαροθήκη Βελούδο Κυπαρίσσι 45x45εκ | Παιδικές Πετσέτες (Σετ 2 Τεμ) Princess | Πετσέτα Μπάνιου 70×140εκ Blossom Ecru | ΤΡΑΠΕΖΙ ΟΒΑΛ MARBLEX ΚΕΡΑΜΙΚΟ TOP ΣΕ PANDORA MDF ΠΟΔΙΑ 210x100x77 | Τραπεζαρία στο στυλ που ονειρεύεστε | Brands,
cmtb77gbh002rdkiyzvvjbldl,Paco Δωροκάρτες από,Paco Δωροκάρτες από Gift Card,https://www.pacoartcenter.gr/el/gift-card.html,https://pacoartcenter.gr,200,Paco Δωροκάρτες από €10.00,,Paco Art Center Gift Card | Απαραίτητα - μη απενεργοποιήσιμα | Απόδοσης & Χρηστικότητας | Διαφήμισης | Πρόσθεσες στο καλάθι σου το προϊόν:,200,"Υλικά Κοσμημάτων, Decoupage, Ζωγραφικής, Αγιογραφίας...","Υλικά Κοσμημάτων, Decoupage, Ζωγραφικής, Αγιογραφίας...","Νέες Αφίξεις | Γόμα Caran d'Ache Design Eraser | Γόμα Caran d'Ache Technik Eraser | Uni Στυλο Uni-Ball Gel Signo 207 | Bruynzeel Σετ 3 Notebooks (Τετράδια) - A6 (10.5x14.8cm) - 40 Σελίδες / Τεμ | Bruynzeel Σπιράλ Sketchbook Σχεδίου, Χαρτί 140g/m² - 19.5x14.7cm - 80 Φύλλα | Bruynzeel Σκληρόδετo Notebook (Τετράδιο), Χαρτί 80g/m² - 13x21cm - 80 Φύλλα | Bruynzeel Σκληρόδετo Sketchbook Σχεδίου, Κρεμ Χαρτί 140g/m² - A5 (14.8x21cm) - 80 Φύλλα | Σετ Μολύβια Ακουαρέλας Bruynzeel Design, 12 Χρώματα | Bruynzeel Solid Poster Paint Στικ, Σετ 6 Νέον Χρώματα | Bruynzeel Solid Poster Paint Στικ, Σετ 6 Μεταλλικά Χρώματα | Bruynzeel Κηρομπογιές, Σετ 6 Χρώματα | Καλούπι Σιλικόνης για Ρητίνες - Κρεμαστά Φρούτα 17 Σχέδια - 112x103x4.5mm | Καλούπι Σιλικόνης για Ρητίνες - Φρούτα - 17x22cm (3x5cm/τεμ) | Φύλλο Μεταξοτυπίας για Πολυμερικό Πηλό, Flowers - 22x28cm | Φύλλο Μεταξοτυπίας για Πολυμερικό Πηλό, Lemon - 22x28cm | Φύλλο Μεταξοτυπίας για Πολυμερικό Πηλό, Paisley - 22x28cm | Φύλλο Μεταξοτυπίας για Πολυμερικό Πηλό, Drops - 15x9cmcm | Ακρυλικός Πλάστης με Σχέδιο, Swirls, Ø10mm, 16cm | Είδη Σχεδίου | Υλικά Για Ντεκουπάζ | Υλικά Για Κεριά | Σχολικά - Παιδικά | Γλυπτική & Κεραμική",
cmta1f2ys000zq8iy7gecoj9o,Papachatzis,Papachatzis Gift Card,https://www.papachatzis.com/product/gift-card/,https://papachatzis.com,200,Gift card - Παπαχατζής Home,,Gift card | Περιγραφή | Πληροφορίες Προϊόντος | Αποστολές & επιστροφές | σχετικά προϊόντα | Σχετικά προϊόντα | Dis. Καλαθι Στρογγ. Με Χερ. Σετ/2 Καλαμι 35-24Εκ | Raeder – Πορσελάνινη Πιατέλα Gold Village | Yamazaki – Tower. Σταντ Ρούχων 2 Επιπέδων BK | ​Yamazaki – Σταντ Στήριξης Ποδηλάτου Tower BK | Yamazaki – Σταντ Ρούχων Με Ράφι Slim BK | Yamazaki – Σταντ Ρούχων BK | πολλοί αγοράζουν επίσης | Calma House – Cotton Bottle Cover Asana 28x17cm | Raeder – Underwater world. Ποτήρι κρασιού | Φουσκωτά Μπρατσάκια Θαλάσσης Τίγρης 3-6 Ετών | Wave Δισκάκι Χρυσό Ατσάλινο 30x23x4cm | Παιδικό Μπουρνούζι με Κουκούλα Shark Tribe Deep Blue | Set12 Πλαστικές Χριστουγεννιάτικες Μπάλες 6cm Festive Pink | Raeder – Σετ 3 Μίνι Βάζα Πορσελάνης Paper Bags Green | Raeder – Ξύλινος Δίσκος Επιφάνεια Κοπής Townhouse | Raeder – Ξύλινα Σουβέρ Σετ 2 Partytime | Raeder – Wine Cooler “Any Time Is Wine Time” | σχετικές κατηγορίες,200,Είδη Σπιτιού & Διακόσμησης Λάρισα - Παπαχατζής Home,Βρείτε μοναδικά διακοσμητικά και φωτιστικά (έπιπλα) για το σπίτι σας στη Λάρισα. Στυλ και ποιότητα μόνο στο Παπαχατζής Home.,Abrams | Acctim | Actes Sud | Alessi | Ambientair | Ambiente | Andrea House | Artisan | Artsy Mats | Brookpace Lascelles | By On | Calma House | Candy Shock | Cereria Molla | Creative | Cryspo Trio | Cutipol | Doiy | Dome Deco | Donkey | Dutch Rose | Easy Life | Eat My Socks | Espiel,
cmta1kz5j00naq8iyo9j5whw7,Paraphernalia,e-Gift Voucher,https://www.paraphernalia.gr/shop/product/gifting/gift-vouchers/egift-voucher/,https://paraphernalia.gr,200,"e-Gift Voucher - Gift Vouchers, Wedding Gifts - Paraphernalia Athens","Ideal as a last minute gift, our e-gift vouchers will arrive in a few minutes directly into the recipient’s inbox or alternatively send it to yourself to print off. Simply…",Product navigation | e-Gift Voucher | Delivery info | You May Also Like | Gift Voucher | Login Register | Add a product | Share via Email | Add to Gift Registry | Add a message,200,"Paraphernalia Athens - Curated Lifestyle Goods and Homeware | Vintage & Scandinavian Design Furniture, Lighting, Accessories","Paraphernalia is an independent design and lifestyle store based in Athens, Greece offering an eclectic mixture of objects from around the world fused with a mediterranean vibe.",Paraphernalia Athens | New Home | Baltic Ember Apothecary Noir Candle | Smoke Flower Daisy | Pebble – Meadow | Oedo-Koh Pine Tree Incense | EXPLORE DAPPLE COLLECTION | HAND SHAPED BACK SCRATCHER | Porcelain Schuko Socket Black | Neutral Linen Twisted | Black Cotton Round | Extra Flat Plug White | Burgundy Rayon Twisted | Cylinder Hook Wenge | MADE IN ATHENS | Molly Floor Vase 03 | Earthenware Tooth Brush Mug | Stackable Jewelry Tray | Oiseau Petit Vase | Seto Incence Tray Round Kiesto Yellow | Seto Incence Tray Flower Kiesto Yellow | SHOP NOW | EXPLORE THE RIPPLE COLLECTION | WORLDWIDE SHIPPING,
cmta1j6rb00fwq8iyoium168p,Pargaoro,ΔΩΡΟΚΑΡΤΑ - pargaoro.gr,https://www.pargaoro.gr/dorokarta-c-79.html,https://pargaoro.gr,200,ΔΩΡΟΚΑΡΤΑ,,ΔΩΡΟΚΑΡΤΑ,200,pargaoro.gr,,,
cmta1j77e00fyq8iyr9b9nm78,Parnass,Gift card Parnass 120,https://parnass.gr/,https://parnass.gr,200,Ski | Σκι | Ρούχα σκι | Snowboard - Parnass.gr,"Το Νο 1 ski shop στην Ελλάδα με 40 χρόνια εμπειρίας αγοράστε εξοπλισμό σκι & snowboard στης καλύτερες τιμές, Αντιπρόσωπος Ελλάδας HEAD",Final Clearance | head | ΕΞΟΠΛΙΣΜΟΣ SKI | ΜΕΤΑΧΕΙΡΙΣΜΕΝΟ Ski HEAD Easy Joy SLR + Joy 9 GW... | HEAD KORE X 85 LYT-PR ALL MOUNTAIN SKI + PRW 11 | HEAD E.PURE JOY + JOY 9 GW (2026) | ΓΥΝΑΙΚΕΙΑ ΣΚΙ | HEAD AMBITION PRO R + ΜΠΟΤΑ B.Y.S R | HEAD SHAPE E.V5 ΠΕΔΙΛΑ ΣΚΙ PERFORMANCE + PR 11... | HEAD DISCOVERY 86 PRO AM BB-PR RD/OR | ALLRIDE... | HEAD SHAPE E-V8 PERFORMANCE SKI + PR11 GW 25-26 | HEAD SKI KORE 99 + AMBITION 10 MN | HEAD DISCOVERY 82 PRO AM BB-PR GE/YW | ALLRIDE... | HEAD V-SHAPE VR ALL MOUNTAIN SKI + PR10 GW | HEAD SHAPE V4 + PR11 GW | PERFORMANCE SKI (2026) | HEAD SUPERSHAPE E-SPEED + PRD 12 GW | ΠΕΔΙΛΑ ΣΚΙ | HEAD SKI SUPERSHAPE TEAM HRS JR + SX 4.5 R | HEAD E.ABSOLUT JOY + JOY 9 GW | ΓΥΝΑΙΚΕΙΑ... | HEAD SKI KORE 99 | HEAD DISCOVERY 74 PRO 315156 (2027) | HEAD E-SUPER JOY + JOY 9 GW | ΓΥΝΑΙΚΕΙΑ ΠΕΔΙΛΑ ΣΚΙ | HEAD SHAPE CX R + SR10 GW | PORSCHE 8 SERIES SW + PROTECTOR PR 13 GW + SKI BAG | HEAD SKI Supershape Team Easy + ΔΕΣΤΡΑ | HEAD DISCOVERY 82 SPORT AM BB-PR GE/YW |ALLRIDE...,200,Ski | Σκι | Ρούχα σκι | Snowboard - Parnass.gr,"Το Νο 1 ski shop στην Ελλάδα με 40 χρόνια εμπειρίας αγοράστε εξοπλισμό σκι & snowboard στης καλύτερες τιμές, Αντιπρόσωπος Ελλάδας HEAD",Final Clearance | head | ΕΞΟΠΛΙΣΜΟΣ SKI | ΜΕΤΑΧΕΙΡΙΣΜΕΝΟ Ski HEAD Easy Joy SLR + Joy 9 GW... | HEAD KORE X 85 LYT-PR ALL MOUNTAIN SKI + PRW 11 | HEAD E.PURE JOY + JOY 9 GW (2026) | ΓΥΝΑΙΚΕΙΑ ΣΚΙ | HEAD AMBITION PRO R + ΜΠΟΤΑ B.Y.S R | HEAD SHAPE E.V5 ΠΕΔΙΛΑ ΣΚΙ PERFORMANCE + PR 11... | HEAD DISCOVERY 86 PRO AM BB-PR RD/OR | ALLRIDE... | HEAD SHAPE E-V8 PERFORMANCE SKI + PR11 GW 25-26 | HEAD SKI KORE 99 + AMBITION 10 MN | HEAD DISCOVERY 82 PRO AM BB-PR GE/YW | ALLRIDE... | HEAD V-SHAPE VR ALL MOUNTAIN SKI + PR10 GW | HEAD SHAPE V4 + PR11 GW | PERFORMANCE SKI (2026) | HEAD SUPERSHAPE E-SPEED + PRD 12 GW | ΠΕΔΙΛΑ ΣΚΙ | HEAD SKI SUPERSHAPE TEAM HRS JR + SX 4.5 R | HEAD E.ABSOLUT JOY + JOY 9 GW | ΓΥΝΑΙΚΕΙΑ... | HEAD SKI KORE 99 | HEAD DISCOVERY 74 PRO 315156 (2027) | HEAD E-SUPER JOY + JOY 9 GW | ΓΥΝΑΙΚΕΙΑ ΠΕΔΙΛΑ ΣΚΙ | HEAD SHAPE CX R + SR10 GW | PORSCHE 8 SERIES SW + PROTECTOR PR 13 GW + SKI BAG | HEAD SKI Supershape Team Easy + ΔΕΣΤΡΑ | HEAD DISCOVERY 82 SPORT AM BB-PR GE/YW |ALLRIDE...,
cmtb77h85002vdkiyrade1jng,Pentavras Kes,Αγοράστε μία Δωροεπιταγή,https://www.pentavras-kes.gr/account/voucher,https://pentavras-kes.gr,200,Αγοράστε μία Δωροεπιταγή,pentavras-kes.gr,Αγοράστε μία Δωροεπιταγή | ΠΕΝΤΑΥΡΑΣ ΚΕS | ΣΧΕΤΙΚΑ ΜΕ ΜΑΣ | Πληροφορίες | Ο ΛΟΓΑΡΙΑΣΜΟΣ ΜΟΥ,200,"e-pentavras | Παπούτσια,Τσάντες & Αξεσουάρ","Γυναικεία & ανδρικά παπούτσια, τσάντες, ρούχα και αξεσουάρ από το ΠΕΝΤΑΥΡΑΣ. Ελληνικές βιοτεχνίες & ποιότητα από το 1959.","pentavras-kes.gr | New Arrivals | SALES | Woman's Collection | Men's Collection | Bestsellers | Τι λένε οι πελάτες μας | Newsletter για τάσεις, συμβουλές στυλ και άλλα | ΠΕΝΤΑΥΡΑΣ ΚΕS | ΣΧΕΤΙΚΑ ΜΕ ΜΑΣ | Πληροφορίες | Ο ΛΟΓΑΡΙΑΣΜΟΣ ΜΟΥ",
cmta1f3cy0011q8iy2c3kuujw,Perdikis,ΕΥΧΕΤΗΡΙΑ ΚΑΡΤΑ ΓΙΑ ΧΡΗΜΑΤΑ (ΜΠΙΛΙΕΤΑΚΙ) PICTURA ΟΥΡΑΝΙΟ ΤΟΞΟ 19926,https://www.perdikis.gr/,https://perdikis.gr,200,Perdikis.gr,"On line αγορές για βιβλία, δώρα, σχολικά είδη, παιχνίδια, είδη γραφείου, gadget, βιβλιοπωλείο Περδίκης Καλλιθέα",ΤΑ ΠΡΟΪΟΝΤΑ ΜΑΣ | ΠΡΟΤΕΙΝΟΜΕΝΑ ΠΡΟΪΟΝΤΑ | what they say | Προϊόντα | Η εταιρία μας | Πληροφορίες,200,Perdikis.gr,"On line αγορές για βιβλία, δώρα, σχολικά είδη, παιχνίδια, είδη γραφείου, gadget, βιβλιοπωλείο Περδίκης Καλλιθέα",ΤΑ ΠΡΟΪΟΝΤΑ ΜΑΣ | ΠΡΟΤΕΙΝΟΜΕΝΑ ΠΡΟΪΟΝΤΑ | what they say | Προϊόντα | Η εταιρία μας | Πληροφορίες,
cmtb77ipg0033dkiyv9x4fkyi,Perfect Gift for Any Occasion,Gift Card | Perfect Gift for Any Occasion,https://purebubs.gr/products/gift-card,https://purebubs.gr,404,404 Not Found – PureBubs,"Natural products that make your skin feel amazing - handmade soaps, body butters, and whipped soaps that are gentle, healthy for your skin and kind to the environment.",Language | Item added to your cart | Page not found | Subscribe to our emails | Why Pure Bubs | Shopping Guide | About Pure Bubs,200,"Natural products - the best choice for healthy, soft and glowing skin – PureBubs","Natural products that make your skin feel amazing - handmade soaps, body butters, and whipped soaps that are gentle, healthy for your skin and kind to the environment.","Language | Item added to your cart | Natural Skincare that actually cares for your skin | New Arrivals | Hyaluronic and Centella Natural Body Lotion | Shower Steamers Gift Set | Strong Hair Natural Shampoo Bar | Butter Creamy Body Wash | Shop by Need | Whipped Soap | Natural Deodorant | Organic Soaps | Whipped Body Butter | Best Sellers | Honey and Oatmeal Moisturizer Body Cream | Fluffy Organic Body Butter | Fluffy Whipped Soap | Honey and Oatmeal Natural Body Lotion | We believe skincare should be gentle, honest and made with ingredients you can trust | Cream Patisserie Wax Melts | All Products Collection | Magnesium Body Butter | Let customers speak for us | Blog posts",HTTP_404
cmta1j8og00g4q8iyvg84dauk,Pethellas,Δωροκάρτα,https://pethellas.gr/product/gift-card/,https://pethellas.gr,200,Δωροκάρτα - Pet Hellas,"Μια μικρή κάρτα, πολλές επιλογές ! Μια δωροκάρτα χαρίζει ελευθερία επιλογής και χαμόγελα.",ΔΩΡΕΑΝ ΜΕΤΑΦΟΡΙΚΑ ΣΕ ΟΛΗ ΤΗΝ ΕΛΛΑΔΑ ΓΙΑ ΠΑΡΑΓΓΕΛΙΕΣ ΑΠΟ 25€ ΚΑΙ ΑΝΩ!* | Δωροκάρτα | Ορίστε υπενθύμιση αγοράς για αυτό το προϊόν... | Αξιολογήσεις | Εγγραφείτε στο Newsletter μας και κερδίστε αποκλειστικές προσφορές και νέα για τα αγαπημένα σας κατοικίδια! | FIND US | ΕΠΙΚΟΙΝΩΝΙΑ | ΤΗΛ. ΚΕΝΤΡΟ: | VIBER: | ΗΡΑΚΛΕΙΟΥ ΚΡΗΤΗΣ: | ΩΡΕΣ ΛΕΙΤΟΥΡΓΙΑΣ ΤΗΛ.ΚΕΝΤΡΟΥ: | ΩΡΕΣ ΛΕΙΤΟΥΡΓΙΑΣ ΚΑΤΑΣΤΗΜΑΤΟΣ: | EMAIL: | ΧΡΗΣΙΜΑ | ΓΕΝΙΚΟΙ ΟΡΟΙ | ΑΝΑΖΗΤΗΣΗ ΠΑΡΑΓΓΕΛΙΑΣ | ΣΥΝΕΡΓΑΤΕΣ | Copyright © 2026 Pet Hellas | Invite & Earn | Available Coupon | Κέρδισε 10% cashback στην πρώτη σου παραγγελία!,200,To #1 Online Pet Shop - Pet Hellas,"Pet Hellas, το Καλύτερο Online Pet Shop! Προσφορές, Κάθε Μέρα! Δωρεάν Αποστολή με Αγορές άνω των 25€ - Άμεση Παράδοση! Τα Πάντα για τα Κατοικίδια - Pet Hellas!",ΔΩΡΕΑΝ ΜΕΤΑΦΟΡΙΚΑ ΣΕ ΟΛΗ ΤΗΝ ΕΛΛΑΔΑ ΓΙΑ ΠΑΡΑΓΓΕΛΙΕΣ ΑΠΟ 25€ ΚΑΙ ΑΝΩ!* | Νέες Παραλαβές | Summit 10 Veterinary Diets Mobility Adult Dog 8kg – Κλινική Ξηρά Τροφή Σκύλου για Υποστήριξη Αρθρώσεων | Summit 10 Veterinary Diets Mobility Adult Dog 2kg – Κλινική Ξηρά Τροφή Σκύλου για Υποστήριξη Αρθρώσεων | Summit 10 Care Veterinary Diets Digestive Adult Dog 8kg – Κλινική Ξηρά Τροφή Σκύλου για Πεπτική Υποστήριξη | Summit 10 Care Veterinary Diets Digestive Adult Dog 2kg – Κλινική Ξηρά Τροφή Σκύλου για Πεπτική Υποστήριξη | Summit 10 Care Veterinary Diets Adult Dog Obesity 8kg – Κλινική Ξηρά Τροφή Σκύλου για Έλεγχο Βάρους & Ρύθμιση Γλυκόζης | Summit 10 Care Veterinary Diets Adult Dog Obesity 2kg – Κλινική Ξηρά Τροφή Σκύλου για Έλεγχο Βάρους & Ρύθμιση Γλυκόζης | Summit 10 Care Veterinary Diets Hypoallergenic Adult Dog 8kg – Κλινική Υποαλλεργική Ξηρά Τροφή Σκύλου για Δέρμα & Τροφικές Ευαισθησίες | Summit 10 Care Veterinary Diets Hypoallergenic Adult Dog 2kg – Κλινική Υποαλλεργική Ξηρά Τροφή Σκύλου για Δέρμα & Τροφικές Ευαισθησίες | Summit 10 Care Veterinary Diets Adult Cat Urinary 6kg – Κλινική Ξηρά Τροφή Γάτας για Λίθους Στρουβίτη | Summit 10 Care Veterinary Diets Hypoallergenic Derma & Digestive Adult Cat 6kg –Κλινική Υποαλλεργική Ξηρά Τροφή Γάτας | Summit 10 Care Veterinary Diets Hypoallergenic Derma & Digestive Adult Cat 2kg – Κλινική Υποαλλεργική Ξηρά Τροφή Γάτας | Summit 10 Care Veterinary Diets Adult Cat Urinary 2kg – Κλινική Ξηρά Τροφή Γάτας για Λίθους Στρουβίτη | Το #1 Online Petshop | Σκύλος → | Γάτα → | Μικρό Ζώο → | Πτηνό → | Ψάρι → | Ερπετό → | Σας Προτείνουμε | Summit10 Whole Choice Ολιστική Ξηρά Τροφή Χωρίς Σιτηρά με Φιλέτο Κοτόπουλο για Ενήλικους Σκύλους 2kg | Summit10 Whole Choice Ολιστική Ξηρά Τροφή Χωρίς Σιτηρά με Φιλέτο Κοτόπουλο για Ενήλικους Σκύλους 10kg,
cmta1guky0076q8iyyrgj7o17,Petradi,Όροι χρήσης δωροκάρτας,https://www.petradi.com.gr/product/giftcard/,https://petradi.com.gr,200,Gift Card - ΠΕΤΡΑΔΙ,Δώστε την ευκαιρία στους αγαπημένους σας να επιλέξουν οι ίδιοι τα δώρα τους!,ΑΚΟΛΟΥΘΗΣΤΕ ΜΑΣ,200,ΠΕΤΡΑΔΙ - ΚΟΣΜΗΜΑΤΑ ΡΟΛΟΓΙΑ - ΠΕΤΡΑΔΙ,Υψηλής ποιότητας κοσμήματα από πολύτιμους λίθους και μέταλλα. Εξερευνήστε τις επιλογές σας. Ολοκληρώστε το στιλ σας με κομψά κοσμήματα.,ΑΚΟΛΟΥΘΗΣΤΕ ΜΑΣ,
cmta1ld1900ouq8iyh416pr6o,Petrichor,Gift Card 200,https://www.petrichor.com.gr/en/gift-card,https://petrichor.com.gr,200,Gift Card | Petrichor,,Gift Card | Contact | About | Support | Newsletter,200,Petrichor - Objects Store - Patra | Petrichor,Petrichor κατάστημα με είδη σπιτιού και δώρων σε σκανδιναβικό στύλ,Ready for a refresh? New bags & multiway scarves | They Just Dropped | Yahya Studio: Choose the glass that matches your mood ! | Decoration is a way to say who you are without having to speak | Contact | About | Support | Newsletter,
cmta5nvuy001r54iyd9p9lep4,Petridis Stores,Petridis Stores Gift Card,https://www.petridi.gr/en/gift-vouchers/,https://petridi.gr,200,Gift Vouchers,,Gift Vouchers | Gift Card 25 Euro | Gift Card 100 Euro | Gift Card 150 euro | Gift Card 50 euro,200,Το μεγαλύτερο κατάστημα ελεύθερου χρόνου στη Θεσσαλονίκη από το 1949,"Το μεγαλύτερο κατάστημα ελεύθερου χρόνου στη Θεσσαλονίκη από το 1949. Κάμπινγκ, Ορειβασία, Αναρρίχηση, Ταξίδι, Επιβίωση, Στρατός, Αστυνομία, Σώματα Ασφαλείας","Πληρωμή με πιστωτική | Παραλαβή απο το κατάστημα | Δωρεάν Μεταφορικά | Αποστολή | Petzl - Access the inaccessible | ΤΟ ΤΑΞΙΔΙ ΣΑΣ ΞΕΚΙΝΑΕΙ ΑΠΟ ΕΔΩ | Νέες παραλαβές | Fjallraven Keb Fleece Hat Black | Fjallraven Vidda Cap Dark Olive | Fjallraven Vidda Cap Laurel Green | Fjallraven Kanken Keyring | Fjallraven Kanken Card Wallet | Fjallraven Kanken Mini Super Grey | Fjallraven Kanken Mini Blackberry | Fjallraven Kanken Mini Sky Blue | Fjallraven Kanken Laptop 17"" Frost Green | Fjallraven Kanken Laptop 17"" Blackberry | Fjallraven Kanken Laptop 15"" Pastel Lavender | Fjallraven Kanken Laptop 15"" Sky Blue | Fjallraven Kanken Laptop 15"" Super Grey | Fjallraven Kanken Outlong | Fjallraven Kanken Blackberry | Fjallraven Kanken Sky Blue - Light Oak",
cmta1j9kr00g8q8iytr87lk32,Petvet24,Δωροκάρτα (Gift Card),https://www.petvet24.gr/gift-card/,https://petvet24.gr,200,Δωροκάρτα (Gift Card) - Petvet24.gr,,Δωροκάρτα (Gift Card) | Γκόλντεν Ριτρίβερ | Επάνιελ Μπρέτον | Παπαγαλάκια Κοκατίλ Βιβλίο | Τσοου Τσοου | Χελωνάκια | Χρυσόψαρα | Αξιολογήσεις,200,Pet Shop Online | Μεγάλη Ποικιλία Σε Είδη Κατοικιδίων | PetVet24,"Ανακαλύψτε τη μεγαλύτερη ποικιλία σε είδη και προϊόντα για σκύλους, γάτες και μικρά ζώα στο online pet shop του PetVet24. Άμεση αποστολή σε όλη την Ελλάδα!",Trovet Hypoallergenic Dog (Lamb) | Intuizoon Immunis 60 Tablets | Wellness Core Adult Original Medium Breed | Intuizoon Euforis Oil 30ML | Intuizoon Vitalis 60 Tablets | Intuizoon Dermycis Σαμπουάν για Σκύλους 250ml | Intuizoon Eucalcis 100 Tablets | Trovet Hepatic Dog | Trovet Urinary Dog Struvite | Trovet Weight & Diabetic Dog | AFP Εκπαιδευτικό Παιχνίδι Σκύλου με Εγγραφή Φωνής | Στρώμα Σκύλου – Μαξιλάρα | Μαξιλάρι Σκύλου & Γάτας | Παιχνίδι για σκύλους Ρακούν (με ήχο) | Essential foods Mini Delights | Οδηγός – Λουρί Σκύλου Trixie Cavo | kong extreme goodie bone | Λουρί Σκύλου Αλυσίδα με δερμάτινο χερούλι | Κλουβί μεταφοράς σκύλου & γάτας | Κολάρο – Περιλαίμιο Σκύλου Δερμάτινο | Γάτα στο σπίτι: Η φροντίδα της ως κατοικίδιο | Διατροφή για κουτάβι 2 μηνών: Συμβουλές για ομαλή ανάπτυξη! | Ο σκύλος μου φοβάται: Πώς βοηθάμε ένα φοβικό σκυλί; | Πότε μπορεί να βγει βόλτα ένα κουτάβι;,
cmta1ja1u00gaq8iypniunt0y,Pezzetta,Pezzetta eGift Card,https://www.pezzetta.gr/gift-card,https://pezzetta.gr,200,Pezzetta | Premium Beach Towels and Beach Accessories,Premium handmade 100% organic cotton beach towels and accessories for adults and children | Πρωτότυπα και μοναδικά χειροποίητα σχέδια για ενήλικες & παιδιά από 100% οργανικό βαμβάκι.,From the Beach to your Home | SALES SALES SALES SALES SALES SALES SALES SALES | SALES ARE ON | Pezzetta eGift Card | Pezzetta,200,Pezzetta | Premium Beach Towels and Accessories,Pezzetta | Premium handmade organic cotton beach towels and accessories Χειροποίητες πετσέτες θαλάσσης από 100% οργανικό βαμβάκι.,From the Beach to your Home | SALES SALES SALES SALES SALES SALES SALES SALES | SALES ARE ON | Premium Beach Towels and More | Keep in touch on Instagram | CONTACT US | Subscribe to our newsletter and get 10% off on your first order! | Pezzetta,
cmta1l09c00neq8iy2d769fb1,Pibu,Pibu Gift Card,https://www.pibu.gr/product-category/gift-card/,https://pibu.gr,200,Gift card,​​Better Skin is not a Dream! Η πιο αξιόπιστη Korean Skincare συλλογή στην Ελλάδα. Προσεκτικά επιλεγμένα κορεάτικα προϊόντα περιποίησης.,Diblanc Sweetheart Tintstick 3 in 1 | KAINE Travel Kit | Medicube Age-R Booster Pro Ex Pink | Αναζήτηση | 10% OFF!,200,Pibu - Korean Beauty στην Ελλάδα,​​Better Skin is not a Dream! Η πιο αξιόπιστη Korean Skincare συλλογή στην Ελλάδα. Προσεκτικά επιλεγμένα κορεάτικα προϊόντα περιποίησης.,Αναζήτηση | 10% OFF!,
cmta1jaht00gcq8iyymttuqej,Playroot,Δωροκάρτα,https://playroot.gr/product/giftcard/,https://playroot.gr,200,Δωροκάρτα | Playroot | Playroot,Αναζητάτε το ιδανικό δώρο για ένα ξεχωριστό παιδί στη ζωή σας; Η ψηφιακή δωροκάρτα μας είναι ο τέλειος τρόπος για να τους αφήσετε τα παιδιά και τους γονείς να επιλέξουν τη δική τους περιπέτεια.,Δωροκάρτα | Playroot | Πληροφορίες Αποστολής | Αξιολογήσεις | Newsletter,200,Playroot | Ξύλινα & Εκπαιδευτικά Παιχνίδια στη Θεσσαλονίκη,"Ανακάλυψε ποιοτικά ξύλινα & εκπαιδευτικά παιχνίδια για παιδιά 0–5 ετών στο Playroot, στη Θεσσαλονίκη. Παράδοση σε όλη την Ελλάδα.",Ανά ηλικία | 0+ Μηνών | 3M+ | 6M+ | 9M+ | 12M+ | 18M+ | 2+ | 3+ | 4+ | Νέα Προϊόντα | Ανοξείδωτο φαγητοδοχείο με πιρούνι campus Fairy Wonders | Little Dutch | Υφασμάτινος κύβος δραστηριοτήτων Safari Friends | Little Dutch | Τσάντα γυμναστηρίου Safari Friends | Little Dutch | Λούτρινη γατούλα Clara | Taf Toys | Σετ ξύλινα τουβλάκια Safari Friends | Little Dutch | Σετ 8 μαρκαδόρων Jim | Little Dutch | Φαγητοδοχείο φρούτου campus Fairy Garden | Little Dutch | Φαγητοδοχείο φρούτου campus Forest Friends | Little Dutch | playroot.gr | Blog | Tummy Time: Γιατί είναι σημαντικό για το μωρό μου να περνά χρόνο μπρούμυτα; | 10 ιδέες κυριακάτικης ρουτίνας για μαμάδες | Newsletter,
cmtb78a69006ydkiybuyeg7l8,Plegmashop,Gift Voucher,https://plegmashop.gr/product/gift-voucher/,https://plegmashop.gr,200,Gift Voucher – Plegma shop,,"Eufranoros 10 - Athens 11635 | Tu-Sa: 9:00-18:00, Su: 10:00-18:00, Mo: closed | FREE SHIPPING OVER 150€ | Gift Voucher | Related products | Wicker Basket w/ Compartments | Mirror Black Oxi Finish | Bottle w/ Pump | Iron Tray Blue | Storage Glass Jar Low",200,Plegma shop – Coffee & Living,,"Eufranoros 10 - Athens 11635 | Tu-Sa: 9:00-18:00, Su: 10:00-18:00, Mo: closed | FREE SHIPPING OVER 150€ | BAGS | DRINKWARE | CARDS | COFFEE & TEA | CANDLEHOLDERS | New Arrivals | Rattan Basket | Glass Lamp w/ Chrome Finish | Mango Wood Candle Holders | Cement Pot Black | Braided Baskets | TABLEWARE | FLOWERPOTS | Plegma picks | Mango Wood Spoon | Jar w/ Lid Valley Grey/Natural | Elephant Creamer",
cmtb77hz8002zdkiyyqqxt5g5,Pleko,Δωροκάρτα,https://pleko.gr/gift-ideas/gift-card-detail,https://pleko.gr,200,Δωροκάρτα - Mallia Kouvaria,"Δωροκάρτα από τα Μαλλιά Κουβάρια, το ιδανικό δώρο για όσους αγαπούν το πλέξιμο, το κέντημα και τις χειροποίητες δημιουργίες.","Δωροκάρτα | Λεπτομέρειες προϊόντος | ΕΙΔΑΤΕ ΠΡΟΣΦΑΤΑ | ΣΧΕΤΙΚΑ ΜΕ ΕΜΑΣ | ΠΛΗΡΟΦΟΡΙΕΣ | ΑΣΦΑΛΕΙΣ ΠΛΗΡΩΜΕΣ | ΠΡΟΪΟΝΤΑ | ΕΠΙΚΟΙΝΩΝΙΑ | Ωράριο | Social Media | 📬 Με την εγγραφή σας, θα λαμβάνετε μόνο τα καλύτερα! | Malia Kouvaria Newsletter",200,Όλα για το πλέξιμο - Mallia Kouvaria,"Νήματα για πλέξιμο με βελονες & βελονάκι, υψηλής ποιότητας σε ποικιλία χρωμάτων. Σε εμάς θα βρείτε κλωστές για πλέξιμο, μακραμέ και κέντημα.","Προτεινόμενα Προϊόντα | Strawberry Pie Tee Kit | Λάμψη Αγάπης | Ανθός του Ουρανού | ΚΙΤ μακραμέ κρεμαστή θήκη κουζίνας Ratatouille | Δωροκάρτα | Χαρούμενες τσαντούλες | Κιτ Πλεξίματος | Όλα για το Κέντημα | Η Τέχνη του Μακραμέ | Ιδέες για Δώρα | Αξεσουάρ για Τσάντες | Δημοφιλή προϊόντα | Μουλινέδες DMC | Βελονάκια εργονομικά DROPS Circus | Brushed Alpaca Silk 30, κίτρινο | Κουμπί πλαστικό ""Φράουλα"" (κωδ. 552) | Καλώδια για εναλλασσόμενες βελόνες DROPS | Nepal 8918, πράσινα βρύα | Flora 14, μπλε του πάγου | Εναλλασσόμενες βελόνες για πλέξιμο Drops Pro Romance | Κοσμήματα | Κύματα Αγάπης | Αστρική Αγάπη",
cmta5nw9j001t54iybpluaasg,Poem Luxury,Δωροκάρτα Poem-Luxury 100,https://poem-luxury.gr/product/giftcard-100/,https://poem-luxury.gr,200,Δωροκάρτα Poem-Luxury 100€ - POEM - Luxury,,Δωροκάρτα Poem-Luxury 100€ € | Δωροκάρτα Poem-Luxury 100€ | Σχετικά προϊόντα | Εύρος τιμής | Brands | Σύνδεση | Εγγραφή,200,Home - POEM - Luxury,"Ανακαλύψτε κοσμήματα,τσάντες & αξεσουάρ για κάθε περίσταση",Shop by Category | Επιλεγμένα Προϊόντα | Σύνδεση | Εγγραφή,
cmta1nmsz00xmq8iy9pwfqup0,Porfyrastore,Porfyrastore Gift Card,https://porfyrastore.gr/gift-cards/,https://porfyrastore.gr,200,Gift cards – Porfyra – Γυναικεία Μόδα,WOODMART e-Gift card Purchase online and the e-Gift Card is sent straight to their inbox!Purchase,Gift cards,200,Porfyra – Γυναικεία Μόδα – Where color feels like home,Φορέματα Μπλούζες & Πουλόβερ special offers!,special offers! | Vintage Rose Jacket | Wildflower Embroidered Shirt | Midnight daisy shirt | Inothe ring | 3 Lines ring | Tinos ring | Stamp ring | Eye earrings | Lexis necklace | Inner child Sun,
cmta1m0d900rcq8iy7cru4enr,Poupee,Gift card - Poupée,https://poupee.gr/,https://poupee.gr,200,Poupée,@poupeekids,Looks Boy | Looks Girl | Autochrome plage | Cassetina | Peek-a-book!,200,Poupée,@poupeekids,Looks Boy | Looks Girl | Autochrome plage | Cassetina | Peek-a-book!,
cmtb6v18b003g3giyvg8zhfi4,Power Energy,Power Energy Gift Card,https://www.powerenergy.gr/shop/dorokarta/,https://powerenergy.gr,200,Δωροκάρτα - Power Energy,...,Δωροκάρτα | Σχετικά προϊόντα | 5W Mono 12V Solar panel | monocrystalline solar module 100W 39V | SPR-150 150W 44V high-end solar panel | MONO 200W V2 Solarpanel 30V Black Frame | 200W Mono Solar Panel | solar panel Rigid 30W MONO 12V | SPR-Ultra-80 80W SLIM 12V High-End Solarpanel | 100W (1160*450*30mm) Double-sided Solar panel,200,ΑΡΧΙΚΗ - Power Energy,Επιλέξτε ανάμεσα στα κορυφαία προϊόντα μας....,Anderson connector SB50 gray 6-8mm² including contact pins | ΚΟΥΤΙ ΕΠΙΤΟΙΧΟ ΠΡΙΖΑΣ 2P+E ΜΠΛΕ 106 | Ταινία velcro | connectors MC4 set | Ταινία-κολλα διπλής όψης 10μετρα | Caravan-Boat Mounting Bracket In 7 Pcs | SPR-Ultra-80 80W SLIM 12V High-End Solarpanel | Régulateur de charge 15A MPPT 75/15 SmartSolar – Victron Energy | GF12105V SONNENSCHEIN | Ultimatron 12.8V 100Ah LiFePO4 LN3 Smart BMS Under Seat Lithium Battery With Bluetooth,
cmta1fpyi0039q8iyyzfu0kma,Pragmatic,Pragmatic Gift Voucher 100,https://www.pragmatic.gr/dora/gift-cards/,https://pragmatic.gr,200,Gift Card | Pragmatic,"Κάντε ένα δώρο που πάντα έχει αξία, δίνοντας στους αγαπημένους σας ένα gift card για το eshop και το φυσικό κατάστημα του Pragmatic. Επιλέξτε το ποσό & το δώρο σας είναι έτοιμο!",Gift Card | Gift Voucher 150€ | Gift Voucher 50€ | Gift Voucher 40€ | Gift Voucher 20€ | Gift Voucher 100€ | Σύνδεση,200,Pragmatic.gr - Decoration & Lifestyle Objects,"Αγοράστε online στο Pragmatic ξεχωριστά είδη που ομορφαίνουν την καθημερινότητά σας, επιλεγμένα προσεκτικά από μοναδικά brands homeware & lifestyle!",Δοχείο Φαγητού OmieBox – Poppy Orange | Ευχετήρια κάρτα Happy Birthday Present | Ευχετήρια κάρτα Happy Birthday Cake | Ευχετήρια κάρτα Happy Birthday – Lotta on Troublemaker Street | Ευχετήρια κάρτα Echinacea | Ευχετήρια κάρτα Boobies | Ευχετήρια κάρτα Love ya | Ευχετήρια κάρτα New Year’s Eve | Ευχετήρια κάρτα No Stress | Καναπές-Κρεβάτι Fold 3-Θέσιος – Saffron | Σύνδεση,
cmta1jbve00giq8iy0kcyt5ns,Prasinoselefantas,Ψηφιακή Κάρτα Δώρου egift card,https://prasinoselefantas.gr/product/gift-card/,https://prasinoselefantas.gr,200,Ψηφιακή Κάρτα Δώρου egift card - Prasinos Elefantas,"Θέλετε να χαρίσετε ένα δώρο και δεν είστε σίγουροι τί να διαλέξετε; Δώστε τη δυνατότητα στα αγαπημένα σας πρόσωπα να επιλέξουν αυτό που επιθυμούν. Βήμα 1: Επιλέξτε το χρηματικό ποσό που επιθυμείτε από 10€, 20€, 30€, 40€ και 50€. Βήμα 2: Συμπληρώστε το email του παραλήπτη και το όνομα σας , γράψτε το προσωπικό σας ευχετήριο μήνυμα και προσθέστε την ψηφιακή κάρτα δώρου στο καλάθι αγορών σας. Ολοκληρώστε την παραγγελία σας και το δώρο σας θα αποσταλεί σε λιγότερο από 1’ στο αγαπημένο σας πρόσωπο.",Ψηφιακή Κάρτα Δώρου egift card | Αξιολογήσεις,200,Shop- - - Prasinos Elefantas,"Ελάτε μια βόλτα στον διαδικτυακό μας κήπο! Ποικιλίες φυτών, Real Touch , ιδιαίτερα κασπώ, γλάστρες, βάζα και είδη διακόσμησης για τον χώρο σας. Άμεση αποστολή!",CREATE YOUR OWN JUNGLE | Φυτά με ...χαρακτήρα | ...γιατί και τα φυτά έχουν οικογένειες | Οι λεπτομέρειες που κάνουν τη διαφορά! | Γίνε φίλος με τον Πράσινο Ελέφαντα και μάθε πρώτος τα νέα του!! | Η ΦΡΟΝΤΙΔΑ ΤΩΝ ΦΥΤΩΝ ΕΓΙΝΕ ΕΥΚΟΛΗ ΥΠΟΘΕΣΗ,
cmtb6v1zk003k3giylp5bfu63,Princess,Δωροκάρτες - Princess,https://princess.com.gr/product-category/%CE%B4%CF%89%CF%81%CE%BF%CE%BA%CE%AC%CF%81%CF%84%CE%B5%CF%82/,https://princess.com.gr,200,Δωροκάρτες - Princess,"Θέλεις να στείλεις μια δωροεπιταγή σε ένα αγαπημένο σου πρόσωπο και να επιλέξει αυτό, τα δώρα που θέλει; Συμπλήρωσε τα παρακάτω στοιχεία, πλήρωσε το ποσό που επιθυμείς, και μεις θα του στείλουμε ηλεκτρονικά την δωροεπιταγή και τον μοναδικό κωδικό, ώστε να επιλέξει τα δώρα του, και θα τα παραλάβει σε συσκευασία δώρου, δωρεάν (χωρίς καμία επιπλέον χρέωση) μαζί με το ευχετήριο μήνυμα σου! Η προθεσμία εξαργύρωσης της επιταγής είναι 3 μήνες.",Προτάσεις πλοήγησης | Προτεινόμενα | Δωροκάρτες | Μέγεθος | Δωροεπιταγή | Newsletter: μην χάνεις τις προσφορές μας | 16 Brands | Δωρεάν Αποστολή | Μεγάλη ποικιλία 0-18ετών | Δωρεάν | Υψηλή ικανοποίηση πελατών,200,Επώνυμα Παιδικά Ρούχα για Αγόρια & Κορίτσια Guess - Sprint - T.Hilfiger,2.000 σχέδια σε επώνυμα παιδικά ρούχα για αγόρια & κορίτσια 0-18Ε: Guess | Sprint | Mayoral |Tommy Hilfiger | Calvin Klein | Princess.com.gr,Προτάσεις πλοήγησης | Προτεινόμενα | Βρεφικά 0-9Μ | Μπλούζες | Παντελόνια | Σορτς | Σετ Καλοκαιρινά | Σετ καλοκαιρινά | Φορέματα | Φούστες | Φόρμες | Σετ Χειμερινά | Φόρμες | Σετ χειμερινά | Nέες φθινοπωρινές παραλαβές | Μπουφάν δερματίνι Original Marines κολλεγιακό DGA2513B Καφέ σκούρο | Σετ με σορτς Two in a Castle T7751 Κόκκινο | Φόρεμα τούλινο πουά Two In A Castle T7662 Μαύρο | Πουκάμισο ριγέ Polo Ralph Lauren 26268710 Μπλε | Πουκάμισο oxford Polo Ralph Lauren 26268709 Μπλε | Guess Kids Collection | Mayoral Kids Collection | Tommy Hilfiger Collection | Φόρμες Sprint :Most loved by Moms | Φόρμα dry fit Sprint λεπτό φούτερ 262-3022 Γκρι | Σετ με κολάν Sprint μακό μπλούζα 262-2032 Βατόμουρο | Σετ με κολάν Sprint μακό μπλούζα 262-4029 | Φόρμα φούτερ Sprint 262-1029 Μόκα,
cmta1m0uh00req8iycwbgvctn,Printhouse,Εκτύπωση Κάρτα Δώρου Gift Voucher,https://printhouse.gr/ektyposeis-gia-ksenodokheia/gift-voucher,https://printhouse.gr,200,Εκτύπωση Κάρτα Δώρου Gift Voucher | Printhouse.gr,"Εκτυπώσεις κάρτας δώρου για ξενοδοχεία από την Printhouse. Προσφέρετε πολυτελείς gift vouchers με λογότυπο και οδηγίες χρήσης, αυξάνοντας την αφοσίωση των πελατών σας.","Gift Voucher | Περιγραφή | Φόρμα Ζήτησης Προσφοράς | Δείτε επίσης... | Μείνετε Ενημερωμένοι | Εγγραφείτε στο Newsletter μας για να λαμβάνετε νέα και προσφορές! Υποβάλλοντας το email σας, αποδέχεστε τους όρους χρήσης και την πολιτική απορρήτου. | Ακολουθήστε μας! | ΧΡΗΣΙΜΟΙ ΣΥΝΔΕΣΜΟΙ | Η ΕΤΑΙΡΕΙΑ",200,Εκτυπώσεις | Printhouse.gr,50 χρόνια εμπειρία στο χώρο των εκτυπώσεων και εκδόσεων. Με απόλυτη εξειδίκευση και τεχνογνωσία βρισκόμαστε δίπλα σας σε κάθε εκτυπωτική και εκδοτική σας ανάγκη.,"The Art of Printing | Print your ideas, Print at Printhouse | Επαγγελματική Κάρτα | Επιλέξτε ανάμεσα σε διαφορετικά είδη και χαρτιά | Τι θέλετε να εκτυπώσετε; | Λίγα λόγια για εμάς | Εκτυπώστε το Βιβλίο σας | Δείτε τις Εναλλακτικές που προσφέρουμε | Blog | Είπαν για εμάς | Μείνετε Ενημερωμένοι | Εγγραφείτε στο Newsletter μας για να λαμβάνετε νέα και προσφορές! Υποβάλλοντας το email σας, αποδέχεστε τους όρους χρήσης και την πολιτική απορρήτου. | Ακολουθήστε μας! | ΧΡΗΣΙΜΟΙ ΣΥΝΔΕΣΜΟΙ | Η ΕΤΑΙΡΕΙΑ",
cmta1nnui00xqq8iyverz0w50,Profitstore,ΔωροΕπιταγή - Gift Card αξίας 500€ - ProfitStore,https://profitstore.gr/,https://profitstore.gr,200,Το πολυκατάστημα που επιβραβεύει τις αγορές σας - ProfitStore,"Προιόντα υγείας και ομορφιάς, ασφάλεια και παρακολούθηση, ηλεκτρικά και ηλεκτρονικά, περιφερειακά υπολογιστών, είδη αυτοκινήτου και αξεσουάρ, απίθανα gadgets, παιχνίδια και δώρα για μικρούς και μεγάλους.",Σύνδεση Χρήστη | Επισκέπτες Online | ProfitStore Προτάσεις.... | Δείτε επίσης.... | ΑΞΙΟΛΟΓΗΣΕΙΣ ΠΕΛΑΤΩΝ | Χρήσιμα Links | Κερδίστε ένα απίθανο δώρο στην επόμενη παραγγελία σας !,200,Το πολυκατάστημα που επιβραβεύει τις αγορές σας - ProfitStore,"Προιόντα υγείας και ομορφιάς, ασφάλεια και παρακολούθηση, ηλεκτρικά και ηλεκτρονικά, περιφερειακά υπολογιστών, είδη αυτοκινήτου και αξεσουάρ, απίθανα gadgets, παιχνίδια και δώρα για μικρούς και μεγάλους.",Σύνδεση Χρήστη | Επισκέπτες Online | ProfitStore Προτάσεις.... | Δείτε επίσης.... | ΑΞΙΟΛΟΓΗΣΕΙΣ ΠΕΛΑΤΩΝ | Χρήσιμα Links | Κερδίστε ένα απίθανο δώρο στην επόμενη παραγγελία σας !,
cmtb6v2c1003m3giysn0i7ou6,Project Soma,Δωροκάρτα | Project Soma | projectsoma.gr,https://projectsoma.gr/dorokarta.html,https://projectsoma.gr,200,Δωροκάρτα | Project Soma | projectsoma.gr,"Χαρίστε στα αγαπημένα σας πρόσωπα την δωροκάρτα Project Soma επιλέγοντας το χρηματικό ποσό των 50€, 100€ ή 150€. H gift card αποτελεί μια τέλεια επιλογή δώρου.",Δωροκάρτα,200,Η σειρά ρούχων της Αθηνάς Οικονομάκου και της Μαίρης Συνατσάκη | projectsoma.gr,"Η νέα σειρά ρούχων της Αθηνάς Οικονομάκου και της Μαίρης Συνατσάκη είναι εδώ! Ανακάλυψε το Project SOMA, μία σειρά από μοντέρνα ρούχα για δυναμικές και εντυπωσιακές γυναίκες.",,
cmta1l18300niq8iyfjqu39zb,Psaltou,Gift Card Αξίας 70,https://www.psaltou.gr/gift-cards,https://psaltou.gr,200,Gift Cards | Βιβλιοπωλείο Ψάλτου Κι� ...,Δυσκολεύεσαι να διαλέξεις δώρα για τα αγαπημένα σου πρόσωπα; Κανένα πρόβλημα! Το Βιβλιοπωλείο Ψάλτου σου δίνει την δυνατότητα αγοράς Gift Card!,Gift Cards | Φίλτρα Καθαρισμός | Πληροφορίες | Ο Λογαριασμός μου | Εξυπηρέτηση Πελατών,200,Βιβλιοπωλείο Ψάλτου Κιλκίς,Βιβλιοπωλείο Ψάλτου Κιλκίς από το 1930 δίπλα σου με τα καλύτερα προϊόντα βιβλίων και γραφικής ύλης.,Πληροφορίες | Ο Λογαριασμός μου | Εξυπηρέτηση Πελατών,
cmta1jcvk00gmq8iyrx516n5h,Ptbox,Gift Card - PT Box,https://www.ptbox.gr/gift-card,https://ptbox.gr,200,Gift Card | PT Box,"Not sure what gift to give a loved one? Then send a PT Box gift card and let them decide. Set the amount, choose a layout, write a personalized message and send them the best gift possible - whatever they desire!",eGift Card,200,"PT Box | Personal Workouts, Yoga, Pilates, Spinning","Feel the most complete training experience in one of the most premium gyms at PT Box's Workouts. Our workouts are designed to push you to your limits and help you achieve your fitness goals. Whether you’re a beginner or an experienced athlete, our certified trainers will guide you through each exercise, ensuring proper technique and intensity.",Tailored for you | Our Services. | Workout Facility | Hit Us Up Anytime,
cmta5nwz8001x54iybk0fzt5z,Purity Vision COM,Purity Vision COM Gift Card,https://www.purityvision.gr/products/gift-card-60-eur,https://purityvision.gr,200,Δωροκάρτα 60 EUR – Purity Vision COM,"Έχετε ήδη αποφασίσει πώς θα χαρίσετε χαρά στους αγαπημένους σας; Θα μυρίζει το δώρο τριαντάφυλλα, λεβάντα ή βανίλια; Ανησυχείτε για απογοητευμένα πρόσωπα κατά το άνοιγμα του δώρου; Επιλέξτε μια δωροεπιταγή και αφήστε τον παραλήπτη να επιλέξει ακριβώς αυτό που θα του προσφέρει τη μεγαλύτερη χαρά. Πώς λειτουργεί; Μετά τη",Προσωποποιημένη ρουτίνα | Κορυφαία Πώληση | ΝΕΟτητα | ΝΕΑ ΑΦΙΞΗ | ΜΠΕΣΤ ΣΕΛΕΡ♥️ | Θρέψη για την επιδερμίδα👶 | Δημιουργήστε τη δική σας τελετουργία | Δωροεπιταγές | Δωροκάρτα 60 EUR | Μοιραστείτε αυτό το προϊόν | Γιατί να επιλέξετε την PURITY VISION; | Παράδοση σε όλη την ΕΕ | Δωρεάν δώρο | 100% φυσικό | Με υψηλή βαθμολογία | Τσεχική μάρκα | Συχνές Ερωτήσεις | 🚚 Πόσος χρόνος χρειάζεται για να παραδοθεί μια παραγγελία; | ✨Πώς να χρησιμοποιείτε και να συνδυάζετε σωστά τους ορούς; | 🧴Έχουν τα μεγάλα και τα μικρά πακέτα προϊόντων τα ίδια συστατικά; | 🤰Ποια προϊόντα πρέπει να αποφεύγω να χρησιμοποιώ κατά τη διάρκεια της εγκυμοσύνης/θηλασμού; | Είμαστε εδώ για εσάς | Για πελάτες | Χρήσιμες πληροφορίες,200,Πιστοποιημένα καλλυντικά PURITY VISION® και βιολογικά τρόφιμα – Purity Vision COM,"Purity Vision – 100% φυσικά καλλυντικά για όλους. Από το 2008, φροντίζουμε το δέρμα, το σώμα και τα μαλλιά με αγάπη για τη φύση. Πιστοποιημένη ποιότητα, δίκαια συστατικά και βιώσιμη προσέγγιση.",Προσωποποιημένη ρουτίνα | Κορυφαία Πώληση | ΝΕΟτητα | ΝΕΑ ΑΦΙΞΗ | ΜΠΕΣΤ ΣΕΛΕΡ♥️ | Θρέψη για την επιδερμίδα👶 | Δημιουργήστε τη δική σας τελετουργία | Δωροεπιταγές | Βαθύς καθαρισμός. Καθόλου αίσθηση τραβήγματος. | Αποκαλύψτε τη φυσική σας λάμψη | Ένα σπρέι. Αμέτρητα οφέλη. | Σετ Bio Detox για προβληματικές επιδερμίδες με τάση ακμής | Βιολογικό νερό φασκόμηλου 100 ml | Βιολογικό σετ περιποίησης για δέρμα με τάση για έκζεμα | Βιολογικό σετ περιποίησης σώματος για δέρμα με τάση για έκζεμα | Βιολογικό Βάλσαμο Καθαρισμού με Βιταμίνες 70 ml | Bio Cleansing Power Αφρός 90 ml | Βιολογικός Ενισχυτής Hydro Power 100 ml | Βιολογικός ορός ενέργειας 30 ml | Βιο Τελετουργικό Περιποίησης Προσώπου με Λεβάντα | Βιο Μασεραμένα Βούτυρα 4×30 ml | Βιολογικό Σετ Αναζωογόνησης | Βιολογικό Σετ Φροντίδας | Δημοφιλείς Κατηγορίες,
cmta1node00xsq8iye2l4utkg,Puroshop,Δωροεπιταγή - PuroShop,https://puroshop.gr/product-category/gift-card/,https://puroshop.gr,200,Δωροεπιταγή – PuroShop,,Δωροεπιταγή | Ζητήστε να σας καλέσουμε,200,PuroShop,,"ΚΑΦΕΣ ΦΙΛΤΡΟΥ PURO FAIRTRADE BIO ΑΛΕΣΜΕΝΟΣ 250gr | ΚΑΦΕΣ ESPRESSO PURO FAIRTRADE ΒΙΟ FINE ΑΛΕΣΜΕΝΟΣ 250gr | ΚΑΦΕΣ ESPRESSO PURO FAIRTRADE FINE ΑΛΕΣΜΕΝΟΣ 250gr | ΚΑΨΟΥΛΑ ESPRESSO PURO FAIRTRADE BIO ARCHIPELAGO 100% ARABICA ΣΥΜΒΑΤΗ ΜΕ ΜΗΧΑΝΗ ΤΥΠΟΥ NESPRESSO 10CAPS | ΚΑΦΕΣ ΦΙΛΤΡΟΥ PURO FAIRTRADE BIO DARK ROASTED ΑΛΕΣΜΕΝΟΣ 250gr | Η αγαπη σας για τον καλο καφε και τη φυση, κανει τεραστια διαφορα | Επιλέγοντας τον καφέ Puro Fairtrade, έχετε συνεισφέρει ως σήμερα: | ΤΑ ΝΕΑ ΜΑΣ | COFFEE BUSINESS AWARDS 2020 | ΕΞΥΠΗΡΕΤΗΣΗ ΠΕΛΑΤΩΝ | ΘΕΛΕΤΕ ΝΑ ΛΑΜΒΑΝΕΤΕ ΤΑ ΝΕΑ ΜΑΣ? | Ζητήστε να σας καλέσουμε",
cmta1l1or00nkq8iy9l3o9bru,Rhythmichouse,Gift card Αρχεία,https://rhythmichouse.gr/en/product/gift-card-rhythmic-house/,https://rhythmichouse.gr,200,Gift card Rhythmic-House - Rhythmic House,Give your loved ones a gift card from our store to buy what they really want!,Gift card Rhythmic-House | Description | Reviews,200,ΚΑΤΑΣΤΗΜΑ RHYTHMIC HOUSE - Rhythmic House,Κατάστημα με είδη ρυθμικής γυμναστικής και ενόργανης,Καλώς ήρθατε στο RHYTHMIC HOUSE E-shop | Κατηγορίες | Κορίνες Amaya από καουτσούκ & πλαστικό 36cm | Εναέρια γιογκα 4m | Tape Rainbow Amaya | Parallel Bars Fitness (Set) | Κορίνες Chacott Hi-Grip II 41cm | Σχοινάκι για στικ Sasaki | Pastorelli Logo beach towel | Pastorelli New Anita with hoop beach towel | Στρωμα Yoga Mat PE Yate | Μπλούζα με μακριά μανίκια «Warm Hug» Pastorelli | Rg meister ML Venturelli | Παπουτσάκια Venturelli. Basic | Παπουτσάκια Ρυθμικής Rivoltata | Grips Jager για μονόζυγο | Παπουτσάκια Ιwa. 499 | Παπουτσάκια Iwa. 403 | Παπουτσάκια Iwa. 401 | Παπουτσάκια Venturelli Classic 2002 | Παπούτσια Five-finger της Sasaki | Μπάλες μαζικού αθλητισμού με σκιά χρωμάτων | Παπουτσάκια κάλτσα Pridance | Ταινίες Pastorelli Diamond Metallic,
cmta1k23q00jiq8iynvqcl54v,Romeo,Romeo Gift Card,https://www.romeo.gr/gift-card,https://romeo.gr,200,Gift Card | Romeo Restaurant,,Romeo Gift Card | DINING EXPERIENCE,200,"Romeo Restaurant | Fresh fish restaurant in Rhodes island Greece | Menekleous 7, Rhodes, Greece","Experience the essence of Greek cuisine at Romeo Restaurant, where traditional flavors meet modern flair. Located at Menekleous 7 in Rhodes, Greece, Indulge in our mouthwatering dishes, especially our famous fresh fish dinners, while surrounded by the charming ambiance of our ancient stone building. Discover the taste of Greece at Romeo Restaurant, the best seafood dining experience in Rhodes island.",DINING EXPERIENCE | Who We Are | What our customers say,
cmtb77kk9003ddkiyhamgukvo,SUN ΦΛΕΡΤ,SUN ΦΛΕΡΤ - Gift Card,https://sunflirt.gr/product/gift-card/,https://sunflirt.gr,200,SUN ΦΛΕΡΤ - Gift Card - SUN ΦΛΕΡΤ,,WISHLIST | SUN ΦΛΕΡΤ – Gift Card | Choose amount: | QUICK LINKS | HELP & INFO | CONTACT US,200,Home - SUN ΦΛΕΡΤ,"Drawing inspiration from authentic humans, SUN ΦΛΕΡΤ honors the ones that do not settle; those whose personal style stands out, the fearless beings that go beyond trends, that experiment and travel and are always in exploration of everything new.","Δωρεάν μεταφορικά για αγορές άνω των 100€ | WISHLIST | SUN ΑΛΛΗ ΕΠΟΧΗ | SUN WOMEN | SUN MEN | SUN T-SHIRTS | OUR NEW ARRIVALS | SUN ΧΟΣΕ, ΜΙ ΑΜΟΡ | BEST SELLING ITEMS | YOU MAY ALSO LIKE | QUICK LINKS | HELP & INFO | CONTACT US",
cmta1mdb500sqq8iyhy20zsrp,Saltymoon,Saltymoon Gift Card,https://www.saltymoon.gr/el/product-category/giftcards/,https://saltymoon.gr,200,Gift Card – Salty Moon,,Gift Card | Salty Gift Card,200,Salty Moon – Jewels made with love and finesse,,Categories | Rings | Necklaces | Bracelets | Earrings | Accessories | Silver 925 | New Arrivals | amazonite pendant ₉₂₅ | ruby pendant ₉₂₅ | eye hoops ₉₂₅ | chain anklet ₉₂₅ | the carved eye necklace ₉₂₅ | saltymoonjewels,
cmta1jdf100goq8iymwne5top,Sandglass,Δωροκάρτα - Sandglass.gr by Ammos & Gyali,https://www.sandglass.gr/product/gift-card/,https://sandglass.gr,200,Δωροκάρτα - Sandglass - Sandglass.gr by Ammos & Gyali,Είδη διακόσμησης και έπιπλα σπιτιού,"Δωροκάρτα – Sandglass | Περιγραφή | Προτεινόμενα Προϊόντα | Σχετικά προϊόντα | ΔΙΣΚΟΣ SET/3 ΧΡΥΣΟ ΜΕΤΑΛΛΟ 20x12x0,5cm 25x15x0,5cm 29,5×17,5×0,5cm | Επικοινωνία",200,Αρχική - Sandglass.gr by Ammos & Gyali,Είδη διακόσμησης και έπιπλα σπιτιού,Αρχική | ΕΠΙΛΕΓΜΕΝΕΣ ΚΑΤΗΓΟΡΙΕΣ | ΗΛΕΚΤΡΙΚΑ | ΙΣΟΘΕΡΜΙΚΑ ΕΝΗΛΙΚΩΝ | ΣΕΡΒΙΡΙΣΜΑ | ΜΠΑΝΙΟ | SUMMER SALES | SPRING BLOOM ΣΕΤ 2 ΤΕΜ ΑΥΓΟΘΗΚΕΣ ΠΟΡΣΕΛΑΝΗ | HFA Ξηροκαρπιέρα 4ων Θέσεων Σε Ξύλινη Τετράγωνη Βάση Party Time Λευκή | ΖΑΧΑΡΙΕΡΑ ΠΟΡΣΕΛΑΝΗ ΛΕΥΚΗ ΚΟΚΚΙΝΗ 11ΕΚ | Σετ 4 Μπολ Πορσελάνη Λευκό-Πράσινο 14εκ | INART ΚΑΡΕΣ ΥΦΑΣΜΑΤΙΝΟΣ ΜΠΕΖ 3-40-187-0045 | ΚΑΡΑΦΑ Cucina 1.000ml ΓΥΑΛΙ ΔΙΑΦΑΝEΣ ΜΕ ΜΗΝΥΜΑ D10 H26cm | ΑΝΑΝΕΩΘΕΙΤΕ | Newsletter | Επικοινωνία,
cmtb77jgp0037dkiywuiflh4j,Sandinmytoes,Sandinmytoes Gift Card,https://sandinmytoes.gr/el/shop/gift-card-el/gift-card/,https://sandinmytoes.gr,200,Gift Card - sandinmytoes.gr,"Ανακαλύψτε το τέλειο δώρο για κάθε γυναίκα που αγαπάτε με μια Gift Card από την SandInMyToes. Η ιδανική επιλογή για να της χαρίσετε τη δυνατότητα να επιλέξει το αγαπημένο της premium μαγιό από τη μοναδική μας συλλογή. Με δεκάδες σχέδια και επιλογές χρωμάτων, μια εμπειρία πολυτέλειας και στυλ βρίσκεται μόλις ένα δώρο μακριά!",Gift Card | ΕΛΛΗΝΙΚΗΣ ΠΑΡΑΓΩΓΗΣ | ΑΠΟΚΛΕΙΣΤΙΚΗ ΤΕΧΝΟΛΟΓΙΑ ΓΡΗΓΟΡΟΥ ΣΤΕΓΝΩΜΑΤΟΣ | ΑΠΑΛΟ ΣΤΗΝ ΥΦΗ & ΣΤΑΘΕΡΟ ΣΤΗ ΣΤΗΡΙΞΗ | ΤΕΛΕΙΑ ΜΟΡΦΗ | ΕΞΕΛΙΓΜΕΝΗ ΑΙΣΘΗΤΙΚΗ | ΧΑΜΗΛΟΣ ΠΕΡΙΒΑΛΛΟΝΤΙΚΟΣ ΑΝΤΙΚΤΥΠΟΣ | CUSTOMER SERVICE | Όροι και Προϋποθέσεις | Επιλογές Πληρωμής | Αποστολή & Παράδοση | Πολιτική Επιστροφών | ΠΛΗΡΟΦΟΡΙΕΣ | Σχετικά με εμάς | Που τα βρίσκετε | Size Guide | ΕΠΙΚΟΙΝΩΝΙΑ | FOLLOW US | Facebook | Instagram | Pinterest | ΕΓΓΡΑΦΕΙΤΕ ΓΙΑ ΝΕΑ & ΠΡΟΣΦΟΡΕΣ | T. +0030 2108080114 | E. [email protected],200,Home - sandinmytoes.gr,SALE SHOP NOW SPRING SUMMER 23 YES TO THE MAGIC discover the latest CATEGORIES YOU BELONG TO THE SUN New,"SALE | SHOP NOW | SPRING SUMMER 23 | YES TO THE MAGIC | CATEGORIES | YOU BELONG TO THE SUN | BIKINI | Celeste Ribbed Alma | Hot Magenta Relax | Salty Snake Sorbet | Knitted Beige Cacie | ONE PIECE | Blue Sapphire Resort | Black Snake Voyage | Black Knitted Sunrise | Black Ribbed Voyage | DESIGNED & produced in greece | sustainability | SAND IN MY TOES Since 2013 | FIND US AT | Monoi, Kifissia | Kolokotroni 10, Kerasies, Kifissia, Greece | HApPening @ sandinmytoes | SOCIAL MEDIA",
cmtb77ju00039dkiy0c3cnw1w,Sanopwleio,Αγοράστε μία Δωροεπιταγή,https://www.sanopwleio.gr/account/voucher,https://sanopwleio.gr,200,Αγοράστε μία Δωροεπιταγή,Sanopwleio,Αγοράστε μία Δωροεπιταγή,200,Sanopwleio,Sanopwleio,Sanopwleio | TOP | SANOPWLEIO | SEE MORE | Newsletter,
cmta1nqfr00y0q8iyq52gta2b,Sbokos,Gift cards,https://sbokos.gr/gift-cards/,https://sbokos.gr,200,Δωροκάρτες Sbokos Deco Art | Ηράκλειο Κρήτης από 1993,"Δωροκάρτες Sbokos Deco Art για είδη γάμου, βάπτισης, ανθοπωλείου και διακόσμησης. Είναι το ιδανικό δώρο όταν θέλετε να διαλέγει ο ίδιος ο παραλήπτης.",Gift cards,200,"Είδη Γάμου, Βάπτισης & Διακόσμησης | Sbokos Deco Art","Είδη γάμου, βάπτισης και διακόσμησης με μεγάλη ποικιλία επιλογών για εκδηλώσεις και ιδιαίτερες στιγμές, συνδυάζοντας ποιότητα και σύγχρονο σχεδιασμό.","Βρείτε όλα τα προϊόντα στην κατηγορία CATERING | Υλικά Κατασκευών | Boho Καλάθι Πλεκτό | Είδη Γάμου, Βάπτισης & Διακόσμησης - Sbokos Deco Art | Μοκέτα Διαδρόμου | Πεταλούδα Μεταλιζέ με Πέρλες Ροζ | Πεταλούδα Υφασμάτινη με Led | Πεταλούδα Μεταλιζέ με Πέρλες Λευκή | Βάση Μισοφέγγαρο Χρυσό 280cm | Βάση Μισοφέγγαρο Μαύρο 280cm | Ακρυλικός Πολυέλαιος Ασημένιος | Ακρυλικός Πολυέλαιος Χρυσός | Plexiglass Stand Ανάγλυφο | Κουτί Plexiglass Λευκό για Χαρίσματα | Κουτί Plexiglass | Βάση Πολυελαίου 280cm | Polly με Led σειρές | LED Λαμπάκια Γραμμή | Led Κερί Σπαρματσέτο Με Επικάλυψη Κεριού Set 2 | Led κερία σε πλαστικό δοχείο 12 Pack | Led ρεσώ μπαταρίας Κύβος | LED Επιτραπέζιο Φωτιστικό με τηλεχειριστήριο | Led λαμπάκια μπαταρίας γραμμή σύρμα | Led Warm Σειρά σε κουλούρα",
cmta1m1t900riq8iy2b9sin92,Sekoia,Gift cards,https://sekoia.gr/,https://sekoia.gr,200,Homepage - Sekoia Boutique,Discover,The Occasion Edit | New | Lima Slouchy Denim – Mold Green | Lima Slouchy Denim – Chestnut | Lima Slouchy Denim – Rain Blue | Lima Slouchy Denim – Black | Veronica Denim Jacket – Black | Candice Horshoe Denim – Stone Black | Candice Horshoe Denim – Mid Blue | Mars Long Bermuda – Ocean Blue | Chloe T-shirt – White | Chloe T-shirt – Brown | Tiger Print Scarf – Camel | Tiger Print Scarf – Beige | Sekoia Club | Receive first access to our latest collections and news. | Sign up to newsletter,200,Homepage - Sekoia Boutique,Discover,The Occasion Edit | New | Lima Slouchy Denim – Mold Green | Lima Slouchy Denim – Chestnut | Lima Slouchy Denim – Rain Blue | Lima Slouchy Denim – Black | Veronica Denim Jacket – Black | Candice Horshoe Denim – Stone Black | Candice Horshoe Denim – Mid Blue | Mars Long Bermuda – Ocean Blue | Chloe T-shirt – White | Chloe T-shirt – Brown | Tiger Print Scarf – Camel | Tiger Print Scarf – Beige | Sekoia Club | Receive first access to our latest collections and news. | Sign up to newsletter,
cmtb62p6j001j94iy0wbk6jyl,Send gifts and wishes to your beloved ones,E-Gift card - Send gifts and wishes to your beloved ones,https://www.neraidochora.gr/en-gb/e-gift-card?srsltid,https://neraidochora.gr,403,Just a moment...,,,403,Just a moment...,,,HTTP_403 | HTTP_403
cmtb62s09001z94iy1ofsp7v6,Serkos,Serkos Gift Card,https://www.serkos.gr/en/gift-card?srsltid,https://serkos.gr,200,GIFT CARD | Serkos,,Language switcher | Main navigation | My Account | Breadcrumb | GIFT CARD | Footer menu | Terms Footer menu | FOLLOW US,200,Homepage | Serkos,,Language switcher | Main navigation | My Account | Homepage | Footer menu | Terms Footer menu | FOLLOW US,
cmtb62sem002194iy651slae1,Sfinx,Sfinx Gift Card,https://sfinx.gr/products/gift-card?srsltid,https://sfinx.gr,200,GIFT CARD – SΦINX® Jewelry,BRONZE/100€ - SILVER/200€ - GOLD/300€ - MARBLE/500€Gift cards are delivered by email and contain instructions to redeem them at checkout. Our gift cards have no additional processing fees and does not include any shipping costs. If you have any questions just drop us a mail.*Valid for 12 months from the day of receipt.,Currency | Cart 0 | GIFT CARD | Shipping policy | FOLLOW THE SFINX,200,SΦINX® Jewelry | Handcrafted Silver Relics,"Handcrafted in Athens, SΦINX® creates symbolic 925 sterling silver jewelry as wearable art—born from the soul, inspired by antiquity and worn as modern relics.",Currency | Cart 0 | EARRINGS | RINGS | NECKLACES | TOP PICKS | FROM SOUL | IN SILVER | BY HAND | FOLLOW THE SFINX,
cmta1gx4n007eq8iyvpk85t6j,Sfsonline,Ηλεκτρονική Δωροκάρτα SFS Online,https://sfsonline.gr/,https://sfsonline.gr,403,Attention Required! | Cloudflare,,"Sorry, you have been blocked | You are unable to access sfsonline.gr | Why have I been blocked? | What can I do to resolve this?",403,Attention Required! | Cloudflare,,"Sorry, you have been blocked | You are unable to access sfsonline.gr | Why have I been blocked? | What can I do to resolve this?",HTTP_403 | HTTP_403
cmta4z2k7003psciyr57m9pwe,Shell,Shell Gift Card | Shell Hellas,https://www.shell.gr/el_gr/shell-service-stations/ypiresies/shell-gift-card.html,https://shell.gr,200,Shell Gift Card | Shell Hellas,"Ιδανικό δώρο για ιδιώτες και επιχειρήσεις για αγορές σε καύσιμα, προϊόντα και υπηρεσίες από πρατήρια Shell σε όλη την Ελλάδα.",,200,Shell Hellas,Ανακαλύψτε τα καύσιμα της Shell για το όχημά σας στην Ελλάδα,,
cmta5nxp2002154iym24cxgfr,Shine4ever.gr,Gift Voucher - Shine4ever.gr,https://shine4ever.gr/en/gift_voucher/,https://shine4ever.gr,200,Gift Voucher - Shine4ever.gr,,Gift Voucher,200,Δημιουργείστε το δικό σας πρωτότυπο δώρο! - Shine4ever.gr,"Αντικείμενα που συνθέτουν την πραγματικότητά μας, μπορεί να αποτελέσουν στοιχείο έμπνευσης και δημιουργίας! Να γίνουν ένα πρωτότυπο μοναδικό δώρο, μια έκπληξη στον εαυτό μας.",Δημιουργείστε το δικό σας πρωτότυπο δώρο!,
cmta1nrf100y4q8iy718rheh1,Shop Guide,Shop Guide Gift Card,https://shop-guide.gr/products/shopguide-gift-card,https://shop-guide.gr,200,Shopguide Gift Card – Shop Guide,"Το Shopguide είναι άποψη! Καλώς ήρθατε στο νέο μας ξεχωριστό κατάστημα, το shop-guide.gr. Ένα κατάστημα που σας χωράει όλους, έχει σαν στόχο να ικανοποιήσει κάθε στιλιστική σας ανησυχία και να σας κάνει να νιώσετε την απόλυτη SHOP GUIDE εμπειρία.","Το καλάθι σας είναι κενό | Το καλάθι σας | Υποσύνολο | Shopguide Gift Card | Προσαρμόστε τα παρακάτω: | ΑΠΟΣΤΟΛΗ ΠΡΟΙΟΝΤΩΝ ΚΑΙ ΕΞΟΔΑ ΑΠΟΣΤΟΛΗΣ | Είδες πρόσφατα | LIFE ISN'T PERFECT, BUT YOUR OUTFIT CAN BE. | ΚΑΤΑΣΤΗΜΑΤΑ | ΕΠΙΚΟΙΝΩΝΙΑ | ΠΛΗΡΟΦΟΡΙΕΣ | NEWSLETTER | Καλώς ήρθατε στοShop Guide",200,SHOP-GUIDE – Shop Guide,"Το Shopguide είναι άποψη! Καλώς ήρθατε στο νέο μας ξεχωριστό κατάστημα, το shop-guide.gr. Ένα κατάστημα που σας χωράει όλους, έχει σαν στόχο να ικανοποιήσει κάθε στιλιστική σας ανησυχία και να σας κάνει να νιώσετε την απόλυτη SHOP GUIDE εμπειρία.",Το καλάθι σας είναι κενό | Το καλάθι σας | Υποσύνολο | FW2027 | Shop Women | Shop Men | Shop by Brand | DISCOVER MORE | Video | Shop by Category | Special Offers | DISCOVER MORE OFFERS | BRANDS | New Arrivals | Marrea Clutch MRR16973 | Marrea Midi Stripe MRR22321 | Marrea Large Buck MRR18764 | Featured collection | Off White Bookish Scarf Regular S/S Tee T-shirt 44MAA16MF26J00G100 | Off White Bookish Scarf Regular S/S Tee T-shirt 44MAA16MF26J00G001 | Off White Bookish Scarf Cuffed Sweatpants 44MCH057F26F001001 | Off White Industrial Arrow Regular Zip Hoodie 44MBE02EF26F001001 | ΚΑΤΑΣΤΗΜΑΤΑ | ΕΠΙΚΟΙΝΩΝΙΑ,
cmta1ffa4002bq8iy5k6w34t1,Shopdali,DA|LI Gift Card 50,https://shopdali.gr/products/littles-gift-card-100,https://shopdali.gr,200,DA|LI Gift Card 100€ — DALI,"Χαρίστε ένα δώρο αγάπης στα αγαπημένα σας πρόσωπα, επιλέγοντας μια Dress Affair Littles gift card! Γεννήθηκε μόλις ένα μικρό γλυκάκι αλλά δεν έχεις μάθει ακόμα το χαρακτήρα του για να ξέρεις τι θα του ταιριάξει.... Πλησιάζει η βάπτιση, έχουν μείνει λίγες ημέρες και έχεις ξεμείνει από ιδέες... Βρήκες τα πιο ωραία Little",DA|LI Gift Card 100€ | You recently viewed | Follow us | Main menu | About Us | Πληροφορίες | Newsletter | Added to your cart:,200,DALI,DALI,Back To School | Bleecker & Love - Kirma | Δώρο άνα ηλικία | Newsletter | Final Sales | Izza Earrings in Silver | Shimmer Earrings | Droplet Earrings in Silver | What is everyone saying? | SHOP BY BRAND | Follow us | Main menu | About Us | Πληροφορίες | Added to your cart:,
cmta1jewr00guq8iysneicire,Simple City,Δωροκάρτα,https://simple-city.gr/gift-card.html,https://simple-city.gr,200,Δωροκάρτα - Simple City,"Έπιπλα, μικροέπιπλα, φοιτητικά έπιπλα διακόσμηση για το σπίτι τον κήπο, το γραφείο και τον επαγγελματία",,200,"Έπιπλα, μικροέπιπλα, διακόσμηση για το σπίτι τον κήπο, το γραφείο και τον επαγγελματία - Simple City","Έπιπλα, μικροέπιπλα, διακόσμηση για το σπίτι τον κήπο, το γραφείο και τον επαγγελματία",Νέα Προϊόντα | Έπιπλο Γραφείο Κήπος Διακόσμηση Λευκά Είδη Οργάνωση Σπιτιού Κουζίνα Μπάνιο Φωτισμός | Κατηγορίες προϊόντων | Κατάλογοι,
cmta1jfeg00gwq8iyzwet61xe,Skinky,Skinky Gift Card,https://skinky.gr/p/gift-card/?v=cd941bfdbc84,https://skinky.gr,200,Gift Card – Δωροκάρτα - Skinky,Skinky Gift Card – Το τέλειο δώρο για κάθε λάτρη της περιποίησης! ✨,Gift Card – Δωροκάρτα | Περιγραφή | 345 Relief Cream | Madagascar Centella Hyalu-Cica Hydrating Mask | Refreshing Sea Kelp Real Deep Mask | Mighty Bamboo Panthenol Cream | Time Revolution Night Repair Ampoule Cream 5X | Φυσικό κατάστημα:,200,Skinky - Κορεάτικα Προϊόντα Περιποίησης Προσώπου,"Δείτε την συλλογή μας από Καθαριστικά, Ντεμακιγιάζ, Προϊόντα Απολέπισης και Περιποίησης Ματιών, Essence, Toner, Serum, Μάσκες & Κρέμες προσώπου και Αντηλιακά",K-BEAUTY EXPERTS | Best sellers | PDRN Capsule Cream 100 | RÓSA LUMINA Illuminating Oil for Body & Hair | Atobarrier 365 Cream | No9 NAD Bio Lifting Essence | Royal Honey Propolis Enrich Barrier Cream | Black Tea Time Reverse Eye Cream | Salmon Caring Centella Cream | Bakuchiol Plumping Serum | Vitamin Illuminating Serum | RX Multi Vitamin Glow Serum | Skin Barrier Calming Lotion | Collagen Jelly Cream | Pair Acne Cream W | Reedle Shot 100 | Water Sleeping Mask | DIVE IN Low Molecular Hyaluronic Acid Serum | Heartleaf 77% Clear Pad | Heartleaf Pore Control Cleansing Oil | Retinol Intense Reactivating Serum | Revive Eye Serum: Ginseng + Retinal | Ginseng Cleansing Oil | Advanced Snail Hydrogel Eye Patch,
cmta5ny2d002354iyvhj9mkz0,Smaragdasart,E-Δωροκάρτα 200€,https://smaragdasart.gr/el/card/171-e-gift-card-100-.html,https://smaragdasart.gr,200,E-Δωροκάρτα 200€,"Η παρούσα δωροεπιταγή: Ισχύει για ένα έτος από την ημερομηνία της αγοράς της δωροπεπιταγής από την εταιρεία μας. Δεν ανταλλάσσεται με χρήματα, και μπορεί να χρησιμοποιηθεί αποκλειστικά για την αγορά προϊόντων μέσω τηλεφωνικής παραγγελίας στο 2114126186 ή σε κατάστημα Smaragdas Art.",E-Δωροκάρτα 200€ | 2 ακόμα προϊόντα στην ίδια κατηγορία: | E-Δωροκάρτα 100€ | E-Δωροκάρτα 50€ | Smaragdas Art | Κατηγορίες | Πληροφορίες | Επικοινωνία | Ωράριο Λειτουργίας,200,Smaragdas Art | Κοσμήματα και Χειροποίητα Έργα Tέχνης,"Στο κατάστημα Smaragdas Art θα βρείτε κοσμήματα από ασήμι, χαλκό, ορείχλακο και μπρούτζο καθώς επίσης και χειροποίητα έργα τέχνης. Δαχτυλίδια, βραχιόλια, σκουλαρίκια και κολιέ στις καλύτερες τιμές.",Δωρεάν Μεταφορικά | Ασφαλείς Πληρωμές | Καλέστε μας | Μοναδικά Σχέδια | Χειροποίητα Έργα Τέχνης | Προτεινόμενα Προϊόντα | Sun | Martha Bracelet | Greek Blue Mykonos Necklace | Mythos | Forest | Purple Velvet Pendant | Purple Velvet Bracelet | Purple Velvet Long Pendant | Purple Velvet Ring | Milos Earrings | Greek Blue Santorini Necklace | Εγγραφή στο Newsletter | Smaragdas Art | Κατηγορίες | Πληροφορίες | Επικοινωνία | Ωράριο Λειτουργίας,
cmta1me9100suq8iyfx2gcou6,Smart Tap,Gift Card Smart-Tap,https://www.smart-tap.gr/products/gift-card-smart-tap,https://smart-tap.gr,200,Gift Card Smart-Tap,Προσφέρετε την καινοτομία των Smart-Tap ως δώρο και αφήστε ανεξίτηλο αποτύπωμα. Δώστε την ευκαιρία στους αγαπημένους σας να ανακαλύψουν τη μελλοντική τεχνολογία επικοινωνίας με ένα Gift Card που εντυπωσιάζει!,Gift Card Smart-Tap | Μας εχουν εμπιστευτει,200,Smart-Tap,Ανακαλύψτε την καινοτόμο τεχνολογία NFC και τις έξυπνες κάρτες μας που σας επιτρέπουν να αποθηκεύετε πληροφορίες με ένα απλό άγγιγμα. Προσφέρουμε εξατομικευμένες λύσεις για επαγγελματική και προσωπική χρήση. Αποκτήστε πρόσβαση σε πληροφορίες με ένα απλό TAP και αναβαθμίστε τον τρόπο επικοινωνίας σας με τον κόσμο.,Smart-Tap | SocialLinks Table Talker | Συνδέστε τους πελάτες σας με όλα τα social μέσα από ένα μόνο link. | Η νέα επαναστατική ψηφιακή επαγγελματική σου κάρτα! | Η λύση που διαρκεί | Για πάντα μαζί σας | Πως να αποκτήσετε την smart-tap | Subheading | Featured product | Google Review Table Talker 3-Links T-Shape Big με το λογότυπό σας. | Μας εχουν εμπιστευτει,
cmtb6v334003q3giysxf9hqnj,Smarten,Δωροκάρτα,https://www.smarten.gr/katigoria/dorokarta/,https://smarten.gr,200,Δωροκάρτα - S.M.ARTEN,,Δωροκάρτα | Κατηγορίες | Collections | Μέταλλο | Χρώμα μετάλλου | Πέτρα | Χρώμα πέτρας | Φύλο | Εύρος τιμών | ΔΩΡΟΚΑΡΤΑ | The S.M.ARTEN Experience | Δωρεάν Μεταφορικά | Συσκευασία Δώρου | Φυσικό Κατάστημα | Ασφάλεια Αγορών | NEWSLETTER | S.M.ARTEN | Επικοινωνία | Πληροφορίες | Αγορές | ΚΟΣΜΗΜΑΤΑ | ΑΝΔΡΙΚΑ | ΠΑΙΔΙΚΑ | ΓΑΜΟΣ,200,S.M.ARTEN,"Βρείτε μοναδικά κοσμήματα σε εξαιρετικές τιμές! Βραχιόλια, δαχτυλίδια, κολιέ, σκουλαρίκια στο eshop μας και στο κατάστημα στο Σύνταγμα.",Ασημένιο φαρδύ δαχτυλίδι μπουλ | Ασημένιο Κολιέ Γραμμωτό | ΑΣΗΜΕΝΙΑ ΑΛΥΣΙΔΑ ΜΕΓΑΛΕΣ ΜΠΙΛΙΕΣ | ΑΣΗΜΕΝΙΑ ΓΥΑΛΙΣΤΕΡΗ ΑΚΑΝΟΝΙΣΤΗ ΧΕΙΡΟΠΕΔΑ | Our Newest Collection | NEW IN | Echoes of Greece | Popular Collections | Simplicity | SPARKLE | HARMONY | DISNEY | Shop by category | Κολιέ | Δαχτυλίδια | Σκουλαρίκια | ΑΣΗΜΕΝΙΟ ΕΠΙΧΡΥΣΟ ΔΑΧΤΥΛΙΔΙ ΔΙΑΚΕΝΟ | ΑΣΗΜΕΝΙΑ ΧΕΙΡΟΠΕΔΑ ΓΡΑΜΜΕΣ | ΑΣΗΜΕΝΙΑ ΕΠΙΧΡΥΣΗ ΧΕΙΡΟΠΕΔΑ BANGLE | ΑΣΗΜΕΝΙΟ ΔΑΧΤΥΛΙΔΙ ΔΙΑΚΕΝΟ | Shop the look | Sparkle | JOY | The S.M.ARTEN Experience,
cmta1l42f00nuq8iy2f3za3fa,Snus Bar,gift card Αρχεία - Snus Bar,https://snus-bar.gr/,https://snus-bar.gr,403,403 Forbidden,,Forbidden,403,403 Forbidden,,Forbidden,HTTP_403 | HTTP_403
cmtb6v3fr003s3giyb487xou6,Soandjos,Δωροκάρτα,https://soandjos.gr/product/dorokarta/,https://soandjos.gr,200,Δωροκάρτα - So&jo's,,"Δωροκάρτα | Σε κάθε περίπτωση συνιστούμε να επικοινωνήσετε μαζί μας στο 2521020039 ή στο info@soandjos.gr για να σας βοηθήσουμε με την παράδοση της παραγγελίας σας. | Madagascar Centella Probio-Cica Nourishing Mask – Εντατική Ενυδάτωση & Επανόρθωση για Δυνατό, Λαμπερό Δέρμα | Clear Tritan Lunchbox Heart – Φαγητοδοχείο Διάφανο | Oval Bread Press Crust – Πρέσα Κρούστας Ψωμιού | Round Bread Press Crust – Πρέσα Κρούστας Ψωμιού | soandjoskids | So&jo's 2025 All Rights Reserved | Created by vaggdim.com | Marketing by",200,So&jos,Αξεσουάρ σίτισης- κόφτες ψωμιού-κόφτες λαχανικών - Δοχεία και Παγούρια - Θερμοδοχεία - Yumbox - Bamboo - φόρμες σιλικόνης - Bento - Lunchbox,soandjoskids | So&jo's 2025 All Rights Reserved | Created by vaggdim.com | Marketing by,
cmta1jgb900h0q8iyso43fmmm,Sokmi,Gift card - Δωροκάρτα,https://sokmi.gr/,https://sokmi.gr,200,Korean & Japanese Skincare Cosmetics - Κορεάτικα &Ιαπωνικά Καλλυντικά – sokmi.gr,Φτιάξτε την δική σας K-beauty και J-beauty ρουτίνα περιποίησης με επιλεγμένα προϊόντα skincare και αναδείξτε τη φυσική σας λάμψη.,Best Sellers | New Arrivals | Just restocked | Τελευταία Άρθρα | Favorite of the month | Σχόλια πελατών | Flowy embroidered shift dress | Best sellers | Flowy Embroidered Lipstick | Client service,200,Korean & Japanese Skincare Cosmetics - Κορεάτικα &Ιαπωνικά Καλλυντικά – sokmi.gr,Φτιάξτε την δική σας K-beauty και J-beauty ρουτίνα περιποίησης με επιλεγμένα προϊόντα skincare και αναδείξτε τη φυσική σας λάμψη.,Best Sellers | New Arrivals | Just restocked | Τελευταία Άρθρα | Favorite of the month | Σχόλια πελατών | Flowy embroidered shift dress | Best sellers | Flowy Embroidered Lipstick | Client service,
cmta1l4jp00nwq8iymqbrwqdb,Solivagant,Gift Card - Prepaid Card - Solivagant,https://solivagant.gr/gift-card/,https://solivagant.gr,200,Gift Card - Προπληρωμένη κάρτα αγορών - Solivagant,Προπληρωμένη κάρτα αγορών (Gift card) που μπορεί να χρησιμοποιηθεί για αγορές στο ηλεκτρονικό μας κατάστημα.,FREE GR SHIPPING ON ALL ORDERS OVER 49€ | CATEGORIES | MATERIAL | METAL COLOR | New In | Gifts Under 25€ | Mini Hoops & Huggies | Oversized Studs | Chain Necklaces | Pendant Necklaces | Wrist Chains | Anklets | Statement Rings | GIFT CARD | ΤΙ ΕΙΝΑΙ Η GIFT CARD; | ΟΦΕΛΗ | ΠΩΣ ΧΡΗΣΙΜΟΠΟΙΩ ΤΗΝ GIFT CARD ΜΟΥ; | CHECK MY BALANCE | ΟΡΟΙ & ΠΡΟΫΠΟΘΕΣΕΙΣ | Follow Us: | ΣΥΝΔΕΣΜΟΙ | ΠΟΛΙΤΙΚΗ | ΠΛΗΡΟΦΟΡΙΕΣ | NEWSLETTER,200,Αρχική - Solivagant,"SHOP BY CATEGORY NEW ARRIVALS Fresh pieces are now on NEW INΤΕΛΕΥΤΑΙΑ ΤΕΜΑΧΙΑ Επιλογή Αυτό το προϊόν έχει πολλαπλές παραλλαγές. Οι επιλογές μπορούν να επιλεγούν στη σελίδα του προϊόντος Shelby ring | SILVER Ατσάλι 22,00 € NEW INΤΕΛΕΥΤΑΙΑ ΤΕΜΑΧΙΑ Επιλογή Αυτό το προϊόν έχει πολλαπλές παραλλαγές. Οι επιλογές μπορούν να επιλεγούν στη σελίδα του προϊόντος Shelby […]",FREE GR SHIPPING ON ALL ORDERS OVER 49€ | CATEGORIES | MATERIAL | METAL COLOR | New In | Gifts Under 25€ | Mini Hoops & Huggies | Oversized Studs | Chain Necklaces | Pendant Necklaces | Wrist Chains | Anklets | Statement Rings | SHOP BY CATEGORY | NEW ARRIVALS | WHY CHOOSE US | EXPRESS SHIPPING | HIGH QUALITY PRODUCTS | ECO FRIENDLY PACKAGING | HYPOALLERGENIC | INSTAGRAM | Follow Us: | ΣΥΝΔΕΣΜΟΙ | ΠΟΛΙΤΙΚΗ,
cmta1nt2o00yaq8iym6euj9k4,Somacreations,Somacreations Gift Card,https://somacreations.gr/products/gift-card,https://somacreations.gr,200,Gift Card – somacreations,Αγοράστε μία Δωροκάρτα SOMACREATIONS και δώστε τη δυνατότητα στα αγαπημένα σας πρόσωπα να επιλέξουν το δώρο που επιθυμούν μέσα από την μεγάλη συλλογή μας.,Το στοιχείο προστέθηκε στο καλάθι σας | Gift Card | Care information | INFO | SOMA CREATIONS | Subscribe to our emails,200,SOMA CREATIONS – somacreations,Επιλεγμένες προτάσεις για κοσμήματα! Επιλέξτε από τη μεγάλη γκάμα ποιοτικών προϊόντων.Άμεση Εξυπηρέτηση για κάθε σας Ανάγκη. Κομψές & Μοντέρνες Επιλογές για να φτιάξεις το Outfit που θα τραβήξει Όλα τα Βλέμματα.,Το στοιχείο προστέθηκε στο καλάθι σας | ❛ Matter and Soul ✦ | TRENDING NOW | Riviera Big Choker Necklace | Madlin Earrings | Riviera Bellezza Bracelet | COLLECTION | Σκουλαρίκια | Δαχτυλίδια | Βραχιόλια | Κολιέ | ΟΡΑΜΑ ΜΑΣ | ΣΤΟΧΟΙ ΜΑΣ | Join the Soma Culture! | Gift Card | Δωρεάν τα Μεταφορικά | Γρήγορη Αποστολή | Αντικαταβολή | NEWSLETTER | Follow US on Instagram | INFO | SOMA CREATIONS | Subscribe to our emails,
cmta1jgrc00h2q8iylmuzku7m,Sonice,Gift Card 50 -,https://www.sonice.gr/el/185-gift-cards,https://sonice.gr,200,ΔΩΡΟΕΠΙΤΑΓΕΣ - So Nice,,ΔΩΡΟΕΠΙΤΑΓΕΣ Υπάρχουν 4 προϊόντα.,200,"HIGH END LUXURY SKINCARE, MAKEUP & PERFUME - So Nice",Πολυτελή προϊόντα περιποίησης δέρματος για ευεξία & αποτελέσματα spa στο σπίτι. Premium ποιότητα & ΔΩΡΕΑΝ ΜΕΤΑΦΟΡΙΚΑ. Αναβάθμισε την καθημερινότητά σου!,NOURISHING HEROES,
cmta1ntm900ycq8iy3qr4gnvr,Spaniriides,Gift card - https://www.spaniriides.com.gr,https://www.spaniriides.com.gr/product/gift-card/,https://spaniriides.com.gr,200,Gift card - https://www.spaniriides.com.gr,Κάνε ένα δώρο στον εαυτό σου ή σε ένα αγαπημένο σου πρόσωπο με μία θεραπεία προσώπου ή σώματος. Αγόρασε μια ονομαστική κάρτα δώρου με το ποσό της επιλογής σου και άσε το αγαπημένο σου πρόσωπο να την εξαργυρώσει σε όποια θεραπεία θέλει. Η κάρτα προσφέρεται σε μορφή πάπυρου. Επικοινωνήστε μαζί μας,Contact Info | Gift card | ΜΕΝΟΥ | ΕΠΙΚΟΙΝΩΝΙΑ | NEWSLETTER | Share,200,"Νηρηίδες spa | Spa Αθήνα - Κέντρο, υπηρεσίες περιποίησης σώματος",Για ένα υπέροχο ταξίδι στον κόσμο των αισθήσεων επισκεφθείτε το Νηρηίδες spa. Υπηρεσίες πλήρους περιποίησης σώματος με αρχαιοελληνική μάλαξη και θεραπείες.,Contact Info | ΕΠΙΣΤΡΟΦΗ ΣΤΗ ΓΗ ΜΑΣ & ΣΤΗ ΒΑΘΙΑ ΡΙΖΩΜΕΝΗ ΓΝΩΣΗ ΤΗΣ ΠΑΡΑΔΟΣΗΣ ΜΑΣ….ΑΝΑΖΗΤΑΜΕ ΣΥΝΤΑΞΙΔΙΩΤΕΣ | SPECIAL ΠΑΚΕΤΑ | DELUXE ΝΥΜΦΕΣ ΝΑΪΑΔΕΣ ΤΑ 5 ΑΤΟΜΑ | Afrodite massage | ΠΡΟΤΑΣΕΙΣ ΓΙΑ ΖΕΥΓΑΡΙΑ | ΠΡΟΣΦΟΡΕΣ | Κάντε τώρα την αγορά του αγαπημένου σας πακέτου | Υπηρεσίες | Όλες οι θεραπείες μας προέρχονται από βαθιά γνώση και εξειδίκευση | ΜΕΝΟΥ | ΕΠΙΚΟΙΝΩΝΙΑ | NEWSLETTER,
cmta1fza40049q8iyylawabqi,Stan & Stefan,Stan & Stefan δωροκάρτα,https://www.stan-stefan.gr/gr/gift-card.html,https://stan-stefan.gr,200,GIFT CARD,"Στο ηλεκτρονικό κατάστημα Stan & Stefan θα βρείτε γυναικεία και ανδρικά αξεσουάρ, βραχιόλια, ρολόγια, κοσμήματα, κολιέ και δαχτυλίδια σε πολύ χαμηλές τιμές",GIFT CARD,200,Ρολόγια Βραχιόλια Γυναικεία αξεσουάρ - Stan-Stefan,"Stan & Stefan | Affordable Luxury. Minimal κοσμήματα από ασήμι και ατσάλι, premium συλλογές και μοντέρνα ρολόγια για τον άνδρα και τη γυναίκα. Η λάμψη που σου αξίζει.",,
cmtb78bqw0074dkiyvvhnv4d4,Stemalaser,Stemalaser Gift Card,https://stemalaser.gr/en/product/gift-card-2/,https://stemalaser.gr,200,Gift Card | STEMA LASER Alexandrite,"Give the gift of Alexandrite laser hair removal to your loved ones. What could be more thoughtful than offering smooth, healthy skin as a meaningful present? Simply select the amount you wish to give, complete your order, and the gift card will be delivered via email to the recipient, along with your personalized message. The services included in the gift card must be redeemed within one (1) year from the date of purchase.",Gift Card | How it works | Useful Information,200,Λειζερ Θεσσαλονικη | Laser Θεσσαλονικη | Αλεξανδρίτης | STEMA,"Λειζερ Θεσσαλονικη με τον καλύτερο Αλεξανδρίτη. Απαλλάξου από τις τρίχες, κλείσε ένα δωρεάν ραντεβού σήμερα για laser θεσσαλονικη!","Laser Αποτρίχωση Αλεξανδρίτη στη Θεσσαλονίκη | Αποτρίχωση Λειζερ Θεσσαλονικη με Αλεξανδρίτη τελευταίας γενιάς. | Για πολλούς λόγους. Κυρίως όμως γιατί: | ΔΕΙΤΕ ΤΙΣ ΥΠΗΡΕΣΙΕΣ ΜΑΣ | Women | Men | ΔΕΝ ΕΙΣΤΕ ΣΙΓΟΥΡΟΙ ΓΙΑ ΤΟ ΠΟΙΑ ΘΕΡΑΠΕΙΑ ΕΙΝΑΙ ΚΑΤΑΛΛΗΛΗ ΓΙΑ ΕΣΑΣ; | Αποτρίχωση Αλεξανδρίτη με Πακέτα που Αξίζουν | Πακέτο Προσφοράς Full Bikini & Μασχάλες 3+3 | Πακέτο Προσφοράς Πόδια 3+3 | Πακέτο Προσφοράς Γάμπες 3+3 | Πακέτο Προσφοράς Full Bikini 6+6 | Πακέτο Προσφοράς Μασχάλες 3+3 | Πακέτο Προσφοράς Μασχάλες 6+6 | Πακέτο Προσφοράς Πλάτη & Ώμοι | Πακέτο Προσφοράς Μηροί 3+3 | Πακέτο Προσφοράς Στήθος Full | Πακέτο Προσφοράς Χέρια Full | Πακέτο Προσφοράς Πήχεις 3+3 | Ιατρικός Εξοπλισμός Αλεξανδρίτη τελευταίας γενιάς για ασφαλή & μόνιμα αποτελέσματα | Όταν η Τεχνολογία Συναντά την Ομορφιά | αποκαλυψε την Ομορφιά σου, Χωρίς Τρίχες | Δημοφιλείς θεραπείεσ | Full Bikini",
cmta1jijd00haq8iy0wkujph9,Stickit,Δωροεπιταγή 10 € - 100 €,https://stickit.gr/,https://stickit.gr,200,"Πίνακες σε καμβά, Πίνακες ζωγραφικής, Παιδικά αυτοκόλλητα, Αφίσες, Πόστερ","Ανακαλύψτε Πίνακες σε καμβά, Πίνακες ζωγραφικής, Αυτοκόλλητα τοίχου, Παιδικά Βρεφικά αυτοκόλλητα, Αφίσες και Πόστερ, Ανανεώστε τον χώρο σας με στυλ και έμπνευση","ΔΩΡΕΑΝ ΑΠΟΣΤΟΛΗ παραγγελίες > 80 € | Παιδικοί πίνακες | Κάδρα παιδικά | Παιδικά αυτοκόλλητα | Αυτοκόλλητα τοίχου | Κάδρα ΑφίσεςΠόστερ | Ξύλινα ονόματα Ξύλινα μπομπονιέρας | Στολισμός Βάπτισης | Υποδοχή βάπτισης | Υποδοχή γάμου | Plexiglass ονόματα | Καρτελάκια | Πινακίδες Plexiglas | Ταπετσαρίες τοίχου | Παραβάν διαχωριστικά | Αυτοκόλλητες ετικέτες Ξύλινες φιγούρες | Αυτοκόλλητα εκπτώσεων Σχολικές ετικέτες | Bouquet of peace, Picasso, αφίσα, κάδρο | Open window collioure, Henri Matisse, αφίσα, κάδρο | Green gold leaves III, αφίσα, κάδρο | Πίνακας ζωγραφικής Ελιά | Πίνακας ζωγραφικής Blossoming almond tree, Vincent van Gogh | Πίνακας ζωγραφικής The kiss (portrait), Klimt Gustav | Ελεφαντάκι στα..., αφίσα, κάδρο, τρίπτυχο",200,"Πίνακες σε καμβά, Πίνακες ζωγραφικής, Παιδικά αυτοκόλλητα, Αφίσες, Πόστερ","Ανακαλύψτε Πίνακες σε καμβά, Πίνακες ζωγραφικής, Αυτοκόλλητα τοίχου, Παιδικά Βρεφικά αυτοκόλλητα, Αφίσες και Πόστερ, Ανανεώστε τον χώρο σας με στυλ και έμπνευση","ΔΩΡΕΑΝ ΑΠΟΣΤΟΛΗ παραγγελίες > 80 € | Παιδικοί πίνακες | Κάδρα παιδικά | Παιδικά αυτοκόλλητα | Αυτοκόλλητα τοίχου | Κάδρα ΑφίσεςΠόστερ | Ξύλινα ονόματα Ξύλινα μπομπονιέρας | Στολισμός Βάπτισης | Υποδοχή βάπτισης | Υποδοχή γάμου | Plexiglass ονόματα | Καρτελάκια | Πινακίδες Plexiglas | Ταπετσαρίες τοίχου | Παραβάν διαχωριστικά | Αυτοκόλλητες ετικέτες Ξύλινες φιγούρες | Αυτοκόλλητα εκπτώσεων Σχολικές ετικέτες | Bouquet of peace, Picasso, αφίσα, κάδρο | Open window collioure, Henri Matisse, αφίσα, κάδρο | Green gold leaves III, αφίσα, κάδρο | Πίνακας ζωγραφικής Ελιά | Πίνακας ζωγραφικής Blossoming almond tree, Vincent van Gogh | Πίνακας ζωγραφικής The kiss (portrait), Klimt Gustav | Ελεφαντάκι στα..., αφίσα, κάδρο, τρίπτυχο",
cmta1jj2z00hcq8iy8m07iarh,Sticky,Δωροκαρτα Sticky,https://sticky.gr/product-category/mwb_wgm_giftcard/,https://sticky.gr,200,Gift Card - Sticky,,Πίνακες με δικες σου φωτογραφίες | Αντιγραφα ζωγραφων | Καλοκαιρι - Θαλασσα | Vincent Van Gogh | Πολυπτυχοι και Σετ | Αφηρημενα και Abstract | Οικολογικά μελάνια νερού | Η ασφάλεια και η προστασία της υγείας αποτελεί προτεραιότητα για εμάς. | Αυτοκόλλητα Ψυγείου | Αυτοκόλλητα Πόρτας | Αυτοκόλλητα Πλακάκια | Αυτοκόλλητα Laptop | Για ηλεκτρ. πινακες | Αυτοκόλλητα Επίπλων | Πανελ τοίχου με 3D πηχάκια | Τεχνητά Φυτά και Δέντρα | Καθρέπτες | Διακόσμητικά τοίχου | Κασπώ | Gift Card | Φτιάξε την Δωροκάρτα σου – Sticky Gift Card | Προϊόντα δικης μας Ελληνικής παραγωγής | Εκτύπωση με οικολογικά μελάνια νερού | Πληρωμή σε 3 Ατοκες δόσεις με Klarna,200,"Αυτοκολλητα τοιχου, Πινακες ζωγραφικης και Ταπετσαριες - Sticky","Αυτοκολλητα τοιχου, Πινακες ζωγραφικης και Ταπετσαριες Ελληνικης παραγωγης, εκτυπωση με οικολογικα μελανια νερου.",Πίνακες με δικες σου φωτογραφίες | Αντιγραφα ζωγραφων | Καλοκαιρι - Θαλασσα | Vincent Van Gogh | Πολυπτυχοι και Σετ | Αφηρημενα και Abstract | Οικολογικά μελάνια νερού | Η ασφάλεια και η προστασία της υγείας αποτελεί προτεραιότητα για εμάς. | Αυτοκόλλητα Ψυγείου | Αυτοκόλλητα Πόρτας | Αυτοκόλλητα Πλακάκια | Αυτοκόλλητα Laptop | Για ηλεκτρ. πινακες | Αυτοκόλλητα Επίπλων | Πανελ τοίχου με 3D πηχάκια | Τεχνητά Φυτά και Δέντρα | Καθρέπτες | Διακόσμητικά τοίχου | Κασπώ | Πίνακες | Αυτοκόλλητα Τοίχου | Αντιγραφα | Gift Card | Αυτοκολλητες ετικετες σχολικες,
cmta1jjkg00heq8iyq7zpj3cf,Storegreece,e-Gift Card,https://www.lego.storegreece.gr/upiresies/gift-cards/,https://storegreece.gr,200,Gift Cards | LEGO Store Greece,"Ψάχνετε το καλύτερο δώρο; Αγοράστε μία ηλεκτρονική Gift Card από το lego.storegreece.gr , ώστε το αγαπημένο σας πρόσωπο να επιλέξει το δώρο που θα λατρέψει!",Gift Cards | E-GIFT CARD | Καταστήματα,200,LEGO Store Greece - Εξουσιοδοτημένο ηλεκτρονικό κατάστημα LEGO | LEGO Store Greece,"Βρείτε τα αγαπημένα σας LEGO σετ, στο LEGO Store Greece! Δημιουργήστε τον δικό σας κόσμο ή βρείτε το ιδανικό δώρο για κάθε ηλικία στο lego.storegreece.gr!",CERTIFIED STORES GREECE | LEGO Harry Potter Ministry Munchies & The Daily Prophet Stands | LEGO σετ! | Aνακάλυψε πρώτος αποκλειστικούς κωδικούς & όλα τα νέα LEGO σετ του 2026 ! | Go For More | Φτιάξ΄το & Πάρ' το! | LEGO® Icons The Lord Of The Rings: Grond | LEGO Star Wars The Darksaber | LEGO Vehicles! | LEGO Pokemon Kanto Region Badge Collection | LEGO Icons Stranger Things: WSQK Radio Station | LEGO Διαβατήριο | Exclusives | Κατηγορίες Προϊόντων | Technic | Star Wars | Friends | Ninjago | City | DUPLO® | Δώρα για όλες τις ηλικίες | BEST SELLERS | LEGO® Technic Ferrari SF-24 F1 Car (42207) | LEGO® Ideas Tuxedo Cat (21349),
cmta1jk1x00hgq8iyhbyiv7pp,Storybook,e-Gift Card - storybook,https://www.storybook.gr/gift-card,https://storybook.gr,200,e-Gift Card | storybook,,FREE DELIVERY ON ALL ORDERS > €50 USE COUPON NOCHARGE AT CHECKOUT | storybook eGift Card,200,storybook | The best illustrated children's books,"We are an independent online children's bookshop, dedicated to curating the most captivating storybooks, from bestsellers to rare gems. We regularly introduce new titles to our collection and we keep stock in Greece, so that your favourite books are only a few days away from your doorstep.",FREE DELIVERY ON ALL ORDERS > €50 USE COUPON NOCHARGE AT CHECKOUT | Back-to-school tales | Little People BIG DREAMS | Favourite Characters | Best-selling Authors | Interactive Books | Popular Books Seriers | Fairytales & Classics | Staff Recommendations | Interest Age | Baby & Toddler | Age 5 - 8 | Age 8+,
cmta1jkmg00hiq8iyeoo1j71v,Strata Shop,Δωροκάρτα - strata-shop.gr,https://strata-shop.gr/product/dorokarta-40/,https://strata-shop.gr,200,ΔΩΡΟΚΑΡΤΑ 40 – Strata,,Υποδήματα | Αξεσουάρ | Ρούχα | Κορίτσι | Προσφορές | Αγόρι | Νέες Αφίξεις | Κάλτσες & Καλσόν | ΔΩΡΟΚΑΡΤΑ 40 | ΔΩΡΟΚΑΡΤΑ 60 | ΔΩΡΟΚΑΡΤΑ 50 | Πλοήγηση | Πελάτης | Επικοινωνία | © Κατασκευή eShop Καλαμάτα | Tasios Designs,200,Strata,,Υποδήματα | Αξεσουάρ | Ρούχα | Κορίτσι | Προσφορές | Αγόρι | Νέες Αφίξεις | Κάλτσες & Καλσόν | Νέες αφίξεις - Ρούχα | Βρεφική Φόρμα Cargo – Μπεζ | Βρεφική Φόρμα Cargo – Χακί | Καρό Φούστα-Παντελόνι EMC με Φιόγκο για μικρά κορίτσια | Βρεφική Μπλούζα EMC με Αρκουδάκια για μικρά αγόρια | Μπλούζα σε σκούρα μπλε απόχρωση EMC «Piccolo Ribelle» για μικρά αγόρια | Μπλούζα σε εκρού απόχρωση EMC με Στάμπα για μικρά αγόρια | Μπλούζα EMC με Διακοσμητικό Σχέδιο για μικρά κορίτσια | Μπλούζα σε εκρού απόχρωση EMC με Απλικέ Σκυλάκι για μικρά κορίτσια | Βρεφική Ζακέτα EMC με Απλικέ Αυτοκινητάκι για μικρά αγόρια | Βρεφική Μπλούζα EMC με Απλικέ Σχέδιο για μικρά αγόρια | Νέες αφίξεις - Παπούτσια | GEOX Loftus Pink/Violet Αθλητικά παπούτσια για κορίτσια | GEOLX Iupidoo Lt. Prune Δερμάτινα παπούτσια για τα πρώτα βήματα για μικρά κορίτσια | GEOX Gisli Μαύρα Χαμηλά Μποτάκια με χρυσό αστέρι για κορίτσια | GEOX Gisli Hello Kitty – Χαμηλά μποτάκια για μικρά κορίτσια,
cmta1kcnp00kqq8iy2x1zitpr,Studio83,Studio83 Gift Card,https://www.studio83.gr/product/gift-card/,https://studio83.gr,200,Gift card - Studio83,,Gift card | Related products | Midi Feather Skirt | Ada Sequin Top | Cecelia Shirt Mint | Gianna Mini Dress Black | Moonlight Top Brown | Roxanne Heels Burgundy | Starlight Mini Skirt | 80’s Jean Jumpsuit Shorts Electric,200,HOME - Studio83,REGINA EDIT II SHOP HERE Sales Discover BRIDAL EDIT Discover COME AS YOU ARE COLLECTION Shop TOPS Shop SHOE COLLECTION,,
cmtb6v5ah00423giyi23icb4a,Suenobags,Δωροκάρτα,https://suenobags.gr/product-page/%CE%B4%CF%89%CF%81%CE%BF%CE%BA%CE%AC%CF%81%CF%84%CE%B1/,https://suenobags.gr,200,Δωροκάρτα - Sueno Bags,"Suneno Bags - Τσάντες - Πλατεία Ομονοίας 25 Β, Αγ. Στέφανος, 145 65 Τηλ: 21 1012 1144",Δωροκάρτα | Εγγραφείτε,200,Home Sueno - Sueno Bags,"Στη Sueño Bags θα βρείτε αμέτρητα σχέδια σε τσάντες, πορτοφόλια και αξεσουάρ κατασκευασμένα από 100% γνήσιο ιταλικό δέρμα της καλύτερης ποιότητας για να ξεχωρίσετε όποια και αν είναι η αισθητική σας. Οι πιο μοναδικές τσάντες για τις πιο μοναδικές γυναίκες βρίσκονται μόνο στη Sueño Bags.",Lizzie | Muse Medium | Dora | Chloé | Maia | Vera | Natalie Clutch | Emily Mini | Scarlett Mini | FEATURED PRODUCTS | NEW PRODUCTS | Εγγραφείτε,
cmtb7i5bs001f04iyz8mjtcii,Sunrisemykonos,Gift Cards,https://www.sunrisemykonos.com/gift-cards/,https://sunrisemykonos.com,200,Gift Cards | Myconian Sunrise,Give the gift of luxury with Myconian Sunrise's gift cards. Choose your value and surprise your loved ones with a Mykonos getaway today!,Offer the ultimate Myconian dream | MYCONIAN SUNRISEGIFT CARD | Terms & Conditions,200,Myconian Sunrise | Luxury Beach Hotel in Mykonos,"Experience the elegance of Myconian Sunrise luxury beach hotel in Mykonos. Book now and enjoy modern amenities, top-notch service, and beachfront views!","THE BEST-KEPT SECRET ON MYKONOS | THE ESSENCE OF ISLAND LIVING | AN EXCLUSIVE PARADISE WITH EVERYTHING YOU NEED | EAT LIKE A GREEK | DISCOVER THE BEAUTY OF MYKONOS, WITH UNFORGETTABLE EXPERIENCES IN A PARADISE RICH WITH NATURAL AND CULTURAL TREASURES | A Taste of the Aegean: 5 Dining Journeys by the Myconian Collection. | Kimberly Guilfoyle joins Ioanna Efthimiou for a celebration of art at Myconian Villa Collection. | A Historic Mykonos Residence Becomes KALOGIROU’s New Luxury Destination. | Curating the Ultimate Summer. | The Geometry of Awe. | Mykonos at its Most Memorable | Science, Art and Humanity Converge on Delos. | The Pulse of Life: Reconnecting Human and Planetary Health in Delos. | Bleu Blanc Sold | A Successful Sale Marked by Trust & Collaboration. | Experiences Over Amenities. | THE MYCONIAN COLLECTION MAGAZINE | ELEVATE YOUR EXPERIENCES WITH OUR EXCLUSIVE SERVICES AND AMENITIES | POOL & Beach | WEDDINGS & EVENTS | Preserving Paradise:Our Sustainability Initiatives | OUR FAMILY ORIGINS:HOW DREAMS BECAME REALITY | ENHANCE YOUR WELLBEING",
cmta1jl4p00hkq8iyfg4jho4h,Sunsandclouds,Sunsandclouds Gift Card,https://sunsandclouds.gr/product-category/gift-cards/,https://sunsandclouds.gr,,,,,,,,,fetch failed | fetch failed
cmta1jm6i00hoq8iy9v4u5xg5,T Support,Ηλεκτρονική Δωροκάρτα,https://t-support.gr/egift-card,https://t-support.gr,200,Ηλεκτρονική Δωροκάρτα,,Desktop | Server | Barebones | Workstation | All-in-One | Raspberry Pi | Pc Builder | Desktop Refurbished | Laptop | Tablet | Τηλεπικοινωνία | Αξεσουάρ Laptop | Αξεσουάρ Tablet | Refurbished Laptop | Αναβάθμιση | Αποθήκευση / Controllers | Περιφερειακά | Καλώδια / Αντάπτορες / Αξεσουάρ | Οθόνες | Ήχος | Αποθήκευση | Προστασία & Παροχή Ρεύματος | Gaming | Δικτυακά,200,Υπολογιστές | Laptop | Mac | SSD | CPU | Motherboard | Tech Support - Ηλεκτρονικά Είδη,"Προϊόντα Τεχνολογίας: CPU, Κάρτες Γραφικών, Οθόνες, Πολυμηχανήματα, Εκτυπωτές, Επιτραπέζιοι Υπολογιστές, Laptop και Μητρικές Κάρτες στις καλύτερες τιμές.",Μεταφορά Πανευρωπαϊκά | Τηλεφωνικές Παραγγελίες | Πληρωμές | Δωρεάν Παράδοση | Back to School | Tp-link Hub Offer | Best Sellers | Recent Products | Επίσημοι Συνεργάτες | Χάρτης Ιστοτόπου | Πληροφορίες | Εγγραφή στο NewsLetter,
cmta1jmup00hqq8iy8s59w364,Talosgems,"Δωροκάρτα - Talos Gems - Φυσικά Πετρώματα, Κρύσταλλα ...",https://www.talosgems.gr/product-category/egiftcard-2/,https://talosgems.gr,200,"Δωροκάρτα - Talos Gems - Φυσικά Πετρώματα, Κρύσταλλα, Απολιθώματα & Χειροποίητα Κοσμήματα",,"Δωροκάρτα | Ρούσσου Κουνδούρου 11 & 28ης Οκτωβρίου 10 Άγιος Νικόλαος, Τ.Κ. 72100, Κρήτη, Ελλάδα | +302841025332 | [email protected]",200,"Talos Gems - Φυσικά Πετρώματα, Κρύσταλλα, Απολιθώματα & Χειροποίητα Κοσμήματα","Στο Talos Gems θα αναλύψετε φυσικά πετρώματα, κρύσταλλα, απολιθώματα & χειροποίητα κοσμήματα φτιαγμένα με μεράκι και αγάπη.","Μοναδικά κοσμήματα από φυσικά υλικά. | Δείτε τα καινούρια μας κομμάτια | Ακατέργαστος Αιματίτης – 9,5cm | Πυραμίδα από Καπνώδη Χαλαζία – 3,5cm | Πυραμίδα από Καπνώδη Χαλαζία – 4cm | Πυραμίδα από Αμέθυστο – 4cm | Στήλη Ορθόκερου σε Μαύρο Ασβεστόλιθο – 17,5 cm | Απολίθωμα Ορθόκερου σε Μαύρο Ασβεστόλιθο – 12,5 cm | Απολίθωμα Ορθόκερου σε Μαύρο Ασβεστόλιθο – 11 cm | Χαλαζίας με Χρυσαφένια Εγκλείσματα Ρουτιλίου – 9cm | Χειροποίητα κοσμήματα TALOS | Σκουλαρίκια με Μαύρο Όνυχα, Αιματίτη & Ασήμι 925 | Σκουλαρίκια με Καρνεόλη, Πυρίτη & Επιχρυσωμένο Ασήμι 925 | Σκουλαρίκια με Ρουμπίνι, Αιματίτη & Επιχρυσωμένο Ασήμι 925 | Κολιέ με Ρουμπίνι, Αιματίτη & Επιχρυσωμένο Ασήμι 925 | Κολιέ από Περίδοτο σε Σχήμα Οβάλ & Επιχρυσωμένο Ασήμι 925 | Βραχιόλι από Κόκκινο Κοράλλι & Ασημένια Στοιχεία | Βραχιόλι με Ακατέργαστο Αμαζονίτη, Πυρίτη & Επιχρυσωμένο Ασήμι 925 | Λαμπραδορίτης 12,5cm | Σπάνια Ευρήματα | Πετρώματα | Απολιθώματα | Κοσμήματα | Η φιλοσοφία μας στηρίζεται στη φύση, τη χειροτεχνία και την αυθεντικότητα.",
cmta1jnc700hsq8iy9qxa7npy,Tartarooga,"Giftcard, Δωροκάρτα",https://tartarooga.gr/product/giftcard/,https://tartarooga.gr,200,"Giftcard, Δωροκάρτα | Tartarooga","Giftcard, Δωροκάρτα με Επιλογή Ποσού, 30, 40, 50 ή 80 Ευρώ. Δωρίστε στους αγαπημένους σας τη δυνατότητα να αποκτήσουν τα πιο must have pieces by tartarooga!",Giftcard | sfragida βραχιόλι | myrina κολιέ | nychta κρίκοι | opaline δαχτυλίδια | mauve κολιέ,200,Tartarooga Κοσμήματα Γυναικεία | Χειροποίητα Κοσμήματα,"Αγοράστε εντυπωσιακά χρυσά και ασημένια γυναικεία κοσμήματα, χειροποίητα κοσμήματα, σκουλαρίκια, δαχτυλίδια, κολιέ, βραχιόλια και αξεσουάρ από την Tartarooga.",glykanisos κολιέ | sfragida βραχιόλι | myrina κολιέ | nychta κρίκοι | opaline δαχτυλίδια | mauve κολιέ | margo κολιέ | souvenir κολιέ | apogevma κολιέ,
cmta1job800hwq8iyod3lhrkp,Tempus,Tempus Gift Card,https://tempus.gr/,https://tempus.gr,403,Just a moment...,,,403,Just a moment...,,,HTTP_403 | HTTP_403
cmta1l78z00o6q8iysj0iud1x,Thamon,Gift Card – Thamon,https://www.thamon.gr/gift-card/,https://thamon.gr,200,Gift Card – Thamon,,,200,θamõn Contemporary Restaurant,"Δημιουργική και σύγχρονη κουζίνα βασισμένη στην ηπειρώτικη γαστρονομία. Tοπικά προϊόντα, μαγειρεμένα δημιουργικά με επιρροές της Ηπειρώτικης κουζίνας.",IOANNINA | New Age Bistro Restaurant | Ιδιωτικά Δείπνα | Πραγματοποιήστε Εκδηλώσεις Συναντήσεις Ραντεβού | Το φαγητό και η φιλοσοφία μας | Η φιλοσοφία μας,
cmta1jpat00i0q8iywyn40qck,Thebrands,VIRTUAL GIFT CARD,https://thebrands.gr/product/gift-card/,https://thebrands.gr,200,VIRTUAL GIFT CARD | The Brands | Fashion to love,,Sign inCreate an Account | VIRTUAL GIFT CARD | NEWSLETTER | INSTAGRAM | Shopping cart,200,Luxury fashion brands | The Brands | Fashion to love,"Luxury fashion brands at thebrands.gr. A selection of clothing, accessories & shoes to elevate your style. Vasia Costara, Karl Lagerfeld etc.",Sign inCreate an Account | FASHION TO LOVE | NEW COLLECTION | PINKO | IRA | VASSIA KOSTARA | KURT GEIGER | KARL LAGERFELD | CARRANO | TED BAKER | Karl Lagerlfeld | Philosophy | Vassia Kostara | BRANDS | Ted Baker | Mes Demoiselles Paris | Sabina Musáyev | One Teaspoon | Aniye By | Paloma Barceló | Sotris | Makris Official | SELECTED PRODUCTS | Mini Love Bag laminated handbag with shoulder strap,
cmta1m2xt00rmq8iylafzr3pp,Theknittingclub,Gift Cards,https://theknittingclub.gr/,https://theknittingclub.gr,403,Just a moment...,,,403,Just a moment...,,,HTTP_403 | HTTP_403
cmta1l8s900ocq8iygll1sq7o,Theloftchalkida,Δωροκάρτα,https://theloftchalkida.gr/product/e-gift-card/,https://theloftchalkida.gr,200,Ηλεκτρονική Δωροκάρτα – The Loft Chalkida,,Ηλεκτρονική Δωροκάρτα | Δωροκάρτα,200,The Loft Chalkida – Mairi Sivri,,The loft | Interior Design Items | Mairi Sivri | The Loft Chalkida | Γνωρίστε μας καλύτερα | Τα πιο δημοφιλή της εβδομάδας | Σκαμπό Με Αποθήκευση | Πιατέλα Διπλή Posita | Μήλο Κεραμικό Διακοσμητικό | Αχλάδι Κεραμικό Διακοσμητικό | αγορά ανά κατηγορία | Διακοσμητικά Χώρου | Βάλε την δικιά σου πινελιά | Φωτιστικά | Φώτισε κάθε γωνιά με στυλ | Έπιπλα | Δημιούργησε τον χώρο σου | Είδη Οικιακής Χρήσης | Κάνε την ζωή πιο εύκολη | Τεχνητά Φυτά | Δώσε ζωντάνια στον χώρο σου | Εποχιακά | Ζήσε το κλίμα της εποχής | Προσφορές | Μην χάσεις την ευκαιρία,
cmta1m3dd00roq8iybqsttwll,Themagicbox,Themagicbox Gift Card,https://www.themagicbox.gr/product-category/gift-card/,https://themagicbox.gr,200,Gift Card - www.themagicbox.gr,,Gift Card,200,TheMagicBox.gr - Όλα είναι στο μαγικό κουτί,www.themagicbox.gr - Όλα είναι στο μαγικό κουτί,Trending Now | ΕΝΔΙΑΦΕΡΟΝΤΑ ΘΕΜΑΤΑ | TheMagicBox Insta Posts | themagicbox.gr,
cmta1jq9i00i4q8iybfdyv8r1,Theocreations,Δωροκάρτα,https://theocreations.gr/dorokarta/,https://theocreations.gr,200,Δωροκάρτα – Theo Creations – Κοσμήματα Θεοδώρου,Χαρίστε στα αγαπημένα σας πρόσωπα μια ή και παραπάνω δωροκάρτες και δώστε τους την επιλογή να επιλέξουν αυτό που τους αρέσει!,Δωροκάρτα | Γενέθλια ? Γιορτές ? Επέτειος ? Ή απλά…Shopping !!!,200,Theo Creations – Κοσμήματα Θεοδώρου,Από το 1975 συμβάλλουμε στην τέχνη του ελληνικού κοσμήματος προωθώντας τη φιλοσοφία μας ότι το κόσμημα μπορεί να είναι προσιτό σε όλους.,ΚΟΣΜΗΜΑΤΑ ΘΕΟΔΩΡΟΥ | ΧΕΙΡΟΠΟΙΗΤΟ ΚΟΣΜΗΜΑ,
cmta1f888001jq8iyip6oud9c,Theodorou.Shop,e-Δωροκάρτα | 300,https://theodorou.shop/edorokarta,https://theodorou.shop,200,e-Δωροκάρτα | Θεοδώρου,"Ψάχνετε για δώρο και προβληματίζεστε;Αγοράστε μια δωροκάρτα από τα Δερμάτινα Θεοδώρου, που σας δίνουν την δυνατότητα να κάνετε το πιο ωραίο (και εύκολο) δώρο.Θα αποσταλεί μέσω ηλεκτρονικού ταχυδρομίου ή SMS στους αγαπημένους σας, εύκολα, γρήγορα και χωρίς καμία καθυστέρηση σε λίγα μόλις λεπτά.Γιορτάστε μαζί τους μια από τις πιο ευτυχισμένες σας στιγμές, με μια δωροκαρτα από τα Δερμάτινα Θεοδώρου.",e-Δωροκάρτα | Κατηγορίες | Τιμή | e-Δωροκάρτα | 300€ | e-Δωροκάρτα | 200€ | e-Δωροκάρτα | 150€ | e-Δωροκάρτα | 100€ | e-Δωροκάρτα | 90€ | e-Δωροκάρτα | 70€ | e-Δωροκάρτα | 50€ | e-Δωροκάρτα | 40€ | e-Δωροκάρτα | 30€ | e-Δωροκάρτα | 25€ | Επικοινωνήστε μαζί μας | ΑΣΦΑΛΕΙΣ ΠΛΗΡΩΜΕΣ | Αναζήτηση Αποστολής | ΜΕΙΝΕΤΕ ΣΥΝΔΕΔΕΜΕΝΟΙ | ΠΑΡΑΓΓΕΛΙΕΣ& ΣΑΒΒΑΤΟΚΥΡΙΑΚΟ,200,Δερμάτινα Θεοδώρου - Γυναικεία & Ανδρικά Δερμάτινα Μπουφάν,"Διαθέτουμε δερμάτινα μπουφάν από γνήσιο δέρμα γυναικεία και ανδρικά, με 10 χρόνια εγγύηση σε τιμές χονδρικής.",ΔΕΡΜΑΤΙΝΑ ΜΠΟΥΦΑΝ | ΔΕΡΜΑΤΙΝΕΣ ΤΣΑΝΤΕΣ | ΔΕΡΜΑΤΙΝΑ ΠΟΡΤΟΦΟΛΙΑ | ΓΟΥΝΕΣ | ΔΕΡΜΑΤΙΝΑ ΘΕΟΔΩΡΟΥ | ΓΥΝΑΙΚΕΙΑ & ΑΝΔΡΙΚΑ ΔΕΡΜΑΤΙΝΑ | ΓΝΗΣΙΟ ΔΕΡΜΑ ΣΕ ΤΙΜΕΣ ΧΟΝΔΡΙΚΗΣ | ΠΛΗΡΩΜΗ ΜΕ ΑΝΤΙΚΑΤΑΒΟΛΗ ΔΕΝ ΧΡΕΙΑΖΕΤΑΙ ΠΙΣΤΩΤΙΚΗ ΚΑΡΤΑ | ΔΩΡΕΑΝ ΜΕΤΑΦΟΡΙΚΑ | ΑΣΦΑΛΕΙΣ ΠΛΗΡΩΜΕΣ ΜΕ ΟΛΕΣ ΤΙΣ ΔΗΜΟΦΙΛΕΙΣ ΚΑΡΤΕΣ | ΕΓΓΥΗΜΕΝΗ ΕΠΙΣΤΡΟΦΗ ΧΡΗΜΑΤΩΝ | AFTER SALES SERVICES | ΤΙ ΛΕΝΕ ΟΙ ΠΕΛΑΤΕΣ ΜΑΣ | Επικοινωνήστε μαζί μας | ΑΣΦΑΛΕΙΣ ΠΛΗΡΩΜΕΣ | Αναζήτηση Αποστολής | ΜΕΙΝΕΤΕ ΣΥΝΔΕΔΕΜΕΝΟΙ | ΠΑΡΑΓΓΕΛΙΕΣ& ΣΑΒΒΑΤΟΚΥΡΙΑΚΟ,
cmta1lci000osq8iyoc41j59a,Thewonderroom,GIFT CARDS Archives,https://www.thewonderroom.gr/product-category/gift-finder/gift-cards/,https://thewonderroom.gr,200,GIFT CARDS Archives - The Wonder Room,,GIFT CARDS | The Wonder Gift Card 100 Euro | The Wonder Gift Card 50 Euro | The Wonder Gift Card 200 Euro,200,The Wonder Room - The Wonder Room,,"Οι Μικροί Θησαυροί Του Σατόσι | Magna-Tiles Tree Top Adventure 42 Piece Set | Kittery Pak’R VintageBlocRus | 12-Month Weekly Photo Diary Medium 2027 – Kitty Bubble Tea | Classic School Set Labels – Sticker Club Collection | Djeco Cyanotype Ultramarine | Kiddoz Fresh Start Pins | My Backpack – Daisy Lilac | Kiddoz Good Vibes Pins | Resist’R Case M, Metal Silver",
cmtb77lnk003idkiykm5i5vto,Theλamdaproject,Theλamdaproject Gift Card,https://thelproject.gr/courses/gift-voucher/,https://thelproject.gr,200,Gift Voucher - Theλamdaproject - Language School,Looking for a thoughtful gift for a friend or loved one who wants to start learning Greek? Our Gift Voucher is a great way to offer them the chance to explore the language at their own pace.,Gift Voucher | Inactive | Contacts,200,Learn Greek in Athens | Greek Intensive Courses – Thelproject,Learn Greek in Athens through intensive courses. Explore local activities and cultural excursions at Thelproject in the heart of Greece.,Learn Greek in Athens | Why the Lamda Project? | Inactive | Contacts,
cmtb78f6y007mdkiyuykz63vg,Thiamia,Thiamia Gift Card,https://thiamia.gr/en/product-category/shop/giftcard/,https://thiamia.gr,200,Gift Card – thiamia.gr,,Gift Card | Giftcard | Categories | Size | Material | Color | Price,200,thiamia.gr – Όλα τα απαραίτητα για το μωρό σας,,seasonsale | ΥΠΝΟΣ & ΦΡΟΝΤΙΔΑ | ΣΕΤ ΔΩΡΟΥ | Βρεφικό φορμάκι αμάνικο – Blueberry | Βρεφικά κορμάκια σετ 2τμχ – μονόχρωμο & αυτοκίνητα | Βρεφικά κορμάκια σετ 2τμχ – μονόχρωμο & λιονταράκι | Σετ νεογέννητου 3τμχ σε πουγκί – Rainbow Γκρι | Υπνόσακος μωρού από οργανικό βαμβάκι – Λιλά | Υπνόσακος μωρού από οργανικό βαμβάκι – Μέντα | Βρεφικός υπνόσακος φάκελος με μουσελίνα – Σκαντζόχοιρος Μέντα | Σετ σεντόνια κούνιας 3τμχ – Καμηλοπάρδαλη,
cmta5nyde002454iyc6vaizw0,Thomann,Thomann Gift Card,https://www.thomann.gr/gift_voucher.html,https://thomann.de,200,Buy Gift voucher at Thomann – Thomann Elláda,Buy Gift voucher + accessories online from Europe's largest music retailer ✔ Fast shipping ✔ 30 days money-back ✔ 3-year Thomann warranty,Gift voucher | Do you like what you're seeing? | Thomann Newsletter | Shop and pay safely | Your benefits | Service,200,Buy musical instruments online from the market leader – Thomann Elláda,Buy your new musical instrument and accessories online from Europe's largest music retailer. Top quality and variety at Thomann.,Welcome to Thomann | Our Categories | Product Highlights | Top Brands | Offers | In Your Own Words | Thomann News | Do you like what you're seeing? | Thomann Newsletter | Shop and pay safely | Your benefits | Service,
cmtb77yht005ddkiykt4vsu49,Times Store,Times Store Gift Card,https://www.timesstore.gr/timesstore-gift-card,https://timesstore.gr,200,Purchase a digital gift card,,Purchase a digital gift card,200,Times Premium Store,"Times Premium Store. Since 1998 TIMES has introduced new, upcoming and renowned designers that lead the trends. Times concept store is located in Ioannina.",,
cmta1frh2003dq8iyqvrgxoji,Tinycocoon,Δωροκάρτα,https://tinycocoon.gr/,https://tinycocoon.gr,200,Tiny Cocoon,Tiny Cocoon,Tiny Cocoon | Αγορά ανά Εταιρεία | Προτεινόμενα προϊόντα | Ακολούθησε μας στο Instagram | Είμαστε και στο TikTok | Latest News | Πλήρωσε με,200,Tiny Cocoon,Tiny Cocoon,Tiny Cocoon | Αγορά ανά Εταιρεία | Προτεινόμενα προϊόντα | Ακολούθησε μας στο Instagram | Είμαστε και στο TikTok | Latest News | Πλήρωσε με,
cmta1nwjv00yoq8iyc4zi26q7,Tirato,Gift Card TIRA TO,https://tirato.gr/products/gift-card-tira-to,https://tirato.gr,200,Gift Card TIRA TO – Tira to,"If you find it hard to decide, leave it to them ♡",Get 10% OFF your first order | Country/region | Language | Item added to your cart | Gift Card TIRA TO | Materials | Dimensions | Care information | Legal terms | Quick links | Subscribe to our emails,200,"Handmade jewelry. Reusable metals-materials, Silver 925 and Olive Wood – Tira to","Handmade jewelry with eco-friendly attitude. Jewelry made of Reusable Metals and Materials, Silver 925, Olive Wood and Bronze/Brass. Unique pieces and lovely designs.",Get 10% OFF your first order | Country/region | Language | Item added to your cart | TIRA TO | Reusable Love | Another Planet | Eros | Hesperides’ Garden | Ahos | Collections | Custom Made Orders | The Olive Wood / ἡ ἐλαίᾱ | Candy | Hoops | Clotho | Information | “ΤΗΡΑ ΤΟ” | Meet the maker | Reuse & Environmental values | The manufacture of jewellry | Interviews about Tira to | Legal terms | Quick links,
cmta1jr9v00i8q8iye2zkol72,Toalfavitarisou,e-Gift Card,https://toalfavitarisou.gr/e-gift-card/,https://toalfavitarisou.gr,200,e-Gift Card - Το Αλφαβητάρι σου,"Επειδή πολλές φορές είναι δύσκολο να αποφασίσετε τι δώρο θα κάνετε στα αγαπημένα σας πρόσωπα, αφήστε τους να το αποφασίσουν οι ίδιοι.",e-Gift Card€ | e-Gift Card | Τρόποι Αποστολής,200,"Το Αλφαβητάρι σου - Σχολικά Είδη, Βιβλία, Παιχνίδια","Το Αλφαβητάρι σου, προσφέρει μια τεράστια γκάμα από σχολικά είδη όπως τσάντες, κασετίνες και πολλά ακόμη για τη νέα σχολική χρονιά!",POLO ΤΣΑΝΤΑ ΠΛΑΤΗΣ PRIMARY GIRLY SHOES | ΤΣΑΝΤΑ ΠΛΑΤΗΣ MUST PADDINGTON SHINE | ΤΣΑΝΤΑ ΠΛΑΤΗΣ MUST DISNEY PRINCESS SNOW WHITE SWEET AND GENTLE | POLO ΤΣΑΝΤΑ ΠΛΑΤΗΣ YOUTH | ΤΣΑΝΤΑ TROLLEY MUST JOURNEY INTO SPACE | ΤΣΑΝΤΑ ΠΛΑΤΗΣ MUST CORDUROY CUTE GIRL | POLO ΤΣΑΝΤΑ ΠΛΑΤΗΣ CHARACTER | POLO ΤΣΑΝΤΑ ΠΛΑΤΗΣ ABYSS | ΠΑΓΟΥΡΙ ΠΛΑΣΤΙΚΟ ΜΕ ΚΑΛΑΜΑΚΙ MUST | ΠΑΓΟΥΡΙ ΑΛΟΥΜΙΝΙΟΥ ΜΕ ΚΑΛΑΜΑΚΙ MUST | ΠΑΓΟΥΡΙ ΑΝΟΞΕΙΔΩΤΟ MUST MONOCHROME | ΠΑΓΟΥΡΙ ΑΛΟΥΜΙΝΙΟΥ MUST | ΠΑΓΟΥΡΙ ΑΝΟΞΕΙΔΩΤΟ MUST | ΠΑΓΟΥΡΙ ΑΝΟΞΕΙΔΩΤΟ DISNEY | ΚΑΣΕΤΙΝΕΣ | ΤΣΑΝΤΕΣ ΦΑΓΗΤΟΥ,
cmtb6v6cq00483giyyk07at2d,Toaromatiseftixias,Δωροκάρτα,https://toaromatiseftixias.gr/%CE%B4%CF%89%CF%81%CE%BF%CE%BA%CE%AC%CF%81%CF%84%CE%B1,https://toaromatiseftixias.gr,200,Αγοράστε μία Δωροκάρτα | Το Άρωμα της Ευτυχίας σου δίνει την δυνατότητα να κάνεις ένα δώρο που θα αρέσει σε όλους.,"Αγοράστε μία Δωροκάρτα αξίας από 10€ έως 150€ | Το Άρωμα της Ευτυχίας σου δίνει την δυνατότητα να κάνεις ένα δώρο που θα αρέσει σε όλους εύκολα, άμεσα και με ασφάλεια. Η σίγουρη επιλογή δώρου για τα αγαπημένα σας πρόσωπα.",ΚΟΡΥΦΑΙΑ ΠΡΟΪΟΝΤΑ | Δωροκάρτα | Διαθέσιμες Επιλογές | 1. Αποστολή με courier | 2. Πρακτορείο Μεταφορών της επιλογής σας | 3. Παραλαβή από το κατάστημα | Επιστροφές Προϊόντων | Εγγραφή στο Newsletter | Επικοινωνία | Λογαριασμός | Πληροφορίες | Our Social Media,200,"Το Άρωμα της Ευτυχίας | Αρώματα τύπου, Καλλυντικά, Προϊόντα Ομορφιάς & Περιποίησης","Το Άρωμα της Ευτυχίας | Βρες αρώματα τύπου, καλλυντικά, προϊόντα ομορφιάς & καθημερινής φροντίδας από αγαπημένα brands στο eshop toaromatiseftixias.gr. Μεγάλη ποικιλία, ασυναγώνιστες τιμές & άμεση αποστολή σε όλη την Ελλάδα!",ΚΟΡΥΦΑΙΑ ΠΡΟΪΟΝΤΑ | Το Άρωμα της Ευτυχίας | Το πληρέστερο eshop σε μοναδικά αρώματα τύπου για τη γυναίκα και τον άνδρα | ΑΡΩΜΑΤΑ ΤΥΠΟΥ | SHOP BY CATEGORY | NEW ARRIVALS | BEST SELLERS | Γνωρίστε μας | Εγγραφή στο Newsletter | Επικοινωνία | Λογαριασμός | Πληροφορίες | Our Social Media,
cmtb77mdy003mdkiy52m5hkpz,Tokopeli,Δωροκάρτα,https://www.tokopeli.gr/voucher,https://tokopeli.gr,200,Δωροκάρτα,Το καλύτερο δώρο για τους αγαπημένους σου!,Δωροκάρτα | Διαθέσιμες Επιλογές | Το καλύτερο δώρο για τους αγαπημένους σου! | ΒΟΗΘΕΙΑ | ΕΤΑΙΡΕΙΑ | ΔΩΡΟΚΑΡΤΑ | SHOP | NEWSLETTER,200,Παιδικά παιχνίδια - Online κατάστημα παιχνιδιών - tokopeli.gr,"Εδώ θα βρεις ιδιαίτερα παιδικά παιχνίδια, που εμπνέουν τη δημιουργικότητα και τη φαντασία κάθε παιδιού!",Παιδικά παιχνίδια tokopeli.gr | ΣΑΣ ΠΡΟΤΕΙΝΟΥΜΕ | ΒΟΗΘΕΙΑ | ΕΤΑΙΡΕΙΑ | ΔΩΡΟΚΑΡΤΑ | SHOP | NEWSLETTER,
cmta1jsa400icq8iy7rh4l4sw,Toolman,Ηλεκτρονική Δωροκάρτα Toolman,https://www.toolman.gr/gift-card-gfcd/dorokarta/,https://toolman.gr,200,Δωροκάρτα - Τoolman,,Δωροκάρτα | SHARE THIS! | ΚΑΛΑΘΙ ΑΓΟΡΩΝ,200,ToolMan - Ελάτε να Mαστορέψουμε Mαζί!,"Στο toolman.gr θα βρείτε μεγάλη ποικιλία προϊόντων σε χρώματα, δομικά υλικά, υδραυλικά, ηλεκτρολογικά, εργαλεία, καθώς και είδη για το σπίτι και τον κήπο!","Toolman, μαστορεύουμε μαζί! | Black Friday Offers | Εμπνευστείτε από το Toolman | Best Sellers από το Toolman | GRASHER Διαχωριστικό δίχτυ μπαλκονιού γκρι με κρίκους 160gr/m² | GRASHER Διαχωριστικό δίχτυ μπαλκονιού λευκό με κρίκους 160gr/m² | Ferro Zumba Εύκαμπτο Ρουξούνι Σιλικόνης Μπαταρίας Νεροχύτου W100 | Kapriol Tekno Compact Ωτοασπίδες 31252 | Idro Easy Magic Soft Large Σετ Επεκτεινόμενο Λάστιχο Ποτίσματος 15m | Wurth Worker Pro Παντελόνι Εργασίας 9501006 | Wurth Norvegia Μακρυμάνικο Ζακέτα Εργασίας Fleece | Wurth Artemis O2 Μποτάκι εργασίας | Συνεργασίες με το Τoolman | ΚΑΛΑΘΙ ΑΓΟΡΩΝ",
cmtb77mrq003odkiy1tu5wv2w,Toolsmania,Αγοράστε μία Δωροεπιταγή,https://www.toolsmania.gr/index.php?route=account%2Fvoucher,https://toolsmania.gr,200,Αγοράστε μία Δωροεπιταγή,Το ToolsMania.gr είναι το ηλεκτρονικό κατάστημα πώλησης σύγχρονων και ποιοτικών εργαλείων. Εργαλεία χειρός σε ανταγωνιστικές τιμές!,Αγοράστε μία Δωροεπιταγή | Πληροφορίες | Ωράριο παραλαβών - επικοινωνίας | Επικοινωνία | Χρήσιμοι Σύνδεσμοι | Newsletter,200,Toolsmania.gr,Το ToolsMania.gr είναι το ηλεκτρονικό κατάστημα πώλησης σύγχρονων και ποιοτικών εργαλείων. Εργαλεία χειρός σε ανταγωνιστικές τιμές!,Toolsmania.gr | ΔΗΜΟΦΙΛΗ | NEW IN | ΜΕΓΑΛΟ ΑΠΟΘΕΜΑ | ΑΜΕΣΗ ΠΑΡΑΔΟΣΗ | ΓΙΑΤΙ ΝΑ ΜΑΣ ΕΠΙΛΕΞΕΤΕ | ΤΙ ΛΕΤΕ ΓΙΑ ΕΜΑΣ | Πληροφορίες | Ωράριο παραλαβών - επικοινωνίας | Επικοινωνία | Χρήσιμοι Σύνδεσμοι | Newsletter,
cmta1f6xk001dq8iy0rtydwan,Top-Style,Δωροκάρτα,https://top-style.gr/proion/dorokarta/,https://top-style.gr,200,Δωροκάρτα - Top Style,"Δωροκάρτα για να κάνετε δώρο στου αγαπημένους σας. Μόλις ολοκληρωθεί η πληρωμή,σας στέλνουμε με email τον κωδικό με το ποσό έκπτωσης",Δωροκάρτα | Σχετικά προϊόντα | Τσιμπιδάκι φρυδιών inox λοξή άκρη | Σφουγγαράκια πούδρας πον πον σετ 4 τμχ | Σετ 2 τμχ Τσιμπιδάκι φρυδιών inox λοξή και ίσια άκρη | Razor ξυράφι προσώπου για καθαρισμό και λείανση | 01 – TLM Concealer και Bronzer Double Στικ | 02 – TLM Concealer και Bronzer Double Στικ | Ματ Ανεξίτηλο Nude lipgloss χειλιών extreme effect- 02 | Ματ Ανεξίτηλο Nude lipgloss χειλιών extreme effect- 03 | Είπαν για εμάς... | ΚΕΡΔΙΣΤΕ 5% ΕΚΠΤΩΣΗ ΣΤΗΝ 1Η ΑΓΟΡΑ ΣΥΜΠΛΗΡΩΣΤΕ ΤΟ EMAIL ΣΑΣ ΚΑΙ ΛΑΒΕΤΕ ΤΟ ΚΟΥΠΟΝΙ! | παραγγελιεσ | ΚΑΤΗΓΟΡΙΕΣ | τα στοιχεια μου | FASHION TUTORIAS | αναζητηση παραγγελιασ | ΑΣΦΑΛΕΙΣ ΠΛΗΡΩΜΕΣ,200,Top Style | Προϊόντα-Αξεσουάρ Ομορφιάς & Περιποίησης,Αξεσουάρ Μαλλιών - Αξεσουάρ Νύφης - Ισιωτικές/Μασιές Μαλλιών - Προϊόντα Μακιγιάζ - Ενυδάτωση/Καθαρισμός Προσώπου - Περιποίηση Νυχιών - Polish Gel/Uv Gel/,NEW IN | Γυναικείο Topper Τουπέ κορυφής μαλλιών από φυσική τρίχα 4 κλιπ 10cm x12cm – Ξανθό Μπεζ Πέρλα #RT17/17/1001 46 cm | Γυναικείο Topper Τουπέ κορυφής μαλλιών από φυσική τρίχα 4 κλιπ 10cm x12cm – Ξανθό Ανοιχτό Σαντρέ #1001 46 cm | Γυναικείο Topper Τουπέ κορυφής μαλλιών από φυσική τρίχα 4 κλιπ 10cm x12cm – Καστανό σκούρο με ανταύγειες #2c/2c/8a 46 cm | Γυναικείο Υφασμάτινο Μαλακό Τουρμπάνι μαλλιών Grey Flowers long (γκρι) | Γυναικείο Υφασμάτινο Μαλακό Τουρμπάνι μαλλιών White and black Flowers long (μαύρο) | Γυναικείο Μαλακό Τουρμπάνι μαλλιών braid – Grey flowers (Γκρι) | Γυναικείο Μαλακό Τουρμπάνι μαλλιών braid – Black red flowers (Μαύρο) | Γυναικείο Μαλακό Τουρμπάνι μαλλιών braid – Dark red flowers (Μπορντό) | Γυναικείο Topper Τουπέ κορυφής μαλλιών από φυσική τρίχα – Καστανό σκούρο σπαστό μπούκλα 12 inches | Ποστίς Αλογοουρά curly Ponytail συνθετική τρίχα υψηλής ποιότητας με κλάμερ – Καστανό/ Μαύρο #4/4 χρώμα 30 cm | Γυναικείο Topper Τουπέ κορυφής μαλλιών από φυσική τρίχα διάφανη βάση – Καστανό χρώμα 30cm | Γυναικείο Topper Τουπέ κορυφής μαλλιών από φυσική τρίχα – Καστανό σαντρέ με ανταύγειες χρώμα #T8a/8a/1001 35cm | ΠΡΟΣΦΟΡΕΣ | Τρέσα με 5 κλιπ U shape για έξτρα όγκο συνθετικής τρίχας υψηλής ποιότητας – Κόκκινο Burgundy 22 inches | Τρέσα με 4 κλιπ και λάστιχο για έξτρα όγκο συνθετικής τρίχας υψηλής ποιότητας – Ombre Ξανθό 16 Inches | Τρέσα με 5 κλιπ U shape για έξτρα όγκο συνθετικής τρίχας υψηλής ποιότητας – Ombre Ξανθό 24 Inches | Τρέσα με 4 κλιπ και λάστιχο για έξτρα όγκο συνθετικής τρίχας υψηλής ποιότητας – Ξανθό ανοιχτό Blonde 20 Inches | Τρέσα με 4 κλιπ και λάστιχο για έξτρα όγκο συνθετικής τρίχας υψηλής ποιότητας – Ξανθό Blonde 20 Inches | Τρέσα με 4 κλιπ και λάστιχο για έξτρα όγκο συνθετικής τρίχας υψηλής ποιότητας – Καστανό Brown 20 Inches | Τρέσα με 4 κλιπ και λάστιχο για έξτρα όγκο συνθετικής τρίχας υψηλής ποιότητας – Καστανό σκούρο Brown 20 Inches | Τρέσα 7 τεμαχίων με κλιπ για έξτρα όγκο συνθετικής τρίχας Kanekalon – Καστανό με μελί ανταύγειες SP10/K16/613 60 cm | Τρέσα με 4 κλιπ για έξτρα όγκο συνθετικής τρίχας Kanekalon Ίσια – Ξανθό ανοιχτό χρώμα #613 60cm | Τρέσα 7 τεμαχίων με κλιπ για έξτρα όγκο συνθετικής τρίχας Kanekalon – Ξανθό ανοιχτό SP613/K16 60 cm,
cmta1nx0b00yqq8iyfkhg9twh,Trailofmind,Gift Voucher,https://trailofmind.gr/gift-voucher/,https://trailofmind.gr,,,,,200,"Αναρρίχηση, Πεζοπορίες, Canyoning & Outdoor Adventures - Trail of Mind",Ανακαλύψτε μοναδικές outdoor δραστηριότητες! Εμπειρίες στη φύση που σας φέρνουν πιο κοντά στην περιπέτεια και την απόδραση!,"Ανακαλύψτε τις πιο συναρπαστικές outdoor εμπειρίες. | Δραστηριότητες | Πεζοπορία - Ορειβασία | Αναρρίχηση | Καταρρίχηση | Εναλλακτικές Δραστηριότητες | Είμαστε άνθρωποι της φύσης, όπως κι εσείς.. | Ό,τι Χρειάζεται να Γνωρίζετε | Επερχόμενες Δραστηριότητες | Κυριακή 6 Σεπτεμβρίου – Αναρρίχηση Βράχου – Αχαρνές | Κυριακή 13 Σεπτέμβρη – Καταρρίχηση στο Φαράγγι της Καλλιθέας | Κυριακή 20 Σεπτεμβρίου- Αναρρίχηση Βράχου – Πεντέλη | Κυριακή 27 Σεπτεμβρίου- Καταρρίχηση στο Φαράγγι των Μύλων & Θάλασσα, Αλεποχώρι | Πακέτο Αναρρίχησης – Ultimate Climbing Experience / 350€ | Πακέτο Αναρρίχησης – 4 Εξορμήσεις / 100€ | Πακέτο Αναρρίχησης – 7 Εξορμήσεις / 180€ | Χρήσιμα Άρθρα | Οι μύθοι της αναρρίχησης βράχου στην Ελλάδα | Πώς να Οργανώσεις μια Περιπέτεια Camping | Χαρίστε Μοναδικές Εμπειρίες | Newsletter | Χάραξε το μονοπάτι της σκέψης σου.",This operation was aborted
cmta1m4el00rsq8iyyb9weurb,Traisto,Traisto Gift Card | Handmade Textiles & Slow Crafted Goods,https://www.traisto.gr/products/gift-cards,https://traisto.gr,200,Traisto Gift Card | Handmade Textiles & Slow Crafted Goods,"Digital Traisto Gift Card. Valid on all handmade, naturally dyed textiles, silk accessories, candles and slow-crafted items. Available in €25, €50, €100, €120, €200 and €300.",Country/region | Item added to your cart | Traisto Gift Card | Please adjust the following: | Join our little corner of slow-made things and stories.,200,Traisto | Slow living. Slow crafting.,"Naturally dyed silk scarves and accessories, handwoven jewelry and wall hangings, beeswax candles and photography. Workshops on natural dyes, weaving and candle making. Handmade with care in our slow craft studio in Nafplio, Greece.",Country/region | Item added to your cart | HANDMADE THINGS & STORIES | Slow living. Slow crafting. | Silk Scarves | Cotton & Linen Scarves | Silk Eye Pillows | Beeswax Candles | Silk Scrunchies | Handwoven Jewelry | Bags & Totes | Cushions & Pillowcases | Beanies | Aprons & Linens | Kids | Postcards | Gift Cards | Join our little corner of slow-made things and stories.,
cmta1nxhd00ysq8iy4egocjgs,Treasurebox,Gift Card - Treasure Box,https://www.treasurebox.gr/products/gift-card,https://treasurebox.gr,200,Gift Card Treasure Box,"Θέλετε να χαρίσετε έναν από τους μικρούς μας θησαυρούς στους αγαπημένους σας, αλλά δε μπορείτε να επιλέξετε; Έχετε τη δυνατότητα να τους προσφέρετε μια Gift Card στο ποσό που εσείς θα ορίσετε! Η δωροκάρτα έχει ισχύ για 12 μήνες και εξαργυρώνεται online ή στο workshop μας.",Gift Card Gift Card | ΣΧΕΤΙΚΑ ΠΡΟΪΟΝΤΑ | Related Products | ΕΙΔΑΤΕ ΠΡΟΣΦΑΤΑ Recently Viewed Products | ΕΠΙΚΟΙΝΩΝΙΑ CONTACT | ΧΡΗΣΙΜΕΣ ΠΛΗΡΟΦΟΡΙΕΣ USEFUL INFORMATION | ΟΡΟΙ ΣΥΝΑΛΛΑΓΩΝ INFORMATION | Newsletter Newsletter | ΜΕΙΝΕΤΕ ΣΕ ΕΠΑΦΗ STAY IN TOUCH,200,Χειροποίητα κοσμήματα που έχουν να πούν μια μικρή ιστορία Treasure Box,Κάθε κόσμημα έχει να πεί μια μικρή ιστορία. Χειροποίητα κοσμήματα Κολιέ Βραχιόλια Δαχτυλίδια Σκουλαρίκια από Ασήμι και Χρυσό - Handmade Jewellery Necklaces Bracelets Rings Earings Silver and Gold,ΕΠΙΚΟΙΝΩΝΙΑ CONTACT | ΧΡΗΣΙΜΕΣ ΠΛΗΡΟΦΟΡΙΕΣ USEFUL INFORMATION | ΟΡΟΙ ΣΥΝΑΛΛΑΓΩΝ INFORMATION | Newsletter Newsletter | ΜΕΙΝΕΤΕ ΣΕ ΕΠΑΦΗ STAY IN TOUCH,
cmtb77ni3003sdkiyl9m6uyo5,Tresjoli,Αγοράστε μία Δωροεπιταγή,https://www.tresjoli.gr/index.php/?route=account/voucher,https://tresjoli.gr,200,Αγοράστε μία Δωροεπιταγή,Παιδικά ρούχα και βρεφικά είδη για το παιδάκι σας από το μεγαλύτερο πολυκατάστημα της Ηπείρου. Ανακαλύψτε την τεράστια συλλογή μας από παιδικά & βρεφικά είδη!...,Αγοράστε μία Δωροεπιταγή | Κάντε εγγραφή στο Newsletter για να μάθετε τα νέα μας | Σχετικά με εμάς | Κατάστημα | Υπηρεσίες,200,Tres Joli | Παιδικά Ρούχα και Βρεφικά Είδη | Ιωάννινα,Παιδικά ρούχα και βρεφικά είδη για το παιδάκι σας από το μεγαλύτερο πολυκατάστημα της Ηπείρου. Ανακαλύψτε την τεράστια συλλογή μας από παιδικά & βρεφικά είδη!,ΔΩΡΕΑΝ ΑΠΟΣΤΟΛΗ | για αγορές άνω των 15€ | ΔΩΡΕΑΝ ΑΝΤΙΚΑΤΑΒΟΛΗ | ΑΜΕΣΗ ΠΑΡΑΔΟΣΗ | για περιοχές εντός Ελλάδος | ΕKΠΤΩΤΙΚΑ ΚΟΥΠΟΝΙΑ | σε επιλεγμένα είδη | Φαγητό | Θηλασμός | Βρεφανάπτυξη | Ένδυση | Βόλτα | Παιχνίδι | Βρεφικό Δωμάτιο | Ασφάλεια Μωρού | Λευκά Είδη | Απόκτησε μια Gift Card | Κάντε εγγραφή στο Newsletter για να μάθετε τα νέα μας | Σχετικά με εμάς | Κατάστημα | Υπηρεσίες,
cmtb77nwo003udkiy9wf8eyjq,Trimis,Αγοράστε μία Δωροεπιταγή,https://www.trimis.com.gr/account/voucher,https://trimis.com.gr,200,Αγοράστε μία Δωροεπιταγή,trimis,Αγοράστε μία Δωροεπιταγή | Trimis Music | Follow us: | ΠΛΗΡΟΦΟΡΙΕΣ | Ο Λογαριασμός μου | ΕΣΠΑ,200,Μουσικα οργανα | Trimis,"Ο Μουσικός Οίκος ""Τρίμη"" δραστηριοποιείται στο χώρο της μουσικής,συμμετέχει στα μουσικά δρώμενα της χώρας και σκοπός της είναι η άμεση εξυπηρέτηση των πελατών",Trimis | BE INSPIRED | Blog | Lookbook | Trimis Music | Follow us: | ΠΛΗΡΟΦΟΡΙΕΣ | Ο Λογαριασμός μου | ΕΣΠΑ,
cmta1gyhu007kq8iyogz7y232,Trouvaille,Ψηφιακή Δωροκάρτα - Gift Card,https://trouvaille.gr/gift-cards/,https://trouvaille.gr,200,Blog | Trouvaille Jewelry,,Hey Moon Girl | Want 10% off your first order?,200,Trouvaille Jewelry | trouvaille.gr,"Step into a world where elegance meets edge, where timeless beauty intertwines with modern flair. Our new collection is a tale of sophistication & style, designed to adorn you in moments of magic & grace.","""ANATOLI"" | Shop Now | THE LATEST | Trouvaille | (n.) SOMETHING LOVELY DISCOVERED BY CHANCE. | Instagram | FIND US HERE | trouvaille_jewerly | Hey Moon Girl | Want 10% off your first order? | Log In | Create An Account | Reset Password",
cmta1ke9500kwq8iyhmopp6q4,Tsakalino,Gift Card Tsakalino,https://tsakalino.gr/products/gift-card-tsakalino,https://tsakalino.gr,200,Gift Card Tsakalino,"Το Tsakalino.gr προσφέρει ποιοτικά παιδικά και βρεφικά ρούχα, παπούτσια και αξεσουάρ για αγόρια και κορίτσια στην Ελλάδα. Βρείτε μοντέρνα σχέδια, άνετες εφαρμογές και προϊόντα για κάθε περίσταση. Γρήγορη αποστολή και ανταγωνιστικές τιμές για τα αγαπημένα είδη των παιδιών σας.",Προστέθηκε: | Σφάλμα Καλαθιού | Το καλάθι σου | Αναζήτηση | Gift Card Tsakalino | Τρόποι Αποστολής | 1. Γενικές Πληροφορίες | 2. Διαθέσιμοι Τρόποι Αποστολής | 3. Έξοδα Αποστολής | 4. Χρόνος Παράδοσης | 5. Παρακολούθηση Αποστολής (Tracking) | 6. Ειδικές Οδηγίες Παράδοσης | 7. Αποστολές στο Εξωτερικό | 8. Επικοινωνία | Άλλες Επιλογές | Newsletter Subscribe | Χρήσιμα links | Ο λογαριασμός μου,200,"Tsakalino | Παιδικά & Βρεφικά Ρούχα, Παπούτσια & Αξεσουάρ","Το Tsakalino.gr προσφέρει ποιοτικά παιδικά και βρεφικά ρούχα, παπούτσια και αξεσουάρ για αγόρια και κορίτσια στην Ελλάδα. Βρείτε μοντέρνα σχέδια, άνετες εφαρμογές και προϊόντα για κάθε περίσταση. Γρήγορη αποστολή και ανταγωνιστικές τιμές για τα αγαπημένα είδη των παιδιών σας.",Προστέθηκε: | Σφάλμα Καλαθιού | Το καλάθι σου | Αναζήτηση | Back to School | Επιλογές για αγόρι | Επιλογές για κορίτσι | Επιλογές για βρέφη | Κατηγορίες | Το Blog μας | Παιδικά Μπουφάν: Οι Καλύτερες Επιλογές για Άνεση και Ζεστασιά. | Τελευταία Άρθρα | Newsletter Subscribe | Χρήσιμα links | Ο λογαριασμός μου,
cmta1gzev007oq8iyr3kfe0e4,Tsinekidis,Δωροκάρτα,https://tsinekidis.gr/product/dwrokarta/dorokarta/,https://tsinekidis.gr,200,Δωροκάρτα - Tsinekidis,"Θέλετε να προσφέρετε άμεσα ένα δώρο στα αγαπημένα σας πρόσωπα. Δώστε τους την ελευθερία της επιλογής, χαρίζοντάς τους μία δωροκάρτα για τις αγορές τους από το κατάστημα Τσινεκίδης Jewellery. Το μόνο που χρειάζεται να κάνετε είναι να επιλέξτε το ποσό και να ολοκληρώστε τη διαδικασία αγοράς.",Δωροκάρτα,200,"Κοσμήματα, Ρολόγια, Μονόπετρα, Σταυροί για βάπτιση - Τσινεκίδης",Ανακαλύψτε τώρα τις συλλογές κοσμημάτων του καταστήματος μας και δώστε λάμψη στις σημαντικές στιγμές σας.,REDEFINING TIME,
cmta1gzur007qq8iy50tthpsi,Tuasolea,Δωροκάρτα με αξία της επιλογής σας,https://tuasolea.gr/cat/dorokarta/,https://tuasolea.gr,403,Just a moment...,,,403,Just a moment...,,,HTTP_403 | HTTP_403
cmta1jsr800ieq8iywfmnl4tl,Turritella,Δωροκάρτα 50€ - Turritella,https://turritella.gr/giftcards/,https://turritella.gr,200,Δωροκάρτες - Turritella,Κάντε το δώρο πιο εύκολο και πιο γρήγορο από πότε! Αγοράζοντας μια ψηφιακή δωροκάρτα μπορείτε να την στείλετε ως δώρο στα αγαπημένα σας πρόσωπα. Θα έχουν την ευκαιρία να επιλέξουν,Δωροκάρτες | Κάντε το δώρο πιο εύκολο και πιο γρήγορο από πότε! | Χρειάζεστε Βοήθεια; | Turritella | Πληροφορίες επικοινωνίας | Γίνετε μέλος της κοινότητας μας! ♡ | Login | Register | Your Cart 0 | Ειδοποίησες για τα cookies,200,Αρχική Σελίδα - Turritella,Δωρεάν αποστολή πανελλαδικός Άμεση εξυπηρέτηση πελατών Πολυτελή συσκευασία δώρου Πρωτόκολλο ασφαλείας SSL Κατηγορίες Νέα Συλλογή Ανακαλύψτε τα νέα μας σχέδια μόνο εδώ! Add to wishlist Quick View Κολιέ οβάλ με,Κατηγορίες | Νέα Συλλογή | Σκουλαρίκι κρίκος για μύτη ασημί | Κολιέ διπλή καρδία με στρας χρυσό | Κολιέ διπλή καρδία με στρας ασημί | Βραχιόλι φίδι ασημί | Βραχιόλι σταυρός με βεραμάν πέρλα ασημί | Βραχιόλι άπειρο ασημί | Πολυτελής Συλλογή | Κολιέ καρδιά με στρας ασήμι 925° | Σκουλαρίκια καρδιά με κορώνα και στρας ασημί 925° | Κολιέ ακανόνιστη καρδιά ασήμι 925° | Σκουλαρίκια νούφαρα ασημί 925° | Κολιέ διπλή καρδιά με στρας ασήμι 925° | Σκουλαρίκια στρας ασημί 925° | Προτεινόμενα Προϊόντα | Οι δικές σας αξιολογήσεις! ♡ | Ακολούθησε μας στο Instagram | Χρειάζεστε Βοήθεια; | Turritella | Πληροφορίες επικοινωνίας | Γίνετε μέλος της κοινότητας μας! ♡ | Login | Register,
cmta1f7sv001hq8iy1icrtpiv,Tziouti-alexandra,Δώρο Επιταγή,http://tziouti-alexandra.gr/,https://tziouti-alexandra.gr,200,Αρχική - Αλεξάνδρα Τζιούτη,Καλλιτεχνική Δημιουργία Τζιούτη Αλεξάνδρα ΤΑ ΠΡΟΪΟΝΤΑ ΜΑΣ Στο κατάστημα μας θα βρείτε Υπέροχες Δημιουργίες,"Η ιστορία της εταιρείας μας | Τα Τελευταία Προϊόντα | Νέες Προσθήκες | Χειροποίητο πορτοφολακι με ποντικάκι | Χειροποίητη τσάντα με μεταξωτό μαντήλι | Κολιέ με το σύμβολο του απείρου από ασήμι 925 | Ασημένιο κολιέ ματάκι 925 | Κολιέ λουλούδι από ασήμι 925 | Ασημένιο κολιέ με το δέντρο της ζωής 925 | Ασημένιο κολιε ξίφος 925 | Ασημένιο κολιε φτερό 925 | Ανακαλύψτε μοναδικές τιμές | Προσφορές | Χειροποίητη τσάντα πολυτελής | Κούκλα | - Κολιέ, δαχτυλίδια & σκουλαρίκια",200,Αρχική - Αλεξάνδρα Τζιούτη,Καλλιτεχνική Δημιουργία Τζιούτη Αλεξάνδρα ΤΑ ΠΡΟΪΟΝΤΑ ΜΑΣ Στο κατάστημα μας θα βρείτε Υπέροχες Δημιουργίες,"Η ιστορία της εταιρείας μας | Τα Τελευταία Προϊόντα | Νέες Προσθήκες | Χειροποίητο πορτοφολακι με ποντικάκι | Χειροποίητη τσάντα με μεταξωτό μαντήλι | Κολιέ με το σύμβολο του απείρου από ασήμι 925 | Ασημένιο κολιέ ματάκι 925 | Κολιέ λουλούδι από ασήμι 925 | Ασημένιο κολιέ με το δέντρο της ζωής 925 | Ασημένιο κολιε ξίφος 925 | Ασημένιο κολιε φτερό 925 | Ανακαλύψτε μοναδικές τιμές | Προσφορές | Χειροποίητη τσάντα πολυτελής | Κούκλα | - Κολιέ, δαχτυλίδια & σκουλαρίκια",
cmta1h0ab007sq8iyxev6cx5s,Undergroundshop,GIFTCARD 10 EURO GIFTCARD_1,https://undergroundshop.gr/,https://undergroundshop.gr,200,Underground,,,200,Underground,,,
cmta4z6uc0045sciy734e8srp,Valaora,Gift Card - Valaora,https://valaora.gr/gift-cards/,https://valaora.gr,200,Valaora - Gift Card,BACK HOME Valaora’s gift card Offer a unique gift to your loved ones. Invite them for a memorable dinner at […],"Valaora's gift card | Opening Hours | MON - FRI: 19:00 - 00:00 SAT - SUN: 19:00 - 00:00 | ADDRESS | A d d r e s sMpanieres, Aktis Miaouli, Nafplio 211 00 | GET IN TOUCH | P H O N E+30 6989600200 | email: hello@valaora.gr",200,Valaora Restaurant & Bar - Gastronomy in Nafplio,"Το εστιατόριο Valaora στο Ναύπλιο, σας υποδέχεται για μια μοναδική γαστρονομική εμπειρία, με την υπογρφή του chef Δημήτρη Παλιούρα.","An ode to the sea, the soil & the flavours of Greece. | OUR CUISINE | Flavors by the Fortress | OUR SETTING | OUR CELLAR | OUR COCkTAILS | OUR EVENTS | TASTING EXPERIENCES | WINE TASTING | Olive oil Tasting | Opening Hours | MON - FRI: 19:00 - 00:00 SAT - SUN: 19:00 - 00:00 | ADDRESS | A d d r e s sMpanieres, Aktis Miaouli, Nafplio 211 00 | GET IN TOUCH | P H O N E+30 6989600200 | email: hello@valaora.gr",
cmtb77p0o0040dkiyr700iran,Valsamakis,Valsamakis Gift Card,https://valsamakis.gr/name-day-gift-card.html,https://valsamakis.gr,200,Name Day GIft Card,Name Day GIft Card,Δωροκάρτα για Ονομαστική Εορτή | Τρόποι Αποστολής | Τρόποι Πληρωμής,200,Valsamakis,"Το κατάστημα μας λειτουργεί από το 2006 στο ιστορικό κέντρο της πόλης, στην οδό Πλ. 23ης Μαρτίου στην Καλαμάτα. Σε μας θα βρείτε μεγάλη ποικιλία γυαλιών ηλίου και σκελετών οράσεως, βοηθήματα χαμηλής όρασης, φακών επαφής και υγρά φακών επαφής στις καλύτερες τιμές της αγοράς.",Best Sellers | Βρείτε τα online | New Arrivals | Επιλέξτε Brand | @optics_valsamakis,
cmta1jtpy00iiq8iy3wykjo58,Vantaggio,Δωροκάρτα - Vantaggio,https://vantaggio.gr/product/dorokarta/,https://vantaggio.gr,200,Δωροκάρτα | VANTAGGIO,"Δωροκάρτα Vantaggio - Το απόλυτο δώρο για κάθε λάτρη του τένις, αλλά και του στυλ. Χάρισε σε κάποιον/α αγαπημένο/η σου τη δυνατότητα επιλογής από τις premium συλλογές μας σε ρούχα και αξεσουάρ που αναβαθμίζουν το παιχνίδι και την εμφάνιση.",Δωροκάρτα | Περιγραφή | Αξιολογήσεις | ΔΩΡΟΚΑΡΤΑ | CAMPAIGN ’26,200,Vantaggio | VANTAGGIO,Νέα Συλλογή Court & Coast Collection ’26 Εμπνευσμένη από τη διαχρονική κομψότητα του τένις και την ανεμελιά του ατελείωτου καλοκαιριού. ΑΝΑΚΑΛΥΨΕ ΤΗ ΝΕΑ ΣΥΛΛΟΓΗ ΝΕΑ ΓΥΝΑΙΚΕΙΑ ΣΥΛΛΟΓΗ Το Παιχνίδι σου. Το Στυλ σου. Το Vantaggio σου. ΑΝΑΚΑΛΥΨΕ ΤΗ ΝΕΑ ΓΥΝΑΙΚΕΙΑ ΣΥΛΛΟΓΗ ΝΕΑ ΑΝΔΡΙΚΗ ΣΥΛΛΟΓΗ Αναβάθμισε το Παιχνίδι σου με Στυλ. ΑΝΑΚΑΛΥΨΕ ΤΗ ΝΕΑ ΑΝΔΡΙΚΗ ΣΥΛΛΟΓΗ […],Court & Coast Collection '26 | ΝΕΑ ΓΥΝΑΙΚΕΙΑ ΣΥΛΛΟΓΗ | ΝΕΑ ΑΝΔΡΙΚΗ ΣΥΛΛΟΓΗ | ΕΞΟΠΛΙΣΜΟΣ | ΓΥΝΑΙΚΕΙΑ | ΑΝΔΡΙΚΑ | Μαγιό | Φούστες | Ανδρικά Μπλουζάκια | Τσάντες για τένις/padel | Φόρεμα Mary Vitinaros | Φόρεμα Naomi | Stefanos Sakellaridis T-shirt | Ben T-shirt | ΝΕΕΣ ΠΑΡΑΛΛΑΒΕΣ | Lorenzo shorts | Lorenzo T-shirt | Juan Martin Lime logo | Juan Martin Green logo | Emma Dress | Peter Bertran T-shirt | Alkistis Skirt | Peter Bertran shorts | Vantaggio - εδώ που η άνεση συναντά την κομψότητα.,
cmta5nziq002a54iyxymjif5e,VapeLux,Δωροκάρτα | VapeLux,https://vapelux.gr/product/gift-card/,https://vapelux.gr,200,Δωροκάρτα | VapeLux,Δώσε χαρά με μια Δωροκάρτα! Ιδανικό δώρο για κάθε γιορτή ή περίσταση. Διάλεξε το ποσό και άφησε τους αγαπημένους σου να επιλέξουν αυτό που θέλουν.,Δωροκάρτα | Αξιολογήσεις,200,VapeLux | Ηλεκτρονικά Τσιγάρα,"VapeLux: Ηλεκτρονικά τσιγάρα, pods και premium υγρά αναπλήρωσης στις καλύτερες τιμές. Δωρεάν μεταφορικά για παραγγελίες άνω των 40€.",VapeLux | Ηλεκτρονικά Τσιγάρα | Elux Lemon Peach Passion Fruit 10ml 20mg Nic Salts | Vaporesso Luxe XR Max 2 Pod Kit Grey Leather | Montreal Flavor Shots Old Port 12ml to 60ml | Viper Core Edition Flavor Shots Lotus Waffle 20ml to 120ml | Geekvape Athena Squonk Bottle | DotMod – DotAIO Replacement Coils | Eleaf 510 to eGo Adapter | Aspire Breeze 2 1ohm Replacement Coils | Uwell Caliburn Explorer Pod Kit Silver | FLAVOR SHOTS | Bar Series Flavor Shots Lemon Peach Passion Fruit 10ml to 120ml | Kings Crest Flavor Shots Don Juan Peanut 10ml to 60ml | Tattoo Flavor Shots Oldschool 20ml to 120ml | Mad Juice Flavor Shots Pipila 24ml to 120ml | Gusto by Omerta Flavor Shots Banana Strawberry Smoothie 20ml to 120ml | Steam Train Old Stations Flavor Shots LA Wild Tobacco 12ml to 60ml | Steam Train Flavor Shots Timekeeper 12ml to 60ml | Bisha by Omerta Flavor Shots Vanilla Custard Cigar 10ml to 60ml | Bombo / Kings Crest Flavor Shots Don Juan Supra Reserve Core Edition 20ml to 120ml | CloudBar Juice Flavor Shots Blue Razz Lemonade 12ml to 60ml | High Wheelers Flavor Shots Tobacco Wild 20ml to 60ml | VnV Flavor Shots Saltybacco 12ml to 60ml | Gusto by Omerta Flavor Shots Grapefruit Ice 20ml to 120ml,
cmta1juox00imq8iyq0ogpo5e,Veel,Ηλεκτρονική δωροκάρτα | Veel,https://veel.gr/product-category/dwrokarta-veel/,https://veel.gr,200,Δωροκάρτα | Veel,Ανακαλύψτε τα πιο δημοφιλή K- beauty προϊόντα και brands και δημιουργήστε μια διαδικασία περιποίησης ιδανική για τη δική σας επιδερμίδα.,Glow & Elasticity Duo Set | Celimax Pore + Dark Spot Brightening Care Sunscreen | Dr. Althea Retinol Flat Iron Eye Roller | Centellian 24 Madeca Cream Time Reverse Zero (80ml) | Isntree Hyaluronic Acid Natural Sun Cream | Dr. Althea ABC Glow Whipped Serum | Δωροκάρτα | Κατηγορίες προϊόντων | Εύρος τιμών | Δωροκάρτα Veel,200,Αρχική | Veel,Ανακαλύψτε προϊόντα Κορεάτικης ομορφιάς με αυστηρές προδιαγραφές και συστατικά εμπνευσμένα από τη φύση.,Glow & Elasticity Duo Set | Celimax Pore + Dark Spot Brightening Care Sunscreen | Dr. Althea Retinol Flat Iron Eye Roller | Centellian 24 Madeca Cream Time Reverse Zero (80ml) | Isntree Hyaluronic Acid Natural Sun Cream | Dr. Althea ABC Glow Whipped Serum | Νέες αφίξεις | After-Beach Skin Recovery Set | Benton Hanji Body Wash Towel | Αγοράστε και κερδίστε πόντους! | Στάδια περιποίησης | Best sellers | Dr. Althea 345 Relief Cream | Beauty of Joseon Relief Sun: Rice + Probiotics SPF50 PA++++ | Beauty of Joseon Revive Eye Serum Ginseng + Retinal | COSRX Advanced Snail 96 Mucin Power Essence | Mary & May Idebenone Blackberry Intense Cream | COSRX Advanced Snail 92 All in one Cream | Εγγραφείτε στο newsletter | Λένε για εμάς | veel.gr,
cmta1jvn600iqq8iyar6bcxq8,Verdantgarden,Ψηφιακή δωροκάρτα,https://www.verdantgarden.gr/product/giftcard/,https://verdantgarden.gr,200,Ψηφιακή δωροκάρτα,Χάρισε μια ψηφιακή δωροκάρτα για φυτά & γλάστρες με άμεση αποστολή email. Πληρωμή μόνο online. Το ιδανικό green δώρο τελευταίας στιγμής! Shop online!,DIGITAL GIFT CARD | Περιγραφή | Επιπλέον πληροφορίες | Αξιολογήσεις | ΧΡΗΣΙΜΕΣ ΣΕΛΙΔΕΣ | ΑΛΛΕΣ ΣΕΛΙΔΕΣ | ΤΡΟΠΟΙ ΕΠΙΚΟΙΝΩΝΙΑΣ,200,Verdant Garden - Φυτά και γλάστρες για εσωτερικούς και εξωτερικούς χώρους,"Ανακαλύψτε φυτά, γλάστρες & κασπώ που μεταμορφώνουν κάθε χώρο. Ποιότητα, αισθητική και ανθεκτικότητα σε κάθε επιλογή. Buy online today!",ΦΥΛΛΟΔΕΝΔΡΟ (PHILODENDRON SCANDENS) | ΔΙΦΕΝΜΠΑΧΙΑ ‘TROPIC SNOW’ | OIK FIBER CLAY ΓΛΑΣΤΡΑ – ΚΑΣΠΩ | NJK FIBER CLAY ΓΛΑΣΤΡΑ – ΚΑΣΠΩ | ΓΚΟΥΣΜΑΝΙΑ (GUZMANIA) | RTZ FIBER CLAY ΓΛΑΣΤΡΑ – ΚΑΣΠΩ | BVC FIBER CLAY ΓΛΑΣΤΡΑ – ΚΑΣΠΩ | XCG FIBER CLAY ΓΛΑΣΤΡΑ – ΚΑΣΠΩ | ΔΡΑΚΑΙΝΑ (FRAGRANS COMPACTA) | ΧΑΜΑΙΔΩΡΕΑ (CHAMAEDOREA ELEGANS) | ΣΑΝΣΕΒΙΕΡΙΑ (SANSEVIERIA) | BTO FIBER CLAY ΓΛΑΣΤΡΑ – ΚΑΣΠΩ | ΑΡΕΚΑ (ARECA PALM) | ΜΠΑΝΑΝΑ ΝΑΝΑ (MUSA TROPICANA) | ΚΕΝΤΙΑ (HOWEA FORSTERIANA) | ΣΤΡΕΛΙΤΣΙΑ ΡΕΓΓΙΝΑ (STRELITZIA REGINAE) | ZA FIBER CLAY ΓΛΑΣΤΡΑ – ΚΑΣΠΩ – 3 ΧΡΩΜΑΤΑ | ΦΙΚΟΣ ΛΥΡΑΤΑ (FICUS LYRATA) | ΒΙΓΚΟΝΙΑ (BEGONIA) | ΤΗΛΕΓΡΑΦΟΣ ΜΩΒ (TRADESCANTIA PALLIDA) | BTL FIBER CLAY ΓΛΑΣΤΡΑ – ΚΑΣΠΩ | ΦΟΙΝΙΚΑΣ ΚΑΡΥΔΑΣ (COCOS NUCIFERA) | ΔΡΑΚΑΙΝΑ (DRACAENA MARGINATA) | ΦΥΛΛΟΔΕΝΔΡΟ (PHILODENDRON SPP.),
cmtb77pqn0044dkiykqllgm6x,Vinoteca,Δωροκάρτα 100,https://www.vinoteca.gr/gift-card-100.html,https://vinoteca.gr,200,Δωροκάρτα 100,Δωροκάρτα,Κατηγορίες | Δωροκάρτα 100 | Λεπτομέρειες | Γράψτε τη δική σας αξιολόγηση | Αξιολογείτε: Δωροκάρτα 100 | Σχετικά Προϊόντα | ΜΕΝΟΥ | ΠΛΗΡΟΦΟΡΙΕΣ | ΛΟΓΑΡΙΑΣΜΟΣ,200,Vinoteca.gr,,"Vinoteca | Κατηγορίες | GIFT | ΣΠΑΝΙΕΣ | Stay Salty Wine Box | Μαλαγουζιά Cinderella, Κτήμα Αβαντίς | Sauvignon Blanc, Escapades | Μπλέ Τρακτέρ Λευκό, Κτήμα Κυρ- Γιάννη | The Mediterranean Red, Prophasis | Syrah, Κτήμα Αβαντίς | Τέχνη Αλυπίας Λευκό, Κτήμα Τέχνη Οίνου | Σαντορίνη Γηγενείς Ζύμες, Οινοποιία Γαβαλά | VINOTECA'S BLOG | Testimonials | ΜΕΝΟΥ | ΠΛΗΡΟΦΟΡΙΕΣ | ΛΟΓΑΡΙΑΣΜΟΣ",
cmta1nygv00ywq8iyut96fn9h,Vintageneedle,Vintage Needle Gift Card,https://www.vintageneedle.gr/products/vintage-needle-gift-card,https://vintageneedle.gr,200,Vintage Needle Gift Card,Χάρισε μια Vintage Needle Gift Card και άσε τα αγαπημένα σου πρόσωπα να διαλέξουν τη δημιουργία που τους ταιριάζει.,Vintage Needle Gift Card | Δείτε επίσης | Αναζήτηση,200,Vintage Needle - Handmade in Greece,"Η Vintage Needle είναι μια επιχείρηση, που γεννήθηκε μέσα από την αγάπη μας για την ραπτική τέχνη. Συνδυάζοντας το ρετρό με το σύγχρονο στυλ, στόχος μας είναι η δημιουργία ξεχωριστών χειροποίητων προϊόντων, που θα σας συνοδεύουν στην καθημερινότητά σας, αλλά και σε πιο ιδιαίτερες στιγμές.",Vintage Needle | Προβολή διαφανειών | HANDMADE | Νέες Αφίξεις | Vintage Bloom | Midnight Garden | English Garden | Amélie | Pink Pearl Set (Σετ Clutch & Scrunchie) | Cinnamon Mosaic Set (Σετ Clutch & Scrunchie) | Aqua Mosaic Set (Σετ Clutch & Scrunchie) | Bohemian Blue Set (Σετ Clutch & Scrunchie) | The Signature Linen Collection | Φασκόμηλο | The Signature Linen Collection | Old Rose | The Signature Linen Collection | Γαλάζιο | The Signature Linen Collection | Beige | Bohemian Spice | Rustic Roses | Autumn Meadow | Vintage Posy | Πακέτα Δώρων | Γυναικεία Συλλογή | Παιδική Συλλογή | Vintage Needle Gift Card,
cmta1jx1n00iwq8iyq4q9smi3,Vitaspis,Δωροκάρτα,https://vitaspis.gr/product/gift-card/,https://vitaspis.gr,200,Δωροκάρτα – Vitaspis,,Δωροκάρτα | Inactive,200,Vitaspis – Health Care,,Premium παραφαρμακευτικά & προϊόντα ευεξίας για κάθε ανάγκη | Maxi Heal (11) | Vitaspis (5) | Zenitha (10) | Allertec | Our Bestsellers | Maxi Heal – Seletol 30caps | Armonia Relax New (24 Cprs) | Maxi Heal – Selemax 30caps | Colostrononi | SafranUp | Η Vitaspis Health Care ~ είναι μια αμιγώς ελληνική εταιρεία που δραστηριοποιείται στον δυναμικά αναπτυσσόμενο κλάδο των παραφαρμακευτικών και ειδικών συμπληρωμάτων διατροφής | Aligning products of extreme quality with experiences you never dreamed with before. We trust in the ~ power of beauty ~ which is why we exist. | Recommended. | Cellasyn 100 | Maxi Heal – B12 maxi spray | Maxi Heal – Agnumax 30caps | Cellasyn 400 | VitaFerrous | OsteoComplete | Maxi Heal – Liverheal 30caps | MaxiHeal – Lipoact 60caps | CarniQon | Maxi Heal – Satizen,
cmta1lnrl00q0q8iy34u0qh4w,Vizadinigonia,Gift Cards - ΒΥΖΑΝΤΙΝΗ ΓΩΝΙΑ,https://vizadinigonia.gr/product-category/gift-cards/,https://vizadinigonia.gr,200,Gift Cards - ΒΥΖΑΝΤΙΝΗ ΓΩΝΙΑ,"ΒΥΖΑΝΤΙΝΗ ΓΩΝΙΑ - Το Κιτρινόμαυρο Στέκι των Φίλων της Α.Ε.Κ... Λεωφ. Δεκελείας 142, Νέα Φιλαδέλφεια... Τηλ. +30 21 0252 7997... Ακούστε το Web Radio μας...",Archives | Categories | ΤΟ NEWSLETTER ΜΑΣ | ΑΚΟΥΣΕ ΠΡΩΤΟΣ ΤΙΣ ΜΟΥΣΙΚΕΣ ΕΠΙΛΟΓΕΣ ΜΑΣ | ΣΗΜΑΝΤΙΚΟΙ ΣΥΝΔΕΣΜΟΙ | ΑΡΧΙΚΗ | ESHOP | ΒΥΖΑΝΤΙΝΗ ΓΩΝΙΑ | ΠΟΛΙΤΙΚΗ ΑΠΟΡΡΗΤΟΥ | ΟΡΟΙ & ΠΡΟΫΠΟΘΕΣΕΙΣ | ΕΠΙΚΟΙΝΩΝΙΑ | ΦΟΡΜΑ ΕΠΙΚΟΙΝΩΝΙΑΣ | SOCIAL MEDIA,200,ΒΥΖΑΝΤΙΝΗ ΓΩΝΙΑ - Το Κιτρινόμαυρο Στέκι των Φίλων της Α.Ε.Κ.,"ΒΥΖΑΝΤΙΝΗ ΓΩΝΙΑ - Το Κιτρινόμαυρο Στέκι των Φίλων της Α.Ε.Κ... Λεωφ. Δεκελείας 142, Νέα Φιλαδέλφεια... Τηλ. +30 21 0252 7997... Ακούστε το Web Radio μας...",Archives | Categories | VIZADINI GONIA | ESHOP | CHATROOM | WEB RADIO | ΜΙΑ ΙΣΤΟΡΙΑ ΑΠΟ ΤΗΝ ΠΟΛΗ | ΤΑ ΠΡΟΪΟΝΤΑ ΜΑΣ | ΤΗΝ ΚΑΡΔΙΑ ΑΝ ΡΩΤΗΣΕΙΣ – 2 Όψεις | ΤΗΝ ΚΑΡΔΙΑ ΑΝ ΡΩΤΗΣΕΙΣ – 1 Όψη | SUMMER – 2 Όψεις | SUMMER – 1 Όψη | ΑΕΚ ΕΝΑΝΤΙΟΝ ΟΛΩΝ – 2 Όψεις | ΑΕΚ ΕΝΑΝΤΙΟΝ ΟΛΩΝ – 1 Όψη | MONO AEK – 2 Όψεις | MONO AEK – 1 Όψη | MONO AEK – 2 Όψεις (Παιδικό) | MONO AEK – 1 Όψη (Παιδικό) | ΟΣΟ ΖΩ | ΚΟΝΤΑ ΣΟΥ ΜΙΑ ΖΩΗ | EMFANISEIS | NA PAIZEI GTA | NA PAIZEI | EMPROS AITE,
cmtb77q3z0046dkiyh7mroiio,WEDDING DAY,Δωροκάρτα - WEDDING DAY,https://wedday.gr/dorokarta/,https://wedday.gr,200,Δωροκάρτα - WEDDING DAY,,Δωροκάρτα | Δωροκάρτα WEDDING DAY,200,Αρχική. - WEDDING DAY,"Νυφικά που προσφέρουν τον ρομαντισμό, την θηλυκότητα και την κομψότητα που αναζητάτε! Πολυτελή υφάσματα υψηλής αισθητικής, εξαιρετικής ποιότητας και υπέροχης εφαρμογής.Ελάτε μαζί να βρούμε το νυφικό που θα ντύσει μία από την πιο όμορφη ημέρα της ζωής σας! Οικονομικά νυφικά - Νυφικά PLUS SIZE - Νυφικά για πολιτικό γάμο.",summer BridalSale | say Yes To the dress! | Simple Dresses | Mix & Match | Bridal Shoes | Tiaras & Hairbands | Hair Accessories | veils | Jewellery | Bolero & Capes | Bridal Things | ΦΟΥΡΟ | ΝΥΦΙΚΕΣ ΖΩΝΕΣ | Samples Sales | WEDDING STUFF | Σετ Γάμου | Μπομπονιέρες | Στέφανα | WEDDING BOOK,
cmta1jxyi00j0q8iy3t1yqvto,Wspc,WSPC Gift Card,https://www.wspc.gr/product/dorokarta/,https://wspc.gr,200,WSPC Gift Card | WSPC,Η WSPC Gift Card είναι μια προπληρωμένη κάρτα που μπορείς να χαρίσεις εύκολα και άμεσα σε ένα αγαπημένο σου πρόσωπο.,Shop | WSPC Gift Card,200,Home | WSPC,"Το WSPC® είναι Πιστοποιημένος Εκπαιδευτικός Οργανισμός για σπουδές στο κρασί, τα αποστάγματα, την οινοχοϊα και τον καφέ.",The Place to Study | Δημοφιλή Εκπαιδευτικά Προγράμματα | WSPC - The Community | Από την αγορά για την αγορά. | Επιδοτούμενο Πρόγραμμα Εκπαίδευσης για Νέους Ανέργους | WSPC Advantages | Τελευταία Νέα,
cmta1fy150043q8iy1gell6w5,XXXL Leo,XXXL Leo Δωροεπιταγή – Το ιδανικό δώρο για κάθε περίσταση,https://www.xxxl.gr/index.php?route=account%2Fvoucher,https://xxxl.gr,200,Αγοράστε μία Δωροεπιταγή,Η εταιρεία Leo XXXL δραστηριοποιείται από το 1960 με εξειδίκευση στην παραγωγή ανδρικών ρούχων σε μεγάλο μέγεθος με έδρα της βιοτεχνίας το Αιγάλεω.,Αγοράστε μία Δωροεπιταγή | ΣΧΕΤΙΚΑ | ΕΠΙΚΟΙΝΩΝΙΑ | ΕΞΥΠΗΡΕΤΗΣΗ ΠΕΛΑΤΩΝ | ΧΡΗΣΙΜΑ | Ενημερωτικό δελτίο,200,"XXXL | Tο πληρέστερο ηλεκτρονικό κατάστημα με ανδρικά ρούχα,αποκλειστικά σε μεγάλα μεγέθη.",Η εταιρεία Leo XXXL δραστηριοποιείται από το 1960 με εξειδίκευση στην παραγωγή ανδρικών ρούχων σε μεγάλο μέγεθος με έδρα της βιοτεχνίας το Αιγάλεω.,ΣΕ ΕΠΙΒΡΑΒΕΥΟΥΜΕ ΣΕ ΚΑΘΕ ΑΓΟΡΑ ΣΟΥ! ΜΑΘΕ ΠΩΣ ΕΔΩ! | ΣΧΕΤΙΚΑ | ΕΠΙΚΟΙΝΩΝΙΑ | ΕΞΥΠΗΡΕΤΗΣΗ ΠΕΛΑΤΩΝ | ΧΡΗΣΙΜΑ | Ενημερωτικό δελτίο,
cmta1jyfy00j2q8iym29ffatd,Xmode,Gift Card | Xmode.gr,https://www.xmode.gr/gift-card,https://xmode.gr,200,Gift Card | Xmode.gr,,eGift Card,200,Επισκευες Κινητων | Xmode Sales & Service Stores | Ελλάδα,Το κατάστημα μας xmode Sales & Service Stores ειδικεύετε σε επισκευές κινητών τηλεφώνων καθώς και πωλήσεις καινούργιων αλλά και εκθεσιακών ή μεταχειρισμένων στις καλύτερες δυνατόν τιμές της αγοράς αλλά και με εγγύηση καλής λειτουργίας έως και 12 μήνες.,Xmode | Σχόλια Πελατών μας | Πως μπορούμε να φανούμε χρήσιμοι?,
cmta1h1jb007yq8iyaodysa7z,Xryseio,Gift Card - Δωροκάρτα,https://www.xryseio.gr/product-category/%ce%b4%cf%89%cf%81%ce%b1/wps_wgm_giftcard/,https://xryseio.gr,200,Δωροκάρτα - Χρυσείο Ρολόι - Κόσμημα | Xryseio.gr,Δωροκάρτα,Δωροκάρτα | Gift Card – Δωροκάρτα | ΠΛΗΡΟΦΟΡΙΕΣ | ΩΡΑΡΙΟ ΛΕΙΤΟΥΡΓΙΑΣ | NEWSLETTER | Κέντρο Προτιμήσεων Απορρήτου | Νέο μέλος; | Καλάθι,200,Xryseio.gr - Χρυσείο Ρολόι - Κόσμημα | Xryseio.gr,Χρυσείο ΚΟΣΜΗΜΑ – ΡΟΛΟΙ Δωρεάν αποστολή άνω των 50€ Πιστοποίηση γνησιότητας Eπιλογές πληρωμών &με δόσεις Προσθήκη στο καλάθι Ανδρικό ρολόι MASERATI €219.00 OFFER Προσθήκη στο καλάθι Ρολόι Γυναικείο Lee €89.00 Original price was: €89.00.€84.55Η τρέχουσα τιμή είναι: €84.55. Προσθήκη στο καλάθι Ανδρικό ρολόι MASERATI €339.00 Προσθήκη στο καλάθι Ανδρικό ρολόι MASERATI €199.00 Προσθήκη στο καλάθι […],"Χρυσείο | Ρολόι Γυναικείο Lee | Ρολόι SECTOR 230 | Ρολόι Timberland Ashmont | Ρολόι SECTOR WATCH | Ρολόι Sector R3253585004 | Ρολόι γυναικείο JCou | Ρολόι Cottage DOLCE | Ρολόι Timberland PEATFIELD | Ρολόι ανδρικό Moschino | Δαχτυλίδι από ρητίνη Nο16 | Βραχιόλι από ροδιακό μπρούτζο | Σκουλαρίκια απο επιχρυσωμένο ασήμι | Κολιέ από ρητίνη και | Κολιέ από επιχρυσωμένο μπρούτζο | Δαχτυλίδι από ασήμι 925 | Σκουλαρίκια από μπρούτζο Rebecca | Βραχιόλι από ασήμι 925 | Βραχιόλι από ρητίνη Rebecca | Δαχτυλίδι ανοιγόμενο από μπρούτζο,πέρλα | Προτεινόμενες Κατηγορίες | Σκουλαρίκια | Κολιέ | Βραχιόλι",
cmta1jyv900j4q8iyp2i9pyz5,Yellowstars,Δωροκάρτα 20€ YellowStars,https://yellowstars.gr/category/dorokarta,https://yellowstars.gr,200,Δωροκάρτα - Yellow Stars,,Δωροκάρτα 100€ YellowStars | Δωροκάρτα 20€ YellowStars | Δωροκάρτα 30€ YellowStars | Δωροκάρτα 50€ YellowStars,200,Yellow Stars - Παιδικά Ρούχα Ηράκλειο Κρήτης,"Στο yellowstars.gr, θα βρείτε παιδικά ρούχα για κάθε γούστο και στις πιο προσιτές τιμές! Επισκεφτείτε μας και στο φυσικό μας κατάστημα, Ηροδότου 80, Ηράκλειο",,
cmta1o01w00z2q8iyrp45us19,Yourdigitalcourses,ΔΩΡΟΚΑΡΤΑ 50,https://yourdigitalcourses.gr/product/dorokarta-200e/,https://yourdigitalcourses.gr,200,ΔΩΡΟΚΑΡΤΑ 200€ | DigiCourses | Online Learning,Δωροκάρτα για σεμινάρια και μαθήματα μέσα από το DigiCourses. Αυτές τις γιορτές μοίρασε αγάπη και γνώση!Εξαργύρωση ως 31 Ιανουαρίου,"ΔΩΡΟΚΑΡΤΑ 200€ | Περιγραφή | Αξιολογήσεις | Σχετικά προϊόντα | 4+1 Συναντήσεις με τη Ζέτα | Γυναικεία Υπόθεση | Τα μυστικά μιας επιτυχημένης σχέσης | Άλλαξε ριζικά τη ζωή σου μέσα από το Κβαντικό Πεδίο | Μάμα – Μπαμπάς. Ξεκλείδωσε όλα τα επίπεδα της ζωής σου, μόνο με 2 κλειδιά | Ακολουθήστε μας στα Social | Τεχνική Υποστήριξη",200,Online Σεμινάρια | DigiCourses | Online Learning,Σεμινάρια & Μαθήματα online για να Μεταμορφώσεις την Προσωπική & Επαγγελματική σου ζωή! Δες τα Μαθήματα Ξεκίνα να μαθαίνεις 5.00 (1) 10 Μαθήματα,Σεμινάρια & Μαθήματα online | 10 Μαθήματα Ευτυχισμένης ζωής OnDemand | Η τριλογία της νέας πραγματικότητας | Οι 3 Πύλες | 3ο Σεμινάριο | Η τριλογία της νέας πραγματικότητας | 2ο Σεμινάριο | Η τριλογία της νέας πραγματικότητας | 1ο Σεμινάριο | Νέα Σελήνη Οι 6 Ερωτήσεις που μπορούν να αλλάξουν τη ζωή σου | Γυναικεία Υπόθεση Τα Μυστικά μιας Επιτυχημένης Σχέσης 2 | Δε γίνεται να είμαστε συνεχώς “On” | Gmail Productivity System: Από το χάος στην οργάνωση του Email σου σε μόλις 60 λεπτά | Το Δέντρο της Αφθονίας σου | Επανασύνδεση με την Ψυχή & τον Πνευματικό Οδηγό σου | OnDemand 3ο Πακέτο | Επανασύνδεση με την Ψυχή & τον Πνευματικό Οδηγό σου | OnDemand 2ο Πακέτο | Επανασύνδεση με την Ψυχή & τον Πνευματικό Οδηγό σου | OnDemand 1ο Πακέτο | Give to Gain Δίνω με πρόθεση… κερδίζω σε Ανάπτυξη | Η επιχείρησή σου δεν εξελίσσεται όπως θέλεις…Τι κάνεις; | Μια ήρεμη εμπειρία Ρέικι για εσένα και το ζωάκι σου | Γυναικεία Υπόθεση | Τα μυστικά μιας επιτυχημένης σχέσης | Δραστικής Συγχώρεσης και Αυτοσυγχώρεσης | Full Identity Reset – Η Γυναίκα που Δεν Συμβιβάζεται | Δεν Είσαι Μπλοκαρισμένος. Είσαι σε Μετάβαση – και μαζί περνάμε Απέναντι | Οι 9 συναντήσεις – Βασικό Σεμινάριο Σαμανικών Πρακτικών για αρχάριους | Προσωπική Ανάπτυξη | Business | Μαθήματα Χρήσης της Πλατφόρμας,
cmta1fu97003pq8iyip5e1paw,Z-Ergaleia,Δωροκάρτα 300,https://www.z-ergaleia.gr/,https://z-ergaleia.gr,200,Z-Ergaleia.gr,Ηλεκτρικά εργαλεία και αναλώσιμα στις καλύτερες τιμές της αγοράς!,"Δημοφιλείς Κατηγορίες: | Bosch Gbh 4-32 DFR Περιστροφικό Πιστολέτο Με Sds-Plus (0611332100) | Husqvarna 592XP Autotune 24 Light Αλυσοπρίονο Βενζίνης 7.4kg με Λάμα 60cm και Easy Start | Husqvarna TF230 Σκαπτικό Βενζίνης 196cc | Husqvarna TF338 Σκαπτικό Βενζίνης 212cc | Husqvarna LS+ Λάδι Μίξης Για Δίχρονους Κινητήρες 1lt | BOSCH GSS 230 AVE Παλμικό Τριβείο | Husqvarna 525P4S Βενζινοκίνητο Κονταροαλυσοπρίονο | Karcher T 11/1 Classic HEPA Re!Plast Σκούπα Ξηρής Αναρρόφησης 850W | Kraft Ηλεκτρικό Σκαπτικό/Φρεζάκι 1500W (691148) | Husqvarna All Season Λάδι Αλυσίδας (Chain Oil) 20lt | Σκούπα στάχτης και ξηρής αναρρόφησης AD 4 Premium | Husqvarna 572 XP-20\"" Αλυσοπρίονο Βενζίνης+ Μπουφαν | Husqvarna 120 Mark II Βενζ/Το Αλυσοπριονο 16"" | Husqvarna 525BX Φυσητήρας Βενζίνης | Karcher RM 732 Απολυμαντικό Απορρυπαντικό 5lt | Husqvarna 550XP Mark II Autotune Αλυσοπριονο 18'' + Δωρο Μπουφαν | Bosch GWS 9-125S Γων. Λειαντήρας Με Ρυθμιζόμενη Ταχύτητα 125Mm (0601396104) | Husqvarna 562XP Autotune Αλυσοπρίονο 45Cm 4.7hp | Bosch GBH 5-40 D Professional Περιστροφικό Πιστολέτο Με Sds Max (0611269001) | Husqvarna 215iL με μπαταρία και φορτιστή | Karcher K3 Πλυστικο Υψηλης Πιεσης | Wurth Προστατευτικό Καλωδίων Από Τρωκτικά (0892077150) | Karcher SC 2 Easyfix Ατμοκαθαριστής",200,Z-Ergaleia.gr,Ηλεκτρικά εργαλεία και αναλώσιμα στις καλύτερες τιμές της αγοράς!,"Δημοφιλείς Κατηγορίες: | Husqvarna 550XP Mark II Autotune Αλυσοπριονο 18'' + Δωρο Μπουφαν | Husqvarna 120 Mark II Βενζ/Το Αλυσοπριονο 16"" | BOSCH GSS 230 AVE Παλμικό Τριβείο | Husqvarna 525BX Φυσητήρας Βενζίνης | Husqvarna TF230 Σκαπτικό Βενζίνης 196cc | Husqvarna 215iL με μπαταρία και φορτιστή | Husqvarna 592XP Autotune 24 Light Αλυσοπρίονο Βενζίνης 7.4kg με Λάμα 60cm και Easy Start | Husqvarna 525P4S Βενζινοκίνητο Κονταροαλυσοπρίονο | Bosch GBH 5-40 D Professional Περιστροφικό Πιστολέτο Με Sds Max (0611269001) | Karcher T 11/1 Classic HEPA Re!Plast Σκούπα Ξηρής Αναρρόφησης 850W | Σκούπα στάχτης και ξηρής αναρρόφησης AD 4 Premium | Husqvarna All Season Λάδι Αλυσίδας (Chain Oil) 20lt | Karcher RM 732 Απολυμαντικό Απορρυπαντικό 5lt | Husqvarna TF338 Σκαπτικό Βενζίνης 212cc | Husqvarna 572 XP-20\"" Αλυσοπρίονο Βενζίνης+ Μπουφαν | Bosch GWS 9-125S Γων. Λειαντήρας Με Ρυθμιζόμενη Ταχύτητα 125Mm (0601396104) | Bosch Gbh 4-32 DFR Περιστροφικό Πιστολέτο Με Sds-Plus (0611332100) | Husqvarna LS+ Λάδι Μίξης Για Δίχρονους Κινητήρες 1lt | Husqvarna 562XP Autotune Αλυσοπρίονο 45Cm 4.7hp | Kraft Ηλεκτρικό Σκαπτικό/Φρεζάκι 1500W (691148) | Wurth Προστατευτικό Καλωδίων Από Τρωκτικά (0892077150) | Karcher K4 Classic | Karcher Puzzi 8/1 Facelift Μηχανή Πλύσης - Απόπλυσης Υφασμάτινων Επιφανειών",
cmtb78e22007gdkiyojyhhg7e,Zador,Gift Voucher 100 EUR,https://www.zador.gr/en/products/gift-voucher-100-eur,https://zador.gr,200,Gift Voucher 100 EUR – Zador.gr,Zador.gr,Login | Menu | Search | Language | Recently viewed | Estimated total | New arrivals | Gift Voucher 100 EUR | Share this product,200,Zador.gr,Zador.gr,Login | Μενού | Αναζήτηση | Γλώσσα | Πρόσφατα προβεβλημένα | Εκτιμώμενο σύνολο | New arrivals | Featured Products,
cmta1k08j00jaq8iy49e6rrba,Zoniou,Zoniou Gift Card,https://zoniou.gr/giftcard,https://zoniou.gr,200,Giftcard,Giftcard,"Giftcard | Από 10,00 € έως 100,00 € | 1 Επιλέξτε ποσό | 2 Στοιχεία αποστολής",200,Zoniou Scentiments | Αρώματα & Περιποίηση Σώματος,"Μύρισε όμορφα, νιώσε υπέροχα. Αρώματα γυναικεία & ανδρικά, περιποίηση σώματος & αρωματικά χώρου από τη Zoniou. Δωρεάν μεταφορικά άνω των 40€.",αρώματα inspired by | αρώματα χώρου | body & bath | she nomad collection | New Collections | Gift Card,
cmtb6v8x4004m3giyp2bbit9u,Zooparadise,Δωροκάρτα,https://zooparadise.gr/product/%CE%B4%CF%89%CF%81%CE%BF%CE%BA%CE%AC%CF%81%CF%84%CE%B1/,https://zooparadise.gr,200,Δωροκάρτα - Zoo Paradise Pet Shop,Πώς θα ήθελες να στείλεις τη Δωροκάρτα Με Sms Email Παραλαβή Παραλήπτη από Κατάστημα Καταχώρισε: ONOMA & EΠΙΘΕΤΟ ΠΑΡΑΛΗΠΤΗ ΚΙΝΗΤΟ ΠΑΡΑΛΗΠΤΗ ή EMAIL ΠΑΡΑΛΗΠΤΗ,"Δωροκάρτα | Επιπλέον πληροφορίες | Zoo Paradise Pet shop & more | Επικοινωνία | Ώρες λειτουργίας | Εξυπηρέτηση πελατών | Κέρδισε 5% έκπτωση στην επόμενη αγορά σου με ένα μόνο κλικ! | Κάνε την εγγραφή σου στο Newsletter του zooparadise.gr για να μαθαίνεις πρώτος τις προσφορές και τα νέα μας! | Συγχαρητήρια! Για να λάβεις την έκπτωση, χρησιμοποίησε τον κωδικό ZOOWELCOME5 στην παραγγελία σου.",200,Zoo Paradise Pet Shop - Τα πάντα για το κατοικίδιο σου! - Zoo Paradise Pet Shop,,"Τα πάντα για το κατοικίδιο σου! | Τσάντες GLEE Space σε πολλά χρώματα & σχέδια! | Βρες με ένα κλικ Κονσέρβες Σκύλου Royal Canin, για κάθε ράτσα! | Γνώρισε τη Best Seller Τροφή για Σκύλους! | Συμπληρώματα Διατροφής για σκύλους & γάτες | NΕΟ Crate Σκύλου Mεταλλικό Διαθέσιμο σε 3 Μεγέθη | Τώρα παραλαμβάνεις 24/7 με BOX NOW ! | Απόκτησε κι εσύ τη Best Seller Λεκάνη της Glee ! | ΝΕΑ Συλλογή σε κούνιες & κρεμαστά κρεβατάκια γάτας Paw Care | ΠΡΟΛΑΒΕ Ρουχαλάκια Σκύλου GLEE με -20% | Κρεβατάκια GLEE σε Μοναδική ΠΡΟΣΦΟΡΑ! | Η Brit Care έφτασε στο Zooparadise.gr ! | Η σειρά της Fisi έφτασε, σε πολλές γεύσεις ! | Premium Τροφή Sterilised & Light για Σκύλους! | Με την εγγύηση ποιότητας της Amanova & τιμές Zooparadise! | Φυσικό Κατάστημα Ζοοparadise.gr | Trixie Μπολ γάτας σε 3 χρώματα! | Woofmoda σχέδια σε τιμές Zooparadise! | Αξεσουάρ για Γάτες σε μοναδικά σχέδια & χρώματα! | Egeo Κονσέρβες Γάτας σε Προσφορά Γνωριμίας 4+1 ΔΩΡΟ! | ΔΩΡΕΑΝ Μεταφορικά εντός Αττικής, σε παραγγελίες από 30€ ! | Φτιάξε την ταυτότητα του μικρόυ σου φίλου, με ένα κλικ! | Τι κατοικίδιο έχεις; | Best Sellers – Σκύλος",
cmta1f5j70017q8iy3ul3t87x,arfie.gr,Arfie Gift Card,https://www.arfie.gr/,https://arfie.gr,200,Arfie | Born to Dream,"Ένα concept store φτιαγμένο με πολλή αγάπη! Βρεφικά και παιδικά ρούχα, σετάκια, είδη βρεφανάπτυξης, φροντίδας, αξεσουάρ για τη μαμά όπως τσάντες καροτσιού/ αλλαξιέρες, χειροποίητα κεριά και λευκά είδη από τα πιο όμορφα και μοντέρνα Ευρωπαϊκά και Αμερικάνικα brands!","τα ρουχαλάκια της συλλογής μας! | έως -70% | MUSHIE ΕΩΣ -50% | TOP PICKS | ΚΟΥΒΕΡΤΕΣ | ΑΓΑΠΗΜΕΝΕΣ ΣΥΛΛΟΓΕΣ | Naif | ΦΑΓΗΤΟ | ΜΟΥΣΕΛΙΝΕΣ & ΛΑΒΕΤΕΣ | ΤΕΛΕΥΤΑΙΑ ΤΕΜΑΧΙΑ | Filibabba | Κάνε εγγραφή στο Newsletter μας! | BRANDS WE LOVE | BLOG | Μέθοδος Μοντεσόρι στο Σπίτι: Τι Είναι, Πώς Λειτουργεί & Πώς να την Εφαρμόσεις Εύκολα | BLW (Baby Led Weaning): Τι είναι και όλα όσα πρέπει να γνωρίζεις πριν ξεκινήσεις | ESHOP | HELP | SUBSCRIBE | Ακολούθησε μας!!! | Newsletter",200,Arfie | Born to Dream,"Ένα concept store φτιαγμένο με πολλή αγάπη! Βρεφικά και παιδικά ρούχα, σετάκια, είδη βρεφανάπτυξης, φροντίδας, αξεσουάρ για τη μαμά όπως τσάντες καροτσιού/ αλλαξιέρες, χειροποίητα κεριά και λευκά είδη από τα πιο όμορφα και μοντέρνα Ευρωπαϊκά και Αμερικάνικα brands!","τα ρουχαλάκια της συλλογής μας! | έως -70% | MUSHIE ΕΩΣ -50% | TOP PICKS | ΚΟΥΒΕΡΤΕΣ | ΑΓΑΠΗΜΕΝΕΣ ΣΥΛΛΟΓΕΣ | Naif | ΦΑΓΗΤΟ | ΜΟΥΣΕΛΙΝΕΣ & ΛΑΒΕΤΕΣ | ΤΕΛΕΥΤΑΙΑ ΤΕΜΑΧΙΑ | Filibabba | Κάνε εγγραφή στο Newsletter μας! | BRANDS WE LOVE | BLOG | Μέθοδος Μοντεσόρι στο Σπίτι: Τι Είναι, Πώς Λειτουργεί & Πώς να την Εφαρμόσεις Εύκολα | BLW (Baby Led Weaning): Τι είναι και όλα όσα πρέπει να γνωρίζεις πριν ξεκινήσεις | ESHOP | HELP | SUBSCRIBE | Ακολούθησε μας!!! | Newsletter",
cmta1fhpc002fq8iydkzv0m1y,e-Mamouth,ΔΩΡΟΕΠΙΤΑΓΗ,https://e-mamouth.gr/,https://e-mamouth.gr,200,"e-Mamouth Books, Toys, Gifts, Gadgets - e-Mamouth","Τα πάντα για Βιβλια, Δώρα, Παιχνίδια και Gadget στις καλύτερες τιμές. Γρήγορες αποστολές, ταχεία εξυπηρέτηση και άμεση επικοινωνία...","Dumplings squishy halloween με Ordis | Antistress Banana Jelly με Ρεαλιστικά Φρούτα 17cm | Squeeze Βούτυρο Ροζ Large 23x6x6 cm | Dumpling Antistress squishy Pastel Smile 8.5cm | AntiStress Cranchy δεν επανέρχεται (Τυχαίο Χρώμα) | Squishy Anti-Stress με Μαλτόζη Μήλο 6εκ. (Τυχαίο Χρώμα) | So Kawaii Ζουληχτό Ζωάκι με 2 Κοστούμια 5,5εκ. (Τυχαίο Σχέδιο) | Antistress Fun Ζουληχτό Τσαντάκι SugarGlitter 8εκ. (Τυχαίο Χρώμα) | 243650 ΜΠΛΟΚ ΣΗΜΕΙΩΣΕΩΝ ΜΕ ΚΟΛΛΑ Νο1 7.8×12.7εκ 50Φ ΡΙΓΕ | Στυλό Pilot Gel G2 0.7mm Μπλε BL-G2-7L | 243711 ΜΠΛΟΚ REPORTERS ΣΠΙΡΑΛ 9×14.8cm Νο.2 ΛΕΥΚΟ Φ.50 | Στυλό Deli P1-Macaron Ball Point Pen 0.7 50 Μπλε 418292 (τυχαία επιλογή χρώματος) | Squishy Τοστάκι PU Αρωματικό Antistress 10x9cm | Κλασικό Μολύβι με Γόμα Ολυμπιακός Μπάσκετ (τυχαία επιλογή) HP.BTS.PNC.008 | Λούτρινο Disney Winnie The Pooh Winnie με Βάζο 30cm 2100152 | Deli Κονκάρδα με Κλιπ και Κορδόνι Κάθετη 32x30x5.3cm PP (τυχαία επιλογή χρώματος | Ravensburger 3D Puzzle Maxi Νοτρ Νταμ – Notre Dame | Adidas Τσάντα πλάτης Adicolor Backpack 21,1 L Πορτοκαλί | ΤΕΤΡΑΔΙΟ SPR PRIME PASTEL PRESS 17X25 2 ΘΕΜ 60 ΦΥΛΛΑ (ΤΥΧΑΙΑ ΕΠΙΛΟΓΗ) | Μινιατούρα Schleich Σκύλος Rhodesian Ridgeback 13895 | Λούτρινο Pms Softlings Fast Foodies 16cm Πίτσα | 225465-ΚΛΑΣΣΕΡ Α4 2-25 ΠΛΑΣΤΙΚΑ ΡΡ (Τυχαία επιλογή χρώματος) | STAED. ΜΟΛΥΒΙ 13043 ΗΒ ΠΑΣΤΕΛ (ΤΥΧΑΙΑ ΕΠΙΛΟΓΗ ΧΡΩΜΑΤΟΣ) | Μολύβι με Γόμα HB =2 Maped Neon 853717 (Tυχαία επιλογή χρώματος)",200,"e-Mamouth Books, Toys, Gifts, Gadgets - e-Mamouth","Τα πάντα για Βιβλια, Δώρα, Παιχνίδια και Gadget στις καλύτερες τιμές. Γρήγορες αποστολές, ταχεία εξυπηρέτηση και άμεση επικοινωνία...","Dumplings squishy halloween με Ordis | Antistress Banana Jelly με Ρεαλιστικά Φρούτα 17cm | Squeeze Βούτυρο Ροζ Large 23x6x6 cm | Dumpling Antistress squishy Pastel Smile 8.5cm | AntiStress Cranchy δεν επανέρχεται (Τυχαίο Χρώμα) | Squishy Anti-Stress με Μαλτόζη Μήλο 6εκ. (Τυχαίο Χρώμα) | So Kawaii Ζουληχτό Ζωάκι με 2 Κοστούμια 5,5εκ. (Τυχαίο Σχέδιο) | Antistress Fun Ζουληχτό Τσαντάκι SugarGlitter 8εκ. (Τυχαίο Χρώμα) | 243650 ΜΠΛΟΚ ΣΗΜΕΙΩΣΕΩΝ ΜΕ ΚΟΛΛΑ Νο1 7.8×12.7εκ 50Φ ΡΙΓΕ | Στυλό Pilot Gel G2 0.7mm Μπλε BL-G2-7L | 243711 ΜΠΛΟΚ REPORTERS ΣΠΙΡΑΛ 9×14.8cm Νο.2 ΛΕΥΚΟ Φ.50 | Στυλό Deli P1-Macaron Ball Point Pen 0.7 50 Μπλε 418292 (τυχαία επιλογή χρώματος) | Squishy Τοστάκι PU Αρωματικό Antistress 10x9cm | Κλασικό Μολύβι με Γόμα Ολυμπιακός Μπάσκετ (τυχαία επιλογή) HP.BTS.PNC.008 | Λούτρινο Disney Winnie The Pooh Winnie με Βάζο 30cm 2100152 | Deli Κονκάρδα με Κλιπ και Κορδόνι Κάθετη 32x30x5.3cm PP (τυχαία επιλογή χρώματος | Ravensburger 3D Puzzle Maxi Νοτρ Νταμ – Notre Dame | Adidas Τσάντα πλάτης Adicolor Backpack 21,1 L Πορτοκαλί | ΤΕΤΡΑΔΙΟ SPR PRIME PASTEL PRESS 17X25 2 ΘΕΜ 60 ΦΥΛΛΑ (ΤΥΧΑΙΑ ΕΠΙΛΟΓΗ) | Μινιατούρα Schleich Σκύλος Rhodesian Ridgeback 13895 | Λούτρινο Pms Softlings Fast Foodies 16cm Πίτσα | 225465-ΚΛΑΣΣΕΡ Α4 2-25 ΠΛΑΣΤΙΚΑ ΡΡ (Τυχαία επιλογή χρώματος) | STAED. ΜΟΛΥΒΙ 13043 ΗΒ ΠΑΣΤΕΛ (ΤΥΧΑΙΑ ΕΠΙΛΟΓΗ ΧΡΩΜΑΤΟΣ) | Μολύβι με Γόμα HB =2 Maped Neon 853717 (Tυχαία επιλογή χρώματος)",
cmta1fmuj002xq8iywjvgu2jh,e-Stathatos,e-Stathatos Gift Card,https://www.e-stathatos.gr/proion/gift-card/,https://e-stathatos.gr,200,Gift Card – Stathatos Athletics,,Gift Card | Νομικά / Όροι (Σύνοψη για modal),200,Stathatos Athletics – Αθλητικά Είδη από το 1984,Ανδρικά ρούχα Ανδρικά παπούτσια Αξεσουάρ Γυναικεία ρούχα Γυναικεία παπούτσια Αξεσουάρ Παιδικά ρούχα Παιδικά παπούτσια Αξεσουάρ MOVE IN YOUR ELEMENT MOVE IN YOUR ELEMENT TRAINING RUNNING VOLLEY NEW ARRIVALS Follow us on Instagram @StathatosAthletics,Home after winter 2026 | Ανδρικά ρούχα | Ανδρικά παπούτσια | Αξεσουάρ | Γυναικεία ρούχα | Γυναικεία παπούτσια | Παιδικά ρούχα | Παιδικά παπούτσια | MOVE IN YOUR ELEMENT | TRAINING | RUNNING | VOLLEY | NEW ARRIVALS | FILA Memory Workshift Velcro | PUMA x HYROX Everday Crew Socks σε Μαύρο Χρώμα | PUMA x HYROX Deviate NITRO™ Elite 4 | NEW BALANCE Athletics Crafted Fleece Crew Ανδρικό Φούτερ Γκρι Χρώμα | Follow us on Instagram @StathatosAthletics | Νομικά / Όροι (Σύνοψη για modal),
cmta5no2o000l54iyn0hww43y,esthai,E-Gift Card - esthai,https://www.esthai.gr/e-gift-card,https://esthai.gr,200,E-Gift Card | esthai,,e-Gift Card,200,Home | esthai,,-Stone & Sun- | Best Sellers | Pearl Stud Earrings | Wave Bangle | Collar Necklace | Golden Loop Earrings | Rings | Earrings | Necklaces | Bracelets,
cmtb6v5n300443giyc38lkfcr,for Car Lovers - Swissvax,Gift Voucher - for Car Lovers - Swissvax,https://swissvax.gr/en/products/geschenkgutschein,https://swissvax.gr,200,Swissvax Gift Voucher – for Car Lovers | Swissvax – SWISSVAX Logistics UG (haftungsbeschränkt),"The car lover in your life chooses themselves: waxes, care sets, workshops or accessories. Delivered digitally, instantly redeemable at swissvax.ch.",Gift Voucher | Free shipping on your first order | One click to go,200,"Swissvax – Φροντίδα αυτοκινήτου, γυαλιστικά και κερώματα αυτοκινήτων από το 1930 – SWISSVAX Logistics UG (haftungsbeschränkt)","Χειροποίητα προϊόντα περιποίησης αυτοκινήτου από την Ελβετία: κεριά αυτοκινήτου, γυαλιστικά, προϊόντα περιποίησης δέρματος και προϊόντα περιποίησης. Συνεργάτης OEM των Rolls-Royce, Bugatti και Aston Martin.","Premium κερί αυτοκινήτου & φροντίδα αυτοκινήτου | Ελβετική φροντίδα αυτοκινήτου – κερί, γυάλισμα και προστασία από τη Swissvax | Βρείτε την εφαρμογή σας | Κερί αυτοκινήτου με βάση την Carnauba | Σετ περιποίησης & καθαρισμού αυτοκινήτου | Δέρμα και εσωτερικό | Προϊόντα περιποίησης και καθαρισμού αυτοκινήτων | Φροντίδα & Καθαρισμός PPF | Φροντίδα ματ χρώματος | Καθαρισμός μοτοσικλέτας | Μπότα | Lifestyle | Αξεσουάρ για τον καθαρισμό και τη φροντίδα του οχήματός σας | Μηχανικό γυάλισμα | Πλαστικό και ανθρακονήματα | Νέα προϊόντα | TROLLEY COLLECTION με κερί καρναούμπα | Αρωματικό κερί Senaï | Crystal Shield επικάλυψη γυαλιού – καλύτερη απώθηση βροχής | Swissvax σαπούνι χεριών 250 ml – πολυτελές σαπούνι χεριών για το γκαράζ | Utopia αρωματικό κερί – ελβετική πολυτέλεια για το σπίτι | PLATINUM (60% Vol.) κερί carnauba με Graphene – προστασία επόμενου επιπέδου | CARAT Fine Fragrance άρωμα EdP – πολυτελές eau de parfum unisex | Καπέλο Panama – Care for your Dream",
cmta1fxm40041q8iyf19nk7km,iQueens,iQueens: Το Ιδανικό Δώρο! Δωροκάρτες από 20€ έως 400€,https://www.iqueens.gr/el/dorokartes/309412-ilektroniko-kouponi-aksias-400-.html,https://iqueens.gr,400,,,,200,Queens - Η μεγαλύτερη ποικιλία σε αθλητικά παπούτσια!,"Η μεγαλύτερη ποικιλία σε αθλητικά παπούτσια από adidas, Converse, Nike, Vans και πολλά άλλα με διαθεσιμότητα σε απόθεμα και δωρεάν επιστροφές! Ψωνίστε σε εξαιρετικές τιμές στο Queens.cz.",Δεν μπορείτε να το χάσετε αυτό | Steve Madden Mavis | New Balance 204L | MC2 Saint Barth | Μόδα | Γυναίκες | Ανδρες | Παπούτσια | Ρούχα | Αξεσουάρ | Πώληση | Queens Essentials | Études Studio | Στιβ Μάντεν Μάβις | Από την κορυφή ως τα νύχια. | ΕIΜΑΣΤΕ QUEENS | TOP Προϊόντα | Κορυφαίες μάρκες | Κορυφαία μοντέλα | Κορυφαία παπούτσια | Κορυφαία ρούχα | Βοήθεια | Queens | Κοινότητα,NON_HTML_RESPONSE
cmta1fuql003rq8iykfccc6hy,iloveprints,For Your Buddle of Joy - Card,https://iloveprints.gr/,https://iloveprints.gr,200,I Love Prints - Μοναδικά Προσωποποιημένα Δώρα & Εκτυπώσεις,"Ανακαλύψτε τον μαγικό κόσμο του I Love Prints! Δημιουργήστε ξεχωριστά και μοναδικά δώρα για αγαπημένα πρόσωπα, με προσωποποιημένες εκτυπώσεις σε χαλάκια εισόδου, κορνίζες, καμβάδες, κούπες, μαξιλάρια και πολλά άλλα. Ιδανικές λύσεις για διακόσμηση σπιτιού και μοναδικά παιδικά δώρα. Επισκεφθείτε μας και δώστε ζωή στις ιδέες σας!",Μαγικός κόσμος των εκτυπώσεων & των μοναδικών δημιουργιών | Τα αγαπημένα σας | Νέα Προϊόντα | Οι Προσφορές Μας,200,I Love Prints - Μοναδικά Προσωποποιημένα Δώρα & Εκτυπώσεις,"Ανακαλύψτε τον μαγικό κόσμο του I Love Prints! Δημιουργήστε ξεχωριστά και μοναδικά δώρα για αγαπημένα πρόσωπα, με προσωποποιημένες εκτυπώσεις σε χαλάκια εισόδου, κορνίζες, καμβάδες, κούπες, μαξιλάρια και πολλά άλλα. Ιδανικές λύσεις για διακόσμηση σπιτιού και μοναδικά παιδικά δώρα. Επισκεφθείτε μας και δώστε ζωή στις ιδέες σας!",Μαγικός κόσμος των εκτυπώσεων & των μοναδικών δημιουργιών | Τα αγαπημένα σας | Νέα Προϊόντα | Οι Προσφορές Μας,
cmta5nqmr000z54iy6mzkfi9o,krokodila,Gift Cards - krokodila,https://krokodila.gr/collections/gift-cards,https://krokodila.gr,200,Gift Cards – krokodila,"Gift Card for a beloved person. There are to types of Gift Cards available, a physical gift card and a digital one.",Country/region | Language | Item added to your cart | Sort by: | 2 products | Sort | Krokodila Gift Card - Physical | Krokodila Gift Card - Digital | Information | Account | Shop | Handmade Wooden Accessories | Your Consent Matters | Are you sure? keep only on this device,200,krokodila,krokodila,Country/region | Language | Item added to your cart | Handmade with love and care | Reclamed wood that makes Art | Natural Colors | Minimal Lines | Handcrafted Wooden Jewellery | Earrings | Bracelets | Necklaces | Rings | Handcrafted Lamps & Lamp Holders | Information | Account | Shop | Handmade Wooden Accessories | Your Consent Matters | Are you sure? keep only on this device,
cmtb77j2x0035dkiyogo2a953,s Αρχεία,Gift Cards Αρχεία,https://www.rocksugarbaby.gr/product-category/dorakia/gift-cards/,https://rocksugarbaby.gr,200,Gift Cards Αρχεία - RockSugarBaby.gr,"Η Κάρτα Δώρου είναι το πιο πρακτικό και έξυπνο δώρο που μπορείτε να προσφέρετε στα αγαπημένα σας πρόσωπα, εύκολα και γρήγορα, δίνοντάς τους μεγάλη χαρά! Επιλέξτε την Δωροκάρτα που επιθυμείτε και επωφεληθείτε από την ευελιξία που προσφέρει τόσο σε εσάς όσο και στον τυχερό Δωρολήπτη!",Gift Cards | Gift Card 100€ | Gift Card 75€ | Gift Card 50€ | Gift Card 25€ | Gift Card 10€ | Εύκολη παραλαβή 24/7 από 3000 σημεία Box Now ή Skroutz Point,200,Αρχική - RockSugarBaby.gr,"Ανακάλυψε πρωτότυπα δώρα, ποιοτικά βρεφικά είδη & παιχνίδια στο Rock Sugar Baby! Μοναδικές επιλογές για μωρά και παιδιά, με στυλ και αγάπη.","Hot Προϊόντα | Melii – Bento Φαγητοδοχείο με Charms Μπλε | Melii – Bento Φαγητοδοχείο με Charms Μωβ | Melii – Bento Φαγητοδοχείο με Charms Πράσινο | Melii – Bento Φαγητοδοχείο με Charms Ροζ | Melii – Melii Θερμός Fidget 300ml – Μπλε | Melii – Melii Θερμός Fidget 300ml – Ροζ | Melii – Παγούρι με Charms Μπλε 450ml | Melii – Παγούρι με Charms Μωβ 450ml | Melii – Παγούρι με Charms Πράσινο 450ml | Melii – Παγούρι με Charms Ροζ 450ml | Βρεφικό Θερμός Φαγητού Eco Life Ανοξείδωτο 450ml – Baby Pink | Βρεφικό Θερμός Φαγητού Eco Life Ανοξείδωτο 450ml – Blue | Στρογγυλό Θερμός Φαγητού 650ml – Κίτρινο | Προτεινόμενες Κατηγορίες | Διαβάστε στο Blog μας | Σουτιέν Θηλασμού: Οδηγός για Άνεση, Στήριξη και Σωστή Επιλογή | Πύργος Εκμάθησης: Το κλειδί για την ανεξαρτησία του παιδιού σύμφωνα με τη μέθοδο Montessori | Εξισορρόπηση εργασίας και μητρότητας: Συμβουλές για επιτυχία | Γιατί να αγοράσετε Λίκνο Συγκοίμησης: 5 Επιστημονικοί Λόγοι | 5 Βασικοί Κανόνες για τη Χρήση Ηλεκτρονικών Συσκευών από Παιδιά | 5 πράγματα που μπορείς να κάνεις για σένα όσο κοιμάται το μωρό | Τι παρκοκρέβατο να πάρω; | Πως υπολογίζουμε το σωστό νούμερο σουτιέν θηλασμού",
cmtb782wo005zdkiyoydj8owp,Αγοράστε μία Δωροκάρτα,Αγοράστε μία Δωροκάρτα,https://www.fifthelement.gr/index.php?route=account/voucher,https://fifthelement.gr,200,Αγοράστε μία Δωροκάρτα,"Η Fifth Element, με έδρα τα Ιωάννινα, αντιπροσωπεύει τις κορυφαίες εταιρείες outdoor ειδών και αποτελεί το απόλυτα εξειδικευμένο κατάστημα αθλητικών δραστηριοτήτων όπως το τρέξιμο, η πεζοπορία, το ski, το snowboard, η αναρρίχηση, η ορειβασία, για ένδυση και υπόδηση lifestyle/casual αλλά και πλήρη εξοπλισμό κατασκήνωσης. Επίσημος αντιπρόσωπος των μεγαλύτερων brands όπως The North Face, Columbia, Salomon, La Sportiva, Asics, Burton, Vans, Dynafit και πολλών άλλων.",ΑΝΔΡΙΚΗ ΥΠΟΔΗΣΗ | ΑΝΔΡΙΚΗ ΕΝΔΥΣΗ | ΓΥΝΑΙΚΕΙΑ ΥΠΟΔΗΣΗ | ΓΥΝΑΙΚΕΙΑ ΕΝΔΥΣΗ | ΠΑΙΔΙΚΗ ΥΠΟΔΗΣΗ | ΠΑΙΔΙΚΗ ΕΝΔΥΣΗ | ΓΕΝΙΚΑ ΕΙΔΗ | ΚΟΡΥΦΑΙΕΣ ΕΤΑΙΡΕΙΕΣ | Αγοράστε μία Δωροκάρτα | Ο Λογαριασμός μου | Παραγγελίες | Λογαριασμός | Πληροφορίες | Newsletter,200,Fifth Element - Adventure Store,"Η Fifth Element, με έδρα τα Ιωάννινα, αντιπροσωπεύει τις κορυφαίες εταιρείες outdoor ειδών και αποτελεί το απόλυτα εξειδικευμένο κατάστημα αθλητικών δραστηριοτήτων όπως το τρέξιμο, η πεζοπορία, το ski, το snowboard, η αναρρίχηση, η ορειβασία, για ένδυση και υπόδηση lifestyle/casual αλλά και πλήρη εξοπλισμό κατασκήνωσης. Επίσημος αντιπρόσωπος των μεγαλύτερων brands όπως The North Face, Columbia, Salomon, La Sportiva, Asics, Burton, Vans, Dynafit και πολλών άλλων.",ΑΝΔΡΙΚΗ ΥΠΟΔΗΣΗ | ΑΝΔΡΙΚΗ ΕΝΔΥΣΗ | ΓΥΝΑΙΚΕΙΑ ΥΠΟΔΗΣΗ | ΓΥΝΑΙΚΕΙΑ ΕΝΔΥΣΗ | ΠΑΙΔΙΚΗ ΥΠΟΔΗΣΗ | ΠΑΙΔΙΚΗ ΕΝΔΥΣΗ | ΓΕΝΙΚΑ ΕΙΔΗ | ΚΟΡΥΦΑΙΕΣ ΕΤΑΙΡΕΙΕΣ | THE NORTH FACE® Collection | SALOMON Collection | HOKA Collection | Νέες Παραλαβές | ΕΝΔΥΣΗ | ΥΠΟΔΗΣΗ | Σκίαστρα - Ομπρέλες | Water sports | Zagori Mountain Running Collection | Top Brands | Παραγγελίες | Λογαριασμός | Πληροφορίες | Newsletter,
cmtb77u1e004pdkiy841o8nlg,Αγοράστε μια δωροεπιταγή,Αγοράστε μια δωροεπιταγή,https://cheapet.gr/account/voucher,https://cheapet.gr,200,"Αγοράστε μια δωροεπιταγή - CheaPet-Pet shop Κατοικίδια, αγορά σκύλων, κουτάβια, τροφές.",,Λογαριασμός | Κατηγορίες Ερωτήσεων | Αγοράστε μια δωροεπιταγή | Επικοινωνία | Το CHEAPET μπορεί να προσφέρει: | Πληροφορίες | Εξυπηρέτηση Πελατών | Επιπρόσθετα | Ο λογαριασμός μου,200,"CheaPet-Pet shop Κατοικίδια, αγορά σκύλων, κουτάβια, τροφές.","Pet shop Κατοικίδια, Σκυλιά, Αγορά σκύλου, κουτάβια, εκτροφεία, εκπαίδευση, φυλές, τιμές, αγορά, ράτσες.","Μπίγκλ | Προτεινόμενη επιλογή για όσους θέλουν ένα σκυλί μεσαίου μεγέθους... | Μαλτέζ | Προτεινόμενη επιλογή για όσους θέλουν ένα σκυλί συντροφιάς μικρού μεγέθους ... | Μπόξερ | Προτεινόμενη επιλογή για όσους θέλουν ένα σκυλί μεγάλου μεγέθους... | Μπουλ τεριέ | Προτεινόμενη επιλογή για όσους θέλουν ένα σκυλί συντροφιάς μικρού - μεσαίου μεγέθους... | Μπάσετ χάουντ | Ροτβάϊλερ | Προτεινόμενα | Πρόσφατα Νέα | Ο σκύλος σας θυμάται περισσότερα από όσα νομίζετε! | Πρώτες βοήθειες για το σκύλο σας. | Νέα Είδη | CheaPet-Pet shop Κατοικίδια, αγορά σκύλων, κουτάβια, τροφές. | Επικοινωνία | Το CHEAPET μπορεί να προσφέρει: | Πληροφορίες | Εξυπηρέτηση Πελατών | Επιπρόσθετα | Ο λογαριασμός μου",
cmtb780qd005pdkiy9ptikri3,Αγόρασε μία Δωροκάρτα,Αγόρασε μία Δωροκάρτα,https://dazzeal.gr/index.php?route=account%2Fvoucher,https://dazzeal.gr,200,Αγόρασε μία Δωροκάρτα,Βρες τα πιο περιζήτητα brands ομορφιάς στο Dazzeal και ανακάλυψε τους τρόπους να λάμψεις με το μακιγιάζ και την περιποίηση προσώπου και σώματος στο πιο fun online shopping.,Αγόρασε μία Δωροκάρτα | Η εταιρεία μας | Χρήσιμα Links | Newsletter,200,Dazzeal,Βρες τα πιο περιζήτητα brands ομορφιάς στο Dazzeal και ανακάλυψε τους τρόπους να λάμψεις με το μακιγιάζ και την περιποίηση προσώπου και σώματος στο πιο fun online shopping.,Dazzeal | Shop by Brand | New Gals in Town ✨ | Get'em ALL! ✨ | Δες τις Special Prices! | Instagram Feed - Follow Us @dazzeal | Η εταιρεία μας | Χρήσιμα Links | Newsletter,
cmtb7870h006idkiywp9f3dvf,Αρχεία,Δωροκάρτα Αρχεία,https://lovelucy.gr/product-category/wps_wgm_giftcard/,https://lovelucy.gr,200,Δωροκάρτα Αρχεία - Love Lucy Boutique,,Δωροκάρτα,200,Αρχική σελίδα - Love Lucy Boutique,"Ανακάλυψε stylish γυναίκεια ρούχα. Φορέματα, Πουκάμισα, Κοστούμια, Πανωφόρια, Μπλούζες, Σετ, και πολλά ακόμα σε περιμένουν εδώ.",-70% | Anthi’s faves | ✨ Westina Denim Πουκάμισο–Τζάκετ ✨ | ✨ Westelle Oversized Denim Πουκάμισο–Τζάκετ ✨ | ✨ Curvella Παντελόνι ✨ | ✨ Mavelle Crop Πλεκτό Ζιβάγκο ✨ | ✨ Sorella Σετ Αλκαντάρα ✨ | ✨ Teddora Βελούδινη Ζακέτα με Κουκούλα ✨ | Velmira Κοτλέ Φόρεμα ✨ | ✨ Stellara Πλεκτό Ζιβάγκο με Στρας ✨ | Κατηγορίες | Νεες παραλαβες | Bazaar έως-70% | Mystery bag | Σετ | Φορέματα | Παντελόνια | Μπλούζες | Πουκάμισα | Πανωφόρια | Κοστούμια | Ολόσωμες φόρμες | Αξεσουάρ | Κάντε ένα δώρο,
cmtb788lp006qdkiy17zrzzhw,Αρχεία,Gift card Αρχεία,https://www.malleconcept.gr/product-category/gift-card/,https://malleconcept.gr,200,Gift card Αρχεία - Malle Concept,,,200,HOME - Malle Concept,Inspiration CONTEMPORARY & ELEGANT Read More New Shop Now Most Popular Shop now Malle Lifestyle Discover Choices MAGDA MALLE – INTERIOR DESIGNER https://youtube.com/watch?v=v_d14mSFUaAhttps%3A Play New Ολοκληρώστε το χώρο σας Discover Malle Giftcard Discover Follow us @mallelivinginteriors,CONTEMPORARY & ELEGANT | New | Most Popular | Lifestyle | MAGDA MALLE - INTERIOR DESIGNER | Giftcard | @mallelivinginteriors | malle_conceptstore,
cmtb77zm2005jdkiy64jdfokt,Δωροεπιταγές,Δωροεπιταγές – Gift Cards,https://blue-print.gr/product/doroepitages-gift-cards/,https://blue-print.gr,200,Δωροεπιταγές – Gift Cards – blue-print.gr | Τυπογραφείο,[table id=60 /],Ο ΛΟΓΑΡΙΑΣΜΟΣ ΜΟΥ | Δωροεπιταγές – Gift Cards | ΠΕΡΙΓΡΑΦΗ | ΠΡΟΔΙΑΓΡΑΦΕΣ | Σχετικά προϊόντα | Διαφημιστικό Μπρελόκ από Plexiglass | Εισιτήρια Εκδηλώσεων | Card Postal | Δίπλωμα Συλλόγου – Αριστείο 300gr Velvet | Προσκλήσεις Εκδηλώσεων Πέρλα | Επαγγελματικές Κάρτες Ακουαρέλα | Προϊόντα | Ενημέρωση Πελατών | Πληροφορίες | Τρόποι Πληρωμών | Ακολουθήστε μας,200,blue-print.gr | Τυπογραφείο – blue-print.gr | Τυπογραφείο,,Ο ΛΟΓΑΡΙΑΣΜΟΣ ΜΟΥ | Επαγγελματικές Κάρτες Classic | Εταιρικά Επιστολόχαρτα | Επαγγελματικές Κάρτες Ακουαρέλα | Εταιρικό Folder – Ψηφιακό | Επαγγελματικοί Προϊοντικοί Κατάλογοι | Εταιρικοί Φάκελοι Με Εκτύπωση | Πλαστικές Κάρτες PVC | Μπλοκ Παραγγελιών – Σημειώσεων | Μονόφυλλο Διαφημιστικό Φυλλάδιο Α5 | Αφίσα | Διαφημιστικά Μαγνητάκια Ψυγείου | Προσκλήσεις Εκδηλώσεων | Καρτελάκι Αξιολόγησης QR Code | Δωροεπιταγές – Gift Cards | Κουπόνια | Εισιτήρια Εκδηλώσεων | Πινακίδες Σήμανσης Γραφείων & Εσωτερικών Χώρων | Εκτύπωση σε Μουσαμά | Εκτύπωση σε Διάτρητο Μουσαμά – Mesh | Αντηλιακή Μεμβράνη | Εκτύπωση σε Σημαία | Αυτοκόλλητο Τζαμαρίας | Ταμπέλα Αλουμινίου – Etalbond,
cmta4ymbf001rsciyxe7d8lyq,Δωροκάρτα - Karfitsomenos Gatos,Δωροκάρτα - Karfitsomenos Gatos,https://karfitsomenosgatos.gr/gift-card/,https://karfitsomenosgatos.gr,200,Δωροκάρτα - Karfitsomenos Gatos,Απεριόριστες επιλογές δώρων για αγαπημένα πρόσωπα. Αποκτήστε τη δική σας δωροκάρτα από τον Καρφιτσωμένο Γάτο και επιλέξτε αυτό που ταιριάζει καλύτερα.,"ΝΕΑ ΠΡΟΙΟΝTΑ | ΧΡΗΣΙΜΑ ΑΡΘΡΑ | ΓΝΩΡΙΣΤΕ ΤΗ ΣΕΙΡΑ GOLDEN FLOWERS | Μία δωροκάρτα, αμέτρητες επιλογές για να διαλέξουν αυτό που τους ταιριάζει | ΓΡΗΓΟΡΗ ΠΑΡΑΔΟΣΗ | ΑΣΦΑΛΕΙΣ ΣΥΝΑΛΛΑΓΕΣ | ΒΑΜΒΑΚΕΡΑ ΥΦΑΣΜΑΤΑ | ΚΕΝΤΗΜΑ ΟΝΟΜΑΤΟΣ | ΟΤΑΝ ΜΠΟΡΕΙΣ ΝΑ ΕΠΙΛΕΞΕΙΣ ΑΥΤΟ ΠΟΥ ΣΟΥ ΤΑΙΡΙΑΖΕΙ | ΠΩΣ ΛΕΙΤΟΥΡΓΕΙ | ΕΠΙΛΕΞΤΕ ΤΗΝ ΑΞΙΑ ΤΗΣ ΔΩΡΟΚΑΡΤΑΣ | ΑΠΟΣΤΕΛΛΟΥΜΕ ΤΗ ΔΩΡΟΚΑΡΤΑ ΣΤΟΝ ΠΑΡΑΛΗΠΤΗ ΤΗΣ | FOLLOW US ON INSTAGRAM | ΣΧΕΤΙΚΑ ΜΕ ΕΜΑΣ | ONLINE ΚΑΤΑΣΤΗΜΑ | ΠΡΟΤΑΣΕΙΣ ΔΩΡΟΥ | ΕΞΥΠΗΡΕΤΗΣΗ ΠΕΛΑΤΩΝ",200,"#1 Κατάστημα με μοναδικά βρεφικά λευκά είδη, προίκα μωρού, βρεφικό ρούχο, παιδικό ρούχο, αξεσουάρ! - Karfitsomenos Gatos","Σχεδιάζουμε, ράβουμε πρωτότυπα μοναδικά βρεφικά λευκά είδη, προίκα μωρού, Βρεφική προίκα, βρεφικό ρούχο, παιδικό ρούχο και αξεσουάρ!","ΝΕΑ ΠΡΟΙΟΝTΑ | ΧΡΗΣΙΜΑ ΑΡΘΡΑ | ΓΝΩΡΙΣΤΕ ΤΗ ΣΕΙΡΑ GOLDEN FLOWERS | Μαζί σας από την πρώτη στιγμή, στο πιο μαγικό ταξίδι! | ΓΡΗΓΟΡΗ ΠΑΡΑΔΟΣΗ | ΑΣΦΑΛΕΙΣ ΣΥΝΑΛΛΑΓΕΣ | ΒΑΜΒΑΚΕΡΑ ΥΦΑΣΜΑΤΑ | ΚΕΝΤΗΜΑ ΟΝΟΜΑΤΟΣ | ΠΡΟΙΚΑ ΜΩΡΟΥ | ΠΑΙΔΙΚΑ & ΒΡΕΦΙΚΑ ΡΟΥΧΑ | ΜΑΜΑ & ΠΑΙΔΙ ΑΞΕΣΟΥΑΡ | ΔΙΑΚΟΣΜΗΣΗ ΔΩΜΑΤΙΟΥ | ΝΕΕΣ ΑΦΙΞΕΙΣ | Βρεφική μπουρνουζοπετσέτα από βαμβάκι Oeko-Tex με Ballerinas print | Υφασμάτινο Παιδικό Σακ Βουαγιάζ με Ballerinas print | Βαμβακερά προστατευτικά ζώνης ασφαλείας 2 όψεων με print Ballerinas | Βρεφικό μαξιλάρι Wings για το καρότσι με print Ballerinas | Βρεφική σαλιάρα από βαμβάκι Oeko-Tex με Ballerinas print | Βαμβακερή προστατευτική πάντα κούνιας με print Garden | Θήκη οργάνωσης κούνιας από βαμβάκι Oeko-Tex με Garden print | Κορδέλα για τα μαλλιά Garden | ΕΠΙΛΕΓΟΥΜΕ ΤΑ ΠΙΟ ΙΔΙΑΙΤΕΡΑ ΣΧΕΔΙΑ | EΣΑΣ, ΠΟΙΟ ΕΙΝΑΙ ΤΟ ΑΓΑΠΗΜΕΝΟ ΣΑΣ; | ΤΑ ΑΝΑΔΕΙΞΑΤΕ",
cmta4z49k003vsciyj7ag8khc,Δωροκάρτα - Studio Fix,Δωροκάρτα - Studio Fix,https://studiofix.gr/gift-cards/,https://studiofix.gr,200,Δωροκάρτα | Studio Fix,Πρόσφερε μια δωροκάρτα από το Studio Fix σε ένα αγαπημένο σου πρόσωπο και χάρισέ του την περιποίηση που του αξίζει.,Δωροκάρτα Studio Fix | Δεν ξέρει τι δώρο να κάνεις στο αγαπημένο σου πρόσωπο; Το Studio Fix έχει τη λύση! | Θεραπείες χεριών ποδιών | Σχηματισμός Φρυδιών | Βλεφαρίδες | Νύχια | Μακιγιάζ | Αποτρίχωση | Μπορείς να μας βρεις: | Υπηρεσίες | Νυχια | Φρύδια,200,Ινστιτούτο Αισθητικής Περιστέρι | Studio Fix,Ινστιτούτο Αισθητικής Περιστέρι - Studio Fix: Κλείσε το ραντεβού σου και απόλαυσε μια ολοκληρωμένη εμπειρία περιποίησης!,Στο Ινστιτούτο Αισθητικής Studio Fix Αγαπάμε να σε φροντίζουμε! | Eμπειρία & Εξειδίκευση στον χώρο της αισθητικής | Υιοθέτηση νέων τεχνικών | Υπερσύγχρονος Χώρος Αισθητικής | Αυστηροί Κανόνες Υγιεινής | Cruelty Free Προϊόντα | Οι υπηρεσίες μας | Νύχια | Μακιγιάζ | Αποτρίχωση | Θεραπείες χεριών ποδιών | Σχηματισμός Φρυδιών | Βλεφαρίδες | Ινστιτούτο Αισθητικής στο Περιστέρι | Υπερσύγχρονος χώρος | Είπαν για μας | Ακολούθησε μας στα Social Media! | Μπορείς να μας βρεις: | Υπηρεσίες | Νυχια | Φρύδια,
cmta4yryo002fsciyhkz02ixr,Δωροκάρτα Love Generation,Δωροκάρτα Love Generation,https://lovegeneration.gr/shop/gift-card/gift-card/,https://lovegeneration.gr,200,Δωροκάρτα Love Generation - Love Generation,"Επιλέξτε το ποσό που θέλετε να δωρίσετε και μια δωροκάρτα με το μήνυμά σας θα σταλεί με email στο αγαπημένο σας πρόσωπο για να διαλέξει ό,τι επιθυμεί από το eshop μας!","Δωροκάρτα Love Generation | ΤΑΝΤΑΛΙΔΟΥ 6, ΘΕΣΣΑΛΟΝΙΚΗ | 6988 355 906 | INFO@LOVEGENERATION.GR",200,Αρχική - Love Generation,,"Shorts Ζακάρ Oldschool Elephant Grey | Oversized T-Shirt TLO462 Off-White | Shorts Oldschool Army | Πουκάμισο Λινό Ριγέ Blue | Shorts Oldschool Full Black | Boyfriend Shorts Ζακάρ Oldschool Elephant Grey | Oversized T-Shirt TLO455 Smoke Pink | Oversized T-Shirt TLO462 Black | ΤΑΝΤΑΛΙΔΟΥ 6, ΘΕΣΣΑΛΟΝΙΚΗ | 6988 355 906 | INFO@LOVEGENERATION.GR",
cmtb6v4jr003y3giytfu9ztox,Δωροκάρτα Spaghetti Lab,Gift Card Δωροκάρτα Spaghetti Lab | Το Πιο Νόστιμο Δώρο ...,https://spaghettilab.gr/products/gift-card,https://spaghettilab.gr,200,Gift Card Δωροκάρτα Spaghetti Lab | Το Πιο Νόστιμο Δώρο από 20€ έως 200€,"Ψάχνεις το τέλειο δώρο για makers, tech enthusiasts ή custom δημιουργίες; Χάρισε μια Gift Card Spaghetti Lab αξίας 20€ έως 200€ για 3D prints, premium filaments και μοναδικά gadgets! Βρες την εδώ στο Spaghetti Lab!",Gift Card | Μεταφορικά | Περιγραφή | Το καλάθι σας | Οι συνεργάτες μας | Spaghetti Lab | Προιόντα | Νομικής Φύσεως | Newsletter | Διάλεξε επιλογή:,200,Spaghetti Lab,Τρισδιάστατη Εκτύπωση-Σχεδιασμός 3D-Εμπορία Filaments και αναλώσιμα για 3D εκτυπωτές,Spaghetti Lab | Εξερεύνησε το κόσμο του 3D Printing 🕵🏻‍♂️ | FAQ (Συχνές Ερωτήσεις) | Γενικά | Αποστολές | Επιστροφές και Αποζημιώσεις | Το καλάθι σας | Οι συνεργάτες μας | Προιόντα | Νομικής Φύσεως | Newsletter | Διάλεξε επιλογή:,
cmta4z8gh004bsciyrey9tw17,Δωροκάρτα Vip Art,Δωροκάρτα Vip Art,https://vipart.gr/product-category/dora-axesoyar/dorokarta-vipart-giftcard/,https://vipart.gr,200,Δωροκάρτα VIPART | Το Ιδανικό Δώρο για Διακόσμηση & Τέχνη,"Δωροκάρτα VIPART για μοναδικά δώρα διακόσμησης. Επιλέξτε πίνακες καμβά, ταπετσαρίες και wall art για κάθε στυλ και χώρο. Ιδανικό δώρο για όλους.",Τρίπτυχοι Πίνακες | Τετράπτυχοι Πίνακες | Δικό μου Σχέδιο - Μετατροπή Φωτογραφίας | Κολάζ με Δικές σας Φωτογραφίες | Αθλητικά | Αντίγραφα Διάσημων Ζωγράφων | Ασπρόμαυρα Σχέδια | Αφηρημένα Σχέδια | Βουνό | Δάσος | Δρόμος | Ελλάδα | Ζώα | Ηλιοβασίλεμα | Θάλασσα | Καλοκαίρι | Κινηματογράφος | Λόγια Σοφά | Λουλούδια | Μουσική - Χορός | Παιδικοί Πίνακες | Πίνακες Ζωγραφικής | Πίνακες με Στοιχεία Γέννησης | Πόλεις,200,Εκτύπωση σε Καμβά | Εκτύπωση Φωτογραφίας σε Καμβά | VIPart.gr,"Μεταμορφώστε τον Χώρο σας με Ταπετσαρίες, Πίνακες σε Καμβάδες, Αφίσες και Αυτοκόλλητα Υψηλής Ποιότητας. Βρείτε το Ιδανικό Σχέδιο στην VIPart.gr",Τρίπτυχοι Πίνακες | Τετράπτυχοι Πίνακες | Δικό μου Σχέδιο - Μετατροπή Φωτογραφίας | Κολάζ με Δικές σας Φωτογραφίες | Αθλητικά | Αντίγραφα Διάσημων Ζωγράφων | Ασπρόμαυρα Σχέδια | Αφηρημένα Σχέδια | Βουνό | Δάσος | Δρόμος | Ελλάδα | Ζώα | Ηλιοβασίλεμα | Θάλασσα | Καλοκαίρι | Κινηματογράφος | Λόγια Σοφά | Λουλούδια | Μουσική - Χορός | Παιδικοί Πίνακες | Πίνακες Ζωγραφικής | Πίνακες με Στοιχεία Γέννησης | Πόλεις,
cmta4ydvb000tsciyww37i2fq,Δωροκάρτα Πλυντηρίου - Cityzen,Δωροκάρτα Πλυντηρίου - Cityzen,https://www.cityzen.com.gr/carwash_giftcard/,https://cityzen.com.gr,200,Δωροκάρτα Πλυντηρίου - Cityzen,"Δωροκάρτα Πλυντηρίου Πες το με μια δωροκάρτα! Πλύνε το αυτοκίνητο των αγαπημένων σου με την car wash giftcard της Cityzen, επιλέγοντας την υπηρεσία που θέλεις να κάνεις δώρο: Πλύσιμο Αυτοκινήτου Μέσα-Έξω: 11,20€ στα Parking: Cityzen Εμμ.Μπενάκη, Cityzen Πύργος Αθηνών, Cityzen Αίθριο Μαρούσι Βιολογικός Καθαρισμός Αυτοκινήτου: 48€ στα Parking: Cityzen Εμμ.Μπενάκη, Cityzen Πύργος Αθηνών, Cityzen Αίθριο",Δωροκάρτα Πλυντηρίου | #1 εταιρεία Parking στην Ελλάδα | email | Κεντρικά γραφεία,200,Home - Cityzen,"Digital Parking. Real Convenience.Το parking ανέπαφα, χωρίς μετρητά, χωρίς αναμονή.ΒΡΕΣ ΤΗ ΘΕΣΗ ΣΟΥ zenParkingΠληρωμή εισιτηρίου από το κινητό με 20% έκπτωση.ΔΕΣ ΠΕΡΙΣΣΟΤΕΡΑ monthlyParkingVIP είσοδος & έξοδος στον σταθμό χωρίς καθυστερήσεις.ΔΕΣ ΠΕΡΙΣΣΟΤΕΡΑ CYCLE HUBΟ πρώτος κλειστός χώρος στάθμευσης ποδηλάτων στην Αθήνα, μόνο με 25€/μήνα.ΔΕΣ ΠΕΡΙΣΣΟΤΕΡΑ Cityzen Transfer Van έως 8 ατόμων για μετακινήσεις από και προς",Digital Parking. Real Convenience. | zenParking | monthlyParking | CYCLE HUB | Cityzen Transfer | Cityzen App | Εκπτωτικά Προγράμματα | ΥΠΗΡΕΣΙΑ | Car Wash | Cityzen Mobility Hubs | #1 εταιρεία Parking στην Ελλάδα | email | Κεντρικά γραφεία,
cmta4z5vh0041sciye1uhquaq,Δωροκάρτα – Uba | Clothing & Massage Oils,Δωροκάρτα – Uba | Clothing & Massage Oils,https://www.uba.gr/product/gift-card/,https://uba.gr,200,Δωροκάρτα – Uba | Clothing & Massage Oils,,ΔΩΡΕΑΝ ΜΕΤΑΦΟΡΙΚΑ ΑΝΩ ΤΩΝ 50 € | Δωροκάρτα | Περιγραφή | Δείτε επίσης | Follow Us | Σχετικά με εμάς | Χρήσιμοι Σύνδεσμοι,200,Uba | Clothing & Massage Oils - ACTIVEWEAR - SKINCARE,"Create a stylish online shop with Avada & WordPress. Showcase your products, highlight promotions, and attract customers with timeless, elegant designs.","ΔΩΡΕΑΝ ΜΕΤΑΦΟΡΙΚΑ ΑΝΩ ΤΩΝ 50 € | UBA Clothing | Light fashion for a sustainable, glowing you! | UBA Dry oils | H απόλυτη εμπειρία ενυδάτωσης | ΣΕΤ ΚΟΡΜΑΚΙΑ & ΜΠΟΥΣΤΑΚΙΑ | ΟΛΟΣΩΜΕΣ ΦΟΡΜΕΣ | ΚΟΡΜΑΚΙΑ | Νέα προϊόντα | Περιποίηση σώματος | Δωροκάρτα | Follow Us | Σχετικά με εμάς | Χρήσιμοι Σύνδεσμοι",
cmtb6uukg002g3giyhpszyjx7,Μασάζ L'Arte di Massaggio -,Δωροκάρτα Μασάζ L'Arte di Massaggio -,https://lartedimassaggio.gr/%CE%B4%CF%89%CF%81%CE%BF%CE%BA%CE%AC%CF%81%CF%84%CE%B1/,https://lartedimassaggio.gr,200,Δωροκάρτα Μασάζ L'Arte di Massaggio -,"Η δωροκάρτα μασάζ και όχι μόνο μας παρέχει την ελευθερία στον παραλήπτη να επιλέξει από μια ευρεία γκάμα υπηρεσιών που προσφέρουμε, επιτρέποντας τους να προσαρμόσουν την εμπειρία τους στις δικές τους ανάγκες και προτιμήσεις.",Δωροκάρτα | Διάρκεια Χρήσης | Ιδανική για Κάθε Περίσταση | Απλότητα στην Αγορά | Καλέστε μας | Υπηρεσίες | Πληροφορίες | Επικοινωνία,200,"Μασάζ Αθήνα | L'arte di Massaggio | Θεραπείες Σώματος, Προσώπου & Υπηρεσίες Spa","Στο L'arte di Massaggio, το πιο πολυτελές σαλόνι μασάζ στο Χαϊδάρι, προσφέρουμε αναζωογονητικές θεραπείες σώματος και προσώπου. Χαλαρώστε και ανανεώστε με τις εξειδικευμένες υπηρεσίες μας, συμπεριλαμβανομένων μασάζ Hammam και θεραπειών ευεξίας.","Το Απόλυτο Καταφύγιο Ευεξίας σας | Καλωσορίσατε στο L'arte di Massaggio, το ιδανικό σας καταφύγιο για χαλάρωση, αναζωογόνηση και ευεξία. | Υπηρεσίες | Θέλετε να κλείσετε ραντεβού ή έχετε κάποια ερώτηση; | Εναλλακτική Θεραπεία και Χαλάρωση | Luxury Spa | Stone Therapy | Aroma Therapy | Skin Treatment | Κλείστε τώρα το Ραντεβού σας | Πληροφορίες | Επικοινωνία",
cmtb78851006odkiyq49ms3f9,Στείλτε μια Δωροκάρτα,Στείλτε μια Δωροκάρτα,https://www.maamonpapa.gr/index.php?route=account/voucher,https://maamonpapa.gr,200,Αγοράστε μία Δωροεπιταγή,"Ανακαλύψτε τη μεγάλη ποικιλία σε αθλητικά παπούτσια, παιδικά παπούτσια, sneakers, πέδιλα. Διάλεξε εκείνα που σου ταιριάζουν!",🎁 Στείλτε μια Δωροκάρτα | Ένα Δώρο για Κάθε Περίσταση | Κατηγορίες | Πληροφορίες | Εγγραφείτε στο Newsletter μας!,200,MaaMonPapa.gr - Αθλητικά Παπούτσια - Παιδικά Παπούτσια - Παιδικά Sneakers - Παιδικά Πέδιλα,"Ανακαλύψτε τη μεγάλη ποικιλία σε αθλητικά παπούτσια, παιδικά παπούτσια, sneakers, πέδιλα. Διάλεξε εκείνα που σου ταιριάζουν!",Brands | Κατηγορίες | Πληροφορίες | Εγγραφείτε στο Newsletter μας!,
cmtb77onx003ydkiy1syn6iip,Τζούγκαρης,Τζούγκαρης Gift Card,https://tzougaris.gr/en/shop/wps_wgm_giftcard/tzougaris-giftcard-300/,https://tzougaris.gr,200,Δωροκάρτα Τζούγκαρης - 300€ — Κοσμήματα Τζούγκαρη,,Δωροκάρτα Τζούγκαρης – 300€ | Related products | Δωροκάρτα Τζούγκαρης – 200€ | Δωροκάρτα Τζούγκαρης – 100€ | Δωροκάρτα Τζούγκαρης – 500€ | Δωροκάρτα Τζούγκαρης – 50€ | Email | Phone | Address,200,Κοσμήματα Τζούγκαρη,Κοσμήματα Τζούγκαρη - Κοσμήματα - Ρολόγια - Σταυροί και Κοσμήματα Γάμου και βάπτισης. Δωρέαν μεταφορικά και δυνατότηα εξόφλησης με άτοκες δόσεις.,Email | Τηλέφωνο | Διεύθυνση,
cmtb78cit0078dkiyvd1zkppq,για πρωτότυπα και όμορφα δώρα!,Gift Card για πρωτότυπα και όμορφα δώρα!,https://talesofales.gr/product/gift-card-gia-prototypa-kai-omorfa-dora/,https://talesofales.gr,200,Gift Card για πρωτότυπα και όμορφα δώρα! | Tales of Ales Beer Bar Online Shop,"Τώρα τις γιορτές (αλλά και όχι μόνο), μπορείτε να κάνετε ένα πρωτότυπο δώρο στα αγαπημένα σας πρόσωπα, προσφέροντάς τους ποιοτικούς ζύθους, μέσω της Δωροκάρτας μας! Ορίζετε εσείς το πόσο που επιθυμείτε να διαθέσετε, και κάνετε τους δικούς σας ανθρώπους χαρούμενους! Αλλά δεν σταματάμε μόνο στις μπύρες ολκής που θα βρείτε σε αφθονία στο Tales, καθώς επανήλθαν, σε όλα τα νούμερα, τα χουχουλιάρικα Hoodies μας, με το πολύ designάτο σχέδιό μας! Άνετα και ζεστά, για την έξοδό σας, την εργασία σας, ακόμη και για να ζεσταίνεστε στο σπίτι σας με στυλ. Τέλος, μπορείτε να επιλέξετε και κάποιο από τα όμορφα T-Shirts μας ή ακόμη και ένα ποτήρι με το logo του καταστήματός μας. *όλα αυτά τα καλούδια, μπορείτε να τα δείτε εδώ Merchandise **η Δωροκάρτα ισχύει και για το φυσικό μας κατάστημα, και για το E-Shop μας. Για αγορές στο E-Shop μας, σας αποστέλλουμε στο e-mail σας ή στο e-mail του παραλήπτη του δώρου έναν μοναδικό κωδικό «Tales of Ales»",Gift Card για πρωτότυπα και όμορφα δώρα! | Σχετικά προϊόντα | Hoodie with our 4 Years Anniversary Logo! | 4 Years Anniversary T-Shirt | Το πρώτο μας έγχρωμο T-Shirt! | Pint 473ml | 5 Years Anniversary T-Shirt | Sign in,200,Tales of Ales Beer Bar Online Shop,"Welcome Tales of Ales Online Shop Γεια σας και καλώς ήρθατε στο Beer eshop μας!Εδώ, μπορείτε να περιηγηθείτε στον περίπλοκα γευστικό και πολύχρωμο κόσμο της μπύρας!Με μία πλειάδα από μπύρες για να επιλέξετε, αναντίρρητα, θα βρείτε κάποια που να ταιριάζει στον δικό σας ουρανίσκο! Από πικρές και φρουτώδεις IPAs έως περίπλοκες stouts, και σχεδόν όλες","Brett & Sauvage – Bouquet / 2025 (Spontaneous Fermentation Wild Ale Blend, w/ Sage, Sumac, Chamomile & Honey) | Brett & Sauvage – Kr**k (Spontaneous Fermentation Wild Ale, w/ Sour Cherries & Honey) | La Maison Romane – Mousses Sauvages / Raisin Rouges 2022 (Spontaneous Fermentation Grape Ale, w/ Pinot Noir Grapes) | Emporium – De toute Evidence (Apple Brandy, Rum & Bourbon Barrel aged Barleywine) | Kykao – Forgotten Barrel Imperial Stout | Dude Brewing – Café na Lata (Alcohol Free Beverage, w/ Cold Brew Coffee, Lime & Mint) | Brussels Beer Project – You’re a Time Machine, Change the Future / Dansaert (Mixed-Fermentation Saison & Lambic Βlend, w/ Rhubarb [Ραβέντι]) | Brussels Beer Project – Pinard de Bruxelles Blanc / Dansaert (Lambic & Saison Blend, w/ Grape Must) | P.I.G.S. – Impossible Objects of Desire (NEIPA) | Kehrwieder / Bunthaus – Senatsbock (Doppelbock) | Νέες, bombastic ζυθο-επιλογές στο e-shop μας! | Δροσερές ζυθο-προτάσεις, για να σας συντροφεύσουν στις καλοκαιρινές σας διακοπές! | Επιστροφή για τις αγαπημένες μας Bourbon County και όχι μόνο… | Sign in",
