bucket,reason,merchantName,expectedTitle,expectedOfficialUrl,finalUrl,httpStatus,pageTitle,h1,evidenceGiftKeyword,evidencePurchaseSignal,evidenceBadRole
"AUTO_SAFE","HTTP_OK_SAME_DOMAIN_GIFT_CARD_AND_PURCHASE_EVIDENCE","4 Sports","4 Sports Gift Card","https://4-sports.gr/gift-card/?v=bf391b589afb","https://4-sports.gr/gift-card/?v=d692bc40d834","200","Gift Card &#8211; 4-Sports","","true","true","false"
"AUTO_SAFE","HTTP_OK_SAME_DOMAIN_GIFT_CARD_AND_PURCHASE_EVIDENCE","4seasons Beauty Institute","Δωροκάρτα - Χαλκίδα","https://www.4seasons-beauty-institute.gr/dorokarta/","https://www.4seasons-beauty-institute.gr/dorokarta/","200","Δωροκάρτα | 4 SEASONS Beauty Institute | Χαλκίδα","Δωροκάρτα","true","true","false"
"AUTO_SAFE","HTTP_OK_SAME_DOMAIN_GIFT_CARD_AND_PURCHASE_EVIDENCE","Adore Beauty","Adore Beauty Gift Card","https://adore-beauty.gr/product/gift-card/","https://adore-beauty.gr/product/gift-card/","200","Gift Card | Adoras Beauty","","true","true","false"
"AUTO_SAFE","HTTP_OK_SAME_DOMAIN_GIFT_CARD_AND_PURCHASE_EVIDENCE","Aetherjewelry","Aetherjewelry Gift Card","https://aetherjewelry.gr/gift-cards/","https://aetherjewelry.gr/gift-cards/","200","Αιθηρ","","true","true","false"
"AUTO_SAFE","HTTP_OK_SAME_DOMAIN_GIFT_CARD_AND_PURCHASE_EVIDENCE","Afroditesbeaute","Afrodites Beaute Gift Card","https://afroditesbeaute.gr/product-category/%ce%b4%cf%89%cf%81%ce%bf%ce%ba%ce%b1%cf%81%cf%84%ce%b1/","https://afroditesbeaute.gr/product-category/%ce%b4%cf%89%cf%81%ce%bf%ce%ba%ce%b1%cf%81%cf%84%ce%b1/","200","Δωροκάρτα | Afrodite&#039;s Beaute","Δωροκάρτα","true","true","false"
"AUTO_SAFE","HTTP_OK_SAME_DOMAIN_GIFT_CARD_AND_PURCHASE_EVIDENCE","Aleyacreations","Aleyacreations Gift Card","https://www.aleyacreations.gr/product-category/gift-card/","https://www.aleyacreations.gr/product-category/gift-card/","200","Gift card - Aleya Creations","Gift card","true","true","false"
"AUTO_SAFE","HTTP_OK_SAME_DOMAIN_GIFT_CARD_AND_PURCHASE_EVIDENCE","Alkistijewelry","Alkistijewelry Gift Card","https://alkistijewelry.gr/products/gift-card","https://alkistijewelry.gr/products/gift-card","200","Gift Card","Gift Card","true","true","false"
"AUTO_SAFE","HTTP_OK_SAME_DOMAIN_GIFT_CARD_AND_PURCHASE_EVIDENCE","Alldaypharmacy","Gift card - ΦΑΡΜΑΚΕΙΟ ΓΛΥΦΑΔΑ","https://alldaypharmacy.gr/shop/gift-card/","https://alldaypharmacy.gr/shop/gift-card/","200","Gift card - ΦΑΡΜΑΚΕΙΟ ΓΛΥΦΑΔΑ","","true","true","false"
"AUTO_SAFE","HTTP_OK_SAME_DOMAIN_GIFT_CARD_AND_PURCHASE_EVIDENCE","Almarspa","Gift Card – Almar Spa","https://almarspa.gr/product/gift-card/","https://almarspa.gr/product/gift-card/","200","Gift Card &#8211; Almar Spa","Almar Spa & Hammam Gift Card","true","true","false"
"AUTO_SAFE","HTTP_OK_SAME_DOMAIN_GIFT_CARD_AND_PURCHASE_EVIDENCE","Alohabeauty","Gift Card - Aloha Beauty","https://alohabeauty.gr/gift-card/","https://alohabeauty.gr/gift-card/","200","Gift Card","","true","true","false"
"AUTO_SAFE","HTTP_OK_SAME_DOMAIN_GIFT_CARD_AND_PURCHASE_EVIDENCE","Alova","MISS KAY E-GIFT CARD","https://www.alova.gr/shop/beauty-boxes-gift-sets/e-gift-card/miss-kay-e-gift-card/","https://www.alova.gr/shop/beauty-boxes-gift-sets/e-gift-card/miss-kay-e-gift-card/","200","MISS KAY E-GIFT CARD - Alova","MISS KAY E-GIFT CARD","true","true","false"
"AUTO_SAFE","HTTP_OK_SAME_DOMAIN_GIFT_CARD_AND_PURCHASE_EVIDENCE","Alpamayopro","Alpamayopro Gift Card","https://www.alpamayopro.gr/giftcard.html","https://www.alpamayopro.gr/giftcard.html","200","Gift card","Gift card","true","true","false"
"AUTO_SAFE","HTTP_OK_SAME_DOMAIN_GIFT_CARD_AND_PURCHASE_EVIDENCE","Amourianosoptics","Amourianos Optics Gift Card 200€","https://amourianosoptics.gr/en/accessories-html/gift-cards.html","https://amourianosoptics.gr/en/accessories-html/gift-cards.html","200","GIFT CARDS - Accessories","GIFT CARDS","true","true","false"
"AUTO_SAFE","HTTP_OK_SAME_DOMAIN_GIFT_CARD_AND_PURCHASE_EVIDENCE","Anastasia Beverly Hills","Anastasia Beverly Hills Gift Card","https://www.anastasiabeverlyhills.com/products/giftcard","https://www.anastasiabeverlyhills.com/products/giftcard","200","Anastasia Beverly Hills Gift Card","Anastasia Beverly Hills Gift Card","true","true","false"
"AUTO_SAFE","HTTP_OK_SAME_DOMAIN_GIFT_CARD_AND_PURCHASE_EVIDENCE","Anastasiasstore","Gift Card | Δωροκάρτα για Γυναικεία Ρούχα & Παπούτσια","https://anastasiasstore.gr/product-category/gift-card/","https://anastasiasstore.gr/product-category/gift-card/","200","Gift Card | Δωροκάρτα για Γυναικεία Ρούχα & Παπούτσια","","true","true","false"
"AUTO_SAFE","HTTP_OK_SAME_DOMAIN_GIFT_CARD_AND_PURCHASE_EVIDENCE","Andreoueshop","Andreoueshop Gift Card","https://andreoueshop.gr/product/gift-card/","https://andreoueshop.gr/product/gift-card/","200","Gift Card - andreoueshop","Gift Card","true","true","false"
"AUTO_SAFE","HTTP_OK_SAME_DOMAIN_GIFT_CARD_AND_PURCHASE_EVIDENCE","Animusmassage","Gift certificate","https://animusmassage.gr/gift-card-2/","https://animusmassage.gr/gift-card-2/","200","Gift Card &#8212; Animus Massage","","true","true","false"
"AUTO_SAFE","HTTP_OK_SAME_DOMAIN_GIFT_CARD_AND_PURCHASE_EVIDENCE","Annysresidences","Hotel Gift Card | Anny's Residence & Suites","https://annysresidences.gr/gift-card-annys/","https://annysresidences.gr/gift-card-annys/","200","Hotel Gift Card | Anny&#039;s Residence & Suites","Gift Card","true","true","false"
"AUTO_SAFE","HTTP_OK_SAME_DOMAIN_GIFT_CARD_AND_PURCHASE_EVIDENCE","Anviacandles","ΔΩΡΟΚΑΡΤΑ","https://anviacandles.gr/shop/gift-card/gift-card/","https://anviacandles.gr/shop/gift-card/gift-card/","200","ΔΩΡΟΚΑΡΤΑ - ANVIA Candles & More","ΔΩΡΟΚΑΡΤΑ","true","true","false"
"AUTO_SAFE","HTTP_OK_SAME_DOMAIN_GIFT_CARD_AND_PURCHASE_EVIDENCE","Ao Massage","Gift Card - Α-ω Massage Services","https://www.ao-massage.gr/en/gift-card/","https://www.ao-massage.gr/en/gift-card/","200","Gift Card - Α-ω Massage Services","GIFT CERTIFICATE","true","true","false"
"AUTO_SAFE","HTTP_OK_SAME_DOMAIN_GIFT_CARD_AND_PURCHASE_EVIDENCE","Apparel Stores","Apparel Stores Gift Card","https://www.apparelstores.gr/products/e-gift-card","https://www.apparelstores.gr/products/e-gift-card","200","e-Gift Card &ndash; Apparel stores","e-Gift Card","true","true","false"
"AUTO_SAFE","HTTP_OK_SAME_DOMAIN_GIFT_CARD_AND_PURCHASE_EVIDENCE","Atenea","eGift Card - Atenea","https://atenea.gr/products/gift-card","https://atenea.gr/products/gift-card","200","eGift Card &ndash; Atenea","eGift Card","true","true","false"
"AUTO_SAFE","HTTP_OK_SAME_DOMAIN_GIFT_CARD_AND_PURCHASE_EVIDENCE","Athanasiakaritsa","Gift Card - Εργαστήριο Αισθητικής Αθανασία Καρύτσα","https://athanasiakaritsa.gr/gift-card/","https://athanasiakaritsa.gr/gift-card/","200","Gift Card | Εργαστήριο Αισθητικής Αθανασία Καρύτσα","","true","true","false"
"AUTO_SAFE","HTTP_OK_SAME_DOMAIN_GIFT_CARD_AND_PURCHASE_EVIDENCE","Athensmassagecenter","Δώρο Μασάζ - Δωροκάρτες","https://athensmassagecenter.gr/gift-cards/","https://athensmassagecenter.gr/gift-cards/","200","Δώρο Μασάζ - Δωροκάρτες | Athens Massage Center","Δωροκάρτες Μασάζ","true","true","false"
"AUTO_SAFE","HTTP_OK_SAME_DOMAIN_GIFT_CARD_AND_PURCHASE_EVIDENCE","Athenssportsmassage","Gift cards Το απόλυτο δώρο χαλάρωσης για τους ...","https://www.athenssportsmassage.gr/gift-cards/","https://www.athenssportsmassage.gr/gift-cards/","200","Gift cards Το απόλυτο δώρο χαλάρωσης για τους αγαπημένους σου","Δωροκάρτες Μασαζ","true","true","false"
"AUTO_SAFE","HTTP_OK_SAME_DOMAIN_GIFT_CARD_AND_PURCHASE_EVIDENCE","Athinatzika","Gift Card - Athina Tzika | Yoga, Pilates & Ολιστικές Θεραπείες","https://athinatzika.gr/giftcard/","https://athinatzika.gr/giftcard/","200","Gift Card - Athina Tzika | Yoga, Pilates & Ολιστικές Θεραπείες","Gift Card","true","true","false"
"AUTO_SAFE","HTTP_OK_SAME_DOMAIN_GIFT_CARD_AND_PURCHASE_EVIDENCE","Atmospherespa","Atmospherespa Gift Card","https://atmospherespa.gr/gift-card/","https://atmospherespa.gr/gift-card/","200","Gift Card &#8211; Atmosphere Spa","Gift Card","true","true","false"
"AUTO_SAFE","HTTP_OK_SAME_DOMAIN_GIFT_CARD_AND_PURCHASE_EVIDENCE","Aurorajewellery","Aurorajewellery Gift Card","https://aurorajewellery.gr/products/gift-card","https://aurorajewellery.gr/products/gift-card","200","Gift Card &ndash; AURORAJEWELLERY","Gift Card","true","true","false"
"AUTO_SAFE","HTTP_OK_SAME_DOMAIN_GIFT_CARD_AND_PURCHASE_EVIDENCE","Avgerinospharmacy","Gift Card!","https://avgerinospharmacy.gr/products/gift-card","https://avgerinospharmacy.gr/products/gift-card","200","Gift Card! - Avgerinos Pharmacy","Gift Card!","true","true","false"
"AUTO_SAFE","HTTP_OK_SAME_DOMAIN_GIFT_CARD_AND_PURCHASE_EVIDENCE","Avvento Shoes","Avvento Shoes Gift Card 50€","https://www.avvento-shoes.gr/avvento/gift-card-50eu-gift-card-50eu-101","https://www.avvento-shoes.gr/avvento/gift-card-50eu-gift-card-50eu-101","200","GIFT CARD 50€ | Avvento Shoes","GIFT CARD 50€","true","true","false"
"AUTO_SAFE","HTTP_OK_SAME_DOMAIN_GIFT_CARD_AND_PURCHASE_EVIDENCE","Babybluecollections","Gift Card – babybluecollections.gr","https://babybluecollections.gr/products/gift-card","https://babybluecollections.gr/products/gift-card","200","Gift Card &ndash; babybluecollections.gr","Gift Card","true","true","false"
"AUTO_SAFE","HTTP_OK_SAME_DOMAIN_GIFT_CARD_AND_PURCHASE_EVIDENCE","Babyllama","Gift Card | Δωροκάρτα | Baby Llama","https://www.babyllama.gr/shop/diakosmisi-diakosmitika/set-dorou-%ce%b2%cf%81%ce%b5%cf%86%ce%b9%ce%ba%ce%b5%cf%82-%cf%86%cf%89%ce%bb%ce%b9%ce%b5%cf%82/gift-card-2/","https://www.babyllama.gr/shop/diakosmisi-diakosmitika/set-dorou-%ce%b2%cf%81%ce%b5%cf%86%ce%b9%ce%ba%ce%b5%cf%82-%cf%86%cf%89%ce%bb%ce%b9%ce%b5%cf%82/gift-card-2/","200","Gift Card | Δωροκάρτα | Baby Llama","Gift Card","true","true","false"
"AUTO_SAFE","HTTP_OK_SAME_DOMAIN_GIFT_CARD_AND_PURCHASE_EVIDENCE","Babyvalia","GIFT CARD ‣ Βabyvalia","https://babyvalia.gr/product-category/baby-shower/gift-card/","https://babyvalia.gr/product-category/baby-shower/gift-card/","200","GIFT CARD &#x2023; Βabyvalia","","true","true","false"
"AUTO_SAFE","HTTP_OK_SAME_DOMAIN_GIFT_CARD_AND_PURCHASE_EVIDENCE","Badayestudio","Badayestudio Gift Card","https://badayestudio.gr/product/gift-card/","https://badayestudio.gr/product/gift-card/","200","Gift Card - Badaye","Gift Card","true","true","false"
"AUTO_SAFE","HTTP_OK_SAME_DOMAIN_GIFT_CARD_AND_PURCHASE_EVIDENCE","Bakuk","Δωροκάρτα - Bakuk","https://bakuk.gr/%CF%80%CF%81%CE%BF%CF%8A%CF%8C%CE%BD/gift-card/","https://bakuk.gr/%CF%80%CF%81%CE%BF%CF%8A%CF%8C%CE%BD/gift-card/","200","Δωροκάρτα | Bakuk","Δωροκάρτα","true","true","false"
"AUTO_SAFE","HTTP_OK_SAME_DOMAIN_GIFT_CARD_AND_PURCHASE_EVIDENCE","Balootoys","Gift Card - BalooToys","https://balootoys.gr/en/gift-card/","https://balootoys.gr/en/gift-card/","200","Gift Card - BalooToys","Λεωφόρος Καλοκαιρινού 51, 71201 Heraclion, Crete","true","true","false"
"AUTO_SAFE","HTTP_OK_SAME_DOMAIN_GIFT_CARD_AND_PURCHASE_EVIDENCE","Bambinokids","Bambinokids Gift Card","https://bambinokids.gr/product/gift-card/","https://bambinokids.gr/product/gift-card/","200","Gift Card - Bambinokids","","true","true","false"
"AUTO_SAFE","HTTP_OK_SAME_DOMAIN_GIFT_CARD_AND_PURCHASE_EVIDENCE","Baseandtop","Baseandtop Gift Card","https://baseandtop.gr/products/gift-card","https://shop.baseandtop.gr/products/gift-card","200","Gift Card &ndash; Base & Top | Nails. Beauty. Skincare.","Gift Card","true","true","false"
"AUTO_SAFE","HTTP_OK_SAME_DOMAIN_GIFT_CARD_AND_PURCHASE_EVIDENCE","Beauty Case","Beauty Case Gift Card","https://www.beauty-case.gr/product-category/giftcard/","https://www.beauty-case.gr/product-category/giftcard/","200","Giftcard - Beauty Case","Giftcard","true","true","false"
"AUTO_SAFE","HTTP_OK_SAME_DOMAIN_GIFT_CARD_AND_PURCHASE_EVIDENCE","Beauty Plus","Beauty Plus Gift Card","https://www.beauty-plus.gr/collections/gift-card","https://www.beauty-plus.gr/collections/gift-card","200","GIFT CARD","GIFT CARD","true","true","false"
"AUTO_SAFE","HTTP_OK_SAME_DOMAIN_GIFT_CARD_AND_PURCHASE_EVIDENCE","Beautybliss","GIFT CARD | BeautyBliss","https://www.beautybliss.gr/gift-card","https://www.beautybliss.gr/gift-card","200","GIFT CARD | BeautyBliss","eGift Card","true","true","false"
"AUTO_SAFE","HTTP_OK_SAME_DOMAIN_GIFT_CARD_AND_PURCHASE_EVIDENCE","Beautycityspa","e-GIFT CARD beauty city spa","https://www.beautycityspa.gr/gift-card","https://www.beautycityspa.gr/gift-card","200","e-GIFT CARD beauty city spa &mdash; BeautyCitySpa ☎️2105052413","BeautyCitySpa ☎️2105052413","true","true","false"
"AUTO_SAFE","HTTP_OK_SAME_DOMAIN_GIFT_CARD_AND_PURCHASE_EVIDENCE","Beautyclinic","Gift Card, Πρωτότυπη κάρτα Δώρου","https://beautyclinic.gr/index.php/gift-card","https://beautyclinic.gr/index.php/gift-card","200","Gift Card, Πρωτότυπη κάρτα Δώρου","","true","true","false"
"AUTO_SAFE","HTTP_OK_SAME_DOMAIN_GIFT_CARD_AND_PURCHASE_EVIDENCE","Beautylafee","Beauty La Fée - Gift Card","https://beautylafee.gr/shop/gift-card/beauty-la-fee-gift-card/","https://beautylafee.gr/shop/gift-card/beauty-la-fee-gift-card/","200","Beauty La Fée - Gift Card | Beauty La Fée","Beauty La Fée &#8211; Gift Card","true","true","false"
"AUTO_SAFE","HTTP_OK_SAME_DOMAIN_GIFT_CARD_AND_PURCHASE_EVIDENCE","Beautypeak","Gift Card - Δωροκάρτα","https://www.beautypeak.gr/gift-card","https://www.beautypeak.gr/gift-card","200","Δωροκάρτα | Beauty Peak","Gift Card","true","true","false"
"AUTO_SAFE","HTTP_OK_SAME_DOMAIN_GIFT_CARD_AND_PURCHASE_EVIDENCE","Beautyprincess","BeautyPrincess Gift Card","https://beautyprincess.gr/gifts/gift-cards","https://beautyprincess.gr/gifts/gift-cards","200","Gift Cards | Δωροκάρτες BeautyPrincess για κάθε περίσταση","Τα αγαπημένα σου, καλύτερα μαζί.","true","true","false"
"AUTO_SAFE","HTTP_OK_SAME_DOMAIN_GIFT_CARD_AND_PURCHASE_EVIDENCE","Bebestars","Bebestars Gift Card","https://www.bebestars.gr/dwrokarta/giftcard/","https://www.bebestars.gr/dwrokarta/giftcard/","200","Bebe Stars","Δωροκάρτα","true","true","false"
"AUTO_SAFE","HTTP_OK_SAME_DOMAIN_GIFT_CARD_AND_PURCHASE_EVIDENCE","Bilanis","Δωροκάρτα - Bilanis.gr","https://bilanis.gr/egift-card/","https://bilanis.gr/egift-card/","200","Δωροκάρτα","","true","true","false"
"AUTO_SAFE","HTTP_OK_SAME_DOMAIN_GIFT_CARD_AND_PURCHASE_EVIDENCE","Bimboshoes","Bimboshoes Gift Card","https://www.bimboshoes.gr/product/gift-card/","https://www.bimboshoes.gr/product/gift-card/","200","Gift Card &#8211; Bimbo Shoes ©","Gift Card","true","true","false"
"AUTO_SAFE","HTTP_OK_SAME_DOMAIN_GIFT_CARD_AND_PURCHASE_EVIDENCE","Blinefashion","Bline Gift Card– Ιδανικό δώρο για κάθε περίσταση","https://blinefashion.gr/product/dorokarta/","https://blinefashion.gr/product/dorokarta/","200","Bline Gift Card– Ιδανικό δώρο για κάθε περίσταση","Δωροκάρτα","true","true","false"
"AUTO_SAFE","HTTP_OK_SAME_DOMAIN_GIFT_CARD_AND_PURCHASE_EVIDENCE","Bloeur","GIFT CARD BLOEUR","https://bloeur.gr/product-category/gift-card/","https://bloeur.gr/product-category/gift-card/","200","GIFT CARD - Bloeur","GIFT CARD","true","true","false"
"AUTO_SAFE","HTTP_OK_SAME_DOMAIN_GIFT_CARD_AND_PURCHASE_EVIDENCE","Botano","Gift Cards","https://botano.gr/collections/gift-cards","https://botano.gr/collections/gift-cards","200","Gift Cards &ndash; Botano","Gift Cards","true","true","false"
"AUTO_SAFE","HTTP_OK_SAME_DOMAIN_GIFT_CARD_AND_PURCHASE_EVIDENCE","Boudoirspawellness","Δωροκάρτα Boudoir Spa Wellness","https://boudoirspawellness.gr/product/gift-card/","https://boudoirspawellness.gr/product/gift-card/","200","Δωροκάρτα Boudoir Spa Wellness - Boudoir Spa Wellness","Δωροκάρτα Boudoir Spa Wellness","true","true","false"
"AUTO_SAFE","HTTP_OK_SAME_DOMAIN_GIFT_CARD_AND_PURCHASE_EVIDENCE","Business Travel","Business Travel Gift Card","https://business-travel.gr/tour/business-travel-giftcard/","https://business-travel.gr/tour/business-travel-giftcard/","200","Business Travel Giftcard - Corporate Travel | DMC | MICE | International Conventions","Business Travel Giftcard","true","true","false"
"AUTO_SAFE","HTTP_OK_SAME_DOMAIN_GIFT_CARD_AND_PURCHASE_EVIDENCE","Buzzsneakers","Οροι Χρησης Καρτας Δωρου – Gift Card | Buzz - Online Shop","https://www.buzzsneakers.gr/gift-card","https://www.buzzsneakers.gr/gift-card","200","Οροι Χρησης Καρτας Δωρου – Gift Card | Buzz - Online Shop","Οροι Χρησης Καρτας Δωρου – Gift Card","true","true","false"
"AUTO_SAFE","HTTP_OK_SAME_DOMAIN_GIFT_CARD_AND_PURCHASE_EVIDENCE","Bwoman","Δωροκάρτα | B Woman","https://bwoman.gr/product/gift-card/","https://bwoman.gr/product/gift-card/","200","Δωροκάρτα | B Woman","Δωροκάρτα","true","true","false"
"AUTO_SAFE","HTTP_OK_SAME_DOMAIN_GIFT_CARD_AND_PURCHASE_EVIDENCE","Calzomania","Gift Card – Calzomania – Εσώρουχα και Μαγιό","https://www.calzomania.gr/product/gift-card/","https://www.calzomania.gr/product/gift-card/","200","Gift Card &#8211; Calzomania &#8211; Εσώρουχα και Μαγιό","Gift Card","true","true","false"
"AUTO_SAFE","HTTP_OK_SAME_DOMAIN_GIFT_CARD_AND_PURCHASE_EVIDENCE","Candles Essences","Gift Cards","https://www.candles-essences.gr/product-category/gift-cards/","https://www.candles-essences.gr/product-category/gift-cards/","200","Candles-Essences.gr - Gift Cards","Gift Cards","true","true","false"
"AUTO_SAFE","HTTP_OK_SAME_DOMAIN_GIFT_CARD_AND_PURCHASE_EVIDENCE","Caraveltravel","Gift Card - Δωροκάρτα","https://www.caraveltravel.gr/en/giftcard","https://www.caraveltravel.gr/en/giftcard","200","GiftCard","Gift Card","true","true","false"
"AUTO_SAFE","HTTP_OK_SAME_DOMAIN_GIFT_CARD_AND_PURCHASE_EVIDENCE","Carlamco","Carlamco Gift Card","https://www.carlamco.gr/gift-card","https://www.carlamco.gr/gift-card","200","Δωροκάρτα","Δωροκάρτα","true","true","false"
"AUTO_SAFE","HTTP_OK_SAME_DOMAIN_GIFT_CARD_AND_PURCHASE_EVIDENCE","Carousel","Gift Card Carousel - Αγόρι - Κορίτσι - 12-18 μηνών","https://carousel.gr/gift-card.html","https://carousel.gr/gift-card.html","200","Gift Card Carousel","Gift Card","true","true","false"
"AUTO_SAFE","HTTP_OK_SAME_DOMAIN_GIFT_CARD_AND_PURCHASE_EVIDENCE","Carouselshoes","Carouselshoes Gift Card","https://carouselshoes.gr/product/gift-card/","https://carouselshoes.gr/product/gift-card/","200","Gift Card - Carousel Shoes","Gift Card","true","true","false"
"AUTO_SAFE","HTTP_OK_SAME_DOMAIN_GIFT_CARD_AND_PURCHASE_EVIDENCE","Cavadelvino","Cavadelvino Gift Card","https://www.cavadelvino.gr/gift-card","https://www.cavadelvino.gr/gift-card","200","Gift Card | Cava Del Vino","eGift Card","true","true","false"
"AUTO_SAFE","HTTP_OK_SAME_DOMAIN_GIFT_CARD_AND_PURCHASE_EVIDENCE","Cavakalomenidis","Cavakalomenidis Gift Card","https://cavakalomenidis.gr/product/nees-paralaves/gift-card","https://cavakalomenidis.gr/product/nees-paralaves/gift-card","200","Gift Card | Cavakalomenidis","Gift Card","true","true","false"
"AUTO_SAFE","HTTP_OK_SAME_DOMAIN_GIFT_CARD_AND_PURCHASE_EVIDENCE","Cavallo","Cavallo e-Gift Card","https://www.cavallo.gr/product-tag/gift-card/","https://www.cavallo.gr/product-tag/gift-card/","200","GIFT CARD - Cavallo","","true","true","false"
"AUTO_SAFE","HTTP_OK_SAME_DOMAIN_GIFT_CARD_AND_PURCHASE_EVIDENCE","Centroboutique","Centroboutique Gift Card","https://centroboutique.gr/products/gift-card","https://centroboutique.gr/products/gift-card","200","Gift Card &ndash; Centro Boutique","","true","true","false"
"AUTO_SAFE","HTTP_OK_SAME_DOMAIN_GIFT_CARD_AND_PURCHASE_EVIDENCE","Cocoonurbanspa","ΔΩΡΟΚΑΡΤΑ - Spa Cocoon","https://cocoonurbanspa.gr/gift-card/","https://cocoonurbanspa.gr/gift-card/","200","Gift card - Cocoon Urban Spa","Gift card","true","true","false"
"AUTO_SAFE","HTTP_OK_SAME_DOMAIN_GIFT_CARD_AND_PURCHASE_EVIDENCE","Completetravel","Gift Card • Κάρτα Δώρου","https://completetravel.gr/gift-card/","https://completetravel.gr/gift-card/","200","GIFT CARD - COMPLETE TRAVEL - ΤΑΞΙΔΩΤΙΚΟ ΓΡΑΦΕΙΟ - ΚΑΤΕΡΙΝΗ","Gift Card • Κάρτα Δώρου","true","true","false"
"AUTO_SAFE","HTTP_OK_SAME_DOMAIN_GIFT_CARD_AND_PURCHASE_EVIDENCE","Coolclub","Αγόρασε μία Cool Club δωροκάρτα!","https://www.coolclub.gr/giftcard","https://www.coolclub.gr/giftcard","200","Coolclub","Δεν πρόλαβες να πάρεις δώρο? Δεν πειράζει!","true","true","false"
"AUTO_SAFE","HTTP_OK_SAME_DOMAIN_GIFT_CARD_AND_PURCHASE_EVIDENCE","Creatorshop","Creatorshop Gift Card","https://creatorshop.gr/products/gift-card-1","https://creatorshop.gr/products/gift-card-1","200","GIFT CARD&ndash; Creatorshop","GIFT CARD","true","true","false"
"AUTO_SAFE","HTTP_OK_SAME_DOMAIN_GIFT_CARD_AND_PURCHASE_EVIDENCE","Crudeshop","Gift Card | CrudeShop","https://en.crudeshop.gr/gift-card","https://en.crudeshop.gr/gift-card","200","Gift Card | CrudeShop","Crude Gift Card","true","true","false"
"AUTO_SAFE","HTTP_OK_SAME_DOMAIN_GIFT_CARD_AND_PURCHASE_EVIDENCE","Crystalswan","Gift Card - Crystal Swan","https://www.crystalswan.gr/product-category/gifts/gift-card/","https://www.crystalswan.gr/product-category/gifts/gift-card/","200","Δωροκάρτα Archives - Crystal Swan","Δωροκάρτα","true","true","false"
"AUTO_SAFE","HTTP_OK_SAME_DOMAIN_GIFT_CARD_AND_PURCHASE_EVIDENCE","Culturalsociety","Gift Card Online - Cultural Society","https://www.culturalsociety.gr/product/gift-card-online/","https://www.culturalsociety.gr/product/gift-card-online/","200","Gift Card Online - Cultural Society","Gift Card Online","true","true","false"
"AUTO_SAFE","HTTP_OK_SAME_DOMAIN_GIFT_CARD_AND_PURCHASE_EVIDENCE","Dahaproject","Dahaproject Gift Card","https://www.dahaproject.gr/component/virtuemart/gift-card?Itemid=368","https://www.dahaproject.gr/component/virtuemart/gift-card?Itemid=368","200","Daha Project | The handmade jewelry project","Gift Card","true","true","false"
"AUTO_SAFE","HTTP_OK_SAME_DOMAIN_GIFT_CARD_AND_PURCHASE_EVIDENCE","Dalis","Dalis Gift Card 20€","https://dalis.gr/product-category/gift-cards/","https://dalis.gr/product-category/gift-cards/","200","Gift cards - Dali&#039;s Boutique","Gift cards","true","true","false"
"AUTO_SAFE","HTTP_OK_SAME_DOMAIN_GIFT_CARD_AND_PURCHASE_EVIDENCE","Decoro","δωροκαρτα","https://www.decoro.gr/giftcard/giftcard/","https://www.decoro.gr/giftcard/giftcard/","200","Decoro","","true","true","false"
"AUTO_SAFE","HTTP_OK_SAME_DOMAIN_GIFT_CARD_AND_PURCHASE_EVIDENCE","Despykboutique","Ηλεκτρονική Δωροκάρτα - Giftcard","https://despykboutique.gr/product-category/gift-card/","https://despykboutique.gr/product-category/gift-card/","200","Ηλεκτρονική Δωροκάρτα - Giftcard - Despy K Boutique","Ηλεκτρονική Δωροκάρτα - Giftcard","true","true","false"
"AUTO_SAFE","HTTP_OK_SAME_DOMAIN_GIFT_CARD_AND_PURCHASE_EVIDENCE","Diastours","Χαρίστε ένα Ταξίδι – Gift Vouchers","https://diastours.gr/gift-vouchers/","https://diastours.gr/gift-vouchers/","200","Gift Vouchers &#8211; DIAS TOURS","","true","true","false"
"AUTO_SAFE","HTTP_OK_SAME_DOMAIN_GIFT_CARD_AND_PURCHASE_EVIDENCE","Didi","Κάρτα Δώρου – MrsDiDi CraftShop - didi.gr","https://www.didi.gr/products/gift-card","https://www.didi.gr/products/gift-card","200","Κάρτα Δώρου &ndash; MrsDiDi CraftShop","Κάρτα Δώρου","true","true","false"
"AUTO_SAFE","HTTP_OK_SAME_DOMAIN_GIFT_CARD_AND_PURCHASE_EVIDENCE","Dimasis","Gift Card - Δωροκάρτα","https://www.dimasis.gr/gift-card","https://www.dimasis.gr/gift-card","200","Gift Card - Dimasis.gr","Δωροκάρτα","true","true","false"
"AUTO_SAFE","HTTP_OK_SAME_DOMAIN_GIFT_CARD_AND_PURCHASE_EVIDENCE","Doctorfish","Δωροκάρτα Spa and Nail Bar στην Αθήνα","https://www.doctorfish.gr/gift-card-1","https://www.doctorfish.gr/gift-card-1","200","Gift Card Spa and Nail Bar in Athens | Doctor Fish Athens","eGift Card","true","true","false"
"AUTO_SAFE","HTTP_OK_SAME_DOMAIN_GIFT_CARD_AND_PURCHASE_EVIDENCE","Dreamypicnics","Gift Card - Dreamy Picnics","https://www.dreamypicnics.gr/gift-card","https://www.dreamypicnics.gr/gift-card","200","Gift Card | Dreamy Picnics","Dreamy Picnics","true","true","false"
"AUTO_SAFE","HTTP_OK_SAME_DOMAIN_GIFT_CARD_AND_PURCHASE_EVIDENCE","Dressingbar","Gift Card - Greek Designer Clothes & Accessories","https://dressingbar.gr/product/gift-card/","https://dressingbar.gr/product/gift-card/","200","Gift Card - Greek Designer Clothes & Accessories – Shop Online","Dressing bar's shopping bag is coming soon.","true","true","false"
"AUTO_SAFE","HTTP_OK_SAME_DOMAIN_GIFT_CARD_AND_PURCHASE_EVIDENCE","Driverstation","Δωροκαρτα - DriverStation","https://driverstation.gr/ola-ta-proionta/dorokartes/dorokarta/","https://driverstation.gr/ola-ta-proionta/dorokartes/dorokarta/","200","Δωροκαρτα - DriverStation","Δωροκαρτα","true","true","false"
"AUTO_SAFE","HTTP_OK_SAME_DOMAIN_GIFT_CARD_AND_PURCHASE_EVIDENCE","Dwrokartes","Public Δωροκάρτα Δωροεπιταγή eGift Card ~ Dwrokartes.gr","https://dwrokartes.gr/dwrokarta/public-dorokarta/","https://dwrokartes.gr/dwrokarta/public-dorokarta/","200","Public Δωροκάρτα Δωροεπιταγή eGift Card [2026] ~ Dwrokartes.gr","Public Δωροκάρτα Δωροεπιταγή eGift Card","true","true","false"
"AUTO_SAFE","HTTP_OK_SAME_DOMAIN_GIFT_CARD_AND_PURCHASE_EVIDENCE","E Gatos","Gift Card | Παιδικά παπούτσια & αξεσουάρ","https://www.e-gatos.gr/product/gift-card/","https://www.e-gatos.gr/product/gift-card/","200","Gift Card - Παπουτσωμένος Γάτος | Παιδικά παπούτσια & αξεσουάρ","Gift Card","true","true","false"
"AUTO_SAFE","HTTP_OK_SAME_DOMAIN_GIFT_CARD_AND_PURCHASE_EVIDENCE","E Snacks","E-Snacks Gift Card","https://e-snacks.gr/gift-cards","https://e-snacks.gr/gift-cards","200","Gift Cards | E-Snacks","Gift Cards","true","true","false"
"AUTO_SAFE","HTTP_OK_SAME_DOMAIN_GIFT_CARD_AND_PURCHASE_EVIDENCE","E Socks","E-Socks Gift Card","https://e-socks.gr/collections/giftcards","https://e-socks.gr/collections/giftcards","200","Gift Cards &ndash; e-socks.gr","Gift Cards","true","true","false"
"AUTO_SAFE","HTTP_OK_SAME_DOMAIN_GIFT_CARD_AND_PURCHASE_EVIDENCE","Ebru","Gift Vouchers - Káte","https://kate.ebru.gr/product/gift-vouchers/","https://kate.ebru.gr/product/gift-vouchers/","200","Gift Vouchers - Káte - Ebru","Gift Vouchers","true","true","false"
"AUTO_SAFE","HTTP_OK_SAME_DOMAIN_GIFT_CARD_AND_PURCHASE_EVIDENCE","Ecoliving","Gift Cards","https://ecoliving.gr/product/gift-card/","https://ecoliving.gr/product/gift-card/","200","Eco Gift Card - Eco Living Greece","Eco Gift Card","true","true","false"
"AUTO_SAFE","HTTP_OK_SAME_DOMAIN_GIFT_CARD_AND_PURCHASE_EVIDENCE","Ecrystal","Δωροκάρτα - Κοσμήματα Swarovski ECrystal","https://ecrystal.gr/dorokarta/","https://ecrystal.gr/dorokarta/","200","Δωροκάρτα - Κοσμήματα Swarovski ECrystal","Δωροκάρτα","true","true","false"
"AUTO_SAFE","HTTP_OK_SAME_DOMAIN_GIFT_CARD_AND_PURCHASE_EVIDENCE","Efantasy","eFantasy e-Gift Card","https://www.efantasy.gr/el/gift-cards","https://www.efantasy.gr/el/gift-cards","200","eFantasy.gr - Games 'n' Comics - Εδώ θα βρείτε τεράστια ποικιλία από παιχνίδια, επιτραπέζια, Funko Pop! φιγούρες, comics, puzzles, δώρα","","true","true","false"
"AUTO_SAFE","HTTP_OK_SAME_DOMAIN_GIFT_CARD_AND_PURCHASE_EVIDENCE","Eightboutiquegym","Eightboutiquegym Gift Card","https://www.eightboutiquegym.gr/gift-card","https://www.eightboutiquegym.gr/gift-card","200","Gift Card | EIGHT BOUTIQUE GYM","Επικ οινωνήστε μαζί μας!","true","true","false"
"AUTO_SAFE","HTTP_OK_SAME_DOMAIN_GIFT_CARD_AND_PURCHASE_EVIDENCE","Electrocrete","Στείλε την αγάπη σου και μια... δωροκάρτα","https://www.electrocrete.gr/giftcard","https://www.electrocrete.gr/giftcard","200","Electrocrete","χάρισε μια δωροκάρτα electrocrete","true","true","false"
"AUTO_SAFE","HTTP_OK_SAME_DOMAIN_GIFT_CARD_AND_PURCHASE_EVIDENCE","Elegance","Δωροκάρτα","https://elegance.gr/product/giftcard/","https://elegance.gr/product/giftcard/","200","Δωροκάρτα - elegance.gr","Δωροκάρτα","true","true","false"
"AUTO_SAFE","HTTP_OK_SAME_DOMAIN_GIFT_CARD_AND_PURCHASE_EVIDENCE","Elegancy","Elegancy Gift Card","https://www.elegancy.gr/gift-card","https://www.elegancy.gr/gift-card","200","Gift Card | Elegancy","Elegancy Gift Card","true","true","false"
"AUTO_SAFE","HTTP_OK_SAME_DOMAIN_GIFT_CARD_AND_PURCHASE_EVIDENCE","Elenabeautyhall","Elenabeautyhall Gift Card","https://elenabeautyhall.gr/gift-card/","https://elenabeautyhall.gr/gift-card/","200","Gift Card | Elena Beauty Hall","Gift Card","true","true","false"
"AUTO_SAFE","HTTP_OK_SAME_DOMAIN_GIFT_CARD_AND_PURCHASE_EVIDENCE","Elephantstore","Elephantstore Gift Card","https://www.elephantstore.gr/products/gift-card","https://www.elephantstore.gr/products/gift-card","200","Gift Card &ndash; Elephant Store","Gift Card","true","true","false"
"AUTO_SAFE","HTTP_OK_SAME_DOMAIN_GIFT_CARD_AND_PURCHASE_EVIDENCE","Elforsam","Gift Card – Maaji","https://elforsam.gr/product-category/gift-card/","https://elforsam.gr/product-category/gift-card/","200","Gift Card &#8211; Maaji","","true","true","false"
"AUTO_SAFE","HTTP_OK_SAME_DOMAIN_GIFT_CARD_AND_PURCHASE_EVIDENCE","Epidermislaser","gift cards","https://www.epidermislaser.gr/gift-cards","https://www.epidermislaser.gr/gift-cards","200","Προσφορές Epidermis Laser","GIFT CARDS","true","true","false"
"AUTO_SAFE","HTTP_OK_SAME_DOMAIN_GIFT_CARD_AND_PURCHASE_EVIDENCE","Epiploaivazoglou","Gift card - Έπιπλο Αϊβαζόγλου – |","https://epiploaivazoglou.gr/product-category/paidiko/cilek/gift-card/","https://epiploaivazoglou.gr/product-category/paidiko/cilek/gift-card/","200","Gift card &#8211; Έπιπλο Αϊβαζόγλου","Gift card","true","true","false"
"AUTO_SAFE","HTTP_OK_SAME_DOMAIN_GIFT_CARD_AND_PURCHASE_EVIDENCE","Epiplocasa","Gift Card - EpiploCasa.gr · Έπιπλα Ελληνικής Κατασκευής","https://epiplocasa.gr/product/gift-card/","https://epiplocasa.gr/product/gift-card/","200","Gift Card - EpiploCasa.gr · Έπιπλα Ελληνικής Κατασκευής · Παράδοση σε Ελλάδα και Κύπρο","Gift Card","true","true","false"
"AUTO_SAFE","HTTP_OK_SAME_DOMAIN_GIFT_CARD_AND_PURCHASE_EVIDENCE","Erato Kosmima","Στείλε μια Gift Card - Ερατώ","https://erato-kosmima.gr/product/gift-card/","https://erato-kosmima.gr/product/gift-card/","200","Στείλε μια Gift Card &#8211; Στείλε την αγάπη σου από όπου και αν είσαι.","Gift Card","true","true","false"
"AUTO_SAFE","HTTP_OK_SAME_DOMAIN_GIFT_CARD_AND_PURCHASE_EVIDENCE","Erostoys","Gift Cards - Ερωτικά Παιχνίδια, Premium Sex Toys","https://erostoys.gr/gift-cards/","https://erostoys.gr/gift-cards/","200","Gift Cards - Ερωτικά Παιχνίδια, Premium Sex Toys","Gift Cards","true","true","false"
"AUTO_SAFE","HTTP_OK_SAME_DOMAIN_GIFT_CARD_AND_PURCHASE_EVIDENCE","Estheta","Δωροκάρτα | Estheta | Plus Size Ρούχα","https://www.estheta.gr/product/giftcard/","https://www.estheta.gr/product/giftcard/","200","Δωροκάρτα | Estheta | Plus Size Ρούχα","Δωροκάρτα","true","true","false"
"AUTO_SAFE","HTTP_OK_SAME_DOMAIN_GIFT_CARD_AND_PURCHASE_EVIDENCE","Eubiotica","gift card - Eubiotica Super Teas","https://www.eubiotica.gr/gift-card","https://www.eubiotica.gr/gift-card","200","gift card | EUBIOTICA SUPER TEAS","Eubiotica eGift Card","true","true","false"
"AUTO_SAFE","HTTP_OK_SAME_DOMAIN_GIFT_CARD_AND_PURCHASE_EVIDENCE","Eunoiacandle","Eunoiacandle Gift Card","https://eunoiacandle.gr/gift-card/","https://eunoiacandle.gr/gift-card/","200","GIFT CARD - eunoiacandle.gr","GIFT CARD","true","true","false"
"AUTO_SAFE","HTTP_OK_SAME_DOMAIN_GIFT_CARD_AND_PURCHASE_EVIDENCE","Euphoriamassage","Gift Card - Euphoria Massage","https://euphoriamassage.gr/gift-card/","https://euphoriamassage.gr/gift-card/","200","Gift Card &#8211; Euphoria Professional Massage","Μία δωροκάρτα Euphoria Professional Massage είναι η τέλεια δικαιολογία για να γιορτάσετε κάθε περίσταση: γενέθλια, επέτειο, αποφοίτηση, προαγωγή εργασίας, εκτίμηση ή «γιατί ...έτσι απλά!».","true","true","false"
"AUTO_SAFE","HTTP_OK_SAME_DOMAIN_GIFT_CARD_AND_PURCHASE_EVIDENCE","Extremepro","1. στοιχεια δωροκαρτας","https://extremepro.gr/el/giftcard","https://extremepro.gr/el/giftcard","200","","","true","true","false"
"AUTO_SAFE","HTTP_OK_SAME_DOMAIN_GIFT_CARD_AND_PURCHASE_EVIDENCE","Fancynails","Gift Card - Fancy Nails by Nancy","https://fancynails.gr/gift-card/","https://fancynails.gr/gift-card/","200","Gift Card - Fancy Nails by Nancy","","true","true","false"
"AUTO_SAFE","HTTP_OK_SAME_DOMAIN_GIFT_CARD_AND_PURCHASE_EVIDENCE","Feelcar","Feelcar Gift Card","https://feelcar.gr/product/dorokarta/","https://feelcar.gr/product/dorokarta/","200","Δωροκάρτα - FEELCAR","Δωροκάρτα","true","true","false"
"AUTO_SAFE","HTTP_OK_SAME_DOMAIN_GIFT_CARD_AND_PURCHASE_EVIDENCE","Feelmadness","Gift Card | Αθλητικά Ρούχα, Παπούτσια & Αξεσουάρ","https://www.feelmadness.gr/gift-card.html","https://www.feelmadness.gr/gift-card.html","200","Gift Card | Αθλητικά Ρούχα, Παπούτσια & Αξεσουάρ","Δωροκάρτα","true","true","false"
"AUTO_SAFE","HTTP_OK_SAME_DOMAIN_GIFT_CARD_AND_PURCHASE_EVIDENCE","Fisika","E-Gift Card - Fisika","https://fisika.gr/gifts/gift-vouchers/","https://fisika.gr/gifts/gift-vouchers/","200","Gift Vouchers - Fisika","","true","true","false"
"AUTO_SAFE","HTTP_OK_SAME_DOMAIN_GIFT_CARD_AND_PURCHASE_EVIDENCE","Flashfashion","Gift Card | FLASH FASHION","https://www.flashfashion.shop/gift-card","https://www.flashfashion.shop/gift-card","200","Gift Card | FLASH FASHION","Ηλεκτρονική Δωροκάρτα","true","true","false"
"AUTO_SAFE","HTTP_OK_SAME_DOMAIN_GIFT_CARD_AND_PURCHASE_EVIDENCE","Floraplant","Floraplant Gift Card","https://eshop.floraplant.gr/en/giftcard/","https://eshop.floraplant.gr/en/giftcard/","200","Δωροκάρτα - Floraplant","Gift card","true","true","false"
"AUTO_SAFE","HTTP_OK_SAME_DOMAIN_GIFT_CARD_AND_PURCHASE_EVIDENCE","Formyskin","Προϊόντα Gift Card","https://formyskin.gr/gift-card/","https://formyskin.gr/gift-card/","200","Gift Card - formyskin.gr","Gift Card","true","true","false"
"AUTO_SAFE","HTTP_OK_SAME_DOMAIN_GIFT_CARD_AND_PURCHASE_EVIDENCE","Forward","Gift Voucher","https://www.forward.gr/product/gift-voucher/","https://www.forward.gr/product/gift-voucher/","200","Gift Voucher","Gift Voucher","true","true","false"
"AUTO_SAFE","HTTP_OK_SAME_DOMAIN_GIFT_CARD_AND_PURCHASE_EVIDENCE","Funkymonkeyshoes","Funky Monkey Δωροκάρτα 30€ / 40€ / 50€","https://funkymonkeyshoes.gr/product/gift-card/","https://funkymonkeyshoes.gr/product/gift-card/","200","ΔΩΡΟΚΑΡΤΑ 30€ | 40€ | 50€ | Παιδικά Παπούτσια | Funky Monkey","ΔΩΡΟΚΑΡΤΑ 30€ | 40€ | 50€","true","true","false"
"AUTO_SAFE","HTTP_OK_SAME_DOMAIN_GIFT_CARD_AND_PURCHASE_EVIDENCE","Gabi","Gift Card - Gabi","https://gabi.gr/products/gift-card","https://gabi.gr/products/gift-card","200","Gift Card &ndash; Gabi","Gift Card","true","true","false"
"AUTO_SAFE","HTTP_OK_SAME_DOMAIN_GIFT_CARD_AND_PURCHASE_EVIDENCE","Gouves","Gift Card - Gouves Travel Market Experts","https://gouves.gr/gift-card/","https://gouves.gr/gift-card/","200","Gift Card - Gouves Travel Market Experts","Discounted Gift Cards","true","true","false"
"AUTO_SAFE","HTTP_OK_SAME_DOMAIN_GIFT_CARD_AND_PURCHASE_EVIDENCE","Greenmall","ΔΩΡΟΚΑΡΤΑ – ΙΔΕΕΣ ΔΩΡΩΝ","https://greenmall.gr/product/greenmall-gift-card/","https://greenmall.gr/product/greenmall-gift-card/","200","Greenmall Gift Card | Green Mall","Greenmall Gift Card","true","true","false"
"AUTO_SAFE","HTTP_OK_SAME_DOMAIN_GIFT_CARD_AND_PURCHASE_EVIDENCE","Greenpeace","Δωροκάρτα","https://eshop.greenpeacegreece.org/product/dwrokarta/","https://eshop.greenpeacegreece.org/product/dwrokarta/","200","Δωροκάρτα - Greenpeace Greece","Δωροκάρτα","true","true","false"
"AUTO_SAFE","HTTP_OK_SAME_DOMAIN_GIFT_CARD_AND_PURCHASE_EVIDENCE","Gruppobizzaro","Gift Card – Bizzaro Shop – Ανδρικά Ρούχα, Παπούτσια, ...","https://www.gruppobizzaro.gr/gift-card/","https://www.gruppobizzaro.gr/gift-card/","200","Gift Card &#8211; Bizzaro Shop &#8211; Ανδρικά Ρούχα, Παπούτσια, Αξεσουάρ","","true","true","false"
"AUTO_SAFE","HTTP_OK_SAME_DOMAIN_GIFT_CARD_AND_PURCHASE_EVIDENCE","Haritidis","Haritidis Gift Card","https://www.haritidis.gr/el/giftcard","https://www.haritidis.gr/el/giftcard","200","Κάρτα Δώρου Giftcard - Κοσμηματοπωλείο Χαριτίδης - Κοσμηματοπωλείο Χαριτίδης","Κάρτα Δώρου","true","true","false"
"AUTO_SAFE","HTTP_OK_SAME_DOMAIN_GIFT_CARD_AND_PURCHASE_EVIDENCE","Healthandbeauty","Gift Card - Health & Beauty - Ινστιτούτο Αισθητικής στην Πάτρα","https://www.healthandbeauty.com.gr/gift-card/","https://www.healthandbeauty.com.gr/gift-card/","200","Health & Beauty - Ινστιτούτο Αισθητικής στην Πάτρα","Χαρίστε Ομορφιά με μία Gift Card","true","true","false"
"AUTO_SAFE","HTTP_OK_SAME_DOMAIN_GIFT_CARD_AND_PURCHASE_EVIDENCE","Heelshop","e-Gift card - Shop - Organic Cotton fashion","https://www.heelshop.gr/en/e-gift-card/","https://www.heelshop.gr/en/e-gift-card/","200","e-Gift card - Shop - Organic Cotton fashion","e-Gift card","true","true","false"
"AUTO_SAFE","HTTP_OK_SAME_DOMAIN_GIFT_CARD_AND_PURCHASE_EVIDENCE","Hellobabyshop","Gift Card Balance","https://hellobabyshop.gr/product-category/wps_wgm_giftcard/","https://hellobabyshop.gr/product-category/wps_wgm_giftcard/","200","Gift Card &#8211; HELLO BABY","","true","true","false"
"AUTO_SAFE","HTTP_OK_SAME_DOMAIN_GIFT_CARD_AND_PURCHASE_EVIDENCE","Hepta","Hepta's eGift Card","https://www.hepta.gr/giftcard","https://www.hepta.gr/giftcard","200","eGIFT CARD | Hepta Jewellery","Hepta&#x27;s eGift Card","true","true","false"
"AUTO_SAFE","HTTP_OK_SAME_DOMAIN_GIFT_CARD_AND_PURCHASE_EVIDENCE","Hobbylobby Yarns","Hobby Lobby Δωροεπιταγή 100€","https://www.hobbylobby-yarns.gr/product-category/doroepitages/","https://www.hobbylobby-yarns.gr/product-category/doroepitages/","200","Δωροεπιταγές - www.hobbylobby-yarns.gr","Δωροεπιταγές","true","true","false"
"AUTO_SAFE","HTTP_OK_SAME_DOMAIN_GIFT_CARD_AND_PURCHASE_EVIDENCE","Homii","Αγοράστε μία Δωροεπιταγή","https://homii.gr/giftcard","https://homii.gr/giftcard","200","Αγοράστε μία Δωροεπιταγή","","true","true","false"
"AUTO_SAFE","HTTP_OK_SAME_DOMAIN_GIFT_CARD_AND_PURCHASE_EVIDENCE","Honeykids","Gift Card - Honeykids Conceptstore","https://honeykids.gr/collections/gift-card","https://honeykids.gr/collections/gift-card","200","Gift Card &ndash; Honeykids Conceptstore","Collection: Gift Card","true","true","false"
"AUTO_SAFE","HTTP_OK_SAME_DOMAIN_GIFT_CARD_AND_PURCHASE_EVIDENCE","Hotelshops","e-Gift Card - To Τέλειο δώρο","https://www.hotelshops.gr/el/e-gift-card.html","https://www.hotelshops.gr/el/e-gift-card.html","200","e-Gift Card - To Τέλειο δώρο","e-Gift Card σε Χρώμα","true","true","false"
"AUTO_SAFE","HTTP_OK_SAME_DOMAIN_GIFT_CARD_AND_PURCHASE_EVIDENCE","Hugshop","Gift Card | hug","https://www.hugshop.gr/product/gift-card/","https://www.hugshop.gr/product/gift-card/","200","Gift Card | hug","Gift Card","true","true","false"
"AUTO_SAFE","HTTP_OK_SAME_DOMAIN_GIFT_CARD_AND_PURCHASE_EVIDENCE","Hydrowellness","Gift Card - Γυμναστήριο | Hydro Wellness","https://www.hydrowellness.gr/gift-card","https://www.hydrowellness.gr/gift-card","200","Gift Card | Hydro Wellness","Gift Card","true","true","false"
"AUTO_SAFE","HTTP_OK_SAME_DOMAIN_GIFT_CARD_AND_PURCHASE_EVIDENCE","Idealofsweden","Idealofsweden Gift Card","https://idealofsweden.gr/c/gift-card","https://idealofsweden.gr/c/gift-card","200","Gift Card - Ideal | IDEAL OF SWEDEN","Gift Cards","true","true","false"
"AUTO_SAFE","HTTP_OK_SAME_DOMAIN_GIFT_CARD_AND_PURCHASE_EVIDENCE","Idil","e-Gift card | IDIL","https://www.idil.gr/gift-card","https://www.idil.gr/gift-card","200","Gift Card | IDIL","","true","true","false"
"AUTO_SAFE","HTTP_OK_SAME_DOMAIN_GIFT_CARD_AND_PURCHASE_EVIDENCE","Ikiru","gift-cards – IKIRU","https://ikiru.gr/gift-cards/","https://ikiru.gr/gift-cards/","200","gift-cards &#8211; IKIRU","GIFT CARD","true","true","false"
"AUTO_SAFE","HTTP_OK_SAME_DOMAIN_GIFT_CARD_AND_PURCHASE_EVIDENCE","Imaginationtravel","Δωροεπιταγή ταξιδίου - Travel Gift Voucher","https://www.imaginationtravel.gr/doroepitagi-taxidiou-travel-gift-voucher","https://www.imaginationtravel.gr/doroepitagi-taxidiou-travel-gift-voucher","200","Δωροεπιταγή ταξιδίου - Travel Gift Voucher | Imagination Travel","Δωροεπιταγή ταξιδίου - Travel Gift Voucher","true","true","false"
"AUTO_SAFE","HTTP_OK_SAME_DOMAIN_GIFT_CARD_AND_PURCHASE_EVIDENCE","Imanoglou","Δωροκάρτα","https://imanoglou.gr/en/catalogue/giftcard_50/","https://imanoglou.gr/en/catalogue/giftcard_50/","200","IMANOGLOU - Gift card","Gift card","true","true","false"
"AUTO_SAFE","HTTP_OK_SAME_DOMAIN_GIFT_CARD_AND_PURCHASE_EVIDENCE","Inandela","Inandela Gift Card","https://www.inandela.gr/collections/gift-card%F0%9F%8E%80","https://www.inandela.gr/collections/gift-card%F0%9F%8E%80","200","Gift Card🎀 &ndash; Inandela Boutique","Συλλογή: Gift Card🎀","true","true","false"
"AUTO_SAFE","HTTP_OK_SAME_DOMAIN_GIFT_CARD_AND_PURCHASE_EVIDENCE","Iosifidishome","e-ΔΩΡΟΚΑΡΤΑ","https://www.iosifidishome.gr/p/e-giftcard/","https://www.iosifidishome.gr/p/e-giftcard/","200","e-ΔΩΡΟΚΑΡΤΑ - IOSIFIDIS HOME","e-ΔΩΡΟΚΑΡΤΑ","true","true","false"
"AUTO_SAFE","HTTP_OK_SAME_DOMAIN_GIFT_CARD_AND_PURCHASE_EVIDENCE","Iridaspa","Δωροκάρτα - Gift Card","https://www.iridaspa.gr/product/gift-card-10/","https://www.iridaspa.gr/product/gift-card-10/","200","Δωροκάρτα - Gift Card | Iridaspa","Δωροκάρτα &#8211; Gift Card","true","true","false"
"AUTO_SAFE","HTTP_OK_SAME_DOMAIN_GIFT_CARD_AND_PURCHASE_EVIDENCE","Janeiredale","eGift Card","https://janeiredale.gr/axesouar/egift-card/","https://janeiredale.gr/axesouar/egift-card/","200","eGift Card - Jane Iredale Greece","eGift Card","true","true","false"
"AUTO_SAFE","HTTP_OK_SAME_DOMAIN_GIFT_CARD_AND_PURCHASE_EVIDENCE","Joykidsboutique","Δωροκάρτα","https://joykidsboutique.gr/shop/uncategorized/gift-card/","https://joykidsboutique.gr/shop/uncategorized/gift-card/","200","Gift Card - Joy Kids&#039; Boutique","Gift Card","true","true","false"
"AUTO_SAFE","HTTP_OK_SAME_DOMAIN_GIFT_CARD_AND_PURCHASE_EVIDENCE","Jthomedesign","Gift Cards - Έπιπλα σπιτιού Joanna Terizi","https://jthomedesign.gr/gift-cards/","https://jthomedesign.gr/gift-cards/","200","Gift Cards - Έπιπλα σπιτιού Joanna Terizi","Καλοκαιρινές Εκπτώσεις – 10%","true","true","false"
"AUTO_SAFE","HTTP_OK_SAME_DOMAIN_GIFT_CARD_AND_PURCHASE_EVIDENCE","Juniorkids","Giftcards","https://juniorkids.gr/product/gift-card/","https://juniorkids.gr/product/gift-card/","200","Gift Card - Junior Kids Boutique","Δωροεπιταγή","true","true","false"
"AUTO_SAFE","HTTP_OK_SAME_DOMAIN_GIFT_CARD_AND_PURCHASE_EVIDENCE","Justbrazilstore","Justbrazilstore Gift Card","https://www.justbrazilstore.gr/products/gift-card","https://www.justbrazilstore.gr/products/gift-card","200","Gift Card","Gift Card","true","true","false"
"AUTO_SAFE","HTTP_OK_SAME_DOMAIN_GIFT_CARD_AND_PURCHASE_EVIDENCE","K Skin","Gift Card! - Κορεάτικα Καλλυντικά - K-Skin","https://k-skin.gr/gift-card/","https://k-skin.gr/gift-card/","200","Gift Card! - K-Skin","Gift Card!","true","true","false"
"AUTO_SAFE","HTTP_OK_SAME_DOMAIN_GIFT_CARD_AND_PURCHASE_EVIDENCE","Kaelego","Gift card-50","https://kaelego.gr/gift-card/","https://kaelego.gr/gift-card/","200","Gift Card – kaelego.gr","Gift Card","true","true","false"
"AUTO_SAFE","HTTP_OK_SAME_DOMAIN_GIFT_CARD_AND_PURCHASE_EVIDENCE","Kalousos","Kalousos Gift Card","https://www.kalousos.gr/el/dorokarta-gift-card-50eur.html","https://www.kalousos.gr/el/dorokarta-gift-card-50eur.html","200","KALOUSOS Δωροκάρτα (Gift Card) 50€ μόνο με 50.00","Δωροκάρτα (Gift Card) 50€","true","true","false"
"AUTO_SAFE","HTTP_OK_SAME_DOMAIN_GIFT_CARD_AND_PURCHASE_EVIDENCE","Kanellopoulos","E-Gift Card - ΚΑΝΕΛΛΟΠΟΥΛΟΣ DEPARTMENT STORES","https://kanellopoulos.gr/product/e-gift-card/","https://kanellopoulos.gr/product/e-gift-card/","200","E-Gift Card - ΚΑΝΕΛΛΟΠΟΥΛΟΣ DEPARTMENT STORES","E-Gift Card","true","true","false"
"AUTO_SAFE","HTTP_OK_SAME_DOMAIN_GIFT_CARD_AND_PURCHASE_EVIDENCE","Kasparianjewels","Δωροκάρτα των καταστημάτων μας σε ότι θέλετε!","https://www.kasparianjewels.gr/gift-card-0ven","https://www.kasparianjewels.gr/gift-card-0ven","200","Gift Card","","true","true","false"
"AUTO_SAFE","HTTP_OK_SAME_DOMAIN_GIFT_CARD_AND_PURCHASE_EVIDENCE","Kazi","Kazi Gift Card 80€","https://kazi.gr/gift-card-519380-1.html","https://kazi.gr/gift-card-519380-1.html","200","Gift Card 30 519380-1 plus size | Kazi Line Fashion","Gift Card 80","true","true","false"
"AUTO_SAFE","HTTP_OK_SAME_DOMAIN_GIFT_CARD_AND_PURCHASE_EVIDENCE","Keriland","Δωροκάρτα","https://www.keriland.gr/product-category/gift-card/","https://www.keriland.gr/product-category/gift-card/","200","Gift Card - Keriland","Gift Card","true","true","false"
"AUTO_SAFE","HTTP_OK_SAME_DOMAIN_GIFT_CARD_AND_PURCHASE_EVIDENCE","Kidsfashion","Δωροκάρτα - Η παιδική μόδα είναι εδώ","https://kidsfashion.gr/paidika-rouxa/giftcard/","https://kidsfashion.gr/paidika-rouxa/giftcard/","200","Δωροκάρτα - Η παιδική μόδα είναι εδώ | KidsFashion.gr","Δωροκάρτα","true","true","false"
"AUTO_SAFE","HTTP_OK_SAME_DOMAIN_GIFT_CARD_AND_PURCHASE_EVIDENCE","Kikocosmetics","ΔΩΡΟΚΑΡΤΑ KIKO","https://www.kikocosmetics.gr/dorokarta-kiko","https://www.kikocosmetics.gr/dorokarta-kiko","200","ΔΩΡΟΚΑΡΤΑ KIKO","","true","true","false"
"AUTO_SAFE","HTTP_OK_SAME_DOMAIN_GIFT_CARD_AND_PURCHASE_EVIDENCE","Klotsotiras","Gift cards - Πετσέτες, Σεντόνια, Πάπλωμα, Κουβέρτες, ...","https://klotsotiras.gr/gift-cards/","https://klotsotiras.gr/gift-cards/","200","Gift cards - Πετσέτες, Σεντόνια, Πάπλωμα, Κουβέρτες, Μπουρνούζια, Παιδικά - Klotsotiras","Gift cards","true","true","false"
"AUTO_SAFE","HTTP_OK_SAME_DOMAIN_GIFT_CARD_AND_PURCHASE_EVIDENCE","Kois Optics","Kois Optics Gift Card","https://www.kois-optics.gr/el/products/giftcard","https://www.kois-optics.gr/el/products/giftcard","200","Giftcard | KOIS OPTICS","Giftcard","true","true","false"
"AUTO_SAFE","HTTP_OK_SAME_DOMAIN_GIFT_CARD_AND_PURCHASE_EVIDENCE","Krikisbeauty","Krikis Beauty Gift Card 20€","https://krikisbeauty.gr/shop/gift-card-20e-2/","https://krikisbeauty.gr/shop/gift-card-20e-2/","200","Gift Card 20€ | Beauty House Chios","Gift Card 20€","true","true","false"
"AUTO_SAFE","HTTP_OK_SAME_DOMAIN_GIFT_CARD_AND_PURCHASE_EVIDENCE","LEGO Store Greece","LEGO Store Greece Gift Card","https://www.lego.storegreece.gr/upiresies/gift-cards/","https://www.lego.storegreece.gr/upiresies/gift-cards/","200","Gift Cards | LEGO Store Greece","Gift Cards","true","true","false"
"AUTO_SAFE","HTTP_OK_SAME_DOMAIN_GIFT_CARD_AND_PURCHASE_EVIDENCE","Ladolea","Ladolea Gift Card","https://ladolea.gr/store/gift-card/gift-card/","https://ladolea.gr/store/gift-card/gift-card/","200","Gift Card - Ladolea.gr","Gift Card","true","true","false"
"AUTO_SAFE","HTTP_OK_SAME_DOMAIN_GIFT_CARD_AND_PURCHASE_EVIDENCE","Laloo","Laloo Gift Card 30€","https://laloo.gr/el/250-gift-cards","https://laloo.gr/el/250-gift-cards","200","Gift Cards","Gift Cards","true","true","false"
"AUTO_SAFE","HTTP_OK_SAME_DOMAIN_GIFT_CARD_AND_PURCHASE_EVIDENCE","Lamillou","La Millou Gift Card","https://lamillou.gr/%CF%80%CF%81%CE%BF%CF%8A%CF%8C%CE%BD/gift-card/","https://lamillou.gr/%CF%80%CF%81%CE%BF%CF%8A%CF%8C%CE%BD/gift-card/","200","Gift Card | La Millou","Gift Card","true","true","false"
"AUTO_SAFE","HTTP_OK_SAME_DOMAIN_GIFT_CARD_AND_PURCHASE_EVIDENCE","Lav Perfumes","Lav Perfumes Gift Card","https://www.lav-perfumes.gr/gift-card/","https://www.lav-perfumes.gr/gift-card/","200","Gift Card &#8211; LAV Perfumes","Gift Card","true","true","false"
"AUTO_SAFE","HTTP_OK_SAME_DOMAIN_GIFT_CARD_AND_PURCHASE_EVIDENCE","Led7","E-Gift Card","https://led7.gr/gift-cards/","https://led7.gr/gift-cards/","200","Gift Cards | LED7","","true","true","false"
"AUTO_SAFE","HTTP_OK_SAME_DOMAIN_GIFT_CARD_AND_PURCHASE_EVIDENCE","Legacyapparel","Δωροκάρτα Legacy Apparel","https://www.legacyapparel.gr/products/gift-card-legacy","https://www.legacyapparel.gr/products/gift-card-legacy","200","Δωροκάρτα Legacy Apparel","Δωροκάρτα Legacy Apparel","true","true","false"
"AUTO_SAFE","HTTP_OK_SAME_DOMAIN_GIFT_CARD_AND_PURCHASE_EVIDENCE","Lemassage","Δωροκάρτες - Le Μassage - Le Massage","https://lemassage.gr/en/product/massage-gift-card/","https://lemassage.gr/en/product/massage-gift-card/","200","Gift Card - Le Μassage","Gift Card","true","true","false"
"AUTO_SAFE","HTTP_OK_SAME_DOMAIN_GIFT_CARD_AND_PURCHASE_EVIDENCE","Lentijewelry","Gift Card - JEWELRY","https://lentijewelry.gr/product/gift-card/","https://lentijewelry.gr/product/gift-card/","200","Gift Card - Lenti Jewelry","Gift Card","true","true","false"
"AUTO_SAFE","HTTP_OK_SAME_DOMAIN_GIFT_CARD_AND_PURCHASE_EVIDENCE","Lidon","Lidon Gift Card","https://lidon.gr/product/gift-card/","https://lidon.gr/product/gift-card/","200","Gift Card - Lidon Jewellery","Gift Card","true","true","false"
"AUTO_SAFE","HTTP_OK_SAME_DOMAIN_GIFT_CARD_AND_PURCHASE_EVIDENCE","Lilidrogerie","Lilidrogerie Gift Card","https://lilidrogerie.gr/gift-card","https://lilidrogerie.gr/gift-card","200","Gift Card","Gift Card","true","true","false"
"AUTO_SAFE","HTTP_OK_SAME_DOMAIN_GIFT_CARD_AND_PURCHASE_EVIDENCE","Lonsdale","e-GIFTCARD","https://www.lonsdale.gr/e-giftcard","https://www.lonsdale.gr/el/e-giftcard","200","&#x3A4;&#x3BF; &#x395;&#x3C0;&#x3AF;&#x3C3;&#x3B7;&#x3BC;&#x3BF; eShop &#x3C4;&#x3B7;&#x3C2; Lonsdale&#xAE;|e-GIFTCARD","e-GIFTCARD","true","true","false"
"AUTO_SAFE","HTTP_OK_SAME_DOMAIN_GIFT_CARD_AND_PURCHASE_EVIDENCE","Lu Eur","Gift Card - Lueur Skincare & More ...","https://www.lu-eur.gr/prod/gift-card/","https://www.lu-eur.gr/prod/gift-card/","200","Gift Card - Lueur Skincare & More ...","Gift Card","true","true","false"
"AUTO_SAFE","HTTP_OK_SAME_DOMAIN_GIFT_CARD_AND_PURCHASE_EVIDENCE","Lucejewelry","Gift Card | Luce Jewelry","https://www.lucejewelry.gr/gift-card","https://www.lucejewelry.gr/gift-card","200","Gift Card | Luce Jewelry","eGift Card","true","true","false"
"AUTO_SAFE","HTTP_OK_SAME_DOMAIN_GIFT_CARD_AND_PURCHASE_EVIDENCE","Luckytravel","Lucky Travel Gift Card 100€ / 200€ / 300€","https://www.luckytravel.gr/product/giftcard/","https://www.luckytravel.gr/product/giftcard/","200","Lucky Travel | Shop","Δωροκάρτα 100€ &#8211; 200€ &#8211; 300€","true","true","false"
"AUTO_SAFE","HTTP_OK_SAME_DOMAIN_GIFT_CARD_AND_PURCHASE_EVIDENCE","Luigi","ποσο δωροκαρτας","https://www.luigi.com.gr/giftcard/giftcard/","https://www.luigi.com.gr/giftcard/giftcard/","200","LUIGI","","true","true","false"
"AUTO_SAFE","HTTP_OK_SAME_DOMAIN_GIFT_CARD_AND_PURCHASE_EVIDENCE","Lurehouse","GIFT CARD - ΠΡΟΪΟΝΤΑ","https://www.lurehouse.gr/el/gift-cards/","https://www.lurehouse.gr/el/gift-cards/","200","GIFT CARD - ΠΡΟΪΟΝΤΑ - Lure House","GIFT CARD","true","true","false"
"AUTO_SAFE","HTTP_OK_SAME_DOMAIN_GIFT_CARD_AND_PURCHASE_EVIDENCE","Luxurylivingspa","Luxurylivingspa Gift Card","https://luxurylivingspa.gr/gift-card/","https://luxurylivingspa.gr/gift-card/","200","Gift Card - Luxury Living Spa","","true","true","false"
"AUTO_SAFE","HTTP_OK_SAME_DOMAIN_GIFT_CARD_AND_PURCHASE_EVIDENCE","Luxusbags","e-Gift card Luxus Bags","https://luxusbags.gr/shop/giftcard/gift-card/","https://luxusbags.gr/shop/giftcard/gift-card/","200","e-Gift card Luxus Bags - Luxus Bags","e-Gift card Luxus Bags","true","true","false"
"AUTO_SAFE","HTTP_OK_SAME_DOMAIN_GIFT_CARD_AND_PURCHASE_EVIDENCE","Magnoliabeauty","Magnoliabeauty Gift Card","https://magnoliabeauty.gr/index.php/gifts/gift-cards","https://magnoliabeauty.gr/index.php/gifts/gift-cards","200","Gift Card","Gift Card","true","true","false"
"AUTO_SAFE","HTTP_OK_SAME_DOMAIN_GIFT_CARD_AND_PURCHASE_EVIDENCE","Maiarea","GIFT CARD-ΔΩΡΟΕΠΙΤΑΓΗ","https://maiarea.gr/product-category/giftcard/","https://maiarea.gr/product-category/giftcard/","200","GIFT CARD - mai area","${pageTitle}","true","true","false"
"AUTO_SAFE","HTTP_OK_SAME_DOMAIN_GIFT_CARD_AND_PURCHASE_EVIDENCE","Maisonnette","Maisonnette Gift Card","https://maisonnette.gr/shop/diakosmisi/gift-card/","https://maisonnette.gr/shop/diakosmisi/gift-card/","200","Gift Card &#x2d; maisonnette.gr","Gift Card","true","true","false"
"AUTO_SAFE","HTTP_OK_SAME_DOMAIN_GIFT_CARD_AND_PURCHASE_EVIDENCE","Makenzy","GIFT CARD - Γυναικεία Ρούχα Θεσσαλονίκη","https://makenzy.gr/gift-cards/","https://makenzy.gr/gift-cards/","200","Makenzy Gift Cards","Gift Cards","true","true","false"
"AUTO_SAFE","HTTP_OK_SAME_DOMAIN_GIFT_CARD_AND_PURCHASE_EVIDENCE","Mamagalia","Mamagalia Gift Card","https://mamagalia.gr/products/gift-card","https://mamagalia.gr/products/gift-card","200","Gift Card","Gift Card","true","true","false"
"AUTO_SAFE","HTTP_OK_SAME_DOMAIN_GIFT_CARD_AND_PURCHASE_EVIDENCE","Maniashome","Maniashome Δωροεπιταγή 20€","https://maniashome.gr/katigoria/doroepitages/","https://maniashome.gr/katigoria/doroepitages/","200","Δωροεπιταγές - Manias Home","Δωροεπιταγές","true","true","false"
"AUTO_SAFE","HTTP_OK_SAME_DOMAIN_GIFT_CARD_AND_PURCHASE_EVIDENCE","Mantastravel","Δωροκάρτα - Ταξιδιωτικό Γραφείο Mantas Travel Κόρινθος","https://mantastravel.gr/product/giftcard/","https://mantastravel.gr/product/giftcard/","200","Δωροκάρτα - Ταξιδιωτικό Γραφείο Mantas Travel Κόρινθος","Δωροκάρτα","true","true","false"
"AUTO_SAFE","HTTP_OK_SAME_DOMAIN_GIFT_CARD_AND_PURCHASE_EVIDENCE","Maralcrafts","Maral Crafts Gift Card 50€","https://maralcrafts.gr/product-category/gift-cards/","https://maralcrafts.gr/product-category/gift-cards/","200","Gift Cards - Maral","Gift Cards","true","true","false"
"AUTO_SAFE","HTTP_OK_SAME_DOMAIN_GIFT_CARD_AND_PURCHASE_EVIDENCE","Marilynboutique","Δωροκάρτα","https://www.marilynboutique.gr/giftCard/","https://www.marilynboutique.gr/giftCard/","200","Δωροκάρτα | Marilyn Boutique","","true","true","false"
"AUTO_SAFE","HTTP_OK_SAME_DOMAIN_GIFT_CARD_AND_PURCHASE_EVIDENCE","Marinetours","Marine Tours gift voucher scheme","https://marinetours.gr/gift-voucher-en/","https://marinetours.gr/gift-voucher-en/","200","Marine Tours gift voucher scheme","Marine Tours Gift Voucher","true","true","false"
"AUTO_SAFE","HTTP_OK_SAME_DOMAIN_GIFT_CARD_AND_PURCHASE_EVIDENCE","Martin Tailored","Αγοράστε μια Δωροκάρτα - Martin & Co - Ανδρική Ένδυση","https://martin-tailored.gr/agoraste-mia-dwrokarta/","https://martin-tailored.gr/agoraste-mia-dwrokarta/","200","Αγοράστε μια Δωροκάρτα - Martin & Co - Ανδρική Ένδυση","Martin & CO","true","true","false"
"AUTO_SAFE","HTTP_OK_SAME_DOMAIN_GIFT_CARD_AND_PURCHASE_EVIDENCE","Massagejoy","Gift Cards | Κατηγορίες προϊόντων","https://massagejoy.gr/buy/gift-cards/","https://massagejoy.gr/buy/gift-cards/","200","Gift Cards | Κατηγορίες προϊόντων | Massage Joy","Προσφέρετε το Απόλυτο Δώρο Ευεξίας με μια Gift Card για Μασάζ στο Σπίτι!","true","true","false"
"AUTO_SAFE","HTTP_OK_SAME_DOMAIN_GIFT_CARD_AND_PURCHASE_EVIDENCE","Mathimatamageirikis","Δωροκάρτα","https://www.mathimatamageirikis.gr/el/about-us/dorokarta","https://www.mathimatamageirikis.gr/el/about-us/dorokarta","200","Δωροκάρτα - Μαθήματα Μαγειρικής","Δωροκάρτα Γαστρονομικής Εμπειρίας","true","true","false"
"AUTO_SAFE","HTTP_OK_SAME_DOMAIN_GIFT_CARD_AND_PURCHASE_EVIDENCE","Maziotisjewels","E‑Gift Card – Maziotis Jewels Handmade Jewelry","https://www.maziotisjewels.gr/e-gift-card","https://www.maziotisjewels.gr/e-gift-card","200","E‑Gift Card – Maziotis Jewels Handmade Jewelry","eGift Card","true","true","false"
"AUTO_SAFE","HTTP_OK_SAME_DOMAIN_GIFT_CARD_AND_PURCHASE_EVIDENCE","Mdi","Mdi Gift Card","https://www.mdi.gr/%CF%81%CE%BF%CF%85%CF%87%CE%B1/gift-card","https://www.mdi.gr/%CF%81%CE%BF%CF%85%CF%87%CE%B1/gift-card","200","GIFT CARD","GIFT CARD","true","true","false"
"AUTO_SAFE","HTTP_OK_SAME_DOMAIN_GIFT_CARD_AND_PURCHASE_EVIDENCE","Medithea Eshop","Χαρίστε ομορφιά & φροντίδα με μία e-Gift Card","https://www.medithea-eshop.gr/collections/gift-card-medithea","https://www.medithea-eshop.gr/collections/gift-card-medithea","200","Δωροκάρτα MEDITHEA – Για Θεραπείες & Αγορές στο E-Shop &ndash; MEDITHEA EShop","Συλλογή: Gift Card - MEDITHEA","true","true","false"
"AUTO_SAFE","HTTP_OK_SAME_DOMAIN_GIFT_CARD_AND_PURCHASE_EVIDENCE","Meijewelry","Meijewelry Gift Card","https://meijewelry.gr/product/gift-card/","https://meijewelry.gr/product/gift-card/","200","Gift card &#8211; Mei Jewelry","Gift card","true","true","false"
"AUTO_SAFE","HTTP_OK_SAME_DOMAIN_GIFT_CARD_AND_PURCHASE_EVIDENCE","Melispa","Meli Spa Gift Card 30€","https://www.melispa.gr/el/gift-card","https://www.melispa.gr/el/gift-card","200","Gift Card €30","Gift Card €30","true","true","false"
"AUTO_SAFE","HTTP_OK_SAME_DOMAIN_GIFT_CARD_AND_PURCHASE_EVIDENCE","Mentzos","Mentzos Gift Card","https://www.mentzos.gr/products/gift-card","https://www.mentzos.gr/products/gift-card","200","Gift Card","Gift Card","true","true","false"
"AUTO_SAFE","HTTP_OK_SAME_DOMAIN_GIFT_CARD_AND_PURCHASE_EVIDENCE","Mgjewels","Digital Gift Card","https://mgjewels.gr/product/giftcard/","https://mgjewels.gr/product/%ce%b4%cf%89%cf%81%ce%bf%ce%ba%ce%ac%cf%81%cf%84%ce%b1/","200","δωροκάρτα","MG jewels","true","true","false"
"AUTO_SAFE","HTTP_OK_SAME_DOMAIN_GIFT_CARD_AND_PURCHASE_EVIDENCE","Mikelidis","Mikelidis Gift Card 300€","https://www.mikelidis.gr/dora/gift-card/","https://www.mikelidis.gr/dora/gift-card/","200","Δώρα :: Gift Card","Gift Card","true","true","false"
"AUTO_SAFE","HTTP_OK_SAME_DOMAIN_GIFT_CARD_AND_PURCHASE_EVIDENCE","Mimadastimargarita","Gift Card - Mη μαδάς τη μαργαρίτα","https://mimadastimargarita.gr/product/gift-card/","https://mimadastimargarita.gr/product/gift-card/","200","Gift Card - Mη μαδάς τη μαργαρίτα","Gift Card","true","true","false"
"AUTO_SAFE","HTTP_OK_SAME_DOMAIN_GIFT_CARD_AND_PURCHASE_EVIDENCE","Misa","MISA E-GIFT Card","https://www.misa.gr/gift-card","https://www.misa.gr/gift-card","200","E-GIFT Card | Ηλεκτρονική Δωροκάρτα MISA","MISA E-GIFT Card","true","true","false"
"AUTO_SAFE","HTTP_OK_SAME_DOMAIN_GIFT_CARD_AND_PURCHASE_EVIDENCE","Mocannella","Δωροκάρτα","https://www.mocannella.gr/giftcard","https://www.mocannella.gr/giftcard","200","Δωροκάρτα","Δωροκάρτες","true","true","false"
"AUTO_SAFE","HTTP_OK_SAME_DOMAIN_GIFT_CARD_AND_PURCHASE_EVIDENCE","Moelian","Moelian Gift Card","https://www.moelian.gr/gift-card","https://www.moelian.gr/gift-card","200","Gift Card | Moelian","eGift Card","true","true","false"
"AUTO_SAFE","HTTP_OK_SAME_DOMAIN_GIFT_CARD_AND_PURCHASE_EVIDENCE","Molliashoes","Molliashoes Gift Card","https://molliashoes.gr/uncategorized/gift-card/","https://molliashoes.gr/uncategorized/gift-card/","200","Gift Card - Mollia Shoes","Gift Card","true","true","false"
"AUTO_SAFE","HTTP_OK_SAME_DOMAIN_GIFT_CARD_AND_PURCHASE_EVIDENCE","Moomoo","GIFT CARDS - moomoo.gr","https://www.moomoo.gr/giftcards","https://www.moomoo.gr/giftcards","200","GIFT CARDS","","true","true","false"
"AUTO_SAFE","HTTP_OK_SAME_DOMAIN_GIFT_CARD_AND_PURCHASE_EVIDENCE","Morfibeauty","Gift Card 100","https://www.morfibeauty.gr/product/gift-card/","https://www.morfibeauty.gr/product/gift-card/","200","Gift Card - Morfi Beauty","Gift Card","true","true","false"
"AUTO_SAFE","HTTP_OK_SAME_DOMAIN_GIFT_CARD_AND_PURCHASE_EVIDENCE","Motovinios","Motovinios Δωροκάρτα 100€","https://www.motovinios.gr/c/giftcard","https://www.motovinios.gr/c/giftcard","200","GIFT CARD | Motovinios","GIFT CARD","true","true","false"
"AUTO_SAFE","HTTP_OK_SAME_DOMAIN_GIFT_CARD_AND_PURCHASE_EVIDENCE","Movelab","Gift Card | Move Lab Koropi","https://www.movelab.gr/gift-card","https://www.movelab.gr/gift-card","200","Gift Card | Move Lab Koropi","eGift Card","true","true","false"
"AUTO_SAFE","HTTP_OK_SAME_DOMAIN_GIFT_CARD_AND_PURCHASE_EVIDENCE","Msjewels","Msjewels Gift Card","https://msjewels.gr/product/gift-card/","https://msjewels.gr/product/gift-card/","200","Gift card &#8211; MS Jewels","Gift card","true","true","false"
"AUTO_SAFE","HTTP_OK_SAME_DOMAIN_GIFT_CARD_AND_PURCHASE_EVIDENCE","Muststore","Gift Card | Must Store","https://www.muststore.gr/product/gift-card/","https://www.muststore.gr/product/gift-card/","200","Gift Card | Must Store","Gift Card","true","true","false"
"AUTO_SAFE","HTTP_OK_SAME_DOMAIN_GIFT_CARD_AND_PURCHASE_EVIDENCE","My Massage","ΔΩΡΟΚΑΡΤΑ","https://my-massage.gr/gift-cards/","https://my-massage.gr/gift-cards/","200","ΔΩΡΟΚΑΡΤΑ - My Massage","Buy your Gift card","true","true","false"
"AUTO_SAFE","HTTP_OK_SAME_DOMAIN_GIFT_CARD_AND_PURCHASE_EVIDENCE","Mybabylinen","Gift Card - My Baby Linen- Χειροποίητα Βρεφικά Είδη","https://mybabylinen.gr/product-category/gift-card/","https://mybabylinen.gr/product-category/gift-card/","200","Gift Card - My Baby Linen- Χειροποίητα Βρεφικά Είδη","Gift Card","true","true","false"
"AUTO_SAFE","HTTP_OK_SAME_DOMAIN_GIFT_CARD_AND_PURCHASE_EVIDENCE","Mycolours","Athina Balasi My Colours | eGift Card","https://www.mycolours.gr/gift-card","https://www.mycolours.gr/gift-card","200","Gift Card | Colour Analysis • Colour Coaching by Athina Balasi","My Colours Gift Card","true","true","false"
"AUTO_SAFE","HTTP_OK_SAME_DOMAIN_GIFT_CARD_AND_PURCHASE_EVIDENCE","Mylittleland","Mylittleland Gift Card","https://mylittleland.gr/product-category/protaseis-gia-dwra/giftcard/","https://mylittleland.gr/product-category/protaseis-gia-dwra/giftcard/","200","Gift card | My littleland","","true","true","false"
"AUTO_SAFE","HTTP_OK_SAME_DOMAIN_GIFT_CARD_AND_PURCHASE_EVIDENCE","Myran","Myran Giftcard","https://myran.gr/giftcard/","https://myran.gr/giftcard/","200","Myran Giftcard - Myran - Scandinavian Design","Myran Giftcard","true","true","false"
"AUTO_SAFE","HTTP_OK_SAME_DOMAIN_GIFT_CARD_AND_PURCHASE_EVIDENCE","Myrtia","Myrtia Gift Card","https://myrtia.gr/el/25-gift-cards","https://myrtia.gr/el/25-gift-cards","200","GIFT CARDS","GIFT CARDS","true","true","false"
"AUTO_SAFE","HTTP_OK_SAME_DOMAIN_GIFT_CARD_AND_PURCHASE_EVIDENCE","Naeniam","Naeniam Gift Card","https://naeniam.gr/products/gift-card","https://naeniam.gr/products/gift-card","200","Gift Card &ndash; Naeniam Boutique","","true","true","false"
"AUTO_SAFE","HTTP_OK_SAME_DOMAIN_GIFT_CARD_AND_PURCHASE_EVIDENCE","Nakita","Gift Card - Nakita","https://nakita.gr/product-category/gift-cards/","https://nakita.gr/product-category/gift-cards/","200","Gift Cards - Nakita","Gift Cards","true","true","false"
"AUTO_SAFE","HTTP_OK_SAME_DOMAIN_GIFT_CARD_AND_PURCHASE_EVIDENCE","Nespo","Ηλεκτρονική Δωροκάρτα Nespo","https://www.nespo.gr/proion/dorokarta/","https://www.nespo.gr/proion/dorokarta/","200","Ηλεκτρονική Δωροκάρτα Nespo | NESPO athletics","Ηλεκτρονική Δωροκάρτα Nespo","true","true","false"
"AUTO_SAFE","HTTP_OK_SAME_DOMAIN_GIFT_CARD_AND_PURCHASE_EVIDENCE","Newaypharmacy","e-Gift Card","https://www.newaypharmacy.gr/product-category/e-gift-card/","https://www.newaypharmacy.gr/product-category/e-gift-card/","200","e-Gift Card - New Way Pharmacy","e-Gift Card","true","true","false"
"AUTO_SAFE","HTTP_OK_SAME_DOMAIN_GIFT_CARD_AND_PURCHASE_EVIDENCE","Niyamas Yoga","Niyamas Yoga Gift Card","https://niyamas-yoga.com/product/gift-card/","https://niyamas-yoga.com/product/gift-card/","200","Gift Card Niyamas – Ηλεκτρονική Δωροκάρτα | Niyamas Yoga","Gift Card Niyamas &#8211; Ηλεκτρονική Δωροκάρτα","true","true","false"
"AUTO_SAFE","HTTP_OK_SAME_DOMAIN_GIFT_CARD_AND_PURCHASE_EVIDENCE","Noiretor","Noiretor Gift Card","https://noiretor.gr/product/giftcard/","https://noiretor.gr/product/giftcard/","200","Δωροκάρτα &#8211; Noir boutique","Δωροκάρτα","true","true","false"
"AUTO_SAFE","HTTP_OK_SAME_DOMAIN_GIFT_CARD_AND_PURCHASE_EVIDENCE","O-Biotique","O-Biotique Gift Card","https://obiotique.com/el/products/o-biotique-gift-card","https://obiotique.com/products/o-biotique-gift-card","200","O-Biotique Gift Card - OBIOTIQUE &ndash; O-BIOTIQUE","O-Biotique Gift Card","true","true","false"
"AUTO_SAFE","HTTP_OK_SAME_DOMAIN_GIFT_CARD_AND_PURCHASE_EVIDENCE","Olive Era","Olive Era Gift Card","https://www.olive-era.gr/products/gift-card","https://www.olive-era.gr/products/gift-card","200","Gift card – Olive era","Gift card","true","true","false"
"AUTO_SAFE","HTTP_OK_SAME_DOMAIN_GIFT_CARD_AND_PURCHASE_EVIDENCE","Oser","Oser Gift Card","https://oser.gr/product/gift-card/","https://oser.gr/product/gift-card/","200","Gift Card &#8211; OSER","Gift Card","true","true","false"
"AUTO_SAFE","HTTP_OK_SAME_DOMAIN_GIFT_CARD_AND_PURCHASE_EVIDENCE","Osteriamamma","Osteriamamma Gift Card","https://www.osteriamamma.gr/gift-card","https://www.osteriamamma.gr/gift-card","200","Gift Card | Osteria Mamma","The Gift That Keeps on Pouring","true","true","false"
"AUTO_SAFE","HTTP_OK_SAME_DOMAIN_GIFT_CARD_AND_PURCHASE_EVIDENCE","Paidikaianaptixi","Gift Card - Παιδί & Ανάπτυξη - paidikaianaptixi.gr","https://www.paidikaianaptixi.gr/product/gift-card/","https://www.paidikaianaptixi.gr/product/gift-card/","200","Gift Card - Παιδί & Ανάπτυξη","","true","true","false"
"AUTO_SAFE","HTTP_OK_SAME_DOMAIN_GIFT_CARD_AND_PURCHASE_EVIDENCE","Papachatzis","Papachatzis Gift Card","https://www.papachatzis.com/product/gift-card/","https://www.papachatzis.com/product/gift-card/","200","Gift card - &Pi;&alpha;&pi;&alpha;&chi;&alpha;&tau;&zeta;&#942;&sigmaf; Home","Gift card","true","true","false"
"AUTO_SAFE","HTTP_OK_SAME_DOMAIN_GIFT_CARD_AND_PURCHASE_EVIDENCE","Papastavroushops","Δωροκάρτες (Gift Cards) για Αναβάτες","https://www.papastavroushops.gr/gift-cards","https://www.papastavroushops.gr/gift-cards","200","&#x394;&#x3C9;&#x3C1;&#x3BF;&#x3BA;&#x3AC;&#x3C1;&#x3C4;&#x3B5;&#x3C2; (Gift Cards) &#x3B3;&#x3B9;&#x3B1; &#x391;&#x3BD;&#x3B1;&#x3B2;&#x3AC;&#x3C4;&#x3B5;&#x3C2; | Papastavroushops","Gift Cards &#x3B3;&#x3B9;&#x3B1; &#x391;&#x3BD;&#x3B1;&#x3B2;&#x3AC;&#x3C4;&#x3B5;&#x3C2;","true","true","false"
"AUTO_SAFE","HTTP_OK_SAME_DOMAIN_GIFT_CARD_AND_PURCHASE_EVIDENCE","Paraphernalia","e-Gift Voucher","https://www.paraphernalia.gr/shop/product/gifting/gift-vouchers/egift-voucher/","https://www.paraphernalia.gr/shop/product/gifting/gift-vouchers/egift-voucher/","200","e-Gift Voucher - Gift Vouchers, Wedding Gifts - Paraphernalia Athens","e-Gift Voucher","true","true","false"
"AUTO_SAFE","HTTP_OK_SAME_DOMAIN_GIFT_CARD_AND_PURCHASE_EVIDENCE","Parnassoshiking","Gift Card - Δώρισε μια εμπειρία στον Παρνασσό","https://parnassoshiking.gr/gift-cards/","https://parnassoshiking.gr/gift-cards/","200","Gift Cards - Parnassos Hiking","","true","true","false"
"AUTO_SAFE","HTTP_OK_SAME_DOMAIN_GIFT_CARD_AND_PURCHASE_EVIDENCE","Patistascosmetics","Patistascosmetics Gift Card","https://patistascosmetics.gr/product/gift-card/","https://patistascosmetics.gr/product/gift-card/","200","GIFT CARD - Patistas Cosmetics","GIFT CARD","true","true","false"
"AUTO_SAFE","HTTP_OK_SAME_DOMAIN_GIFT_CARD_AND_PURCHASE_EVIDENCE","Pdltrendz","Pdltrendz Gift Card","https://pdltrendz.gr/pages/gift-cards","https://pdltrendz.gr/pages/gift-cards","200","ΔΩΡΟΚΑΡΤΕΣ &ndash; PDL TRENDZ","ΔΩΡΟΚΑΡΤΕΣ","true","true","false"
"AUTO_SAFE","HTTP_OK_SAME_DOMAIN_GIFT_CARD_AND_PURCHASE_EVIDENCE","Pelopslandtravel","Pelopslandtravel Gift Card","https://pelopslandtravel.gr/product/gift-card/","https://pelopslandtravel.gr/product/gift-card/","200","Gift card - Pelop's Land travel","Gift card","true","true","false"
"AUTO_SAFE","HTTP_OK_SAME_DOMAIN_GIFT_CARD_AND_PURCHASE_EVIDENCE","Pethellas","Δωροκάρτα","https://pethellas.gr/product/gift-card/","https://pethellas.gr/product/gift-card/","200","Δωροκάρτα - Pet Hellas","Δωροκάρτα","true","true","false"
"AUTO_SAFE","HTTP_OK_SAME_DOMAIN_GIFT_CARD_AND_PURCHASE_EVIDENCE","Petradi","Όροι χρήσης δωροκάρτας","https://www.petradi.com.gr/product/giftcard/","https://www.petradi.com.gr/product/giftcard/","200","Gift Card - ΠΕΤΡΑΔΙ","","true","true","false"
"AUTO_SAFE","HTTP_OK_SAME_DOMAIN_GIFT_CARD_AND_PURCHASE_EVIDENCE","Petrichor","Petrichor Gift Card 200€","https://www.petrichor.com.gr/en/gift-card","https://www.petrichor.com.gr/en/gift-card","200","Gift Card | Petrichor","Gift Card","true","true","false"
"AUTO_SAFE","HTTP_OK_SAME_DOMAIN_GIFT_CARD_AND_PURCHASE_EVIDENCE","Petvet24","Δωροκάρτα (Gift Card)","https://www.petvet24.gr/gift-card/","https://www.petvet24.gr/gift-card/","200","Δωροκάρτα (Gift Card) - Petvet24.gr","Δωροκάρτα (Gift Card)","true","true","false"
"AUTO_SAFE","HTTP_OK_SAME_DOMAIN_GIFT_CARD_AND_PURCHASE_EVIDENCE","Phoskitchenware","Phos Kitchenware Gift Card","https://www.phoskitchenware.gr/en/content/10-giftcards","https://www.phoskitchenware.gr/en/content/10-giftcards","200","GiftCards","","true","true","false"
"AUTO_SAFE","HTTP_OK_SAME_DOMAIN_GIFT_CARD_AND_PURCHASE_EVIDENCE","Physioathens","Physioathens Gift Card","https://physioathens.gr/gift-card/","https://physioathens.gr/gift-card/","200","Gift Card - Physioathens","Physio Athens Gift Card","true","true","false"
"AUTO_SAFE","HTTP_OK_SAME_DOMAIN_GIFT_CARD_AND_PURCHASE_EVIDENCE","Pibu","Pibu Gift Card","https://www.pibu.gr/product-category/gift-card/","https://www.pibu.gr/product-category/gift-card/","200","Gift card","","true","true","false"
"AUTO_SAFE","HTTP_OK_SAME_DOMAIN_GIFT_CARD_AND_PURCHASE_EVIDENCE","Piccolo Orso","Piccolo Orso Gift Card","https://piccolo-orso.gr/shop/gift-card/","https://piccolo-orso.gr/shop/gift-card/","200","Gift Card &#8211; Piccolo Orso &#8211; Kids","Gift Card","true","true","false"
"AUTO_SAFE","HTTP_OK_SAME_DOMAIN_GIFT_CARD_AND_PURCHASE_EVIDENCE","Piedini","Gift Card Γυναικεία & Ανδρικά Παπούτσια","https://www.piedini.gr/gift-card","https://www.piedini.gr/gift-card","200","Gift Card Γυναικεία & Ανδρικά Παπούτσια","","true","true","false"
"AUTO_SAFE","HTTP_OK_SAME_DOMAIN_GIFT_CARD_AND_PURCHASE_EVIDENCE","Play-sports","Gift Card 20","https://play-sports.gr/product-category/gift-card/","https://play-sports.gr/product-category/gift-card/","200","Gift Card - Play Sports","Gift Card","true","true","false"
"AUTO_SAFE","HTTP_OK_SAME_DOMAIN_GIFT_CARD_AND_PURCHASE_EVIDENCE","Playroot","Δωροκάρτα","https://playroot.gr/product/giftcard/","https://playroot.gr/product/giftcard/","200","Δωροκάρτα | Playroot | Playroot","Δωροκάρτα | Playroot","true","true","false"
"AUTO_SAFE","HTTP_OK_SAME_DOMAIN_GIFT_CARD_AND_PURCHASE_EVIDENCE","Pointe","Gift Voucher | Pointe.gr: ηλεκτρονικό κατάστημα ειδών χορού","https://pointe.gr/category/accessories/gifts/gift-vouchers/","https://pointe.gr/category/accessories/gifts/gift-vouchers/","200","Δωροκάρτες | Pointe.gr: ηλεκτρονικό κατάστημα ειδών χορού","Δωροκάρτες","true","true","false"
"AUTO_SAFE","HTTP_OK_SAME_DOMAIN_GIFT_CARD_AND_PURCHASE_EVIDENCE","Porfyrastore","Porfyrastore Gift Card","https://porfyrastore.gr/gift-cards/","https://porfyrastore.gr/gift-cards/","200","Gift cards &#8211; Porfyra – Γυναικεία Μόδα","Gift cards","true","true","false"
"AUTO_SAFE","HTTP_OK_SAME_DOMAIN_GIFT_CARD_AND_PURCHASE_EVIDENCE","Pragmatic","Pragmatic Gift Card","https://www.pragmatic.gr/dora/gift-cards/","https://www.pragmatic.gr/dora/gift-cards/","200","Gift Card | Pragmatic","Gift Card","true","true","false"
"AUTO_SAFE","HTTP_OK_SAME_DOMAIN_GIFT_CARD_AND_PURCHASE_EVIDENCE","Prasinoselefantas","Ψηφιακή Κάρτα Δώρου egift card","https://prasinoselefantas.gr/product/gift-card/","https://prasinoselefantas.gr/product/gift-card/","200","Ψηφιακή Κάρτα Δώρου egift card - Prasinos Elefantas","Ψηφιακή Κάρτα Δώρου egift card","true","true","false"
"AUTO_SAFE","HTTP_OK_SAME_DOMAIN_GIFT_CARD_AND_PURCHASE_EVIDENCE","Pret A Beaute","Gift Card | Gift certificate","https://pret-a-beaute.gr/products/gift-card","https://pret-a-beaute.gr/products/gift-card","200","Gift Card | Δωροεπιταγή","Gift Card","true","true","false"
"AUTO_SAFE","HTTP_OK_SAME_DOMAIN_GIFT_CARD_AND_PURCHASE_EVIDENCE","Psaltou","Psaltou Gift Card 70€","https://www.psaltou.gr/gift-cards","https://www.psaltou.gr/gift-cards","200","Gift Cards | Βιβλιοπωλείο Ψάλτου Κι� ...","Gift Cards","true","true","false"
"AUTO_SAFE","HTTP_OK_SAME_DOMAIN_GIFT_CARD_AND_PURCHASE_EVIDENCE","Psomiadishome","Δωροκάρτα - giftcard","https://psomiadishome.gr/gift-card.html","https://psomiadishome.gr/gift-card.html","200","Δωροκάρτα - giftcard","","true","true","false"
"AUTO_SAFE","HTTP_OK_SAME_DOMAIN_GIFT_CARD_AND_PURCHASE_EVIDENCE","Revitalash","Gift Card – RevitaLash Greece","https://revitalash.gr/products/gift-card","https://revitalash.gr/products/gift-card","200","Gift Card &ndash; RevitaLash Greece","Gift Card","true","true","false"
"AUTO_SAFE","HTTP_OK_SAME_DOMAIN_GIFT_CARD_AND_PURCHASE_EVIDENCE","Rhythmichouse","Gift card Αρχεία","https://rhythmichouse.gr/en/product/gift-card-rhythmic-house/","https://rhythmichouse.gr/en/product/gift-card-rhythmic-house/","200","Gift card Rhythmic-House - Rhythmic House","Gift card Rhythmic-House","true","true","false"
"AUTO_SAFE","HTTP_OK_SAME_DOMAIN_GIFT_CARD_AND_PURCHASE_EVIDENCE","Romeo","Romeo Gift Card","https://www.romeo.gr/gift-card","https://www.romeo.gr/gift-card","200","Gift Card | Romeo Restaurant","Romeo Gift Card","true","true","false"
"AUTO_SAFE","HTTP_OK_SAME_DOMAIN_GIFT_CARD_AND_PURCHASE_EVIDENCE","Romina Hairstyle","Gift Cards 2 - Romina HairStyle","https://romina-hairstyle.gr/gift-cards-2/","https://romina-hairstyle.gr/gift-cards-2/","200","Gift Cards 2 - Romina HairStyle","Gift Cards","true","true","false"
"AUTO_SAFE","HTTP_OK_SAME_DOMAIN_GIFT_CARD_AND_PURCHASE_EVIDENCE","Royalhair","Gift Card | Royal Hair & Spa","https://royalhair.gr/product/gift-card/","https://royalhair.gr/product/gift-card/","200","Gift Card | Royal Hair & Spa","Gift Card","true","true","false"
"AUTO_SAFE","HTTP_OK_SAME_DOMAIN_GIFT_CARD_AND_PURCHASE_EVIDENCE","Sacjeans","Sacjeans Gift Card","https://sacjeans.gr/product/gift-card/","https://sacjeans.gr/product/gift-card/","200","Gift card - Sac & Co","Gift card","true","true","false"
"AUTO_SAFE","HTTP_OK_SAME_DOMAIN_GIFT_CARD_AND_PURCHASE_EVIDENCE","Safe Travel","Safe Travel Gift Card ~ Ταξιδιωτικό Γραφείο","https://safe-travel.gr/gift-card/","https://safe-travel.gr/gift-card/","200","Δωροκάρτα Ταξιδιού | Safe Travel Gift Card","","true","true","false"
"AUTO_SAFE","HTTP_OK_SAME_DOMAIN_GIFT_CARD_AND_PURCHASE_EVIDENCE","Safestep","Δωροκάρτα / Gift Card | Accessories | Safe Step ®","https://safestep.gr/product/gift-card/","https://safestep.gr/product/gift-card/","200","Δωροκάρτα / Gift Card &#124; Accessories &#124; Safe Step ®","Δωροκάρτα / Gift Card","true","true","false"
"AUTO_SAFE","HTTP_OK_SAME_DOMAIN_GIFT_CARD_AND_PURCHASE_EVIDENCE","Saltymoon","Saltymoon Gift Card","https://www.saltymoon.gr/el/product-category/giftcards/","https://www.saltymoon.gr/el/product-category/giftcards/","200","Gift Card &#8211; Salty Moon","Gift Card","true","true","false"
"AUTO_SAFE","HTTP_OK_SAME_DOMAIN_GIFT_CARD_AND_PURCHASE_EVIDENCE","Sbokos","Gift cards","https://sbokos.gr/gift-cards/","https://sbokos.gr/gift-cards/","200","Δωροκάρτες Sbokos Deco Art | Ηράκλειο Κρήτης από 1993","Gift cards","true","true","false"
"AUTO_SAFE","HTTP_OK_SAME_DOMAIN_GIFT_CARD_AND_PURCHASE_EVIDENCE","Senorclothing","GIFT CARD Archives - Senor Clothing","https://senorclothing.gr/product-category/gift-card/","https://senorclothing.gr/product-category/gift-card/","200","GIFT CARD Archives - Senor Clothing","GIFT CARD","true","true","false"
"AUTO_SAFE","HTTP_OK_SAME_DOMAIN_GIFT_CARD_AND_PURCHASE_EVIDENCE","Shoebox","Gift Card - Shoebox","https://shoebox.gr/gr/gift-card","https://shoebox.gr/gr/gift-card","200","Gift Card","Gift Card","true","true","false"
"AUTO_SAFE","HTTP_OK_SAME_DOMAIN_GIFT_CARD_AND_PURCHASE_EVIDENCE","Shop Guide","Shop Guide Gift Card","https://shop-guide.gr/products/shopguide-gift-card","https://shop-guide.gr/products/shopguide-gift-card","200","Shopguide Gift Card &ndash; Shop Guide","Shopguide Gift Card","true","true","false"
"AUTO_SAFE","HTTP_OK_SAME_DOMAIN_GIFT_CARD_AND_PURCHASE_EVIDENCE","Shopdali","DA|LI Littles Gift Card","https://shopdali.gr/products/littles-gift-card-100","https://shopdali.gr/products/littles-gift-card-100","200","DA|LI Gift Card 100€ — DALI","DA|LI Gift Card 100€","true","true","false"
"AUTO_SAFE","HTTP_OK_SAME_DOMAIN_GIFT_CARD_AND_PURCHASE_EVIDENCE","Skinky","Skinky Gift Card","https://skinky.gr/p/gift-card/?v=cd941bfdbc84","https://skinky.gr/p/gift-card/?v=cd941bfdbc84","200","Gift Card – Δωροκάρτα - Skinky","Gift Card – Δωροκάρτα","true","true","false"
"AUTO_SAFE","HTTP_OK_SAME_DOMAIN_GIFT_CARD_AND_PURCHASE_EVIDENCE","Skinpositive","Skinpositive Gift Card","https://www.skinpositive.gr/gift-card","https://www.skinpositive.gr/gift-card","200","GIFT CARD | Skin Positive","GIFT CARD","true","true","false"
"AUTO_SAFE","HTTP_OK_SAME_DOMAIN_GIFT_CARD_AND_PURCHASE_EVIDENCE","Skinu","Skinu Gift Card","https://www.skinu.gr/products/gift-card","https://www.skinu.gr/products/gift-card","200","Gift Card","Gift Card","true","true","false"
"AUTO_SAFE","HTTP_OK_SAME_DOMAIN_GIFT_CARD_AND_PURCHASE_EVIDENCE","Slamdunk","Slamdunk Δωροκάρτα","https://www.slamdunk.gr/el/304016-dorokarta-slamdunk.html","https://www.slamdunk.gr/el/304016-dorokarta-slamdunk.html","200","e-GiftCard","e-GiftCard","true","true","false"
"AUTO_SAFE","HTTP_OK_SAME_DOMAIN_GIFT_CARD_AND_PURCHASE_EVIDENCE","Smart Tap","Gift Card Smart-Tap","https://www.smart-tap.gr/products/gift-card-smart-tap","https://www.smart-tap.gr/products/gift-card-smart-tap","200","Gift Card Smart-Tap","Gift Card Smart-Tap","true","true","false"
"AUTO_SAFE","HTTP_OK_SAME_DOMAIN_GIFT_CARD_AND_PURCHASE_EVIDENCE","Solivagant","Gift Card - Prepaid Card - Solivagant","https://solivagant.gr/gift-card/","https://solivagant.gr/gift-card/","200","Gift Card - Προπληρωμένη κάρτα αγορών - Solivagant","GIFT CARD","true","true","false"
"AUTO_SAFE","HTTP_OK_SAME_DOMAIN_GIFT_CARD_AND_PURCHASE_EVIDENCE","Somacreations","Somacreations Gift Card","https://somacreations.gr/products/gift-card","https://somacreations.gr/products/gift-card","200","Gift Card &ndash; somacreations","Gift Card","true","true","false"
"AUTO_SAFE","HTTP_OK_SAME_DOMAIN_GIFT_CARD_AND_PURCHASE_EVIDENCE","Sounou","δωροκάρτα για παιδικά ρούχα","https://www.sounou.gr/give-a-gift/gift-card/","https://www.sounou.gr/give-a-gift/gift-card/","200","Gift Card - SouNou.gr","","true","true","false"
"AUTO_SAFE","HTTP_OK_SAME_DOMAIN_GIFT_CARD_AND_PURCHASE_EVIDENCE","Spaniriides","Gift card - https://www.spaniriides.com.gr","https://www.spaniriides.com.gr/product/gift-card/","https://www.spaniriides.com.gr/product/gift-card/","200","Gift card - https://www.spaniriides.com.gr","Gift card","true","true","false"
"AUTO_SAFE","HTTP_OK_SAME_DOMAIN_GIFT_CARD_AND_PURCHASE_EVIDENCE","Spaspanio","Spanio Gift Card","https://spaspanio.gr/product-category/giftcards/","https://spaspanio.gr/product-category/giftcards/","200","Giftcards Αρχεία - Spa Spanio","Giftcards","true","true","false"
"AUTO_SAFE","HTTP_OK_SAME_DOMAIN_GIFT_CARD_AND_PURCHASE_EVIDENCE","Sportsdivision","Gift Card | Sports Division","https://sportsdivision.gr/shop/wps_wgm_giftcard-2/ilektroniki-dorokarta-sports-division/","https://sportsdivision.gr/shop/wps_wgm_giftcard-2/ilektroniki-dorokarta-sports-division/","200","Ηλεκτρονική Δωροκάρτα Sports Division | Sports Division","Ηλεκτρονική Δωροκάρτα Sports Division","true","true","false"
"AUTO_SAFE","HTTP_OK_SAME_DOMAIN_GIFT_CARD_AND_PURCHASE_EVIDENCE","Sticky","Δωροκαρτα Sticky","https://sticky.gr/product-category/mwb_wgm_giftcard/","https://sticky.gr/product-category/mwb_wgm_giftcard/","200","Gift Card - Sticky","Η ασφάλεια και η προστασία της υγείας αποτελεί προτεραιότητα για εμάς.","true","true","false"
"AUTO_SAFE","HTTP_OK_SAME_DOMAIN_GIFT_CARD_AND_PURCHASE_EVIDENCE","Storybook","e-Gift Card - storybook","https://www.storybook.gr/gift-card","https://www.storybook.gr/gift-card","200","e-Gift Card | storybook","storybook eGift Card","true","true","false"
"AUTO_SAFE","HTTP_OK_SAME_DOMAIN_GIFT_CARD_AND_PURCHASE_EVIDENCE","Studio83","Studio83 Gift Card","https://www.studio83.gr/product/gift-card/","https://www.studio83.gr/product/gift-card/","200","Gift card - Studio83","Gift card","true","true","false"
"AUTO_SAFE","HTTP_OK_SAME_DOMAIN_GIFT_CARD_AND_PURCHASE_EVIDENCE","Studiocalma","Gift Card - Favorite Handmade Candles - Studio Calma","https://studiocalma.gr/products/gift-card","https://studiocalma.gr/products/gift-card","200","Κάρτα Δώρου GiftCard Studio Calma | Αγαπημένα Χειροποιήτα Κεριά","Gift Card","true","true","false"
"AUTO_SAFE","HTTP_OK_SAME_DOMAIN_GIFT_CARD_AND_PURCHASE_EVIDENCE","T Support","Ηλεκτρονική Δωροκάρτα","https://t-support.gr/egift-card","https://t-support.gr/egift-card","200","Ηλεκτρονική Δωροκάρτα","Ηλεκτρονική Δωροκάρτα","true","true","false"
"AUTO_SAFE","HTTP_OK_SAME_DOMAIN_GIFT_CARD_AND_PURCHASE_EVIDENCE","Tacticalstore","Tacticalstore Gift Card","https://www.tacticalstore.gr/cat/dorokartes/","https://www.tacticalstore.gr/cat/dorokartes/","200","ΔΩΡΟΚΑΡΤΕΣ - Tacticalstore - Οπλα, ειδη κυνηγιου, σκοποβολής και αστυνομικός εξοπλισμός","ΔΩΡΟΚΑΡΤΕΣ","true","true","false"
"AUTO_SAFE","HTTP_OK_SAME_DOMAIN_GIFT_CARD_AND_PURCHASE_EVIDENCE","Talosgems","Δωροκάρτα - Talos Gems - Φυσικά Πετρώματα, Κρύσταλλα ...","https://www.talosgems.gr/product-category/egiftcard-2/","https://www.talosgems.gr/product-category/egiftcard-2/","200","Δωροκάρτα - Talos Gems - Φυσικά Πετρώματα, Κρύσταλλα, Απολιθώματα & Χειροποίητα Κοσμήματα","","true","true","false"
"AUTO_SAFE","HTTP_OK_SAME_DOMAIN_GIFT_CARD_AND_PURCHASE_EVIDENCE","Tartare","Gift Card - TARTARE","https://www.tartare.gr/gift-card/","https://www.tartare.gr/gift-card/","200","Gift Card &#8211; TARTARE","Gift Card","true","true","false"
"AUTO_SAFE","HTTP_OK_SAME_DOMAIN_GIFT_CARD_AND_PURCHASE_EVIDENCE","Tea Pot","Gift Card Αρχεία - Teapot","https://www.tea-pot.gr/product-category/giftcard/","https://www.tea-pot.gr/product-category/giftcard/","200","Gift Card Αρχεία - Τσαγιερό | Teapot","","true","true","false"
"AUTO_SAFE","HTTP_OK_SAME_DOMAIN_GIFT_CARD_AND_PURCHASE_EVIDENCE","Tempiholidays","TEMPI HOLIDAYS GIFT CARD | Εκδρομή","https://www.tempiholidays.gr/gift-card/","https://www.tempiholidays.gr/gift-card/","200","TEMPI HOLIDAYS GIFT CARD | Εκδρομή – Tempi Holidays","TEMPI HOLIDAYS GIFT CARD","true","true","false"
"AUTO_SAFE","HTTP_OK_SAME_DOMAIN_GIFT_CARD_AND_PURCHASE_EVIDENCE","Teo","TEO Hair Salons - E-gift Card","https://www.teo.gr/gift-card.html","https://www.teo.gr/gift-card.html","200","TEO Hair Salons - E-gift Card","E-gift Card - TEO Hair Salons","true","true","false"
"AUTO_SAFE","HTTP_OK_SAME_DOMAIN_GIFT_CARD_AND_PURCHASE_EVIDENCE","The Toy","Gift Card Archives - Το Παιχνίδι | Μόνο το καλύτερο","https://the-toy.gr/product-category/gift-card/","https://the-toy.gr/product-category/gift-card/","200","Gift Card Archives - Το Παιχνίδι | Μόνο το καλύτερο","","true","true","false"
"AUTO_SAFE","HTTP_OK_SAME_DOMAIN_GIFT_CARD_AND_PURCHASE_EVIDENCE","Thebabycity","Δωροκάρτα The Baby City","https://thebabycity.gr/vrefiko-domatio-epipla/giftcard/","https://thebabycity.gr/vrefiko-domatio-epipla/giftcard/","200","Δωροκάρτα The Baby City - The Baby City","Δωροκάρτα The Baby City","true","true","false"
"AUTO_SAFE","HTTP_OK_SAME_DOMAIN_GIFT_CARD_AND_PURCHASE_EVIDENCE","Thebrands","VIRTUAL GIFT CARD","https://thebrands.gr/product/gift-card/","https://thebrands.gr/product/gift-card/","200","VIRTUAL GIFT CARD | The Brands | Fashion to love","VIRTUAL GIFT CARD","true","true","false"
"AUTO_SAFE","HTTP_OK_SAME_DOMAIN_GIFT_CARD_AND_PURCHASE_EVIDENCE","Thejacketmaker","Buy E-Gift Card in Greece - The Jacket Maker","https://www.thejacketmaker.gr/products/gift-cards","https://www.thejacketmaker.gr/products/gift-cards","200","Buy E-Gift Card in Greece &ndash; The Jacket Maker","E-Gift Card","true","true","false"
"AUTO_SAFE","HTTP_OK_SAME_DOMAIN_GIFT_CARD_AND_PURCHASE_EVIDENCE","Themagicbox","Themagicbox Gift Card","https://www.themagicbox.gr/product-category/gift-card/","https://www.themagicbox.gr/product-category/gift-card/","200","Gift Card - www.themagicbox.gr","Gift Card","true","true","false"
"AUTO_SAFE","HTTP_OK_SAME_DOMAIN_GIFT_CARD_AND_PURCHASE_EVIDENCE","Thewinezoo","Gift Card | Χαρίστε ένα ξεχωριστό δώρο από το The ...","https://www.thewinezoo.gr/online-%CE%BA%CE%B1%CE%B2%CE%B1/%ce%b4%ce%b9%ce%ac%cf%86%ce%bf%cf%81%ce%b1/gift-card/","https://www.thewinezoo.gr/online-%CE%BA%CE%B1%CE%B2%CE%B1/%ce%b4%ce%b9%ce%ac%cf%86%ce%bf%cf%81%ce%b1/gift-card/","200","Gift Card Αρχεία | The Wine Zoo","Gift Card","true","true","false"
"AUTO_SAFE","HTTP_OK_SAME_DOMAIN_GIFT_CARD_AND_PURCHASE_EVIDENCE","Thewonderroom","GIFT CARDS Archives","https://www.thewonderroom.gr/product-category/gift-finder/gift-cards/","https://www.thewonderroom.gr/product-category/gift-finder/gift-cards/","200","GIFT CARDS Archives - The Wonder Room","GIFT CARDS","true","true","false"
"AUTO_SAFE","HTTP_OK_SAME_DOMAIN_GIFT_CARD_AND_PURCHASE_EVIDENCE","Tinytoyshop","Gift Card - Tiny Toy Shop","https://www.tinytoyshop.gr/products/gift-card","https://www.tinytoyshop.gr/products/gift-card","200","Gift Card &ndash; Tiny Toy Shop","Gift Card","true","true","false"
"AUTO_SAFE","HTTP_OK_SAME_DOMAIN_GIFT_CARD_AND_PURCHASE_EVIDENCE","Tirato","Gift Card TIRA TO","https://tirato.gr/products/gift-card-tira-to","https://tirato.gr/products/gift-card-tira-to","200","Gift Card TIRA TO &ndash; Tira to","Gift Card TIRA TO","true","true","false"
"AUTO_SAFE","HTTP_OK_SAME_DOMAIN_GIFT_CARD_AND_PURCHASE_EVIDENCE","Toalfavitarisou","e-Gift Card","https://toalfavitarisou.gr/e-gift-card/","https://toalfavitarisou.gr/e-gift-card/","200","e-Gift Card - Το Αλφαβητάρι σου","e-Gift Card","true","true","false"
"AUTO_SAFE","HTTP_OK_SAME_DOMAIN_GIFT_CARD_AND_PURCHASE_EVIDENCE","Toms","Giftcard - Toms","https://www.toms.gr/el/giftcard","https://www.toms.gr/el/giftcard","200","Giftcard","Giftcard","true","true","false"
"AUTO_SAFE","HTTP_OK_SAME_DOMAIN_GIFT_CARD_AND_PURCHASE_EVIDENCE","Toolman","Ηλεκτρονική Δωροκάρτα Toolman","https://www.toolman.gr/gift-card-gfcd/dorokarta/","https://www.toolman.gr/gift-card-gfcd/dorokarta/","200","Δωροκάρτα - Τoolman","","true","true","false"
"AUTO_SAFE","HTTP_OK_SAME_DOMAIN_GIFT_CARD_AND_PURCHASE_EVIDENCE","Trailofmind","Gift Voucher","https://trailofmind.gr/gift-voucher/","https://trailofmind.gr/gift-voucher/","200","Gift Voucher - Trail of Mind","Gift Voucher","true","true","false"
"AUTO_SAFE","HTTP_OK_SAME_DOMAIN_GIFT_CARD_AND_PURCHASE_EVIDENCE","Traisto","Traisto Gift Card | Handmade Textiles & Slow Crafted Goods","https://www.traisto.gr/products/gift-cards","https://www.traisto.gr/products/gift-cards","200","Traisto Gift Card | Handmade Textiles & Slow Crafted Goods","Traisto Gift Card","true","true","false"
"AUTO_SAFE","HTTP_OK_SAME_DOMAIN_GIFT_CARD_AND_PURCHASE_EVIDENCE","Treasurebox","Gift Card - Treasure Box","https://www.treasurebox.gr/products/gift-card","https://www.treasurebox.gr/products/gift-card","200","Gift Card Treasure Box","","true","true","false"
"AUTO_SAFE","HTTP_OK_SAME_DOMAIN_GIFT_CARD_AND_PURCHASE_EVIDENCE","Trollbeads","Trollbeads Gift Card","https://trollbeads.gr/collections/gift-card","https://trollbeads.gr/collections/gift-card","200","Gift Card &ndash; Trollbeads Greece","Gift Card","true","true","false"
"AUTO_SAFE","HTTP_OK_SAME_DOMAIN_GIFT_CARD_AND_PURCHASE_EVIDENCE","Tsakalino","Gift Card Tsakalino","https://tsakalino.gr/products/gift-card-tsakalino","https://tsakalino.gr/products/gift-card-tsakalino","200","Gift Card Tsakalino","Gift Card Tsakalino","true","true","false"
"AUTO_SAFE","HTTP_OK_SAME_DOMAIN_GIFT_CARD_AND_PURCHASE_EVIDENCE","Twininas","GIFT CARD - Unique Handmade Jewellery & Accessories!","https://www.twininas.gr/product-category/gift-card/","https://www.twininas.gr/product-category/gift-card/","200","GIFT CARD - twininas | Unique Handmade Jewellery & Accessories!","GIFT CARD","true","true","false"
"AUTO_SAFE","HTTP_OK_SAME_DOMAIN_GIFT_CARD_AND_PURCHASE_EVIDENCE","Unlimited Adrenaline","Δωροκάρτα Unlimited Adrenaline","https://www.unlimited-adrenaline.gr/giftcard","https://www.unlimited-adrenaline.gr/giftcard","200","Δωροκάρτα Unlimited Adrenaline","Δωροκάρτα Unlimited Adrenaline!","true","true","false"
"AUTO_SAFE","HTTP_OK_SAME_DOMAIN_GIFT_CARD_AND_PURCHASE_EVIDENCE","Urban Nomad","E-GIFT CARD - Urban Nomad","https://urban-nomad.gr/products/e-gift-card","https://urban-nomad.gr/products/e-gift-card","200","E-GIFT CARD &ndash; Urban Nomad","E-GIFT CARD","true","true","false"
"AUTO_SAFE","HTTP_OK_SAME_DOMAIN_GIFT_CARD_AND_PURCHASE_EVIDENCE","Vavoulistours","Vavoulistours Gift Card","https://vavoulistours.gr/product/e-gift-card/","https://vavoulistours.gr/product/e-gift-card/","200","Gift Card - Vavoulis tours","Gift Card","true","true","false"
"AUTO_SAFE","HTTP_OK_SAME_DOMAIN_GIFT_CARD_AND_PURCHASE_EVIDENCE","Verandadelvino","Verandadelvino Gift Card","https://www.verandadelvino.gr/gift-card","https://www.verandadelvino.gr/gift-card","200","Gift Card | Veranda Del Vino","eGift Card","true","true","false"
"AUTO_SAFE","HTTP_OK_SAME_DOMAIN_GIFT_CARD_AND_PURCHASE_EVIDENCE","Verdantgarden","Ψηφιακή δωροκάρτα","https://www.verdantgarden.gr/product/giftcard/","https://www.verdantgarden.gr/product/giftcard/","200","Ψηφιακή δωροκάρτα","DIGITAL GIFT CARD","true","true","false"
"AUTO_SAFE","HTTP_OK_SAME_DOMAIN_GIFT_CARD_AND_PURCHASE_EVIDENCE","Viejewellery","Gift Card - Δωροκάρτα - Vie jewellery","https://viejewellery.gr/gift-card/","https://viejewellery.gr/gift-card/","200","Gift Card &#8211; Vie jewellery","","true","true","false"
"AUTO_SAFE","HTTP_OK_SAME_DOMAIN_GIFT_CARD_AND_PURCHASE_EVIDENCE","Vintagecava","Δωροκάρτα - Gift Card - Cava Vintage - Wine & Spirits","https://www.vintagecava.gr/product/dorokarta/","https://www.vintagecava.gr/product/dorokarta/","200","Δωροκάρτα - Gift Card - Cava Vintage - Wine & Spirits","Δωροκάρτα - Gift Card","true","true","false"
"AUTO_SAFE","HTTP_OK_SAME_DOMAIN_GIFT_CARD_AND_PURCHASE_EVIDENCE","Vintageneedle","Vintage Needle Gift Card","https://www.vintageneedle.gr/products/vintage-needle-gift-card","https://www.vintageneedle.gr/products/vintage-needle-gift-card","200","Vintage Needle Gift Card","","true","true","false"
"AUTO_SAFE","HTTP_OK_SAME_DOMAIN_GIFT_CARD_AND_PURCHASE_EVIDENCE","Vinylartclothing","Vinylartclothing Gift Card","https://vinylartclothing.gr/search?q=gift%20card","https://vinylartclothing.gr/search?q=gift%20card","200","Αναζήτηση: Βρέθηκαν 8 αποτελέσματα για ""gift card""","Αναζήτηση","true","true","false"
"AUTO_SAFE","HTTP_OK_SAME_DOMAIN_GIFT_CARD_AND_PURCHASE_EVIDENCE","Vizadinigonia","Gift Cards - ΒΥΖΑΝΤΙΝΗ ΓΩΝΙΑ","https://vizadinigonia.gr/product-category/gift-cards/","https://vizadinigonia.gr/product-category/gift-cards/","200","Gift Cards - ΒΥΖΑΝΤΙΝΗ ΓΩΝΙΑ","","true","true","false"
"AUTO_SAFE","HTTP_OK_SAME_DOMAIN_GIFT_CARD_AND_PURCHASE_EVIDENCE","Wallpaperstore","Gift cards - WallPaperStore","https://wallpaperstore.gr/gift-cards/","https://wallpaperstore.gr/gift-cards/","200","Gift cards - WallPaperStore","Gift cards","true","true","false"
"AUTO_SAFE","HTTP_OK_SAME_DOMAIN_GIFT_CARD_AND_PURCHASE_EVIDENCE","Winewalkers","Gift Card | Wine Walkers","https://www.winewalkers.gr/gift-card","https://www.winewalkers.gr/gift-card","200","Gift Card | Wine Walkers","eGift Card","true","true","false"
"AUTO_SAFE","HTTP_OK_SAME_DOMAIN_GIFT_CARD_AND_PURCHASE_EVIDENCE","Wspc","WSPC Gift Card","https://www.wspc.gr/product/dorokarta/","https://www.wspc.gr/product/dorokarta/","200","WSPC Gift Card | WSPC","","true","true","false"
"AUTO_SAFE","HTTP_OK_SAME_DOMAIN_GIFT_CARD_AND_PURCHASE_EVIDENCE","Xeiroplathi","Gift Card | Participation in Workshop","https://www.xeiroplathi.gr/product/giftcard-yourplace-pottery-workshop-gr/","https://www.xeiroplathi.gr/product/giftcard-yourplace-pottery-workshop-gr/","200","Δωροεπιταγή | Συμμετοχή σε Εργαστήριο &#8211; Χειροπλάθι","","true","true","false"
"AUTO_SAFE","HTTP_OK_SAME_DOMAIN_GIFT_CARD_AND_PURCHASE_EVIDENCE","Xmode","Gift Card | Xmode.gr","https://www.xmode.gr/gift-card","https://www.xmode.gr/gift-card","200","Gift Card | Xmode.gr","eGift Card","true","true","false"
"AUTO_SAFE","HTTP_OK_SAME_DOMAIN_GIFT_CARD_AND_PURCHASE_EVIDENCE","Xryseio","Gift Card - Δωροκάρτα","https://www.xryseio.gr/product-category/%ce%b4%cf%89%cf%81%ce%b1/wps_wgm_giftcard/","https://www.xryseio.gr/product-category/%ce%b4%cf%89%cf%81%ce%b1/wps_wgm_giftcard/","200","Δωροκάρτα - Χρυσείο Ρολόι - Κόσμημα | Xryseio.gr","Δωροκάρτα","true","true","false"
"AUTO_SAFE","HTTP_OK_SAME_DOMAIN_GIFT_CARD_AND_PURCHASE_EVIDENCE","Xxlove","GIFTCARD - XXLove","https://xxlove.gr/giftcard","https://xxlove.gr/giftcard","200","GIFTCARD","GIFTCARD","true","true","false"
"AUTO_SAFE","HTTP_OK_SAME_DOMAIN_GIFT_CARD_AND_PURCHASE_EVIDENCE","Zoniou","Zoniou Gift Card","https://zoniou.gr/giftcard","https://zoniou.gr/giftcard","200","Giftcard","Giftcard","true","true","false"
"AUTO_SAFE","HTTP_OK_SAME_DOMAIN_GIFT_CARD_AND_PURCHASE_EVIDENCE","Zuccherino","Zuccherino Gift Card","https://zuccherino.gr/product-category/gift-card/","https://zuccherino.gr/product-category/gift-card/","200","Gift card &#8211; Ζαχαροπλαστεία Zuccherino","","true","true","false"
"AUTO_SAFE","HTTP_OK_SAME_DOMAIN_GIFT_CARD_AND_PURCHASE_EVIDENCE","Zumbashop","Gift Card - Δωροκάρτα","https://zumbashop.gr/category-url/gift-cards","https://zumbashop.gr/category-url/gift-cards","200","GIFT CARDS - ZUMBAWEAR","GIFT CARDS","true","true","false"
"AUTO_SAFE","HTTP_OK_SAME_DOMAIN_GIFT_CARD_AND_PURCHASE_EVIDENCE","e-Stathatos","e-Stathatos Gift Card","https://www.e-stathatos.gr/proion/gift-card/","https://www.e-stathatos.gr/proion/gift-card/","200","Gift Card &#8211; Stathatos Athletics","Gift Card","true","true","false"
"REVIEW","NO_GIFT_CARD_SEMANTIC_EVIDENCE","Active Fashion","Active Fashion Gift Card","https://active-fashion.gr/gift-cards/","https://active-fashion.gr/gift-cards/","200","active-fashion.gr | Θεσσαλονίκη","Καλημέρα κόσμε!","false","true","false"
"REVIEW","NO_GIFT_CARD_SEMANTIC_EVIDENCE","Agathou","Agathou Beauty & Spa Δωροεπιταγή 70€","https://www.agathou.gr/product-category/%ce%b4%cf%89%cf%81%ce%bf%ce%ba%ce%b1%cf%81%cf%84%ce%b5%cf%83/","https://www.agathou.gr/product-category/%ce%b4%cf%89%cf%81%ce%bf%ce%ba%ce%b1%cf%81%cf%84%ce%b5%cf%83/","200","ΔΩΡΟΚΑΡΤΕΣ - Agathou Beauty & Spa","ΔΩΡΟΚΑΡΤΕΣ","false","true","false"
"REVIEW","NO_PURCHASE_OR_VALUE_SIGNAL","Alhammam","Δωροκάρτα","https://alhammam.gr/gift-cards/","https://alhammam.gr/gift-cards/","200","Hammam Traditional Baths &#8211; Al Hammam Athens & Crete","","true","false","false"
"REVIEW","NO_GIFT_CARD_SEMANTIC_EVIDENCE","Ame30","Gift Card - ame30 - Ανδρικά ρούχα, παπούτσια και αξεσουάρ","https://ame30.gr/gift-cards/","https://ame30.gr/gift-cards/","200","ame30 &#8211; Ανδρικά ρούχα, παπούτσια και αξεσουάρ","","false","true","false"
"REVIEW","NO_GIFT_CARD_SEMANTIC_EVIDENCE","Ammashop","GIFT CARD 100€ - ammashop","https://www.ammashop.gr/gift-cards","https://www.ammashop.gr/gift-cards","200","Loading...","","false","false","false"
"REVIEW","NO_GIFT_CARD_SEMANTIC_EVIDENCE","Army Market","Army Market Gift Card","https://army-market.gr/gift-card","https://army-market.gr/gift-card","200","Army-Market","","false","true","false"
"REVIEW","NO_GIFT_CARD_SEMANTIC_EVIDENCE","AstronGameClub","AstronGameClub Gift Card","https://www.astrongameclub.gr/gift-card/","https://www.astrongameclub.gr/gift-card/","200","Δωροκάρτα - AstronGameClub","Δωροκάρτα","false","true","false"
"REVIEW","NO_GIFT_CARD_SEMANTIC_EVIDENCE","Babybean","Δωροκάρτα - Babybean - BabyBean.gr by Ammos & Gyali","https://babybean.gr/product/gift-card/","https://babybean.gr/product/gift-card/","200","Δωροκάρτα - Babybean - BabyBean.gr by Ammos & Gyali","Δωροκάρτα &#8211; Babybean","false","true","false"
"REVIEW","NO_GIFT_CARD_SEMANTIC_EVIDENCE","Batterypark","ΔΩΡΟΕΠΙΤΑΓΗ - batterypark.gr","https://batterypark.gr/el/gift-cards","https://batterypark.gr/el/gift-cards","200","ΔΩΡΟΕΠΙΤΑΓΗ","ΔΩΡΟΕΠΙΤΑΓΗ","false","true","false"
"REVIEW","NO_GIFT_CARD_SEMANTIC_EVIDENCE","Bbq","BBQ.gr Δωροκάρτα","https://bbq.gr/gift-cards","https://bbq.gr/gift-cards","200","ΔΩΡΟΚΑΡΤΕΣ","ΔΩΡΟΚΑΡΤΕΣ","false","true","false"
"REVIEW","NO_PURCHASE_OR_VALUE_SIGNAL","Benessere","Δωροκάρτες - Gift Cards, Κεντρο Αισθητικής Benessere Αίγιο ...","https://benessere.gr/dwrokartes-gift-cards/","https://benessere.gr/dwrokartes-gift-cards/","200","Δωροκάρτες - Gift Cards, Κεντρο Αισθητικής Benessere Αίγιο Αχαΐας","Δωροκάρτες για κάθε περίσταση","true","false","false"
"REVIEW","NO_GIFT_CARD_SEMANTIC_EVIDENCE","Blackroll","Gift Card - Blackroll.gr","https://blackroll.gr/products/gift-card","https://blackroll.gr/products/gift-card","200","Δωροκάρτα BLACKROLL® - το ιδανικό δώρο | BLACKROLL® &ndash; Blackroll.gr","Δωροκάρτα","false","true","false"
"REVIEW","NO_GIFT_CARD_SEMANTIC_EVIDENCE","Bloss","Gift Card | Bloss Fashion e-Shop","https://www.bloss.gr/gift-card","https://www.bloss.gr/gift-card","200","","","false","false","false"
"REVIEW","NO_GIFT_CARD_SEMANTIC_EVIDENCE","Bonheurbeauty","Δωροκάρτα Bonheur Beauty","https://bonheurbeauty.gr/product/gift-card/","https://bonheurbeauty.gr/product/gift-card/","200","Δωροκάρτα Bonheur Beauty - Bonheur Beauty","Δωροκάρτα Bonheur Beauty","false","true","false"
"REVIEW","NO_GIFT_CARD_SEMANTIC_EVIDENCE","Bonsai Home","Bonsai Home Δωροκάρτα 10€","https://bonsaihome.gr/%ce%b4%cf%89%cf%81%ce%bf%ce%ba%ce%b1%cf%81%cf%84%ce%b1/","https://bonsaihome.gr/%ce%b4%cf%89%cf%81%ce%bf%ce%ba%ce%b1%cf%81%cf%84%ce%b1/","200","ΔΩΡΟΚΑΡΤΑ - Bonsai Home","ΔΩΡΟΚΑΡΤΑ","false","true","false"
"REVIEW","NO_GIFT_CARD_SEMANTIC_EVIDENCE","Bylia","Ηλεκτρονική Δωροκάρτα","https://www.bylia.gr/product/e-gift-card/","https://www.bylia.gr/product/e-gift-card/","200","Ηλεκτρονική Δωροκάρτα - Bylia - Μικρές Ιστορίες By Lia","Bylia &#8211; Μικρές Ιστορίες By Lia","false","true","false"
"REVIEW","NO_GIFT_CARD_SEMANTIC_EVIDENCE","Bymeraki","Δωροκάρτα","https://bymeraki.gr/product-category/wps_wgm_giftcard/","https://bymeraki.gr/product-category/wps_wgm_giftcard/","200","Δωροκάρτα","","false","true","false"
"REVIEW","NO_GIFT_CARD_SEMANTIC_EVIDENCE","Cakeshop","Δωροκάρτα | Cakeshop Thessaloniki","https://www.cakeshop.gr/gift-card/dorokarta","https://www.cakeshop.gr/gift-card/dorokarta","200","Δωροκάρτα | Cakeshop Thessaloniki","Δωροκάρτα","false","true","false"
"REVIEW","NO_GIFT_CARD_SEMANTIC_EVIDENCE","Cameoshatter","Δωροκάρτα","https://cameoshatter.gr/product/gift-card/","https://cameoshatter.gr/product/gift-card/","200","Δωροκάρτα - Cameos hatter","Δωροκάρτα","false","true","false"
"REVIEW","NO_PURCHASE_OR_VALUE_SIGNAL","Carbon","CFC GIFT CARD | carbonfibercustoms","https://www.carbon.gr/gift-card","https://www.carbon.gr/gift-card","200","CFC GIFT CARD | carbonfibercustoms","Dear USA Customers due to the latest instructions as far as Tarrifs and Postal Services for USA deliveries and because standard shipping companies do not deliver to USA anymore we managed to make a cooperation with UPS for all the USA shipments trying to keep the cost low and delivery even faster!","true","false","false"
"REVIEW","NO_GIFT_CARD_SEMANTIC_EVIDENCE","Celesteshop","Celeste Gift Card","https://celesteshop.gr/c/dwrokarta/","https://celesteshop.gr/c/dwrokarta/","200","Δωροκάρτα - CelesteShop","Δωροκάρτα","false","true","false"
"REVIEW","NO_GIFT_CARD_SEMANTIC_EVIDENCE","Champselysees","Δωροκάρτα Ομορφιάς – Χαρίστε στιγμές χαλάρωσης & ...","https://champselysees.gr/dorokarta/","https://champselysees.gr/dorokarta/","200","Δωροκάρτα Ομορφιάς – Χαρίστε στιγμές χαλάρωσης & φροντίδας","Δωροκάρτα Ομορφιάς","false","false","false"
"REVIEW","NO_GIFT_CARD_SEMANTIC_EVIDENCE","Chicbee","Chicbee Δωροκάρτα 20€","https://chicbee.gr/product-category/dorokartes/","https://chicbee.gr/product-category/dorokartes/","200","Δωροκάρτες - ChicBee","","false","true","false"
"REVIEW","NO_GIFT_CARD_SEMANTIC_EVIDENCE","Cigarsmoke","Gift Card Αρχεία","https://cigarsmoke.gr/el/gift-cards/","https://cigarsmoke.gr/el/gift-cards/","200","CigarSmoke","Blog","false","true","false"
"REVIEW","NO_GIFT_CARD_SEMANTIC_EVIDENCE","Cla Chic","Cla Chic Gift Card","https://www.clachic.gr/","https://www.clachic.gr/","200","Clachic | Ρολόγια, Γυαλιά Ηλίου, Κοσμήματα και Αξεσουάρ Μόδας | Clachic","","false","true","false"
"REVIEW","NO_GIFT_CARD_SEMANTIC_EVIDENCE","Climber","Giftcard - Climber","https://www.climber.gr/product/dorokarta/","https://www.climber.gr/product/dorokarta/","200","Δωροκάρτα","Δωροκάρτα","false","true","false"
"REVIEW","NO_GIFT_CARD_SEMANTIC_EVIDENCE","Constancejewelry","Δωροκάρτα - Constance Jewlery","https://constancejewelry.gr/shop/khoris-kategoria/dorokarta/","https://constancejewelry.gr/shop/khoris-kategoria/dorokarta/","200","Δωροκάρτα - Constance Jewlery","Δωροκάρτα","false","true","false"
"REVIEW","NO_GIFT_CARD_SEMANTIC_EVIDENCE","Cookworld","Gift Cards","https://www.cookworld.gr/module/kbgiftcard/giftcards","https://www.cookworld.gr/module/kbgiftcard/giftcards","200","Cookworld Οικολογικά Σκεύη και Εργαλεία μαγειρικής | Δωροκάρτες","","false","true","false"
"REVIEW","NO_GIFT_CARD_SEMANTIC_EVIDENCE","Cordella","Cordella Δωροκάρτα 500€","https://www.cordella.gr/shop/vendor/cordella","https://www.cordella.gr/shop/vendor/cordella","200","CORDELLA","CORDELLA","false","true","false"
"REVIEW","NO_GIFT_CARD_SEMANTIC_EVIDENCE","Cre T E","Κατηγορία: δωροκάρτα","https://cre-t-e.gr/product-category/jewelry/gift-card-jewelry/","https://cre-t-e.gr/product-category/jewelry/gift-card-jewelry/","200","Κατηγορία: δωροκάρτα &#x2d; Cre.t.e","δωροκάρτα","false","true","false"
"REVIEW","NO_GIFT_CARD_SEMANTIC_EVIDENCE","Cyclestore","Δωροκάρτες","https://cyclestore.gr/gift-card/","https://cyclestore.gr/gift-card/","200","Δωροκάρτες - Cyclestore Athens","","false","true","false"
"REVIEW","NO_GIFT_CARD_SEMANTIC_EVIDENCE","Decathlon Greece","Κάρτα Δώρου","https://www.decathlon.com.gr/el/content/36-gift-card","https://www.decathlon.com.gr/el/content/36-gift-card","200","Κάρτα Δώρου","Κάρτα Δώρου Decathlon","false","true","false"
"REVIEW","NO_GIFT_CARD_SEMANTIC_EVIDENCE","DigiShark","DigiShark Δωροκάρτα","https://digishark.gr/product/giftcard26/","https://digishark.gr/product/giftcard26/","200","Δωροκάρτα - DigiShark","Δωροκάρτα","false","true","false"
"REVIEW","NO_GIFT_CARD_SEMANTIC_EVIDENCE","Dioptra","Dioptra Gift Card","https://www.dioptra.gr/gift-card","https://www.dioptra.gr/gift-card","200","Δωροκάρτες","","false","true","false"
"REVIEW","NO_GIFT_CARD_SEMANTIC_EVIDENCE","Djmania","Gift Cards","https://djmania.gr/el/giftcards","https://djmania.gr/el/giftcards","200","Δωροκάρτες","","false","true","false"
"REVIEW","NO_GIFT_CARD_SEMANTIC_EVIDENCE","Dromeasbikes","DromeasBikes Δωροεπιταγή 25€","https://dromeasbikes.gr/product-category/%CE%B4%CF%89%CF%81%CE%BF%CE%B5%CF%80%CE%B9%CF%84%CE%B1%CE%B3%CE%AD%CF%82/","https://dromeasbikes.gr/product-category/%CE%B4%CF%89%CF%81%CE%BF%CE%B5%CF%80%CE%B9%CF%84%CE%B1%CE%B3%CE%AD%CF%82/","200","Δωροεπιταγές &#8211; DromeasBikes","","false","true","false"
"REVIEW","NO_GIFT_CARD_SEMANTIC_EVIDENCE","Efarmakeio","Efarmakeio Δωροκάρτα","https://efarmakeio.gr/gift-cards","https://efarmakeio.gr/gift-cards","200","Δωροκάρτες | efarmakeio.gr","Δωροκάρτες","false","true","false"
"REVIEW","NO_GIFT_CARD_SEMANTIC_EVIDENCE","Ehunter","Δωροκάρτα Ehunter","https://www.ehunter.gr/dorokarta-c-1702.html","https://www.ehunter.gr/dorokarta-c-1702.html","200","Δωροκάρτες - EHUNTER","Δωροκάρτες","false","true","false"
"REVIEW","NO_GIFT_CARD_SEMANTIC_EVIDENCE","Ekdoseis Papasotiriou","Εκδόσεις Παπασωτηρίου Δωροκάρτα","https://ekdoseis-papasotiriou.gr/products/gift-card","https://ekdoseis-papasotiriou.gr/products/gift-card","200","Εκδόσεις Παπασωτηρίου Δωροκάρτα","Εκδόσεις Παπασωτηρίου Δωροκάρτα","false","true","false"
"REVIEW","NO_GIFT_CARD_SEMANTIC_EVIDENCE","Epipla24","Δωροκάρτα Online Αγορά Επίπλων και Διακόσμησης Σπιτιού","https://epipla24.gr/product/gift-card/","https://epipla24.gr/product/gift-card/","200","Δωροκάρτα Online Αγορά Επίπλων και Διακόσμησης Σπιτιού","Δωροκάρτα Epipla24","false","true","false"
"REVIEW","NO_GIFT_CARD_SEMANTIC_EVIDENCE","EpiploSet","EpiploSet Gift Card","https://www.epiploset.gr/product/gift-card/","https://www.epiploset.gr/product/gift-card/","200","Δωροκάρτα | Epiplo Set","Δωροκάρτα","false","true","false"
"REVIEW","NO_GIFT_CARD_SEMANTIC_EVIDENCE","Ergaleiogatos","Ergaleiogatos Δωροεπιταγή","https://www.ergaleiogatos.gr/shop/doroepitagi/","https://www.ergaleiogatos.gr/shop/doroepitagi/","200","Δωροεπιταγή - Ergaleiogatos.gr","Δωροεπιταγή","false","true","false"
"REVIEW","NO_GIFT_CARD_SEMANTIC_EVIDENCE","Ethereal Spa","Spa Gift Cards — The Perfect Present - Ethereal Spa","https://www.ethereal-spa.gr/gift-cards","https://www.ethereal-spa.gr/gift-cards","200","Spa Gift Cards — The Perfect Present | Ethereal Spa","ΔΩΡΟΚΑΡΤΕΣ","false","true","false"
"REVIEW","NO_GIFT_CARD_SEMANTIC_EVIDENCE","Fagotto Books","Fagotto Books Δωροκάρτα","https://fagottobooks.gr/el/percussion-ekpaideytiko-yliko/dorokartes/","https://fagottobooks.gr/el/percussion-ekpaideytiko-yliko/dorokartes/","200","Δωροκάρτες - Κρουστά & εκπαιδευτικό υλικό - Fagotto Books","Δωροκάρτες","false","true","false"
"REVIEW","NO_GIFT_CARD_SEMANTIC_EVIDENCE","Fantasea","Fantasea Δωροεπιταγή 100€","https://www.fantasea.gr/product/doroepitagi-100-1034/","https://www.fantasea.gr/product/doroepitagi-100-1034/","200","Δωροεπιταγή 100€ - Fantasea","Δωροεπιταγή 100€","false","true","false"
"REVIEW","NO_GIFT_CARD_SEMANTIC_EVIDENCE","Farmakeio4all","Farmakeio4all Δωροκάρτα","https://farmakeio4all.gr/c/dwrokartes/","https://farmakeio4all.gr/c/dwrokartes/","200","ΔΩΡΟΚΑΡΤΕΣ | Farmakeio4all","Κατηγορίες","false","true","false"
"REVIEW","NO_GIFT_CARD_SEMANTIC_EVIDENCE","Floky","Gift Card Floky","https://floky.gr/products/gift-card-floky","https://floky.gr/products/gift-card-floky","200","Κάρτα Δώρου Floky","Κάρτα Δώρου Floky","false","true","false"
"REVIEW","NO_GIFT_CARD_SEMANTIC_EVIDENCE","Flowmassage","Gift Card - Flow Massage","https://flowmassage.gr/gift-cards/","https://flowmassage.gr/gift-cards/","200","Flow Massage","","false","false","false"
"REVIEW","NO_GIFT_CARD_SEMANTIC_EVIDENCE","Forall","Forall Gift Card","https://www.forall.com.gr/gift-card","https://www.forall.com.gr/gift-card","200","Δωροκάρτα","Δωροκάρτα","false","true","false"
"REVIEW","NO_GIFT_CARD_SEMANTIC_EVIDENCE","Fotiadou Shop","Προσφορές: Δωροκάρτα","https://fotiadou-shop.gr/offers/gift-card.html","https://fotiadou-shop.gr/offers/gift-card.html","200","Προσφορές: Δωροκάρτα","","false","true","false"
"REVIEW","NO_GIFT_CARD_SEMANTIC_EVIDENCE","Freerider","Δωροεπιταγή - Δωροεπιταγές","https://freerider.gr/ekdosi-doroepitagis/","https://freerider.gr/ekdosi-doroepitagis/","200","Δωροεπιταγές","Αγορά δωροεπιταγής","false","true","false"
"REVIEW","NO_GIFT_CARD_SEMANTIC_EVIDENCE","Gatos Shoes","Gatos Shoes Gift Card","https://gatos-shoes.gr/product-category/doro-kartes/","https://gatos-shoes.gr/product-category/doro-kartes/","200","Δωροκάρτες - Παπουτσωμένος Γάτος Χανιά","Δωροκάρτες","false","true","false"
"REVIEW","NO_GIFT_CARD_SEMANTIC_EVIDENCE","Gavalasjewelry","ΔΩΡΟΚΑΡΤΕΣ Αρχεία","https://gavalasjewelry.gr/product-category/gift-cards/","https://gavalasjewelry.gr/product-category/gift-cards/","200","Gavalas Jewelry is under construction","Μας συγχωρείτε, Δυστυχώς, κάνουμε κάποια εργασία στον ιστότοπο","false","false","false"
"REVIEW","NO_GIFT_CARD_SEMANTIC_EVIDENCE","Gmca","Gmca Gift Card","https://www.gmca.gr/products/gift-card","https://www.gmca.gr/products/gift-card","200","Δωροκάρτα &ndash; GMCA LTD","Δωροκάρτα","false","true","false"
"REVIEW","NO_GIFT_CARD_SEMANTIC_EVIDENCE","Gotshirts","Gotshirts Gift Card","https://www.gotshirts.gr/products/gift-card","https://www.gotshirts.gr/products/gift-card","200","Δωροκάρτα &ndash; GOTShirts","Δωροκάρτα","false","true","false"
"REVIEW","NO_GIFT_CARD_SEMANTIC_EVIDENCE","Gymbeam","Δωροκάρτα - GymBeam","https://gymbeam.gr/gift-card-1.html","https://gymbeam.gr/gift-card-1.html","200","Δωροεπιταγή | GymBeam.gr","Δωροεπιταγή","false","true","false"
"REVIEW","NO_GIFT_CARD_SEMANTIC_EVIDENCE","Habitatgreece","Gift cards","https://habitatgreece.gr/product-category/wps_wgm_giftcard/","https://habitatgreece.gr/product-category/wps_wgm_giftcard/","200","Δωροκάρτα - Habitat Greece","Δωροκάρτα","false","true","false"
"REVIEW","NO_GIFT_CARD_SEMANTIC_EVIDENCE","Harmonybeauty","Δωροκάρτα - Harmony & Beauty","https://www.harmonybeauty.gr/ypiresies/dorokarta-c-43.html","https://www.harmonybeauty.gr/ypiresies/dorokarta-c-43.html","200","Δωροκάρτα","Δωροκάρτα","false","true","false"
"REVIEW","NO_GIFT_CARD_SEMANTIC_EVIDENCE","Hellenicorchids","ΔΩΡΟΚΑΡΤΑ • Ελληνικές Ορχιδέες","https://www.hellenicorchids.gr/orchids/dorokarta/","https://www.hellenicorchids.gr/orchids/dorokarta/","200","ΔΩΡΟΚΑΡΤΑ &bull; Ελληνικές Ορχιδέες","ΔΩΡΟΚΑΡΤΑ","false","true","false"
"REVIEW","NO_GIFT_CARD_SEMANTIC_EVIDENCE","Hercshop","Δωροκάρτα - Herc Shop","https://hercshop.gr/gift-cards/","https://hercshop.gr/gift-cards/","200","Blog - Herc Shop","Blog","false","true","false"
"REVIEW","NO_PURCHASE_OR_VALUE_SIGNAL","Himalayatravel","Gift Voucher Archives - himalayatravel","https://himalayatravel.gr/category/gift-voucher-gr/","https://himalayatravel.gr/category/gift-voucher-gr/","200","Gift Voucher Archives - himalayatravel","Κατηγορία: Gift Voucher","true","false","false"
"REVIEW","NO_GIFT_CARD_SEMANTIC_EVIDENCE","Hintsdeco","Δωροκάρτα HINTSDECO","https://hintsdeco.com/products/dwrokarta-hintsdeco","https://hintsdeco.com/products/dwrokarta-hintsdeco","200","Δωροκάρτα HINTSDECO","Δωροκάρτα HINTSDECO","false","true","false"
"REVIEW","NO_GIFT_CARD_SEMANTIC_EVIDENCE","Hlcpro","Gift Card Gold – HLC Pro by Health Laser Clinic","https://hlcpro.gr/","https://hlcpro.gr/","200","hlcpro.gr &#8211; Είδη Περιποίησης &#8211; Ομορφιάς","","false","true","false"
"REVIEW","NO_GIFT_CARD_SEMANTIC_EVIDENCE","Hoper","Δωροκάρτα HOPER","https://hoper.gr/product-category/dorokarta/","https://hoper.gr/product-category/dorokarta/","200","Δωροκάρτα - Hoper.gr","Δωροκάρτα","false","true","false"
"REVIEW","NO_GIFT_CARD_SEMANTIC_EVIDENCE","Houseoftennis","Gift Card – House Of Tennis","https://houseoftennis.gr/product-category/wps_wgm_giftcard-2/","https://houseoftennis.gr/product-category/wps_wgm_giftcard-2/","200","Δωροκάρτα &#8211; House Of Tennis","Δωροκάρτα","false","true","false"
"REVIEW","NO_GIFT_CARD_SEMANTIC_EVIDENCE","Inspiral","Gift Cards - Δωροκάρτα","https://www.inspiral.gr/gift-cards","https://www.inspiral.gr/gift-cards","200","Η σελίδα δεν βρέθηκε | INSPIRAL JEWELRY","","false","true","false"
"REVIEW","NO_GIFT_CARD_SEMANTIC_EVIDENCE","Ioannou Cosmetics","Ioannou Cosmetics Δωροκάρτα","https://www.ioannou-cosmetics.gr/c/dwrokartes/","https://www.ioannou-cosmetics.gr/c/dwrokartes/","200","Δωροκάρτες - Ioannou Cosmetics","Δωροκάρτες","false","true","false"
"REVIEW","NO_GIFT_CARD_SEMANTIC_EVIDENCE","Ipatios","Ipatios Δωροκάρτα","https://ipatios.gr/c/gynaika/dwrokarta-gynaika/","https://ipatios.gr/c/gynaika/dwrokarta-gynaika/","200","Δωροκάρτα - Γυναίκα &#8226; Ipatios","Δωροκάρτα","false","true","false"
"REVIEW","NO_GIFT_CARD_SEMANTIC_EVIDENCE","Kaktos","ΔΩΡΟΚΑΡΤΑ","https://www.kaktos.gr/product/dorokarta/","https://www.kaktos.gr/product/dorokarta/","200","ΔΩΡΟΚΑΡΤΑ - Εκδόσεις Κάκτος","ΔΩΡΟΚΑΡΤΑ","false","true","false"
"REVIEW","NO_GIFT_CARD_SEMANTIC_EVIDENCE","Kantarzoglou","€150.00 Gift Card","https://www.kantarzoglou.gr/el/my-gift-cards/","https://www.kantarzoglou.gr/el/my-gift-cards/","200","Oι δωροεπιταγές μου","Oι δωροεπιταγές μου","false","true","false"
"REVIEW","NO_GIFT_CARD_SEMANTIC_EVIDENCE","Karam Crete","Δωροκάρτα ευεξίας και ομορφιάς","https://karam-crete.gr/gift-cards/","https://karam-crete.gr/gift-cards/","200","Ελληνικά &#8211; Karam Crete Spa","Ελληνικά","false","true","false"
"REVIEW","NO_GIFT_CARD_SEMANTIC_EVIDENCE","Kosmima24","ΔΩΡΟΚΑΡΤΑ","https://www.kosmima24.gr/dorokarta_i_41.html","https://www.kosmima24.gr/dorokarta_i_41.html","200","Δωροκάρτα | Kosmima24","Δωροκάρτα","false","true","false"
"REVIEW","NO_GIFT_CARD_SEMANTIC_EVIDENCE","LIAKOPOULOS Brands Store","GIFTCARD 100 (Δωροκάρτα)","https://www.liakopoulos-store.gr/","https://liakopoulos-store.gr/","200","LIAKOPOULOS Brands Store &#8211; Brands Store | Est.1959","","false","true","false"
"REVIEW","NO_GIFT_CARD_SEMANTIC_EVIDENCE","Lidl Greece","Δωροκάρτα Lidl","https://www.lidl-hellas.gr/c/dwrokarta-lidl/s10019973","https://www.lidl-hellas.gr/c/dwrokarta-lidl/s10019973","200","Δωροκάρτα Lidl","","false","true","false"
"REVIEW","NO_GIFT_CARD_SEMANTIC_EVIDENCE","Lovefashionpoint","Lovefashionpoint Gift Card","https://lovefashionpoint.gr/","https://lovefashionpoint.gr/","200","Loveshoes - Γυναικεία παπούτσια, τσάντες & ρούχα","","false","true","false"
"REVIEW","NO_PURCHASE_OR_VALUE_SIGNAL","Marose","Gift Card - MAROSE – Κέντρο Αισθητικής Θέρμη","https://marose.gr/gift-card/","https://marose.gr/gift-card/","200","Gift Card – Marose","Gift Card","true","false","false"
"REVIEW","NO_GIFT_CARD_SEMANTIC_EVIDENCE","Masazaki","Δωροκάρτα Μασάζ: Το καλύτερο εορταστικό δώρο στους ...","https://masazaki.gr/gift-cards/","https://masazaki.gr/gift-cards/","200","Gift Cards - Masazaki","","false","true","false"
"REVIEW","NO_PURCHASE_OR_VALUE_SIGNAL","Massaha","Massaha Gift Card","https://www.massaha.gr/gift-card","https://www.massaha.gr/gift-card","200","Gift Card | Massaha","","true","false","false"
"REVIEW","NO_GIFT_CARD_SEMANTIC_EVIDENCE","Materiaprima","Materiaprima Gift Card","https://materiaprima.gr/specials/dorokartes/","https://materiaprima.gr/specials/dorokartes/","200","Δωροκάρτες - materiaprima","","false","true","false"
"REVIEW","NO_GIFT_CARD_SEMANTIC_EVIDENCE","Mavrogiannistravel","Δωροεπιταγή - ΔΩΡΟΕΠΙΤΑΓΗ","https://www.mavrogiannistravel.gr/doroepitagi/","https://www.mavrogiannistravel.gr/doroepitagi/","200","ΔΩΡΟΕΠΙΤΑΓΗ - Mavrogiannis Travel | Από το 1980 κάνουμε τα όνειρά σας ταξίδια!","ΔΩΡΟΕΠΙΤΑΓΗ","false","true","false"
"REVIEW","NO_PURCHASE_OR_VALUE_SIGNAL","Mediwellkalamata","Mediwellkalamata Gift Card","https://www.mediwellkalamata.gr/giftcard/","https://www.mediwellkalamata.gr/giftcard/","200","Mediwell Kalamata, Skin Care & Laser Center &#8211; GIFT CARD","GIFT CARD.","true","false","false"
"REVIEW","NO_PURCHASE_OR_VALUE_SIGNAL","Melissinos Sandals","Melissinos Sandals Gift Voucher","http://www.melissinos-sandals.gr/giftvouchers","http://www.melissinos-sandals.gr/giftvouchers","200","GIFT VOUCHERS","GIFT VOUCHERS","true","false","false"
"REVIEW","NO_GIFT_CARD_SEMANTIC_EVIDENCE","Mellifora","Gift Card Envelope","https://mellifora.gr/products/gift-cards","https://mellifora.gr/products/gift-cards","200","Δωροκάρτες Mellifora","Δωροκάρτες Mellifora","false","true","false"
"REVIEW","NO_PURCHASE_OR_VALUE_SIGNAL","Mentortravel","Gift card | Δωροκάρτα","https://www.mentortravel.gr/gift-card-2","https://www.mentortravel.gr/gift-card-2","200","Gift card | Δωροκάρτα | Mentor Travel","Κάνε ένα ξεχωριστό δώρο","true","false","false"
"REVIEW","NO_PURCHASE_OR_VALUE_SIGNAL","Mfbeautysalon","Δωροκάρτα","https://www.mfbeautysalon.gr/giftcard.html","https://www.mfbeautysalon.gr/giftcard.html","200","Δωροκάρτα | MF Beauty Salon","Δωροκάρτα MF Beauty Salon","true","false","false"
"REVIEW","TERMS_PRIVACY_GIFTSET_OR_SUPPORT_PAGE","Mfdayspa","MF Day Spa Δωροεπιταγή","https://www.mfdayspa.gr/product-category/gift-ideas/gift-cards/","https://www.mfdayspa.gr/product-category/gift-ideas/gift-cards/","200","ΔΩΡΟΚΑΡΤΕΣ - MF DAY SPA","ΔΩΡΟΚΑΡΤΕΣ","true","true","true"
"REVIEW","NO_PURCHASE_OR_VALUE_SIGNAL","Michanossport","Michanossport Gift Card","https://www.michanossport.gr/gift-card-m-10228.html","https://www.michanossport.gr/gift-card-m-10228.html","200","Gift Card","Gift Card","true","false","false"
"REVIEW","NO_GIFT_CARD_SEMANTIC_EVIDENCE","Moustakisfc","Ψηφιακή δωροκάρτα","https://www.moustakisfc.gr/gift-cards/","https://www.moustakisfc.gr/gift-cards/","200","Δωροκάρτες - Moustakis Flower Company","Δωροκάρτες","false","true","false"
"REVIEW","NO_PURCHASE_OR_VALUE_SIGNAL","Msba Events","Msba Events Gift Card","https://www.msba-events.gr/shop/toys/gift-card/","https://www.msba-events.gr/shop/toys/gift-card/","200","Gift Card - msbaevents","msbaevents is coming soon","true","false","false"
"REVIEW","NO_GIFT_CARD_SEMANTIC_EVIDENCE","Musicland","Δωροκάρτα Musicland - Το μουσικό δώρο που δεν λήγει ποτέ","https://www.musicland.gr/gift-card","https://www.musicland.gr/gift-card","200","Δωροκάρτα Musicland - Το μουσικό δώρο που δεν λήγει ποτέ","Δωροκάρτα Musicland","false","true","false"
"REVIEW","NO_GIFT_CARD_SEMANTIC_EVIDENCE","Musicpal","Gift card - MusicPal","https://musicpal.gr/dorokarta","https://musicpal.gr/dorokarta","200","MusicPal - Δωροκάρτα","Δωροκάρτα MusicPal","false","true","false"
"REVIEW","NO_GIFT_CARD_SEMANTIC_EVIDENCE","Natprod","Δωροκάρτα","https://www.natprod.gr/product/gift-card/","https://www.natprod.gr/product/gift-card/","200","Δωροκάρτα - Natprod.gr","Δωροκάρτα","false","true","false"
"REVIEW","NO_GIFT_CARD_SEMANTIC_EVIDENCE","Naturalhealth","Δωροκάρτα | Natural Health","https://naturalhealth.gr/product-category/dorokarta/?v=bf391b589afb","https://naturalhealth.gr/product-category/dorokarta/?v=d692bc40d834","200","Δωροκάρτα | Natural Health","Δωροκάρτα","false","true","false"
"REVIEW","NO_GIFT_CARD_SEMANTIC_EVIDENCE","Oreasoncs","Gift Certificate","https://www.oreasoncs.gr/doroepitagi/","https://www.oreasoncs.gr/doroepitagi/","200","Δωροεπιταγή","Δωροεπιταγή","false","true","false"
"REVIEW","NO_GIFT_CARD_SEMANTIC_EVIDENCE","P Kontopoulos","Δωροκάρτα P Kontopoulos","https://pkontopoulos.com/products/%CE%B4%CF%89%CF%81%CE%BF%CE%BA%CE%B1%CF%81%CF%84%CE%B1-p-kontopoulos","https://pkontopoulos.com/products/%CE%B4%CF%89%CF%81%CE%BF%CE%BA%CE%B1%CF%81%CF%84%CE%B1-p-kontopoulos","200","Δωροκάρτα P Kontopoulos","Δωροκάρτα P Kontopoulos","false","true","false"
"REVIEW","NO_GIFT_CARD_SEMANTIC_EVIDENCE","PNN Nightwear","PNN Nightwear Δωροκάρτα 15€","https://pnn-nightwear.gr/product/dorokarta-pnn-nightwear/","https://pnn-nightwear.gr/product/dorokarta-pnn-nightwear/","200","Δωροκάρτα - PNN Nightwear","Δωροκάρτα","false","true","false"
"REVIEW","NO_GIFT_CARD_SEMANTIC_EVIDENCE","Paidika Symeon","Δωροκάρτα","https://paidikasymeon.gr/product/gift-card/","https://paidikasymeon.gr/product/gift-card/","200","Δωροκάρτα - Παιδικά Συμεών","Δωροκάρτα","false","true","false"
"REVIEW","NO_GIFT_CARD_SEMANTIC_EVIDENCE","Palazzodiscarpe","Palazzo di Scarpe Δωροκάρτα","https://www.palazzodiscarpe.gr/c/giftcards/","https://www.palazzodiscarpe.gr/c/giftcards/","200","ΔΩΡΟΚΑΡΤΕΣ - Palazzo Di Scarpe","ΔΩΡΟΚΑΡΤΕΣ","false","true","false"
"REVIEW","NO_GIFT_CARD_SEMANTIC_EVIDENCE","Pargaoro","ΔΩΡΟΚΑΡΤΑ - pargaoro.gr","https://www.pargaoro.gr/dorokarta-c-79.html","https://www.pargaoro.gr/dorokarta-c-79.html","200","ΔΩΡΟΚΑΡΤΑ","ΔΩΡΟΚΑΡΤΑ","false","true","false"
"REVIEW","NO_GIFT_CARD_SEMANTIC_EVIDENCE","Pegabo Shoes","Ανδρικά Δερμάτινα Μοκασίνια Tamaris Μπλε 1-13201-44-805","https://pegaboshoes.gr/product-category/dorokarta/","https://pegaboshoes.gr/product-category/dorokarta/","200","Δωροκάρτα | Online Αγορά | Pegabo","Δωροκάρτα","false","true","false"
"REVIEW","NO_GIFT_CARD_SEMANTIC_EVIDENCE","Pezzetta","Pezzetta eGift Card","https://www.pezzetta.gr/gift-card","https://www.pezzetta.gr/gift-card","200","","","false","false","false"
"REVIEW","NO_GIFT_CARD_SEMANTIC_EVIDENCE","Philatravel","Δωροεπιταγή Ταξιδιού","https://philatravel.gr/doroepitagi-taxidiou/","https://philatravel.gr/doroepitagi-taxidiou/","200","Δωροεπιταγή Ταξιδιού | Το Ιδανικό Δώρο από 50€","Δωροεπιταγή Ταξιδιού","false","true","false"
"REVIEW","NO_PURCHASE_OR_VALUE_SIGNAL","Pnoewave","Gift Card - Pnoe - Body & Mind Wellness","https://pnoewave.gr/gift-card/","https://pnoewave.gr/gift-card/","200","Gift Card - Pnoe - Body & Mind Wellness","Gift Card","true","false","false"
"REVIEW","NO_GIFT_CARD_SEMANTIC_EVIDENCE","Pocolocojewellery","Δωροκάρτα - PocoLoco Jewellery #1 Επιλογή για Piercing","https://pocolocojewellery.gr/product/dorokarta/","https://pocolocojewellery.gr/product/dorokarta/","200","Δωροκάρτα","","false","true","false"
"REVIEW","NO_GIFT_CARD_SEMANTIC_EVIDENCE","Polis Hammam","Δωροκάρτες – Polis Hammam","https://polis-hammam.gr/product/doroepitagi/","https://polis-hammam.gr/product/doroepitagi/","200","ΔΩΡΟΕΠΙΤΑΓΗ &#8211; Polis Hammam","Shop","false","true","false"
"REVIEW","NO_GIFT_CARD_SEMANTIC_EVIDENCE","Politikos Shop","Δωροκαρτα - Politikos","https://www.politikos-shop.gr/gift-cards","https://www.politikos-shop.gr/gift-cards","200","Ανδρική & Γυναικεία Μόδα | Δημοφιλή Brands | Πολυκατάστημα Πολιτικός","","false","true","false"
"REVIEW","NO_GIFT_CARD_SEMANTIC_EVIDENCE","Powerpharm","Powerpharm Δωροεπιταγή","https://powerpharm.gr/product-category/gift-vouchers/","https://powerpharm.gr/product-category/gift-vouchers/","200","Δωροεπιταγές - Powerpharm","Powerpharm / Δωροεπιταγές","false","true","false"
"REVIEW","NO_PURCHASE_OR_VALUE_SIGNAL","Proteas Blu Resort","Proteas Blu Resort Gift Card","https://www.proteasbluresort.gr/gift-voucher/","https://www.proteasbluresort.gr/gift-voucher/","200","Gift Voucher &#8211; ProteasBluResort","","true","false","false"
"REVIEW","NO_GIFT_CARD_SEMANTIC_EVIDENCE","Ptbox","Gift Card - PT Box","https://www.ptbox.gr/gift-card","https://www.ptbox.gr/gift-card","200","","","false","false","false"
"REVIEW","NO_GIFT_CARD_SEMANTIC_EVIDENCE","Puroshop","Δωροεπιταγή - PuroShop","https://puroshop.gr/product-category/gift-card/","https://puroshop.gr/product-category/gift-card/","200","Δωροεπιταγή &#8211; PuroShop","","false","true","false"
"REVIEW","NO_GIFT_CARD_SEMANTIC_EVIDENCE","Regalinas","Ηλεκτρονική Δωροκάρτα","https://www.regalinas.gr/e-gift-card","https://www.regalinas.gr/e-gift-card","200","Ηλεκτρονική Δωροκάρτα | Regalinas","Regalinas Ηλεκτρονική Δωροκάρτα","false","true","false"
"REVIEW","NO_PURCHASE_OR_VALUE_SIGNAL","Sakkoulasbooks","Gift card - Εκδόσεις Αντ. Ν. Σάκκουλα Ε.Ε.","https://sakkoulasbooks.gr/giftcard/","https://sakkoulasbooks.gr/giftcard/","200","Gift card - &Epsilon;&kappa;&delta;ό&sigma;&epsilon;&iota;&sigmaf; &Alpha;&nu;&tau;. &Nu;. &Sigma;ά&kappa;&kappa;&omicron;&upsilon;&lambda;&alpha; &Epsilon;.&Epsilon;.","","true","false","false"
"REVIEW","NO_GIFT_CARD_SEMANTIC_EVIDENCE","Sandglass","Δωροκάρτα - Sandglass.gr by Ammos & Gyali","https://www.sandglass.gr/product/gift-card/","https://www.sandglass.gr/product/gift-card/","200","Δωροκάρτα - Sandglass - Sandglass.gr by Ammos & Gyali","Δωροκάρτα &#8211; Sandglass","false","true","false"
"REVIEW","NO_PURCHASE_OR_VALUE_SIGNAL","Santi","Gift Card - Δωροκάρτα – Εναλλακτικές Θεραπείες","https://santi.gr/giftcard/","https://santi.gr/giftcard/","200","Δωροκάρτα &#8211; Εναλλακτικές Θεραπείες","Δωροκάρτα - Gift Card","true","false","false"
"REVIEW","NO_GIFT_CARD_SEMANTIC_EVIDENCE","Secrets of Beauty","Secrets of Beauty Gift Card","https://secretsofbeauty.gr/doroepitages-spa","https://secretsofbeauty.gr/doroepitages-spa","200","Δωροεπιταγές Spa Archives | secretsofbeauty","Δώρισε Εμπειρία","false","true","false"
"REVIEW","NO_GIFT_CARD_SEMANTIC_EVIDENCE","Signature","Ταξιδιωτική δωροεπιταγή : το καλύτερο δώρο!","https://signature.gr/gift-card/","https://signature.gr/gift-card/","200","Ταξιδιωτική δωροεπιταγή : το καλύτερο δώρο!","","false","true","false"
"REVIEW","NO_GIFT_CARD_SEMANTIC_EVIDENCE","Simple City","Δωροκάρτα","https://simple-city.gr/gift-card.html","https://simple-city.gr/gift-card.html","200","Δωροκάρτα - Simple City","","false","true","false"
"REVIEW","NO_GIFT_CARD_SEMANTIC_EVIDENCE","Slalomshop","SlalomShop.gr - Δωροκάρτα","https://slalomshop.gr/gift-cards/","https://slalomshop.gr/gift-cards/","200","Gift Cards - SlalomShop.gr","Gift Cards","false","true","false"
"REVIEW","NO_GIFT_CARD_SEMANTIC_EVIDENCE","Sonice","Sonice Δωροεπιταγή 50€","https://www.sonice.gr/el/185-gift-cards","https://www.sonice.gr/el/185-gift-cards","200","ΔΩΡΟΕΠΙΤΑΓΕΣ - So Nice","ΔΩΡΟΕΠΙΤΑΓΕΣ &Upsilon;&pi;ά&rho;&chi;&omicron;&upsilon;&nu; 4 &pi;&rho;&omicron;ϊό&nu;&tau;&alpha;.","false","true","false"
"REVIEW","NO_PURCHASE_OR_VALUE_SIGNAL","Sorelia","Gift Card - Sorelia Jewelry","https://www.sorelia.gr/gift-card","https://www.sorelia.gr/gift-card","200","Gift Card — Sorelia Jewelry","Χάρισε την επιλογή.","true","false","false"
"REVIEW","NO_GIFT_CARD_SEMANTIC_EVIDENCE","Spitispa","Δωροκάρτα - spitispa.gr","https://spitispa.gr/dorokarta/","https://spitispa.gr/dorokarta/","200","Δώρο για γενέθλια, δώρο για γιορτή, δώρο για επέτειο","Δωροκάρτα","false","true","false"
"REVIEW","NO_GIFT_CARD_SEMANTIC_EVIDENCE","Sportys","ΔΩΡΟΕΠΙΤΑΓΗ 90 ΕΥΡΩ","http://www.sportys.gr/content/12535/%CF%83%CF%84%CE%B5%CE%AF%CE%BB%CF%84%CE%B5-%CE%B4%CF%89%CF%81%CE%BF%CE%B5%CF%80%CE%B9%CF%84%CE%B1%CE%B3%CE%AE-","http://www.sportys.gr/content/12535/%CF%83%CF%84%CE%B5%CE%AF%CE%BB%CF%84%CE%B5-%CE%B4%CF%89%CF%81%CE%BF%CE%B5%CF%80%CE%B9%CF%84%CE%B1%CE%B3%CE%AE-","200","Στείλτε Δωροεπιταγή","Sporty's","false","true","false"
"REVIEW","NO_GIFT_CARD_SEMANTIC_EVIDENCE","Strata Shop","Δωροκάρτα - strata-shop.gr","https://strata-shop.gr/product/dorokarta-40/","https://strata-shop.gr/product/dorokarta-40/","200","ΔΩΡΟΚΑΡΤΑ 40 &#8211; Strata","ΔΩΡΟΚΑΡΤΑ 40","false","true","false"
"REVIEW","NO_PURCHASE_OR_VALUE_SIGNAL","Thamon","Gift Card – Thamon","https://www.thamon.gr/gift-card/","https://www.thamon.gr/gift-card/","200","Gift Card – Thamon","","true","false","false"
"REVIEW","NO_GIFT_CARD_SEMANTIC_EVIDENCE","Theloftchalkida","Δωροκάρτα","https://theloftchalkida.gr/product/e-gift-card/","https://theloftchalkida.gr/product/e-gift-card/","200","Ηλεκτρονική Δωροκάρτα &#8211; The Loft Chalkida","Ηλεκτρονική Δωροκάρτα","false","true","false"
"REVIEW","NO_GIFT_CARD_SEMANTIC_EVIDENCE","Themassagesuite","Gift Card for Massage - The Perfect Gift","https://themassagesuite.gr/dorokarta/","https://themassagesuite.gr/dorokarta/","200","Δωροκάρτα για Μασάζ - Το ιδανικό Δώρο | The Massage Suite","Δωροκάρτα μασάζ","false","true","false"
"REVIEW","NO_GIFT_CARD_SEMANTIC_EVIDENCE","Theocreations","Δωροκάρτα","https://theocreations.gr/dorokarta/","https://theocreations.gr/dorokarta/","200","Δωροκάρτα &#8211; Theo Creations &#8211; Κοσμήματα Θεοδώρου","Δωροκάρτα","false","false","false"
"REVIEW","NO_GIFT_CARD_SEMANTIC_EVIDENCE","Theodorou.Shop","Theodorou e-Gift Card","https://theodorou.shop/edorokarta","https://theodorou.shop/edorokarta","200","e-Δωροκάρτα | Θεοδώρου","e-Δωροκάρτα","false","true","false"
"REVIEW","TERMS_PRIVACY_GIFTSET_OR_SUPPORT_PAGE","Tinytoes","Gift Card | Tiny Toes","https://www.tinytoes.gr/product-category/gift-ideas/gift-cards/","https://www.tinytoes.gr/product-category/gift-ideas/gift-cards/","200","Gift Cards | Tiny Toes","Gift Cards","true","true","true"
"REVIEW","NO_GIFT_CARD_SEMANTIC_EVIDENCE","Top-Style","Δωροκάρτα","https://top-style.gr/proion/dorokarta/","https://top-style.gr/proion/dorokarta/","200","Δωροκάρτα - Top Style","Δωροκάρτα","false","true","false"
"REVIEW","NO_GIFT_CARD_SEMANTIC_EVIDENCE","Trouvaille","Ψηφιακή Δωροκάρτα - Gift Card","https://trouvaille.gr/gift-cards/","https://trouvaille.gr/gift-cards/","200","Blog | Trouvaille Jewelry","","false","true","false"
"REVIEW","NO_GIFT_CARD_SEMANTIC_EVIDENCE","Tsinekidis","Δωροκάρτα","https://tsinekidis.gr/product/dwrokarta/dorokarta/","https://tsinekidis.gr/product/dwrokarta/dorokarta/","200","Δωροκάρτα - Tsinekidis","Δωροκάρτα","false","true","false"
"REVIEW","NO_GIFT_CARD_SEMANTIC_EVIDENCE","Tuasolea","Δωροκάρτα με αξία της επιλογής σας","https://tuasolea.gr/cat/dorokarta/","https://tuasolea.gr/cat/dorokarta/","200","Δωροκάρτα με αξία της επιλογής σας | TuaSolea","Δωροκάρτες για κάθε περίσταση","false","true","false"
"REVIEW","NO_GIFT_CARD_SEMANTIC_EVIDENCE","Turritella","Δωροκάρτα 50€ - Turritella","https://turritella.gr/giftcards/","https://turritella.gr/giftcards/","200","Δωροκάρτες - Turritella","Δωροκάρτες","false","true","false"
"REVIEW","NO_GIFT_CARD_SEMANTIC_EVIDENCE","Vantaggio","Δωροκάρτα - Vantaggio","https://vantaggio.gr/product/dorokarta/","https://vantaggio.gr/product/dorokarta/","200","Δωροκάρτα | VANTAGGIO","Δωροκάρτα","false","true","false"
"REVIEW","NO_GIFT_CARD_SEMANTIC_EVIDENCE","Veel","Ηλεκτρονική δωροκάρτα | Veel","https://veel.gr/product-category/dwrokarta-veel/","https://veel.gr/product-category/dwrokarta-veel/","200","Δωροκάρτα | Veel","Δωροκάρτα","false","true","false"
"REVIEW","NO_GIFT_CARD_SEMANTIC_EVIDENCE","Vitaspis","Δωροκάρτα","https://vitaspis.gr/product/gift-card/","https://vitaspis.gr/product/gift-card/","200","Δωροκάρτα &#8211; Vitaspis","","false","true","false"
"REVIEW","NO_GIFT_CARD_SEMANTIC_EVIDENCE","Wine24shop","Gift Card 20 euro - Wine24shop","https://www.wine24shop.gr/dorokarta-100-euro.el.aspx","https://www.wine24shop.gr/dorokarta-100-euro.el.aspx","200","Δωροκάρτα αξίας 100 ευρώ","Δωροκάρτα αξίας 100 ευρώ","false","true","false"
"REVIEW","NO_GIFT_CARD_SEMANTIC_EVIDENCE","Yellowstars","YellowStars Δωροκάρτα 20€","https://yellowstars.gr/category/dorokarta","https://yellowstars.gr/category/dorokarta","200","Δωροκάρτα - Yellow Stars","","false","true","false"
"REVIEW","NO_GIFT_CARD_SEMANTIC_EVIDENCE","Zakroshoes","Zakro Gift Card","https://www.zakroshoes.gr/product/zakro-gift-card/","https://www.zakroshoes.gr/product/zakro-gift-card/","200","Δωροεπιταγή - Zakro Shoes","Δωροεπιταγή","false","true","false"
"ERROR","HTTP_403","Adventure Junkies","Adventure Junkies Gift Card","https://www.adventurejunkies.gr/product-category/giftcards/","https://www.adventurejunkies.gr/product-category/giftcards/","403","403 - Forbidden","403 - Forbidden","false","false","false"
"ERROR","HTTP_403","Aggouris","Giftcard - Ιεροραφείο Αγγούρη","https://aggouris.gr/product-category/dorokarta/","https://aggouris.gr/product-category/dorokarta/","403","403 - Forbidden","403 - Forbidden","false","false","false"
"ERROR","HTTP_403","Bilero","Virtual Gift Card Αρχεία","https://bilero.gr/product/gift-card/","https://bilero.gr/product/gift-card/","403","403 - Forbidden","403 - Forbidden","false","false","false"
"ERROR","HTTP_403","Coronadifiori","Gift Card white","https://coronadifiori.gr/product-category/gift-card/","https://coronadifiori.gr/product-category/gift-card/","403","403 - Forbidden","403 - Forbidden","false","false","false"
"ERROR","HTTP_403","Dionysioumedispa","Beauty and Spa Gift Card - Dionysiou Beauty & Medi Spa","https://www.dionysioumedispa.com/product-category/gift-cards-el/","https://www.dionysioumedispa.com/product-category/gift-cards-el/","403","403 - Forbidden","403 - Forbidden","false","false","false"
"ERROR","HTTP_403","Divani Collection","Divani Collection Hotels Gift Card | The Ultimate Luxury Gift","https://divanis.com/gift-card/","https://divanis.com/gift-card/","403","403 - Forbidden","403 - Forbidden","false","false","false"
"ERROR","HTTP_403","Goldandwhite","Gift Card - Gold and White | Χειροποίητα Κοσμήματα","https://goldandwhite.gr/shop/gift-card-karta-dorou-2/","https://goldandwhite.gr/shop/gift-card-karta-dorou-2/","403","403 - Forbidden","403 - Forbidden","false","false","false"
"ERROR","HTTP_403","Harmony Spa","Gift Card - δωροκαρτα","https://harmony-spa.gr/giftcard/","https://harmony-spa.gr/giftcard/","403","403 - Forbidden","403 - Forbidden","true","false","false"
"ERROR","HTTP_403","Intersport","ΙNTERSPORT e-Gift Card!","https://www.intersport.gr/el/gift-cards/","https://www.intersport.gr/el/gift-cards/","403","Access Denied","Access Denied","false","false","false"
"ERROR","HTTP_403","Koukidabookstore","Δωροκάρτα / Gift Card ΚΟΥΚΙΔΑ","https://koukidabookstore.gr/product/dorokarta-gift-card-koykida/","https://koukidabookstore.gr/product/dorokarta-gift-card-koykida/","403","403 - Forbidden","403 - Forbidden","false","false","false"
"ERROR","HTTP_403","Laaloo","GIFT CARD - Παιδικά ρούχα για αγόρια & κορίτσια","https://laaloo.gr/product/gift-card/","https://laaloo.gr/product/gift-card/","403","403 - Forbidden","403 - Forbidden","false","false","false"
"ERROR","HTTP_404","Littlesubmarine","Littlesubmarine Gift Card","https://www.littlesubmarine.gr/gift-card-baby-swimming/","https://littlesubmarine.gr/gift-card-baby-swimming/","404","Page not found &#8211; Little Submarine","404","false","false","false"
"ERROR","HTTP_403","Luxurymassage","Gift Card - Luxury Massage Athens","https://luxurymassage.gr/product/gift-card/","https://luxurymassage.gr/product/gift-card/","403","403 - Forbidden","403 - Forbidden","false","false","false"
"ERROR","HTTP_403","Massageinn","Gift Card - Massage services in Thessaloniki","https://massageinn.gr/dorokarta/","https://massageinn.gr/dorokarta/","403","403 - Forbidden","403 - Forbidden","false","false","false"
"ERROR","HTTP_403","Naira","Naira Gift Card","https://naira.gr/gift-card/","https://naira.gr/gift-card/","403","403 - Forbidden","403 - Forbidden","false","false","false"
"ERROR","HTTP_403","Parousiafashion","Parousia Fashion Δωροεπιταγή 70€","https://parousiafashion.gr/product-category/gift-cards/","https://parousiafashion.gr/product-category/gift-cards/","403","Bot Verification","","false","false","false"
"ERROR","HTTP_403","Petiteboutique","GIFT CARD ΔΩΡΟΕΠΙΤΑΓΗ – P❤️B petite boutique","https://petiteboutique.gr/product/gift-card-doroepitagi/","https://petiteboutique.gr/product/gift-card-doroepitagi/","403","Just a moment...","","false","false","false"
"ERROR","HTTP_403","Pharmagalaxy","Pharmagalaxy Gift Card","https://pharmagalaxy.gr/product/gift-card/","https://pharmagalaxy.gr/product/gift-card/","403","403 - Forbidden","403 - Forbidden","false","false","false"
"ERROR","HTTP_500","Santo Wines","Santo Wines Gift Card","https://santowines.gr/gift-cards-eu","https://santowines.gr/gift-cards-eu","500","","","false","false","false"
"ERROR","HTTP_403","Skynn","Skynn Gift Card","https://skynn.gr/product/gift-card/","https://skynn.gr/product/gift-card/","403","403 - Forbidden","403 - Forbidden","false","false","false"
"ERROR","FETCH_ERROR:AbortError","Sports Direct Greece","Sports Direct Greece Gift Card","https://www.sportsdirect.gr/accessories/gift-card","https://www.sportsdirect.gr/accessories/gift-card","","","","false","false","false"
"ERROR","FETCH_ERROR:TypeError","Sunsandclouds","Sunsandclouds Gift Card","https://sunsandclouds.gr/product-category/gift-cards/","https://sunsandclouds.gr/product-category/gift-cards/","","","","false","false","false"
"ERROR","HTTP_403","Tartarooga","Giftcard, Δωροκάρτα","https://tartarooga.gr/product/giftcard/","https://tartarooga.gr/product/giftcard/","403","403 - Forbidden","403 - Forbidden","true","false","false"
"ERROR","HTTP_404","Themassageworld","The Massage World-ΔΩΡΟΚΑΡΤΕΣ","https://www.themassageworld.gr/giftcards","https://www.themassageworld.gr/giftcards","404","Squarespace - Website Expired","","false","false","false"
"ERROR","HTTP_403","Thescentlab","E-Gift Card","https://thescentlab.gr/shop/face-and-body/e-gift-card/","https://thescentlab.gr/shop/face-and-body/e-gift-card/","403","Checking your browser...","","false","false","false"
"ERROR","HTTP_403","ThinkFit.gr","Δωροκάρτα Think Gift","https://thinkfit.gr/product/giftcard/","https://thinkfit.gr/product/giftcard/","403","403 - Forbidden","403 - Forbidden","true","false","false"
"ERROR","FETCH_ERROR:TypeError","Travelagency","ΤΑΞΙΔΙΩΤΙΚΗ ΔΩΡΟΕΠΙΤΑΓΗ","https://travelagency.gr/tour/gift-card/","https://travelagency.gr/tour/gift-card/","","","","false","false","false"
"ERROR","HTTP_403","Tsakirismallas","Gift card - Δωροκαρτα","https://www.tsakirismallas.gr/el-gr/GiftCard?tmp=frt2&tmc=giftcard","https://www.tsakirismallas.gr/el-gr/GiftCard?tmp=frt2&tmc=giftcard","403","Just a moment...","","true","false","false"
"ERROR","HTTP_403","Vasilitakidswear","Δωροκάρτα - Vasilita Kidswear - παιδική μόδα","https://vasilitakidswear.gr/product/gift-card/","https://vasilitakidswear.gr/product/gift-card/","403","403 - Forbidden","403 - Forbidden","false","false","false"
"ERROR","HTTP_403","Vivliopoleiopataki","Vivliopoleiopataki Gift Card","https://vivliopoleiopataki.gr/giftcard","https://vivliopoleiopataki.gr/giftcard","403","Just a moment...","","true","false","false"
"ERROR","HTTP_403","Websupplies","GIFTCARD | Websupplies.gr","https://www.websupplies.gr/giftcard?q=gift%20card","https://www.websupplies.gr/giftcard?q=gift%20card","403","Just a moment...","","true","false","false"
"ERROR","HTTP_403","You","eGift Card","https://www.you.gr/egift-card/egift-card","https://www.you.gr/egift-card/egift-card","403","Access Denied","Access Denied","false","false","false"
