score,domain,merchant_name,possible_official_url,title,snippet,query
100,24hr.gr,"Netflix Prepaid Gift card online 15,00€ - 24hr.gr το delivery ...","https://www.24hr.gr/el/%CF%80%CF%81%CE%BF%CF%8A%CF%8C%CE%BD%CF%84%CE%B1/tv-prepaid-cards/tv-prepaid-cards/netflix-prepaid-gift-card-online-15,00%E2%82%AC/%CE%B1%CF%81%CF%87%CE%AE","Netflix Prepaid Gift card online 15,00€ - 24hr.gr το delivery ...","Netflix Prepaid Gift card online 15,00€ Με τη Netflix Prepaid Gift card ... Pet Shop. Για τον σκύλο · Για τη γάτα. Για Παιδιά. Παιχνίδια · Συλλογές Χαρτάκια ...","site:.gr ""pet shop"" ""gift card"""
100,aesthet.com,aesthet.com,https://www.aesthet.com/el/gift-cards-2/?srsltid=AfmBOoohgm8UHEW0EmfgEwmt4H_XYhiuayAVZxRmbavrgsxRnzhd-GHD,Gift Cards - aesthet.com,Contessina Jewelry · Costarellos · Cristina Beautiful Life · Cutcuutur · Danai ... Κάντε χαρούμενους τους αγαπημένους σας με μια δωροκάρτα Aesthet! Από (OΝ/ΜΟ) ...,"""Athens"" ""jewelry"" ""δωροκάρτα"""
100,alexander-edu.org,Learn Modern and Ancient Greek in Greece!,https://alexander-edu.org/gift-card/,Gift Card - Learn Modern and Ancient Greek in Greece!,Wonderful experience with this school in Thessaloniki - the right mixture of ... Gift Card. Want to surprise someone with more than just a typical gift ...,"""Thessaloniki"" ""experience"" ""gift card"""
100,all.accor.com,The Perfect Present: The ALL Accor Gift Card,https://all.accor.com/a/en/experiences/all-gift-card.html,The Perfect Present: The ALL Accor Gift Card,An extended seaside escape in Crete. ALL ... Any bookings paid in advance will be refunded at the hotel and your gift voucher will be used as payment.,"""Crete"" ""hotel"" ""gift voucher"""
100,alteregofashion.gr,AlterEgo,https://alteregofashion.gr/en/product/gift-card/,Δωροκάρτα AlterEgo,"Choose the amount you want to donate and a gift card with your message will ... Thessaloniki, TK. 56429 2310 681328. In the event that you wish to use ...","""Thessaloniki"" ""fashion"" ""gift card"""
100,anemifashion.gr,ANEMH clothing&fashion items,https://anemifashion.gr/shop/dorokarta/dorokarta/?attribute_gift-card-amount,Δωροκάρτα – ANEMH clothing&fashion items,Clean and Minimalist Fashion Gift Voucher Certificate (1). Δωροκάρτα €50. €10.00 – €200.00 Price range: €10.00 through €200.00. Ποσό Δωροκάρτας. Κάντε μία ...,"site:.gr ""fashion"" ""δωροκάρτα"""
100,apothekespa.com,30,https://www.apothekespa.com/en/gift-card,Gift Card 30,Give them the gift of choise with an apotheke spa gift card. They are ... Chania +30 2821079797. OPENTIME. 10:00 - 21:00. Sat: 10:00 - 20:00. PREPAYMENT.,"""Chania"" ""spa"" ""gift card"""
100,applybay.shop,Mid-Level Gift Card Programmes & Planogram Compliance ...,https://applybay.shop/mid-gift-card-programmes-planogram-compliance-rosary-maker-for-fitness-jobs,Mid-Level Gift Card Programmes & Planogram Compliance ...,"Mid-Level Gift Card Programmes & Planogram Compliance Rosary Maker for Fitness jobs ... Yarham Heaton Health — Chalandri, Chalandri Municipality — EUR ...","""Chalandri"" ""fitness"" ""gift card"""
100,archaeotours.gr,Ancient Greece,https://www.archaeotours.gr/product-category/wps_wgm_giftcard/,Gift Card - Ancient Greece,"Mythology for Kids (2). Our Best Sellers. Destination Nafplio. Rated 0 ... Crete, there's a Destination Gift Card waiting for you. Our Destination Gift ...","""Crete"" ""kids"" ""gift card"""
100,armoniawellness.gr,Christmas Gift Cards,https://www.armoniawellness.gr/christmas-gift-cards/,Christmas Gift Cards,"Κανενα προϊον στο καλαθι σας. Armonia Wellness ... Ψάχνεις Χριστουγεννιάτικο δώρο; Χάρισε μία δωροεπιταγή μας για massage, θεραπεία προσώπου, Body Scrub ή ...","site:.gr ""wellness"" ""δωροεπιταγή"""
100,athens-stay.gr,for Stay in Greece | Restay Resort and Suites L.P.,https://www.athens-stay.gr/gift-card,Gift Card for Stay in Greece | Restay Resort and Suites L.P.,"Surprise your loved ones with a Restay Resort & Suites Gift Card. Perfect for holidays, city breaks in Athens, or seaside escapes in Agiokampos.","site:.gr ""resort"" ""gift card"""
100,athens.virtual-room.com,Virtual Reality Athens,https://athens.virtual-room.com/gift-vouchers/,Gift vouchers - Virtual Reality Athens,Kids birthday · Bachelor & Bachelorette Parties · Gift vouchers · Contact · Book now ... athens@virtual-room.com. Contact us. SITE MAP. Booking · Gift Vouchers ...,"""Athens"" ""kids"" ""gift voucher"""
100,aureliamobilespa.com,Aurelia Mobile Spa | Spa Services in Corfu,https://aureliamobilespa.com/gift-cards-mobile-spa-in-corfu/,Gift Cards | Aurelia Mobile Spa | Spa Services in Corfu,"Give the gift of relaxation, rejuvenation, and self-care with our exquisite spa gift cards. Order your gift card & let the tranquility begin! Mobile Spa Corfu.","""Corfu"" ""spa"" ""gift card"""
100,beautyhallrhodes.gr,“Beauty Hall”,https://beautyhallrhodes.gr/gift-card-beauty-hall/,GIFT CARD “Beauty Hall”,GIFT CARD “Beauty Hall” ... Χαρίστε ένα δώρο ομορφιάς στα αγαπημένα σας πρόσωπα!!! Share Post.,"""Rhodes"" ""beauty"" ""gift card"""
100,bequeenboutique.com,Com,https://bequeenboutique.com/en/product-category/gift-cards-en/?srsltid=AfmBOoou5ukw60I2MF7TEN1oTtytYsWsTvZFqOu1WOkYg6zLCFFOLV8q,Gift Cards,"Gift Card – 50. 50,00 €. THESSALONIKI.","""Thessaloniki"" ""fashion"" ""gift card"""
100,bioaromacrete.com,SPA Gift Card,https://www.bioaromacrete.com/products/spa-gift-card,SPA Gift Card,"SPA Gift Card. Treat your loved ones to the ultimate relaxation with our luxurious spa treatments, inspired by Crete's rich botanical heritage. Each ...","""Crete"" ""spa"" ""gift card"""
100,bkstr.com,Rhodes College Gift Cards,https://www.bkstr.com/rhodesstore/shop/gift-cards,Rhodes College Gift Cards,"See all Health, Wellness & Beauty · See all Sale & Clearance. Store Hours Track an Order ... $50 Gift Card ADD TO BAG. $50 Gift Card. $50.00. $500 Gift Card ADD ...","""Rhodes"" ""beauty"" ""gift card"""
100,blog.germanos.gr,Τι δώρο να πάρω; E,https://blog.germanos.gr/articles/reviews-guides/germanos-e-gift-card-fetos-ta-hristoygenna-harise-toys-oti-theloyn,Τι δώρο να πάρω; E-Gift Card - G BLOG,"Η ΓΕΡΜΑΝΟΣ e-Gift Card είναι το ιδανικό δώρο για τα Χριστούγεννα γιατί προσφέρει ευελιξία, άνεση, άμεση αγορά και πλήθος επιλογών.","site:.gr ""toys"" ""gift card"""
100,bmwpap.gr,Αγοράστε μία Δωροεπιταγή,https://www.bmwpap.gr/gift-voucher/,Αγοράστε μία Δωροεπιταγή,Tour. K 1600 B · R 1300 RT · K 1600 GT · K 1600 GTL · K 1600 Grand America · Sport ... Αυτή η δωροεπιταγή θα αποσταλεί μέ e-mail στον παραλήπτη αφού ολοκληρωθεί ή ...,"site:.gr ""tour"" ""δωροεπιταγή"""
100,bookme.co.nz,Hotel Montreal - 1 Night Package - Family Suite Gift Voucher,https://www.bookme.co.nz/things-to-do/new-zealand/rhodes_spring/gift-voucher/hotel-montreal-1-night-package-family-suite/8546,Hotel Montreal - 1 Night Package - Family Suite Gift Voucher,Buy your Hotel Montreal - 1 Night Package - Family Suite Bookme Gift Voucher. Enter an Amount... This must be between $10 and $1000. Email My Voucher Print My ...,"""Rhodes"" ""hotel"" ""gift voucher"""
100,caravin.gr,Κάρτα Δώρου,https://www.caravin.gr/el/giftcard-2/,Κάρτα Δώρου,"Η δωροκάρτα ισχύει για 6 μήνες μετά την αγορά της κι εξαργυρώνεται μόνο μέσω κράτησης, ανάλογα με τη διαθεσιμότητα του εστιατορίου. Σε καμία περίπτωση δεν ...","site:.gr ""wine"" ""δωροκάρτα"""
100,cherrybox.gr,You are My Super Mom Gift Card,https://cherrybox.gr/1683635829833-you-are-my-super-mom-gift-card.html,You are My Super Mom Gift Card,You are My Super Mom Gift Card. Εγγραφή. ΕΓΓΡΑΦΗ. Σύνδεση. Διεύθυνση Email ... bubble-t-cosmetics. Toggle Nav Cherrybox · Zevioo CX Badge Zevioo Product Badge ...,"site:.gr ""cosmetics"" ""gift card"""
100,cicado.gr,Archives,https://cicado.gr/en/product-category/gift-cards/?srsltid,GIft Cards Archives,"GIft Cards. ... Gift Card. Gift Cards 100,00 € – 300,00 € Price range: 100,00 € through 300,00 €. Gift Card Amount. Choose an amount, 100 €, 150 €, 200 €, 300 ...","site:.gr ""gift cards"""
100,clachic.gr,Terms of Purchase & Use of Gift Vouchers,https://www.clachic.gr/en-gb/terms-of-purchase-and-use-of-gift-vouchers?srsltid,Terms of Purchase & Use of Gift Vouchers,"The gift voucher can be redeemed either by printing and presenting it at the physical store of ClacChic.gr, or through online purchases from the website clachic ...","site:.gr ""jewelry"" ""gift voucher"""
100,classbento.com.au,Fun experience gift cards,https://classbento.com.au/workshop-experience-gift-cards?srsltid=AfmBOoqBqWOq3ZjVRwMVtLitGVlwAN58bDpHaJm2Y1LeMgcQJOMU0fTv,Fun experience gift cards,"Location Rhodes / Mobile ... Wine tasting experiences, mixology workshops and cheese making classes also make wonderful experience gift voucher ideas for those ...","""Rhodes"" ""beauty"" ""gift voucher"""
100,coco-mat.com,Com,https://www.coco-mat.com/greece/en/product/gift-card,Gift Card,Gift Card 200€ - Purchase cost 160€; Gift Card 400€ - Purchase cost 320€; Gift Card 500€ - Purchase cost 400€. €40.00.,"""Kifisia"" ""experience"" ""gift card"""
100,corfutravelco.com,Win a €100 Venetian Well Gift Voucher in Corfu Town — Corfu ...,https://www.corfutravelco.com/travel-guide/win-a-100-venetian-well-gift-voucher-discover-one-of-corfu-towns-most-romantic-restaurants,Win a €100 Venetian Well Gift Voucher in Corfu Town — Corfu ...,Win a €100 Venetian Well Gift Voucher in Corfu Town ... A great restaurant to add to your Corfu wish list ... To celebrate one of Corfu Town's most beautiful dining ...,"""Corfu"" ""restaurant"" ""gift voucher"""
100,crescendo-rodi.gr,Crescendo,https://www.crescendo-rodi.gr/gift-cards/,Gift Cards - Crescendo,Bags · Purses · Belts. Menu. Home · About Us; Collections; Accessories · Bags · Purses ... Golden gift voucher. Crescendo Logo. About. About Us · My Account ...,"site:.gr ""bags"" ""gift voucher"""
100,cretegolfclub.com,Com,https://www.cretegolfclub.com/el/gift-cards/,Gift Cards,"Crete Golf · Home · The Course · The Hotel · The Club · Events · Gallery · About Crete ... Gift Card. Promo Gift Card. Card Value1,000.00€. Never Expiry. Never ...","""Crete"" ""hotel"" ""gift card"""
100,cretelocaladventures.com,Com,https://www.cretelocaladventures.com/gift-card/,Gift Card,"Gift Card. Give them an experience they'll remember! text, icon. 1. Book Now ... Crete Tours · About Us · Contact Us · Privacy & Cookie Statement.","""Crete"" ""experience"" ""gift card"""
100,deltarestaurant.gr,Προσφέρετε μια δωροκάρτα - Επιλέξτε την Αξία,https://deltarestaurant.gr/el/product/offer-a-gift-card-choose-the-value/,Προσφέρετε μια δωροκάρτα - Επιλέξτε την Αξία,Προσφέρετε μια δωροκάρτα - Επιλέξτε την Αξία. Voucher Value (50 - 800 ... Το Delta Restaurant βραβεύτηκε στα Mediterranean Special Awards 2023 του LA LISTE.,"site:.gr ""restaurant"" ""δωροκάρτα"""
100,diespens.nl,Nl,https://www.diespens.nl/Gift-Voucher,Gift Voucher -,"Health, Beauty & Baby. Non Foods. Health, Beauty & Baby. Health & Beauty · Baby ... Gift Voucher. Die Spens Gift Vouchers can be redeemed both in store and ...","""Rhodes"" ""beauty"" ""gift voucher"""
100,dim-ension.gr,G&I Gift Voucher - Dimension Web & Graphic Design Portfolio,http://www.dim-ension.gr/giftvoucher.html,G&I Gift Voucher - Dimension Web & Graphic Design Portfolio,G&I Gift Voucher ... About: G&I (short for Greece and Italy) is a custom luxury travel agency offering their customers custom made traveling services to Greece ...,"site:.gr ""travel"" ""gift voucher"""
100,dimidistours.gr,my travel gift card,https://dimidistours.gr/my-travel-gift-card-%CE%B4%CF%89%CF%81%CE%BF%CE%B5%CF%80%CE%B9%CF%84%CE%B1%CE%B3%CE%AE-t275.html,my travel gift card - Δωροεπιταγή,Δημιουργήστε μια travel gift card - Δωροεπιταγή επιλεγοντας το ποσό που εσεις επιθυμείτε και αφήστε να τη χρησιμοποιήσουν μέσα σε ένα χρόνο με το μέσο και το ...,"site:.gr ""travel"" ""gift card"""
100,divaniacropolishotel.com,The Ultimate Travel Gift | Divani Palace Acropolis Gift Card,https://divaniacropolishotel.com/gift-card/,The Ultimate Travel Gift | Divani Palace Acropolis Gift Card,Extra tip: the recipient will be able to redeem your Gift within 1 year! Gift Card Type. Make a choice. Amount; A Divani Athens ...,"""Athens"" ""hotel"" ""gift card"""
100,divaniapollonhotel.com,& Spa Vouchers | Divani Athens Spa & Thalasso,https://divaniapollonhotel.com/gift-card/,Gift Card & Spa Vouchers | Divani Athens Spa & Thalasso,You can purchase a Divani gift card online by selecting either a monetary amount or a specific treatment at the Divani Athens Spa & Thalasso Center through our ...,"""Athens"" ""spa"" ""gift card"""
100,divanicaravelhotel.com,The Ultimate Gift | Divani Caravel Hotel Gift Card,https://divanicaravelhotel.com/gift-card/,The Ultimate Gift | Divani Caravel Hotel Gift Card,"... Athens Spa & Thalasso Center, here you will find them in abundance. Extra tip: the recipient will be able to redeem your Gift within 1 year! Gift Card Type.","""Athens"" ""spa"" ""gift card"""
100,divanicorfuhotel.com,Com,https://divanicorfuhotel.com/gift-card/,Gift Card,"... Spa & Thalasso Center, here you will find them in abundance. Extra tip: the recipient will be able to redeem your Gift within 1 year! Gift Card Type. Make a ...","""Corfu"" ""spa"" ""gift card"""
100,dmasalonconcept.glossgenius.com,DM at Athens Beauty Collective,https://dmasalonconcept.glossgenius.com/shop/gift-cards,Gift Cards - DM at Athens Beauty Collective,"$100 $150 $200 $500. Custom amount. Choose a gift card design. Gift card design option 1 at DM at Athens Beauty Collective in GA, GA.","""Athens"" ""beauty"" ""gift card"""
100,eabags.gr,Eabags,https://eabags.gr/giftcard/?srsltid,Δωροκάρτα,Δωροκάρτα. Κλείσιμο. Ταξινόμηση. Δημοτικότητα · Βαθμολογία · Πιο πρόσφατα · Αύξουσα τιμή · Φθίνουσα τιμή. Κατηγορίες. BACKPACKS · BAGUETTE BAGS ... LEATHER BAGS ...,"site:.gr ""bags"" ""δωροκάρτα"""
100,edenred.gr,Ticket Compliments,https://www.edenred.gr/etaireies/ticket-compliments-gift-card,Δωροκάρτα Ticket Compliments,Χαρίστε ένα έξυπνο δώρο στους ανθρώπους σας με τη δωροκάρτα Ticket Compliments. Ανακαλύψτε τη δωροκάρτα ... Ticket Restaurant · MyBenefits · Spendeo · Ticket ...,"site:.gr ""restaurant"" ""δωροκάρτα"""
100,elementsmassage.com,Elements Massage Gift Card - Rhodes Ranch,https://elementsmassage.com/rhodes-ranch/gift-cards,Elements Massage Gift Card - Rhodes Ranch,Elements Massage Gift Card. GIFTING JUST GOT A WHOLE LOT Better. Give the Gift ... Connect with Elements Rhodes Ranch. Franchise · Suppliers · Careers · Contact ...,"""Rhodes"" ""massage"" ""gift card"""
100,ellaresorts.com,Wellness Gift Card - Rocrita Resort,https://www.ellaresorts.com/crete/rocrita-resort/wellness/wellness-gift-card/,Wellness Gift Card - Rocrita Resort,"For more information and for purchasing a Wellness Gift Card, please contact the Spa Reception. ... AGIOS ANDREAS, MOCHLOS, CRETE, GREECE 72057. CONTACT ...","""Crete"" ""spa"" ""gift card"""
100,ellievfashion.gr,Αρχεία,https://www.ellievfashion.gr/product-category/giftcard/,Δωροκάρτα Αρχεία,Δωροκάρτα. Αρχική σελίδα›Προϊόντα›Δωροκάρτα. Κατηγορίες Προϊόντων. Best Seller (0) · New Collection (133) · Premium Collection (0) ... Thessaloniki. Back to Top ...,"""Thessaloniki"" ""fashion"" ""δωροκάρτα"""
100,etsy.com,Custom Jewelry Gift Voucher,https://www.etsy.com/listing/4530493503/custom-jewelry-gift-voucher,Custom Jewelry Gift Voucher,"Custom Jewelry Gift Voucher. JolenesFineJewelry. 5 out of 5 stars. Add personalization. Digital Gift Voucher ... Crete Shop, Istanbul, Türkiye. Learn more about ...","""Crete"" ""jewelry"" ""gift voucher"""
100,faq.sephora.gr,Πώς μπορώ να χρησιμοποιήσω τη Gift card μου διαδικτυακά;,https://faq.sephora.gr/s/article/%CE%9C%CF%80%CE%BF%CF%81%CF%8E-%CE%BD%CE%B1-%CE%B1%CE%B3%CE%BF%CF%81%CE%AC%CF%83%CF%89-%CE%BC%CE%B9%CE%B1-Gift-Card%CF%83%CF%84%CE%BF-Sephora-gr,Πώς μπορώ να χρησιμοποιήσω τη Gift card μου διαδικτυακά;,Για να χρησιμοποιήσετε τη Gift card σας ... Μπορείτε να επικοινωνήσετε με την Εξυπηρέτηση Πελατών 2111000800 αναφέροντας τον αριθμό της Gift card σας.,"site:.gr ""gift card"""
100,fashioncity-outlet.gr,Κέρδισε δωροεπιταγή -20% από τον Μουστάκα,https://www.fashioncity-outlet.gr/moystakas-giftcard/,Κέρδισε δωροεπιταγή -20% από τον Μουστάκα,Fashion City Outlet · ΤΟ OUTLET · ΘΕΣΕΙΣ ΕΡΓΑΣΙΑΣ · CONCEPT ... δωροεπιταγή -20% από τον Μουστάκα. Αυτό το Σάββατο 9 Δεκεμβρίου ...,"site:.gr ""fashion"" ""δωροεπιταγή"""
100,fashionnoiz.com,Check here how much credits your Gift Card has left!,https://www.fashionnoiz.com/giftcards/buy,Check here how much credits your Gift Card has left!,You can optionally add the e-mail of the person you want your Gift Card to be sent and a personalized message for him. ... Kifisia. © fashionnoiz 2018 comodo- ...,"""Kifisia"" ""fashion"" ""gift card"""
100,feedmepetshop.gr,/ Giftcard 25€ - Feed Me,https://www.feedmepetshop.gr/%CE%B4%CF%89%CF%81%CE%BF%CE%BA%CE%AC%CF%81%CF%84%CE%B1-giftcard-25e/,Δωροκάρτα / Giftcard 25€ - Feed Me,"Δωροκάρτα / Giftcard 25€. 25,00 €. Άμεση αποστολή κουπονιού με email ... Pet Shop Θεσσαλονίκη. maestro mastercard visa sc_62x34 vbv. Μενού. Pet Shop - Feed Me.","site:.gr ""pet shop"" ""δωροκάρτα"""
100,felicia-concept.gr,Greek Designers Store,https://felicia-concept.gr/product/gift-card/,Gift Card | Greek Designers Store,Shop the perfect present with a Felicia Concept Store Gift Card. Let your loved ones choose from elegant fashion and lifestyle products.,"""Crete"" ""fashion"" ""gift card"""
100,fivepm.gr,5pm,https://fivepm.gr/products/gift-card?srsltid,Gift Card - 5pm,"Let them explore, express, and embrace the allure of 5pm with the flexibility of a gift card. Fashion dreams await! Wash & Care. Dry cleaning or hand wash in ...","site:.gr ""fashion"" ""gift card"""
100,fourseasonsastirpalacehotelathens.giftpro.co.uk,Mercato Monetary Gift Card,https://fourseasonsastirpalacehotelathens.giftpro.co.uk/vouchers/mercato-monetary-gift-card/,Mercato Monetary Gift Card,The Spa & Boutique at Four Seasons Astir Palace Athens ... Mercato Monetary Gift Card at Four Seasons Astir Palace Hotel Athens gift voucher packaging ...,"""Athens"" ""spa"" ""gift voucher"""
100,freelancer.gr,Entry #18 by anaczq for Creation of a gift voucher,https://www.freelancer.gr/contest/creation-of-a-gift-voucher-2192900-byentry-74522040,Entry #18 by anaczq for Creation of a gift voucher,Creation of a gift voucher. Freelancer: anaczq. 0. Share: Report Entry. Reject Entry Award Entry Buy Entry for €10 EUR. Winner. Runner Up. Processing.,"site:.gr ""gift voucher"""
100,gateaux.com.gr,"50 Sets Gift Certificates For Business, Blank Kraft Gift Cards",https://www.gateaux.com.gr/Certificates-For-Business-Blank-Kraft-Gift-Cards-t-1312544,"50 Sets Gift Certificates For Business, Blank Kraft Gift Cards","50 Sets Gift Certificates For Business, Blank Kraft Gift Cards · Each Set Includes One Blank Kraft Paper Certificate (5.9x2.36 Inches) And A Matching Envelope ( ...","site:.com.gr ""gift cards"""
100,gbcornergifts.com,Athens,https://www.gbcornergifts.com/gift-vouchers,Gift Vouchers Athens,Incredible Experience Gifts in Athens at GB Corner Gifts · €75 GB CORNER GIFTS & FLAVORS | Gift Voucher · €120 GB CORNER GIFTS & FLAVORS | Gift Voucher · €160 GB ...,"""Athens"" ""experience"" ""gift voucher"""
100,gerochristojewelry.gr,Archives,https://gerochristojewelry.gr/jewelry/mwb_wgm_giftcard/?srsltid,Gift Card Archives,Gerochristo jewelry eshop buy online byzantine jewelry · WOMEN'S MEN'S GIFTS ... Gift Card. Home · Shop. Gift Card. FILTERS. Showing all 2 resultsSorted by ...,"site:.gr ""jewelry"" ""gift card"""
100,gifting.groupbanyan.com,Angsana Corfu Extra Value e,https://gifting.groupbanyan.com/angsana-corfu/angsana-corfu-extra-value-e-gift-card-042269,Angsana Corfu Extra Value e-Gift Card,"Gift your loved ones with unique experience at Angsana Corfu with the Extra Value e-Gift Card ... hotel in Corfu, Greece.","""Corfu"" ""hotel"" ""gift card"""
100,giftly.com,"Buy Restaurant Gift Cards in Athens, GA",https://www.giftly.com/restaurant-gift-cards/athens-ga?srsltid=AfmBOoruYxgCv0hb1CCNYXNNj7lwvuuBnpI5dsvnPO-gMrBhFZX189ts,"Buy Restaurant Gift Cards in Athens, GA","Gift up to $1,000 with the suggestion to spend it at any restaurant in Athens, GA. city category. Universal Athens gifts · Giftly Gift Card.","""Athens"" ""restaurant"" ""gift card"""
100,giverrang.com,"Fitness Premier Gift Card - Crete, IL",https://giverrang.com/fitness-premier-gift-cards-crete-il/,"Fitness Premier Gift Card - Crete, IL",The Indie Prepaid Gift Card is designed to promote and support local businesses in Crete. Buying a Card that can be spent at local businesses like Fitness ...,"""Crete"" ""fitness"" ""gift card"""
100,godblesswomen.gr,25 CHF Gift card,https://godblesswomen.gr/products/25-chf-gift-card/236339811/?srsltid,25 CHF Gift card,"Outdoor & Sports · General · 25 CHF Gift card. Bestseller ranking. General. 1. Banshee Rune V3 Mountain Bike - 2020, X ...","site:.gr ""outdoor"" ""gift card"""
100,grandebretagnestore.com,Com,https://www.grandebretagnestore.com/en/gift-cards,Gift Cards,"Spa Gift Vouchers: The gift voucher receiver should contact the GB Spa and ... Athens, 105 64, Greece; T: +30 210 33 30 750; E: orders ...","""Athens"" ""spa"" ""gift voucher"""
100,greekflavours.com,perfect gift for your friends - Greek Flavours,https://www.greekflavours.com/collections/gift-cards?srsltid=AfmBOopGkwsWfnFvG6ncgQSyZoRlhJRNXSLciQC9Gx4LU55-n4HJZrvL,Gift Cards: perfect gift for your friends - Greek Flavours,"Aegean Flavours Gift Card – Mediterranean Experience - Greek Flavours. Aegean ... Gift Card Crete. Vendor: Greek Flavours. Regular price €40,00 EUR.","""Crete"" ""experience"" ""gift card"""
100,handospa.gr,Hando Massage & Spa,https://handospa.gr/en/massage-gift-card/,Hando Massage & Spa - Gift Card,Treat your loved ones to an unforgettable wellness experience with our luxurious spa and massage services. Wellness Gift Card. Escape from the ordinary ...,"site:.gr ""wellness"" ""gift card"""
100,hellenic-art.com,Gifts Inspired by Mythology & History,https://www.hellenic-art.com/product/gift-card/,Gift Card | Gifts Inspired by Mythology & History,Gift Card ... Minoan wall frescoes from the island of Crete · Olympic Games wall frescoes · Wall frescoes of Gods; Ancient Greek Bas Reliefs. Greek Jewelry.,"""Crete"" ""jewelry"" ""gift card"""
100,herminaathens.com,Com,https://herminaathens.com/product/gift-card/,Gift Card,The Hermina Athens Gift Card is a flexible digital or in-store gift option that allows the recipient to choose freely from the brand's jewelry collections.,"""Athens"" ""jewelry"" ""gift card"""
100,hoteltreats.com,Results matching your search criteria in Hotel Treats Gift Card ...,https://www.hoteltreats.com/en/treats/hotel-treats-gift-card?location=13511,Results matching your search criteria in Hotel Treats Gift Card ...,"A monetary gift card to spend on anything they wish! Hotel Treats Gift Card. from. €15. Buy now. Choose from our curated Hotel Treats Gift Card in Rethymno , ...","""Rethymno"" ""hotel"" ""gift card"""
100,houhouliarika.gr,Αγοράστε μία Δωροεπιταγή,https://houhouliarika.gr/gift-voucher,Αγοράστε μία Δωροεπιταγή,G.P.C. · HOMELINE · Ilis Home · Joy Bath · KENTIA · LA LUNA · Mc Decor · Mc Linen · MELINEN ... Αυτή η δωροεπιταγή θα αποσταλεί μέ e-mail στον παραλήπτη αφού ...,"site:.gr ""decor"" ""δωροεπιταγή"""
100,insomnia.gr,Γνωριζετε καλους gift card vendors που να πουλανε ...,https://www.insomnia.gr/forums/topic/823361-%CE%B3%CE%BD%CF%89%CF%81%CE%B9%CE%B6%CE%B5%CF%84%CE%B5-%CE%BA%CE%B1%CE%BB%CE%BF%CF%85%CF%82-gift-card-vendors-%CF%80%CE%BF%CF%85-%CE%BD%CE%B1-%CF%80%CE%BF%CF%85%CE%BB%CE%B1%CE%BD%CE%B5-gift-cards-steami-tunesgoogleamazonebay-visa-gifts-cards-%CF%83%CE%B5-%CE%BA%CE%B1%CE%BB%CE%B5%CF%82-%CF%84%CE%B9%CE%BC%CE%B5%CF%82/,Γνωριζετε καλους gift card vendors που να πουλανε ...,"Γνωριζετε καλους gift card vendors που να πουλανε gift cards steam,i ,Tunes,google,Amazon,ebay ,, razer gold gifts cards ,, visa gifts ...","site:.gr ""gifts"" ""gift card"""
100,kal-opsia.com,Com,https://www.kal-opsia.com/el/pages/gift-cards?srsltid=AfmBOopR3PDskWYg62MMiChLwUIhj3kwcolS3yGjJhbzU8hPzmyttG51,Δωροκάρτες,... ATHENS με τους όρους που περιγράφονται παρακάτω ... Green & Eco-Friendly Fashion. ✨ Χειμερινές ... Αυτή η Δωροκάρτα (η «Κάρτα») εκδίδεται από την Kalopia Athens ...,"""Athens"" ""fashion"" ""δωροκάρτα"""
100,karenrhodesart.com,Karen Rhodes Art,https://www.karenrhodesart.com/s/gift-cards,Gift cards | Karen Rhodes Art,... Where to find Karen Rhodes Art; More. Need to check gift card balance? Give the Perfect Gift. Get a voucher for yourself or gift one to a friend.,"""Rhodes"" ""jewelry"" ""gift card"""
100,klaoudatos.gr,ΚΛΑΟΥΔΑΤΟΣ OUTDOOR,https://klaoudatos.gr/product/gift-card/?srsltid,Δωροκάρτα - ΚΛΑΟΥΔΑΤΟΣ OUTDOOR,"Αγοράστε δωροκάρτα για αγορές απο το κατάστημα Klaoudatos Outdoor και στειλτε την στην οικογένεια και στους φίλους σας. Επιπλέον πληροφορίες. Βάρος, 100 γρ.","site:.gr ""outdoor"" ""δωροκάρτα"""
100,kospilarhotel.com,KOS Pilar Hotel,https://www.kospilarhotel.com/en/category/Gift-Card,Gift Card - KOS Pilar Hotel,Gift Card. Tienda / Gift Card · Gift Card · Gift Card. $200.000 ... SPA & FITNESS CENTER · TRUFA RESTAURANT. Newsletter ... All rights reserved | KOS Pilar Hotel.,"""Kos"" ""spa"" ""gift card"""
100,koumoulia.gr,Koumoulia,https://www.koumoulia.gr/en/product-category/giftcard/,Gift Card,"Flowers, Butterflies, Lady bugs, Garlands, Summer items, Hanging decoration, 3D decoration fishes, Bowls, Boats, Hats, Various decoratives, Gift Card, Money ...","site:.gr ""flowers"" ""gift card"""
100,kronenhotels.no,Kronen Hotels Gift Cards,https://kronenhotels.no/en/gift-cards/,Kronen Hotels Gift Cards,"Svithun Hotell, Hotel Sverre, MatVærket and Bakernes Paradis, unless the gift card is purchased for a specific location or package.","""Kos"" ""hotel"" ""gift card"""
100,kymajewelry.com,Com,https://www.kymajewelry.com/en/31-gift-cards,Gift Cards,"KYMA Gift Card 25€. €25.00. KYMA ... Lab address: Sofokleous 39, 18452, Athens (Not open to the public).","""Athens"" ""jewelry"" ""gift card"""
100,lacretechamber.com,2017 Restaurant Gift Card Winners,https://lacretechamber.com/2017-restaurant-gift-card-winners/,2017 Restaurant Gift Card Winners,"2017 Restaurant Gift Card Winners. Published ... Crete, AB T0H 2H0. View Full Listing ...","""Crete"" ""restaurant"" ""gift card"""
100,latravel.gr,Travel Gift Voucher,https://www.latravel.gr/gift-voucher/,Travel Gift Voucher,Travel Gift Voucher. Ένα πρωτότυπο δώρο που δεν χρειάζεται κάρτα αλλαγής. Μερικά δώρα διαρκούν για όσο χρησιμοποιούνται. Κάποια άλλα ανταλλάσσονται με συμβολικό ...,"site:.gr ""travel"" ""gift voucher"""
100,lottejewelry.com,Com,https://lottejewelry.com/en/pages/gift-card?srsltid=AfmBOoo-X1m-qz62hQgMXtfvSD1Ihy5n8QbYuLmIMpDWoN8EFJel2D53,GIFT CARD,Lotte Jewelry · Account · Cart 0 · Lotte Jewelry ... GIFT CARD. Join our community. This customer is ... Panorama Thessaloniki. Avgerinou 17. 55236. tel:+ 30 ...,"""Thessaloniki"" ""jewelry"" ""gift card"""
100,lvk.ufr.gr,5€ | Γυμναστήριο LVK PREMIUM FITNESS Ν. Σμύρνη,https://lvk.ufr.gr/reward-archives/5euro-giftcard-wheel/,Δωροκάρτα 5€ | Γυμναστήριο LVK PREMIUM FITNESS Ν. Σμύρνη,"ΕΙΔΙΚΟΙ ΟΡΟΙ REWARD LVK PREMIUM FITNESS - ΓΥΜΝΑΣΤΗΡΙΟ Ν. ΣΜΥΡΝH. ΠΕΡΙΓΡΑΦΗ REWARD. Δωροκάρτα 5€ Για ό,τι θέλεις να αποκτήσεις είτε συνδρομή είτε συνεδρίες.","site:.gr ""fitness"" ""δωροκάρτα"""
100,maccosmetics.gr,FAQ,https://www.maccosmetics.gr/en-e-gr/giftcards/faq,Gift Cards - FAQ,Gift Card amounts are not included in the calculation of shipping and handling charges. ... © MAKE-UP ART COSMETICS. ALL WORLDWIDE RIGHTS RESERVED. PRIVACY ...,"site:.gr ""cosmetics"" ""gift card"""
100,macramooncreations.com,", δωροκάρτα, δώρο, επιλογή, macramoon creations, gift for ...",https://macramooncreations.com/gift-card?tag=macramoon,"gift card, δωροκάρτα, δώρο, επιλογή, macramoon creations, gift for ...","... jewelry shop, jewelry athens. ... Ηλεκτρονική δωροκάρτα: με αυτήν την επιλογή η δωροκάρτα ... δωροκάρτα θα αποσταλεί στο δικό σου email). -Η δωροκάρτα ...","""Athens"" ""jewelry"" ""δωροκάρτα"""
100,mail.cosycorner.gr,20€ - COSY CORNER,https://mail.cosycorner.gr/en/gifts-for-all/gift-vouchers/gift-voucher-20,Gift Voucher 20€ - COSY CORNER,"Fairy Tales & Bedtime Stories · Educational & Creative · Waterproof Books · Bookstore Miscellaneous · Sales · Contact Us. Gift Voucher 20€. 20,00 €. SKU: CC003.","site:.gr ""books"" ""gift voucher"""
100,massage-crete.com,Massage Gift Card by Mindful Touch in Chania Crete,https://massage-crete.com/massage-gift-card-crete/,Massage Gift Card by Mindful Touch in Chania Crete,Offer to your loved ones a therapeutic massage gift card by Mindul Touch ... © Copyright - massage-crete.com | Tryseo.gr Κατασκευή Ιστοσελίδων Wordpress ...,"""Crete"" ""massage"" ""gift card"""
100,matis-fashion.com,Com,https://www.matis-fashion.com/en/gift-card/,Gift Card,"Send a gift card to the one you care about the most! ... Just choose the amount you wanna spend, type your details and your wish, and we will take care all the ...","""Piraeus"" ""fashion"" ""gift card"""
100,melissinos-sandals.gr,55,http://www.melissinos-sandals.gr/giftvouchers/gift-card-55-detail,Gift Voucher - 55,"Gift Voucher - 55 ... The Voucher is valid for one year from the purchase date. It can be used both at our physical shop and eshop, to purchase any product of ...","site:.gr ""gift voucher"""
100,mixandmatch.gr,DIGITAL GIFT CARD,https://mixandmatch.gr/product/digital-gift-card/,DIGITAL GIFT CARD,THE RESORT EDIT S'23 · SS23 · FW 22-23 · SS22 · SS21 · FW20-21 · Prefall20 · SS20 · FW19-20 ... SKU: GIFT CARD Category: GIFT CARD. Share: GET CLOSER TO OUR ...,"site:.gr ""resort"" ""gift card"""
100,morelifeadventures.com,Com,https://morelifeadventures.com/experience-gift-vouchers,Gift Vouchers,Crete Fitness Retreat. About. Team · Our Story · Sustainability · Work with us ... The recipient can enter the code at checkout to subtract the gift voucher value ...,"""Crete"" ""fitness"" ""gift voucher"""
100,mouyer.gr,Αρχεία - Παιδικά Παπούτσια Μούγερ,https://www.mouyer.gr/en/product-category/gift-cards/,GIFT CARDS Αρχεία - Παιδικά Παπούτσια Μούγερ,"GIFT CARD 100€ ... fashion trends. Πρωταρχικός στόχος του Ομίλου ... Athens Metro Mall, Avenue, Piraeus, Glyfada, Nea Smyrni, Agia Paraskevi.","""Glyfada"" ""fashion"" ""gift card"""
100,my.anko.edu.gr,Educational Gift Voucher,https://my.anko.edu.gr/el/static/educational_gift_voucher,Educational Gift Voucher,"Αξιοποίησε σήμερα το Educational Gift Voucher της Anko Academy. Ώρα να εκπλήξεις και να εκπλαγείς χαρίζοντας το πιο πρωτότυπο δώρο. Χάρισε γνώση, τη μεγαλύτερη ...","site:.gr ""gift voucher"""
100,myconianambassador.gr,Ambassador Mykonos,https://www.myconianambassador.gr/gift-cards/,Gift Cards | Ambassador Mykonos,Offer the ultimate Myconian dream. Myconian Ambassador | Gift Cards.,"site:.gr ""gift cards"""
100,myfashionfruit.com,MYFASHIONFRUIT,https://myfashionfruit.com/products/myfashionfruit-gift-card?srsltid=AfmBOoosQZAnYmzb9h_MUI0XHwnEGWaX-BH1fzw8jWL_FRCZo6IAQOtP,Gift Card | MYFASHIONFRUIT,"Plain maroon gift card — MYFASHIONFRUIT. Μεγάλη εικόνα. Gift ... Athens, Greece. Useful Infos. Πολιτική Επιστροφών · FAQ · Τρόποι Αποστολής · Τρόποι ...","""Athens"" ""fashion"" ""gift card"""
100,nautiluxhotel.com,Com,https://www.nautiluxhotel.com/offers/gift-cards/,Gift cards,Gift unforgettable memories for someone special! Please contact us via reservations@nautiluxhotel.com to book your gift card ... Nautilux Rethymno Hotel · The ...,"""Rethymno"" ""hotel"" ""gift card"""
100,neweuropetours.eu,Jewellery Gift Voucher,https://www.neweuropetours.eu/jewlerry/jewellery-gift-voucher,Jewellery Gift Voucher,Athens. Discover the city & find a tour · Auckland ... Jewellery Gift Voucher. Yoann Rousset · Homepage jewelry. Share this page : Why ...,"""Athens"" ""jewelry"" ""gift voucher"""
100,nirvana-massage.gr,Massage Gift Vouchers in Chania | The Perfect Wellness Gift,https://www.nirvana-massage.gr/gift-vouchers/,Massage Gift Vouchers in Chania | The Perfect Wellness Gift,Give the gift of relaxation in Chania. Nirvana Gift ... A gift voucher from Nirvana Massage & Beauty Spa is a thoughtful way to show someone you care.,"""Chania"" ""spa"" ""gift voucher"""
100,northandsouthjewelry.gr,North & South jewelry gift card,https://www.northandsouthjewelry.gr/products/north-south-jewelry-gift-card?srsltid,North & South jewelry gift card,"Η δωροκάρτα North & South jewelry gift card διατίθεται σε ψηφιακή μορφή. Μόλις ολοκληρώσετε την παραγγελία μιας δωροκάρτας, θα λάβετε ένα μήνυμα ηλεκτρονικού ...","site:.gr ""jewelry"" ""gift card"""
100,nostoscenter.com,Chiropractic consulation gift card,https://nostoscenter.com/en/product/chiropractic-consultation-giftcard/,Chiropractic consulation gift card,Discover the perfect gift with our chiropractic consultation gift card. Experience professional musculoskeletal assessment and personalized care.,"""Rhodes"" ""massage"" ""gift card"""
100,omniawellness.gr,Omnia Welness – Massage & SPA in Kefalonia,https://www.omniawellness.gr/gift-cards/,Gift Cards – Omnia Welness – Massage & SPA in Kefalonia,OFFER MOMENTS OF WELLNESS · CHOOSE A GIFT CARD · CUSTOMIZE IT! · FOR MORE INFO · CALL US AT ...,"site:.gr ""wellness"" ""gift card"""
100,orloffspa.gr,Ιδέες για Δώρο Σπα,https://www.orloffspa.gr/gift-vouchers/,Ιδέες για Δώρο Σπα - Δωροεπιταγή Σπα | Orloff Day Spa,Επιλέξετε την δωροεπιταγή spa ανάμεσα σε: Discovery Spa treatment 30 λεπτά – 70€ (θεραπεία προσώπου η σώματος); Spa treatment 1 ώρα – 95€ (θεραπεία προσώπου η ...,"site:.gr ""spa"" ""δωροεπιταγή"""
100,oxygenplus.gr,Luxurious Day Spa Gift Card,https://oxygenplus.gr/en/product/luxurious-giftcard/,Luxurious Day Spa Gift Card,Οι υπηρεσίες πραγματοποιούνται στο χώρο του Oxygen plus κατόπιν ραντεβού! In stock. Quantity. Luxurious Day Spa Gift Card quantity. Add to cart. Category ...,"site:.gr ""spa"" ""gift card"""
100,pacoartcenter.gr,Paco Δωροκάρτες από €10.00,https://www.pacoartcenter.gr/el/gift-card.html?srsltid,Paco Δωροκάρτες από €10.00,"Διατίθενται Δωροκάρτες των €10, €20, €50 και €100. Η Δωροκάρτα μπορεί να χρησιμοποιηθεί για την πλήρη ή μερική εξόφληση οποιουδήποτε προϊόντος διατίθεται ...","site:.gr ""δωροκάρτες"""
100,papcorp.com,P.A.P Hotels & Beach Wedding Events - P.A.P. Corp,https://www.papcorp.com/gift-card,Gift Card | P.A.P Hotels & Beach Wedding Events - P.A.P. Corp,PAP Gift Card. €25. Amount. €25. €50. €100. €150. €200. Quantity ... PAP HOTEL SA. Tsimiski & Salaminos Str. 9. 54626. Thessaloniki. Greece. CONTACT ...,"""Thessaloniki"" ""hotel"" ""gift card"""
100,paran.com.au,Au,https://paran.com.au/product-category/gift-cards/,Gift Cards,Paran Gift Voucher. $50.00 – $400.00 Price range: $50.00 through $400.00 () · Facebook · Instagram. Locations. Top Ryde – Hair Beauty Spa · Rhodes – Hair Design ...,"""Rhodes"" ""spa"" ""gift voucher"""
100,physiowellnessathens.com,Μασάζ & Θεραπείας,https://www.physiowellnessathens.com/gift-card,Gift Cards Μασάζ & Θεραπείας,Fitness Training · Rehabilitation · Dry Needling · Form & Confidence · BLOG · GIFT ... PhysioWellness Athens Gift Card. 30 €. Ποσό. 30 €. 50 €. 100 €. 150 €. 200 ...,"""Athens"" ""fitness"" ""gift card"""
100,physismassage.gr,Massage Gift Card,https://physismassage.gr/en/gift-cards/,Massage Gift Card,"Massage Gift Card. Why choose a Massage Gift Card? premium treatments. Whether it's a relaxation massage, spa treatments, or rejuvenating ...","site:.gr ""spa"" ""gift card"""
100,polinechildrenshoes.com,Poline eGift card!,https://polinechildrenshoes.com/en/products/poline-egift-card-ideal-doro-gia-kathe-peristasi?srsltid=AfmBOopatVjDlo1ENYeOedb_JQwtlYH8TW_4DcDLundQKFKcj8U8MlvE,Poline eGift card!,"or at the physical Poline stores in Glyfada and Pagrati, the email with the code must necessarily be printed. ... ✔️ Η δωροκάρτα δεν έχει ημερομηνία λήξης!","""Glyfada"" ""kids"" ""δωροκάρτα"""
100,popaganda.gr,To Taxibeat παρουσιάζει τις Taxibeat Gift Cards. Κάντε ένα ...,https://www.popaganda.gr/newstrack/taxibeat-gift-cards-dora/,To Taxibeat παρουσιάζει τις Taxibeat Gift Cards. Κάντε ένα ...,Η Taxibeat Gift Card είναι μια ηλεκτρονική δωροκάρτα που μπορεί να εξαργυρωθεί σε διαδρομές ταξί. ... Το deja vu των Pet Shop Boys και η ...,"site:.gr ""pet shop"" ""gift card"""
100,proteasbluresort.gr,Proteasbluresort,https://www.proteasbluresort.gr/gift-voucher/,Gift Voucher,Gift Voucher. Gift Voucher. Vouchers can be redeemed against accommodation ... Hotel Map · Gift Voucher; Awards & Press; Careers · Book Now. © 2023-24 XSITEC.GR ...,"site:.gr ""hotel"" ""gift voucher"""
100,quora.com,How to buy a gift card for someone in Greece,https://www.quora.com/How-do-I-buy-a-gift-card-for-someone-in-Greece,How to buy a gift card for someone in Greece,How do I buy a gift card for someone in Greece?,"""Thessaloniki"" ""restaurant"" ""gift voucher"""
100,rhodesboutique.com,Rhodes Charleston Gift Cards,https://rhodesboutique.com/products/rhodes-gift-cards?srsltid=AfmBOoqwK0qg2XXMVwkl6trBAWTDI3lWSIWnecxUQtMrQHzQEJU0c6fl,Rhodes Charleston Gift Cards,"Treat someone special to the gift of their choice with a gift card to Rhodes Boutique and Rhodes Home & Gift. From luxury fashion to home decor, a gift card ...","""Rhodes"" ""fashion"" ""gift card"""
100,rhodesrentalcar.com,My Way Rent a Car Rhodes Island,https://www.rhodesrentalcar.com/gift-card/?srsltid=AfmBOopM91K378BNIDhKjh0aQCVmnoZFO_fjtwIL3L6jH-N5Jo6siYGo,Gift Card - My Way Rent a Car Rhodes Island,RESTAURANT BAR LIVE STAGE SHOP MY WAY Gift Card PRIVILEGED CARD FOR REAL ... My Way Rent a Car Rhodes Island – Rhodes Car Rental Services · Home · Cars ...,"""Rhodes"" ""restaurant"" ""gift card"""
100,rhodeswaterside.com.au,Au,https://www.rhodeswaterside.com.au/visit/centre-info-and-services/gift-cards,Gift Cards,Experience. Visit. Discover Discover Minis. Closed. A Rhodes Waterside Gift Card is the perfect option for that person who seems to have everything! Rhodes ...,"""Rhodes"" ""experience"" ""gift card"""
100,royalgrandhotel.gr,Why a Get a Room! Gift Card is the Only Present to Give This Year,https://royalgrandhotel.gr/why-a-get-a-room-gift-card-is-the-only-present-to-give-this-year/,Why a Get a Room! Gift Card is the Only Present to Give This Year,Gift Card is the Only Present to Give This Year. Amidst the cerulean ... Copyright © ROYAL GRAND HOTEL . All Rights Reserved. Designed by Techmaximal ...,"site:.gr ""hotel"" ""gift card"""
100,santowines.gr,eShop EU,https://santowines.gr/gift-cards-eu/manufacturer/eu,Gift Cards - eShop EU,"Gift cards are only applicable for eShop use, cannot be combined with any other products (thus should be purchased in a separate order) and they can only be ...","site:.gr ""gift cards"""
100,senserestaurants.com,SENSE Restaurant Gift Cards,https://www.senserestaurants.com/gift-cards/,SENSE Restaurant Gift Cards,"... Athens with breathtaking views of the Acropolis. Ideal for birthdays, anniversaries, corporate gifting or festive occasions, a SENSE Gift Card ... Hotel) T ...","""Athens"" ""hotel"" ""gift card"""
100,shop.themodernisthotels.com,The Modernist Gift Voucher,https://shop.themodernisthotels.com/product/the-modernist-gift-voucher/,The Modernist Gift Voucher,"The Modernist Gift Voucher. €100.00 – €2,000.00 Price range: €100.00 through €2,000.00. Offering your loved ones The Modernist experience has never been easier.","""Thessaloniki"" ""experience"" ""gift voucher"""
100,sportsdirect.gr,Multi Store E-Voucher Gift Card - Online and High Street,https://www.sportsdirect.gr/gift-cards-multi-store-e-voucher-gift-card---online-and-high-street-966004,Multi Store E-Voucher Gift Card - Online and High Street,Shop the Gift Cards Multi Store E-Voucher Gift Card - Online and High Street from UK's No.1 sports retailer. Order in-store or online and start saving ...,"site:.gr ""gift cards"""
100,sprhodes.com,Archives - SP RHODES®,https://sprhodes.com/product-category/gift-cards/,Gift Cards Archives - SP RHODES®,CUSTOMIZABLE KIDS GEAR. All Youth Equestrian · Hats · Tops · Outerwear · Belts ... $750 SP RHODES Gift Card · SP RHODES GIFT CARD $500 · $500 SP RHODES Gift Card.,"""Rhodes"" ""kids"" ""gift card"""
100,support.payzy.gr,payzy contest | GERMANOS & COSMOTE TELEKOM gift vouchers,https://support.payzy.gr/hc/en-gr/articles/48495249350545-payzy-contest-GERMANOS-COSMOTE-TELEKOM-gift-vouchers,payzy contest | GERMANOS & COSMOTE TELEKOM gift vouchers,"7. The redemption period for the Gift Vouchers is until 31/10/2026, 23:59:59. After this date, the Gift Voucher shall be deactivated and redemption or ...","site:.gr ""gift vouchers"""
100,surprisy.com,€300 Gift Voucher Cosmos Sport Price,https://surprisy.com/voucher/eur300-gift-voucher-339,€300 Gift Voucher Cosmos Sport Price,"With a Cosmos Sport Gift Voucher, we offer our loved ones the opportunity to choose their favorite sports shoe, T-Shirt or jacket, fitness accessories or ...","""Heraklion"" ""fitness"" ""gift voucher"""
100,taxheaven.gr,Taxheaven,https://www.taxheaven.gr/forum/topics/596/gift-card-doroepitaghes,gift card-δωροεπιταγές,"gift card-δωροεπιταγές. M. masimakopoulos_dtas. 18 ερωτήσεις έχουν τεθεί. 6 απαντήσεις έχουν δοθεί. Τέθηκε στις Jul 24, 2024, 3:39 PM 142 views. Δεν μπορείτε να ...","site:.gr ""δωροεπιταγές"""
100,tenplushair.gr,Ten Plus,https://tenplushair.gr/ten-plus-hair-services-gift-card/,Δωροκάρτα Ten Plus,360° Virtual Tour. Δευτέρα. 09:00 - 17:00. Τρίτη. 08:30 - 20:30. Τετάρτη. 09:00 ... Η αξία των υπηρεσιών ή προϊόντων που θα αγοραστούν µε την δωροκάρτα πρέπει να ...,"site:.gr ""tour"" ""δωροκάρτα"""
100,tezapsidis-jewellery.com,Tezapsidis Gift Card,https://tezapsidis-jewellery.com/el/products/tezapsidis-gift-card?srsltid=AfmBOoo0ywPbAUNgWot0sFxe7yielHmKcVoesQTvDH5MwHopQp-F0qLz,Tezapsidis Gift Card,"... Gift Card arrives instantly by email to the recipient and is recognized in Tezapsidis Store in Thessaloniki, Greece, on the Web at tezapsidis-jewellery.com ...","""Thessaloniki"" ""jewelry"" ""gift card"""
100,thefrankieshop.com,Com,https://thefrankieshop.com/products/e-gift-card,E-Gift Card,Gift Card · The Frankie Shop. New In. Lifestyle. View All · Decor · Candles & Home Fragrances · Beauty · Perfumes · Textiles · The Frankie Shop. Textiles · The ...,"""Rhodes"" ""beauty"" ""gift card"""
100,tkdmarousi.gr,Vouchers 50%,https://tkdmarousi.gr/product/gift-cards-vouchers-50/,Gift Cards Vouchers 50%,... beauty studio or in our cosmetic shop. Amount is flexible and you can personalize your gift card with a message. ... Copyright © 2022 Marousi Martial Arts Academy,"""Marousi"" ""beauty"" ""gift card"""
100,topgreekwines.gr,50€,https://www.topgreekwines.gr/en-gb/gift-voucher-50%E2%82%AC-wines.html,Gift voucher 50€,"Gift voucher 50€ wines. ... *Not valid for Special wines from Santorini, gifts & box-in-bag. Deliveries ...","site:.gr ""gifts"" ""gift voucher"""
100,tripadvisor.com.gr,"Dirextra Experiences, Courses and gift vouchers",https://www.tripadvisor.com.gr/Attraction_Review-g187069-d26696852-Reviews-Dirextra_Experiences_Courses_and_gift_vouchers-Manchester_Greater_Manchester_Eng.html,"Dirextra Experiences, Courses and gift vouchers","Dirextra Experiences, Courses and gift vouchers, Μάντσεστερ - Δείτε κριτικές, πληροφορίες και φωτογραφίες στο Tripadvisor (Dirextra Experiences, Courses and ...","site:.com.gr ""gift vouchers"""
100,tzougaris.gr,Τζούγκαρης - 300€ — Κοσμήματα Τζούγκαρη,https://tzougaris.gr/en/shop/wps_wgm_giftcard/tzougaris-giftcard-300/,Δωροκάρτα Τζούγκαρης - 300€ — Κοσμήματα Τζούγκαρη,Δωροκάρτα Τζούγκαρης – 100€. €100.00 VIEW CARD · Group-29-1-400x400 · Read more VIEW CARD · Δωροκάρτα Τζούγκαρης – 500€ ... Kid's Jewelry. Contact. Email. info@ ...,"site:.gr ""jewelry"" ""δωροκάρτα"""
100,ubuy.com.gr,Ubuy Gift Cards | Instant Delivery & Redeemable ...,https://www.ubuy.com.gr/en/ubuy-gift-cards?srsltid=AfmBOor4Y7KQCtYsc9244mQfPD0VPN9B7dj91ym2fmtFqx0EbTjaVetc,Ubuy Gift Cards | Instant Delivery & Redeemable ...,"Ubuy Gift Cards The Perfect Gift for Anyone. Choose from $50, $100, or $150 cards. Redeem them as UCredit in your account — or share a code to gift someone ...","site:.com.gr ""gift cards"""
100,urbaneskin.com,Urbane Skin Spa Gift Card: Το Aπόλυτο Δώρο Ομορφιάς!,https://urbaneskin.com/offers/urbane-skin-spa-gift-card/,Urbane Skin Spa Gift Card: Το Aπόλυτο Δώρο Ομορφιάς!,"| 23, Kanari str., Kolonaki, Athens, 1st floor. | +30 210 72 50 ... Urbane Skin Spa Gift Card: Το απόλυτο δώρο στον απόλυτο προορισμό ...","""Athens"" ""spa"" ""gift card"""
100,valsamakis.gr,Name Day GIft Card - Καλαμάτα,https://valsamakis.gr/name-day-gift-card.html,Name Day GIft Card - Καλαμάτα,Δωροκάρτα για Ονομαστική Εορτή. Tap to expand ... Τα Valsamakis Optics συνεργάζονται με εταιρεία ταχυμεταφορών ...,"site:.gr ""optics"" ""δωροκάρτα"""
100,vinoteca.gr,100,https://www.vinoteca.gr/gift-card-100.html,Δωροκάρτα 100,"Δωροκάρτα. ... Idylle d ... Δωροκάρτα 100. 100,00 €. Αγορα. Πρόσθεση στα Επιθυμητά; Πρόσθεση στην Σύγκριση ...","site:.gr ""tour"" ""δωροκάρτα"""
100,workwide.gr,Workwide – Design,https://www.workwide.gr/gift-cards/,Gift cards - Workwide – Design,What is the difference between an e-Gift Card and physical Gift Card? A ... Decor. Subscribe us: Download App on Mobile: 15% discount on your first ...,"site:.gr ""decor"" ""gift card"""
100,wowcher.co.uk,€25 for €40 Gift Voucher for Good Place Clinic Spa - Dublin,https://www.wowcher.co.uk/deal/dublin/38505731/25-40-gift-voucher-good-place-clinic-spa,€25 for €40 Gift Voucher for Good Place Clinic Spa - Dublin,"What's On Offer: €40 spa gift voucher for only €25 – enjoy a 38% discount at Good Place Clinic Spa. Treatments: Choose from Back, Neck & Shoulder Massage, ...","""Rhodes"" ""spa"" ""gift voucher"""
100,wowcher.ie,€25 for €40 Gift Voucher for Good Place Clinic Spa - Dublin,https://www.wowcher.ie/deal/vip/38505731/25-40-gift-voucher-good-place-clinic-spa?from_lsie=true,€25 for €40 Gift Voucher for Good Place Clinic Spa - Dublin,"Spa Gift Voucher: €40 to Spend on Treatments – Good Place Clinic Spa, Dublin ... Mystery Holiday™ - Crete, Tenerife, Turkey, Rome, Venice & More! 202 ...","""Crete"" ""spa"" ""gift voucher"""
100,xalkiadakis.gr,Χαλκιαδάκης και Happy Home: Χαρίστε Αγάπη ...,https://xalkiadakis.gr/article/giftcard_xalkiadakis?srsltid,Δωροκάρτα Χαλκιαδάκης και Happy Home: Χαρίστε Αγάπη ...,Δωροκάρτα Χαλκιαδάκης και Happy Home: Χαρίστε Αγάπη και Αξία με Ένα Δώρο που διαρκεί! · Ευκολία στη χρήση σε όλα τα Super Market Χαλκιαδάκης ...,"site:.gr ""home"" ""δωροκάρτα"""
100,zamanos.gr,Zamanos,https://zamanos.gr/news/tag/gift-voucher,gift voucher,"gift voucher. Δωροεπιταγές από τα καταστήματά μας. Αναρτήθηκε: Δεκεβρίου 21, 2022. Κατηγορίες: Nέα. Ετικέτες: δωροεπιταγή, gift voucher · doroepitagi. Χαρίστε ...","site:.gr ""gift voucher"""
100,zenin.com.au,Purchase a Massage Gift Voucher Now,https://www.zenin.com.au/Massage-Gift-Voucher/Sydney/Inner-West/Rhodes,Purchase a Massage Gift Voucher Now,Booking a massage session in Rhodes is made easy and stress-free with our ... What can I put on my massage gift voucher? When purchasing a Zenin massage ...,"""Rhodes"" ""massage"" ""gift voucher"""
85,adelco-eshop.gr,Adelco Eshop,https://adelco-eshop.gr/index.php?route,Gift Cards,Υπάρχει η Εύκολη Λύση – αγοράστε εύκολα και γρήγορα Ηλεκτρονική Δωροκάρτα με ... experience targeted ads for your interests. Marketing and Retargeting.,"site:.gr ""experience"" ""δωροκάρτα"""
85,afit.gr,Αγοράστε μία Δωροεπιταγή,https://afit.gr/index.php?route,Αγοράστε μία Δωροεπιταγή,Αυτή η δωροεπιταγή θα αποσταλεί μέ e-mail στον παραλήπτη αφού ... Το Afit.gr δημιουργήθηκε από την εμπειρία της Power Force στον χώρο του fitness ...,"site:.gr ""fitness"" ""δωροεπιταγή"""
85,alfafood.gr,Αγοράστε μία Δωροεπιταγή - ALFA FOOD,https://www.alfafood.gr/index.php?route,Αγοράστε μία Δωροεπιταγή - ALFA FOOD,Αγοράστε μία Δωροεπιταγή ... Αυτή η δωροεπιταγή θα αποσταλεί μέ e-mail στον παραλήπτη αφού ολοκληρωθεί ή πληρωμή σας. Όνομα παραλήπτη. E-mail παραλήπτη.,"site:.gr ""food"" ""δωροεπιταγή"""
85,animapetshop.gr,Αγοράστε μία Δωροεπιταγή,https://www.animapetshop.gr/index.php?route,Αγοράστε μία Δωροεπιταγή,Anima Pet Shop. Καλάθι 0. O Λογαριασμός μου · Αγορά Δωροεπιταγής ... Αυτή η δωροεπιταγή θα αποσταλεί μέ e-mail στον παραλήπτη αφού ολοκληρωθεί ή πληρωμή σας.,"site:.gr ""pet shop"" ""δωροεπιταγή"""
85,anthea.gr,Αγοράστε μία Δωροεπιταγή,https://www.anthea.gr/index.php?route,Αγοράστε μία Δωροεπιταγή,Το καλάθι αγορών είναι άδειο! Συνδεση; Εγγραφη. Anthea Cosmetics ... Αυτή η δωροεπιταγή θα αποσταλεί με e-mail στον παραλήπτη αφού ολοκληρωθεί η πληρωμή σας.,"site:.gr ""cosmetics"" ""δωροεπιταγή"""
85,antithesisclothing.gr,Ηλεκτρονική Δωροκάρτα,https://antithesisclothing.gr/shop/dorokarta/?srsltid,Ηλεκτρονική Δωροκάρτα,Τότε η δωροκάρτα ... ΣΥΝΔΕΣΗ/ΕΓΓΡΑΦΗ. Ο ΛΟΓΑΡΙΑΣΜΟΣ ΜΟΥ · ΟΙ ΠΑΡΑΓΓΕΛΙΕΣ ΜΟΥ · ΤΑ ΑΓΑΠΗΜΕΝΑ ΜΟΥ · ΔΩΡΟΚΑΡΤΑ · Instagram. © 2026 Antithesis Clothing Clothing - All ...,"site:.gr ""clothing"" ""δωροκάρτα"""
85,apostolouepiplo.gr,Αγοράστε μία Δωροεπιταγή,https://www.apostolouepiplo.gr/index.php?route,Αγοράστε μία Δωροεπιταγή,Τα καλάθι αγορών σας είναι άδειο! close. Apostolou Furniture - Έπιπλο Αποστόλου ... Αυτή η δωροεπιταγή θα αποσταλεί μέ e-mail στον παραλήπτη αφού ολοκληρωθεί ή ...,"site:.gr ""furniture"" ""δωροεπιταγή"""
85,argo-ceramics-gifts.gr,Αγοράστε μία Δωροεπιταγή,https://www.argo-ceramics-gifts.gr/index.php?route,Αγοράστε μία Δωροεπιταγή,argo-ceramics-gifts.gr · 0. Όλες. Όλες; SHOP; ΑΝΤΙΚΕΙΜΕΝΑ ΤΕΧΝΗΣ ... Αυτή η δωροεπιταγή θα αποσταλεί μέ e-mail στον παραλήπτη αφού ολοκληρωθεί ή πληρωμή σας.,"site:.gr ""gifts"" ""δωροεπιταγή"""
85,armadio.gr,120,https://www.armadio.gr/en/shop/%CE%B4%CF%89%CF%81%CE%BF%CE%BA%CE%AC%CF%81%CF%84%CE%B1-120,Δωροκάρτα 120 - Gift cards,Δωροκάρτα 120€ Gift cards Δωροκάρτα αξίας 120 ... Women's clothing; 3Dresses · Shirts; 3Skirts; 7Blouses ... Δωροκάρτα 120€. Δωροκάρτα 120€. dorokarta120-01 ...,"site:.gr ""clothing"" ""δωροκάρτα"""
85,artandbeauty.gr,Αγοράστε μία Δωροεπιταγή,https://artandbeauty.gr/index.php?route,Αγοράστε μία Δωροεπιταγή,Αυτή η δωροεπιταγή θα αποσταλεί μέ e-mail στον παραλήπτη αφού ολοκληρωθεί ή πληρωμή σας. ... Art and beauty nails · art_and_beauty_nails_. Εξυπηρέτηση.,"site:.gr ""nails"" ""δωροεπιταγή"""
85,avratoys.gr,Αγοράστε μία Δωροεπιταγή,https://avratoys.gr/index.php?route,Αγοράστε μία Δωροεπιταγή,Αγοράστε μία Δωροεπιταγή. Αυτή η δωροεπιταγή θα αποσταλεί μέ e-mail στον παραλήπτη αφού ολοκληρωθεί ή πληρωμή σας. ... Avra Toys © 2026.,"site:.gr ""toys"" ""δωροεπιταγή"""
85,babyall.gr,Αγοράστε μία Δωροεπιταγή,https://www.babyall.gr/index.php?route,Αγοράστε μία Δωροεπιταγή,"Αυτή η δωροεπιταγή θα αποσταλεί μέ e-mail στον παραλήπτη αφού ολοκληρωθεί ή πληρωμή σας. ... Στο Baby All, βασικές μας αξίες είναι η Ποιότητα, η Ασφάλεια ...","site:.gr ""baby"" ""δωροεπιταγή"""
85,babyhug.gr,Αγοράστε μία Δωροεπιταγή - Baby Hug,https://babyhug.gr/index.php?route,Αγοράστε μία Δωροεπιταγή - Baby Hug,"Baby Hug · 0 · Καλάθι0 προϊόν(τα) 0,00€ 0. Αναζήτηση... Αγοράστε μία Δωροεπιταγή. home · O Λογαριασμός μου · Αγορά Δωροεπιταγής. Αυτή η δωροεπιταγή θα ...","site:.gr ""baby"" ""δωροεπιταγή"""
85,babyplace.gr,Αγοράστε μία Δωροεπιταγή,https://babyplace.gr/index.php?route,Αγοράστε μία Δωροεπιταγή,Αγοράστε μία Δωροεπιταγή. Αυτή η δωροεπιταγή θα αποσταλεί μέ e-mail στον παραλήπτη αφού ολοκληρωθεί ή πληρωμή σας. Όνομα παραλήπτη. E-mail παραλήπτη.,"site:.gr ""baby"" ""δωροεπιταγή"""
85,babyshop.com.gr,Διαγωνισμός 2 Δωροεπιταγές αξίας 100€,https://babyshop.com.gr/%CE%B4%CE%B9%CE%B1%CE%B3%CF%89%CE%BD%CE%B9%CF%83%CE%BC%CF%8C%CF%82-2-%CE%B4%CF%89%CF%81%CE%BF%CE%B5%CF%80%CE%B9%CF%84%CE%B1%CE%B3%CE%AD%CF%82-%CE%B1%CE%BE%CE%AF%CE%B1%CF%82-100-el/?srsltid,Διαγωνισμός 2 Δωροεπιταγές αξίας 100€,Διαγωνισμός 2 Δωροεπιταγές αξίας 100€. Διαβάστε τους όρους του Διαγωνισμού. ΕΓΓΡΑΦΗ ΣΤΟ NEWSLETTER. Μάθετε πρώτοι για τις προσφορές μας! e-mail. ΕΓΓΡΑΦΗ ...,"site:.com.gr ""δωροεπιταγές"""
85,bags-accessories.gr,Αγοράστε μία Δωροεπιταγή,https://bags-accessories.gr/index.php?route,Αγοράστε μία Δωροεπιταγή,"Αυτή η δωροεπιταγή θα αποσταλεί μέ e-mail στον παραλήπτη αφού ολοκληρωθεί ή πληρωμή σας. ... bags-accessories , All Rights Reserved, Ανάπτυξη PcView.gr.","site:.gr ""bags"" ""δωροεπιταγή"""
85,bakogiannakis.gr,Αγοράστε μία Δωροεπιταγή,https://bakogiannakis.gr/jewelry/index.php?route,Αγοράστε μία Δωροεπιταγή,Αγοράστε μία Δωροεπιταγή. Αυτή η δωροεπιταγή θα αποσταλεί μέ e-mail στον παραλήπτη αφού ολοκληρωθεί ή πληρωμή σας. Όνομα παραλήπτη. E-mail παραλήπτη.,"site:.gr ""jewelry"" ""δωροεπιταγή"""
85,bakon-home.gr,Αγοράστε μία Δωροεπιταγή,https://bakon-home.gr/index.php?route,Αγοράστε μία Δωροεπιταγή,Αυτή η δωροεπιταγή θα αποσταλεί μέ e-mail στον παραλήπτη αφού ολοκληρωθεί ή πληρωμή σας. ... © Copyright 2000 - 2026 | Bakon-Home | All Rights Reserved | ...,"site:.gr ""home"" ""δωροεπιταγή"""
85,bankofwine.gr,Αγοράστε μία Δωροεπιταγή - Οιναποθήκη / Τράπεζα Ελλ-Οίνων,http://www.bankofwine.gr/index.php?route,Αγοράστε μία Δωροεπιταγή - Οιναποθήκη / Τράπεζα Ελλ-Οίνων,Αγοράστε μία Δωροεπιταγή. Αυτή η δωροεπιταγή θα αποσταλεί μέ email στον παραλήπτη αφού ολοκληρωθεί ή πληρωμή σας. * Όνομα παραλήπτη: * Email παραλήπτη ...,"site:.gr ""wine"" ""δωροεπιταγή"""
85,beautyinc.gr,Αγοράστε μία Δωροεπιταγή,https://www.beautyinc.gr/index.php?route,Αγοράστε μία Δωροεπιταγή,Beauty Inc. Revlon · O.P.I · Revolution Beauty · Technic · Bondi Sands · Rimmel London ... Αυτή η δωροεπιταγή θα αποσταλεί μέ e-mail στον παραλήπτη αφού ...,"site:.gr ""beauty"" ""δωροεπιταγή"""
85,bekids.gr,Αγοράστε μία Δωροκάρτα,https://bekids.gr/index.php?route=account/voucher&srsltid=AfmBOopNimYNuFAEiPI7LGQPqUxTn5PveHGrA0N1n7ZuZk2OkYXBEdAr,Αγοράστε μία Δωροκάρτα,Αυτή η δωροκάρτα θα αποσταλεί μέ e-mail στον παραλήπτη αφού ολοκληρωθεί ή πληρωμή σας. ... Piraeus · 3DSecure · BestPrice.gr. © Copyright - All rights reserved ...,"""Piraeus"" ""kids"" ""δωροκάρτα"""
85,bellekids.gr,Αγοράστε μία Δωροεπιταγή - Bellekids,https://bellekids.gr/index.php?route,Αγοράστε μία Δωροεπιταγή - Bellekids,Αγοράστε μία Δωροεπιταγή. Αυτή η δωροεπιταγή θα αποσταλεί μέ e-mail στον παραλήπτη αφού ολοκληρωθεί ή πληρωμή σας. Όνομα παραλήπτη. E-mail παραλήπτη.,"site:.gr ""kids"" ""δωροεπιταγή"""
85,bestbattery.gr,Αγοράστε μία Δωροεπιταγή,https://www.bestbattery.gr/index.php?route,Αγοράστε μία Δωροεπιταγή,Flowers · Appliances · Appliances · Φωτοβολταϊκά · Εκκινητές - Φορτιστές · Αξεσουάρ ... Αυτή η δωροεπιταγή θα αποσταλεί μέ e-mail στον παραλήπτη αφού ολοκληρωθεί ...,"site:.gr ""flowers"" ""δωροεπιταγή"""
85,biosophy.gr,Αγοράστε μία Δωροεπιταγή,https://www.biosophy.gr/index.php?route,Αγοράστε μία Δωροεπιταγή,We use cookies and other similar technologies to improve your browsing experience and the functionality of our site. ... Αυτή η δωροεπιταγή θα αποσταλεί μέ e-mail ...,"site:.gr ""experience"" ""δωροεπιταγή"""
85,bokashoes.gr,Αγοράστε μία Δωροεπιταγή,https://www.bokashoes.gr/index.php?route,Αγοράστε μία Δωροεπιταγή,Αυτή η δωροεπιταγή θα αποσταλεί μέ e-mail στον παραλήπτη αφού ολοκληρωθεί ή πληρωμή σας. ... SHOES; Powered by MCLSOFT. Αποδοχή Cookies. Cookies.,"site:.gr ""shoes"" ""δωροεπιταγή"""
85,boss-shoes.gr,Αγοράστε μία Δωροεπιταγή - Boss Shoes!,https://www.boss-shoes.gr/index.php?route,Αγοράστε μία Δωροεπιταγή - Boss Shoes!,Αυτή η δωροεπιταγή θα αποσταλεί μέ e-mail στον παραλήπτη αφού ολοκληρωθεί ή πληρωμή σας. ... Γίνε μέλος στο Newsletter της Boss Shoes και κέρδισε εκπτωτικό ...,"site:.gr ""shoes"" ""δωροεπιταγή"""
85,cadeaux.domaine-locguenole.com,Spa - Kos® Experience - World Massage - 60 minutes | Le ...,https://cadeaux.domaine-locguenole.com/en/spa-kos-r-experience-world-massage-60-minutes,Gift card Spa - Kos® Experience - World Massage - 60 minutes | Le ...,Spa - Kos® Experience - World Massage - 60 minutes ; I choose. and personalise my gift card directly online ; I receive. the gift card immediately by email or by ...,"""Kos"" ""spa"" ""gift card"""
85,catrinbeaute.gr,Αγοράστε μία Δωροεπιταγή - Catrinbeaute,https://www.catrinbeaute.gr/index.php?route,Αγοράστε μία Δωροεπιταγή - Catrinbeaute,Eolia Cosmetics · Ardell Professional ... Αγοράστε μία Δωροεπιταγή. Αυτή η δωροεπιταγή θα αποσταλεί μέ e-mail στον παραλήπτη αφού ολοκληρωθεί ή πληρωμή σας.,"site:.gr ""cosmetics"" ""δωροεπιταγή"""
85,cheapet.gr,Αγοράστε μια δωροεπιταγή,https://cheapet.gr/account/voucher,Αγοράστε μια δωροεπιταγή,Αρχική » Λογαριασμός » Δωροεπιταγή. Αγοράστε μια δωροεπιταγή. Αυτή η δωροεπιταγή θα αποσταλεί μέσω E-Mail στον παραλήπτη μόλις ολοκληρωθεί η πληρωμή. * Όνομα ...,"site:.gr ""pet shop"" ""δωροεπιταγή"""
85,cigarfashion.gr,Αγοράστε μία Δωροεπιταγή,https://www.cigarfashion.gr/index.php?route,Αγοράστε μία Δωροεπιταγή,Αυτή η δωροεπιταγή θα αποσταλεί μέ e-mail στον παραλήπτη αφού ολοκληρωθεί ή πληρωμή σας. ... CIGAR FASHION © 2026. Κατασκευή Eshop Κατασκευή Eshop.,"site:.gr ""fashion"" ""δωροεπιταγή"""
85,davosoutdoor.gr,Αγοράστε μία Δωροεπιταγή,https://davosoutdoor.gr/index.php?route,Αγοράστε μία Δωροεπιταγή,Η ηλεκτρονική δωροκάρτα δεν εξαργυρώνεται με μετρητά. Η Davos Outdoor δεν ευθύνεται σε καμία περίπτωση για την απώλεια ή την κλοπή της ηλεκτρονικής δωροκάρτας.,"site:.gr ""outdoor"" ""δωροκάρτα"""
85,designerclothes.gr,Αγοράστε μία Δωροεπιταγή - Designer Clothes,https://designerclothes.gr/index.php?route,Αγοράστε μία Δωροεπιταγή - Designer Clothes,"Αυτή η δωροεπιταγή θα αποσταλεί μέ e-mail στον παραλήπτη αφού ... Copyright © 2021, Designer Clothes Fashion Store - Σχεδίαση και φιλοξενία AWE.gr.","site:.gr ""fashion"" ""δωροεπιταγή"""
85,dexter.com.gr,Αγοράστε μία Δωροεπιταγή,https://www.dexter.com.gr/index.php?route,Αγοράστε μία Δωροεπιταγή,Αγοράστε μία Δωροεπιταγή. Αυτή η δωροεπιταγή θα αποσταλεί μέ e-mail στον παραλήπτη αφού ολοκληρωθεί ή πληρωμή σας. Όνομα παραλήπτη. E-mail παραλήπτη.,"site:.com.gr ""δωροεπιταγή"""
85,didocosmetics.gr,Archives,https://www.didocosmetics.gr/product-category/proionta/dwrokarta/,Δωροκάρτα Archives,Dido Cosmetics · 0 €0.00 · Αρχική; Μακιγιάζ. Πρόσωπο · Ντεμακιγιάζ ... Κατηγορία: Δωροκάρτα. Home / Eshop / Προϊόντα / Δωροκάρτα. €30.00 απομένουν ...,"site:.gr ""cosmetics"" ""δωροκάρτα"""
85,dimitriou-fashion.gr,Αγοράστε μία Δωροεπιταγή,https://dimitriou-fashion.gr/voucher,Αγοράστε μία Δωροεπιταγή,Αυτή η δωροεπιταγή θα αποσταλεί μέ e-mail στον παραλήπτη αφού ολοκληρωθεί ή πληρωμή σας. ... fashion.gr. All Rights Reserved. VS; iris. Χρησιμοποιούμε ...,"site:.gr ""fashion"" ""δωροεπιταγή"""
85,e-athlopolis.gr,Αγοράστε μία Δωροεπιταγή,https://www.e-athlopolis.gr/index.php?route,Αγοράστε μία Δωροεπιταγή,TRAIL | OUTDOOR · ΣΑΝΔΑΛΙΑ · ΣΑΓΙΟΝΑΡΕΣ | ΠΑΝΤΟΦΛΕΣ · ΡΟΥΧΑ · ΜΠΛΟΥΖΑΚΙΑ ΚΟΝΤΟ ... Αυτή η δωροεπιταγή θα αποσταλεί μέ e-mail στον παραλήπτη αφού ολοκληρωθεί ή ...,"site:.gr ""outdoor"" ""δωροεπιταγή"""
85,e-decor.gr,Αγοράστε μία Δωροεπιταγή,https://www.e-decor.gr/index.php?route,Αγοράστε μία Δωροεπιταγή,"Αυτή η δωροεπιταγή θα αποσταλεί μέ e-mail στον παραλήπτη αφού ολοκληρωθεί ή πληρωμή σας. ... decor.gr, τηλ: 2721027536. © 2020 e-decor.gr. Visa MasterCard ...","site:.gr ""decor"" ""δωροεπιταγή"""
85,efeeth.gr,Αγοράστε μία Δωροεπιταγή - Efeeth.gr,https://efeeth.gr/index.php?route,Αγοράστε μία Δωροεπιταγή - Efeeth.gr,"Αγοράστε μία Δωροεπιταγή ; Δίκλινο Δωμάτιο με Τζάκι στο κτίριο ""Prespa Resort"", 80,00 €, 30,00% ; Δίκλινο Δωμάτιο με Τζάκι στο κτίριο ""Prespa Resort"", 80,00 €, 30 ...","site:.gr ""resort"" ""δωροεπιταγή"""
85,elcohellas.gr,Αγοράστε μία Δωροεπιταγή,https://www.elcohellas.gr/index.php?route,Αγοράστε μία Δωροεπιταγή,FLUSH BAGS · ΔΕΙΤΕ ΟΛΑ ΤΑ ΑΞΕΣΟΥΑΡ ΣΚΑΦΩΝ. +- ΑΞΕΣΟΥΑΡ ΑΥΤΟΚΙΝΗΤΩΝ ... Αυτή η δωροεπιταγή θα αποσταλεί μέ e-mail στον παραλήπτη αφού ολοκληρωθεί ή πληρωμή σας.,"site:.gr ""bags"" ""δωροεπιταγή"""
85,ergo-horeca.gr,Αγοράστε μία Δωροεπιταγή,https://ergo-horeca.gr/index.php?route,Αγοράστε μία Δωροεπιταγή,"Εξοπλισμοί Κουζίνας, Bar, Cafe, Πιτσαρίας, Ζαχαροπλαστείου, Κρεοπωλείου ... Αυτή η δωροεπιταγή θα αποσταλεί μέ e-mail στον παραλήπτη αφού ολοκληρωθεί ή πληρωμή ...","site:.gr ""cafe"" ""δωροεπιταγή"""
85,eshop.handospa.gr,"Buy a Gift Card | Hando Massage & Spa in Athens, Greece",https://eshop.handospa.gr/,"Buy a Gift Card | Hando Massage & Spa in Athens, Greece",valentines day massage gift card. Valentine's Gift Card. Couples Candle Massage (60 mins body massage & 10 mins head massage). 150 € / 70' session. Select ...,"site:.gr ""massage"" ""gift card"""
85,espressoshop.gr,Espressoshop.gr Νο 1 Κατάστημα πώλησης ...,https://espressoshop.gr/dorokarta/,Δωροκάρτα - Espressoshop.gr Νο 1 Κατάστημα πώλησης ...,"Intenso Cafe · Caffe Parana · Golden Brazil · Gran Salvador · Tonino Lamborghini ... Δωροκάρτα. Αγοράστε μια δωροκάρτα, και δώστε την δυνατότητα σε φίλους και ...","site:.gr ""cafe"" ""δωροκάρτα"""
85,evosmofood.gr,Αγοράστε μία Δωροεπιταγή,https://evosmofood.gr/index.php?route,Αγοράστε μία Δωροεπιταγή,Αγοράστε μία Δωροεπιταγή. Αυτή η δωροεπιταγή θα αποσταλεί μέ e-mail στον παραλήπτη αφού ολοκληρωθεί ή πληρωμή σας. Όνομα παραλήπτη. E-mail παραλήπτη. Το όνομα ...,"site:.gr ""food"" ""δωροεπιταγή"""
85,femmefashion.gr,Αγοράστε μία Δωροεπιταγή - FemmeFashion,https://www.femmefashion.gr/index.php?route,Αγοράστε μία Δωροεπιταγή - FemmeFashion,Αγοράστε μία Δωροεπιταγή. Αυτή η δωροεπιταγή θα αποσταλεί μέ e-mail στον παραλήπτη αφού ολοκληρωθεί ή πληρωμή σας. Όνομα παραλήπτη.,"site:.gr ""fashion"" ""δωροεπιταγή"""
85,flowers-balloons.gr,Αγοράστε μία Δωροεπιταγή,https://flowers-balloons.gr/index.php?route,Αγοράστε μία Δωροεπιταγή,"... Flowers Balloons · 0. 0,00€. Το καλάθι αγορών είναι ... Αυτή η δωροεπιταγή θα αποσταλεί μέ e-mail στον παραλήπτη αφού ολοκληρωθεί ή πληρωμή σας. ... flowers ...","site:.gr ""flowers"" ""δωροεπιταγή"""
85,gadgetone.gr,Αγοράστε μία Δωροεπιταγή,https://www.gadgetone.gr/index.php?route,Αγοράστε μία Δωροεπιταγή,Smart Home · Smartphones · Apple · Samsung · Xiaomi · Smartwatches · Tempered Glass ... Αυτή η δωροεπιταγή θα αποσταλεί μέ e-mail στον παραλήπτη αφού ολοκληρωθεί ...,"site:.gr ""home"" ""δωροεπιταγή"""
85,gifts4all.com.gr,Αγοράστε μία Δωροεπιταγή - Gifts 4 All,https://www.gifts4all.com.gr/account/voucher,Αγοράστε μία Δωροεπιταγή - Gifts 4 All,Αγοράστε μία Δωροεπιταγή ... Αυτή η δωροεπιταγή θα αποσταλεί μέ e-mail στον παραλήπτη αφού ολοκληρωθεί ή πληρωμή σας. Όνομα παραλήπτη. E-mail παραλήπτη.,"site:.com.gr ""δωροεπιταγή"""
85,glamdoll.gr,Αγοράστε μία Δωροεπιταγή,https://glamdoll.gr/index.php?route,Αγοράστε μία Δωροεπιταγή,... SKINCARE · Μάσκες Προσώπου53 · Headbands7 · Serums19 · Ακμή6 · Αντιγήρανση13 · Απολέπιση ... Αυτή η δωροεπιταγή θα αποσταλεί μέ e-mail στον παραλήπτη αφού ...,"site:.gr ""skincare"" ""δωροεπιταγή"""
85,glamorousbeauty.gr,Αγοράστε μία Δωροεπιταγή - Glamorous Beauty Salon,https://glamorousbeauty.gr/index.php?route,Αγοράστε μία Δωροεπιταγή - Glamorous Beauty Salon,GLAMOROUS BEAUTY SALON · SERVICES | ΥΠΗΡΕΣΙΕΣ · BOOK ONLINE ... Glamorous Beauty Salon. Cart 0. O Λογαριασμός μου · Αγορά Δωροεπιταγής. Αγοράστε μία Δωροεπιταγή.,"site:.gr ""beauty"" ""δωροεπιταγή"""
85,glimmerbeauty.gr,Αγοράστε μία Δωροεπιταγή,https://glimmerbeauty.gr/index.php?route,Αγοράστε μία Δωροεπιταγή,... Beauty. Ο Λογαριασμός μου · Δημιουργία Λογαριασμού · Σύνδεση Λογαριασμού ... Αυτή η δωροεπιταγή θα αποσταλεί μέ e-mail στον παραλήπτη αφού ολοκληρωθεί ή πληρωμή ...,"site:.gr ""beauty"" ""δωροεπιταγή"""
85,glyfadasaltcave.com.gr,Δωροεπιταγες: Δωροεπιταγή Αξίας 90€,https://www.glyfadasaltcave.com.gr/index.php/e-shop/doroepitages/doroepitagi-aksias-90-detail,Δωροεπιταγες: Δωροεπιταγή Αξίας 90€,Δωροεπιταγή Αξίας 90€ Δωροεπιταγες Κάντε στους αγαπημένους σας δώρο συνεδρίες-υπηρεσίες αναζωογόνησης και ευεξίας!Διάρκεια δωροεπιταγής από την ημέρα ...,"site:.com.gr ""δωροεπιταγή"""
85,goalsports.gr,Αγοράστε μία Δωροεπιταγή - goalsports.gr,https://www.goalsports.gr/index.php?route,Αγοράστε μία Δωροεπιταγή - goalsports.gr,Αυτή η δωροεπιταγή θα αποσταλεί μέ e-mail στον παραλήπτη αφού ολοκληρωθεί ή πληρωμή σας. Όνομα παραλήπτη. E-mail παραλήπτη. Το όνομα σας. Το e-mail σας. Θέμα ...,"site:.gr ""sports"" ""δωροεπιταγή"""
85,groombox.gr,Groombox,https://groombox.gr/product/%CE%B4%CF%89%CF%81%CE%BF%CE%BA%CE%AC%CF%81%CF%84%CE%B1/,Δωροκάρτα - Groombox,PET SHOP Αγία Βαρβάρα · PET SHOP Αγία Μαρίνα · PET SHOP Αγία Παρασκευή · PET ... Αρχική σελίδα / PET SHOP Πύργος / Δωροκάρτα.,"site:.gr ""pet shop"" ""δωροκάρτα"""
85,gruppodibambini.gr,Αγοράστε μία Δωροεπιταγή,https://gruppodibambini.gr/index.php?route,Αγοράστε μία Δωροεπιταγή,"GRUPPO DI BAMBINI-KIDS BOUTIQUE · 0 · 0 προϊόν(τα) - 0,00€ 0. Ψάχνω για ... Αυτή η δωροεπιταγή θα αποσταλεί μέ e-mail στον παραλήπτη αφού ολοκληρωθεί ή πληρωμή ...","site:.gr ""kids"" ""δωροεπιταγή"""
85,gvshoes.gr,Αγοράστε μία Δωροεπιταγή,https://gvshoes.gr/index.php?route,Αγοράστε μία Δωροεπιταγή,Αυτή η δωροεπιταγή θα αποσταλεί μέ e-mail στον παραλήπτη αφού ολοκληρωθεί ή πληρωμή σας. ... G.V. Group of Shoes © 2026.,"site:.gr ""shoes"" ""δωροεπιταγή"""
85,hali.gr,Αγοράστε μία Δωροεπιταγή,https://hali.gr/index.php?route,Αγοράστε μία Δωροεπιταγή,Αγοράστε μία Δωροεπιταγή. Αυτή η δωροεπιταγή θα αποσταλεί μέ email στον ... Home Decor · Παιδικά · Μοκέτες · Lorena Canals · Προσφορές · Διακοσμηση Παιδικου ...,"site:.gr ""decor"" ""δωροεπιταγή"""
85,happyorganic.gr,Αγοράστε μία Δωροεπιταγή,https://www.happyorganic.gr/index.php?route,Αγοράστε μία Δωροεπιταγή,Αγοράστε μία Δωροεπιταγή ... Αυτή η δωροεπιταγή θα αποσταλεί μέ e-mail στον παραλήπτη αφού ολοκληρωθεί ή πληρωμή σας. Όνομα παραλήπτη. E-mail παραλήπτη.,"site:.gr ""cosmetics"" ""δωροεπιταγή"""
85,heavenoftoys.gr,Αγοράστε μία Δωροεπιταγή,https://www.heavenoftoys.gr/index.php?route,Αγοράστε μία Δωροεπιταγή,Heaven of Toys. 0. Όλες οι κατηγορίες. Όλες οι κατηγορίες; Funko ... Αυτή η δωροεπιταγή θα αποσταλεί μέ e-mail στον παραλήπτη αφού ολοκληρωθεί ή πληρωμή σας.,"site:.gr ""toys"" ""δωροεπιταγή"""
85,hollandandbarrett.gr,Κέρδισε δωροεπιταγή αξίας €3 με τις online αγορές σου από €45 και ...,https://www.hollandandbarrett.gr/oroi-energeion-proothisis/kerdise-doroepitagi-axias-3-me-tis-online-agores-sou-apo-45-kai-ano/,Κέρδισε δωροεπιταγή αξίας €3 με τις online αγορές σου από €45 και ...,H αναφερόμενη δωροεπιταγή δεν είναι ονομαστική και ενσωματώνει υπόσχεση προς παροχή στον κομιστή. Η εταιρία «Wellness Market MAE» όσον αφορά τις ...,"site:.gr ""wellness"" ""δωροεπιταγή"""
85,homeunique.gr,Αγοράστε μία Δωροεπιταγή,https://www.homeunique.gr/index.php?route,Αγοράστε μία Δωροεπιταγή,"Αυτή η δωροεπιταγή θα αποσταλεί μέ e-mail στον παραλήπτη αφού ολοκληρωθεί ή πληρωμή σας. ... Copyright © 2024, Home Unique, All Rights Reserved.","site:.gr ""home"" ""δωροεπιταγή"""
85,hotelequipment.gr,Αγοράστε μία Δωροεπιταγή - Hotel Equipment,https://www.hotelequipment.gr/index.php?route,Αγοράστε μία Δωροεπιταγή - Hotel Equipment,"Hotel Equipment. 0 · 0 προϊόν(τα) - 0,00€ 0 · O Λογαριασμός μου · Αγορά Δωροεπιταγής. Αγοράστε μία Δωροεπιταγή ... Copyright © 2023, Hotel Equipment, All Rights ...","site:.gr ""hotel"" ""δωροεπιταγή"""
85,hshome.gr,Αγοράστε μία Δωροεπιταγή,https://hshome.gr/voucher,Αγοράστε μία Δωροεπιταγή,HOME SWEET HOME by konstantinos Zois · 0. search. Όλες. Όλες; ΠΛΑΚΑΚΙΑ. Search ... Αυτή η δωροεπιταγή θα αποσταλεί μέ e-mail στον παραλήπτη αφού ολοκληρωθεί ή ...,"site:.gr ""home"" ""δωροεπιταγή"""
85,hypnotejewelry.gr,"Hypnote Jewelry | Woman, Man Accessories ...",https://hypnotejewelry.gr/product/%CE%B4%CF%89%CF%81%CE%BF%CE%BA%CE%AC%CF%81%CF%84%CE%B1/,"Δωροκάρτα - Hypnote Jewelry | Woman, Man Accessories ...","Hypnote Jewelry | Woman, Man Accessories, eshop for jewelry. Search open. 0 ... Δωροκάρτα. 5.00 € 50.00 € -50% OFF. Ποσό Δωροκάρτας. Κάντε μία επιλογή, 10 ...","site:.gr ""jewelry"" ""δωροκάρτα"""
85,inbeautyland.gr,Αγοράστε μία Δωροεπιταγή,https://www.inbeautyland.gr/index.php?route,Αγοράστε μία Δωροεπιταγή,NAILS · ΠΑΚΕΤΑ - ΚΙΤ · ΠΡΟΣΦΟΡΑ 25% · ΗΜΙΜΟΝΙΜΑ ΒΕΡΝΙΚΙΑ · BASE COAT · RUBBER BASE ... Αυτή η δωροεπιταγή θα αποσταλεί μέ e-mail στον παραλήπτη αφού ολοκληρωθεί ή ...,"site:.gr ""nails"" ""δωροεπιταγή"""
85,insidehome.gr,Αγοράστε μία Δωροεπιταγή,https://www.insidehome.gr/account/voucher,Αγοράστε μία Δωροεπιταγή,Home · O Λογαριασμός μου · Αγορά Δωροεπιταγής. Αυτή η δωροεπιταγή θα αποσταλεί μέ e-mail στον παραλήπτη αφού ολοκληρωθεί ή πληρωμή σας. Όνομα παραλήπτη.,"site:.gr ""home"" ""δωροεπιταγή"""
85,interior365.gr,Αγοράστε μία Δωροεπιταγή,https://www.interior365.gr/index.php?route,Αγοράστε μία Δωροεπιταγή,Χειροποίητα κεριά & είδη decor18 · Τεχνητά Φυτά · Άνθη & Μπουκέτα0 · Αποξηραμένα43 ... Αυτή η δωροεπιταγή θα αποσταλεί μέ e-mail στον παραλήπτη αφού ολοκληρωθεί ή ...,"site:.gr ""decor"" ""δωροεπιταγή"""
85,ioannou-cosmetics.gr,50,https://www.ioannou-cosmetics.gr/shop/dwrokartes/dwrokarta-50-e/,Δωροκάρτα 50,Δωροκάρτα 30 €. Κερδίζεις 30 πόντους. Δωροκάρτα 30 €. 30.00 ... Copyright © 2026 - Ioannou Cosmetics - Περιεχόμενο πνευματικών δικαιωμάτων.,"site:.gr ""cosmetics"" ""δωροκάρτα"""
85,joyfashion.gr,Αγοράστε μία Δωροεπιταγή - Joy Fashion,https://www.joyfashion.gr/index.php?route,Αγοράστε μία Δωροεπιταγή - Joy Fashion,Joy Fashion. All. All; BRIGITTE; ΑΞΕΣΟΥΑΡ; ΠΑΠΟΥΤΣΙΑ ... Αυτή η δωροεπιταγή θα αποσταλεί μέ e-mail στον παραλήπτη αφού ολοκληρωθεί ή πληρωμή σας.,"site:.gr ""fashion"" ""δωροεπιταγή"""
85,kalimeratzis.gr,Αγοράστε μία Δωροεπιταγή,https://www.kalimeratzis.gr/index.php?route,Αγοράστε μία Δωροεπιταγή,Το καλάθι αγορών είναι άδειο! ΓΥΝΑΙΚΕΙΑ · ΕΣΩΡΟΥΧΑ +. LUXURY LINGERIE · ΣΟΥΤΙΕΝ ... Αυτή η δωροεπιταγή θα αποσταλεί μέ e-mail στον παραλήπτη αφού ολοκληρωθεί ή ...,"site:.gr ""lingerie"" ""δωροεπιταγή"""
85,karam.gr,Karam Spa - Karam - Προϊόντα ευεξίας & ομορφιάς,https://karam.gr/product/dwrokarta-karam-spa/,Δωροκάρτα Karam Spa - Karam - Προϊόντα ευεξίας & ομορφιάς,"Η Δωροκάρτα μπορεί να χρησιμοποιηθεί στα παρακάτω: ☆ Mystras Grand Hotel Resort & Spa ☆ Las Hotel & Spa. * Αφού προχωρήσετε στην αγορά, σε επόμενο βήμα θα ...","site:.gr ""hotel"" ""δωροκάρτα"""
85,koelia.gr,Αρχεία,https://koelia.gr/product-category/%CE%B4%CF%89%CF%81%CE%BF%CE%BA%CE%AC%CF%81%CF%84%CE%B1/,δωροκάρτα Αρχεία,"Τώρα μπορείτε να του αγοράσετε μια δωροεπιταγή αξίας 30€, 50€, 70€ ή 100 ... Koelia Jewelry. info@koelia.gr. hours. Δευτέρα - Παρασκευή. 10.00 – 18.00.","site:.gr ""jewelry"" ""δωροεπιταγή"""
85,kosmimamakarezos.gr,Αγοράστε μία Δωροεπιταγή,https://www.kosmimamakarezos.gr/account/voucher,Αγοράστε μία Δωροεπιταγή,Αγοράστε μία Δωροεπιταγή ... Αυτή η δωροεπιταγή θα αποσταλεί μέ e-mail στον παραλήπτη αφού ολοκληρωθεί ή πληρωμή σας. Όνομα παραλήπτη. E-mail παραλήπτη.,"site:.gr ""watches"" ""δωροεπιταγή"""
85,kouskoufashionproject.gr,Kouskoufashionproject,https://kouskoufashionproject.gr/en/collections/%CE%B4%CF%89%CF%81%CE%BF%CE%BA%CE%AC%CF%81%CF%84%CE%B1,Δωροκάρτα,Δωροκάρτα. Filter. Sort by. Most relevant. Featured ... Whether you are in Rhodes or part of our online ... © 2026 Kouskou Fashion Project. Powered by ...,"""Rhodes"" ""fashion"" ""δωροκάρτα"""
85,lagonika.gr,Με κάθε αγορά μηχανής espresso κέρδισε δωροεπιταγή ...,https://www.lagonika.gr/prosfores/me-ka8e-agora-mhxanhs-espresso-kerdise-dwroepitagh-a3ias-ews-100euro-gia-epomenh-ag/,Με κάθε αγορά μηχανής espresso κέρδισε δωροεπιταγή ...,"Με κάθε αγορά μηχανής espresso κέρδισε δωροεπιταγή αξίας έως 100€ για επόμενη αγορά, ΚΩΤΣΟΒΟΛΟΣ ... Cafe Latte. Με inox επιφάνεια και όμορφο λιτό ...","site:.gr ""cafe"" ""δωροεπιταγή"""
85,lavalmore.gr,Lavalmore,https://lavalmore.gr/categories/%CE%B4%CF%89%CF%81%CE%BF%CE%BA%CE%AC%CF%81%CF%84%CE%B1/?srsltid,Δωροκάρτα,Χάρισε ένα μοναδικό δώρο σε εκείνους που αγαπάς με την δωροκάρτα του Lavalmore. Επίλεξε ποσό online και φόρτωσε τη Lavalmore GiftCard ... Flower Lace Lingerie ...,"site:.gr ""lingerie"" ""δωροκάρτα"""
85,laviejewelry.gr,Laviejewelry,https://www.laviejewelry.gr/el/collections/gift-cart?srsltid,Δωροκάρτα,"Συλλογή: Δωροκάρτα. Φιλτράρισμα: Διαθεσιμότητα ... La Vie Jewelry Gift Cart. Παραγγελίες. Πολιτική ... © 2026, La Vie Jewelry Με την υποστήριξη της Shopify.","site:.gr ""jewelry"" ""δωροκάρτα"""
85,lepetit.gr,Αγοράστε μία Δωροεπιταγή,https://lepetit.gr/index.php?route,Αγοράστε μία Δωροεπιταγή,Gioseppo Kids · Gioseppo Kids · Hρα · Hρα. Igor · Igor · Kids-code · Kids-code. LATTAS ... Αυτή η δωροεπιταγή θα αποσταλεί μέ e-mail στον παραλήπτη αφού ...,"site:.gr ""kids"" ""δωροεπιταγή"""
85,letoshop.gr,ΛΗΤΩ για όλους,https://www.letoshop.gr/el/p/home/59843-dwroepitagi-giaolous.html?srsltid,Δωροεπιταγή ΛΗΤΩ για όλους,Η παρούσα δωροεπιταγή ισχύει για (1) ένα έτος από την ημερομηνία αγοράς της από τα Βρεφικά Πολυκαταστήματα Λητώ. Δεν ανταλλάσσεται με χρήματα και μπορεί να ...,"site:.gr ""δωροεπιταγή"""
85,lga.com.gr,Αγοράστε μία Δωροεπιταγή - Γραφικές Τέχνες Λήμνου,https://lga.com.gr/index.php?route,Αγοράστε μία Δωροεπιταγή - Γραφικές Τέχνες Λήμνου,Αγοράστε μία Δωροεπιταγή. Αυτή η δωροεπιταγή θα αποσταλεί μέ e-mail στον παραλήπτη αφού ολοκληρωθεί ή πληρωμή σας. Όνομα παραλήπτη. E-mail παραλήπτη. Το όνομα ...,"site:.com.gr ""δωροεπιταγή"""
85,lilalokids.gr,Αγοράστε μία Δωροεπιταγή,https://lilalokids.gr/index.php?route,Αγοράστε μία Δωροεπιταγή,"Αυτή η δωροεπιταγή θα αποσταλεί μέ e-mail στον παραλήπτη αφού ολοκληρωθεί ή πληρωμή σας. ... Copyright © 2021, LILALO KIDS | Designed & Hosted by: costas.co ...","site:.gr ""kids"" ""δωροεπιταγή"""
85,lingerieboutique.gr,Αγοράστε μία Δωροεπιταγή,https://www.lingerieboutique.gr/index.php?route,Αγοράστε μία Δωροεπιταγή,"Αυτή η δωροεπιταγή θα αποσταλεί μέ e-mail στον παραλήπτη αφού ολοκληρωθεί ή πληρωμή σας. ... Lingerie Boutique, στο Ίλιον. Επιλεγμένες ... Lingerie Boutique -","site:.gr ""lingerie"" ""δωροεπιταγή"""
85,littleflowers.gr,Αγοράστε μία Δωροεπιταγή - Little Flowers,https://littleflowers.gr/index.php?route,Αγοράστε μία Δωροεπιταγή - Little Flowers,Χαρίστε μια δωροκάρτα Little Flowers στα αγαπημένα σας πρόσωπα και δώστε τους τη δυνατότητα να επιλέξουν αυτοί τα προϊόντα που επιθυμούν!,"site:.gr ""flowers"" ""δωροκάρτα"""
85,livingcrueltyfree.gr,online αγορών αξίας 35 Ευρώ,https://livingcrueltyfree.gr/%CF%80%CF%81%CE%BF%CF%8A%CF%8C%CE%BD/%CE%B4%CF%89%CF%81%CE%BF%CE%B5%CF%80%CE%B9%CF%84%CE%B1%CE%B3%CE%B7-living-35e/?srsltid,Δωροεπιταγή online αγορών αξίας 35 Ευρώ,"Δωροεπιταγή Living 35€. 35,00€. Δωροκάρτα 35 ευρώ για αγορές πιστοποιημένων cruelty free και vegan καλλυντικών, παπουτσιών ή αξεσουάρ από ...","site:.gr ""δωροεπιταγή"""
85,magento2dev.wellshaved.gr,Wellshaved,https://magento2dev.wellshaved.gr/dorokarta-wellshaved,Δωροκάρτα Wellshaved,Δωροκάρτα Wellshaved. Αν θέλετε να προσφέρετε ... Skin Food · After Shave Balm · After Shave Lotion ... Δωροκάρτα. Αρχική; Δωροκάρτα. Αγορά κατά. Επιλογες Αγορων.,"site:.gr ""food"" ""δωροκάρτα"""
85,marashoes.gr,Αγοράστε μία Δωροεπιταγή,https://marashoes.gr/pages/agora-dwroepitagis?srsltid,Αγοράστε μία Δωροεπιταγή,"Mara Shoes Newsletter ... Αυτό το Email δεν είναι έκγυρο ή χρησιμοποιείται ήδη. Κλείσιμο. Αγοράστε μία Δωροεπιταγή ... Copyright © 2026, Mara Shoes. Αρ. ΓΕΜΗ: ...","site:.gr ""shoes"" ""δωροεπιταγή"""
85,mattas-sports.gr,Αγοράστε μία Δωροεπιταγή,https://www.mattas-sports.gr/index.php?route,Αγοράστε μία Δωροεπιταγή,"Αυτή η δωροεπιταγή θα αποσταλεί μέ e-mail στον παραλήπτη αφού ολοκληρωθεί ή πληρωμή σας. ... info@mattas-sports.gr. Copyright © 2023, Mattas Sports. Αποδέχομαι.","site:.gr ""sports"" ""δωροεπιταγή"""
85,max-kids.gr,Αγοράστε μία Δωροεπιταγή,https://www.max-kids.gr/index.php?route,Αγοράστε μία Δωροεπιταγή,"Αυτή η δωροεπιταγή θα αποσταλεί μέ e-mail στον παραλήπτη αφού ολοκληρωθεί ή πληρωμή σας. ... kids.gr, τηλ: 2721027536. © 2020 max-kids.gr. Visa MasterCard ...","site:.gr ""kids"" ""δωροεπιταγή"""
85,melissourgos.com.gr,Αγοράστε μία Δωροεπιταγή - Σ. ΜΕΛΙΣΣΟΥΡΓΟΣ & ΣΙΑ Ο.Ε.,https://melissourgos.com.gr/index.php?route,Αγοράστε μία Δωροεπιταγή - Σ. ΜΕΛΙΣΣΟΥΡΓΟΣ & ΣΙΑ Ο.Ε.,Αγοράστε μία Δωροεπιταγή. Αυτή η δωροεπιταγή θα αποσταλεί μέ e-mail στον παραλήπτη αφού ολοκληρωθεί ή πληρωμή σας. Όνομα παραλήπτη. E-mail παραλήπτη.,"site:.com.gr ""δωροεπιταγή"""
85,milanos-shoes.gr,Αγοράστε μία Δωροεπιταγή - Milanos Shoes,https://milanos-shoes.gr/index.php?route,Αγοράστε μία Δωροεπιταγή - Milanos Shoes,Αυτή η δωροεπιταγή θα αποσταλεί μέ e-mail στον παραλήπτη αφού ολοκληρωθεί ή πληρωμή σας. ... Milanos Shoes στο Περιστέρι. 45+ χρόνια εμπειρίας στον χώρο ...,"site:.gr ""shoes"" ""δωροεπιταγή"""
85,miniatureshoes.gr,Miniature Shoes,https://miniatureshoes.gr/product/%CE%B4%CF%89%CF%81%CE%BF%CE%BA%CE%AC%CF%81%CF%84%CE%B1/,Δωροκάρτα - Miniature Shoes,Αγοράστε μία δωροκάρτα και δώστε στους αγαπημένους σας την δυνατότητα να διαλέξουν οποιοδήποτε προιόν επιθυμούν! ... Miniature Shoes © 2020.,"site:.gr ""shoes"" ""δωροκάρτα"""
85,minimokidsboutique.gr,Αγοράστε μία Δωροεπιταγή,https://minimokidsboutique.gr/index.php?route,Αγοράστε μία Δωροεπιταγή,Αυτή η δωροεπιταγή θα αποσταλεί μέ e-mail στον παραλήπτη αφού ολοκληρωθεί ή πληρωμή σας. ... © 2025 Βρεφική - Παιδική μόδα Minimo Kids Boutique | Κατασκευή eshop ...,"site:.gr ""kids"" ""δωροεπιταγή"""
85,missyandme.gr,MissYandME | Fashion gift card,https://missyandme.gr/%CE%B4%CF%89%CF%81%CE%BF%CE%BA%CE%AC%CF%81%CF%84%CE%B1/,Δωροκάρτα MissYandME | Fashion gift card,"Χάρισε δωροκάρτα MissYandME για γυναικεία μόδα, αξεσουάρ και online αγορές με εύκολη επιλογή ποσού και εξαργύρωση.","site:.gr ""fashion"" ""δωροκάρτα"""
85,mylifelikes.gr,Αγοράστε μία Δωροεπιταγή,https://mylifelikes.gr/account/voucher,Αγοράστε μία Δωροεπιταγή,... Baby Shower · Εγκαίνια · Βάφτιση · Αναμνηστικά · Για Το Νεο Σπίτι · Αποφοίτηση · Για Το ... Αγοράστε μία Δωροεπιταγή. Χαρίστε στους αγαπημένους σας την ελευθερία ...,"site:.gr ""baby"" ""δωροεπιταγή"""
85,mysatellite.gr,Αγοράστε μία Δωροεπιταγή,https://www.mysatellite.gr/index.php?route,Αγοράστε μία Δωροεπιταγή,Satellite Advertising Gifts. Menu. 0. Όλα. Όλα; Αρχική; Κατάλογοι Online. 0 προϊόν ... Αγοράστε μία Δωροεπιταγή. Αυτή η δωροεπιταγή θα αποσταλεί μέ e-mail στον ...,"site:.gr ""gifts"" ""δωροεπιταγή"""
85,nakas.com.gr,Αγοράστε μία Δωροεπιταγή,https://nakas.com.gr/index.php?route,Αγοράστε μία Δωροεπιταγή,O Λογαριασμός μου · Αγορά Δωροεπιταγής. Αγοράστε μία Δωροεπιταγή. Αυτή η δωροεπιταγή θα αποσταλεί μέ e-mail στον παραλήπτη αφού ολοκληρωθεί ή πληρωμή σας.,"site:.com.gr ""δωροεπιταγή"""
85,nakasconcept.gr,Nakasconcept,https://www.nakasconcept.gr/el/proionta/dorokartes/,Δωροκάρτες,"Μπορείτε να επιλέξετε μία ή παραπάνω από τις δωροκάρτες των 10€, 20€, 50€, 100€, 200€, 300€, 400€ ή και 500€ ή συνδυασμό αυτών. Μπορείτε να αγοράσετε τη ...","site:.gr ""δωροκάρτες"""
85,nativis.gr,Nativis,https://nativis.gr/shop-products/%CE%B4%CF%89%CF%81%CE%BF%CE%BA%CE%AC%CF%81%CF%84%CE%B1/,Δωροκάρτα,Η δωροκάρτα απο το www.nativis.gr είναι ένα μοναδικό και αξέχαστο δώρο για ... Nativis Natural Cosmetics. 5.0. powered by Google. αξιολογήστε μας στο.,"site:.gr ""cosmetics"" ""δωροκάρτα"""
85,nethall.gr,Διαγωνισμός BP με δωροεπιταγές αξίας 500€ για Pet Shop,http://www.nethall.gr/diagonismos-bp-pet-shop-163867/,Διαγωνισμός BP με δωροεπιταγές αξίας 500€ για Pet Shop,H BP διοργανώνει διαγωνισμό και δίνει τη δυνατότητα σε 5 τυχερούς να κερδίσουν από μία δωροεπιταγή αξίας 100€ από γνωστή αλυσίδα Pet Shop!,"site:.gr ""pet shop"" ""δωροεπιταγή"""
85,noemahome.gr,Αγοράστε μία Δωροεπιταγή,https://noemahome.gr/index.php?route,Αγοράστε μία Δωροεπιταγή,home · O Λογαριασμός μου · Αγορά Δωροεπιταγής. Αγοράστε μία Δωροεπιταγή. Αυτή η δωροεπιταγή θα αποσταλεί μέ e-mail στον παραλήπτη αφού ολοκληρωθεί ή πληρωμή σας ...,"site:.gr ""home"" ""δωροεπιταγή"""
85,nova-travel.gr,Αγοράστε μία Δωροεπιταγή,https://nova-travel.gr/index.php?route,Αγοράστε μία Δωροεπιταγή,Nova Travel - Travel Agency Greece. All. All; Αρχείο Εκδρομών; Οργανωμένα ... Αυτή η δωροεπιταγή θα αποσταλεί μέ e-mail στον παραλήπτη αφού ολοκληρωθεί ή πληρωμή ...,"site:.gr ""travel"" ""δωροεπιταγή"""
85,olympusport.gr,Αγοράστε μία Δωροεπιταγή,https://olympusport.gr/index.php?route,Αγοράστε μία Δωροεπιταγή,FITNESS ΡΟΥΧΑ · ΠΑΠΟΥΤΣΙΑ · ΠΑΠΟΥΤΣΙΑ ΠΡΟΠΟΝΗΣΗΣ · ΠΥΓΜΑΧΙΚΑ ΜΠΟΤΑΚΙΑ · ΠΑΠΟΥΤΣΙΑ ... Αυτή η δωροεπιταγή θα αποσταλεί μέ e-mail στον παραλήπτη αφού ολοκληρωθεί ή ...,"site:.gr ""fitness"" ""δωροεπιταγή"""
85,orloffbeauty.gr,Αγοράστε μία Δωροεπιταγή,https://www.orloffbeauty.gr/index.php?route,Αγοράστε μία Δωροεπιταγή,Αγοράστε μία Δωροεπιταγή ... Οι περιποιήσεις spa πραγματοποιούνται μέσω γνήσιων πρωτοκόλλων και με προϊόντα φροντίδας του δέρματος από premium μάρκες Valmont και ...,"site:.gr ""beauty"" ""δωροεπιταγή"""
85,otticacenter.gr,Αγοράστε μία Δωροεπιταγή,https://www.otticacenter.gr/index.php?route,Αγοράστε μία Δωροεπιταγή,Smith Optics · Solano · Speyes · Spektre. T. Tiffany Co · Timberland · Tom Ford · Tom's ... Αυτή η δωροεπιταγή θα αποσταλεί μέ e-mail στον παραλήπτη αφού ...,"site:.gr ""optics"" ""δωροεπιταγή"""
85,owlaboutkids.gr,Αγοράστε μία Δωροεπιταγή,https://www.owlaboutkids.gr/index.php?route,Αγοράστε μία Δωροεπιταγή,Αγοράστε μία Δωροεπιταγή. Αυτή η δωροεπιταγή θα αποσταλεί μέ e-mail στον παραλήπτη αφού ολοκληρωθεί ή πληρωμή σας. Όνομα παραλήπτη. E-mail παραλήπτη.,"site:.gr ""kids"" ""δωροεπιταγή"""
85,palbatt.gr,Αγοράστε μία Δωροεπιταγή,https://www.palbatt.gr/doroepitages?srsltid,Αγοράστε μία Δωροεπιταγή,Αυτή η δωροεπιταγή θα αποσταλεί μέ e-mail στον παραλήπτη αφού ολοκληρωθεί ή πληρωμή σας. ... Μπαταρίες για INDIAN MOTORCYCLE. Μπαταρίες για JINCHENG. Μπαταρίες ...,"site:.gr ""motorcycle"" ""δωροεπιταγή"""
85,perfume-shop.gr,Αγοράστε μία Δωροεπιταγή - Perfume-shop,https://perfume-shop.gr/index.php?route,Αγοράστε μία Δωροεπιταγή - Perfume-shop,Αυτή η δωροεπιταγή θα αποσταλεί μέ e-mail στον ... Εγγραφείτε τώρα στην Perfume ... Perfume Shop. Perfume Shop. Τμήμα Πωλήσεων · Αρχική · Αγαπημένα0 · Σύγκριση0 ...,"site:.gr ""perfume"" ""δωροεπιταγή"""
85,petpoint.gr,Αγορά Δωροεπιταγής,https://petpoint.gr/agora-doroepitagis/,Αγορά Δωροεπιταγής,... Wellness Core · Hill's Science Plan · Acana · Orijen · Κλινικές Ξηρές τροφές · AATU ... Η δωροεπιταγή Pet Point είναι ένας εύκολος και πρακτικός τρόπος να κάνετε ...,"site:.gr ""wellness"" ""δωροεπιταγή"""
85,plantoys.gr,Ηλεκτρονική Δωροκάρτα PlanToys,https://www.plantoys.gr/shop/%CE%B7%CE%BB%CE%B5%CE%BA%CF%84%CF%81%CE%BF%CE%BD%CE%B9%CE%BA%CE%AE-%CE%B4%CF%89%CF%81%CE%BF%CE%BA%CE%AC%CF%81%CF%84%CE%B1-plantoys/,Ηλεκτρονική Δωροκάρτα PlanToys,Κανένα προϊόν στο καλάθι σας. Επιστροφή στο κατάστημα · Παιχνίδια Εκπαιδευτικά Plan Toys ... Ηλεκτρονική Δωροκάρτα PlanToys. 50.00€ – 350.00€ Price range ...,"site:.gr ""toys"" ""δωροκάρτα"""
85,popular-shoes.gr,Αγοράστε μία Δωροεπιταγή - Popular Shoes,https://popular-shoes.gr/index.php?route,Αγοράστε μία Δωροεπιταγή - Popular Shoes,Αυτή η δωροεπιταγή θα αποσταλεί μέ e-mail στον παραλήπτη αφού ολοκληρωθεί ή πληρωμή σας. ... shoes.gr © 2021 | All rights reserved! Handcrafted by.,"site:.gr ""shoes"" ""δωροεπιταγή"""
85,pro.makemeup.gr,Αγοράστε μία Δωροεπιταγή,https://pro.makemeup.gr/index.php?route,Αγοράστε μία Δωροεπιταγή,BAGS & ACCESSORIES. BAGS & ACCESSORIES. LIFESTYLE & MORE. Bags / Accessories ... Αυτή η δωροεπιταγή θα αποσταλεί μέ e-mail στον παραλήπτη αφού ολοκληρωθεί ή ...,"site:.gr ""bags"" ""δωροεπιταγή"""
85,psichogiosmeat.gr,Αγοράστε μία Δωροεπιταγή,https://www.psichogiosmeat.gr/b2b/index.php?route,Αγοράστε μία Δωροεπιταγή,ΨΥΧΟΓΥΙΟΣ DELICATESSEN FOOD SERVICES. Τηλεφωνικές Παραγγελίες 210 2829759 ... Αγοράστε μία Δωροεπιταγή. Αυτή η δωροεπιταγή θα αποσταλεί μέ e-mail στον παραλήπτη ...,"site:.gr ""food"" ""δωροεπιταγή"""
85,puzzlehome.gr,Αγοράστε μία Δωροεπιταγή - Puzzlehome - Έπιπλα,https://www.puzzlehome.gr/index.php?route,Αγοράστε μία Δωροεπιταγή - Puzzlehome - Έπιπλα,Αγοράστε μία Δωροεπιταγή. Αυτή η δωροεπιταγή θα αποσταλεί μέ e-mail στον παραλήπτη αφού ολοκληρωθεί ή πληρωμή σας. Όνομα παραλήπτη. E-mail παραλήπτη. Το όνομα ...,"site:.gr ""home"" ""δωροεπιταγή"""
85,reppas-kon.gr,Αγοράστε μία Δωροεπιταγή,https://www.reppas-kon.gr/index.php?route,Αγοράστε μία Δωροεπιταγή,Decor Ζαχαροπλαστικής; Είδη Σφολιάτας & Μπισκότου; Εργαλεία Ζαχαροπλαστικής ... Αυτή η δωροεπιταγή θα αποσταλεί μέ e-mail στον παραλήπτη αφού ολοκληρωθεί ή ...,"site:.gr ""decor"" ""δωροεπιταγή"""
85,samosbooks.gr,Αγοράστε μία Δωροεπιταγή,https://www.samosbooks.gr/index.php?route,Αγοράστε μία Δωροεπιταγή,Αγοράστε μία Δωροεπιταγή. O Λογαριασμός μου · Αγορά Δωροεπιταγής. Αυτή η δωροεπιταγή θα αποσταλεί μέ e-mail στον παραλήπτη αφού ολοκληρωθεί ή πληρωμή σας.,"site:.gr ""books"" ""δωροεπιταγή"""
85,sanopwleio.gr,Αγοράστε μία Δωροεπιταγή,https://www.sanopwleio.gr/account/voucher,Αγοράστε μία Δωροεπιταγή,Αγοράστε μία Δωροεπιταγή. Αυτή η δωροεπιταγή θα αποσταλεί μέ e-mail στον παραλήπτη αφού ολοκληρωθεί ή πληρωμή σας. Όνομα παραλήπτη. E-mail παραλήπτη.,"site:.gr ""δωροεπιταγή"""
85,scrapsnpieces.gr,20 Ευρώ,https://scrapsnpieces.gr/%CE%B4%CF%89%CF%81%CE%BF%CE%B5%CF%80%CE%B9%CF%84%CE%B1%CE%B3%CE%AE-20?srsltid,Δωροεπιταγή 20 Ευρώ,"Δωροεπιταγή 20 Ευρώ ... Κάντε ένα δώρο αξίας 20 ευρώ στους φίλους σας για να αγοράσουν ότι τους αρέσει, και στείλτε το κατ' ευθείαν στο email τους. Δες και αυτά.","site:.gr ""δωροεπιταγή"""
85,sergionails.gr,Αγορά Δωροεπιταγής,https://sergionails.gr/agora-dwroepitaghs/,Αγορά Δωροεπιταγής,Τα καταστήματα Star Nails – Sergio ανταλλάσσουν την προσκομισθησόμενη δωροεπιταγή παραδίδοντας στον κομιστή εμπορεύματα τουλάχιστον ίσης ή μεγαλύτερης αξίας ...,"site:.gr ""nails"" ""δωροεπιταγή"""
85,shera.gr,Αγοράστε μία Δωροεπιταγή,https://shera.gr/index.php?route,Αγοράστε μία Δωροεπιταγή,"... Clothing Shop · 0 · 0 προϊόν(τα) - 0,00€ 0 · O Λογαριασμός μου · Αγορά Δωροεπιταγής. Αγοράστε μία Δωροεπιταγή. Αυτή η δωροεπιταγή θα αποσταλεί μέ e-mail στον ...","site:.gr ""clothing"" ""δωροεπιταγή"""
85,shopofpc.gr,Αγοράστε μία Δωροεπιταγή,https://shopofpc.gr/index.php?route,Αγοράστε μία Δωροεπιταγή,Αυτή η δωροεπιταγή θα αποσταλεί μέ e-mail στον παραλήπτη αφού ολοκληρωθεί ή πληρωμή σας. ... Close We use cookies to offer you the best experience on our site. By ...,"site:.gr ""experience"" ""δωροεπιταγή"""
85,sparagouay.gr,Αγοράστε μία Δωροεπιταγή,https://sparagouay.gr/index.php?route,Αγοράστε μία Δωροεπιταγή,Bags - Handbags · Καπέλα · Σκούφοι Sparagouay · Κάλτσες · Κοσμήματα · Αλυσίδες ... Αυτή η δωροεπιταγή θα αποσταλεί μέ e-mail στον παραλήπτη αφού ολοκληρωθεί ή ...,"site:.gr ""bags"" ""δωροεπιταγή"""
85,spitishop.gr,Οδηγός Αγοράς Για Δωροκάρτες | Spitishop.gr,https://www.spitishop.gr/content/283-odigos-agoras-gia-dorokartes,Οδηγός Αγοράς Για Δωροκάρτες | Spitishop.gr,Ανακαλύψτε στο Spitishop tips & συμβουλές για τις δωροκάρτες Spitishop. Προσφέρετε ως δώρο μια δωροκάρτα ... Decor Ango Brilliant Diolamp Eurolamp Grundig Heronia ...,"site:.gr ""decor"" ""δωροκάρτα"""
85,svc-cosmetics.gr,Αγοράστε μία Δωροεπιταγή,https://www.svc-cosmetics.gr/index.php?route,Αγοράστε μία Δωροεπιταγή,Αυτή η δωροεπιταγή θα αποσταλεί μέ e-mail στον παραλήπτη αφού ολοκληρωθεί ή πληρωμή σας. ... SVC Cosmetics. ΒΑΣΙΛΕΙΑΔΗΣ ΣΩΤΗΡΙΟΣ. Νέα Πέραμο Καβάλας. 28ης ...,"site:.gr ""cosmetics"" ""δωροεπιταγή"""
85,svs.com.gr,Αγοράστε μία Δωροεπιταγή,https://www.svs.com.gr/index.php?route,Αγοράστε μία Δωροεπιταγή,Αγοράστε μία Δωροεπιταγή. Αυτή η δωροεπιταγή θα αποσταλεί μέ e-mail στον παραλήπτη αφού ολοκληρωθεί ή πληρωμή σας. Όνομα παραλήπτη. E-mail παραλήπτη.,"site:.com.gr ""δωροεπιταγή"""
85,swissvax.gr,for Car Lovers - Swissvax,https://swissvax.gr/en/products/geschenkgutschein?srsltid,Gift Voucher - for Car Lovers - Swissvax,The Swissvax Gift Voucher is the ideal gift for car lovers. The voucher is valid for all products and services in the Swissvax online shop – whether carnauba ...,"site:.gr ""gift voucher"""
85,takka.gr,Αγοράστε μία Δωροεπιταγή,https://takka.gr/index.php?route,Αγοράστε μία Δωροεπιταγή,Αγοράστε μία Δωροεπιταγή ... Αυτή η δωροεπιταγή θα αποσταλεί μέ e-mail στον παραλήπτη αφού ολοκληρωθεί ή πληρωμή σας. Όνομα παραλήπτη. E-mail παραλήπτη.,"site:.gr ""toys"" ""δωροεπιταγή"""
85,tesae.gr,Ενεργοποίηση δυνατότητας δωροεπιταγών (Gift Cards) στο ...,https://www.tesae.gr/articles/protipes-meletes-i-efarmoges-(pegasus-globality)/pegasus-erp-,Ενεργοποίηση δυνατότητας δωροεπιταγών (Gift Cards) στο ...,Οι δώροεπιταγές μπορούν να παίξουν με δύο σενάρια: O πελάτης να αγοράζει μια δωροεπιταγή με συγκεκριμένο πόσο ή συμπληρώνοντας αυτός το ποσό που ...,"site:.gr ""experience"" ""δωροεπιταγή"""
85,theboxgallery.gr,Αγοράστε μία Δωροεπιταγή,https://theboxgallery.gr/index.php?route,Αγοράστε μία Δωροεπιταγή,Coloring Books · Τρενάκια Ζωγραφικής · Tag Stickers · Καμβάδες Ζωγραφικής · Εργαλεία ... Αυτή η δωροεπιταγή θα αποσταλεί μέ e-mail στον παραλήπτη αφού ολοκληρωθεί ...,"site:.gr ""books"" ""δωροεπιταγή"""
85,thespisjewellery.gr,Αγοράστε μία Δωροεπιταγή,https://thespisjewellery.gr/index.php?route,Αγοράστε μία Δωροεπιταγή,Menu. Κατηγορίες. ΕΚΠΤΩΣΕΙΣ PANDORA; PANDORA · NOMINATION · DIMITRIOS EXCLUSIVE · GEROCHRISTO JEWELRY ... Αυτή η δωροεπιταγή θα αποσταλεί μέ e-mail στον παραλήπτη ...,"site:.gr ""jewelry"" ""δωροεπιταγή"""
85,thessaroma.gr,Αγοράστε μία Δωροεπιταγή,https://thessaroma.gr/index.php?route,Αγοράστε μία Δωροεπιταγή,... Perfume For Home; Candles; Home Refresher; Reed Diffuser; Εποχιακά; AUTUMN; SPRING ... Αυτή η δωροεπιταγή θα αποσταλεί μέ e-mail στον παραλήπτη αφού ολοκληρωθεί ή ...,"site:.gr ""perfume"" ""δωροεπιταγή"""
85,time2shop.gr,Αγοράστε μία Δωροεπιταγή,https://time2shop.gr/index.php?route,Αγοράστε μία Δωροεπιταγή,Αγοράστε μία Δωροεπιταγή. Αυτή η δωροεπιταγή θα αποσταλεί μέ e-mail στον παραλήπτη αφού ολοκληρωθεί ή πληρωμή σας. ... Outdoor Multifuction. Quickview. North Edge ...,"site:.gr ""outdoor"" ""δωροεπιταγή"""
85,to-farmakion.gr,Αγοράστε μία Δωροεπιταγή,https://www.to-farmakion.gr/index.php?route,Αγοράστε μία Δωροεπιταγή,Australian BUSH FLOWERS Essences33 · Μεμονωμένα Ανθοϊάματα Australian Bush ... Αυτή η δωροεπιταγή θα αποσταλεί μέ e-mail στον παραλήπτη αφού ολοκληρωθεί ή πληρωμή ...,"site:.gr ""flowers"" ""δωροεπιταγή"""
85,toaromatiseftixias.gr,Toaromatiseftixias,https://toaromatiseftixias.gr/%CE%B4%CF%89%CF%81%CE%BF%CE%BA%CE%AC%CF%81%CF%84%CE%B1,Δωροκάρτα,Αγοράστε μία Δωροκάρτα αξίας από 10€ έως 150€. Το Άρωμα της Ευτυχίας σου δίνει την δυνατότητα να κάνεις ένα δώρο που θα αρέσει σε όλους.,"site:.gr ""δωροκάρτα"""
85,toucanforkids.gr,Αγοράστε μία Δωροεπιταγή - Toucan for kids,https://toucanforkids.gr/index.php?route,Αγοράστε μία Δωροεπιταγή - Toucan for kids,Το καλάθι αγορών είναι άδειο! Login; Register. Toucan for kids| Βρεφικά/Παιδικά Είδη · Ένδυση και ρουχισμός ... Αυτή η δωροεπιταγή θα αποσταλεί μέ e-mail στον ...,"site:.gr ""kids"" ""δωροεπιταγή"""
85,toysflix.gr,Αγοράστε μία Δωροεπιταγή,https://toysflix.gr/index.php?route,Αγοράστε μία Δωροεπιταγή,Kids hits toys13 · Βρεφικά Παιχνίδια Μπάνιου5 · Γιο Γιο1 · Γυμναστήρια Για Μωρά7 ... Αυτή η δωροεπιταγή θα αποσταλεί μέ e-mail στον παραλήπτη αφού ολοκληρωθεί ή ...,"site:.gr ""toys"" ""δωροεπιταγή"""
85,trabakopoulos.gr,Αγοράστε μία Δωροεπιταγή - Trabakopoulos Jewelry,https://trabakopoulos.gr/index.php?route,Αγοράστε μία Δωροεπιταγή - Trabakopoulos Jewelry,Αγοράστε μία Δωροεπιταγή. Trabakopoulos Jewelry ... Αυτή η δωροεπιταγή θα αποσταλεί μέ e-mail στον παραλήπτη αφού ολοκληρωθεί ή πληρωμή σας.,"site:.gr ""jewelry"" ""δωροεπιταγή"""
85,trace-shoes.gr,Αγοράστε μία Δωροεπιταγή,https://www.trace-shoes.gr/dwroepitages.html?srsltid,Αγοράστε μία Δωροεπιταγή,"Αυτή η δωροεπιταγή θα αποσταλεί μέ e-mail στον παραλήπτη αφού ολοκληρωθεί ή πληρωμή σας. ... Trace Shoes. Φυσικά καταστήματα: 1. Κορίνθου 224, Πάτρα 2. Αγ ...","site:.gr ""shoes"" ""δωροεπιταγή"""
85,trimis.com.gr,Αγοράστε μία Δωροεπιταγή,https://www.trimis.com.gr/account/voucher?srsltid,Αγοράστε μία Δωροεπιταγή,Αγοράστε μία Δωροεπιταγή. Αυτή η δωροεπιταγή θα αποσταλεί μέ e-mail στον παραλήπτη αφού ολοκληρωθεί ή πληρωμή σας. Όνομα παραλήπτη. E-mail παραλήπτη. Το όνομα ...,"site:.com.gr ""δωροεπιταγή"""
85,tsiantakishome.gr,40,https://www.tsiantakishome.gr/shop/dwrokartes/dwrokarta-40e/,Δωροκάρτα 40,Δωροκάρτα 40€. Λεπτομέρειες. Προς * Εισάγετε τις διευθύνσεις ηλεκτρονικού ... Tsiantaki Home. Κατασκευή ...,"site:.gr ""home"" ""δωροκάρτα"""
85,turquoiseshop.gr,Κάρτα Δώρου,https://turquoiseshop.gr/karta-dorou/,Κάρτα Δώρου,"Αναρωτιέστε τι δώρο να κάνετε στο αγαπημένο σας προσωπο; Μπορείτε απλά να προμηθευτείτε την Δωροκάρτα Τυρκουάζ απο το κατάστημά μας στην οδό Τζανακάκη 21, Χανιά ...","""Chania"" ""kids"" ""δωροκάρτα"""
85,vamvakashoes.gr,Αγοράστε μία Δωροεπιταγή - Βαμβακά Shoes & Accessories,https://vamvakashoes.gr/index.php?route,Αγοράστε μία Δωροεπιταγή - Βαμβακά Shoes & Accessories,Αυτή η δωροεπιταγή θα αποσταλεί μέ e-mail στον παραλήπτη αφού ολοκληρωθεί ή πληρωμή σας. ... © 2021 Vamvaka Shoes. All Rights Reserved. Created by CLC Web ...,"site:.gr ""shoes"" ""δωροεπιταγή"""
85,vkathbeauty.com,100 € - VKATHENS,https://vkathbeauty.com/product/gif-card-100-e/,GIFT CARD 100 € - VKATHENS,"GIFT CARD 100 €. 100,00 €. GIFT CARD 100 € ποσότητα. Προσθήκη στο καλάθι ... Η VKATH ATHENS είναι περισσότερα από ένα απλό eShop, είναι ένας προορισμός ...","""Athens"" ""beauty"" ""gift card"""
85,watches.trabakopoulos.gr,Αγοράστε μία Δωροεπιταγή - Trabakopoulos Watches,https://watches.trabakopoulos.gr/index.php?route,Αγοράστε μία Δωροεπιταγή - Trabakopoulos Watches,"Trabakopoulos Watches. 0 προϊόν(τα) - 0,00€ 0. O Λογαριασμός μου ... Αυτή η δωροεπιταγή θα αποσταλεί μέ e-mail στον παραλήπτη αφού ολοκληρωθεί ή πληρωμή σας.","site:.gr ""watches"" ""δωροεπιταγή"""
85,watches24.gr,Αγοράστε μία Δωροεπιταγή,https://www.watches24.gr/index.php?route,Αγοράστε μία Δωροεπιταγή,Αγοράστε μία Δωροεπιταγή. Αυτή η δωροεπιταγή θα αποσταλεί μέ e-mail στον παραλήπτη αφού ολοκληρωθεί ή πληρωμή σας. Όνομα παραλήπτη. E-mail παραλήπτη. Το όνομα ...,"site:.gr ""watches"" ""δωροεπιταγή"""
85,wooden-toys.gr,Αγοράστε μία Δωροεπιταγή - www.Wooden-Toys.gr,https://www.wooden-toys.gr/index.php?route,Αγοράστε μία Δωροεπιταγή - www.Wooden-Toys.gr,"www.Wooden-Toys.gr. 0 προϊόν(τα) - 0,00€ 0. All. All; Ξύλινα ... Αυτή η δωροεπιταγή θα αποσταλεί μέ e-mail στον παραλήπτη αφού ολοκληρωθεί ή πληρωμή σας.","site:.gr ""toys"" ""δωροεπιταγή"""
85,xaliglyfada.gr,A Gift That Lasts a Lifetime - XALIGLYFADA Gift card,https://www.xaliglyfada.gr/journal3/blog/post?journal_blog_post_id=40,A Gift That Lasts a Lifetime - XALIGLYFADA Gift card,"✨ A gift card today, a lifelong treasure tomorrow. Discover the Xali Glyfada Gift Card in-store or online, and give the gift of timeless beauty.","""Glyfada"" ""beauty"" ""gift card"""
85,younails.gr,Αγοράστε μία Δωροεπιταγή,https://www.younails.gr/account/voucher,Αγοράστε μία Δωροεπιταγή,Αγοράστε μία Δωροεπιταγή ... Αυτή η δωροεπιταγή θα αποσταλεί μέ e-mail στον παραλήπτη αφού ολοκληρωθεί ή πληρωμή σας. Όνομα παραλήπτη. E-mail παραλήπτη.,"site:.gr ""nails"" ""δωροεπιταγή"""
85,yourbabystore.gr,Yourbabystore,https://yourbabystore.gr/dorokartes/,Δωροκάρτες,Δωροκάρτες your baby store ... Θέλετε να χαρίσετε ένα δώρο χωρίς να κάνετε λάθος στο νούμερο ή το σχέδιο; Επιλέξτε να προσφέρετε μια δωροκάρτα Η δωροκάρτα σας ...,"site:.gr ""baby"" ""δωροκάρτα"""
85,zipsterbaby.gr,Zipster,https://zipsterbaby.gr/products/%CE%B4%CF%89%CF%81%CE%BF%CE%BA%CE%AC%CF%81%CF%84%CE%B1,Δωροκάρτα - Zipster,"Ψωνίζετε για κάποιον άλλον αλλά δεν ξέρετε τι να του δώσετε; Δώστε το δώρο της επιλογής με μια δωροκάρτα ... Shop our bestselling zip-up baby suits, rompers, and ...","site:.gr ""baby"" ""δωροκάρτα"""
85,zooarea.gr,Αγοράστε μία Δωροεπιταγή - ZooArea Pet Shop Περιστέρι,https://www.zooarea.gr/index.php?route,Αγοράστε μία Δωροεπιταγή - ZooArea Pet Shop Περιστέρι,Core Wellness · Κλινικές Τροφές Σκύλου +. Purina · Animonda Integra Dog · Hills ... Αυτή η δωροεπιταγή θα αποσταλεί μέ e-mail στον παραλήπτη αφού ολοκληρωθεί ή ...,"site:.gr ""wellness"" ""δωροεπιταγή"""
85,zooparadise.gr,Zooparadise,https://zooparadise.gr/product/%CE%B4%CF%89%CF%81%CE%BF%CE%BA%CE%AC%CF%81%CF%84%CE%B1/?srsltid,Δωροκάρτα,Δωροκάρτα ; Pet shop & more. Made with Love for your Pet ; Επικοινωνία. Εξυπηρέτηση e-shop-Τηλ.Παραγγελίες. Δευτέρα έως Παρασκευή (09:00–18:00):. ☎️ 2109241860.,"site:.gr ""pet shop"" ""δωροκάρτα"""
80,5star-travel.gr,5star Travel,https://www.5star-travel.gr/B137AE32.el.aspx,Gift Voucher,"Το 5 STAR TRAVEL GIFT VOUCHER, είναι μια δωροκάρτα μέσα από την οποία έχετε την δυνατότητα να καταθέσετε στο γραφείο μας ένα ποσό (50 ευρώ και άνω) το οποίο ...","site:.gr ""travel"" ""gift voucher"""
80,abajourmonamour.gr,Abajourmonamour,https://www.abajourmonamour.gr/en/product-category/dorokartes/,Gift cards,Kids-Baby · Ceiling light shade for kids · Wall sconce for children's room · Victorian ... Δωροκάρτα Abajourmonamour 40€-Abajourmonamour. Gift Cards. Gift Card ...,"""Chania"" ""kids"" ""δωροκάρτα"""
80,acousticecology.music.uoa.gr,edie parker Gift Card Factory Sale | Bags,https://acousticecology.music.uoa.gr/?a,edie parker Gift Card Factory Sale | Bags,This Item Ships For Free! edie parker Gift Card. Bags / Edie Parker / edie parker Gift Card Factory Sale. 10 More Colors. 4.74.,"site:.gr ""bags"" ""gift card"""
80,aleboutique.gr,Aleboutique.gr,https://aleboutique.gr/%CE%B4%CF%89%CF%81%CE%BF%CE%BA%CE%AC%CF%81%CF%84%CE%B1-aleboutique,Δωροκάρτα - Aleboutique.gr,... BAGS · SHOULDER BAGS · STRAW BAGS · CLUTCH BAGS · PHONE BAGS · BACKPACK · WALLETS · BEACH ... Δωροκάρτα. Στοκ: Διαθέσιμο; Κατασκευαστής: ALE HANDMADE; Κωδικός ...,"site:.gr ""bags"" ""δωροκάρτα"""
80,alhimistisbags.gr,Alhimistis Bags,https://alhimistisbags.gr/product/dwroepitagh-alhimistis-bags/?srsltid,Δωροεπιταγή Alhimistis Bags,"Δωροεπιταγή Alhimistis Bags. 50,00 € ; From: To: ; Θα μας βρείτε. Διεύθυνση καταστήματος: Λεωφ. Ελευθερίου Βενιζέλου 57 (Πανεπιστημίου 57) Τ.Κ. 10564, Αθήνα. E- ...","site:.gr ""bags"" ""δωροεπιταγή"""
80,angelsflowers.gr,Angelsflowers,https://angelsflowers.gr/product/dwrokarta/,Δωροκάρτα,Δωροκάρτα. Πληροφορίες Παράδοσης. Παράδοση παντού στη ... Βρείτε μας στα: Instagram Facebook. © Copyright 2023. All Rights Reserved by Angel's Flowers.,"site:.gr ""flowers"" ""δωροκάρτα"""
80,art-center.com.gr,Art Center,https://www.art-center.com.gr/categories/4565/dora-doroepitages-/,Δωροεπιταγές,Δωροεπιταγές · Προϊόντα · ΕΥΡΟΣ ΤΙΜΗΣ · Δωροεπιταγή 10 euro · Δωροεπιταγή 20 euro · Δωροεπιταγή 30 euro · Δωροεπιταγή 50 euro · Δωροεπιταγή 100 euro · Η εταιρία.,"site:.com.gr ""δωροεπιταγές"""
80,artdeco.com.gr,belleek Belleek e,https://www.artdeco.com.gr/?a,belleek Belleek e-Gift Voucher Sale,Easy Redemption: Redeeming our e-Gift Cards is a breeze. Recipients can simply apply their e-Gift Voucher code during the checkout process. Note: Belleek e-Gift ...,"site:.com.gr ""gift voucher"""
80,athani.gr,Αθανη Spa 'n' Sauna Gift Card (Δωροκαρτα),https://www.athani.gr/%CE%B4%CF%89%CF%81%CE%BF%CE%BA%CE%B1%CF%81%CF%84%CE%B1/,Αθανη Spa 'n' Sauna Gift Card (Δωροκαρτα),"Αθανη Spa 'n' Sauna Gift Card (Δωροκαρτα). Ενα ξεχωριστο δωρο ... Κάθε δωροκάρτα έχει ημερομηνία λήξεως, 1 έτος μέτα την ημερομηνία έκδοσης της.","site:.gr ""spa"" ""δωροκάρτα"""
80,badu.gr,1-5 τμχ Δωροκάρτες Προσκλητήριο γάμου Starry Sky Dried ...,https://badu.gr/1-5-%CF%84%CE%BC%CF%87-%CE%B4%CF%89%CF%81%CE%BF%CE%BA%CE%AC%CF%81%CF%84%CE%B5%CF%82-%CF%80%CF%81%CE%BF%CF%83%CE%BA%CE%BB%CE%B7%CF%84%CE%AE%CF%81%CE%B9%CE%BF-%CE%B3%CE%AC%CE%BC%CE%BF%CF%85-starry-sky-dried-flowers-%CF%87%CE%B5%CE%B9%CF%81%CF%8C%CE%B3%CF%81%CE%B1%CF%86%CE%B7-%CE%B5%CF%85%CE%BB%CE%BF%CE%B3%CE%AF%CE%B1-%CE%B3%CE%B5%CE%BD%CE%AD%CE%B8%CE%BB%CE%B9%CE%B1-%CE%B5%CF%85%CF%87%CE%B1%CF%81%CE%B9%CF%83%CF%84%CF%8E-%CE%B4%CF%89%CF%81%CE%BF%CE%BA%CE%AC%CF%81%CF%84%CE%B1-%CE%B3%CE%B9%CE%B1-%CF%84%CE%B7-%CE%B3%CE%B9%CE%BF%CF%81%CF%84%CE%AE-%CF%84%CE%B7%CF%82-%CE%BC%CE%B7%CF%84%CE%AD%CF%81%CE%B1%CF%82-p-542016.html,1-5 τμχ Δωροκάρτες Προσκλητήριο γάμου Starry Sky Dried ...,1-5 τμχ Δωροκάρτες Προσκλητήριο γάμου Starry Sky Dried Flowers Χειρόγραφη Ευλογία Γενέθλια Ευχαριστώ Δωροκάρτα για τη γιορτή της μητέραςσε τιμή των 5.8 €.,"site:.gr ""flowers"" ""δωροκάρτα"""
80,balabim.gr,30 Ευρώ,https://www.balabim.gr/dhoroepitayi-30-evro/?srsltid,Δωροεπιταγή 30 Ευρώ,"Η δωροεπιταγή δε γίνεται να εξαργυρωθεί σε μετρητά. Σε περίπτωση επιστροφής αγαθών που έχουν πληρωθεί με δωροεπιταγή, ο πελάτης θα λάβει επιστροφή ποσού με τη ...","site:.gr ""δωροεπιταγή"""
80,baladeur.gr,Τί είναι η δωροεπιταγή;,https://www.baladeur.gr/ti-einai-dwroepitagi-baladeur.aspx,Τί είναι η δωροεπιταγή;,"Η δωροεπιταγή είναι Πιστωτικό μέσο προκαθορισμένης αξίας, εξαργυρώσιμο αποκλειστικά σε Voucher Εμπειρίας. Χαρίστε μία δωροεπιταγή Baladeur σε συσκευασία ...","site:.gr ""δωροεπιταγή"""
80,banks.com.gr,(Fake) διαγωνισμός «υπόσχεται» δωροεπιταγές,https://banks.com.gr/fake-diagonismos-yposchetai-doroepitages/,(Fake) διαγωνισμός «υπόσχεται» δωροεπιταγές,"Καμία σχέση με τον ψευδή (fake) διαγωνισμό που κυκλοφόρησε χθες στο διαδίκτυο και «υπόσχεται» δωροεπιταγές ύψους 800 ευρώ, ...","site:.com.gr ""δωροεπιταγές"""
80,beautyqueens.gr,Beauty Queens,https://www.beautyqueens.gr/%CE%B4%CF%89%CF%81%CE%BF%CE%BA%CE%AC%CF%81%CF%84%CE%B1/,Δωροκάρτα - Beauty Queens,Δωροκάρτα Η δωροκάρτα μας είναι η ιδανική επιλογή για να κάνετε δώρο ... © 2013 - 2026 • Beauty Queens • All Rights Reserved. Page load ...,"site:.gr ""beauty"" ""δωροκάρτα"""
80,bestofdeals.gr,bestofdeals.gr - Κουπόνια,https://bestofdeals.gr/,bestofdeals.gr - Κουπόνια | Δωροεπιταγές,... NAILS · ΚΟΜΜΩΤΗΡΙΑ · ΠΡΟΣΩΠΟ · ΒΛΕΦΑΡΙΔΕΣ – ΦΡΥΔΙΑ · SOLARIUM · ΣΩΜΑ · ΔΙΑΙΤΑ ... Δωροεπιταγή για να πληρώσετε στην επιχείρηση μόνο 675€ με τη Δωροεπιταγή του ...,"site:.gr ""nails"" ""δωροεπιταγή"""
80,bestwestern.gr,Best Western Gift Card,https://www.bestwestern.gr/travel-card,Best Western Gift Card,Χαρίστε το δώρο του ταξιδιού με μια δωροκάρτα που ισχύει σε οποιοδήποτε ξενοδοχείο Best Western παγκοσμίως. ... You must be logged in to save a hotel or location.,"site:.gr ""hotel"" ""δωροκάρτα"""
80,blacklotusmassage.gr,Black Lotus Massage Δωροκάρτα 30 Ευρώ,https://blacklotusmassage.gr/product/%CE%B4%CF%89%CF%81%CE%BF%CE%BA%CE%AC%CF%81%CF%84%CE%B1-40-%CE%B5%CF%85%CF%81%CF%8E/,Black Lotus Massage Δωροκάρτα 30 Ευρώ,"Μασάζ στην Γλυφάδα Massage Glyfada Επαγγελματικό Χαλαρωτικό Μασάζ Το καλύτερο Massage Γλυφάδα Γλυφάδα. ... Δωροκάρτα 50 Ευρώ. 50,00 €. Από. Μήνυμα δώρου. Black ...","site:.gr ""massage"" ""δωροκάρτα"""
80,blog.enafood.gr,και Κουπόνι Προσφοράς Archives - ENABLOG,https://blog.enafood.gr/tag/%CE%B4%CF%89%CF%81%CE%BF%CE%BA%CE%AC%CF%81%CF%84%CE%B1-%CE%BA%CE%B1%CE%B9-%CE%BA%CE%BF%CF%85%CF%80%CF%8C%CE%BD%CE%B9-%CF%80%CF%81%CE%BF%CF%83%CF%86%CE%BF%CF%81%CE%AC%CF%82/,Δωροκάρτα και Κουπόνι Προσφοράς Archives - ENABLOG,Δωροκάρτα και Κουπόνι Προσφοράς · Επιχειρήσεις εστίασης: 4 συμβουλές για αποδοτική διαχείριση του Facebook · Χρειάζεστε Βοήθεια; · Σχετικά με την ...,"site:.gr ""food"" ""δωροκάρτα"""
80,borsanuova.gr,Borsanuova,https://borsanuova.gr/product-category/dorokartes/,Δωροκάρτες,Δωροκάρτα Borsanuova 100€ | Borsa Nuova | Δωροκάρτες | Borsa Nuova ... Έλεγξε και τα ανεπιθύμητα αν δεν το βρεις. Borsa Nuova Leather · Bags · Travel. Η ...,"site:.gr ""bags"" ""δωροκάρτα"""
80,botilia.gr,€100,https://www.botilia.gr/en/p/gifts/Botilia-gift-cart-100?srsltid,Gift Card €100,Gift Card €100. The best way to gift wine. At your doorstep in 1 - 3 days.,"site:.gr ""wine"" ""gift card"""
80,cafemanteio.gr,Cafe Manteio - Ψυχικοί Σύμβουλοι,https://cafemanteio.gr/product/%CE%B4%CF%89%CF%81%CE%BF%CE%BA%CE%AC%CF%81%CF%84%CE%B1/,Δωροκάρτα - Cafe Manteio - Ψυχικοί Σύμβουλοι,Cafe Manteio – Ψυχικοί Σύμβουλοι. Προηγούνται τα ... Αρχική σελίδα / Χωρίς κατηγορία / Δωροκάρτα.,"site:.gr ""cafe"" ""δωροκάρτα"""
80,calza.gr,Calza,https://www.calza.gr/proion/dorokarta/,Δωροκάρτα - Calza,Kids · Αθλητικές · Αστραγάλου · Μεσαίου Μεγέθους · Packs · GREEKSTEPS · Gift Card ... #ilovesocks #calza ##socks #jimmylionsocks #thessaloniki. ##ilovesocks # ...,"""Thessaloniki"" ""kids"" ""δωροκάρτα"""
80,cordella.gr,Χρησιμοποιήστε τη Δωροκάρτα σας,https://www.cordella.gr/dorokartes/exargirosi,Χρησιμοποιήστε τη Δωροκάρτα σας,Έχετε λάβει μια Δωροκάρτα Cordella; Δείτε πώς μπορείτε να τη χρησιμοποιήσετε και να αποκτήσετε ακριβώς αυτό που θέλετε — εύκολα και σε λίγα βήματα.,"site:.gr ""food"" ""δωροκάρτα"""
80,corfuland.gr,Κερδίστε δωροεπιταγή αξίας 100€ από τα Οπτικά Μαριλένα ...,https://www.corfuland.gr/el/diagonismoi/kerkyra/diagonismoi/kerdiste-doroepitagi-aksias-100-apo-ta-optika-marilena-chondrogianni.html,Κερδίστε δωροεπιταγή αξίας 100€ από τα Οπτικά Μαριλένα ...,Κερδίστε δωροεπιταγή αξίας 100€ από τα Οπτικά Μαριλένα Χονδρογιάννη ... Optics · eos-villas · Metallinos 07062018. Previous Next Play Pause ...,"site:.gr ""optics"" ""δωροεπιταγή"""
80,cretalive.gr,It's a perfect Easter gift για το βαφτιστήρι σου!,https://www.cretalive.gr/kriti/dorokarta-its-perfect-easter-gift-gia-baftistiri-soy-0,Δωροκάρτα: It's a perfect Easter gift για το βαφτιστήρι σου!,Η βαφτιστήρα σου μεγαλώνει και μαζί της μεγαλώνει και το στυλ της και η δωροκάρτα μετατρέπεται σε fashion statement. ... Best of Crete. Ι ...,"""Crete"" ""fashion"" ""δωροκάρτα"""
80,decomagia.gr,Decomagia,https://www.decomagia.gr/product/%CE%B4%CF%89%CF%81%CE%BF%CE%B5%CF%80%CE%B9%CF%84%CE%B1%CE%B3%CE%AE/?srsltid,Δωροεπιταγή,"INKA SILK VIVA DECOR 62,5ML · PERLEN PEN 25ML VIVA DECOR · ΑΚΡΥΛΙΚΑ ΧΡΩΜΑΤΑ ... Δωροεπιταγή. Κωδικός προϊόντος: 245253. Κωδικός Κατασκευαστή: gft1. BOX NOW ...","site:.gr ""decor"" ""δωροεπιταγή"""
80,deejay.gr,DeeJay Giveaway: Kέρδισε δωροεπιταγή αξίας 100 ευρώ ...,https://www.deejay.gr/2025/10/23/deejay-giveaway-kerdise-doroepitagi-axias-100-evro-apo-to-katastima-badoo-luxury-clothing/,DeeJay Giveaway: Kέρδισε δωροεπιταγή αξίας 100 ευρώ ...,O 95.7 Larissa DeeJay και η Badoo Luxury Clothing χαρίζουν σε μια τυχερή/ό μια δωροεπιταγή αξίας 100 ευρώ ! Βρείτε τον διαγωνισμό μας στη ...,"site:.gr ""clothing"" ""δωροεπιταγή"""
80,district75.gr,Χάρισε μια Δωροκάρτα - District75,https://www.district75.gr/doro-karta,Χάρισε μια Δωροκάρτα - District75,e-Gift Card · All For You. Επιστροφές. Χάρισε μια Δωροκάρτα ... Η Δωροκάρτα εξαργυρώνεται στο district75.gr & σε όλα τα φυσικά καταστήματα ZAKCRET Sports.,"site:.gr ""sports"" ""gift card"""
80,eastatticacruises.com,Com,https://www.eastatticacruises.com/%CE%B4%CF%89%CF%81%CE%BF%CE%BA%CE%AC%CF%81%CF%84%CE%B1/,Δωροκάρτα,Δωροκάρτα. Χάρισε μια κρουαζιέρα ... east_attica_cruises. Daily cruises from Porto Rafti (Close to Athens and ✈️) Tickets: 42€ per person | Kids' discounts,"""Athens"" ""kids"" ""δωροκάρτα"""
80,eboxing.gr,eboxing,https://www.eboxing.gr/%CF%80%CF%81%CE%BF%CF%8A%CF%8C%CE%BD%CF%84%CE%B1/gift/,Δωροκάρτα eboxing,"... Δωροκάρτα eboxing. / Προϊόν.. Δωροκάρτα eboxing. 10,00 € - 500,00 €. Σε ... fitness, ακόμη και όργανα γυμναστικής. Εύκολα Βήματα για να χαρίσεις eGift ...","site:.gr ""fitness"" ""δωροκάρτα"""
80,elefsinahotel.gr,Ξενοδοχείο Ελευσίνα | Κάρτα δώρου,https://www.elefsinahotel.gr/el/karta-dorou.html,Ξενοδοχείο Ελευσίνα | Κάρτα δώρου,"Δωροεπιταγή Elefsina Hotel. Ένα δώρο πρακτικό, εύκολο και ευέλικτο! Δώστε ελευθερία επιλογών στους εορτάζοντες, να διαλέξουν το αγαπημένο τους προϊόν ή ...","site:.gr ""hotel"" ""δωροεπιταγή"""
80,en.lesmaisonsdecampagne.com,Com,https://en.lesmaisonsdecampagne.com/bons-cadeaux,Gift vouchers,"... Spa treatments). All meals (dinner on the day of arrival, breakfast and ... gift voucher. 90-minute massage: €150 gift voucher ‍. All our gift vouchers ...","""Kos"" ""spa"" ""gift voucher"""
80,energiers.gr,Energiers,https://energiers.gr/index.php?route,Δωροκάρτες,Δωροκάρτες Energiers. Πόσες φορές δεν αναρωτηθήκατε εάν επιλέξατε το σωστό μέγεθος ή στυλ ρούχου που ταιριάζει στον μικρό σας παραλήπτη; Μην προβληματίζεστε ...,"site:.gr ""δωροκάρτες"""
80,eroscandles.gr,Έρως Candles,https://eroscandles.gr/product/dorokarta/,Δωροκάρτα - Έρως Candles,Κωδικός προϊόντος: Μ/Δ Κατηγορία: Gift Card. Περιγραφή; Αξιολογήσεις (0). Το τέλειο δώρο για τους ... Home Decor Toggle child menu. Αρωματιστές · Gift Card.,"site:.gr ""decor"" ""gift card"""
80,etheras-toys.gr,Etheras,https://etheras-toys.gr/product/%CE%B4%CF%89%CF%81%CE%BF%CE%BA%CE%AC%CF%81%CF%84%CE%B1-etheras/?srsltid=AfmBOoql00OGH7cZaSMC_H0rBs2vHxsG-eGAbIfgcMCCPA902H5n-rGR,Δωροκάρτα Etheras,"Etheras Toys > Προϊόντα > Δωροκάρτα Etheras.. Δωροκάρτα Etheras. 15,00 € – 150,00 € Price range: 15,00 € through 150,00 €. Ποσό.","site:.gr ""toys"" ""δωροκάρτα"""
80,fortyboutique.gr,F.O.R.T.Y. Boutique Gift Card - The Perfect Gift for Every Occasion,https://www.fortyboutique.gr/en/products/%CE%B4%CF%89%CF%81%CE%BF%CE%BA%CE%AC%CF%81%CF%84%CE%B1-f-o-r-t-y-boutique?srsltid,F.O.R.T.Y. Boutique Gift Card - The Perfect Gift for Every Occasion,Clothing · T-shirts & Tops · Shirts · Knitwear ... Δωροκάρτα F.O.R.T.Y. Boutique - Final. Close. Δωροκάρτα F.O.R.T.Y. Boutique - Final. F.O.R.T.Y. Boutique Gift ...,"site:.gr ""clothing"" ""δωροκάρτα"""
80,fotoklubben.no,Employees Premium Corporate Gift Cards For ...,https://fotoklubben.no/?q=41930338021150,Gift Voucher Employees Premium Corporate Gift Cards For ...,Gift Voucher Employees Premium Corporate Gift Cards For Clients Employees In Singapore. ... Fine Jewelry · Fashion Jewelry · Women's Clothing · Accessories · High ...,"""Athens"" ""jewelry"" ""gift voucher"""
80,galanthus-cosmetics.gr,Galanthus Cosmetics,https://galanthus-cosmetics.gr/product/dorokarta/?srsltid,Δωροκάρτα,Δωροκάρτα. ... © Galanthus Cosmetics. All Rights Reserved. Όροι Χρήσης και Πολιτική Απορρήτου. toggle icon. gr en de es fr it pl se fi pt ro si sk nl dk cz hu ...,"site:.gr ""cosmetics"" ""δωροκάρτα"""
80,gatos-shoes.gr,75€ d75,https://gatos-shoes.gr/product/dorokarta-75e/,Δωροκάρτα 75€ d75,"Δωροκάρτα 75€ d75. 75,00 €. Από: Προς: Δωροκαρτα 75 ... info@gatos-shoes.gr. Καταστημα. K. Χιωτάκη 7 & Στρ. Τζανακάκη 11, Χανιά 731 34 ...","site:.gr ""shoes"" ""δωροκάρτα"""
80,geliajewelry.gr,Gelia Jewelry & Creations,https://geliajewelry.gr/products/dorokarta,Δωροκάρτα - Gelia Jewelry & Creations,"Άνοιγμα μέσου 6 στο βοηθητικό παράθυρο. 1 / από 1. Gelia Jewelry & Creations. Δωροκάρτα. Δωροκάρτα. Κανονική τιμή €20,00 EUR. Κανονική τιμή Τιμή έκπτωσης €20,00 ...","site:.gr ""jewelry"" ""δωροκάρτα"""
80,giftingowl.com,1-Hour Aroma Oil Massage Gift Voucher,https://giftingowl.com/gr/athens/1-hour-aroma-oil-massage-plus-20-minute-free-fish-pedi/?srsltid=AfmBOooegjFzxVdtzpD_OPt0gbBK4ROvH71MUC9bhtTCHYMAmv5XgqaR,1-Hour Aroma Oil Massage Gift Voucher,"Gift the 1-Hour Aroma Oil Massage plus 20-Minute Free Fish Pedi in Athens, Greece. A relaxing treat to give. Sent instantly as a flexible gift voucher.","""Athens"" ""spa"" ""gift voucher"""
80,giftspot.gr,Giftspot,https://giftspot.gr/gallery/botrinis-en.html,Gift Cards - Giftspot,Offer an experience ... Chef Table + Wine pairing premium International. 890 €. Chef Table + Wine pairing premium International890 €. Offer a gift card ...,"site:.gr ""experience"" ""gift card"""
80,happydonkey.gr,Happydonkey,https://happydonkey.gr/products/%CE%B4%CF%89%CF%81%CE%BF%CE%BA%CE%AC%CF%81%CF%84%CE%B1?srsltid,Δωροκάρτα,"Αρχική / Προιόντα / Δωροκάρτα. Δωροκάρτα · Happy Donkey Crafts and Gifts. Δωροκάρτα. €10,00 €10,00. Ποσό Δωροκάρτας: €10.00. €10.00, €15.00, €20.00, €25.00, € ...","site:.gr ""gifts"" ""δωροκάρτα"""
80,hariscotton.com,Com,https://hariscotton.com/linen-clothes-linen-dresses-10?srsltid=AfmBOoooG8wUxBcHMklcCIcWKx5VTVrvvpLI-nZd9bS74MioV2aHCCaU,Gift Cards,"Haris Cotton gift card, fashion gift card, digital gift card ... gift card, email gift card, stylish gift card. ... Athens, Greece. G.E.M.I. 87631702000. Tel: +30 ...","""Athens"" ""fashion"" ""gift card"""
80,hellokids.gr,Ηλεκτρονική Δωροκάρτα – HelloKids.gr,https://www.hellokids.gr/products/%CE%B7%CE%BB%CE%B5%CE%BA%CF%84%CF%81%CE%BF%CE%BD%CE%B9%CE%BA%CE%AE-%CE%B4%CF%89%CF%81%CE%BF%CE%BA%CE%AC%CF%81%CF%84%CE%B1?srsltid,Ηλεκτρονική Δωροκάρτα – HelloKids.gr,"Με τη δωροκάρτα hello kids, ο κάτοχος μπορεί να κάνει αγορές και να επιλέξει ανάμεσα σε 3.000 παιχνίδια, κατασκευές, παζλ, stencil, μωσαϊκά, επιτραπέζια, είδη ...","site:.gr ""kids"" ""δωροκάρτα"""
80,homebynature.gr,HOME MADE,https://homebynature.gr/katastima/dorokarta-home-made/,Δωροκάρτα HOME MADE,Δωροκάρτα HOME MADE ... Χαρίστε στους αγαπημένους σας την δυνατότητα να γευτούν αλμυρές αλλά και γλυκές εμπειρίες προϊόντων φτιαγμένων με μεράκι από 100% ...,"site:.gr ""home"" ""δωροκάρτα"""
80,hunting.com.gr,Κυνήγι - Outdoor,https://www.hunting.com.gr/index.php?route,Δωροεπιταγή | Κυνήγι - Outdoor,Αρχική · Δωροεπιταγή. Δωροεπιταγή. Δωροεπιταγή. Δείτε το κατάστημα μας : Λογαριασμός. O Λογαριασμός μου · Ιστορικό Παραγγελιών · Λίστα Επιθυμιών (0) ...,"site:.com.gr ""δωροεπιταγή"""
80,ioannasnotebook.gr,3+1 Λόγοι που μια δωροκάρτα είναι το καλύτερο δώρο για ...,https://www.ioannasnotebook.gr/31-logoi-poy-mia-dorokarta-einai-to-kaly/,3+1 Λόγοι που μια δωροκάρτα είναι το καλύτερο δώρο για ...,"Χαρίζοντας μια δωροκάρτα, δίνεται στους αγαπημένους σας αυτό που πραγματικά θέλουν αλλά και την ευκαιρία ... Δώρα/GiftsΧριστούγεννα/Christmas.","site:.gr ""gifts"" ""δωροκάρτα"""
80,joykidsboutique.gr,Joykidsboutique,https://joykidsboutique.gr/?post_type,Δωροκάρτα,Δωρίστε μια Δωροκάρτα στους αγαπημένους σας και αφήστε τους να διαλέξουν το δώρο τους. Δωροκάρτα ... Copyright © 2026 Joy Kids Boutique. Powered by MK.,"site:.gr ""kids"" ""δωροκάρτα"""
80,joystick.com.gr,Η Valve καταργεί της φυσικές Steam δωροκάρτες - Joystick,https://joystick.com.gr/i-valve-katargei-tis-fysikes-steam-dorokartes/,Η Valve καταργεί της φυσικές Steam δωροκάρτες - Joystick,"Οι φυσικές δωροκάρτες είχαν μετατραπεί το τελευταίο διάστημα σε βασικό εργαλείο για διάφορες διαδικτυακές απάτες, όπου οι θύτες ...","site:.com.gr ""δωροκάρτες"""
80,jstor.org,On the Effect of Gift Vouchers Versus Direct ...,https://www.jstor.org/stable/26967334,On the Effect of Gift Vouchers Versus Direct ...,"από Y Ding · 2020 · Γίνεται αναφορά σε 46 — Because the number of cakes sold is a dis- crete nonnegative count and the data were quite dispersed, we ... a gift voucher for making the purchase. Participants ...","""Crete"" ""jewelry"" ""gift voucher"""
80,kiss929.gr,Διεκδικήστε μία δωροεπιταγή αξίας 500 ευρώ από τη ...,https://www.kiss929.gr/article/arheio/8608/diekdikiste-mia-doroepitagi-axias-500-eyro-apo-ti-gotsopoulos-home,Διεκδικήστε μία δωροεπιταγή αξίας 500 ευρώ από τη ...,Διεκδικήστε μία δωροεπιταγή αξίας 500€ από τη Gotsopoulos Home! Μεγάλες ΧΕΙΜΕΡΙΝΕΣ εκπτώσεις στα έπιπλα GOTSOPOULOS HOME.,"site:.gr ""home"" ""δωροεπιταγή"""
80,kivotosoniron.gr,Kivotos Oniron | ideas for kids,https://www.kivotosoniron.gr/product/%CE%B4%CF%89%CF%81%CE%BF%CE%BA%CE%AC%CF%81%CF%84%CE%B1/,Δωροκάρτα - Kivotos Oniron | ideas for kids,"Δωροκάρτα ; Price range · €10,00 through €200,00 ; Κωδικός προϊόντος: Μ/Δ ; Κατηγορία: ΔΩΡΟΚΑΡΤΑ ; Newsletter. Εγγραφή στο ενημερωτικό δελτίο ; KIVOTOSONIRON 2025 ...","site:.gr ""kids"" ""δωροκάρτα"""
80,lavaron.com.gr,300 ευρώ σε Δωροεπιταγές για τις ανάγκες Συνανθρώπων μας ...,https://lavaron.com.gr/300-eyro-se-doroepitages-gia-tis-anagkes-synanthropon-mas-dorizei-akoma-mia-fora-i-syntaktiki-omada-toy-praktoreioy-ekklisiastikis-leitoyrgikis-politistikis-enimerosis-lavaron-com-gr/,300 ευρώ σε Δωροεπιταγές για τις ανάγκες Συνανθρώπων μας ...,300 ευρώ σε Δωροεπιταγές για τις ανάγκες Συνανθρώπων μας δωρίζει ακόμα μια φορά η Συντακτική ομάδα του Πρακτορείου Εκκλησιαστικής ...,"site:.com.gr ""δωροεπιταγές"""
80,lemontreekids.gr,LemonTreeKids - Χάρισε Αγάπη!,https://lemontreekids.gr/dorokarta/?srsltid,Δωροκάρτα LemonTreeKids - Χάρισε Αγάπη!,"Lemon Tree Kids. Search. 0. Cart. Δωροκάρτα ... Εξαργύρωσε μια δωροκάρτα Για να εξαργυρώσεις τη δωροκάρτα, απλώς ...","site:.gr ""kids"" ""δωροκάρτα"""
80,linguee.gr,Ελληνική μετάφραση,https://www.linguee.gr/%CE%B1%CE%B3%CE%B3%CE%BB%CE%B9%CE%BA%CE%AC-%CE%B5%CE%BB%CE%BB%CE%B7%CE%BD%CE%B9%CE%BA%CE%AC/%CE%BC%CE%B5%CF%84%CE%AC%CF%86%CF%81%CE%B1%CF%83%CE%B7/gift+voucher.html,gift voucher - Ελληνική μετάφραση,Πολλές ενδεικτικές μεταφρασμένες προτάσεις που περιέχουν «gift voucher» – Ελληνο-Αγγλικό λεξικό και μηχανή αναζήτησης για ελληνικές μεταφράσεις.,"site:.gr ""gift voucher"""
80,lumina.gr,LUMINA - Κέντρο Αισθητικής - Ηράκλειο,https://lumina.gr/product/dorokarta/?srsltid,Δωροκάρτα - LUMINA - Κέντρο Αισθητικής - Ηράκλειο,"Δωροκάρτα. Αρχική · Προϊόντα; Δωροκάρτα. Gift ... Skincare. Εάν πάλι θέλεις να τη δώσεις εσύ, εμείς θα την ετοιμάσουμε και ...","site:.gr ""skincare"" ""δωροκάρτα"""
80,m.m.yelp.com,"TOP 10 BEST Gift Cards near Crete, NE - Updated 2026",https://m.m.yelp.com/search?find_desc=Gift+Cards&find_loc=Crete%2C+NE,"TOP 10 BEST Gift Cards near Crete, NE - Updated 2026","Sephora inspires clients to explore beauty and build the world's most loved beauty community. ... Ask Crete locals ... gift card. However, it did not. It charged my ...","""Crete"" ""beauty"" ""gift card"""
80,m2social.gr,"με Χρυσοτυπία | Zoe Nails & Beauty, Χανιά",https://www.m2social.gr/portfolio-item/%CE%B5%CF%80%CE%B1%CE%B3%CE%B3%CE%B5%CE%BB%CE%BC%CE%B1%CF%84%CE%B9%CE%BA%CE%AD%CF%82-%CE%BA%CE%AC%CF%81%CF%84%CE%B5%CF%82-%CE%BC%CE%B5-%CF%87%CF%81%CF%85%CF%83%CE%BF%CF%84%CF%85%CF%80%CE%AF%CE%B1/,"Δωροκάρτες με Χρυσοτυπία | Zoe Nails & Beauty, Χανιά","Contact us! Category: Μ2 Social Projects. Date: August 16, 2022. Tags: Business Tips Chania Creative Gift Card · facebook; twitter; linkedin.","""Chania"" ""beauty"" ""gift card"""
80,mail.anouar.gr,Μασάζ,https://mail.anouar.gr/doro-masaz/,Δωροκάρτα Μασάζ,Δωροκάρτα Μασάζ - Χαρίστε Μοναδικές Στιγμές Χαλάρωσης ... δωροκάρτα για επαγγελματικό μασάζ που θα τους χαρίσει βαθιά αναζωογόνηση και ανακούφιση ... wellness. Η ...,"site:.gr ""wellness"" ""δωροκάρτα"""
80,makemeup.gr,MakeMeUp e,https://www.makemeup.gr/index.php?route,MakeMeUp e-gift card,"MakeMeUp e-gift card. Αυτή η δωροεπιταγή θα αποσταλεί μέ e-mail στον ... SKINCARE · 2310226216 · info@makemeup.gr · Τσιμισκή 130, 54621. Θεσσαλονίκη, Ελλάδα.","site:.gr ""skincare"" ""gift card"""
80,melody-spa.gr,MELODY-SPA,https://melody-spa.gr/voucher/,GIFT VOUCHER - MELODY-SPA,"Discover the ultimate in relaxation and rejuvenation at Melody Spa in Greece ... GIFT VOUCHER. Dear guest, We are pleased to ... Spa for Children (chocolate- ...","site:.gr ""spa"" ""gift voucher"""
80,monopoli.gr,WABI Beauty Giveaway: Κερδίστε δωροεπιταγές των 100€!,https://www.monopoli.gr/diagonismos/wabi-beauty-giveaway-kerdiste-doroepitages-ton-100e/,WABI Beauty Giveaway: Κερδίστε δωροεπιταγές των 100€!,"Από best-sellers που αγαπήθηκαν μέχρι τις πιο καινοτόμες σειρές της εταιρείας, η δωροεπιταγή σάς δίνει την ευκαιρία να δημιουργήσετε τη δική σας WABI beauty ...","site:.gr ""beauty"" ""δωροεπιταγή"""
80,mrandmrsspa.gr,Το απόλυτο δώρο στον απόλυτο προορισμό ...,https://mrandmrsspa.gr/dorokarta-mrandmrsspa/,Δωροκάρτα: Το απόλυτο δώρο στον απόλυτο προορισμό ...,"Το mr & mrs spa προτείνει για σένα τη δωροκάρτα, ένα εκπληκτικό δώρο ομορφιάς και ευεξίας για τα αγαπημένα σου πρόσωπα ... Mr & Mrs Spa | Wellness Club | Χαλκίδα.","site:.gr ""wellness"" ""δωροκάρτα"""
80,myikona.gr,", Δωροκάρτες & Gift Card",https://www.myikona.gr/proionta/deal-doroepitages-myikona/,"Δωροεπιταγές, Δωροκάρτες & Gift Card","Δωροκάρτες & δωροεπιταγές για κάθε περίσταση. Χαρίστε επιλογή με gift cards, κουπόνια δώρου & εκπτωτικές κάρτες από το myikona.gr. Άμεση αποστολή!","site:.gr ""δωροεπιταγές"""
80,mylefkada.gr,Η Δωροεπιταγή του Τηλυκράτη,https://www.mylefkada.gr/eidhseis/74627-74627/,Η Δωροεπιταγή του Τηλυκράτη,Η Δωροεπιταγή του Τηλυκράτη. My Lefkada Team by My Lefkada Team ... Σε συνεργασία με το Oikos Decor center. Related posts ...,"site:.gr ""decor"" ""δωροεπιταγή"""
80,naninails.gr,αξίας 20 EUR - NaniNails.gr,https://www.naninails.gr/dorokarta-axias-20-eur/?srsltid,Δωροκάρτα αξίας 20 EUR - NaniNails.gr,"Προσφέρουμε δωροκάρτες αξίας 10, 20 και 40 €. Εάν παραγγείλετε τη δωροκάρτα ξεχωριστά, υπάρχει η δυνατότητα να σας αποσταλεί ηλεκτρονικά μέσω e-mail. Η ...","site:.gr ""nails"" ""δωροκάρτα"""
80,nurnco.gr,Nur and Co,https://nurnco.gr/products/dorokartes?srsltid,Δωροκάρτες - Nur and Co,"Δωροκάρτες. 1/5. Κλείσιμο ... Δωροκάρτες. €10,00. Τιμή έκπτωσης €10,00 Κανονική τιμή. Ονομαστικές αξίες. 10,00 ...","site:.gr ""δωροκάρτες"""
80,olia.com.gr,Olia,https://www.olia.com.gr/product/dorokarta/,Δωροκάρτα,"Αρχική σελίδα Δωροκάρτα Δωροκάρτα. Ζουμ. Δωροκάρτα. €30,00 – €150,00.","site:.com.gr ""δωροκάρτα"""
80,one4all.com,Beach Breaks by Inspire - Accepts One4all Gift Cards,https://www.one4all.com/beach-breaks-by-inspire.html,Beach Breaks by Inspire - Accepts One4all Gift Cards,This website is operated by The Gift Voucher ... *Excluding the Restaurant Favourites and Foodie Favourites Gift Cards which are managed by GVS Prepaid Limited.,"""Corfu"" ""restaurant"" ""gift voucher"""
80,opticagaina.gr,Οπτικά Γεωργία Γκαϊνά. Δωροκάρτα 150€ - G. Gaina Optics,https://www.opticagaina.gr/%CE%B4%CF%89%CF%81%CE%BF%CE%BA%CE%AC%CF%81%CF%84%CE%B1-150,Οπτικά Γεωργία Γκαϊνά. Δωροκάρτα 150€ - G. Gaina Optics,Δωροκάρτα 150 ... Gaina Optics. All rights reserved. Powered by nopCommerce.,"site:.gr ""optics"" ""δωροκάρτα"""
80,outdoorway.gr,Outdoorway 10 Ευρώ,https://www.outdoorway.gr/product/15647/doroepitagi-Outdoorway-10-eyro,Δωροεπιταγή Outdoorway 10 Ευρώ,Αναζήτηση προϊόντων! Όροι Δραστηριοτήτων · Δωροεπιταγές · Δωροεπιταγές. Outdoorway. Δωροεπιταγή Outdoorway 10 Ευρώ. 3-00007 ...,"site:.gr ""outdoor"" ""δωροεπιταγή"""
80,pennie.gr,25,https://pennie.gr/%CE%94%CF%89%CF%81%CE%BF%CE%BA%CE%AC%CF%81%CF%84%CE%B1-25%E2%82%AC?srsltid,Δωροκάρτα 25,"Hotel, Spa & Yacht · Υπνοδωμάτιο · Σεντόνια - Hospitality · Παπλωματοθήκες ... Δωροκάρτα 25€. 1; 2. Δωροκαρτα 25€. 25.00 €. Κωδ.: 990000-02. Δωρεάν ...","site:.gr ""hotel"" ""δωροκάρτα"""
80,piraeusbank.gr,€1000 Gift Voucher for Linens with COCO-MAT Sleep System,https://www.piraeusbank.gr/en/individuals/personal-banking/exclusive-benefits/coco-mat-sleep-system-voucher,€1000 Gift Voucher for Linens with COCO-MAT Sleep System,"Exclusive offer for Personal Banking customers who are members of Yellow, €1000 gift voucher for bed linen with every complete sleep COCO-MAT system ... Outdoor ...","site:.gr ""outdoor"" ""gift voucher"""
80,princess.com.gr,Princess,https://princess.com.gr/product-category/%CE%B4%CF%89%CF%81%CE%BF%CE%BA%CE%AC%CF%81%CF%84%CE%B5%CF%82/?srsltid,Δωροκάρτες - Princess,"Δωροκάρτες. 1 προϊόν. Ανά σελίδα. 24, 32, 64. Φίλτρα & Ταξινόμηση. Μέγεθος. Φίλτρα ... Δωροκάρτες · Εταιρεία. Χρήσιμες Πληροφορίες. Όροι Χρήσης · Τρόποι πληρωμής ...","site:.com.gr ""δωροκάρτες"""
80,pureandcure.com,Minos Palace Resort Crete | FREE €50 Spa Gift Voucher,https://pureandcure.com/hotel/485/minos-palace-resort,Minos Palace Resort Crete | FREE €50 Spa Gift Voucher,Adults-only resort on Crete with a private Blue Flag beach and the NAO Longevity Hub. Lowest prices. Bonus on booking: free €50 spa gift voucher per person.,"""Crete"" ""spa"" ""gift voucher"""
80,roomcard.com,for Grand Hyatt Athens,https://roomcard.com/hotel/grand-hyatt-athens/30458802,Gift Card for Grand Hyatt Athens,"Give a personalised hotel gift card for Grand Hyatt Athens with Roomcard, the digital hotel gift card that can be used to book hotels all around the world.","""Athens"" ""hotel"" ""gift card"""
80,roumeliotis-sm.gr,Μην το χάσετε! Κερδίστε δωροεπιταγή 6 € με αγορές άνω ...,https://roumeliotis-sm.gr/el/2025/03/22/doroepitagi-6euro-mhn-to-xasete/,Μην το χάσετε! Κερδίστε δωροεπιταγή 6 € με αγορές άνω ...,"Με κάθε 50€ αγορών σε μία απόδειξη, αγορές στα καταστήματα Toys & More και Super Market Ρουμελιώτης Γαστούνης, ο πελάτης λαμβάνει δωροεπιταγή ...","site:.gr ""toys"" ""δωροεπιταγή"""
80,rowit.gr,1 δωροεπιταγή αξίας 30€ Fitness Nutrition – Στάμκος Βαγγέλης ...,https://rowit.gr/tag/1-%CE%B4%CF%89%CF%81%CE%BF%CE%B5%CF%80%CE%B9%CF%84%CE%B1%CE%B3%CE%AE-%CE%B1%CE%BE%CE%AF%CE%B1%CF%82-30e-fitness-nutrition-%CF%83%CF%84%CE%AC%CE%BC%CE%BA%CE%BF%CF%82-%CE%B2%CE%B1%CE%B3%CE%B3/,1 δωροεπιταγή αξίας 30€ Fitness Nutrition – Στάμκος Βαγγέλης ...,1 δωροεπιταγή αξίας 30€ Fitness Nutrition – Στάμκος Βαγγέλης. Rowit Τελευταία Νέα 1 δωροεπιταγή αξίας 30€ Fitness Nutrition – Στάμκος Βαγγέλης. Όμιλοι · Οι ...,"site:.gr ""fitness"" ""δωροεπιταγή"""
80,scribd.com,Bodia Spa Gift Voucher Sale | PDF,https://www.scribd.com/document/963602296/Vouchers-Treatment-Massage-Bodia-Spa-Cambodia,Bodia Spa Gift Voucher Sale | PDF,Bodia Spa Gift Voucher Sale. Uploaded by. fmzmjjj49q. AI ... Bodia Spa Gift Voucher Sale. Uploaded by ... Corfu Spa Treatment Price List. 22 pages. Final ...,"""Corfu"" ""spa"" ""gift voucher"""
80,smarten.gr,Smarten,https://www.smarten.gr/katigoria/dorokarta/,Δωροκάρτα,Δωροκάρτα. Καλωσορίσατε στον κόσμο του S.M.ARTEN ... Δωροκάρτα (2). Collections. Μέταλλο. Χρώμα ... The S.M.ARTEN Experience. Δωρεάν Μεταφορικά. Κάντε ...,"site:.gr ""experience"" ""δωροκάρτα"""
80,soandjos.gr,Soandjos,https://soandjos.gr/product/dorokarta/,Δωροκάρτα,"Αρχική σελίδα Kids Δωροκάρτα. Αναμονή εικόνας προϊόντος. Δωροκάρτα. 15,19 €. Σε απόθεμα. Δωροκάρτα ποσότητα ... Food Picks · Διάφορα Σχέδια · Κουζινα · Εργαλεία ...","site:.gr ""food"" ""δωροκάρτα"""
80,somatherapy.gr,Somatherapy,https://somatherapy.gr/gift-certificate/,Δωροεπιταγές,Δωροεπιταγή SomaTherapy για να τη δωρίσετε στα πρόσωπα που αγαπάτε! Οι ... Το Soma Therapy Spa Λαγονήσι λειτουργεί καθημερινά – εκτός Κυριακής – τις ακόλουθες ...,"site:.gr ""spa"" ""δωροεπιταγή"""
80,soulbags.gr,SOUL bags Gentle · Calm · Conscious,https://www.soulbags.gr/products/%CE%BA%CE%AC%CF%81%CF%84%CE%B1-%CE%B4%CF%8E%CF%81%CE%BF%CF%85?srsltid,Δωροκάρτα - SOUL bags Gentle · Calm · Conscious,"SOUL bags Gentle · Calm · Conscious. Δωροκάρτα. Δωροκάρτα. Κανονική τιμή €8,90 EUR. Κανονική τιμή €10,00 EUR Τιμή έκπτωσης €8,90 EUR. Τιμή μονάδας / ανά.","site:.gr ""bags"" ""δωροκάρτα"""
80,stem-toys.gr,50 € - Stem Toys,https://stem-toys.gr/product/%CE%B4%CF%89%CF%81%CE%BF%CE%B5%CF%80%CE%B9%CF%84%CE%B1%CE%B3%CE%AE-50-e/,Δωροεπιταγή 50 € - Stem Toys,Δωροεπιταγή 50 € ... STEM toys · Παιχνίδια · Μαγνητικά; Εκπαιδευτικά Παζλ ...,"site:.gr ""toys"" ""δωροεπιταγή"""
80,stigkabooks.gr,στίγκα,https://stigkabooks.gr/products/%CE%B4%CF%89%CF%81%CE%BF%CE%B5%CF%80%CE%B9%CF%84%CE%B1%CE%B3%CE%AE-%CF%83%CF%84%CE%AF%CE%B3%CE%BA%CE%B1?srsltid,Δωροεπιταγή στίγκα,"Δωροεπιταγή στίγκα. Καμία κριτική. Δωροεπιταγή στίγκα. 10,00€. από Stigka Books. Stigka Books logo. Κωδικός Προϊόντος:.","site:.gr ""books"" ""δωροεπιταγή"""
80,syrostoday.gr,Φέτος χαρίστε μια Δωροεπιταγή σαν Χριστουγεννιάτικο Δώρo ...,https://www.syrostoday.gr/News/154657-Fetos-xariste-mia-Doroepitagi-san-Xristoygenniatiko-Doro-apo-ta-Kois-Optics.aspx,Φέτος χαρίστε μια Δωροεπιταγή σαν Χριστουγεννιάτικο Δώρo ...,Φέτος τα Χριστούγεννα χαρίστε στα αγαπημένα σας πρόσωπα μια Δωροεπιταγή από τα καταστήματα Kois Optics. Τα Kois Optics σας εύχονται Καλές Γιορτές.,"site:.gr ""optics"" ""δωροεπιταγή"""
80,tonycouper.com.gr,Tony Couper | Style Clothing,https://tonycouper.com.gr/product-category/dorokartes/,Δωροκάρτες – Tony Couper | Style Clothing,Δωροκάρτες. Tony Couper>; Προϊόντα>; Δωροκάρτες. Δεν βρέθηκε κανένα προϊόν που να ταιριάζει με την επιλογή σας. SOCIAL MEDIA. Ακουλουθήστε μας για να μαθαίνετε ...,"site:.com.gr ""δωροκάρτες"""
80,toysfirst.gr,Toysfirst,https://toysfirst.gr/product/dorokarta/?srsltid=AfmBOorZgHqcLKKudF6BdErES24prvAOw6igBSREFZv1u4vNqCw7aUFx,Δωροκάρτα,Η δωροκάρτα ισχύει για ένα έτος από την ... Η δωροκάρτα μπορεί να χρησιμοποιηθεί και για αγορές στο φυσικό μας κατάστημα. ... Toys & more · Προϊόντα · Τιμές ...,"site:.gr ""toys"" ""δωροκάρτα"""
80,vinoultura.gr,Vinoultura gift cart,https://www.vinoultura.gr/products/vinoultura-gift-cart?srsltid,Vinoultura gift cart - Δωροκάρτα,WINE | DELI | SPIRITS. WINE | DELI | SPIRITS. Facebook · Instagram · TikTok ... Vinoultura Gift Card. Δωροκάρτα: €10.00 €25.00 €50.00 €100.00 €150.00 €200.00,"site:.gr ""wine"" ""δωροκάρτα"""
80,vodafonecu.gr,10€ δωροεπιταγή στα Factory Outlet!,https://www.vodafonecu.gr/cu-around/offer/10-doroepitagi-sta-factory-outlet-2025/,10€ δωροεπιταγή στα Factory Outlet!,FOOD & DRINK. BEAUTY & STYLE. TRAVEL & EXPERIENCES. HOME SWEET HOME. BETTER YOU ... Πάρε την προσφορά και έχεις δωροεπιταγή αξίας 10 ευρώ για αγορές άνω των 50€.,"site:.gr ""food"" ""δωροεπιταγή"""
80,ydrospa.gr,Ydrospa,https://ydrospa.gr/%CE%B4%CF%89%CF%81%CE%BF%CE%BA%CE%AC%CF%81%CF%84%CE%B5%CF%82/,Δωροκάρτες,Ηλεκτρονική Δωροκάρτα (e-Gift Card) Δεν προλαβαίνετε να έρθετε από εδώ ... Blossom Spa | Developed By Blossom Themes. Powered by WordPress.,"site:.gr ""spa"" ""δωροκάρτα"""
75,best4travel.ie,Holiday Gift Voucher Best4Travel Buy Online!,https://www.best4travel.ie/gift-voucher,Holiday Gift Voucher Best4Travel Buy Online!,Corfu Crete Halkidiki Santorini Kos. Portugal. Algarve Lisbon Madeira ... Flight & Hotel All. Sun Holidays. Sun Holidays Sun. USA / Canada. USA and Canada ...,"""Corfu"" ""hotel"" ""gift voucher"""
70,athoshellas.gr,Θεσσαλονίκη,https://www.athoshellas.gr/el/Article/giftcard.aspx,Gift Card - Θεσσαλονίκη,... travel center. instagram athos hellas travel center. tik tok athos hellas travel center. linkedin icon athos hellas travel center. #athostravel. ΕΓΓΡΑΦΗ ΣΤΟ ...,"site:.gr ""travel"" ""δωροκάρτα"""
70,booking.douloufakis.wine,Wine,https://booking.douloufakis.wine/gift-card,Gift card,"Official booking page for Douloufakis Winery wine tasting experiences in Dafnes, Heraklion ... We use cookies to enhance your browsing experience, serve ...","""Heraklion"" ""experience"" ""gift card"""
70,cottonandcrete.com,Cotton and Crete E,https://cottonandcrete.com/products/cotton-and-crete-gift-card?srsltid=AfmBOoo63n9G2MGKmnszAgfgakrjxoRCHmdmLgZKvlLCLcrKaSjsOrIx,Cotton and Crete E-Gift Card,"Jewelry · Hair Jewelry · Gifts For Little One · Purses, Handbags, & Totes ... Cotton and Crete E ...","""Crete"" ""jewelry"" ""gift card"""
70,dimosjewellery.com,Dimos Gift Card,https://www.dimosjewellery.com/product/gift-card/,Dimos Gift Card,Dimos Jewellery is one of the oldest representatives of Greek jewelry. Settled in the heart of Athens and in the historic district of Plaka where founder ...,"""Athens"" ""jewelry"" ""gift card"""
70,loulerie.com,Loulerie Digital Gift Voucher,https://loulerie.com/products/loulerie-gift-card?srsltid=AfmBOorbyVHgZ1n7-0h9WbWlL2BvTdpqulPJMPMhqxhfVZHuC_7oWysA,Loulerie Digital Gift Voucher,"Hermina Athens · Joanna Laura Constantine · Loulerie Gifting Jewellery · Loulerie ... Great experience, bought my wife some jewelry, lost receipts, she went ...","""Athens"" ""jewelry"" ""gift voucher"""
70,my-myth.com,Com,https://my-myth.com/product-category/gifts/giftcard/,Gift Card,"... jewelry logo. Contact us. info@my-myth.com. Mobile: 6972214807. Phone:2310459671. Address: Ippokratous 17-19, 55134 Thessaloniki. GCR: 133610006000. Information.","""Thessaloniki"" ""jewelry"" ""gift card"""
70,omg.gr,OMG Gift Card – Funny Tees & Baby Gifts | OMG,https://omg.gr/products/omg-gift-card,OMG Gift Card – Funny Tees & Baby Gifts | OMG,"let them pick their own funny slogan tee or baby bodysuit. Delivered by email, redeemable across the whole OMG range.","site:.gr ""baby"" ""gift card"""
70,physis-fitnessclub.gr,Κάρτα Δώρου Physis – Γυμναστήρια Βόρεια Προάστια,http://www.physis-fitnessclub.gr/physis-blog/news/physis-fitness-club-gift-card/,Κάρτα Δώρου Physis – Γυμναστήρια Βόρεια Προάστια,Χαρίστε τους υγεία και ευεξία. Κάντε δώρο ένα από τα ολοκληρωμένα ή πλήρως εξειδικευμένα προγράμματα άσκησης και υγείας του Physis Fitness Club.,"site:.gr ""fitness"" ""gift card"""
