score,domain,merchant_name,possible_official_url,title,snippet,query,clean_bucket,clean_reason
100,365pharmacy.gr,Gift Cards | 365pharmacy.gr - Online Φαρμακείο,https://365pharmacy.gr/gift-cards.htm,Gift Cards | 365pharmacy.gr - Online Φαρμακείο,Gift Card 100. 1000 Πόντοι. Gift Card 100. 100.00€. Κουμπί ΠΡΟΣΘΗΚΗ ΣΤΟ ΚΑΛΑΘΙ. Subscribe Now. 365 Pharmacy Newsletter. Select Points & WIN! 365 Pharmacy Points.,"""pharmacy"" ""gift card"" Greece",GREECE_HIGH_SAFE,merchant_owned_gift_card_with_greece_relevance
100,absolutemassageandspa.gr,Gift Card,https://absolutemassageandspa.gr/product/gift-card/,Gift Card,"Τέλος μπορείτε να στείλετε τη δωροκάρτα που θα πάρετε στο αγαπημένο σας πρόσωπο. ... Στο Absolute Massage and Spa, θεωρούμε ότι η ευεξία είναι πολύ ...","site:.gr ""spa"" ""δωροκάρτα""",GREECE_HIGH_SAFE,merchant_owned_gift_card_with_greece_relevance
100,aegeanmassage.gr,Gift cards - Aegean Massage,https://aegeanmassage.gr/gift-cards/,Gift cards - Aegean Massage,"Buy gift card 30 EUR. Gift card 60 EUR. Buy gift card 60 EUR. Gift card 80 EUR ... Crete, Greece. Tel: +30 697 395 2089. Aegean Massage Frida Apartments 700 14 ...","""Crete"" ""gift card""",GREECE_HIGH_SAFE,merchant_owned_gift_card_with_greece_relevance
100,agigma.gr,Το Τέλειο Last-Minute Δώρο στο Ρέθυμνο – Agigma Gift Card,https://agigma.gr/el/last-minute-doro-rethymno-gift-card/,Το Τέλειο Last-Minute Δώρο στο Ρέθυμνο – Agigma Gift Card,"Δωροκάρτα; Αρθρα; Επικοινωνία; Συνεργάτες. Βοήθεια ... Το Agigma Spa προσφέρει εξατομικευμένο μασάζ, ολιστικές θεραπείες, συνεδρίες αποκατάστασης και villa spa ...","site:.gr ""spa"" ""δωροκάρτα""",GREECE_HIGH_SAFE,merchant_owned_gift_card_with_greece_relevance
100,alchemy.gr,alchemy Gift Card,https://alchemy.gr/products/alchemy-gift-card,alchemy Gift Card,Unlock the freedom to choose with a digital alchemy Gift Card. The perfect present for anyone passionate about the sea and performance.,"site:.gr ""gift card""",GREECE_HIGH_SAFE,merchant_owned_gift_card_with_greece_relevance
100,aldoshoes.gr,Gift Card – ALDO Greece,https://aldoshoes.gr/pages/gift-card,Gift Card – ALDO Greece,"Gift Card. Customer Care. Help Center · Orders ... Shoes you'll love. Accessories you'll wear ... By submitting this form, you consent to receive informational ( ...","""shoes"" ""gift card"" Greece",GREECE_HIGH_SAFE,merchant_owned_gift_card_with_greece_relevance
100,alexander-edu.org,Gift Card - Learn Modern and Ancient Greek in Greece!,https://alexander-edu.org/gift-card/,Gift Card - Learn Modern and Ancient Greek in Greece!,Close Greek Courses Open Greek Courses. Modern Greek Programs · Compact Course ... Gift Card. Want to surprise someone with more than just a typical gift ...,"""courses"" ""gift card"" Greece",GREECE_HIGH_SAFE,merchant_owned_gift_card_with_greece_relevance
100,alexandrisstores.gr,Valentine's day Gift Card,https://alexandrisstores.gr/en/product/valentines-day-gift-card-%CE%B4%CF%89%CF%81%CE%BF%CE%BA%CE%AC%CF%81%CF%84%CE%B1/,Valentine's day Gift Card - Δωροκάρτα - Αλεξανδρής Καταστήματα,Weeks Special. alexandris-stores-leather-sneakers-mple-blue-dermatina-anatomika- ... Valentine's day Gift Card – Δωροκάρτα ... δωροκάρτα με το ποσό και το κείμενο ...,"site:.gr ""leather"" ""δωροκάρτα""",GREECE_HIGH_SAFE,merchant_owned_gift_card_with_greece_relevance
100,alouette.gr,Alouette,https://www.alouette.gr/el/4599-e-gift-card,E-Gift Card for all! - Alouette | Βρεφικά & Παιδικά Ρούχα,Δωροεπιταγή 30 ευρώ · Δωροεπιταγή 50 ευρώ · Δωροεπιταγή 75 ευρώ · Δωροεπιταγή 100 ευρώ · Δωροεπιταγή 130 ευρώ · Δωροεπιταγή 150 ευρώ · Δωροεπιταγή 200 ευρώ.,"""δωροεπιταγή""",GREECE_HIGH_SAFE,merchant_owned_gift_card_with_greece_relevance
100,anemifashion.gr,Δωροκάρτα – ANEMH clothing&fashion items,https://anemifashion.gr/shop/dorokarta/dorokarta/?attribute_gift-card-amount=%E2%82%AC50,Δωροκάρτα – ANEMH clothing&fashion items,Clean and Minimalist Fashion Gift Voucher Certificate (1). Δωροκάρτα €50. €10.00 – €200.00 Price range: €10.00 through €200.00. Ποσό Δωροκάρτας. Κάντε μία ...,"site:.gr ""fashion"" ""δωροκάρτα""",GREECE_HIGH_SAFE,merchant_owned_gift_card_with_greece_relevance
100,archaeotours.gr,Destination Corfu Island Gift Card,https://www.archaeotours.gr/product/destination-corfu-island-gift-card/,Destination Corfu Island Gift Card,Destination Corfu Island Gift Card. €5.00. + Free Shipping. From. Gift Message.,"""Corfu"" ""gift card""",GREECE_HIGH_SAFE,merchant_owned_gift_card_with_greece_relevance
100,aspro.store,Get your digital gift card now online,https://aspro.store/en/products/aspro-cleaning-lab-digital-gift-card?srsltid=AfmBOopcSAVecgfjbUIQpImjB0heoUDGuOnDJSE5cYJ-95OwmiqcwpC2,Get your digital gift card now online,"Digital gift card. Open media 1 in modal. 1 / of 1. aspro store. Digital ... If you are nearby, visit us in our shop in Kavala-Greece. We will be happy ...","""Kavala"" ""gift card""",GREECE_HIGH_SAFE,merchant_owned_gift_card_with_greece_relevance
100,atheneoscafe.com,Atheneos Greek Village Cafe Gift Cards,https://atheneoscafe.com/gift-cards,Atheneos Greek Village Cafe Gift Cards,Buy Atheneos Greek Village Cafe gift cards online. The perfect gift for any occasion. Send a gift card instantly to family or friends.,"""cafe"" ""gift card"" Greece",GREECE_HIGH_SAFE,merchant_owned_gift_card_with_greece_relevance
100,athens-stay.gr,Gift Card for Stay in Greece | Restay Resort and Suites L.P.,https://www.athens-stay.gr/gift-card,Gift Card for Stay in Greece | Restay Resort and Suites L.P.,"Surprise your loved ones with a Restay Resort & Suites Gift Card. Perfect for holidays, city breaks in Athens, or seaside escapes in Agiokampos.","""resort"" ""gift card"" Greece",GREECE_HIGH_SAFE,merchant_owned_gift_card_with_greece_relevance
100,athens-theater.com,Gift Cards - Athens Theater,https://www.athens-theater.com/for-you/gift-cards,Gift Cards - Athens Theater,Suggestions. A Beautiful Noise at Classic Center Theatre; The Wiz at Classic Center Theatre ... gift card email you receive. 10. In the event an eGift Card code ...,"""theatre"" ""gift card"" Greece",GREECE_HIGH_SAFE,merchant_owned_gift_card_with_greece_relevance
100,aureliamobilespa.com,Gift Cards | Aurelia Mobile Spa | Spa Services in Corfu,https://aureliamobilespa.com/gift-cards-mobile-spa-in-corfu/,Gift Cards | Aurelia Mobile Spa | Spa Services in Corfu,"Give the gift of relaxation, rejuvenation, and self-care with our exquisite spa gift cards. Order your gift card & let the tranquility begin! Mobile Spa Corfu.","""Corfu"" ""gift card""",GREECE_HIGH_SAFE,merchant_owned_gift_card_with_greece_relevance
100,backpackongreece.com,Δωροκάρτα Εκδρομών & Outdoor Εμπειριών,https://backpackongreece.com/shop/gift-card-30/,Δωροκάρτα Εκδρομών & Outdoor Εμπειριών,"Κατηγορία:Δωροκάρτα Ετικέτες:Gift card hiking, Outdoor gift Greece, Δώρα για πεζοπόρους, Δώρο εμπειρίας, Δωροκάρτα εκδρομών ... outdoor δραστηριότητες.","""outdoor"" ""gift card"" Greece",GREECE_HIGH_SAFE,merchant_owned_gift_card_with_greece_relevance
100,badila.gr,Gift Card,https://www.badila.gr/en/giftcard/,Gift Card,"Gift Card ... Receiver's Details. Name. Surname. E-mail. Confirm E-mail ... Categories: Men, Jacket ,Leather. Tags: Men's Clothing, Clothing, Fashion. Share:.","site:.gr ""leather"" ""gift card""",GREECE_HIGH_SAFE,merchant_owned_gift_card_with_greece_relevance
100,banya.gr,Gift Card,https://www.banya.gr/product/gift-card/,Gift Card,"Home / Giftcard / Gift Card.. Gift Card. 30,00 € – 500,00 €. Give the gift of ultimate relaxation! Surprise your loved ones with a Banya Gift Card.","site:.gr ""home"" ""gift card""",GREECE_HIGH_SAFE,merchant_owned_gift_card_with_greece_relevance
100,barbopoulos.gr,"Gift card - Barbopoulos store, Chania",https://www.barbopoulos.gr/product/gift-card-barbopoulos/?srsltid=AfmBOorAqLtZNbTUv_YfKZX5JtDaTXCaoc6q5YwvyP7gLznz8dBJzqnc,"Gift card - Barbopoulos store, Chania","... Gift card – Barbopoulos. Gift card - Barbopoulos. 20,00 € – 120,00 € Price range: 20,00 € through 120,00 €. SKU: giftcard. Μοιραστείτε το!","""Chania"" ""gift card""",GREECE_HIGH_SAFE,merchant_owned_gift_card_with_greece_relevance
100,beababy.gr,Δωροκάρτα Beababy e,https://beababy.gr/product/beababy-gift-card/?srsltid=AfmBOopfFsQeCgenqxkxnHcfPEcbgukJfGp75T_-jLt2z7FYIFy6pLE6,Δωροκάρτα Beababy e-Gift Card,"Beababy, e-Gift Card, Δωροκάρτα, Το καλύτερο όμορφο και χρήσιμο δώρο, Δωρο κάρτες ... BABY BLISS · BABY TO LOVE · BABYONO · BABYWISE · BANANA PANDA · BANWOOD ...","site:.gr ""baby"" ""δωροκάρτα""",GREECE_HIGH_SAFE,merchant_owned_gift_card_with_greece_relevance
100,beautyworldbydg.gr,Gift Card,https://www.beautyworldbydg.gr/product/gift-card/,Gift Card,"Gift Card. A beautiful gift of relaxation beauty,and self care. SKU: 40247. Category: Uncategorized. Gift Card. €100.00. keimeno. Gift Card quantity.","site:.gr ""beauty"" ""gift card""",GREECE_HIGH_SAFE,merchant_owned_gift_card_with_greece_relevance
100,bershka.com,Δωροκάρτα - Bershka,https://www.bershka.com/gr/gift-card.html,Δωροκάρτα - Bershka,Δωροκάρτα (). 0. Ηλεκτρονική κάρτα e-gift card. Ενεργοποίηση κάρτας. Δες το ... Leather-look · Festival season · Party · Summer vibe. GET THE LOOK AΝΤΡΑΣ.,"""leather"" ""gift card"" Greece",GREECE_HIGH_SAFE,merchant_owned_gift_card_with_greece_relevance
100,bestwines.gr,Δωροκάρτα Best Wines - Κάβα κρασιών Best Wines,https://bestwines.gr/product-category/giftcard/?srsltid=AfmBOorPTKZRWNhABKCQUXSrPxAv9W43KmTtSrizZ1TS_otC3EEjsNbL,Δωροκάρτα Best Wines - Κάβα κρασιών Best Wines,"Roussas Wine · Santo Wines · Volcanic Slopes (Vineyards) · Αβαντίς (Κτήμα) · Αϊβαλή ... Δωροκάρτα Best Wines. Δωροκάρτα Best Wines. Δωροκάρτα, Έτοιμες Προτάσεις ...","site:.gr ""wine"" ""δωροκάρτα""",GREECE_HIGH_SAFE,merchant_owned_gift_card_with_greece_relevance
100,bioaromacrete.com,Gift card,https://www.bioaromacrete.com/products/gift-cards,Gift card,"Gift Card. Empower your loved ones to discover Crete's botanical wonders with Bioaroma Crete organic products, benefiting their skin, soul, and the planet.","""Crete"" ""gift card""",GREECE_HIGH_SAFE,merchant_owned_gift_card_with_greece_relevance
100,bloomingbaby.gr,Gift Cards - Bloomingbaby.gr,https://bloomingbaby.gr/product/gift-cards/,Gift Cards - Bloomingbaby.gr,"... Baby, οι γονείς μπορούν να επιλέξουν ακριβώς αυτό που επιθυμούν ... Gift Card. Κάντε μία επιλογή, Bronze Card, Silver Card, Gold Card. Bronze Card. Silver ...","""baby"" ""gift card"" Greece",GREECE_HIGH_SAFE,merchant_owned_gift_card_with_greece_relevance
100,blueblue.gr,Gift Cards,https://blueblue.gr/shop/gift-cards,Gift Cards,"Men's Swimwear · Beachwear · Accessories · Special Offer up to -70% OFF · Gift ... Gift Card 50. 0 Review. Gift Cards. 50,00 €. Free Shipping & Returns in Greece.","""swimwear"" ""gift card"" Greece",GREECE_HIGH_SAFE,merchant_owned_gift_card_with_greece_relevance
100,box-box.gr,Gift cards - Box-Box,https://box-box.gr/gift-cards/,Gift cards - Box-Box,Shopper bags · Mini bags. Gift cards. HomeGift cards. BOX-BOX. e-Gift card ... Η δωροκάρτα Box-box είναι εύκολη! Απλώς επιλέξτε την αξία της κάρτας και οι ...,"site:.gr ""bags"" ""δωροκάρτα""",GREECE_HIGH_SAFE,merchant_owned_gift_card_with_greece_relevance
100,callistioia.com,Santorini Honeymoon Spa Gift Card,https://www.callistioia.com/gift-cardnewlywedsoia,Santorini Honeymoon Spa Gift Card,Surprise your loved ones with a Santorini honeymoon spa gift card. Treat them to a romantic sunset massage experience in Oia's serene setting.,"""Santorini"" ""gift card""",GREECE_HIGH_SAFE,merchant_owned_gift_card_with_greece_relevance
100,canaves.com,Gift Card – Canaves Oia Santorini | Store,https://store.canaves.com/gift-card/,Gift Card – Canaves Oia Santorini | Store,Gift card confirmation will be sent to your email address. Terms ... Canaves Oia Resort.,"""resort"" ""gift card"" Greece",GREECE_HIGH_SAFE,merchant_owned_gift_card_with_greece_relevance
100,candlejuice.gr,Δωροκάρτα CandleJuice Gift Card 100€,https://candlejuice.gr/product/dorokarta-candlejuice-gift-card-100e/,Δωροκάρτα CandleJuice Gift Card 100€,Κατάλληλη για lovers του home fragrance & cosy decor; Άμεση και γρήγορη αποστολή με online αγορές. Η Δωροκάρτα CandleJuice Gift Card 100€ επιτρέπει στον ...,"site:.gr ""decor"" ""δωροκάρτα""",GREECE_HIGH_SAFE,merchant_owned_gift_card_with_greece_relevance
100,casagiacomo.gr,Gift Card - Casa Giacomo Restaurants,https://www.casagiacomo.gr/en/gift-cards,Gift Card - Casa Giacomo Restaurants,"Treat your friends and loved ones to an authentic Italian dining experience with a CASA GIACOMO gift card ... Restaurant(*). PLEASE SELECT, CASA GIACOMO - ...","site:.gr ""restaurant"" ""gift card""",GREECE_HIGH_SAFE,merchant_owned_gift_card_with_greece_relevance
100,chania-culture.gr,Δωροκάρτα,https://shop.chania-culture.gr/product/gift-card/,Δωροκάρτα,Δωροκάρτα. 10.00€. Από: Προς: Δωροκάρτα. 10.00€ – 100.00€ Price range ... g-politismos@chania.gr · Φόρμα επικοινωνίας. Social Media. Όροι & Προϋποθέσεις ...,"""Chania"" ""δωροκάρτα""",GREECE_HIGH_SAFE,merchant_owned_gift_card_with_greece_relevance
100,charleskeith.eu,Gift Card - Black Leather - 04 - CHARLES & KEITH GR,https://www.charleskeith.eu/gr/CKGIFTCARD-17.html,Gift Card - Black Leather - 04 - CHARLES & KEITH GR,Gift Card - Black Leather · The gift card can only be used in the currency that it was purchased in. · The gift card is valid for 1 year from the date of your ...,"""leather"" ""gift card"" Greece",GREECE_HIGH_SAFE,merchant_owned_gift_card_with_greece_relevance
100,choosekos.com,Gift Card,https://choosekos.com/products/gift-card?srsltid=AfmBOordfW0bOgfXYgqL_YM4QUtg0PcJwdZ_EvDpxWTdSq4gWFLtbbAH,Gift Card,"... Gift Card. No reviews. Choose KOS. $10.00. Denominations. $10.00, $25.00, $50.00, $100.00. $10.00 - $10.00, $25.00 - $25.00, $50.00 - ...","""Kos"" ""gift card""",GREECE_HIGH_SAFE,merchant_owned_gift_card_with_greece_relevance
100,christakisathens.com,Christakis Gift Card – Online & In-Store,https://christakisathens.com/product/christakis-gift-card-online-in-store/,Christakis Gift Card – Online & In-Store,Christakis Athens Gift Card. Christakis Gift Card – Online & In-Store. Offer the gift of choice with the Christakis Gift Card. This flexible gift allows the ...,"""Athens"" ""gift card""",GREECE_HIGH_SAFE,merchant_owned_gift_card_with_greece_relevance
100,christhellas.gr,Christhellas Gift Card,https://christhellas.gr/product/christhellas-gift-card/?srsltid=AfmBOoq8_KSmhzAMtEMaCOiMRVmIGGmfPtRustVVUh8u2WwdVF_g-FwY,Christhellas Gift Card,Baby Gifts · Jewelry · Saint Louis · Tableware · Barware · Decoration · Lighting · COLLECTIONS · Offers · Gift Card; EN. EL · EN. Search. 00 items. 0 ITEMSView ...,"site:.gr ""baby"" ""gift card""",GREECE_HIGH_SAFE,merchant_owned_gift_card_with_greece_relevance
100,christines.gr,Christine's Gift Card - Christine Lingerie,https://www.christines.gr/products/christine-gift-card?srsltid=AfmBOoojYLUV5Wezqy14MZNwO77BH9zvgJPyKELs4gFcRxaUGMVDprj6,Christine's Gift Card - Christine Lingerie,"Christine's Gift Card. Christine's Gift Card. Κανονική τιμή €20,00 EUR ... © 2026, Christine Lingerie · Πολιτική επιστροφής χρημάτων · Πολιτική απορρήτου ...","""lingerie"" ""gift card"" Greece",GREECE_HIGH_SAFE,merchant_owned_gift_card_with_greece_relevance
100,cicado.gr,GIft Cards Archives,https://cicado.gr/en/product-category/gift-cards/?srsltid=AfmBOoqyqkLwYnUar9gtrhFpa17S1fJdwBs--oBBOfYDjy0QfEMrKVNU,GIft Cards Archives,"GIft Cards. ... Gift Card. Gift Cards 100,00 € – 300,00 € Price range: 100,00 € through 300,00 €. Gift Card Amount. Choose an amount, 100 €, 150 €, 200 €, 300 ...","site:.gr ""gift cards""",GREECE_HIGH_SAFE,merchant_owned_gift_card_with_greece_relevance
100,cinobo.com,What is Cinobo Gift Card and what does it offer?,https://cinobo.com/en/help/cinobo-gift-card/what-is-cinobo-gift-card-and-what-does-it-offer,What is Cinobo Gift Card and what does it offer?,Cinobo Gift Card is a digital gift card that you can purchase as a gift ... Access to the biggest community of cinema lovers in Greece where you get to ...,"""cinema"" ""gift card"" Greece",GREECE_HIGH_SAFE,merchant_owned_gift_card_with_greece_relevance
100,cityexperiences.com,Gift Cards - City Experiences | City Cruises | Walks,https://www.cityexperiences.com/el/gift-cards/,Gift Cards - City Experiences | City Cruises | Walks,"To purchase a Gift Card for our City Cruises UK products in GBP, please visit here. ... Ferry & Transportation. City Ferry Logo. Facebook · Instagram · Twitter ...","""ferry"" ""gift card"" Greece",GREECE_HIGH_SAFE,merchant_owned_gift_card_with_greece_relevance
100,cityzen.com.gr,Δωροκάρτα Πλυντηρίου - Cityzen,https://www.cityzen.com.gr/carwash_giftcard/,Δωροκάρτα Πλυντηρίου - Cityzen,"Πες το με μια δωροκάρτα! Πλύνε το αυτοκίνητο των αγαπημένων σου με την car wash giftcard της Cityzen, επιλέγοντας την υπηρεσία που θέλεις να κάνεις δώρο:.","site:.com.gr ""δωροκάρτα""",GREECE_HIGH_SAFE,merchant_owned_gift_card_with_greece_relevance
100,coco-mat.com,Gift Card,https://www.coco-mat.com/greece/en/product/gift-card,Gift Card,"The Gift Card can only be used inside COCO-MAT Stores. An individual with one of our vouchers can use it to purchase sleep products, linen, furniture, and ...","""furniture"" ""gift card"" Greece",GREECE_HIGH_SAFE,merchant_owned_gift_card_with_greece_relevance
100,congusto.com,Gift Card,https://www.congusto.com/en/collections/gift-card?srsltid=AfmBOopc-OgZFOBDVoes-nVXOD-x2OWJffyUFvZ0klrcvS3Ya_24AazD,Gift Card,"... Greece (EUR €), Hungary (HUF Ft), Ireland (EUR ... COURSES. Professional courses · Master · International Programs · Enthusiasts courses · Gift Cards · Team ...","""courses"" ""gift card"" Greece",GREECE_HIGH_SAFE,merchant_owned_gift_card_with_greece_relevance
100,corfutravelco.com,Win a €100 Venetian Well Gift Voucher in Corfu Town — Corfu ...,https://www.corfutravelco.com/travel-guide/win-a-100-venetian-well-gift-voucher-discover-one-of-corfu-towns-most-romantic-restaurants,Win a €100 Venetian Well Gift Voucher in Corfu Town — Corfu ...,"Enter the Corfu Travel Co giveaway for the chance to win a €100 gift voucher for The Venetian Well, one of Corfu Old Town's most romantic restaurants.","""Corfu"" ""gift voucher""",GREECE_HIGH_SAFE,merchant_owned_gift_card_with_greece_relevance
100,cosmodata.gr,Hp Gift Card Products,https://www.cosmodata.gr/category/2122/hp-gift-card-products,Hp Gift Card Products,Hp Gift Card Products. ... Hobby & Αθλητισμός · Θαλάσσια Scooter & Σανίδες · Σανίδες SUP. Ακολουθήστε μας ...,"site:.gr ""hobby"" ""gift card""",GREECE_HIGH_SAFE,merchant_owned_gift_card_with_greece_relevance
100,cottonandcrete.com,Cotton and Crete E,https://cottonandcrete.com/products/cotton-and-crete-gift-card?srsltid=AfmBOor0XJZehj8qBkx7LSMjjDpSL8bDW_p4DxHp0HxpA0yaMhX-Z15d,Cotton and Crete E-Gift Card,Cotton and Crete E-Gift Card. $10.00. Change. Regular price $10.00. Add to Bag.,"""Crete"" ""gift card""",GREECE_HIGH_SAFE,merchant_owned_gift_card_with_greece_relevance
100,coyamykonos.giftpro.co.uk,Monetary Gift Voucher - COYA Mykonos,https://coyamykonos.giftpro.co.uk/vouchers/monetary-gift-voucher/,Monetary Gift Voucher - COYA Mykonos,Monetary Gift Voucher at COYA Mykonos gift voucher packaging. E-Delivery. Your voucher will be emailed to you shortly. The voucher has been beautifully ...,"""Mykonos"" ""gift voucher""",GREECE_HIGH_SAFE,merchant_owned_gift_card_with_greece_relevance
100,createathens.gr,Create Gift Card,https://createathens.gr/el/shop/items/coffee-tools/create-gift-card-gr/,Create Gift Card,"Δώρο για λάτρεις του καφέ! Η Create Gift Card χρησιμοποιείται για σεμινάρια, γευσιγνωσίες και προϊόντα στο κατάστημα. Για σένα ή για δώρο!","""tools"" ""gift card"" Greece",GREECE_HIGH_SAFE,merchant_owned_gift_card_with_greece_relevance
100,crescendo-rodi.gr,Gift Cards - Crescendo,https://www.crescendo-rodi.gr/gift-cards/,Gift Cards - Crescendo,"Ann KzamVRUeL4I Unsplash V2, Crescendo. Create a unique jewelry for yourself or for an important person. ... Gift Card. Menu. Bracelets · Earrings · Necklaces ...","site:.gr ""jewelry"" ""gift card""",GREECE_HIGH_SAFE,merchant_owned_gift_card_with_greece_relevance
100,cretegolfclub.com,Gift Cards,https://www.cretegolfclub.com/gift-cards/,Gift Cards,"Crete Golf · Home · The Course · The Hotel · The Club · Events · Gallery · About Crete ... Gift Card. Promo Gift Card. Card Value1,000.00€. Never Expiry. Never ...","""Crete"" ""gift card""",GREECE_HIGH_SAFE,merchant_owned_gift_card_with_greece_relevance
100,cretelocaladventures.com,Gift Card,https://www.cretelocaladventures.com/gift-card/,Gift Card,Purchase the perfect gift: a gift card with a value of your choosing! Email. Crete Local Adventures. +306980679166 cretelocaladventures@gmail.com 109 Selinou,"""Crete"" ""gift card""",GREECE_HIGH_SAFE,merchant_owned_gift_card_with_greece_relevance
100,crusters.gr,⁠Gift card Archives - Crusters,https://crusters.gr/product-category/pizza-kits-more/%E2%81%A0gift-card/,⁠Gift card Archives - Crusters,"⁠Gift card ... Add to cart. The Ooni dough tools gift set includes three essential tools for mixing, lifting, scraping, and handling dough more comfortably.","site:.gr ""tools"" ""gift card""",GREECE_HIGH_SAFE,merchant_owned_gift_card_with_greece_relevance
100,cuka.gr,Δωροκάρτα - Δεν ξέρεις τι δώρο να κάνεις σε ένα αγαπημένο ...,https://cuka.gr/shop/new-collection-ss-26-all/gift-card-2/,Δωροκάρτα - Δεν ξέρεις τι δώρο να κάνεις σε ένα αγαπημένο ...,compania fantastica cukagr volos. 206679885 101450452201347 ... Δωροκάρτα – Δεν ξέρεις τι δώρο να κάνεις σε ένα αγαπημένο σου πρόσωπο? Τώρα μπορείς να ...,"""Volos"" ""δωροκάρτα""",GREECE_HIGH_SAFE,merchant_owned_gift_card_with_greece_relevance
100,dalisleather.gr,Δωροκάρτα,https://dalisleather.gr/product/gift-card/,Δωροκάρτα,... Δωροκάρτα · Αρχική σελίδα / Χωρίς κατηγορία / Δωροκάρτα Χωρίς κατηγορία ... Leather. Running by Dropwebart ltd. Κύλιση στην κορυφή.,"site:.gr ""leather"" ""δωροκάρτα""",GREECE_HIGH_SAFE,merchant_owned_gift_card_with_greece_relevance
100,daphnes-greekcafe.com,Daphne's Greek Cafe Gift Cards,https://daphnes-greekcafe.com/gift-cards/check,Daphne's Greek Cafe Gift Cards,Buy Daphne's Greek Cafe gift cards online. The perfect gift for any occasion. Send a gift card instantly to family or friends.,"""cafe"" ""gift card"" Greece",GREECE_HIGH_SAFE,merchant_owned_gift_card_with_greece_relevance
100,dariayoga.gr,Yoga Gift Card: Χάρισε Ευεξία & Εμπειρίες - Daria Yoga,https://dariayoga.gr/dariayoga-giftcard/,Yoga Gift Card: Χάρισε Ευεξία & Εμπειρίες - Daria Yoga,"Χαρίστε ευεξία με μια Yoga Gift Card! Εξαργυρώνεται σε μαθήματα (Online & Δια ζώσης), Private Sessions και Retreats. Αποστολή μέσω email.","""yoga"" ""gift card"" Greece",GREECE_HIGH_SAFE,merchant_owned_gift_card_with_greece_relevance
100,deltarestaurant.gr,Gift Voucher,https://deltarestaurant.gr/portfolio/gift-card/,Gift Voucher,... Restaurant ... 920.00. Offer a gift card – Choose the ...,"""restaurant"" ""gift card"" Greece",GREECE_HIGH_SAFE,merchant_owned_gift_card_with_greece_relevance
100,demo.forward.gr,Gift Voucher,https://demo.forward.gr/product/gift-voucher/,Gift Voucher,Tools · Gift Voucher · Service · SKI · Skis · Ski Boots · Ski Poles · Ski Wear · Jackets · Pants · Gloves · Base Layers · Headwear · Accessories · Goggles ...,"""tools"" ""gift voucher"" Greece",GREECE_HIGH_SAFE,merchant_owned_gift_card_with_greece_relevance
100,dermargylab.gr,GIFT CARDS,https://www.dermargylab.gr/gift-cards/,GIFT CARDS,"ASAP Gym for the skin · HydroDermaBrasion · Φωτοθεραπεία · ΘΕΡΑΠΕΙΕΣ ΣΩΜΑΤΟΣ ... ✓ Χαρίζοντας τη Δωροκάρτα στο αγαπημένο σας πρόσωπο, ο παραλήπτης του δώρου ...","site:.gr ""gym"" ""δωροκάρτα""",GREECE_HIGH_SAFE,merchant_owned_gift_card_with_greece_relevance
100,desertcart.gr,Amazon eGift Card,https://www.desertcart.gr/products/168927122-amazon-digital-gift-card-instant-email-or-text-delivery,Amazon eGift Card,"Unlock instant joy with the ultimate flexible gift card experience! NO HIDDEN FEES - Pay exactly what you want—no extra charges, no postage, ...","site:.gr ""electronics"" ""gift card""",GREECE_HIGH_SAFE,merchant_owned_gift_card_with_greece_relevance
100,dim-ension.gr,G&I Gift Voucher - Dimension Web & Graphic Design Portfolio,http://www.dim-ension.gr/giftvoucher.html,G&I Gift Voucher - Dimension Web & Graphic Design Portfolio,"G&I Gift Voucher ... The design follows the same design guidelines as their website with beautiful photography, clean typography and elegant transparencies.","""photography"" ""gift voucher"" Greece",GREECE_HIGH_SAFE,merchant_owned_gift_card_with_greece_relevance
100,dimidistours.gr,my travel gift card,https://dimidistours.gr/my-travel-gift-card-%CE%B4%CF%89%CF%81%CE%BF%CE%B5%CF%80%CE%B9%CF%84%CE%B1%CE%B3%CE%AE-t275.html,my travel gift card - Δωροεπιταγή,Δημιουργήστε μια travel gift card - Δωροεπιταγή επιλεγοντας το ποσό που εσεις επιθυμείτε και αφήστε να τη χρησιμοποιήσουν μέσα σε ένα χρόνο με το μέσο και το ...,"""travel"" ""gift card"" Greece",GREECE_HIGH_SAFE,merchant_owned_gift_card_with_greece_relevance
100,divaniacropolishotel.com,The Ultimate Travel Gift | Divani Palace Acropolis Gift Card,https://divaniacropolishotel.com/gift-card/,The Ultimate Travel Gift | Divani Palace Acropolis Gift Card,Extra tip: the recipient will be able to redeem your Gift within 1 year! Gift Card Type. Make a choice. Amount; A Divani Athens ...,"""Athens"" ""gift card""",GREECE_HIGH_SAFE,merchant_owned_gift_card_with_greece_relevance
100,divaniapollonhotel.com,Gift Card & Spa Vouchers | Divani Athens Spa & Thalasso,https://divaniapollonhotel.com/gift-card/,Gift Card & Spa Vouchers | Divani Athens Spa & Thalasso,"Purchase a Divani gift card for wellness experiences at Divani Athens Spa & Thalasso. Enjoy thalassotherapy, massage, and facial treatments with 1-year ...","""wellness"" ""gift card"" Greece",GREECE_HIGH_SAFE,merchant_owned_gift_card_with_greece_relevance
100,divanicorfuhotel.com,Gift Card - Divani Corfu Palace,https://divanicorfuhotel.com/gift-card/,Gift Card - Divani Corfu Palace,"Easy and quick to create and order, the Divani Gift Card is the most lavish present you may offer on birthdays, anniversaries, graduations, and any ordinary ...","""marine"" ""gift card"" Greece",GREECE_HIGH_SAFE,merchant_owned_gift_card_with_greece_relevance
100,doctorsim.com,Global Experiences Card Greece Gift Cards,https://www.doctorsim.com/en-us/gr/gift-cards/greece-globalexperiencescard/?srsltid=AfmBOopRSCqhjLXl32U5rw2KH2quk9Uf14qLHbXkjoHaP3nf1K6Jv9yS,Global Experiences Card Greece Gift Cards,"Our 24/7 technical support is ready to assist, ensuring a smooth experience with your gift card. No need to sign up to buy a gift card, but if you do ...","""experience"" ""gift card"" Greece",GREECE_HIGH_SAFE,merchant_owned_gift_card_with_greece_relevance
100,dsgntouch.com,Salon Gift Card - Elegant Minimalist Design for Beauty Pros,https://dsgntouch.com/products/salon-gift-card-minimalist-black-white?srsltid=AfmBOopDvFB5lfChTkH4AovODXXZSYl8iB8V1kTobQQv-9YR6S-2ray2,Salon Gift Card - Elegant Minimalist Design for Beauty Pros,Greece USD $; Hungary USD $; Ireland USD $; Israel USD $; Italy ... The salon gift card beautifully displayed on a reception counter in a modern hair salon.,"""hair salon"" ""gift card"" Greece",GREECE_HIGH_SAFE,merchant_owned_gift_card_with_greece_relevance
100,eabags.gr,Δωροκάρτα,https://eabags.gr/giftcard/?srsltid=AfmBOoq7ApAz-bIN2zSumeyIoJBGmgtYTgsWdN3L2cOR4nLE4Kvtx5IB,Δωροκάρτα,"Κατηγορίες. BACKPACKS · BAGUETTE BAGS · ΤΣΑΝΤΕΣ ΠΟΥΓΚΙ · ΤΣΑΝΤΕΣ SUEDE · TOTE ... Gift Card. 25,00 € - 25,00 €. Κάνε εγγραφή στο newsletter μας. Γράψου σήμερα με ...","""bags"" ""gift card"" Greece",GREECE_HIGH_SAFE,merchant_owned_gift_card_with_greece_relevance
100,easlanidis.gr,Δωροκάρτα,https://www.easlanidis.gr/gift-cards,Δωροκάρτα,Ήχος - Home Cinema. Ήχος - Home Cinema; Sounbars · Mini HiFi · Ηχεία All in One ... Δωροκάρτα. Το τέλειο δώρο για κάθε περίσταση! Η ηλεκτρονική δωροκάρτα ...,"site:.gr ""cinema"" ""δωροκάρτα""",GREECE_HIGH_SAFE,merchant_owned_gift_card_with_greece_relevance
100,edenred.gr,Δωροκάρτα Ticket Compliments,https://www.edenred.gr/etaireies/ticket-compliments-gift-card,Δωροκάρτα Ticket Compliments,ticket-compliments-gift-card. Τι είναι η δωροκάρτα Ticket Compliments ... Ticket Restaurant · MyBenefits · Spendeo · Ticket Compliments · Οφέλη για εταιρείες ...,"""restaurant"" ""gift card"" Greece",GREECE_HIGH_SAFE,merchant_owned_gift_card_with_greece_relevance
100,egiftcards.nz,IKEA Gift Card Greece Region for Home Essentials,https://www.egiftcards.nz/product/ikea-gift-card-greece-region-eur-email-delivery/,IKEA Gift Card Greece Region for Home Essentials - eGift Cards,"Buy IKEA Gift Card Greece Region online for furniture, storage, kitchenware, bedding and home essentials. Choose available amounts with secure checkout.","""furniture"" ""gift card"" Greece",GREECE_HIGH_SAFE,merchant_owned_gift_card_with_greece_relevance
100,el.sportcafe.gr,Ηλεκτρονική Δωροκάρτα - SportCafe,https://el.sportcafe.gr/egift-card/,Ηλεκτρονική Δωροκάρτα - SportCafe,Η δωροκάρτα χρησιμοποιείται για αγορές ή μεγαλύτερη αξία — τυχόν υπόλοιπο παραμένει διαθέσιμο για μελλοντικές αγορές. Η διαφορά εξοφλείται με τον τρόπο πληρωμής ...,"site:.gr ""cafe"" ""δωροκάρτα""",GREECE_HIGH_SAFE,merchant_owned_gift_card_with_greece_relevance
100,ellaresorts.com,Wellness Gift Card - Álkyna,https://www.ellaresorts.com/corfu/alkyna-resort/wellness/wellness-gift-card/,Wellness Gift Card - Álkyna,"A Wellness Gift Card is an invitation to slow down, reconnect, and indulge in pure wellbeing. untitled-design-2025-09-12t165554.","""wellness"" ""gift card"" Greece",GREECE_HIGH_SAFE,merchant_owned_gift_card_with_greece_relevance
100,en.kalamata.co.il,Gift Card - Kalamata - קלמטה,https://en.kalamata.co.il/giftcard,Gift Card - Kalamata - קלמטה,"You can choose between a gift card of your desired amount, or a special gift card for two ... Kalamata - Greek cuisine in the Old City of Jaffa. Please ...","""Kalamata"" ""gift card""",GREECE_HIGH_SAFE,merchant_owned_gift_card_with_greece_relevance
100,eneba.com,AirlineGift Gift Card 100 EUR Key GREECE,https://www.eneba.com/airlinegift-airlinegift-gift-card-100-eur-key-greece?srsltid=AfmBOorauo6TVnmnmuBUPYgUmMJKFD1O-puKseGzc6qXW8A88zXnQcI4,AirlineGift Gift Card 100 EUR Key GREECE,AirlineGift offers the world's best airline gift card and online travel booking selection with a unique choice of 450 Airlines to book a flight to almost ...,"""airline"" ""gift card"" Greece",GREECE_HIGH_SAFE,merchant_owned_gift_card_with_greece_relevance
100,esiot.gr,Gift card,https://esiot.gr/module/giftcard/choicegiftcard,Gift card,"1 Gift voucher delivery mode: edit. Print at home. Send by e-mail. The gift voucher ... 3 Gift voucher details edit. Amount. €20.00, €30.00, €40.00, €50.00, € ...","site:.gr ""gift voucher""",GREECE_HIGH_SAFE,merchant_owned_gift_card_with_greece_relevance
100,etsy.com,Ferry Boat Gift Voucher: Customizable Ticket (digital Product),https://www.etsy.com/ie/listing/4367110822/ferry-boat-gift-voucher-customizable,Ferry Boat Gift Voucher: Customizable Ticket (digital Product),May include: A ferry ride gift voucher ... Ferry Boat Gift Voucher: Customizable Ticket (Digital Product); Editable Instant Download ... Tickets to Greece Gift - ...,"""ferry"" ""gift voucher"" Greece",GREECE_HIGH_SAFE,merchant_owned_gift_card_with_greece_relevance
100,eviliohome.gr,Δωροκάρτα Evilio Home,https://eviliohome.gr/products/giftcard-evilio-home?srsltid=AfmBOoqB2Q-o7MU5Fwy8lw78XHBOyQ2WrcnqwiCxCzPHMAErwjg52GTS,Δωροκάρτα Evilio Home,"Αρχική Σελίδα Δωροκάρτα Evilio Home. ΕΞΑΝΤΛΗΜΕΝΟΠΡΟ ΠΑΡΑΓΓΕΛΙΑ. Κάντε κλικ για μεγέθυνση. Δωροκάρτα Evilio Home. SKU: gift-card-20. €20,00.","site:.gr ""home"" ""δωροκάρτα""",GREECE_HIGH_SAFE,merchant_owned_gift_card_with_greece_relevance
100,exploremessinia.com,Unforgettable Experience Gift Cards in Greece,https://exploremessinia.com/giftcard/,Unforgettable Experience Gift Cards in Greece,Surprise someone special with our Experience Gift Cards in Greece ... GIFT CARD. Struggling to find the perfect gift for someone special ...,"""experience"" ""gift card"" Greece",GREECE_HIGH_SAFE,merchant_owned_gift_card_with_greece_relevance
100,face-it.gr,Gift Cards - FaceIt,https://face-it.gr/gifts/gift-cards.html,Gift Cards - FaceIt,"The best present you can gift to your loved ones is time. · The process is made simple, all you have to do is follow this link, choose the value of gift card, ...","site:.gr ""gifts"" ""gift card""",GREECE_HIGH_SAFE,merchant_owned_gift_card_with_greece_relevance
100,fairytale.com.gr,Fairytale Gift Card,https://fairytale.com.gr/en/product/fairytale-gift-card/?srsltid=AfmBOor8Ibifq_G5Z787tkZNY5Tl6yhx9lujOGDrW4OnG-Azk2KUCE52,Fairytale Gift Card,Gift card worth €30 to be redeemed in all our fabulous stores. ... All orders are processed after payment is completed in the secure environment of Eurobank.,"""Athens"" ""gift card""",GREECE_HIGH_SAFE,merchant_owned_gift_card_with_greece_relevance
100,familychef.gr,GIFT CARDS – FamilyChef,https://familychef.gr/en/products/100-gift-card,GIFT CARDS – FamilyChef,All they need to do is copy/paste the unique code of the gift card at checkout and their order will be discounted accordingly! Our gift cards expire in 3 months ...,"site:.gr ""gift cards""",GREECE_HIGH_SAFE,merchant_owned_gift_card_with_greece_relevance
100,fatalbeautylab.gr,Gift Cards,https://fatalbeautylab.gr/gift-cards/,Gift Cards,... beauty studio or in our cosmetic shop. Amount is flexible and you can personalize your gift card with a message. Shop now. Physical Gift Card. When in doubt ...,"""beauty"" ""gift card"" Greece",GREECE_HIGH_SAFE,merchant_owned_gift_card_with_greece_relevance
100,feedmepetshop.gr,Δωροκάρτα / Giftcard 25€ - Feed Me,https://www.feedmepetshop.gr/%CE%B4%CF%89%CF%81%CE%BF%CE%BA%CE%AC%CF%81%CF%84%CE%B1-giftcard-25e/,Δωροκάρτα / Giftcard 25€ - Feed Me,"Δωροκάρτα / Giftcard 25€. 25,00 €. Άμεση αποστολή κουπονιού με email ... Pet Shop Θεσσαλονίκη. maestro mastercard visa sc_62x34 vbv. Μενού. Pet Shop - Feed Me.","site:.gr ""pet shop"" ""δωροκάρτα""",GREECE_HIGH_SAFE,merchant_owned_gift_card_with_greece_relevance
100,fivepm.gr,Gift Card - 5pm,https://fivepm.gr/products/gift-card?srsltid=AfmBOoq8XkrDNS_B12SWZHWBxsj2wsmf7RPY_0pMHVcpWsll6Dcco7Qt,Gift Card - 5pm,"Let them explore, express, and embrace the allure of 5pm with the flexibility of a gift card. Fashion dreams await! Wash & Care. Dry cleaning or hand wash in ...","site:.gr ""fashion"" ""gift card""",GREECE_HIGH_SAFE,merchant_owned_gift_card_with_greece_relevance
100,fleximart.ae,Buy Airline Gift Card GREECE 500 EUR,https://fleximart.ae/product/airline-gift-card-greece-500-eur,Buy Airline Gift Card GREECE 500 EUR,Airline Gift Card GREECE 500 EUR ... Buy Airline Gift Cards Online in Fleximart! Choose from large selection of eGift cards & Vouchers and surprise your friends ...,"""airline"" ""gift card"" Greece",GREECE_HIGH_SAFE,merchant_owned_gift_card_with_greece_relevance
100,fluffyhugs.gr,Δωροκάρτα,https://fluffyhugs.gr/product/giftcard/,Δωροκάρτα,Κανένα προϊόν στο καλάθι σας. Επιστροφή στο κατάστημα · Κατάστημα / Baby Gifts & More / Giftcard · Πρόσθεσε στην wishlist! Δωροκάρτα.,"site:.gr ""baby"" ""δωροκάρτα""",GREECE_HIGH_SAFE,merchant_owned_gift_card_with_greece_relevance
100,fmsstores.gr,Gift Card,https://www.fmsstores.gr/en/p/2-gift-card,Gift Card,Gift Card. ... No1 lingerie & swimwear mall in Greece! Menu. Back. Women · Men · Kids · View in ...,"site:.gr ""lingerie"" ""gift card""",GREECE_HIGH_SAFE,merchant_owned_gift_card_with_greece_relevance
100,fourseasonsastirpalacehotelathens.giftpro.co.uk,Mercato Monetary Gift Card,https://fourseasonsastirpalacehotelathens.giftpro.co.uk/vouchers/mercato-monetary-gift-card/,Mercato Monetary Gift Card,Mercato Monetary Gift Card at Four Seasons Astir Palace Hotel Athens gift voucher packaging. Packaging and delivery. Add your personal message during the ...,"""Athens"" ""gift voucher""",GREECE_HIGH_SAFE,merchant_owned_gift_card_with_greece_relevance
100,freelancer.gr,Entry #18 by anaczq for Creation of a gift voucher,https://www.freelancer.gr/contest/creation-of-a-gift-voucher-2192900-byentry-74522040,Entry #18 by anaczq for Creation of a gift voucher,Creation of a gift voucher. Freelancer: anaczq. 0. Share: Report Entry. Reject Entry Award Entry Buy Entry for €10 EUR. Winner. Runner Up. Processing.,"site:.gr ""gift voucher""",GREECE_HIGH_SAFE,merchant_owned_gift_card_with_greece_relevance
100,freudoriental.gr,FREUD ORIENTAL Gift Cards – Give Unique Gastronomic ...,https://www.freudoriental.gr/en/gift-cards,FREUD ORIENTAL Gift Cards – Give Unique Gastronomic ...,Treat your friends and loved ones to a memorable fine dining experience at FREUD ORIENTAL with a gift card. ... Restaurant Menu · Order Now · Private Dining ...,"site:.gr ""restaurant"" ""gift card""",GREECE_HIGH_SAFE,merchant_owned_gift_card_with_greece_relevance
100,fuel.com.gr,Fuel Gift Cards,https://www.fuel.com.gr/el/about-gift-cards,Fuel Gift Cards,"ΧΑΡΙΣΕ ΜΙΑ ΔΩΡΟΚΑΡΤΑ. Διάλεξε την δωροκάρτα σου με το design και το ποσό της επιλογής σου και θα σταλεί άμεσα στο αγαπημένο σου πρόσωπο, μέσω email ή SMS.","site:.com.gr ""δωροκάρτα""",GREECE_HIGH_SAFE,merchant_owned_gift_card_with_greece_relevance
100,futuresoft.gr,Vouchers & gift cards Software Solution,https://futuresoft.gr/solutions/vouchers-gift-cards,Vouchers & gift cards Software Solution,What is a gift card software? Gift card software is a software used by ... Cosmetics · Electronics · Jewellery · Clothing and Accessories · Shoes · Pet Shops.,"site:.gr ""cosmetics"" ""gift card""",GREECE_HIGH_SAFE,merchant_owned_gift_card_with_greece_relevance
100,g2a.com,PLAISIO Gift Card 20 EUR - Plaisio Key - GREECE,https://www.g2a.com/plaisio-gift-card-20-eur-plaisio-key-greece-i10000504140002,PLAISIO Gift Card 20 EUR - Plaisio Key - GREECE,"With Plaisio's Gift Card, you can purchase a wide range of electronics, including smartphones, laptops, televisions, gaming consoles, home appliances, and audio ...","""electronics"" ""gift voucher"" Greece",GREECE_HIGH_SAFE,merchant_owned_gift_card_with_greece_relevance
100,gasmoto.gr,Gasmoto,https://www.gasmoto.gr/en/e-gift-card-from-gas-motosport-culture?srsltid=AfmBOop_daiyY4vi9TYPALI6LZR9FiExjo8Wr65h9YxWssjno8ylHpc5,e-Gift Card ΑΠΟ GAS Motosport Culture,"The GAS e-Gift Card is the ideal move! Motorcycle riders will love it as they can choose the equipment they need, while lovers of casualwear can choose ...","site:.gr ""motorcycle"" ""gift card""",GREECE_HIGH_SAFE,merchant_owned_gift_card_with_greece_relevance
100,gbcornergifts.com,Gift Vouchers Athens,https://www.gbcornergifts.com/gift-vouchers,Gift Vouchers Athens,Incredible Experience Gifts in Athens at GB Corner Gifts · €75 GB CORNER GIFTS & FLAVORS | Gift Voucher · €120 GB CORNER GIFTS & FLAVORS | Gift Voucher · €160 GB ...,"""Athens"" ""gift voucher""",GREECE_HIGH_SAFE,merchant_owned_gift_card_with_greece_relevance
100,gerochristojewelry.gr,Gift Card,https://gerochristojewelry.gr/shop/gift-card/?srsltid=AfmBOorlhjzT28ZAGZaydvkHEuC-WQgpN6EEouNVc1_OFvDI4PMNeLJL,Gift Card,A wonderful gift for your loved ones. The recepient will recieve an email with the Gift Card in their inbox. All our jewelry are handmade and built to order ...,"site:.gr ""jewelry"" ""gift card""",GREECE_HIGH_SAFE,merchant_owned_gift_card_with_greece_relevance
100,ggio.gr,Gift Cards,https://ggio.gr/product-category/gift-cards/,Gift Cards,"0 · Home / Gift Cards. Showing all 8 resultsSorted by latest. Sort by popularity, Sort by latest, Sort by price: low to high, Sort by price: high to low.","site:.gr ""gift cards""",GREECE_HIGH_SAFE,merchant_owned_gift_card_with_greece_relevance
100,giftcards.bidali.com,"Buy Plaisio.gr GR Gift Card with USDC, USDT, SOL ...",https://giftcards.bidali.com/brands/greece/plaisio-gr-gr,"Buy Plaisio.gr GR Gift Card with USDC, USDT, SOL ...","Plaisio is the biggest Greek retail chain in IT, PC, electronics market and office supplies for 50 years. The Plaisio gift voucher e-code can be used in all ...","""electronics"" ""gift voucher"" Greece",GREECE_HIGH_SAFE,merchant_owned_gift_card_with_greece_relevance
100,giftcards.therealgreek.com,The Real Greek,https://giftcards.therealgreek.com/,The Real Greek - Gift Cards,Give the taste of Greece. Treat someone special to an authentic Greek dining experience with our gift card - perfect for any occasion! E-gift voucher.,"""experience"" ""gift voucher"" Greece",GREECE_HIGH_SAFE,merchant_owned_gift_card_with_greece_relevance
100,gifting.groupbanyan.com,Angsana Corfu Extra Value e,https://gifting.groupbanyan.com/angsana-corfu/angsana-corfu-extra-value-e-gift-card-042269,Angsana Corfu Extra Value e-Gift Card,Gift your loved ones with unique experience at Angsana Corfu with the Extra Value e-Gift Card. Perched on a verdant hill by the clear crystal waters of the ...,"""Corfu"" ""gift card""",GREECE_HIGH_SAFE,merchant_owned_gift_card_with_greece_relevance
100,giftly.com,"Buy Restaurant Gift Cards in Greece, NY",https://www.giftly.com/restaurant-gift-cards/greece-ny?srsltid=AfmBOor2hntsX1u1BN2PSLeXYnAQmZ8O2F-0mBLqR_4950lUAe_ft26D,"Buy Restaurant Gift Cards in Greece, NY","Gift up to $1,000 with the suggestion to spend it at any restaurant in Greece, NY. city category. Universal Greece gifts · Giftly Gift Card.","""restaurant"" ""gift card"" Greece",GREECE_HIGH_SAFE,merchant_owned_gift_card_with_greece_relevance
100,giftronaut.com,Gift Card That Works Both in the US and Greece,https://www.giftronaut.com/blog/gift-card-that-works-both-in-the-us-and-greece,Gift Card That Works Both in the US and Greece,RentacarGift eGift Card; Cosmos Sport Gift Card; Attica Gift Card; Plaisio.gr e-Gift Card; Global Experiences Gift Card; eLearnGift eGift Card; Evertreen Gift ...,"""e-gift card"" Greece",GREECE_HIGH_SAFE,merchant_owned_gift_card_with_greece_relevance
100,global.gogift.com,The Ultimate Guide to the B2B Gift Card Market in Greece,https://www.global.gogift.com/gift-card-markets-encyclopedia/the-ultimate-guide-to-the-b2b-gift-card-market-in-greece,The Ultimate Guide to the B2B Gift Card Market in Greece,"Current size of the B2B gift card market: In value terms, the gift card market in Greece has recorded a CAGR of 6.9% during 2018-2022.","""gifts"" ""gift card"" Greece",GREECE_HIGH_SAFE,merchant_owned_gift_card_with_greece_relevance
100,godblesswomen.gr,Awoo Gift Card,https://godblesswomen.gr/products/awoo-gift-card/234691923/?srsltid=AfmBOoozjdpl0dsNvk-Fbt4fquQhX-y-9253lBniXSgLXgQLIcx_HhoR,Awoo Gift Card,Toys & Entertainment. Let's make gift giving easy. Select the amount you would like to give and your gift card will be delivered via email following purchase.,"site:.gr ""toys"" ""gift card""",GREECE_HIGH_SAFE,merchant_owned_gift_card_with_greece_relevance
100,gofishome.gr,Gift card,https://gofishome.gr/en-ro/products/gift-card?srsltid=AfmBOorg7ZLY7y4ywAyyflA7ghUDuKpxDUNXZ3CNwpaqr9RyMrmTXwrU,Gift card,"Make a wish, say thank you or give a surprise gift to your loved ones. Whatever the occasion, with a gift card you can donate whatever they choose for their ...","""home"" ""gift card"" Greece",GREECE_HIGH_SAFE,merchant_owned_gift_card_with_greece_relevance
100,goldenbeauty.gr,Golden Beauty Gift Card,https://goldenbeauty.gr/golden-beauty-gift-card/,Golden Beauty Gift Card,Barber Shop · Πακέτα Ομορφιάς · Νύφη · Προφίλ · Blog · Σεμινάρια · Golden Beauty Gift Card · Επικοινωνία · Online booking. Τηλέφωνο: 2108827738 Φωκίωνος Νέγρη ...,"""barber"" ""gift card"" Greece",GREECE_HIGH_SAFE,merchant_owned_gift_card_with_greece_relevance
100,grandebretagnestore.com,Δωροεπιταγές,https://www.grandebretagnestore.com/el/catalog/giftcards,Δωροεπιταγές,"Αρχική ΣελίδαΚατάλογοςΔωροεπιταγές. Ταξινόμηση ανά: Προεπιλογή, Τιμή ... Δωροεπιταγές · Τρόποι αποστολής · Προσωπικά Δεδομένα · Συχνές Ερωτήσεις · Τρόποι ...","""δωροεπιταγές""",GREECE_HIGH_SAFE,merchant_owned_gift_card_with_greece_relevance
100,greciamia.it,🎄 Porta l'estate sotto l'albero: la Gift Card Grecia Mia,https://greciamia.it/blogs/blog/gift-card-grecia-mia?srsltid=AfmBOorot6_WZi-yN4_W8D-oQ-5k1VI02rJdL8QLybUXGVrjH_EGXRrL,🎄 Porta l'estate sotto l'albero: la Gift Card Grecia Mia,Gift card Grecia Mia. Carta Regalo Grecia Mia. Il regalo dell'ultimo ... Mykonos e Santorini. LA GIFT CARD DI GRECIA MIA · Carta regalo Grecia Mia ...,"""Mykonos"" ""gift card""",GREECE_HIGH_SAFE,merchant_owned_gift_card_with_greece_relevance
100,grecotrulygreek.com,Treat Someone You Love to Greek Food with a Greco Gift Card,https://grecotrulygreek.com/gift-cards/,Treat Someone You Love to Greek Food with a Greco Gift Card,Looking for the perfect gift for the food lover in your life? Give them the gift of authentic Greek cuisine with a Greco Gift Card! Ideal for any occasion ...,"""food"" ""gift card"" Greece",GREECE_HIGH_SAFE,merchant_owned_gift_card_with_greece_relevance
100,greekcargo.com.au,Greek Cargo Gift Voucher,https://greekcargo.com.au/products/greek-cargo-gift-card?srsltid=AfmBOopf0v283brN1ArJ2kS0TbCi3SkGMlBFwIEZn11iOC9F0YAMq8PL,Greek Cargo Gift Voucher,"Greek Cargo Gift Voucher. $25. /. Not sure what ... Experience the love of Greece with unique, quality made fashion, jewellery and homewares.","""fashion"" ""gift voucher"" Greece",GREECE_HIGH_SAFE,merchant_owned_gift_card_with_greece_relevance
100,greekflavours.com,Gift Cards: perfect gift for your friends - Greek Flavours,https://www.greekflavours.com/collections/gift-cards?srsltid=AfmBOopW5Om25VNA56ABpyMWVFdCE_mX-pvnX4ExTOzqBNFJvAJWiKd7,Gift Cards: perfect gift for your friends - Greek Flavours,Meze Gift Card – Greek Flavours Experience · Aegean Flavours Gift Card – Mediterranean Experience · Mediterranean Table Gift Card – Complete Greek Experience.,"""gift card"" Greece",GREECE_HIGH_SAFE,merchant_owned_gift_card_with_greece_relevance
100,greekhousecafe.com,$50 Gift Card,https://www.greekhousecafe.com/items/50-gift-card,$50 Gift Card,"Gift Card at Greek House Cafe in Simi Valley, CA. View photos, read reviews, and see ratings for $50 Gift Card. $50 Gift Card *please pick up your gift card ...","""cafe"" ""gift card"" Greece",GREECE_HIGH_SAFE,merchant_owned_gift_card_with_greece_relevance
100,greekmarket.co.uk,Virtual Gift Card,https://greekmarket.co.uk/product/virtual-gift-card/?srsltid=AfmBOooaIYVL2718ig-7wncCWWL-M5zzjnHRCiHDIXaj3GbIApA5I46o,Virtual Gift Card,With the Greek Market Virtual Gift Card you're offering your loved ... Fight Food Waste · Shop by Greek Brand · Product Recalls · Gift Cards · Greek Market ...,"""food"" ""gift card"" Greece",GREECE_HIGH_SAFE,merchant_owned_gift_card_with_greece_relevance
100,greekpeak.net,Gift Cards at Greek Peak,https://www.greekpeak.net/gift-cards-at-greek-peak/,Gift Cards at Greek Peak,Gift Cards at Greek Peak One gift card. Good everywhere at Greek Peak. Buy a ... Greek Peak Mountain Resort. SHOP. Create Your ...,"""resort"" ""gift card"" Greece",GREECE_HIGH_SAFE,merchant_owned_gift_card_with_greece_relevance
100,green-leaf.gr,Greenleaf Gift Card,https://green-leaf.gr/en-eu/products/greenleaf-gift-card?srsltid=AfmBOopwgHXrlsvd6QmsnsoLNjyN_0hfM28o8pJTONTgWrAmw-tmRwp4,Greenleaf Gift Card,"Outdoor Plants. See more. Close menu. All · Shrubs · Acer® · Alstroemeria ... Greenleaf Gift Card. Normal price €10,00. SELECT CARD VALUE. €10.00. €25.00. €50.00.","site:.gr ""outdoor"" ""gift card""",GREECE_HIGH_SAFE,merchant_owned_gift_card_with_greece_relevance
100,hablax.com,Buy EA SPORTS FC25 Points Gift Cards in Greece,https://www.hablax.com/en/country/greece/giftcard-ea-sports-fc25-points,Buy EA SPORTS FC25 Points Gift Cards in Greece,Buy EA SPORTS FC25 Points Gift Cards in Greece and enhance your gaming experience ... Buy EA SPORTS FC25 Points Gift Cards in Greece ... Tango Live Gift Voucher ...,"""sports"" ""gift voucher"" Greece",GREECE_HIGH_SAFE,merchant_owned_gift_card_with_greece_relevance
100,handospa.gr,Hando Massage & Spa,https://handospa.gr/en/massage-gift-card/,Hando Massage & Spa - Gift Card,Treat your loved ones to an unforgettable wellness experience with our luxurious spa and massage services. Wellness Gift Card. Escape from the ordinary ...,"site:.gr ""wellness"" ""gift card""",GREECE_HIGH_SAFE,merchant_owned_gift_card_with_greece_relevance
100,harpy.gr,Δωροκάρτα από την Harpy Clothing 2026,https://www.harpy.gr/product/gift-card-by-harpy-clothing/?srsltid=AfmBOoqKglMRpVOaAMYiXy_vbk1xc6D8v8XkOgteCiWFiJwL2yttvJmR,Δωροκάρτα από την Harpy Clothing 2026,"Τώρα, η Harpy Clothing σου δίνει τη δυνατότητα να χαρίσεις μία Δωροκάρτα σε όλα τα αγαπημένα σου πρόσωπα ... Δωροκάρτα από την Harpy Clothing. 25,00 € – 250,00 € ...","site:.gr ""clothing"" ""δωροκάρτα""",GREECE_HIGH_SAFE,merchant_owned_gift_card_with_greece_relevance
100,headplus.gr,Δωροκάρτα,https://headplus.gr/product/dorokarta-gift-card/,Δωροκάρτα,"Δωροκάρτα - Image 1. Κάντε κλικ για μεγέθυνση. HeadPlus. Δωροκάρτα. 20,00 ... Hair Salon · Personal Training Κομμωτών · Blog. Όροι & Πολιτικές. Σχετικά με εμάς ...","site:.gr ""hair salon"" ""δωροκάρτα""",GREECE_HIGH_SAFE,merchant_owned_gift_card_with_greece_relevance
100,hebekidshome.gr,Hebekidshome,https://hebekidshome.gr/products/e-gift-cards?srsltid=AfmBOoq-qOyKzCFGOgaCanQGsr-cgS8jhXBU-P0TRbTnLIVohtxhQlqP,e-Gift Card Hebe Kids Home - Ιδανικό Δώρο για Κάθε ...,ΔΩΡΕΑΝ ΜΕΤΑΦΟΡΙΚΑ ΣΕ ΟΛΗ ΤΗΝ ΕΛΛΑΔΑ ... Χαρίστε στους αγαπημένους σας την ελευθερία να επιλέξουν το ιδανικό δώρο με την e-Gift Card της Hebe Kids Home.,"""home"" ""gift card"" Greece",GREECE_HIGH_SAFE,merchant_owned_gift_card_with_greece_relevance
100,hellascanyon.com,Gift Card,https://hellascanyon.com/en/product/gift-card/,Gift Card,"Gift Card. 50,00€ – 200,00€ Price range: 50,00€ through 200,00€. Gift Card ... Gallias 53, Volos, Greece · +30 694 524 2331 · info@hellascanyon.com · Hellas ...","""Volos"" ""gift card""",GREECE_HIGH_SAFE,merchant_owned_gift_card_with_greece_relevance
100,historichotelsofeurope.com,Hotel Gift Vouchers | Give the Perfect Hotel Experience,https://historichotelsofeurope.com/gift-voucher/?utm_campaign=landingpage&utm_content=carousel&utm_medium=cpc,Hotel Gift Vouchers | Give the Perfect Hotel Experience,Gift Vouchers for Historic Hotels. The Perfect Gift – Redeemable Across 24+ European Countries. Buy Gift Voucher ... Kyrimai romantic hotel mani greece ...,"""hotel"" ""gift voucher"" Greece",GREECE_HIGH_SAFE,merchant_owned_gift_card_with_greece_relevance
100,hobby-jungle.com,Gift Card,https://www.hobby-jungle.com/el/collections/gift-card?srsltid=AfmBOorp0T-8XXMtjTXOPzNPd2siW29BpBoDd5qqIsSzFYwW8QcN_XiK,Gift Card,Hobby Jungle Gift Card · Hobby Jungle Gift Card. Κανονική τιμή Από €10.00 EUR. Κανονική τιμή Τιμή έκπτωσης Από €10.00 EUR. Τιμή μονάδας / ανά ...,"""hobby"" ""gift card"" Greece",GREECE_HIGH_SAFE,merchant_owned_gift_card_with_greece_relevance
100,hobbycolours.com,Δωροκάρτα HOBBY Colors (10 / 25 / 50 / 100 ευρώ),https://hobbycolours.com/el/collections/electronics/products/hobby-colours-gift-card-10-25-50-100-euros?_pos=11&_fid=195da9ea8&_ss=c,Δωροκάρτα HOBBY Colors (10 / 25 / 50 / 100 ευρώ),"Δωροκάρτα HOBBY Colors (10 / 25 / 50 / 100 ευρώ)( 10,00 € ) - https://hobbycolours.com/el/products/hobby-colours-gift-card-10-25-50-100-euros?variant ...","""hobby"" ""gift card"" Greece",GREECE_HIGH_SAFE,merchant_owned_gift_card_with_greece_relevance
100,hyperlightoptics.com,Gift Cards,https://hyperlightoptics.com/collections/gift-cards?srsltid=AfmBOorH3PFixWlqtiZlI7wEQh7Tkr1X73EBjV8yOLq3tpAs-SPLiV9L,Gift Cards,"Greece (EUR €); Guernsey (EUR €); Hong Kong SAR (EUR ... Hyperlight Gift Card featuring bold white HYPERLIGHT OPTICS text, a geometric sphere design, and.","""optics"" ""gift card"" Greece",GREECE_HIGH_SAFE,merchant_owned_gift_card_with_greece_relevance
100,iasispa.gr,GIFT CARDS - Iasis,https://iasispa.gr/product-category/gift-cards/,GIFT CARDS - Iasis,Από relaxing massage και θεραπείες προσώπου έως ολοκληρωμένα ritual ευεξίας ... IASIS SPA Gift Voucher – Για Αγορές από το E-Shop ✨. Buy nowDetails ...,"""massage"" ""gift voucher"" Greece",GREECE_HIGH_SAFE,merchant_owned_gift_card_with_greece_relevance
100,iaso.gr,IASO presents “IASO Gift Card” for Mammography,https://www.iaso.gr/en/news/details/2020/10/13/to-iaso-parousiazi-tin-iaso-gift-card-gia-mastografia,IASO presents “IASO Gift Card” for Mammography,IASO established IASO Gift Card for ... Robotic Surgery and Laser Technology: IASO Thessalias Presented the Future of Urology in Trikala.,"site:.gr ""technology"" ""gift card""",GREECE_HIGH_SAFE,merchant_owned_gift_card_with_greece_relevance
100,iberia.com,Iberia Gift Card - The best way to give the gift of Travel,https://www.iberia.com/gr/gift-card/,Iberia Gift Card - The best way to give the gift of Travel,Luggage. Luggage; Hand luggage · Checked baggage · Baggage Service Centre · More ... Use of the gift card. The recipient can use the gift card whenever they want ...,"""luggage"" ""gift card"" Greece",GREECE_HIGH_SAFE,merchant_owned_gift_card_with_greece_relevance
100,idolosalon.gr,GIFT CARD,https://www.idolosalon.gr/product/gift-card/,GIFT CARD,Idolo Spa · VISIT · Idolo Spa · Germaine de Capuccini · Dr. Barbara Sturm · Θεραπειες ... Gift card · Γίνετε Συνεργάτης · Καριέρα · Όροι & Προϋποθέσεις · Πολιτική ...,"""spa"" ""gift card"" Greece",GREECE_HIGH_SAFE,merchant_owned_gift_card_with_greece_relevance
100,industrybeans.com,Buy A Gift Voucher,https://industrybeans.com/pages/giftvouchers?srsltid=AfmBOopx5OabUiKgZSnWEwZaWXo4RfzSHBIKlbjr4cXnWnwE6VR8vrFR,Buy A Gift Voucher,"These vouchers are only redeemable in store over multiple purchases, and cannot be used online. Shop Cafe Gift Voucher ... Greece (AUD $) Greenland (AUD ...","""cafe"" ""gift voucher"" Greece",GREECE_HIGH_SAFE,merchant_owned_gift_card_with_greece_relevance
100,inspiredbygreece.com,Gift Voucher,https://www.inspiredbygreece.com/product/gift-card/,Gift Voucher,"Give the gift of an Inspired by Greece Gift Voucher! Vouchers can be used for original art, prints, canvas reproductions, tote bags, cushions and all other ...","""gift voucher"" Greece",GREECE_HIGH_SAFE,merchant_owned_gift_card_with_greece_relevance
100,irisproject.gr,Gift Card | The Iris Project,https://irisproject.gr/gift-card/,Gift Card | The Iris Project,"Με μία δωροκάρτα, προσφέρετε την ευκαιρία σε κάποιον να αποκτήσει ένα καλλιτεχνικό έργο που θα στολίζει τον χώρο του για πάντα. Το πιο εντυπωσιακό; Μπορείτε να ...","site:.gr ""photography"" ""δωροκάρτα""",GREECE_HIGH_SAFE,merchant_owned_gift_card_with_greece_relevance
100,islandgiftcards.net,Mykonos Steak Club - Island Gift Cards,https://islandgiftcards.net/product/mykonos-steak-club/,Mykonos Steak Club - Island Gift Cards,Home / Gift Card / Mykonos Steak Club.. Mykonos Steak ... This gift card cannot be redeemed for cash. Cannot be combined with other ...,"""Mykonos"" ""gift card""",GREECE_HIGH_SAFE,merchant_owned_gift_card_with_greece_relevance
100,ivanacappuccini.gr,Gift Card,https://www.ivanacappuccini.gr/product-category/wps_wgm_giftcard/,Gift Card,Watches · Sports & Lifestyle · Sports & Lifestyle · Cycling · Dance · Outdoors · Running ... Gift Card 100€. €100.00. Add to wishlist · VIEW CARD · Quick view ...,"site:.gr ""watches"" ""gift card""",GREECE_HIGH_SAFE,merchant_owned_gift_card_with_greece_relevance
100,jardinplus.gr,Gift Card Jardin Plus,https://jardinplus.gr/en/product/gift-card-jardin-plus-en/,Gift Card Jardin Plus,"With the Jardin Plus Gift Card, you can offer the perfect gift: the freedom of choice. Where it can be used: In our physical store and online. Ideal for: ...","site:.gr ""gift card""",GREECE_HIGH_SAFE,merchant_owned_gift_card_with_greece_relevance
100,joyogram.com,Gift Cards in Greece | 2000+ Brands,https://www.joyogram.com/gift-cards/greece/?srsltid=AfmBOooaqGqrBLg_fZVaZJ1RV6gxF2bfUtftyD-eG7ol7Tzl8t950Cus,Gift Cards in Greece | 2000+ Brands,Electronics Fashion Food & Drink Gaming Home Sports Travel & Leisure. Arsenal EUR Gift Card. Arsenal EUR. Best Western Greece Gift Card. Best Western Greece.,"""electronics"" ""gift card"" Greece",GREECE_HIGH_SAFE,merchant_owned_gift_card_with_greece_relevance
100,jukebooks.gr,Δωροκάρτες,https://jukebooks.gr/gift-cards,Δωροκάρτες,"Δωροκάρτες. Χάρισε απεριόριστη ακρόαση audiobooks. Επίλεξε το πλάνο που σε εκφράζει. JukeBooks δωροκάρτα 3 μηνών. 29,99€/μήνα. JukeBooks δωροκάρτα 6 μηνών.","site:.gr ""books"" ""δωροκάρτα""",GREECE_HIGH_SAFE,merchant_owned_gift_card_with_greece_relevance
100,juventus.com,Gift Card,https://store.juventus.com/ar/gifts-and-accessories/gifts/gift-card?srsltid=AfmBOoo59e8ecnl8Q_Kwrue4lpGVFKuf0b-igKgYfKwozUr74D-kVEpk,Gift Card,Car AccessoriesCar Accessories · Beach Collection ... Gift CardGift Card · Gift BagsGift Bags · Bundles ... Greece. English (€) · Hungary.,"""car accessories"" ""gift card"" Greece",GREECE_HIGH_SAFE,merchant_owned_gift_card_with_greece_relevance
100,kal-opsia.com,Δωροκάρτες,https://www.kal-opsia.com/el/pages/gift-cards?srsltid=AfmBOoodE4jx7uYR9hXihR3vRRjCeKfaoMgZyCvGRweGj6uuzB2yupCQ,Δωροκάρτες,Επισκόπηση Αυτή η Δωροκάρτα (η «Κάρτα») εκδίδεται από την Kalopia Athens και μπορεί να χρησιμοποιηθεί για αγορές στην ιστοσελίδα της KALOPSIA ATHENS με τους ...,"""Athens"" ""δωροκάρτα""",GREECE_HIGH_SAFE,merchant_owned_gift_card_with_greece_relevance
100,kalamatafreedivers.com,Gift voucher,https://kalamatafreedivers.com/product/gift-voucher/,Gift voucher,Here is a perfect freediving gift for you & your loved ones! Gift voucher can be used on all activities and equipment offered in Kalamata Freedivers shop.,"""Kalamata"" ""gift voucher""",GREECE_HIGH_SAFE,merchant_owned_gift_card_with_greece_relevance
100,karfitsomenosgatos.gr,Δωροκάρτα - Karfitsomenos Gatos,https://karfitsomenosgatos.gr/gift-card/,Δωροκάρτα - Karfitsomenos Gatos,Απεριόριστες επιλογές δώρων για αγαπημένα πρόσωπα. Αποκτήστε τη δική σας δωροκάρτα από τον Καρφιτσωμένο Γάτο και επιλέξτε αυτό που ταιριάζει καλύτερα.,"site:.gr ""flowers"" ""δωροκάρτα""",GREECE_HIGH_SAFE,merchant_owned_gift_card_with_greece_relevance
100,kartoula.gr,Toys Center e,https://kartoula.gr/card/toys-center-e-gift-card,Toys Center e-Gift Card - Σύγκριση καρτών,Toys Center e-Gift Card · – Διαθέσιμη για ποσά από 25€ έως 200€ · – Διάρκεια ισχύος: 12 μήνες · – Εξαργύρωση online και στα καταστήματα.,"""toys"" ""gift card"" Greece",GREECE_HIGH_SAFE,merchant_owned_gift_card_with_greece_relevance
100,kashbeauty.com,E-Gift Voucher,https://kashbeauty.com/products/giftcard?srsltid=AfmBOoqnXGMzFfxddNPhhQ1se32S0ZAbIjNcc9JcVRr4JO9T8Ca_fw15,E-Gift Voucher,E-Gift Voucher. KASH Beauty Gift Voucher Delivered straight to your inbox ... Greece (EUR); Greenland (DKK); Grenada (XCD); Guadeloupe (EUR) ...,"""beauty"" ""gift voucher"" Greece",GREECE_HIGH_SAFE,merchant_owned_gift_card_with_greece_relevance
100,katsudo.gr,Gift Voucher - Katsudo,https://www.katsudo.gr/en/products/gift-voucher,Gift Voucher - Katsudo,"A gift voucher is electronic – nothing will come to you by mail. However, you will receive a unique discount code in the value of the gift voucher amount you ...","site:.gr ""gift voucher""",GREECE_HIGH_SAFE,merchant_owned_gift_card_with_greece_relevance
100,kidscom.gr,Gift card - Kidscom.gr,https://www.kidscom.gr/gift-card-1,Gift card - Kidscom.gr,"/ Gift card. Gift card. KIDSCOM. Gift card. Κωδικός: 03775-50. 50,00 €. 3 δόσεις των 16.67 € με 0% επιτόκιο με την Klarna. Μάθετε περισσότερα.","""kids"" ""gift card"" Greece",GREECE_HIGH_SAFE,merchant_owned_gift_card_with_greece_relevance
100,kidsloveplanet.gr,Gift Card - Kids Love Planet,https://www.kidsloveplanet.gr/product-category/mwb_wgm_giftcard/?srsltid=AfmBOoos7jMAgsPvs9l4tW5mTBHTQK06PqlvfI8DC5U3xzGNJuJ96DwZ,Gift Card - Kids Love Planet,Gift Card. Δωροκάρτα. Δωρεάν αποστολή. σε παραγγελίες άνω των 49€. Ασφαλείς ... Copyright 2026 © Kids Love Planet Κατασκευή eshop / Readmore Creative.,"""kids"" ""gift card"" Greece",GREECE_HIGH_SAFE,merchant_owned_gift_card_with_greece_relevance
100,kinesis-gym.gr,Christmas Gift Cards,https://kinesis-gym.gr/christmas-gift-cards/,Christmas Gift Cards,Kinesis Gym ... Μην αργείτε προμηθευτείτε την Χριστουγεννιάτικη Gift Card απο το γυμναστήριο μας και χαρίστε χαμόγελα στα αγαπημένα σας πρόσωπα !!,"""gym"" ""gift card"" Greece",GREECE_HIGH_SAFE,merchant_owned_gift_card_with_greece_relevance
100,kitabu.gr,Kitabu Gift Card,https://www.kitabu.gr/products/kitabu-gift-card?srsltid=AfmBOorrz3N7CcJMMxR9xh9oZzOspDdv5jCksRqAJgiWY45LSV2rtysv,Kitabu Gift Card,"Καλώς ήρθες στο Kitabu Books & Toys,το απόλυτο μαγαζί για μικρούς και μεγάλους! ... Kitabu Gift Card. Kitabu Books & Toys. Κανονική τιμή €100,00. Ο ΦΠΑ ...","site:.gr ""books"" ""gift card""",GREECE_HIGH_SAFE,merchant_owned_gift_card_with_greece_relevance
100,klaoudatos.gr,Δωροκάρτα - ΚΛΑΟΥΔΑΤΟΣ OUTDOOR,https://klaoudatos.gr/product/gift-card/?srsltid=AfmBOookIy0_QGzazbSGTgZyrkdxS5EaMFo8MV4BAMzp7-e661_E5dra,Δωροκάρτα - ΚΛΑΟΥΔΑΤΟΣ OUTDOOR,"Αγοράστε δωροκάρτα για αγορές απο το κατάστημα Klaoudatos Outdoor και στειλτε την στην οικογένεια και στους φίλους σας ... Διεύθυνση: Αγίας Ειρήνης 10, Αθήνα ...","""outdoor"" ""gift card"" Greece",GREECE_HIGH_SAFE,merchant_owned_gift_card_with_greece_relevance
100,kleanthievoo.com,Gift Card,https://www.kleanthievoo.com/gift-card,Gift Card,"Gift Card. Gift Cards – Share the Love. 40 €. Amount. 40 €. 60 € ... Skalani, Heraklion 71500. Crete, Greece. EMAIL. info@kleanthievoo.com. PHONE.","""Heraklion"" ""gift card""",GREECE_HIGH_SAFE,merchant_owned_gift_card_with_greece_relevance
100,kobo.com,"eGifts & Gift Cards - eBooks, Audiobooks, eReaders",https://www.kobo.com/gr/en/p/giftcards?srsltid=AfmBOopPLgFdaSCbaGLwTVOBJiFHEduzQOnr49QjKYkanOfxL5tRFwvh,"eGifts & Gift Cards - eBooks, Audiobooks, eReaders","Where can I redeem my Kobo Gift Card, and what happens to any leftover balance? ... Anita Rau Badami on the roots of a prickly cha... 73 new books coming out ...","""books"" ""gift card"" Greece",GREECE_HIGH_SAFE,merchant_owned_gift_card_with_greece_relevance
100,kolbo.gr,KOLBO Gift Card,https://kolbo.gr/en/products/kolbo-gift-card?srsltid=AfmBOorljYiSDILmbTbv5IYqJVTJ3BIQWqJMmP5o2yfij2eBr_vRbwZL,KOLBO Gift Card,Welcome to the Israeli supermarket in Athens. Language English. עברית; English ... Home/ Collections/ KOLBO Gift Card. KOLBO Gift Card. KOLBO. KOLBO Gift Card.,"site:.gr ""supermarket"" ""gift card""",GREECE_HIGH_SAFE,merchant_owned_gift_card_with_greece_relevance
100,koroneos.gr,Gift Cards - Koroneos - BREE,https://koroneos.gr/product/gift-cards/,Gift Cards - Koroneos - BREE,Η Δωροκάρτα ισχύει από τη στιγμή της αγοράς της και για ένα χρόνο. Με τη ... leather Gloves 634. €99.00 Original price was: €99.00. €79.00 Η τρέχουσα ...,"site:.gr ""leather"" ""δωροκάρτα""",GREECE_HIGH_SAFE,merchant_owned_gift_card_with_greece_relevance
100,koumoulia.gr,Gift Card,https://www.koumoulia.gr/en/product-category/giftcard/,Gift Card,"Gift Card · Money Gift-card · Workshop Gift-card · Courses Gift-card · Pottery-Holiday Gift-card. Contact. Petrokefalo, 70013 Heraklion, Crete. +30 6939053625.","""Crete"" ""gift card""",GREECE_HIGH_SAFE,merchant_owned_gift_card_with_greece_relevance
100,kounelis.com.gr,Kounelis,https://kounelis.com.gr/gift-card?srsltid=AfmBOopGy1Q0alXGRKRaPZ7Zw67Cu0xX91DBXnXsxrlHO5Inz0OYZUu1,e-GIFT CARD,e-GIFT CARD. Μετάβαση στο τέλος της συλλογής εικόνων. e-GIFT CARD. Hot Choice ... Γίνε Μέλος σήμερα! JBK | Power Tools Center. Δεσμευόμαστε να σας ...,"""tools"" ""gift card"" Greece",GREECE_HIGH_SAFE,merchant_owned_gift_card_with_greece_relevance
100,kovemykonos.gr,Gift Cards | Kove Mykonos Luxury Boutique Hotel,https://www.kovemykonos.gr/gift-cards/,Gift Cards | Kove Mykonos Luxury Boutique Hotel,KOVE HOTEL & SPA MYKONOS MGALLERY COLLECTION | Gift Cards. MYCONIAN KOVE GIFT CARD. Stay in Ornos ...,"site:.gr ""spa"" ""gift card""",GREECE_HIGH_SAFE,merchant_owned_gift_card_with_greece_relevance
100,ktmpatras.gr,Προϊόντα με ετικέτα: 'gift card giftcard καρτα δωρου δωροκαρτα',https://ktmpatras.gr/gift-card-giftcard-%CE%BA%CE%B1%CF%81%CF%84%CE%B1-%CE%B4%CF%89%CF%81%CE%BF%CF%85-%CE%B4%CF%89%CF%81%CE%BF%CE%BA%CE%B1%CF%81%CF%84%CE%B1,Προϊόντα με ετικέτα: 'gift card giftcard καρτα δωρου δωροκαρτα',KTM Patras. MobileHeaderLinksStandalone Popup ... Προϊόντα με ετικέτα: 'gift card giftcard καρτα δωρου δωροκαρτα' ... © 2026 KTM Patras. Powered by nopCommerce.,"""Patras"" ""gift card""",GREECE_HIGH_SAFE,merchant_owned_gift_card_with_greece_relevance
100,kurlandspa.gr,"Gift Card ""Momentous"" Personal Choice Kurland Spa",https://www.kurlandspa.gr/en/spa/gift-cards/momentous/,"Gift Card ""Momentous"" Personal Choice Kurland Spa","The receipt – sending of the Gift Card is done with its payment. In case you choose to pay at the premises of Kurland Spa, please inform the Customer Reception.","site:.gr ""spa"" ""gift card""",GREECE_HIGH_SAFE,merchant_owned_gift_card_with_greece_relevance
100,lanuit.gr,Gift Cards - La Nuit,https://lanuit.gr/product-category/gift-cards/,Gift Cards - La Nuit,Lingerie · Πιτζάμες · Bralette · Bra · Slips · Moderna Collection · Ζαρτιέρες ... Δωροκάρτα La Nuit 50€. 50.00 €. Προσθήκη στο καλάθι · Gift Cards · Δωροκάρτα La ...,"site:.gr ""lingerie"" ""δωροκάρτα""",GREECE_HIGH_SAFE,merchant_owned_gift_card_with_greece_relevance
100,larissaann.com,Larissa Ann Fine Art Gift Card,https://larissaann.com/products/larissa-ann-fine-art-gift-card,Larissa Ann Fine Art Gift Card,"Give the gift of choice with a Larissa Ann Fine Art Gift Card. Perfect for prints, ornaments, or custom commissions—art as unique as your loved one.","""Larissa"" ""gift card""",GREECE_HIGH_SAFE,merchant_owned_gift_card_with_greece_relevance
100,larissaloden.com,Digital Gift Card,https://larissaloden.com/products/loden-up-gift-card?srsltid=AfmBOopyHOHHTOoCE93swj0-CEuxg5Cxy2zA-JlbEQq4MxJJHntR7z7j,Digital Gift Card,You'll get a handy email copy of your digital gift card when you submit your order. ... © Larissa Loden™ 2026. Facebook Twitter Tiktok Pinterest Instagram ...,"""Larissa"" ""gift card""",GREECE_HIGH_SAFE,merchant_owned_gift_card_with_greece_relevance
100,larissalovecosmetics.com,Gift Card,https://www.larissalovecosmetics.com/products/gift-card,Gift Card,Shopping for someone else but not sure what to give them? Give them the gift of choice with a Larissa Love Cosmetics Gift Card.,"""Larissa"" ""gift card""",GREECE_HIGH_SAFE,merchant_owned_gift_card_with_greece_relevance
100,leatherstudio.gr,"Gift Card 25,00 - Leather Studio",https://www.leatherstudio.gr/el/products/copy-of-gift-card?srsltid=AfmBOoqpDrXIE_fA_yZRQ9z47-bZ1Ul0ITgf_sEZLCsb4M3B6YO5K3Xg,"Gift Card 25,00 - Leather Studio","Απόρριψη. Μεγέθυνση. Gift Card 25,00. leatherstudio.gr. Gift Card 25,00. Τιμή πώλησης€25.00. Αγορές για κάποιον άλλο, αλλά δεν είναι σίγουρος τι να τους δώσουμε ...","""leather"" ""gift card"" Greece",GREECE_HIGH_SAFE,merchant_owned_gift_card_with_greece_relevance
100,lego.storegreece.gr,Lego,https://www.lego.storegreece.gr/upiresies/gift-cards/e-gift-card/?srsltid=AfmBOoqTiDLstS5UtdAowIuCCwD3HoowSDQtBZOo0JEbqlXrS0FvSOHn,e-Gift Card,Ψάχνετε το καλύτερο δώρο; Αγοράστε μία e-Gift Card από το lego.storegreece.gr ώστε το αγαπημένο σας πρόσωπο να επιλέξει ένα μοναδικό δώρο που θα λατρέψει!,"""gift card"" Greece",GREECE_HIGH_SAFE,merchant_owned_gift_card_with_greece_relevance
100,leparfum.com.gr,Gift Card,https://leparfum.com.gr/en/module/afgiftvoucher/default,Gift Card,... Gift Card. € 20. Dear XXXXXXXXXXXXXX. I am sending you a gift ... F.A.Q.. YOUR ACCOUNT. My account · Order history · Addresses · Perfume Blog. Contact ...,"""perfume"" ""gift card"" Greece",GREECE_HIGH_SAFE,merchant_owned_gift_card_with_greece_relevance
100,lifehappensoutdoors.com,Adventure Gift Vouchers & Travel Gift Cards | LHO,https://lifehappensoutdoors.com/life-happens-outdoors-gift-card/?srsltid=AfmBOorguVTiwbVsDh401a2Ty6v0DuwmFPc4ZsbfzjuLqGN3I_Vt8G73,Adventure Gift Vouchers & Travel Gift Cards | LHO,"Greece · Italy · Norway · Scotland ... Each adventure gift voucher can be used toward guided trekking, climbing, mountaineering and outdoor experiences worldwide.","""outdoor"" ""gift voucher"" Greece",GREECE_HIGH_SAFE,merchant_owned_gift_card_with_greece_relevance
100,lifo.gr,Skroutz gift card: Οι 5 καλύτερες ιδέες για να ...,https://www.lifo.gr/thegoodlifo/good-living/skroutz-gift-card-oi-5-kalyteres-idees-gia-na-hrisimopoiiseis-ti-dorokarta,Skroutz gift card: Οι 5 καλύτερες ιδέες για να ...,"Ο λόγος για την ηλεκτρονική δωροκάρτα του Skroutz, η οποία όχι απλώς ... Good Living / Σπιτικό παγωτό, home cinema, garden party: Ζήσ'το όπως ...","site:.gr ""cinema"" ""δωροκάρτα""",GREECE_HIGH_SAFE,merchant_owned_gift_card_with_greece_relevance
100,lookshop.gr,Δωροκάρτα Super Dad,https://lookshop.gr/giftcard2.html,Δωροκάρτα Super Dad,"Το Look Shop προσφέρει την δυνατότητα να κάνετε δώρο μια δωροκάρτα σε ένα αγαπημένο σας πρόσωπο ,την οποία θα μπορεί να εξαργυρώσει ο παραλήπτης στο ...","site:.gr ""eyewear"" ""δωροκάρτα""",GREECE_HIGH_SAFE,merchant_owned_gift_card_with_greece_relevance
100,lousma.gr,Gift Card,https://lousma.gr/el/gift-card/,Gift Card,"Wellness Massage · Candle Massage · Thai Oil Massage · Hot Stone Massage ... Η Δωροκάρτα μας είναι το ιδανικό δώρο — γενέθλια, γιορτές, επετείους ή απλώς ...","site:.gr ""wellness"" ""δωροκάρτα""",GREECE_HIGH_SAFE,merchant_owned_gift_card_with_greece_relevance
100,lovegeneration.gr,Δωροκάρτα Love Generation,https://lovegeneration.gr/shop/gift-card/gift-card/,Δωροκάρτα Love Generation,MEN'S CLOTHING · WOMEN'S CLOTHING · GIFTCARD. ΔΩΡΕΑΝ ΜΕΤΑΦΟΡΙΚΑ ΑΝΩ ΤΩΝ 90 ... Δωροκάρτα Love Generation. 20 €. Επιλέξτε το ποσό που θέλετε να δωρίσετε και ...,"site:.gr ""clothing"" ""δωροκάρτα""",GREECE_HIGH_SAFE,merchant_owned_gift_card_with_greece_relevance
100,lovelykids.gr,Gift Cards - Lovelykids.gr,https://www.lovelykids.gr/index.php?route=kbgiftcard/kbgiftcard,Gift Cards - Lovelykids.gr,Gift Card. 1 - Επιλογή Σχεδίου; 2 - Λεπτομέριες. Επιλέξτε ενα σχέδιο. Lovelykids.gr. Lovelykids.gr. Συνέχεια. Happy Birthday! Happy Birthday! Συνέχεια ...,"""kids"" ""gift card"" Greece",GREECE_HIGH_SAFE,merchant_owned_gift_card_with_greece_relevance
100,lumiere.com.gr,LUMIERE Gift Card,https://lumiere.com.gr/products/lumiere-gift-card?srsltid=AfmBOop8LODlfos-jdJdtkpieXgQeirm6v4B52leHsJfIVrfjcXwkHlP,LUMIERE Gift Card,"Zoom picture. LUMIERE Gift Card. LUMIERE. LUMIERE Gift Card. Sale price€25,00. Denominations: €25.00 €50.00 €75.00 €100.00 €150.00. €25.00 - €25,00, €50.00 - ...","site:.com.gr ""gift card""",GREECE_HIGH_SAFE,merchant_owned_gift_card_with_greece_relevance
100,lvk.ufr.gr,Δωροκάρτα 7€ | Γυμναστήριο LVK PREMIUM FITNESS Ν. Σμύρνη,https://lvk.ufr.gr/reward-archives/7euro-giftcard-wheel/,Δωροκάρτα 7€ | Γυμναστήριο LVK PREMIUM FITNESS Ν. Σμύρνη,"ΕΙΔΙΚΟΙ ΟΡΟΙ REWARD LVK PREMIUM FITNESS - ΓΥΜΝΑΣΤΗΡΙΟ Ν. ΣΜΥΡΝH. ΠΕΡΙΓΡΑΦΗ REWARD. Δωροκάρτα 7€ Για ό,τι θέλεις να αποκτήσεις είτε συνδρομή είτε συνεδρίες.","site:.gr ""fitness"" ""δωροκάρτα""",GREECE_HIGH_SAFE,merchant_owned_gift_card_with_greece_relevance
100,maccosmetics.com,E Gift Cards,https://www.maccosmetics.com/pages/gift-cards,E Gift Cards,GermanyDeutsch; Greeceελληνικά; HungaryMagyar; ItalyItaliano; Netherlands ... Check Your Gift Card Balance. Enter your card number to view your balance ...,"""Germany"" beauty ""gift card"" official",GREECE_HIGH_SAFE,merchant_owned_gift_card_with_greece_relevance
100,maccosmetics.gr,Gift Cards - FAQ,https://www.maccosmetics.gr/en-e-gr/giftcards/faq,Gift Cards - FAQ,Gift Card amounts are not included in the calculation of shipping and handling charges. ... © MAKE-UP ART COSMETICS. ALL WORLDWIDE RIGHTS RESERVED. PRIVACY ...,"site:.gr ""cosmetics"" ""gift card""",GREECE_HIGH_SAFE,merchant_owned_gift_card_with_greece_relevance
100,mafilbags.gr,Gift card Αρχεία,https://www.mafilbags.gr/product-category/gift-card/,Gift card Αρχεία,Mafil gift card. 50.00€ – 200.00€ Price range: 50.00€ through 200.00 ... Mafil bags. Shoulder bags Small bags Backpacks Others · Σακάκια Πουκάμισα Σετ ...,"""bags"" ""gift card"" Greece",GREECE_HIGH_SAFE,merchant_owned_gift_card_with_greece_relevance
100,manicurious.gr,GIFT CARD,https://www.manicurious.gr/gift-card,GIFT CARD,"Gift Card. €25. Amount. €25. €50. €100. €150. €200. Other amount. Quantity. Buy Now. CONTACT. ADDRESS. Xenofontos 26. Glyfada, 16675. OPENING HOURS.","site:.gr ""gift card""",GREECE_HIGH_SAFE,merchant_owned_gift_card_with_greece_relevance
100,mantility.com,Gift Card - Κάρτα Δώρου - Mantility,https://www.mantility.com/el/scarves-gallery/gift-card/,Gift Card - Κάρτα Δώρου - Mantility,"Κάρτα Δώρου · Αν το ποσό της Κάρτας Δώρου δεν συμπληρώσει ολόκληρο το ποσό της παραγγελίας, θα χρειαστεί να πληρώσετε το υπόλοιπο της αγοράς με τους διαθέσιμους ...","""κάρτα δώρου""",GREECE_HIGH_SAFE,merchant_owned_gift_card_with_greece_relevance
100,mastorematadiy.com,Mastorematadiy,https://www.mastorematadiy.com/article/en/10/e-gift-card-3-bhmata-gia-na-aposteilete-dorokarta,e-Gift Card - 3 Βήματα για να αποστείλετε δωροκάρτα,0. Language: Greek · English. Customer Service. 7000 10 70 · TOOLS · HAND TOOLS ... Gift Voucher. Information. Terms & Conditions · Contact · Privacy Policy ...,"""tools"" ""gift voucher"" Greece",GREECE_HIGH_SAFE,merchant_owned_gift_card_with_greece_relevance
100,matis-fashion.com,Gift Card,https://www.matis-fashion.com/el/gift-card/,Gift Card,Gift Card · Παρακολούθηση παραγγελίας. Μέλη. Πως να γίνω μέλος · Προνόμια ... fashion.com θα ολοκληρωθεί οριστικά στις 31 Αυγούστου 2026. Η απόφαση αυτή ...,"""fashion"" ""gift card"" Greece",GREECE_HIGH_SAFE,merchant_owned_gift_card_with_greece_relevance
100,mavri-thalassa.gr,Gift Cards | Mavri Thalassa Restaurant,https://mavri-thalassa.gr/en/gift-cards/,Gift Cards | Mavri Thalassa Restaurant,"Purchase a gift card and offer your loved ones an unforgettable meal at Mavri Thalassa, the award-winning seafood restaurant in Kalamaria, Thessaloniki!","""Thessaloniki"" ""gift card""",GREECE_HIGH_SAFE,merchant_owned_gift_card_with_greece_relevance
100,mbtheatre.com,Gift Cards,https://www.mbtheatre.com/giftcards,Gift Cards,"Give the gift of live theatre and so more with a gift card to Michigan's Answer to Broadway! ... Greece, Greenland, Grenada, Guadeloupe, Guam, Guatemala ...","""theatre"" ""gift card"" Greece",GREECE_HIGH_SAFE,merchant_owned_gift_card_with_greece_relevance
100,megafitness.gr,"Megafitness Gift Card 300,00€",https://www.megafitness.gr/en/megafitness-gift-card-300-00%E2%82%AC-104325,"Megafitness Gift Card 300,00€","Megafitness Gift Card 300,00€ - 104325 - - ... Sports & Leisure342 · BlazePod2 · Crash Mats7 · Individual Sports ...","site:.gr ""sports"" ""gift card""",GREECE_HIGH_SAFE,merchant_owned_gift_card_with_greece_relevance
100,melissinos-sandals.gr,Gift Voucher - 55,http://www.melissinos-sandals.gr/giftvouchers/gift-card-55-detail,Gift Voucher - 55,"Gift Voucher - 55 ... The Voucher is valid for one year from the purchase date. It can be used both at our physical shop and eshop, to purchase any product of ...","site:.gr ""gift voucher""",GREECE_HIGH_SAFE,merchant_owned_gift_card_with_greece_relevance
100,mgsound.gr,MGsound Gift Card 300€ | Premium Event Gift Card,https://www.mgsound.gr/product/gift-card-300/?srsltid=AfmBOor9zJIGcmlK-272F6SOU8U2UDBV-AfXv09-bRqilRiHpN2U7TDO,MGsound Gift Card 300€ | Premium Event Gift Card,"... wedding present, wedding services, δώρο γάμου, δώρο για ζευγάρι, δωροκάρτα, δωροκάρτα βάπτισης, δωροκάρτα γάμου, υπηρεσίες γάμου, υπηρεσίες εκδηλώσεων.","site:.gr ""wedding"" ""δωροκάρτα""",GREECE_HIGH_SAFE,merchant_owned_gift_card_with_greece_relevance
100,milosnails.gr,Gift Card - Milos Nails,https://milosnails.gr/product/gift-card/,Gift Card - Milos Nails,"Gift Card. 25,00 € – 100,00 € Price range: 25,00 € through 100,00 €. Gift Card Amount. Choose an option, 25 €, 50 €, 100 €. Clear. Add to bag.","site:.gr ""gift card""",GREECE_HIGH_SAFE,merchant_owned_gift_card_with_greece_relevance
100,mixandmatch.gr,DIGITAL GIFT CARD,https://mixandmatch.gr/product/digital-gift-card/,DIGITAL GIFT CARD,THE RESORT EDIT S'23 · SS23 · FW 22-23 · SS22 · SS21 · FW20-21 · Prefall20 · SS20 · FW19-20 ... SKU: GIFT CARD Category: GIFT CARD. Share: GET CLOSER TO OUR ...,"site:.gr ""resort"" ""gift card""",GREECE_HIGH_SAFE,merchant_owned_gift_card_with_greece_relevance
100,moonboon.gr,Gift Card for Moonboon - For the New/Soon-to-Be Parents,https://moonboon.gr/products/gift-card,Gift Card for Moonboon - For the New/Soon-to-Be Parents,"Gift Card ... Whether you are celebrating a special occasion or just want to show someone your appreciation, a gift voucher for organic baby products is always a ...","site:.gr ""baby"" ""gift card""",GREECE_HIGH_SAFE,merchant_owned_gift_card_with_greece_relevance
100,morethanthis.gr,Gift Voucher,https://morethanthis.gr/products/gift-voucher?srsltid=AfmBOooN-KnbKbx1rWYwfNTBEDE43SzYMrMlSUer_jLpxk0AZBWJqiIJ,Gift Voucher,"Furniture · Avalon; Giftsets. Under 200€ · Under 500€ · Gift Card. Designers. A-E. AGUA ... Gift Voucher. Sale price€50,00. Decrease quantity. Increase quantity ...","""furniture"" ""gift voucher"" Greece",GREECE_HIGH_SAFE,merchant_owned_gift_card_with_greece_relevance
100,motoholics.gr,Motoholics e,https://motoholics.gr/motoholics-e-gift-card?srsltid=AfmBOorsIfPkxr3HPdqtJF9Aa28lkqALyIDniuFjV695a_WOzsSYS5WH,Motoholics e-Gift Card,With Motoholics e-Gift Card give the opportunity to your loved ones to choose from a wide range of products for themselves or their motorcycle/scooter.,"site:.gr ""motorcycle"" ""gift card""",GREECE_HIGH_SAFE,merchant_owned_gift_card_with_greece_relevance
100,msystems.gr,Msystems Δωροκάρτα 10e,https://www.msystems.gr/gifcards/msystems-giftcard-10e,Msystems Δωροκάρτα 10e | Δωροκάρτες,Smart Watches · Αξεσουάρ Laptop - Tablet - Smartphone · Τροφοδοτικά & Μπαταρίες ... Η Δωροκάρτα ισχύει μόνο στην Ελλάδα για την αγορά προϊόντων που ...,"site:.gr ""watches"" ""δωροκάρτα""",GREECE_HIGH_SAFE,merchant_owned_gift_card_with_greece_relevance
100,mybeautybox.gr,Δωροκάρτα mybeautybox,https://www.mybeautybox.gr/vrefos-paidi/gift-card-mybeautybox-detail?srsltid=AfmBOoo5uaScKw3pUzJgrCdvlsNpfI9-BOScwbl515Mcv6H2OHGQpek3,Δωροκάρτα mybeautybox,Δωροκάρτα αγορών ΠΑΙΔΙ-ΒΡΕΦΟΣ Δωροκάρτα για ηλεκτρονικές αγορές από το ... Cosmetics; Imel; Inca Cosmetics; it Style; Jigott; Kativa Natural; Kiepe; kk ...,"site:.gr ""cosmetics"" ""δωροκάρτα""",GREECE_HIGH_SAFE,merchant_owned_gift_card_with_greece_relevance
100,myconianambassador.gr,Gift Cards | Ambassador Mykonos,https://www.myconianambassador.gr/gift-cards/,Gift Cards | Ambassador Mykonos,Offer the ultimate Myconian dream. Myconian Ambassador | Gift Cards.,"site:.gr ""gift cards""",GREECE_HIGH_SAFE,merchant_owned_gift_card_with_greece_relevance
100,myconiankorali.gr,Gift Cards | Myconian Korali Luxury Hotel,https://www.myconiankorali.gr/gift-cards/,Gift Cards | Myconian Korali Luxury Hotel,"... hotel. Reserve a spot and let the journey begin! K. K. K. K. K. K. K. K. K. K. K. K. K ... GIFT CARD. Stay in Mykonos Town, close to all the action and the ...","site:.gr ""hotel"" ""gift card""",GREECE_HIGH_SAFE,merchant_owned_gift_card_with_greece_relevance
100,myconiankyma.gr,Gift Cards,https://www.myconiankyma.gr/gift-cards/,Gift Cards,Surprise a loved one with a Myconian Kyma gift card and let them indulge in a luxurious Mykonos escape ... Wellness · Sustainability · Family legacy · Magazine ...,"site:.gr ""wellness"" ""gift card""",GREECE_HIGH_SAFE,merchant_owned_gift_card_with_greece_relevance
100,myconianutopia.gr,Myconian Utopia,https://www.myconianutopia.gr/gift-cards/,Myconian Utopia | Gift Cards,Share the magic of Mykonos with a Myconian Utopia Resort Gift Card. Choose your value and let your loved ones pick from a range of premium amenities!,"""resort"" ""gift card"" Greece",GREECE_HIGH_SAFE,merchant_owned_gift_card_with_greece_relevance
100,mycover-protection.com,Motorcycle gift voucher for real bikers - MYCOVER® Protection,https://www.mycover-protection.com/en/produkt/gift-voucher/,Motorcycle gift voucher for real bikers - MYCOVER® Protection,"Motorcycle gift voucher: MYCOVER® Online store gift voucher ... Greece, 9,90 € / free shipping from 99€ order value. Ireland, 9,90 € / free ...","""motorcycle"" ""gift voucher"" Greece",GREECE_HIGH_SAFE,merchant_owned_gift_card_with_greece_relevance
100,mykonosonthebay.com,GIFT VOUCHER | MykonosOnTheBay,https://www.mykonosonthebay.com/gift-voucher,GIFT VOUCHER | MykonosOnTheBay,"Gift Voucher. Treat someone you care to a Good Meal! Discount is applicable ... (Includes Mykonos On The Bay, SolePomodoro Trattoria Pizzeria, Cugini Trattoria ...","""Mykonos"" ""gift voucher""",GREECE_HIGH_SAFE,merchant_owned_gift_card_with_greece_relevance
100,myrto-naturalcosmetics.de,Gift voucher for natural cosmetics,https://www.myrto-naturalcosmetics.de/en/collections/gift-vouchers?srsltid=AfmBOoqcqG4ZdY9AWJT_oFJHacfCo-gTmsHP3GKGDhuPLXzp-2ugUYWE,Gift voucher for natural cosmetics,Give the gift of high-quality natural cosmetics ... Give the gift of natural beauty – with a myrto gift voucher ... Greece Flag Greece. Hungary Flag Hungary.,"""cosmetics"" ""gift voucher"" Greece",GREECE_HIGH_SAFE,merchant_owned_gift_card_with_greece_relevance
100,mytravelgiftcard.gr,My Travel Gift Card - Το δώρο που ταξιδεύει τους ...,https://mytravelgiftcard.gr/,My Travel Gift Card - Το δώρο που ταξιδεύει τους ...,115 26 Αθήνα – Ελλάδα · Email: info@mytravelgiftcard.gr · Τηλέφωνο: 2106927240 · Τηλέφωνο: 2106927241 · Facebook · Instagram. © 2024 My Travel Gift Card | All ...,"""travel"" ""gift card"" Greece",GREECE_HIGH_SAFE,merchant_owned_gift_card_with_greece_relevance
100,najma.gr,Δωροκάρτα,https://najma.gr/product/gift-card/,Δωροκάρτα,Δωροκάρτα| Μπείτε στο site μας και ανακαλύψτε περισσότερα για το προϊόν αλλα ... ΔΩΡΕΑΝ ΜΕΤΑΦΟΡΙΚΑ ΓΙΑ ΑΓΟΡΕΣ ΑΝΩ ΤΩΝ 40€. Najma Jewelry.,"site:.gr ""jewelry"" ""δωροκάρτα""",GREECE_HIGH_SAFE,merchant_owned_gift_card_with_greece_relevance
100,niai.gr,Niai Gift Card,https://niai.gr/products/niai-gift-card?srsltid=AfmBOopBNVxFWbIETvSGWX_vCWgzp4xIAejqXGAmhyh_ASLWUuI58Q3K,Niai Gift Card,Η Gift Card του pet shop μας — το πιο τρυφερό δώρο για έναν αγαπημένο ... Η δωροκάρτα ισχύει χωρίς ημερομηνία λήξης και μπορεί να χρησιμοποιηθεί σε όλα.,"site:.gr ""pet shop"" ""δωροκάρτα""",GREECE_HIGH_SAFE,merchant_owned_gift_card_with_greece_relevance
100,nirvana-massage.gr,Massage Gift Vouchers in Chania | The Perfect Wellness Gift,https://www.nirvana-massage.gr/gift-vouchers/,Massage Gift Vouchers in Chania | The Perfect Wellness Gift,"Give the gift of relaxation in Chania. Nirvana Gift Vouchers are available in €50, €100 and €150 for any massage or wellness treatment ... A gift voucher from ...","""wellness"" ""gift voucher"" Greece",GREECE_HIGH_SAFE,merchant_owned_gift_card_with_greece_relevance
100,nnormal.com,Nnormal,https://www.nnormal.com/en_GR/men/bags-accessories/linea.plvg/nnormal-e_gift_card-PN007-001,E-Gift Card,E-Gift Card. 1 / 2. E-Gift Card. Colours: E-Gift Card - PN007-001 ... Greece / English. facebook · instagram · youtube · linkedin.,"""bags"" ""gift card"" Greece",GREECE_HIGH_SAFE,merchant_owned_gift_card_with_greece_relevance
100,nomos-glashuette.com,NOMOS gift voucher – NOMOS Glashütte | GR Store,https://nomos-glashuette.com/en-gr/give-aways/nomos-gift-voucher-scheck75?srsltid=AfmBOorOyA17OLNvsLkYee-on-xKMSGZo_5kpckGd2h8ca5wZVHpQ_Wb,NOMOS gift voucher – NOMOS Glashütte | GR Store,Shipping to: Greece / EUR Language: English · Search · Shop · Find retailer · Sign in / Register Basket Search · Home · All watches · NOMOS gift voucher.,"""watches"" ""gift voucher"" Greece",GREECE_HIGH_SAFE,merchant_owned_gift_card_with_greece_relevance
100,noones.com,Buy ATTICA Greece Gift Cards,https://noones.com/pcm/buy-gift-cards/attica-greece,Buy ATTICA Greece Gift Cards,Buy ATTICA Greece gift cards with reach 20% discount for NoOnes Gift card ... attica is the country's largest department store which is located in five locations ...,"""department store"" ""gift card"" Greece",GREECE_HIGH_SAFE,merchant_owned_gift_card_with_greece_relevance
100,northandsouthjewelry.gr,North & South jewelry gift card,https://www.northandsouthjewelry.gr/products/north-south-jewelry-gift-card?srsltid=AfmBOoqpnlnJs7PyY2QOHnPURo_X8FpXG1RRL-JifPGNOLZQbldZFKcY,North & South jewelry gift card,"Η δωροκάρτα North & South jewelry gift card διατίθεται σε ψηφιακή μορφή. Μόλις ολοκληρώσετε την παραγγελία μιας δωροκάρτας, θα λάβετε ένα μήνυμα ηλεκτρονικού ...","site:.gr ""jewelry"" ""gift card""",GREECE_HIGH_SAFE,merchant_owned_gift_card_with_greece_relevance
100,northsantorini.com,Gift Cards,https://www.northsantorini.com/gift-cards,Gift Cards,"North Santorini - A Luxury Spa Hotel in Santorini. FAQs. MENU. BOOK ONLINE ... Select Gift Card, Luxury Romance Package, Bottle of Prosecco & Fruit Salad ...","""Santorini"" ""gift card""",GREECE_HIGH_SAFE,merchant_owned_gift_card_with_greece_relevance
100,number-a.com,#A Gift Card – number A,https://number-a.com/products/number-a-gift-card,#A Gift Card – number A,"number A eyewear cycling glasses & goggles MTB gift voucher. Zoom Expand ... Greece (AUD $), Greenland (AUD $), Grenada (AUD $), Guadeloupe (AUD ...","""eyewear"" ""gift voucher"" Greece",GREECE_HIGH_SAFE,merchant_owned_gift_card_with_greece_relevance
100,nytgbshop.myshopify.com,NYT Gift Card – The National Youth Theatre Shop,https://nytgbshop.myshopify.com/products/nyt-gift-card,NYT Gift Card – The National Youth Theatre Shop,"Greece EUR €; Guernsey GBP ... © 2026, The National Youth Theatre Shop Powered by Shopify ... NYT Gift Card.","""theatre"" ""gift card"" Greece",GREECE_HIGH_SAFE,merchant_owned_gift_card_with_greece_relevance
100,oblikeditions.company.site,Oblik Editions Gift card,https://oblikeditions.company.site/%CE%94%CF%89%CF%81%CE%BF%CE%BA%CE%AC%CF%81%CF%84%CE%B1-Gift-card-p264376435,Oblik Editions Gift card,Δωροκάρτα/Gift card. Κατάστημα/Θεσσαλονίκη/Thessaloniki. €20.00. Επιλέξτε ποσό. €20.00. €30.00. €50.00. €100.00. Σε στοκ. Ποσότητα:.,"""Thessaloniki"" ""δωροκάρτα""",GREECE_HIGH_SAFE,merchant_owned_gift_card_with_greece_relevance
100,offroadcrete.gr,Gift Card - Quad & Buggy Safari Crete,https://www.offroadcrete.gr/gift-card,Gift Card - Quad & Buggy Safari Crete,Gift Card. €25. Amount. €25. €50. €100. €150. €200. Other amount. Quantity. Buy Now. QUAD & BUGGY. SAFARI CRETE. Get exclusive updates,"""Crete"" ""gift card""",GREECE_HIGH_SAFE,merchant_owned_gift_card_with_greece_relevance
100,oikosterzis.gr,GIFT CARDS,https://www.oikosterzis.gr/gift-cards-en,GIFT CARDS,OUTDOOR LIGHTING · ARCHITECTURAL LIGHTING · BATHROOM LIGHTING · FAN · HOTEL ROOM ... Offer them aν OIKOS Gift Card. Add the amount of your preference and give ...,"site:.gr ""outdoor"" ""gift card""",GREECE_HIGH_SAFE,merchant_owned_gift_card_with_greece_relevance
100,olasmarine.com,Exposure Marine E,https://olasmarine.com/products/exposure-marine-e-gift-card,Exposure Marine E-Gift card,Greece · EUR € Guernsey · USD $ Guyana · USD ... Exposure Marine E-Gift card. SKU: Inventory on the way. Regular price £10.00 ...,"""marine"" ""gift card"" Greece",GREECE_HIGH_SAFE,merchant_owned_gift_card_with_greece_relevance
100,omniawellness.gr,Gift Cards – Omnia Welness – Massage & SPA in Kefalonia,https://www.omniawellness.gr/gift-cards/,Gift Cards – Omnia Welness – Massage & SPA in Kefalonia,OFFER MOMENTS OF WELLNESS · CHOOSE A GIFT CARD · CUSTOMIZE IT! · FOR MORE INFO · CALL US AT ...,"site:.gr ""wellness"" ""gift card""",GREECE_HIGH_SAFE,merchant_owned_gift_card_with_greece_relevance
100,online.mideast.gr,Gift Vouchers,https://online.mideast.gr/gift-vouchers/,Gift Vouchers,Customize Your Gift Voucher · Gift for Travelers · Autumn Trip Gift · Gift for Autumn Travelers · Christmas Gift · Gift for Cristmas · New Year Gift · Be the Santa.,"site:.gr ""gift voucher""",GREECE_HIGH_SAFE,merchant_owned_gift_card_with_greece_relevance
100,oxygenplus.gr,Luxurious Day Spa Gift Card,https://oxygenplus.gr/en/product/luxurious-giftcard/,Luxurious Day Spa Gift Card,Οι υπηρεσίες πραγματοποιούνται στο χώρο του Oxygen plus κατόπιν ραντεβού! In stock. Quantity. Luxurious Day Spa Gift Card quantity. Add to cart. Category ...,"site:.gr ""spa"" ""gift card""",GREECE_HIGH_SAFE,merchant_owned_gift_card_with_greece_relevance
100,pacoartcenter.gr,Paco Δωροκάρτες από €10.00,https://www.pacoartcenter.gr/el/gift-card.html?srsltid=AfmBOoqwwp_pqnuXLbrDkSaoOGid7W6gEIDwxhdsJlqqCsLwwzboOPQ9,Paco Δωροκάρτες από €10.00,"Paco Art Center Gift Card. Paco Art. Κωδικός Paco: giftcard. Από €10,00 ... Πινέλα Hobby-Decoupage · Πινέλα για Σχολεία & Παιδιά · Πινέλα & Αξεσουάρ για ...","""hobby"" ""gift card"" Greece",GREECE_HIGH_SAFE,merchant_owned_gift_card_with_greece_relevance
100,pamemassage.gr,Gift Card,https://pamemassage.gr/product/gift-card/,Gift Card,"Gift Card. €15.00 – €110.00 Price range: €15.00 through €110.00. ✨ Χαρίστε ... Pame Massage Center. Πριγκιποννήσων 4, Νέα Ιωνία, 14231. Ελληνικά. English ...","""massage"" ""gift card"" Greece",GREECE_HIGH_SAFE,merchant_owned_gift_card_with_greece_relevance
100,papcorp.com,Gift Card | P.A.P Hotels & Beach Wedding Events - P.A.P. Corp,https://www.papcorp.com/gift-card,Gift Card | P.A.P Hotels & Beach Wedding Events - P.A.P. Corp,"Mak a unique gift - Beach Holidays in Halkdiki, Greece. Contact us today to package the right gift for your beloved person ... PAP Gift Card. €25. Amount. €25. € ...","""wedding"" ""gift card"" Greece",GREECE_HIGH_SAFE,merchant_owned_gift_card_with_greece_relevance
100,paran.com.au,Gift Cards,https://paran.com.au/product-category/gift-cards/,Gift Cards,Paran Gift Voucher. $50.00 – $400.00 Price range: $50.00 through $400.00 ... Rhodes – Hair Design · Macquarie – Hair Design · Top Ryde – Hair Design ...,"""Rhodes"" ""gift voucher""",GREECE_HIGH_SAFE,merchant_owned_gift_card_with_greece_relevance
100,partyanimalprint.com,Trip To Corfu Pass Personalised Gift Voucher Surprise ...,https://partyanimalprint.com/trip-to-corfu-pass-personalised-gift-voucher-surprise-trip-holiday-ticket/?srsltid=AfmBOooFr67GoX5zBzgDantj7UQOx6oCz8k_oJnxaYzIy2dTVguVxs6x,Trip To Corfu Pass Personalised Gift Voucher Surprise ...,"This Trip To Corfu Pass Personalised Gift Voucher Surprise Trip Holiday Ticket is printed onto high quality satin finish card, measures 21.5 x 10.6cm and comes ...","""Corfu"" ""gift voucher""",GREECE_HIGH_SAFE,merchant_owned_gift_card_with_greece_relevance
100,patousakishoes.gr,Δωροκάρτα - Patousaki Shoes,https://www.patousakishoes.gr/product-tag/giftcard/?srsltid,Δωροκάρτα - Patousaki Shoes,Δωροκάρτα. Ολα · Αγόρι · Κορίτσι · Αξεσουάρ · Είδη κολυμβητηρίου. Δεν βρέθηκε κανένα ... Στο Patousaki Shoes προσφέρουμε μια επιλεγμένη συλλογή από παιδικά ...,"site:.gr ""shoes"" ""δωροκάρτα""",GREECE_HIGH_SAFE,merchant_owned_gift_card_with_greece_relevance
100,pavoneshoes.gr,Gift Cards,https://pavoneshoes.gr/en/gift-cards?srsltid=AfmBOoqd29Li9ICxVVwKk9-VaSMZB8L4ZUxNlEASj6JfHcmvOTyfPalO,Gift Cards,PAVONE Gift Card 20€. 20€. PAVONE Gift Card 50€. 50 ... © 2024 PAVONE shoes concept store; Με την Υποστήριξη του Opencart.gr. PAVONE.,"""shoes"" ""gift card"" Greece",GREECE_HIGH_SAFE,merchant_owned_gift_card_with_greece_relevance
100,payclarus.com,IKEA,https://payclarus.com/en/gift-cards/greece/ikea,IKEA — gift card: Greece,"A gift card pays for almost the entire range: cabinet and upholstered furniture, kitchens and appliances, mattresses, lighting, tableware, textiles, storage ...","""furniture"" ""gift card"" Greece",GREECE_HIGH_SAFE,merchant_owned_gift_card_with_greece_relevance
100,perfumeintheair.gr,Gift Cards Archives - Perfume In The Air Αρώματα μεγάλης διάρκειας ...,https://perfumeintheair.gr/product-category/gift-cards/,Gift Cards Archives - Perfume In The Air Αρώματα μεγάλης διάρκειας ...,"Gift Cards. Φίλτρα. Perfume In The Air δώρα αρωμάτων Βριλήσσια · Δωροκάρτα 20 Ευρώ. 20,00 €. Περισσότερα · αρώματα απομίμηση · Δωροκάρτα 30 Ευρώ. 30,00 €.","site:.gr ""perfume"" ""δωροκάρτα""",GREECE_HIGH_SAFE,merchant_owned_gift_card_with_greece_relevance
100,petridi.gr,Gift Vouchers,https://www.petridi.gr/en/gift-vouchers/?srsltid=AfmBOopBOHYpW5aoy4lugdwHI5DCZE7CrV5vKftN5-NkqpTePPsit79z,Gift Vouchers,Toys · Gift Vouchers Gift Card 25 Euro · Gift Card 25 Euro. 25.00 €. Gift Vouchers ... Give the joy of choosing a gift from among thousands of products with the ...,"""toys"" ""gift voucher"" Greece",GREECE_HIGH_SAFE,merchant_owned_gift_card_with_greece_relevance
100,physismassage.gr,Massage Gift Card,https://physismassage.gr/gift-cards/,Massage Gift Card,Χαρίστε σε αγαπημένα σας πρόσωπα μια μοναδική εμπειρία χαλάρωσης και ευεξίας που θα θυμούνται για πάντα. Χαρίστε μια Massage Gift Card απο το Physis!,"""massage"" ""gift card"" Greece",GREECE_HIGH_SAFE,merchant_owned_gift_card_with_greece_relevance
100,pleko.gr,Δωροκάρτα,https://pleko.gr/gift-ideas/gift-card-detail,Δωροκάρτα,"Δωροκάρτα από τα Μαλλιά Κουβάρια, το ιδανικό δώρο για όσους αγαπούν το ... ® Tanidis IT | Corporate Solutions & Courses. Sitemap · Σχετικά με εμάς · Οροι ...","site:.gr ""courses"" ""δωροκάρτα""",GREECE_HIGH_SAFE,merchant_owned_gift_card_with_greece_relevance
100,popaganda.gr,To Taxibeat παρουσιάζει τις Taxibeat Gift Cards. Κάντε ένα ...,https://www.popaganda.gr/newstrack/taxibeat-gift-cards-dora/,To Taxibeat παρουσιάζει τις Taxibeat Gift Cards. Κάντε ένα ...,Η Taxibeat Gift Card είναι μια ηλεκτρονική δωροκάρτα που μπορεί να εξαργυρωθεί σε διαδρομές ταξί. ... Το deja vu των Pet Shop Boys και η ...,"site:.gr ""pet shop"" ""gift card""",GREECE_HIGH_SAFE,merchant_owned_gift_card_with_greece_relevance
100,prepareforgreece.com,Greek Language Course Gift Card,https://prepareforgreece.com/ro/products/greek-language-course-gift-card?srsltid=AfmBOopaXENx9_ORv7kqWYwOCgn6jNd2TvKMtIur15GuTiRkjeyeCaKu,Greek Language Course Gift Card,... Courses. ✓ Vocabulary & Grammar Courses ... Your friend or family member can choose any course they want from Prepare For Greece and use the gift card balance at ...,"""courses"" ""gift card"" Greece",GREECE_HIGH_SAFE,merchant_owned_gift_card_with_greece_relevance
100,promo.lainasprinting.gr,Gift card box Hako - White,https://promo.lainasprinting.gr/en/gift-card-box-hako--white---PP43080.3,Gift card box Hako - White,"Gift card box Hako - White ... Select from available print options and get product price including your individual printing. And finish your order online. ... 1+ 2, ...","site:.gr ""printing"" ""gift card""",GREECE_HIGH_SAFE,merchant_owned_gift_card_with_greece_relevance
100,proteasbluresort.gr,Gift Voucher,https://www.proteasbluresort.gr/gift-voucher/,Gift Voucher,Gift Voucher. Vouchers can be redeemed against accommodation and a variety of exclusive services offered throughout the Proteas Blu Resort.,"""resort"" ""gift voucher"" Greece",GREECE_HIGH_SAFE,merchant_owned_gift_card_with_greece_relevance
100,purebubs.gr,Gift Card | Perfect Gift for Any Occasion,https://purebubs.gr/products/gift-card?srsltid=AfmBOorFB0X4QjbHxpeDQqkzX-AneZJZ4bQzKw9NH0yWNNAhsXapMnb-,Gift Card | Perfect Gift for Any Occasion,"Beautifully simple and always appreciated, the Gift Card transforms gifting into an experience of discovery, relaxation, and self-love. It's more than just a ...","site:.gr ""experience"" ""gift card""",GREECE_HIGH_SAFE,merchant_owned_gift_card_with_greece_relevance
100,queen.gr,ΚΕΡΔΙΣΕ gift card 300€ από το answear.gr και fashion tips ...,https://www.queen.gr/diagwnismoi/story/269293/kerdise-gift-card-300-apo-to-answear-gr-kai-fashion-tips-gia-na-dimiourgiseis-to-diko-sou-styl,ΚΕΡΔΙΣΕ gift card 300€ από το answear.gr και fashion tips ...,ΚΕΡΔΙΣΕ gift card 300€ από το answear.gr και fashion tips για να δημιουργήσεις το δικό σου στυλ!,"""fashion"" ""gift card"" Greece",GREECE_HIGH_SAFE,merchant_owned_gift_card_with_greece_relevance
100,quora.com,How to buy a gift card for someone in Greece,https://www.quora.com/How-do-I-buy-a-gift-card-for-someone-in-Greece,How to buy a gift card for someone in Greece,How do I buy a gift card for someone in Greece?,"""home"" ""gift voucher"" Greece",GREECE_HIGH_SAFE,merchant_owned_gift_card_with_greece_relevance
100,rhodesboutique.com,Rhodes Charleston Gift Cards,https://rhodesboutique.com/products/rhodes-gift-cards?srsltid=AfmBOoo_WW1yCiusNZcXpX5yoXmXJoY1aLDHfQT_IKtrT906R9CM2OpJ,Rhodes Charleston Gift Cards,"Treat someone special to the gift of their choice with a gift card to Rhodes Boutique and Rhodes Home & Gift. From luxury fashion to home decor, a gift card ...","""Rhodes"" ""gift card""",GREECE_HIGH_SAFE,merchant_owned_gift_card_with_greece_relevance
100,rhodeswaterside.com.au,Gift Cards,https://www.rhodeswaterside.com.au/visit/centre-info-and-services/gift-cards,Gift Cards,Rhodes Waterside Gift Cards can be loaded with any value between $5 - $250 and are valid for a period of 36 months. ... How can I buy a Gift Card? ... How much will ...,"""Rhodes"" ""gift card""",GREECE_HIGH_SAFE,merchant_owned_gift_card_with_greece_relevance
100,rhodeswood.co.uk,Rhodes-Wood E Gift Card,https://rhodeswood.co.uk/products/rhodes-wood-e-gift-card?srsltid=AfmBOop3cgjk-B6oOItpAHZRPeIoHO7yw-c9THIiCR2BGJOy8hdKDhlI,Rhodes-Wood E Gift Card,Rhodes-Wood E Gift Card. Show your appreciation with our e-gift cards! Our e-gift cards are the perfect way to surprise your loved ones.,"""Rhodes"" ""gift card""",GREECE_HIGH_SAFE,merchant_owned_gift_card_with_greece_relevance
100,ricordi.gr,Όροι Gift Card - RICORDI - Men's Designer Clothing,https://ricordi.gr/en/oroi-gift-card/?srsltid,Όροι Gift Card - RICORDI - Men's Designer Clothing,Clothing; Footwear; Accessories; Women · Outlet ... Sending a Gift Card. Sending a Gift Card. Payment ... Μen's Designer Clothing. ΕA7 Menswear · Εmporio ...,"site:.gr ""clothing"" ""gift card""",GREECE_HIGH_SAFE,merchant_owned_gift_card_with_greece_relevance
100,rideonline.gr,GIFT CARD - rideonline bmx streetwear,https://www.rideonline.gr/en/product/gift-card/?srsltid=AfmBOopkOYnBheo0141JHXVYX8rIsZqn8tmi6dmPyBvVGSmK6dxSixxu,GIFT CARD - rideonline bmx streetwear,Cinema · Crocs · Cult. D. Demolition · Dickies. E. Eclat · Etnies. F. Federal · Fiend · Fuse. H ... GIFT CARD. SKU: giftcard. Send your loved ones an e-gift card ...,"site:.gr ""cinema"" ""gift card""",GREECE_HIGH_SAFE,merchant_owned_gift_card_with_greece_relevance
100,rocksugarbaby.gr,Gift Cards Αρχεία,https://www.rocksugarbaby.gr/product-category/dorakia/gift-cards/?srsltid=AfmBOopBZ8BToeQVLR0RcVoGU84GCCruRlWXROtASSZ2sb6tkfB31BOU,Gift Cards Αρχεία,"ROCK SUGAR BABY · Gift Card 100€. In stock. Άμεσα διαθέσιμο. 100,00 €. Add to wishlist · Προσθήκη στο καλάθι · ROCK SUGAR BABY · Gift Card 75€. In stock. Άμεσα ...","""baby"" ""gift card"" Greece",GREECE_HIGH_SAFE,merchant_owned_gift_card_with_greece_relevance
100,rococo.gr,Gift Cards - Rococo,https://www.rococo.gr/en/gift-cards,Gift Cards - Rococo,The Gift Card can be sent directly to the recipient's email or printed by you. ... All the new arrivals and the latest fashion trends in your mailbox.,"site:.gr ""fashion"" ""gift card""",GREECE_HIGH_SAFE,merchant_owned_gift_card_with_greece_relevance
100,rodirestaurants.co.uk,Gift Vouchers | Rodi Greek Restaurant Welwyn,https://rodirestaurants.co.uk/gift-vouchers,Gift Vouchers | Rodi Greek Restaurant Welwyn,"... gift voucher is a thoughtful and memorable gift for anyone who loves great food. To request a voucher, fill out the form below with your details and we'll ...","""food"" ""gift voucher"" Greece",GREECE_HIGH_SAFE,merchant_owned_gift_card_with_greece_relevance
100,royalgrandhotel.gr,Why a Get a Room! Gift Card is the Only Present to Give This Year,https://royalgrandhotel.gr/why-a-get-a-room-gift-card-is-the-only-present-to-give-this-year/,Why a Get a Room! Gift Card is the Only Present to Give This Year,Gift Card is the Only Present to Give This Year. Amidst the cerulean ... Copyright © ROYAL GRAND HOTEL . All Rights Reserved. Designed by Techmaximal ...,"site:.gr ""hotel"" ""gift card""",GREECE_HIGH_SAFE,merchant_owned_gift_card_with_greece_relevance
100,royalmyconian.gr,Gift Cards | Royal Myconian Resort,https://www.royalmyconian.gr/gift-cards/,Gift Cards | Royal Myconian Resort,Surprise your loved ones with a Royal Myconian Resort Gift Card. Choose any value and give them the opportunity to experience the best of Mykonos!,"site:.gr ""resort"" ""gift card""",GREECE_HIGH_SAFE,merchant_owned_gift_card_with_greece_relevance
100,sailionian.com,Holiday Gift Vouchers | Sail Ionian Lefkada Greece,https://www.sailionian.com/gift-vouchers/,Holiday Gift Vouchers | Sail Ionian Lefkada Greece,"Types of RYA Courses · Competent Crew ... Whether it's for Christmas, a special Birthday or an anniversary - a gift voucher is thoughtful for any occasion...","""courses"" ""gift voucher"" Greece",GREECE_HIGH_SAFE,merchant_owned_gift_card_with_greece_relevance
100,salero.gr,Κάρτα Δώρου Εστιατόριο | Salero Restaurant,https://www.salero.gr/gift-card,Κάρτα Δώρου Εστιατόριο | Salero Restaurant,"salero restaurant athens greek cuisine. Facebook · Instagram · TripAdvisor ... Η δωροκάρτα ισχύει κατόπιν κράτησης για οποιαδήποτε ημέρα, για ποτό ή για φαγητό.","site:.gr ""restaurant"" ""δωροκάρτα""",GREECE_HIGH_SAFE,merchant_owned_gift_card_with_greece_relevance
100,salondemassage.gr,Gift Card,https://salondemassage.gr/en/offer/gift-card,Gift Card,"A gift card from Salon de Massage is not just a present — it's a relaxation experience they will remember for a long time. For the ones you love, and for ...","site:.gr ""massage"" ""gift card""",GREECE_HIGH_SAFE,merchant_owned_gift_card_with_greece_relevance
100,sandinmytoes.gr,Gift Card,https://sandinmytoes.gr/el/shop/gift-card-el/gift-card/?srsltid=AfmBOorDn42FfTbhHJNBGntrkfuBhnx0MgsBQBMqj80JPrGsPWGqXPFJ,Gift Card,Ανακαλύψτε το τέλειο δώρο για κάθε γυναίκα που αγαπάτε με μια Gift Card από την SandInMyToes. Η ιδανική επιλογή για να της χαρίσετε τη δυνατότητα να ...,"""swimwear"" ""gift card"" Greece",GREECE_HIGH_SAFE,merchant_owned_gift_card_with_greece_relevance
100,santorini.net,"Gift cards - Santorini eShop: Wines, Books, Gifts, Souvenirs ...",https://www.santorini.net/product-category/gift-cards/,"Gift cards - Santorini eShop: Wines, Books, Gifts, Souvenirs ...",Santorini eShop ... Gift Card 25-200€. € 25.00 – € 200.00. Eshop Santorini gift card with present ...,"""books"" ""gift card"" Greece",GREECE_HIGH_SAFE,merchant_owned_gift_card_with_greece_relevance
100,santorinigreekgrill.com,Santorini Greek Grill Gift Cards,https://santorinigreekgrill.com/gift-cards,Santorini Greek Grill Gift Cards,Buy Santorini Greek Grill gift cards online. The perfect gift for any occasion. Send a gift card instantly to family or friends.,"""Santorini"" ""gift card""",GREECE_HIGH_SAFE,merchant_owned_gift_card_with_greece_relevance
100,santorininapanee.com,Loyalty & Gift Cards,https://santorininapanee.com/loyalty-gift-card/?srsltid=AfmBOoqefjYcgZegjHNSV8RZ-TW_1P89wbvnL-sQI9U_40A5zqBPdm99,Loyalty & Gift Cards,how to purchase a gift card: You can purchase a Santorini Mediterranean Grill Gift Card either in-store or online. Simply choose the amount you'd like to load ...,"""Santorini"" ""gift card""",GREECE_HIGH_SAFE,merchant_owned_gift_card_with_greece_relevance
100,santorinirestaurantgrillbar.com.au,Santorini Restaurant Grill Bar - Gift vouchers,https://www.santorinirestaurantgrillbar.com.au/gift-vouchers,Santorini Restaurant Grill Bar - Gift vouchers,"Santorini Restaurant Grill Bar - Gift vouchers. An authentic slice of Greece in Newstead. BUY A GIFT VOUCHER. “Absolutely fabulous meal, delicous, generous ...","""Santorini"" ""gift voucher""",GREECE_HIGH_SAFE,merchant_owned_gift_card_with_greece_relevance
100,santorinizenspa.com,Spa Gift Voucher in Santorini,https://www.santorinizenspa.com/zen-spa-gift-voucher-program.html?srsltid=AfmBOooXLG_TXgwhvcsTrfTgVmbiQNafy5FMgKtXibLhodygh3W0xfO-,Spa Gift Voucher in Santorini,​You purchase the Gift Voucher online; The recipient receives a digital voucher ... About Santorini Zen Spa. Santorini Zen Spa offers curated private spa ...,"""Santorini"" ""gift voucher""",GREECE_HIGH_SAFE,merchant_owned_gift_card_with_greece_relevance
100,santowines.gr,Gift Cards - eShop EU,https://santowines.gr/gift-cards-eu/manufacturer/eu,Gift Cards - eShop EU,"Gift cards are only applicable for eShop use, cannot be combined with any other products (thus should be purchased in a separate order) and they can only be ...","site:.gr ""gift cards""",GREECE_HIGH_SAFE,merchant_owned_gift_card_with_greece_relevance
100,sausalitoferry.com,Gift Card for Sausalito Ferry Co. Toy Store,https://www.sausalitoferry.com/products/gift-card,Gift Card for Sausalito Ferry Co. Toy Store,"Greece (EUR €) ... Sausalito Ferry gift card with $25 value featuring Golden Gate Bridge silhouette and ""Keep Sausalito.","""ferry"" ""gift card"" Greece",GREECE_HIGH_SAFE,merchant_owned_gift_card_with_greece_relevance
100,semiology.gr,Semiology Gift Cards,https://semiology.gr/en/products/semiology-gift-cards?srsltid=AfmBOopQfkvIiWqGloGY59xQ7sT-URmQlZCum7eJDlRf3Wvh86dBJetc,Semiology Gift Cards,So simple and fast!!! *If you wish to buy a Gift Card (GIFT CARD) worth more ... Slow Fashion Movement · Stores · Loyalty Club · Career Opportunities ...,"site:.gr ""fashion"" ""gift card""",GREECE_HIGH_SAFE,merchant_owned_gift_card_with_greece_relevance
100,serkos.gr,GIFT CARD,https://www.serkos.gr/en/gift-card?srsltid=AfmBOopqrQeUgWgie9iFg3ninaspoaNCzkwjsnDxP5HkWyK3LCuQJTSw,GIFT CARD,FINE JEWELRY · SEMI PRECIOUS JEWELRY · CUSTOMISED · BRACELETS · RINGS · NECKLACES AND ... GIFT CARD. Giftcard Banner. Gift card value. 50. 100. 150.,"site:.gr ""jewelry"" ""gift card""",GREECE_HIGH_SAFE,merchant_owned_gift_card_with_greece_relevance
100,sfinx.gr,GIFT CARD,https://sfinx.gr/products/gift-card?srsltid=AfmBOopFBZ5vgZC2KIj0hHzh05qkB-tEMfj2Bxk_nw7cXGRsmfd9TIRd,GIFT CARD,"- Gift card itself and the items purchased using a gift card could not be ... JEWELRY CARE · SIZE GUIDE · F.A.Q.. SΦINX® Jewelry. All artworks, designs ...","site:.gr ""jewelry"" ""gift card""",GREECE_HIGH_SAFE,merchant_owned_gift_card_with_greece_relevance
100,shell.gr,Shell Gift Card | Shell Hellas,https://www.shell.gr/el_gr/shell-service-stations/ypiresies/shell-gift-card.html,Shell Gift Card | Shell Hellas,"Shell Gift Card ... Ιδανικό δώρο για ιδιώτες και επιχειρήσεις για αγορές σε καύσιμα, προϊόντα και υπηρεσίες από πρατήρια Shell σε όλη την Ελλάδα. Shell Gift Card: ...","""gift card"" Greece",GREECE_HIGH_SAFE,merchant_owned_gift_card_with_greece_relevance
100,shopdecor.com,Δωροκάρτα,https://shopdecor.com/el/products/gift-card,Δωροκάρτα,Gift Card Bronze - Buy now on ShopDecor - Discover the best products by SHOPDECOR design · Gift Card Gold - Buy now on ShopDecor - Discover the best products by ...,"""decor"" ""gift card"" Greece",GREECE_HIGH_SAFE,merchant_owned_gift_card_with_greece_relevance
100,simplygreen.gr,Gift Card,https://simplygreen.gr/gift-shop/gift-card-%CE%B4%CF%89%CF%81%CE%BF%CE%BA%CE%AC%CF%81%CF%84%CE%B1/,Gift Card - Δωροκάρτα Αρχεία - Simply Green | Στρώματα γιόγκα,Gift Card – Δωροκάρτα · Wellbeing Gifts · Yoga gifts · Zen gifts · Meditation gifts · Gifts for her · Gifts for him. B2B / Wholesale. Wholesale for your ...,"site:.gr ""gifts"" ""δωροκάρτα""",GREECE_HIGH_SAFE,merchant_owned_gift_card_with_greece_relevance
100,skandinavianbar.com,Purchase a Gift Card in Advance,https://www.skandinavianbar.com/mykonos-gift-card/,Purchase a Gift Card in Advance,Purchase a Skandinavian Bar Mykonos Gift Card for your Beloved Ones in Advance.Our Mykonos Gift Card is made to express Love and Friendship.,"""Mykonos"" ""gift card""",GREECE_HIGH_SAFE,merchant_owned_gift_card_with_greece_relevance
100,skinreal.gr,Δωροκάρτα,https://skinreal.gr/product/giftcards/?srsltid=AfmBOoqZ8n9Xa6YGefEp3QM8I0nXGz3oL0fifn0Z3eiQ5UrXkOKS3hbX,Δωροκάρτα,"Skin Tools · Μακιγιαζ Εναλλαγή μενού. Προσωπο · Χειλη · Ματια · Φρυδια · Πινελα ... Δωροκάρτα. 30.00 € – 200.00 €. Ποσό Δωροκάρτας. Κάντε μία επιλογή, 30.00 € ...","site:.gr ""tools"" ""δωροκάρτα""",GREECE_HIGH_SAFE,merchant_owned_gift_card_with_greece_relevance
100,smartcdkeys.com,Buy Cineworld Cinema Gift Cards - Compare Prices,https://smartcdkeys.com/gr/agora-gift-cards/cineworld-cinema,Buy Cineworld Cinema Gift Cards - Compare Prices,Greece (EUR); Hungary (HUF); CIS; Russia / CIS (RUB); Ukraine (UAH); Turkey ... Cineworld Cinema 20 GBP Gift Card από $31.36 £1.15 per £1 Cineworld Cinema ...,"""cinema"" ""gift card"" Greece",GREECE_HIGH_SAFE,merchant_owned_gift_card_with_greece_relevance
100,spanails-delmaresole.gr,Gift Cards,https://spanails-delmaresole.gr/gift-card/,Gift Cards,"Close BEAUTY & SPA Open BEAUTY & SPA. WEDDING SPA & BEAUTY · MOBILE SPA. SPA DEL ... The gift voucher can be redeemed for all our services in-store, up to ...","""beauty"" ""gift voucher"" Greece",GREECE_HIGH_SAFE,merchant_owned_gift_card_with_greece_relevance
100,spaprive.gr,"Gift Card | Massage, Spa Suites, Spa Prive, Thessaloniki ...",https://spaprive.gr/en/offers/gift-card/,"Gift Card | Massage, Spa Suites, Spa Prive, Thessaloniki ...",Gift card. gift card spa prive. A special gift!,"site:.gr ""spa"" ""gift card""",GREECE_HIGH_SAFE,merchant_owned_gift_card_with_greece_relevance
100,sparklingwishes.com,Sparklingwishes,https://sparklingwishes.com/products/e-gift-card?srsltid=AfmBOorU9aBE6CU0Fgj0Q40QeFVnwIEVJtF7TjQm3W_v5RSnaZEEMtpR,E-Gift Card,Give the gift of choice. Our e-gift card is delivered instantly by email and redeemable across our full collection of handcrafted Greek jewelry.,"""jewelry"" ""gift card"" Greece",GREECE_HIGH_SAFE,merchant_owned_gift_card_with_greece_relevance
100,speak-greek.com,Gift voucher - Give your loved ones the gift of ...,https://www.speak-greek.com/2023/12/gift-voucher.html,Gift voucher - Give your loved ones the gift of ...,Greek LessonsTranslationsOnline coursesPublicationsConsultancyMentoring ... How about a gift voucher for learning the Greek Language via:,"""courses"" ""gift voucher"" Greece",GREECE_HIGH_SAFE,merchant_owned_gift_card_with_greece_relevance
100,sportsdirect.gr,Multi Store E-Voucher Gift Card - Online and High Street,https://www.sportsdirect.gr/gift-cards-multi-store-e-voucher-gift-card---online-and-high-street-966004,Multi Store E-Voucher Gift Card - Online and High Street,Shop the Gift Cards Multi Store E-Voucher Gift Card - Online and High Street from UK's No.1 sports retailer. Order in-store or online and start saving ...,"site:.gr ""gift cards""",GREECE_HIGH_SAFE,merchant_owned_gift_card_with_greece_relevance
100,starlightcinemacrete.com,Gift Vouchers | Luxury Outdoor Cinema in Crete,https://starlightcinemacrete.com/gift-vouchers,Gift Vouchers | Luxury Outdoor Cinema in Crete,"A Starlight Cinema gift voucher is the promise of a private open-air cinema night anywhere on Crete. A 200-inch screen, luxury seating and a film of their ...","""cinema"" ""gift voucher"" Greece",GREECE_HIGH_SAFE,merchant_owned_gift_card_with_greece_relevance
100,stellaisland.gr,Gift Voucher,https://stellaisland.gr/product/gift-voucher/,Gift Voucher,"Gift Voucher. 200,00 € – 500,00 €. Choose your Card Design or Upload one of ... hotel's website. Stella Hotels Collection acts solely as the issuer of ...","""hotel"" ""gift voucher"" Greece",GREECE_HIGH_SAFE,merchant_owned_gift_card_with_greece_relevance
100,studiofix.gr,Δωροκάρτα - Studio Fix,https://studiofix.gr/gift-cards/,Δωροκάρτα - Studio Fix,"Η δωροκάρτα Studio Fix είναι ένα δώρο ομορφιάς, περιποίησης και χαλάρωσης. Προμηθεύσου την από το κατάστημά μας και δώσε την ευκαιρία στον παραλήπτη του ...","site:.gr ""experience"" ""δωροκάρτα""",GREECE_HIGH_SAFE,merchant_owned_gift_card_with_greece_relevance
100,summitgym.ufr.gr,Δωροκάρτα 9€ | Γυμναστήριο SUMMIT Ναύπλιο,https://summitgym.ufr.gr/reward-archives/9euro-giftcard-wheel/,Δωροκάρτα 9€ | Γυμναστήριο SUMMIT Ναύπλιο,Reward: Δωροκάρτα 9€ – Γυμναστήριο Summit Ναύπλιο Reward Banner. Reward: Δωροκάρτα 9€ – Γυμναστήριο Summit Ναύπλιο · Δωροκάρτα 9€ ... SUMMIT GYM INSIDER PORTAL.,"site:.gr ""gym"" ""δωροκάρτα""",GREECE_HIGH_SAFE,merchant_owned_gift_card_with_greece_relevance
100,sunflirt.gr,SUN ΦΛΕΡΤ,https://sunflirt.gr/product/gift-card/,SUN ΦΛΕΡΤ - Gift Card,"Whether it's for a birthday, a thank-you, or just because, the SUN ΦΛΕΡΤ Gift Card is the perfect way to let them choose their ideal look. Delivered instantly ...","site:.gr ""swimwear"" ""gift card""",GREECE_HIGH_SAFE,merchant_owned_gift_card_with_greece_relevance
100,support.only.com,Gift card – Home page - ONLY,https://support.only.com/hc/en-gr/sections/10146879330321-Gift-card,Gift card – Home page - ONLY,Home page · Payment & Gift cards · Gift card. Gift card. BESTSELLER's electronic gift card terms of use · Home page. English (Greece) ... (Ελλάδα) English (Austria) ...,"""home"" ""gift card"" Greece",GREECE_HIGH_SAFE,merchant_owned_gift_card_with_greece_relevance
100,supportnow.org,New Gift Card for THE RHODES FAMILY,https://www.supportnow.org/the-rhodes-family/gift-cards/new,New Gift Card for THE RHODES FAMILY,The recipient will choose their preference from these options. DoorDash gift card; Uber Eats gift card; Grubhub gift card; Instacart gift card.,"""Rhodes"" ""gift card""",GREECE_HIGH_SAFE,merchant_owned_gift_card_with_greece_relevance
100,sweetnspicy.gr,Δωροκάρτα,https://sweetnspicy.gr/el/product/gift-card/,Δωροκάρτα,... Δωροκάρτα. Δωροκάρτα. This product cannot be purchased ... My second trip this year and the only reason I flew to Corfu to get to my Albanian holiday.,"""Corfu"" ""δωροκάρτα""",GREECE_HIGH_SAFE,merchant_owned_gift_card_with_greece_relevance
100,tailormadeknitwear.com.gr,Ηλεκτρονική Δωροκάρτα - Tailor Made knitwear GiftCard,https://tailormadeknitwear.com.gr/product/giftcard-tailor-made-knitwear/,Ηλεκτρονική Δωροκάρτα - Tailor Made knitwear GiftCard,"Ηλεκτρονική Δωροκάρτα – Tailor Made knitwear GiftCard. €50,00 – €450,00 Price range: € ...","site:.com.gr ""δωροκάρτα""",GREECE_HIGH_SAFE,merchant_owned_gift_card_with_greece_relevance
100,tanea.gr,Όσκαρ: Τι κρύβει η φετινή gift card,https://www.tanea.gr/2024/03/09/lifearts/cinema/oskar-ti-kryvei-i-fetini-gift-card/,Όσκαρ: Τι κρύβει η φετινή gift card,Ο κύβος του Ρούμπικ και διαμονή σε πολυτελές ελβετικό σαλέ μεταξύ των φετινών δώρων. Όσκαρ: Τι κρύβει η φετινή gift card.,"site:.gr ""cinema"" ""gift card""",GREECE_HIGH_SAFE,merchant_owned_gift_card_with_greece_relevance
100,tennisgarden.gr,Δωροκάρτες,https://tennisgarden.gr/gift-cards/,Δωροκάρτες,Χαρίστε σε φίλους και αγαπημένα πρόσωπα μια εμπειρία με την δωροκάρτα του Kalamata Tennis Garden! Από 8 Δεκεμβρίοιυ 2021 και κατά τη διάρκεια όλης της σεζόν ...,"""Kalamata"" ""δωροκάρτα""",GREECE_HIGH_SAFE,merchant_owned_gift_card_with_greece_relevance
100,teritoria.com,Wedding Gift Card - Gift Shop Teritoria,https://www.teritoria.com/en/gift-shop/our-gift-cards/wedding-gift-card/,Wedding Gift Card - Gift Shop Teritoria,"Wedding Gift Card. This gift card is valid for 24 months and can be used in ... Greece, Germany and Austria(for a night & breakfast stay or a meal). 1 ...","""wedding"" ""gift card"" Greece",GREECE_HIGH_SAFE,merchant_owned_gift_card_with_greece_relevance
100,thecardzoo.com,Trip To Corfu Pass Personalised Gift Voucher Surprise ...,https://thecardzoo.com/trip-to-corfu-pass-personalised-gift-voucher-surprise-trip-holiday-ticket/,Trip To Corfu Pass Personalised Gift Voucher Surprise ...,"This Trip To Corfu Pass Personalised Gift Voucher Surprise Trip Holiday Ticket is printed onto high quality satin finish card, measures 21.5 x 10.6cm and comes ...","""Corfu"" ""gift voucher""",GREECE_HIGH_SAFE,merchant_owned_gift_card_with_greece_relevance
100,thegreekoutdoor.com,Gift Card - The Greek Outdoor,https://thegreekoutdoor.com/gift-card/,Gift Card - The Greek Outdoor,Home Give the Gift of Adventure with Sailing Tours and Outdoor Activities in Greece Travel Gift Card Looking for the perfect travel gift for your loved ones ...,"""outdoor"" ""gift card"" Greece",GREECE_HIGH_SAFE,merchant_owned_gift_card_with_greece_relevance
100,thejerkins.com.gr,Gift Card,https://thejerkins.com.gr/products/gift-card?srsltid=AfmBOoqh63EGD8Vee965G1nrNcunB80b8PbDQtHk8hB1uiiNP-Zd5Wqg,Gift Card,A gift card let them choose exactly what they want. Delivered by email with easy redemption instructions. Perfect for any occasion!,"site:.com.gr ""gift card""",GREECE_HIGH_SAFE,merchant_owned_gift_card_with_greece_relevance
100,thelproject.gr,Gift Voucher - Theλamdaproject - Language School,https://thelproject.gr/courses/gift-voucher/,Gift Voucher - Theλamdaproject - Language School,"Courses · Intensive Courses · Standard Intensive 20h · Extra Intensive 20h + 5h ... Gift Voucher. €67,763,949.00. Looking for a thoughtful gift for a friend or ...","""courses"" ""gift voucher"" Greece",GREECE_HIGH_SAFE,merchant_owned_gift_card_with_greece_relevance
100,themeetmarket.gr,Gift Cards,https://www.themeetmarket.gr/shop-online/gift-cards/,Gift Cards,Gift Cards. Not sure what gift to give a loved one? Then send a TMM gift card ... 105 63 Athens / Greece. telephone: (+30) 210 36 24 707 email: online ...,"""gift cards"" Greece",GREECE_HIGH_SAFE,merchant_owned_gift_card_with_greece_relevance
100,themodernisthotels.com,The Modernist Gift Voucher,https://shop.themodernisthotels.com/product/the-modernist-gift-voucher/,The Modernist Gift Voucher,"The Modernist Gift Voucher. €100.00 – €2,000.00 Price range: €100.00 ... From stays at The Modernist Athens or The Modernist Thessaloniki to light ...","""Thessaloniki"" ""gift voucher""",GREECE_HIGH_SAFE,merchant_owned_gift_card_with_greece_relevance
100,thessfringe.com,Gift Vouchers,https://thessfringe.com/merch/gift-vouchers-4/,Gift Vouchers,€8 Gift Voucher. Valid for ThessFringe 2025. Buy Now. €10 Gift Voucher €10 ... The 3rd Thessaloniki Fringe Festival was sponsored and under the auspices of the ...,"""Thessaloniki"" ""gift voucher""",GREECE_HIGH_SAFE,merchant_owned_gift_card_with_greece_relevance
100,thetoc.gr,Gift card από τα Public: Χριστούγεννα χωρίς το άγχος της ...,https://www.thetoc.gr/epixeiriseis/article/gift-card-apo-ta-public-xristougenna-xoris-to-agxos-tis-epilogis/,Gift card από τα Public: Χριστούγεννα χωρίς το άγχος της ...,Η gift card των Public είναι το δώρο που προσαρμόζεται σε κάθε προσωπικότητα. ... My market Local: 4 χρυσά βραβεία στα Supermarket Awards 2025!,"site:.gr ""supermarket"" ""gift card""",GREECE_HIGH_SAFE,merchant_owned_gift_card_with_greece_relevance
100,tholosrestaurant.co.uk,Gift Voucher - Tholos Restaurant,https://tholosrestaurant.co.uk/gift-voucher/,Gift Voucher - Tholos Restaurant,"Based on seasonal high-quality ingredients, most of which are supplied directly from Greece ... Gift Voucher · Contact Us. ©2026. Tholos Restaurant. All Rights ...","""restaurant"" ""gift voucher"" Greece",GREECE_HIGH_SAFE,merchant_owned_gift_card_with_greece_relevance
100,threadboutique.gr,Gift Card,https://threadboutique.gr/collections/gift-card?srsltid=AfmBOoo-C2TtbR4VgLFtNsscwpPAJosXC6E3MdUaoNDBrX53Ycwy1_4t,Gift Card,"Emma Swimwear · Emmanuelle Silk · Individual Art Leather · Kourbela · La Chaine ... Thread Gift Card. Vendor: Thread Earthy Shopping. Regular price From €10,00.","site:.gr ""swimwear"" ""gift card""",GREECE_HIGH_SAFE,merchant_owned_gift_card_with_greece_relevance
100,threeshipscoffee.com,Digital Gift Voucher (Cafe Use Only - Purchase Link In ...,https://threeshipscoffee.com/products/gift-card-for-use-in-cafe-copy,Digital Gift Voucher (Cafe Use Only - Purchase Link In ...,Greece EUR €; Greenland DKK kr. Grenada XCD $; Guadeloupe EUR €; Guatemala ... Digital Gift Voucher (Cafe Use Only - Purchase Link In Description). $0.00.,"""cafe"" ""gift voucher"" Greece",GREECE_HIGH_SAFE,merchant_owned_gift_card_with_greece_relevance
100,timesstore.gr,Purchase a digital gift card - Ioannina,https://www.timesstore.gr/timesstore-gift-card?srsltid=AfmBOop0yGtDhNagls5prb_SRJmReiE0mOdm9gDtaskNnFwstvv-oFF2,Purchase a digital gift card - Ioannina,"This e-gift card is presented to a recipient via email with a personalised ... GR 45332, Ioannina Greece Call us: +30 26510 38528. Email ...","""Ioannina"" ""gift card""",GREECE_HIGH_SAFE,merchant_owned_gift_card_with_greece_relevance
100,tinggly.com,Best Greece Gift Card,https://tinggly.com/gift_card/greece-gift-card/GCU622O9T?srsltid=AfmBOoooeYYfb2N0L8qAEROGPQNJZroA9dfi5BOVy8cz2TYdJTyWaPFR,Best Greece Gift Card,"Yes, Tinggly experience gifts usually come with an expiry date. Typically, the gift card is valid for up to two years from the date of purchase, giving ...","""gifts"" ""gift card"" Greece",GREECE_HIGH_SAFE,merchant_owned_gift_card_with_greece_relevance
100,tofillo.com,Gift Cards Αρχεία,https://tofillo.com/en/products/gift-cards-en/,Gift Cards Αρχεία,"Gift Card 20€. 20,00€. Buy · Gift Card 50€. 50,00€. Buy ... ) Souda, Chania, Crete · +30 28215 06927. Follow us. Facebook-f Instagram Youtube. Website by ...","""Chania"" ""gift card""",GREECE_HIGH_SAFE,merchant_owned_gift_card_with_greece_relevance
100,trai-anfield-photography.com,BUY PHOTOGRAPHY GIFT VOUCHERS | UK,https://www.trai-anfield-photography.com/shop-photography-gift-vouchers,BUY PHOTOGRAPHY GIFT VOUCHERS | UK,Tailor Made Greece: Dalmation Pelicans · Tailor Made Scotland · Tailor Made ... Photography Gift Voucher £25. Price£25.00 · £50 Photography Gift Voucher. Price ...,"""photography"" ""gift voucher"" Greece",GREECE_HIGH_SAFE,merchant_owned_gift_card_with_greece_relevance
100,trapped.gr,TRAPPED GIFT CARD | Τα πιο συναρπαστικά Escape Rooms,https://trapped.gr/gift-card/,TRAPPED GIFT CARD | Τα πιο συναρπαστικά Escape Rooms,TRAPPED GIFT CARD ... Κάντε δώρο στα αγαπημένα σας πρόσωπα ένα παιχνίδι μας. Επικοινωνήστε τηλεφωνικά με το κατάστημα που σας ενδιαφέρει.,"""escape room"" ""gift card"" Greece",GREECE_HIGH_SAFE,merchant_owned_gift_card_with_greece_relevance
100,trekking.gr,Gift Card,https://trekking.gr/el/gift-voucher,Gift Card,Trekking Hellas Logo. ΕΛΛΑΔΑ. ΕΛΛΑΔΑ ΕΛΛΑΔΑ. ΠΡΟΟΡΙΣΜΟΣ ΠΡΟΟΡΙΣΜΟΣ; ΔΡΑΣΤΗΡΙΟΤΗΤΑ ΔΡΑΣΤΗΡΙΟΤΗΤΑ; TRAVEL STYLE TRAVEL ... Gift Card της Trekking Hellas είναι η ...,"""travel"" ""gift card"" Greece",GREECE_HIGH_SAFE,merchant_owned_gift_card_with_greece_relevance
100,tzougaris.gr,Δωροκάρτα Τζούγκαρης - 300€ — Κοσμήματα Τζούγκαρη,https://tzougaris.gr/en/shop/wps_wgm_giftcard/tzougaris-giftcard-300/,Δωροκάρτα Τζούγκαρης - 300€ — Κοσμήματα Τζούγκαρη,Δωροκάρτα Τζούγκαρης – 100€. €100.00 VIEW CARD · Group-29-1-400x400 · Read more VIEW CARD · Δωροκάρτα Τζούγκαρης – 500€ ... Kid's Jewelry. Contact. Email. info@ ...,"site:.gr ""jewelry"" ""δωροκάρτα""",GREECE_HIGH_SAFE,merchant_owned_gift_card_with_greece_relevance
100,uba.gr,Δωροκάρτα – Uba | Clothing & Massage Oils,https://www.uba.gr/product/gift-card/,Δωροκάρτα – Uba | Clothing & Massage Oils,"Register · Cart. Δωροκάρτα. SKU ΔΩΡΟΚΑΡΤΑ. 10.00 € – 200.00 € Price range: 10.00 € through 200.00 €. Gift Card Amount. Choose an amount, 10 €, 15 € ...","site:.gr ""clothing"" ""δωροκάρτα""",GREECE_HIGH_SAFE,merchant_owned_gift_card_with_greece_relevance
100,ubuy.com.gr,Amazon Physical Gift Card in a Gift Box | Any Greece,https://www.ubuy.com.gr/en/product/337IEMNO-amazon-com-gift-card-in-a-black-gift-box-classic-black-card-design?srsltid=AfmBOoq3prQ9ZqkkfT7my_NX151o793SGyGdYI47uwIrjvgjPuW7w_L_,Amazon Physical Gift Card in a Gift Box | Any Greece,Amazon Physical Gift Card in a Gift Box | Any Occasion. Item #: 7453552. 0 ratings Write a review. Availability : Out of stock. us Imported from USA store.,"site:.com.gr ""gift card""",GREECE_HIGH_SAFE,merchant_owned_gift_card_with_greece_relevance
100,ullapopken.gr,Gift Cards | Ulla Popken,https://www.ullapopken.gr/gift-cards?srsltid=AfmBOooQRBfu9Zor_5dwdUxhGlJ0BNtgiOL_Hw4p8T907lz3Unpt5K69,Gift Cards | Ulla Popken,LINGERIE. Πίσω; LINGERIE; Όλα τα προϊόντα; Εσώρουχα. Πίσω; Εσώρουχα; Όλα τα ... Η Gift Card της Ulla Popken είναι η τέλεια επιλογή! Δώστε τη δυνατότητα ...,"site:.gr ""lingerie"" ""gift card""",GREECE_HIGH_SAFE,merchant_owned_gift_card_with_greece_relevance
100,unboxgreece.com,Greek Food Gift Card | Buy a Gift Voucher,https://unboxgreece.com/product-category/gift-card/?srsltid=AfmBOoqZibM0cyKszt22zz326IsgGuZgDzhAH6aXD6AHrOdDIXlj8y5V,Greek Food Gift Card | Buy a Gift Voucher,Give the gift of Greece — buy an Unbox Greece gift card online ... Gift Card. Close. Home / Gift Card. Showing the single result. Show sidebar. Show ...,"""home"" ""gift voucher"" Greece",GREECE_HIGH_SAFE,merchant_owned_gift_card_with_greece_relevance
100,valaora.gr,Gift Card - Valaora,https://valaora.gr/gift-cards/,Gift Card - Valaora,"... to us. GET GIFT CARD. Opening Hours. MON - FRI: 18:00 - 23:00. SAT - SUN: 13:00 - 23:30. ADDRESS. A d d r e s s. Mpanieres, Aktis Miaouli, Nafplio 211 00 ...","""Nafplio"" ""gift card""",GREECE_HIGH_SAFE,merchant_owned_gift_card_with_greece_relevance
100,valsamakis.gr,Name Day GIft Card - Καλαμάτα,https://valsamakis.gr/name-day-gift-card.html,Name Day GIft Card - Καλαμάτα,Δωροκάρτα για Ονομαστική Εορτή. Tap to expand ... Τα Valsamakis Optics συνεργάζονται με εταιρεία ταχυμεταφορών ...,"site:.gr ""optics"" ""δωροκάρτα""",GREECE_HIGH_SAFE,merchant_owned_gift_card_with_greece_relevance
100,vassilenas.gr,Vassilenas Gift Card,https://www.vassilenas.gr/en/vassilenas-gift-card/,Vassilenas Gift Card,Vassilenas Restaurant. The Restaurant. Home · The Space · The Architects · Corporate ... Vassilenas Gift Card. Impress your loved ones or your business partners ...,"""restaurant"" ""gift card"" Greece",GREECE_HIGH_SAFE,merchant_owned_gift_card_with_greece_relevance
100,vca.gr,Sick Gift Card - ViciousCyclesAthens,https://www.vca.gr/products/gift-card,Sick Gift Card - ViciousCyclesAthens,"... shoes that cyclists wear) and lycra and spends most of his income in gear ... Sick Gift Card. Sale. Regular price €10,00. Tax included. Title. €10,00 EUR ...","site:.gr ""shoes"" ""gift card""",GREECE_HIGH_SAFE,merchant_owned_gift_card_with_greece_relevance
100,vibrantbeauty.gr,Δωροκάρτα - Vibrant Beauty,https://vibrantbeauty.gr/product/giftcard/?srsltid,Δωροκάρτα - Vibrant Beauty,Η ηλεκτρονική Δωροκάρτα Vibrant Beauty είναι το ιδανικό δώρο για κάθε περίσταση. Ο παραλήπτης της μπορεί να πραγματοποιήσει Αγορές μέσω του website μας ...,"site:.gr ""beauty"" ""δωροκάρτα""",GREECE_HIGH_SAFE,merchant_owned_gift_card_with_greece_relevance
100,villailias.gr,Gift Voucher,https://villailias.gr/gift-voucher/,Gift Voucher,"Villa Ilias Caldera Hotel is the friendliest hotel in Santorini ... Gift Voucher. You can exchange the nominal value ... 847 00, Greece. +30 22860 24279 · info@ ...","""hotel"" ""gift voucher"" Greece",GREECE_HIGH_SAFE,merchant_owned_gift_card_with_greece_relevance
100,vipart.gr,Δωροκάρτα Vip Art,https://vipart.gr/product-category/dora-axesoyar/dorokarta-vipart-giftcard/,Δωροκάρτα Vip Art,Δωροκάρτα VIPART για μοναδικά δώρα διακόσμησης. Επιλέξτε πίνακες καμβά ... Photography · Pop Art · Vintage · Ταπετσαρίες τοίχου υψηλής ποιότητας για μοντέρνα ...,"site:.gr ""photography"" ""δωροκάρτα""",GREECE_HIGH_SAFE,merchant_owned_gift_card_with_greece_relevance
100,wildsouls.gr,Gift Card - Wild Souls,https://www.wildsouls.gr/en/product/gift-card/?srsltid=AfmBOopH8yhtqhcz_4N5Cdpr6omZYlt8AgNRtZK3rWDc67sv9_bUeoqa,Gift Card - Wild Souls,Spread your Love! With a Gift Card. Share. Xmas Gifts. Gift Card. Enter Amount. € €. Delivery info. RECIPIENT'S INFO. Recipient's Name. Recipient's Email ...,"site:.gr ""gifts"" ""gift card""",GREECE_HIGH_SAFE,merchant_owned_gift_card_with_greece_relevance
100,wizzgift.com,Abdullah Electronics Gift Voucher - Buy with Crypto,https://www.wizzgift.com/en-GR/gift-cards/abdullah-electronics-gift-voucher,Abdullah Electronics Gift Voucher - Buy with Crypto,"Buy Abdullah Electronics Gift Voucher with crypto, secure digital delivery, and worldwide support. Shop on WizzGift Greece today!","""electronics"" ""gift voucher"" Greece",GREECE_HIGH_SAFE,merchant_owned_gift_card_with_greece_relevance
100,workwide.gr,Gift cards - Workwide – Design,https://www.workwide.gr/gift-cards/,Gift cards - Workwide – Design,What is the difference between an e-Gift Card and physical Gift Card? A ... Decor. Subscribe us: Download App on Mobile: 15% discount on your first ...,"site:.gr ""decor"" ""gift card""",GREECE_HIGH_SAFE,merchant_owned_gift_card_with_greece_relevance
100,xalkiadakis.gr,Δωροκάρτα Χαλκιαδάκης και Happy Home: Χαρίστε Αγάπη ...,https://xalkiadakis.gr/article/giftcard_xalkiadakis?srsltid=AfmBOooVrDOqPHwM07LerBkQIsvCLQcZmhnTw7WNPtB3uXvEP2JREaP0,Δωροκάρτα Χαλκιαδάκης και Happy Home: Χαρίστε Αγάπη ...,Δωροκάρτα Χαλκιαδάκης και Happy Home: Χαρίστε Αγάπη και Αξία με Ένα Δώρο που διαρκεί! · Ευκολία στη χρήση σε όλα τα Super Market Χαλκιαδάκης ...,"site:.gr ""home"" ""δωροκάρτα""",GREECE_HIGH_SAFE,merchant_owned_gift_card_with_greece_relevance
100,xbankang.com,What Greece Gift Card is Available? Discover Now,https://www.xbankang.com/blogs/greece-gift-card-available-now-in-2025,What Greece Gift Card is Available? Discover Now,"The most frequent uses of a gift card in Greece are at fashion outlets, electronics suppliers and supermarkets. ... Gift Card Store in Greece.","""electronics"" ""gift card"" Greece",GREECE_HIGH_SAFE,merchant_owned_gift_card_with_greece_relevance
100,xkdisplay.com,Top Gift Cards Manufacturers and Suppliers in Greece,https://www.xkdisplay.com/top-gift-cards-manufacturers-and-suppliers-in-greece.html,Top Gift Cards Manufacturers and Suppliers in Greece,"What role do OEMs play in Greek gift card programs? OEMs facilitate global logistics, premium printing, and packaging, ensuring brand ...","""printing"" ""gift card"" Greece",GREECE_HIGH_SAFE,merchant_owned_gift_card_with_greece_relevance
100,yadeshotels.gr,Travel Gift Card twitter - yadeshotels.gr,https://www.yadeshotels.gr/the-travel-gift-card/travel-gift-card-twitter/,Travel Gift Card twitter - yadeshotels.gr,Home · Travel Gift · Travel Gift Card twitter.,"site:.gr ""travel"" ""gift card""",GREECE_HIGH_SAFE,merchant_owned_gift_card_with_greece_relevance
100,yaloyoga.com,Yalo Yoga E,https://yaloyoga.com/el/products/yalo-yoga-e-gift-card?srsltid=AfmBOophMQtWEckLWN_o4-ujOVYl-EISWgQR0vFS7ZI-QBdVsJbzO_9L,Yalo Yoga E-Gift Card,"Yalo Yoga E-Gift Card. €15,00 EUR. Ονομασίες 15 ευρώ. 15 ευρώ Variant sold out ... Ελλάδα (GR €); Ελβετία (CH CHF); Ερυθραία (ER €); Εσουατίνι (SZ €); Εσθονία ...","""yoga"" ""gift card"" Greece",GREECE_HIGH_SAFE,merchant_owned_gift_card_with_greece_relevance
100,zerogravity.gr,Zero Gravity Gift Card,https://www.zerogravity.gr/collections/gift-card?srsltid=AfmBOoqgLRsSyCY1tD0_hBRTgjXh5XLlVyXne62wSeNM-pAyRlLueY7F,Zero Gravity Gift Card,OUTDOOR · Tops · Bottoms · Shoes · Bags · Headwear · Socks · Accessories · SNOW · Snowboard ... Zero Gravity Gift Card. 0 products. Filter. Sort by: Featured ...,"site:.gr ""outdoor"" ""gift card""",GREECE_HIGH_SAFE,merchant_owned_gift_card_with_greece_relevance
100,zumamykonos.giftpro.co.uk,monetary gift voucher - Zuma Mykonos,https://zumamykonos.giftpro.co.uk/vouchers/monetary-gift-voucher/,monetary gift voucher - Zuma Mykonos,monetary gift voucher. the perfect gift! this voucher entitles you to a truly memorable experience in zuma mykonos – a lifestyle destination that features a ...,"""Mykonos"" ""gift voucher""",GREECE_HIGH_SAFE,merchant_owned_gift_card_with_greece_relevance
