score,domain,merchant_name,possible_official_url,title,snippet,query,clean_bucket,clean_reason
100,stradivarius.com,Κάρτα δώρου | Stradivarius Greek,https://www.stradivarius.com/gr/gift-card.html?srsltid=AfmBOoq5FnwnEZOgrxjrmNRkFChvAOF9nUhr9-VQ9zbTSMGC07efcY7o,Κάρτα δώρου | Stradivarius Greek,Δεν μπορείς ν' αποφασίσεις ποιο είναι το τέλειο δώρο; Η κάρτα δώρου είναι η σίγουρη επιτυχία. Διάλεξε το ποσό και στείλ'την στον παραλήπτη όποτε επιθυμείς.,"""κάρτα δώρου""",MANUAL_REVIEW,weak_gift_card_signal
85,adelco-eshop.gr,Gift Cards,https://adelco-eshop.gr/index.php?route=account/voucher&srsltid=AfmBOoocOuX8tVGFMl2l2zesXBbuRMo9NWXiFh3RcHnYzgQG656BDgZX,Gift Cards,Υπάρχει η Εύκολη Λύση – αγοράστε εύκολα και γρήγορα Ηλεκτρονική Δωροκάρτα με ... Kids Spray για εύκολο χτένισμα 200ml. Quickview. Adelco Kids Spray για ...,"site:.gr ""kids"" ""δωροκάρτα""",MANUAL_REVIEW,score_below_90
85,amazon.es,Amazon.es: Gift Cards,https://www.amazon.es/-/en/b?ie=UTF8&node=3564279031,Amazon.es: Gift Cards,Shop gift cards from popular brands ; Google Play code (send via email; valid only for Spain). €5.00 ; NEU Apple Gift Card - for Spain - by e-mail. €10.00 · 10 ...,"""Spain"" retail ""gift card"" official",MANUAL_REVIEW,score_below_90
85,app.squareup.com,Order | Hair by Larissa eGift Cards,https://app.squareup.com/gift/MLMSKXKVCZ04W/order,Order | Hair by Larissa eGift Cards,Order Hair by Larissa eGift Cards online and give the perfect gift ... What kind of gift is it? For one individual. Send a gift card to one recipient. Group gift ...,"""Larissa"" ""gift card""",MANUAL_REVIEW,score_below_90
85,armadio.gr,Δωροκάρτα 120,https://www.armadio.gr/en/shop/%CE%B4%CF%89%CF%81%CE%BF%CE%BA%CE%AC%CF%81%CF%84%CE%B1-120,Δωροκάρτα 120 - Gift cards,Δωροκάρτα 120€ Gift cards Δωροκάρτα αξίας 120 ... Women's clothing; 3Dresses · Shirts; 3Skirts; 7Blouses ... Δωροκάρτα 120€. Δωροκάρτα 120€. dorokarta120-01 ...,"site:.gr ""clothing"" ""δωροκάρτα""",MANUAL_REVIEW,score_below_90
85,artdeco.com.gr,eshave Gift Card Outlet Online,https://www.artdeco.com.gr/?a=cate-76530256,eshave Gift Card Outlet Online,eshave Gift Card Outlet Online ; Sales unit · 1 piece ; Delivery date · 2026-08-29 Later ; Product features. Product: eshave Gift Card Brand: Eshave Type: Cosmetics,"site:.com.gr ""gift card""",MANUAL_REVIEW,score_below_90
85,aspasiajewellery.com,Yoga gift voucher 3 lessons pack,https://www.aspasiajewellery.com/online-yoga-shop/p/yoga-gift-,Yoga gift voucher 3 lessons pack,Yoga gift voucher 3 lessons pack- Experience the Gift of Yoga. €140.00.,"""yoga"" ""gift voucher"" Greece",MANUAL_REVIEW,score_below_90
85,atentogutschein.de,Taverna Sevi´s Kos Gift Card • City Karte 2026,https://www.atentogutschein.de/en/marketplace_merchants/5327-taverna-sevi-s-kos?community=182,Taverna Sevi´s Kos Gift Card • City Karte 2026,Taverna Sevi´s Kos gift card redeemable at 11242+ partners in Berlin. Valid 3 years - Instant delivery - From €10 - Buy City Karte gift card now!,"""Kos"" ""gift card""",MANUAL_REVIEW,score_below_90
85,autotriti.gr,Με κάθε αγορά ελαστικών Falken και δωροκάρτες καυσίμων ...,https://www.autotriti.gr/data/news/preview_news/falken-fill-up-winter-campaign-ellada_276992.asp,Με κάθε αγορά ελαστικών Falken και δωροκάρτες καυσίμων ...,... Car Accessories ... Εγγράφεστε στην πλατφόρμα: campaign.falkentyre.com/gr και παραλαμβάνετε τη δωροκάρτα καυσίμων EKO εύκολα και γρήγορα.,"site:.gr ""car accessories"" ""δωροκάρτα""",MANUAL_REVIEW,score_below_90
85,babycollection.shop,Gift Card,https://babycollection.shop/en/product/dorokarta/?srsltid=AfmBOorb1uKUhzvBSkV_B5b5_Nc0RT48xzrxf_Mj6Hlg64qVDIfZCblj,Gift Card,Free Shipping for Orders Over €150 100% Greek Business. Gift Card - Image 1. Click to enlarge. Home / BABY GOODS / Bed sheets / Gift Card.,"""baby"" ""gift card"" Greece",MANUAL_REVIEW,score_below_90
85,bagshats.gr,Δωροκάρτα,https://bagshats.gr/product-category/%CE%B4%CF%89%CF%81%CE%BF%CE%BA%CE%AC%CF%81%CF%84%CE%B1/,Δωροκάρτα,Δωροκάρτα. Δωροκάρτα στο Bags & Hats eshop | Your trusted quality choice since 1965. img 2. Gift Card. 20.00€ – 300.00€. Επιλέξτε ποσό.,"site:.gr ""bags"" ""δωροκάρτα""",MANUAL_REVIEW,score_below_90
85,bestwestern.gr,Best Western Gift Card,https://www.bestwestern.gr/ro/travel-card,Best Western Gift Card,"Best Western Gift Card (numit și „Travel Card”) este un card cadou preplătit care poate fi achiziționat și reîncărcat (în anumite cazuri) online în USD, CAD, ...","site:.gr ""technology"" ""gift card""",MANUAL_REVIEW,score_below_90
85,bodymaxx.gr,BMXX Δωροκάρτα,https://www.bodymaxx.gr/BMXX-%CE%94%CF%89%CF%81%CE%BF%CE%BA%CE%AC%CF%81%CF%84%CE%B1-p552220280,BMXX Δωροκάρτα,"Χαρίστε στους αγαπημένους σας το δώρο της επιλογής τους!!!! Αυτή είναι μια ψηφιακή δωροκάρτα. Μετά την αγορά, θα λάβετε ένα email με τη δωροκάρτα και οδηγίες ...","""Greece"" ""δωροκάρτα""",MANUAL_REVIEW,score_below_90
85,botilia.gr,Κάρτα Δώρου 50,https://www.botilia.gr/p/dwra/Botilia-gift-cart-50?srsltid=AfmBOoqwuuJl9JPXf5DRE-toTZRRZa0GwPiL8dSm_tTTDlACxJnfNB4s,Κάρτα Δώρου 50,"Μόνο μία δωροκάρτα κάθε φορά μπορεί να χρησιμοποιηθεί για κάθε παραγγελία. Μετά την αγορά της δωροκάρτας, θα σας σταλλεί με email η δωροκάρτα ... WINE ...","site:.gr ""wine"" ""δωροκάρτα""",MANUAL_REVIEW,score_below_90
85,brigitteboutique.gr,Αγοράστε μία Δωροεπιταγή,https://brigitteboutique.gr/index.php?route=account/voucher,Αγοράστε μία Δωροεπιταγή,Swimwear24. GR EN. Find Us. Facebook · Instagram · TikTok. Καλάθι. Το καλάθι ... Δωροκάρτα. Πληροφοριες. My Account · WishList0 · Πολιτική Απορρήτου · Όροι χρήσης ...,"site:.gr ""swimwear"" ""δωροκάρτα""",MANUAL_REVIEW,score_below_90
85,circa.co.nz,"Gift vouchers make the perfect present, giving your loved ...",https://www.circa.co.nz/package/circa-theatre-present-ideas/,"Gift vouchers make the perfect present, giving your loved ...",Circa Theatre Gift Vouchers can be used to purchase tickets to any of ... Click here to buy a gift voucher. We have upcycled old show billboard canvas ...,"""theatre"" ""gift voucher"" Greece",MANUAL_REVIEW,score_below_90
85,cordella.gr,Δωροκάρτα 800€,https://www.cordella.gr/shop/empeiries/taxidia-metakiniseis/xenodoxeia-diamones/dorokarta-800_10994,Δωροκάρτα 800€,"Αξιοποιήστε τη Δωροκάρτα για τη διαμονή σας, εξαργυρώνοντάς τη σε διανυκτερεύσεις ή και για να απολαύσετε τις διαθέσιμες εμπειρίες του Myst Boutique Hotel.","site:.gr ""hotel"" ""δωροκάρτα""",MANUAL_REVIEW,score_below_90
85,css.lighthouse.gr,Nakas Music Δωροκάρτα 300€ – Lighthouse Comparison Shopping,https://css.lighthouse.gr/product/nakas-music-%CE%B4%CF%89%CF%81%CE%BF%CE%BA%CE%AC%CF%81%CF%84%CE%B1-300e/,Nakas Music Δωροκάρτα 300€ – Lighthouse Comparison Shopping,"Nakas Music Δωροκάρτα 300€. 300,00 €. Nakas Music Δωροκάρτα 300€. Shop Now. SKU: 824822. Category: Δωροκάρτες, ΠΡΟΙΟΝΤΑ. Description; Additional information ...","site:.gr ""music"" ""δωροκάρτα""",MANUAL_REVIEW,score_below_90
85,cysend.com,Buy Protect Marine Area Gift Card Gift Card in Greece online securely,https://www.cysend.com/product-page/31761,Buy Protect Marine Area Gift Card Gift Card in Greece online securely,Support Greek marine conservation with our Protect Marine Area Gift Card. Give the gift of sustainability and contribute to safeguarding Greece's precious ...,"""marine"" ""gift card"" Greece",MANUAL_REVIEW,score_below_90
85,davosoutdoor.gr,Αγοράστε μία Δωροεπιταγή,https://davosoutdoor.gr/index.php?route=account/voucher&srsltid=AfmBOoqn6Re0HutqFjbAuWPGoLunaub0DFpGzwbFT9vLTcTcrzpP3oOl,Αγοράστε μία Δωροεπιταγή,Η ηλεκτρονική δωροκάρτα δεν εξαργυρώνεται με μετρητά. Η Davos Outdoor δεν ευθύνεται σε καμία περίπτωση για την απώλεια ή την κλοπή της ηλεκτρονικής δωροκάρτας.,"site:.gr ""outdoor"" ""δωροκάρτα""",MANUAL_REVIEW,score_below_90
85,didocosmetics.gr,Δωροκάρτα Archives,https://www.didocosmetics.gr/product-category/proionta/dwrokarta/,Δωροκάρτα Archives,Dido Cosmetics · 0 €0.00 · Αρχική; Μακιγιάζ. Πρόσωπο · Ντεμακιγιάζ ... Κατηγορία: Δωροκάρτα. Home / Eshop / Προϊόντα / Δωροκάρτα. €30.00 απομένουν ...,"site:.gr ""cosmetics"" ""δωροκάρτα""",MANUAL_REVIEW,score_below_90
85,dundle.com,Purchase gift cards online | Safe and Secure,https://dundle.com/gr/en/,Purchase gift cards online | Safe and Secure,Buy Gift Cards Online & More. Buy your prepaid payment card on dundle. Buy your gaming ... Uber Gift Voucher. Rituals Gift Card logo. Rituals Gift Card. Kinguin ...,"""gaming"" ""gift voucher"" Greece",MANUAL_REVIEW,score_below_90
85,energyin.gr,"Με αγορά LG TWINWash, δωροεπιταγή έως €150 για ...",https://energyin.gr/2018/10/15/%CE%BC%CE%B5-%CE%B1%CE%B3%CE%BF%CF%81%CE%AC-lg-twinwash-%CE%B4%CF%89%CF%81%CE%BF%CE%B5%CF%80%CE%B9%CF%84%CE%B1%CE%B3%CE%AE-%CE%AD%CF%89%CF%82-e150-%CE%B3%CE%B9%CE%B1-%CE%B1%CE%B3%CE%BF%CF%81%CE%AD/,"Με αγορά LG TWINWash, δωροεπιταγή έως €150 για ...","Από τη σήμερα 15 Οκτωβρίου μέχρι τις 15 Νοεμβρίου, η LG Electronics ... δωροκάρτα INTERSPORT αξίας έως 150€. Στην προωθητική ενέργεια ...","site:.gr ""electronics"" ""δωροκάρτα""",MANUAL_REVIEW,score_below_90
85,espressoshop.gr,Δωροκάρτα - Espressoshop.gr Νο 1 Κατάστημα πώλησης ...,https://espressoshop.gr/dorokarta/,Δωροκάρτα - Espressoshop.gr Νο 1 Κατάστημα πώλησης ...,"Intenso Cafe · Caffe Parana · Golden Brazil · Gran Salvador · Tonino Lamborghini ... Δωροκάρτα. Αγοράστε μια δωροκάρτα, και δώστε την δυνατότητα σε φίλους και ...","site:.gr ""cafe"" ""δωροκάρτα""",MANUAL_REVIEW,score_below_90
85,europe.giftpay.com,GiftPay Gift Cards Europe | Instant Online eVouchers,https://europe.giftpay.com/,GiftPay Gift Cards Europe | Instant Online eVouchers,"Gifts are delivered to recipients via email in an instant. Recipients can then open their online gift card on any smartphone, tablet, laptop or desktop computer ...","""technology"" ""gift card"" Greece",MANUAL_REVIEW,score_below_90
85,eworkshop.gr,Δωροκάρτα - Work Shop - Workshop,https://eworkshop.gr/product/%CE%B4%CF%89%CF%81%CE%BF%CE%BA%CE%AC%CF%81%CF%84%CE%B1/,Δωροκάρτα - Work Shop - Workshop,Δε μπορείτε να βρείτε το τέλειο δώρο; H δωροκάρτα WORKSHOP είναι το ιδανικό ΔΩΡΟ για κάθε περίσταση ... Smart Tools · Φαρμακεία · Φακοί · Εξειδικευμένα Αξεσουάρ.,"site:.gr ""tools"" ""δωροκάρτα""",MANUAL_REVIEW,score_below_90
85,faceyogaforall.gr,Κάρτα Δώρου Face Yoga €50,https://faceyogaforall.gr/product/%CE%BA%CE%AC%CF%81%CF%84%CE%B1-%CE%B4%CF%8E%CF%81%CE%BF%CF%85-face-yoga-e50/,Κάρτα Δώρου Face Yoga €50,"Κάρτα Δώρου Face Yoga €50 · Συμπληρώστε τα απαιτούμενα πεδία (αποστολέα, μήνυμα, email παραλήπτη), ολοκληρώστε την αγορά σας και η Gift Card θα σταλεί ...","""yoga"" ""gift card"" Greece",MANUAL_REVIEW,score_below_90
85,fagottobooks.gr,Δωροκάρτα αξίας 40 ευρώ,https://fagottobooks.gr/en/6005-dorokarta-axias-40-eyro.html,Δωροκάρτα αξίας 40 ευρώ,Με τη δωροκάρτα αυτή δίνετε στα αγαπημένα σας πρόσωπα τα είδη που πραγματικά επιθυμούν. Η δωροκάρτα μπορεί να χρησιμοποιηθεί τόσο για online αγορές στο ...,"site:.gr ""books"" ""δωροκάρτα""",MANUAL_REVIEW,score_below_90
85,freraofsweden.se,Digital Gift Card - Frera Of Sweden - Your Lifestyle Store,https://freraofsweden.se/en/products/digitalt-presentkort?srsltid=AfmBOoqjkiVbJZfQlG5Q0DOVb_OYD8ftnX2_v_A7x93cj8ET2k7uo-Bs,Digital Gift Card - Frera Of Sweden - Your Lifestyle Store,Digital Gift Card – Frera of Sweden. Give the gift of choice with a digital gift card from Frera of Sweden – the perfect present for any occasion!,"""Sweden"" beauty ""gift card"" official",MANUAL_REVIEW,score_below_90
85,gamecardsdirect.com,Gamecardsdirect | The One-Stop Gift Card Shop,https://gamecardsdirect.com/de-en/,Gamecardsdirect | The One-Stop Gift Card Shop,"Order a gift voucher on the way and redeem it as soon as you get home! Contact us. Do you have any remarks or questions regarding your order? Call, email or ...","""gaming"" ""gift voucher"" Greece",MANUAL_REVIEW,score_below_90
85,gavekort.scandichotels.dk,Scandic Hotels gift cards,https://gavekort.scandichotels.dk/shop/lang/en,Scandic Hotels gift cards,Redeemable at any Scandic Hotel in Denmark and valid for 12 months from the day you purchased it. The gift card can be printed or sent to the recipient by email ...,"""Denmark"" hotel ""gift card"" official",MANUAL_REVIEW,score_below_90
85,gavekort.scandichotels.no,Scandic Hotels gift cards,https://gavekort.scandichotels.no/shop/lang/en,Scandic Hotels gift cards,Redeemable at any Scandic Hotel in Norway and valid for 12 months. The gift card can be printed or sent to the recipient by email. The gift card can not be used ...,"""Norway"" hotel ""gift card"" official",MANUAL_REVIEW,score_below_90
85,geschenkgutschein.riverly.com,Gift card Boating in Mecklenburg: The beauty of Germany's lakes ...,https://geschenkgutschein.riverly.com/en/boating-in-mecklenburg-the-beauty-of-germanys-lakes-1,Gift card Boating in Mecklenburg: The beauty of Germany's lakes ...,Boating in Mecklenburg: The beauty of Germany's lakes ; I choose. and personalise my gift card directly online ; I receive. the gift card immediately by email or ...,"""Germany"" beauty ""gift card"" official",MANUAL_REVIEW,score_below_90
85,gifq.com,ASOS Italy gift cards in bulk,https://www.gifq.com/brands/asos-it,ASOS Italy gift cards in bulk,"The ASOS gift card for Italy can be used on ASOS.com by shoppers in Italy. ASOS is a recognized online fashion destination in Italy, with a large assortment ...","""Italy"" fashion ""gift card"" official",MANUAL_REVIEW,score_below_90
85,giftingowl.com,Germany Experience Gift Vouchers and Activity Bookings,https://giftingowl.com/de/?srsltid=AfmBOoqnGR4qYTwlnkcwEpP3hUuG1oZt4ekATcabF5q0CRi7VOkv974i,Germany Experience Gift Vouchers and Activity Bookings,Is it possible to buy a Germany gift voucher from abroad? Of course! You can ... Travel Explore. Water Explore. Waterpark Explore. Wildlife Explore. Yoga ...,"""Germany"" travel ""gift voucher"" official",MANUAL_REVIEW,score_below_90
85,giftmall.de,Weekend in Germany gift cards,https://giftmall.de/en/catalog/hotels_online_germany_weekend,Weekend in Germany gift cards,"The ultimate gift of travel! Our versatile gift voucher opens the door to prepaid hotels all across Germany, ranging from 3-star to luxurious 5-star hotels.","""Germany"" travel ""gift voucher"" official",MANUAL_REVIEW,score_below_90
85,globi.gr,Globi Digital Gift Card,https://globi.gr/product/dwrokarta/,Globi Digital Gift Card | Δωροκάρτα Τεχνολογίας Online,Αγόρασε δωροκάρτα τεχνολογίας Online από το Globi. Digital Gift Card με άμεση ... SteelSeries Gaming Keyboard Apex Pro TKL Wireless 2023 US-Layout (64865).,"site:.gr ""gaming"" ""δωροκάρτα""",MANUAL_REVIEW,score_below_90
85,groombox.gr,Δωροκάρτα - Groombox,https://groombox.gr/product/%CE%B4%CF%89%CF%81%CE%BF%CE%BA%CE%AC%CF%81%CF%84%CE%B1/,Δωροκάρτα - Groombox,Δωροκάρτα - Image 1. Κάντε κλικ για μεγέθυνση. Αρχική σελίδα / PET SHOP Πύργος / Δωροκάρτα. Show Tech Face ...,"site:.gr ""pet shop"" ""δωροκάρτα""",MANUAL_REVIEW,score_below_90
85,help.uber.com,Πώς να αγοράσετε και να χρησιμοποιήσετε δωροκάρτες Uber,https://help.uber.com/el-GR/ubereats/restaurants/article/uber-cadeaubonnen-kopen-en-gebruiken-?nodeId=6a654583-8df1-4e6c-a697-8ad81181e8a5,Πώς να αγοράσετε και να χρησιμοποιήσετε δωροκάρτες Uber,Physical gift cards will be sold at pharmacy or convenience stores ... Uber Gift Card has a PIN/ Serial number. If you add a PIN code to your ...,"""pharmacy"" ""gift card"" Greece",MANUAL_REVIEW,score_below_90
85,heraklionimprov.gr,Δωροκάρτα Heraklion Improv Theater,https://www.heraklionimprov.gr/shop/dorokarta-heraklion-improv-theater/,Δωροκάρτα Heraklion Improv Theater,"Δώρισε Improv! ... Επίλεξε το ποσό που θέλεις, και δώσε την Δωροκάρτα της Heraklion Improv Theater στα αγαπημένα σου πρόσωπα! Κάνε τους να πετάνε απ' την χαρά!","""Heraklion"" ""δωροκάρτα""",MANUAL_REVIEW,score_below_90
85,hotel-marina.dk,Buy a gift card for Danske Hotels A / S,https://www.hotel-marina.dk/en/gavekort/,Buy a gift card for Danske Hotels A / S,"... hotel, or an employee gift card – all can be used at our 27 unique hotels and inns throughout Denmark. Bemærk: The gift cards are print yourself and will be ...","""Denmark"" hotel ""gift card"" official",MANUAL_REVIEW,score_below_90
85,hypnotejewelry.gr,"Δωροκάρτα - Hypnote Jewelry | Woman, Man Accessories ...",https://hypnotejewelry.gr/product/%CE%B4%CF%89%CF%81%CE%BF%CE%BA%CE%AC%CF%81%CF%84%CE%B1/,"Δωροκάρτα - Hypnote Jewelry | Woman, Man Accessories ...","Hypnote Jewelry | Woman, Man Accessories, eshop for jewelry. Search open. 0 ... Δωροκάρτα. 5.00 € 50.00 € -50% OFF. Ποσό Δωροκάρτας. Κάντε μία επιλογή, 10 ...","site:.gr ""jewelry"" ""δωροκάρτα""",MANUAL_REVIEW,score_below_90
85,ioannou-cosmetics.gr,Δωροκάρτα 30,https://www.ioannou-cosmetics.gr/shop/dwrokartes/dwrokarta-30-e/,Δωροκάρτα 30,Δωροκάρτα 30 ... Δωροκάρτα 40 €. Κερδίζεις 40 ... Copyright © 2026 - Ioannou Cosmetics - Περιεχόμενο πνευματικών δικαιωμάτων.,"site:.gr ""cosmetics"" ""δωροκάρτα""",MANUAL_REVIEW,score_below_90
85,irelandhotels.com,Hotels in Ireland | Go Anywhere Gift Card,https://www.irelandhotels.com/ireland.html?srsltid=AfmBOoo1p0E0kn2WDVS4dja4O_z31pHBl9Iasw1m6Qu4TOuw_tpDa9zv,Hotels in Ireland | Go Anywhere Gift Card,Corporate Gift Card · Ireland Hotels Buy Gift Card · Ireland Hotels Buy Gift Card. Clare www.irelandhotels.com_v3. Counties. Ireland. See All Hotels. Ireland.,"""Ireland"" hotel ""gift card"" official",MANUAL_REVIEW,score_below_90
85,irisgalerie.com,Κάρτα δώρου (Ελλάδα) - Iris Galerie,https://irisgalerie.com/products/%CE%BA%CE%AC%CF%81%CF%84%CE%B1-%CE%B4%CF%8E%CF%81%CE%BF%CF%85-%CE%B5%CE%BB%CE%BB%CE%AC%CE%B4%CE%B1,Κάρτα δώρου (Ελλάδα) - Iris Galerie,"Κάρτα δώρου (Ελλάδα). €50,00. • Αυτή η κάρτα δώρου αποστέλλεται ηλεκτρονικά, στη διεύθυνση email που καθορίζεται, αμέσως μετά την αγορά.","""κάρτα δώρου""",MANUAL_REVIEW,score_below_90
85,iteurope.es,It Europe Gift Card,https://iteurope.es/en/products/tarjeta-regalo-it-europe?srsltid=AfmBOopuSbnAFVW5D2RPgEyaQHpz8TUnt05sL29NgR28MW988xHNcrgR,It Europe Gift Card,"Gift summer with this IT Europe gift card and let them choose their favorites. It is sent by email with a unique code to redeem online at checkout, quickly, ...","""Europe"" fashion ""gift card"" official",MANUAL_REVIEW,score_below_90
85,karam.gr,Δωροκάρτα Karam Spa - Karam - Προϊόντα ευεξίας & ομορφιάς,https://karam.gr/product/dwrokarta-karam-spa/,Δωροκάρτα Karam Spa - Karam - Προϊόντα ευεξίας & ομορφιάς,"Η Δωροκάρτα μπορεί να χρησιμοποιηθεί στα παρακάτω: ☆ Mystras Grand Hotel Resort & Spa ☆ Las Hotel & Spa. * Αφού προχωρήσετε στην αγορά, σε επόμενο βήμα θα ...","site:.gr ""hotel"" ""δωροκάρτα""",MANUAL_REVIEW,score_below_90
85,karampidis.gr,Δωροκάρτα τύπου τραπεζών. 0002dor,https://karampidis.gr/en/home?page=shop.product_details&flypage=&product_id=3499&category_id=0,Δωροκάρτα τύπου τραπεζών. 0002dor,Φαρμακείο Αυτοκινήτου Car Pharmacy Kit · Είδη ... Δωροκάρτα τύπου τραπεζών. 0002dor. Κωδικός 0002dor ... ΔΩΡΟκάρτα. Πλαστική Κάρτα τύπου τραπεζών. Με ...,"site:.gr ""pharmacy"" ""δωροκάρτα""",MANUAL_REVIEW,score_below_90
85,kouskoufashionproject.gr,Δωροκάρτα,https://kouskoufashionproject.gr/en/collections/%CE%B4%CF%89%CF%81%CE%BF%CE%BA%CE%AC%CF%81%CF%84%CE%B1,Δωροκάρτα,"Δωροκάρτα. Filter. Sort by. Most relevant. FeaturedMost relevantBest selling ... Whether you are in Rhodes or part of our online community, we want you to ...","""Rhodes"" ""δωροκάρτα""",MANUAL_REVIEW,score_below_90
85,lagonika.gr,"Για κάθε αγορά Game τίτλου, Δωροκάρτα 20% της αξίας αυτού ...",https://www.lagonika.gr/prosfores/%CE%B3%CE%B9%CE%B1-%CE%BA%CE%AC%CE%B8%CE%B5-%CE%B1%CE%B3%CE%BF%CF%81%CE%AC-game-%CF%84%CE%AF%CF%84%CE%BB%CE%BF%CF%85-%CE%B4%CF%89%CF%81%CE%BF%CE%BA%CE%AC%CF%81%CF%84%CE%B1-20-%CF%84%CE%B7%CF%82/,"Για κάθε αγορά Game τίτλου, Δωροκάρτα 20% της αξίας αυτού ...",H δωροκάρτα ισχύει για επόμενες αγορές ανεξαρτήτως ποσού; Η δωροκάρτα δεν εξαργυρώνεται με μετρητά ... Glorious Gaming Model D- (Minus) Wired Gaming Mouse.,"site:.gr ""gaming"" ""δωροκάρτα""",MANUAL_REVIEW,score_below_90
85,lahjakortti.scandichotels.fi,Scandic Hotels gift cards,https://lahjakortti.scandichotels.fi/shop/lang/en,Scandic Hotels gift cards,Redeemable at any Scandic Hotel in Finland and valid for 12 months from the day you purchased it. The gift card cannot be exchanged for money. The gift card is ...,"""Finland"" hotel ""gift card"" official",MANUAL_REVIEW,score_below_90
85,lavalmore.gr,Δωροκάρτα,https://lavalmore.gr/categories/%CE%B4%CF%89%CF%81%CE%BF%CE%BA%CE%AC%CF%81%CF%84%CE%B1/?srsltid=AfmBOopyg-2OV_ZGU5T0JSgzAFHibBncjkY7yk9r5PoK3YERtRXftnzG,Δωροκάρτα,Χάρισε ένα μοναδικό δώρο σε εκείνους που αγαπάς με την δωροκάρτα του Lavalmore. Επίλεξε ποσό online και φόρτωσε τη Lavalmore GiftCard ... Flower Lace Lingerie ...,"site:.gr ""lingerie"" ""δωροκάρτα""",MANUAL_REVIEW,score_below_90
85,laviejewelry.gr,Δωροκάρτα,https://www.laviejewelry.gr/el/collections/gift-cart?srsltid=AfmBOoovA736UUI0Lkrn7hz1dHtm3Z44_FL_iWq_xiXWeMXDmwOIMeQt,Δωροκάρτα,"Συλλογή: Δωροκάρτα. Φιλτράρισμα: Διαθεσιμότητα ... La Vie Jewelry Gift Cart. Παραγγελίες. Πολιτική ... © 2026, La Vie Jewelry Με την υποστήριξη της Shopify.","site:.gr ""jewelry"" ""δωροκάρτα""",MANUAL_REVIEW,score_below_90
85,letoshop.gr,Δωροεπιταγή ΛΗΤΩ για όλους,https://www.letoshop.gr/el/p/home/59843-dwroepitagi-giaolous.html?srsltid=AfmBOooT_44A2clq8hmNWqF1IoPsEFo9tLDkvx4Uofg7GR2n1NhuE9TV,Δωροεπιταγή ΛΗΤΩ για όλους,Η παρούσα δωροεπιταγή ισχύει για (1) ένα έτος από την ημερομηνία αγοράς της από τα Βρεφικά Πολυκαταστήματα Λητώ. Δεν ανταλλάσσεται με χρήματα και μπορεί να ...,"site:.gr ""δωροεπιταγή""",MANUAL_REVIEW,score_below_90
85,littleflowers.gr,Αγοράστε μία Δωροεπιταγή - Little Flowers,https://littleflowers.gr/index.php?route=account/voucher,Αγοράστε μία Δωροεπιταγή - Little Flowers,Χαρίστε μια δωροκάρτα Little Flowers στα αγαπημένα σας πρόσωπα και δώστε τους τη δυνατότητα να επιλέξουν αυτοί τα προϊόντα που επιθυμούν!,"site:.gr ""flowers"" ""δωροκάρτα""",MANUAL_REVIEW,score_below_90
85,livecards.net,Cheapest Zalando Gift Card 10 EUR Spain,https://livecards.net/lv/es-zalando-gc-10-eur,Cheapest Zalando Gift Card 10 EUR Spain,"The Zalando Gift Card 10 EUR (Spain) is a digital prepaid gift card for shopping fashion, shoes, and accessories at Zalando. A perfect way to explore top ...","""Spain"" fashion ""gift card"" official",MANUAL_REVIEW,score_below_90
85,livingcrueltyfree.gr,Δωροεπιταγή online αγορών αξίας 35 Ευρώ,https://livingcrueltyfree.gr/%CF%80%CF%81%CE%BF%CF%8A%CF%8C%CE%BD/%CE%B4%CF%89%CF%81%CE%BF%CE%B5%CF%80%CE%B9%CF%84%CE%B1%CE%B3%CE%B7-living-35e/?srsltid=AfmBOoq63zaJK4gQ9jDYQmUHVliwiahQwcZMenmEKBDod_QW6sQKxxel,Δωροεπιταγή online αγορών αξίας 35 Ευρώ,"Δωροεπιταγή Living 35€. 35,00€. Δωροκάρτα 35 ευρώ για αγορές πιστοποιημένων cruelty free και vegan καλλυντικών, παπουτσιών ή αξεσουάρ από ...","""δωροεπιταγή""",MANUAL_REVIEW,score_below_90
85,magento2dev.wellshaved.gr,Δωροκάρτα Wellshaved,https://magento2dev.wellshaved.gr/dorokarta-wellshaved,Δωροκάρτα Wellshaved,Δωροκάρτα Wellshaved. Αν θέλετε να προσφέρετε ... Skin Food · After Shave Balm · After Shave Lotion ... Δωροκάρτα. Αρχική; Δωροκάρτα. Αγορά κατά. Επιλογες Αγορων.,"site:.gr ""food"" ""δωροκάρτα""",MANUAL_REVIEW,score_below_90
85,mammanova.com,Gift voucher,https://www.mammanova.com/en/products/cadeaubon,Gift voucher,"Lingerie Sets. Shop all lingerie sets · Classic · Elegant · High neckline ... Gift voucher. No reviews. Offer price€25,00. Give confidence, comfort, and choice ...","""lingerie"" ""gift voucher"" Greece",MANUAL_REVIEW,score_below_90
85,miniatureshoes.gr,Δωροκάρτα - Miniature Shoes,https://miniatureshoes.gr/product/%CE%B4%CF%89%CF%81%CE%BF%CE%BA%CE%AC%CF%81%CF%84%CE%B1/,Δωροκάρτα - Miniature Shoes,Αγοράστε μία δωροκάρτα και δώστε στους αγαπημένους σας την δυνατότητα να διαλέξουν οποιοδήποτε προιόν επιθυμούν! ... Miniature Shoes © 2020.,"site:.gr ""shoes"" ""δωροκάρτα""",MANUAL_REVIEW,score_below_90
85,missyandme.gr,Δωροκάρτα MissYandME | Fashion gift card,https://missyandme.gr/%CE%B4%CF%89%CF%81%CE%BF%CE%BA%CE%AC%CF%81%CF%84%CE%B1/,Δωροκάρτα MissYandME | Fashion gift card,"Χάρισε δωροκάρτα MissYandME για γυναικεία μόδα, αξεσουάρ και online αγορές με εύκολη επιλογή ποσού και εξαργύρωση.","site:.gr ""fashion"" ""δωροκάρτα""",MANUAL_REVIEW,score_below_90
85,mosaicshop.fr,Gift voucher 10 euro - mosaicshop,https://mosaicshop.fr/en/products/kadobon-10-euro-597,Gift voucher 10 euro - mosaicshop,"Buy Gift voucher 10 euro online for €10.00 at MosaicShop! Your expert for mosaic tiles, tools and supplies.","""tools"" ""gift voucher"" Greece",MANUAL_REVIEW,score_below_90
85,mycurls.gr,Gift Cards,https://mycurls.gr/products/mycurls-gr-gift-cart?srsltid=AfmBOoqJuGtZSoUi6rWaobkZq31Ztca1NJjonY56lbYj_0ePbWp82ag1,Gift Cards,Gift Cards ... Ο φόρος συμπεριλαμβάνεται. Τα έξοδα αποστολής υπολογίζονται κατά την ολοκλήρωση της αγοράς. Denominations. €10.00 €25.00,"site:.gr ""gift cards""",MANUAL_REVIEW,score_below_90
85,naildd.gr,Δωροκάρτα,https://www.naildd.gr/cat/%CE%B4%CF%89%CF%81%CE%BF%CE%BA%CE%AC%CF%81%CF%84%CE%B1/,Δωροκάρτα,Κάντε ένα αξέχαστο Δώρο στους αγαπημένους σας ή στον εαυτό σας! Αγοράστε την Δωροκάρτα από την ιστοσελίδα μας ή παραλάβετε την από το κατάστημα και δωρίστε την ...,"""Thessaloniki"" ""δωροκάρτα""",MANUAL_REVIEW,score_below_90
85,nativis.gr,Δωροκάρτα,https://nativis.gr/shop-products/%CE%B4%CF%89%CF%81%CE%BF%CE%BA%CE%AC%CF%81%CF%84%CE%B1/,Δωροκάρτα,Η δωροκάρτα απο το www.nativis.gr είναι ένα μοναδικό και αξέχαστο δώρο για ... Nativis Natural Cosmetics. 5.0. powered by Google. αξιολογήστε μας στο.,"site:.gr ""cosmetics"" ""δωροκάρτα""",MANUAL_REVIEW,score_below_90
85,nobberpharmacy.voucherconnect.com,Nobber Pharmacy Gift Card - Nobber pharmacy Vouchers | Voucher ...,https://nobberpharmacy.voucherconnect.com/product/7900,Nobber Pharmacy Gift Card - Nobber pharmacy Vouchers | Voucher ...,"Buy a Nobber Pharmacy Gift Voucher and use it against any purchase in store. Voucher Value. Select Value, €25.00, €50.00, €75.00, €100.00 ...","""pharmacy"" ""gift voucher"" Greece",MANUAL_REVIEW,score_below_90
85,nordicvisitor.com,Travel gift voucher : Perfect gift,https://www.nordicvisitor.com/gift/,Travel gift voucher : Perfect gift,Buy a gift voucher from travel agency Nordic Visitor. Give a travel ... Sweden; Scotland; Germany; Italy; See details. Licences. Contact us Get in touch ...,"""Sweden"" travel ""gift voucher"" official",MANUAL_REVIEW,score_below_90
85,off-road-romania.com,Off-Road Adventure Gift Vouchers | Romania 4x4 Experience,https://www.off-road-romania.com/voucher.html,Off-Road Adventure Gift Vouchers | Romania 4x4 Experience,Official Off-Road Romania gift certificate for Super Cars tours. Gift voucher · ORR. Super Cars. Premium supercar driving routes on Romania's iconic roads.,"""Romania"" travel ""gift voucher"" official",MANUAL_REVIEW,score_below_90
85,one4all.ie,One4all Multi-store Gift Cards | Spend with 1000s of Brands ...,https://www.one4all.ie/,One4all Multi-store Gift Cards | Spend with 1000s of Brands ...,The One4all and One4all Favourites Gift Card is issued by GVS Prepaid (Europe) Limited. GVS Prepaid (Europe) Limited is a company incorporated in Ireland under ...,"""Ireland"" retail ""gift card"" official",MANUAL_REVIEW,score_below_90
85,ottolina.gr,"Yoga Gift Cards Yoga Pop Up Card, 3D Yoga Birthday Card ...",https://ottolina.gr/?t=37401738051430,"Yoga Gift Cards Yoga Pop Up Card, 3D Yoga Birthday Card ...",Yoga Gift Cards One4all Retail Therapy Physical Gift Card $50. My Store Stock： 94. tax included. $ 1.,"""yoga"" ""gift card"" Greece",MANUAL_REVIEW,score_below_90
85,pentavras-kes.gr,Αγοράστε μία Δωροεπιταγή,https://www.pentavras-kes.gr/account/voucher,Αγοράστε μία Δωροεπιταγή,Αγοράστε μία Δωροεπιταγή. Αυτή η δωροεπιταγή θα αποσταλεί μέ e-mail στον παραλήπτη αφού ολοκληρωθεί ή πληρωμή σας. Όνομα παραλήπτη. E-mail παραλήπτη.,"site:.gr ""δωροεπιταγή""",MANUAL_REVIEW,score_below_90
85,plantoys.gr,Ηλεκτρονική Δωροκάρτα PlanToys,https://www.plantoys.gr/shop/%CE%B7%CE%BB%CE%B5%CE%BA%CF%84%CF%81%CE%BF%CE%BD%CE%B9%CE%BA%CE%AE-%CE%B4%CF%89%CF%81%CE%BF%CE%BA%CE%AC%CF%81%CF%84%CE%B1-plantoys/,Ηλεκτρονική Δωροκάρτα PlanToys,Κανένα προϊόν στο καλάθι σας. Επιστροφή στο κατάστημα · Παιχνίδια Εκπαιδευτικά Plan Toys ... Ηλεκτρονική Δωροκάρτα PlanToys. 50.00€ – 350.00€ Price range ...,"site:.gr ""toys"" ""δωροκάρτα""",MANUAL_REVIEW,score_below_90
85,powerenergy.gr,Δωροκάρτα - Power Energy,https://www.powerenergy.gr/shop/dorokarta/,Δωροκάρτα - Power Energy,Δωροκάρτα - Image 1. Μεγέθυνση. Αρχική σελίδα / SHOP / SOLAR TECHNOLOGY / HEAT-WIND-GRID-SYSTEMS / RIGID PANELS 5W - 200W / Δωροκάρτα.,"site:.gr ""technology"" ""δωροκάρτα""",MANUAL_REVIEW,score_below_90
85,prestomusic.com,Buy streaming gift vouchers,https://www.prestomusic.com/streaming/vouchers?srsltid=AfmBOoqGaBtJeQtbbHrIO8X2sHHXqECrtdgI8iAPw2heXtVU3nT6Tkqv,Buy streaming gift vouchers,"Presto Music - home. Wishlist · Sign in · Currency is ... If you prefer to give a gift voucher on paper, enter your own email address ...","""music"" ""gift voucher"" Greece",MANUAL_REVIEW,score_below_90
85,prezzee.com,Digital Gift Cards | Prezzee US,https://prezzee.com/en-us?srsltid=AfmBOoqUBPjrOPSWWsV5hkyZYc8Ofte_BvkmcGv6mJ7BVzbxVEoyCd_3,Digital Gift Cards | Prezzee US,"... department store, department, kids clothing, boys, girls, boys clothing ... For the perfect Mother's Day gift, you can't go past a gift voucher for ...","""department store"" ""gift voucher"" Greece",MANUAL_REVIEW,score_below_90
85,proteasbars.gr,Ashburn Va Shop Fitness The Shop Gym Giftly Beautiful Gift Card ...,https://proteasbars.gr/?x=43722436071480,Ashburn Va Shop Fitness The Shop Gym Giftly Beautiful Gift Card ...,HOT ! Ashburn Va Shop Fitness The Shop Gym Giftly Beautiful Gift Card Alternative · Pick up at the store (Free shipping) · Delivery.,"""fitness"" ""gift card"" Greece",MANUAL_REVIEW,score_below_90
85,radne.com,Gift Cards - Radne,https://www.radne.com/collections/klader-vaskor-presentkort?srsltid=AfmBOoqHmA_Lm32WQxBhOosHXbShFB_Ru6ZEFNmwUaVsAUM6D16VxNSd,Gift Cards - Radne,Aspen Gasoline. Rally & Racing. Car accessories. Aspen Gasoline · Harness ... Gift card Rotax Fan Shop Slickshift · SIM Racing · Moza Racing Sparco Gaming.,"""car accessories"" ""gift card"" Greece",MANUAL_REVIEW,score_below_90
85,sailstar.org,Gift card – sailing course | Sailstar,https://www.sailstar.org/presentkort.html,Gift card – sailing course | Sailstar,Give the gift of sailing! Buy a Sailstar gift card for any of our sailing courses in Stockholm or Greece.,"""courses"" ""gift card"" Greece",MANUAL_REVIEW,score_below_90
85,sanopwleio.gr,Αγοράστε μία Δωροεπιταγή,https://www.sanopwleio.gr/account/voucher,Αγοράστε μία Δωροεπιταγή,Αγοράστε μία Δωροεπιταγή. Αυτή η δωροεπιταγή θα αποσταλεί μέ e-mail στον παραλήπτη αφού ολοκληρωθεί ή πληρωμή σας. Όνομα παραλήπτη. E-mail παραλήπτη.,"site:.gr ""δωροεπιταγή""",MANUAL_REVIEW,score_below_90
85,scrapsnpieces.gr,Δωροεπιταγή 20 Ευρώ,https://scrapsnpieces.gr/%CE%B4%CF%89%CF%81%CE%BF%CE%B5%CF%80%CE%B9%CF%84%CE%B1%CE%B3%CE%AE-20?srsltid=AfmBOoqyp4hMp4Iupb5DBia2mlB3e-8mmCDkytinj9xkVNpTxQG3uf8C,Δωροεπιταγή 20 Ευρώ,"Δωροεπιταγή 20 Ευρώ ... Κάντε ένα δώρο αξίας 20 ευρώ στους φίλους σας για να αγοράσουν ότι τους αρέσει, και στείλτε το κατ' ευθείαν στο email τους. Δες και αυτά.","site:.gr ""δωροεπιταγή""",MANUAL_REVIEW,score_below_90
85,shopluckylane.com,Lucky Lane,https://shopluckylane.com/en/products/lucky-lane-presentkort?srsltid=AfmBOoo_RHXR-S-aVWm5rrmjw6O0CU1bGgkXgmUKxXowqM3HvrHg3-9Z,Lucky Lane - Gift Card,"Our gift card can be used on the entire range, from our comfortable hoodies to popular car accessories like key chains, air fresheners and decals. Perfect for ...","""car accessories"" ""gift card"" Greece",MANUAL_REVIEW,score_below_90
85,spitishop.gr,Δωροκάρτες,https://www.spitishop.gr/5000967-%CE%BA%CE%AC%CF%81%CF%84%CE%B5%CF%82-%CE%B4%CF%8E%CF%81%CE%BF%CF%85,Δωροκάρτες - Giftcards | Spitishop.gr,Δωροκάρτες (16 προϊόντα) · Κάρτα Δώρου Για Γιορτή · Κάρτα Δώρου Για Νεογέννητο · Κάρτα Δώρου Για Το Νέο Σπίτι · Κάρτα Δώρου Για Βάφτιση · Κάρτα Δώρου Για Γενέθλια.,"""κάρτα δώρου""",MANUAL_REVIEW,score_below_90
85,starhotels.com,"Hotel Gift Card New York, Paris and Italy | E-shop",https://www.starhotels.com/en/egift/,"Hotel Gift Card New York, Paris and Italy | E-shop","... Gift Card New York, Paris and Italy | E-shop ... Choose the amount you prefer and buy a Monetary Gift valid for all our hotels in Italy* and Paris.","""Italy"" hotel ""gift card"" official",MANUAL_REVIEW,score_below_90
85,stevenrhodesshop.eu,Steven Rhodes - Gift voucher,https://stevenrhodesshop.eu/en/products/steven-rhodes-geschenkgutschein,Steven Rhodes - Gift voucher,"Steven Rhodes - Gift Voucher. Simply select the appropriate voucher amount, go to the shopping cart and pay for the voucher.","""Rhodes"" ""gift voucher""",MANUAL_REVIEW,score_below_90
85,stratic.de,Buy Stratic gift vouchers online | Travel voucher,https://stratic.de/en/pages/geschenkgutscheine?srsltid=AfmBOoo66hmF_axv_LHhyqqejukUbJd9gzUTgFsInyg0ZREw2UNK7L3B,Buy Stratic gift vouchers online | Travel voucher,"Who is a gift voucher suitable for? A voucher is always the right choice if you know someone needs luggage or a new bag – but are unsure which model, color, or ...","""luggage"" ""gift voucher"" Greece",MANUAL_REVIEW,score_below_90
85,support.apple.com,"Πώς να εξαργυρώσετε τη δωροκάρτα Apple Gift Card, την ...",https://support.apple.com/el-gr/118242,"Πώς να εξαργυρώσετε τη δωροκάρτα Apple Gift Card, την ...","... Gift Card. Εξαργυρώστε τη δωροκάρτα σας στο App Store ή στην εφαρμογή Apple Music, για να τη χρησιμοποιήσετε για αγορές στοιχείων, όπως εφαρμογών, συνδρομών ...","""music"" ""gift card"" Greece",MANUAL_REVIEW,score_below_90
85,swissvax.gr,Gift Voucher - for Car Lovers - Swissvax,https://swissvax.gr/en/products/geschenkgutschein?srsltid=AfmBOopzfoHA16HZZNP6jJ0cX3Ezh9bY078D5cY1LkrYcLuenJkQYRKd,Gift Voucher - for Car Lovers - Swissvax,The Swissvax Gift Voucher is the ideal gift for car lovers. The voucher is valid for all products and services in the Swissvax online shop – whether carnauba ...,"site:.gr ""gift voucher""",MANUAL_REVIEW,score_below_90
85,theartisania.com,Buy Gift Vouchers Online,https://theartisania.com/en-int/pages/gifting?srsltid=AfmBOorxvvgcSui5Mt4CKK5O9kKZo_B-gvTxUYUCUuvUbSRLJv4JwItf,Buy Gift Vouchers Online,"Send someone the gift of art. Buy digital gift cards for handcrafted furniture, art, and decor ... Let me know if you'd like any refinements! Buy A Gift Voucher.","""decor"" ""gift voucher"" Greece",MANUAL_REVIEW,score_below_90
85,toaromatiseftixias.gr,Δωροκάρτα,https://toaromatiseftixias.gr/%CE%B4%CF%89%CF%81%CE%BF%CE%BA%CE%AC%CF%81%CF%84%CE%B1,Δωροκάρτα,Αγοράστε μία Δωροκάρτα αξίας από 10€ έως 150€. Το Άρωμα της Ευτυχίας σου δίνει την δυνατότητα να κάνεις ένα δώρο που θα αρέσει σε όλους.,"site:.gr ""δωροκάρτα""",MANUAL_REVIEW,score_below_90
85,toolsmania.gr,Αγοράστε μία Δωροεπιταγή,https://www.toolsmania.gr/index.php?route=account/voucher&srsltid=AfmBOorH35E7JzY9TdKqV-H8cZaGm6fN2sOJ8V2DNPHAumZ2s5BSZm5H,Αγοράστε μία Δωροεπιταγή,"Αλφάδια SKS TOOLS · Μπαταρίες κουζίνας , μπάνιου , νιπτήρα ... Ποσό. Δωροκάρτα 25 Ευρώ, Δωροκάρτα 50 Ευρώ, Δωροκάρτα 100 Ευρώ, Άλλο Ποσό (Ελάχιστο ποσό 20 Ευρώ).","site:.gr ""tools"" ""δωροκάρτα""",MANUAL_REVIEW,score_below_90
85,totalbeautymalta.com,Gift Card Balance,https://totalbeautymalta.com/balance/,Gift Card Balance,"Total Beauty Malta · Home; Shop. Ritzy Nails TM · RIKI Loves RIKI · Glamcor ... Check Gift Card Balance. OPENING HOURS. Monday, 08:00 – 19:00. Tuesday, 07:00 – 13 ...","""Malta"" beauty ""gift card"" official",MANUAL_REVIEW,score_below_90
85,toys.gr,Χαρίστε μία Δωροκάρτα,https://www.toys.gr/index.php?route=account/voucher&srsltid=AfmBOoqN7p4BEEEgoA4tbxI-8wWpc4FevfIoATCaFpNKArUwGzbDZDHh,Χαρίστε μία Δωροκάρτα,"Αρχική · O Λογαριασμός μου · Αγορά Δωροεπιταγής. Χαρίστε μία Δωροκάρτα. toys.gr. Επίλεξε Δωροκάρτα. Δωροκάρτα Toys 20 Ευρώ, Δωροκάρτα Toys 30 Ευρώ ...","site:.gr ""toys"" ""δωροκάρτα""",MANUAL_REVIEW,score_below_90
85,tresjoli.gr,Αγοράστε μία Δωροεπιταγή,https://www.tresjoli.gr/index.php/?route=account/voucher,Αγοράστε μία Δωροεπιταγή,Αγοράστε μία Δωροεπιταγή. Αυτή η δωροεπιταγή θα αποσταλεί μέ e-mail στον παραλήπτη αφού ολοκληρωθεί ή πληρωμή σας. Όνομα παραλήπτη. E-mail παραλήπτη.,"site:.gr ""δωροεπιταγή""",MANUAL_REVIEW,score_below_90
85,tsiantakishome.gr,Δωροκάρτα 40,https://www.tsiantakishome.gr/shop/dwrokartes/dwrokarta-40e/,Δωροκάρτα 40,Δωροκάρτα 40€. Λεπτομέρειες. Προς * Εισάγετε τις διευθύνσεις ηλεκτρονικού ... Tsiantaki Home. Κατασκευή ...,"site:.gr ""home"" ""δωροκάρτα""",MANUAL_REVIEW,score_below_90
85,vleesetendeplantshop.be,Gift Voucher Carnivorous Plants | a surprise for plant lovers,https://vleesetendeplantshop.be/en/collections/cadeaubon-vleesetende-planten?srsltid=AfmBOoqWcbgLSJ3AFjp0kh56wvper6Xk1vCv4zZ3dSsc7Q9jpwC1-WlW,Gift Voucher Carnivorous Plants | a surprise for plant lovers,"Greece EUR € ... Gift voucher. Do you want to buy a gift for a ... Visits to other growers, exchange fairs and years of cultivation later, a hobby nursery grew out ...","""hobby"" ""gift voucher"" Greece",MANUAL_REVIEW,score_below_90
85,voucherexpress.com,Gift Cards for Fashion & Footwear,https://www.voucherexpress.com/categories/fashion-and-footwear,Gift Cards for Fashion & Footwear,"VEX Gift Card UK Versions. VEX EatsVEX Home · VEX Gift Card Ireland. Inspiration ... Can I buy a VEX Gift Card over the value of £500? Yes, you can! But ...","""UK"" fashion ""gift card"" official",MANUAL_REVIEW,score_below_90
85,vouchersdepot.com,Gift Card - Attica - Greece,https://www.vouchersdepot.com/product/Greece/ATTICA,Gift Card - Attica - Greece,Gift Card - Attica - Greece. Το attica είναι το μεγαλύτερο ... attica is the country's largest department store which is located in five locations in Greece ...,"""department store"" ""gift card"" Greece",MANUAL_REVIEW,score_below_90
85,westincostanavarino.skchase.com,Official gift voucher for The Westin Resort Costa Navarino,https://westincostanavarino.skchase.com/,Official gift voucher for The Westin Resort Costa Navarino,Gift Cards - The Westin Resort Costa Navarino. £0 - £500+.,"""resort"" ""gift voucher"" Greece",MANUAL_REVIEW,score_below_90
85,woolsocks.eu,Buy Global Hotel Card France gift card,https://woolsocks.eu/cadeaukaart/68c5b868-690b-4ba6-a7a4-979235fa2ab5,Buy Global Hotel Card France gift card,"About Global Hotel Card France. The Global Hotel Card Powered by Expedia Partner Solutions is the premier gift card for hotels, resorts, vacation rentals and ...","""France"" hotel ""gift card"" official",MANUAL_REVIEW,score_below_90
85,yelp.com,"TOP 10 BEST Gift Cards in Paris, France - Updated 2026",https://www.yelp.com/search?find_desc=Gift+Cards&find_loc=Paris,"TOP 10 BEST Gift Cards in Paris, France - Updated 2026","Gift CardsParis, France. Map. Filters. Yelp · Shopping · Gift Cards ... Now, can anyone give me an unlimited line of gift card, so I can start shopping?!","""France"" retail ""gift card"" official",MANUAL_REVIEW,score_below_90
85,yourbabystore.gr,Δωροκάρτες,https://yourbabystore.gr/dorokartes/,Δωροκάρτες,Δωροκάρτες your baby store ... Θέλετε να χαρίσετε ένα δώρο χωρίς να κάνετε λάθος στο νούμερο ή το σχέδιο; Επιλέξτε να προσφέρετε μια δωροκάρτα Η δωροκάρτα σας ...,"site:.gr ""baby"" ""δωροκάρτα""",MANUAL_REVIEW,score_below_90
85,zara.com,Activate card,https://www.zara.com/cz/en/z-zara-card/activation?c=815535,Activate card-Gift Card-+ Info | Czech Republic,GIFT CARD. STORES. JOIN LIFE. CAREERS. + INFO. DOWNLOAD APP. AARON LEVINE · THE NEW ... Czech Republic. ČEŠTINA; English. © All rights reserved.,"""Czech Republic"" beauty ""gift card"" official",MANUAL_REVIEW,score_below_90
85,zipsterbaby.gr,Δωροκάρτα - Zipster,https://zipsterbaby.gr/products/%CE%B4%CF%89%CF%81%CE%BF%CE%BA%CE%AC%CF%81%CF%84%CE%B1,Δωροκάρτα - Zipster,"Ψωνίζετε για κάποιον άλλον αλλά δεν ξέρετε τι να του δώσετε; Δώστε το δώρο της επιλογής με μια δωροκάρτα ... Shop our bestselling zip-up baby suits, rompers, and ...","site:.gr ""baby"" ""δωροκάρτα""",MANUAL_REVIEW,score_below_90
85,zooparadise.gr,Δωροκάρτα,https://zooparadise.gr/product/%CE%B4%CF%89%CF%81%CE%BF%CE%BA%CE%AC%CF%81%CF%84%CE%B1/?srsltid=AfmBOoqlqXYXxsEpapToDfeTzKhsGQ9QpJv8yJvogUgpOJ3d7s1Pj1QP,Δωροκάρτα,Δωροκάρτα ; Pet shop & more. Made with Love for your Pet ; Επικοινωνία. Εξυπηρέτηση e-shop-Τηλ.Παραγγελίες. Δευτέρα έως Παρασκευή (09:00–18:00):. ☎️ 2109241860.,"site:.gr ""pet shop"" ""δωροκάρτα""",MANUAL_REVIEW,score_below_90
80,5star-travel.gr,Gift Voucher,https://www.5star-travel.gr/B137AE32.el.aspx,Gift Voucher,Η δωροκάρτα δεν εξαργυρώνεται σε μετρητά. Γιατί να επιλέξω το 5 STAR TRAVEL GIFT VOUCHER;. Σας έχουμε 3 υπέροχους λόγους για να επιλέξετε ένα 5 STAR TRAVEL GIFT ...,"site:.gr ""travel"" ""δωροκάρτα""",MANUAL_REVIEW,score_below_90
80,8aisti.com,Beauty Salon Kahdeksas Aisti,https://www.8aisti.com/en/gifts/?srsltid=AfmBOorMGnwMxNqFDkAAM1oJ_Yc7Fy0cHA_QXQlg7UDRy7p959o4vMCB,Beauty Salon Kahdeksas Aisti - Gift cards,"We deliver a high-quality Kahdeksas Aisti gift card in a stylish gift envelope by post to the address of your choice, or you can pick it up at our salon if ...","""Finland"" beauty ""gift card"" official",MANUAL_REVIEW,score_below_90
80,acousticecology.music.uoa.gr,manucurist Gift card Gift Card Factory Sale | Cosmetics,https://acousticecology.music.uoa.gr/?a=185203458,manucurist Gift card Gift Card Factory Sale | Cosmetics,"Brand: Manucurist ; Product type: Cosmetics ; Color: · To spoil your loved ones and put a smile on their faces, nothing beats a Manucurist gift card. This digital ...","site:.gr ""cosmetics"" ""gift card""",MANUAL_REVIEW,score_below_90
80,alayasol.de,Yoga Gift Voucher,https://www.alayasol.de/en/products/geschenk-gutschein?srsltid=AfmBOoqbOWrkGhq3g-IFsdr-vy6QGRQ-5pyhvUyXZRIoIiE59S90yn9K,Yoga Gift Voucher,"Gift Voucher. Art.-Nr.: Art.-Nr.: Regular price 25,00 €. Sale price Regular ... Für wen ist das Yoga & Meditation Equipment geeignet? Unser Yoga- und ...","""yoga"" ""gift voucher"" Greece",MANUAL_REVIEW,score_below_90
80,alchemist-aromas.com,Perfume Gift Voucher - Experience Alchemist Aromas® Luxury ...,https://alchemist-aromas.com/en/products/alchemist-aromas-gutschein?srsltid=AfmBOoq15V9pfK6fTtbAAS0BhZ_5WoYHEHAszlO9VFH7Xcc83i9njZSc,Perfume Gift Voucher - Experience Alchemist Aromas® Luxury ...,Gift the magic of scent with Alchemist Aromas®'s perfume gift voucher. Perfect for exploring exquisite fragrances for everyone ... Greece EUR €; Hungary HUF Ft ...,"""perfume"" ""gift voucher"" Greece",MANUAL_REVIEW,score_below_90
80,aleboutique.gr,Δωροκάρτα - Aleboutique.gr,https://aleboutique.gr/%CE%B4%CF%89%CF%81%CE%BF%CE%BA%CE%AC%CF%81%CF%84%CE%B1-aleboutique,Δωροκάρτα - Aleboutique.gr,... BAGS · SHOULDER BAGS · STRAW BAGS · CLUTCH BAGS · PHONE BAGS · BACKPACK · WALLETS · BEACH ... Δωροκάρτα. Στοκ: Διαθέσιμο; Κατασκευαστής: ALE HANDMADE; Κωδικός ...,"site:.gr ""bags"" ""δωροκάρτα""",MANUAL_REVIEW,score_below_90
80,allpeoplephotography.com,Business Thank You Gift Voucher,https://www.allpeoplephotography.com/vouchers/buiness-thank-you-photo-experience-2/,Business Thank You Gift Voucher,"Business Experience Gift Voucher. As a thank you for your valued custom from one of our business partners & All People Photography ... Greece, Greenland ...","""photography"" ""gift voucher"" Greece",MANUAL_REVIEW,score_below_90
80,ammilos.gr,Κάρτα Δώρου Άμμιλος | Πρωτότυπες Γαστρονομικές Εμπειρίες,https://ammilos.gr/karta-dorou-ammilos/,Κάρτα Δώρου Άμμιλος | Πρωτότυπες Γαστρονομικές Εμπειρίες,"Η Κάρτα Δώρου Άμμιλος είναι το πιο πρωτότυπο δώρο! Μαθήματα μαγειρικής για παιδιά, εφήβους, ενήλικες και εταιρείες στη Θεσσαλονίκη. Δωρίστε μια εμπειρία ...","""κάρτα δώρου""",MANUAL_REVIEW,score_below_90
80,ananne.com,Gift voucher for high-quality active ingredient cosmetics | ananné,https://ananne.com/en/products/geschenkgutschein?srsltid=AfmBOorDe79bxQ6MC3h1MDJA4V0Sr1-YBEd_EAgZ6pzO3IAPIsH_GtRq,Gift voucher for high-quality active ingredient cosmetics | ananné,Gift voucher ananné | Gift voucher to print yourself ➢ natural cosmetics ✓ alcohol-free ✓ plastic-free ✓ cruelty-free ✓ last minute gift | discover ...,"""cosmetics"" ""gift voucher"" Greece",MANUAL_REVIEW,score_below_90
80,angelopouloshair.gr,Gift Card | AngelopoulosHair,https://www.angelopouloshair.gr/en/dorokartes?srsltid=AfmBOopSrCMnfE7kswjWktDCrTT6aSFoi5VjZx_G2eM9i0Hu-h69_FoG,Gift Card | AngelopoulosHair,Barber Chairs · Pets · Barber Corner. Back; View all products · Mens Cologne · Shampoo ... Gift Card. gift-first. MAKE A NICE GIFT. gift-sect-one. Give a gift ...,"""barber"" ""gift card"" Greece",MANUAL_REVIEW,score_below_90
80,angelsflowers.gr,Δωροκάρτα,https://angelsflowers.gr/product/dwrokarta/,Δωροκάρτα,Δωροκάρτα. Πληροφορίες Παράδοσης. Παράδοση παντού στη ... Βρείτε μας στα: Instagram Facebook. © Copyright 2023. All Rights Reserved by Angel's Flowers.,"site:.gr ""flowers"" ""δωροκάρτα""",MANUAL_REVIEW,score_below_90
80,athani.gr,Αθανη Spa 'n' Sauna Gift Card (Δωροκαρτα),https://www.athani.gr/%CE%B4%CF%89%CF%81%CE%BF%CE%BA%CE%B1%CF%81%CF%84%CE%B1/,Αθανη Spa 'n' Sauna Gift Card (Δωροκαρτα),"Αθανη Spa 'n' Sauna Gift Card (Δωροκαρτα). Ενα ξεχωριστο δωρο ... Κάθε δωροκάρτα έχει ημερομηνία λήξεως, 1 έτος μέτα την ημερομηνία έκδοσης της.","site:.gr ""spa"" ""δωροκάρτα""",MANUAL_REVIEW,score_below_90
80,augenoptik-muenster.de,Class Optics - Gift Voucher,https://www.augenoptik-muenster.de/en/products/klasse-optik-geschenkgutschein,Class Optics - Gift Voucher,"Greece EUR €; Guernsey EUR €; Hungary EUR €; Iceland EUR €; Ireland EUR ... Class Optics - Gift Voucher. Class Optics - Gift Voucher. Regular price €10,00 ...","""optics"" ""gift voucher"" Greece",MANUAL_REVIEW,score_below_90
80,badu.gr,1-5 τμχ Δωροκάρτες Προσκλητήριο γάμου Starry Sky Dried ...,https://badu.gr/1-5-%CF%84%CE%BC%CF%87-%CE%B4%CF%89%CF%81%CE%BF%CE%BA%CE%AC%CF%81%CF%84%CE%B5%CF%82-%CF%80%CF%81%CE%BF%CF%83%CE%BA%CE%BB%CE%B7%CF%84%CE%AE%CF%81%CE%B9%CE%BF-%CE%B3%CE%AC%CE%BC%CE%BF%CF%85-starry-sky-dried-flowers-%CF%87%CE%B5%CE%B9%CF%81%CF%8C%CE%B3%CF%81%CE%B1%CF%86%CE%B7-%CE%B5%CF%85%CE%BB%CE%BF%CE%B3%CE%AF%CE%B1-%CE%B3%CE%B5%CE%BD%CE%AD%CE%B8%CE%BB%CE%B9%CE%B1-%CE%B5%CF%85%CF%87%CE%B1%CF%81%CE%B9%CF%83%CF%84%CF%8E-%CE%B4%CF%89%CF%81%CE%BF%CE%BA%CE%AC%CF%81%CF%84%CE%B1-%CE%B3%CE%B9%CE%B1-%CF%84%CE%B7-%CE%B3%CE%B9%CE%BF%CF%81%CF%84%CE%AE-%CF%84%CE%B7%CF%82-%CE%BC%CE%B7%CF%84%CE%AD%CF%81%CE%B1%CF%82-p-542016.html,1-5 τμχ Δωροκάρτες Προσκλητήριο γάμου Starry Sky Dried ...,1-5 τμχ Δωροκάρτες Προσκλητήριο γάμου Starry Sky Dried Flowers Χειρόγραφη Ευλογία Γενέθλια Ευχαριστώ Δωροκάρτα για τη γιορτή της μητέραςσε τιμή των 5.8 €.,"site:.gr ""flowers"" ""δωροκάρτα""",MANUAL_REVIEW,score_below_90
80,baladeur.gr,Δωροεπιταγές,https://www.baladeur.gr/dwra-dwroepitages-gia-ebeiries-zwis,Δωροεπιταγές,"Φίλτρα · Δωροεπιταγή Thank You, 10€ για εμπειρίες ζωής! · Δωροεπιταγή 10€ για εμπειρίες ζωής από το Baladeur.gr! · Δωροεπιταγή Thank You, 20€ για εμπειρίες ζωής.","""δωροεπιταγή""",MANUAL_REVIEW,score_below_90
80,beautyqueens.gr,Δωροκάρτα - Beauty Queens,https://www.beautyqueens.gr/%CE%B4%CF%89%CF%81%CE%BF%CE%BA%CE%AC%CF%81%CF%84%CE%B1/,Δωροκάρτα - Beauty Queens,Δωροκάρτα Η δωροκάρτα μας είναι η ιδανική επιλογή για να κάνετε δώρο ... © 2013 - 2026 • Beauty Queens • All Rights Reserved. Page load ...,"site:.gr ""beauty"" ""δωροκάρτα""",MANUAL_REVIEW,score_below_90
80,beerskincosmetics.lt,Gift Voucher – the freedom to choose your favorite Box Set!,https://beerskincosmetics.lt/products/beerskin-cosmetics-dovanu-kuponas-dvieju-produktu-rinkinys-1?srsltid=AfmBOoow0lGwXNL__J_t-suuBl8EqjEyQzl8TUWNi4j8LbBt6lMcTc1e,Gift Voucher – the freedom to choose your favorite Box Set!,"Beerskin Cosmetics Baltics - MB ""Milani LT"". Gift Voucher – the freedom to choose your favorite Box Set! Gift Voucher – the freedom to choose your favorite ...","""cosmetics"" ""gift voucher"" Greece",MANUAL_REVIEW,score_below_90
80,belletrice.com,Belletrice Cosmetics gift voucher,https://belletrice.com/en/products/belletice-cosmetics-geschenkgutschein?srsltid=AfmBOorg99tZi5WaQ-aAzY-ANn8oyRL0NFmdYVlDqq6bv65aqj5yQtTg,Belletrice Cosmetics gift voucher,"Greece (EUR €); Greenland (DKK kr.) Grenada (XCD $); Guadeloupe (EUR ... Belletrice Cosmetics gift voucher. Regular price: €20 ,00. Regular price: Sale ...","""cosmetics"" ""gift voucher"" Greece",MANUAL_REVIEW,score_below_90
80,blackline-parfum.fr,Blackline Perfume Gift Card,https://blackline-parfum.fr/en/products/carte-cadeaux-blackline-parfum?srsltid=AfmBOorCclFoeXTnIvCHpDqty4gBtbeNU2W45iATapKsnfLOdhkzhzGJ,Blackline Perfume Gift Card,"Blackline Perfume Gift Card. Blackline Perfume Gift Card. Regular price €20,00 EUR.","""perfume"" ""gift card"" Greece",MANUAL_REVIEW,score_below_90
80,blanda-beauty.com,Natural Cosmetics Gift Voucher,https://www.blanda-beauty.com/en/collections/geschenk-gutschein,Natural Cosmetics Gift Voucher,You want to give natural cosmetics as a gift but aren't sure what exactly? Then a gift voucher from Blanda Beauty is just the right choice.,"""cosmetics"" ""gift voucher"" Greece",MANUAL_REVIEW,score_below_90
80,blog.enafood.gr,Δωροκάρτα και Κουπόνι Προσφοράς Archives - ENABLOG,https://blog.enafood.gr/tag/%CE%B4%CF%89%CF%81%CE%BF%CE%BA%CE%AC%CF%81%CF%84%CE%B1-%CE%BA%CE%B1%CE%B9-%CE%BA%CE%BF%CF%85%CF%80%CF%8C%CE%BD%CE%B9-%CF%80%CF%81%CE%BF%CF%83%CF%86%CE%BF%CF%81%CE%AC%CF%82/,Δωροκάρτα και Κουπόνι Προσφοράς Archives - ENABLOG,Δωροκάρτα και Κουπόνι Προσφοράς · Επιχειρήσεις εστίασης: 4 συμβουλές για αποδοτική διαχείριση του Facebook · Χρειάζεστε Βοήθεια; · Σχετικά με την ...,"site:.gr ""food"" ""δωροκάρτα""",MANUAL_REVIEW,score_below_90
80,bodywise.gr,Δωροκάρτα - Bodywise Studio στη Θεσσαλονίκη,https://bodywise.gr/dorokarta/,Δωροκάρτα - Bodywise Studio στη Θεσσαλονίκη,Outdoor Training · Ελεύθερα Βάρη και Μηχανήματα Δύναμης · Λάστιχα Ενδυνάμωσης ... Δωροκάρτα. Home; Δωροκαρτα. Διαλέξτε από τη μεγάλη γκάμα ολιστικών θεραπειών ...,"site:.gr ""outdoor"" ""δωροκάρτα""",MANUAL_REVIEW,score_below_90
80,borsanuova.gr,Borsanuova Gift Card 70,https://borsanuova.gr/en/product/dorokarta-borsanuova-70e/,Borsanuova Gift Card 70,"Δωροκάρτα Borsanuova 100€ · Gift Card Borsanuova 100€. 100,00€. Options · Δωροκάρτα Borsanuova 80€ ... Women's Crossbody Leather Bag Borsa Nuova BN-72 Black. 89, ...","site:.gr ""leather"" ""δωροκάρτα""",MANUAL_REVIEW,score_below_90
80,brainkidtoys.com,GIFT VOUCHERS Archives,https://www.brainkidtoys.com/product-category/gv/,GIFT VOUCHERS Archives,BRAINKID TOYS (3). GIFT VOUCHER €10 · Add to Wishlist. Quick View. GIFT VOUCHERS. GIFT VOUCHER €10. €10.00 Inc. VAT19%. Add to cart · GIFT VOUCHER €20.,"""toys"" ""gift voucher"" Greece",MANUAL_REVIEW,score_below_90
80,cafemanteio.gr,Δωροκάρτα - Cafe Manteio - Ψυχικοί Σύμβουλοι,https://cafemanteio.gr/product/%CE%B4%CF%89%CF%81%CE%BF%CE%BA%CE%AC%CF%81%CF%84%CE%B1/,Δωροκάρτα - Cafe Manteio - Ψυχικοί Σύμβουλοι,Cafe Manteio – Ψυχικοί Σύμβουλοι. Προηγούνται τα ... Αρχική σελίδα / Χωρίς κατηγορία / Δωροκάρτα.,"site:.gr ""cafe"" ""δωροκάρτα""",MANUAL_REVIEW,score_below_90
80,capital.gr,Ηλεκτρονική δωροκάρτα Skroutz: Μια ακόμη υπηρεσία του ...,https://www.capital.gr/market-news/3642201/ilektroniki-dorokarta-skroutz-mia-akomi-upiresia-tou-skroutz-marketplace-gia-kathe-peristasi/,Ηλεκτρονική δωροκάρτα Skroutz: Μια ακόμη υπηρεσία του ...,"Ο χρήστης μπορεί να επιλέξει δωροκάρτα αξίας 20€, 50€, 100€ και 150€, και για την αποστολή της αρκεί απλά να γνωρίζει το email του παραλήπτη. Η ...","""Santorini"" ""δωροκάρτα""",MANUAL_REVIEW,score_below_90
80,caramellakids.gr,Δωροκάρτα 20-150,https://caramellakids.gr/product/%CE%B4%CF%89%CF%81%CE%BF%CE%BA%CE%AC%CF%81%CF%84%CE%B1-20-150-e/,Δωροκάρτα 20-150,"Δεν ξέρετε τι να πρωτοδιαλέξετε για δώρο; Στείλτε μια ΔΩΡΟκάρτα! Ποσό ... Copyright © 2021, Caramella Kids. All Rights Reserved. card. Back to Top.","site:.gr ""kids"" ""δωροκάρτα""",MANUAL_REVIEW,score_below_90
80,carddelivery.com,Larissa G.'s 5-Star Review of USA iTunes Gift Card,https://www.carddelivery.com/reviews/review/great-service-and-communication-597f94d174dcddeda2830816?srsltid=AfmBOooLYFMHytVGUTLhGtI9E1cNwXxSix4LLht9oYjI7tffdma1PUzX,Larissa G.'s 5-Star Review of USA iTunes Gift Card,Larissa G. Review For USA iTunes Gift Card. 24/7/365 Customer Support. pink. 5 stars Reviews. Excellent! blue. Contact Us.,"""Larissa"" ""gift card""",MANUAL_REVIEW,score_below_90
80,cce.sydney.edu.au,Gift voucher | CCE - Centre for Continuing Education,https://cce.sydney.edu.au/product/GIFT,Gift voucher | CCE - Centre for Continuing Education,Greek courses · Italian courses · Japanese courses · Spanish courses · Marketing ... Gift voucher. Enrol now Download brochure. Jump to… Enrol now. Location.,"""courses"" ""gift voucher"" Greece",MANUAL_REVIEW,score_below_90
80,celebrationcinema.com,"Movie Gift Cards, Popcorn Cards, and Gold Tickets",https://www.celebrationcinema.com/gifts,"Movie Gift Cards, Popcorn Cards, and Gold Tickets","Give the gift of movies! Explore Celebration Cinema's gift cards, Gold ... Check Gift Card Balance. Enter your gift card number to check your balance ...","""cinema"" ""gift card"" Greece",MANUAL_REVIEW,score_below_90
80,cestino.gr,Δωροκάρτα – Cestino,https://cestino.gr/product-category/%CE%B4%CF%89%CF%81%CE%BF%CE%BA%CE%AC%CF%81%CF%84%CE%B1/,Δωροκάρτα – Cestino,Δωροκάρτα · Σπίτι · Κουζίνα · Hobby · Περιποίηση · Παιδί · Κατοικίδια · Προσφορές Έως και 18/05 · Δωροκάρτα.,"site:.gr ""hobby"" ""δωροκάρτα""",MANUAL_REVIEW,score_below_90
80,chaniapetworld.gr,Δωροκάρτα,https://www.chaniapetworld.gr/product/dorokarta/,Δωροκάρτα,Δωροκάρτα - Image 1 ... Εξυπηρετηση Πελατων. Επικοινωνήστε μαζί μας · Ο λογαριασμός μου · Λίστα επιθυμιών · Ιστορικό παραγγελιών. Chania Pet World 2023 Κατασκευή ...,"""Chania"" ""δωροκάρτα""",MANUAL_REVIEW,score_below_90
80,copenhagenisland.com,Purchase a gift card for a hotel stay in Copenhagen or ...,https://www.copenhagenisland.com/prices/gift-certificate,Purchase a gift card for a hotel stay in Copenhagen or ...,"Gift card for a hotel stay. Give a gift card for a hotel stay. Looking for the ... 1560 Copenhagen, Denmark (+45) 3338 9600 copenhagenisland@arp-hansen.dk ...","""Denmark"" hotel ""gift card"" official",MANUAL_REVIEW,score_below_90
80,cultival.fr,Offering a cultural tour: the Cultival gift voucher,https://www.cultival.fr/en_GB/taxons/indiv/cultival-discover-the-cultival-gift-range?srsltid=AfmBOoqy_b1xBLmvHjV4JvFxVxrn_t6uAkwjIqI22bHnmoa7ROgumwzp,Offering a cultural tour: the Cultival gift voucher,Gift Voucher Gift voucher for Clairefontaine. French National Football ... Gift Voucher Stade de France gift voucher. Stade de France · passages-couverts ...,"""France"" travel ""gift voucher"" official",MANUAL_REVIEW,score_below_90
80,dacinzia.be,Da Cinzia Gift Card | Women's Fashion Belgium - Perfect Gift,https://www.dacinzia.be/en/products/offrez-une-carte-cadeau-da-cinzia-mode-tendance-style-feminin?srsltid=AfmBOorihSKV0vxpSRP7gA7prs_GcvSsOhUiNybRUwarcfnXMKZxxuE5,Da Cinzia Gift Card | Women's Fashion Belgium - Perfect Gift,"Da Cinzia Gift Card | Trendy & Elegant Women's Fashion. Da Cinzia Gift Card ... Be sure to please with Da Cinzia, your women's fashion boutique in Belgium.","""Belgium"" fashion ""gift card"" official",MANUAL_REVIEW,score_below_90
80,danske-hoteller.dk,GIVE A GIFT CARD,https://www.danske-hoteller.dk/en/gavekort/,GIVE A GIFT CARD,"Danske Hoteller A/S' gift card is valid for all of the group's 27 hotels and inns throughout Denmark, giving you the opportunity to explore the region or city ...","""Denmark"" hotel ""gift card"" official",MANUAL_REVIEW,score_below_90
80,district75.gr,Χάρισε μια Δωροκάρτα - District75,https://www.district75.gr/doro-karta,Χάρισε μια Δωροκάρτα - District75,e-Gift Card · All For You. Επιστροφές. Χάρισε μια Δωροκάρτα ... Η Δωροκάρτα εξαργυρώνεται στο district75.gr & σε όλα τα φυσικά καταστήματα ZAKCRET Sports.,"site:.gr ""sports"" ""gift card""",MANUAL_REVIEW,score_below_90
80,dmktools.gr,Δωροκάρτα - Dmktools.gr,https://dmktools.gr/product/organa-metrisis/trochi-odikis-metrisis/%CE%B4%CF%89%CF%81%CE%BF%CE%BA%CE%AC%CF%81%CF%84%CE%B1/,Δωροκάρτα - Dmktools.gr,Δωροκάρτα. 32.00€. Δωροκάρτα ποσότητα. Προσθήκη στο καλάθι. Προσθήκη στην λίστα επιθυμιών. Κατηγορία: Τροχοί Οδικής Μέτρησης. Κοινοποίηση. Facebook Email ...,"site:.gr ""tools"" ""δωροκάρτα""",MANUAL_REVIEW,score_below_90
80,dug-glashuette.com,gift voucher - DUG Deutsche Uhrenmanufaktur Glashütte GmbH,https://dug-glashuette.com/en/products/geschenkgutschein?srsltid=AfmBOoph4QVH4YLSb0CQXSqWCQ3BrcHRy0A7ewa1BbQUoH7T8wE6lujS,gift voucher - DUG Deutsche Uhrenmanufaktur Glashütte GmbH,DUG Glashütte gift voucher – give the gift of time and precision. Can be redeemed for all watches. The perfect gift for watch lovers!,"""watches"" ""gift voucher"" Greece",MANUAL_REVIEW,score_below_90
80,e-surprise.ch,Gift vouchers from all over Switzerland,https://e-surprise.ch/en,Gift vouchers from all over Switzerland,Short holiday · Discover more · from CHF 20.00. Travel voucher short trips Whole Switzerland ... Themed gift voucher · Discover more.,"""Switzerland"" travel ""gift voucher"" official",MANUAL_REVIEW,score_below_90
80,ebay.co.uk,Cinema Date Night Personalised Surprise Ticket Gift Voucher,https://www.ebay.co.uk/itm/198121819740,Cinema Date Night Personalised Surprise Ticket Gift Voucher,Cinema Date Night Personalised Surprise Ticket Gift Voucher ; ASSURED-SUPPLIES (71703) ; Condition. New ; Quantity. More than 10 available ; Item number.,"""cinema"" ""gift voucher"" Greece",MANUAL_REVIEW,score_below_90
80,eboxing.gr,Δωροκάρτα eboxing,https://www.eboxing.gr/%CF%80%CF%81%CE%BF%CF%8A%CF%8C%CE%BD%CF%84%CE%B1/gift/,Δωροκάρτα eboxing,"... Δωροκάρτα eboxing. / Προϊόν.. Δωροκάρτα eboxing. 10,00 € - 500,00 €. Σε ... fitness, ακόμη και όργανα γυμναστικής. Εύκολα Βήματα για να χαρίσεις eGift ...","site:.gr ""fitness"" ""δωροκάρτα""",MANUAL_REVIEW,score_below_90
80,elysianwatches.com,Elysian watches Gift Voucher – ElysianWatches,https://elysianwatches.com/en/products/elysianwatches-cadeaubon?srsltid=AfmBOorpPsqCsnJYZExfO0HScIlhxbqKNnaQ_IvCSUZ-4jqna0-9NHKd,Elysian watches Gift Voucher – ElysianWatches,"Home Elysian watches Gift Voucher. Elysian watches Gift Voucher. Regular price €10,00. Unit price / per. Taxes included. Shipping calculated at checkout.","""watches"" ""gift voucher"" Greece",MANUAL_REVIEW,score_below_90
80,en.oohmygreece.com,Gift Card,https://en.oohmygreece.com/carte-cadeau,Gift Card,Oohmygreece gift vouchers. So beautiful that you will be tempted to keep them for yourself. SEE GIFT CARD.,"""gift vouchers"" Greece",MANUAL_REVIEW,score_below_90
80,en.webtours.bg,Gift voucher - WEB TOURS,https://en.webtours.bg/gifts,Gift voucher - WEB TOURS,"GIFT VOUCHER. Give the gift of travel! Our vouchers allow your loved ones to choose their perfect adventure. Flexible, convenient and valid for 12 months ...","""Bulgaria"" travel ""gift voucher"" official",MANUAL_REVIEW,score_below_90
80,energiers.gr,Δωροκάρτες,https://energiers.gr/index.php?route=information/information&information_id=26,Δωροκάρτες,Δωροκάρτες Energiers. Πόσες φορές δεν αναρωτηθήκατε εάν επιλέξατε το σωστό μέγεθος ή στυλ ρούχου που ταιριάζει στον μικρό σας παραλήπτη; Μην προβληματίζεστε ...,"""δωροκάρτες""",MANUAL_REVIEW,score_below_90
80,epixeiro.gr,SKY gift μια e,https://www.epixeiro.gr/business-news/article/304510/sky-gift-mia-e-dorokarta-ghia-olo-to-khrono-apo-ti-sky-express,SKY gift μια e-δωροκάρτα για όλο το χρόνο από τη SKY express,"SKY gift μια e-δωροκάρτα ... Πρόκειται για το «SKY gift», μία e-δωροκάρτα με ... Η Marine Tours εντάσσεται στο δίκτυο υποστηρικτών της πρωτοβουλίας ΕΛΛΑ-ΔΙΚΑ ΜΑΣ.","site:.gr ""marine"" ""δωροκάρτα""",MANUAL_REVIEW,score_below_90
80,eroscandles.gr,Δωροκάρτα - Έρως Candles,https://eroscandles.gr/product/dorokarta/,Δωροκάρτα - Έρως Candles,"Δωροκάρτα. 10,00 € – 100,00 € Price range: 10,00 € through 100,00 €. Η κάρτα ” ἔρως gift card ... Home Decor Toggle child menu. Αρωματιστές · Gift Card.","site:.gr ""decor"" ""δωροκάρτα""",MANUAL_REVIEW,score_below_90
80,etheras-toys.gr,Δωροκάρτα Etheras,https://etheras-toys.gr/product/%CE%B4%CF%89%CF%81%CE%BF%CE%BA%CE%AC%CF%81%CF%84%CE%B1-etheras/?srsltid=AfmBOopixlr5x7bVwxJAgQ7xXqs4MCt5FeoP0yTVSY-8DwavgTKoYuXv,Δωροκάρτα Etheras,"Etheras Toys > Προϊόντα > Δωροκάρτα Etheras.. Δωροκάρτα Etheras. 15,00 € – 150,00 € Price range: 15,00 € through 150,00 €. Ποσό.","site:.gr ""toys"" ""δωροκάρτα""",MANUAL_REVIEW,score_below_90
80,expats.cz,Gift voucher guide 2022: From spa stays to culture tips for ...,https://www.expats.cz/czech-news/article/looking-for-the-perfect-christmas-gift,Gift voucher guide 2022: From spa stays to culture tips for ...,"Give your loved ones a choice of fine dining experiences with the Ambiente Group gift card, accepted at 28 restaurants and businesses.","""Czech Republic"" retail ""gift card"" official",MANUAL_REVIEW,score_below_90
80,fanpharmacy.gr,Δωροκάρτα - fanpharmacy.gr,https://fanpharmacy.gr/product/dorokarta/,Δωροκάρτα - fanpharmacy.gr,Δωροκάρτα - Image 2. Δωροκάρτα - Image 3. Δωροκάρτα - Image 4. Δωροκάρτα - Image 2; Δωροκάρτα - Image 3; Δωροκάρτα - Image 4. Previous; Next. Δωροκάρτα.,"site:.gr ""pharmacy"" ""δωροκάρτα""",MANUAL_REVIEW,score_below_90
80,femmefatale.gr,Δωροκάρτα,https://femmefatale.gr/product-category/dorokarta/,Δωροκάρτα,Femme Fatale Thessaloniki.. Skip to content ... Δωροκάρτα. Αρχική σελίδα / Δωροκάρτα. Δωροκάρτα. Προβάλλονται όλα - 6 ...,"""Thessaloniki"" ""δωροκάρτα""",MANUAL_REVIEW,score_below_90
80,flightgift.com,Flightgift: The Best Airline Gift Card for Flexibility,https://www.flightgift.com/,Flightgift: The Best Airline Gift Card for Flexibility,"With worldwide shipping and 24/7 customer support, Flightgift is the ultimate airline gift card for every journey. ... Evmolpidon 2311854 AthensGreece. us.","""airline"" ""gift card"" Greece",MANUAL_REVIEW,score_below_90
80,flowyoga.ie,Wellness Gift Vouchers | Yoga & Holistic Gifts at Setu Studio,https://flowyoga.ie/vouchers/,Wellness Gift Vouchers | Yoga & Holistic Gifts at Setu Studio,"A Setu gift voucher is an invitation to slow down. Redeemable across all of our offerings including yoga, massage and more. How it works: Simply fill in ...","""yoga"" ""gift voucher"" Greece",MANUAL_REVIEW,score_below_90
80,fortyboutique.gr,F.O.R.T.Y. Boutique Gift Card - The Perfect Gift for Every Occasion,https://www.fortyboutique.gr/en/products/%CE%B4%CF%89%CF%81%CE%BF%CE%BA%CE%AC%CF%81%CF%84%CE%B1-f-o-r-t-y-boutique?srsltid=AfmBOopKlqJgAApzedTRfN4s_KqjYSbYpkcKAq9R1Lt72OyOpDaGUk9O,F.O.R.T.Y. Boutique Gift Card - The Perfect Gift for Every Occasion,Clothing · T-shirts & Tops · Shirts · Knitwear ... Δωροκάρτα F.O.R.T.Y. Boutique - Final. Close. Δωροκάρτα F.O.R.T.Y. Boutique - Final. F.O.R.T.Y. Boutique Gift ...,"site:.gr ""clothing"" ""δωροκάρτα""",MANUAL_REVIEW,score_below_90
80,fourseasons.com,Four Seasons Gift Cards: Give the Gift of Their Dreams,https://www.fourseasons.com/magazine/discover/unique-gift-ideas/,Four Seasons Gift Cards: Give the Gift of Their Dreams,"... Gift Card ... Spanish (Spain), Chinese (Simplified), Arabic, Japanese, Russian, Chinese (Traditional), Portuguese (Brazil), Portuguese (Portugal) ...","""Spain"" hotel ""gift card"" official",MANUAL_REVIEW,score_below_90
80,frenchie.gr,Δωροεπιταγή 100€,https://frenchie.gr/%CE%B4%CF%89%CF%81%CE%BF%CE%B5%CF%80%CE%B9%CF%84%CE%B1%CE%B3%CE%B5%CF%82/704-dwroepitagi100.html,Δωροεπιταγή 100€,Δωροεπιταγή 100€ ... Προσφέρετε στα αγαπημένα σας πρόσωπα δωροεπιταγή για να τους μεταδώσετετε τη χαρά που νιώθετε όταν ανοίγετε τις παραγγελίες της Frenchie !!!,"""δωροεπιταγή""",MANUAL_REVIEW,score_below_90
80,galanthus-cosmetics.gr,Δωροκάρτα,https://galanthus-cosmetics.gr/product/dorokarta/?srsltid=AfmBOoqY0olMsZAEwvUHQhtMOnOvHJssAML14vVS92A-MZPdSQObD_Xb,Δωροκάρτα,Δωροκάρτα. ... © Galanthus Cosmetics. All Rights Reserved. Όροι Χρήσης και Πολιτική Απορρήτου. toggle icon. gr en de es fr it pl se fi pt ro si sk nl dk cz hu ...,"site:.gr ""cosmetics"" ""δωροκάρτα""",MANUAL_REVIEW,score_below_90
80,gatos-shoes.gr,Δωροκάρτα 75€ d75,https://gatos-shoes.gr/product/dorokarta-75e/,Δωροκάρτα 75€ d75,"Δωροκάρτα 75€ d75. 75,00 €. Από: Προς: Δωροκαρτα 75 ... info@gatos-shoes.gr. Καταστημα. K. Χιωτάκη 7 & Στρ. Τζανακάκη 11, Χανιά 731 34 ...","site:.gr ""shoes"" ""δωροκάρτα""",MANUAL_REVIEW,score_below_90
80,giftspot.gr,Gift Cards - Giftspot,https://giftspot.gr/gallery/akron-en.html,Gift Cards - Giftspot,Gift Cards Ελληνικά... Offer an experience Voucher Voucher,"site:.gr ""gift cards""",MANUAL_REVIEW,score_below_90
80,gofortix.com,Δωροκάρτα Candlelight - Πάτρα | GoFortix,https://www.gofortix.com/event/greece/patras/%CE%B4%CF%89%CF%81%CE%BF%CE%BA%CE%AC%CF%81%CF%84%CE%B1-candlelight--%CF%80%CE%AC%CF%84%CF%81%CE%B1,Δωροκάρτα Candlelight - Πάτρα | GoFortix,"Date. Monday, March 3, 2025 ; Location. Patras, Greece ; 🕯️ Μια δωροκάρτα που ισχύει για οποιαδήποτε συναυλία του Candlelight στην Ελλάδα ✔️ Μπορείτε επίσης ...","""Patras"" ""δωροκάρτα""",MANUAL_REVIEW,score_below_90
80,goldwaschcamp.de,Gift Voucher,https://www.goldwaschcamp.de/en/products/geschenkgutschein,Gift Voucher,Gift Voucher · Gift vouchers for gold panning items and accessories · Direct delivery to you by email · Voucher for self-printing.,"""printing"" ""gift voucher"" Greece",MANUAL_REVIEW,score_below_90
80,gr.gant.com,Here's your gift card!,https://gr.gant.com/pages/test-test?srsltid=AfmBOopD5gKW5cDdbULAX4aPk0oPTp0cQchseNmMt1YcASi93Om-rQup,Here's your gift card!,GANT Greece https://gr.gant.com. Here's your gift card! Disabled. Gift card illustration. Use this code at checkout to redeem your gift card. QR code — scan ...,"""Greece"" ""gift card""",MANUAL_REVIEW,score_below_90
80,grandpharmacy.gr,Δωροκάρτα Best Mom για τη Γιορτή της Μητέρας,https://grandpharmacy.gr/product/dorokarta_best_mom_giorth_miteras/,Δωροκάρτα Best Mom για τη Γιορτή της Μητέρας,Στείλτε τις ευχές και την αγάπη σας για τη Γιορτή της Μητέρας με ένα γλυκό μήνυμα και… μία δωροκάρτα από το Grandpharmacy.gr!,"site:.gr ""pharmacy"" ""δωροκάρτα""",MANUAL_REVIEW,score_below_90
80,green-organic.gr,Δωροκάρτα αξίας 30 ευρώ,https://green-organic.gr/product/%CE%B4%CF%89%CF%81%CE%BF%CE%BA%CE%AC%CF%81%CF%84%CE%B1/,Δωροκάρτα αξίας 30 ευρώ,"δωροκάρτα. HomeΕίδη διακόσμησηςplant gifts- plant gift cardΔωροκάρτα αξίας 30 ευρώ. Δωροκάρτα αξίας 30 ευρώ. 30,00 €. +. Δωροκάρτα αξίας 30 ευρώ ποσότητα -.","site:.gr ""gifts"" ""δωροκάρτα""",MANUAL_REVIEW,score_below_90
80,happydonkey.gr,Δωροκάρτα,https://happydonkey.gr/products/%CE%B4%CF%89%CF%81%CE%BF%CE%BA%CE%AC%CF%81%CF%84%CE%B1?srsltid=AfmBOooSiEPJiICRxYqU6kYq0hYwbrWu0BLgYtE0RDlXkxehBhOUzGnq,Δωροκάρτα,"Αρχική / Προιόντα / Δωροκάρτα. Δωροκάρτα · Happy Donkey Crafts and Gifts. Δωροκάρτα. €10,00 €10,00. Ποσό Δωροκάρτας: €10.00. €10.00, €15.00, €20.00, €25.00, € ...","site:.gr ""gifts"" ""δωροκάρτα""",MANUAL_REVIEW,score_below_90
80,hellokids.gr,Ηλεκτρονική Δωροκάρτα – HelloKids.gr,https://www.hellokids.gr/products/%CE%B7%CE%BB%CE%B5%CE%BA%CF%84%CF%81%CE%BF%CE%BD%CE%B9%CE%BA%CE%AE-%CE%B4%CF%89%CF%81%CE%BF%CE%BA%CE%AC%CF%81%CF%84%CE%B1?srsltid=AfmBOopmSXNJr9saS5WmvMs4SzFBCuqDz9Suzb5IALUwRD88-ynOQlW4,Ηλεκτρονική Δωροκάρτα – HelloKids.gr,"Με τη δωροκάρτα hello kids, ο κάτοχος μπορεί να κάνει αγορές και να επιλέξει ανάμεσα σε 3.000 παιχνίδια, κατασκευές, παζλ, stencil, μωσαϊκά, επιτραπέζια, είδη ...","site:.gr ""kids"" ""δωροκάρτα""",MANUAL_REVIEW,score_below_90
80,help.sportsdirect.gr,"Εφαρμόστε δωροκάρτα, κουπόνι ή πιστωτικό σημείωμα",https://help.sportsdirect.gr/hc/el/articles/6018299813279-%CE%95%CF%86%CE%B1%CF%81%CE%BC%CF%8C%CF%83%CF%84%CE%B5-%CE%B4%CF%89%CF%81%CE%BF%CE%BA%CE%AC%CF%81%CF%84%CE%B1-%CE%BA%CE%BF%CF%85%CF%80%CF%8C%CE%BD%CE%B9-%CE%AE-%CF%80%CE%B9%CF%83%CF%84%CF%89%CF%84%CE%B9%CE%BA%CF%8C-%CF%83%CE%B7%CE%BC%CE%B5%CE%AF%CF%89%CE%BC%CE%B1,"Εφαρμόστε δωροκάρτα, κουπόνι ή πιστωτικό σημείωμα",Δωροκάρτα/Πίστωτική Σημείωση καταστήματος Μόλις προσθέσετε τα προϊόντα σας ... Αρχική σελίδα Κέντρου βοήθειας Sports Direct Greece · Επιστροφή στην κύρια ...,"""Greece"" ""δωροκάρτα""",MANUAL_REVIEW,score_below_90
80,homebynature.gr,Δωροκάρτα HOME MADE,https://homebynature.gr/katastima/dorokarta-home-made/,Δωροκάρτα HOME MADE,Δωροκάρτα HOME MADE ... Χαρίστε στους αγαπημένους σας την δυνατότητα να γευτούν αλμυρές αλλά και γλυκές εμπειρίες προϊόντων φτιαγμένων με μεράκι από 100% ...,"site:.gr ""home"" ""δωροκάρτα""",MANUAL_REVIEW,score_below_90
80,hotelandsparesorts.com,Ireland's Most Flexible Hotel & Spa Gift Vouchers,https://www.hotelandsparesorts.com/,Ireland's Most Flexible Hotel & Spa Gift Vouchers,Ireland's Most Flexible Hotel & Spa Gift Voucher ... Proud winner of the Best Luxury Hotel Gift Card 2026 at The Perfect Gift Awards 2026 hosted by LUXlife.,"""Ireland"" hotel ""gift card"" official",MANUAL_REVIEW,score_below_90
80,hotelgift.com,"#1 Hotel Gift Card for +750,000 Global Hotels | Hotelgift",https://www.hotelgift.com/,"#1 Hotel Gift Card for +750,000 Global Hotels | Hotelgift",The #1 best-selling hotel gift card redeemable on 750000+ hotels and 1200+ hotel chains in more than 170 countries worldwide.,"""hotel"" ""gift card"" Greece",MANUAL_REVIEW,score_below_90
80,indoorxcycling.gr,GIFT CARD 1 ΩΡΑ ΜΑΣΑΖ - Indoor X - Spinning,https://indoorxcycling.gr/product/gift-cart-1-ora-masaz/,GIFT CARD 1 ΩΡΑ ΜΑΣΑΖ - Indoor X - Spinning,GIFT CARD 1 ΩΡΑ ΜΑΣΑΖ. Category: giftcart · GIFT CARD 10 ΠΡΟΠΟΝΗΣΕΙΣ · GIFT CARD 3 ΜΗΝΕΣ · GIFT CARD 16 ΠΡΟΠΟΝΗΣΕΙΣ · GIFT CARD 10 ΠΡΟΠΟΝΗΣΕΙΣ ...,"""fitness"" ""gift card"" Greece",MANUAL_REVIEW,score_below_90
80,jawollbaby.de,Jawoll Baby Gift Voucher,https://www.jawollbaby.de/en/products/jawoll-baby-geschenkgutschein?srsltid=AfmBOoqtDgqKOs2PEN0PpzrA9SDuDFKpubHELoesm9UjUsyftPSkEj4f,Jawoll Baby Gift Voucher,"Jawoll Baby Gift Voucher. Jawoll Baby Gift Voucher. Regular price €10,00 EUR.","""baby"" ""gift voucher"" Greece",MANUAL_REVIEW,score_below_90
80,joykidsboutique.gr,Δωροκάρτα,https://joykidsboutique.gr/?post_type=product&p=3906,Δωροκάρτα,Δωρίστε μια Δωροκάρτα στους αγαπημένους σας και αφήστε τους να διαλέξουν το δώρο τους. Δωροκάρτα ... Copyright © 2026 Joy Kids Boutique. Powered by MK.,"site:.gr ""kids"" ""δωροκάρτα""",MANUAL_REVIEW,score_below_90
80,katoflitavern.gr,Δωροκάρτα – www.katoflitavern.gr,https://www.katoflitavern.gr/en/product/dorokarta/,Δωροκάρτα – www.katoflitavern.gr,"Delivery Date. Up to a year from today. Preview. Quantity: 1. 1 to each recipient. Δωροκάρτα quantity ... At ""Village Taverna To Katofli"", located in the Kalamata ...","""Kalamata"" ""δωροκάρτα""",MANUAL_REVIEW,score_below_90
80,kavala-praha.cz,Gift Voucher,https://www.kavala-praha.cz/en/darkovy-poukaz/,Gift Voucher,Indicate the value of the gift voucher and we will send it to you electronically. Address. Charlese de Gaulla 5 Praha 6. Reservation. +420 604 412 203 · kavala@ ...,"""Kavala"" ""gift voucher""",MANUAL_REVIEW,score_below_90
80,kelani-eyewear.com,Gift card,https://kelani-eyewear.com/en/products/gift-carte?variant=52533148549460,Gift card,... eyewear collections (for men and women) Gift with meaning: 100% r. ... gift voucher · about us · your opinions · FAQ ... Greece (EUR €) Hungary ...,"""eyewear"" ""gift voucher"" Greece",MANUAL_REVIEW,score_below_90
80,keybooks.gr,Key Books Gift Card,https://keybooks.gr/product/%CE%B4%CF%89%CF%81%CE%BF%CE%B5%CF%80%CE%B9%CF%84%CE%B1%CE%B3%CE%AE/,Key Books Gift Card,Ένα όμορφο δώρο να προσφέρεις σε όσους αγαπούν τα βιβλία. Η Key Books Gift Card είναι μια ηλεκτρονική δωροκάρτα για τους αγαπημένους σου ή και για τον εαυτό ...,"site:.gr ""books"" ""gift card""",MANUAL_REVIEW,score_below_90
80,keysforgames.gr,Gift Cards,https://www.keysforgames.gr/games/gamecards/,Gift Cards,Ace Racer Direct Top-Up Gift Card. € 2.04. Activitygift Gift Card. € 21.23. Adam Pharmacy Gift Card. € 31.87.,"site:.gr ""pharmacy"" ""gift card""",MANUAL_REVIEW,score_below_90
80,kivotosoniron.gr,Δωροκάρτα - Kivotos Oniron | ideas for kids,https://www.kivotosoniron.gr/product/%CE%B4%CF%89%CF%81%CE%BF%CE%BA%CE%AC%CF%81%CF%84%CE%B1/,Δωροκάρτα - Kivotos Oniron | ideas for kids,"Δωροκάρτα ; Price range · €10,00 through €200,00 ; Κωδικός προϊόντος: Μ/Δ ; Κατηγορία: ΔΩΡΟΚΑΡΤΑ ; Newsletter. Εγγραφή στο ενημερωτικό δελτίο ; KIVOTOSONIRON 2025 ...","site:.gr ""kids"" ""δωροκάρτα""",MANUAL_REVIEW,score_below_90
80,klara-jewelry.com,Gift voucher The gift of elegance and choice | Klara Fine Jewelry ...,https://klara-jewelry.com/en/products/poklon-bon?srsltid=AfmBOoo7f7TjtsSYGw3EvLICKyK5K3eNwzTRkuFou4zTYoNadpVUVOTG,Gift voucher The gift of elegance and choice | Klara Fine Jewelry ...,Klara Fine Jewelry gift voucher is the perfect choice for anyone who wants to give something special while still allowing freedom of choice.,"""jewelry"" ""gift voucher"" Greece",MANUAL_REVIEW,score_below_90
80,kleiner-perlenzauber.de,Magical Gift Voucher for Handmade Baby Accessories,https://www.kleiner-perlenzauber.de/en/products/zauberhafter-geschenkgutschein?srsltid=AfmBOopQCm23OiMCxMkNZjIdhyDmpBCKkyeKiotlaNXxui16EIk4qFYS,Magical Gift Voucher for Handmade Baby Accessories,"Are you looking for a loving gift for a birth, christening, or baby shower, but aren't sure which accessory is most suitable? A gift voucher is always the ...","""baby"" ""gift voucher"" Greece",MANUAL_REVIEW,score_below_90
80,koelia.gr,δωροκάρτα Αρχεία,https://koelia.gr/product-category/%CE%B4%CF%89%CF%81%CE%BF%CE%BA%CE%AC%CF%81%CF%84%CE%B1/,δωροκάρτα Αρχεία,δωροκάρτα. Θέλετε να κάνετε δώρο σε κάποιο αγαπημένο σας πρόσωπο ένα κόσμημα ... Koelia Jewelry. info@koelia.gr. hours. Δευτέρα - Παρασκευή. 10.00 – 18.00.,"site:.gr ""jewelry"" ""δωροκάρτα""",MANUAL_REVIEW,score_below_90
80,koopsmeubelen.com,Koops Furniture Gift Voucher,https://koopsmeubelen.com/en/products/koops-meubelen-cadeaubon?srsltid=AfmBOopTFsXYOapB72cP9tXkRGaM2IgfmXqMGBBO_HOFL6sUnUDRjzIf,Koops Furniture Gift Voucher,Greece (EUR €) Greenland (DKK kr.) Grenada (XCD ... Koops Furniture Gift Voucher. Koops Meubelen. Koops Furniture Gift Voucher.,"""furniture"" ""gift voucher"" Greece",MANUAL_REVIEW,score_below_90
80,kos-paris.com,KOS PARIS Gift Card,https://kos-paris.com/a/l/en/products/carte-cadeau-kos-paris,KOS PARIS Gift Card,"Let your friends and family discover KOS PARIS thanks to our Digital Gift Card! Select the amount you wish to offer, and print it out in seconds.","""Kos"" ""gift card""",MANUAL_REVIEW,score_below_90
80,kosmimaapomitrikogala.gr,Ηλεκτρονική Δωροκάρτα Bronze,https://www.kosmimaapomitrikogala.gr/test,Ηλεκτρονική Δωροκάρτα Bronze,"Με την Ηλεκτρονική Δωροκάρτα Bronze της Gardens Breastmilk and Keepsake Jewelry στέλνεις στην στιγμή εκτός από την εκτίμησή σου στον δωρολήπτη, την ...","site:.gr ""jewelry"" ""δωροκάρτα""",MANUAL_REVIEW,score_below_90
80,ladylike.gr,Anytime Home Economic= €30 Δωροκάρτα IKEA + έως και €100 ...,https://www.ladylike.gr/publi/anytime-home-economic-30-dwrokarta-ikea-ews-kai-100-xamhlotera-asfalistra-to-xrono/,Anytime Home Economic= €30 Δωροκάρτα IKEA + έως και €100 ...,Anytime Home Economic= €30 Δωροκάρτα IKEA + έως και €100 χαμηλότερα ασφάλιστρα το χρόνο! ... Chic by the Sea: This Season's Swimwear Trends · ΕΠΙΚΑΙΡΟΤΗΤΑ.,"site:.gr ""swimwear"" ""δωροκάρτα""",MANUAL_REVIEW,score_below_90
80,leathertwist.gr,Δωροκάρτα 100,https://leathertwist.gr/product/%CE%B4%CF%89%CF%81%CE%BF%CE%BA%CE%AC%CF%81%CF%84%CE%B1-100e/?srsltid=AfmBOorg3I0Se8EGLPN7L_UTAF858dqOKphBUtzB4p7dkngbuLis9L12,Δωροκάρτα 100,Δωροκάρτα 100€. €100.00. Διαθέσιμο σε 1 με 10 εργάσιμες. Διαθέσιμο σε 1 με 10 ... The new era in leather design. Νέες Αφίξεις · Τσάντες · Όλα · Βραδινές Τσάντες ...,"site:.gr ""leather"" ""δωροκάρτα""",MANUAL_REVIEW,score_below_90
80,lemontreekids.gr,Δωροκάρτα LemonTreeKids - Χάρισε Αγάπη!,https://lemontreekids.gr/dorokarta/?srsltid=AfmBOorUP3f9hSzr1F1e6tQzEIlRU9hYPW3vh0s11gAGM-snqlDx2jnL,Δωροκάρτα LemonTreeKids - Χάρισε Αγάπη!,"Lemon Tree Kids. Search. 0. Cart. Δωροκάρτα ... Εξαργύρωσε μια δωροκάρτα Για να εξαργυρώσεις τη δωροκάρτα, απλώς ...","site:.gr ""kids"" ""δωροκάρτα""",MANUAL_REVIEW,score_below_90
80,lepetitlunetier.com,Gift voucher,https://lepetitlunetier.com/en-eu/collections/carte-cadeau?srsltid=AfmBOooEAX9lGsp5I14RTEqirLDfgH75j1Sy-ENyg2OYd4z95l4pzdDM,Gift voucher,"As soon as you have successfully placed your order, you will receive your gift voucher via email ... Optics · NEW IN. WOMEN'S PRESCRIPTION GLASSES · Women's ...","""optics"" ""gift voucher"" Greece",MANUAL_REVIEW,score_below_90
80,letmeout.be,GIFT VOUCHER,https://letmeout.be/en/gifts/,GIFT VOUCHER,"In digital or paper version, offer a gift voucher for an exciting and beautiful escape game in the heart of Brussels ! ... Offer an original escape room in ...","""escape room"" ""gift voucher"" Greece",MANUAL_REVIEW,score_below_90
80,loevdeco.com,LOEV DECO Gift Card,https://loevdeco.com/en/products/carte-cadeau-loev-deco?srsltid=AfmBOorezw-uIhjwbZMM1ilG1TvSG49DNmk4vwER5qU6XDIrDbs57hOG,LOEV DECO Gift Card,"Give a LOEV DECO gift card for a unique, personalized gift. This gift card is valid on our premium wall art and home decor collection.","""decor"" ""gift card"" Greece",MANUAL_REVIEW,score_below_90
80,lopapeysa.dk,Gift voucher www.lopapeysa.dk,https://lopapeysa.dk/en/products/gavekort-lopapeysa-dk,Gift voucher www.lopapeysa.dk,"Technology. Knitting Patterns · Crochet Patterns · KNITTING KITS. KNITTING KITS ... Gift voucher www.lopapeysa.dk. Add to wishlist. Regular price 100,00 kr.","""technology"" ""gift voucher"" Greece",MANUAL_REVIEW,score_below_90
80,mail.anouar.gr,Δωροκάρτα Μασάζ,https://mail.anouar.gr/doro-masaz/,Δωροκάρτα Μασάζ,Δωροκάρτα Μασάζ - Χαρίστε Μοναδικές Στιγμές Χαλάρωσης ... δωροκάρτα για επαγγελματικό μασάζ που θα τους χαρίσει βαθιά αναζωογόνηση και ανακούφιση ... wellness. Η ...,"site:.gr ""wellness"" ""δωροκάρτα""",MANUAL_REVIEW,score_below_90
80,maisongatore.com,Gift voucher - GATORÉ,https://maisongatore.com/en/products/geschenkgutschein?srsltid=AfmBOoruqi6xeUQsd_uBUOUWXeRBpKI3Uuej50isXIwkPy0lMn5Zj6rh,Gift voucher - GATORÉ,... PERFUME · GIFT CARD · REVIEWS · CONTACT · HOME · OUR PERFUMES · Oud ... Gift voucher. Open image in full screen. Gift voucher. Close. Gift voucher ...,"""perfume"" ""gift voucher"" Greece",MANUAL_REVIEW,score_below_90
80,markakis.gr,Δώρα για βαφτιστήρια,https://www.markakis.gr/el/blog-9268/dwra-gia-vaftistiria-dwrokarta-gualia-269002?srsltid=AfmBOorTN9igx3CK3QLDxaBDdD4lXsu1DKxBtIYDm45a32jv8jSfPlQ_,Δώρα για βαφτιστήρια | Δωροκάρτα Γυαλιά Οπτικά Μαρκάκης,"Δωροκάρτα: Δώρο για το βαφτιστήρι στα φυσικά καταστήματα ''Οπτικά Κέντρα Μαρκάκης'' & Markakis White Eyewear. Στα Οπτικά Κέντρα Μαρκάκης, οι ...","site:.gr ""eyewear"" ""δωροκάρτα""",MANUAL_REVIEW,score_below_90
80,minnak.de,Gift Vouchers,https://www.minnak.de/en/collections/geschenkgutschein?srsltid=AfmBOoq7kVluyj-yctaKuzb4kKpECvAwD7NORJ6a7M1y2BBWSIoquvBG,Gift Vouchers,Bring joy to someone with a gift voucher from Minnak Fine Jewelry. Perfect as a gift for any occasion - available immediately.,"""jewelry"" ""gift voucher"" Greece",MANUAL_REVIEW,score_below_90
80,mizensir.com,The Perfect Niche Perfume Gift Card | Mizensir Luxury,https://www.mizensir.com/en-kw/products/la-carte-cadeau-mizensir?srsltid=AfmBOopGrTuGbpdSxtut2z-7Z0MaIxvBpYa6SEKJOEde_rv8iPhLi0jr,The Perfect Niche Perfume Gift Card | Mizensir Luxury,"GIFT CARD | MIZENSIR. No reviews. Sale price100.00 ... Artisanal perfume house, founded in 1999 in Geneva by Master Perfumer Alberto Morillas. ... Greece (EUR €)","""perfume"" ""gift card"" Greece",MANUAL_REVIEW,score_below_90
80,mrandmrsspa.gr,Δωροκάρτα: Το απόλυτο δώρο στον απόλυτο προορισμό ...,https://mrandmrsspa.gr/dorokarta-mrandmrsspa/,Δωροκάρτα: Το απόλυτο δώρο στον απόλυτο προορισμό ...,"Το mr & mrs spa προτείνει για σένα τη δωροκάρτα, ένα εκπληκτικό δώρο ομορφιάς και ευεξίας για τα αγαπημένα σου πρόσωπα ... Mr & Mrs Spa | Wellness Club | Χαλκίδα.","site:.gr ""wellness"" ""δωροκάρτα""",MANUAL_REVIEW,score_below_90
80,muni-baby.nl,Muni Baby Gift Voucher,https://muni-baby.nl/en/products/muni-baby-cadeaubonnen?srsltid=AfmBOoqVopG8-9OortnN7vOcWCSdeD-4XBOrYlB2TS50h1z1Pgd90AI6,Muni Baby Gift Voucher,"With the Muni Baby gift voucher you not only give a gift, but the reassurance that parents can choose the best products for their little one. How does it work?","""baby"" ""gift voucher"" Greece",MANUAL_REVIEW,score_below_90
80,my-bagfactory.com,Digital gift voucher MyBagFactory,https://www.my-bagfactory.com/en/products/geschenkgutschein-mybagfactory,Digital gift voucher MyBagFactory,Digital gift voucher MyBagFactory. Bewerten Sie als ... Everything you need to know about our travel bags – from carry-on luggage to care instructions.,"""luggage"" ""gift voucher"" Greece",MANUAL_REVIEW,score_below_90
80,myikona.gr,"Δωροεπιταγές, Δωροκάρτες & Gift Card",https://www.myikona.gr/proionta/deal-doroepitages-myikona/,"Δωροεπιταγές, Δωροκάρτες & Gift Card","Home Decor · Premium Posters · Πίνακες σε Καμβά · Φωτογραφίες με Κορνίζα ... Χαρίστε δωροκάρτα, gift card ή κουπόνι δώρου από το myikona.gr. Ιδανικό δώρο ...","""decor"" ""gift card"" Greece",MANUAL_REVIEW,score_below_90
80,neakriti.gr,Δωροκάρτα: It's a perfect Easter gift για το βαφτιστήρι σου!,https://www.neakriti.gr/oikonomia/epiheiriseis/2112303_dorokarta-its-perfect-easter-gift-gia-baftistiri-soy,Δωροκάρτα: It's a perfect Easter gift για το βαφτιστήρι σου!,Δωροκάρτα: It's a perfect Easter gift για το ... Διαθέσιμη στα φυσικά καταστήματα ''Οπτικά Κέντρα Μαρκάκης'' & Markakis White Eyewear.,"site:.gr ""eyewear"" ""δωροκάρτα""",MANUAL_REVIEW,score_below_90
80,neolaia.gr,Δωροκάρτα (art pass) - εισιτήρια,https://www.neolaia.gr/neolaia-tickets/event/2024-05-31/dorokarta-art-pass/,Δωροκάρτα (art pass) - εισιτήρια,Δωροκάρτα (art pass). ΚΘΒΕ. 31 Μαΐ. ΕΙΣΙΤΗΡΙΑ. Δωροκάρτα ΚΘΒΕ. Art ... Skiathos Garden Theatre. Skiathos Audio Tour. 27. ΙΟΥΝ. 2026. Πολλαπλοί ...,"site:.gr ""theatre"" ""δωροκάρτα""",MANUAL_REVIEW,score_below_90
80,newsbeast.gr,Επιστήμονες αποθήκευσαν στο DNA μια δωροκάρτα και μια ταινία,https://www.newsbeast.gr/technology/news/arthro/2601421/epistimones-apothikefsan-sto-dna-mia-dorokarta-ke-mia-tenia,Επιστήμονες αποθήκευσαν στο DNA μια δωροκάρτα και μια ταινία,"Επιστήμονες αποθήκευσαν στο DNA μια δωροκάρτα και μια ταινία. Το μόριο της ... δωροκάρτα Amazon αξίας 50 δολαρίων, έναν ιό υπολογιστή, μία πλάκα Pioneer ...","site:.gr ""technology"" ""δωροκάρτα""",MANUAL_REVIEW,score_below_90
80,nike.com,Οι δωροκάρτες Nike. Nike GR,https://www.nike.com/gr/dorokartes,Οι δωροκάρτες Nike. Nike GR,"Συνήθως, οι φυσικές δωροκάρτες παραδίδονται μέσα σε τρεις έως πέντε εργάσιμες ημέρες. Κατά τις περιόδους αυξημένου φόρτου μπορεί να χρειαστεί λίγο περισσότερος ...","""δωροκάρτες""",MANUAL_REVIEW,score_below_90
80,ntng.gr,Δωροκάρτα Art Pass,https://www.ntng.gr/en/discover/virtual-museum-single?name,Δωροκάρτα Art Pass,... Δωροκάρτα Art Pass - Media: PE0000P0054v01.jpg. Thumbnail Photo. Δωροκάρτα ... Airline Sponsor. Metadosis Telecom. DEI ...,"site:.gr ""airline"" ""δωροκάρτα""",MANUAL_REVIEW,score_below_90
80,oebb.at,Gift Voucher Cards,https://www.oebb.at/en/fragen-und-antworten/gutscheine/geschenkgutscheinkarten,Gift Voucher Cards,"Tickets in Austria & Europa Submenu from ""Tickets in Austria & Europa"". ÖBB ... I have not redeemed the ÖBB gift voucher card, but the ÖBB gift voucher card is no ...","""Austria"" travel ""gift voucher"" official",MANUAL_REVIEW,score_below_90
80,oefele.de,Gift voucher for self-printing,https://www.oefele.de/en/products/geschenkgutschein-waidmanns-heil-1?srsltid,Gift voucher for self-printing,"Gift voucher for self-printing. Gift voucher for self-printing. Regular price 10,00€. Sale price 10,00€ Regular price UVP. Unit price. /per. Tax included ...","""printing"" ""gift voucher"" Greece",MANUAL_REVIEW,score_below_90
80,ogloba.com,Ogloba provide FAnn parfumérie with complete gift card solution,https://www.ogloba.com/?p=16641,Ogloba provide FAnn parfumérie with complete gift card solution,"The partnership means that FAnn parfumérie will be able to offer their customers with a digital, and mobile gift card (mGC) purchasing and redemption platform, ...","""Czech Republic"" beauty ""gift card"" official",MANUAL_REVIEW,score_below_90
80,olia.com.gr,Δωροκάρτα,https://www.olia.com.gr/product/dorokarta/,Δωροκάρτα,"Αρχική σελίδα Δωροκάρτα Δωροκάρτα. Ζουμ. Δωροκάρτα. €30,00 – €150,00.","site:.com.gr ""δωροκάρτα""",MANUAL_REVIEW,score_below_90
80,opticagaina.gr,Οπτικά Γεωργία Γκαϊνά. Δωροκάρτα 150€ - G. Gaina Optics,https://www.opticagaina.gr/%CE%B4%CF%89%CF%81%CE%BF%CE%BA%CE%AC%CF%81%CF%84%CE%B1-150,Οπτικά Γεωργία Γκαϊνά. Δωροκάρτα 150€ - G. Gaina Optics,Δωροκάρτα 150 ... Gaina Optics. All rights reserved. Powered by nopCommerce.,"site:.gr ""optics"" ""δωροκάρτα""",MANUAL_REVIEW,score_below_90
80,optikaliolios.gr,Δωροκάρτες,https://www.optikaliolios.gr/category/%CE%B4%CF%89%CF%81%CE%BF%CE%BA%CE%B1%CF%81%CF%84%CE%B5%CF%83.htm,Δωροκάρτες,LIOLIOS EYEWEAR 1 · Whats new ? Brands · -50% SUMMER OFFER ... Δωροκάρτα LIOLIOS. Δεν ξέρεις τι δώρο να επιλέξεις; Δώσε την Επιλογή! ΑΓΟΡΑΣΕ ...,"site:.gr ""eyewear"" ""δωροκάρτα""",MANUAL_REVIEW,score_below_90
80,ovationincentives.com,New Gift Card Retailers in Poland,https://www.ovationincentives.com/news/poland-catalogue-update,New Gift Card Retailers in Poland,"... Poland! Unlock superior gift card options and enhance your rewards and incentive program. ... Their range includes fragrance, colour cosmetics, skincare, haircare ...","""Poland"" beauty ""gift card"" official",MANUAL_REVIEW,score_below_90
80,pautravelmoto.com,Gift Voucher,https://www.pautravelmoto.com/en/gift-certificate/,Gift Voucher,"The best gift voucher for a motorbiker, the rental of a motorcycle a whole weekend, to Friday to Monday, to make a motorcycle adventure or try the new model.","""motorcycle"" ""gift voucher"" Greece",MANUAL_REVIEW,score_below_90
80,pennie.gr,Δωροκάρτα 100,https://pennie.gr/%CE%94%CF%89%CF%81%CE%BF%CE%BA%CE%AC%CF%81%CF%84%CE%B1-100%E2%82%AC?srsltid=AfmBOopx4XtVJNhT7ShQNE3yenjquOHgvfRm0fCOxoW4Hp-v6ZCCnNRP,Δωροκάρτα 100,pennie-furniture-final-mega-menu · Έπιπλα · pennie_professional_linen · Pennie ... Δωροκάρτα 100€. 1; 2. Δωροκαρτα 100€. 100.00 €. Κωδ.: 990000-05.,"site:.gr ""furniture"" ""δωροκάρτα""",MANUAL_REVIEW,score_below_90
80,perfumehouse.de,Digital gift voucher,https://perfumehouse.de/en/products/perfumehouse-geschenkgutschein?srsltid=AfmBOooCoMv9r5gXopSevpw-yix_heQItD_UpzHP6yOR6Yq0g0bXZTIw,Digital gift voucher,"Digital gift voucher · Select the desired voucher amount – 25, 50, 100 or 200 euros. · After purchase you will receive the voucher by email. · Give the voucher as ...","""perfume"" ""gift voucher"" Greece",MANUAL_REVIEW,score_below_90
80,pf.fi,Gift card for Finnish design,https://www.pf.fi/en/,Gift card for Finnish design,"... gift card, ensuring a smooth and efficient experience. Simply ... Some types of gift cards can be delivered to other EU countries in addition to Finland.","""Finland"" fashion ""gift card"" official",MANUAL_REVIEW,score_below_90
80,pillagermany.de,PillaGermany gift voucher,https://www.pillagermany.de/en-eu/products/pillagermany-geschenkgutschein?srsltid=AfmBOopFlq6z_g5z_kA2EiHrOE-Ccy5CoydII-ZVPtWh_4reRXcbyyqa,PillaGermany gift voucher,"PillaGermany gift voucher ... By combining world-leading ZEISS technology with innovative optics, we ensure that your vision never limits your performance.","""optics"" ""gift voucher"" Greece",MANUAL_REVIEW,score_below_90
80,piraeusbank.gr,Business Prepaid Gift Card Visa,https://www.piraeusbank.gr/en/business-banking/business-banking-products-services/business-banking-cards/prepaid-cards/prepaid-gift-visa,Business Prepaid Gift Card Visa,Give the gift of flexibility with the Piraeus Business Prepaid Gift Card Visa. Visit piraeusbank.gr for more information!,"site:.gr ""gift card""",MANUAL_REVIEW,score_below_90
80,pratyahara.gr,Gift Card,https://pratyahara.gr/services/yoga-offers/,Gift Card,Gift Card. ΠΑΡΕ ΤΗΝ ΚΑΡΤΑ ΣΟΥ. Gift Card. ΠΑΡΕ ΤΗΝ ΚΑΡΤΑ ΣΟΥ. yoga gift card. ✨ Προσφορές στο Pratyahara Yoga Center! Κάνε το πιο έξυπνο και ...,"""yoga"" ""gift card"" Greece",MANUAL_REVIEW,score_below_90
80,presentkort.restaurangguiden.com,"Gift card for restaurants, hotels and spas.",https://presentkort.restaurangguiden.com/en,"Gift card for restaurants, hotels and spas.","We have a gift card that's valid for hundreds of restaurant, hotel and spa experiences in both Sweden and Denmark. Many of the restaurants and hotels that honor ...","""Sweden"" hotel ""gift card"" official",MANUAL_REVIEW,score_below_90
80,prezzee.uk,Fashion and Accessories Gift Cards,https://prezzee.uk/en-gb/categories/fashion-and-accessories-gb?srsltid=AfmBOor_sN5zLiS2ESsemqgpjG8VEh4XA7Rn3Oy243QMmoRfCY9dE3db,Fashion and Accessories Gift Cards,Fashion and Accessories [uk]. Fashion & Accessories. Fitness & Sports [uk] ... There's a Fashion Gift Card for every style at Prezzee. Browse the range ...,"""UK"" fashion ""gift card"" official",MANUAL_REVIEW,score_below_90
80,projectsoma.gr,Δωροκάρτα | Project Soma | projectsoma.gr,https://projectsoma.gr/dorokarta.html,Δωροκάρτα | Project Soma | projectsoma.gr,"Χαρίστε στα αγαπημένα σας πρόσωπα την δωροκάρτα Project Soma επιλέγοντας το χρηματικό ποσό των 50€, 100€ ή 150 ... SWIMWEAR · TOPS & BODYSUITS · SHIRTS · SKIRTS.","site:.gr ""swimwear"" ""δωροκάρτα""",MANUAL_REVIEW,score_below_90
80,propercretanguide.gr,Κάρτα δώρου για Εκδρομές - Περιηγήσεις στα Χανιά Κρήτης,https://propercretanguide.gr/el/dorokarta-gia-ekdromi-diakopes-sta-chania/,Κάρτα δώρου για Εκδρομές - Περιηγήσεις στα Χανιά Κρήτης,... Crete. Ξεναγήσεις. Ιστορικές Ξεναγήσεις στα Χανιά. Μάχη της Κρήτης - Β ... Αγαπάτε κάποιον; Στείλτε του μια δωροκάρτα για εξαργύρωση στο ταξιδιωτικό μας γραφείο ...,"""Crete"" ""δωροκάρτα""",MANUAL_REVIEW,score_below_90
80,psalidixarti.gr,Δωροκάρτα - Γιορτή,https://psalidixarti.gr/en/products/%CE%B4%CF%89%CF%81%CE%BF%CE%BA%CE%AC%CF%81%CF%84%CE%B1-%CE%B3%CE%B9%CE%BF%CF%81%CF%84%CE%AE?srsltid=AfmBOopNS69F1xT2_EwFIL1M7ZOf7Y__prSuV8ki1EOaMeerHwSE_NaR,Δωροκάρτα - Γιορτή,Δωροκάρτα - Γιορτή Δεν ξέρεις τι δώρο να ... δωροκάρτα: Διάλεξε τη δωροκάρτα που θέλεις να κάνε ... Technology · USB Stick - Memory Cards · Batteries ...,"site:.gr ""technology"" ""δωροκάρτα""",MANUAL_REVIEW,score_below_90
80,reboots.com,Digital gift voucher,https://reboots.com/en/products/digitaler-geschenkgutschein,Digital gift voucher,The digital gift voucher from Reboots is the ideal gift for ambitious athletes and fitness enthusiasts ... Hobby Athlet. What sports do you do? Triathlon.,"""hobby"" ""gift voucher"" Greece",MANUAL_REVIEW,score_below_90
80,roomcard.com,Gift Card for Divani Corfu Palace,https://roomcard.com/hotel/divani-corfu-palace/25454043,Gift Card for Divani Corfu Palace,"Give a personalised hotel gift card for Divani Corfu Palace with Roomcard, the digital hotel gift card that can be used to book hotels all around the world.","""Corfu"" ""gift card""",MANUAL_REVIEW,score_below_90
80,rootshair.gr,Gift card | My Site - Roots Hair Salon,https://www.rootshair.gr/product-page/mini-usb-c-curl-tong,Gift card | My Site - Roots Hair Salon,Με την Gift Card από το Roots Hair Salon μπορούν να επιλέξουν την υπηρεσία που τους ταιριάζει και να απολαύσουν μια premium εμπειρία ανανέωσης. Το ιδανικό ...,"site:.gr ""hair salon"" ""gift card""",MANUAL_REVIEW,score_below_90
80,s-lahjakortti.fi,S Group gift card is a favourite gift,https://www.s-lahjakortti.fi/en/private/,S Group gift card is a favourite gift,"The S Group gift card can be used for payment at as many as 1,500 S Group outlets throughout Finland, and the recipient is free to choose a present to suit ...","""Finland"" fashion ""gift card"" official",MANUAL_REVIEW,score_below_90
80,salzburgadventures.com,GIft vouchers for activites in Salzburg,https://www.salzburgadventures.com/en/vouchers,GIft vouchers for activites in Salzburg,"... Austria"". Give away experiences that will be remembered! Configure voucher. gift voucher. Gift voucher for a selected offer. Prepaid Value Coupon. Valid for our ...","""Austria"" travel ""gift voucher"" official",MANUAL_REVIEW,score_below_90
80,sessile-athens.com,Δωροκάρτα Sessile Athens 100€ | Retina Theme,https://sessile-athens.com/dwrokarta-sessile-athens-100/4aC1cD562DC7c21/en?sort=vk&srsltid=AfmBOoq-AFN_fF2dtxBPYaet51chLEzi_K5uPrwPxDvaX1CEPL2DHYXl,Δωροκάρτα Sessile Athens 100€ | Retina Theme,Η ηλεκτρονική Δωροκάρτα Sessile Athens είναι το ιδανικό δώρο για κάθε περίσταση. Ο παραλήπτης της μπορεί να πραγματοποιήσει Αγορές μέσω Sessile Athens ...,"""Athens"" ""δωροκάρτα""",MANUAL_REVIEW,score_below_90
80,simple-toys.com,SIMPLE GIFT CARD.,https://www.simple-toys.com/en/products/carte-cadeau-simple?srsltid=AfmBOoolPx4zBgqd8Jh_50LA1Fy0SDRqz4rHT2TvD3yXzwuhbOlZGaiO,SIMPLE GIFT CARD.,"Any occasion is a good one to give our little toys. Choose the amount, your message and the day you want your E-Gift Card sent.","""toys"" ""gift card"" Greece",MANUAL_REVIEW,score_below_90
80,smarten.gr,Δωροκάρτα,https://www.smarten.gr/katigoria/dorokarta/,Δωροκάρτα,Δωροκάρτα. Καλωσορίσατε στον κόσμο του S.M.ARTEN ... Δωροκάρτα (2). Collections. Μέταλλο. Χρώμα ... The S.M.ARTEN Experience. Δωρεάν Μεταφορικά. Κάντε ...,"site:.gr ""experience"" ""δωροκάρτα""",MANUAL_REVIEW,score_below_90
80,soandjos.gr,Δωροκάρτα,https://soandjos.gr/product/dorokarta/,Δωροκάρτα,"Αρχική σελίδα Kids Δωροκάρτα. Αναμονή εικόνας προϊόντος. Δωροκάρτα. 15,19 €. Σε απόθεμα. Δωροκάρτα ποσότητα ... Food Picks · Διάφορα Σχέδια · Κουζινα · Εργαλεία ...","site:.gr ""food"" ""δωροκάρτα""",MANUAL_REVIEW,score_below_90
80,sonycenters.gr,Sony PlayStation Δωροκάρτα €25 - PS Plus,https://sonycenters.gr/playstation/propliromenes-kartes-ps-plus/syndromes-ps-plus/sony-playstation-dorokarta-25/?srsltid=AfmBOorJ7Zutj9JyqxEsBACi6v2XKiTOWpYOAubFhgJWO4avSE_fY0ND,Sony PlayStation Δωροκάρτα €25 - PS Plus,Home Cinema projectors · Laser projectors · Αξεσουάρ - Βάσεις · Ήχος. Ακουστικά ... Sony PlayStation Δωροκάρτα €25. Αρχική / PlayStation / Προπληρωμένες Κάρτες ...,"site:.gr ""cinema"" ""δωροκάρτα""",MANUAL_REVIEW,score_below_90
80,staging.bestwishes.gr,Δωροκάρτα - Bestwishes - WPB Jewelry - Bestwishes,https://staging.bestwishes.gr/en/product-category/dwrokarta/,Δωροκάρτα - Bestwishes - WPB Jewelry - Bestwishes,Δωροκάρτα Bestwishes: Χαρίστε μία δωροκάρτα και ... Clothing · Diapers · Mumz · Toys · Men · Accessories · Bags ... Δωροκάρτα. Διαλέξτε το ποσό που επιθυμείτε ...,"site:.gr ""clothing"" ""δωροκάρτα""",MANUAL_REVIEW,score_below_90
80,stock.adobe.com,Beauty Gift Voucher Images,https://stock.adobe.com/search?k=beauty+gift+voucher,Beauty Gift Voucher Images,"White beauty gift card with red bow on reflective mirror surface surrounded by luxury lipsticks and ... Europe, Middle East, and Africa. Algeria - English ...","""Europe"" beauty ""gift card"" official",MANUAL_REVIEW,score_below_90
80,suenobags.gr,Δωροκάρτα,https://suenobags.gr/product-page/%CE%B4%CF%89%CF%81%CE%BF%CE%BA%CE%AC%CF%81%CF%84%CE%B1/,Δωροκάρτα,"Suneno Bags - Τσάντες - Πλατεία Ομονοίας 25 Β, Αγ. Στέφανος, 145 65 Τηλ: 21 ... Δωροκάρτα. €42.50 – €850.00. Ποσό Δωροκάρτας. Κάντε μία επιλογή, €50.00 ...","site:.gr ""bags"" ""δωροκάρτα""",MANUAL_REVIEW,score_below_90
80,sundevilla.com,Gift voucher - electronic,https://sundevilla.com/en/products/darkovy-poukaz,Gift voucher - electronic,"Give the gift of a sense of uniqueness, because every woman deserves to shine. This voucher opens up the world of luxury swimwear ... Gift voucher. Info ...","""swimwear"" ""gift voucher"" Greece",MANUAL_REVIEW,score_below_90
80,theleatherrebel.com,Gift voucher,https://theleatherrebel.com/en-eu/collections/cadeaubon?srsltid=AfmBOopqpitxlJWp-A8Vyq7V3ICQczAd7iSdjIr-hvDYVFNLPl_6C5MK,Gift voucher,"... convenient! Want to give an original gift? Choose a gift voucher from The Leather Rebel! Gift voucher. Choose options. Gift voucher Sale priceFrom €10,00.","""leather"" ""gift voucher"" Greece",MANUAL_REVIEW,score_below_90
80,thermespa.gr,Δωροκάρτες,https://thermespa.gr/doroepitages/,Δωροκάρτες,"Wellness Body Spa ... Στην περίπτωση κατάθεσης του αντιτίμου, προωθούμε με e-mail σε ηλεκτρονική μορφή την Δωροκάρτα στον παραλήπτη, κοινοποιώντας τη παράλληλα ...","site:.gr ""wellness"" ""δωροκάρτα""",MANUAL_REVIEW,score_below_90
80,thomann.gr,Gift Voucher - Thomann,https://www.thomann.gr/basket_coupon.html,Gift Voucher - Thomann,Voucher never expires! The Thomann gift voucher never expires! It can be used for orders at any time - even for partial amounts and smaller purchases.,"site:.gr ""gift voucher""",MANUAL_REVIEW,score_below_90
80,tokopeli.gr,Δωροκάρτα,https://www.tokopeli.gr/voucher?srsltid=AfmBOoqPiahRpVZH9jI_yrv-RZNbSeY_1Uf_73fASJxtBv811G81cSSh,Δωροκάρτα,"Δωροκάρτα. Δωροκάρτα. 0 αξιολογήσεις • Γράψτε μια αξιολόγηση. 0,00 ... Chania, Crete · +30 2821058355 · info@tokopeli.gr. ΒΟΗΘΕΙΑ. Επικοινωνία · Συχνές ...","""Chania"" ""δωροκάρτα""",MANUAL_REVIEW,score_below_90
80,toysfirst.gr,Δωροκάρτα,https://toysfirst.gr/product/dorokarta/?srsltid=AfmBOortGzOFBM9Ijz14zbiRqM_7ao3cQWAKn0xp0g0m4TTCCB6TdUk4,Δωροκάρτα,Η δωροκάρτα ισχύει για ένα έτος από την ... Η δωροκάρτα μπορεί να χρησιμοποιηθεί και για αγορές στο φυσικό μας κατάστημα. ... Toys & more · Προϊόντα · Τιμές ...,"site:.gr ""toys"" ""δωροκάρτα""",MANUAL_REVIEW,score_below_90
80,tripadvisor.ca,Dining Gift Voucher Provided by the Hotel! - Athens,https://www.tripadvisor.ca/LocationPhotoDirectLink-g189400-d198715-i349862702-Hotel_Grande_Bretagne_A_Luxury_Collection_Hotel-Athens_Attica.html,Dining Gift Voucher Provided by the Hotel! - Athens,"Hotel Grande Bretagne, A Luxury Collection Hotel · Dining Gift Voucher Provided by the Hotel! · It's all about the view · Sensacional.","""hotel"" ""gift voucher"" Greece",MANUAL_REVIEW,score_below_90
80,twinklebrowbar.de,Twinkle Gift Voucher Flowers,https://twinklebrowbar.de/en/products/twinkle-gutschein-blumen?srsltid=AfmBOoq0z42ZulGsvUBl3tGKbz8WcXkrQPUGt17r_lg92Mak5TWC9lFW,Twinkle Gift Voucher Flowers,"Twinkle Gift Voucher Flowers ... Whether for a birthday, Christmas, or as a little thank you – there are countless reasons to give a Twinkle Brow Bar gift voucher ...","""flowers"" ""gift voucher"" Greece",MANUAL_REVIEW,score_below_90
80,ullajewelry.nl,ULLA Jewelry Gift Card / Voucher,https://ullajewelry.nl/products/ulla-jewelry-voucher,ULLA Jewelry Gift Card / Voucher,ULLA Jewelry · Home; Collections. May 2025 · The Latest · All Collections. Catalog. Earrings · Bracelets · Necklaces · Rings · Gift Voucher · About Me · FAQs ...,"""jewelry"" ""gift voucher"" Greece",MANUAL_REVIEW,score_below_90
80,venturephotography.in,Register a Gift Voucher | Venture Photography Studios UK,https://venturephotography.in/register/,Register a Gift Voucher | Venture Photography Studios UK,"... Gift Voucher · Photoshoots · Family Photoshoots · Maternity & Baby Photoshoots · Pet ... You will also gain access to fantastic content, photography tips & tricks ...","""photography"" ""gift voucher"" Greece",MANUAL_REVIEW,score_below_90
80,viagogo.gr,Frameless Gift Card Redemption,https://www.viagogo.gr/E-161622634,Frameless Gift Card Redemption,"Frameless Gift Card Redemption. Πέμ, 19 Νοε • 12 ... Ricky Gervais. 7:00 PM Alexandra Palace Theatre at Alexandra Palace - Complex. Flag of GB London, GB, ΗΒ ...","site:.gr ""theatre"" ""gift card""",MANUAL_REVIEW,score_below_90
80,vinoultura.gr,Vinoultura gift cart,https://www.vinoultura.gr/products/vinoultura-gift-cart?srsltid=AfmBOooYjmthLUQhyjnTYVeGNM4gw7Jxpmu8xCvp86zuqaOylz8BpD_q,Vinoultura gift cart - Δωροκάρτα,WINE | DELI | SPIRITS. WINE | DELI | SPIRITS. Facebook · Instagram · TikTok ... Vinoultura Gift Card. Δωροκάρτα: €10.00 €25.00 €50.00 €100.00 €150.00 €200.00,"site:.gr ""wine"" ""δωροκάρτα""",MANUAL_REVIEW,score_below_90
80,voucher.ariescreative.com,Gift voucher - smartVoucher,https://voucher.ariescreative.com/widget/voucher.php?kID=V001023&lng=3&css=https://voucher.ariescreative.com/admin/images/user_upload/k23/voucher.css&path=/en/service/voucher&furl=https%3A%2F%2Fwww.vierjahreszeiten.it%2Fen%2Fservice%2Fvoucher%3F_gl%3D1%252A12f3cw%252A_up%252AMQ..%252A_gs%252ANQ..%26cHash%3D396baebf253439adc7b7a9c5a1f22ca1,Gift voucher - smartVoucher,Gift voucher. Create your own voucher and choose the amount you want to give ... Partial massage (legs or back). Pure relaxation for legs or back. The ...,"""massage"" ""gift voucher"" Greece",MANUAL_REVIEW,score_below_90
80,vouchers.kmmaltairlines.com,KM Malta Gift Vouchers,https://vouchers.kmmaltairlines.com/,KM Malta Gift Vouchers,Customise Your Gift Voucher. Voucher Theme. ❮. Upload your own image. Custom ... 2025 © KM Malta Airlines Limited. All rights reserved.,"""Malta"" travel ""gift voucher"" official",MANUAL_REVIEW,score_below_90
80,wedday.gr,Δωροκάρτα - WEDDING DAY,https://wedday.gr/dorokarta/?srsltid=AfmBOorAc71yn7tFwTxoTHl8-ZRPQLbkOT1Dayx1vMnKlJIF0tABKPbX,Δωροκάρτα - WEDDING DAY,"Δωροκάρτα · WEDDING BOOK · Αρχική » Δωροκάρτα. Δωροκάρτα. Προσθήκη στην λίστα επιθυμιών · Δωροκάρτα WEDDING DAY. 10,00€ – 500,00€ Price range: 10 ...","site:.gr ""wedding"" ""δωροκάρτα""",MANUAL_REVIEW,score_below_90
80,wordreference.com,gift voucher - Αγγλοελληνικό Λεξικό WordReference.com,https://www.wordreference.com/engr/gift%20voucher,gift voucher - Αγγλοελληνικό Λεξικό WordReference.com,"Κύριες μεταφράσεις ; Αγγλικά, Ελληνικά ; gift voucher n, (gift token), κάρτα δώρου ουσ θηλ ; κουπόνι δώρου ουσ ουδ ; His only present was a gift voucher worth £5.","""gift voucher"" Greece",MANUAL_REVIEW,score_below_90
80,worldofdutchflowersandplants.com,Gift voucher - World of Dutch Flowers & Plants,https://www.worldofdutchflowersandplants.com/en/products/cadeaubon?srsltid=AfmBOop4NTHjnvMVJyp56ShuH2gtY528Ueja2l6TWXIKo83KE_wthc4E,Gift voucher - World of Dutch Flowers & Plants,Greece (EUR €); Hungary (EUR €); Ireland (EUR €); Italy (EUR €); Latvia ... Gift voucher - World of Dutch Flowers & Plants.,"""flowers"" ""gift voucher"" Greece",MANUAL_REVIEW,score_below_90
80,ydrospa.gr,Δωροκάρτες,https://ydrospa.gr/%CE%B4%CF%89%CF%81%CE%BF%CE%BA%CE%AC%CF%81%CF%84%CE%B5%CF%82/,Δωροκάρτες,Ηλεκτρονική Δωροκάρτα (e-Gift Card) Δεν προλαβαίνετε να έρθετε από εδώ ... Blossom Spa | Developed By Blossom Themes. Powered by WordPress.,"site:.gr ""spa"" ""δωροκάρτα""",MANUAL_REVIEW,score_below_90
80,zougla.gr,Ηλεκτρονική δωροκάρτα Skroutz: Μια ακόμη υπηρεσία του ...,https://www.zougla.gr/technology/world-of-tech/ilektroniki-dorokarta-skroutz-mia-akomi-ipiresia-tou-skroutz-marketplace-gia-ka8e-peristasi/,Ηλεκτρονική δωροκάρτα Skroutz: Μια ακόμη υπηρεσία του ...,"Ο χρήστης μπορεί να επιλέξει δωροκάρτα αξίας 20€, 50€, 100€ και 150€, και για την αποστολή της αρκεί απλά να γνωρίζει το email του παραλήπτη. Η ...","site:.gr ""technology"" ""δωροκάρτα""",MANUAL_REVIEW,score_below_90
80,zuraris.gr,Δωροκάρτα Αρχεία,https://zuraris.gr/product-category/dorokarta/,Δωροκάρτα Αρχεία,Zuraris Shoes. Search. Σύνδεση / Εγγραφή. ΣύνδεσηΔημιουργία ... Δωροκάρτα. Αρχική σελίδα Δωροκάρτα Σελίδα 2. OUTLET · Δωροκαρτα · Προσφορες ...,"site:.gr ""shoes"" ""δωροκάρτα""",MANUAL_REVIEW,score_below_90
80,zweigundfaden.de,Gift Voucher for Birth & Baby Shower,https://zweigundfaden.de/en/products/geschenkgutschein-baby-geburt?srsltid=AfmBOorgLwr2nauw_JzkuDKnMoJ9V8DD1KAeikWvfsV8xaDg1Az466IP,Gift Voucher for Birth & Baby Shower,"With our digital Zweig & Faden gift voucher, you're always guaranteed to be right. Whether it's dreamy muslin baby bedding, cute comforters with wooden ...","""baby"" ""gift voucher"" Greece",MANUAL_REVIEW,score_below_90
70,asos.com,Buy Online Shopping Gift Vouchers,https://www.asos.com/gift-vouchers/,Buy Online Shopping Gift Vouchers,"Simply choose a design, top it up with an amount of your choice, drop in a message and we'll slide it straight into the lucky person's inbox on your chosen day.","""fashion"" ""gift voucher"" Greece",MANUAL_REVIEW,score_below_90
70,athenaflower.com,Gift voucher for a 60-minute Swedish massage session for ...,https://athenaflower.com/en/gift-voucher-for-a-60-minute-swedish-massage-session-for-women-from-hash-spa-loris-flower-bouquet/p900883755,Gift voucher for a 60-minute Swedish massage session for ...,"A Greek-themed flower shop in Khobar. We specialize in selling natural, artificial, and dried flowers, and we also offer gift wrapping services. Tax ID number.","""flowers"" ""gift voucher"" Greece",MANUAL_REVIEW,score_below_90
70,deanog.nl,Deanog Gift Card | Gift Voucher for Leather Bags & Accessories,https://www.deanog.nl/en/products/deanog-giftcard?srsltid=AfmBOorCRbCDdvhgvmxu6IsgyLMAWt6rkRX5sAqSagjgcCzuAsgaSQu4,Deanog Gift Card | Gift Voucher for Leather Bags & Accessories,"Give the Deanog Giftcard as a gift. A timeless gesture for handmade leather bags and accessories, freely redeemable in the webshop.","""leather"" ""gift voucher"" Greece",MANUAL_REVIEW,score_below_90
70,goldenpages.ie,"Shops in Ireland, selling E gift card",https://www.goldenpages.ie/s/e-gift-card/ireland/10,"Shops in Ireland, selling E gift card",,"""Ireland"" fashion ""gift card"" official",MANUAL_REVIEW,score_below_90
70,melloncollection.gr,Gift Card,https://melloncollection.gr/product/gift-card/,Gift Card,"The perfect gift choice for every style! Give your loved ones the freedom to choose their favorite sunglasses, eyewear, and accessories from our online store.","""eyewear"" ""gift card"" Greece",MANUAL_REVIEW,score_below_90
65,athoshellas.gr,Gift Card - Θεσσαλονίκη,https://www.athoshellas.gr/el/Article/giftcard.aspx,Gift Card - Θεσσαλονίκη,... travel center. instagram athos hellas travel center. tik tok athos hellas travel center. linkedin icon athos hellas travel center. #athostravel. ΕΓΓΡΑΦΗ ΣΤΟ ...,"site:.gr ""travel"" ""δωροκάρτα""",MANUAL_REVIEW,score_below_90
65,blackboxmycar.com,BlackboxMyCar Gift Voucher,https://www.blackboxmycar.com/products/blackboxmycar-gift-card?srsltid=AfmBOoq_kEg5N9iOVDegFf2daFt9cP3e7v-Kzw642DljkjMqyNsOQkme,BlackboxMyCar Gift Voucher,The perfect gift for that special someone.,"""car accessories"" ""gift voucher"" Greece",MANUAL_REVIEW,score_below_90
65,bt45hair.com,BT45 Gift Card | Men's Hair Styling & Grooming Gift Voucher,https://bt45hair.com/products/bt45-gift-card?srsltid=AfmBOooCPpRmK5UW09V0xcYriwsFzS62QOO3Bhxa_jXGtAPqT1nf6OsB,BT45 Gift Card | Men's Hair Styling & Grooming Gift Voucher,"With over a decade of experience working with industry experts, celebrities, running several barber ... Greece (EUR €); Greenland (DKK kr.) Grenada (XCD ...","""barber"" ""gift voucher"" Greece",MANUAL_REVIEW,score_below_90
65,creedboutique.com,Creedboutique,https://creedboutique.com/products/e-gift-card?srsltid=AfmBOoo3qXP6SLLzDXP_dESBbEkLBCVVrj9M5NenK0LOA645W0ZBgPMt,E-Gift Card | Luxury Fragrance Gift Voucher,"With Creed fragrances the finished perfume will always follow the same identical formula, but also breathe out an individual signature, just as a precious wine ...","""perfume"" ""gift voucher"" Greece",MANUAL_REVIEW,score_below_90
65,derrylinoptical.com,Derrylin Optical Gift Voucher,https://www.derrylinoptical.com/products/derrylin-optical-gift-voucher?srsltid=AfmBOopxyEuAc8DnfYz-ZgOdMoW3Hol3ovfs6007mRQhMy3ewvKEg9OY,Derrylin Optical Gift Voucher,"A great gift idea for your friends and family who wear glasses, sunglasses or contact lenses.","""eyewear"" ""gift voucher"" Greece",MANUAL_REVIEW,score_below_90
65,europages.co.uk,Gift card printing Greece | B2B companies and suppliers,https://www.europages.co.uk/companies/greece/gift-card-printing.html,Gift card printing Greece | B2B companies and suppliers,All Companies and suppliers for gift-card-printing ✓Find wholesalers and contact them directly ✓Leading B2B martketplace ➤ Find companies now!,"""printing"" ""gift card"" Greece",MANUAL_REVIEW,score_below_90
65,getlocal.ie,"Compare offers for Beauty Gift Cards, Party & Celebration ...",https://www.getlocal.ie/browse-category/party-and-celebration/all/ireland?q=beauty-gift-card,"Compare offers for Beauty Gift Cards, Party & Celebration ...",,"""Ireland"" beauty ""gift card"" official",MANUAL_REVIEW,score_below_90
65,museboutique.gr,Δωροκάρτα - muse boutique,https://museboutique.gr/en/muse-boutique-gift-card/,Δωροκάρτα - muse boutique,IREE CLOTHING · JOVONNA LONDON · KORESHO · LA CHAINE · LARA ETHNICS · LOVIN CLOZ · MALLORY THE LABEL · MELIKA · MERSEVI · MIMMU · MYSTIS · N2110 · NASH ...,"site:.gr ""clothing"" ""δωροκάρτα""",MANUAL_REVIEW,score_below_90
65,omg.gr,OMG Gift Card – Funny Tees & Baby Gifts | OMG,https://omg.gr/products/omg-gift-card,OMG Gift Card – Funny Tees & Baby Gifts | OMG,"let them pick their own funny slogan tee or baby bodysuit. Delivered by email, redeemable across the whole OMG range.","site:.gr ""baby"" ""gift card""",MANUAL_REVIEW,score_below_90
65,oparperfumes.com,OPAR Gift Voucher | Create Your Own Perfume Experience ...,https://oparperfumes.com/products/opar-perfume-gift-voucher?srsltid=AfmBOorIWjT70ivmVnE4wxN64ZvpKce7_VwKtv8iR8UP1HHNuq0Pdyjd,OPAR Gift Voucher | Create Your Own Perfume Experience ...,1.5 hours custom perfume session. Personalised 100ml bottle included. Limited sessions available. Your recipient's name: What type of voucher do you want ...,"""perfume"" ""gift voucher"" Greece",MANUAL_REVIEW,score_below_90
65,parentingcourses.gr,Gift card 2 - Parenting Courses,https://www.parentingcourses.gr/pages/gift-card-2,Gift card 2 - Parenting Courses,"Είσαι γονιός και αναρωτιέσαι πώς μπορείς να δώσεις το καλύτερο για το παιδί σου; Τα σεμινάρια του Parenting Courses, ακολουθώντας την ολιστική προσέγγιση ...","site:.gr ""courses"" ""gift card""",MANUAL_REVIEW,score_below_90
65,spaghettilab.gr,Gift Card Δωροκάρτα Spaghetti Lab | Το Πιο Νόστιμο Δώρο ...,https://spaghettilab.gr/products/gift-card?srsltid=AfmBOopIl07wn-At_GYte-aoKm5jRYawcFrtyF7CyJ7MUShe5cZma3k4,Gift Card Δωροκάρτα Spaghetti Lab | Το Πιο Νόστιμο Δώρο ...,"Το τέλειο δώρο για τους λάτρεις του 3D printing, του modeling και των DIY projects! Δεν είσαι σίγουρος αν θέλουν ένα high-performance τηλεκατευθυνόμενο DIY ...","site:.gr ""printing"" ""δωροκάρτα""",MANUAL_REVIEW,score_below_90
60,57fashionbar.com,GIFTCARDS,https://57fashionbar.com/collections/giftcards?srsltid=AfmBOoocuvtx3h_4gHRdVm2M54dTTSWoKy9MMoT6YlU9YkE9aycRdvr8,GIFTCARDS,"GIFT CARD 50€. Shop Now >. GIFT CARD 50€. GIFT CARD 50€. 57 FASHION BAR. Regular price €50,00 · GIFT CARD 100€. Shop Now >. GIFT CARD 100€.","""fashion"" ""gift card"" Greece",MANUAL_REVIEW,score_below_90
60,ask.ab.gr,Προσφέρετε επιταγές δώρων σε εταιρίες και ιδιώτες; - AB Eshop,https://ask.ab.gr/s/article/Do-you-offer-gift-cards-to-companies-and-private-individuals,Προσφέρετε επιταγές δώρων σε εταιρίες και ιδιώτες; - AB Eshop,"Nαι, προσφέρουμε! Οι δωροεπιταγές ΑΒ αποτελούν πολύ χρήσιμα δώρα και προτιμώνται ιδιαιτέρως από εταιρίες για τους εργαζομένους τους την περίοδο των εορτών.","""δωροεπιταγές""",MANUAL_REVIEW,score_below_90
60,athensfishspa.com,Giftcard,https://athensfishspa.com/Page/11/Giftcard,Giftcard,"Is one of the best spa in Athens, as rated by hundreds of travellers in tripadvisor. Δωροκάρτες. Δείξτε την αγάπη σας – αγοράστε μια δωροκάρτα για τo καλύτερο ...","""Athens"" ""δωροκάρτα""",MANUAL_REVIEW,score_below_90
60,autowin.com,AutoWin Voucher,https://www.autowin.com/en-gr/products/autowin-gift-card?srsltid=AfmBOop1TyB53Ama6Kq8aggMlWnCYizKuAYaJbZhRFEHLb2I2diyjNd4,AutoWin Voucher,Gift the joy of luxury car accessories with an AutoWin Gift Card. Ideal for any car enthusiast! Shop now and elevate their ride.,"""car accessories"" ""gift card"" Greece",MANUAL_REVIEW,score_below_90
60,fruugo.gr,"12-piece jewelry gift box, necklace, earrings, ring, cardboard ...",https://www.fruugo.gr/12-piece-jewelry-gift-box-necklace-earrings-ring-cardboard-round-gift-card/p-482586788-1002597518?language=en,"12-piece jewelry gift box, necklace, earrings, ring, cardboard ...","Shop 12-piece jewelry gift box, necklace, earrings, ring, cardboard round gift card. One of many items available from our Gift Boxes & Tins department here ...","site:.gr ""jewelry"" ""gift card""",MANUAL_REVIEW,score_below_90
60,news.gtp.gr,Sabre: Eleventh-hour Christmas Shoppers are Driving a Boom ...,https://news.gtp.gr/2023/12/13/sabre-eleventh-hour-christmas-shoppers-are-driving-a-boom-in-hotel-gift-card-sales/,Sabre: Eleventh-hour Christmas Shoppers are Driving a Boom ...,"... technology provider. The hotel gift card industry is burgeoning; currently worth around $60bn, and growing year-on-year at an average rate ...","site:.gr ""technology"" ""gift card""",MANUAL_REVIEW,score_below_90
60,prada.com,gift-card-store-credit,https://www.prada.com/gr/en/info/gift-card-store-credit.html,gift-card-store-credit,Leather clothing. Shoes. View all · Sandals and mules · Pumps and ballerinas ... T&C Gift Card & Store Credit. Below are the Terms & Conditions for GIFT CARDS ...,"""clothing"" ""gift card"" Greece",MANUAL_REVIEW,score_below_90
60,romania-insider.com,Feeling lucky? Biggest mall in Romania offers RON ...,https://www.romania-insider.com/afi-cotroceni-mall-gift-card,Feeling lucky? Biggest mall in Romania offers RON ...,"Feeling lucky? Biggest mall in Romania offers RON 100,000 gift card for shopping.","""Romania"" retail ""gift card"" official",MANUAL_REVIEW,score_below_90
60,temu.com,double sided card pvc card picture printing,https://www.temu.com/gr-en/double-sided--card-pvc-card-picture-printing-customization--on--body-for-printing-patterns-writing-text-pasting-decorations-parent-diy--proofing-commemorative-gift-card--g-606098736132179.html,double sided card pvc card picture printing,Shop double sided card pvc card picture printing customization on body for printing ... gift card at the lowest price at Temu. Check ...,"""printing"" ""gift card"" Greece",MANUAL_REVIEW,score_below_90
60,tescogiftcards.com,Hotels.com eGift,https://www.tescogiftcards.com/card_designs/hotels-com-egift,Hotels.com eGift,"Available card balance only to be used for online payment of new hotel bookings at uk.Hotels.com. Only one gift card can be redeemed per online booking, but ...","""UK"" hotel ""gift card"" official",MANUAL_REVIEW,score_below_90
60,www2.hm.com,δωροκαρτες,https://www2.hm.com/el_gr/customer-service/gift-card.html?srsltid=AfmBOorkT7RYvBeG-CxK44cRXTKDXv7fJw2sHQ1teRjejLEGsvr2KndH,δωροκαρτες,"Θέλεις να αγοράσεις μια δωροκάρτα για φίλους ή συγγενείς, Διαθέτουμε ψηφιακές & έντυπες δωροκάρτες που μπορείς να παραγγείλεις online. Μάθε περισσότερα σήμερα.","""δωροκάρτες""",MANUAL_REVIEW,score_below_90
