status,giftCardId,merchantName,giftCardTitle,categorySlug,occasionSlug,relevance,reason,ruleId
SAFE,cmt79iczq000184iyn0v8cypj,AEGEAN,AEGEAN Gift Card,travel,birthday,88,,semantic-category-v8:travel:birthday
SAFE,cmt79iczq000184iyn0v8cypj,AEGEAN,AEGEAN Gift Card,travel,anniversary,92,,semantic-category-v8:travel:anniversary
SAFE,cmt79iczq000184iyn0v8cypj,AEGEAN,AEGEAN Gift Card,travel,wedding,88,,semantic-category-v8:travel:wedding
SAFE,cmt79iczq000184iyn0v8cypj,AEGEAN,AEGEAN Gift Card,travel,christmas,82,,semantic-category-v8:travel:christmas
SAFE,cmt79idil000684iyx2gzjknp,attica,attica Gift Card,department-stores,birthday,92,,semantic-category-v8:department-stores:birthday
SAFE,cmt79idil000684iyx2gzjknp,attica,attica Gift Card,department-stores,christmas,92,,semantic-category-v8:department-stores:christmas
SAFE,cmt79idil000684iyx2gzjknp,attica,attica Gift Card,department-stores,wedding,82,,semantic-category-v8:department-stores:wedding
SAFE,cmt79idil000684iyx2gzjknp,attica,attica Gift Card,department-stores,just-because,82,,semantic-category-v8:department-stores:just-because
SAFE,cmt79ie3d000c84iy2ec5ea06,Cosmos Sport,Cosmos Sport Gift Card,sports,birthday,92,,semantic-category-v8:sports:birthday
SAFE,cmt79ie3d000c84iy2ec5ea06,Cosmos Sport,Cosmos Sport Gift Card,sports,christmas,86,,semantic-category-v8:sports:christmas
SAFE,cmt79ie3d000c84iy2ec5ea06,Cosmos Sport,Cosmos Sport Gift Card,sports,just-because,76,,semantic-category-v8:sports:just-because
SAFE,cmt79iemt000i84iyx81scabo,e-tennis,e-tennis Gift Card,sports,birthday,92,,semantic-category-v8:sports:birthday
SAFE,cmt79iemt000i84iyx81scabo,e-tennis,e-tennis Gift Card,sports,christmas,86,,semantic-category-v8:sports:christmas
SAFE,cmt79iemt000i84iyx81scabo,e-tennis,e-tennis Gift Card,sports,just-because,76,,semantic-category-v8:sports:just-because
SAFE,cmt79if7j000o84iymh0hdqkh,IKEA,IKEA Gift Card,home,wedding,88,,semantic-category-v8:home:wedding
SAFE,cmt79if7j000o84iymh0hdqkh,IKEA,IKEA Gift Card,home,christmas,84,,semantic-category-v8:home:christmas
SAFE,cmt79if7j000o84iymh0hdqkh,IKEA,IKEA Gift Card,home,just-because,76,,semantic-category-v8:home:just-because
SAFE,cmt79ifs3000u84iyqg85vql2,Kulina,Kulina Gift Card,home,wedding,88,,semantic-category-v8:home:wedding
SAFE,cmt79ifs3000u84iyqg85vql2,Kulina,Kulina Gift Card,home,christmas,84,,semantic-category-v8:home:christmas
SAFE,cmt79ifs3000u84iyqg85vql2,Kulina,Kulina Gift Card,home,just-because,76,,semantic-category-v8:home:just-because
SAFE,cmt79ihfq001c84iymmqcvnee,Plaisio,Plaisio Gift Card,technology,birthday,92,,semantic-category-v8:technology:birthday
SAFE,cmt79ihfq001c84iymmqcvnee,Plaisio,Plaisio Gift Card,technology,christmas,90,,semantic-category-v8:technology:christmas
SAFE,cmt79ihfq001c84iymmqcvnee,Plaisio,Plaisio Gift Card,technology,just-because,76,,semantic-category-v8:technology:just-because
SAFE,cmt79iijr001o84iy0hpx0a15,Rundome,Rundome Gift Card,sports,birthday,92,,semantic-category-v8:sports:birthday
SAFE,cmt79iijr001o84iy0hpx0a15,Rundome,Rundome Gift Card,sports,christmas,86,,semantic-category-v8:sports:christmas
SAFE,cmt79iijr001o84iy0hpx0a15,Rundome,Rundome Gift Card,sports,just-because,76,,semantic-category-v8:sports:just-because
SAFE,cmt79ij3n001u84iydsqgy4zg,SKY express,SKY express Gift Card,travel,birthday,88,,semantic-category-v8:travel:birthday
SAFE,cmt79ij3n001u84iydsqgy4zg,SKY express,SKY express Gift Card,travel,anniversary,92,,semantic-category-v8:travel:anniversary
SAFE,cmt79ij3n001u84iydsqgy4zg,SKY express,SKY express Gift Card,travel,wedding,88,,semantic-category-v8:travel:wedding
SAFE,cmt79ij3n001u84iydsqgy4zg,SKY express,SKY express Gift Card,travel,christmas,82,,semantic-category-v8:travel:christmas
SAFE,cmt79ijk9001z84iy6v65mv8a,Sneaker10,Sneaker10 Gift Card,fashion,birthday,92,,semantic-category-v8:fashion:birthday
SAFE,cmt79ijk9001z84iy6v65mv8a,Sneaker10,Sneaker10 Gift Card,fashion,christmas,86,,semantic-category-v8:fashion:christmas
SAFE,cmt79ijk9001z84iy6v65mv8a,Sneaker10,Sneaker10 Gift Card,fashion,just-because,78,,semantic-category-v8:fashion:just-because
SAFE,cmt79ik4f002584iy9hrxrei5,The Body Shop,The Body Shop Gift Card,beauty,birthday,92,,semantic-category-v8:beauty:birthday
SAFE,cmt79ik4f002584iy9hrxrei5,The Body Shop,The Body Shop Gift Card,beauty,christmas,86,,semantic-category-v8:beauty:christmas
SAFE,cmt79ik4f002584iy9hrxrei5,The Body Shop,The Body Shop Gift Card,beauty,mothers-day,82,,semantic-category-v8:beauty:mothers-day
SAFE,cmt79ik4f002584iy9hrxrei5,The Body Shop,The Body Shop Gift Card,beauty,just-because,78,,semantic-category-v8:beauty:just-because
SAFE,cmt79ikn9002b84iyczxru5q9,Wolt,Wolt Gift Card,food-delivery,birthday,84,,semantic-category-v8:food-delivery:birthday
SAFE,cmt79ikn9002b84iyczxru5q9,Wolt,Wolt Gift Card,food-delivery,thank-you,84,,semantic-category-v8:food-delivery:thank-you
SAFE,cmt79ikn9002b84iyczxru5q9,Wolt,Wolt Gift Card,food-delivery,just-because,82,,semantic-category-v8:food-delivery:just-because
SAFE,cmt8faymv00016kiy6rdzpw06,Germanos,Germanos Gift Card,technology,birthday,92,,semantic-category-v8:technology:birthday
SAFE,cmt8faymv00016kiy6rdzpw06,Germanos,Germanos Gift Card,technology,christmas,90,,semantic-category-v8:technology:christmas
SAFE,cmt8faymv00016kiy6rdzpw06,Germanos,Germanos Gift Card,technology,just-because,76,,semantic-category-v8:technology:just-because
SAFE,cmt8fazf100066kiy672xmmic,HomeMarkt,HomeMarkt Gift Card,home,wedding,88,,semantic-category-v8:home:wedding
SAFE,cmt8fazf100066kiy672xmmic,HomeMarkt,HomeMarkt Gift Card,home,christmas,84,,semantic-category-v8:home:christmas
SAFE,cmt8fazf100066kiy672xmmic,HomeMarkt,HomeMarkt Gift Card,home,just-because,76,,semantic-category-v8:home:just-because
SAFE,cmt8fb02t000b6kiy7s4kft0t,Hondos Center,Hondos Center Gift Card,department-stores,birthday,92,,semantic-category-v8:department-stores:birthday
SAFE,cmt8fb02t000b6kiy7s4kft0t,Hondos Center,Hondos Center Gift Card,department-stores,christmas,92,,semantic-category-v8:department-stores:christmas
SAFE,cmt8fb02t000b6kiy7s4kft0t,Hondos Center,Hondos Center Gift Card,department-stores,wedding,82,,semantic-category-v8:department-stores:wedding
SAFE,cmt8fb02t000b6kiy7s4kft0t,Hondos Center,Hondos Center Gift Card,department-stores,just-because,82,,semantic-category-v8:department-stores:just-because
SAFE,cmt8fb1x1000f6kiy1hr4woch,Notino,Notino Gift Card,beauty,birthday,92,,semantic-category-v8:beauty:birthday
SAFE,cmt8fb1x1000f6kiy1hr4woch,Notino,Notino Gift Card,beauty,christmas,86,,semantic-category-v8:beauty:christmas
SAFE,cmt8fb1x1000f6kiy1hr4woch,Notino,Notino Gift Card,beauty,mothers-day,82,,semantic-category-v8:beauty:mothers-day
SAFE,cmt8fb1x1000f6kiy1hr4woch,Notino,Notino Gift Card,beauty,just-because,78,,semantic-category-v8:beauty:just-because
SAFE,cmt8fb3si000k6kiyq13oidum,Public,Public Gift Card,department-stores,birthday,92,,semantic-category-v8:department-stores:birthday
SAFE,cmt8fb3si000k6kiyq13oidum,Public,Public Gift Card,department-stores,christmas,92,,semantic-category-v8:department-stores:christmas
SAFE,cmt8fb3si000k6kiyq13oidum,Public,Public Gift Card,department-stores,wedding,82,,semantic-category-v8:department-stores:wedding
SAFE,cmt8fb3si000k6kiyq13oidum,Public,Public Gift Card,department-stores,just-because,82,,semantic-category-v8:department-stores:just-because
SAFE,cmt8fb4wa000p6kiyo7ctc0p1,Sephora,Sephora Gift Card,beauty,birthday,92,,semantic-category-v8:beauty:birthday
SAFE,cmt8fb4wa000p6kiyo7ctc0p1,Sephora,Sephora Gift Card,beauty,christmas,86,,semantic-category-v8:beauty:christmas
SAFE,cmt8fb4wa000p6kiyo7ctc0p1,Sephora,Sephora Gift Card,beauty,mothers-day,82,,semantic-category-v8:beauty:mothers-day
SAFE,cmt8fb4wa000p6kiyo7ctc0p1,Sephora,Sephora Gift Card,beauty,just-because,78,,semantic-category-v8:beauty:just-because
SAFE,cmt8gzro7000114iywjzh5sfg,JD Sports Greece,JD Sports Greece Gift Card,sports,birthday,92,,semantic-category-v8:sports:birthday
SAFE,cmt8gzro7000114iywjzh5sfg,JD Sports Greece,JD Sports Greece Gift Card,sports,christmas,86,,semantic-category-v8:sports:christmas
SAFE,cmt8gzro7000114iywjzh5sfg,JD Sports Greece,JD Sports Greece Gift Card,sports,just-because,76,,semantic-category-v8:sports:just-because
SAFE,cmt8gzxc1000614iysxzaqmvz,Zakcret,Zakcret Gift Card,sports,birthday,92,,semantic-category-v8:sports:birthday
SAFE,cmt8gzxc1000614iysxzaqmvz,Zakcret,Zakcret Gift Card,sports,christmas,86,,semantic-category-v8:sports:christmas
SAFE,cmt8gzxc1000614iysxzaqmvz,Zakcret,Zakcret Gift Card,sports,just-because,76,,semantic-category-v8:sports:just-because
SAFE,cmt8helgp0001a8iy47hrjge7,Celestino,Celestino Gift Card,fashion,birthday,92,,semantic-category-v8:fashion:birthday
SAFE,cmt8helgp0001a8iy47hrjge7,Celestino,Celestino Gift Card,fashion,christmas,86,,semantic-category-v8:fashion:christmas
SAFE,cmt8helgp0001a8iy47hrjge7,Celestino,Celestino Gift Card,fashion,just-because,78,,semantic-category-v8:fashion:just-because
SAFE,cmt8henle000ba8iyo0c9qq77,Galerie de Beauté,Galerie de Beauté Gift Card,beauty,birthday,92,,semantic-category-v8:beauty:birthday
SAFE,cmt8henle000ba8iyo0c9qq77,Galerie de Beauté,Galerie de Beauté Gift Card,beauty,christmas,86,,semantic-category-v8:beauty:christmas
SAFE,cmt8henle000ba8iyo0c9qq77,Galerie de Beauté,Galerie de Beauté Gift Card,beauty,mothers-day,82,,semantic-category-v8:beauty:mothers-day
SAFE,cmt8henle000ba8iyo0c9qq77,Galerie de Beauté,Galerie de Beauté Gift Card,beauty,just-because,78,,semantic-category-v8:beauty:just-because
SAFE,cmt8hesz5000ga8iykmbj9m8y,Puma Greece,Puma Greece Gift Card,fashion,birthday,92,,semantic-category-v8:fashion:birthday
SAFE,cmt8hesz5000ga8iykmbj9m8y,Puma Greece,Puma Greece Gift Card,fashion,christmas,86,,semantic-category-v8:fashion:christmas
SAFE,cmt8hesz5000ga8iykmbj9m8y,Puma Greece,Puma Greece Gift Card,fashion,just-because,78,,semantic-category-v8:fashion:just-because
SAFE,cmt8hp8oi0001pgiybmxi7lqx,DPAM,DPAM Gift Card,kids-baby,birthday,94,,semantic-category-v8:kids-baby:birthday
SAFE,cmt8hp8oi0001pgiybmxi7lqx,DPAM,DPAM Gift Card,kids-baby,for-kids,96,,semantic-category-v8:kids-baby:for-kids
SAFE,cmt8hp8oi0001pgiybmxi7lqx,DPAM,DPAM Gift Card,kids-baby,christmas,90,,semantic-category-v8:kids-baby:christmas
SAFE,cmt8hpbs90006pgiynvd5ktbb,Ianos,Ianos Gift Card,books,birthday,90,,semantic-category-v8:books:birthday
SAFE,cmt8hpbs90006pgiynvd5ktbb,Ianos,Ianos Gift Card,books,christmas,90,,semantic-category-v8:books:christmas
SAFE,cmt8hpbs90006pgiynvd5ktbb,Ianos,Ianos Gift Card,books,thank-you,82,,semantic-category-v8:books:thank-you
SAFE,cmt8l5oxi00015giyiu55n5ry,Airbnb,Airbnb Gift Card,travel,birthday,88,,semantic-category-v8:travel:birthday
SAFE,cmt8l5oxi00015giyiu55n5ry,Airbnb,Airbnb Gift Card,travel,anniversary,92,,semantic-category-v8:travel:anniversary
SAFE,cmt8l5oxi00015giyiu55n5ry,Airbnb,Airbnb Gift Card,travel,wedding,88,,semantic-category-v8:travel:wedding
SAFE,cmt8l5oxi00015giyiu55n5ry,Airbnb,Airbnb Gift Card,travel,christmas,82,,semantic-category-v8:travel:christmas
SAFE,cmt8l5pog00065giyds4zmg9d,Answear Greece,Answear Greece Gift Card,fashion,birthday,92,,semantic-category-v8:fashion:birthday
SAFE,cmt8l5pog00065giyds4zmg9d,Answear Greece,Answear Greece Gift Card,fashion,christmas,86,,semantic-category-v8:fashion:christmas
SAFE,cmt8l5pog00065giyds4zmg9d,Answear Greece,Answear Greece Gift Card,fashion,just-because,78,,semantic-category-v8:fashion:just-because
SAFE,cmt8l5v5n000d5giy6vtukpbo,JYSK Greece,JYSK Greece Gift Card,home,wedding,88,,semantic-category-v8:home:wedding
SAFE,cmt8l5v5n000d5giy6vtukpbo,JYSK Greece,JYSK Greece Gift Card,home,christmas,84,,semantic-category-v8:home:christmas
SAFE,cmt8l5v5n000d5giy6vtukpbo,JYSK Greece,JYSK Greece Gift Card,home,just-because,76,,semantic-category-v8:home:just-because
SAFE,cmt8l5vu9000i5giya6fmymif,KIKO,KIKO Gift Card,beauty,birthday,92,,semantic-category-v8:beauty:birthday
SAFE,cmt8l5vu9000i5giya6fmymif,KIKO,KIKO Gift Card,beauty,christmas,86,,semantic-category-v8:beauty:christmas
SAFE,cmt8l5vu9000i5giya6fmymif,KIKO,KIKO Gift Card,beauty,mothers-day,82,,semantic-category-v8:beauty:mothers-day
SAFE,cmt8l5vu9000i5giya6fmymif,KIKO,KIKO Gift Card,beauty,just-because,78,,semantic-category-v8:beauty:just-because
SAFE,cmt8l5ww0000n5giyozuj9ee2,Lapin House,Lapin House Gift Card,kids-baby,birthday,94,,semantic-category-v8:kids-baby:birthday
SAFE,cmt8l5ww0000n5giyozuj9ee2,Lapin House,Lapin House Gift Card,kids-baby,for-kids,96,,semantic-category-v8:kids-baby:for-kids
SAFE,cmt8l5ww0000n5giyozuj9ee2,Lapin House,Lapin House Gift Card,kids-baby,christmas,90,,semantic-category-v8:kids-baby:christmas
SAFE,cmt8l5yqi000x5giy62dhv7mj,Moustakas Toys,Moustakas Toys Gift Card,kids-baby,birthday,94,,semantic-category-v8:kids-baby:birthday
SAFE,cmt8l5yqi000x5giy62dhv7mj,Moustakas Toys,Moustakas Toys Gift Card,kids-baby,for-kids,96,,semantic-category-v8:kids-baby:for-kids
SAFE,cmt8l5yqi000x5giy62dhv7mj,Moustakas Toys,Moustakas Toys Gift Card,kids-baby,christmas,90,,semantic-category-v8:kids-baby:christmas
SAFE,cmt8l60i400125giyzz43e70c,PlayStation,PlayStation Gift Card,gaming,birthday,96,,semantic-category-v8:gaming:birthday
SAFE,cmt8l60i400125giyzz43e70c,PlayStation,PlayStation Gift Card,gaming,christmas,94,,semantic-category-v8:gaming:christmas
SAFE,cmt8l60i400125giyzz43e70c,PlayStation,PlayStation Gift Card,gaming,just-because,80,,semantic-category-v8:gaming:just-because
SAFE,cmt8l62ab00175giyos0f2x41,Roblox,Roblox Gift Card,gaming,birthday,96,,semantic-category-v8:gaming:birthday
SAFE,cmt8l62ab00175giyos0f2x41,Roblox,Roblox Gift Card,gaming,christmas,94,,semantic-category-v8:gaming:christmas
SAFE,cmt8l62ab00175giyos0f2x41,Roblox,Roblox Gift Card,gaming,just-because,80,,semantic-category-v8:gaming:just-because
SAFE,cmt8l649e001c5giyd9tpmroa,Steam,Steam Gift Card,gaming,birthday,96,,semantic-category-v8:gaming:birthday
SAFE,cmt8l649e001c5giyd9tpmroa,Steam,Steam Gift Card,gaming,christmas,94,,semantic-category-v8:gaming:christmas
SAFE,cmt8l649e001c5giyd9tpmroa,Steam,Steam Gift Card,gaming,just-because,80,,semantic-category-v8:gaming:just-because
SAFE,cmt8mor6600015ciyqxktunjn,Fever,Fever Gift Card,experiences,birthday,94,,semantic-category-v8:experiences:birthday
SAFE,cmt8mor6600015ciyqxktunjn,Fever,Fever Gift Card,experiences,anniversary,90,,semantic-category-v8:experiences:anniversary
SAFE,cmt8mor6600015ciyqxktunjn,Fever,Fever Gift Card,experiences,valentines,88,,semantic-category-v8:experiences:valentines
SAFE,cmt8mor6600015ciyqxktunjn,Fever,Fever Gift Card,experiences,christmas,84,,semantic-category-v8:experiences:christmas
SAFE,cmt8movjv00065ciysur9vq6l,KORRES,KORRES Gift Card,beauty,birthday,92,,semantic-category-v8:beauty:birthday
SAFE,cmt8movjv00065ciysur9vq6l,KORRES,KORRES Gift Card,beauty,christmas,86,,semantic-category-v8:beauty:christmas
SAFE,cmt8movjv00065ciysur9vq6l,KORRES,KORRES Gift Card,beauty,mothers-day,82,,semantic-category-v8:beauty:mothers-day
SAFE,cmt8movjv00065ciysur9vq6l,KORRES,KORRES Gift Card,beauty,just-because,78,,semantic-category-v8:beauty:just-because
SAFE,cmt8nqu6a00010oiy7vzul8b7,Amazon,Amazon Gift Card,marketplaces,birthday,90,,semantic-category-v8:marketplaces:birthday
SAFE,cmt8nqu6a00010oiy7vzul8b7,Amazon,Amazon Gift Card,marketplaces,christmas,90,,semantic-category-v8:marketplaces:christmas
SAFE,cmt8nqu6a00010oiy7vzul8b7,Amazon,Amazon Gift Card,marketplaces,just-because,82,,semantic-category-v8:marketplaces:just-because
SAFE,cmt8nqyne00060oiy5y174836,Grecotel,Grecotel Gift Card,hotels,birthday,84,,semantic-category-v8:hotels:birthday
SAFE,cmt8nqyne00060oiy5y174836,Grecotel,Grecotel Gift Card,hotels,anniversary,96,,semantic-category-v8:hotels:anniversary
SAFE,cmt8nqyne00060oiy5y174836,Grecotel,Grecotel Gift Card,hotels,wedding,90,,semantic-category-v8:hotels:wedding
SAFE,cmt8nqyne00060oiy5y174836,Grecotel,Grecotel Gift Card,hotels,valentines,92,,semantic-category-v8:hotels:valentines
SAFE,cmt8nr9qr000b0oiyu9jo1bco,Thomas Sabo,Thomas Sabo Gift Card,jewelry-watches,birthday,94,,semantic-category-v8:jewelry-watches:birthday
SAFE,cmt8nr9qr000b0oiyu9jo1bco,Thomas Sabo,Thomas Sabo Gift Card,jewelry-watches,anniversary,94,,semantic-category-v8:jewelry-watches:anniversary
SAFE,cmt8nr9qr000b0oiyu9jo1bco,Thomas Sabo,Thomas Sabo Gift Card,jewelry-watches,wedding,88,,semantic-category-v8:jewelry-watches:wedding
SAFE,cmt8nr9qr000b0oiyu9jo1bco,Thomas Sabo,Thomas Sabo Gift Card,jewelry-watches,valentines,92,,semantic-category-v8:jewelry-watches:valentines
SAFE,cmt8nr9qr000b0oiyu9jo1bco,Thomas Sabo,Thomas Sabo Gift Card,jewelry-watches,christmas,88,,semantic-category-v8:jewelry-watches:christmas
SAFE,cmt8nragw000g0oiy5et49hfh,Treatwell,Treatwell Gift Card,marketplaces,birthday,90,,semantic-category-v8:marketplaces:birthday
SAFE,cmt8nragw000g0oiy5et49hfh,Treatwell,Treatwell Gift Card,marketplaces,christmas,90,,semantic-category-v8:marketplaces:christmas
SAFE,cmt8nragw000g0oiy5et49hfh,Treatwell,Treatwell Gift Card,marketplaces,just-because,82,,semantic-category-v8:marketplaces:just-because
SAFE,cmt8o9lfb000130iysqk7vztw,Access Fashion,Access Fashion Gift Card,fashion,birthday,92,,semantic-category-v8:fashion:birthday
SAFE,cmt8o9lfb000130iysqk7vztw,Access Fashion,Access Fashion Gift Card,fashion,christmas,86,,semantic-category-v8:fashion:christmas
SAFE,cmt8o9lfb000130iysqk7vztw,Access Fashion,Access Fashion Gift Card,fashion,just-because,78,,semantic-category-v8:fashion:just-because
SAFE,cmt8o9v4j000630iyrdlvm7ql,Microsoft,Microsoft Gift Card,technology,birthday,92,,semantic-category-v8:technology:birthday
SAFE,cmt8o9v4j000630iyrdlvm7ql,Microsoft,Microsoft Gift Card,technology,christmas,90,,semantic-category-v8:technology:christmas
SAFE,cmt8o9v4j000630iyrdlvm7ql,Microsoft,Microsoft Gift Card,technology,just-because,76,,semantic-category-v8:technology:just-because
SAFE,cmt8pswn40002tgiy70wwlvyq,Elisabetta Franchi,Elisabetta Franchi Gift Card,fashion,birthday,92,,semantic-category-v8:fashion:birthday
SAFE,cmt8pswn40002tgiy70wwlvyq,Elisabetta Franchi,Elisabetta Franchi Gift Card,fashion,christmas,86,,semantic-category-v8:fashion:christmas
SAFE,cmt8pswn40002tgiy70wwlvyq,Elisabetta Franchi,Elisabetta Franchi Gift Card,fashion,just-because,78,,semantic-category-v8:fashion:just-because
SAFE,cmt8pt4td0007tgiys8g9wg4u,Pat McGrath Labs,Pat McGrath Labs Gift Card,beauty,birthday,92,,semantic-category-v8:beauty:birthday
SAFE,cmt8pt4td0007tgiys8g9wg4u,Pat McGrath Labs,Pat McGrath Labs Gift Card,beauty,christmas,86,,semantic-category-v8:beauty:christmas
SAFE,cmt8pt4td0007tgiys8g9wg4u,Pat McGrath Labs,Pat McGrath Labs Gift Card,beauty,mothers-day,82,,semantic-category-v8:beauty:mothers-day
SAFE,cmt8pt4td0007tgiys8g9wg4u,Pat McGrath Labs,Pat McGrath Labs Gift Card,beauty,just-because,78,,semantic-category-v8:beauty:just-because
SAFE,cmta1eutm0003q8iyh4fzlzqm,Decathlon Greece,Κάρτα Δώρου,sports,birthday,92,,semantic-category-v8:sports:birthday
SAFE,cmta1eutm0003q8iyh4fzlzqm,Decathlon Greece,Κάρτα Δώρου,sports,christmas,86,,semantic-category-v8:sports:christmas
SAFE,cmta1eutm0003q8iyh4fzlzqm,Decathlon Greece,Κάρτα Δώρου,sports,just-because,76,,semantic-category-v8:sports:just-because
SAFE,cmta1ev910005q8iyv5m8ybru,Lidl Greece,Δωροκάρτα Lidl,food-delivery,birthday,84,,semantic-category-v8:food-delivery:birthday
SAFE,cmta1ev910005q8iyv5m8ybru,Lidl Greece,Δωροκάρτα Lidl,food-delivery,thank-you,84,,semantic-category-v8:food-delivery:thank-you
SAFE,cmta1ev910005q8iyv5m8ybru,Lidl Greece,Δωροκάρτα Lidl,food-delivery,just-because,82,,semantic-category-v8:food-delivery:just-because
SAFE,cmta1evos0007q8iy98hyi3jc,Rituals,The Ritual of Mehr Gift Set L - dāvanu komplekts L | RITUALS,beauty,birthday,92,,semantic-category-v8:beauty:birthday
SAFE,cmta1evos0007q8iy98hyi3jc,Rituals,The Ritual of Mehr Gift Set L - dāvanu komplekts L | RITUALS,beauty,christmas,86,,semantic-category-v8:beauty:christmas
SAFE,cmta1evos0007q8iy98hyi3jc,Rituals,The Ritual of Mehr Gift Set L - dāvanu komplekts L | RITUALS,beauty,mothers-day,82,,semantic-category-v8:beauty:mothers-day
SAFE,cmta1evos0007q8iy98hyi3jc,Rituals,The Ritual of Mehr Gift Set L - dāvanu komplekts L | RITUALS,beauty,just-because,78,,semantic-category-v8:beauty:just-because
SAFE,cmta1ewiy0009q8iyq85l1jc6,Divani Collection,Divani Collection Hotels Gift Card | The Ultimate Luxury Gift,hotels,birthday,84,,semantic-category-v8:hotels:birthday
SAFE,cmta1ewiy0009q8iyq85l1jc6,Divani Collection,Divani Collection Hotels Gift Card | The Ultimate Luxury Gift,hotels,anniversary,96,,semantic-category-v8:hotels:anniversary
SAFE,cmta1ewiy0009q8iyq85l1jc6,Divani Collection,Divani Collection Hotels Gift Card | The Ultimate Luxury Gift,hotels,wedding,90,,semantic-category-v8:hotels:wedding
SAFE,cmta1ewiy0009q8iyq85l1jc6,Divani Collection,Divani Collection Hotels Gift Card | The Ultimate Luxury Gift,hotels,valentines,92,,semantic-category-v8:hotels:valentines
SAFE,cmta1ex6z000bq8iyhh9qostn,Ryanair,Ryanair gift vouchers | Flight & travel vouchers,travel,birthday,88,,semantic-category-v8:travel:birthday
SAFE,cmta1ex6z000bq8iyhh9qostn,Ryanair,Ryanair gift vouchers | Flight & travel vouchers,travel,anniversary,92,,semantic-category-v8:travel:anniversary
SAFE,cmta1ex6z000bq8iyhh9qostn,Ryanair,Ryanair gift vouchers | Flight & travel vouchers,travel,wedding,88,,semantic-category-v8:travel:wedding
SAFE,cmta1ex6z000bq8iyhh9qostn,Ryanair,Ryanair gift vouchers | Flight & travel vouchers,travel,christmas,82,,semantic-category-v8:travel:christmas
SAFE,cmta1exzc000dq8iywmqdc2xg,Belmond,Luxury Gift Cards for Unique Gifts | Belmond Hotels,hotels,birthday,84,,semantic-category-v8:hotels:birthday
SAFE,cmta1exzc000dq8iywmqdc2xg,Belmond,Luxury Gift Cards for Unique Gifts | Belmond Hotels,hotels,anniversary,96,,semantic-category-v8:hotels:anniversary
SAFE,cmta1exzc000dq8iywmqdc2xg,Belmond,Luxury Gift Cards for Unique Gifts | Belmond Hotels,hotels,wedding,90,,semantic-category-v8:hotels:wedding
SAFE,cmta1exzc000dq8iywmqdc2xg,Belmond,Luxury Gift Cards for Unique Gifts | Belmond Hotels,hotels,valentines,92,,semantic-category-v8:hotels:valentines
SAFE,cmta1eygs000fq8iyti39mxnl,Yamamay,E-Gift Card | Yamamay,fashion,birthday,92,,semantic-category-v8:fashion:birthday
SAFE,cmta1eygs000fq8iyti39mxnl,Yamamay,E-Gift Card | Yamamay,fashion,christmas,86,,semantic-category-v8:fashion:christmas
SAFE,cmta1eygs000fq8iyti39mxnl,Yamamay,E-Gift Card | Yamamay,fashion,just-because,78,,semantic-category-v8:fashion:just-because
SAFE,cmta1eyx9000hq8iyxcnanpju,Anastasia Beverly Hills,Anastasia Beverly Hills Gift Card,beauty,birthday,92,,semantic-category-v8:beauty:birthday
SAFE,cmta1eyx9000hq8iyxcnanpju,Anastasia Beverly Hills,Anastasia Beverly Hills Gift Card,beauty,christmas,86,,semantic-category-v8:beauty:christmas
SAFE,cmta1eyx9000hq8iyxcnanpju,Anastasia Beverly Hills,Anastasia Beverly Hills Gift Card,beauty,mothers-day,82,,semantic-category-v8:beauty:mothers-day
SAFE,cmta1eyx9000hq8iyxcnanpju,Anastasia Beverly Hills,Anastasia Beverly Hills Gift Card,beauty,just-because,78,,semantic-category-v8:beauty:just-because
SAFE,cmta1ezdj000jq8iyh7o6gmjd,GC-TECH,ΔΩΡΟΚΑΡΤΑ ΤΩΝ 10 - GIFT CARD,technology,birthday,92,,semantic-category-v8:technology:birthday
SAFE,cmta1ezdj000jq8iyh7o6gmjd,GC-TECH,ΔΩΡΟΚΑΡΤΑ ΤΩΝ 10 - GIFT CARD,technology,christmas,90,,semantic-category-v8:technology:christmas
SAFE,cmta1ezdj000jq8iyh7o6gmjd,GC-TECH,ΔΩΡΟΚΑΡΤΑ ΤΩΝ 10 - GIFT CARD,technology,just-because,76,,semantic-category-v8:technology:just-because
SAFE,cmta1eztn000lq8iyz17iv7nt,Sportys,ΔΩΡΟΕΠΙΤΑΓΗ 90 ΕΥΡΩ,sports,birthday,92,,semantic-category-v8:sports:birthday
SAFE,cmta1eztn000lq8iyz17iv7nt,Sportys,ΔΩΡΟΕΠΙΤΑΓΗ 90 ΕΥΡΩ,sports,christmas,86,,semantic-category-v8:sports:christmas
SAFE,cmta1eztn000lq8iyz17iv7nt,Sportys,ΔΩΡΟΕΠΙΤΑΓΗ 90 ΕΥΡΩ,sports,just-because,76,,semantic-category-v8:sports:just-because
SAFE,cmta1f09t000nq8iyx3uehika,Adagio,Adagio Gift Voucher 200 euro,music,birthday,92,,semantic-category-v8:music:birthday
SAFE,cmta1f09t000nq8iyx3uehika,Adagio,Adagio Gift Voucher 200 euro,music,christmas,88,,semantic-category-v8:music:christmas
SAFE,cmta1f09t000nq8iyx3uehika,Adagio,Adagio Gift Voucher 200 euro,music,just-because,78,,semantic-category-v8:music:just-because
SAFE,cmta1f0po000pq8iytwczl1ho,Play-sports,Gift Card 20,sports,birthday,92,,semantic-category-v8:sports:birthday
SAFE,cmta1f0po000pq8iytwczl1ho,Play-sports,Gift Card 20,sports,christmas,86,,semantic-category-v8:sports:christmas
SAFE,cmta1f0po000pq8iytwczl1ho,Play-sports,Gift Card 20,sports,just-because,76,,semantic-category-v8:sports:just-because
SAFE,cmta1f16s000rq8iy7vke82nt,John-Andy,JOHN-ANDY Δωροεπιταγή 20€,fashion,birthday,92,,semantic-category-v8:fashion:birthday
SAFE,cmta1f16s000rq8iy7vke82nt,John-Andy,JOHN-ANDY Δωροεπιταγή 20€,fashion,christmas,86,,semantic-category-v8:fashion:christmas
SAFE,cmta1f16s000rq8iy7vke82nt,John-Andy,JOHN-ANDY Δωροεπιταγή 20€,fashion,just-because,78,,semantic-category-v8:fashion:just-because
SAFE,cmta1f235000vq8iyuf6yeye1,Hintsdeco,Δωροκάρτα HINTSDECO,home,wedding,88,,semantic-category-v8:home:wedding
SAFE,cmta1f235000vq8iyuf6yeye1,Hintsdeco,Δωροκάρτα HINTSDECO,home,christmas,84,,semantic-category-v8:home:christmas
SAFE,cmta1f235000vq8iyuf6yeye1,Hintsdeco,Δωροκάρτα HINTSDECO,home,just-because,76,,semantic-category-v8:home:just-because
SAFE,cmta1f2ys000zq8iy7gecoj9o,Papachatzis,Papachatzis Gift Card,home,wedding,88,,semantic-category-v8:home:wedding
SAFE,cmta1f2ys000zq8iy7gecoj9o,Papachatzis,Papachatzis Gift Card,home,christmas,84,,semantic-category-v8:home:christmas
SAFE,cmta1f2ys000zq8iy7gecoj9o,Papachatzis,Papachatzis Gift Card,home,just-because,76,,semantic-category-v8:home:just-because
SAFE,cmta1f4810013q8iymlrt4857,P Kontopoulos,Δωροκάρτα P Kontopoulos,home,wedding,88,,semantic-category-v8:home:wedding
SAFE,cmta1f4810013q8iymlrt4857,P Kontopoulos,Δωροκάρτα P Kontopoulos,home,christmas,84,,semantic-category-v8:home:christmas
SAFE,cmta1f4810013q8iymlrt4857,P Kontopoulos,Δωροκάρτα P Kontopoulos,home,just-because,76,,semantic-category-v8:home:just-because
SAFE,cmta1f52d0015q8iyugckloir,Mar & Mar,Mar & Mar Gift Card,kids-baby,birthday,94,,semantic-category-v8:kids-baby:birthday
SAFE,cmta1f52d0015q8iyugckloir,Mar & Mar,Mar & Mar Gift Card,kids-baby,for-kids,96,,semantic-category-v8:kids-baby:for-kids
SAFE,cmta1f52d0015q8iyugckloir,Mar & Mar,Mar & Mar Gift Card,kids-baby,christmas,90,,semantic-category-v8:kids-baby:christmas
SAFE,cmta1f6090019q8iygnn0tj4u,EpiploSet,EpiploSet Gift Card,home,wedding,88,,semantic-category-v8:home:wedding
SAFE,cmta1f6090019q8iygnn0tj4u,EpiploSet,EpiploSet Gift Card,home,christmas,84,,semantic-category-v8:home:christmas
SAFE,cmta1f6090019q8iygnn0tj4u,EpiploSet,EpiploSet Gift Card,home,just-because,76,,semantic-category-v8:home:just-because
SAFE,cmta1f6hg001bq8iycdt6d9uu,Hoper,Δωροκάρτα HOPER,travel,birthday,88,,semantic-category-v8:travel:birthday
SAFE,cmta1f6hg001bq8iycdt6d9uu,Hoper,Δωροκάρτα HOPER,travel,anniversary,92,,semantic-category-v8:travel:anniversary
SAFE,cmta1f6hg001bq8iycdt6d9uu,Hoper,Δωροκάρτα HOPER,travel,wedding,88,,semantic-category-v8:travel:wedding
SAFE,cmta1f6hg001bq8iycdt6d9uu,Hoper,Δωροκάρτα HOPER,travel,christmas,82,,semantic-category-v8:travel:christmas
SAFE,cmta1f6xk001dq8iy0rtydwan,Top-Style,Δωροκάρτα,beauty,birthday,92,,semantic-category-v8:beauty:birthday
SAFE,cmta1f6xk001dq8iy0rtydwan,Top-Style,Δωροκάρτα,beauty,christmas,86,,semantic-category-v8:beauty:christmas
SAFE,cmta1f6xk001dq8iy0rtydwan,Top-Style,Δωροκάρτα,beauty,mothers-day,82,,semantic-category-v8:beauty:mothers-day
SAFE,cmta1f6xk001dq8iy0rtydwan,Top-Style,Δωροκάρτα,beauty,just-because,78,,semantic-category-v8:beauty:just-because
SAFE,cmta1f7dj001fq8iyv92yainl,Pegabo Shoes,Ανδρικά Δερμάτινα Μοκασίνια Tamaris Μπλε 1-13201-44-805,fashion,birthday,92,,semantic-category-v8:fashion:birthday
SAFE,cmta1f7dj001fq8iyv92yainl,Pegabo Shoes,Ανδρικά Δερμάτινα Μοκασίνια Tamaris Μπλε 1-13201-44-805,fashion,christmas,86,,semantic-category-v8:fashion:christmas
SAFE,cmta1f7dj001fq8iyv92yainl,Pegabo Shoes,Ανδρικά Δερμάτινα Μοκασίνια Tamaris Μπλε 1-13201-44-805,fashion,just-because,78,,semantic-category-v8:fashion:just-because
SAFE,cmta1f7sv001hq8iy1icrtpiv,Tziouti-alexandra,Δώρο Επιταγή,jewelry-watches,birthday,94,,semantic-category-v8:jewelry-watches:birthday
SAFE,cmta1f7sv001hq8iy1icrtpiv,Tziouti-alexandra,Δώρο Επιταγή,jewelry-watches,anniversary,94,,semantic-category-v8:jewelry-watches:anniversary
SAFE,cmta1f7sv001hq8iy1icrtpiv,Tziouti-alexandra,Δώρο Επιταγή,jewelry-watches,wedding,88,,semantic-category-v8:jewelry-watches:wedding
SAFE,cmta1f7sv001hq8iy1icrtpiv,Tziouti-alexandra,Δώρο Επιταγή,jewelry-watches,valentines,92,,semantic-category-v8:jewelry-watches:valentines
SAFE,cmta1f7sv001hq8iy1icrtpiv,Tziouti-alexandra,Δώρο Επιταγή,jewelry-watches,christmas,88,,semantic-category-v8:jewelry-watches:christmas
SAFE,cmta1f888001jq8iyip6oud9c,Theodorou.Shop,Theodorou e-Gift Card,fashion,birthday,92,,semantic-category-v8:fashion:birthday
SAFE,cmta1f888001jq8iyip6oud9c,Theodorou.Shop,Theodorou e-Gift Card,fashion,christmas,86,,semantic-category-v8:fashion:christmas
SAFE,cmta1f888001jq8iyip6oud9c,Theodorou.Shop,Theodorou e-Gift Card,fashion,just-because,78,,semantic-category-v8:fashion:just-because
SAFE,cmta1f8o2001lq8iy7sedywm0,Greenpeace,Δωροκάρτα,gifts-concept-stores,birthday,92,,semantic-category-v8:gifts-concept-stores:birthday
SAFE,cmta1f8o2001lq8iy7sedywm0,Greenpeace,Δωροκάρτα,gifts-concept-stores,christmas,92,,semantic-category-v8:gifts-concept-stores:christmas
SAFE,cmta1f8o2001lq8iy7sedywm0,Greenpeace,Δωροκάρτα,gifts-concept-stores,thank-you,86,,semantic-category-v8:gifts-concept-stores:thank-you
SAFE,cmta1f8o2001lq8iy7sedywm0,Greenpeace,Δωροκάρτα,gifts-concept-stores,just-because,88,,semantic-category-v8:gifts-concept-stores:just-because
SAFE,cmta1f957001nq8iyxp1qe8ac,Ehunter,Δωροκάρτα Ehunter,sports,birthday,92,,semantic-category-v8:sports:birthday
SAFE,cmta1f957001nq8iyxp1qe8ac,Ehunter,Δωροκάρτα Ehunter,sports,christmas,86,,semantic-category-v8:sports:christmas
SAFE,cmta1f957001nq8iyxp1qe8ac,Ehunter,Δωροκάρτα Ehunter,sports,just-because,76,,semantic-category-v8:sports:just-because
SAFE,cmta1f9l4001pq8iyfg0m4wfa,ThinkFit.gr,Δωροκάρτα Think Gift,sports,birthday,92,,semantic-category-v8:sports:birthday
SAFE,cmta1f9l4001pq8iyfg0m4wfa,ThinkFit.gr,Δωροκάρτα Think Gift,sports,christmas,86,,semantic-category-v8:sports:christmas
SAFE,cmta1f9l4001pq8iyfg0m4wfa,ThinkFit.gr,Δωροκάρτα Think Gift,sports,just-because,76,,semantic-category-v8:sports:just-because
SAFE,cmta1fa1z001rq8iyz9bikmb5,DigiShark,DigiShark Δωροκάρτα,technology,birthday,92,,semantic-category-v8:technology:birthday
SAFE,cmta1fa1z001rq8iyz9bikmb5,DigiShark,DigiShark Δωροκάρτα,technology,christmas,90,,semantic-category-v8:technology:christmas
SAFE,cmta1fa1z001rq8iyz9bikmb5,DigiShark,DigiShark Δωροκάρτα,technology,just-because,76,,semantic-category-v8:technology:just-because
SAFE,cmta1fahw001tq8iy1xha6nv0,Toys and Gifts,100 Χάρισε μια δωροκάρτα 100 ευρώ,kids-baby,birthday,94,,semantic-category-v8:kids-baby:birthday
SAFE,cmta1fahw001tq8iy1xha6nv0,Toys and Gifts,100 Χάρισε μια δωροκάρτα 100 ευρώ,kids-baby,for-kids,96,,semantic-category-v8:kids-baby:for-kids
SAFE,cmta1fahw001tq8iy1xha6nv0,Toys and Gifts,100 Χάρισε μια δωροκάρτα 100 ευρώ,kids-baby,christmas,90,,semantic-category-v8:kids-baby:christmas
SAFE,cmta1fbd9001xq8iy16jadarj,Babydream,BABYDREAM ΔΩΡΟΕΠΙΤΑΓΗ 300,kids-baby,birthday,94,,semantic-category-v8:kids-baby:birthday
SAFE,cmta1fbd9001xq8iy16jadarj,Babydream,BABYDREAM ΔΩΡΟΕΠΙΤΑΓΗ 300,kids-baby,for-kids,96,,semantic-category-v8:kids-baby:for-kids
SAFE,cmta1fbd9001xq8iy16jadarj,Babydream,BABYDREAM ΔΩΡΟΕΠΙΤΑΓΗ 300,kids-baby,christmas,90,,semantic-category-v8:kids-baby:christmas
SAFE,cmta1fc87001zq8iyhzmjutaj,Mastorino,Δωροκάρτα Next Systems,home,wedding,88,,semantic-category-v8:home:wedding
SAFE,cmta1fc87001zq8iyhzmjutaj,Mastorino,Δωροκάρτα Next Systems,home,christmas,84,,semantic-category-v8:home:christmas
SAFE,cmta1fc87001zq8iyhzmjutaj,Mastorino,Δωροκάρτα Next Systems,home,just-because,76,,semantic-category-v8:home:just-because
SAFE,cmta1fcvq0021q8iyp94dnc3i,Kiddo World,Kiddo World Gift Card,kids-baby,birthday,94,,semantic-category-v8:kids-baby:birthday
SAFE,cmta1fcvq0021q8iyp94dnc3i,Kiddo World,Kiddo World Gift Card,kids-baby,for-kids,96,,semantic-category-v8:kids-baby:for-kids
SAFE,cmta1fcvq0021q8iyp94dnc3i,Kiddo World,Kiddo World Gift Card,kids-baby,christmas,90,,semantic-category-v8:kids-baby:christmas
SAFE,cmta1fdif0023q8iyiy7dqia1,StefanouMarine,ΔΩΡΟΚΑΡΤΑ STEFANOU MARINE,sports,birthday,92,,semantic-category-v8:sports:birthday
SAFE,cmta1fdif0023q8iyiy7dqia1,StefanouMarine,ΔΩΡΟΚΑΡΤΑ STEFANOU MARINE,sports,christmas,86,,semantic-category-v8:sports:christmas
SAFE,cmta1fdif0023q8iyiy7dqia1,StefanouMarine,ΔΩΡΟΚΑΡΤΑ STEFANOU MARINE,sports,just-because,76,,semantic-category-v8:sports:just-because
SAFE,cmta1feem0027q8iy70t8vano,AngryNerd,Δωροκάρτα,gaming,birthday,96,,semantic-category-v8:gaming:birthday
SAFE,cmta1feem0027q8iy70t8vano,AngryNerd,Δωροκάρτα,gaming,christmas,94,,semantic-category-v8:gaming:christmas
SAFE,cmta1feem0027q8iy70t8vano,AngryNerd,Δωροκάρτα,gaming,just-because,80,,semantic-category-v8:gaming:just-because
SAFE,cmta1feu80029q8iy3p7bdse4,Σκακιστικό Κέντρο Ελλάδος,Σκακιστικό Κέντρο Ελλάδος Δωροεπιταγή 50€,gaming,birthday,96,,semantic-category-v8:gaming:birthday
SAFE,cmta1feu80029q8iy3p7bdse4,Σκακιστικό Κέντρο Ελλάδος,Σκακιστικό Κέντρο Ελλάδος Δωροεπιταγή 50€,gaming,christmas,94,,semantic-category-v8:gaming:christmas
SAFE,cmta1feu80029q8iy3p7bdse4,Σκακιστικό Κέντρο Ελλάδος,Σκακιστικό Κέντρο Ελλάδος Δωροεπιταγή 50€,gaming,just-because,80,,semantic-category-v8:gaming:just-because
SAFE,cmta1ffa4002bq8iy5k6w34t1,Shopdali,DA|LI Littles Gift Card,kids-baby,birthday,94,,semantic-category-v8:kids-baby:birthday
SAFE,cmta1ffa4002bq8iy5k6w34t1,Shopdali,DA|LI Littles Gift Card,kids-baby,for-kids,96,,semantic-category-v8:kids-baby:for-kids
SAFE,cmta1ffa4002bq8iy5k6w34t1,Shopdali,DA|LI Littles Gift Card,kids-baby,christmas,90,,semantic-category-v8:kids-baby:christmas
SAFE,cmta1fgap002dq8iyswsnc8wa,Niceyou,Gift Card 100,beauty,birthday,92,,semantic-category-v8:beauty:birthday
SAFE,cmta1fgap002dq8iyswsnc8wa,Niceyou,Gift Card 100,beauty,christmas,86,,semantic-category-v8:beauty:christmas
SAFE,cmta1fgap002dq8iyswsnc8wa,Niceyou,Gift Card 100,beauty,mothers-day,82,,semantic-category-v8:beauty:mothers-day
SAFE,cmta1fgap002dq8iyswsnc8wa,Niceyou,Gift Card 100,beauty,just-because,78,,semantic-category-v8:beauty:just-because
SAFE,cmta1fhpc002fq8iydkzv0m1y,e-Mamouth,ΔΩΡΟΕΠΙΤΑΓΗ,books,birthday,90,,semantic-category-v8:books:birthday
SAFE,cmta1fhpc002fq8iydkzv0m1y,e-Mamouth,ΔΩΡΟΕΠΙΤΑΓΗ,books,christmas,90,,semantic-category-v8:books:christmas
SAFE,cmta1fhpc002fq8iydkzv0m1y,e-Mamouth,ΔΩΡΟΕΠΙΤΑΓΗ,books,thank-you,82,,semantic-category-v8:books:thank-you
SAFE,cmta1fi60002hq8iyf9s9le0u,AstronGameClub,AstronGameClub Gift Card,gaming,birthday,96,,semantic-category-v8:gaming:birthday
SAFE,cmta1fi60002hq8iyf9s9le0u,AstronGameClub,AstronGameClub Gift Card,gaming,christmas,94,,semantic-category-v8:gaming:christmas
SAFE,cmta1fi60002hq8iyf9s9le0u,AstronGameClub,AstronGameClub Gift Card,gaming,just-because,80,,semantic-category-v8:gaming:just-because
SAFE,cmta1fimo002jq8iyzmtmb8cv,Sport-Style,Δωροκάρτα Sport Style,sports,birthday,92,,semantic-category-v8:sports:birthday
SAFE,cmta1fimo002jq8iyzmtmb8cv,Sport-Style,Δωροκάρτα Sport Style,sports,christmas,86,,semantic-category-v8:sports:christmas
SAFE,cmta1fimo002jq8iyzmtmb8cv,Sport-Style,Δωροκάρτα Sport Style,sports,just-because,76,,semantic-category-v8:sports:just-because
SAFE,cmta1fj1o002lq8iyo5np81fy,Ipatios,Ipatios Δωροκάρτα,fashion,birthday,92,,semantic-category-v8:fashion:birthday
SAFE,cmta1fj1o002lq8iyo5np81fy,Ipatios,Ipatios Δωροκάρτα,fashion,christmas,86,,semantic-category-v8:fashion:christmas
SAFE,cmta1fj1o002lq8iyo5np81fy,Ipatios,Ipatios Δωροκάρτα,fashion,just-because,78,,semantic-category-v8:fashion:just-because
SAFE,cmta1fjhs002nq8iyk0isu1fk,Bonsai Home,Bonsai Home Δωροκάρτα 10€,home,wedding,88,,semantic-category-v8:home:wedding
SAFE,cmta1fjhs002nq8iyk0isu1fk,Bonsai Home,Bonsai Home Δωροκάρτα 10€,home,christmas,84,,semantic-category-v8:home:christmas
SAFE,cmta1fjhs002nq8iyk0isu1fk,Bonsai Home,Bonsai Home Δωροκάρτα 10€,home,just-because,76,,semantic-category-v8:home:just-because
SAFE,cmta1fk9b002pq8iyf5m36fcm,Grill me,Grill me Δωροκάρτα 50€,restaurants,birthday,92,,semantic-category-v8:restaurants:birthday
SAFE,cmta1fk9b002pq8iyf5m36fcm,Grill me,Grill me Δωροκάρτα 50€,restaurants,anniversary,94,,semantic-category-v8:restaurants:anniversary
SAFE,cmta1fk9b002pq8iyf5m36fcm,Grill me,Grill me Δωροκάρτα 50€,restaurants,valentines,92,,semantic-category-v8:restaurants:valentines
SAFE,cmta1fk9b002pq8iyf5m36fcm,Grill me,Grill me Δωροκάρτα 50€,restaurants,thank-you,84,,semantic-category-v8:restaurants:thank-you
SAFE,cmta1fk9b002pq8iyf5m36fcm,Grill me,Grill me Δωροκάρτα 50€,restaurants,just-because,84,,semantic-category-v8:restaurants:just-because
SAFE,cmta1flev002rq8iyn4j6f4f1,Kounio,Kounio Δωροκάρτα 25€,department-stores,birthday,92,,semantic-category-v8:department-stores:birthday
SAFE,cmta1flev002rq8iyn4j6f4f1,Kounio,Kounio Δωροκάρτα 25€,department-stores,christmas,92,,semantic-category-v8:department-stores:christmas
SAFE,cmta1flev002rq8iyn4j6f4f1,Kounio,Kounio Δωροκάρτα 25€,department-stores,wedding,82,,semantic-category-v8:department-stores:wedding
SAFE,cmta1flev002rq8iyn4j6f4f1,Kounio,Kounio Δωροκάρτα 25€,department-stores,just-because,82,,semantic-category-v8:department-stores:just-because
SAFE,cmta1flx2002tq8iyfbzqbeb7,Adidas,E-GIFT CARD,fashion,birthday,92,,semantic-category-v8:fashion:birthday
SAFE,cmta1flx2002tq8iyfbzqbeb7,Adidas,E-GIFT CARD,fashion,christmas,86,,semantic-category-v8:fashion:christmas
SAFE,cmta1flx2002tq8iyfbzqbeb7,Adidas,E-GIFT CARD,fashion,just-because,78,,semantic-category-v8:fashion:just-because
SAFE,cmta1fmdg002vq8iye5rslu43,Paidika Symeon,Δωροκάρτα,kids-baby,birthday,94,,semantic-category-v8:kids-baby:birthday
SAFE,cmta1fmdg002vq8iye5rslu43,Paidika Symeon,Δωροκάρτα,kids-baby,for-kids,96,,semantic-category-v8:kids-baby:for-kids
SAFE,cmta1fmdg002vq8iye5rslu43,Paidika Symeon,Δωροκάρτα,kids-baby,christmas,90,,semantic-category-v8:kids-baby:christmas
SAFE,cmta1fmuj002xq8iywjvgu2jh,e-Stathatos,e-Stathatos Gift Card,sports,birthday,92,,semantic-category-v8:sports:birthday
SAFE,cmta1fmuj002xq8iywjvgu2jh,e-Stathatos,e-Stathatos Gift Card,sports,christmas,86,,semantic-category-v8:sports:christmas
SAFE,cmta1fmuj002xq8iywjvgu2jh,e-Stathatos,e-Stathatos Gift Card,sports,just-because,76,,semantic-category-v8:sports:just-because
SAFE,cmta1fnc4002zq8iy3yrpxjfz,Ekklisiastika Karditsa,Κολώνας Δωροκάρτα 50,gifts-concept-stores,birthday,92,,semantic-category-v8:gifts-concept-stores:birthday
SAFE,cmta1fnc4002zq8iy3yrpxjfz,Ekklisiastika Karditsa,Κολώνας Δωροκάρτα 50,gifts-concept-stores,christmas,92,,semantic-category-v8:gifts-concept-stores:christmas
SAFE,cmta1fnc4002zq8iy3yrpxjfz,Ekklisiastika Karditsa,Κολώνας Δωροκάρτα 50,gifts-concept-stores,thank-you,86,,semantic-category-v8:gifts-concept-stores:thank-you
SAFE,cmta1fnc4002zq8iy3yrpxjfz,Ekklisiastika Karditsa,Κολώνας Δωροκάρτα 50,gifts-concept-stores,just-because,88,,semantic-category-v8:gifts-concept-stores:just-because
SAFE,cmta1fnrb0031q8iyg9sqt1g1,Niyamas Yoga,Niyamas Yoga Gift Card,spa-wellness,birthday,92,,semantic-category-v8:spa-wellness:birthday
SAFE,cmta1fnrb0031q8iyg9sqt1g1,Niyamas Yoga,Niyamas Yoga Gift Card,spa-wellness,anniversary,90,,semantic-category-v8:spa-wellness:anniversary
SAFE,cmta1fnrb0031q8iyg9sqt1g1,Niyamas Yoga,Niyamas Yoga Gift Card,spa-wellness,valentines,88,,semantic-category-v8:spa-wellness:valentines
SAFE,cmta1fnrb0031q8iyg9sqt1g1,Niyamas Yoga,Niyamas Yoga Gift Card,spa-wellness,mothers-day,86,,semantic-category-v8:spa-wellness:mothers-day
SAFE,cmta1fnrb0031q8iyg9sqt1g1,Niyamas Yoga,Niyamas Yoga Gift Card,spa-wellness,fathers-day,82,,semantic-category-v8:spa-wellness:fathers-day
SAFE,cmta1fo7g0033q8iyt2jzcpym,Newmom,Δωροκάρτα,kids-baby,birthday,94,,semantic-category-v8:kids-baby:birthday
SAFE,cmta1fo7g0033q8iyt2jzcpym,Newmom,Δωροκάρτα,kids-baby,for-kids,96,,semantic-category-v8:kids-baby:for-kids
SAFE,cmta1fo7g0033q8iyt2jzcpym,Newmom,Δωροκάρτα,kids-baby,christmas,90,,semantic-category-v8:kids-baby:christmas
SAFE,cmta1foot0035q8iyj3zj3bf1,Chicbee,Chicbee Δωροκάρτα 20€,jewelry-watches,birthday,94,,semantic-category-v8:jewelry-watches:birthday
SAFE,cmta1foot0035q8iyj3zj3bf1,Chicbee,Chicbee Δωροκάρτα 20€,jewelry-watches,anniversary,94,,semantic-category-v8:jewelry-watches:anniversary
SAFE,cmta1foot0035q8iyj3zj3bf1,Chicbee,Chicbee Δωροκάρτα 20€,jewelry-watches,wedding,88,,semantic-category-v8:jewelry-watches:wedding
SAFE,cmta1foot0035q8iyj3zj3bf1,Chicbee,Chicbee Δωροκάρτα 20€,jewelry-watches,valentines,92,,semantic-category-v8:jewelry-watches:valentines
SAFE,cmta1foot0035q8iyj3zj3bf1,Chicbee,Chicbee Δωροκάρτα 20€,jewelry-watches,christmas,88,,semantic-category-v8:jewelry-watches:christmas
SAFE,cmta1fpyi0039q8iyyzfu0kma,Pragmatic,Pragmatic Gift Card,home,wedding,88,,semantic-category-v8:home:wedding
SAFE,cmta1fpyi0039q8iyyzfu0kma,Pragmatic,Pragmatic Gift Card,home,christmas,84,,semantic-category-v8:home:christmas
SAFE,cmta1fpyi0039q8iyyzfu0kma,Pragmatic,Pragmatic Gift Card,home,just-because,76,,semantic-category-v8:home:just-because
SAFE,cmta1fqnv003bq8iy3xbbgzju,PNN Nightwear,PNN Nightwear Δωροκάρτα 15€,fashion,birthday,92,,semantic-category-v8:fashion:birthday
SAFE,cmta1fqnv003bq8iy3xbbgzju,PNN Nightwear,PNN Nightwear Δωροκάρτα 15€,fashion,christmas,86,,semantic-category-v8:fashion:christmas
SAFE,cmta1fqnv003bq8iy3xbbgzju,PNN Nightwear,PNN Nightwear Δωροκάρτα 15€,fashion,just-because,78,,semantic-category-v8:fashion:just-because
SAFE,cmta1frh2003dq8iyqvrgxoji,Tinycocoon,Δωροκάρτα,kids-baby,birthday,94,,semantic-category-v8:kids-baby:birthday
SAFE,cmta1frh2003dq8iyqvrgxoji,Tinycocoon,Δωροκάρτα,kids-baby,for-kids,96,,semantic-category-v8:kids-baby:for-kids
SAFE,cmta1frh2003dq8iyqvrgxoji,Tinycocoon,Δωροκάρτα,kids-baby,christmas,90,,semantic-category-v8:kids-baby:christmas
SAFE,cmta1fsds003hq8iywvbrxbq7,LIAKOPOULOS Brands Store,GIFTCARD 100 (Δωροκάρτα),fashion,birthday,92,,semantic-category-v8:fashion:birthday
SAFE,cmta1fsds003hq8iywvbrxbq7,LIAKOPOULOS Brands Store,GIFTCARD 100 (Δωροκάρτα),fashion,christmas,86,,semantic-category-v8:fashion:christmas
SAFE,cmta1fsds003hq8iywvbrxbq7,LIAKOPOULOS Brands Store,GIFTCARD 100 (Δωροκάρτα),fashion,just-because,78,,semantic-category-v8:fashion:just-because
SAFE,cmta1fsu3003jq8iy5qqq6jin,Ergaleiogatos,Ergaleiogatos Δωροεπιταγή,home,wedding,88,,semantic-category-v8:home:wedding
SAFE,cmta1fsu3003jq8iy5qqq6jin,Ergaleiogatos,Ergaleiogatos Δωροεπιταγή,home,christmas,84,,semantic-category-v8:home:christmas
SAFE,cmta1fsu3003jq8iy5qqq6jin,Ergaleiogatos,Ergaleiogatos Δωροεπιταγή,home,just-because,76,,semantic-category-v8:home:just-because
SAFE,cmta1ftak003lq8iyqic1n4x7,Barequip.gr,"Δωροκάρτες 100,00",home,wedding,88,,semantic-category-v8:home:wedding
SAFE,cmta1ftak003lq8iyqic1n4x7,Barequip.gr,"Δωροκάρτες 100,00",home,christmas,84,,semantic-category-v8:home:christmas
SAFE,cmta1ftak003lq8iyqic1n4x7,Barequip.gr,"Δωροκάρτες 100,00",home,just-because,76,,semantic-category-v8:home:just-because
SAFE,cmta1ftsh003nq8iyxswky70y,Apparel Stores,Apparel Stores Gift Card,fashion,birthday,92,,semantic-category-v8:fashion:birthday
SAFE,cmta1ftsh003nq8iyxswky70y,Apparel Stores,Apparel Stores Gift Card,fashion,christmas,86,,semantic-category-v8:fashion:christmas
SAFE,cmta1ftsh003nq8iyxswky70y,Apparel Stores,Apparel Stores Gift Card,fashion,just-because,78,,semantic-category-v8:fashion:just-because
SAFE,cmta1fu97003pq8iyip5e1paw,Z-Ergaleia,Δωροκάρτα 300,home,wedding,88,,semantic-category-v8:home:wedding
SAFE,cmta1fu97003pq8iyip5e1paw,Z-Ergaleia,Δωροκάρτα 300,home,christmas,84,,semantic-category-v8:home:christmas
SAFE,cmta1fu97003pq8iyip5e1paw,Z-Ergaleia,Δωροκάρτα 300,home,just-because,76,,semantic-category-v8:home:just-because
SAFE,cmta1fuql003rq8iykfccc6hy,iloveprints,For Your Buddle of Joy - Card,gifts-concept-stores,birthday,92,,semantic-category-v8:gifts-concept-stores:birthday
SAFE,cmta1fuql003rq8iykfccc6hy,iloveprints,For Your Buddle of Joy - Card,gifts-concept-stores,christmas,92,,semantic-category-v8:gifts-concept-stores:christmas
SAFE,cmta1fuql003rq8iykfccc6hy,iloveprints,For Your Buddle of Joy - Card,gifts-concept-stores,thank-you,86,,semantic-category-v8:gifts-concept-stores:thank-you
SAFE,cmta1fuql003rq8iykfccc6hy,iloveprints,For Your Buddle of Joy - Card,gifts-concept-stores,just-because,88,,semantic-category-v8:gifts-concept-stores:just-because
SAFE,cmta1fv8n003tq8iyzing1bi2,Big Shoes,Δωροεπιταγές Big Shoes Έξυπνο Δώρο Παπούτσια,fashion,birthday,92,,semantic-category-v8:fashion:birthday
SAFE,cmta1fv8n003tq8iyzing1bi2,Big Shoes,Δωροεπιταγές Big Shoes Έξυπνο Δώρο Παπούτσια,fashion,christmas,86,,semantic-category-v8:fashion:christmas
SAFE,cmta1fv8n003tq8iyzing1bi2,Big Shoes,Δωροεπιταγές Big Shoes Έξυπνο Δώρο Παπούτσια,fashion,just-because,78,,semantic-category-v8:fashion:just-because
SAFE,cmta1fw7z003vq8iyw5wvrli7,Camper,Δωροκάρτα Camper,fashion,birthday,92,,semantic-category-v8:fashion:birthday
SAFE,cmta1fw7z003vq8iyw5wvrli7,Camper,Δωροκάρτα Camper,fashion,christmas,86,,semantic-category-v8:fashion:christmas
SAFE,cmta1fw7z003vq8iyw5wvrli7,Camper,Δωροκάρτα Camper,fashion,just-because,78,,semantic-category-v8:fashion:just-because
SAFE,cmta1fwrr003xq8iyg4p0qnf7,Εκδόσεις Ψυχογιός,Εκδόσεις Ψυχογιός δωροκάρτα,books,birthday,90,,semantic-category-v8:books:birthday
SAFE,cmta1fwrr003xq8iyg4p0qnf7,Εκδόσεις Ψυχογιός,Εκδόσεις Ψυχογιός δωροκάρτα,books,christmas,90,,semantic-category-v8:books:christmas
SAFE,cmta1fwrr003xq8iyg4p0qnf7,Εκδόσεις Ψυχογιός,Εκδόσεις Ψυχογιός δωροκάρτα,books,thank-you,82,,semantic-category-v8:books:thank-you
SAFE,cmta1fx6k003zq8iyp4u2p94m,Central,Central Δωροκάρτα,fashion,birthday,92,,semantic-category-v8:fashion:birthday
SAFE,cmta1fx6k003zq8iyp4u2p94m,Central,Central Δωροκάρτα,fashion,christmas,86,,semantic-category-v8:fashion:christmas
SAFE,cmta1fx6k003zq8iyp4u2p94m,Central,Central Δωροκάρτα,fashion,just-because,78,,semantic-category-v8:fashion:just-because
SAFE,cmta1fxm40041q8iyf19nk7km,iQueens,iQueens Gift Card,sports,birthday,92,,semantic-category-v8:sports:birthday
SAFE,cmta1fxm40041q8iyf19nk7km,iQueens,iQueens Gift Card,sports,christmas,86,,semantic-category-v8:sports:christmas
SAFE,cmta1fxm40041q8iyf19nk7km,iQueens,iQueens Gift Card,sports,just-because,76,,semantic-category-v8:sports:just-because
SAFE,cmta1fy150043q8iy1gell6w5,XXXL Leo,XXXL Leo Δωροεπιταγή – Το ιδανικό δώρο για κάθε περίσταση,fashion,birthday,92,,semantic-category-v8:fashion:birthday
SAFE,cmta1fy150043q8iy1gell6w5,XXXL Leo,XXXL Leo Δωροεπιταγή – Το ιδανικό δώρο για κάθε περίσταση,fashion,christmas,86,,semantic-category-v8:fashion:christmas
SAFE,cmta1fy150043q8iy1gell6w5,XXXL Leo,XXXL Leo Δωροεπιταγή – Το ιδανικό δώρο για κάθε περίσταση,fashion,just-because,78,,semantic-category-v8:fashion:just-because
SAFE,cmta1fyv40047q8iybmepfa7h,SHEIN,SHEIN δωροκάρτα,marketplaces,birthday,90,,semantic-category-v8:marketplaces:birthday
SAFE,cmta1fyv40047q8iybmepfa7h,SHEIN,SHEIN δωροκάρτα,marketplaces,christmas,90,,semantic-category-v8:marketplaces:christmas
SAFE,cmta1fyv40047q8iybmepfa7h,SHEIN,SHEIN δωροκάρτα,marketplaces,just-because,82,,semantic-category-v8:marketplaces:just-because
SAFE,cmta1g0nr004bq8iy397auvs3,Mandellos Sports,Mandellos Sports δωροκάρτα,sports,birthday,92,,semantic-category-v8:sports:birthday
SAFE,cmta1g0nr004bq8iy397auvs3,Mandellos Sports,Mandellos Sports δωροκάρτα,sports,christmas,86,,semantic-category-v8:sports:christmas
SAFE,cmta1g0nr004bq8iy397auvs3,Mandellos Sports,Mandellos Sports δωροκάρτα,sports,just-because,76,,semantic-category-v8:sports:just-because
SAFE,cmta1g1xp004fq8iycs60b0nu,Red Raven Eyewear,Red Raven Eyewear Δωροκάρτα Gift Card,fashion,birthday,92,,semantic-category-v8:fashion:birthday
SAFE,cmta1g1xp004fq8iycs60b0nu,Red Raven Eyewear,Red Raven Eyewear Δωροκάρτα Gift Card,fashion,christmas,86,,semantic-category-v8:fashion:christmas
SAFE,cmta1g1xp004fq8iycs60b0nu,Red Raven Eyewear,Red Raven Eyewear Δωροκάρτα Gift Card,fashion,just-because,78,,semantic-category-v8:fashion:just-because
SAFE,cmta1g2c7004hq8iy19fix1qe,Slamdunk,Slamdunk Δωροκάρτα,sports,birthday,92,,semantic-category-v8:sports:birthday
SAFE,cmta1g2c7004hq8iy19fix1qe,Slamdunk,Slamdunk Δωροκάρτα,sports,christmas,86,,semantic-category-v8:sports:christmas
SAFE,cmta1g2c7004hq8iy19fix1qe,Slamdunk,Slamdunk Δωροκάρτα,sports,just-because,76,,semantic-category-v8:sports:just-because
SAFE,cmta1g2s8004jq8iyfscrgkeo,Anthemion Flowers,Anthemion Flowers Δωροκάρτα,home,wedding,88,,semantic-category-v8:home:wedding
SAFE,cmta1g2s8004jq8iyfscrgkeo,Anthemion Flowers,Anthemion Flowers Δωροκάρτα,home,christmas,84,,semantic-category-v8:home:christmas
SAFE,cmta1g2s8004jq8iyfscrgkeo,Anthemion Flowers,Anthemion Flowers Δωροκάρτα,home,just-because,76,,semantic-category-v8:home:just-because
SAFE,cmta1g37z004lq8iyo6oc9hzr,eshop.gr,eshop.gr Δωροκάρτα δωροεπιταγή Gift Card,technology,birthday,92,,semantic-category-v8:technology:birthday
SAFE,cmta1g37z004lq8iyo6oc9hzr,eshop.gr,eshop.gr Δωροκάρτα δωροεπιταγή Gift Card,technology,christmas,90,,semantic-category-v8:technology:christmas
SAFE,cmta1g37z004lq8iyo6oc9hzr,eshop.gr,eshop.gr Δωροκάρτα δωροεπιταγή Gift Card,technology,just-because,76,,semantic-category-v8:technology:just-because
SAFE,cmta1g45r004nq8iytbhvk05w,Projectshops,Projectshops Δωροκάρτα Gift Card,fashion,birthday,92,,semantic-category-v8:fashion:birthday
SAFE,cmta1g45r004nq8iytbhvk05w,Projectshops,Projectshops Δωροκάρτα Gift Card,fashion,christmas,86,,semantic-category-v8:fashion:christmas
SAFE,cmta1g45r004nq8iytbhvk05w,Projectshops,Projectshops Δωροκάρτα Gift Card,fashion,just-because,78,,semantic-category-v8:fashion:just-because
SAFE,cmta1g4lj004pq8iyuzqrwtkm,PCP Clothing,PCP Clothing Δωροκάρτα Gift Card!,fashion,birthday,92,,semantic-category-v8:fashion:birthday
SAFE,cmta1g4lj004pq8iyuzqrwtkm,PCP Clothing,PCP Clothing Δωροκάρτα Gift Card!,fashion,christmas,86,,semantic-category-v8:fashion:christmas
SAFE,cmta1g4lj004pq8iyuzqrwtkm,PCP Clothing,PCP Clothing Δωροκάρτα Gift Card!,fashion,just-because,78,,semantic-category-v8:fashion:just-because
SAFE,cmta1g537004rq8iytxjpvtx8,Notos,Notos Δωροκάρτα – Δωροεπιταγή – eGift Card,department-stores,birthday,92,,semantic-category-v8:department-stores:birthday
SAFE,cmta1g537004rq8iytxjpvtx8,Notos,Notos Δωροκάρτα – Δωροεπιταγή – eGift Card,department-stores,christmas,92,,semantic-category-v8:department-stores:christmas
SAFE,cmta1g537004rq8iytxjpvtx8,Notos,Notos Δωροκάρτα – Δωροεπιταγή – eGift Card,department-stores,wedding,82,,semantic-category-v8:department-stores:wedding
SAFE,cmta1g537004rq8iytxjpvtx8,Notos,Notos Δωροκάρτα – Δωροεπιταγή – eGift Card,department-stores,just-because,82,,semantic-category-v8:department-stores:just-because
SAFE,cmta1g9lo004yq8iyerfuigi1,Evripidis,Δωροκάρτες Ευριπίδης,books,birthday,90,,semantic-category-v8:books:birthday
SAFE,cmta1g9lo004yq8iyerfuigi1,Evripidis,Δωροκάρτες Ευριπίδης,books,christmas,90,,semantic-category-v8:books:christmas
SAFE,cmta1g9lo004yq8iyerfuigi1,Evripidis,Δωροκάρτες Ευριπίδης,books,thank-you,82,,semantic-category-v8:books:thank-you
SAFE,cmta1gaap0050q8iy7unbnpt4,Dwrokartes,Public Δωροκάρτα Δωροεπιταγή eGift Card ~ Dwrokartes.gr,marketplaces,birthday,90,,semantic-category-v8:marketplaces:birthday
SAFE,cmta1gaap0050q8iy7unbnpt4,Dwrokartes,Public Δωροκάρτα Δωροεπιταγή eGift Card ~ Dwrokartes.gr,marketplaces,christmas,90,,semantic-category-v8:marketplaces:christmas
SAFE,cmta1gaap0050q8iy7unbnpt4,Dwrokartes,Public Δωροκάρτα Δωροεπιταγή eGift Card ~ Dwrokartes.gr,marketplaces,just-because,82,,semantic-category-v8:marketplaces:just-because
SAFE,cmta1garh0052q8iytx24khbj,Kikocosmetics,ΔΩΡΟΚΑΡΤΑ KIKO,beauty,birthday,92,,semantic-category-v8:beauty:birthday
SAFE,cmta1garh0052q8iytx24khbj,Kikocosmetics,ΔΩΡΟΚΑΡΤΑ KIKO,beauty,christmas,86,,semantic-category-v8:beauty:christmas
SAFE,cmta1garh0052q8iytx24khbj,Kikocosmetics,ΔΩΡΟΚΑΡΤΑ KIKO,beauty,mothers-day,82,,semantic-category-v8:beauty:mothers-day
SAFE,cmta1garh0052q8iytx24khbj,Kikocosmetics,ΔΩΡΟΚΑΡΤΑ KIKO,beauty,just-because,78,,semantic-category-v8:beauty:just-because
SAFE,cmta1gb8s0054q8iyvvktnacz,Efantasy,eFantasy e-Gift Card,gaming,birthday,96,,semantic-category-v8:gaming:birthday
SAFE,cmta1gb8s0054q8iyvvktnacz,Efantasy,eFantasy e-Gift Card,gaming,christmas,94,,semantic-category-v8:gaming:christmas
SAFE,cmta1gb8s0054q8iyvvktnacz,Efantasy,eFantasy e-Gift Card,gaming,just-because,80,,semantic-category-v8:gaming:just-because
SAFE,cmta1gbo80056q8iy0413x1yf,Hallofbrands,Αγοράστε μία Δωροκάρτα,fashion,birthday,92,,semantic-category-v8:fashion:birthday
SAFE,cmta1gbo80056q8iy0413x1yf,Hallofbrands,Αγοράστε μία Δωροκάρτα,fashion,christmas,86,,semantic-category-v8:fashion:christmas
SAFE,cmta1gbo80056q8iy0413x1yf,Hallofbrands,Αγοράστε μία Δωροκάρτα,fashion,just-because,78,,semantic-category-v8:fashion:just-because
SAFE,cmta1gc2m0058q8iy9d125vrk,Beautycityspa,e-GIFT CARD beauty city spa,spa-wellness,birthday,92,,semantic-category-v8:spa-wellness:birthday
SAFE,cmta1gc2m0058q8iy9d125vrk,Beautycityspa,e-GIFT CARD beauty city spa,spa-wellness,anniversary,90,,semantic-category-v8:spa-wellness:anniversary
SAFE,cmta1gc2m0058q8iy9d125vrk,Beautycityspa,e-GIFT CARD beauty city spa,spa-wellness,valentines,88,,semantic-category-v8:spa-wellness:valentines
SAFE,cmta1gc2m0058q8iy9d125vrk,Beautycityspa,e-GIFT CARD beauty city spa,spa-wellness,mothers-day,86,,semantic-category-v8:spa-wellness:mothers-day
SAFE,cmta1gc2m0058q8iy9d125vrk,Beautycityspa,e-GIFT CARD beauty city spa,spa-wellness,fathers-day,82,,semantic-category-v8:spa-wellness:fathers-day
SAFE,cmta1gcvt005cq8iymlkozc4h,Feelmadness,"Gift Card | Αθλητικά Ρούχα, Παπούτσια & Αξεσουάρ",sports,birthday,92,,semantic-category-v8:sports:birthday
SAFE,cmta1gcvt005cq8iymlkozc4h,Feelmadness,"Gift Card | Αθλητικά Ρούχα, Παπούτσια & Αξεσουάρ",sports,christmas,86,,semantic-category-v8:sports:christmas
SAFE,cmta1gcvt005cq8iymlkozc4h,Feelmadness,"Gift Card | Αθλητικά Ρούχα, Παπούτσια & Αξεσουάρ",sports,just-because,76,,semantic-category-v8:sports:just-because
SAFE,cmta1gdq0005gq8iy5lwv997i,Kanellopoulos,E-Gift Card - ΚΑΝΕΛΛΟΠΟΥΛΟΣ DEPARTMENT STORES,department-stores,birthday,92,,semantic-category-v8:department-stores:birthday
SAFE,cmta1gdq0005gq8iy5lwv997i,Kanellopoulos,E-Gift Card - ΚΑΝΕΛΛΟΠΟΥΛΟΣ DEPARTMENT STORES,department-stores,christmas,92,,semantic-category-v8:department-stores:christmas
SAFE,cmta1gdq0005gq8iy5lwv997i,Kanellopoulos,E-Gift Card - ΚΑΝΕΛΛΟΠΟΥΛΟΣ DEPARTMENT STORES,department-stores,wedding,82,,semantic-category-v8:department-stores:wedding
SAFE,cmta1gdq0005gq8iy5lwv997i,Kanellopoulos,E-Gift Card - ΚΑΝΕΛΛΟΠΟΥΛΟΣ DEPARTMENT STORES,department-stores,just-because,82,,semantic-category-v8:department-stores:just-because
SAFE,cmta1ge4e005iq8iyf5nfwirz,Metaixmio,Αγορά Δωροκάρτας,books,birthday,90,,semantic-category-v8:books:birthday
SAFE,cmta1ge4e005iq8iyf5nfwirz,Metaixmio,Αγορά Δωροκάρτας,books,christmas,90,,semantic-category-v8:books:christmas
SAFE,cmta1ge4e005iq8iyf5nfwirz,Metaixmio,Αγορά Δωροκάρτας,books,thank-you,82,,semantic-category-v8:books:thank-you
SAFE,cmta1gehv005kq8iy5t425hrk,Politikos Shop,Δωροκαρτα - Politikos,fashion,birthday,92,,semantic-category-v8:fashion:birthday
SAFE,cmta1gehv005kq8iy5t425hrk,Politikos Shop,Δωροκαρτα - Politikos,fashion,christmas,86,,semantic-category-v8:fashion:christmas
SAFE,cmta1gehv005kq8iy5t425hrk,Politikos Shop,Δωροκαρτα - Politikos,fashion,just-because,78,,semantic-category-v8:fashion:just-because
SAFE,cmta1gevc005mq8iyxrwj93a7,Regalinas,Ηλεκτρονική Δωροκάρτα,fashion,birthday,92,,semantic-category-v8:fashion:birthday
SAFE,cmta1gevc005mq8iyxrwj93a7,Regalinas,Ηλεκτρονική Δωροκάρτα,fashion,christmas,86,,semantic-category-v8:fashion:christmas
SAFE,cmta1gevc005mq8iyxrwj93a7,Regalinas,Ηλεκτρονική Δωροκάρτα,fashion,just-because,78,,semantic-category-v8:fashion:just-because
SAFE,cmta1gf8z005oq8iyou6f59fe,Thescentlab,E-Gift Card,beauty,birthday,92,,semantic-category-v8:beauty:birthday
SAFE,cmta1gf8z005oq8iyou6f59fe,Thescentlab,E-Gift Card,beauty,christmas,86,,semantic-category-v8:beauty:christmas
SAFE,cmta1gf8z005oq8iyou6f59fe,Thescentlab,E-Gift Card,beauty,mothers-day,82,,semantic-category-v8:beauty:mothers-day
SAFE,cmta1gf8z005oq8iyou6f59fe,Thescentlab,E-Gift Card,beauty,just-because,78,,semantic-category-v8:beauty:just-because
SAFE,cmta1gfp7005qq8iy4ubn73rd,Zumbashop,Gift Card - Δωροκάρτα,sports,birthday,92,,semantic-category-v8:sports:birthday
SAFE,cmta1gfp7005qq8iy4ubn73rd,Zumbashop,Gift Card - Δωροκάρτα,sports,christmas,86,,semantic-category-v8:sports:christmas
SAFE,cmta1gfp7005qq8iy4ubn73rd,Zumbashop,Gift Card - Δωροκάρτα,sports,just-because,76,,semantic-category-v8:sports:just-because
SAFE,cmta1gg4h005sq8iyehntb76m,Agathou,Agathou Beauty & Spa Δωροεπιταγή 70€,spa-wellness,birthday,92,,semantic-category-v8:spa-wellness:birthday
SAFE,cmta1gg4h005sq8iyehntb76m,Agathou,Agathou Beauty & Spa Δωροεπιταγή 70€,spa-wellness,anniversary,90,,semantic-category-v8:spa-wellness:anniversary
SAFE,cmta1gg4h005sq8iyehntb76m,Agathou,Agathou Beauty & Spa Δωροεπιταγή 70€,spa-wellness,valentines,88,,semantic-category-v8:spa-wellness:valentines
SAFE,cmta1gg4h005sq8iyehntb76m,Agathou,Agathou Beauty & Spa Δωροεπιταγή 70€,spa-wellness,mothers-day,86,,semantic-category-v8:spa-wellness:mothers-day
SAFE,cmta1gg4h005sq8iyehntb76m,Agathou,Agathou Beauty & Spa Δωροεπιταγή 70€,spa-wellness,fathers-day,82,,semantic-category-v8:spa-wellness:fathers-day
SAFE,cmta1ggzv005wq8iycyfz8c2j,Antonella,Antonella Gift Card,fashion,birthday,92,,semantic-category-v8:fashion:birthday
SAFE,cmta1ggzv005wq8iycyfz8c2j,Antonella,Antonella Gift Card,fashion,christmas,86,,semantic-category-v8:fashion:christmas
SAFE,cmta1ggzv005wq8iycyfz8c2j,Antonella,Antonella Gift Card,fashion,just-because,78,,semantic-category-v8:fashion:just-because
SAFE,cmta1ghdm005yq8iy044r8ucx,Artmie,Δωροεπιταγή ARTMiE - Το ιδανικό δώρο για κάθε καλλιτέχνη,arts-crafts,birthday,90,,semantic-category-v8:arts-crafts:birthday
SAFE,cmta1ghdm005yq8iy044r8ucx,Artmie,Δωροεπιταγή ARTMiE - Το ιδανικό δώρο για κάθε καλλιτέχνη,arts-crafts,christmas,86,,semantic-category-v8:arts-crafts:christmas
SAFE,cmta1ghdm005yq8iy044r8ucx,Artmie,Δωροεπιταγή ARTMiE - Το ιδανικό δώρο για κάθε καλλιτέχνη,arts-crafts,just-because,78,,semantic-category-v8:arts-crafts:just-because
SAFE,cmta1gi8v0060q8iyfp9c7xcp,Atenea,eGift Card - Atenea,beauty,birthday,92,,semantic-category-v8:beauty:birthday
SAFE,cmta1gi8v0060q8iyfp9c7xcp,Atenea,eGift Card - Atenea,beauty,christmas,86,,semantic-category-v8:beauty:christmas
SAFE,cmta1gi8v0060q8iyfp9c7xcp,Atenea,eGift Card - Atenea,beauty,mothers-day,82,,semantic-category-v8:beauty:mothers-day
SAFE,cmta1gi8v0060q8iyfp9c7xcp,Atenea,eGift Card - Atenea,beauty,just-because,78,,semantic-category-v8:beauty:just-because
SAFE,cmta1gio30062q8iyus08qyu9,Beautyandnails,Δωροκάρτα | E-Gift Card,beauty,birthday,92,,semantic-category-v8:beauty:birthday
SAFE,cmta1gio30062q8iyus08qyu9,Beautyandnails,Δωροκάρτα | E-Gift Card,beauty,christmas,86,,semantic-category-v8:beauty:christmas
SAFE,cmta1gio30062q8iyus08qyu9,Beautyandnails,Δωροκάρτα | E-Gift Card,beauty,mothers-day,82,,semantic-category-v8:beauty:mothers-day
SAFE,cmta1gio30062q8iyus08qyu9,Beautyandnails,Δωροκάρτα | E-Gift Card,beauty,just-because,78,,semantic-category-v8:beauty:just-because
SAFE,cmta1gjmw0064q8iyp4k4wngo,Coronadifiori,Gift Card white,home,wedding,88,,semantic-category-v8:home:wedding
SAFE,cmta1gjmw0064q8iyp4k4wngo,Coronadifiori,Gift Card white,home,christmas,84,,semantic-category-v8:home:christmas
SAFE,cmta1gjmw0064q8iyp4k4wngo,Coronadifiori,Gift Card white,home,just-because,76,,semantic-category-v8:home:just-because
SAFE,cmta1glhk0068q8iybstkemvl,Drumstore,Αγοράστε μία Δωροεπιταγή,music,birthday,92,,semantic-category-v8:music:birthday
SAFE,cmta1glhk0068q8iybstkemvl,Drumstore,Αγοράστε μία Δωροεπιταγή,music,christmas,88,,semantic-category-v8:music:christmas
SAFE,cmta1glhk0068q8iybstkemvl,Drumstore,Αγοράστε μία Δωροεπιταγή,music,just-because,78,,semantic-category-v8:music:just-because
SAFE,cmta1gmek006cq8iydgmxqz91,Fotiadou Shop,Προσφορές: Δωροκάρτα,home,wedding,88,,semantic-category-v8:home:wedding
SAFE,cmta1gmek006cq8iydgmxqz91,Fotiadou Shop,Προσφορές: Δωροκάρτα,home,christmas,84,,semantic-category-v8:home:christmas
SAFE,cmta1gmek006cq8iydgmxqz91,Fotiadou Shop,Προσφορές: Δωροκάρτα,home,just-because,76,,semantic-category-v8:home:just-because
SAFE,cmta1gmvk006eq8iyr5aywy4s,Goldmall,ΔΩΡΟΕΠΙΤΑΓΗ για ​Γεύμα ή Δείπνο 2 Ατόμων μόλις με 10 ...,marketplaces,birthday,90,,semantic-category-v8:marketplaces:birthday
SAFE,cmta1gmvk006eq8iyr5aywy4s,Goldmall,ΔΩΡΟΕΠΙΤΑΓΗ για ​Γεύμα ή Δείπνο 2 Ατόμων μόλις με 10 ...,marketplaces,christmas,90,,semantic-category-v8:marketplaces:christmas
SAFE,cmta1gmvk006eq8iyr5aywy4s,Goldmall,ΔΩΡΟΕΠΙΤΑΓΗ για ​Γεύμα ή Δείπνο 2 Ατόμων μόλις με 10 ...,marketplaces,just-because,82,,semantic-category-v8:marketplaces:just-because
SAFE,cmta1gnu5006gq8iyfuwqha8l,Hammam,Giftcard - hammam,spa-wellness,birthday,92,,semantic-category-v8:spa-wellness:birthday
SAFE,cmta1gnu5006gq8iyfuwqha8l,Hammam,Giftcard - hammam,spa-wellness,anniversary,90,,semantic-category-v8:spa-wellness:anniversary
SAFE,cmta1gnu5006gq8iyfuwqha8l,Hammam,Giftcard - hammam,spa-wellness,valentines,88,,semantic-category-v8:spa-wellness:valentines
SAFE,cmta1gnu5006gq8iyfuwqha8l,Hammam,Giftcard - hammam,spa-wellness,mothers-day,86,,semantic-category-v8:spa-wellness:mothers-day
SAFE,cmta1gnu5006gq8iyfuwqha8l,Hammam,Giftcard - hammam,spa-wellness,fathers-day,82,,semantic-category-v8:spa-wellness:fathers-day
SAFE,cmta1gobu006iq8iyfzj8w8k8,Heelshop,e-Gift card - Shop - Organic Cotton fashion,fashion,birthday,92,,semantic-category-v8:fashion:birthday
SAFE,cmta1gobu006iq8iyfzj8w8k8,Heelshop,e-Gift card - Shop - Organic Cotton fashion,fashion,christmas,86,,semantic-category-v8:fashion:christmas
SAFE,cmta1gobu006iq8iyfzj8w8k8,Heelshop,e-Gift card - Shop - Organic Cotton fashion,fashion,just-because,78,,semantic-category-v8:fashion:just-because
SAFE,cmta1gotq006kq8iy4w2ujlz6,Intersport,ΙNTERSPORT e-Gift Card!,sports,birthday,92,,semantic-category-v8:sports:birthday
SAFE,cmta1gotq006kq8iy4w2ujlz6,Intersport,ΙNTERSPORT e-Gift Card!,sports,christmas,86,,semantic-category-v8:sports:christmas
SAFE,cmta1gotq006kq8iy4w2ujlz6,Intersport,ΙNTERSPORT e-Gift Card!,sports,just-because,76,,semantic-category-v8:sports:just-because
SAFE,cmta1gpbv006mq8iyibjbd4ff,Kaktos,ΔΩΡΟΚΑΡΤΑ,books,birthday,90,,semantic-category-v8:books:birthday
SAFE,cmta1gpbv006mq8iyibjbd4ff,Kaktos,ΔΩΡΟΚΑΡΤΑ,books,christmas,90,,semantic-category-v8:books:christmas
SAFE,cmta1gpbv006mq8iyibjbd4ff,Kaktos,ΔΩΡΟΚΑΡΤΑ,books,thank-you,82,,semantic-category-v8:books:thank-you
SAFE,cmta1gpu8006oq8iygdj4ivp4,Kasparianjewels,Δωροκάρτα των καταστημάτων μας σε ότι θέλετε!,jewelry-watches,birthday,94,,semantic-category-v8:jewelry-watches:birthday
SAFE,cmta1gpu8006oq8iygdj4ivp4,Kasparianjewels,Δωροκάρτα των καταστημάτων μας σε ότι θέλετε!,jewelry-watches,anniversary,94,,semantic-category-v8:jewelry-watches:anniversary
SAFE,cmta1gpu8006oq8iygdj4ivp4,Kasparianjewels,Δωροκάρτα των καταστημάτων μας σε ότι θέλετε!,jewelry-watches,wedding,88,,semantic-category-v8:jewelry-watches:wedding
SAFE,cmta1gpu8006oq8iygdj4ivp4,Kasparianjewels,Δωροκάρτα των καταστημάτων μας σε ότι θέλετε!,jewelry-watches,valentines,92,,semantic-category-v8:jewelry-watches:valentines
SAFE,cmta1gpu8006oq8iygdj4ivp4,Kasparianjewels,Δωροκάρτα των καταστημάτων μας σε ότι θέλετε!,jewelry-watches,christmas,88,,semantic-category-v8:jewelry-watches:christmas
SAFE,cmta1gqc2006qq8iyv2lcifad,Keriland,Δωροκάρτα,arts-crafts,birthday,90,,semantic-category-v8:arts-crafts:birthday
SAFE,cmta1gqc2006qq8iyv2lcifad,Keriland,Δωροκάρτα,arts-crafts,christmas,86,,semantic-category-v8:arts-crafts:christmas
SAFE,cmta1gqc2006qq8iyv2lcifad,Keriland,Δωροκάρτα,arts-crafts,just-because,78,,semantic-category-v8:arts-crafts:just-because
SAFE,cmta1gqtw006sq8iypocjrxc8,Kosmima24,ΔΩΡΟΚΑΡΤΑ,jewelry-watches,birthday,94,,semantic-category-v8:jewelry-watches:birthday
SAFE,cmta1gqtw006sq8iypocjrxc8,Kosmima24,ΔΩΡΟΚΑΡΤΑ,jewelry-watches,anniversary,94,,semantic-category-v8:jewelry-watches:anniversary
SAFE,cmta1gqtw006sq8iypocjrxc8,Kosmima24,ΔΩΡΟΚΑΡΤΑ,jewelry-watches,wedding,88,,semantic-category-v8:jewelry-watches:wedding
SAFE,cmta1gqtw006sq8iypocjrxc8,Kosmima24,ΔΩΡΟΚΑΡΤΑ,jewelry-watches,valentines,92,,semantic-category-v8:jewelry-watches:valentines
SAFE,cmta1gqtw006sq8iypocjrxc8,Kosmima24,ΔΩΡΟΚΑΡΤΑ,jewelry-watches,christmas,88,,semantic-category-v8:jewelry-watches:christmas
SAFE,cmta1grv5006uq8iye4j038gk,Laloo,Laloo Gift Card 30€,beauty,birthday,92,,semantic-category-v8:beauty:birthday
SAFE,cmta1grv5006uq8iye4j038gk,Laloo,Laloo Gift Card 30€,beauty,christmas,86,,semantic-category-v8:beauty:christmas
SAFE,cmta1grv5006uq8iye4j038gk,Laloo,Laloo Gift Card 30€,beauty,mothers-day,82,,semantic-category-v8:beauty:mothers-day
SAFE,cmta1grv5006uq8iye4j038gk,Laloo,Laloo Gift Card 30€,beauty,just-because,78,,semantic-category-v8:beauty:just-because
SAFE,cmta1gsbd006wq8iy8x59y1jr,Maniashome,Maniashome Δωροεπιταγή 20€,home,wedding,88,,semantic-category-v8:home:wedding
SAFE,cmta1gsbd006wq8iy8x59y1jr,Maniashome,Maniashome Δωροεπιταγή 20€,home,christmas,84,,semantic-category-v8:home:christmas
SAFE,cmta1gsbd006wq8iy8x59y1jr,Maniashome,Maniashome Δωροεπιταγή 20€,home,just-because,76,,semantic-category-v8:home:just-because
SAFE,cmta1gsuy006yq8iydlau7di6,Marandmarjewelry,Δωροκάρτα Mar and Mar,jewelry-watches,birthday,94,,semantic-category-v8:jewelry-watches:birthday
SAFE,cmta1gsuy006yq8iydlau7di6,Marandmarjewelry,Δωροκάρτα Mar and Mar,jewelry-watches,anniversary,94,,semantic-category-v8:jewelry-watches:anniversary
SAFE,cmta1gsuy006yq8iydlau7di6,Marandmarjewelry,Δωροκάρτα Mar and Mar,jewelry-watches,wedding,88,,semantic-category-v8:jewelry-watches:wedding
SAFE,cmta1gsuy006yq8iydlau7di6,Marandmarjewelry,Δωροκάρτα Mar and Mar,jewelry-watches,valentines,92,,semantic-category-v8:jewelry-watches:valentines
SAFE,cmta1gsuy006yq8iydlau7di6,Marandmarjewelry,Δωροκάρτα Mar and Mar,jewelry-watches,christmas,88,,semantic-category-v8:jewelry-watches:christmas
SAFE,cmta1gtah0070q8iyt4xx9ou3,Marilynboutique,Δωροκάρτα,fashion,birthday,92,,semantic-category-v8:fashion:birthday
SAFE,cmta1gtah0070q8iyt4xx9ou3,Marilynboutique,Δωροκάρτα,fashion,christmas,86,,semantic-category-v8:fashion:christmas
SAFE,cmta1gtah0070q8iyt4xx9ou3,Marilynboutique,Δωροκάρτα,fashion,just-because,78,,semantic-category-v8:fashion:just-because
SAFE,cmta1gtqd0072q8iy9bkyec52,My Massage,ΔΩΡΟΚΑΡΤΑ,spa-wellness,birthday,92,,semantic-category-v8:spa-wellness:birthday
SAFE,cmta1gtqd0072q8iy9bkyec52,My Massage,ΔΩΡΟΚΑΡΤΑ,spa-wellness,anniversary,90,,semantic-category-v8:spa-wellness:anniversary
SAFE,cmta1gtqd0072q8iy9bkyec52,My Massage,ΔΩΡΟΚΑΡΤΑ,spa-wellness,valentines,88,,semantic-category-v8:spa-wellness:valentines
SAFE,cmta1gtqd0072q8iy9bkyec52,My Massage,ΔΩΡΟΚΑΡΤΑ,spa-wellness,mothers-day,86,,semantic-category-v8:spa-wellness:mothers-day
SAFE,cmta1gtqd0072q8iy9bkyec52,My Massage,ΔΩΡΟΚΑΡΤΑ,spa-wellness,fathers-day,82,,semantic-category-v8:spa-wellness:fathers-day
SAFE,cmta1gu640074q8iyaanq8e4u,Paokfc,Gift Card 100 - PAOK Store,sports,birthday,92,,semantic-category-v8:sports:birthday
SAFE,cmta1gu640074q8iyaanq8e4u,Paokfc,Gift Card 100 - PAOK Store,sports,christmas,86,,semantic-category-v8:sports:christmas
SAFE,cmta1gu640074q8iyaanq8e4u,Paokfc,Gift Card 100 - PAOK Store,sports,just-because,76,,semantic-category-v8:sports:just-because
SAFE,cmta1guky0076q8iyyrgj7o17,Petradi,Όροι χρήσης δωροκάρτας,jewelry-watches,birthday,94,,semantic-category-v8:jewelry-watches:birthday
SAFE,cmta1guky0076q8iyyrgj7o17,Petradi,Όροι χρήσης δωροκάρτας,jewelry-watches,anniversary,94,,semantic-category-v8:jewelry-watches:anniversary
SAFE,cmta1guky0076q8iyyrgj7o17,Petradi,Όροι χρήσης δωροκάρτας,jewelry-watches,wedding,88,,semantic-category-v8:jewelry-watches:wedding
SAFE,cmta1guky0076q8iyyrgj7o17,Petradi,Όροι χρήσης δωροκάρτας,jewelry-watches,valentines,92,,semantic-category-v8:jewelry-watches:valentines
SAFE,cmta1guky0076q8iyyrgj7o17,Petradi,Όροι χρήσης δωροκάρτας,jewelry-watches,christmas,88,,semantic-category-v8:jewelry-watches:christmas
SAFE,cmta1gvbd0078q8iyfrpuq3og,Phoskitchenware,Phos Kitchenware Gift Card,home,wedding,88,,semantic-category-v8:home:wedding
SAFE,cmta1gvbd0078q8iyfrpuq3og,Phoskitchenware,Phos Kitchenware Gift Card,home,christmas,84,,semantic-category-v8:home:christmas
SAFE,cmta1gvbd0078q8iyfrpuq3og,Phoskitchenware,Phos Kitchenware Gift Card,home,just-because,76,,semantic-category-v8:home:just-because
SAFE,cmta1gwny007cq8iygaqc9ecz,Polis Hammam,Δωροκάρτες – Polis Hammam,spa-wellness,birthday,92,,semantic-category-v8:spa-wellness:birthday
SAFE,cmta1gwny007cq8iygaqc9ecz,Polis Hammam,Δωροκάρτες – Polis Hammam,spa-wellness,anniversary,90,,semantic-category-v8:spa-wellness:anniversary
SAFE,cmta1gwny007cq8iygaqc9ecz,Polis Hammam,Δωροκάρτες – Polis Hammam,spa-wellness,valentines,88,,semantic-category-v8:spa-wellness:valentines
SAFE,cmta1gwny007cq8iygaqc9ecz,Polis Hammam,Δωροκάρτες – Polis Hammam,spa-wellness,mothers-day,86,,semantic-category-v8:spa-wellness:mothers-day
SAFE,cmta1gwny007cq8iygaqc9ecz,Polis Hammam,Δωροκάρτες – Polis Hammam,spa-wellness,fathers-day,82,,semantic-category-v8:spa-wellness:fathers-day
SAFE,cmta1gx4n007eq8iyvpk85t6j,Sfsonline,Ηλεκτρονική Δωροκάρτα SFS Online,fashion,birthday,92,,semantic-category-v8:fashion:birthday
SAFE,cmta1gx4n007eq8iyvpk85t6j,Sfsonline,Ηλεκτρονική Δωροκάρτα SFS Online,fashion,christmas,86,,semantic-category-v8:fashion:christmas
SAFE,cmta1gx4n007eq8iyvpk85t6j,Sfsonline,Ηλεκτρονική Δωροκάρτα SFS Online,fashion,just-because,78,,semantic-category-v8:fashion:just-because
SAFE,cmta1gxm7007gq8iycl9elv83,Sportcafe,eGift Card - SportCafe,sports,birthday,92,,semantic-category-v8:sports:birthday
SAFE,cmta1gxm7007gq8iycl9elv83,Sportcafe,eGift Card - SportCafe,sports,christmas,86,,semantic-category-v8:sports:christmas
SAFE,cmta1gxm7007gq8iycl9elv83,Sportcafe,eGift Card - SportCafe,sports,just-because,76,,semantic-category-v8:sports:just-because
SAFE,cmta1gy2c007iq8iysz2lc12v,Toys Shop,Toys-shop Choice Egift Card 10 TSGC10,kids-baby,birthday,94,,semantic-category-v8:kids-baby:birthday
SAFE,cmta1gy2c007iq8iysz2lc12v,Toys Shop,Toys-shop Choice Egift Card 10 TSGC10,kids-baby,for-kids,96,,semantic-category-v8:kids-baby:for-kids
SAFE,cmta1gy2c007iq8iysz2lc12v,Toys Shop,Toys-shop Choice Egift Card 10 TSGC10,kids-baby,christmas,90,,semantic-category-v8:kids-baby:christmas
SAFE,cmta1gyhu007kq8iyogz7y232,Trouvaille,Ψηφιακή Δωροκάρτα - Gift Card,jewelry-watches,birthday,94,,semantic-category-v8:jewelry-watches:birthday
SAFE,cmta1gyhu007kq8iyogz7y232,Trouvaille,Ψηφιακή Δωροκάρτα - Gift Card,jewelry-watches,anniversary,94,,semantic-category-v8:jewelry-watches:anniversary
SAFE,cmta1gyhu007kq8iyogz7y232,Trouvaille,Ψηφιακή Δωροκάρτα - Gift Card,jewelry-watches,wedding,88,,semantic-category-v8:jewelry-watches:wedding
SAFE,cmta1gyhu007kq8iyogz7y232,Trouvaille,Ψηφιακή Δωροκάρτα - Gift Card,jewelry-watches,valentines,92,,semantic-category-v8:jewelry-watches:valentines
SAFE,cmta1gyhu007kq8iyogz7y232,Trouvaille,Ψηφιακή Δωροκάρτα - Gift Card,jewelry-watches,christmas,88,,semantic-category-v8:jewelry-watches:christmas
SAFE,cmta1gyxm007mq8iyl6nv8nzg,Tsakirismallas,Gift card - Δωροκαρτα,fashion,birthday,92,,semantic-category-v8:fashion:birthday
SAFE,cmta1gyxm007mq8iyl6nv8nzg,Tsakirismallas,Gift card - Δωροκαρτα,fashion,christmas,86,,semantic-category-v8:fashion:christmas
SAFE,cmta1gyxm007mq8iyl6nv8nzg,Tsakirismallas,Gift card - Δωροκαρτα,fashion,just-because,78,,semantic-category-v8:fashion:just-because
SAFE,cmta1gzur007qq8iy50tthpsi,Tuasolea,Δωροκάρτα με αξία της επιλογής σας,fashion,birthday,92,,semantic-category-v8:fashion:birthday
SAFE,cmta1gzur007qq8iy50tthpsi,Tuasolea,Δωροκάρτα με αξία της επιλογής σας,fashion,christmas,86,,semantic-category-v8:fashion:christmas
SAFE,cmta1gzur007qq8iy50tthpsi,Tuasolea,Δωροκάρτα με αξία της επιλογής σας,fashion,just-because,78,,semantic-category-v8:fashion:just-because
SAFE,cmta1h0ab007sq8iyxev6cx5s,Undergroundshop,GIFTCARD 10 EURO GIFTCARD_1,fashion,birthday,92,,semantic-category-v8:fashion:birthday
SAFE,cmta1h0ab007sq8iyxev6cx5s,Undergroundshop,GIFTCARD 10 EURO GIFTCARD_1,fashion,christmas,86,,semantic-category-v8:fashion:christmas
SAFE,cmta1h0ab007sq8iyxev6cx5s,Undergroundshop,GIFTCARD 10 EURO GIFTCARD_1,fashion,just-because,78,,semantic-category-v8:fashion:just-because
SAFE,cmta1h0r0007uq8iy8t2mh0jo,Vivliopoleiopataki,Vivliopoleiopataki Gift Card,books,birthday,90,,semantic-category-v8:books:birthday
SAFE,cmta1h0r0007uq8iy8t2mh0jo,Vivliopoleiopataki,Vivliopoleiopataki Gift Card,books,christmas,90,,semantic-category-v8:books:christmas
SAFE,cmta1h0r0007uq8iy8t2mh0jo,Vivliopoleiopataki,Vivliopoleiopataki Gift Card,books,thank-you,82,,semantic-category-v8:books:thank-you
SAFE,cmta1h15e007wq8iyfu0wll7s,Websupplies,GIFTCARD | Websupplies.gr,technology,birthday,92,,semantic-category-v8:technology:birthday
SAFE,cmta1h15e007wq8iyfu0wll7s,Websupplies,GIFTCARD | Websupplies.gr,technology,christmas,90,,semantic-category-v8:technology:christmas
SAFE,cmta1h15e007wq8iyfu0wll7s,Websupplies,GIFTCARD | Websupplies.gr,technology,just-because,76,,semantic-category-v8:technology:just-because
SAFE,cmta1h1jb007yq8iyaodysa7z,Xryseio,Gift Card - Δωροκάρτα,jewelry-watches,birthday,94,,semantic-category-v8:jewelry-watches:birthday
SAFE,cmta1h1jb007yq8iyaodysa7z,Xryseio,Gift Card - Δωροκάρτα,jewelry-watches,anniversary,94,,semantic-category-v8:jewelry-watches:anniversary
SAFE,cmta1h1jb007yq8iyaodysa7z,Xryseio,Gift Card - Δωροκάρτα,jewelry-watches,wedding,88,,semantic-category-v8:jewelry-watches:wedding
SAFE,cmta1h1jb007yq8iyaodysa7z,Xryseio,Gift Card - Δωροκάρτα,jewelry-watches,valentines,92,,semantic-category-v8:jewelry-watches:valentines
SAFE,cmta1h1jb007yq8iyaodysa7z,Xryseio,Gift Card - Δωροκάρτα,jewelry-watches,christmas,88,,semantic-category-v8:jewelry-watches:christmas
SAFE,cmta1h21j0080q8iy2mxlo3y6,Xxlove,GIFTCARD - XXLove,fashion,birthday,92,,semantic-category-v8:fashion:birthday
SAFE,cmta1h21j0080q8iy2mxlo3y6,Xxlove,GIFTCARD - XXLove,fashion,christmas,86,,semantic-category-v8:fashion:christmas
SAFE,cmta1h21j0080q8iy2mxlo3y6,Xxlove,GIFTCARD - XXLove,fashion,just-because,78,,semantic-category-v8:fashion:just-because
SAFE,cmta1h2l50082q8iycs4ql642,Zalando,Λατρεyω Το Στιλ Σου - Zalando Δωροκάρτα,fashion,birthday,92,,semantic-category-v8:fashion:birthday
SAFE,cmta1h2l50082q8iycs4ql642,Zalando,Λατρεyω Το Στιλ Σου - Zalando Δωροκάρτα,fashion,christmas,86,,semantic-category-v8:fashion:christmas
SAFE,cmta1h2l50082q8iycs4ql642,Zalando,Λατρεyω Το Στιλ Σου - Zalando Δωροκάρτα,fashion,just-because,78,,semantic-category-v8:fashion:just-because
SAFE,cmta1h3ld0084q8iyv47alh4s,4seasons Beauty Institute,Δωροκάρτα - Χαλκίδα,beauty,birthday,92,,semantic-category-v8:beauty:birthday
SAFE,cmta1h3ld0084q8iyv47alh4s,4seasons Beauty Institute,Δωροκάρτα - Χαλκίδα,beauty,christmas,86,,semantic-category-v8:beauty:christmas
SAFE,cmta1h3ld0084q8iyv47alh4s,4seasons Beauty Institute,Δωροκάρτα - Χαλκίδα,beauty,mothers-day,82,,semantic-category-v8:beauty:mothers-day
SAFE,cmta1h3ld0084q8iyv47alh4s,4seasons Beauty Institute,Δωροκάρτα - Χαλκίδα,beauty,just-because,78,,semantic-category-v8:beauty:just-because
SAFE,cmta1h4240086q8iyy52pw87m,Active Fashion,Active Fashion Gift Card,fashion,birthday,92,,semantic-category-v8:fashion:birthday
SAFE,cmta1h4240086q8iyy52pw87m,Active Fashion,Active Fashion Gift Card,fashion,christmas,86,,semantic-category-v8:fashion:christmas
SAFE,cmta1h4240086q8iyy52pw87m,Active Fashion,Active Fashion Gift Card,fashion,just-because,78,,semantic-category-v8:fashion:just-because
SAFE,cmta1h66q0088q8iylx3c16x3,Adore Beauty,Adore Beauty Gift Card,beauty,birthday,92,,semantic-category-v8:beauty:birthday
SAFE,cmta1h66q0088q8iylx3c16x3,Adore Beauty,Adore Beauty Gift Card,beauty,christmas,86,,semantic-category-v8:beauty:christmas
SAFE,cmta1h66q0088q8iylx3c16x3,Adore Beauty,Adore Beauty Gift Card,beauty,mothers-day,82,,semantic-category-v8:beauty:mothers-day
SAFE,cmta1h66q0088q8iylx3c16x3,Adore Beauty,Adore Beauty Gift Card,beauty,just-because,78,,semantic-category-v8:beauty:just-because
SAFE,cmta1h8iz008aq8iyiv9p9gbg,Aggouris,Giftcard - Ιεροραφείο Αγγούρη,fashion,birthday,92,,semantic-category-v8:fashion:birthday
SAFE,cmta1h8iz008aq8iyiv9p9gbg,Aggouris,Giftcard - Ιεροραφείο Αγγούρη,fashion,christmas,86,,semantic-category-v8:fashion:christmas
SAFE,cmta1h8iz008aq8iyiv9p9gbg,Aggouris,Giftcard - Ιεροραφείο Αγγούρη,fashion,just-because,78,,semantic-category-v8:fashion:just-because
SAFE,cmta1h9hs008cq8iygekf2u6w,Alhammam,Δωροκάρτα,spa-wellness,birthday,92,,semantic-category-v8:spa-wellness:birthday
SAFE,cmta1h9hs008cq8iygekf2u6w,Alhammam,Δωροκάρτα,spa-wellness,anniversary,90,,semantic-category-v8:spa-wellness:anniversary
SAFE,cmta1h9hs008cq8iygekf2u6w,Alhammam,Δωροκάρτα,spa-wellness,valentines,88,,semantic-category-v8:spa-wellness:valentines
SAFE,cmta1h9hs008cq8iygekf2u6w,Alhammam,Δωροκάρτα,spa-wellness,mothers-day,86,,semantic-category-v8:spa-wellness:mothers-day
SAFE,cmta1h9hs008cq8iygekf2u6w,Alhammam,Δωροκάρτα,spa-wellness,fathers-day,82,,semantic-category-v8:spa-wellness:fathers-day
SAFE,cmta1ha1j008eq8iysd3rotam,Alohabeauty,Gift Card - Aloha Beauty,beauty,birthday,92,,semantic-category-v8:beauty:birthday
SAFE,cmta1ha1j008eq8iysd3rotam,Alohabeauty,Gift Card - Aloha Beauty,beauty,christmas,86,,semantic-category-v8:beauty:christmas
SAFE,cmta1ha1j008eq8iysd3rotam,Alohabeauty,Gift Card - Aloha Beauty,beauty,mothers-day,82,,semantic-category-v8:beauty:mothers-day
SAFE,cmta1ha1j008eq8iysd3rotam,Alohabeauty,Gift Card - Aloha Beauty,beauty,just-because,78,,semantic-category-v8:beauty:just-because
SAFE,cmta1hb5r008iq8iyqvjs32oy,Ammashop,GIFT CARD 100€ - ammashop,fashion,birthday,92,,semantic-category-v8:fashion:birthday
SAFE,cmta1hb5r008iq8iyqvjs32oy,Ammashop,GIFT CARD 100€ - ammashop,fashion,christmas,86,,semantic-category-v8:fashion:christmas
SAFE,cmta1hb5r008iq8iyqvjs32oy,Ammashop,GIFT CARD 100€ - ammashop,fashion,just-because,78,,semantic-category-v8:fashion:just-because
SAFE,cmta1he73008oq8iy2gnxwy4p,Antonellakids,Δωροκάρτα με τις δικές σας ευχές,kids-baby,birthday,94,,semantic-category-v8:kids-baby:birthday
SAFE,cmta1he73008oq8iy2gnxwy4p,Antonellakids,Δωροκάρτα με τις δικές σας ευχές,kids-baby,for-kids,96,,semantic-category-v8:kids-baby:for-kids
SAFE,cmta1he73008oq8iy2gnxwy4p,Antonellakids,Δωροκάρτα με τις δικές σας ευχές,kids-baby,christmas,90,,semantic-category-v8:kids-baby:christmas
SAFE,cmta1her3008qq8iyu3imsqb5,Anviacandles,ΔΩΡΟΚΑΡΤΑ,home,wedding,88,,semantic-category-v8:home:wedding
SAFE,cmta1her3008qq8iyu3imsqb5,Anviacandles,ΔΩΡΟΚΑΡΤΑ,home,christmas,84,,semantic-category-v8:home:christmas
SAFE,cmta1her3008qq8iyu3imsqb5,Anviacandles,ΔΩΡΟΚΑΡΤΑ,home,just-because,76,,semantic-category-v8:home:just-because
SAFE,cmta1hfcn008sq8iy6i2fe0bp,Artcolour,Artcolour Gift Card,arts-crafts,birthday,90,,semantic-category-v8:arts-crafts:birthday
SAFE,cmta1hfcn008sq8iy6i2fe0bp,Artcolour,Artcolour Gift Card,arts-crafts,christmas,86,,semantic-category-v8:arts-crafts:christmas
SAFE,cmta1hfcn008sq8iy6i2fe0bp,Artcolour,Artcolour Gift Card,arts-crafts,just-because,78,,semantic-category-v8:arts-crafts:just-because
SAFE,cmta1hfz2008uq8iykkf41lee,Athensmassagecenter,Δώρο Μασάζ - Δωροκάρτες,spa-wellness,birthday,92,,semantic-category-v8:spa-wellness:birthday
SAFE,cmta1hfz2008uq8iykkf41lee,Athensmassagecenter,Δώρο Μασάζ - Δωροκάρτες,spa-wellness,anniversary,90,,semantic-category-v8:spa-wellness:anniversary
SAFE,cmta1hfz2008uq8iykkf41lee,Athensmassagecenter,Δώρο Μασάζ - Δωροκάρτες,spa-wellness,valentines,88,,semantic-category-v8:spa-wellness:valentines
SAFE,cmta1hfz2008uq8iykkf41lee,Athensmassagecenter,Δώρο Μασάζ - Δωροκάρτες,spa-wellness,mothers-day,86,,semantic-category-v8:spa-wellness:mothers-day
SAFE,cmta1hfz2008uq8iykkf41lee,Athensmassagecenter,Δώρο Μασάζ - Δωροκάρτες,spa-wellness,fathers-day,82,,semantic-category-v8:spa-wellness:fathers-day
SAFE,cmta1hgn5008wq8iy1ksubp16,Avvento Shoes,Avvento Shoes Gift Card 50€,fashion,birthday,92,,semantic-category-v8:fashion:birthday
SAFE,cmta1hgn5008wq8iy1ksubp16,Avvento Shoes,Avvento Shoes Gift Card 50€,fashion,christmas,86,,semantic-category-v8:fashion:christmas
SAFE,cmta1hgn5008wq8iy1ksubp16,Avvento Shoes,Avvento Shoes Gift Card 50€,fashion,just-because,78,,semantic-category-v8:fashion:just-because
SAFE,cmta1hhpi0090q8iyoykewtm8,Batterypark,ΔΩΡΟΕΠΙΤΑΓΗ - batterypark.gr,technology,birthday,92,,semantic-category-v8:technology:birthday
SAFE,cmta1hhpi0090q8iyoykewtm8,Batterypark,ΔΩΡΟΕΠΙΤΑΓΗ - batterypark.gr,technology,christmas,90,,semantic-category-v8:technology:christmas
SAFE,cmta1hhpi0090q8iyoykewtm8,Batterypark,ΔΩΡΟΕΠΙΤΑΓΗ - batterypark.gr,technology,just-because,76,,semantic-category-v8:technology:just-because
SAFE,cmta1hiz30092q8iyqu6sq314,Bbq,BBQ.gr Δωροκάρτα,home,wedding,88,,semantic-category-v8:home:wedding
SAFE,cmta1hiz30092q8iyqu6sq314,Bbq,BBQ.gr Δωροκάρτα,home,christmas,84,,semantic-category-v8:home:christmas
SAFE,cmta1hiz30092q8iyqu6sq314,Bbq,BBQ.gr Δωροκάρτα,home,just-because,76,,semantic-category-v8:home:just-because
SAFE,cmta1hjk40094q8iyvworgly4,Beauty Case,Beauty Case Gift Card,beauty,birthday,92,,semantic-category-v8:beauty:birthday
SAFE,cmta1hjk40094q8iyvworgly4,Beauty Case,Beauty Case Gift Card,beauty,christmas,86,,semantic-category-v8:beauty:christmas
SAFE,cmta1hjk40094q8iyvworgly4,Beauty Case,Beauty Case Gift Card,beauty,mothers-day,82,,semantic-category-v8:beauty:mothers-day
SAFE,cmta1hjk40094q8iyvworgly4,Beauty Case,Beauty Case Gift Card,beauty,just-because,78,,semantic-category-v8:beauty:just-because
SAFE,cmta1hk2v0096q8iyp1g0rj8w,Beautybliss,GIFT CARD | BeautyBliss,beauty,birthday,92,,semantic-category-v8:beauty:birthday
SAFE,cmta1hk2v0096q8iyp1g0rj8w,Beautybliss,GIFT CARD | BeautyBliss,beauty,christmas,86,,semantic-category-v8:beauty:christmas
SAFE,cmta1hk2v0096q8iyp1g0rj8w,Beautybliss,GIFT CARD | BeautyBliss,beauty,mothers-day,82,,semantic-category-v8:beauty:mothers-day
SAFE,cmta1hk2v0096q8iyp1g0rj8w,Beautybliss,GIFT CARD | BeautyBliss,beauty,just-because,78,,semantic-category-v8:beauty:just-because
SAFE,cmta1hkhz0098q8iyjadmmr3n,Beautylink,Beautylink Gift Card,beauty,birthday,92,,semantic-category-v8:beauty:birthday
SAFE,cmta1hkhz0098q8iyjadmmr3n,Beautylink,Beautylink Gift Card,beauty,christmas,86,,semantic-category-v8:beauty:christmas
SAFE,cmta1hkhz0098q8iyjadmmr3n,Beautylink,Beautylink Gift Card,beauty,mothers-day,82,,semantic-category-v8:beauty:mothers-day
SAFE,cmta1hkhz0098q8iyjadmmr3n,Beautylink,Beautylink Gift Card,beauty,just-because,78,,semantic-category-v8:beauty:just-because
SAFE,cmta1hkw1009aq8iy1ebujztj,Beautypeak,Gift Card - Δωροκάρτα,beauty,birthday,92,,semantic-category-v8:beauty:birthday
SAFE,cmta1hkw1009aq8iy1ebujztj,Beautypeak,Gift Card - Δωροκάρτα,beauty,christmas,86,,semantic-category-v8:beauty:christmas
SAFE,cmta1hkw1009aq8iy1ebujztj,Beautypeak,Gift Card - Δωροκάρτα,beauty,mothers-day,82,,semantic-category-v8:beauty:mothers-day
SAFE,cmta1hkw1009aq8iy1ebujztj,Beautypeak,Gift Card - Δωροκάρτα,beauty,just-because,78,,semantic-category-v8:beauty:just-because
SAFE,cmta1hlab009cq8iyuzff3nxc,Beautyprincess,BeautyPrincess Gift Card,beauty,birthday,92,,semantic-category-v8:beauty:birthday
SAFE,cmta1hlab009cq8iyuzff3nxc,Beautyprincess,BeautyPrincess Gift Card,beauty,christmas,86,,semantic-category-v8:beauty:christmas
SAFE,cmta1hlab009cq8iyuzff3nxc,Beautyprincess,BeautyPrincess Gift Card,beauty,mothers-day,82,,semantic-category-v8:beauty:mothers-day
SAFE,cmta1hlab009cq8iyuzff3nxc,Beautyprincess,BeautyPrincess Gift Card,beauty,just-because,78,,semantic-category-v8:beauty:just-because
SAFE,cmta1hloj009eq8iysgwx4a4b,Benessere,"Δωροκάρτες - Gift Cards, Κεντρο Αισθητικής Benessere Αίγιο ...",spa-wellness,birthday,92,,semantic-category-v8:spa-wellness:birthday
SAFE,cmta1hloj009eq8iysgwx4a4b,Benessere,"Δωροκάρτες - Gift Cards, Κεντρο Αισθητικής Benessere Αίγιο ...",spa-wellness,anniversary,90,,semantic-category-v8:spa-wellness:anniversary
SAFE,cmta1hloj009eq8iysgwx4a4b,Benessere,"Δωροκάρτες - Gift Cards, Κεντρο Αισθητικής Benessere Αίγιο ...",spa-wellness,valentines,88,,semantic-category-v8:spa-wellness:valentines
SAFE,cmta1hloj009eq8iysgwx4a4b,Benessere,"Δωροκάρτες - Gift Cards, Κεντρο Αισθητικής Benessere Αίγιο ...",spa-wellness,mothers-day,86,,semantic-category-v8:spa-wellness:mothers-day
SAFE,cmta1hloj009eq8iysgwx4a4b,Benessere,"Δωροκάρτες - Gift Cards, Κεντρο Αισθητικής Benessere Αίγιο ...",spa-wellness,fathers-day,82,,semantic-category-v8:spa-wellness:fathers-day
SAFE,cmta1hmge009iq8iyqi3nmyl6,Bilanis,Δωροκάρτα - Bilanis.gr,fashion,birthday,92,,semantic-category-v8:fashion:birthday
SAFE,cmta1hmge009iq8iyqi3nmyl6,Bilanis,Δωροκάρτα - Bilanis.gr,fashion,christmas,86,,semantic-category-v8:fashion:christmas
SAFE,cmta1hmge009iq8iyqi3nmyl6,Bilanis,Δωροκάρτα - Bilanis.gr,fashion,just-because,78,,semantic-category-v8:fashion:just-because
SAFE,cmta1hmva009kq8iyjhjwkr2r,Blinefashion,Bline Gift Card– Ιδανικό δώρο για κάθε περίσταση,fashion,birthday,92,,semantic-category-v8:fashion:birthday
SAFE,cmta1hmva009kq8iyjhjwkr2r,Blinefashion,Bline Gift Card– Ιδανικό δώρο για κάθε περίσταση,fashion,christmas,86,,semantic-category-v8:fashion:christmas
SAFE,cmta1hmva009kq8iyjhjwkr2r,Blinefashion,Bline Gift Card– Ιδανικό δώρο για κάθε περίσταση,fashion,just-because,78,,semantic-category-v8:fashion:just-because
SAFE,cmta1hn8m009mq8iyulc5z4tr,Bloss,Gift Card | Bloss Fashion e-Shop,fashion,birthday,92,,semantic-category-v8:fashion:birthday
SAFE,cmta1hn8m009mq8iyulc5z4tr,Bloss,Gift Card | Bloss Fashion e-Shop,fashion,christmas,86,,semantic-category-v8:fashion:christmas
SAFE,cmta1hn8m009mq8iyulc5z4tr,Bloss,Gift Card | Bloss Fashion e-Shop,fashion,just-because,78,,semantic-category-v8:fashion:just-because
SAFE,cmta1ho28009oq8iyl0iioaai,Bonheurbeauty,Δωροκάρτα Bonheur Beauty,beauty,birthday,92,,semantic-category-v8:beauty:birthday
SAFE,cmta1ho28009oq8iyl0iioaai,Bonheurbeauty,Δωροκάρτα Bonheur Beauty,beauty,christmas,86,,semantic-category-v8:beauty:christmas
SAFE,cmta1ho28009oq8iyl0iioaai,Bonheurbeauty,Δωροκάρτα Bonheur Beauty,beauty,mothers-day,82,,semantic-category-v8:beauty:mothers-day
SAFE,cmta1ho28009oq8iyl0iioaai,Bonheurbeauty,Δωροκάρτα Bonheur Beauty,beauty,just-because,78,,semantic-category-v8:beauty:just-because
SAFE,cmta1hogh009qq8iya5sh3t4x,Buzzsneakers,Οροι Χρησης Καρτας Δωρου – Gift Card | Buzz - Online Shop,fashion,birthday,92,,semantic-category-v8:fashion:birthday
SAFE,cmta1hogh009qq8iya5sh3t4x,Buzzsneakers,Οροι Χρησης Καρτας Δωρου – Gift Card | Buzz - Online Shop,fashion,christmas,86,,semantic-category-v8:fashion:christmas
SAFE,cmta1hogh009qq8iya5sh3t4x,Buzzsneakers,Οροι Χρησης Καρτας Δωρου – Gift Card | Buzz - Online Shop,fashion,just-because,78,,semantic-category-v8:fashion:just-because
SAFE,cmta1hou3009sq8iy5e9xah2t,Bwoman,Δωροκάρτα | B Woman,fashion,birthday,92,,semantic-category-v8:fashion:birthday
SAFE,cmta1hou3009sq8iy5e9xah2t,Bwoman,Δωροκάρτα | B Woman,fashion,christmas,86,,semantic-category-v8:fashion:christmas
SAFE,cmta1hou3009sq8iy5e9xah2t,Bwoman,Δωροκάρτα | B Woman,fashion,just-because,78,,semantic-category-v8:fashion:just-because
SAFE,cmta1hp7z009uq8iycpmhq9bh,Bylia,Ηλεκτρονική Δωροκάρτα,kids-baby,birthday,94,,semantic-category-v8:kids-baby:birthday
SAFE,cmta1hp7z009uq8iycpmhq9bh,Bylia,Ηλεκτρονική Δωροκάρτα,kids-baby,for-kids,96,,semantic-category-v8:kids-baby:for-kids
SAFE,cmta1hp7z009uq8iycpmhq9bh,Bylia,Ηλεκτρονική Δωροκάρτα,kids-baby,christmas,90,,semantic-category-v8:kids-baby:christmas
SAFE,cmta1hr5k00a0q8iypig0n59h,Carouselshoes,Carouselshoes Gift Card,fashion,birthday,92,,semantic-category-v8:fashion:birthday
SAFE,cmta1hr5k00a0q8iypig0n59h,Carouselshoes,Carouselshoes Gift Card,fashion,christmas,86,,semantic-category-v8:fashion:christmas
SAFE,cmta1hr5k00a0q8iypig0n59h,Carouselshoes,Carouselshoes Gift Card,fashion,just-because,78,,semantic-category-v8:fashion:just-because
SAFE,cmta1hrkk00a2q8iy903vqpyl,Cavadelvino,Cavadelvino Gift Card,food-delivery,birthday,84,,semantic-category-v8:food-delivery:birthday
SAFE,cmta1hrkk00a2q8iy903vqpyl,Cavadelvino,Cavadelvino Gift Card,food-delivery,thank-you,84,,semantic-category-v8:food-delivery:thank-you
SAFE,cmta1hrkk00a2q8iy903vqpyl,Cavadelvino,Cavadelvino Gift Card,food-delivery,just-because,82,,semantic-category-v8:food-delivery:just-because
SAFE,cmta1hs0500a4q8iy6cmwyvew,Cavallo,Cavallo e-Gift Card,fashion,birthday,92,,semantic-category-v8:fashion:birthday
SAFE,cmta1hs0500a4q8iy6cmwyvew,Cavallo,Cavallo e-Gift Card,fashion,christmas,86,,semantic-category-v8:fashion:christmas
SAFE,cmta1hs0500a4q8iy6cmwyvew,Cavallo,Cavallo e-Gift Card,fashion,just-because,78,,semantic-category-v8:fashion:just-because
SAFE,cmta1hsfo00a6q8iyzzo5j9r0,Champselysees,Δωροκάρτα Ομορφιάς – Χαρίστε στιγμές χαλάρωσης & ...,spa-wellness,birthday,92,,semantic-category-v8:spa-wellness:birthday
SAFE,cmta1hsfo00a6q8iyzzo5j9r0,Champselysees,Δωροκάρτα Ομορφιάς – Χαρίστε στιγμές χαλάρωσης & ...,spa-wellness,anniversary,90,,semantic-category-v8:spa-wellness:anniversary
SAFE,cmta1hsfo00a6q8iyzzo5j9r0,Champselysees,Δωροκάρτα Ομορφιάς – Χαρίστε στιγμές χαλάρωσης & ...,spa-wellness,valentines,88,,semantic-category-v8:spa-wellness:valentines
SAFE,cmta1hsfo00a6q8iyzzo5j9r0,Champselysees,Δωροκάρτα Ομορφιάς – Χαρίστε στιγμές χαλάρωσης & ...,spa-wellness,mothers-day,86,,semantic-category-v8:spa-wellness:mothers-day
SAFE,cmta1hsfo00a6q8iyzzo5j9r0,Champselysees,Δωροκάρτα Ομορφιάς – Χαρίστε στιγμές χαλάρωσης & ...,spa-wellness,fathers-day,82,,semantic-category-v8:spa-wellness:fathers-day
SAFE,cmta1hsvt00a8q8iyytrqyafs,Climber,Giftcard - Climber,sports,birthday,92,,semantic-category-v8:sports:birthday
SAFE,cmta1hsvt00a8q8iyytrqyafs,Climber,Giftcard - Climber,sports,christmas,86,,semantic-category-v8:sports:christmas
SAFE,cmta1hsvt00a8q8iyytrqyafs,Climber,Giftcard - Climber,sports,just-because,76,,semantic-category-v8:sports:just-because
SAFE,cmta1htbw00aaq8iyv9w00ny0,Cocoonurbanspa,ΔΩΡΟΚΑΡΤΑ - Spa Cocoon,spa-wellness,birthday,92,,semantic-category-v8:spa-wellness:birthday
SAFE,cmta1htbw00aaq8iyv9w00ny0,Cocoonurbanspa,ΔΩΡΟΚΑΡΤΑ - Spa Cocoon,spa-wellness,anniversary,90,,semantic-category-v8:spa-wellness:anniversary
SAFE,cmta1htbw00aaq8iyv9w00ny0,Cocoonurbanspa,ΔΩΡΟΚΑΡΤΑ - Spa Cocoon,spa-wellness,valentines,88,,semantic-category-v8:spa-wellness:valentines
SAFE,cmta1htbw00aaq8iyv9w00ny0,Cocoonurbanspa,ΔΩΡΟΚΑΡΤΑ - Spa Cocoon,spa-wellness,mothers-day,86,,semantic-category-v8:spa-wellness:mothers-day
SAFE,cmta1htbw00aaq8iyv9w00ny0,Cocoonurbanspa,ΔΩΡΟΚΑΡΤΑ - Spa Cocoon,spa-wellness,fathers-day,82,,semantic-category-v8:spa-wellness:fathers-day
SAFE,cmta1htrr00acq8iyremlxeb0,Constancejewelry,Δωροκάρτα - Constance Jewlery,jewelry-watches,birthday,94,,semantic-category-v8:jewelry-watches:birthday
SAFE,cmta1htrr00acq8iyremlxeb0,Constancejewelry,Δωροκάρτα - Constance Jewlery,jewelry-watches,anniversary,94,,semantic-category-v8:jewelry-watches:anniversary
SAFE,cmta1htrr00acq8iyremlxeb0,Constancejewelry,Δωροκάρτα - Constance Jewlery,jewelry-watches,wedding,88,,semantic-category-v8:jewelry-watches:wedding
SAFE,cmta1htrr00acq8iyremlxeb0,Constancejewelry,Δωροκάρτα - Constance Jewlery,jewelry-watches,valentines,92,,semantic-category-v8:jewelry-watches:valentines
SAFE,cmta1htrr00acq8iyremlxeb0,Constancejewelry,Δωροκάρτα - Constance Jewlery,jewelry-watches,christmas,88,,semantic-category-v8:jewelry-watches:christmas
SAFE,cmta1hu9000aeq8iyf1hinujd,Coolclub,Αγόρασε μία Cool Club δωροκάρτα!,kids-baby,birthday,94,,semantic-category-v8:kids-baby:birthday
SAFE,cmta1hu9000aeq8iyf1hinujd,Coolclub,Αγόρασε μία Cool Club δωροκάρτα!,kids-baby,for-kids,96,,semantic-category-v8:kids-baby:for-kids
SAFE,cmta1hu9000aeq8iyf1hinujd,Coolclub,Αγόρασε μία Cool Club δωροκάρτα!,kids-baby,christmas,90,,semantic-category-v8:kids-baby:christmas
SAFE,cmta1hupw00agq8iysdyh5to2,Cre T E,Κατηγορία: δωροκάρτα,arts-crafts,birthday,90,,semantic-category-v8:arts-crafts:birthday
SAFE,cmta1hupw00agq8iysdyh5to2,Cre T E,Κατηγορία: δωροκάρτα,arts-crafts,christmas,86,,semantic-category-v8:arts-crafts:christmas
SAFE,cmta1hupw00agq8iysdyh5to2,Cre T E,Κατηγορία: δωροκάρτα,arts-crafts,just-because,78,,semantic-category-v8:arts-crafts:just-because
SAFE,cmta1hvnc00aiq8iy7f43du8p,Dbsounds,e-Gift Card (Hλεκτρονική Δωροκάρτα) 500€,music,birthday,92,,semantic-category-v8:music:birthday
SAFE,cmta1hvnc00aiq8iy7f43du8p,Dbsounds,e-Gift Card (Hλεκτρονική Δωροκάρτα) 500€,music,christmas,88,,semantic-category-v8:music:christmas
SAFE,cmta1hvnc00aiq8iy7f43du8p,Dbsounds,e-Gift Card (Hλεκτρονική Δωροκάρτα) 500€,music,just-because,78,,semantic-category-v8:music:just-because
SAFE,cmta1hw4400akq8iykgucmned,Decolight,Decolight Δωροκάρτα 20€,home,wedding,88,,semantic-category-v8:home:wedding
SAFE,cmta1hw4400akq8iykgucmned,Decolight,Decolight Δωροκάρτα 20€,home,christmas,84,,semantic-category-v8:home:christmas
SAFE,cmta1hw4400akq8iykgucmned,Decolight,Decolight Δωροκάρτα 20€,home,just-because,76,,semantic-category-v8:home:just-because
SAFE,cmta1hwlo00amq8iy32yc1j7k,Decoro,δωροκαρτα,home,wedding,88,,semantic-category-v8:home:wedding
SAFE,cmta1hwlo00amq8iy32yc1j7k,Decoro,δωροκαρτα,home,christmas,84,,semantic-category-v8:home:christmas
SAFE,cmta1hwlo00amq8iy32yc1j7k,Decoro,δωροκαρτα,home,just-because,76,,semantic-category-v8:home:just-because
SAFE,cmta1hx1800aoq8iy3atou8d5,Desenio,Gift Card - Desenio,home,wedding,88,,semantic-category-v8:home:wedding
SAFE,cmta1hx1800aoq8iy3atou8d5,Desenio,Gift Card - Desenio,home,christmas,84,,semantic-category-v8:home:christmas
SAFE,cmta1hx1800aoq8iy3atou8d5,Desenio,Gift Card - Desenio,home,just-because,76,,semantic-category-v8:home:just-because
SAFE,cmta1hxh400aqq8iydqh4pfek,Dmcreations,Αγοράστε μία Δωροκάρτα,fashion,birthday,92,,semantic-category-v8:fashion:birthday
SAFE,cmta1hxh400aqq8iydqh4pfek,Dmcreations,Αγοράστε μία Δωροκάρτα,fashion,christmas,86,,semantic-category-v8:fashion:christmas
SAFE,cmta1hxh400aqq8iydqh4pfek,Dmcreations,Αγοράστε μία Δωροκάρτα,fashion,just-because,78,,semantic-category-v8:fashion:just-because
SAFE,cmta1hxy000asq8iyykd06tm3,Doctorfish,Δωροκάρτα Spa and Nail Bar στην Αθήνα,spa-wellness,birthday,92,,semantic-category-v8:spa-wellness:birthday
SAFE,cmta1hxy000asq8iyykd06tm3,Doctorfish,Δωροκάρτα Spa and Nail Bar στην Αθήνα,spa-wellness,anniversary,90,,semantic-category-v8:spa-wellness:anniversary
SAFE,cmta1hxy000asq8iyykd06tm3,Doctorfish,Δωροκάρτα Spa and Nail Bar στην Αθήνα,spa-wellness,valentines,88,,semantic-category-v8:spa-wellness:valentines
SAFE,cmta1hxy000asq8iyykd06tm3,Doctorfish,Δωροκάρτα Spa and Nail Bar στην Αθήνα,spa-wellness,mothers-day,86,,semantic-category-v8:spa-wellness:mothers-day
SAFE,cmta1hxy000asq8iyykd06tm3,Doctorfish,Δωροκάρτα Spa and Nail Bar στην Αθήνα,spa-wellness,fathers-day,82,,semantic-category-v8:spa-wellness:fathers-day
SAFE,cmta1hyeb00auq8iy07ismm4g,Dressingbar,Gift Card - Greek Designer Clothes & Accessories,fashion,birthday,92,,semantic-category-v8:fashion:birthday
SAFE,cmta1hyeb00auq8iy07ismm4g,Dressingbar,Gift Card - Greek Designer Clothes & Accessories,fashion,christmas,86,,semantic-category-v8:fashion:christmas
SAFE,cmta1hyeb00auq8iy07ismm4g,Dressingbar,Gift Card - Greek Designer Clothes & Accessories,fashion,just-because,78,,semantic-category-v8:fashion:just-because
SAFE,cmta1hyw300awq8iy0hlig2se,Driverstation,Δωροκαρτα - DriverStation,automotive,birthday,86,,semantic-category-v8:automotive:birthday
SAFE,cmta1hyw300awq8iy0hlig2se,Driverstation,Δωροκαρτα - DriverStation,automotive,christmas,82,,semantic-category-v8:automotive:christmas
SAFE,cmta1hyw300awq8iy0hlig2se,Driverstation,Δωροκαρτα - DriverStation,automotive,just-because,76,,semantic-category-v8:automotive:just-because
SAFE,cmta1hzul00b0q8iyhcu2vfgm,E Jumbo,Δωροκάρτες < Παιχνίδια| Διακόσμηση Σπιτιού| Κουζίνα,kids-baby,birthday,94,,semantic-category-v8:kids-baby:birthday
SAFE,cmta1hzul00b0q8iyhcu2vfgm,E Jumbo,Δωροκάρτες < Παιχνίδια| Διακόσμηση Σπιτιού| Κουζίνα,kids-baby,for-kids,96,,semantic-category-v8:kids-baby:for-kids
SAFE,cmta1hzul00b0q8iyhcu2vfgm,E Jumbo,Δωροκάρτες < Παιχνίδια| Διακόσμηση Σπιτιού| Κουζίνα,kids-baby,christmas,90,,semantic-category-v8:kids-baby:christmas
SAFE,cmta1i3fk00b2q8iycwvf7d3a,e-shop.gr,e-shop.gr Gift Card,technology,birthday,92,,semantic-category-v8:technology:birthday
SAFE,cmta1i3fk00b2q8iycwvf7d3a,e-shop.gr,e-shop.gr Gift Card,technology,christmas,90,,semantic-category-v8:technology:christmas
SAFE,cmta1i3fk00b2q8iycwvf7d3a,e-shop.gr,e-shop.gr Gift Card,technology,just-because,76,,semantic-category-v8:technology:just-because
SAFE,cmta1i3wg00b4q8iywcrwt5kb,Ecrystal,Δωροκάρτα - Κοσμήματα Swarovski ECrystal,jewelry-watches,birthday,94,,semantic-category-v8:jewelry-watches:birthday
SAFE,cmta1i3wg00b4q8iywcrwt5kb,Ecrystal,Δωροκάρτα - Κοσμήματα Swarovski ECrystal,jewelry-watches,anniversary,94,,semantic-category-v8:jewelry-watches:anniversary
SAFE,cmta1i3wg00b4q8iywcrwt5kb,Ecrystal,Δωροκάρτα - Κοσμήματα Swarovski ECrystal,jewelry-watches,wedding,88,,semantic-category-v8:jewelry-watches:wedding
SAFE,cmta1i3wg00b4q8iywcrwt5kb,Ecrystal,Δωροκάρτα - Κοσμήματα Swarovski ECrystal,jewelry-watches,valentines,92,,semantic-category-v8:jewelry-watches:valentines
SAFE,cmta1i3wg00b4q8iywcrwt5kb,Ecrystal,Δωροκάρτα - Κοσμήματα Swarovski ECrystal,jewelry-watches,christmas,88,,semantic-category-v8:jewelry-watches:christmas
SAFE,cmta1i4c700b6q8iyjxtelg4g,Eightboutiquegym,Eightboutiquegym Gift Card,sports,birthday,92,,semantic-category-v8:sports:birthday
SAFE,cmta1i4c700b6q8iyjxtelg4g,Eightboutiquegym,Eightboutiquegym Gift Card,sports,christmas,86,,semantic-category-v8:sports:christmas
SAFE,cmta1i4c700b6q8iyjxtelg4g,Eightboutiquegym,Eightboutiquegym Gift Card,sports,just-because,76,,semantic-category-v8:sports:just-because
SAFE,cmta1i4s700b8q8iy5xesqkh9,Elegancy,Elegancy Gift Card,beauty,birthday,92,,semantic-category-v8:beauty:birthday
SAFE,cmta1i4s700b8q8iy5xesqkh9,Elegancy,Elegancy Gift Card,beauty,christmas,86,,semantic-category-v8:beauty:christmas
SAFE,cmta1i4s700b8q8iy5xesqkh9,Elegancy,Elegancy Gift Card,beauty,mothers-day,82,,semantic-category-v8:beauty:mothers-day
SAFE,cmta1i4s700b8q8iy5xesqkh9,Elegancy,Elegancy Gift Card,beauty,just-because,78,,semantic-category-v8:beauty:just-because
SAFE,cmta1i59000baq8iyprml2bvl,Enploeditions,Ηλεκτρονικές Δωροκάρτες,books,birthday,90,,semantic-category-v8:books:birthday
SAFE,cmta1i59000baq8iyprml2bvl,Enploeditions,Ηλεκτρονικές Δωροκάρτες,books,christmas,90,,semantic-category-v8:books:christmas
SAFE,cmta1i59000baq8iyprml2bvl,Enploeditions,Ηλεκτρονικές Δωροκάρτες,books,thank-you,82,,semantic-category-v8:books:thank-you
SAFE,cmta1i5ow00bcq8iy4ias4nkm,Enzzo,Enzzo Gift Card,fashion,birthday,92,,semantic-category-v8:fashion:birthday
SAFE,cmta1i5ow00bcq8iy4ias4nkm,Enzzo,Enzzo Gift Card,fashion,christmas,86,,semantic-category-v8:fashion:christmas
SAFE,cmta1i5ow00bcq8iy4ias4nkm,Enzzo,Enzzo Gift Card,fashion,just-because,78,,semantic-category-v8:fashion:just-because
SAFE,cmta1i6dl00beq8iybqfqttuj,Erero,Erero Gift Card,fashion,birthday,92,,semantic-category-v8:fashion:birthday
SAFE,cmta1i6dl00beq8iybqfqttuj,Erero,Erero Gift Card,fashion,christmas,86,,semantic-category-v8:fashion:christmas
SAFE,cmta1i6dl00beq8iybqfqttuj,Erero,Erero Gift Card,fashion,just-because,78,,semantic-category-v8:fashion:just-because
SAFE,cmta1i6tf00bgq8iy6y8081p1,Eubiotica,gift card - Eubiotica Super Teas,food-delivery,birthday,84,,semantic-category-v8:food-delivery:birthday
SAFE,cmta1i6tf00bgq8iy6y8081p1,Eubiotica,gift card - Eubiotica Super Teas,food-delivery,thank-you,84,,semantic-category-v8:food-delivery:thank-you
SAFE,cmta1i6tf00bgq8iy6y8081p1,Eubiotica,gift card - Eubiotica Super Teas,food-delivery,just-because,82,,semantic-category-v8:food-delivery:just-because
SAFE,cmta1i79p00biq8iymzkebvjq,Eunoiacandle,Eunoiacandle Gift Card,home,wedding,88,,semantic-category-v8:home:wedding
SAFE,cmta1i79p00biq8iymzkebvjq,Eunoiacandle,Eunoiacandle Gift Card,home,christmas,84,,semantic-category-v8:home:christmas
SAFE,cmta1i79p00biq8iymzkebvjq,Eunoiacandle,Eunoiacandle Gift Card,home,just-because,76,,semantic-category-v8:home:just-because
SAFE,cmta1i7re00bkq8iy908fe98b,Extremepro,1. στοιχεια δωροκαρτας,sports,birthday,92,,semantic-category-v8:sports:birthday
SAFE,cmta1i7re00bkq8iy908fe98b,Extremepro,1. στοιχεια δωροκαρτας,sports,christmas,86,,semantic-category-v8:sports:christmas
SAFE,cmta1i7re00bkq8iy908fe98b,Extremepro,1. στοιχεια δωροκαρτας,sports,just-because,76,,semantic-category-v8:sports:just-because
SAFE,cmta1i86000bmq8iy5atelyii,Eyemazing,Ψηφιακή δωροκάρτα Eyemazing - Χωρίς κατηγορία,fashion,birthday,92,,semantic-category-v8:fashion:birthday
SAFE,cmta1i86000bmq8iy5atelyii,Eyemazing,Ψηφιακή δωροκάρτα Eyemazing - Χωρίς κατηγορία,fashion,christmas,86,,semantic-category-v8:fashion:christmas
SAFE,cmta1i86000bmq8iy5atelyii,Eyemazing,Ψηφιακή δωροκάρτα Eyemazing - Χωρίς κατηγορία,fashion,just-because,78,,semantic-category-v8:fashion:just-because
SAFE,cmta1i8n300boq8iydt4qw67b,Fantasea,Fantasea Δωροεπιταγή 100€,sports,birthday,92,,semantic-category-v8:sports:birthday
SAFE,cmta1i8n300boq8iydt4qw67b,Fantasea,Fantasea Δωροεπιταγή 100€,sports,christmas,86,,semantic-category-v8:sports:christmas
SAFE,cmta1i8n300boq8iydt4qw67b,Fantasea,Fantasea Δωροεπιταγή 100€,sports,just-because,76,,semantic-category-v8:sports:just-because
SAFE,cmta1i93400bqq8iyekp0bc5g,Fisika,E-Gift Card - Fisika,beauty,birthday,92,,semantic-category-v8:beauty:birthday
SAFE,cmta1i93400bqq8iyekp0bc5g,Fisika,E-Gift Card - Fisika,beauty,christmas,86,,semantic-category-v8:beauty:christmas
SAFE,cmta1i93400bqq8iyekp0bc5g,Fisika,E-Gift Card - Fisika,beauty,mothers-day,82,,semantic-category-v8:beauty:mothers-day
SAFE,cmta1i93400bqq8iyekp0bc5g,Fisika,E-Gift Card - Fisika,beauty,just-because,78,,semantic-category-v8:beauty:just-because
SAFE,cmta1i9io00bsq8iy6q1mwns2,Formyskin,Προϊόντα Gift Card,beauty,birthday,92,,semantic-category-v8:beauty:birthday
SAFE,cmta1i9io00bsq8iy6q1mwns2,Formyskin,Προϊόντα Gift Card,beauty,christmas,86,,semantic-category-v8:beauty:christmas
SAFE,cmta1i9io00bsq8iy6q1mwns2,Formyskin,Προϊόντα Gift Card,beauty,mothers-day,82,,semantic-category-v8:beauty:mothers-day
SAFE,cmta1i9io00bsq8iy6q1mwns2,Formyskin,Προϊόντα Gift Card,beauty,just-because,78,,semantic-category-v8:beauty:just-because
SAFE,cmta1i9xu00buq8iy1q7fa4mu,Freerider,Δωροεπιταγή - Δωροεπιταγές,sports,birthday,92,,semantic-category-v8:sports:birthday
SAFE,cmta1i9xu00buq8iy1q7fa4mu,Freerider,Δωροεπιταγή - Δωροεπιταγές,sports,christmas,86,,semantic-category-v8:sports:christmas
SAFE,cmta1i9xu00buq8iy1q7fa4mu,Freerider,Δωροεπιταγή - Δωροεπιταγές,sports,just-because,76,,semantic-category-v8:sports:just-because
SAFE,cmta1iad800bwq8iyw7ce55ti,Funkymonkeyshoes,Funky Monkey Δωροκάρτα 30€ / 40€ / 50€,fashion,birthday,92,,semantic-category-v8:fashion:birthday
SAFE,cmta1iad800bwq8iyw7ce55ti,Funkymonkeyshoes,Funky Monkey Δωροκάρτα 30€ / 40€ / 50€,fashion,christmas,86,,semantic-category-v8:fashion:christmas
SAFE,cmta1iad800bwq8iyw7ce55ti,Funkymonkeyshoes,Funky Monkey Δωροκάρτα 30€ / 40€ / 50€,fashion,just-because,78,,semantic-category-v8:fashion:just-because
SAFE,cmta1iast00byq8iyu8sip87d,Gabi,Gift Card - Gabi,kids-baby,birthday,94,,semantic-category-v8:kids-baby:birthday
SAFE,cmta1iast00byq8iyu8sip87d,Gabi,Gift Card - Gabi,kids-baby,for-kids,96,,semantic-category-v8:kids-baby:for-kids
SAFE,cmta1iast00byq8iyu8sip87d,Gabi,Gift Card - Gabi,kids-baby,christmas,90,,semantic-category-v8:kids-baby:christmas
SAFE,cmta1ic4800c4q8iyph5olsg8,Gymbeam,Δωροκάρτα - GymBeam,sports,birthday,92,,semantic-category-v8:sports:birthday
SAFE,cmta1ic4800c4q8iyph5olsg8,Gymbeam,Δωροκάρτα - GymBeam,sports,christmas,86,,semantic-category-v8:sports:christmas
SAFE,cmta1ic4800c4q8iyph5olsg8,Gymbeam,Δωροκάρτα - GymBeam,sports,just-because,76,,semantic-category-v8:sports:just-because
SAFE,cmta1icjl00c6q8iyfzuzk0o3,Haralas,Δωροκάρτες,fashion,birthday,92,,semantic-category-v8:fashion:birthday
SAFE,cmta1icjl00c6q8iyfzuzk0o3,Haralas,Δωροκάρτες,fashion,christmas,86,,semantic-category-v8:fashion:christmas
SAFE,cmta1icjl00c6q8iyfzuzk0o3,Haralas,Δωροκάρτες,fashion,just-because,78,,semantic-category-v8:fashion:just-because
SAFE,cmta1icyu00c8q8iytwvndmek,Harmanis,Δωροεπιταγή 300 ευρώ,beauty,birthday,92,,semantic-category-v8:beauty:birthday
SAFE,cmta1icyu00c8q8iytwvndmek,Harmanis,Δωροεπιταγή 300 ευρώ,beauty,christmas,86,,semantic-category-v8:beauty:christmas
SAFE,cmta1icyu00c8q8iytwvndmek,Harmanis,Δωροεπιταγή 300 ευρώ,beauty,mothers-day,82,,semantic-category-v8:beauty:mothers-day
SAFE,cmta1icyu00c8q8iytwvndmek,Harmanis,Δωροεπιταγή 300 ευρώ,beauty,just-because,78,,semantic-category-v8:beauty:just-because
SAFE,cmta1idf400caq8iyjdg0i0lk,Harmony Spa,Gift Card - δωροκαρτα,spa-wellness,birthday,92,,semantic-category-v8:spa-wellness:birthday
SAFE,cmta1idf400caq8iyjdg0i0lk,Harmony Spa,Gift Card - δωροκαρτα,spa-wellness,anniversary,90,,semantic-category-v8:spa-wellness:anniversary
SAFE,cmta1idf400caq8iyjdg0i0lk,Harmony Spa,Gift Card - δωροκαρτα,spa-wellness,valentines,88,,semantic-category-v8:spa-wellness:valentines
SAFE,cmta1idf400caq8iyjdg0i0lk,Harmony Spa,Gift Card - δωροκαρτα,spa-wellness,mothers-day,86,,semantic-category-v8:spa-wellness:mothers-day
SAFE,cmta1idf400caq8iyjdg0i0lk,Harmony Spa,Gift Card - δωροκαρτα,spa-wellness,fathers-day,82,,semantic-category-v8:spa-wellness:fathers-day
SAFE,cmta1idvc00ccq8iyo72kem4t,Harmonybeauty,Δωροκάρτα - Harmony & Beauty,beauty,birthday,92,,semantic-category-v8:beauty:birthday
SAFE,cmta1idvc00ccq8iyo72kem4t,Harmonybeauty,Δωροκάρτα - Harmony & Beauty,beauty,christmas,86,,semantic-category-v8:beauty:christmas
SAFE,cmta1idvc00ccq8iyo72kem4t,Harmonybeauty,Δωροκάρτα - Harmony & Beauty,beauty,mothers-day,82,,semantic-category-v8:beauty:mothers-day
SAFE,cmta1idvc00ccq8iyo72kem4t,Harmonybeauty,Δωροκάρτα - Harmony & Beauty,beauty,just-because,78,,semantic-category-v8:beauty:just-because
SAFE,cmta1iebo00ceq8iycmxwju77,Healthandbeauty,Gift Card - Health & Beauty - Ινστιτούτο Αισθητικής στην Πάτρα,beauty,birthday,92,,semantic-category-v8:beauty:birthday
SAFE,cmta1iebo00ceq8iycmxwju77,Healthandbeauty,Gift Card - Health & Beauty - Ινστιτούτο Αισθητικής στην Πάτρα,beauty,christmas,86,,semantic-category-v8:beauty:christmas
SAFE,cmta1iebo00ceq8iycmxwju77,Healthandbeauty,Gift Card - Health & Beauty - Ινστιτούτο Αισθητικής στην Πάτρα,beauty,mothers-day,82,,semantic-category-v8:beauty:mothers-day
SAFE,cmta1iebo00ceq8iycmxwju77,Healthandbeauty,Gift Card - Health & Beauty - Ινστιτούτο Αισθητικής στην Πάτρα,beauty,just-because,78,,semantic-category-v8:beauty:just-because
SAFE,cmta1if9800ciq8iyclu1fq49,Hellenicorchids,ΔΩΡΟΚΑΡΤΑ • Ελληνικές Ορχιδέες,home,wedding,88,,semantic-category-v8:home:wedding
SAFE,cmta1if9800ciq8iyclu1fq49,Hellenicorchids,ΔΩΡΟΚΑΡΤΑ • Ελληνικές Ορχιδέες,home,christmas,84,,semantic-category-v8:home:christmas
SAFE,cmta1if9800ciq8iyclu1fq49,Hellenicorchids,ΔΩΡΟΚΑΡΤΑ • Ελληνικές Ορχιδέες,home,just-because,76,,semantic-category-v8:home:just-because
SAFE,cmta1ifps00ckq8iyi49yyp5r,Hepta,Hepta's eGift Card,jewelry-watches,birthday,94,,semantic-category-v8:jewelry-watches:birthday
SAFE,cmta1ifps00ckq8iyi49yyp5r,Hepta,Hepta's eGift Card,jewelry-watches,anniversary,94,,semantic-category-v8:jewelry-watches:anniversary
SAFE,cmta1ifps00ckq8iyi49yyp5r,Hepta,Hepta's eGift Card,jewelry-watches,wedding,88,,semantic-category-v8:jewelry-watches:wedding
SAFE,cmta1ifps00ckq8iyi49yyp5r,Hepta,Hepta's eGift Card,jewelry-watches,valentines,92,,semantic-category-v8:jewelry-watches:valentines
SAFE,cmta1ifps00ckq8iyi49yyp5r,Hepta,Hepta's eGift Card,jewelry-watches,christmas,88,,semantic-category-v8:jewelry-watches:christmas
SAFE,cmta1ig3s00cmq8iycwwxgu6k,Holokolo,ΔΩΡΟΕΠΙΤΑΓΗ,sports,birthday,92,,semantic-category-v8:sports:birthday
SAFE,cmta1ig3s00cmq8iycwwxgu6k,Holokolo,ΔΩΡΟΕΠΙΤΑΓΗ,sports,christmas,86,,semantic-category-v8:sports:christmas
SAFE,cmta1ig3s00cmq8iycwwxgu6k,Holokolo,ΔΩΡΟΕΠΙΤΑΓΗ,sports,just-because,76,,semantic-category-v8:sports:just-because
SAFE,cmta1ihj500cqq8iylrnmfl4p,Hydrowellness,Gift Card - Γυμναστήριο | Hydro Wellness,spa-wellness,birthday,92,,semantic-category-v8:spa-wellness:birthday
SAFE,cmta1ihj500cqq8iylrnmfl4p,Hydrowellness,Gift Card - Γυμναστήριο | Hydro Wellness,spa-wellness,anniversary,90,,semantic-category-v8:spa-wellness:anniversary
SAFE,cmta1ihj500cqq8iylrnmfl4p,Hydrowellness,Gift Card - Γυμναστήριο | Hydro Wellness,spa-wellness,valentines,88,,semantic-category-v8:spa-wellness:valentines
SAFE,cmta1ihj500cqq8iylrnmfl4p,Hydrowellness,Gift Card - Γυμναστήριο | Hydro Wellness,spa-wellness,mothers-day,86,,semantic-category-v8:spa-wellness:mothers-day
SAFE,cmta1ihj500cqq8iylrnmfl4p,Hydrowellness,Gift Card - Γυμναστήριο | Hydro Wellness,spa-wellness,fathers-day,82,,semantic-category-v8:spa-wellness:fathers-day
SAFE,cmta1ihz900csq8iy52zsyahm,Imanoglou,Δωροκάρτα,jewelry-watches,birthday,94,,semantic-category-v8:jewelry-watches:birthday
SAFE,cmta1ihz900csq8iy52zsyahm,Imanoglou,Δωροκάρτα,jewelry-watches,anniversary,94,,semantic-category-v8:jewelry-watches:anniversary
SAFE,cmta1ihz900csq8iy52zsyahm,Imanoglou,Δωροκάρτα,jewelry-watches,wedding,88,,semantic-category-v8:jewelry-watches:wedding
SAFE,cmta1ihz900csq8iy52zsyahm,Imanoglou,Δωροκάρτα,jewelry-watches,valentines,92,,semantic-category-v8:jewelry-watches:valentines
SAFE,cmta1ihz900csq8iy52zsyahm,Imanoglou,Δωροκάρτα,jewelry-watches,christmas,88,,semantic-category-v8:jewelry-watches:christmas
SAFE,cmta1iied00cuq8iyft8338to,Inspiral,Gift Cards - Δωροκάρτα,jewelry-watches,birthday,94,,semantic-category-v8:jewelry-watches:birthday
SAFE,cmta1iied00cuq8iyft8338to,Inspiral,Gift Cards - Δωροκάρτα,jewelry-watches,anniversary,94,,semantic-category-v8:jewelry-watches:anniversary
SAFE,cmta1iied00cuq8iyft8338to,Inspiral,Gift Cards - Δωροκάρτα,jewelry-watches,wedding,88,,semantic-category-v8:jewelry-watches:wedding
SAFE,cmta1iied00cuq8iyft8338to,Inspiral,Gift Cards - Δωροκάρτα,jewelry-watches,valentines,92,,semantic-category-v8:jewelry-watches:valentines
SAFE,cmta1iied00cuq8iyft8338to,Inspiral,Gift Cards - Δωροκάρτα,jewelry-watches,christmas,88,,semantic-category-v8:jewelry-watches:christmas
SAFE,cmta1iisi00cwq8iy8c2nqizg,Inspirenails,Gift Card - Inspire,beauty,birthday,92,,semantic-category-v8:beauty:birthday
SAFE,cmta1iisi00cwq8iy8c2nqizg,Inspirenails,Gift Card - Inspire,beauty,christmas,86,,semantic-category-v8:beauty:christmas
SAFE,cmta1iisi00cwq8iy8c2nqizg,Inspirenails,Gift Card - Inspire,beauty,mothers-day,82,,semantic-category-v8:beauty:mothers-day
SAFE,cmta1iisi00cwq8iy8c2nqizg,Inspirenails,Gift Card - Inspire,beauty,just-because,78,,semantic-category-v8:beauty:just-because
SAFE,cmta1ij6s00cyq8iyaqdmboy2,Iosifidishome,e-ΔΩΡΟΚΑΡΤΑ,home,wedding,88,,semantic-category-v8:home:wedding
SAFE,cmta1ij6s00cyq8iyaqdmboy2,Iosifidishome,e-ΔΩΡΟΚΑΡΤΑ,home,christmas,84,,semantic-category-v8:home:christmas
SAFE,cmta1ij6s00cyq8iyaqdmboy2,Iosifidishome,e-ΔΩΡΟΚΑΡΤΑ,home,just-because,76,,semantic-category-v8:home:just-because
SAFE,cmta1ijkr00d0q8iy6yfqptbx,Janeiredale,eGift Card,beauty,birthday,92,,semantic-category-v8:beauty:birthday
SAFE,cmta1ijkr00d0q8iy6yfqptbx,Janeiredale,eGift Card,beauty,christmas,86,,semantic-category-v8:beauty:christmas
SAFE,cmta1ijkr00d0q8iy6yfqptbx,Janeiredale,eGift Card,beauty,mothers-day,82,,semantic-category-v8:beauty:mothers-day
SAFE,cmta1ijkr00d0q8iy6yfqptbx,Janeiredale,eGift Card,beauty,just-because,78,,semantic-category-v8:beauty:just-because
SAFE,cmta1ijyo00d2q8iymi2v9yma,Jonak,Ηλεκτρονική Δωροκάρτα - Jonak,fashion,birthday,92,,semantic-category-v8:fashion:birthday
SAFE,cmta1ijyo00d2q8iymi2v9yma,Jonak,Ηλεκτρονική Δωροκάρτα - Jonak,fashion,christmas,86,,semantic-category-v8:fashion:christmas
SAFE,cmta1ijyo00d2q8iymi2v9yma,Jonak,Ηλεκτρονική Δωροκάρτα - Jonak,fashion,just-because,78,,semantic-category-v8:fashion:just-because
SAFE,cmta1ikcp00d4q8iy7dd7cqou,K Skin,Gift Card! - Κορεάτικα Καλλυντικά - K-Skin,beauty,birthday,92,,semantic-category-v8:beauty:birthday
SAFE,cmta1ikcp00d4q8iy7dd7cqou,K Skin,Gift Card! - Κορεάτικα Καλλυντικά - K-Skin,beauty,christmas,86,,semantic-category-v8:beauty:christmas
SAFE,cmta1ikcp00d4q8iy7dd7cqou,K Skin,Gift Card! - Κορεάτικα Καλλυντικά - K-Skin,beauty,mothers-day,82,,semantic-category-v8:beauty:mothers-day
SAFE,cmta1ikcp00d4q8iy7dd7cqou,K Skin,Gift Card! - Κορεάτικα Καλλυντικά - K-Skin,beauty,just-because,78,,semantic-category-v8:beauty:just-because
SAFE,cmta1ikvm00d6q8iykpntq1w0,Karam Crete,Δωροκάρτα ευεξίας και ομορφιάς,spa-wellness,birthday,92,,semantic-category-v8:spa-wellness:birthday
SAFE,cmta1ikvm00d6q8iykpntq1w0,Karam Crete,Δωροκάρτα ευεξίας και ομορφιάς,spa-wellness,anniversary,90,,semantic-category-v8:spa-wellness:anniversary
SAFE,cmta1ikvm00d6q8iykpntq1w0,Karam Crete,Δωροκάρτα ευεξίας και ομορφιάς,spa-wellness,valentines,88,,semantic-category-v8:spa-wellness:valentines
SAFE,cmta1ikvm00d6q8iykpntq1w0,Karam Crete,Δωροκάρτα ευεξίας και ομορφιάς,spa-wellness,mothers-day,86,,semantic-category-v8:spa-wellness:mothers-day
SAFE,cmta1ikvm00d6q8iykpntq1w0,Karam Crete,Δωροκάρτα ευεξίας και ομορφιάς,spa-wellness,fathers-day,82,,semantic-category-v8:spa-wellness:fathers-day
SAFE,cmta1ilzk00d8q8iy2h8zeglu,Kazi,Kazi Gift Card 80€,fashion,birthday,92,,semantic-category-v8:fashion:birthday
SAFE,cmta1ilzk00d8q8iy2h8zeglu,Kazi,Kazi Gift Card 80€,fashion,christmas,86,,semantic-category-v8:fashion:christmas
SAFE,cmta1ilzk00d8q8iy2h8zeglu,Kazi,Kazi Gift Card 80€,fashion,just-because,78,,semantic-category-v8:fashion:just-because
SAFE,cmta1ims300dcq8iy209yelks,Kikoo,Kikoo Δωροεπιταγή 50€,kids-baby,birthday,94,,semantic-category-v8:kids-baby:birthday
SAFE,cmta1ims300dcq8iy209yelks,Kikoo,Kikoo Δωροεπιταγή 50€,kids-baby,for-kids,96,,semantic-category-v8:kids-baby:for-kids
SAFE,cmta1ims300dcq8iy209yelks,Kikoo,Kikoo Δωροεπιταγή 50€,kids-baby,christmas,90,,semantic-category-v8:kids-baby:christmas
SAFE,cmta1in6000deq8iyzrf26jcw,Kois Optics,Kois Optics Gift Card,fashion,birthday,92,,semantic-category-v8:fashion:birthday
SAFE,cmta1in6000deq8iyzrf26jcw,Kois Optics,Kois Optics Gift Card,fashion,christmas,86,,semantic-category-v8:fashion:christmas
SAFE,cmta1in6000deq8iyzrf26jcw,Kois Optics,Kois Optics Gift Card,fashion,just-because,78,,semantic-category-v8:fashion:just-because
SAFE,cmta1inkb00dgq8iyu0pfa6d9,Lamillou,La Millou Gift Card,kids-baby,birthday,94,,semantic-category-v8:kids-baby:birthday
SAFE,cmta1inkb00dgq8iyu0pfa6d9,Lamillou,La Millou Gift Card,kids-baby,for-kids,96,,semantic-category-v8:kids-baby:for-kids
SAFE,cmta1inkb00dgq8iyu0pfa6d9,Lamillou,La Millou Gift Card,kids-baby,christmas,90,,semantic-category-v8:kids-baby:christmas
SAFE,cmta1io2500diq8iy8vttbh95,Lav Perfumes,Lav Perfumes Gift Card,beauty,birthday,92,,semantic-category-v8:beauty:birthday
SAFE,cmta1io2500diq8iy8vttbh95,Lav Perfumes,Lav Perfumes Gift Card,beauty,christmas,86,,semantic-category-v8:beauty:christmas
SAFE,cmta1io2500diq8iy8vttbh95,Lav Perfumes,Lav Perfumes Gift Card,beauty,mothers-day,82,,semantic-category-v8:beauty:mothers-day
SAFE,cmta1io2500diq8iy8vttbh95,Lav Perfumes,Lav Perfumes Gift Card,beauty,just-because,78,,semantic-category-v8:beauty:just-because
SAFE,cmta1ioio00dkq8iyn3i3z7k3,Led7,E-Gift Card,home,wedding,88,,semantic-category-v8:home:wedding
SAFE,cmta1ioio00dkq8iyn3i3z7k3,Led7,E-Gift Card,home,christmas,84,,semantic-category-v8:home:christmas
SAFE,cmta1ioio00dkq8iyn3i3z7k3,Led7,E-Gift Card,home,just-because,76,,semantic-category-v8:home:just-because
SAFE,cmta1iox700dmq8iy4pm38inf,Legacyapparel,Δωροκάρτα Legacy Apparel,fashion,birthday,92,,semantic-category-v8:fashion:birthday
SAFE,cmta1iox700dmq8iy4pm38inf,Legacyapparel,Δωροκάρτα Legacy Apparel,fashion,christmas,86,,semantic-category-v8:fashion:christmas
SAFE,cmta1iox700dmq8iy4pm38inf,Legacyapparel,Δωροκάρτα Legacy Apparel,fashion,just-because,78,,semantic-category-v8:fashion:just-because
SAFE,cmta1ipca00doq8iy3wz1r8i6,Lemassage,Δωροκάρτες - Le Μassage - Le Massage,spa-wellness,birthday,92,,semantic-category-v8:spa-wellness:birthday
SAFE,cmta1ipca00doq8iy3wz1r8i6,Lemassage,Δωροκάρτες - Le Μassage - Le Massage,spa-wellness,anniversary,90,,semantic-category-v8:spa-wellness:anniversary
SAFE,cmta1ipca00doq8iy3wz1r8i6,Lemassage,Δωροκάρτες - Le Μassage - Le Massage,spa-wellness,valentines,88,,semantic-category-v8:spa-wellness:valentines
SAFE,cmta1ipca00doq8iy3wz1r8i6,Lemassage,Δωροκάρτες - Le Μassage - Le Massage,spa-wellness,mothers-day,86,,semantic-category-v8:spa-wellness:mothers-day
SAFE,cmta1ipca00doq8iy3wz1r8i6,Lemassage,Δωροκάρτες - Le Μassage - Le Massage,spa-wellness,fathers-day,82,,semantic-category-v8:spa-wellness:fathers-day
SAFE,cmta1iqkv00duq8iypnyr33u4,Luigi,ποσο δωροκαρτας,fashion,birthday,92,,semantic-category-v8:fashion:birthday
SAFE,cmta1iqkv00duq8iypnyr33u4,Luigi,ποσο δωροκαρτας,fashion,christmas,86,,semantic-category-v8:fashion:christmas
SAFE,cmta1iqkv00duq8iypnyr33u4,Luigi,ποσο δωροκαρτας,fashion,just-because,78,,semantic-category-v8:fashion:just-because
SAFE,cmta1iqyr00dwq8iy88gt5o2l,Magnoliabeauty,Magnoliabeauty Gift Card,beauty,birthday,92,,semantic-category-v8:beauty:birthday
SAFE,cmta1iqyr00dwq8iy88gt5o2l,Magnoliabeauty,Magnoliabeauty Gift Card,beauty,christmas,86,,semantic-category-v8:beauty:christmas
SAFE,cmta1iqyr00dwq8iy88gt5o2l,Magnoliabeauty,Magnoliabeauty Gift Card,beauty,mothers-day,82,,semantic-category-v8:beauty:mothers-day
SAFE,cmta1iqyr00dwq8iy88gt5o2l,Magnoliabeauty,Magnoliabeauty Gift Card,beauty,just-because,78,,semantic-category-v8:beauty:just-because
SAFE,cmta1ircx00dyq8iygrrclm5b,Maiarea,GIFT CARD-ΔΩΡΟΕΠΙΤΑΓΗ,fashion,birthday,92,,semantic-category-v8:fashion:birthday
SAFE,cmta1ircx00dyq8iygrrclm5b,Maiarea,GIFT CARD-ΔΩΡΟΕΠΙΤΑΓΗ,fashion,christmas,86,,semantic-category-v8:fashion:christmas
SAFE,cmta1ircx00dyq8iygrrclm5b,Maiarea,GIFT CARD-ΔΩΡΟΕΠΙΤΑΓΗ,fashion,just-because,78,,semantic-category-v8:fashion:just-because
SAFE,cmta1is6p00e2q8iydhxb4sry,Mango,Δωροκάρτα,fashion,birthday,92,,semantic-category-v8:fashion:birthday
SAFE,cmta1is6p00e2q8iydhxb4sry,Mango,Δωροκάρτα,fashion,christmas,86,,semantic-category-v8:fashion:christmas
SAFE,cmta1is6p00e2q8iydhxb4sry,Mango,Δωροκάρτα,fashion,just-because,78,,semantic-category-v8:fashion:just-because
SAFE,cmta1iskl00e4q8iy4blzttgs,Maralcrafts,Maral Crafts Gift Card 50€,jewelry-watches,birthday,94,,semantic-category-v8:jewelry-watches:birthday
SAFE,cmta1iskl00e4q8iy4blzttgs,Maralcrafts,Maral Crafts Gift Card 50€,jewelry-watches,anniversary,94,,semantic-category-v8:jewelry-watches:anniversary
SAFE,cmta1iskl00e4q8iy4blzttgs,Maralcrafts,Maral Crafts Gift Card 50€,jewelry-watches,wedding,88,,semantic-category-v8:jewelry-watches:wedding
SAFE,cmta1iskl00e4q8iy4blzttgs,Maralcrafts,Maral Crafts Gift Card 50€,jewelry-watches,valentines,92,,semantic-category-v8:jewelry-watches:valentines
SAFE,cmta1iskl00e4q8iy4blzttgs,Maralcrafts,Maral Crafts Gift Card 50€,jewelry-watches,christmas,88,,semantic-category-v8:jewelry-watches:christmas
SAFE,cmta1iszf00e6q8iyhvyjlqm9,Marketfix,Gift Card Niyamas - Ηλεκτρονική Δωροκάρτα 20€,marketplaces,birthday,90,,semantic-category-v8:marketplaces:birthday
SAFE,cmta1iszf00e6q8iyhvyjlqm9,Marketfix,Gift Card Niyamas - Ηλεκτρονική Δωροκάρτα 20€,marketplaces,christmas,90,,semantic-category-v8:marketplaces:christmas
SAFE,cmta1iszf00e6q8iyhvyjlqm9,Marketfix,Gift Card Niyamas - Ηλεκτρονική Δωροκάρτα 20€,marketplaces,just-because,82,,semantic-category-v8:marketplaces:just-because
SAFE,cmta1itdc00e8q8iy8qkpk1e1,Materiaprima,Materiaprima Gift Card,food-delivery,birthday,84,,semantic-category-v8:food-delivery:birthday
SAFE,cmta1itdc00e8q8iy8qkpk1e1,Materiaprima,Materiaprima Gift Card,food-delivery,thank-you,84,,semantic-category-v8:food-delivery:thank-you
SAFE,cmta1itdc00e8q8iy8qkpk1e1,Materiaprima,Materiaprima Gift Card,food-delivery,just-because,82,,semantic-category-v8:food-delivery:just-because
SAFE,cmta1itr600eaq8iydau8m0py,Mavrogiannistravel,Δωροεπιταγή - ΔΩΡΟΕΠΙΤΑΓΗ,travel,birthday,88,,semantic-category-v8:travel:birthday
SAFE,cmta1itr600eaq8iydau8m0py,Mavrogiannistravel,Δωροεπιταγή - ΔΩΡΟΕΠΙΤΑΓΗ,travel,anniversary,92,,semantic-category-v8:travel:anniversary
SAFE,cmta1itr600eaq8iydau8m0py,Mavrogiannistravel,Δωροεπιταγή - ΔΩΡΟΕΠΙΤΑΓΗ,travel,wedding,88,,semantic-category-v8:travel:wedding
SAFE,cmta1itr600eaq8iydau8m0py,Mavrogiannistravel,Δωροεπιταγή - ΔΩΡΟΕΠΙΤΑΓΗ,travel,christmas,82,,semantic-category-v8:travel:christmas
SAFE,cmta1iu5p00ecq8iyczdel2ss,Maziotisjewels,E‑Gift Card – Maziotis Jewels Handmade Jewelry,jewelry-watches,birthday,94,,semantic-category-v8:jewelry-watches:birthday
SAFE,cmta1iu5p00ecq8iyczdel2ss,Maziotisjewels,E‑Gift Card – Maziotis Jewels Handmade Jewelry,jewelry-watches,anniversary,94,,semantic-category-v8:jewelry-watches:anniversary
SAFE,cmta1iu5p00ecq8iyczdel2ss,Maziotisjewels,E‑Gift Card – Maziotis Jewels Handmade Jewelry,jewelry-watches,wedding,88,,semantic-category-v8:jewelry-watches:wedding
SAFE,cmta1iu5p00ecq8iyczdel2ss,Maziotisjewels,E‑Gift Card – Maziotis Jewels Handmade Jewelry,jewelry-watches,valentines,92,,semantic-category-v8:jewelry-watches:valentines
SAFE,cmta1iu5p00ecq8iyczdel2ss,Maziotisjewels,E‑Gift Card – Maziotis Jewels Handmade Jewelry,jewelry-watches,christmas,88,,semantic-category-v8:jewelry-watches:christmas
SAFE,cmta1iuk000eeq8iyfaeygi3b,Mdi,Mdi Gift Card,fashion,birthday,92,,semantic-category-v8:fashion:birthday
SAFE,cmta1iuk000eeq8iyfaeygi3b,Mdi,Mdi Gift Card,fashion,christmas,86,,semantic-category-v8:fashion:christmas
SAFE,cmta1iuk000eeq8iyfaeygi3b,Mdi,Mdi Gift Card,fashion,just-because,78,,semantic-category-v8:fashion:just-because
SAFE,cmta1iuxb00egq8iy89v7agca,Medithea Eshop,Χαρίστε ομορφιά & φροντίδα με μία e-Gift Card,beauty,birthday,92,,semantic-category-v8:beauty:birthday
SAFE,cmta1iuxb00egq8iy89v7agca,Medithea Eshop,Χαρίστε ομορφιά & φροντίδα με μία e-Gift Card,beauty,christmas,86,,semantic-category-v8:beauty:christmas
SAFE,cmta1iuxb00egq8iy89v7agca,Medithea Eshop,Χαρίστε ομορφιά & φροντίδα με μία e-Gift Card,beauty,mothers-day,82,,semantic-category-v8:beauty:mothers-day
SAFE,cmta1iuxb00egq8iy89v7agca,Medithea Eshop,Χαρίστε ομορφιά & φροντίδα με μία e-Gift Card,beauty,just-because,78,,semantic-category-v8:beauty:just-because
SAFE,cmta1ivb800eiq8iyvekuk8o3,Melrose,Δωροκάρτες Melrose Beauty Bar,beauty,birthday,92,,semantic-category-v8:beauty:birthday
SAFE,cmta1ivb800eiq8iyvekuk8o3,Melrose,Δωροκάρτες Melrose Beauty Bar,beauty,christmas,86,,semantic-category-v8:beauty:christmas
SAFE,cmta1ivb800eiq8iyvekuk8o3,Melrose,Δωροκάρτες Melrose Beauty Bar,beauty,mothers-day,82,,semantic-category-v8:beauty:mothers-day
SAFE,cmta1ivb800eiq8iyvekuk8o3,Melrose,Δωροκάρτες Melrose Beauty Bar,beauty,just-because,78,,semantic-category-v8:beauty:just-because
SAFE,cmta1ivpi00ekq8iywimva2rx,Mfbeautysalon,Δωροκάρτα,beauty,birthday,92,,semantic-category-v8:beauty:birthday
SAFE,cmta1ivpi00ekq8iywimva2rx,Mfbeautysalon,Δωροκάρτα,beauty,christmas,86,,semantic-category-v8:beauty:christmas
SAFE,cmta1ivpi00ekq8iywimva2rx,Mfbeautysalon,Δωροκάρτα,beauty,mothers-day,82,,semantic-category-v8:beauty:mothers-day
SAFE,cmta1ivpi00ekq8iywimva2rx,Mfbeautysalon,Δωροκάρτα,beauty,just-because,78,,semantic-category-v8:beauty:just-because
SAFE,cmta1iw3700emq8iyu2nqv2dn,Mfdayspa,MF Day Spa Δωροεπιταγή,spa-wellness,birthday,92,,semantic-category-v8:spa-wellness:birthday
SAFE,cmta1iw3700emq8iyu2nqv2dn,Mfdayspa,MF Day Spa Δωροεπιταγή,spa-wellness,anniversary,90,,semantic-category-v8:spa-wellness:anniversary
SAFE,cmta1iw3700emq8iyu2nqv2dn,Mfdayspa,MF Day Spa Δωροεπιταγή,spa-wellness,valentines,88,,semantic-category-v8:spa-wellness:valentines
SAFE,cmta1iw3700emq8iyu2nqv2dn,Mfdayspa,MF Day Spa Δωροεπιταγή,spa-wellness,mothers-day,86,,semantic-category-v8:spa-wellness:mothers-day
SAFE,cmta1iw3700emq8iyu2nqv2dn,Mfdayspa,MF Day Spa Δωροεπιταγή,spa-wellness,fathers-day,82,,semantic-category-v8:spa-wellness:fathers-day
SAFE,cmta1iwh800eoq8iy8cbsq9v0,Mgjewels,Digital Gift Card,jewelry-watches,birthday,94,,semantic-category-v8:jewelry-watches:birthday
SAFE,cmta1iwh800eoq8iy8cbsq9v0,Mgjewels,Digital Gift Card,jewelry-watches,anniversary,94,,semantic-category-v8:jewelry-watches:anniversary
SAFE,cmta1iwh800eoq8iy8cbsq9v0,Mgjewels,Digital Gift Card,jewelry-watches,wedding,88,,semantic-category-v8:jewelry-watches:wedding
SAFE,cmta1iwh800eoq8iy8cbsq9v0,Mgjewels,Digital Gift Card,jewelry-watches,valentines,92,,semantic-category-v8:jewelry-watches:valentines
SAFE,cmta1iwh800eoq8iy8cbsq9v0,Mgjewels,Digital Gift Card,jewelry-watches,christmas,88,,semantic-category-v8:jewelry-watches:christmas
SAFE,cmta1iwun00eqq8iyol8nrtwy,Michanossport,Michanossport Gift Card,sports,birthday,92,,semantic-category-v8:sports:birthday
SAFE,cmta1iwun00eqq8iyol8nrtwy,Michanossport,Michanossport Gift Card,sports,christmas,86,,semantic-category-v8:sports:christmas
SAFE,cmta1iwun00eqq8iyol8nrtwy,Michanossport,Michanossport Gift Card,sports,just-because,76,,semantic-category-v8:sports:just-because
SAFE,cmta1ix8a00esq8iyx9vwmckf,Mikelidis,Mikelidis Gift Card 300€,jewelry-watches,birthday,94,,semantic-category-v8:jewelry-watches:birthday
SAFE,cmta1ix8a00esq8iyx9vwmckf,Mikelidis,Mikelidis Gift Card 300€,jewelry-watches,anniversary,94,,semantic-category-v8:jewelry-watches:anniversary
SAFE,cmta1ix8a00esq8iyx9vwmckf,Mikelidis,Mikelidis Gift Card 300€,jewelry-watches,wedding,88,,semantic-category-v8:jewelry-watches:wedding
SAFE,cmta1ix8a00esq8iyx9vwmckf,Mikelidis,Mikelidis Gift Card 300€,jewelry-watches,valentines,92,,semantic-category-v8:jewelry-watches:valentines
SAFE,cmta1ix8a00esq8iyx9vwmckf,Mikelidis,Mikelidis Gift Card 300€,jewelry-watches,christmas,88,,semantic-category-v8:jewelry-watches:christmas
SAFE,cmta1ixm400euq8iy6w8fh6ah,Misa,MISA E-GIFT Card,beauty,birthday,92,,semantic-category-v8:beauty:birthday
SAFE,cmta1ixm400euq8iy6w8fh6ah,Misa,MISA E-GIFT Card,beauty,christmas,86,,semantic-category-v8:beauty:christmas
SAFE,cmta1ixm400euq8iy6w8fh6ah,Misa,MISA E-GIFT Card,beauty,mothers-day,82,,semantic-category-v8:beauty:mothers-day
SAFE,cmta1ixm400euq8iy6w8fh6ah,Misa,MISA E-GIFT Card,beauty,just-because,78,,semantic-category-v8:beauty:just-because
SAFE,cmta1iyh900eyq8iyewrmhob9,Molliashoes,Molliashoes Gift Card,fashion,birthday,92,,semantic-category-v8:fashion:birthday
SAFE,cmta1iyh900eyq8iyewrmhob9,Molliashoes,Molliashoes Gift Card,fashion,christmas,86,,semantic-category-v8:fashion:christmas
SAFE,cmta1iyh900eyq8iyewrmhob9,Molliashoes,Molliashoes Gift Card,fashion,just-because,78,,semantic-category-v8:fashion:just-because
SAFE,cmta1iyw100f0q8iyyl3g2m31,Motovinios,Motovinios Δωροκάρτα 100€,automotive,birthday,86,,semantic-category-v8:automotive:birthday
SAFE,cmta1iyw100f0q8iyyl3g2m31,Motovinios,Motovinios Δωροκάρτα 100€,automotive,christmas,82,,semantic-category-v8:automotive:christmas
SAFE,cmta1iyw100f0q8iyyl3g2m31,Motovinios,Motovinios Δωροκάρτα 100€,automotive,just-because,76,,semantic-category-v8:automotive:just-because
SAFE,cmta1iz9l00f2q8iyi8h5dd3j,Moustakisfc,Ψηφιακή δωροκάρτα,home,wedding,88,,semantic-category-v8:home:wedding
SAFE,cmta1iz9l00f2q8iyi8h5dd3j,Moustakisfc,Ψηφιακή δωροκάρτα,home,christmas,84,,semantic-category-v8:home:christmas
SAFE,cmta1iz9l00f2q8iyi8h5dd3j,Moustakisfc,Ψηφιακή δωροκάρτα,home,just-because,76,,semantic-category-v8:home:just-because
SAFE,cmta1izn900f4q8iyb8ps8p5a,Movelab,Gift Card | Move Lab Koropi,sports,birthday,92,,semantic-category-v8:sports:birthday
SAFE,cmta1izn900f4q8iyb8ps8p5a,Movelab,Gift Card | Move Lab Koropi,sports,christmas,86,,semantic-category-v8:sports:christmas
SAFE,cmta1izn900f4q8iyb8ps8p5a,Movelab,Gift Card | Move Lab Koropi,sports,just-because,76,,semantic-category-v8:sports:just-because
SAFE,cmta1j01o00f6q8iy4fta6xj4,Musicworks,Δωροκάρτα - Music Works Shop,music,birthday,92,,semantic-category-v8:music:birthday
SAFE,cmta1j01o00f6q8iy4fta6xj4,Musicworks,Δωροκάρτα - Music Works Shop,music,christmas,88,,semantic-category-v8:music:christmas
SAFE,cmta1j01o00f6q8iy4fta6xj4,Musicworks,Δωροκάρτα - Music Works Shop,music,just-because,78,,semantic-category-v8:music:just-because
SAFE,cmta1j0st00f8q8iyavkhvjm3,Muststore,Gift Card | Must Store,fashion,birthday,92,,semantic-category-v8:fashion:birthday
SAFE,cmta1j0st00f8q8iyavkhvjm3,Muststore,Gift Card | Must Store,fashion,christmas,86,,semantic-category-v8:fashion:christmas
SAFE,cmta1j0st00f8q8iyavkhvjm3,Muststore,Gift Card | Must Store,fashion,just-because,78,,semantic-category-v8:fashion:just-because
SAFE,cmta1j1af00faq8iyw0v4fvvw,Mycolours,Athina Balasi My Colours | eGift Card,experiences,birthday,94,,semantic-category-v8:experiences:birthday
SAFE,cmta1j1af00faq8iyw0v4fvvw,Mycolours,Athina Balasi My Colours | eGift Card,experiences,anniversary,90,,semantic-category-v8:experiences:anniversary
SAFE,cmta1j1af00faq8iyw0v4fvvw,Mycolours,Athina Balasi My Colours | eGift Card,experiences,valentines,88,,semantic-category-v8:experiences:valentines
SAFE,cmta1j1af00faq8iyw0v4fvvw,Mycolours,Athina Balasi My Colours | eGift Card,experiences,christmas,84,,semantic-category-v8:experiences:christmas
SAFE,cmta1j1rt00fcq8iyyrjwj6oi,Mymarket,Δωροεπιταγές My market,food-delivery,birthday,84,,semantic-category-v8:food-delivery:birthday
SAFE,cmta1j1rt00fcq8iyyrjwj6oi,Mymarket,Δωροεπιταγές My market,food-delivery,thank-you,84,,semantic-category-v8:food-delivery:thank-you
SAFE,cmta1j1rt00fcq8iyyrjwj6oi,Mymarket,Δωροεπιταγές My market,food-delivery,just-because,82,,semantic-category-v8:food-delivery:just-because
SAFE,cmta1j29v00feq8iyhuj3tzwe,Myran,Myran Giftcard,home,wedding,88,,semantic-category-v8:home:wedding
SAFE,cmta1j29v00feq8iyhuj3tzwe,Myran,Myran Giftcard,home,christmas,84,,semantic-category-v8:home:christmas
SAFE,cmta1j29v00feq8iyhuj3tzwe,Myran,Myran Giftcard,home,just-because,76,,semantic-category-v8:home:just-because
SAFE,cmta1j2rw00fgq8iydjopixyl,Myrtia,Myrtia Gift Card,beauty,birthday,92,,semantic-category-v8:beauty:birthday
SAFE,cmta1j2rw00fgq8iydjopixyl,Myrtia,Myrtia Gift Card,beauty,christmas,86,,semantic-category-v8:beauty:christmas
SAFE,cmta1j2rw00fgq8iydjopixyl,Myrtia,Myrtia Gift Card,beauty,mothers-day,82,,semantic-category-v8:beauty:mothers-day
SAFE,cmta1j2rw00fgq8iydjopixyl,Myrtia,Myrtia Gift Card,beauty,just-because,78,,semantic-category-v8:beauty:just-because
SAFE,cmta1j3sy00fkq8iyg4q8u153,Natprod,Δωροκάρτα,food-delivery,birthday,84,,semantic-category-v8:food-delivery:birthday
SAFE,cmta1j3sy00fkq8iyg4q8u153,Natprod,Δωροκάρτα,food-delivery,thank-you,84,,semantic-category-v8:food-delivery:thank-you
SAFE,cmta1j3sy00fkq8iyg4q8u153,Natprod,Δωροκάρτα,food-delivery,just-because,82,,semantic-category-v8:food-delivery:just-because
SAFE,cmta1j4ro00foq8iybo0bc5uh,Nespo,Ηλεκτρονική Δωροκάρτα Nespo,sports,birthday,92,,semantic-category-v8:sports:birthday
SAFE,cmta1j4ro00foq8iybo0bc5uh,Nespo,Ηλεκτρονική Δωροκάρτα Nespo,sports,christmas,86,,semantic-category-v8:sports:christmas
SAFE,cmta1j4ro00foq8iybo0bc5uh,Nespo,Ηλεκτρονική Δωροκάρτα Nespo,sports,just-because,76,,semantic-category-v8:sports:just-because
SAFE,cmta1j5b400fqq8iyyo1vs0cc,Nextsystems,Δωροκάρτα Next Systems,technology,birthday,92,,semantic-category-v8:technology:birthday
SAFE,cmta1j5b400fqq8iyyo1vs0cc,Nextsystems,Δωροκάρτα Next Systems,technology,christmas,90,,semantic-category-v8:technology:christmas
SAFE,cmta1j5b400fqq8iyyo1vs0cc,Nextsystems,Δωροκάρτα Next Systems,technology,just-because,76,,semantic-category-v8:technology:just-because
SAFE,cmta1j6a900fuq8iyosylt8ne,Osteriamamma,Osteriamamma Gift Card,restaurants,birthday,92,,semantic-category-v8:restaurants:birthday
SAFE,cmta1j6a900fuq8iyosylt8ne,Osteriamamma,Osteriamamma Gift Card,restaurants,anniversary,94,,semantic-category-v8:restaurants:anniversary
SAFE,cmta1j6a900fuq8iyosylt8ne,Osteriamamma,Osteriamamma Gift Card,restaurants,valentines,92,,semantic-category-v8:restaurants:valentines
SAFE,cmta1j6a900fuq8iyosylt8ne,Osteriamamma,Osteriamamma Gift Card,restaurants,thank-you,84,,semantic-category-v8:restaurants:thank-you
SAFE,cmta1j6a900fuq8iyosylt8ne,Osteriamamma,Osteriamamma Gift Card,restaurants,just-because,84,,semantic-category-v8:restaurants:just-because
SAFE,cmta1j6rb00fwq8iyoium168p,Pargaoro,ΔΩΡΟΚΑΡΤΑ - pargaoro.gr,jewelry-watches,birthday,94,,semantic-category-v8:jewelry-watches:birthday
SAFE,cmta1j6rb00fwq8iyoium168p,Pargaoro,ΔΩΡΟΚΑΡΤΑ - pargaoro.gr,jewelry-watches,anniversary,94,,semantic-category-v8:jewelry-watches:anniversary
SAFE,cmta1j6rb00fwq8iyoium168p,Pargaoro,ΔΩΡΟΚΑΡΤΑ - pargaoro.gr,jewelry-watches,wedding,88,,semantic-category-v8:jewelry-watches:wedding
SAFE,cmta1j6rb00fwq8iyoium168p,Pargaoro,ΔΩΡΟΚΑΡΤΑ - pargaoro.gr,jewelry-watches,valentines,92,,semantic-category-v8:jewelry-watches:valentines
SAFE,cmta1j6rb00fwq8iyoium168p,Pargaoro,ΔΩΡΟΚΑΡΤΑ - pargaoro.gr,jewelry-watches,christmas,88,,semantic-category-v8:jewelry-watches:christmas
SAFE,cmta1j77e00fyq8iyr9b9nm78,Parnass,Gift card Parnass 120,sports,birthday,92,,semantic-category-v8:sports:birthday
SAFE,cmta1j77e00fyq8iyr9b9nm78,Parnass,Gift card Parnass 120,sports,christmas,86,,semantic-category-v8:sports:christmas
SAFE,cmta1j77e00fyq8iyr9b9nm78,Parnass,Gift card Parnass 120,sports,just-because,76,,semantic-category-v8:sports:just-because
SAFE,cmta1j7oa00g0q8iygdnjdv5j,Parousiafashion,Parousia Fashion Δωροεπιταγή 70€,fashion,birthday,92,,semantic-category-v8:fashion:birthday
SAFE,cmta1j7oa00g0q8iygdnjdv5j,Parousiafashion,Parousia Fashion Δωροεπιταγή 70€,fashion,christmas,86,,semantic-category-v8:fashion:christmas
SAFE,cmta1j7oa00g0q8iygdnjdv5j,Parousiafashion,Parousia Fashion Δωροεπιταγή 70€,fashion,just-because,78,,semantic-category-v8:fashion:just-because
SAFE,cmta1j85q00g2q8iyvsncmagm,Patistascosmetics,Patistascosmetics Gift Card,beauty,birthday,92,,semantic-category-v8:beauty:birthday
SAFE,cmta1j85q00g2q8iyvsncmagm,Patistascosmetics,Patistascosmetics Gift Card,beauty,christmas,86,,semantic-category-v8:beauty:christmas
SAFE,cmta1j85q00g2q8iyvsncmagm,Patistascosmetics,Patistascosmetics Gift Card,beauty,mothers-day,82,,semantic-category-v8:beauty:mothers-day
SAFE,cmta1j85q00g2q8iyvsncmagm,Patistascosmetics,Patistascosmetics Gift Card,beauty,just-because,78,,semantic-category-v8:beauty:just-because
SAFE,cmta1j8og00g4q8iyvg84dauk,Pethellas,Δωροκάρτα,pets,just-because,82,,semantic-category-v8:pets:just-because
SAFE,cmta1j94w00g6q8iy1z0e6n4p,Petiteboutique,GIFT CARD ΔΩΡΟΕΠΙΤΑΓΗ – P❤️B petite boutique,fashion,birthday,92,,semantic-category-v8:fashion:birthday
SAFE,cmta1j94w00g6q8iy1z0e6n4p,Petiteboutique,GIFT CARD ΔΩΡΟΕΠΙΤΑΓΗ – P❤️B petite boutique,fashion,christmas,86,,semantic-category-v8:fashion:christmas
SAFE,cmta1j94w00g6q8iy1z0e6n4p,Petiteboutique,GIFT CARD ΔΩΡΟΕΠΙΤΑΓΗ – P❤️B petite boutique,fashion,just-because,78,,semantic-category-v8:fashion:just-because
SAFE,cmta1j9kr00g8q8iytr87lk32,Petvet24,Δωροκάρτα (Gift Card),pets,just-because,82,,semantic-category-v8:pets:just-because
SAFE,cmta1ja1u00gaq8iypniunt0y,Pezzetta,Pezzetta eGift Card,home,wedding,88,,semantic-category-v8:home:wedding
SAFE,cmta1ja1u00gaq8iypniunt0y,Pezzetta,Pezzetta eGift Card,home,christmas,84,,semantic-category-v8:home:christmas
SAFE,cmta1ja1u00gaq8iypniunt0y,Pezzetta,Pezzetta eGift Card,home,just-because,76,,semantic-category-v8:home:just-because
SAFE,cmta1jay200geq8iyzdfxuwo3,Pleasurefashion,Δωροκάρτα 30 Ευρώ - Pleasure Fashion,fashion,birthday,92,,semantic-category-v8:fashion:birthday
SAFE,cmta1jay200geq8iyzdfxuwo3,Pleasurefashion,Δωροκάρτα 30 Ευρώ - Pleasure Fashion,fashion,christmas,86,,semantic-category-v8:fashion:christmas
SAFE,cmta1jay200geq8iyzdfxuwo3,Pleasurefashion,Δωροκάρτα 30 Ευρώ - Pleasure Fashion,fashion,just-because,78,,semantic-category-v8:fashion:just-because
SAFE,cmta1jbe500ggq8iyku41w6hi,Pocolocojewellery,Δωροκάρτα - PocoLoco Jewellery #1 Επιλογή για Piercing,jewelry-watches,birthday,94,,semantic-category-v8:jewelry-watches:birthday
SAFE,cmta1jbe500ggq8iyku41w6hi,Pocolocojewellery,Δωροκάρτα - PocoLoco Jewellery #1 Επιλογή για Piercing,jewelry-watches,anniversary,94,,semantic-category-v8:jewelry-watches:anniversary
SAFE,cmta1jbe500ggq8iyku41w6hi,Pocolocojewellery,Δωροκάρτα - PocoLoco Jewellery #1 Επιλογή για Piercing,jewelry-watches,wedding,88,,semantic-category-v8:jewelry-watches:wedding
SAFE,cmta1jbe500ggq8iyku41w6hi,Pocolocojewellery,Δωροκάρτα - PocoLoco Jewellery #1 Επιλογή για Piercing,jewelry-watches,valentines,92,,semantic-category-v8:jewelry-watches:valentines
SAFE,cmta1jbe500ggq8iyku41w6hi,Pocolocojewellery,Δωροκάρτα - PocoLoco Jewellery #1 Επιλογή για Piercing,jewelry-watches,christmas,88,,semantic-category-v8:jewelry-watches:christmas
SAFE,cmta1jbve00giq8iy0kcyt5ns,Prasinoselefantas,Ψηφιακή Κάρτα Δώρου egift card,home,wedding,88,,semantic-category-v8:home:wedding
SAFE,cmta1jbve00giq8iy0kcyt5ns,Prasinoselefantas,Ψηφιακή Κάρτα Δώρου egift card,home,christmas,84,,semantic-category-v8:home:christmas
SAFE,cmta1jbve00giq8iy0kcyt5ns,Prasinoselefantas,Ψηφιακή Κάρτα Δώρου egift card,home,just-because,76,,semantic-category-v8:home:just-because
SAFE,cmta1jccn00gkq8iyko4bp2k8,Psomiadishome,Δωροκάρτα - giftcard,home,wedding,88,,semantic-category-v8:home:wedding
SAFE,cmta1jccn00gkq8iyko4bp2k8,Psomiadishome,Δωροκάρτα - giftcard,home,christmas,84,,semantic-category-v8:home:christmas
SAFE,cmta1jccn00gkq8iyko4bp2k8,Psomiadishome,Δωροκάρτα - giftcard,home,just-because,76,,semantic-category-v8:home:just-because
SAFE,cmta1jcvk00gmq8iyrx516n5h,Ptbox,Gift Card - PT Box,sports,birthday,92,,semantic-category-v8:sports:birthday
SAFE,cmta1jcvk00gmq8iyrx516n5h,Ptbox,Gift Card - PT Box,sports,christmas,86,,semantic-category-v8:sports:christmas
SAFE,cmta1jcvk00gmq8iyrx516n5h,Ptbox,Gift Card - PT Box,sports,just-because,76,,semantic-category-v8:sports:just-because
SAFE,cmta1jdf100goq8iymwne5top,Sandglass,Δωροκάρτα - Sandglass.gr by Ammos & Gyali,home,wedding,88,,semantic-category-v8:home:wedding
SAFE,cmta1jdf100goq8iymwne5top,Sandglass,Δωροκάρτα - Sandglass.gr by Ammos & Gyali,home,christmas,84,,semantic-category-v8:home:christmas
SAFE,cmta1jdf100goq8iymwne5top,Sandglass,Δωροκάρτα - Sandglass.gr by Ammos & Gyali,home,just-because,76,,semantic-category-v8:home:just-because
SAFE,cmta1jdvx00gqq8iy4767yu90,Secrets of Beauty,Secrets of Beauty Gift Card,beauty,birthday,92,,semantic-category-v8:beauty:birthday
SAFE,cmta1jdvx00gqq8iy4767yu90,Secrets of Beauty,Secrets of Beauty Gift Card,beauty,christmas,86,,semantic-category-v8:beauty:christmas
SAFE,cmta1jdvx00gqq8iy4767yu90,Secrets of Beauty,Secrets of Beauty Gift Card,beauty,mothers-day,82,,semantic-category-v8:beauty:mothers-day
SAFE,cmta1jdvx00gqq8iy4767yu90,Secrets of Beauty,Secrets of Beauty Gift Card,beauty,just-because,78,,semantic-category-v8:beauty:just-because
SAFE,cmta1jebk00gsq8iy1xtjtw90,Signature,Ταξιδιωτική δωροεπιταγή : το καλύτερο δώρο!,travel,birthday,88,,semantic-category-v8:travel:birthday
SAFE,cmta1jebk00gsq8iy1xtjtw90,Signature,Ταξιδιωτική δωροεπιταγή : το καλύτερο δώρο!,travel,anniversary,92,,semantic-category-v8:travel:anniversary
SAFE,cmta1jebk00gsq8iy1xtjtw90,Signature,Ταξιδιωτική δωροεπιταγή : το καλύτερο δώρο!,travel,wedding,88,,semantic-category-v8:travel:wedding
SAFE,cmta1jebk00gsq8iy1xtjtw90,Signature,Ταξιδιωτική δωροεπιταγή : το καλύτερο δώρο!,travel,christmas,82,,semantic-category-v8:travel:christmas
SAFE,cmta1jewr00guq8iysneicire,Simple City,Δωροκάρτα,home,wedding,88,,semantic-category-v8:home:wedding
SAFE,cmta1jewr00guq8iysneicire,Simple City,Δωροκάρτα,home,christmas,84,,semantic-category-v8:home:christmas
SAFE,cmta1jewr00guq8iysneicire,Simple City,Δωροκάρτα,home,just-because,76,,semantic-category-v8:home:just-because
SAFE,cmta1jfeg00gwq8iyzwet61xe,Skinky,Skinky Gift Card,beauty,birthday,92,,semantic-category-v8:beauty:birthday
SAFE,cmta1jfeg00gwq8iyzwet61xe,Skinky,Skinky Gift Card,beauty,christmas,86,,semantic-category-v8:beauty:christmas
SAFE,cmta1jfeg00gwq8iyzwet61xe,Skinky,Skinky Gift Card,beauty,mothers-day,82,,semantic-category-v8:beauty:mothers-day
SAFE,cmta1jfeg00gwq8iyzwet61xe,Skinky,Skinky Gift Card,beauty,just-because,78,,semantic-category-v8:beauty:just-because
SAFE,cmta1jfvm00gyq8iy0cpkveho,Skynn,Skynn Gift Card,beauty,birthday,92,,semantic-category-v8:beauty:birthday
SAFE,cmta1jfvm00gyq8iy0cpkveho,Skynn,Skynn Gift Card,beauty,christmas,86,,semantic-category-v8:beauty:christmas
SAFE,cmta1jfvm00gyq8iy0cpkveho,Skynn,Skynn Gift Card,beauty,mothers-day,82,,semantic-category-v8:beauty:mothers-day
SAFE,cmta1jfvm00gyq8iy0cpkveho,Skynn,Skynn Gift Card,beauty,just-because,78,,semantic-category-v8:beauty:just-because
SAFE,cmta1jgb900h0q8iyso43fmmm,Sokmi,Gift card - Δωροκάρτα,beauty,birthday,92,,semantic-category-v8:beauty:birthday
SAFE,cmta1jgb900h0q8iyso43fmmm,Sokmi,Gift card - Δωροκάρτα,beauty,christmas,86,,semantic-category-v8:beauty:christmas
SAFE,cmta1jgb900h0q8iyso43fmmm,Sokmi,Gift card - Δωροκάρτα,beauty,mothers-day,82,,semantic-category-v8:beauty:mothers-day
SAFE,cmta1jgb900h0q8iyso43fmmm,Sokmi,Gift card - Δωροκάρτα,beauty,just-because,78,,semantic-category-v8:beauty:just-because
SAFE,cmta1jgrc00h2q8iylmuzku7m,Sonice,Sonice Δωροεπιταγή 50€,beauty,birthday,92,,semantic-category-v8:beauty:birthday
SAFE,cmta1jgrc00h2q8iylmuzku7m,Sonice,Sonice Δωροεπιταγή 50€,beauty,christmas,86,,semantic-category-v8:beauty:christmas
SAFE,cmta1jgrc00h2q8iylmuzku7m,Sonice,Sonice Δωροεπιταγή 50€,beauty,mothers-day,82,,semantic-category-v8:beauty:mothers-day
SAFE,cmta1jgrc00h2q8iylmuzku7m,Sonice,Sonice Δωροεπιταγή 50€,beauty,just-because,78,,semantic-category-v8:beauty:just-because
SAFE,cmta1jhmo00h6q8iy0wb09n6y,Spitispa,Δωροκάρτα - spitispa.gr,spa-wellness,birthday,92,,semantic-category-v8:spa-wellness:birthday
SAFE,cmta1jhmo00h6q8iy0wb09n6y,Spitispa,Δωροκάρτα - spitispa.gr,spa-wellness,anniversary,90,,semantic-category-v8:spa-wellness:anniversary
SAFE,cmta1jhmo00h6q8iy0wb09n6y,Spitispa,Δωροκάρτα - spitispa.gr,spa-wellness,valentines,88,,semantic-category-v8:spa-wellness:valentines
SAFE,cmta1jhmo00h6q8iy0wb09n6y,Spitispa,Δωροκάρτα - spitispa.gr,spa-wellness,mothers-day,86,,semantic-category-v8:spa-wellness:mothers-day
SAFE,cmta1jhmo00h6q8iy0wb09n6y,Spitispa,Δωροκάρτα - spitispa.gr,spa-wellness,fathers-day,82,,semantic-category-v8:spa-wellness:fathers-day
SAFE,cmta1ji3200h8q8iyjb06dwjh,Star Nails,Δωροκάρτα - eGift Card,beauty,birthday,92,,semantic-category-v8:beauty:birthday
SAFE,cmta1ji3200h8q8iyjb06dwjh,Star Nails,Δωροκάρτα - eGift Card,beauty,christmas,86,,semantic-category-v8:beauty:christmas
SAFE,cmta1ji3200h8q8iyjb06dwjh,Star Nails,Δωροκάρτα - eGift Card,beauty,mothers-day,82,,semantic-category-v8:beauty:mothers-day
SAFE,cmta1ji3200h8q8iyjb06dwjh,Star Nails,Δωροκάρτα - eGift Card,beauty,just-because,78,,semantic-category-v8:beauty:just-because
SAFE,cmta1jijd00haq8iy0wkujph9,Stickit,Stickit Δωροεπιταγή 10€ – 100€,home,wedding,88,,semantic-category-v8:home:wedding
SAFE,cmta1jijd00haq8iy0wkujph9,Stickit,Stickit Δωροεπιταγή 10€ – 100€,home,christmas,84,,semantic-category-v8:home:christmas
SAFE,cmta1jijd00haq8iy0wkujph9,Stickit,Stickit Δωροεπιταγή 10€ – 100€,home,just-because,76,,semantic-category-v8:home:just-because
SAFE,cmta1jj2z00hcq8iy8m07iarh,Sticky,Δωροκαρτα Sticky,home,wedding,88,,semantic-category-v8:home:wedding
SAFE,cmta1jj2z00hcq8iy8m07iarh,Sticky,Δωροκαρτα Sticky,home,christmas,84,,semantic-category-v8:home:christmas
SAFE,cmta1jj2z00hcq8iy8m07iarh,Sticky,Δωροκαρτα Sticky,home,just-because,76,,semantic-category-v8:home:just-because
SAFE,cmta1jk1x00hgq8iyhbyiv7pp,Storybook,e-Gift Card - storybook,books,birthday,90,,semantic-category-v8:books:birthday
SAFE,cmta1jk1x00hgq8iyhbyiv7pp,Storybook,e-Gift Card - storybook,books,christmas,90,,semantic-category-v8:books:christmas
SAFE,cmta1jk1x00hgq8iyhbyiv7pp,Storybook,e-Gift Card - storybook,books,thank-you,82,,semantic-category-v8:books:thank-you
SAFE,cmta1jkmg00hiq8iyeoo1j71v,Strata Shop,Δωροκάρτα - strata-shop.gr,fashion,birthday,92,,semantic-category-v8:fashion:birthday
SAFE,cmta1jkmg00hiq8iyeoo1j71v,Strata Shop,Δωροκάρτα - strata-shop.gr,fashion,christmas,86,,semantic-category-v8:fashion:christmas
SAFE,cmta1jkmg00hiq8iyeoo1j71v,Strata Shop,Δωροκάρτα - strata-shop.gr,fashion,just-because,78,,semantic-category-v8:fashion:just-because
SAFE,cmta1jl4p00hkq8iyfg4jho4h,Sunsandclouds,Sunsandclouds Gift Card,kids-baby,birthday,94,,semantic-category-v8:kids-baby:birthday
SAFE,cmta1jl4p00hkq8iyfg4jho4h,Sunsandclouds,Sunsandclouds Gift Card,kids-baby,for-kids,96,,semantic-category-v8:kids-baby:for-kids
SAFE,cmta1jl4p00hkq8iyfg4jho4h,Sunsandclouds,Sunsandclouds Gift Card,kids-baby,christmas,90,,semantic-category-v8:kids-baby:christmas
SAFE,cmta1jlnm00hmq8iy6safgwzd,Superstrom,e-Gift Card,home,wedding,88,,semantic-category-v8:home:wedding
SAFE,cmta1jlnm00hmq8iy6safgwzd,Superstrom,e-Gift Card,home,christmas,84,,semantic-category-v8:home:christmas
SAFE,cmta1jlnm00hmq8iy6safgwzd,Superstrom,e-Gift Card,home,just-because,76,,semantic-category-v8:home:just-because
SAFE,cmta1jm6i00hoq8iy9v4u5xg5,T Support,Ηλεκτρονική Δωροκάρτα,technology,birthday,92,,semantic-category-v8:technology:birthday
SAFE,cmta1jm6i00hoq8iy9v4u5xg5,T Support,Ηλεκτρονική Δωροκάρτα,technology,christmas,90,,semantic-category-v8:technology:christmas
SAFE,cmta1jm6i00hoq8iy9v4u5xg5,T Support,Ηλεκτρονική Δωροκάρτα,technology,just-because,76,,semantic-category-v8:technology:just-because
SAFE,cmta1jmup00hqq8iy8s59w364,Talosgems,"Δωροκάρτα - Talos Gems - Φυσικά Πετρώματα, Κρύσταλλα ...",jewelry-watches,birthday,94,,semantic-category-v8:jewelry-watches:birthday
SAFE,cmta1jmup00hqq8iy8s59w364,Talosgems,"Δωροκάρτα - Talos Gems - Φυσικά Πετρώματα, Κρύσταλλα ...",jewelry-watches,anniversary,94,,semantic-category-v8:jewelry-watches:anniversary
SAFE,cmta1jmup00hqq8iy8s59w364,Talosgems,"Δωροκάρτα - Talos Gems - Φυσικά Πετρώματα, Κρύσταλλα ...",jewelry-watches,wedding,88,,semantic-category-v8:jewelry-watches:wedding
SAFE,cmta1jmup00hqq8iy8s59w364,Talosgems,"Δωροκάρτα - Talos Gems - Φυσικά Πετρώματα, Κρύσταλλα ...",jewelry-watches,valentines,92,,semantic-category-v8:jewelry-watches:valentines
SAFE,cmta1jmup00hqq8iy8s59w364,Talosgems,"Δωροκάρτα - Talos Gems - Φυσικά Πετρώματα, Κρύσταλλα ...",jewelry-watches,christmas,88,,semantic-category-v8:jewelry-watches:christmas
SAFE,cmta1jnc700hsq8iy9qxa7npy,Tartarooga,"Giftcard, Δωροκάρτα",jewelry-watches,birthday,94,,semantic-category-v8:jewelry-watches:birthday
SAFE,cmta1jnc700hsq8iy9qxa7npy,Tartarooga,"Giftcard, Δωροκάρτα",jewelry-watches,anniversary,94,,semantic-category-v8:jewelry-watches:anniversary
SAFE,cmta1jnc700hsq8iy9qxa7npy,Tartarooga,"Giftcard, Δωροκάρτα",jewelry-watches,wedding,88,,semantic-category-v8:jewelry-watches:wedding
SAFE,cmta1jnc700hsq8iy9qxa7npy,Tartarooga,"Giftcard, Δωροκάρτα",jewelry-watches,valentines,92,,semantic-category-v8:jewelry-watches:valentines
SAFE,cmta1jnc700hsq8iy9qxa7npy,Tartarooga,"Giftcard, Δωροκάρτα",jewelry-watches,christmas,88,,semantic-category-v8:jewelry-watches:christmas
SAFE,cmta1jnvb00huq8iy2rfxodu8,Techframe,Δωροκάρτα - TechFrame,technology,birthday,92,,semantic-category-v8:technology:birthday
SAFE,cmta1jnvb00huq8iy2rfxodu8,Techframe,Δωροκάρτα - TechFrame,technology,christmas,90,,semantic-category-v8:technology:christmas
SAFE,cmta1jnvb00huq8iy2rfxodu8,Techframe,Δωροκάρτα - TechFrame,technology,just-because,76,,semantic-category-v8:technology:just-because
SAFE,cmta1job800hwq8iyod3lhrkp,Tempus,Tempus Gift Card,jewelry-watches,birthday,94,,semantic-category-v8:jewelry-watches:birthday
SAFE,cmta1job800hwq8iyod3lhrkp,Tempus,Tempus Gift Card,jewelry-watches,anniversary,94,,semantic-category-v8:jewelry-watches:anniversary
SAFE,cmta1job800hwq8iyod3lhrkp,Tempus,Tempus Gift Card,jewelry-watches,wedding,88,,semantic-category-v8:jewelry-watches:wedding
SAFE,cmta1job800hwq8iyod3lhrkp,Tempus,Tempus Gift Card,jewelry-watches,valentines,92,,semantic-category-v8:jewelry-watches:valentines
SAFE,cmta1job800hwq8iyod3lhrkp,Tempus,Tempus Gift Card,jewelry-watches,christmas,88,,semantic-category-v8:jewelry-watches:christmas
SAFE,cmta1jot900hyq8iy9t72wmep,Teo,TEO Hair Salons - E-gift Card,beauty,birthday,92,,semantic-category-v8:beauty:birthday
SAFE,cmta1jot900hyq8iy9t72wmep,Teo,TEO Hair Salons - E-gift Card,beauty,christmas,86,,semantic-category-v8:beauty:christmas
SAFE,cmta1jot900hyq8iy9t72wmep,Teo,TEO Hair Salons - E-gift Card,beauty,mothers-day,82,,semantic-category-v8:beauty:mothers-day
SAFE,cmta1jot900hyq8iy9t72wmep,Teo,TEO Hair Salons - E-gift Card,beauty,just-because,78,,semantic-category-v8:beauty:just-because
SAFE,cmta1jpat00i0q8iywyn40qck,Thebrands,VIRTUAL GIFT CARD,fashion,birthday,92,,semantic-category-v8:fashion:birthday
SAFE,cmta1jpat00i0q8iywyn40qck,Thebrands,VIRTUAL GIFT CARD,fashion,christmas,86,,semantic-category-v8:fashion:christmas
SAFE,cmta1jpat00i0q8iywyn40qck,Thebrands,VIRTUAL GIFT CARD,fashion,just-because,78,,semantic-category-v8:fashion:just-because
SAFE,cmta1jpt400i2q8iyuea4hfjh,Thejacketmaker,Buy E-Gift Card in Greece - The Jacket Maker,fashion,birthday,92,,semantic-category-v8:fashion:birthday
SAFE,cmta1jpt400i2q8iyuea4hfjh,Thejacketmaker,Buy E-Gift Card in Greece - The Jacket Maker,fashion,christmas,86,,semantic-category-v8:fashion:christmas
SAFE,cmta1jpt400i2q8iyuea4hfjh,Thejacketmaker,Buy E-Gift Card in Greece - The Jacket Maker,fashion,just-because,78,,semantic-category-v8:fashion:just-because
SAFE,cmta1jq9i00i4q8iybfdyv8r1,Theocreations,Δωροκάρτα,jewelry-watches,birthday,94,,semantic-category-v8:jewelry-watches:birthday
SAFE,cmta1jq9i00i4q8iybfdyv8r1,Theocreations,Δωροκάρτα,jewelry-watches,anniversary,94,,semantic-category-v8:jewelry-watches:anniversary
SAFE,cmta1jq9i00i4q8iybfdyv8r1,Theocreations,Δωροκάρτα,jewelry-watches,wedding,88,,semantic-category-v8:jewelry-watches:wedding
SAFE,cmta1jq9i00i4q8iybfdyv8r1,Theocreations,Δωροκάρτα,jewelry-watches,valentines,92,,semantic-category-v8:jewelry-watches:valentines
SAFE,cmta1jq9i00i4q8iybfdyv8r1,Theocreations,Δωροκάρτα,jewelry-watches,christmas,88,,semantic-category-v8:jewelry-watches:christmas
SAFE,cmta1jqr600i6q8iyy3wz1tsk,Tinytoes,Gift Card | Tiny Toes,kids-baby,birthday,94,,semantic-category-v8:kids-baby:birthday
SAFE,cmta1jqr600i6q8iyy3wz1tsk,Tinytoes,Gift Card | Tiny Toes,kids-baby,for-kids,96,,semantic-category-v8:kids-baby:for-kids
SAFE,cmta1jqr600i6q8iyy3wz1tsk,Tinytoes,Gift Card | Tiny Toes,kids-baby,christmas,90,,semantic-category-v8:kids-baby:christmas
SAFE,cmta1jr9v00i8q8iye2zkol72,Toalfavitarisou,e-Gift Card,fashion,birthday,92,,semantic-category-v8:fashion:birthday
SAFE,cmta1jr9v00i8q8iye2zkol72,Toalfavitarisou,e-Gift Card,fashion,christmas,86,,semantic-category-v8:fashion:christmas
SAFE,cmta1jr9v00i8q8iye2zkol72,Toalfavitarisou,e-Gift Card,fashion,just-because,78,,semantic-category-v8:fashion:just-because
SAFE,cmta1jrt400iaq8iymrwg1lq5,Toms,Giftcard - Toms,fashion,birthday,92,,semantic-category-v8:fashion:birthday
SAFE,cmta1jrt400iaq8iymrwg1lq5,Toms,Giftcard - Toms,fashion,christmas,86,,semantic-category-v8:fashion:christmas
SAFE,cmta1jrt400iaq8iymrwg1lq5,Toms,Giftcard - Toms,fashion,just-because,78,,semantic-category-v8:fashion:just-because
SAFE,cmta1jsa400icq8iy7rh4l4sw,Toolman,Ηλεκτρονική Δωροκάρτα Toolman,home,wedding,88,,semantic-category-v8:home:wedding
SAFE,cmta1jsa400icq8iy7rh4l4sw,Toolman,Ηλεκτρονική Δωροκάρτα Toolman,home,christmas,84,,semantic-category-v8:home:christmas
SAFE,cmta1jsa400icq8iy7rh4l4sw,Toolman,Ηλεκτρονική Δωροκάρτα Toolman,home,just-because,76,,semantic-category-v8:home:just-because
SAFE,cmta1jsr800ieq8iywfmnl4tl,Turritella,Δωροκάρτα 50€ - Turritella,jewelry-watches,birthday,94,,semantic-category-v8:jewelry-watches:birthday
SAFE,cmta1jsr800ieq8iywfmnl4tl,Turritella,Δωροκάρτα 50€ - Turritella,jewelry-watches,anniversary,94,,semantic-category-v8:jewelry-watches:anniversary
SAFE,cmta1jsr800ieq8iywfmnl4tl,Turritella,Δωροκάρτα 50€ - Turritella,jewelry-watches,wedding,88,,semantic-category-v8:jewelry-watches:wedding
SAFE,cmta1jsr800ieq8iywfmnl4tl,Turritella,Δωροκάρτα 50€ - Turritella,jewelry-watches,valentines,92,,semantic-category-v8:jewelry-watches:valentines
SAFE,cmta1jsr800ieq8iywfmnl4tl,Turritella,Δωροκάρτα 50€ - Turritella,jewelry-watches,christmas,88,,semantic-category-v8:jewelry-watches:christmas
SAFE,cmta1jt7300igq8iykn2s4bmc,Urban Nomad,E-GIFT CARD - Urban Nomad,fashion,birthday,92,,semantic-category-v8:fashion:birthday
SAFE,cmta1jt7300igq8iykn2s4bmc,Urban Nomad,E-GIFT CARD - Urban Nomad,fashion,christmas,86,,semantic-category-v8:fashion:christmas
SAFE,cmta1jt7300igq8iykn2s4bmc,Urban Nomad,E-GIFT CARD - Urban Nomad,fashion,just-because,78,,semantic-category-v8:fashion:just-because
SAFE,cmta1juox00imq8iyq0ogpo5e,Veel,Ηλεκτρονική δωροκάρτα | Veel,beauty,birthday,92,,semantic-category-v8:beauty:birthday
SAFE,cmta1juox00imq8iyq0ogpo5e,Veel,Ηλεκτρονική δωροκάρτα | Veel,beauty,christmas,86,,semantic-category-v8:beauty:christmas
SAFE,cmta1juox00imq8iyq0ogpo5e,Veel,Ηλεκτρονική δωροκάρτα | Veel,beauty,mothers-day,82,,semantic-category-v8:beauty:mothers-day
SAFE,cmta1juox00imq8iyq0ogpo5e,Veel,Ηλεκτρονική δωροκάρτα | Veel,beauty,just-because,78,,semantic-category-v8:beauty:just-because
SAFE,cmta1jv6700ioq8iy7ler7qfy,Verandadelvino,Verandadelvino Gift Card,restaurants,birthday,92,,semantic-category-v8:restaurants:birthday
SAFE,cmta1jv6700ioq8iy7ler7qfy,Verandadelvino,Verandadelvino Gift Card,restaurants,anniversary,94,,semantic-category-v8:restaurants:anniversary
SAFE,cmta1jv6700ioq8iy7ler7qfy,Verandadelvino,Verandadelvino Gift Card,restaurants,valentines,92,,semantic-category-v8:restaurants:valentines
SAFE,cmta1jv6700ioq8iy7ler7qfy,Verandadelvino,Verandadelvino Gift Card,restaurants,thank-you,84,,semantic-category-v8:restaurants:thank-you
SAFE,cmta1jv6700ioq8iy7ler7qfy,Verandadelvino,Verandadelvino Gift Card,restaurants,just-because,84,,semantic-category-v8:restaurants:just-because
SAFE,cmta1jvn600iqq8iyar6bcxq8,Verdantgarden,Ψηφιακή δωροκάρτα,home,wedding,88,,semantic-category-v8:home:wedding
SAFE,cmta1jvn600iqq8iyar6bcxq8,Verdantgarden,Ψηφιακή δωροκάρτα,home,christmas,84,,semantic-category-v8:home:christmas
SAFE,cmta1jvn600iqq8iyar6bcxq8,Verdantgarden,Ψηφιακή δωροκάρτα,home,just-because,76,,semantic-category-v8:home:just-because
SAFE,cmta1jw4o00isq8iyb5tjygd5,Viejewellery,Gift Card - Δωροκάρτα - Vie jewellery,jewelry-watches,birthday,94,,semantic-category-v8:jewelry-watches:birthday
SAFE,cmta1jw4o00isq8iyb5tjygd5,Viejewellery,Gift Card - Δωροκάρτα - Vie jewellery,jewelry-watches,anniversary,94,,semantic-category-v8:jewelry-watches:anniversary
SAFE,cmta1jw4o00isq8iyb5tjygd5,Viejewellery,Gift Card - Δωροκάρτα - Vie jewellery,jewelry-watches,wedding,88,,semantic-category-v8:jewelry-watches:wedding
SAFE,cmta1jw4o00isq8iyb5tjygd5,Viejewellery,Gift Card - Δωροκάρτα - Vie jewellery,jewelry-watches,valentines,92,,semantic-category-v8:jewelry-watches:valentines
SAFE,cmta1jw4o00isq8iyb5tjygd5,Viejewellery,Gift Card - Δωροκάρτα - Vie jewellery,jewelry-watches,christmas,88,,semantic-category-v8:jewelry-watches:christmas
SAFE,cmta1jwkp00iuq8iyo3gkq9hn,Vintagecava,Δωροκάρτα - Gift Card - Cava Vintage - Wine & Spirits,food-delivery,birthday,84,,semantic-category-v8:food-delivery:birthday
SAFE,cmta1jwkp00iuq8iyo3gkq9hn,Vintagecava,Δωροκάρτα - Gift Card - Cava Vintage - Wine & Spirits,food-delivery,thank-you,84,,semantic-category-v8:food-delivery:thank-you
SAFE,cmta1jwkp00iuq8iyo3gkq9hn,Vintagecava,Δωροκάρτα - Gift Card - Cava Vintage - Wine & Spirits,food-delivery,just-because,82,,semantic-category-v8:food-delivery:just-because
SAFE,cmta1jxhh00iyq8iykqh46pfh,Winewalkers,Gift Card | Wine Walkers,food-delivery,birthday,84,,semantic-category-v8:food-delivery:birthday
SAFE,cmta1jxhh00iyq8iykqh46pfh,Winewalkers,Gift Card | Wine Walkers,food-delivery,thank-you,84,,semantic-category-v8:food-delivery:thank-you
SAFE,cmta1jxhh00iyq8iykqh46pfh,Winewalkers,Gift Card | Wine Walkers,food-delivery,just-because,82,,semantic-category-v8:food-delivery:just-because
SAFE,cmta1jyfy00j2q8iym29ffatd,Xmode,Gift Card | Xmode.gr,technology,birthday,92,,semantic-category-v8:technology:birthday
SAFE,cmta1jyfy00j2q8iym29ffatd,Xmode,Gift Card | Xmode.gr,technology,christmas,90,,semantic-category-v8:technology:christmas
SAFE,cmta1jyfy00j2q8iym29ffatd,Xmode,Gift Card | Xmode.gr,technology,just-because,76,,semantic-category-v8:technology:just-because
SAFE,cmta1jyv900j4q8iyp2i9pyz5,Yellowstars,YellowStars Δωροκάρτα 20€,kids-baby,birthday,94,,semantic-category-v8:kids-baby:birthday
SAFE,cmta1jyv900j4q8iyp2i9pyz5,Yellowstars,YellowStars Δωροκάρτα 20€,kids-baby,for-kids,96,,semantic-category-v8:kids-baby:for-kids
SAFE,cmta1jyv900j4q8iyp2i9pyz5,Yellowstars,YellowStars Δωροκάρτα 20€,kids-baby,christmas,90,,semantic-category-v8:kids-baby:christmas
SAFE,cmta1jzbm00j6q8iyz27tbwl4,You,eGift Card,technology,birthday,92,,semantic-category-v8:technology:birthday
SAFE,cmta1jzbm00j6q8iyz27tbwl4,You,eGift Card,technology,christmas,90,,semantic-category-v8:technology:christmas
SAFE,cmta1jzbm00j6q8iyz27tbwl4,You,eGift Card,technology,just-because,76,,semantic-category-v8:technology:just-because
SAFE,cmta1jzrs00j8q8iyl690r6g7,Zakroshoes,Zakro Gift Card,fashion,birthday,92,,semantic-category-v8:fashion:birthday
SAFE,cmta1jzrs00j8q8iyl690r6g7,Zakroshoes,Zakro Gift Card,fashion,christmas,86,,semantic-category-v8:fashion:christmas
SAFE,cmta1jzrs00j8q8iyl690r6g7,Zakroshoes,Zakro Gift Card,fashion,just-because,78,,semantic-category-v8:fashion:just-because
SAFE,cmta1k08j00jaq8iy49e6rrba,Zoniou,Zoniou Gift Card,beauty,birthday,92,,semantic-category-v8:beauty:birthday
SAFE,cmta1k08j00jaq8iy49e6rrba,Zoniou,Zoniou Gift Card,beauty,christmas,86,,semantic-category-v8:beauty:christmas
SAFE,cmta1k08j00jaq8iy49e6rrba,Zoniou,Zoniou Gift Card,beauty,mothers-day,82,,semantic-category-v8:beauty:mothers-day
SAFE,cmta1k08j00jaq8iy49e6rrba,Zoniou,Zoniou Gift Card,beauty,just-because,78,,semantic-category-v8:beauty:just-because
SAFE,cmta1k0o700jcq8iyl30grhl5,Mantastravel,Δωροκάρτα - Ταξιδιωτικό Γραφείο Mantas Travel Κόρινθος,travel,birthday,88,,semantic-category-v8:travel:birthday
SAFE,cmta1k0o700jcq8iyl30grhl5,Mantastravel,Δωροκάρτα - Ταξιδιωτικό Γραφείο Mantas Travel Κόρινθος,travel,anniversary,92,,semantic-category-v8:travel:anniversary
SAFE,cmta1k0o700jcq8iyl30grhl5,Mantastravel,Δωροκάρτα - Ταξιδιωτικό Γραφείο Mantas Travel Κόρινθος,travel,wedding,88,,semantic-category-v8:travel:wedding
SAFE,cmta1k0o700jcq8iyl30grhl5,Mantastravel,Δωροκάρτα - Ταξιδιωτικό Γραφείο Mantas Travel Κόρινθος,travel,christmas,82,,semantic-category-v8:travel:christmas
SAFE,cmta1k14o00jeq8iy6y6lgrnj,Idealofsweden,Idealofsweden Gift Card,technology,birthday,92,,semantic-category-v8:technology:birthday
SAFE,cmta1k14o00jeq8iy6y6lgrnj,Idealofsweden,Idealofsweden Gift Card,technology,christmas,90,,semantic-category-v8:technology:christmas
SAFE,cmta1k14o00jeq8iy6y6lgrnj,Idealofsweden,Idealofsweden Gift Card,technology,just-because,76,,semantic-category-v8:technology:just-because
SAFE,cmta1k1m500jgq8iyshe958cq,Pnoewave,Gift Card - Pnoe - Body & Mind Wellness,spa-wellness,birthday,92,,semantic-category-v8:spa-wellness:birthday
SAFE,cmta1k1m500jgq8iyshe958cq,Pnoewave,Gift Card - Pnoe - Body & Mind Wellness,spa-wellness,anniversary,90,,semantic-category-v8:spa-wellness:anniversary
SAFE,cmta1k1m500jgq8iyshe958cq,Pnoewave,Gift Card - Pnoe - Body & Mind Wellness,spa-wellness,valentines,88,,semantic-category-v8:spa-wellness:valentines
SAFE,cmta1k1m500jgq8iyshe958cq,Pnoewave,Gift Card - Pnoe - Body & Mind Wellness,spa-wellness,mothers-day,86,,semantic-category-v8:spa-wellness:mothers-day
SAFE,cmta1k1m500jgq8iyshe958cq,Pnoewave,Gift Card - Pnoe - Body & Mind Wellness,spa-wellness,fathers-day,82,,semantic-category-v8:spa-wellness:fathers-day
SAFE,cmta1k23q00jiq8iynvqcl54v,Romeo,Romeo Gift Card,restaurants,birthday,92,,semantic-category-v8:restaurants:birthday
SAFE,cmta1k23q00jiq8iynvqcl54v,Romeo,Romeo Gift Card,restaurants,anniversary,94,,semantic-category-v8:restaurants:anniversary
SAFE,cmta1k23q00jiq8iynvqcl54v,Romeo,Romeo Gift Card,restaurants,valentines,92,,semantic-category-v8:restaurants:valentines
SAFE,cmta1k23q00jiq8iynvqcl54v,Romeo,Romeo Gift Card,restaurants,thank-you,84,,semantic-category-v8:restaurants:thank-you
SAFE,cmta1k23q00jiq8iynvqcl54v,Romeo,Romeo Gift Card,restaurants,just-because,84,,semantic-category-v8:restaurants:just-because
SAFE,cmta1k2le00jkq8iyng6hncr7,Vavoulistours,Vavoulistours Gift Card,travel,birthday,88,,semantic-category-v8:travel:birthday
SAFE,cmta1k2le00jkq8iyng6hncr7,Vavoulistours,Vavoulistours Gift Card,travel,anniversary,92,,semantic-category-v8:travel:anniversary
SAFE,cmta1k2le00jkq8iyng6hncr7,Vavoulistours,Vavoulistours Gift Card,travel,wedding,88,,semantic-category-v8:travel:wedding
SAFE,cmta1k2le00jkq8iyng6hncr7,Vavoulistours,Vavoulistours Gift Card,travel,christmas,82,,semantic-category-v8:travel:christmas
SAFE,cmta1k33j00jmq8iy7dosx0mg,Wine24shop,Gift Card 20 euro - Wine24shop,food-delivery,birthday,84,,semantic-category-v8:food-delivery:birthday
SAFE,cmta1k33j00jmq8iy7dosx0mg,Wine24shop,Gift Card 20 euro - Wine24shop,food-delivery,thank-you,84,,semantic-category-v8:food-delivery:thank-you
SAFE,cmta1k33j00jmq8iy7dosx0mg,Wine24shop,Gift Card 20 euro - Wine24shop,food-delivery,just-because,82,,semantic-category-v8:food-delivery:just-because
SAFE,cmta1k3kn00joq8iyvt4mz4a4,Afroditesbeaute,Afrodites Beaute Gift Card,beauty,birthday,92,,semantic-category-v8:beauty:birthday
SAFE,cmta1k3kn00joq8iyvt4mz4a4,Afroditesbeaute,Afrodites Beaute Gift Card,beauty,christmas,86,,semantic-category-v8:beauty:christmas
SAFE,cmta1k3kn00joq8iyvt4mz4a4,Afroditesbeaute,Afrodites Beaute Gift Card,beauty,mothers-day,82,,semantic-category-v8:beauty:mothers-day
SAFE,cmta1k3kn00joq8iyvt4mz4a4,Afroditesbeaute,Afrodites Beaute Gift Card,beauty,just-because,78,,semantic-category-v8:beauty:just-because
SAFE,cmta1k3zz00jqq8iys4ggznve,Alkistijewelry,Alkistijewelry Gift Card,jewelry-watches,birthday,94,,semantic-category-v8:jewelry-watches:birthday
SAFE,cmta1k3zz00jqq8iys4ggznve,Alkistijewelry,Alkistijewelry Gift Card,jewelry-watches,anniversary,94,,semantic-category-v8:jewelry-watches:anniversary
SAFE,cmta1k3zz00jqq8iys4ggznve,Alkistijewelry,Alkistijewelry Gift Card,jewelry-watches,wedding,88,,semantic-category-v8:jewelry-watches:wedding
SAFE,cmta1k3zz00jqq8iys4ggznve,Alkistijewelry,Alkistijewelry Gift Card,jewelry-watches,valentines,92,,semantic-category-v8:jewelry-watches:valentines
SAFE,cmta1k3zz00jqq8iys4ggznve,Alkistijewelry,Alkistijewelry Gift Card,jewelry-watches,christmas,88,,semantic-category-v8:jewelry-watches:christmas
SAFE,cmta1k4h700jsq8iya7wu9oi9,Alpamayopro,Alpamayopro Gift Card,sports,birthday,92,,semantic-category-v8:sports:birthday
SAFE,cmta1k4h700jsq8iya7wu9oi9,Alpamayopro,Alpamayopro Gift Card,sports,christmas,86,,semantic-category-v8:sports:christmas
SAFE,cmta1k4h700jsq8iya7wu9oi9,Alpamayopro,Alpamayopro Gift Card,sports,just-because,76,,semantic-category-v8:sports:just-because
SAFE,cmta1k4ye00juq8iyeeswbskm,Animusmassage,Gift certificate,spa-wellness,birthday,92,,semantic-category-v8:spa-wellness:birthday
SAFE,cmta1k4ye00juq8iyeeswbskm,Animusmassage,Gift certificate,spa-wellness,anniversary,90,,semantic-category-v8:spa-wellness:anniversary
SAFE,cmta1k4ye00juq8iyeeswbskm,Animusmassage,Gift certificate,spa-wellness,valentines,88,,semantic-category-v8:spa-wellness:valentines
SAFE,cmta1k4ye00juq8iyeeswbskm,Animusmassage,Gift certificate,spa-wellness,mothers-day,86,,semantic-category-v8:spa-wellness:mothers-day
SAFE,cmta1k4ye00juq8iyeeswbskm,Animusmassage,Gift certificate,spa-wellness,fathers-day,82,,semantic-category-v8:spa-wellness:fathers-day
SAFE,cmta1k5f500jwq8iyplvt7fkz,Annamariamazaraki,Gift Card 50 euro. Give the gift of love to your beloved one ...,jewelry-watches,birthday,94,,semantic-category-v8:jewelry-watches:birthday
SAFE,cmta1k5f500jwq8iyplvt7fkz,Annamariamazaraki,Gift Card 50 euro. Give the gift of love to your beloved one ...,jewelry-watches,anniversary,94,,semantic-category-v8:jewelry-watches:anniversary
SAFE,cmta1k5f500jwq8iyplvt7fkz,Annamariamazaraki,Gift Card 50 euro. Give the gift of love to your beloved one ...,jewelry-watches,wedding,88,,semantic-category-v8:jewelry-watches:wedding
SAFE,cmta1k5f500jwq8iyplvt7fkz,Annamariamazaraki,Gift Card 50 euro. Give the gift of love to your beloved one ...,jewelry-watches,valentines,92,,semantic-category-v8:jewelry-watches:valentines
SAFE,cmta1k5f500jwq8iyplvt7fkz,Annamariamazaraki,Gift Card 50 euro. Give the gift of love to your beloved one ...,jewelry-watches,christmas,88,,semantic-category-v8:jewelry-watches:christmas
SAFE,cmta1k5uz00jyq8iyq2wyszdo,Atmospherespa,Atmospherespa Gift Card,spa-wellness,birthday,92,,semantic-category-v8:spa-wellness:birthday
SAFE,cmta1k5uz00jyq8iyq2wyszdo,Atmospherespa,Atmospherespa Gift Card,spa-wellness,anniversary,90,,semantic-category-v8:spa-wellness:anniversary
SAFE,cmta1k5uz00jyq8iyq2wyszdo,Atmospherespa,Atmospherespa Gift Card,spa-wellness,valentines,88,,semantic-category-v8:spa-wellness:valentines
SAFE,cmta1k5uz00jyq8iyq2wyszdo,Atmospherespa,Atmospherespa Gift Card,spa-wellness,mothers-day,86,,semantic-category-v8:spa-wellness:mothers-day
SAFE,cmta1k5uz00jyq8iyq2wyszdo,Atmospherespa,Atmospherespa Gift Card,spa-wellness,fathers-day,82,,semantic-category-v8:spa-wellness:fathers-day
SAFE,cmta1k6cm00k0q8iyu7mz3xb2,Calzomania,Gift Card – Calzomania – Εσώρουχα και Μαγιό,fashion,birthday,92,,semantic-category-v8:fashion:birthday
SAFE,cmta1k6cm00k0q8iyu7mz3xb2,Calzomania,Gift Card – Calzomania – Εσώρουχα και Μαγιό,fashion,christmas,86,,semantic-category-v8:fashion:christmas
SAFE,cmta1k6cm00k0q8iyu7mz3xb2,Calzomania,Gift Card – Calzomania – Εσώρουχα και Μαγιό,fashion,just-because,78,,semantic-category-v8:fashion:just-because
SAFE,cmta1k6s900k2q8iyypdni1wr,Completetravel,Gift Card • Κάρτα Δώρου,travel,birthday,88,,semantic-category-v8:travel:birthday
SAFE,cmta1k6s900k2q8iyypdni1wr,Completetravel,Gift Card • Κάρτα Δώρου,travel,anniversary,92,,semantic-category-v8:travel:anniversary
SAFE,cmta1k6s900k2q8iyypdni1wr,Completetravel,Gift Card • Κάρτα Δώρου,travel,wedding,88,,semantic-category-v8:travel:wedding
SAFE,cmta1k6s900k2q8iyypdni1wr,Completetravel,Gift Card • Κάρτα Δώρου,travel,christmas,82,,semantic-category-v8:travel:christmas
SAFE,cmta1k78p00k4q8iyynk38nc7,Electrocrete,Στείλε την αγάπη σου και μια... δωροκάρτα,technology,birthday,92,,semantic-category-v8:technology:birthday
SAFE,cmta1k78p00k4q8iyynk38nc7,Electrocrete,Στείλε την αγάπη σου και μια... δωροκάρτα,technology,christmas,90,,semantic-category-v8:technology:christmas
SAFE,cmta1k78p00k4q8iyynk38nc7,Electrocrete,Στείλε την αγάπη σου και μια... δωροκάρτα,technology,just-because,76,,semantic-category-v8:technology:just-because
SAFE,cmta1k8fg00k8q8iyfbf1o1z4,Flowmassage,Gift Card - Flow Massage,spa-wellness,birthday,92,,semantic-category-v8:spa-wellness:birthday
SAFE,cmta1k8fg00k8q8iyfbf1o1z4,Flowmassage,Gift Card - Flow Massage,spa-wellness,anniversary,90,,semantic-category-v8:spa-wellness:anniversary
SAFE,cmta1k8fg00k8q8iyfbf1o1z4,Flowmassage,Gift Card - Flow Massage,spa-wellness,valentines,88,,semantic-category-v8:spa-wellness:valentines
SAFE,cmta1k8fg00k8q8iyfbf1o1z4,Flowmassage,Gift Card - Flow Massage,spa-wellness,mothers-day,86,,semantic-category-v8:spa-wellness:mothers-day
SAFE,cmta1k8fg00k8q8iyfbf1o1z4,Flowmassage,Gift Card - Flow Massage,spa-wellness,fathers-day,82,,semantic-category-v8:spa-wellness:fathers-day
SAFE,cmta1k8xm00kaq8iy3sqsa28b,Iridaspa,Δωροκάρτα - Gift Card,spa-wellness,birthday,92,,semantic-category-v8:spa-wellness:birthday
SAFE,cmta1k8xm00kaq8iy3sqsa28b,Iridaspa,Δωροκάρτα - Gift Card,spa-wellness,anniversary,90,,semantic-category-v8:spa-wellness:anniversary
SAFE,cmta1k8xm00kaq8iy3sqsa28b,Iridaspa,Δωροκάρτα - Gift Card,spa-wellness,valentines,88,,semantic-category-v8:spa-wellness:valentines
SAFE,cmta1k8xm00kaq8iy3sqsa28b,Iridaspa,Δωροκάρτα - Gift Card,spa-wellness,mothers-day,86,,semantic-category-v8:spa-wellness:mothers-day
SAFE,cmta1k8xm00kaq8iy3sqsa28b,Iridaspa,Δωροκάρτα - Gift Card,spa-wellness,fathers-day,82,,semantic-category-v8:spa-wellness:fathers-day
SAFE,cmta1k9e100kcq8iy7vft0lkd,Luxurylivingspa,Luxurylivingspa Gift Card,spa-wellness,birthday,92,,semantic-category-v8:spa-wellness:birthday
SAFE,cmta1k9e100kcq8iy7vft0lkd,Luxurylivingspa,Luxurylivingspa Gift Card,spa-wellness,anniversary,90,,semantic-category-v8:spa-wellness:anniversary
SAFE,cmta1k9e100kcq8iy7vft0lkd,Luxurylivingspa,Luxurylivingspa Gift Card,spa-wellness,valentines,88,,semantic-category-v8:spa-wellness:valentines
SAFE,cmta1k9e100kcq8iy7vft0lkd,Luxurylivingspa,Luxurylivingspa Gift Card,spa-wellness,mothers-day,86,,semantic-category-v8:spa-wellness:mothers-day
SAFE,cmta1k9e100kcq8iy7vft0lkd,Luxurylivingspa,Luxurylivingspa Gift Card,spa-wellness,fathers-day,82,,semantic-category-v8:spa-wellness:fathers-day
SAFE,cmta1k9v300keq8iyk7pgdspg,Massageinn,Gift Card - Massage services in Thessaloniki,spa-wellness,birthday,92,,semantic-category-v8:spa-wellness:birthday
SAFE,cmta1k9v300keq8iyk7pgdspg,Massageinn,Gift Card - Massage services in Thessaloniki,spa-wellness,anniversary,90,,semantic-category-v8:spa-wellness:anniversary
SAFE,cmta1k9v300keq8iyk7pgdspg,Massageinn,Gift Card - Massage services in Thessaloniki,spa-wellness,valentines,88,,semantic-category-v8:spa-wellness:valentines
SAFE,cmta1k9v300keq8iyk7pgdspg,Massageinn,Gift Card - Massage services in Thessaloniki,spa-wellness,mothers-day,86,,semantic-category-v8:spa-wellness:mothers-day
SAFE,cmta1k9v300keq8iyk7pgdspg,Massageinn,Gift Card - Massage services in Thessaloniki,spa-wellness,fathers-day,82,,semantic-category-v8:spa-wellness:fathers-day
SAFE,cmta1kard00kiq8iyc8lsfv9b,Melispa,Meli Spa Gift Card 30€,spa-wellness,birthday,92,,semantic-category-v8:spa-wellness:birthday
SAFE,cmta1kard00kiq8iyc8lsfv9b,Melispa,Meli Spa Gift Card 30€,spa-wellness,anniversary,90,,semantic-category-v8:spa-wellness:anniversary
SAFE,cmta1kard00kiq8iyc8lsfv9b,Melispa,Meli Spa Gift Card 30€,spa-wellness,valentines,88,,semantic-category-v8:spa-wellness:valentines
SAFE,cmta1kard00kiq8iyc8lsfv9b,Melispa,Meli Spa Gift Card 30€,spa-wellness,mothers-day,86,,semantic-category-v8:spa-wellness:mothers-day
SAFE,cmta1kard00kiq8iyc8lsfv9b,Melispa,Meli Spa Gift Card 30€,spa-wellness,fathers-day,82,,semantic-category-v8:spa-wellness:fathers-day
SAFE,cmta1kb6y00kkq8iy5q5ciyh4,Mentortravel,Gift card | Δωροκάρτα,travel,birthday,88,,semantic-category-v8:travel:birthday
SAFE,cmta1kb6y00kkq8iy5q5ciyh4,Mentortravel,Gift card | Δωροκάρτα,travel,anniversary,92,,semantic-category-v8:travel:anniversary
SAFE,cmta1kb6y00kkq8iy5q5ciyh4,Mentortravel,Gift card | Δωροκάρτα,travel,wedding,88,,semantic-category-v8:travel:wedding
SAFE,cmta1kb6y00kkq8iy5q5ciyh4,Mentortravel,Gift card | Δωροκάρτα,travel,christmas,82,,semantic-category-v8:travel:christmas
SAFE,cmta1kc1z00koq8iy0lgd58lu,Papastavroushops,Δωροκάρτες (Gift Cards) για Αναβάτες,sports,birthday,92,,semantic-category-v8:sports:birthday
SAFE,cmta1kc1z00koq8iy0lgd58lu,Papastavroushops,Δωροκάρτες (Gift Cards) για Αναβάτες,sports,christmas,86,,semantic-category-v8:sports:christmas
SAFE,cmta1kc1z00koq8iy0lgd58lu,Papastavroushops,Δωροκάρτες (Gift Cards) για Αναβάτες,sports,just-because,76,,semantic-category-v8:sports:just-because
SAFE,cmta1kcnp00kqq8iy2x1zitpr,Studio83,Studio83 Gift Card,fashion,birthday,92,,semantic-category-v8:fashion:birthday
SAFE,cmta1kcnp00kqq8iy2x1zitpr,Studio83,Studio83 Gift Card,fashion,christmas,86,,semantic-category-v8:fashion:christmas
SAFE,cmta1kcnp00kqq8iy2x1zitpr,Studio83,Studio83 Gift Card,fashion,just-because,78,,semantic-category-v8:fashion:just-because
SAFE,cmta1kd7p00ksq8iyhrirclhl,Tartare,Gift Card - TARTARE,restaurants,birthday,92,,semantic-category-v8:restaurants:birthday
SAFE,cmta1kd7p00ksq8iyhrirclhl,Tartare,Gift Card - TARTARE,restaurants,anniversary,94,,semantic-category-v8:restaurants:anniversary
SAFE,cmta1kd7p00ksq8iyhrirclhl,Tartare,Gift Card - TARTARE,restaurants,valentines,92,,semantic-category-v8:restaurants:valentines
SAFE,cmta1kd7p00ksq8iyhrirclhl,Tartare,Gift Card - TARTARE,restaurants,thank-you,84,,semantic-category-v8:restaurants:thank-you
SAFE,cmta1kd7p00ksq8iyhrirclhl,Tartare,Gift Card - TARTARE,restaurants,just-because,84,,semantic-category-v8:restaurants:just-because
SAFE,cmta1kdpl00kuq8iyzx8o451e,Thewinezoo,Gift Card | Χαρίστε ένα ξεχωριστό δώρο από το The ...,food-delivery,birthday,84,,semantic-category-v8:food-delivery:birthday
SAFE,cmta1kdpl00kuq8iyzx8o451e,Thewinezoo,Gift Card | Χαρίστε ένα ξεχωριστό δώρο από το The ...,food-delivery,thank-you,84,,semantic-category-v8:food-delivery:thank-you
SAFE,cmta1kdpl00kuq8iyzx8o451e,Thewinezoo,Gift Card | Χαρίστε ένα ξεχωριστό δώρο από το The ...,food-delivery,just-because,82,,semantic-category-v8:food-delivery:just-because
SAFE,cmta1ker900kyq8iyvoop3jdl,Aetherjewelry,Aetherjewelry Gift Card,jewelry-watches,birthday,94,,semantic-category-v8:jewelry-watches:birthday
SAFE,cmta1ker900kyq8iyvoop3jdl,Aetherjewelry,Aetherjewelry Gift Card,jewelry-watches,anniversary,94,,semantic-category-v8:jewelry-watches:anniversary
SAFE,cmta1ker900kyq8iyvoop3jdl,Aetherjewelry,Aetherjewelry Gift Card,jewelry-watches,wedding,88,,semantic-category-v8:jewelry-watches:wedding
SAFE,cmta1ker900kyq8iyvoop3jdl,Aetherjewelry,Aetherjewelry Gift Card,jewelry-watches,valentines,92,,semantic-category-v8:jewelry-watches:valentines
SAFE,cmta1ker900kyq8iyvoop3jdl,Aetherjewelry,Aetherjewelry Gift Card,jewelry-watches,christmas,88,,semantic-category-v8:jewelry-watches:christmas
SAFE,cmta1kf6y00l0q8iyhuqjctff,Annysresidences,Hotel Gift Card | Anny's Residence & Suites,hotels,birthday,84,,semantic-category-v8:hotels:birthday
SAFE,cmta1kf6y00l0q8iyhuqjctff,Annysresidences,Hotel Gift Card | Anny's Residence & Suites,hotels,anniversary,96,,semantic-category-v8:hotels:anniversary
SAFE,cmta1kf6y00l0q8iyhuqjctff,Annysresidences,Hotel Gift Card | Anny's Residence & Suites,hotels,wedding,90,,semantic-category-v8:hotels:wedding
SAFE,cmta1kf6y00l0q8iyhuqjctff,Annysresidences,Hotel Gift Card | Anny's Residence & Suites,hotels,valentines,92,,semantic-category-v8:hotels:valentines
SAFE,cmta1kfmj00l2q8iyr7i4j7w5,Athanasiakaritsa,Gift Card - Εργαστήριο Αισθητικής Αθανασία Καρύτσα,beauty,birthday,92,,semantic-category-v8:beauty:birthday
SAFE,cmta1kfmj00l2q8iyr7i4j7w5,Athanasiakaritsa,Gift Card - Εργαστήριο Αισθητικής Αθανασία Καρύτσα,beauty,christmas,86,,semantic-category-v8:beauty:christmas
SAFE,cmta1kfmj00l2q8iyr7i4j7w5,Athanasiakaritsa,Gift Card - Εργαστήριο Αισθητικής Αθανασία Καρύτσα,beauty,mothers-day,82,,semantic-category-v8:beauty:mothers-day
SAFE,cmta1kfmj00l2q8iyr7i4j7w5,Athanasiakaritsa,Gift Card - Εργαστήριο Αισθητικής Αθανασία Καρύτσα,beauty,just-because,78,,semantic-category-v8:beauty:just-because
SAFE,cmta1kga700l4q8iynzxz5thg,Athinatzika,"Gift Card - Athina Tzika | Yoga, Pilates & Ολιστικές Θεραπείες",spa-wellness,birthday,92,,semantic-category-v8:spa-wellness:birthday
SAFE,cmta1kga700l4q8iynzxz5thg,Athinatzika,"Gift Card - Athina Tzika | Yoga, Pilates & Ολιστικές Θεραπείες",spa-wellness,anniversary,90,,semantic-category-v8:spa-wellness:anniversary
SAFE,cmta1kga700l4q8iynzxz5thg,Athinatzika,"Gift Card - Athina Tzika | Yoga, Pilates & Ολιστικές Θεραπείες",spa-wellness,valentines,88,,semantic-category-v8:spa-wellness:valentines
SAFE,cmta1kga700l4q8iynzxz5thg,Athinatzika,"Gift Card - Athina Tzika | Yoga, Pilates & Ολιστικές Θεραπείες",spa-wellness,mothers-day,86,,semantic-category-v8:spa-wellness:mothers-day
SAFE,cmta1kga700l4q8iynzxz5thg,Athinatzika,"Gift Card - Athina Tzika | Yoga, Pilates & Ολιστικές Θεραπείες",spa-wellness,fathers-day,82,,semantic-category-v8:spa-wellness:fathers-day
SAFE,cmta1kgpr00l6q8iymz64nedr,Balootoys,Gift Card - BalooToys,kids-baby,birthday,94,,semantic-category-v8:kids-baby:birthday
SAFE,cmta1kgpr00l6q8iymz64nedr,Balootoys,Gift Card - BalooToys,kids-baby,for-kids,96,,semantic-category-v8:kids-baby:for-kids
SAFE,cmta1kgpr00l6q8iymz64nedr,Balootoys,Gift Card - BalooToys,kids-baby,christmas,90,,semantic-category-v8:kids-baby:christmas
SAFE,cmta1kh8o00l8q8iysbonz7gj,Baseandtop,Baseandtop Gift Card,beauty,birthday,92,,semantic-category-v8:beauty:birthday
SAFE,cmta1kh8o00l8q8iysbonz7gj,Baseandtop,Baseandtop Gift Card,beauty,christmas,86,,semantic-category-v8:beauty:christmas
SAFE,cmta1kh8o00l8q8iysbonz7gj,Baseandtop,Baseandtop Gift Card,beauty,mothers-day,82,,semantic-category-v8:beauty:mothers-day
SAFE,cmta1kh8o00l8q8iysbonz7gj,Baseandtop,Baseandtop Gift Card,beauty,just-because,78,,semantic-category-v8:beauty:just-because
SAFE,cmta1khor00laq8iyeld2ucyv,Bebestars,Bebestars Gift Card,kids-baby,birthday,94,,semantic-category-v8:kids-baby:birthday
SAFE,cmta1khor00laq8iyeld2ucyv,Bebestars,Bebestars Gift Card,kids-baby,for-kids,96,,semantic-category-v8:kids-baby:for-kids
SAFE,cmta1khor00laq8iyeld2ucyv,Bebestars,Bebestars Gift Card,kids-baby,christmas,90,,semantic-category-v8:kids-baby:christmas
SAFE,cmta1ki7v00lcq8iyp9416uhu,Blackroll,Gift Card - Blackroll.gr,sports,birthday,92,,semantic-category-v8:sports:birthday
SAFE,cmta1ki7v00lcq8iyp9416uhu,Blackroll,Gift Card - Blackroll.gr,sports,christmas,86,,semantic-category-v8:sports:christmas
SAFE,cmta1ki7v00lcq8iyp9416uhu,Blackroll,Gift Card - Blackroll.gr,sports,just-because,76,,semantic-category-v8:sports:just-because
SAFE,cmta1kioj00leq8iyp66jp838,Bloeur,GIFT CARD BLOEUR,fashion,birthday,92,,semantic-category-v8:fashion:birthday
SAFE,cmta1kioj00leq8iyp66jp838,Bloeur,GIFT CARD BLOEUR,fashion,christmas,86,,semantic-category-v8:fashion:christmas
SAFE,cmta1kioj00leq8iyp66jp838,Bloeur,GIFT CARD BLOEUR,fashion,just-because,78,,semantic-category-v8:fashion:just-because
SAFE,cmta1kj4f00lgq8iylswrmmny,Boudoirspawellness,Δωροκάρτα Boudoir Spa Wellness,spa-wellness,birthday,92,,semantic-category-v8:spa-wellness:birthday
SAFE,cmta1kj4f00lgq8iylswrmmny,Boudoirspawellness,Δωροκάρτα Boudoir Spa Wellness,spa-wellness,anniversary,90,,semantic-category-v8:spa-wellness:anniversary
SAFE,cmta1kj4f00lgq8iylswrmmny,Boudoirspawellness,Δωροκάρτα Boudoir Spa Wellness,spa-wellness,valentines,88,,semantic-category-v8:spa-wellness:valentines
SAFE,cmta1kj4f00lgq8iylswrmmny,Boudoirspawellness,Δωροκάρτα Boudoir Spa Wellness,spa-wellness,mothers-day,86,,semantic-category-v8:spa-wellness:mothers-day
SAFE,cmta1kj4f00lgq8iylswrmmny,Boudoirspawellness,Δωροκάρτα Boudoir Spa Wellness,spa-wellness,fathers-day,82,,semantic-category-v8:spa-wellness:fathers-day
SAFE,cmta1kjnj00liq8iyvj1sb1xj,Caraveltravel,Gift Card - Δωροκάρτα,travel,birthday,88,,semantic-category-v8:travel:birthday
SAFE,cmta1kjnj00liq8iyvj1sb1xj,Caraveltravel,Gift Card - Δωροκάρτα,travel,anniversary,92,,semantic-category-v8:travel:anniversary
SAFE,cmta1kjnj00liq8iyvj1sb1xj,Caraveltravel,Gift Card - Δωροκάρτα,travel,wedding,88,,semantic-category-v8:travel:wedding
SAFE,cmta1kjnj00liq8iyvj1sb1xj,Caraveltravel,Gift Card - Δωροκάρτα,travel,christmas,82,,semantic-category-v8:travel:christmas
SAFE,cmta1kk4900lkq8iyorzj05jc,Celesteshop,Celeste Gift Card,kids-baby,birthday,94,,semantic-category-v8:kids-baby:birthday
SAFE,cmta1kk4900lkq8iyorzj05jc,Celesteshop,Celeste Gift Card,kids-baby,for-kids,96,,semantic-category-v8:kids-baby:for-kids
SAFE,cmta1kk4900lkq8iyorzj05jc,Celesteshop,Celeste Gift Card,kids-baby,christmas,90,,semantic-category-v8:kids-baby:christmas
SAFE,cmta1kkni00lmq8iyk98pb3nu,Converse,Converse Gift Card,fashion,birthday,92,,semantic-category-v8:fashion:birthday
SAFE,cmta1kkni00lmq8iyk98pb3nu,Converse,Converse Gift Card,fashion,christmas,86,,semantic-category-v8:fashion:christmas
SAFE,cmta1kkni00lmq8iyk98pb3nu,Converse,Converse Gift Card,fashion,just-because,78,,semantic-category-v8:fashion:just-because
SAFE,cmta1kl4b00loq8iyupsiybh2,Creatorshop,Creatorshop Gift Card,gifts-concept-stores,birthday,92,,semantic-category-v8:gifts-concept-stores:birthday
SAFE,cmta1kl4b00loq8iyupsiybh2,Creatorshop,Creatorshop Gift Card,gifts-concept-stores,christmas,92,,semantic-category-v8:gifts-concept-stores:christmas
SAFE,cmta1kl4b00loq8iyupsiybh2,Creatorshop,Creatorshop Gift Card,gifts-concept-stores,thank-you,86,,semantic-category-v8:gifts-concept-stores:thank-you
SAFE,cmta1kl4b00loq8iyupsiybh2,Creatorshop,Creatorshop Gift Card,gifts-concept-stores,just-because,88,,semantic-category-v8:gifts-concept-stores:just-because
SAFE,cmta1klkr00lqq8iy8xzcpmqy,Culturalsociety,Gift Card Online - Cultural Society,experiences,birthday,94,,semantic-category-v8:experiences:birthday
SAFE,cmta1klkr00lqq8iy8xzcpmqy,Culturalsociety,Gift Card Online - Cultural Society,experiences,anniversary,90,,semantic-category-v8:experiences:anniversary
SAFE,cmta1klkr00lqq8iy8xzcpmqy,Culturalsociety,Gift Card Online - Cultural Society,experiences,valentines,88,,semantic-category-v8:experiences:valentines
SAFE,cmta1klkr00lqq8iy8xzcpmqy,Culturalsociety,Gift Card Online - Cultural Society,experiences,christmas,84,,semantic-category-v8:experiences:christmas
SAFE,cmta1km1x00lsq8iyzx1su6ol,Despykboutique,Ηλεκτρονική Δωροκάρτα - Giftcard,fashion,birthday,92,,semantic-category-v8:fashion:birthday
SAFE,cmta1km1x00lsq8iyzx1su6ol,Despykboutique,Ηλεκτρονική Δωροκάρτα - Giftcard,fashion,christmas,86,,semantic-category-v8:fashion:christmas
SAFE,cmta1km1x00lsq8iyzx1su6ol,Despykboutique,Ηλεκτρονική Δωροκάρτα - Giftcard,fashion,just-because,78,,semantic-category-v8:fashion:just-because
SAFE,cmta1kmim00luq8iyq8uf0otm,Dreamypicnics,Gift Card - Dreamy Picnics,experiences,birthday,94,,semantic-category-v8:experiences:birthday
SAFE,cmta1kmim00luq8iyq8uf0otm,Dreamypicnics,Gift Card - Dreamy Picnics,experiences,anniversary,90,,semantic-category-v8:experiences:anniversary
SAFE,cmta1kmim00luq8iyq8uf0otm,Dreamypicnics,Gift Card - Dreamy Picnics,experiences,valentines,88,,semantic-category-v8:experiences:valentines
SAFE,cmta1kmim00luq8iyq8uf0otm,Dreamypicnics,Gift Card - Dreamy Picnics,experiences,christmas,84,,semantic-category-v8:experiences:christmas
SAFE,cmta1kn0h00lwq8iyd7b6k11k,Ekdoseis Papasotiriou,Εκδόσεις Παπασωτηρίου Δωροκάρτα,books,birthday,90,,semantic-category-v8:books:birthday
SAFE,cmta1kn0h00lwq8iyd7b6k11k,Ekdoseis Papasotiriou,Εκδόσεις Παπασωτηρίου Δωροκάρτα,books,christmas,90,,semantic-category-v8:books:christmas
SAFE,cmta1kn0h00lwq8iyd7b6k11k,Ekdoseis Papasotiriou,Εκδόσεις Παπασωτηρίου Δωροκάρτα,books,thank-you,82,,semantic-category-v8:books:thank-you
SAFE,cmta1knh700lyq8iywo2755ud,Elenabeautyhall,Elenabeautyhall Gift Card,beauty,birthday,92,,semantic-category-v8:beauty:birthday
SAFE,cmta1knh700lyq8iywo2755ud,Elenabeautyhall,Elenabeautyhall Gift Card,beauty,christmas,86,,semantic-category-v8:beauty:christmas
SAFE,cmta1knh700lyq8iywo2755ud,Elenabeautyhall,Elenabeautyhall Gift Card,beauty,mothers-day,82,,semantic-category-v8:beauty:mothers-day
SAFE,cmta1knh700lyq8iywo2755ud,Elenabeautyhall,Elenabeautyhall Gift Card,beauty,just-because,78,,semantic-category-v8:beauty:just-because
SAFE,cmta1knwo00m0q8iy77l1z6kt,Elforsam,Gift Card – Maaji,fashion,birthday,92,,semantic-category-v8:fashion:birthday
SAFE,cmta1knwo00m0q8iy77l1z6kt,Elforsam,Gift Card – Maaji,fashion,christmas,86,,semantic-category-v8:fashion:christmas
SAFE,cmta1knwo00m0q8iy77l1z6kt,Elforsam,Gift Card – Maaji,fashion,just-because,78,,semantic-category-v8:fashion:just-because
SAFE,cmta1kodu00m2q8iypau5cwch,Euphoriamassage,Gift Card - Euphoria Massage,spa-wellness,birthday,92,,semantic-category-v8:spa-wellness:birthday
SAFE,cmta1kodu00m2q8iypau5cwch,Euphoriamassage,Gift Card - Euphoria Massage,spa-wellness,anniversary,90,,semantic-category-v8:spa-wellness:anniversary
SAFE,cmta1kodu00m2q8iypau5cwch,Euphoriamassage,Gift Card - Euphoria Massage,spa-wellness,valentines,88,,semantic-category-v8:spa-wellness:valentines
SAFE,cmta1kodu00m2q8iypau5cwch,Euphoriamassage,Gift Card - Euphoria Massage,spa-wellness,mothers-day,86,,semantic-category-v8:spa-wellness:mothers-day
SAFE,cmta1kodu00m2q8iypau5cwch,Euphoriamassage,Gift Card - Euphoria Massage,spa-wellness,fathers-day,82,,semantic-category-v8:spa-wellness:fathers-day
SAFE,cmta1kowg00m4q8iy94vgsdus,Gouves,Gift Card - Gouves Travel Market Experts,travel,birthday,88,,semantic-category-v8:travel:birthday
SAFE,cmta1kowg00m4q8iy94vgsdus,Gouves,Gift Card - Gouves Travel Market Experts,travel,anniversary,92,,semantic-category-v8:travel:anniversary
SAFE,cmta1kowg00m4q8iy94vgsdus,Gouves,Gift Card - Gouves Travel Market Experts,travel,wedding,88,,semantic-category-v8:travel:wedding
SAFE,cmta1kowg00m4q8iy94vgsdus,Gouves,Gift Card - Gouves Travel Market Experts,travel,christmas,82,,semantic-category-v8:travel:christmas
SAFE,cmta1kpd600m6q8iytyzbbym9,Hercshop,Δωροκάρτα - Herc Shop,fashion,birthday,92,,semantic-category-v8:fashion:birthday
SAFE,cmta1kpd600m6q8iytyzbbym9,Hercshop,Δωροκάρτα - Herc Shop,fashion,christmas,86,,semantic-category-v8:fashion:christmas
SAFE,cmta1kpd600m6q8iytyzbbym9,Hercshop,Δωροκάρτα - Herc Shop,fashion,just-because,78,,semantic-category-v8:fashion:just-because
SAFE,cmta1kptg00m8q8iyxikg29yq,Hlcpro,Gift Card Gold – HLC Pro by Health Laser Clinic,beauty,birthday,92,,semantic-category-v8:beauty:birthday
SAFE,cmta1kptg00m8q8iyxikg29yq,Hlcpro,Gift Card Gold – HLC Pro by Health Laser Clinic,beauty,christmas,86,,semantic-category-v8:beauty:christmas
SAFE,cmta1kptg00m8q8iyxikg29yq,Hlcpro,Gift Card Gold – HLC Pro by Health Laser Clinic,beauty,mothers-day,82,,semantic-category-v8:beauty:mothers-day
SAFE,cmta1kptg00m8q8iyxikg29yq,Hlcpro,Gift Card Gold – HLC Pro by Health Laser Clinic,beauty,just-because,78,,semantic-category-v8:beauty:just-because
SAFE,cmta1kqbn00maq8iyrbgsvpn7,Hobbylobby Yarns,Hobby Lobby Δωροεπιταγή 100€,home,wedding,88,,semantic-category-v8:home:wedding
SAFE,cmta1kqbn00maq8iyrbgsvpn7,Hobbylobby Yarns,Hobby Lobby Δωροεπιταγή 100€,home,christmas,84,,semantic-category-v8:home:christmas
SAFE,cmta1kqbn00maq8iyrbgsvpn7,Hobbylobby Yarns,Hobby Lobby Δωροεπιταγή 100€,home,just-because,76,,semantic-category-v8:home:just-because
SAFE,cmta1kqsr00mcq8iyjmcu7lpg,Houseoftennis,Gift Card – House Of Tennis,sports,birthday,92,,semantic-category-v8:sports:birthday
SAFE,cmta1kqsr00mcq8iyjmcu7lpg,Houseoftennis,Gift Card – House Of Tennis,sports,christmas,86,,semantic-category-v8:sports:christmas
SAFE,cmta1kqsr00mcq8iyjmcu7lpg,Houseoftennis,Gift Card – House Of Tennis,sports,just-because,76,,semantic-category-v8:sports:just-because
SAFE,cmta1krrq00mgq8iyceelhkq8,Imaginationtravel,Δωροεπιταγή ταξιδίου - Travel Gift Voucher,travel,birthday,88,,semantic-category-v8:travel:birthday
SAFE,cmta1krrq00mgq8iyceelhkq8,Imaginationtravel,Δωροεπιταγή ταξιδίου - Travel Gift Voucher,travel,anniversary,92,,semantic-category-v8:travel:anniversary
SAFE,cmta1krrq00mgq8iyceelhkq8,Imaginationtravel,Δωροεπιταγή ταξιδίου - Travel Gift Voucher,travel,wedding,88,,semantic-category-v8:travel:wedding
SAFE,cmta1krrq00mgq8iyceelhkq8,Imaginationtravel,Δωροεπιταγή ταξιδίου - Travel Gift Voucher,travel,christmas,82,,semantic-category-v8:travel:christmas
SAFE,cmta1ksuz00mkq8iy7xwl3c3s,Koukidabookstore,Δωροκάρτα / Gift Card ΚΟΥΚΙΔΑ,books,birthday,90,,semantic-category-v8:books:birthday
SAFE,cmta1ksuz00mkq8iy7xwl3c3s,Koukidabookstore,Δωροκάρτα / Gift Card ΚΟΥΚΙΔΑ,books,christmas,90,,semantic-category-v8:books:christmas
SAFE,cmta1ksuz00mkq8iy7xwl3c3s,Koukidabookstore,Δωροκάρτα / Gift Card ΚΟΥΚΙΔΑ,books,thank-you,82,,semantic-category-v8:books:thank-you
SAFE,cmta1ktry00moq8iyk8cnm3ts,Luckytravel,Lucky Travel Gift Card 100€ / 200€ / 300€,travel,birthday,88,,semantic-category-v8:travel:birthday
SAFE,cmta1ktry00moq8iyk8cnm3ts,Luckytravel,Lucky Travel Gift Card 100€ / 200€ / 300€,travel,anniversary,92,,semantic-category-v8:travel:anniversary
SAFE,cmta1ktry00moq8iyk8cnm3ts,Luckytravel,Lucky Travel Gift Card 100€ / 200€ / 300€,travel,wedding,88,,semantic-category-v8:travel:wedding
SAFE,cmta1ktry00moq8iyk8cnm3ts,Luckytravel,Lucky Travel Gift Card 100€ / 200€ / 300€,travel,christmas,82,,semantic-category-v8:travel:christmas
SAFE,cmta1kuab00mqq8iyw8fqsoh4,Luvnroll,Gift Voucher,experiences,birthday,94,,semantic-category-v8:experiences:birthday
SAFE,cmta1kuab00mqq8iyw8fqsoh4,Luvnroll,Gift Voucher,experiences,anniversary,90,,semantic-category-v8:experiences:anniversary
SAFE,cmta1kuab00mqq8iyw8fqsoh4,Luvnroll,Gift Voucher,experiences,valentines,88,,semantic-category-v8:experiences:valentines
SAFE,cmta1kuab00mqq8iyw8fqsoh4,Luvnroll,Gift Voucher,experiences,christmas,84,,semantic-category-v8:experiences:christmas
SAFE,cmta1kur700msq8iyxbq77w5d,Marose,Gift Card - MAROSE – Κέντρο Αισθητικής Θέρμη,beauty,birthday,92,,semantic-category-v8:beauty:birthday
SAFE,cmta1kur700msq8iyxbq77w5d,Marose,Gift Card - MAROSE – Κέντρο Αισθητικής Θέρμη,beauty,christmas,86,,semantic-category-v8:beauty:christmas
SAFE,cmta1kur700msq8iyxbq77w5d,Marose,Gift Card - MAROSE – Κέντρο Αισθητικής Θέρμη,beauty,mothers-day,82,,semantic-category-v8:beauty:mothers-day
SAFE,cmta1kur700msq8iyxbq77w5d,Marose,Gift Card - MAROSE – Κέντρο Αισθητικής Θέρμη,beauty,just-because,78,,semantic-category-v8:beauty:just-because
SAFE,cmta1kw6300myq8iyzkj9hpsf,Mocannella,Δωροκάρτα,food-delivery,birthday,84,,semantic-category-v8:food-delivery:birthday
SAFE,cmta1kw6300myq8iyzkj9hpsf,Mocannella,Δωροκάρτα,food-delivery,thank-you,84,,semantic-category-v8:food-delivery:thank-you
SAFE,cmta1kw6300myq8iyzkj9hpsf,Mocannella,Δωροκάρτα,food-delivery,just-because,82,,semantic-category-v8:food-delivery:just-because
SAFE,cmta1kx4a00n2q8iyebxi61o5,Nailit,Gift card - Nail it,beauty,birthday,92,,semantic-category-v8:beauty:birthday
SAFE,cmta1kx4a00n2q8iyebxi61o5,Nailit,Gift card - Nail it,beauty,christmas,86,,semantic-category-v8:beauty:christmas
SAFE,cmta1kx4a00n2q8iyebxi61o5,Nailit,Gift card - Nail it,beauty,mothers-day,82,,semantic-category-v8:beauty:mothers-day
SAFE,cmta1kx4a00n2q8iyebxi61o5,Nailit,Gift card - Nail it,beauty,just-because,78,,semantic-category-v8:beauty:just-because
SAFE,cmta1kxkp00n4q8iyxd6gorh9,Nakita,Gift Card - Nakita,fashion,birthday,92,,semantic-category-v8:fashion:birthday
SAFE,cmta1kxkp00n4q8iyxd6gorh9,Nakita,Gift Card - Nakita,fashion,christmas,86,,semantic-category-v8:fashion:christmas
SAFE,cmta1kxkp00n4q8iyxd6gorh9,Nakita,Gift Card - Nakita,fashion,just-because,78,,semantic-category-v8:fashion:just-because
SAFE,cmta1ky2r00n6q8iy6novjneu,Oreasoncs,Gift Certificate,gifts-concept-stores,birthday,92,,semantic-category-v8:gifts-concept-stores:birthday
SAFE,cmta1ky2r00n6q8iy6novjneu,Oreasoncs,Gift Certificate,gifts-concept-stores,christmas,92,,semantic-category-v8:gifts-concept-stores:christmas
SAFE,cmta1ky2r00n6q8iy6novjneu,Oreasoncs,Gift Certificate,gifts-concept-stores,thank-you,86,,semantic-category-v8:gifts-concept-stores:thank-you
SAFE,cmta1ky2r00n6q8iy6novjneu,Oreasoncs,Gift Certificate,gifts-concept-stores,just-because,88,,semantic-category-v8:gifts-concept-stores:just-because
SAFE,cmta1kyj500n8q8iyln315obv,Palazzodiscarpe,Palazzo di Scarpe Δωροκάρτα,fashion,birthday,92,,semantic-category-v8:fashion:birthday
SAFE,cmta1kyj500n8q8iyln315obv,Palazzodiscarpe,Palazzo di Scarpe Δωροκάρτα,fashion,christmas,86,,semantic-category-v8:fashion:christmas
SAFE,cmta1kyj500n8q8iyln315obv,Palazzodiscarpe,Palazzo di Scarpe Δωροκάρτα,fashion,just-because,78,,semantic-category-v8:fashion:just-because
SAFE,cmta1kzo800ncq8iydupudze1,Philatravel,Δωροεπιταγή Ταξιδιού,travel,birthday,88,,semantic-category-v8:travel:birthday
SAFE,cmta1kzo800ncq8iydupudze1,Philatravel,Δωροεπιταγή Ταξιδιού,travel,anniversary,92,,semantic-category-v8:travel:anniversary
SAFE,cmta1kzo800ncq8iydupudze1,Philatravel,Δωροεπιταγή Ταξιδιού,travel,wedding,88,,semantic-category-v8:travel:wedding
SAFE,cmta1kzo800ncq8iydupudze1,Philatravel,Δωροεπιταγή Ταξιδιού,travel,christmas,82,,semantic-category-v8:travel:christmas
SAFE,cmta1l09c00neq8iy2d769fb1,Pibu,Pibu Gift Card,beauty,birthday,92,,semantic-category-v8:beauty:birthday
SAFE,cmta1l09c00neq8iy2d769fb1,Pibu,Pibu Gift Card,beauty,christmas,86,,semantic-category-v8:beauty:christmas
SAFE,cmta1l09c00neq8iy2d769fb1,Pibu,Pibu Gift Card,beauty,mothers-day,82,,semantic-category-v8:beauty:mothers-day
SAFE,cmta1l09c00neq8iy2d769fb1,Pibu,Pibu Gift Card,beauty,just-because,78,,semantic-category-v8:beauty:just-because
SAFE,cmta1l0s700ngq8iytuqw9bw3,Pointe,Gift Voucher | Pointe.gr: ηλεκτρονικό κατάστημα ειδών χορού,fashion,birthday,92,,semantic-category-v8:fashion:birthday
SAFE,cmta1l0s700ngq8iytuqw9bw3,Pointe,Gift Voucher | Pointe.gr: ηλεκτρονικό κατάστημα ειδών χορού,fashion,christmas,86,,semantic-category-v8:fashion:christmas
SAFE,cmta1l0s700ngq8iytuqw9bw3,Pointe,Gift Voucher | Pointe.gr: ηλεκτρονικό κατάστημα ειδών χορού,fashion,just-because,78,,semantic-category-v8:fashion:just-because
SAFE,cmta1l18300niq8iyfjqu39zb,Psaltou,Psaltou Gift Card 70€,books,birthday,90,,semantic-category-v8:books:birthday
SAFE,cmta1l18300niq8iyfjqu39zb,Psaltou,Psaltou Gift Card 70€,books,christmas,90,,semantic-category-v8:books:christmas
SAFE,cmta1l18300niq8iyfjqu39zb,Psaltou,Psaltou Gift Card 70€,books,thank-you,82,,semantic-category-v8:books:thank-you
SAFE,cmta1l1or00nkq8iy9l3o9bru,Rhythmichouse,Gift card Αρχεία,sports,birthday,92,,semantic-category-v8:sports:birthday
SAFE,cmta1l1or00nkq8iy9l3o9bru,Rhythmichouse,Gift card Αρχεία,sports,christmas,86,,semantic-category-v8:sports:christmas
SAFE,cmta1l1or00nkq8iy9l3o9bru,Rhythmichouse,Gift card Αρχεία,sports,just-because,76,,semantic-category-v8:sports:just-because
SAFE,cmta1l26100nmq8iydzabah5l,Royalhair,Gift Card | Royal Hair & Spa,beauty,birthday,92,,semantic-category-v8:beauty:birthday
SAFE,cmta1l26100nmq8iydzabah5l,Royalhair,Gift Card | Royal Hair & Spa,beauty,christmas,86,,semantic-category-v8:beauty:christmas
SAFE,cmta1l26100nmq8iydzabah5l,Royalhair,Gift Card | Royal Hair & Spa,beauty,mothers-day,82,,semantic-category-v8:beauty:mothers-day
SAFE,cmta1l26100nmq8iydzabah5l,Royalhair,Gift Card | Royal Hair & Spa,beauty,just-because,78,,semantic-category-v8:beauty:just-because
SAFE,cmta1l2mc00noq8iyy9tbls13,Safe Travel,Safe Travel Gift Card ~ Ταξιδιωτικό Γραφείο,travel,birthday,88,,semantic-category-v8:travel:birthday
SAFE,cmta1l2mc00noq8iyy9tbls13,Safe Travel,Safe Travel Gift Card ~ Ταξιδιωτικό Γραφείο,travel,anniversary,92,,semantic-category-v8:travel:anniversary
SAFE,cmta1l2mc00noq8iyy9tbls13,Safe Travel,Safe Travel Gift Card ~ Ταξιδιωτικό Γραφείο,travel,wedding,88,,semantic-category-v8:travel:wedding
SAFE,cmta1l2mc00noq8iyy9tbls13,Safe Travel,Safe Travel Gift Card ~ Ταξιδιωτικό Γραφείο,travel,christmas,82,,semantic-category-v8:travel:christmas
SAFE,cmta1l31m00nqq8iy3ycqvzn2,Safestep,Δωροκάρτα / Gift Card | Accessories | Safe Step ®,fashion,birthday,92,,semantic-category-v8:fashion:birthday
SAFE,cmta1l31m00nqq8iy3ycqvzn2,Safestep,Δωροκάρτα / Gift Card | Accessories | Safe Step ®,fashion,christmas,86,,semantic-category-v8:fashion:christmas
SAFE,cmta1l31m00nqq8iy3ycqvzn2,Safestep,Δωροκάρτα / Gift Card | Accessories | Safe Step ®,fashion,just-because,78,,semantic-category-v8:fashion:just-because
SAFE,cmta1l3ip00nsq8iyh8ngswxk,Shoebox,Gift Card - Shoebox,fashion,birthday,92,,semantic-category-v8:fashion:birthday
SAFE,cmta1l3ip00nsq8iyh8ngswxk,Shoebox,Gift Card - Shoebox,fashion,christmas,86,,semantic-category-v8:fashion:christmas
SAFE,cmta1l3ip00nsq8iyh8ngswxk,Shoebox,Gift Card - Shoebox,fashion,just-because,78,,semantic-category-v8:fashion:just-because
SAFE,cmta1l4jp00nwq8iymqbrwqdb,Solivagant,Gift Card - Prepaid Card - Solivagant,jewelry-watches,birthday,94,,semantic-category-v8:jewelry-watches:birthday
SAFE,cmta1l4jp00nwq8iymqbrwqdb,Solivagant,Gift Card - Prepaid Card - Solivagant,jewelry-watches,anniversary,94,,semantic-category-v8:jewelry-watches:anniversary
SAFE,cmta1l4jp00nwq8iymqbrwqdb,Solivagant,Gift Card - Prepaid Card - Solivagant,jewelry-watches,wedding,88,,semantic-category-v8:jewelry-watches:wedding
SAFE,cmta1l4jp00nwq8iymqbrwqdb,Solivagant,Gift Card - Prepaid Card - Solivagant,jewelry-watches,valentines,92,,semantic-category-v8:jewelry-watches:valentines
SAFE,cmta1l4jp00nwq8iymqbrwqdb,Solivagant,Gift Card - Prepaid Card - Solivagant,jewelry-watches,christmas,88,,semantic-category-v8:jewelry-watches:christmas
SAFE,cmta1l54m00nyq8iyls6svfdz,Sorelia,Gift Card - Sorelia Jewelry,jewelry-watches,birthday,94,,semantic-category-v8:jewelry-watches:birthday
SAFE,cmta1l54m00nyq8iyls6svfdz,Sorelia,Gift Card - Sorelia Jewelry,jewelry-watches,anniversary,94,,semantic-category-v8:jewelry-watches:anniversary
SAFE,cmta1l54m00nyq8iyls6svfdz,Sorelia,Gift Card - Sorelia Jewelry,jewelry-watches,wedding,88,,semantic-category-v8:jewelry-watches:wedding
SAFE,cmta1l54m00nyq8iyls6svfdz,Sorelia,Gift Card - Sorelia Jewelry,jewelry-watches,valentines,92,,semantic-category-v8:jewelry-watches:valentines
SAFE,cmta1l54m00nyq8iyls6svfdz,Sorelia,Gift Card - Sorelia Jewelry,jewelry-watches,christmas,88,,semantic-category-v8:jewelry-watches:christmas
SAFE,cmta1l5p700o0q8iyqwcjwsy7,Sportsdivision,Gift Card | Sports Division,sports,birthday,92,,semantic-category-v8:sports:birthday
SAFE,cmta1l5p700o0q8iyqwcjwsy7,Sportsdivision,Gift Card | Sports Division,sports,christmas,86,,semantic-category-v8:sports:christmas
SAFE,cmta1l5p700o0q8iyqwcjwsy7,Sportsdivision,Gift Card | Sports Division,sports,just-because,76,,semantic-category-v8:sports:just-because
SAFE,cmta1l69r00o2q8iysx3o77ki,Tacticalstore,Tacticalstore Gift Card,sports,birthday,92,,semantic-category-v8:sports:birthday
SAFE,cmta1l69r00o2q8iysx3o77ki,Tacticalstore,Tacticalstore Gift Card,sports,christmas,86,,semantic-category-v8:sports:christmas
SAFE,cmta1l69r00o2q8iysx3o77ki,Tacticalstore,Tacticalstore Gift Card,sports,just-because,76,,semantic-category-v8:sports:just-because
SAFE,cmta1l6qi00o4q8iyp8gk4vuo,Tempiholidays,TEMPI HOLIDAYS GIFT CARD | Εκδρομή,travel,birthday,88,,semantic-category-v8:travel:birthday
SAFE,cmta1l6qi00o4q8iyp8gk4vuo,Tempiholidays,TEMPI HOLIDAYS GIFT CARD | Εκδρομή,travel,anniversary,92,,semantic-category-v8:travel:anniversary
SAFE,cmta1l6qi00o4q8iyp8gk4vuo,Tempiholidays,TEMPI HOLIDAYS GIFT CARD | Εκδρομή,travel,wedding,88,,semantic-category-v8:travel:wedding
SAFE,cmta1l6qi00o4q8iyp8gk4vuo,Tempiholidays,TEMPI HOLIDAYS GIFT CARD | Εκδρομή,travel,christmas,82,,semantic-category-v8:travel:christmas
SAFE,cmta1l78z00o6q8iysj0iud1x,Thamon,Gift Card – Thamon,restaurants,birthday,92,,semantic-category-v8:restaurants:birthday
SAFE,cmta1l78z00o6q8iysj0iud1x,Thamon,Gift Card – Thamon,restaurants,anniversary,94,,semantic-category-v8:restaurants:anniversary
SAFE,cmta1l78z00o6q8iysj0iud1x,Thamon,Gift Card – Thamon,restaurants,valentines,92,,semantic-category-v8:restaurants:valentines
SAFE,cmta1l78z00o6q8iysj0iud1x,Thamon,Gift Card – Thamon,restaurants,thank-you,84,,semantic-category-v8:restaurants:thank-you
SAFE,cmta1l78z00o6q8iysj0iud1x,Thamon,Gift Card – Thamon,restaurants,just-because,84,,semantic-category-v8:restaurants:just-because
SAFE,cmta1l7rn00o8q8iyt9an242o,The Toy,Gift Card Archives - Το Παιχνίδι | Μόνο το καλύτερο,kids-baby,birthday,94,,semantic-category-v8:kids-baby:birthday
SAFE,cmta1l7rn00o8q8iyt9an242o,The Toy,Gift Card Archives - Το Παιχνίδι | Μόνο το καλύτερο,kids-baby,for-kids,96,,semantic-category-v8:kids-baby:for-kids
SAFE,cmta1l7rn00o8q8iyt9an242o,The Toy,Gift Card Archives - Το Παιχνίδι | Μόνο το καλύτερο,kids-baby,christmas,90,,semantic-category-v8:kids-baby:christmas
SAFE,cmta1l8b200oaq8iyrehk8grk,Thebabycity,Δωροκάρτα The Baby City,kids-baby,birthday,94,,semantic-category-v8:kids-baby:birthday
SAFE,cmta1l8b200oaq8iyrehk8grk,Thebabycity,Δωροκάρτα The Baby City,kids-baby,for-kids,96,,semantic-category-v8:kids-baby:for-kids
SAFE,cmta1l8b200oaq8iyrehk8grk,Thebabycity,Δωροκάρτα The Baby City,kids-baby,christmas,90,,semantic-category-v8:kids-baby:christmas
SAFE,cmta1l8s900ocq8iygll1sq7o,Theloftchalkida,Δωροκάρτα,fashion,birthday,92,,semantic-category-v8:fashion:birthday
SAFE,cmta1l8s900ocq8iygll1sq7o,Theloftchalkida,Δωροκάρτα,fashion,christmas,86,,semantic-category-v8:fashion:christmas
SAFE,cmta1l8s900ocq8iygll1sq7o,Theloftchalkida,Δωροκάρτα,fashion,just-because,78,,semantic-category-v8:fashion:just-because
SAFE,cmta1l98l00oeq8iy15m3wc2s,Themassagesuite,Gift Card for Massage - The Perfect Gift,spa-wellness,birthday,92,,semantic-category-v8:spa-wellness:birthday
SAFE,cmta1l98l00oeq8iy15m3wc2s,Themassagesuite,Gift Card for Massage - The Perfect Gift,spa-wellness,anniversary,90,,semantic-category-v8:spa-wellness:anniversary
SAFE,cmta1l98l00oeq8iy15m3wc2s,Themassagesuite,Gift Card for Massage - The Perfect Gift,spa-wellness,valentines,88,,semantic-category-v8:spa-wellness:valentines
SAFE,cmta1l98l00oeq8iy15m3wc2s,Themassagesuite,Gift Card for Massage - The Perfect Gift,spa-wellness,mothers-day,86,,semantic-category-v8:spa-wellness:mothers-day
SAFE,cmta1l98l00oeq8iy15m3wc2s,Themassagesuite,Gift Card for Massage - The Perfect Gift,spa-wellness,fathers-day,82,,semantic-category-v8:spa-wellness:fathers-day
SAFE,cmta1l9p000ogq8iyo1y8qv5k,Travelagency,ΤΑΞΙΔΙΩΤΙΚΗ ΔΩΡΟΕΠΙΤΑΓΗ,travel,birthday,88,,semantic-category-v8:travel:birthday
SAFE,cmta1l9p000ogq8iyo1y8qv5k,Travelagency,ΤΑΞΙΔΙΩΤΙΚΗ ΔΩΡΟΕΠΙΤΑΓΗ,travel,anniversary,92,,semantic-category-v8:travel:anniversary
SAFE,cmta1l9p000ogq8iyo1y8qv5k,Travelagency,ΤΑΞΙΔΙΩΤΙΚΗ ΔΩΡΟΕΠΙΤΑΓΗ,travel,wedding,88,,semantic-category-v8:travel:wedding
SAFE,cmta1l9p000ogq8iyo1y8qv5k,Travelagency,ΤΑΞΙΔΙΩΤΙΚΗ ΔΩΡΟΕΠΙΤΑΓΗ,travel,christmas,82,,semantic-category-v8:travel:christmas
SAFE,cmta1la5500oiq8iyspnyskk9,Twininas,GIFT CARD - Unique Handmade Jewellery & Accessories!,jewelry-watches,birthday,94,,semantic-category-v8:jewelry-watches:birthday
SAFE,cmta1la5500oiq8iyspnyskk9,Twininas,GIFT CARD - Unique Handmade Jewellery & Accessories!,jewelry-watches,anniversary,94,,semantic-category-v8:jewelry-watches:anniversary
SAFE,cmta1la5500oiq8iyspnyskk9,Twininas,GIFT CARD - Unique Handmade Jewellery & Accessories!,jewelry-watches,wedding,88,,semantic-category-v8:jewelry-watches:wedding
SAFE,cmta1la5500oiq8iyspnyskk9,Twininas,GIFT CARD - Unique Handmade Jewellery & Accessories!,jewelry-watches,valentines,92,,semantic-category-v8:jewelry-watches:valentines
SAFE,cmta1la5500oiq8iyspnyskk9,Twininas,GIFT CARD - Unique Handmade Jewellery & Accessories!,jewelry-watches,christmas,88,,semantic-category-v8:jewelry-watches:christmas
SAFE,cmta1lal800okq8iy07xofqsd,Unisport,Αγόρασε μια δωροκάρτα – χάρισε την ελευθερία της επιλογής.,sports,birthday,92,,semantic-category-v8:sports:birthday
SAFE,cmta1lal800okq8iy07xofqsd,Unisport,Αγόρασε μια δωροκάρτα – χάρισε την ελευθερία της επιλογής.,sports,christmas,86,,semantic-category-v8:sports:christmas
SAFE,cmta1lal800okq8iy07xofqsd,Unisport,Αγόρασε μια δωροκάρτα – χάρισε την ελευθερία της επιλογής.,sports,just-because,76,,semantic-category-v8:sports:just-because
SAFE,cmta1lb2500omq8iyw0l8g680,Unlimited Adrenaline,Δωροκάρτα Unlimited Adrenaline,experiences,birthday,94,,semantic-category-v8:experiences:birthday
SAFE,cmta1lb2500omq8iyw0l8g680,Unlimited Adrenaline,Δωροκάρτα Unlimited Adrenaline,experiences,anniversary,90,,semantic-category-v8:experiences:anniversary
SAFE,cmta1lb2500omq8iyw0l8g680,Unlimited Adrenaline,Δωροκάρτα Unlimited Adrenaline,experiences,valentines,88,,semantic-category-v8:experiences:valentines
SAFE,cmta1lb2500omq8iyw0l8g680,Unlimited Adrenaline,Δωροκάρτα Unlimited Adrenaline,experiences,christmas,84,,semantic-category-v8:experiences:christmas
SAFE,cmta1lbio00ooq8iyjc9wsq31,Wokshop,Δωροκάρτα – WokShop,home,wedding,88,,semantic-category-v8:home:wedding
SAFE,cmta1lbio00ooq8iyjc9wsq31,Wokshop,Δωροκάρτα – WokShop,home,christmas,84,,semantic-category-v8:home:christmas
SAFE,cmta1lbio00ooq8iyjc9wsq31,Wokshop,Δωροκάρτα – WokShop,home,just-because,76,,semantic-category-v8:home:just-because
SAFE,cmta1lbyo00oqq8iy4irn4ety,Hellenictrain,Gift Card | Hellenic Train,travel,birthday,88,,semantic-category-v8:travel:birthday
SAFE,cmta1lbyo00oqq8iy4irn4ety,Hellenictrain,Gift Card | Hellenic Train,travel,anniversary,92,,semantic-category-v8:travel:anniversary
SAFE,cmta1lbyo00oqq8iy4irn4ety,Hellenictrain,Gift Card | Hellenic Train,travel,wedding,88,,semantic-category-v8:travel:wedding
SAFE,cmta1lbyo00oqq8iy4irn4ety,Hellenictrain,Gift Card | Hellenic Train,travel,christmas,82,,semantic-category-v8:travel:christmas
SAFE,cmta1lci000osq8iyoc41j59a,Thewonderroom,GIFT CARDS Archives,kids-baby,birthday,94,,semantic-category-v8:kids-baby:birthday
SAFE,cmta1lci000osq8iyoc41j59a,Thewonderroom,GIFT CARDS Archives,kids-baby,for-kids,96,,semantic-category-v8:kids-baby:for-kids
SAFE,cmta1lci000osq8iyoc41j59a,Thewonderroom,GIFT CARDS Archives,kids-baby,christmas,90,,semantic-category-v8:kids-baby:christmas
SAFE,cmta1ld1900ouq8iyh416pr6o,Petrichor,Petrichor Gift Card 200€,home,wedding,88,,semantic-category-v8:home:wedding
SAFE,cmta1ld1900ouq8iyh416pr6o,Petrichor,Petrichor Gift Card 200€,home,christmas,84,,semantic-category-v8:home:christmas
SAFE,cmta1ld1900ouq8iyh416pr6o,Petrichor,Petrichor Gift Card 200€,home,just-because,76,,semantic-category-v8:home:just-because
SAFE,cmta1leix00p0q8iyq1ewxccr,Greenmall,ΔΩΡΟΚΑΡΤΑ – ΙΔΕΕΣ ΔΩΡΩΝ,marketplaces,birthday,90,,semantic-category-v8:marketplaces:birthday
SAFE,cmta1leix00p0q8iyq1ewxccr,Greenmall,ΔΩΡΟΚΑΡΤΑ – ΙΔΕΕΣ ΔΩΡΩΝ,marketplaces,christmas,90,,semantic-category-v8:marketplaces:christmas
SAFE,cmta1leix00p0q8iyq1ewxccr,Greenmall,ΔΩΡΟΚΑΡΤΑ – ΙΔΕΕΣ ΔΩΡΩΝ,marketplaces,just-because,82,,semantic-category-v8:marketplaces:just-because
SAFE,cmta1lf3h00p2q8iyb66pebvm,Beauty Plus,Beauty Plus Gift Card,beauty,birthday,92,,semantic-category-v8:beauty:birthday
SAFE,cmta1lf3h00p2q8iyb66pebvm,Beauty Plus,Beauty Plus Gift Card,beauty,christmas,86,,semantic-category-v8:beauty:christmas
SAFE,cmta1lf3h00p2q8iyb66pebvm,Beauty Plus,Beauty Plus Gift Card,beauty,mothers-day,82,,semantic-category-v8:beauty:mothers-day
SAFE,cmta1lf3h00p2q8iyb66pebvm,Beauty Plus,Beauty Plus Gift Card,beauty,just-because,78,,semantic-category-v8:beauty:just-because
SAFE,cmta1lfk500p4q8iyhkvmu8ra,Nakas,< Gift Cards | Philippos Nakas,music,birthday,92,,semantic-category-v8:music:birthday
SAFE,cmta1lfk500p4q8iyhkvmu8ra,Nakas,< Gift Cards | Philippos Nakas,music,christmas,88,,semantic-category-v8:music:christmas
SAFE,cmta1lfk500p4q8iyhkvmu8ra,Nakas,< Gift Cards | Philippos Nakas,music,just-because,78,,semantic-category-v8:music:just-because
SAFE,cmta1lg2500p6q8iyyuuzs7jr,Woodyline,Woodyline Δωροκάρτα 200€,home,wedding,88,,semantic-category-v8:home:wedding
SAFE,cmta1lg2500p6q8iyyuuzs7jr,Woodyline,Woodyline Δωροκάρτα 200€,home,christmas,84,,semantic-category-v8:home:christmas
SAFE,cmta1lg2500p6q8iyyuuzs7jr,Woodyline,Woodyline Δωροκάρτα 200€,home,just-because,76,,semantic-category-v8:home:just-because
SAFE,cmta1lglx00p8q8iyyx9gpvxm,Aleyacreations,Aleyacreations Gift Card,home,wedding,88,,semantic-category-v8:home:wedding
SAFE,cmta1lglx00p8q8iyyx9gpvxm,Aleyacreations,Aleyacreations Gift Card,home,christmas,84,,semantic-category-v8:home:christmas
SAFE,cmta1lglx00p8q8iyyx9gpvxm,Aleyacreations,Aleyacreations Gift Card,home,just-because,76,,semantic-category-v8:home:just-because
SAFE,cmta1lh5d00paq8iy9yb8ljis,4 Sports,4 Sports Gift Card,sports,birthday,92,,semantic-category-v8:sports:birthday
SAFE,cmta1lh5d00paq8iy9yb8ljis,4 Sports,4 Sports Gift Card,sports,christmas,86,,semantic-category-v8:sports:christmas
SAFE,cmta1lh5d00paq8iy9yb8ljis,4 Sports,4 Sports Gift Card,sports,just-because,76,,semantic-category-v8:sports:just-because
SAFE,cmta1lhrz00pcq8iypeg7vad4,Bakuk,Δωροκάρτα - Bakuk,beauty,birthday,92,,semantic-category-v8:beauty:birthday
SAFE,cmta1lhrz00pcq8iypeg7vad4,Bakuk,Δωροκάρτα - Bakuk,beauty,christmas,86,,semantic-category-v8:beauty:christmas
SAFE,cmta1lhrz00pcq8iypeg7vad4,Bakuk,Δωροκάρτα - Bakuk,beauty,mothers-day,82,,semantic-category-v8:beauty:mothers-day
SAFE,cmta1lhrz00pcq8iypeg7vad4,Bakuk,Δωροκάρτα - Bakuk,beauty,just-because,78,,semantic-category-v8:beauty:just-because
SAFE,cmta1lib900peq8iyg74tb65g,Beautylafee,Beauty La Fée - Gift Card,beauty,birthday,92,,semantic-category-v8:beauty:birthday
SAFE,cmta1lib900peq8iyg74tb65g,Beautylafee,Beauty La Fée - Gift Card,beauty,christmas,86,,semantic-category-v8:beauty:christmas
SAFE,cmta1lib900peq8iyg74tb65g,Beautylafee,Beauty La Fée - Gift Card,beauty,mothers-day,82,,semantic-category-v8:beauty:mothers-day
SAFE,cmta1lib900peq8iyg74tb65g,Beautylafee,Beauty La Fée - Gift Card,beauty,just-because,78,,semantic-category-v8:beauty:just-because
SAFE,cmta1liss00pgq8iyxm7nct5f,Instyleshop,Instyleshop Gift Card,fashion,birthday,92,,semantic-category-v8:fashion:birthday
SAFE,cmta1liss00pgq8iyxm7nct5f,Instyleshop,Instyleshop Gift Card,fashion,christmas,86,,semantic-category-v8:fashion:christmas
SAFE,cmta1liss00pgq8iyxm7nct5f,Instyleshop,Instyleshop Gift Card,fashion,just-because,78,,semantic-category-v8:fashion:just-because
SAFE,cmta1lj9c00piq8iynmfth5h9,Kantarzoglou,€150.00 Gift Card,home,wedding,88,,semantic-category-v8:home:wedding
SAFE,cmta1lj9c00piq8iynmfth5h9,Kantarzoglou,€150.00 Gift Card,home,christmas,84,,semantic-category-v8:home:christmas
SAFE,cmta1lj9c00piq8iynmfth5h9,Kantarzoglou,€150.00 Gift Card,home,just-because,76,,semantic-category-v8:home:just-because
SAFE,cmta1lldv00pqq8iyvvgnzsz2,Floky,Gift Card Floky,sports,birthday,92,,semantic-category-v8:sports:birthday
SAFE,cmta1lldv00pqq8iyvvgnzsz2,Floky,Gift Card Floky,sports,christmas,86,,semantic-category-v8:sports:christmas
SAFE,cmta1lldv00pqq8iyvvgnzsz2,Floky,Gift Card Floky,sports,just-because,76,,semantic-category-v8:sports:just-because
SAFE,cmta1lltq00psq8iy75r8f0k5,Forall,Forall Gift Card,kids-baby,birthday,94,,semantic-category-v8:kids-baby:birthday
SAFE,cmta1lltq00psq8iy75r8f0k5,Forall,Forall Gift Card,kids-baby,for-kids,96,,semantic-category-v8:kids-baby:for-kids
SAFE,cmta1lltq00psq8iy75r8f0k5,Forall,Forall Gift Card,kids-baby,christmas,90,,semantic-category-v8:kids-baby:christmas
SAFE,cmta1lmaw00puq8iy8ghgcw1z,Honeykids,Gift Card - Honeykids Conceptstore,kids-baby,birthday,94,,semantic-category-v8:kids-baby:birthday
SAFE,cmta1lmaw00puq8iy8ghgcw1z,Honeykids,Gift Card - Honeykids Conceptstore,kids-baby,for-kids,96,,semantic-category-v8:kids-baby:for-kids
SAFE,cmta1lmaw00puq8iy8ghgcw1z,Honeykids,Gift Card - Honeykids Conceptstore,kids-baby,christmas,90,,semantic-category-v8:kids-baby:christmas
SAFE,cmta1lmrm00pwq8iykcovjeo1,Justbrazilstore,Justbrazilstore Gift Card,fashion,birthday,92,,semantic-category-v8:fashion:birthday
SAFE,cmta1lmrm00pwq8iykcovjeo1,Justbrazilstore,Justbrazilstore Gift Card,fashion,christmas,86,,semantic-category-v8:fashion:christmas
SAFE,cmta1lmrm00pwq8iykcovjeo1,Justbrazilstore,Justbrazilstore Gift Card,fashion,just-because,78,,semantic-category-v8:fashion:just-because
SAFE,cmta1ln7x00pyq8iyxk9nswcq,Lu Eur,Gift Card - Lueur Skincare & More ...,beauty,birthday,92,,semantic-category-v8:beauty:birthday
SAFE,cmta1ln7x00pyq8iyxk9nswcq,Lu Eur,Gift Card - Lueur Skincare & More ...,beauty,christmas,86,,semantic-category-v8:beauty:christmas
SAFE,cmta1ln7x00pyq8iyxk9nswcq,Lu Eur,Gift Card - Lueur Skincare & More ...,beauty,mothers-day,82,,semantic-category-v8:beauty:mothers-day
SAFE,cmta1ln7x00pyq8iyxk9nswcq,Lu Eur,Gift Card - Lueur Skincare & More ...,beauty,just-because,78,,semantic-category-v8:beauty:just-because
SAFE,cmta1lnrl00q0q8iy34u0qh4w,Vizadinigonia,Gift Cards - ΒΥΖΑΝΤΙΝΗ ΓΩΝΙΑ,sports,birthday,92,,semantic-category-v8:sports:birthday
SAFE,cmta1lnrl00q0q8iy34u0qh4w,Vizadinigonia,Gift Cards - ΒΥΖΑΝΤΙΝΗ ΓΩΝΙΑ,sports,christmas,86,,semantic-category-v8:sports:christmas
SAFE,cmta1lnrl00q0q8iy34u0qh4w,Vizadinigonia,Gift Cards - ΒΥΖΑΝΤΙΝΗ ΓΩΝΙΑ,sports,just-because,76,,semantic-category-v8:sports:just-because
SAFE,cmta1loeg00q2q8iysnnupl9w,Xeiroplathi,Gift Card | Participation in Workshop,experiences,birthday,94,,semantic-category-v8:experiences:birthday
SAFE,cmta1loeg00q2q8iysnnupl9w,Xeiroplathi,Gift Card | Participation in Workshop,experiences,anniversary,90,,semantic-category-v8:experiences:anniversary
SAFE,cmta1loeg00q2q8iysnnupl9w,Xeiroplathi,Gift Card | Participation in Workshop,experiences,valentines,88,,semantic-category-v8:experiences:valentines
SAFE,cmta1loeg00q2q8iysnnupl9w,Xeiroplathi,Gift Card | Participation in Workshop,experiences,christmas,84,,semantic-category-v8:experiences:christmas
SAFE,cmta1lpfx00q6q8iyf11yv5pi,Amourianosoptics,Amourianos Optics Gift Card 200€,fashion,birthday,92,,semantic-category-v8:fashion:birthday
SAFE,cmta1lpfx00q6q8iyf11yv5pi,Amourianosoptics,Amourianos Optics Gift Card 200€,fashion,christmas,86,,semantic-category-v8:fashion:christmas
SAFE,cmta1lpfx00q6q8iyf11yv5pi,Amourianosoptics,Amourianos Optics Gift Card 200€,fashion,just-because,78,,semantic-category-v8:fashion:just-because
SAFE,cmta1lpz100q8q8iyoohv57r7,Ao Massage,Gift Card - Α-ω Massage Services,spa-wellness,birthday,92,,semantic-category-v8:spa-wellness:birthday
SAFE,cmta1lpz100q8q8iyoohv57r7,Ao Massage,Gift Card - Α-ω Massage Services,spa-wellness,anniversary,90,,semantic-category-v8:spa-wellness:anniversary
SAFE,cmta1lpz100q8q8iyoohv57r7,Ao Massage,Gift Card - Α-ω Massage Services,spa-wellness,valentines,88,,semantic-category-v8:spa-wellness:valentines
SAFE,cmta1lpz100q8q8iyoohv57r7,Ao Massage,Gift Card - Α-ω Massage Services,spa-wellness,mothers-day,86,,semantic-category-v8:spa-wellness:mothers-day
SAFE,cmta1lpz100q8q8iyoohv57r7,Ao Massage,Gift Card - Α-ω Massage Services,spa-wellness,fathers-day,82,,semantic-category-v8:spa-wellness:fathers-day
SAFE,cmta1lqim00qaq8iywcm8v2ex,Aurorajewellery,Aurorajewellery Gift Card,jewelry-watches,birthday,94,,semantic-category-v8:jewelry-watches:birthday
SAFE,cmta1lqim00qaq8iywcm8v2ex,Aurorajewellery,Aurorajewellery Gift Card,jewelry-watches,anniversary,94,,semantic-category-v8:jewelry-watches:anniversary
SAFE,cmta1lqim00qaq8iywcm8v2ex,Aurorajewellery,Aurorajewellery Gift Card,jewelry-watches,wedding,88,,semantic-category-v8:jewelry-watches:wedding
SAFE,cmta1lqim00qaq8iywcm8v2ex,Aurorajewellery,Aurorajewellery Gift Card,jewelry-watches,valentines,92,,semantic-category-v8:jewelry-watches:valentines
SAFE,cmta1lqim00qaq8iywcm8v2ex,Aurorajewellery,Aurorajewellery Gift Card,jewelry-watches,christmas,88,,semantic-category-v8:jewelry-watches:christmas
SAFE,cmta1lr6z00qcq8iym9f7fl45,Babybluecollections,Gift Card – babybluecollections.gr,kids-baby,birthday,94,,semantic-category-v8:kids-baby:birthday
SAFE,cmta1lr6z00qcq8iym9f7fl45,Babybluecollections,Gift Card – babybluecollections.gr,kids-baby,for-kids,96,,semantic-category-v8:kids-baby:for-kids
SAFE,cmta1lr6z00qcq8iym9f7fl45,Babybluecollections,Gift Card – babybluecollections.gr,kids-baby,christmas,90,,semantic-category-v8:kids-baby:christmas
SAFE,cmta1lrpd00qeq8iygxg5ys3k,Bimboshoes,Bimboshoes Gift Card,fashion,birthday,92,,semantic-category-v8:fashion:birthday
SAFE,cmta1lrpd00qeq8iygxg5ys3k,Bimboshoes,Bimboshoes Gift Card,fashion,christmas,86,,semantic-category-v8:fashion:christmas
SAFE,cmta1lrpd00qeq8iygxg5ys3k,Bimboshoes,Bimboshoes Gift Card,fashion,just-because,78,,semantic-category-v8:fashion:just-because
SAFE,cmta1lsbl00qgq8iyhk5pv19c,Carousel,Gift Card Carousel - Αγόρι - Κορίτσι - 12-18 μηνών,kids-baby,birthday,94,,semantic-category-v8:kids-baby:birthday
SAFE,cmta1lsbl00qgq8iyhk5pv19c,Carousel,Gift Card Carousel - Αγόρι - Κορίτσι - 12-18 μηνών,kids-baby,for-kids,96,,semantic-category-v8:kids-baby:for-kids
SAFE,cmta1lsbl00qgq8iyhk5pv19c,Carousel,Gift Card Carousel - Αγόρι - Κορίτσι - 12-18 μηνών,kids-baby,christmas,90,,semantic-category-v8:kids-baby:christmas
SAFE,cmta1lsuq00qiq8iystq7a2jy,Chicart,Chicart Gift Card,jewelry-watches,birthday,94,,semantic-category-v8:jewelry-watches:birthday
SAFE,cmta1lsuq00qiq8iystq7a2jy,Chicart,Chicart Gift Card,jewelry-watches,anniversary,94,,semantic-category-v8:jewelry-watches:anniversary
SAFE,cmta1lsuq00qiq8iystq7a2jy,Chicart,Chicart Gift Card,jewelry-watches,wedding,88,,semantic-category-v8:jewelry-watches:wedding
SAFE,cmta1lsuq00qiq8iystq7a2jy,Chicart,Chicart Gift Card,jewelry-watches,valentines,92,,semantic-category-v8:jewelry-watches:valentines
SAFE,cmta1lsuq00qiq8iystq7a2jy,Chicart,Chicart Gift Card,jewelry-watches,christmas,88,,semantic-category-v8:jewelry-watches:christmas
SAFE,cmta1ltdc00qkq8iywfkafqf3,Epidermislaser,gift cards,beauty,birthday,92,,semantic-category-v8:beauty:birthday
SAFE,cmta1ltdc00qkq8iywfkafqf3,Epidermislaser,gift cards,beauty,christmas,86,,semantic-category-v8:beauty:christmas
SAFE,cmta1ltdc00qkq8iywfkafqf3,Epidermislaser,gift cards,beauty,mothers-day,82,,semantic-category-v8:beauty:mothers-day
SAFE,cmta1ltdc00qkq8iywfkafqf3,Epidermislaser,gift cards,beauty,just-because,78,,semantic-category-v8:beauty:just-because
SAFE,cmta1ltxc00qmq8iyccncakek,Ethereal Spa,Spa Gift Cards — The Perfect Present - Ethereal Spa,spa-wellness,birthday,92,,semantic-category-v8:spa-wellness:birthday
SAFE,cmta1ltxc00qmq8iyccncakek,Ethereal Spa,Spa Gift Cards — The Perfect Present - Ethereal Spa,spa-wellness,anniversary,90,,semantic-category-v8:spa-wellness:anniversary
SAFE,cmta1ltxc00qmq8iyccncakek,Ethereal Spa,Spa Gift Cards — The Perfect Present - Ethereal Spa,spa-wellness,valentines,88,,semantic-category-v8:spa-wellness:valentines
SAFE,cmta1ltxc00qmq8iyccncakek,Ethereal Spa,Spa Gift Cards — The Perfect Present - Ethereal Spa,spa-wellness,mothers-day,86,,semantic-category-v8:spa-wellness:mothers-day
SAFE,cmta1ltxc00qmq8iyccncakek,Ethereal Spa,Spa Gift Cards — The Perfect Present - Ethereal Spa,spa-wellness,fathers-day,82,,semantic-category-v8:spa-wellness:fathers-day
SAFE,cmta1lue100qoq8iyzojkwbcq,Forward,Gift Voucher,sports,birthday,92,,semantic-category-v8:sports:birthday
SAFE,cmta1lue100qoq8iyzojkwbcq,Forward,Gift Voucher,sports,christmas,86,,semantic-category-v8:sports:christmas
SAFE,cmta1lue100qoq8iyzojkwbcq,Forward,Gift Voucher,sports,just-because,76,,semantic-category-v8:sports:just-because
SAFE,cmta1luu500qqq8iys7vrojhw,Ikiru,gift-cards – IKIRU,home,wedding,88,,semantic-category-v8:home:wedding
SAFE,cmta1luu500qqq8iys7vrojhw,Ikiru,gift-cards – IKIRU,home,christmas,84,,semantic-category-v8:home:christmas
SAFE,cmta1luu500qqq8iys7vrojhw,Ikiru,gift-cards – IKIRU,home,just-because,76,,semantic-category-v8:home:just-because
SAFE,cmta1lvat00qsq8iycnrsfz70,Jthomedesign,Gift Cards - Έπιπλα σπιτιού Joanna Terizi,home,wedding,88,,semantic-category-v8:home:wedding
SAFE,cmta1lvat00qsq8iycnrsfz70,Jthomedesign,Gift Cards - Έπιπλα σπιτιού Joanna Terizi,home,christmas,84,,semantic-category-v8:home:christmas
SAFE,cmta1lvat00qsq8iycnrsfz70,Jthomedesign,Gift Cards - Έπιπλα σπιτιού Joanna Terizi,home,just-because,76,,semantic-category-v8:home:just-because
SAFE,cmta1lvrh00quq8iyaebm9qht,Ladolea,Ladolea Gift Card,food-delivery,birthday,84,,semantic-category-v8:food-delivery:birthday
SAFE,cmta1lvrh00quq8iyaebm9qht,Ladolea,Ladolea Gift Card,food-delivery,thank-you,84,,semantic-category-v8:food-delivery:thank-you
SAFE,cmta1lvrh00quq8iyaebm9qht,Ladolea,Ladolea Gift Card,food-delivery,just-because,82,,semantic-category-v8:food-delivery:just-because
SAFE,cmta1lw8400qwq8iy4s1rns6f,Lentijewelry,Gift Card - JEWELRY,jewelry-watches,birthday,94,,semantic-category-v8:jewelry-watches:birthday
SAFE,cmta1lw8400qwq8iy4s1rns6f,Lentijewelry,Gift Card - JEWELRY,jewelry-watches,anniversary,94,,semantic-category-v8:jewelry-watches:anniversary
SAFE,cmta1lw8400qwq8iy4s1rns6f,Lentijewelry,Gift Card - JEWELRY,jewelry-watches,wedding,88,,semantic-category-v8:jewelry-watches:wedding
SAFE,cmta1lw8400qwq8iy4s1rns6f,Lentijewelry,Gift Card - JEWELRY,jewelry-watches,valentines,92,,semantic-category-v8:jewelry-watches:valentines
SAFE,cmta1lw8400qwq8iy4s1rns6f,Lentijewelry,Gift Card - JEWELRY,jewelry-watches,christmas,88,,semantic-category-v8:jewelry-watches:christmas
SAFE,cmta1lwrt00qyq8iy0horqkam,Lovefashionpoint,Lovefashionpoint Gift Card,fashion,birthday,92,,semantic-category-v8:fashion:birthday
SAFE,cmta1lwrt00qyq8iy0horqkam,Lovefashionpoint,Lovefashionpoint Gift Card,fashion,christmas,86,,semantic-category-v8:fashion:christmas
SAFE,cmta1lwrt00qyq8iy0horqkam,Lovefashionpoint,Lovefashionpoint Gift Card,fashion,just-because,78,,semantic-category-v8:fashion:just-because
SAFE,cmta1lx8s00r0q8iyrsxe2o7c,Lurehouse,GIFT CARD - ΠΡΟΪΟΝΤΑ,sports,birthday,92,,semantic-category-v8:sports:birthday
SAFE,cmta1lx8s00r0q8iyrsxe2o7c,Lurehouse,GIFT CARD - ΠΡΟΪΟΝΤΑ,sports,christmas,86,,semantic-category-v8:sports:christmas
SAFE,cmta1lx8s00r0q8iyrsxe2o7c,Lurehouse,GIFT CARD - ΠΡΟΪΟΝΤΑ,sports,just-because,76,,semantic-category-v8:sports:just-because
SAFE,cmta1lxpi00r2q8iyqd7ypb00,Luxusbags,e-Gift card Luxus Bags,fashion,birthday,92,,semantic-category-v8:fashion:birthday
SAFE,cmta1lxpi00r2q8iyqd7ypb00,Luxusbags,e-Gift card Luxus Bags,fashion,christmas,86,,semantic-category-v8:fashion:christmas
SAFE,cmta1lxpi00r2q8iyqd7ypb00,Luxusbags,e-Gift card Luxus Bags,fashion,just-because,78,,semantic-category-v8:fashion:just-because
SAFE,cmta1ly6p00r4q8iypbasfshf,Massaha,Massaha Gift Card,spa-wellness,birthday,92,,semantic-category-v8:spa-wellness:birthday
SAFE,cmta1ly6p00r4q8iypbasfshf,Massaha,Massaha Gift Card,spa-wellness,anniversary,90,,semantic-category-v8:spa-wellness:anniversary
SAFE,cmta1ly6p00r4q8iypbasfshf,Massaha,Massaha Gift Card,spa-wellness,valentines,88,,semantic-category-v8:spa-wellness:valentines
SAFE,cmta1ly6p00r4q8iypbasfshf,Massaha,Massaha Gift Card,spa-wellness,mothers-day,86,,semantic-category-v8:spa-wellness:mothers-day
SAFE,cmta1ly6p00r4q8iypbasfshf,Massaha,Massaha Gift Card,spa-wellness,fathers-day,82,,semantic-category-v8:spa-wellness:fathers-day
SAFE,cmta1lyqs00r6q8iy05nanoco,Meijewelry,Meijewelry Gift Card,jewelry-watches,birthday,94,,semantic-category-v8:jewelry-watches:birthday
SAFE,cmta1lyqs00r6q8iy05nanoco,Meijewelry,Meijewelry Gift Card,jewelry-watches,anniversary,94,,semantic-category-v8:jewelry-watches:anniversary
SAFE,cmta1lyqs00r6q8iy05nanoco,Meijewelry,Meijewelry Gift Card,jewelry-watches,wedding,88,,semantic-category-v8:jewelry-watches:wedding
SAFE,cmta1lyqs00r6q8iy05nanoco,Meijewelry,Meijewelry Gift Card,jewelry-watches,valentines,92,,semantic-category-v8:jewelry-watches:valentines
SAFE,cmta1lyqs00r6q8iy05nanoco,Meijewelry,Meijewelry Gift Card,jewelry-watches,christmas,88,,semantic-category-v8:jewelry-watches:christmas
SAFE,cmta1m0d900rcq8iy7cru4enr,Poupee,Gift card - Poupée,kids-baby,birthday,94,,semantic-category-v8:kids-baby:birthday
SAFE,cmta1m0d900rcq8iy7cru4enr,Poupee,Gift card - Poupée,kids-baby,for-kids,96,,semantic-category-v8:kids-baby:for-kids
SAFE,cmta1m0d900rcq8iy7cru4enr,Poupee,Gift card - Poupée,kids-baby,christmas,90,,semantic-category-v8:kids-baby:christmas
SAFE,cmta1m1c900rgq8iyqvsvjl5f,Sakkoulasbooks,Gift card - Εκδόσεις Αντ. Ν. Σάκκουλα Ε.Ε.,books,birthday,90,,semantic-category-v8:books:birthday
SAFE,cmta1m1c900rgq8iyqvsvjl5f,Sakkoulasbooks,Gift card - Εκδόσεις Αντ. Ν. Σάκκουλα Ε.Ε.,books,christmas,90,,semantic-category-v8:books:christmas
SAFE,cmta1m1c900rgq8iyqvsvjl5f,Sakkoulasbooks,Gift card - Εκδόσεις Αντ. Ν. Σάκκουλα Ε.Ε.,books,thank-you,82,,semantic-category-v8:books:thank-you
SAFE,cmta1m1t900riq8iy2b9sin92,Sekoia,Gift cards,fashion,birthday,92,,semantic-category-v8:fashion:birthday
SAFE,cmta1m1t900riq8iy2b9sin92,Sekoia,Gift cards,fashion,christmas,86,,semantic-category-v8:fashion:christmas
SAFE,cmta1m1t900riq8iy2b9sin92,Sekoia,Gift cards,fashion,just-because,78,,semantic-category-v8:fashion:just-because
SAFE,cmta1m2fh00rkq8iya9k9yxdp,Senorclothing,GIFT CARD Archives - Senor Clothing,fashion,birthday,92,,semantic-category-v8:fashion:birthday
SAFE,cmta1m2fh00rkq8iya9k9yxdp,Senorclothing,GIFT CARD Archives - Senor Clothing,fashion,christmas,86,,semantic-category-v8:fashion:christmas
SAFE,cmta1m2fh00rkq8iya9k9yxdp,Senorclothing,GIFT CARD Archives - Senor Clothing,fashion,just-because,78,,semantic-category-v8:fashion:just-because
SAFE,cmta1m2xt00rmq8iylafzr3pp,Theknittingclub,Gift Cards,arts-crafts,birthday,90,,semantic-category-v8:arts-crafts:birthday
SAFE,cmta1m2xt00rmq8iylafzr3pp,Theknittingclub,Gift Cards,arts-crafts,christmas,86,,semantic-category-v8:arts-crafts:christmas
SAFE,cmta1m2xt00rmq8iylafzr3pp,Theknittingclub,Gift Cards,arts-crafts,just-because,78,,semantic-category-v8:arts-crafts:just-because
SAFE,cmta1m3dd00roq8iybqsttwll,Themagicbox,Themagicbox Gift Card,gifts-concept-stores,birthday,92,,semantic-category-v8:gifts-concept-stores:birthday
SAFE,cmta1m3dd00roq8iybqsttwll,Themagicbox,Themagicbox Gift Card,gifts-concept-stores,christmas,92,,semantic-category-v8:gifts-concept-stores:christmas
SAFE,cmta1m3dd00roq8iybqsttwll,Themagicbox,Themagicbox Gift Card,gifts-concept-stores,thank-you,86,,semantic-category-v8:gifts-concept-stores:thank-you
SAFE,cmta1m3dd00roq8iybqsttwll,Themagicbox,Themagicbox Gift Card,gifts-concept-stores,just-because,88,,semantic-category-v8:gifts-concept-stores:just-because
SAFE,cmta1m3z100rqq8iy4inaqyfz,Theplants,Gift Card - The Plants - Eshop - Φυτά εσωτερικού και ...,home,wedding,88,,semantic-category-v8:home:wedding
SAFE,cmta1m3z100rqq8iy4inaqyfz,Theplants,Gift Card - The Plants - Eshop - Φυτά εσωτερικού και ...,home,christmas,84,,semantic-category-v8:home:christmas
SAFE,cmta1m3z100rqq8iy4inaqyfz,Theplants,Gift Card - The Plants - Eshop - Φυτά εσωτερικού και ...,home,just-because,76,,semantic-category-v8:home:just-because
SAFE,cmta1m4el00rsq8iyyb9weurb,Traisto,Traisto Gift Card | Handmade Textiles & Slow Crafted Goods,arts-crafts,birthday,90,,semantic-category-v8:arts-crafts:birthday
SAFE,cmta1m4el00rsq8iyyb9weurb,Traisto,Traisto Gift Card | Handmade Textiles & Slow Crafted Goods,arts-crafts,christmas,86,,semantic-category-v8:arts-crafts:christmas
SAFE,cmta1m4el00rsq8iyyb9weurb,Traisto,Traisto Gift Card | Handmade Textiles & Slow Crafted Goods,arts-crafts,just-because,78,,semantic-category-v8:arts-crafts:just-because
SAFE,cmta1m4x600ruq8iyic1fo9fb,Tresorjewelry,Gift Card - Tresor Jewelry,jewelry-watches,birthday,94,,semantic-category-v8:jewelry-watches:birthday
SAFE,cmta1m4x600ruq8iyic1fo9fb,Tresorjewelry,Gift Card - Tresor Jewelry,jewelry-watches,anniversary,94,,semantic-category-v8:jewelry-watches:anniversary
SAFE,cmta1m4x600ruq8iyic1fo9fb,Tresorjewelry,Gift Card - Tresor Jewelry,jewelry-watches,wedding,88,,semantic-category-v8:jewelry-watches:wedding
SAFE,cmta1m4x600ruq8iyic1fo9fb,Tresorjewelry,Gift Card - Tresor Jewelry,jewelry-watches,valentines,92,,semantic-category-v8:jewelry-watches:valentines
SAFE,cmta1m4x600ruq8iyic1fo9fb,Tresorjewelry,Gift Card - Tresor Jewelry,jewelry-watches,christmas,88,,semantic-category-v8:jewelry-watches:christmas
SAFE,cmta1m5dl00rwq8iyrk8timkq,Zuccherino,Zuccherino Gift Card,food-delivery,birthday,84,,semantic-category-v8:food-delivery:birthday
SAFE,cmta1m5dl00rwq8iyrk8timkq,Zuccherino,Zuccherino Gift Card,food-delivery,thank-you,84,,semantic-category-v8:food-delivery:thank-you
SAFE,cmta1m5dl00rwq8iyrk8timkq,Zuccherino,Zuccherino Gift Card,food-delivery,just-because,82,,semantic-category-v8:food-delivery:just-because
SAFE,cmta1m5td00ryq8iyiwqmzlza,Cakeshop,Δωροκάρτα | Cakeshop Thessaloniki,food-delivery,birthday,84,,semantic-category-v8:food-delivery:birthday
SAFE,cmta1m5td00ryq8iyiwqmzlza,Cakeshop,Δωροκάρτα | Cakeshop Thessaloniki,food-delivery,thank-you,84,,semantic-category-v8:food-delivery:thank-you
SAFE,cmta1m5td00ryq8iyiwqmzlza,Cakeshop,Δωροκάρτα | Cakeshop Thessaloniki,food-delivery,just-because,82,,semantic-category-v8:food-delivery:just-because
SAFE,cmta1m6ad00s0q8iyjl5guf73,Dromeasbikes,DromeasBikes Δωροεπιταγή 25€,sports,birthday,92,,semantic-category-v8:sports:birthday
SAFE,cmta1m6ad00s0q8iyjl5guf73,Dromeasbikes,DromeasBikes Δωροεπιταγή 25€,sports,christmas,86,,semantic-category-v8:sports:christmas
SAFE,cmta1m6ad00s0q8iyjl5guf73,Dromeasbikes,DromeasBikes Δωροεπιταγή 25€,sports,just-because,76,,semantic-category-v8:sports:just-because
SAFE,cmta1m6ti00s2q8iyv2uhr92n,E Snacks,E-Snacks Gift Card,food-delivery,birthday,84,,semantic-category-v8:food-delivery:birthday
SAFE,cmta1m6ti00s2q8iyv2uhr92n,E Snacks,E-Snacks Gift Card,food-delivery,thank-you,84,,semantic-category-v8:food-delivery:thank-you
SAFE,cmta1m6ti00s2q8iyv2uhr92n,E Snacks,E-Snacks Gift Card,food-delivery,just-because,82,,semantic-category-v8:food-delivery:just-because
SAFE,cmta1m7h100s4q8iy0yg57q08,E Socks,E-Socks Gift Card,fashion,birthday,92,,semantic-category-v8:fashion:birthday
SAFE,cmta1m7h100s4q8iy0yg57q08,E Socks,E-Socks Gift Card,fashion,christmas,86,,semantic-category-v8:fashion:christmas
SAFE,cmta1m7h100s4q8iy0yg57q08,E Socks,E-Socks Gift Card,fashion,just-because,78,,semantic-category-v8:fashion:just-because
SAFE,cmta1m83c00s6q8iygpp0rt7r,Epiploaivazoglou,Gift card - Έπιπλο Αϊβαζόγλου – |,home,wedding,88,,semantic-category-v8:home:wedding
SAFE,cmta1m83c00s6q8iygpp0rt7r,Epiploaivazoglou,Gift card - Έπιπλο Αϊβαζόγλου – |,home,christmas,84,,semantic-category-v8:home:christmas
SAFE,cmta1m83c00s6q8iygpp0rt7r,Epiploaivazoglou,Gift card - Έπιπλο Αϊβαζόγλου – |,home,just-because,76,,semantic-category-v8:home:just-because
SAFE,cmta1m8lp00s8q8iyl7iagrro,Epiplocasa,Gift Card - EpiploCasa.gr · Έπιπλα Ελληνικής Κατασκευής,home,wedding,88,,semantic-category-v8:home:wedding
SAFE,cmta1m8lp00s8q8iyl7iagrro,Epiplocasa,Gift Card - EpiploCasa.gr · Έπιπλα Ελληνικής Κατασκευής,home,christmas,84,,semantic-category-v8:home:christmas
SAFE,cmta1m8lp00s8q8iyl7iagrro,Epiplocasa,Gift Card - EpiploCasa.gr · Έπιπλα Ελληνικής Κατασκευής,home,just-because,76,,semantic-category-v8:home:just-because
SAFE,cmta1m93500saq8iycjty6l3s,Flashfashion,Gift Card | FLASH FASHION,fashion,birthday,92,,semantic-category-v8:fashion:birthday
SAFE,cmta1m93500saq8iycjty6l3s,Flashfashion,Gift Card | FLASH FASHION,fashion,christmas,86,,semantic-category-v8:fashion:christmas
SAFE,cmta1m93500saq8iycjty6l3s,Flashfashion,Gift Card | FLASH FASHION,fashion,just-because,78,,semantic-category-v8:fashion:just-because
SAFE,cmta1m9k500scq8iyuyu7g8dp,Inandela,Inandela Gift Card,fashion,birthday,92,,semantic-category-v8:fashion:birthday
SAFE,cmta1m9k500scq8iyuyu7g8dp,Inandela,Inandela Gift Card,fashion,christmas,86,,semantic-category-v8:fashion:christmas
SAFE,cmta1m9k500scq8iyuyu7g8dp,Inandela,Inandela Gift Card,fashion,just-because,78,,semantic-category-v8:fashion:just-because
SAFE,cmta1mb9j00siq8iygf2xex9r,Mamagalia,Mamagalia Gift Card,kids-baby,birthday,94,,semantic-category-v8:kids-baby:birthday
SAFE,cmta1mb9j00siq8iygf2xex9r,Mamagalia,Mamagalia Gift Card,kids-baby,for-kids,96,,semantic-category-v8:kids-baby:for-kids
SAFE,cmta1mb9j00siq8iygf2xex9r,Mamagalia,Mamagalia Gift Card,kids-baby,christmas,90,,semantic-category-v8:kids-baby:christmas
SAFE,cmta1mbsx00skq8iyktw9zbcx,Olive Era,Olive Era Gift Card,food-delivery,birthday,84,,semantic-category-v8:food-delivery:birthday
SAFE,cmta1mbsx00skq8iyktw9zbcx,Olive Era,Olive Era Gift Card,food-delivery,thank-you,84,,semantic-category-v8:food-delivery:thank-you
SAFE,cmta1mbsx00skq8iyktw9zbcx,Olive Era,Olive Era Gift Card,food-delivery,just-because,82,,semantic-category-v8:food-delivery:just-because
SAFE,cmta1mccl00smq8iyn3lolob8,Pdltrendz,Pdltrendz Gift Card,fashion,birthday,92,,semantic-category-v8:fashion:birthday
SAFE,cmta1mccl00smq8iyn3lolob8,Pdltrendz,Pdltrendz Gift Card,fashion,christmas,86,,semantic-category-v8:fashion:christmas
SAFE,cmta1mccl00smq8iyn3lolob8,Pdltrendz,Pdltrendz Gift Card,fashion,just-because,78,,semantic-category-v8:fashion:just-because
SAFE,cmta1mcug00soq8iyorzvwm8u,Sacjeans,Sacjeans Gift Card,fashion,birthday,92,,semantic-category-v8:fashion:birthday
SAFE,cmta1mcug00soq8iyorzvwm8u,Sacjeans,Sacjeans Gift Card,fashion,christmas,86,,semantic-category-v8:fashion:christmas
SAFE,cmta1mcug00soq8iyorzvwm8u,Sacjeans,Sacjeans Gift Card,fashion,just-because,78,,semantic-category-v8:fashion:just-because
SAFE,cmta1mdb500sqq8iyhy20zsrp,Saltymoon,Saltymoon Gift Card,jewelry-watches,birthday,94,,semantic-category-v8:jewelry-watches:birthday
SAFE,cmta1mdb500sqq8iyhy20zsrp,Saltymoon,Saltymoon Gift Card,jewelry-watches,anniversary,94,,semantic-category-v8:jewelry-watches:anniversary
SAFE,cmta1mdb500sqq8iyhy20zsrp,Saltymoon,Saltymoon Gift Card,jewelry-watches,wedding,88,,semantic-category-v8:jewelry-watches:wedding
SAFE,cmta1mdb500sqq8iyhy20zsrp,Saltymoon,Saltymoon Gift Card,jewelry-watches,valentines,92,,semantic-category-v8:jewelry-watches:valentines
SAFE,cmta1mdb500sqq8iyhy20zsrp,Saltymoon,Saltymoon Gift Card,jewelry-watches,christmas,88,,semantic-category-v8:jewelry-watches:christmas
SAFE,cmta1mdsk00ssq8iy40jbzw02,Slalomshop,SlalomShop.gr - Δωροκάρτα,sports,birthday,92,,semantic-category-v8:sports:birthday
SAFE,cmta1mdsk00ssq8iy40jbzw02,Slalomshop,SlalomShop.gr - Δωροκάρτα,sports,christmas,86,,semantic-category-v8:sports:christmas
SAFE,cmta1mdsk00ssq8iy40jbzw02,Slalomshop,SlalomShop.gr - Δωροκάρτα,sports,just-because,76,,semantic-category-v8:sports:just-because
SAFE,cmta1me9100suq8iyfx2gcou6,Smart Tap,Gift Card Smart-Tap,technology,birthday,92,,semantic-category-v8:technology:birthday
SAFE,cmta1me9100suq8iyfx2gcou6,Smart Tap,Gift Card Smart-Tap,technology,christmas,90,,semantic-category-v8:technology:christmas
SAFE,cmta1me9100suq8iyfx2gcou6,Smart Tap,Gift Card Smart-Tap,technology,just-because,76,,semantic-category-v8:technology:just-because
SAFE,cmta1mepx00swq8iyfxeq5ejv,Tinytoyshop,Gift Card - Tiny Toy Shop,kids-baby,birthday,94,,semantic-category-v8:kids-baby:birthday
SAFE,cmta1mepx00swq8iyfxeq5ejv,Tinytoyshop,Gift Card - Tiny Toy Shop,kids-baby,for-kids,96,,semantic-category-v8:kids-baby:for-kids
SAFE,cmta1mepx00swq8iyfxeq5ejv,Tinytoyshop,Gift Card - Tiny Toy Shop,kids-baby,christmas,90,,semantic-category-v8:kids-baby:christmas
SAFE,cmta1mf5900syq8iyejmu80s9,1art,Gift Cards,home,wedding,88,,semantic-category-v8:home:wedding
SAFE,cmta1mf5900syq8iyejmu80s9,1art,Gift Cards,home,christmas,84,,semantic-category-v8:home:christmas
SAFE,cmta1mf5900syq8iyejmu80s9,1art,Gift Cards,home,just-because,76,,semantic-category-v8:home:just-because
SAFE,cmta1mfo100t0q8iyejb505cp,Almarspa,Gift Card – Almar Spa,spa-wellness,birthday,92,,semantic-category-v8:spa-wellness:birthday
SAFE,cmta1mfo100t0q8iyejb505cp,Almarspa,Gift Card – Almar Spa,spa-wellness,anniversary,90,,semantic-category-v8:spa-wellness:anniversary
SAFE,cmta1mfo100t0q8iyejb505cp,Almarspa,Gift Card – Almar Spa,spa-wellness,valentines,88,,semantic-category-v8:spa-wellness:valentines
SAFE,cmta1mfo100t0q8iyejb505cp,Almarspa,Gift Card – Almar Spa,spa-wellness,mothers-day,86,,semantic-category-v8:spa-wellness:mothers-day
SAFE,cmta1mfo100t0q8iyejb505cp,Almarspa,Gift Card – Almar Spa,spa-wellness,fathers-day,82,,semantic-category-v8:spa-wellness:fathers-day
SAFE,cmta1mgb500t2q8iyybmggkym,Andreoueshop,Andreoueshop Gift Card,sports,birthday,92,,semantic-category-v8:sports:birthday
SAFE,cmta1mgb500t2q8iyybmggkym,Andreoueshop,Andreoueshop Gift Card,sports,christmas,86,,semantic-category-v8:sports:christmas
SAFE,cmta1mgb500t2q8iyybmggkym,Andreoueshop,Andreoueshop Gift Card,sports,just-because,76,,semantic-category-v8:sports:just-because
SAFE,cmta1mgrt00t4q8iy7nvjqpjv,Anubis,Gift Card Archives,books,birthday,90,,semantic-category-v8:books:birthday
SAFE,cmta1mgrt00t4q8iy7nvjqpjv,Anubis,Gift Card Archives,books,christmas,90,,semantic-category-v8:books:christmas
SAFE,cmta1mgrt00t4q8iy7nvjqpjv,Anubis,Gift Card Archives,books,thank-you,82,,semantic-category-v8:books:thank-you
SAFE,cmta1mhdg00t6q8iyne0gzmhv,Army Market,Army Market Gift Card,sports,birthday,92,,semantic-category-v8:sports:birthday
SAFE,cmta1mhdg00t6q8iyne0gzmhv,Army Market,Army Market Gift Card,sports,christmas,86,,semantic-category-v8:sports:christmas
SAFE,cmta1mhdg00t6q8iyne0gzmhv,Army Market,Army Market Gift Card,sports,just-because,76,,semantic-category-v8:sports:just-because
SAFE,cmta1mijq00taq8iy170bc7lx,Athenssportsmassage,Gift cards Το απόλυτο δώρο χαλάρωσης για τους ...,spa-wellness,birthday,92,,semantic-category-v8:spa-wellness:birthday
SAFE,cmta1mijq00taq8iy170bc7lx,Athenssportsmassage,Gift cards Το απόλυτο δώρο χαλάρωσης για τους ...,spa-wellness,anniversary,90,,semantic-category-v8:spa-wellness:anniversary
SAFE,cmta1mijq00taq8iy170bc7lx,Athenssportsmassage,Gift cards Το απόλυτο δώρο χαλάρωσης για τους ...,spa-wellness,valentines,88,,semantic-category-v8:spa-wellness:valentines
SAFE,cmta1mijq00taq8iy170bc7lx,Athenssportsmassage,Gift cards Το απόλυτο δώρο χαλάρωσης για τους ...,spa-wellness,mothers-day,86,,semantic-category-v8:spa-wellness:mothers-day
SAFE,cmta1mijq00taq8iy170bc7lx,Athenssportsmassage,Gift cards Το απόλυτο δώρο χαλάρωσης για τους ...,spa-wellness,fathers-day,82,,semantic-category-v8:spa-wellness:fathers-day
SAFE,cmta1mj7f00tcq8iyfg3pom6s,Babyllama,Gift Card | Δωροκάρτα | Baby Llama,kids-baby,birthday,94,,semantic-category-v8:kids-baby:birthday
SAFE,cmta1mj7f00tcq8iyfg3pom6s,Babyllama,Gift Card | Δωροκάρτα | Baby Llama,kids-baby,for-kids,96,,semantic-category-v8:kids-baby:for-kids
SAFE,cmta1mj7f00tcq8iyfg3pom6s,Babyllama,Gift Card | Δωροκάρτα | Baby Llama,kids-baby,christmas,90,,semantic-category-v8:kids-baby:christmas
SAFE,cmta1mkio00tgq8iyvbnu4lyr,Badayestudio,Badayestudio Gift Card,fashion,birthday,92,,semantic-category-v8:fashion:birthday
SAFE,cmta1mkio00tgq8iyvbnu4lyr,Badayestudio,Badayestudio Gift Card,fashion,christmas,86,,semantic-category-v8:fashion:christmas
SAFE,cmta1mkio00tgq8iyvbnu4lyr,Badayestudio,Badayestudio Gift Card,fashion,just-because,78,,semantic-category-v8:fashion:just-because
SAFE,cmta1ml4900tiq8iyc30ngvjv,Bambinokids,Bambinokids Gift Card,kids-baby,birthday,94,,semantic-category-v8:kids-baby:birthday
SAFE,cmta1ml4900tiq8iyc30ngvjv,Bambinokids,Bambinokids Gift Card,kids-baby,for-kids,96,,semantic-category-v8:kids-baby:for-kids
SAFE,cmta1ml4900tiq8iyc30ngvjv,Bambinokids,Bambinokids Gift Card,kids-baby,christmas,90,,semantic-category-v8:kids-baby:christmas
SAFE,cmta1mllt00tkq8iyqeumzozm,Beautyclinic,"Gift Card, Πρωτότυπη κάρτα Δώρου",beauty,birthday,92,,semantic-category-v8:beauty:birthday
SAFE,cmta1mllt00tkq8iyqeumzozm,Beautyclinic,"Gift Card, Πρωτότυπη κάρτα Δώρου",beauty,christmas,86,,semantic-category-v8:beauty:christmas
SAFE,cmta1mllt00tkq8iyqeumzozm,Beautyclinic,"Gift Card, Πρωτότυπη κάρτα Δώρου",beauty,mothers-day,82,,semantic-category-v8:beauty:mothers-day
SAFE,cmta1mllt00tkq8iyqeumzozm,Beautyclinic,"Gift Card, Πρωτότυπη κάρτα Δώρου",beauty,just-because,78,,semantic-category-v8:beauty:just-because
SAFE,cmta1mm5800tmq8iyk167650i,Bestmassage,gift card - The Best Massage,spa-wellness,birthday,92,,semantic-category-v8:spa-wellness:birthday
SAFE,cmta1mm5800tmq8iyk167650i,Bestmassage,gift card - The Best Massage,spa-wellness,anniversary,90,,semantic-category-v8:spa-wellness:anniversary
SAFE,cmta1mm5800tmq8iyk167650i,Bestmassage,gift card - The Best Massage,spa-wellness,valentines,88,,semantic-category-v8:spa-wellness:valentines
SAFE,cmta1mm5800tmq8iyk167650i,Bestmassage,gift card - The Best Massage,spa-wellness,mothers-day,86,,semantic-category-v8:spa-wellness:mothers-day
SAFE,cmta1mm5800tmq8iyk167650i,Bestmassage,gift card - The Best Massage,spa-wellness,fathers-day,82,,semantic-category-v8:spa-wellness:fathers-day
SAFE,cmta1mmmx00toq8iydnfghoo1,Botano,Gift Cards,food-delivery,birthday,84,,semantic-category-v8:food-delivery:birthday
SAFE,cmta1mmmx00toq8iydnfghoo1,Botano,Gift Cards,food-delivery,thank-you,84,,semantic-category-v8:food-delivery:thank-you
SAFE,cmta1mmmx00toq8iydnfghoo1,Botano,Gift Cards,food-delivery,just-because,82,,semantic-category-v8:food-delivery:just-because
SAFE,cmta1mn3l00tqq8iy111tzsz5,Candles Essences,Gift Cards,home,wedding,88,,semantic-category-v8:home:wedding
SAFE,cmta1mn3l00tqq8iy111tzsz5,Candles Essences,Gift Cards,home,christmas,84,,semantic-category-v8:home:christmas
SAFE,cmta1mn3l00tqq8iy111tzsz5,Candles Essences,Gift Cards,home,just-because,76,,semantic-category-v8:home:just-because
SAFE,cmta1mnm200tsq8iy2jew4b3d,Capristores,Gift Cards,fashion,birthday,92,,semantic-category-v8:fashion:birthday
SAFE,cmta1mnm200tsq8iy2jew4b3d,Capristores,Gift Cards,fashion,christmas,86,,semantic-category-v8:fashion:christmas
SAFE,cmta1mnm200tsq8iy2jew4b3d,Capristores,Gift Cards,fashion,just-because,78,,semantic-category-v8:fashion:just-because
SAFE,cmta1mo4u00tuq8iy0hphimg0,Carbon,CFC GIFT CARD | carbonfibercustoms,automotive,birthday,86,,semantic-category-v8:automotive:birthday
SAFE,cmta1mo4u00tuq8iy0hphimg0,Carbon,CFC GIFT CARD | carbonfibercustoms,automotive,christmas,82,,semantic-category-v8:automotive:christmas
SAFE,cmta1mo4u00tuq8iy0hphimg0,Carbon,CFC GIFT CARD | carbonfibercustoms,automotive,just-because,76,,semantic-category-v8:automotive:just-because
SAFE,cmta1moos00twq8iy57e9lo7q,Carlamco,Carlamco Gift Card,automotive,birthday,86,,semantic-category-v8:automotive:birthday
SAFE,cmta1moos00twq8iy57e9lo7q,Carlamco,Carlamco Gift Card,automotive,christmas,82,,semantic-category-v8:automotive:christmas
SAFE,cmta1moos00twq8iy57e9lo7q,Carlamco,Carlamco Gift Card,automotive,just-because,76,,semantic-category-v8:automotive:just-because
SAFE,cmta1mp5900tyq8iyvpa0dnxr,Cavakalomenidis,Cavakalomenidis Gift Card,food-delivery,birthday,84,,semantic-category-v8:food-delivery:birthday
SAFE,cmta1mp5900tyq8iyvpa0dnxr,Cavakalomenidis,Cavakalomenidis Gift Card,food-delivery,thank-you,84,,semantic-category-v8:food-delivery:thank-you
SAFE,cmta1mp5900tyq8iyvpa0dnxr,Cavakalomenidis,Cavakalomenidis Gift Card,food-delivery,just-because,82,,semantic-category-v8:food-delivery:just-because
SAFE,cmta1mpoo00u0q8iy5kofn9mp,Centroboutique,Centroboutique Gift Card,fashion,birthday,92,,semantic-category-v8:fashion:birthday
SAFE,cmta1mpoo00u0q8iy5kofn9mp,Centroboutique,Centroboutique Gift Card,fashion,christmas,86,,semantic-category-v8:fashion:christmas
SAFE,cmta1mpoo00u0q8iy5kofn9mp,Centroboutique,Centroboutique Gift Card,fashion,just-because,78,,semantic-category-v8:fashion:just-because
SAFE,cmta1mqqs00u4q8iyn8h29823,Cilek,δωροεπιταγές,kids-baby,birthday,94,,semantic-category-v8:kids-baby:birthday
SAFE,cmta1mqqs00u4q8iyn8h29823,Cilek,δωροεπιταγές,kids-baby,for-kids,96,,semantic-category-v8:kids-baby:for-kids
SAFE,cmta1mqqs00u4q8iyn8h29823,Cilek,δωροεπιταγές,kids-baby,christmas,90,,semantic-category-v8:kids-baby:christmas
SAFE,cmta1mrdt00u6q8iyvz2zknyj,Cookworld,Gift Cards,home,wedding,88,,semantic-category-v8:home:wedding
SAFE,cmta1mrdt00u6q8iyvz2zknyj,Cookworld,Gift Cards,home,christmas,84,,semantic-category-v8:home:christmas
SAFE,cmta1mrdt00u6q8iyvz2zknyj,Cookworld,Gift Cards,home,just-because,76,,semantic-category-v8:home:just-because
SAFE,cmta1mrvv00u8q8iyjkk14wuw,Crudeshop,Gift Card | CrudeShop,sports,birthday,92,,semantic-category-v8:sports:birthday
SAFE,cmta1mrvv00u8q8iyjkk14wuw,Crudeshop,Gift Card | CrudeShop,sports,christmas,86,,semantic-category-v8:sports:christmas
SAFE,cmta1mrvv00u8q8iyjkk14wuw,Crudeshop,Gift Card | CrudeShop,sports,just-because,76,,semantic-category-v8:sports:just-because
SAFE,cmta1msv100ucq8iyhdewxdjo,Cyclestore,Δωροκάρτες,sports,birthday,92,,semantic-category-v8:sports:birthday
SAFE,cmta1msv100ucq8iyhdewxdjo,Cyclestore,Δωροκάρτες,sports,christmas,86,,semantic-category-v8:sports:christmas
SAFE,cmta1msv100ucq8iyhdewxdjo,Cyclestore,Δωροκάρτες,sports,just-because,76,,semantic-category-v8:sports:just-because
SAFE,cmta1mtta00ugq8iy0fpw7nra,Dalis,Dalis Gift Card 20€,jewelry-watches,birthday,94,,semantic-category-v8:jewelry-watches:birthday
SAFE,cmta1mtta00ugq8iy0fpw7nra,Dalis,Dalis Gift Card 20€,jewelry-watches,anniversary,94,,semantic-category-v8:jewelry-watches:anniversary
SAFE,cmta1mtta00ugq8iy0fpw7nra,Dalis,Dalis Gift Card 20€,jewelry-watches,wedding,88,,semantic-category-v8:jewelry-watches:wedding
SAFE,cmta1mtta00ugq8iy0fpw7nra,Dalis,Dalis Gift Card 20€,jewelry-watches,valentines,92,,semantic-category-v8:jewelry-watches:valentines
SAFE,cmta1mtta00ugq8iy0fpw7nra,Dalis,Dalis Gift Card 20€,jewelry-watches,christmas,88,,semantic-category-v8:jewelry-watches:christmas
SAFE,cmta1mubd00uiq8iy7rflmva4,Diastours,Χαρίστε ένα Ταξίδι – Gift Vouchers,travel,birthday,88,,semantic-category-v8:travel:birthday
SAFE,cmta1mubd00uiq8iy7rflmva4,Diastours,Χαρίστε ένα Ταξίδι – Gift Vouchers,travel,anniversary,92,,semantic-category-v8:travel:anniversary
SAFE,cmta1mubd00uiq8iy7rflmva4,Diastours,Χαρίστε ένα Ταξίδι – Gift Vouchers,travel,wedding,88,,semantic-category-v8:travel:wedding
SAFE,cmta1mubd00uiq8iy7rflmva4,Diastours,Χαρίστε ένα Ταξίδι – Gift Vouchers,travel,christmas,82,,semantic-category-v8:travel:christmas
SAFE,cmta1muxk00ukq8iy2hcfp6jr,Dionysioumedispa,Beauty and Spa Gift Card - Dionysiou Beauty & Medi Spa,spa-wellness,birthday,92,,semantic-category-v8:spa-wellness:birthday
SAFE,cmta1muxk00ukq8iy2hcfp6jr,Dionysioumedispa,Beauty and Spa Gift Card - Dionysiou Beauty & Medi Spa,spa-wellness,anniversary,90,,semantic-category-v8:spa-wellness:anniversary
SAFE,cmta1muxk00ukq8iy2hcfp6jr,Dionysioumedispa,Beauty and Spa Gift Card - Dionysiou Beauty & Medi Spa,spa-wellness,valentines,88,,semantic-category-v8:spa-wellness:valentines
SAFE,cmta1muxk00ukq8iy2hcfp6jr,Dionysioumedispa,Beauty and Spa Gift Card - Dionysiou Beauty & Medi Spa,spa-wellness,mothers-day,86,,semantic-category-v8:spa-wellness:mothers-day
SAFE,cmta1muxk00ukq8iy2hcfp6jr,Dionysioumedispa,Beauty and Spa Gift Card - Dionysiou Beauty & Medi Spa,spa-wellness,fathers-day,82,,semantic-category-v8:spa-wellness:fathers-day
SAFE,cmta1mvfe00umq8iykcghhdh2,Djmania,Gift Cards,technology,birthday,92,,semantic-category-v8:technology:birthday
SAFE,cmta1mvfe00umq8iykcghhdh2,Djmania,Gift Cards,technology,christmas,90,,semantic-category-v8:technology:christmas
SAFE,cmta1mvfe00umq8iykcghhdh2,Djmania,Gift Cards,technology,just-because,76,,semantic-category-v8:technology:just-because
SAFE,cmta1mvx400uoq8iyn1p8l231,Dukas,Gift Card – Official DUKAS Online Boutique - Luxury Shoes,fashion,birthday,92,,semantic-category-v8:fashion:birthday
SAFE,cmta1mvx400uoq8iyn1p8l231,Dukas,Gift Card – Official DUKAS Online Boutique - Luxury Shoes,fashion,christmas,86,,semantic-category-v8:fashion:christmas
SAFE,cmta1mvx400uoq8iyn1p8l231,Dukas,Gift Card – Official DUKAS Online Boutique - Luxury Shoes,fashion,just-because,78,,semantic-category-v8:fashion:just-because
SAFE,cmta1mwtx00usq8iyvzyrsho0,Ecoliving,Gift Cards,home,wedding,88,,semantic-category-v8:home:wedding
SAFE,cmta1mwtx00usq8iyvzyrsho0,Ecoliving,Gift Cards,home,christmas,84,,semantic-category-v8:home:christmas
SAFE,cmta1mwtx00usq8iyvzyrsho0,Ecoliving,Gift Cards,home,just-because,76,,semantic-category-v8:home:just-because
SAFE,cmta1mxa000uuq8iyl8z18jfw,Elephantstore,Elephantstore Gift Card,gifts-concept-stores,birthday,92,,semantic-category-v8:gifts-concept-stores:birthday
SAFE,cmta1mxa000uuq8iyl8z18jfw,Elephantstore,Elephantstore Gift Card,gifts-concept-stores,christmas,92,,semantic-category-v8:gifts-concept-stores:christmas
SAFE,cmta1mxa000uuq8iyl8z18jfw,Elephantstore,Elephantstore Gift Card,gifts-concept-stores,thank-you,86,,semantic-category-v8:gifts-concept-stores:thank-you
SAFE,cmta1mxa000uuq8iyl8z18jfw,Elephantstore,Elephantstore Gift Card,gifts-concept-stores,just-because,88,,semantic-category-v8:gifts-concept-stores:just-because
SAFE,cmta1mxqx00uwq8iyo73shr8j,Emmahome,Gift Cards - EmmaHome,home,wedding,88,,semantic-category-v8:home:wedding
SAFE,cmta1mxqx00uwq8iyo73shr8j,Emmahome,Gift Cards - EmmaHome,home,christmas,84,,semantic-category-v8:home:christmas
SAFE,cmta1mxqx00uwq8iyo73shr8j,Emmahome,Gift Cards - EmmaHome,home,just-because,76,,semantic-category-v8:home:just-because
SAFE,cmta1myap00uyq8iy05wx63jv,Enchriso,100€ gift card - Κοσμήματα En Chriso,jewelry-watches,birthday,94,,semantic-category-v8:jewelry-watches:birthday
SAFE,cmta1myap00uyq8iy05wx63jv,Enchriso,100€ gift card - Κοσμήματα En Chriso,jewelry-watches,anniversary,94,,semantic-category-v8:jewelry-watches:anniversary
SAFE,cmta1myap00uyq8iy05wx63jv,Enchriso,100€ gift card - Κοσμήματα En Chriso,jewelry-watches,wedding,88,,semantic-category-v8:jewelry-watches:wedding
SAFE,cmta1myap00uyq8iy05wx63jv,Enchriso,100€ gift card - Κοσμήματα En Chriso,jewelry-watches,valentines,92,,semantic-category-v8:jewelry-watches:valentines
SAFE,cmta1myap00uyq8iy05wx63jv,Enchriso,100€ gift card - Κοσμήματα En Chriso,jewelry-watches,christmas,88,,semantic-category-v8:jewelry-watches:christmas
SAFE,cmta1mys100v0q8iy16qgugkj,Epipla24,Δωροκάρτα Online Αγορά Επίπλων και Διακόσμησης Σπιτιού,home,wedding,88,,semantic-category-v8:home:wedding
SAFE,cmta1mys100v0q8iy16qgugkj,Epipla24,Δωροκάρτα Online Αγορά Επίπλων και Διακόσμησης Σπιτιού,home,christmas,84,,semantic-category-v8:home:christmas
SAFE,cmta1mys100v0q8iy16qgugkj,Epipla24,Δωροκάρτα Online Αγορά Επίπλων και Διακόσμησης Σπιτιού,home,just-because,76,,semantic-category-v8:home:just-because
SAFE,cmta1mzbz00v2q8iym9a1twa4,Erato Kosmima,Στείλε μια Gift Card - Ερατώ,jewelry-watches,birthday,94,,semantic-category-v8:jewelry-watches:birthday
SAFE,cmta1mzbz00v2q8iym9a1twa4,Erato Kosmima,Στείλε μια Gift Card - Ερατώ,jewelry-watches,anniversary,94,,semantic-category-v8:jewelry-watches:anniversary
SAFE,cmta1mzbz00v2q8iym9a1twa4,Erato Kosmima,Στείλε μια Gift Card - Ερατώ,jewelry-watches,wedding,88,,semantic-category-v8:jewelry-watches:wedding
SAFE,cmta1mzbz00v2q8iym9a1twa4,Erato Kosmima,Στείλε μια Gift Card - Ερατώ,jewelry-watches,valentines,92,,semantic-category-v8:jewelry-watches:valentines
SAFE,cmta1mzbz00v2q8iym9a1twa4,Erato Kosmima,Στείλε μια Gift Card - Ερατώ,jewelry-watches,christmas,88,,semantic-category-v8:jewelry-watches:christmas
SAFE,cmta1mzvd00v4q8iy1mgqxhla,Erostoys,"Gift Cards - Ερωτικά Παιχνίδια, Premium Sex Toys",kids-baby,birthday,94,,semantic-category-v8:kids-baby:birthday
SAFE,cmta1mzvd00v4q8iy1mgqxhla,Erostoys,"Gift Cards - Ερωτικά Παιχνίδια, Premium Sex Toys",kids-baby,for-kids,96,,semantic-category-v8:kids-baby:for-kids
SAFE,cmta1mzvd00v4q8iy1mgqxhla,Erostoys,"Gift Cards - Ερωτικά Παιχνίδια, Premium Sex Toys",kids-baby,christmas,90,,semantic-category-v8:kids-baby:christmas
SAFE,cmta1n0by00v6q8iyd50i4zbc,Estheta,Δωροκάρτα | Estheta | Plus Size Ρούχα,fashion,birthday,92,,semantic-category-v8:fashion:birthday
SAFE,cmta1n0by00v6q8iyd50i4zbc,Estheta,Δωροκάρτα | Estheta | Plus Size Ρούχα,fashion,christmas,86,,semantic-category-v8:fashion:christmas
SAFE,cmta1n0by00v6q8iyd50i4zbc,Estheta,Δωροκάρτα | Estheta | Plus Size Ρούχα,fashion,just-because,78,,semantic-category-v8:fashion:just-because
SAFE,cmta1n10h00v8q8iymob6se9u,Fancynails,Gift Card - Fancy Nails by Nancy,beauty,birthday,92,,semantic-category-v8:beauty:birthday
SAFE,cmta1n10h00v8q8iymob6se9u,Fancynails,Gift Card - Fancy Nails by Nancy,beauty,christmas,86,,semantic-category-v8:beauty:christmas
SAFE,cmta1n10h00v8q8iymob6se9u,Fancynails,Gift Card - Fancy Nails by Nancy,beauty,mothers-day,82,,semantic-category-v8:beauty:mothers-day
SAFE,cmta1n10h00v8q8iymob6se9u,Fancynails,Gift Card - Fancy Nails by Nancy,beauty,just-because,78,,semantic-category-v8:beauty:just-because
SAFE,cmta1n1gn00vaq8iypcugwv32,Feelcar,Feelcar Gift Card,automotive,birthday,86,,semantic-category-v8:automotive:birthday
SAFE,cmta1n1gn00vaq8iypcugwv32,Feelcar,Feelcar Gift Card,automotive,christmas,82,,semantic-category-v8:automotive:christmas
SAFE,cmta1n1gn00vaq8iypcugwv32,Feelcar,Feelcar Gift Card,automotive,just-because,76,,semantic-category-v8:automotive:just-because
SAFE,cmta1n1xb00vcq8iyi4nkjrgn,Gavalasjewelry,ΔΩΡΟΚΑΡΤΕΣ Αρχεία,jewelry-watches,birthday,94,,semantic-category-v8:jewelry-watches:birthday
SAFE,cmta1n1xb00vcq8iyi4nkjrgn,Gavalasjewelry,ΔΩΡΟΚΑΡΤΕΣ Αρχεία,jewelry-watches,anniversary,94,,semantic-category-v8:jewelry-watches:anniversary
SAFE,cmta1n1xb00vcq8iyi4nkjrgn,Gavalasjewelry,ΔΩΡΟΚΑΡΤΕΣ Αρχεία,jewelry-watches,wedding,88,,semantic-category-v8:jewelry-watches:wedding
SAFE,cmta1n1xb00vcq8iyi4nkjrgn,Gavalasjewelry,ΔΩΡΟΚΑΡΤΕΣ Αρχεία,jewelry-watches,valentines,92,,semantic-category-v8:jewelry-watches:valentines
SAFE,cmta1n1xb00vcq8iyi4nkjrgn,Gavalasjewelry,ΔΩΡΟΚΑΡΤΕΣ Αρχεία,jewelry-watches,christmas,88,,semantic-category-v8:jewelry-watches:christmas
SAFE,cmta1n2fs00veq8iyefr9t86z,Ggbeauty,GIFT CARD - G&G Beauty,beauty,birthday,92,,semantic-category-v8:beauty:birthday
SAFE,cmta1n2fs00veq8iyefr9t86z,Ggbeauty,GIFT CARD - G&G Beauty,beauty,christmas,86,,semantic-category-v8:beauty:christmas
SAFE,cmta1n2fs00veq8iyefr9t86z,Ggbeauty,GIFT CARD - G&G Beauty,beauty,mothers-day,82,,semantic-category-v8:beauty:mothers-day
SAFE,cmta1n2fs00veq8iyefr9t86z,Ggbeauty,GIFT CARD - G&G Beauty,beauty,just-because,78,,semantic-category-v8:beauty:just-because
SAFE,cmta1n2wo00vgq8iygtc7c15a,Gmca,Gmca Gift Card,home,wedding,88,,semantic-category-v8:home:wedding
SAFE,cmta1n2wo00vgq8iygtc7c15a,Gmca,Gmca Gift Card,home,christmas,84,,semantic-category-v8:home:christmas
SAFE,cmta1n2wo00vgq8iygtc7c15a,Gmca,Gmca Gift Card,home,just-because,76,,semantic-category-v8:home:just-because
SAFE,cmta1n3dp00viq8iycxrarktf,Goldandwhite,Gift Card - Gold and White | Χειροποίητα Κοσμήματα,jewelry-watches,birthday,94,,semantic-category-v8:jewelry-watches:birthday
SAFE,cmta1n3dp00viq8iycxrarktf,Goldandwhite,Gift Card - Gold and White | Χειροποίητα Κοσμήματα,jewelry-watches,anniversary,94,,semantic-category-v8:jewelry-watches:anniversary
SAFE,cmta1n3dp00viq8iycxrarktf,Goldandwhite,Gift Card - Gold and White | Χειροποίητα Κοσμήματα,jewelry-watches,wedding,88,,semantic-category-v8:jewelry-watches:wedding
SAFE,cmta1n3dp00viq8iycxrarktf,Goldandwhite,Gift Card - Gold and White | Χειροποίητα Κοσμήματα,jewelry-watches,valentines,92,,semantic-category-v8:jewelry-watches:valentines
SAFE,cmta1n3dp00viq8iycxrarktf,Goldandwhite,Gift Card - Gold and White | Χειροποίητα Κοσμήματα,jewelry-watches,christmas,88,,semantic-category-v8:jewelry-watches:christmas
SAFE,cmta1n3tk00vkq8iyuuxusuix,Gotshirts,Gotshirts Gift Card,fashion,birthday,92,,semantic-category-v8:fashion:birthday
SAFE,cmta1n3tk00vkq8iyuuxusuix,Gotshirts,Gotshirts Gift Card,fashion,christmas,86,,semantic-category-v8:fashion:christmas
SAFE,cmta1n3tk00vkq8iyuuxusuix,Gotshirts,Gotshirts Gift Card,fashion,just-because,78,,semantic-category-v8:fashion:just-because
SAFE,cmta1n4cq00vmq8iybe2fosx3,Goulandris,"Gift Card - Vincent van Gogh, Still Life with Coffee Pot, 1888",experiences,birthday,94,,semantic-category-v8:experiences:birthday
SAFE,cmta1n4cq00vmq8iybe2fosx3,Goulandris,"Gift Card - Vincent van Gogh, Still Life with Coffee Pot, 1888",experiences,anniversary,90,,semantic-category-v8:experiences:anniversary
SAFE,cmta1n4cq00vmq8iybe2fosx3,Goulandris,"Gift Card - Vincent van Gogh, Still Life with Coffee Pot, 1888",experiences,valentines,88,,semantic-category-v8:experiences:valentines
SAFE,cmta1n4cq00vmq8iybe2fosx3,Goulandris,"Gift Card - Vincent van Gogh, Still Life with Coffee Pot, 1888",experiences,christmas,84,,semantic-category-v8:experiences:christmas
SAFE,cmta1n4su00voq8iyrrjvgoxw,Habitatgreece,Gift cards,home,wedding,88,,semantic-category-v8:home:wedding
SAFE,cmta1n4su00voq8iyrrjvgoxw,Habitatgreece,Gift cards,home,christmas,84,,semantic-category-v8:home:christmas
SAFE,cmta1n4su00voq8iyrrjvgoxw,Habitatgreece,Gift cards,home,just-because,76,,semantic-category-v8:home:just-because
SAFE,cmta1n5c300vqq8iyyx9k8m2j,Hellobabyshop,Gift Card Balance,kids-baby,birthday,94,,semantic-category-v8:kids-baby:birthday
SAFE,cmta1n5c300vqq8iyyx9k8m2j,Hellobabyshop,Gift Card Balance,kids-baby,for-kids,96,,semantic-category-v8:kids-baby:for-kids
SAFE,cmta1n5c300vqq8iyyx9k8m2j,Hellobabyshop,Gift Card Balance,kids-baby,christmas,90,,semantic-category-v8:kids-baby:christmas
SAFE,cmta1n5s600vsq8iywnkbmylq,Himalayatravel,Gift Voucher Archives - himalayatravel,travel,birthday,88,,semantic-category-v8:travel:birthday
SAFE,cmta1n5s600vsq8iywnkbmylq,Himalayatravel,Gift Voucher Archives - himalayatravel,travel,anniversary,92,,semantic-category-v8:travel:anniversary
SAFE,cmta1n5s600vsq8iywnkbmylq,Himalayatravel,Gift Voucher Archives - himalayatravel,travel,wedding,88,,semantic-category-v8:travel:wedding
SAFE,cmta1n5s600vsq8iywnkbmylq,Himalayatravel,Gift Voucher Archives - himalayatravel,travel,christmas,82,,semantic-category-v8:travel:christmas
SAFE,cmta1n69100vuq8iy4hqjjp9r,Homii,Αγοράστε μία Δωροεπιταγή,home,wedding,88,,semantic-category-v8:home:wedding
SAFE,cmta1n69100vuq8iy4hqjjp9r,Homii,Αγοράστε μία Δωροεπιταγή,home,christmas,84,,semantic-category-v8:home:christmas
SAFE,cmta1n69100vuq8iy4hqjjp9r,Homii,Αγοράστε μία Δωροεπιταγή,home,just-because,76,,semantic-category-v8:home:just-because
SAFE,cmta1n6q100vwq8iyj6rksewk,Hugshop,Gift Card | hug,kids-baby,birthday,94,,semantic-category-v8:kids-baby:birthday
SAFE,cmta1n6q100vwq8iyj6rksewk,Hugshop,Gift Card | hug,kids-baby,for-kids,96,,semantic-category-v8:kids-baby:for-kids
SAFE,cmta1n6q100vwq8iyj6rksewk,Hugshop,Gift Card | hug,kids-baby,christmas,90,,semantic-category-v8:kids-baby:christmas
SAFE,cmta1n77s00vyq8iy92o40u70,Invoidspa,Invoidspa Gift Card,spa-wellness,birthday,92,,semantic-category-v8:spa-wellness:birthday
SAFE,cmta1n77s00vyq8iy92o40u70,Invoidspa,Invoidspa Gift Card,spa-wellness,anniversary,90,,semantic-category-v8:spa-wellness:anniversary
SAFE,cmta1n77s00vyq8iy92o40u70,Invoidspa,Invoidspa Gift Card,spa-wellness,valentines,88,,semantic-category-v8:spa-wellness:valentines
SAFE,cmta1n77s00vyq8iy92o40u70,Invoidspa,Invoidspa Gift Card,spa-wellness,mothers-day,86,,semantic-category-v8:spa-wellness:mothers-day
SAFE,cmta1n77s00vyq8iy92o40u70,Invoidspa,Invoidspa Gift Card,spa-wellness,fathers-day,82,,semantic-category-v8:spa-wellness:fathers-day
SAFE,cmta1n7pm00w0q8iyx5pmc739,Juniorkids,Giftcards,kids-baby,birthday,94,,semantic-category-v8:kids-baby:birthday
SAFE,cmta1n7pm00w0q8iyx5pmc739,Juniorkids,Giftcards,kids-baby,for-kids,96,,semantic-category-v8:kids-baby:for-kids
SAFE,cmta1n7pm00w0q8iyx5pmc739,Juniorkids,Giftcards,kids-baby,christmas,90,,semantic-category-v8:kids-baby:christmas
SAFE,cmta1n88i00w2q8iyediptv4s,Kaelego,Gift card-50,home,wedding,88,,semantic-category-v8:home:wedding
SAFE,cmta1n88i00w2q8iyediptv4s,Kaelego,Gift card-50,home,christmas,84,,semantic-category-v8:home:christmas
SAFE,cmta1n88i00w2q8iyediptv4s,Kaelego,Gift card-50,home,just-because,76,,semantic-category-v8:home:just-because
SAFE,cmta1n8vk00w4q8iyw60rzrqc,Kare24,gift card - Kare24.gr,home,wedding,88,,semantic-category-v8:home:wedding
SAFE,cmta1n8vk00w4q8iyw60rzrqc,Kare24,gift card - Kare24.gr,home,christmas,84,,semantic-category-v8:home:christmas
SAFE,cmta1n8vk00w4q8iyw60rzrqc,Kare24,gift card - Kare24.gr,home,just-because,76,,semantic-category-v8:home:just-because
SAFE,cmta1n9ed00w6q8iyqd615q39,Klotsotiras,"Gift cards - Πετσέτες, Σεντόνια, Πάπλωμα, Κουβέρτες, ...",home,wedding,88,,semantic-category-v8:home:wedding
SAFE,cmta1n9ed00w6q8iyqd615q39,Klotsotiras,"Gift cards - Πετσέτες, Σεντόνια, Πάπλωμα, Κουβέρτες, ...",home,christmas,84,,semantic-category-v8:home:christmas
SAFE,cmta1n9ed00w6q8iyqd615q39,Klotsotiras,"Gift cards - Πετσέτες, Σεντόνια, Πάπλωμα, Κουβέρτες, ...",home,just-because,76,,semantic-category-v8:home:just-because
SAFE,cmta1n9za00w8q8iy7ywbxcsm,Krikisbeauty,Krikis Beauty Gift Card 20€,beauty,birthday,92,,semantic-category-v8:beauty:birthday
SAFE,cmta1n9za00w8q8iy7ywbxcsm,Krikisbeauty,Krikis Beauty Gift Card 20€,beauty,christmas,86,,semantic-category-v8:beauty:christmas
SAFE,cmta1n9za00w8q8iy7ywbxcsm,Krikisbeauty,Krikis Beauty Gift Card 20€,beauty,mothers-day,82,,semantic-category-v8:beauty:mothers-day
SAFE,cmta1n9za00w8q8iy7ywbxcsm,Krikisbeauty,Krikis Beauty Gift Card 20€,beauty,just-because,78,,semantic-category-v8:beauty:just-because
SAFE,cmta1nb0500wcq8iy3kgzjhmi,Lonsdale,e-GIFTCARD,sports,birthday,92,,semantic-category-v8:sports:birthday
SAFE,cmta1nb0500wcq8iy3kgzjhmi,Lonsdale,e-GIFTCARD,sports,christmas,86,,semantic-category-v8:sports:christmas
SAFE,cmta1nb0500wcq8iy3kgzjhmi,Lonsdale,e-GIFTCARD,sports,just-because,76,,semantic-category-v8:sports:just-because
SAFE,cmta1nbgt00weq8iyvk7kt9b7,Lucejewelry,Gift Card | Luce Jewelry,jewelry-watches,birthday,94,,semantic-category-v8:jewelry-watches:birthday
SAFE,cmta1nbgt00weq8iyvk7kt9b7,Lucejewelry,Gift Card | Luce Jewelry,jewelry-watches,anniversary,94,,semantic-category-v8:jewelry-watches:anniversary
SAFE,cmta1nbgt00weq8iyvk7kt9b7,Lucejewelry,Gift Card | Luce Jewelry,jewelry-watches,wedding,88,,semantic-category-v8:jewelry-watches:wedding
SAFE,cmta1nbgt00weq8iyvk7kt9b7,Lucejewelry,Gift Card | Luce Jewelry,jewelry-watches,valentines,92,,semantic-category-v8:jewelry-watches:valentines
SAFE,cmta1nbgt00weq8iyvk7kt9b7,Lucejewelry,Gift Card | Luce Jewelry,jewelry-watches,christmas,88,,semantic-category-v8:jewelry-watches:christmas
SAFE,cmta1nbzh00wgq8iy7eoe6g44,Luxurymassage,Gift Card - Luxury Massage Athens,spa-wellness,birthday,92,,semantic-category-v8:spa-wellness:birthday
SAFE,cmta1nbzh00wgq8iy7eoe6g44,Luxurymassage,Gift Card - Luxury Massage Athens,spa-wellness,anniversary,90,,semantic-category-v8:spa-wellness:anniversary
SAFE,cmta1nbzh00wgq8iy7eoe6g44,Luxurymassage,Gift Card - Luxury Massage Athens,spa-wellness,valentines,88,,semantic-category-v8:spa-wellness:valentines
SAFE,cmta1nbzh00wgq8iy7eoe6g44,Luxurymassage,Gift Card - Luxury Massage Athens,spa-wellness,mothers-day,86,,semantic-category-v8:spa-wellness:mothers-day
SAFE,cmta1nbzh00wgq8iy7eoe6g44,Luxurymassage,Gift Card - Luxury Massage Athens,spa-wellness,fathers-day,82,,semantic-category-v8:spa-wellness:fathers-day
SAFE,cmta1ncfn00wiq8iy4rpmw0r2,Maisonnette,Maisonnette Gift Card,home,wedding,88,,semantic-category-v8:home:wedding
SAFE,cmta1ncfn00wiq8iy4rpmw0r2,Maisonnette,Maisonnette Gift Card,home,christmas,84,,semantic-category-v8:home:christmas
SAFE,cmta1ncfn00wiq8iy4rpmw0r2,Maisonnette,Maisonnette Gift Card,home,just-because,76,,semantic-category-v8:home:just-because
SAFE,cmta1ncwh00wkq8iybxcjcbsp,Marinetours,Marine Tours gift voucher scheme,travel,birthday,88,,semantic-category-v8:travel:birthday
SAFE,cmta1ncwh00wkq8iybxcjcbsp,Marinetours,Marine Tours gift voucher scheme,travel,anniversary,92,,semantic-category-v8:travel:anniversary
SAFE,cmta1ncwh00wkq8iybxcjcbsp,Marinetours,Marine Tours gift voucher scheme,travel,wedding,88,,semantic-category-v8:travel:wedding
SAFE,cmta1ncwh00wkq8iybxcjcbsp,Marinetours,Marine Tours gift voucher scheme,travel,christmas,82,,semantic-category-v8:travel:christmas
SAFE,cmta1ndg700wmq8iy0aym5v5k,Marinospor,Gift Card - Gift Card 100€ - Marinospor,fashion,birthday,92,,semantic-category-v8:fashion:birthday
SAFE,cmta1ndg700wmq8iy0aym5v5k,Marinospor,Gift Card - Gift Card 100€ - Marinospor,fashion,christmas,86,,semantic-category-v8:fashion:christmas
SAFE,cmta1ndg700wmq8iy0aym5v5k,Marinospor,Gift Card - Gift Card 100€ - Marinospor,fashion,just-because,78,,semantic-category-v8:fashion:just-because
SAFE,cmta1ne2h00woq8iy5xfnagka,Masazaki,Δωροκάρτα Μασάζ: Το καλύτερο εορταστικό δώρο στους ...,spa-wellness,birthday,92,,semantic-category-v8:spa-wellness:birthday
SAFE,cmta1ne2h00woq8iy5xfnagka,Masazaki,Δωροκάρτα Μασάζ: Το καλύτερο εορταστικό δώρο στους ...,spa-wellness,anniversary,90,,semantic-category-v8:spa-wellness:anniversary
SAFE,cmta1ne2h00woq8iy5xfnagka,Masazaki,Δωροκάρτα Μασάζ: Το καλύτερο εορταστικό δώρο στους ...,spa-wellness,valentines,88,,semantic-category-v8:spa-wellness:valentines
SAFE,cmta1ne2h00woq8iy5xfnagka,Masazaki,Δωροκάρτα Μασάζ: Το καλύτερο εορταστικό δώρο στους ...,spa-wellness,mothers-day,86,,semantic-category-v8:spa-wellness:mothers-day
SAFE,cmta1ne2h00woq8iy5xfnagka,Masazaki,Δωροκάρτα Μασάζ: Το καλύτερο εορταστικό δώρο στους ...,spa-wellness,fathers-day,82,,semantic-category-v8:spa-wellness:fathers-day
SAFE,cmta1nek400wqq8iyvh5byguc,Massagejoy,Gift Cards | Κατηγορίες προϊόντων,spa-wellness,birthday,92,,semantic-category-v8:spa-wellness:birthday
SAFE,cmta1nek400wqq8iyvh5byguc,Massagejoy,Gift Cards | Κατηγορίες προϊόντων,spa-wellness,anniversary,90,,semantic-category-v8:spa-wellness:anniversary
SAFE,cmta1nek400wqq8iyvh5byguc,Massagejoy,Gift Cards | Κατηγορίες προϊόντων,spa-wellness,valentines,88,,semantic-category-v8:spa-wellness:valentines
SAFE,cmta1nek400wqq8iyvh5byguc,Massagejoy,Gift Cards | Κατηγορίες προϊόντων,spa-wellness,mothers-day,86,,semantic-category-v8:spa-wellness:mothers-day
SAFE,cmta1nek400wqq8iyvh5byguc,Massagejoy,Gift Cards | Κατηγορίες προϊόντων,spa-wellness,fathers-day,82,,semantic-category-v8:spa-wellness:fathers-day
SAFE,cmta1nf1t00wsq8iygfpp7r8t,Mediwellkalamata,Mediwellkalamata Gift Card,beauty,birthday,92,,semantic-category-v8:beauty:birthday
SAFE,cmta1nf1t00wsq8iygfpp7r8t,Mediwellkalamata,Mediwellkalamata Gift Card,beauty,christmas,86,,semantic-category-v8:beauty:christmas
SAFE,cmta1nf1t00wsq8iygfpp7r8t,Mediwellkalamata,Mediwellkalamata Gift Card,beauty,mothers-day,82,,semantic-category-v8:beauty:mothers-day
SAFE,cmta1nf1t00wsq8iygfpp7r8t,Mediwellkalamata,Mediwellkalamata Gift Card,beauty,just-because,78,,semantic-category-v8:beauty:just-because
SAFE,cmta1nfnx00wuq8iyrmod0nxo,Mellifora,Gift Card Envelope,beauty,birthday,92,,semantic-category-v8:beauty:birthday
SAFE,cmta1nfnx00wuq8iyrmod0nxo,Mellifora,Gift Card Envelope,beauty,christmas,86,,semantic-category-v8:beauty:christmas
SAFE,cmta1nfnx00wuq8iyrmod0nxo,Mellifora,Gift Card Envelope,beauty,mothers-day,82,,semantic-category-v8:beauty:mothers-day
SAFE,cmta1nfnx00wuq8iyrmod0nxo,Mellifora,Gift Card Envelope,beauty,just-because,78,,semantic-category-v8:beauty:just-because
SAFE,cmta1ng3h00wwq8iy0jg8v49x,Minotavros,Redeem Gift Certificate,home,wedding,88,,semantic-category-v8:home:wedding
SAFE,cmta1ng3h00wwq8iy0jg8v49x,Minotavros,Redeem Gift Certificate,home,christmas,84,,semantic-category-v8:home:christmas
SAFE,cmta1ng3h00wwq8iy0jg8v49x,Minotavros,Redeem Gift Certificate,home,just-because,76,,semantic-category-v8:home:just-because
SAFE,cmta1ngnh00wyq8iyaskl04be,Moomoo,GIFT CARDS - moomoo.gr,jewelry-watches,birthday,94,,semantic-category-v8:jewelry-watches:birthday
SAFE,cmta1ngnh00wyq8iyaskl04be,Moomoo,GIFT CARDS - moomoo.gr,jewelry-watches,anniversary,94,,semantic-category-v8:jewelry-watches:anniversary
SAFE,cmta1ngnh00wyq8iyaskl04be,Moomoo,GIFT CARDS - moomoo.gr,jewelry-watches,wedding,88,,semantic-category-v8:jewelry-watches:wedding
SAFE,cmta1ngnh00wyq8iyaskl04be,Moomoo,GIFT CARDS - moomoo.gr,jewelry-watches,valentines,92,,semantic-category-v8:jewelry-watches:valentines
SAFE,cmta1ngnh00wyq8iyaskl04be,Moomoo,GIFT CARDS - moomoo.gr,jewelry-watches,christmas,88,,semantic-category-v8:jewelry-watches:christmas
SAFE,cmta1nh7b00x0q8iyvpuik4zd,Morfibeauty,Gift Card 100,beauty,birthday,92,,semantic-category-v8:beauty:birthday
SAFE,cmta1nh7b00x0q8iyvpuik4zd,Morfibeauty,Gift Card 100,beauty,christmas,86,,semantic-category-v8:beauty:christmas
SAFE,cmta1nh7b00x0q8iyvpuik4zd,Morfibeauty,Gift Card 100,beauty,mothers-day,82,,semantic-category-v8:beauty:mothers-day
SAFE,cmta1nh7b00x0q8iyvpuik4zd,Morfibeauty,Gift Card 100,beauty,just-because,78,,semantic-category-v8:beauty:just-because
SAFE,cmta1nhpn00x2q8iymyaq96be,Msjewels,Msjewels Gift Card,jewelry-watches,birthday,94,,semantic-category-v8:jewelry-watches:birthday
SAFE,cmta1nhpn00x2q8iymyaq96be,Msjewels,Msjewels Gift Card,jewelry-watches,anniversary,94,,semantic-category-v8:jewelry-watches:anniversary
SAFE,cmta1nhpn00x2q8iymyaq96be,Msjewels,Msjewels Gift Card,jewelry-watches,wedding,88,,semantic-category-v8:jewelry-watches:wedding
SAFE,cmta1nhpn00x2q8iymyaq96be,Msjewels,Msjewels Gift Card,jewelry-watches,valentines,92,,semantic-category-v8:jewelry-watches:valentines
SAFE,cmta1nhpn00x2q8iymyaq96be,Msjewels,Msjewels Gift Card,jewelry-watches,christmas,88,,semantic-category-v8:jewelry-watches:christmas
SAFE,cmta1niq900x6q8iyuhnwe0xg,Naeniam,Naeniam Gift Card,fashion,birthday,92,,semantic-category-v8:fashion:birthday
SAFE,cmta1niq900x6q8iyuhnwe0xg,Naeniam,Naeniam Gift Card,fashion,christmas,86,,semantic-category-v8:fashion:christmas
SAFE,cmta1niq900x6q8iyuhnwe0xg,Naeniam,Naeniam Gift Card,fashion,just-because,78,,semantic-category-v8:fashion:just-because
SAFE,cmta1njpt00xaq8iyktqhqu41,Noiretor,Noiretor Gift Card,fashion,birthday,92,,semantic-category-v8:fashion:birthday
SAFE,cmta1njpt00xaq8iyktqhqu41,Noiretor,Noiretor Gift Card,fashion,christmas,86,,semantic-category-v8:fashion:christmas
SAFE,cmta1njpt00xaq8iyktqhqu41,Noiretor,Noiretor Gift Card,fashion,just-because,78,,semantic-category-v8:fashion:just-because
SAFE,cmta1nk8700xcq8iy1swx5l3u,Parnassoshiking,Gift Card - Δώρισε μια εμπειρία στον Παρνασσό,experiences,birthday,94,,semantic-category-v8:experiences:birthday
SAFE,cmta1nk8700xcq8iy1swx5l3u,Parnassoshiking,Gift Card - Δώρισε μια εμπειρία στον Παρνασσό,experiences,anniversary,90,,semantic-category-v8:experiences:anniversary
SAFE,cmta1nk8700xcq8iy1swx5l3u,Parnassoshiking,Gift Card - Δώρισε μια εμπειρία στον Παρνασσό,experiences,valentines,88,,semantic-category-v8:experiences:valentines
SAFE,cmta1nk8700xcq8iy1swx5l3u,Parnassoshiking,Gift Card - Δώρισε μια εμπειρία στον Παρνασσό,experiences,christmas,84,,semantic-category-v8:experiences:christmas
SAFE,cmta1nkqp00xeq8iyl3jdazkp,Pelopslandtravel,Pelopslandtravel Gift Card,travel,birthday,88,,semantic-category-v8:travel:birthday
SAFE,cmta1nkqp00xeq8iyl3jdazkp,Pelopslandtravel,Pelopslandtravel Gift Card,travel,anniversary,92,,semantic-category-v8:travel:anniversary
SAFE,cmta1nkqp00xeq8iyl3jdazkp,Pelopslandtravel,Pelopslandtravel Gift Card,travel,wedding,88,,semantic-category-v8:travel:wedding
SAFE,cmta1nkqp00xeq8iyl3jdazkp,Pelopslandtravel,Pelopslandtravel Gift Card,travel,christmas,82,,semantic-category-v8:travel:christmas
SAFE,cmta1nlfj00xgq8iyfl7238ki,Philsgranola,Philsgranola Gift Card,food-delivery,birthday,84,,semantic-category-v8:food-delivery:birthday
SAFE,cmta1nlfj00xgq8iyfl7238ki,Philsgranola,Philsgranola Gift Card,food-delivery,thank-you,84,,semantic-category-v8:food-delivery:thank-you
SAFE,cmta1nlfj00xgq8iyfl7238ki,Philsgranola,Philsgranola Gift Card,food-delivery,just-because,82,,semantic-category-v8:food-delivery:just-because
SAFE,cmta1nlwe00xiq8iylzovy6xf,Physioathens,Physioathens Gift Card,spa-wellness,birthday,92,,semantic-category-v8:spa-wellness:birthday
SAFE,cmta1nlwe00xiq8iylzovy6xf,Physioathens,Physioathens Gift Card,spa-wellness,anniversary,90,,semantic-category-v8:spa-wellness:anniversary
SAFE,cmta1nlwe00xiq8iylzovy6xf,Physioathens,Physioathens Gift Card,spa-wellness,valentines,88,,semantic-category-v8:spa-wellness:valentines
SAFE,cmta1nlwe00xiq8iylzovy6xf,Physioathens,Physioathens Gift Card,spa-wellness,mothers-day,86,,semantic-category-v8:spa-wellness:mothers-day
SAFE,cmta1nlwe00xiq8iylzovy6xf,Physioathens,Physioathens Gift Card,spa-wellness,fathers-day,82,,semantic-category-v8:spa-wellness:fathers-day
SAFE,cmta1nmct00xkq8iy4dlkj0k6,Piccolo Orso,Piccolo Orso Gift Card,kids-baby,birthday,94,,semantic-category-v8:kids-baby:birthday
SAFE,cmta1nmct00xkq8iy4dlkj0k6,Piccolo Orso,Piccolo Orso Gift Card,kids-baby,for-kids,96,,semantic-category-v8:kids-baby:for-kids
SAFE,cmta1nmct00xkq8iy4dlkj0k6,Piccolo Orso,Piccolo Orso Gift Card,kids-baby,christmas,90,,semantic-category-v8:kids-baby:christmas
SAFE,cmta1nn9k00xoq8iyzh4ts5tj,Pret A Beaute,Gift Card | Gift certificate,beauty,birthday,92,,semantic-category-v8:beauty:birthday
SAFE,cmta1nn9k00xoq8iyzh4ts5tj,Pret A Beaute,Gift Card | Gift certificate,beauty,christmas,86,,semantic-category-v8:beauty:christmas
SAFE,cmta1nn9k00xoq8iyzh4ts5tj,Pret A Beaute,Gift Card | Gift certificate,beauty,mothers-day,82,,semantic-category-v8:beauty:mothers-day
SAFE,cmta1nn9k00xoq8iyzh4ts5tj,Pret A Beaute,Gift Card | Gift certificate,beauty,just-because,78,,semantic-category-v8:beauty:just-because
SAFE,cmta1nnui00xqq8iyverz0w50,Profitstore,ProfitStore Δωροεπιταγή,department-stores,birthday,92,,semantic-category-v8:department-stores:birthday
SAFE,cmta1nnui00xqq8iyverz0w50,Profitstore,ProfitStore Δωροεπιταγή,department-stores,christmas,92,,semantic-category-v8:department-stores:christmas
SAFE,cmta1nnui00xqq8iyverz0w50,Profitstore,ProfitStore Δωροεπιταγή,department-stores,wedding,82,,semantic-category-v8:department-stores:wedding
SAFE,cmta1nnui00xqq8iyverz0w50,Profitstore,ProfitStore Δωροεπιταγή,department-stores,just-because,82,,semantic-category-v8:department-stores:just-because
SAFE,cmta1node00xsq8iye2l4utkg,Puroshop,Δωροεπιταγή - PuroShop,food-delivery,birthday,84,,semantic-category-v8:food-delivery:birthday
SAFE,cmta1node00xsq8iye2l4utkg,Puroshop,Δωροεπιταγή - PuroShop,food-delivery,thank-you,84,,semantic-category-v8:food-delivery:thank-you
SAFE,cmta1node00xsq8iye2l4utkg,Puroshop,Δωροεπιταγή - PuroShop,food-delivery,just-because,82,,semantic-category-v8:food-delivery:just-because
SAFE,cmta1nouh00xuq8iyjwmt7jy4,Revitalash,Gift Card – RevitaLash Greece,beauty,birthday,92,,semantic-category-v8:beauty:birthday
SAFE,cmta1nouh00xuq8iyjwmt7jy4,Revitalash,Gift Card – RevitaLash Greece,beauty,christmas,86,,semantic-category-v8:beauty:christmas
SAFE,cmta1nouh00xuq8iyjwmt7jy4,Revitalash,Gift Card – RevitaLash Greece,beauty,mothers-day,82,,semantic-category-v8:beauty:mothers-day
SAFE,cmta1nouh00xuq8iyjwmt7jy4,Revitalash,Gift Card – RevitaLash Greece,beauty,just-because,78,,semantic-category-v8:beauty:just-because
SAFE,cmta1npdy00xwq8iylneoffrn,Romina Hairstyle,Gift Cards 2 - Romina HairStyle,beauty,birthday,92,,semantic-category-v8:beauty:birthday
SAFE,cmta1npdy00xwq8iylneoffrn,Romina Hairstyle,Gift Cards 2 - Romina HairStyle,beauty,christmas,86,,semantic-category-v8:beauty:christmas
SAFE,cmta1npdy00xwq8iylneoffrn,Romina Hairstyle,Gift Cards 2 - Romina HairStyle,beauty,mothers-day,82,,semantic-category-v8:beauty:mothers-day
SAFE,cmta1npdy00xwq8iylneoffrn,Romina Hairstyle,Gift Cards 2 - Romina HairStyle,beauty,just-because,78,,semantic-category-v8:beauty:just-because
SAFE,cmta1npuk00xyq8iy9rv2fnaj,Santi,Gift Card - Δωροκάρτα – Εναλλακτικές Θεραπείες,spa-wellness,birthday,92,,semantic-category-v8:spa-wellness:birthday
SAFE,cmta1npuk00xyq8iy9rv2fnaj,Santi,Gift Card - Δωροκάρτα – Εναλλακτικές Θεραπείες,spa-wellness,anniversary,90,,semantic-category-v8:spa-wellness:anniversary
SAFE,cmta1npuk00xyq8iy9rv2fnaj,Santi,Gift Card - Δωροκάρτα – Εναλλακτικές Θεραπείες,spa-wellness,valentines,88,,semantic-category-v8:spa-wellness:valentines
SAFE,cmta1npuk00xyq8iy9rv2fnaj,Santi,Gift Card - Δωροκάρτα – Εναλλακτικές Θεραπείες,spa-wellness,mothers-day,86,,semantic-category-v8:spa-wellness:mothers-day
SAFE,cmta1npuk00xyq8iy9rv2fnaj,Santi,Gift Card - Δωροκάρτα – Εναλλακτικές Θεραπείες,spa-wellness,fathers-day,82,,semantic-category-v8:spa-wellness:fathers-day
SAFE,cmta1nqx900y2q8iyog0cfehs,Shoelover,Shoelover Gift Card,fashion,birthday,92,,semantic-category-v8:fashion:birthday
SAFE,cmta1nqx900y2q8iyog0cfehs,Shoelover,Shoelover Gift Card,fashion,christmas,86,,semantic-category-v8:fashion:christmas
SAFE,cmta1nqx900y2q8iyog0cfehs,Shoelover,Shoelover Gift Card,fashion,just-because,78,,semantic-category-v8:fashion:just-because
SAFE,cmta1nrf100y4q8iy718rheh1,Shop Guide,Shop Guide Gift Card,fashion,birthday,92,,semantic-category-v8:fashion:birthday
SAFE,cmta1nrf100y4q8iy718rheh1,Shop Guide,Shop Guide Gift Card,fashion,christmas,86,,semantic-category-v8:fashion:christmas
SAFE,cmta1nrf100y4q8iy718rheh1,Shop Guide,Shop Guide Gift Card,fashion,just-because,78,,semantic-category-v8:fashion:just-because
SAFE,cmta1nrye00y6q8iyh18c4c35,Skinpositive,Skinpositive Gift Card,beauty,birthday,92,,semantic-category-v8:beauty:birthday
SAFE,cmta1nrye00y6q8iyh18c4c35,Skinpositive,Skinpositive Gift Card,beauty,christmas,86,,semantic-category-v8:beauty:christmas
SAFE,cmta1nrye00y6q8iyh18c4c35,Skinpositive,Skinpositive Gift Card,beauty,mothers-day,82,,semantic-category-v8:beauty:mothers-day
SAFE,cmta1nrye00y6q8iyh18c4c35,Skinpositive,Skinpositive Gift Card,beauty,just-because,78,,semantic-category-v8:beauty:just-because
SAFE,cmta1nsj400y8q8iyugbq8r49,Skinu,Skinu Gift Card,beauty,birthday,92,,semantic-category-v8:beauty:birthday
SAFE,cmta1nsj400y8q8iyugbq8r49,Skinu,Skinu Gift Card,beauty,christmas,86,,semantic-category-v8:beauty:christmas
SAFE,cmta1nsj400y8q8iyugbq8r49,Skinu,Skinu Gift Card,beauty,mothers-day,82,,semantic-category-v8:beauty:mothers-day
SAFE,cmta1nsj400y8q8iyugbq8r49,Skinu,Skinu Gift Card,beauty,just-because,78,,semantic-category-v8:beauty:just-because
SAFE,cmta1nt2o00yaq8iym6euj9k4,Somacreations,Somacreations Gift Card,jewelry-watches,birthday,94,,semantic-category-v8:jewelry-watches:birthday
SAFE,cmta1nt2o00yaq8iym6euj9k4,Somacreations,Somacreations Gift Card,jewelry-watches,anniversary,94,,semantic-category-v8:jewelry-watches:anniversary
SAFE,cmta1nt2o00yaq8iym6euj9k4,Somacreations,Somacreations Gift Card,jewelry-watches,wedding,88,,semantic-category-v8:jewelry-watches:wedding
SAFE,cmta1nt2o00yaq8iym6euj9k4,Somacreations,Somacreations Gift Card,jewelry-watches,valentines,92,,semantic-category-v8:jewelry-watches:valentines
SAFE,cmta1nt2o00yaq8iym6euj9k4,Somacreations,Somacreations Gift Card,jewelry-watches,christmas,88,,semantic-category-v8:jewelry-watches:christmas
SAFE,cmta1ntm900ycq8iy3qr4gnvr,Spaniriides,Spaniriides Gift Card,spa-wellness,birthday,92,,semantic-category-v8:spa-wellness:birthday
SAFE,cmta1ntm900ycq8iy3qr4gnvr,Spaniriides,Spaniriides Gift Card,spa-wellness,anniversary,90,,semantic-category-v8:spa-wellness:anniversary
SAFE,cmta1ntm900ycq8iy3qr4gnvr,Spaniriides,Spaniriides Gift Card,spa-wellness,valentines,88,,semantic-category-v8:spa-wellness:valentines
SAFE,cmta1ntm900ycq8iy3qr4gnvr,Spaniriides,Spaniriides Gift Card,spa-wellness,mothers-day,86,,semantic-category-v8:spa-wellness:mothers-day
SAFE,cmta1ntm900ycq8iy3qr4gnvr,Spaniriides,Spaniriides Gift Card,spa-wellness,fathers-day,82,,semantic-category-v8:spa-wellness:fathers-day
SAFE,cmta1nu7100yeq8iy8dkq4jas,Spaspanio,Spanio Gift Card,spa-wellness,birthday,92,,semantic-category-v8:spa-wellness:birthday
SAFE,cmta1nu7100yeq8iy8dkq4jas,Spaspanio,Spanio Gift Card,spa-wellness,anniversary,90,,semantic-category-v8:spa-wellness:anniversary
SAFE,cmta1nu7100yeq8iy8dkq4jas,Spaspanio,Spanio Gift Card,spa-wellness,valentines,88,,semantic-category-v8:spa-wellness:valentines
SAFE,cmta1nu7100yeq8iy8dkq4jas,Spaspanio,Spanio Gift Card,spa-wellness,mothers-day,86,,semantic-category-v8:spa-wellness:mothers-day
SAFE,cmta1nu7100yeq8iy8dkq4jas,Spaspanio,Spanio Gift Card,spa-wellness,fathers-day,82,,semantic-category-v8:spa-wellness:fathers-day
SAFE,cmta1nup500ygq8iyjaq70mhf,Studiocalma,Gift Card - Favorite Handmade Candles - Studio Calma,home,wedding,88,,semantic-category-v8:home:wedding
SAFE,cmta1nup500ygq8iyjaq70mhf,Studiocalma,Gift Card - Favorite Handmade Candles - Studio Calma,home,christmas,84,,semantic-category-v8:home:christmas
SAFE,cmta1nup500ygq8iyjaq70mhf,Studiocalma,Gift Card - Favorite Handmade Candles - Studio Calma,home,just-because,76,,semantic-category-v8:home:just-because
SAFE,cmta1nv6k00yiq8iyyvpip6na,Symmetria,Gift Cards - SYMMETRIA,spa-wellness,birthday,92,,semantic-category-v8:spa-wellness:birthday
SAFE,cmta1nv6k00yiq8iyyvpip6na,Symmetria,Gift Cards - SYMMETRIA,spa-wellness,anniversary,90,,semantic-category-v8:spa-wellness:anniversary
SAFE,cmta1nv6k00yiq8iyyvpip6na,Symmetria,Gift Cards - SYMMETRIA,spa-wellness,valentines,88,,semantic-category-v8:spa-wellness:valentines
SAFE,cmta1nv6k00yiq8iyyvpip6na,Symmetria,Gift Cards - SYMMETRIA,spa-wellness,mothers-day,86,,semantic-category-v8:spa-wellness:mothers-day
SAFE,cmta1nv6k00yiq8iyyvpip6na,Symmetria,Gift Cards - SYMMETRIA,spa-wellness,fathers-day,82,,semantic-category-v8:spa-wellness:fathers-day
SAFE,cmta1nvns00ykq8iyonflkr96,Tea Pot,Gift Card Αρχεία - Teapot,food-delivery,birthday,84,,semantic-category-v8:food-delivery:birthday
SAFE,cmta1nvns00ykq8iyonflkr96,Tea Pot,Gift Card Αρχεία - Teapot,food-delivery,thank-you,84,,semantic-category-v8:food-delivery:thank-you
SAFE,cmta1nvns00ykq8iyonflkr96,Tea Pot,Gift Card Αρχεία - Teapot,food-delivery,just-because,82,,semantic-category-v8:food-delivery:just-because
SAFE,cmta1nw4a00ymq8iy2tzn8eg1,Themassageworld,The Massage World-ΔΩΡΟΚΑΡΤΕΣ,spa-wellness,birthday,92,,semantic-category-v8:spa-wellness:birthday
SAFE,cmta1nw4a00ymq8iy2tzn8eg1,Themassageworld,The Massage World-ΔΩΡΟΚΑΡΤΕΣ,spa-wellness,anniversary,90,,semantic-category-v8:spa-wellness:anniversary
SAFE,cmta1nw4a00ymq8iy2tzn8eg1,Themassageworld,The Massage World-ΔΩΡΟΚΑΡΤΕΣ,spa-wellness,valentines,88,,semantic-category-v8:spa-wellness:valentines
SAFE,cmta1nw4a00ymq8iy2tzn8eg1,Themassageworld,The Massage World-ΔΩΡΟΚΑΡΤΕΣ,spa-wellness,mothers-day,86,,semantic-category-v8:spa-wellness:mothers-day
SAFE,cmta1nw4a00ymq8iy2tzn8eg1,Themassageworld,The Massage World-ΔΩΡΟΚΑΡΤΕΣ,spa-wellness,fathers-day,82,,semantic-category-v8:spa-wellness:fathers-day
SAFE,cmta1nwjv00yoq8iyc4zi26q7,Tirato,Gift Card TIRA TO,jewelry-watches,birthday,94,,semantic-category-v8:jewelry-watches:birthday
SAFE,cmta1nwjv00yoq8iyc4zi26q7,Tirato,Gift Card TIRA TO,jewelry-watches,anniversary,94,,semantic-category-v8:jewelry-watches:anniversary
SAFE,cmta1nwjv00yoq8iyc4zi26q7,Tirato,Gift Card TIRA TO,jewelry-watches,wedding,88,,semantic-category-v8:jewelry-watches:wedding
SAFE,cmta1nwjv00yoq8iyc4zi26q7,Tirato,Gift Card TIRA TO,jewelry-watches,valentines,92,,semantic-category-v8:jewelry-watches:valentines
SAFE,cmta1nwjv00yoq8iyc4zi26q7,Tirato,Gift Card TIRA TO,jewelry-watches,christmas,88,,semantic-category-v8:jewelry-watches:christmas
SAFE,cmta1nx0b00yqq8iyfkhg9twh,Trailofmind,Gift Voucher,experiences,birthday,94,,semantic-category-v8:experiences:birthday
SAFE,cmta1nx0b00yqq8iyfkhg9twh,Trailofmind,Gift Voucher,experiences,anniversary,90,,semantic-category-v8:experiences:anniversary
SAFE,cmta1nx0b00yqq8iyfkhg9twh,Trailofmind,Gift Voucher,experiences,valentines,88,,semantic-category-v8:experiences:valentines
SAFE,cmta1nx0b00yqq8iyfkhg9twh,Trailofmind,Gift Voucher,experiences,christmas,84,,semantic-category-v8:experiences:christmas
SAFE,cmta1nxhd00ysq8iy4egocjgs,Treasurebox,Gift Card - Treasure Box,jewelry-watches,birthday,94,,semantic-category-v8:jewelry-watches:birthday
SAFE,cmta1nxhd00ysq8iy4egocjgs,Treasurebox,Gift Card - Treasure Box,jewelry-watches,anniversary,94,,semantic-category-v8:jewelry-watches:anniversary
SAFE,cmta1nxhd00ysq8iy4egocjgs,Treasurebox,Gift Card - Treasure Box,jewelry-watches,wedding,88,,semantic-category-v8:jewelry-watches:wedding
SAFE,cmta1nxhd00ysq8iy4egocjgs,Treasurebox,Gift Card - Treasure Box,jewelry-watches,valentines,92,,semantic-category-v8:jewelry-watches:valentines
SAFE,cmta1nxhd00ysq8iy4egocjgs,Treasurebox,Gift Card - Treasure Box,jewelry-watches,christmas,88,,semantic-category-v8:jewelry-watches:christmas
SAFE,cmta1nxyl00yuq8iy89u0st0s,Trollbeads,Trollbeads Gift Card,jewelry-watches,birthday,94,,semantic-category-v8:jewelry-watches:birthday
SAFE,cmta1nxyl00yuq8iy89u0st0s,Trollbeads,Trollbeads Gift Card,jewelry-watches,anniversary,94,,semantic-category-v8:jewelry-watches:anniversary
SAFE,cmta1nxyl00yuq8iy89u0st0s,Trollbeads,Trollbeads Gift Card,jewelry-watches,wedding,88,,semantic-category-v8:jewelry-watches:wedding
SAFE,cmta1nxyl00yuq8iy89u0st0s,Trollbeads,Trollbeads Gift Card,jewelry-watches,valentines,92,,semantic-category-v8:jewelry-watches:valentines
SAFE,cmta1nxyl00yuq8iy89u0st0s,Trollbeads,Trollbeads Gift Card,jewelry-watches,christmas,88,,semantic-category-v8:jewelry-watches:christmas
SAFE,cmta1nyzl00yyq8iy0qetgjxm,Vinylartclothing,Vinylartclothing Gift Card,fashion,birthday,92,,semantic-category-v8:fashion:birthday
SAFE,cmta1nyzl00yyq8iy0qetgjxm,Vinylartclothing,Vinylartclothing Gift Card,fashion,christmas,86,,semantic-category-v8:fashion:christmas
SAFE,cmta1nyzl00yyq8iy0qetgjxm,Vinylartclothing,Vinylartclothing Gift Card,fashion,just-because,78,,semantic-category-v8:fashion:just-because
SAFE,cmta1nzkc00z0q8iyqtq6gzps,Wallpaperstore,Gift cards - WallPaperStore,home,wedding,88,,semantic-category-v8:home:wedding
SAFE,cmta1nzkc00z0q8iyqtq6gzps,Wallpaperstore,Gift cards - WallPaperStore,home,christmas,84,,semantic-category-v8:home:christmas
SAFE,cmta1nzkc00z0q8iyqtq6gzps,Wallpaperstore,Gift cards - WallPaperStore,home,just-because,76,,semantic-category-v8:home:just-because
SAFE,cmta1o0kq00z4q8iy2co9l3en,Yourmassage,GIFT CARD - Yourmassage - Μασάζ στο σπίτι,spa-wellness,birthday,92,,semantic-category-v8:spa-wellness:birthday
SAFE,cmta1o0kq00z4q8iy2co9l3en,Yourmassage,GIFT CARD - Yourmassage - Μασάζ στο σπίτι,spa-wellness,anniversary,90,,semantic-category-v8:spa-wellness:anniversary
SAFE,cmta1o0kq00z4q8iy2co9l3en,Yourmassage,GIFT CARD - Yourmassage - Μασάζ στο σπίτι,spa-wellness,valentines,88,,semantic-category-v8:spa-wellness:valentines
SAFE,cmta1o0kq00z4q8iy2co9l3en,Yourmassage,GIFT CARD - Yourmassage - Μασάζ στο σπίτι,spa-wellness,mothers-day,86,,semantic-category-v8:spa-wellness:mothers-day
SAFE,cmta1o0kq00z4q8iy2co9l3en,Yourmassage,GIFT CARD - Yourmassage - Μασάζ στο σπίτι,spa-wellness,fathers-day,82,,semantic-category-v8:spa-wellness:fathers-day
SAFE,cmta421he0001t8iyrqtjx6s9,Netflix,Δωροκάρτα Netflix!,streaming-digital,birthday,90,,semantic-category-v8:streaming-digital:birthday
SAFE,cmta421he0001t8iyrqtjx6s9,Netflix,Δωροκάρτα Netflix!,streaming-digital,christmas,92,,semantic-category-v8:streaming-digital:christmas
SAFE,cmta421he0001t8iyrqtjx6s9,Netflix,Δωροκάρτα Netflix!,streaming-digital,just-because,80,,semantic-category-v8:streaming-digital:just-because
SAFE,cmta421t70002t8iywrh9oyoy,Laura Ashley,Laura Ashley Gift Card,home,wedding,88,,semantic-category-v8:home:wedding
SAFE,cmta421t70002t8iywrh9oyoy,Laura Ashley,Laura Ashley Gift Card,home,christmas,84,,semantic-category-v8:home:christmas
SAFE,cmta421t70002t8iywrh9oyoy,Laura Ashley,Laura Ashley Gift Card,home,just-because,76,,semantic-category-v8:home:just-because
SAFE,cmta4225d0004t8iybifa3ihm,Bilero,Virtual Gift Card Αρχεία,fashion,birthday,92,,semantic-category-v8:fashion:birthday
SAFE,cmta4225d0004t8iybifa3ihm,Bilero,Virtual Gift Card Αρχεία,fashion,christmas,86,,semantic-category-v8:fashion:christmas
SAFE,cmta4225d0004t8iybifa3ihm,Bilero,Virtual Gift Card Αρχεία,fashion,just-because,78,,semantic-category-v8:fashion:just-because
SAFE,cmta422iu0006t8iyjfed8tcg,Didi,Κάρτα Δώρου – MrsDiDi CraftShop - didi.gr,fashion,birthday,92,,semantic-category-v8:fashion:birthday
SAFE,cmta422iu0006t8iyjfed8tcg,Didi,Κάρτα Δώρου – MrsDiDi CraftShop - didi.gr,fashion,christmas,86,,semantic-category-v8:fashion:christmas
SAFE,cmta422iu0006t8iyjfed8tcg,Didi,Κάρτα Δώρου – MrsDiDi CraftShop - didi.gr,fashion,just-because,78,,semantic-category-v8:fashion:just-because
SAFE,cmta4y7kn0003sciyv8fff1a2,Aegeanmassage,Gift cards - Aegean Massage,spa-wellness,birthday,92,,semantic-category-v8:spa-wellness:birthday
SAFE,cmta4y7kn0003sciyv8fff1a2,Aegeanmassage,Gift cards - Aegean Massage,spa-wellness,anniversary,90,,semantic-category-v8:spa-wellness:anniversary
SAFE,cmta4y7kn0003sciyv8fff1a2,Aegeanmassage,Gift cards - Aegean Massage,spa-wellness,valentines,88,,semantic-category-v8:spa-wellness:valentines
SAFE,cmta4y7kn0003sciyv8fff1a2,Aegeanmassage,Gift cards - Aegean Massage,spa-wellness,mothers-day,86,,semantic-category-v8:spa-wellness:mothers-day
SAFE,cmta4y7kn0003sciyv8fff1a2,Aegeanmassage,Gift cards - Aegean Massage,spa-wellness,fathers-day,82,,semantic-category-v8:spa-wellness:fathers-day
SAFE,cmta4y8ik0007sciym0lmxv86,Alchemy,alchemy Gift Card,sports,birthday,92,,semantic-category-v8:sports:birthday
SAFE,cmta4y8ik0007sciym0lmxv86,Alchemy,alchemy Gift Card,sports,christmas,86,,semantic-category-v8:sports:christmas
SAFE,cmta4y8ik0007sciym0lmxv86,Alchemy,alchemy Gift Card,sports,just-because,76,,semantic-category-v8:sports:just-because
SAFE,cmta4y9yz000dsciyapuj6g5h,Beababy,Δωροκάρτα Beababy e-Gift Card,kids-baby,birthday,94,,semantic-category-v8:kids-baby:birthday
SAFE,cmta4y9yz000dsciyapuj6g5h,Beababy,Δωροκάρτα Beababy e-Gift Card,kids-baby,for-kids,96,,semantic-category-v8:kids-baby:for-kids
SAFE,cmta4y9yz000dsciyapuj6g5h,Beababy,Δωροκάρτα Beababy e-Gift Card,kids-baby,christmas,90,,semantic-category-v8:kids-baby:christmas
SAFE,cmta4yafm000fsciycmpn7qlk,Best Wines,Best Wines Gift Card,food-delivery,birthday,84,,semantic-category-v8:food-delivery:birthday
SAFE,cmta4yafm000fsciycmpn7qlk,Best Wines,Best Wines Gift Card,food-delivery,thank-you,84,,semantic-category-v8:food-delivery:thank-you
SAFE,cmta4yafm000fsciycmpn7qlk,Best Wines,Best Wines Gift Card,food-delivery,just-because,82,,semantic-category-v8:food-delivery:just-because
SAFE,cmta4ybhz000jsciys63enlye,Box Box,Gift cards - Box-Box,fashion,birthday,92,,semantic-category-v8:fashion:birthday
SAFE,cmta4ybhz000jsciys63enlye,Box Box,Gift cards - Box-Box,fashion,christmas,86,,semantic-category-v8:fashion:christmas
SAFE,cmta4ybhz000jsciys63enlye,Box Box,Gift cards - Box-Box,fashion,just-because,78,,semantic-category-v8:fashion:just-because
SAFE,cmta4ybyz000lsciyi05bqwwl,Candlejuice,Candlejuice Gift Card,home,wedding,88,,semantic-category-v8:home:wedding
SAFE,cmta4ybyz000lsciyi05bqwwl,Candlejuice,Candlejuice Gift Card,home,christmas,84,,semantic-category-v8:home:christmas
SAFE,cmta4ybyz000lsciyi05bqwwl,Candlejuice,Candlejuice Gift Card,home,just-because,76,,semantic-category-v8:home:just-because
SAFE,cmta4ycf4000nsciydm69up45,Casagiacomo,Gift Card - Casa Giacomo Restaurants,restaurants,birthday,92,,semantic-category-v8:restaurants:birthday
SAFE,cmta4ycf4000nsciydm69up45,Casagiacomo,Gift Card - Casa Giacomo Restaurants,restaurants,anniversary,94,,semantic-category-v8:restaurants:anniversary
SAFE,cmta4ycf4000nsciydm69up45,Casagiacomo,Gift Card - Casa Giacomo Restaurants,restaurants,valentines,92,,semantic-category-v8:restaurants:valentines
SAFE,cmta4ycf4000nsciydm69up45,Casagiacomo,Gift Card - Casa Giacomo Restaurants,restaurants,thank-you,84,,semantic-category-v8:restaurants:thank-you
SAFE,cmta4ycf4000nsciydm69up45,Casagiacomo,Gift Card - Casa Giacomo Restaurants,restaurants,just-because,84,,semantic-category-v8:restaurants:just-because
SAFE,cmta4ycwk000psciyut3q4w1n,Christhellas,Christhellas Gift Card,home,wedding,88,,semantic-category-v8:home:wedding
SAFE,cmta4ycwk000psciyut3q4w1n,Christhellas,Christhellas Gift Card,home,christmas,84,,semantic-category-v8:home:christmas
SAFE,cmta4ycwk000psciyut3q4w1n,Christhellas,Christhellas Gift Card,home,just-because,76,,semantic-category-v8:home:just-because
SAFE,cmta4ydcy000rsciyxn344u55,Christines,Christine's Gift Card - Christine Lingerie,fashion,birthday,92,,semantic-category-v8:fashion:birthday
SAFE,cmta4ydcy000rsciyxn344u55,Christines,Christine's Gift Card - Christine Lingerie,fashion,christmas,86,,semantic-category-v8:fashion:christmas
SAFE,cmta4ydcy000rsciyxn344u55,Christines,Christine's Gift Card - Christine Lingerie,fashion,just-because,78,,semantic-category-v8:fashion:just-because
SAFE,cmta4ydvb000tsciyww37i2fq,Cityzen,Cityzen Car Wash Gift Card,automotive,birthday,86,,semantic-category-v8:automotive:birthday
SAFE,cmta4ydvb000tsciyww37i2fq,Cityzen,Cityzen Car Wash Gift Card,automotive,christmas,82,,semantic-category-v8:automotive:christmas
SAFE,cmta4ydvb000tsciyww37i2fq,Cityzen,Cityzen Car Wash Gift Card,automotive,just-because,76,,semantic-category-v8:automotive:just-because
SAFE,cmta4yeb3000vsciy8unk0l29,Crusters,⁠Gift card Archives - Crusters,food-delivery,birthday,84,,semantic-category-v8:food-delivery:birthday
SAFE,cmta4yeb3000vsciy8unk0l29,Crusters,⁠Gift card Archives - Crusters,food-delivery,thank-you,84,,semantic-category-v8:food-delivery:thank-you
SAFE,cmta4yeb3000vsciy8unk0l29,Crusters,⁠Gift card Archives - Crusters,food-delivery,just-because,82,,semantic-category-v8:food-delivery:just-because
SAFE,cmta4yesu000xsciyi9f6b632,Dariayoga,Yoga Gift Card: Χάρισε Ευεξία & Εμπειρίες - Daria Yoga,spa-wellness,birthday,92,,semantic-category-v8:spa-wellness:birthday
SAFE,cmta4yesu000xsciyi9f6b632,Dariayoga,Yoga Gift Card: Χάρισε Ευεξία & Εμπειρίες - Daria Yoga,spa-wellness,anniversary,90,,semantic-category-v8:spa-wellness:anniversary
SAFE,cmta4yesu000xsciyi9f6b632,Dariayoga,Yoga Gift Card: Χάρισε Ευεξία & Εμπειρίες - Daria Yoga,spa-wellness,valentines,88,,semantic-category-v8:spa-wellness:valentines
SAFE,cmta4yesu000xsciyi9f6b632,Dariayoga,Yoga Gift Card: Χάρισε Ευεξία & Εμπειρίες - Daria Yoga,spa-wellness,mothers-day,86,,semantic-category-v8:spa-wellness:mothers-day
SAFE,cmta4yesu000xsciyi9f6b632,Dariayoga,Yoga Gift Card: Χάρισε Ευεξία & Εμπειρίες - Daria Yoga,spa-wellness,fathers-day,82,,semantic-category-v8:spa-wellness:fathers-day
SAFE,cmta4yfvk0011sciyi5zwgnhr,Evilio Home,Evilio Home Gift Card,home,wedding,88,,semantic-category-v8:home:wedding
SAFE,cmta4yfvk0011sciyi5zwgnhr,Evilio Home,Evilio Home Gift Card,home,christmas,84,,semantic-category-v8:home:christmas
SAFE,cmta4yfvk0011sciyi5zwgnhr,Evilio Home,Evilio Home Gift Card,home,just-because,76,,semantic-category-v8:home:just-because
SAFE,cmta4ygcg0013sciymb0mpc1u,Face It,Gift Cards - FaceIt,beauty,birthday,92,,semantic-category-v8:beauty:birthday
SAFE,cmta4ygcg0013sciymb0mpc1u,Face It,Gift Cards - FaceIt,beauty,christmas,86,,semantic-category-v8:beauty:christmas
SAFE,cmta4ygcg0013sciymb0mpc1u,Face It,Gift Cards - FaceIt,beauty,mothers-day,82,,semantic-category-v8:beauty:mothers-day
SAFE,cmta4ygcg0013sciymb0mpc1u,Face It,Gift Cards - FaceIt,beauty,just-because,78,,semantic-category-v8:beauty:just-because
SAFE,cmta4ygt70015sciy7ka9te7j,Fairytale,Fairytale Gift Card,restaurants,birthday,92,,semantic-category-v8:restaurants:birthday
SAFE,cmta4ygt70015sciy7ka9te7j,Fairytale,Fairytale Gift Card,restaurants,anniversary,94,,semantic-category-v8:restaurants:anniversary
SAFE,cmta4ygt70015sciy7ka9te7j,Fairytale,Fairytale Gift Card,restaurants,valentines,92,,semantic-category-v8:restaurants:valentines
SAFE,cmta4ygt70015sciy7ka9te7j,Fairytale,Fairytale Gift Card,restaurants,thank-you,84,,semantic-category-v8:restaurants:thank-you
SAFE,cmta4ygt70015sciy7ka9te7j,Fairytale,Fairytale Gift Card,restaurants,just-because,84,,semantic-category-v8:restaurants:just-because
SAFE,cmta4yh9u0017sciy4yb84cy2,Familychef,GIFT CARDS – FamilyChef,food-delivery,birthday,84,,semantic-category-v8:food-delivery:birthday
SAFE,cmta4yh9u0017sciy4yb84cy2,Familychef,GIFT CARDS – FamilyChef,food-delivery,thank-you,84,,semantic-category-v8:food-delivery:thank-you
SAFE,cmta4yh9u0017sciy4yb84cy2,Familychef,GIFT CARDS – FamilyChef,food-delivery,just-because,82,,semantic-category-v8:food-delivery:just-because
SAFE,cmta4yhq70019sciyd5n1thde,Freudoriental,FREUD ORIENTAL Gift Cards – Give Unique Gastronomic ...,restaurants,birthday,92,,semantic-category-v8:restaurants:birthday
SAFE,cmta4yhq70019sciyd5n1thde,Freudoriental,FREUD ORIENTAL Gift Cards – Give Unique Gastronomic ...,restaurants,anniversary,94,,semantic-category-v8:restaurants:anniversary
SAFE,cmta4yhq70019sciyd5n1thde,Freudoriental,FREUD ORIENTAL Gift Cards – Give Unique Gastronomic ...,restaurants,valentines,92,,semantic-category-v8:restaurants:valentines
SAFE,cmta4yhq70019sciyd5n1thde,Freudoriental,FREUD ORIENTAL Gift Cards – Give Unique Gastronomic ...,restaurants,thank-you,84,,semantic-category-v8:restaurants:thank-you
SAFE,cmta4yhq70019sciyd5n1thde,Freudoriental,FREUD ORIENTAL Gift Cards – Give Unique Gastronomic ...,restaurants,just-because,84,,semantic-category-v8:restaurants:just-because
SAFE,cmta4yi6v001bsciyp7vwf5ct,Gasmoto,e-Gift Card ΑΠΟ GAS Motosport Culture,automotive,birthday,86,,semantic-category-v8:automotive:birthday
SAFE,cmta4yi6v001bsciyp7vwf5ct,Gasmoto,e-Gift Card ΑΠΟ GAS Motosport Culture,automotive,christmas,82,,semantic-category-v8:automotive:christmas
SAFE,cmta4yi6v001bsciyp7vwf5ct,Gasmoto,e-Gift Card ΑΠΟ GAS Motosport Culture,automotive,just-because,76,,semantic-category-v8:automotive:just-because
SAFE,cmta4yink001dsciy39vyun7s,Goldenbeauty,Golden Beauty Gift Card,beauty,birthday,92,,semantic-category-v8:beauty:birthday
SAFE,cmta4yink001dsciy39vyun7s,Goldenbeauty,Golden Beauty Gift Card,beauty,christmas,86,,semantic-category-v8:beauty:christmas
SAFE,cmta4yink001dsciy39vyun7s,Goldenbeauty,Golden Beauty Gift Card,beauty,mothers-day,82,,semantic-category-v8:beauty:mothers-day
SAFE,cmta4yink001dsciy39vyun7s,Goldenbeauty,Golden Beauty Gift Card,beauty,just-because,78,,semantic-category-v8:beauty:just-because
SAFE,cmta4yj4g001fsciy0ipo9fb8,Green Leaf,Greenleaf Gift Card,home,wedding,88,,semantic-category-v8:home:wedding
SAFE,cmta4yj4g001fsciy0ipo9fb8,Green Leaf,Greenleaf Gift Card,home,christmas,84,,semantic-category-v8:home:christmas
SAFE,cmta4yj4g001fsciy0ipo9fb8,Green Leaf,Greenleaf Gift Card,home,just-because,76,,semantic-category-v8:home:just-because
SAFE,cmta4yjz8001hsciydalghjrj,Harpy Clothing,Harpy Clothing Gift Card,fashion,birthday,92,,semantic-category-v8:fashion:birthday
SAFE,cmta4yjz8001hsciydalghjrj,Harpy Clothing,Harpy Clothing Gift Card,fashion,christmas,86,,semantic-category-v8:fashion:christmas
SAFE,cmta4yjz8001hsciydalghjrj,Harpy Clothing,Harpy Clothing Gift Card,fashion,just-because,78,,semantic-category-v8:fashion:just-because
SAFE,cmta4ymsn001tsciyyvjfc8uf,Katsudo,Katsudo Gift Card,sports,birthday,92,,semantic-category-v8:sports:birthday
SAFE,cmta4ymsn001tsciyyvjfc8uf,Katsudo,Katsudo Gift Card,sports,christmas,86,,semantic-category-v8:sports:christmas
SAFE,cmta4ymsn001tsciyyvjfc8uf,Katsudo,Katsudo Gift Card,sports,just-because,76,,semantic-category-v8:sports:just-because
SAFE,cmta4yna7001vsciyjdd4avht,Kidscom,Gift card - Kidscom.gr,kids-baby,birthday,94,,semantic-category-v8:kids-baby:birthday
SAFE,cmta4yna7001vsciyjdd4avht,Kidscom,Gift card - Kidscom.gr,kids-baby,for-kids,96,,semantic-category-v8:kids-baby:for-kids
SAFE,cmta4yna7001vsciyjdd4avht,Kidscom,Gift card - Kidscom.gr,kids-baby,christmas,90,,semantic-category-v8:kids-baby:christmas
SAFE,cmta4ynq0001xsciy5l1rugwg,Kidsloveplanet,Gift Card - Kids Love Planet,kids-baby,birthday,94,,semantic-category-v8:kids-baby:birthday
SAFE,cmta4ynq0001xsciy5l1rugwg,Kidsloveplanet,Gift Card - Kids Love Planet,kids-baby,for-kids,96,,semantic-category-v8:kids-baby:for-kids
SAFE,cmta4ynq0001xsciy5l1rugwg,Kidsloveplanet,Gift Card - Kids Love Planet,kids-baby,christmas,90,,semantic-category-v8:kids-baby:christmas
SAFE,cmta4yo8c001zsciybdwdoiop,Kitabu,Kitabu Gift Card,books,birthday,90,,semantic-category-v8:books:birthday
SAFE,cmta4yo8c001zsciybdwdoiop,Kitabu,Kitabu Gift Card,books,christmas,90,,semantic-category-v8:books:christmas
SAFE,cmta4yo8c001zsciybdwdoiop,Kitabu,Kitabu Gift Card,books,thank-you,82,,semantic-category-v8:books:thank-you
SAFE,cmta4yop20021sciygr9rpkdk,Kolbo,KOLBO Gift Card,food-delivery,birthday,84,,semantic-category-v8:food-delivery:birthday
SAFE,cmta4yop20021sciygr9rpkdk,Kolbo,KOLBO Gift Card,food-delivery,thank-you,84,,semantic-category-v8:food-delivery:thank-you
SAFE,cmta4yop20021sciygr9rpkdk,Kolbo,KOLBO Gift Card,food-delivery,just-because,82,,semantic-category-v8:food-delivery:just-because
SAFE,cmta4yp610023sciy7a769qlz,Koroneos,Gift Cards - Koroneos - BREE,fashion,birthday,92,,semantic-category-v8:fashion:birthday
SAFE,cmta4yp610023sciy7a769qlz,Koroneos,Gift Cards - Koroneos - BREE,fashion,christmas,86,,semantic-category-v8:fashion:christmas
SAFE,cmta4yp610023sciy7a769qlz,Koroneos,Gift Cards - Koroneos - BREE,fashion,just-because,78,,semantic-category-v8:fashion:just-because
SAFE,cmta4ypmb0025sciygzh9a89h,Kounelis,e-GIFT CARD,home,wedding,88,,semantic-category-v8:home:wedding
SAFE,cmta4ypmb0025sciygzh9a89h,Kounelis,e-GIFT CARD,home,christmas,84,,semantic-category-v8:home:christmas
SAFE,cmta4ypmb0025sciygzh9a89h,Kounelis,e-GIFT CARD,home,just-because,76,,semantic-category-v8:home:just-because
SAFE,cmta4yq2s0027sciyax7l2fff,Kovemykonos,Gift Cards | Kove Mykonos Luxury Boutique Hotel,hotels,birthday,84,,semantic-category-v8:hotels:birthday
SAFE,cmta4yq2s0027sciyax7l2fff,Kovemykonos,Gift Cards | Kove Mykonos Luxury Boutique Hotel,hotels,anniversary,96,,semantic-category-v8:hotels:anniversary
SAFE,cmta4yq2s0027sciyax7l2fff,Kovemykonos,Gift Cards | Kove Mykonos Luxury Boutique Hotel,hotels,wedding,90,,semantic-category-v8:hotels:wedding
SAFE,cmta4yq2s0027sciyax7l2fff,Kovemykonos,Gift Cards | Kove Mykonos Luxury Boutique Hotel,hotels,valentines,92,,semantic-category-v8:hotels:valentines
SAFE,cmta4yqjm0029sciywfsyzwns,Kurlandspa,"Gift Card ""Momentous"" Personal Choice Kurland Spa",spa-wellness,birthday,92,,semantic-category-v8:spa-wellness:birthday
SAFE,cmta4yqjm0029sciywfsyzwns,Kurlandspa,"Gift Card ""Momentous"" Personal Choice Kurland Spa",spa-wellness,anniversary,90,,semantic-category-v8:spa-wellness:anniversary
SAFE,cmta4yqjm0029sciywfsyzwns,Kurlandspa,"Gift Card ""Momentous"" Personal Choice Kurland Spa",spa-wellness,valentines,88,,semantic-category-v8:spa-wellness:valentines
SAFE,cmta4yqjm0029sciywfsyzwns,Kurlandspa,"Gift Card ""Momentous"" Personal Choice Kurland Spa",spa-wellness,mothers-day,86,,semantic-category-v8:spa-wellness:mothers-day
SAFE,cmta4yqjm0029sciywfsyzwns,Kurlandspa,"Gift Card ""Momentous"" Personal Choice Kurland Spa",spa-wellness,fathers-day,82,,semantic-category-v8:spa-wellness:fathers-day
SAFE,cmta4yrha002dsciywsr7shx4,Leather Studio,Leather Studio Gift Card,fashion,birthday,92,,semantic-category-v8:fashion:birthday
SAFE,cmta4yrha002dsciywsr7shx4,Leather Studio,Leather Studio Gift Card,fashion,christmas,86,,semantic-category-v8:fashion:christmas
SAFE,cmta4yrha002dsciywsr7shx4,Leather Studio,Leather Studio Gift Card,fashion,just-because,78,,semantic-category-v8:fashion:just-because
SAFE,cmta4yryo002fsciyhkz02ixr,Love Generation,Love Generation Gift Card,fashion,birthday,92,,semantic-category-v8:fashion:birthday
SAFE,cmta4yryo002fsciyhkz02ixr,Love Generation,Love Generation Gift Card,fashion,christmas,86,,semantic-category-v8:fashion:christmas
SAFE,cmta4yryo002fsciyhkz02ixr,Love Generation,Love Generation Gift Card,fashion,just-because,78,,semantic-category-v8:fashion:just-because
SAFE,cmta4ysff002hsciy2iv2ntfk,Lovelykids,Gift Cards - Lovelykids.gr,kids-baby,birthday,94,,semantic-category-v8:kids-baby:birthday
SAFE,cmta4ysff002hsciy2iv2ntfk,Lovelykids,Gift Cards - Lovelykids.gr,kids-baby,for-kids,96,,semantic-category-v8:kids-baby:for-kids
SAFE,cmta4ysff002hsciy2iv2ntfk,Lovelykids,Gift Cards - Lovelykids.gr,kids-baby,christmas,90,,semantic-category-v8:kids-baby:christmas
SAFE,cmta4yswj002jsciyi6a7q4zk,Lumiere,LUMIERE Gift Card,fashion,birthday,92,,semantic-category-v8:fashion:birthday
SAFE,cmta4yswj002jsciyi6a7q4zk,Lumiere,LUMIERE Gift Card,fashion,christmas,86,,semantic-category-v8:fashion:christmas
SAFE,cmta4yswj002jsciyi6a7q4zk,Lumiere,LUMIERE Gift Card,fashion,just-because,78,,semantic-category-v8:fashion:just-because
SAFE,cmta4ytda002lsciyilen6atl,Mavri Thalassa,Gift Cards | Mavri Thalassa Restaurant,restaurants,birthday,92,,semantic-category-v8:restaurants:birthday
SAFE,cmta4ytda002lsciyilen6atl,Mavri Thalassa,Gift Cards | Mavri Thalassa Restaurant,restaurants,anniversary,94,,semantic-category-v8:restaurants:anniversary
SAFE,cmta4ytda002lsciyilen6atl,Mavri Thalassa,Gift Cards | Mavri Thalassa Restaurant,restaurants,valentines,92,,semantic-category-v8:restaurants:valentines
SAFE,cmta4ytda002lsciyilen6atl,Mavri Thalassa,Gift Cards | Mavri Thalassa Restaurant,restaurants,thank-you,84,,semantic-category-v8:restaurants:thank-you
SAFE,cmta4ytda002lsciyilen6atl,Mavri Thalassa,Gift Cards | Mavri Thalassa Restaurant,restaurants,just-because,84,,semantic-category-v8:restaurants:just-because
SAFE,cmta4ytua002nsciye5jdpjc2,Megafitness,"Megafitness Gift Card 300,00€",sports,birthday,92,,semantic-category-v8:sports:birthday
SAFE,cmta4ytua002nsciye5jdpjc2,Megafitness,"Megafitness Gift Card 300,00€",sports,christmas,86,,semantic-category-v8:sports:christmas
SAFE,cmta4ytua002nsciye5jdpjc2,Megafitness,"Megafitness Gift Card 300,00€",sports,just-because,76,,semantic-category-v8:sports:just-because
SAFE,cmta4yuag002psciyoexjru1o,Mgsound,MGsound Gift Card 300€,experiences,birthday,94,,semantic-category-v8:experiences:birthday
SAFE,cmta4yuag002psciyoexjru1o,Mgsound,MGsound Gift Card 300€,experiences,anniversary,90,,semantic-category-v8:experiences:anniversary
SAFE,cmta4yuag002psciyoexjru1o,Mgsound,MGsound Gift Card 300€,experiences,valentines,88,,semantic-category-v8:experiences:valentines
SAFE,cmta4yuag002psciyoexjru1o,Mgsound,MGsound Gift Card 300€,experiences,christmas,84,,semantic-category-v8:experiences:christmas
SAFE,cmta4yuqr002rsciytutj3osh,Milosnails,Gift Card - Milos Nails,beauty,birthday,92,,semantic-category-v8:beauty:birthday
SAFE,cmta4yuqr002rsciytutj3osh,Milosnails,Gift Card - Milos Nails,beauty,christmas,86,,semantic-category-v8:beauty:christmas
SAFE,cmta4yuqr002rsciytutj3osh,Milosnails,Gift Card - Milos Nails,beauty,mothers-day,82,,semantic-category-v8:beauty:mothers-day
SAFE,cmta4yuqr002rsciytutj3osh,Milosnails,Gift Card - Milos Nails,beauty,just-because,78,,semantic-category-v8:beauty:just-because
SAFE,cmta4yv84002tsciyjas302lw,Moonboon,Gift Card for Moonboon - For the New/Soon-to-Be Parents,kids-baby,birthday,94,,semantic-category-v8:kids-baby:birthday
SAFE,cmta4yv84002tsciyjas302lw,Moonboon,Gift Card for Moonboon - For the New/Soon-to-Be Parents,kids-baby,for-kids,96,,semantic-category-v8:kids-baby:for-kids
SAFE,cmta4yv84002tsciyjas302lw,Moonboon,Gift Card for Moonboon - For the New/Soon-to-Be Parents,kids-baby,christmas,90,,semantic-category-v8:kids-baby:christmas
SAFE,cmta4yvpr002vsciyrkj6lfwe,Motoholics e,Motoholics e-Gift Card,automotive,birthday,86,,semantic-category-v8:automotive:birthday
SAFE,cmta4yvpr002vsciyrkj6lfwe,Motoholics e,Motoholics e-Gift Card,automotive,christmas,82,,semantic-category-v8:automotive:christmas
SAFE,cmta4yvpr002vsciyrkj6lfwe,Motoholics e,Motoholics e-Gift Card,automotive,just-because,76,,semantic-category-v8:automotive:just-because
SAFE,cmta4yw6q002xsciynztac1t7,Msystems,Msystems Gift Card,technology,birthday,92,,semantic-category-v8:technology:birthday
SAFE,cmta4yw6q002xsciynztac1t7,Msystems,Msystems Gift Card,technology,christmas,90,,semantic-category-v8:technology:christmas
SAFE,cmta4yw6q002xsciynztac1t7,Msystems,Msystems Gift Card,technology,just-because,76,,semantic-category-v8:technology:just-because
SAFE,cmta4ywn6002zsciyr9vasxj3,mybeautybox,mybeautybox Gift Card,beauty,birthday,92,,semantic-category-v8:beauty:birthday
SAFE,cmta4ywn6002zsciyr9vasxj3,mybeautybox,mybeautybox Gift Card,beauty,christmas,86,,semantic-category-v8:beauty:christmas
SAFE,cmta4ywn6002zsciyr9vasxj3,mybeautybox,mybeautybox Gift Card,beauty,mothers-day,82,,semantic-category-v8:beauty:mothers-day
SAFE,cmta4ywn6002zsciyr9vasxj3,mybeautybox,mybeautybox Gift Card,beauty,just-because,78,,semantic-category-v8:beauty:just-because
SAFE,cmta4yx3q0031sciyhtksmdcy,Myconiankorali,Gift Cards | Myconian Korali Luxury Hotel,hotels,birthday,84,,semantic-category-v8:hotels:birthday
SAFE,cmta4yx3q0031sciyhtksmdcy,Myconiankorali,Gift Cards | Myconian Korali Luxury Hotel,hotels,anniversary,96,,semantic-category-v8:hotels:anniversary
SAFE,cmta4yx3q0031sciyhtksmdcy,Myconiankorali,Gift Cards | Myconian Korali Luxury Hotel,hotels,wedding,90,,semantic-category-v8:hotels:wedding
SAFE,cmta4yx3q0031sciyhtksmdcy,Myconiankorali,Gift Cards | Myconian Korali Luxury Hotel,hotels,valentines,92,,semantic-category-v8:hotels:valentines
SAFE,cmta4yxlb0033sciyael51jww,Myconian Utopia,Myconian Utopia | Gift Cards,hotels,birthday,84,,semantic-category-v8:hotels:birthday
SAFE,cmta4yxlb0033sciyael51jww,Myconian Utopia,Myconian Utopia | Gift Cards,hotels,anniversary,96,,semantic-category-v8:hotels:anniversary
SAFE,cmta4yxlb0033sciyael51jww,Myconian Utopia,Myconian Utopia | Gift Cards,hotels,wedding,90,,semantic-category-v8:hotels:wedding
SAFE,cmta4yxlb0033sciyael51jww,Myconian Utopia,Myconian Utopia | Gift Cards,hotels,valentines,92,,semantic-category-v8:hotels:valentines
SAFE,cmta4yy140035sciyg30mvkvh,Mytravelgiftcard,My Travel Gift Card - Το δώρο που ταξιδεύει τους ...,travel,birthday,88,,semantic-category-v8:travel:birthday
SAFE,cmta4yy140035sciyg30mvkvh,Mytravelgiftcard,My Travel Gift Card - Το δώρο που ταξιδεύει τους ...,travel,anniversary,92,,semantic-category-v8:travel:anniversary
SAFE,cmta4yy140035sciyg30mvkvh,Mytravelgiftcard,My Travel Gift Card - Το δώρο που ταξιδεύει τους ...,travel,wedding,88,,semantic-category-v8:travel:wedding
SAFE,cmta4yy140035sciyg30mvkvh,Mytravelgiftcard,My Travel Gift Card - Το δώρο που ταξιδεύει τους ...,travel,christmas,82,,semantic-category-v8:travel:christmas
SAFE,cmta4yyi40037sciy4r3rabo3,Niai,Niai Gift Card,pets,just-because,82,,semantic-category-v8:pets:just-because
SAFE,cmta4yyxo0039sciy0650z05i,Patousaki Shoes,Patousaki Shoes Gift Card,fashion,birthday,92,,semantic-category-v8:fashion:birthday
SAFE,cmta4yyxo0039sciy0650z05i,Patousaki Shoes,Patousaki Shoes Gift Card,fashion,christmas,86,,semantic-category-v8:fashion:christmas
SAFE,cmta4yyxo0039sciy0650z05i,Patousaki Shoes,Patousaki Shoes Gift Card,fashion,just-because,78,,semantic-category-v8:fashion:just-because
SAFE,cmta4yzds003bsciy42vmkamz,Perfumeintheair,Gift Cards Archives - Perfume In The Air Αρώματα μεγάλης διάρκειας ...,beauty,birthday,92,,semantic-category-v8:beauty:birthday
SAFE,cmta4yzds003bsciy42vmkamz,Perfumeintheair,Gift Cards Archives - Perfume In The Air Αρώματα μεγάλης διάρκειας ...,beauty,christmas,86,,semantic-category-v8:beauty:christmas
SAFE,cmta4yzds003bsciy42vmkamz,Perfumeintheair,Gift Cards Archives - Perfume In The Air Αρώματα μεγάλης διάρκειας ...,beauty,mothers-day,82,,semantic-category-v8:beauty:mothers-day
SAFE,cmta4yzds003bsciy42vmkamz,Perfumeintheair,Gift Cards Archives - Perfume In The Air Αρώματα μεγάλης διάρκειας ...,beauty,just-because,78,,semantic-category-v8:beauty:just-because
SAFE,cmta4yztg003dsciyt7jc3op8,Ricordi,Όροι Gift Card - RICORDI - Men's Designer Clothing,fashion,birthday,92,,semantic-category-v8:fashion:birthday
SAFE,cmta4yztg003dsciyt7jc3op8,Ricordi,Όροι Gift Card - RICORDI - Men's Designer Clothing,fashion,christmas,86,,semantic-category-v8:fashion:christmas
SAFE,cmta4yztg003dsciyt7jc3op8,Ricordi,Όροι Gift Card - RICORDI - Men's Designer Clothing,fashion,just-because,78,,semantic-category-v8:fashion:just-because
SAFE,cmta4z09e003fsciy54qp8l7j,Rideonline,GIFT CARD - rideonline bmx streetwear,sports,birthday,92,,semantic-category-v8:sports:birthday
SAFE,cmta4z09e003fsciy54qp8l7j,Rideonline,GIFT CARD - rideonline bmx streetwear,sports,christmas,86,,semantic-category-v8:sports:christmas
SAFE,cmta4z09e003fsciy54qp8l7j,Rideonline,GIFT CARD - rideonline bmx streetwear,sports,just-because,76,,semantic-category-v8:sports:just-because
SAFE,cmta4z0qq003hsciyib8smkmj,Rococo,Gift Cards - Rococo,fashion,birthday,92,,semantic-category-v8:fashion:birthday
SAFE,cmta4z0qq003hsciyib8smkmj,Rococo,Gift Cards - Rococo,fashion,christmas,86,,semantic-category-v8:fashion:christmas
SAFE,cmta4z0qq003hsciyib8smkmj,Rococo,Gift Cards - Rococo,fashion,just-because,78,,semantic-category-v8:fashion:just-because
SAFE,cmta4z16k003jsciyvlhxopm1,Royalmyconian,Gift Cards | Royal Myconian Resort,hotels,birthday,84,,semantic-category-v8:hotels:birthday
SAFE,cmta4z16k003jsciyvlhxopm1,Royalmyconian,Gift Cards | Royal Myconian Resort,hotels,anniversary,96,,semantic-category-v8:hotels:anniversary
SAFE,cmta4z16k003jsciyvlhxopm1,Royalmyconian,Gift Cards | Royal Myconian Resort,hotels,wedding,90,,semantic-category-v8:hotels:wedding
SAFE,cmta4z16k003jsciyvlhxopm1,Royalmyconian,Gift Cards | Royal Myconian Resort,hotels,valentines,92,,semantic-category-v8:hotels:valentines
SAFE,cmta4z1mm003lsciyvwvowjdm,Salero Restaurant,Salero Restaurant Gift Card,restaurants,birthday,92,,semantic-category-v8:restaurants:birthday
SAFE,cmta4z1mm003lsciyvwvowjdm,Salero Restaurant,Salero Restaurant Gift Card,restaurants,anniversary,94,,semantic-category-v8:restaurants:anniversary
SAFE,cmta4z1mm003lsciyvwvowjdm,Salero Restaurant,Salero Restaurant Gift Card,restaurants,valentines,92,,semantic-category-v8:restaurants:valentines
SAFE,cmta4z1mm003lsciyvwvowjdm,Salero Restaurant,Salero Restaurant Gift Card,restaurants,thank-you,84,,semantic-category-v8:restaurants:thank-you
SAFE,cmta4z1mm003lsciyvwvowjdm,Salero Restaurant,Salero Restaurant Gift Card,restaurants,just-because,84,,semantic-category-v8:restaurants:just-because
SAFE,cmta4z237003nsciya30y9c8g,Semiology,Semiology Gift Cards,fashion,birthday,92,,semantic-category-v8:fashion:birthday
SAFE,cmta4z237003nsciya30y9c8g,Semiology,Semiology Gift Cards,fashion,christmas,86,,semantic-category-v8:fashion:christmas
SAFE,cmta4z237003nsciya30y9c8g,Semiology,Semiology Gift Cards,fashion,just-because,78,,semantic-category-v8:fashion:just-because
SAFE,cmta4z2k7003psciyr57m9pwe,Shell,Shell Gift Card | Shell Hellas,automotive,birthday,86,,semantic-category-v8:automotive:birthday
SAFE,cmta4z2k7003psciyr57m9pwe,Shell,Shell Gift Card | Shell Hellas,automotive,christmas,82,,semantic-category-v8:automotive:christmas
SAFE,cmta4z2k7003psciyr57m9pwe,Shell,Shell Gift Card | Shell Hellas,automotive,just-because,76,,semantic-category-v8:automotive:just-because
SAFE,cmta4z30z003rsciyrl03a9ai,Simplygreen,Gift Card - Δωροκάρτα Αρχεία - Simply Green | Στρώματα γιόγκα,sports,birthday,92,,semantic-category-v8:sports:birthday
SAFE,cmta4z30z003rsciyrl03a9ai,Simplygreen,Gift Card - Δωροκάρτα Αρχεία - Simply Green | Στρώματα γιόγκα,sports,christmas,86,,semantic-category-v8:sports:christmas
SAFE,cmta4z30z003rsciyrl03a9ai,Simplygreen,Gift Card - Δωροκάρτα Αρχεία - Simply Green | Στρώματα γιόγκα,sports,just-because,76,,semantic-category-v8:sports:just-because
SAFE,cmta4z3tp003tsciyordv4bmd,Spaprive,"Gift Card | Massage, Spa Suites, Spa Prive, Thessaloniki ...",spa-wellness,birthday,92,,semantic-category-v8:spa-wellness:birthday
SAFE,cmta4z3tp003tsciyordv4bmd,Spaprive,"Gift Card | Massage, Spa Suites, Spa Prive, Thessaloniki ...",spa-wellness,anniversary,90,,semantic-category-v8:spa-wellness:anniversary
SAFE,cmta4z3tp003tsciyordv4bmd,Spaprive,"Gift Card | Massage, Spa Suites, Spa Prive, Thessaloniki ...",spa-wellness,valentines,88,,semantic-category-v8:spa-wellness:valentines
SAFE,cmta4z3tp003tsciyordv4bmd,Spaprive,"Gift Card | Massage, Spa Suites, Spa Prive, Thessaloniki ...",spa-wellness,mothers-day,86,,semantic-category-v8:spa-wellness:mothers-day
SAFE,cmta4z3tp003tsciyordv4bmd,Spaprive,"Gift Card | Massage, Spa Suites, Spa Prive, Thessaloniki ...",spa-wellness,fathers-day,82,,semantic-category-v8:spa-wellness:fathers-day
SAFE,cmta4z49k003vsciyj7ag8khc,Studiofix,Studiofix Gift Card,beauty,birthday,92,,semantic-category-v8:beauty:birthday
SAFE,cmta4z49k003vsciyj7ag8khc,Studiofix,Studiofix Gift Card,beauty,christmas,86,,semantic-category-v8:beauty:christmas
SAFE,cmta4z49k003vsciyj7ag8khc,Studiofix,Studiofix Gift Card,beauty,mothers-day,82,,semantic-category-v8:beauty:mothers-day
SAFE,cmta4z49k003vsciyj7ag8khc,Studiofix,Studiofix Gift Card,beauty,just-because,78,,semantic-category-v8:beauty:just-because
SAFE,cmta4z4qr003xsciyykm8w59d,Tailor Made Knitwear,Tailor Made Knitwear Gift Card,fashion,birthday,92,,semantic-category-v8:fashion:birthday
SAFE,cmta4z4qr003xsciyykm8w59d,Tailor Made Knitwear,Tailor Made Knitwear Gift Card,fashion,christmas,86,,semantic-category-v8:fashion:christmas
SAFE,cmta4z4qr003xsciyykm8w59d,Tailor Made Knitwear,Tailor Made Knitwear Gift Card,fashion,just-because,78,,semantic-category-v8:fashion:just-because
SAFE,cmta4z59u003zsciyolycjiwh,Trapped,TRAPPED GIFT CARD | Τα πιο συναρπαστικά Escape Rooms,experiences,birthday,94,,semantic-category-v8:experiences:birthday
SAFE,cmta4z59u003zsciyolycjiwh,Trapped,TRAPPED GIFT CARD | Τα πιο συναρπαστικά Escape Rooms,experiences,anniversary,90,,semantic-category-v8:experiences:anniversary
SAFE,cmta4z59u003zsciyolycjiwh,Trapped,TRAPPED GIFT CARD | Τα πιο συναρπαστικά Escape Rooms,experiences,valentines,88,,semantic-category-v8:experiences:valentines
SAFE,cmta4z59u003zsciyolycjiwh,Trapped,TRAPPED GIFT CARD | Τα πιο συναρπαστικά Escape Rooms,experiences,christmas,84,,semantic-category-v8:experiences:christmas
SAFE,cmta4z6cu0043sciymjjhzvy3,Ullapopken,Gift Cards | Ulla Popken,fashion,birthday,92,,semantic-category-v8:fashion:birthday
SAFE,cmta4z6cu0043sciymjjhzvy3,Ullapopken,Gift Cards | Ulla Popken,fashion,christmas,86,,semantic-category-v8:fashion:christmas
SAFE,cmta4z6cu0043sciymjjhzvy3,Ullapopken,Gift Cards | Ulla Popken,fashion,just-because,78,,semantic-category-v8:fashion:just-because
SAFE,cmta4z6uc0045sciy734e8srp,Valaora,Gift Card - Valaora,restaurants,birthday,92,,semantic-category-v8:restaurants:birthday
SAFE,cmta4z6uc0045sciy734e8srp,Valaora,Gift Card - Valaora,restaurants,anniversary,94,,semantic-category-v8:restaurants:anniversary
SAFE,cmta4z6uc0045sciy734e8srp,Valaora,Gift Card - Valaora,restaurants,valentines,92,,semantic-category-v8:restaurants:valentines
SAFE,cmta4z6uc0045sciy734e8srp,Valaora,Gift Card - Valaora,restaurants,thank-you,84,,semantic-category-v8:restaurants:thank-you
SAFE,cmta4z6uc0045sciy734e8srp,Valaora,Gift Card - Valaora,restaurants,just-because,84,,semantic-category-v8:restaurants:just-because
SAFE,cmta4z7cs0047sciydudnn59j,Vassilenas,Vassilenas Gift Card,restaurants,birthday,92,,semantic-category-v8:restaurants:birthday
SAFE,cmta4z7cs0047sciydudnn59j,Vassilenas,Vassilenas Gift Card,restaurants,anniversary,94,,semantic-category-v8:restaurants:anniversary
SAFE,cmta4z7cs0047sciydudnn59j,Vassilenas,Vassilenas Gift Card,restaurants,valentines,92,,semantic-category-v8:restaurants:valentines
SAFE,cmta4z7cs0047sciydudnn59j,Vassilenas,Vassilenas Gift Card,restaurants,thank-you,84,,semantic-category-v8:restaurants:thank-you
SAFE,cmta4z7cs0047sciydudnn59j,Vassilenas,Vassilenas Gift Card,restaurants,just-because,84,,semantic-category-v8:restaurants:just-because
SAFE,cmta4z7uf0049sciyu0lkupmq,Vibrant Beauty,Vibrant Beauty Gift Card,beauty,birthday,92,,semantic-category-v8:beauty:birthday
SAFE,cmta4z7uf0049sciyu0lkupmq,Vibrant Beauty,Vibrant Beauty Gift Card,beauty,christmas,86,,semantic-category-v8:beauty:christmas
SAFE,cmta4z7uf0049sciyu0lkupmq,Vibrant Beauty,Vibrant Beauty Gift Card,beauty,mothers-day,82,,semantic-category-v8:beauty:mothers-day
SAFE,cmta4z7uf0049sciyu0lkupmq,Vibrant Beauty,Vibrant Beauty Gift Card,beauty,just-because,78,,semantic-category-v8:beauty:just-because
SAFE,cmta4z8gh004bsciyrey9tw17,VIP Art,VIP Art Gift Card,home,wedding,88,,semantic-category-v8:home:wedding
SAFE,cmta4z8gh004bsciyrey9tw17,VIP Art,VIP Art Gift Card,home,christmas,84,,semantic-category-v8:home:christmas
SAFE,cmta4z8gh004bsciyrey9tw17,VIP Art,VIP Art Gift Card,home,just-because,76,,semantic-category-v8:home:just-because
SAFE,cmta4z8wh004dsciyp2mmpzw7,Wildsouls,Gift Card - Wild Souls,food-delivery,birthday,84,,semantic-category-v8:food-delivery:birthday
SAFE,cmta4z8wh004dsciyp2mmpzw7,Wildsouls,Gift Card - Wild Souls,food-delivery,thank-you,84,,semantic-category-v8:food-delivery:thank-you
SAFE,cmta4z8wh004dsciyp2mmpzw7,Wildsouls,Gift Card - Wild Souls,food-delivery,just-because,82,,semantic-category-v8:food-delivery:just-because
SAFE,cmta4z9dq004fsciy3xv930zv,Yadeshotels,Travel Gift Card twitter - yadeshotels.gr,travel,birthday,88,,semantic-category-v8:travel:birthday
SAFE,cmta4z9dq004fsciy3xv930zv,Yadeshotels,Travel Gift Card twitter - yadeshotels.gr,travel,anniversary,92,,semantic-category-v8:travel:anniversary
SAFE,cmta4z9dq004fsciy3xv930zv,Yadeshotels,Travel Gift Card twitter - yadeshotels.gr,travel,wedding,88,,semantic-category-v8:travel:wedding
SAFE,cmta4z9dq004fsciy3xv930zv,Yadeshotels,Travel Gift Card twitter - yadeshotels.gr,travel,christmas,82,,semantic-category-v8:travel:christmas
SAFE,cmta4z9v3004hsciy7b57j3u9,Zerogravity,Zero Gravity Gift Card,sports,birthday,92,,semantic-category-v8:sports:birthday
SAFE,cmta4z9v3004hsciy7b57j3u9,Zerogravity,Zero Gravity Gift Card,sports,christmas,86,,semantic-category-v8:sports:christmas
SAFE,cmta4z9v3004hsciy7b57j3u9,Zerogravity,Zero Gravity Gift Card,sports,just-because,76,,semantic-category-v8:sports:just-because
SAFE,cmta5nkcq000154iymuc26j35,Access Shop,Gift Card - Access Shop,fashion,birthday,92,,semantic-category-v8:fashion:birthday
SAFE,cmta5nkcq000154iymuc26j35,Access Shop,Gift Card - Access Shop,fashion,christmas,86,,semantic-category-v8:fashion:christmas
SAFE,cmta5nkcq000154iymuc26j35,Access Shop,Gift Card - Access Shop,fashion,just-because,78,,semantic-category-v8:fashion:just-because
SAFE,cmta5nkqd000354iye66fxcah,Atelie,Atelie Gift Card,books,birthday,90,,semantic-category-v8:books:birthday
SAFE,cmta5nkqd000354iye66fxcah,Atelie,Atelie Gift Card,books,christmas,90,,semantic-category-v8:books:christmas
SAFE,cmta5nkqd000354iye66fxcah,Atelie,Atelie Gift Card,books,thank-you,82,,semantic-category-v8:books:thank-you
SAFE,cmta5nl44000554iylrg3qski,Museumofillusions,Buy a gift card | Museum of Illusions Athens,experiences,birthday,94,,semantic-category-v8:experiences:birthday
SAFE,cmta5nl44000554iylrg3qski,Museumofillusions,Buy a gift card | Museum of Illusions Athens,experiences,anniversary,90,,semantic-category-v8:experiences:anniversary
SAFE,cmta5nl44000554iylrg3qski,Museumofillusions,Buy a gift card | Museum of Illusions Athens,experiences,valentines,88,,semantic-category-v8:experiences:valentines
SAFE,cmta5nl44000554iylrg3qski,Museumofillusions,Buy a gift card | Museum of Illusions Athens,experiences,christmas,84,,semantic-category-v8:experiences:christmas
SAFE,cmta5nlif000754iynlqaag0t,Athens Green Apartments,E-Gift Card Athens Green Apartments,hotels,birthday,84,,semantic-category-v8:hotels:birthday
SAFE,cmta5nlif000754iynlqaag0t,Athens Green Apartments,E-Gift Card Athens Green Apartments,hotels,anniversary,96,,semantic-category-v8:hotels:anniversary
SAFE,cmta5nlif000754iynlqaag0t,Athens Green Apartments,E-Gift Card Athens Green Apartments,hotels,wedding,90,,semantic-category-v8:hotels:wedding
SAFE,cmta5nlif000754iynlqaag0t,Athens Green Apartments,E-Gift Card Athens Green Apartments,hotels,valentines,92,,semantic-category-v8:hotels:valentines
SAFE,cmta5nlwr000954iy1cgp5nb2,Audio Control,Δωροκάρτα - Audio Control,technology,birthday,92,,semantic-category-v8:technology:birthday
SAFE,cmta5nlwr000954iy1cgp5nb2,Audio Control,Δωροκάρτα - Audio Control,technology,christmas,90,,semantic-category-v8:technology:christmas
SAFE,cmta5nlwr000954iy1cgp5nb2,Audio Control,Δωροκάρτα - Audio Control,technology,just-because,76,,semantic-category-v8:technology:just-because
SAFE,cmta5nma4000b54iy51dzh8t6,Baby Gear,Gift Cards - Baby Gear,kids-baby,birthday,94,,semantic-category-v8:kids-baby:birthday
SAFE,cmta5nma4000b54iy51dzh8t6,Baby Gear,Gift Cards - Baby Gear,kids-baby,for-kids,96,,semantic-category-v8:kids-baby:for-kids
SAFE,cmta5nma4000b54iy51dzh8t6,Baby Gear,Gift Cards - Baby Gear,kids-baby,christmas,90,,semantic-category-v8:kids-baby:christmas
SAFE,cmta5nmna000d54iydgsuwwbf,Bliss Nail Bar,Gift Cards - Bliss Nail Bar,beauty,birthday,92,,semantic-category-v8:beauty:birthday
SAFE,cmta5nmna000d54iydgsuwwbf,Bliss Nail Bar,Gift Cards - Bliss Nail Bar,beauty,christmas,86,,semantic-category-v8:beauty:christmas
SAFE,cmta5nmna000d54iydgsuwwbf,Bliss Nail Bar,Gift Cards - Bliss Nail Bar,beauty,mothers-day,82,,semantic-category-v8:beauty:mothers-day
SAFE,cmta5nmna000d54iydgsuwwbf,Bliss Nail Bar,Gift Cards - Bliss Nail Bar,beauty,just-because,78,,semantic-category-v8:beauty:just-because
SAFE,cmta5nn0p000f54iygpypf3l0,Caramella Kids,Gift Cards – Caramella Kids,kids-baby,birthday,94,,semantic-category-v8:kids-baby:birthday
SAFE,cmta5nn0p000f54iygpypf3l0,Caramella Kids,Gift Cards – Caramella Kids,kids-baby,for-kids,96,,semantic-category-v8:kids-baby:for-kids
SAFE,cmta5nn0p000f54iygpypf3l0,Caramella Kids,Gift Cards – Caramella Kids,kids-baby,christmas,90,,semantic-category-v8:kids-baby:christmas
SAFE,cmta5nnds000h54iyecjh5wy2,Divingstore,Diving Store Gift Voucher,sports,birthday,92,,semantic-category-v8:sports:birthday
SAFE,cmta5nnds000h54iyecjh5wy2,Divingstore,Diving Store Gift Voucher,sports,christmas,86,,semantic-category-v8:sports:christmas
SAFE,cmta5nnds000h54iyecjh5wy2,Divingstore,Diving Store Gift Voucher,sports,just-because,76,,semantic-category-v8:sports:just-because
SAFE,cmta5nnqb000j54iy5h71qhyd,Floraplant,Floraplant Gift Card,home,wedding,88,,semantic-category-v8:home:wedding
SAFE,cmta5nnqb000j54iy5h71qhyd,Floraplant,Floraplant Gift Card,home,christmas,84,,semantic-category-v8:home:christmas
SAFE,cmta5nnqb000j54iy5h71qhyd,Floraplant,Floraplant Gift Card,home,just-because,76,,semantic-category-v8:home:just-because
SAFE,cmta5no2o000l54iyn0hww43y,esthai,E-Gift Card - esthai,jewelry-watches,birthday,94,,semantic-category-v8:jewelry-watches:birthday
SAFE,cmta5no2o000l54iyn0hww43y,esthai,E-Gift Card - esthai,jewelry-watches,anniversary,94,,semantic-category-v8:jewelry-watches:anniversary
SAFE,cmta5no2o000l54iyn0hww43y,esthai,E-Gift Card - esthai,jewelry-watches,wedding,88,,semantic-category-v8:jewelry-watches:wedding
SAFE,cmta5no2o000l54iyn0hww43y,esthai,E-Gift Card - esthai,jewelry-watches,valentines,92,,semantic-category-v8:jewelry-watches:valentines
SAFE,cmta5no2o000l54iyn0hww43y,esthai,E-Gift Card - esthai,jewelry-watches,christmas,88,,semantic-category-v8:jewelry-watches:christmas
SAFE,cmta5noft000n54iyyotz6yw5,Fuel,Fuel Gift Card,fashion,birthday,92,,semantic-category-v8:fashion:birthday
SAFE,cmta5noft000n54iyyotz6yw5,Fuel,Fuel Gift Card,fashion,christmas,86,,semantic-category-v8:fashion:christmas
SAFE,cmta5noft000n54iyyotz6yw5,Fuel,Fuel Gift Card,fashion,just-because,78,,semantic-category-v8:fashion:just-because
SAFE,cmta5nouj000p54iya63lmod4,Golden A Exclusive Boutique,Δωροκάρτα - Golden A Exclusive Boutique,fashion,birthday,92,,semantic-category-v8:fashion:birthday
SAFE,cmta5nouj000p54iya63lmod4,Golden A Exclusive Boutique,Δωροκάρτα - Golden A Exclusive Boutique,fashion,christmas,86,,semantic-category-v8:fashion:christmas
SAFE,cmta5nouj000p54iya63lmod4,Golden A Exclusive Boutique,Δωροκάρτα - Golden A Exclusive Boutique,fashion,just-because,78,,semantic-category-v8:fashion:just-because
SAFE,cmta5np8e000r54iy6gg6sm7w,Ioannalingerie,Gift Card | Δωροκάρτα Ioanna Lingerie,fashion,birthday,92,,semantic-category-v8:fashion:birthday
SAFE,cmta5np8e000r54iy6gg6sm7w,Ioannalingerie,Gift Card | Δωροκάρτα Ioanna Lingerie,fashion,christmas,86,,semantic-category-v8:fashion:christmas
SAFE,cmta5np8e000r54iy6gg6sm7w,Ioannalingerie,Gift Card | Δωροκάρτα Ioanna Lingerie,fashion,just-because,78,,semantic-category-v8:fashion:just-because
SAFE,cmta5npws000v54iyrybp6vpj,Kantzos,KANTZOS Travel Gift Voucher,travel,birthday,88,,semantic-category-v8:travel:birthday
SAFE,cmta5npws000v54iyrybp6vpj,Kantzos,KANTZOS Travel Gift Voucher,travel,anniversary,92,,semantic-category-v8:travel:anniversary
SAFE,cmta5npws000v54iyrybp6vpj,Kantzos,KANTZOS Travel Gift Voucher,travel,wedding,88,,semantic-category-v8:travel:wedding
SAFE,cmta5npws000v54iyrybp6vpj,Kantzos,KANTZOS Travel Gift Voucher,travel,christmas,82,,semantic-category-v8:travel:christmas
SAFE,cmta5nq9o000x54iy9c81r5vm,Keybooks,Key Books Gift Card,books,birthday,90,,semantic-category-v8:books:birthday
SAFE,cmta5nq9o000x54iy9c81r5vm,Keybooks,Key Books Gift Card,books,christmas,90,,semantic-category-v8:books:christmas
SAFE,cmta5nq9o000x54iy9c81r5vm,Keybooks,Key Books Gift Card,books,thank-you,82,,semantic-category-v8:books:thank-you
SAFE,cmta5nqmr000z54iy6mzkfi9o,krokodila,Gift Cards - krokodila,jewelry-watches,birthday,94,,semantic-category-v8:jewelry-watches:birthday
SAFE,cmta5nqmr000z54iy6mzkfi9o,krokodila,Gift Cards - krokodila,jewelry-watches,anniversary,94,,semantic-category-v8:jewelry-watches:anniversary
SAFE,cmta5nqmr000z54iy6mzkfi9o,krokodila,Gift Cards - krokodila,jewelry-watches,wedding,88,,semantic-category-v8:jewelry-watches:wedding
SAFE,cmta5nqmr000z54iy6mzkfi9o,krokodila,Gift Cards - krokodila,jewelry-watches,valentines,92,,semantic-category-v8:jewelry-watches:valentines
SAFE,cmta5nqmr000z54iy6mzkfi9o,krokodila,Gift Cards - krokodila,jewelry-watches,christmas,88,,semantic-category-v8:jewelry-watches:christmas
SAFE,cmta5nrd7001354iyo6sumjdq,Londonboutique,London Boutique Gift card - London Βoutique,fashion,birthday,92,,semantic-category-v8:fashion:birthday
SAFE,cmta5nrd7001354iyo6sumjdq,Londonboutique,London Boutique Gift card - London Βoutique,fashion,christmas,86,,semantic-category-v8:fashion:christmas
SAFE,cmta5nrd7001354iyo6sumjdq,Londonboutique,London Boutique Gift card - London Βoutique,fashion,just-because,78,,semantic-category-v8:fashion:just-because
SAFE,cmta5nrpi001554iy38lsipa9,Love It,Love.it Gift Card Digital,home,wedding,88,,semantic-category-v8:home:wedding
SAFE,cmta5nrpi001554iy38lsipa9,Love It,Love.it Gift Card Digital,home,christmas,84,,semantic-category-v8:home:christmas
SAFE,cmta5nrpi001554iy38lsipa9,Love It,Love.it Gift Card Digital,home,just-because,76,,semantic-category-v8:home:just-because
SAFE,cmta5ns2z001754iyqm8xijsp,Madeofglass,Made of Glass Gift Card,corporate-gifts,corporate,100,,semantic-category-v8:corporate-gifts:corporate
SAFE,cmta5ns2z001754iyqm8xijsp,Madeofglass,Made of Glass Gift Card,corporate-gifts,christmas,90,,semantic-category-v8:corporate-gifts:christmas
SAFE,cmta5ns2z001754iyqm8xijsp,Madeofglass,Made of Glass Gift Card,corporate-gifts,thank-you,90,,semantic-category-v8:corporate-gifts:thank-you
SAFE,cmta5nsgv001954iy1401i746,Αρχεία - Mafil bags,Gift card Αρχεία - Mafil bags,fashion,birthday,92,,semantic-category-v8:fashion:birthday
SAFE,cmta5nsgv001954iy1401i746,Αρχεία - Mafil bags,Gift card Αρχεία - Mafil bags,fashion,christmas,86,,semantic-category-v8:fashion:christmas
SAFE,cmta5nsgv001954iy1401i746,Αρχεία - Mafil bags,Gift card Αρχεία - Mafil bags,fashion,just-because,78,,semantic-category-v8:fashion:just-because
SAFE,cmta5nsu9001b54iyw6qf1feq,Massage για Χαλάρωση & Ευεξία - Magic Hands,Gift Card Massage για Χαλάρωση & Ευεξία - Magic Hands,spa-wellness,birthday,92,,semantic-category-v8:spa-wellness:birthday
SAFE,cmta5nsu9001b54iyw6qf1feq,Massage για Χαλάρωση & Ευεξία - Magic Hands,Gift Card Massage για Χαλάρωση & Ευεξία - Magic Hands,spa-wellness,anniversary,90,,semantic-category-v8:spa-wellness:anniversary
SAFE,cmta5nsu9001b54iyw6qf1feq,Massage για Χαλάρωση & Ευεξία - Magic Hands,Gift Card Massage για Χαλάρωση & Ευεξία - Magic Hands,spa-wellness,valentines,88,,semantic-category-v8:spa-wellness:valentines
SAFE,cmta5nsu9001b54iyw6qf1feq,Massage για Χαλάρωση & Ευεξία - Magic Hands,Gift Card Massage για Χαλάρωση & Ευεξία - Magic Hands,spa-wellness,mothers-day,86,,semantic-category-v8:spa-wellness:mothers-day
SAFE,cmta5nsu9001b54iyw6qf1feq,Massage για Χαλάρωση & Ευεξία - Magic Hands,Gift Card Massage για Χαλάρωση & Ευεξία - Magic Hands,spa-wellness,fathers-day,82,,semantic-category-v8:spa-wellness:fathers-day
SAFE,cmta5nt82001d54iysnv9gyou,Mine Perfume Lab,Mine Perfume Lab Gift Card,beauty,birthday,92,,semantic-category-v8:beauty:birthday
SAFE,cmta5nt82001d54iysnv9gyou,Mine Perfume Lab,Mine Perfume Lab Gift Card,beauty,christmas,86,,semantic-category-v8:beauty:christmas
SAFE,cmta5nt82001d54iysnv9gyou,Mine Perfume Lab,Mine Perfume Lab Gift Card,beauty,mothers-day,82,,semantic-category-v8:beauty:mothers-day
SAFE,cmta5nt82001d54iysnv9gyou,Mine Perfume Lab,Mine Perfume Lab Gift Card,beauty,just-because,78,,semantic-category-v8:beauty:just-because
SAFE,cmta5ntlh001f54iyog57bocf,muse boutique,Δωροκάρτα - muse boutique,fashion,birthday,92,,semantic-category-v8:fashion:birthday
SAFE,cmta5ntlh001f54iyog57bocf,muse boutique,Δωροκάρτα - muse boutique,fashion,christmas,86,,semantic-category-v8:fashion:christmas
SAFE,cmta5ntlh001f54iyog57bocf,muse boutique,Δωροκάρτα - muse boutique,fashion,just-because,78,,semantic-category-v8:fashion:just-because
SAFE,cmta5ntz1001h54iy7fo89p8f,Myconian Naia Boutique Hotel,Gift Cards | Myconian Naia Boutique Hotel,hotels,birthday,84,,semantic-category-v8:hotels:birthday
SAFE,cmta5ntz1001h54iy7fo89p8f,Myconian Naia Boutique Hotel,Gift Cards | Myconian Naia Boutique Hotel,hotels,anniversary,96,,semantic-category-v8:hotels:anniversary
SAFE,cmta5ntz1001h54iy7fo89p8f,Myconian Naia Boutique Hotel,Gift Cards | Myconian Naia Boutique Hotel,hotels,wedding,90,,semantic-category-v8:hotels:wedding
SAFE,cmta5ntz1001h54iy7fo89p8f,Myconian Naia Boutique Hotel,Gift Cards | Myconian Naia Boutique Hotel,hotels,valentines,92,,semantic-category-v8:hotels:valentines
SAFE,cmta5nucz001j54iyk2uep1aq,Myprotein,"Myprotein Gift Voucher, £50",sports,birthday,92,,semantic-category-v8:sports:birthday
SAFE,cmta5nucz001j54iyk2uep1aq,Myprotein,"Myprotein Gift Voucher, £50",sports,christmas,86,,semantic-category-v8:sports:christmas
SAFE,cmta5nucz001j54iyk2uep1aq,Myprotein,"Myprotein Gift Voucher, £50",sports,just-because,76,,semantic-category-v8:sports:just-because
SAFE,cmta5nupu001l54iyijhwtd67,Naloo Beauty Bar,Naloo Beauty Bar Gift Card,beauty,birthday,92,,semantic-category-v8:beauty:birthday
SAFE,cmta5nupu001l54iyijhwtd67,Naloo Beauty Bar,Naloo Beauty Bar Gift Card,beauty,christmas,86,,semantic-category-v8:beauty:christmas
SAFE,cmta5nupu001l54iyijhwtd67,Naloo Beauty Bar,Naloo Beauty Bar Gift Card,beauty,mothers-day,82,,semantic-category-v8:beauty:mothers-day
SAFE,cmta5nupu001l54iyijhwtd67,Naloo Beauty Bar,Naloo Beauty Bar Gift Card,beauty,just-because,78,,semantic-category-v8:beauty:just-because
SAFE,cmta5nv42001n54iywdz7r09e,Naxos Art,Naxos Art Gift Card,home,wedding,88,,semantic-category-v8:home:wedding
SAFE,cmta5nv42001n54iywdz7r09e,Naxos Art,Naxos Art Gift Card,home,christmas,84,,semantic-category-v8:home:christmas
SAFE,cmta5nv42001n54iywdz7r09e,Naxos Art,Naxos Art Gift Card,home,just-because,76,,semantic-category-v8:home:just-because
SAFE,cmta5nvi5001p54iyc6wox7hx,Neraw,Neraw Digital Gift Card | Planted Ceramic Sculpture,home,wedding,88,,semantic-category-v8:home:wedding
SAFE,cmta5nvi5001p54iyc6wox7hx,Neraw,Neraw Digital Gift Card | Planted Ceramic Sculpture,home,christmas,84,,semantic-category-v8:home:christmas
SAFE,cmta5nvi5001p54iyc6wox7hx,Neraw,Neraw Digital Gift Card | Planted Ceramic Sculpture,home,just-because,76,,semantic-category-v8:home:just-because
SAFE,cmta5nvuy001r54iyd9p9lep4,Petridis Stores,Petridis Stores Gift Card,sports,birthday,92,,semantic-category-v8:sports:birthday
SAFE,cmta5nvuy001r54iyd9p9lep4,Petridis Stores,Petridis Stores Gift Card,sports,christmas,86,,semantic-category-v8:sports:christmas
SAFE,cmta5nvuy001r54iyd9p9lep4,Petridis Stores,Petridis Stores Gift Card,sports,just-because,76,,semantic-category-v8:sports:just-because
SAFE,cmta5nwmb001v54iyw3bzxz6q,Proswimwear,ProSwimwear Δωροεπιταγή | Οι Καλύτερες Τιμές Online,sports,birthday,92,,semantic-category-v8:sports:birthday
SAFE,cmta5nwmb001v54iyw3bzxz6q,Proswimwear,ProSwimwear Δωροεπιταγή | Οι Καλύτερες Τιμές Online,sports,christmas,86,,semantic-category-v8:sports:christmas
SAFE,cmta5nwmb001v54iyw3bzxz6q,Proswimwear,ProSwimwear Δωροεπιταγή | Οι Καλύτερες Τιμές Online,sports,just-because,76,,semantic-category-v8:sports:just-because
SAFE,cmta5nxca001z54iyk1x3ihrh,sexodonia,sexodonia Gift Card,fashion,birthday,92,,semantic-category-v8:fashion:birthday
SAFE,cmta5nxca001z54iyk1x3ihrh,sexodonia,sexodonia Gift Card,fashion,christmas,86,,semantic-category-v8:fashion:christmas
SAFE,cmta5nxca001z54iyk1x3ihrh,sexodonia,sexodonia Gift Card,fashion,just-because,78,,semantic-category-v8:fashion:just-because
SAFE,cmta5nxp2002154iym24cxgfr,Shine4ever,Shine4ever Gift Card,gifts-concept-stores,birthday,92,,semantic-category-v8:gifts-concept-stores:birthday
SAFE,cmta5nxp2002154iym24cxgfr,Shine4ever,Shine4ever Gift Card,gifts-concept-stores,christmas,92,,semantic-category-v8:gifts-concept-stores:christmas
SAFE,cmta5nxp2002154iym24cxgfr,Shine4ever,Shine4ever Gift Card,gifts-concept-stores,thank-you,86,,semantic-category-v8:gifts-concept-stores:thank-you
SAFE,cmta5nxp2002154iym24cxgfr,Shine4ever,Shine4ever Gift Card,gifts-concept-stores,just-because,88,,semantic-category-v8:gifts-concept-stores:just-because
SAFE,cmta5ny2d002354iyvhj9mkz0,Smaragdasart,Smaragdas Art E-Δωροκάρτα 200€,jewelry-watches,birthday,94,,semantic-category-v8:jewelry-watches:birthday
SAFE,cmta5ny2d002354iyvhj9mkz0,Smaragdasart,Smaragdas Art E-Δωροκάρτα 200€,jewelry-watches,anniversary,94,,semantic-category-v8:jewelry-watches:anniversary
SAFE,cmta5ny2d002354iyvhj9mkz0,Smaragdasart,Smaragdas Art E-Δωροκάρτα 200€,jewelry-watches,wedding,88,,semantic-category-v8:jewelry-watches:wedding
SAFE,cmta5ny2d002354iyvhj9mkz0,Smaragdasart,Smaragdas Art E-Δωροκάρτα 200€,jewelry-watches,valentines,92,,semantic-category-v8:jewelry-watches:valentines
SAFE,cmta5ny2d002354iyvhj9mkz0,Smaragdasart,Smaragdas Art E-Δωροκάρτα 200€,jewelry-watches,christmas,88,,semantic-category-v8:jewelry-watches:christmas
SAFE,cmta5nyde002454iyc6vaizw0,Thomann,Thomann Gift Card,music,birthday,92,,semantic-category-v8:music:birthday
SAFE,cmta5nyde002454iyc6vaizw0,Thomann,Thomann Gift Card,music,christmas,88,,semantic-category-v8:music:christmas
SAFE,cmta5nyde002454iyc6vaizw0,Thomann,Thomann Gift Card,music,just-because,78,,semantic-category-v8:music:just-because
SAFE,cmta5nyst002654iyxa6404qo,Toys.gr,Δωροκάρτα Toys.gr,kids-baby,birthday,94,,semantic-category-v8:kids-baby:birthday
SAFE,cmta5nyst002654iyxa6404qo,Toys.gr,Δωροκάρτα Toys.gr,kids-baby,for-kids,96,,semantic-category-v8:kids-baby:for-kids
SAFE,cmta5nyst002654iyxa6404qo,Toys.gr,Δωροκάρτα Toys.gr,kids-baby,christmas,90,,semantic-category-v8:kids-baby:christmas
SAFE,cmta5nz6o002854iydldfcozj,Two And A Half,Two And A Half Gift Card,fashion,birthday,92,,semantic-category-v8:fashion:birthday
SAFE,cmta5nz6o002854iydldfcozj,Two And A Half,Two And A Half Gift Card,fashion,christmas,86,,semantic-category-v8:fashion:christmas
SAFE,cmta5nz6o002854iydldfcozj,Two And A Half,Two And A Half Gift Card,fashion,just-because,78,,semantic-category-v8:fashion:just-because
SAFE,cmta5nzvj002c54iyh4tnx9jy,WARAGOD,WARAGOD Gift Card,sports,birthday,92,,semantic-category-v8:sports:birthday
SAFE,cmta5nzvj002c54iyh4tnx9jy,WARAGOD,WARAGOD Gift Card,sports,christmas,86,,semantic-category-v8:sports:christmas
SAFE,cmta5nzvj002c54iyh4tnx9jy,WARAGOD,WARAGOD Gift Card,sports,just-because,76,,semantic-category-v8:sports:just-because
SAFE,cmta5o08h002e54iylwvhwz6r,Wellness City Spa,Wellness City Spa Gift Card,spa-wellness,birthday,92,,semantic-category-v8:spa-wellness:birthday
SAFE,cmta5o08h002e54iylwvhwz6r,Wellness City Spa,Wellness City Spa Gift Card,spa-wellness,anniversary,90,,semantic-category-v8:spa-wellness:anniversary
SAFE,cmta5o08h002e54iylwvhwz6r,Wellness City Spa,Wellness City Spa Gift Card,spa-wellness,valentines,88,,semantic-category-v8:spa-wellness:valentines
SAFE,cmta5o08h002e54iylwvhwz6r,Wellness City Spa,Wellness City Spa Gift Card,spa-wellness,mothers-day,86,,semantic-category-v8:spa-wellness:mothers-day
SAFE,cmta5o08h002e54iylwvhwz6r,Wellness City Spa,Wellness City Spa Gift Card,spa-wellness,fathers-day,82,,semantic-category-v8:spa-wellness:fathers-day
SAFE,cmta5o0l0002g54iyn7su7krr,World of Vision,World of Vision - E-Gift Card,fashion,birthday,92,,semantic-category-v8:fashion:birthday
SAFE,cmta5o0l0002g54iyn7su7krr,World of Vision,World of Vision - E-Gift Card,fashion,christmas,86,,semantic-category-v8:fashion:christmas
SAFE,cmta5o0l0002g54iyn7su7krr,World of Vision,World of Vision - E-Gift Card,fashion,just-because,78,,semantic-category-v8:fashion:just-because
SAFE,cmta5o0yq002i54iy40mdbr2u,Zairacollection,Zaira Gift Card - Zaira Collection Furniture,home,wedding,88,,semantic-category-v8:home:wedding
SAFE,cmta5o0yq002i54iy40mdbr2u,Zairacollection,Zaira Gift Card - Zaira Collection Furniture,home,christmas,84,,semantic-category-v8:home:christmas
SAFE,cmta5o0yq002i54iy40mdbr2u,Zairacollection,Zaira Gift Card - Zaira Collection Furniture,home,just-because,76,,semantic-category-v8:home:just-because
SAFE,cmtb62f35000194iyb29w1nw8,Absolutemassageandspa,Absolutemassageandspa Gift Card,spa-wellness,birthday,92,,semantic-category-v8:spa-wellness:birthday
SAFE,cmtb62f35000194iyb29w1nw8,Absolutemassageandspa,Absolutemassageandspa Gift Card,spa-wellness,anniversary,90,,semantic-category-v8:spa-wellness:anniversary
SAFE,cmtb62f35000194iyb29w1nw8,Absolutemassageandspa,Absolutemassageandspa Gift Card,spa-wellness,valentines,88,,semantic-category-v8:spa-wellness:valentines
SAFE,cmtb62f35000194iyb29w1nw8,Absolutemassageandspa,Absolutemassageandspa Gift Card,spa-wellness,mothers-day,86,,semantic-category-v8:spa-wellness:mothers-day
SAFE,cmtb62f35000194iyb29w1nw8,Absolutemassageandspa,Absolutemassageandspa Gift Card,spa-wellness,fathers-day,82,,semantic-category-v8:spa-wellness:fathers-day
SAFE,cmtb62fh3000394iyqc1z6qea,Bags & Hats,Bags & Hats Gift Card,fashion,birthday,92,,semantic-category-v8:fashion:birthday
SAFE,cmtb62fh3000394iyqc1z6qea,Bags & Hats,Bags & Hats Gift Card,fashion,christmas,86,,semantic-category-v8:fashion:christmas
SAFE,cmtb62fh3000394iyqc1z6qea,Bags & Hats,Bags & Hats Gift Card,fashion,just-because,78,,semantic-category-v8:fashion:just-because
SAFE,cmtb62fvk000594iyj5lztsez,Beautyworldbydg,Beautyworldbydg Gift Card,beauty,birthday,92,,semantic-category-v8:beauty:birthday
SAFE,cmtb62fvk000594iyj5lztsez,Beautyworldbydg,Beautyworldbydg Gift Card,beauty,christmas,86,,semantic-category-v8:beauty:christmas
SAFE,cmtb62fvk000594iyj5lztsez,Beautyworldbydg,Beautyworldbydg Gift Card,beauty,mothers-day,82,,semantic-category-v8:beauty:mothers-day
SAFE,cmtb62fvk000594iyj5lztsez,Beautyworldbydg,Beautyworldbydg Gift Card,beauty,just-because,78,,semantic-category-v8:beauty:just-because
SAFE,cmtb62g9d000794iyfpwunpxv,Camperisimo,Gift Voucher,sports,birthday,92,,semantic-category-v8:sports:birthday
SAFE,cmtb62g9d000794iyfpwunpxv,Camperisimo,Gift Voucher,sports,christmas,86,,semantic-category-v8:sports:christmas
SAFE,cmtb62g9d000794iyfpwunpxv,Camperisimo,Gift Voucher,sports,just-because,76,,semantic-category-v8:sports:just-because
SAFE,cmtb62gnq000994iyw80hhe2v,Deximi,Gift Voucher,fashion,birthday,92,,semantic-category-v8:fashion:birthday
SAFE,cmtb62gnq000994iyw80hhe2v,Deximi,Gift Voucher,fashion,christmas,86,,semantic-category-v8:fashion:christmas
SAFE,cmtb62gnq000994iyw80hhe2v,Deximi,Gift Voucher,fashion,just-because,78,,semantic-category-v8:fashion:just-because
SAFE,cmtb62h0x000b94iyehu8zlg5,Esiot,Esiot Gift Card,fashion,birthday,92,,semantic-category-v8:fashion:birthday
SAFE,cmtb62h0x000b94iyehu8zlg5,Esiot,Esiot Gift Card,fashion,christmas,86,,semantic-category-v8:fashion:christmas
SAFE,cmtb62h0x000b94iyehu8zlg5,Esiot,Esiot Gift Card,fashion,just-because,78,,semantic-category-v8:fashion:just-because
SAFE,cmtb62he9000d94iyxompo58c,Fatalbeautylab,Gift Cards,beauty,birthday,92,,semantic-category-v8:beauty:birthday
SAFE,cmtb62he9000d94iyxompo58c,Fatalbeautylab,Gift Cards,beauty,christmas,86,,semantic-category-v8:beauty:christmas
SAFE,cmtb62he9000d94iyxompo58c,Fatalbeautylab,Gift Cards,beauty,mothers-day,82,,semantic-category-v8:beauty:mothers-day
SAFE,cmtb62he9000d94iyxompo58c,Fatalbeautylab,Gift Cards,beauty,just-because,78,,semantic-category-v8:beauty:just-because
SAFE,cmtb62i42000h94iyyunpk1hf,Fmsstores,Fmsstores Gift Card,fashion,birthday,92,,semantic-category-v8:fashion:birthday
SAFE,cmtb62i42000h94iyyunpk1hf,Fmsstores,Fmsstores Gift Card,fashion,christmas,86,,semantic-category-v8:fashion:christmas
SAFE,cmtb62i42000h94iyyunpk1hf,Fmsstores,Fmsstores Gift Card,fashion,just-because,78,,semantic-category-v8:fashion:just-because
SAFE,cmtb62iwy000l94iy37tas1sy,Gang Clothing,Gang Clothing Gift Card,fashion,birthday,92,,semantic-category-v8:fashion:birthday
SAFE,cmtb62iwy000l94iy37tas1sy,Gang Clothing,Gang Clothing Gift Card,fashion,christmas,86,,semantic-category-v8:fashion:christmas
SAFE,cmtb62iwy000l94iy37tas1sy,Gang Clothing,Gang Clothing Gift Card,fashion,just-because,78,,semantic-category-v8:fashion:just-because
SAFE,cmtb62jba000n94iyr2xf03bd,Gbroofgarden,Δωροεπιταγές,restaurants,birthday,92,,semantic-category-v8:restaurants:birthday
SAFE,cmtb62jba000n94iyr2xf03bd,Gbroofgarden,Δωροεπιταγές,restaurants,anniversary,94,,semantic-category-v8:restaurants:anniversary
SAFE,cmtb62jba000n94iyr2xf03bd,Gbroofgarden,Δωροεπιταγές,restaurants,valentines,92,,semantic-category-v8:restaurants:valentines
SAFE,cmtb62jba000n94iyr2xf03bd,Gbroofgarden,Δωροεπιταγές,restaurants,thank-you,84,,semantic-category-v8:restaurants:thank-you
SAFE,cmtb62jba000n94iyr2xf03bd,Gbroofgarden,Δωροεπιταγές,restaurants,just-because,84,,semantic-category-v8:restaurants:just-because
SAFE,cmtb62jq0000p94iyt5d2mzss,Ggio,Gift Cards,fashion,birthday,92,,semantic-category-v8:fashion:birthday
SAFE,cmtb62jq0000p94iyt5d2mzss,Ggio,Gift Cards,fashion,christmas,86,,semantic-category-v8:fashion:christmas
SAFE,cmtb62jq0000p94iyt5d2mzss,Ggio,Gift Cards,fashion,just-because,78,,semantic-category-v8:fashion:just-because
SAFE,cmtb62kft000t94iyoh4z8szg,Hobby,Δωροεπιταγές,arts-crafts,birthday,90,,semantic-category-v8:arts-crafts:birthday
SAFE,cmtb62kft000t94iyoh4z8szg,Hobby,Δωροεπιταγές,arts-crafts,christmas,86,,semantic-category-v8:arts-crafts:christmas
SAFE,cmtb62kft000t94iyoh4z8szg,Hobby,Δωροεπιταγές,arts-crafts,just-because,78,,semantic-category-v8:arts-crafts:just-because
SAFE,cmtb62ksr000v94iyg6aw8eqd,Idolosalon,Idolosalon Gift Card,beauty,birthday,92,,semantic-category-v8:beauty:birthday
SAFE,cmtb62ksr000v94iyg6aw8eqd,Idolosalon,Idolosalon Gift Card,beauty,christmas,86,,semantic-category-v8:beauty:christmas
SAFE,cmtb62ksr000v94iyg6aw8eqd,Idolosalon,Idolosalon Gift Card,beauty,mothers-day,82,,semantic-category-v8:beauty:mothers-day
SAFE,cmtb62ksr000v94iyg6aw8eqd,Idolosalon,Idolosalon Gift Card,beauty,just-because,78,,semantic-category-v8:beauty:just-because
SAFE,cmtb62l5k000x94iyh8vs7gfk,Ivanacappuccini,Ivanacappuccini Gift Card,fashion,birthday,92,,semantic-category-v8:fashion:birthday
SAFE,cmtb62l5k000x94iyh8vs7gfk,Ivanacappuccini,Ivanacappuccini Gift Card,fashion,christmas,86,,semantic-category-v8:fashion:christmas
SAFE,cmtb62l5k000x94iyh8vs7gfk,Ivanacappuccini,Ivanacappuccini Gift Card,fashion,just-because,78,,semantic-category-v8:fashion:just-because
SAFE,cmtb62lib000z94iyny0wsg5c,Jukebooks,Δωροκάρτες,books,birthday,90,,semantic-category-v8:books:birthday
SAFE,cmtb62lib000z94iyny0wsg5c,Jukebooks,Δωροκάρτες,books,christmas,90,,semantic-category-v8:books:christmas
SAFE,cmtb62lib000z94iyny0wsg5c,Jukebooks,Δωροκάρτες,books,thank-you,82,,semantic-category-v8:books:thank-you
SAFE,cmtb62lvm001194iyq5zn5axw,Kids Garden,Gift Card - Kids Garden,kids-baby,birthday,94,,semantic-category-v8:kids-baby:birthday
SAFE,cmtb62lvm001194iyq5zn5axw,Kids Garden,Gift Card - Kids Garden,kids-baby,for-kids,96,,semantic-category-v8:kids-baby:for-kids
SAFE,cmtb62lvm001194iyq5zn5axw,Kids Garden,Gift Card - Kids Garden,kids-baby,christmas,90,,semantic-category-v8:kids-baby:christmas
SAFE,cmtb62mzp001794iymwe27b7c,Morethanthis,Gift Voucher,gifts-concept-stores,birthday,92,,semantic-category-v8:gifts-concept-stores:birthday
SAFE,cmtb62mzp001794iymwe27b7c,Morethanthis,Gift Voucher,gifts-concept-stores,christmas,92,,semantic-category-v8:gifts-concept-stores:christmas
SAFE,cmtb62mzp001794iymwe27b7c,Morethanthis,Gift Voucher,gifts-concept-stores,thank-you,86,,semantic-category-v8:gifts-concept-stores:thank-you
SAFE,cmtb62mzp001794iymwe27b7c,Morethanthis,Gift Voucher,gifts-concept-stores,just-because,88,,semantic-category-v8:gifts-concept-stores:just-because
SAFE,cmtb62ncf001994iy7kzv2o19,Motorparts,Gift Cards,automotive,birthday,86,,semantic-category-v8:automotive:birthday
SAFE,cmtb62ncf001994iy7kzv2o19,Motorparts,Gift Cards,automotive,christmas,82,,semantic-category-v8:automotive:christmas
SAFE,cmtb62ncf001994iy7kzv2o19,Motorparts,Gift Cards,automotive,just-because,76,,semantic-category-v8:automotive:just-because
SAFE,cmtb62o37001d94iy7xjkbihk,Myconian Imperial Resort,Gift Cards | Myconian Imperial Resort,hotels,birthday,84,,semantic-category-v8:hotels:birthday
SAFE,cmtb62o37001d94iy7xjkbihk,Myconian Imperial Resort,Gift Cards | Myconian Imperial Resort,hotels,anniversary,96,,semantic-category-v8:hotels:anniversary
SAFE,cmtb62o37001d94iy7xjkbihk,Myconian Imperial Resort,Gift Cards | Myconian Imperial Resort,hotels,wedding,90,,semantic-category-v8:hotels:wedding
SAFE,cmtb62o37001d94iy7xjkbihk,Myconian Imperial Resort,Gift Cards | Myconian Imperial Resort,hotels,valentines,92,,semantic-category-v8:hotels:valentines
SAFE,cmtb62ofv001f94iytqkcxpz6,Myconiankyma,Gift Cards,hotels,birthday,84,,semantic-category-v8:hotels:birthday
SAFE,cmtb62ofv001f94iytqkcxpz6,Myconiankyma,Gift Cards,hotels,anniversary,96,,semantic-category-v8:hotels:anniversary
SAFE,cmtb62ofv001f94iytqkcxpz6,Myconiankyma,Gift Cards,hotels,wedding,90,,semantic-category-v8:hotels:wedding
SAFE,cmtb62ofv001f94iytqkcxpz6,Myconiankyma,Gift Cards,hotels,valentines,92,,semantic-category-v8:hotels:valentines
SAFE,cmtb62osx001h94iyfilwbr22,Najma,Δωροκάρτα,jewelry-watches,birthday,94,,semantic-category-v8:jewelry-watches:birthday
SAFE,cmtb62osx001h94iyfilwbr22,Najma,Δωροκάρτα,jewelry-watches,anniversary,94,,semantic-category-v8:jewelry-watches:anniversary
SAFE,cmtb62osx001h94iyfilwbr22,Najma,Δωροκάρτα,jewelry-watches,wedding,88,,semantic-category-v8:jewelry-watches:wedding
SAFE,cmtb62osx001h94iyfilwbr22,Najma,Δωροκάρτα,jewelry-watches,valentines,92,,semantic-category-v8:jewelry-watches:valentines
SAFE,cmtb62osx001h94iyfilwbr22,Najma,Δωροκάρτα,jewelry-watches,christmas,88,,semantic-category-v8:jewelry-watches:christmas
SAFE,cmtb62p6j001j94iy0wbk6jyl,Neraidochora,Neraidochora E-Gift Card,gifts-concept-stores,birthday,92,,semantic-category-v8:gifts-concept-stores:birthday
SAFE,cmtb62p6j001j94iy0wbk6jyl,Neraidochora,Neraidochora E-Gift Card,gifts-concept-stores,christmas,92,,semantic-category-v8:gifts-concept-stores:christmas
SAFE,cmtb62p6j001j94iy0wbk6jyl,Neraidochora,Neraidochora E-Gift Card,gifts-concept-stores,thank-you,86,,semantic-category-v8:gifts-concept-stores:thank-you
SAFE,cmtb62p6j001j94iy0wbk6jyl,Neraidochora,Neraidochora E-Gift Card,gifts-concept-stores,just-because,88,,semantic-category-v8:gifts-concept-stores:just-because
SAFE,cmtb62pj6001l94iyhjzhf3fh,Nousoma,Nousoma Gift Card,spa-wellness,birthday,92,,semantic-category-v8:spa-wellness:birthday
SAFE,cmtb62pj6001l94iyhjzhf3fh,Nousoma,Nousoma Gift Card,spa-wellness,anniversary,90,,semantic-category-v8:spa-wellness:anniversary
SAFE,cmtb62pj6001l94iyhjzhf3fh,Nousoma,Nousoma Gift Card,spa-wellness,valentines,88,,semantic-category-v8:spa-wellness:valentines
SAFE,cmtb62pj6001l94iyhjzhf3fh,Nousoma,Nousoma Gift Card,spa-wellness,mothers-day,86,,semantic-category-v8:spa-wellness:mothers-day
SAFE,cmtb62pj6001l94iyhjzhf3fh,Nousoma,Nousoma Gift Card,spa-wellness,fathers-day,82,,semantic-category-v8:spa-wellness:fathers-day
SAFE,cmtb62pv8001n94iyge6r4vvp,Oikosterzis,GIFT CARDS,home,wedding,88,,semantic-category-v8:home:wedding
SAFE,cmtb62pv8001n94iyge6r4vvp,Oikosterzis,GIFT CARDS,home,christmas,84,,semantic-category-v8:home:christmas
SAFE,cmtb62pv8001n94iyge6r4vvp,Oikosterzis,GIFT CARDS,home,just-because,76,,semantic-category-v8:home:just-because
SAFE,cmtb62q8a001p94iypyoj6lpu,Mideast,Gift Vouchers,travel,birthday,88,,semantic-category-v8:travel:birthday
SAFE,cmtb62q8a001p94iypyoj6lpu,Mideast,Gift Vouchers,travel,anniversary,92,,semantic-category-v8:travel:anniversary
SAFE,cmtb62q8a001p94iypyoj6lpu,Mideast,Gift Vouchers,travel,wedding,88,,semantic-category-v8:travel:wedding
SAFE,cmtb62q8a001p94iypyoj6lpu,Mideast,Gift Vouchers,travel,christmas,82,,semantic-category-v8:travel:christmas
SAFE,cmtb62qlm001r94iy91xv9clz,Outdoorshop,Gift Card - Δωροεπιταγή,sports,birthday,92,,semantic-category-v8:sports:birthday
SAFE,cmtb62qlm001r94iy91xv9clz,Outdoorshop,Gift Card - Δωροεπιταγή,sports,christmas,86,,semantic-category-v8:sports:christmas
SAFE,cmtb62qlm001r94iy91xv9clz,Outdoorshop,Gift Card - Δωροεπιταγή,sports,just-because,76,,semantic-category-v8:sports:just-because
SAFE,cmtb62qxu001t94iyyxg9umfo,Pamemassage,Pamemassage Gift Card,spa-wellness,birthday,92,,semantic-category-v8:spa-wellness:birthday
SAFE,cmtb62qxu001t94iyyxg9umfo,Pamemassage,Pamemassage Gift Card,spa-wellness,anniversary,90,,semantic-category-v8:spa-wellness:anniversary
SAFE,cmtb62qxu001t94iyyxg9umfo,Pamemassage,Pamemassage Gift Card,spa-wellness,valentines,88,,semantic-category-v8:spa-wellness:valentines
SAFE,cmtb62qxu001t94iyyxg9umfo,Pamemassage,Pamemassage Gift Card,spa-wellness,mothers-day,86,,semantic-category-v8:spa-wellness:mothers-day
SAFE,cmtb62qxu001t94iyyxg9umfo,Pamemassage,Pamemassage Gift Card,spa-wellness,fathers-day,82,,semantic-category-v8:spa-wellness:fathers-day
SAFE,cmtb62rai001v94iyjd4xhwwl,Radiodaysfashion,Radiodaysfashion Gift Card,fashion,birthday,92,,semantic-category-v8:fashion:birthday
SAFE,cmtb62rai001v94iyjd4xhwwl,Radiodaysfashion,Radiodaysfashion Gift Card,fashion,christmas,86,,semantic-category-v8:fashion:christmas
SAFE,cmtb62rai001v94iyjd4xhwwl,Radiodaysfashion,Radiodaysfashion Gift Card,fashion,just-because,78,,semantic-category-v8:fashion:just-because
SAFE,cmtb62rnr001x94iyaexszvck,Salondemassage,Salondemassage Gift Card,spa-wellness,birthday,92,,semantic-category-v8:spa-wellness:birthday
SAFE,cmtb62rnr001x94iyaexszvck,Salondemassage,Salondemassage Gift Card,spa-wellness,anniversary,90,,semantic-category-v8:spa-wellness:anniversary
SAFE,cmtb62rnr001x94iyaexszvck,Salondemassage,Salondemassage Gift Card,spa-wellness,valentines,88,,semantic-category-v8:spa-wellness:valentines
SAFE,cmtb62rnr001x94iyaexszvck,Salondemassage,Salondemassage Gift Card,spa-wellness,mothers-day,86,,semantic-category-v8:spa-wellness:mothers-day
SAFE,cmtb62rnr001x94iyaexszvck,Salondemassage,Salondemassage Gift Card,spa-wellness,fathers-day,82,,semantic-category-v8:spa-wellness:fathers-day
SAFE,cmtb62s09001z94iy1ofsp7v6,Serkos,Serkos Gift Card,jewelry-watches,birthday,94,,semantic-category-v8:jewelry-watches:birthday
SAFE,cmtb62s09001z94iy1ofsp7v6,Serkos,Serkos Gift Card,jewelry-watches,anniversary,94,,semantic-category-v8:jewelry-watches:anniversary
SAFE,cmtb62s09001z94iy1ofsp7v6,Serkos,Serkos Gift Card,jewelry-watches,wedding,88,,semantic-category-v8:jewelry-watches:wedding
SAFE,cmtb62s09001z94iy1ofsp7v6,Serkos,Serkos Gift Card,jewelry-watches,valentines,92,,semantic-category-v8:jewelry-watches:valentines
SAFE,cmtb62s09001z94iy1ofsp7v6,Serkos,Serkos Gift Card,jewelry-watches,christmas,88,,semantic-category-v8:jewelry-watches:christmas
SAFE,cmtb62sem002194iy651slae1,Sfinx,Sfinx Gift Card,jewelry-watches,birthday,94,,semantic-category-v8:jewelry-watches:birthday
SAFE,cmtb62sem002194iy651slae1,Sfinx,Sfinx Gift Card,jewelry-watches,anniversary,94,,semantic-category-v8:jewelry-watches:anniversary
SAFE,cmtb62sem002194iy651slae1,Sfinx,Sfinx Gift Card,jewelry-watches,wedding,88,,semantic-category-v8:jewelry-watches:wedding
SAFE,cmtb62sem002194iy651slae1,Sfinx,Sfinx Gift Card,jewelry-watches,valentines,92,,semantic-category-v8:jewelry-watches:valentines
SAFE,cmtb62sem002194iy651slae1,Sfinx,Sfinx Gift Card,jewelry-watches,christmas,88,,semantic-category-v8:jewelry-watches:christmas
SAFE,cmtb62sre002394iyu3pfl7b1,Spanails Delmaresole,Gift Cards,beauty,birthday,92,,semantic-category-v8:beauty:birthday
SAFE,cmtb62sre002394iyu3pfl7b1,Spanails Delmaresole,Gift Cards,beauty,christmas,86,,semantic-category-v8:beauty:christmas
SAFE,cmtb62sre002394iyu3pfl7b1,Spanails Delmaresole,Gift Cards,beauty,mothers-day,82,,semantic-category-v8:beauty:mothers-day
SAFE,cmtb62sre002394iyu3pfl7b1,Spanails Delmaresole,Gift Cards,beauty,just-because,78,,semantic-category-v8:beauty:just-because
SAFE,cmtb62t3c002594iyg02duold,Stellaisland,Gift Voucher,hotels,birthday,84,,semantic-category-v8:hotels:birthday
SAFE,cmtb62t3c002594iyg02duold,Stellaisland,Gift Voucher,hotels,anniversary,96,,semantic-category-v8:hotels:anniversary
SAFE,cmtb62t3c002594iyg02duold,Stellaisland,Gift Voucher,hotels,wedding,90,,semantic-category-v8:hotels:wedding
SAFE,cmtb62t3c002594iyg02duold,Stellaisland,Gift Voucher,hotels,valentines,92,,semantic-category-v8:hotels:valentines
SAFE,cmtb62tgf002794iyz4by47el,Sweetnspicy,Δωροκάρτα,food-delivery,birthday,84,,semantic-category-v8:food-delivery:birthday
SAFE,cmtb62tgf002794iyz4by47el,Sweetnspicy,Δωροκάρτα,food-delivery,thank-you,84,,semantic-category-v8:food-delivery:thank-you
SAFE,cmtb62tgf002794iyz4by47el,Sweetnspicy,Δωροκάρτα,food-delivery,just-because,82,,semantic-category-v8:food-delivery:just-because
SAFE,cmtb62u7h002b94iyesizztm1,Texni Kosmima,Texni Kosmima Gift Card,jewelry-watches,birthday,94,,semantic-category-v8:jewelry-watches:birthday
SAFE,cmtb62u7h002b94iyesizztm1,Texni Kosmima,Texni Kosmima Gift Card,jewelry-watches,anniversary,94,,semantic-category-v8:jewelry-watches:anniversary
SAFE,cmtb62u7h002b94iyesizztm1,Texni Kosmima,Texni Kosmima Gift Card,jewelry-watches,wedding,88,,semantic-category-v8:jewelry-watches:wedding
SAFE,cmtb62u7h002b94iyesizztm1,Texni Kosmima,Texni Kosmima Gift Card,jewelry-watches,valentines,92,,semantic-category-v8:jewelry-watches:valentines
SAFE,cmtb62u7h002b94iyesizztm1,Texni Kosmima,Texni Kosmima Gift Card,jewelry-watches,christmas,88,,semantic-category-v8:jewelry-watches:christmas
SAFE,cmtb62ujl002d94iyrdhk5afr,Thejerkins,Thejerkins Gift Card,fashion,birthday,92,,semantic-category-v8:fashion:birthday
SAFE,cmtb62ujl002d94iyrdhk5afr,Thejerkins,Thejerkins Gift Card,fashion,christmas,86,,semantic-category-v8:fashion:christmas
SAFE,cmtb62ujl002d94iyrdhk5afr,Thejerkins,Thejerkins Gift Card,fashion,just-because,78,,semantic-category-v8:fashion:just-because
SAFE,cmtb62uwc002f94iyphkg86az,Themeetmarket,Gift Cards,marketplaces,birthday,90,,semantic-category-v8:marketplaces:birthday
SAFE,cmtb62uwc002f94iyphkg86az,Themeetmarket,Gift Cards,marketplaces,christmas,90,,semantic-category-v8:marketplaces:christmas
SAFE,cmtb62uwc002f94iyphkg86az,Themeetmarket,Gift Cards,marketplaces,just-because,82,,semantic-category-v8:marketplaces:just-because
SAFE,cmtb62v9t002h94iy007xdnrw,Thermaesylla,Gift Voucher,spa-wellness,birthday,92,,semantic-category-v8:spa-wellness:birthday
SAFE,cmtb62v9t002h94iy007xdnrw,Thermaesylla,Gift Voucher,spa-wellness,anniversary,90,,semantic-category-v8:spa-wellness:anniversary
SAFE,cmtb62v9t002h94iy007xdnrw,Thermaesylla,Gift Voucher,spa-wellness,valentines,88,,semantic-category-v8:spa-wellness:valentines
SAFE,cmtb62v9t002h94iy007xdnrw,Thermaesylla,Gift Voucher,spa-wellness,mothers-day,86,,semantic-category-v8:spa-wellness:mothers-day
SAFE,cmtb62v9t002h94iy007xdnrw,Thermaesylla,Gift Voucher,spa-wellness,fathers-day,82,,semantic-category-v8:spa-wellness:fathers-day
SAFE,cmtb62vm6002j94iyoo274siw,Tmsjewel,Δωροεπιταγές,jewelry-watches,birthday,94,,semantic-category-v8:jewelry-watches:birthday
SAFE,cmtb62vm6002j94iyoo274siw,Tmsjewel,Δωροεπιταγές,jewelry-watches,anniversary,94,,semantic-category-v8:jewelry-watches:anniversary
SAFE,cmtb62vm6002j94iyoo274siw,Tmsjewel,Δωροεπιταγές,jewelry-watches,wedding,88,,semantic-category-v8:jewelry-watches:wedding
SAFE,cmtb62vm6002j94iyoo274siw,Tmsjewel,Δωροεπιταγές,jewelry-watches,valentines,92,,semantic-category-v8:jewelry-watches:valentines
SAFE,cmtb62vm6002j94iyoo274siw,Tmsjewel,Δωροεπιταγές,jewelry-watches,christmas,88,,semantic-category-v8:jewelry-watches:christmas
SAFE,cmtb62vyy002l94iyjyij5od6,Trekking,Trekking Gift Card,experiences,birthday,94,,semantic-category-v8:experiences:birthday
SAFE,cmtb62vyy002l94iyjyij5od6,Trekking,Trekking Gift Card,experiences,anniversary,90,,semantic-category-v8:experiences:anniversary
SAFE,cmtb62vyy002l94iyjyij5od6,Trekking,Trekking Gift Card,experiences,valentines,88,,semantic-category-v8:experiences:valentines
SAFE,cmtb62vyy002l94iyjyij5od6,Trekking,Trekking Gift Card,experiences,christmas,84,,semantic-category-v8:experiences:christmas
SAFE,cmtb62wck002n94iyxu7127ef,Tudorhall,Δωροεπιταγές,restaurants,birthday,92,,semantic-category-v8:restaurants:birthday
SAFE,cmtb62wck002n94iyxu7127ef,Tudorhall,Δωροεπιταγές,restaurants,anniversary,94,,semantic-category-v8:restaurants:anniversary
SAFE,cmtb62wck002n94iyxu7127ef,Tudorhall,Δωροεπιταγές,restaurants,valentines,92,,semantic-category-v8:restaurants:valentines
SAFE,cmtb62wck002n94iyxu7127ef,Tudorhall,Δωροεπιταγές,restaurants,thank-you,84,,semantic-category-v8:restaurants:thank-you
SAFE,cmtb62wck002n94iyxu7127ef,Tudorhall,Δωροεπιταγές,restaurants,just-because,84,,semantic-category-v8:restaurants:just-because
SAFE,cmtb62wp2002p94iye0pg873t,Villailias,Gift Voucher,hotels,birthday,84,,semantic-category-v8:hotels:birthday
SAFE,cmtb62wp2002p94iye0pg873t,Villailias,Gift Voucher,hotels,anniversary,96,,semantic-category-v8:hotels:anniversary
SAFE,cmtb62wp2002p94iye0pg873t,Villailias,Gift Voucher,hotels,wedding,90,,semantic-category-v8:hotels:wedding
SAFE,cmtb62wp2002p94iye0pg873t,Villailias,Gift Voucher,hotels,valentines,92,,semantic-category-v8:hotels:valentines
SAFE,cmtb62x1u002r94iy0d2ufvi9,Zuraris,Δωροκάρτα,fashion,birthday,92,,semantic-category-v8:fashion:birthday
SAFE,cmtb62x1u002r94iy0d2ufvi9,Zuraris,Δωροκάρτα,fashion,christmas,86,,semantic-category-v8:fashion:christmas
SAFE,cmtb62x1u002r94iy0d2ufvi9,Zuraris,Δωροκάρτα,fashion,just-because,78,,semantic-category-v8:fashion:just-because
SAFE,cmtb6e0aj0001i4iyas7ed2u8,EA Bags,EA Bags Gift Card,fashion,birthday,92,,semantic-category-v8:fashion:birthday
SAFE,cmtb6e0aj0001i4iyas7ed2u8,EA Bags,EA Bags Gift Card,fashion,christmas,86,,semantic-category-v8:fashion:christmas
SAFE,cmtb6e0aj0001i4iyas7ed2u8,EA Bags,EA Bags Gift Card,fashion,just-because,78,,semantic-category-v8:fashion:just-because
SAFE,cmtb6e0nb0003i4iyoxrlm6gj,Koumoulia,Koumoulia Gift Card,arts-crafts,birthday,90,,semantic-category-v8:arts-crafts:birthday
SAFE,cmtb6e0nb0003i4iyoxrlm6gj,Koumoulia,Koumoulia Gift Card,arts-crafts,christmas,86,,semantic-category-v8:arts-crafts:christmas
SAFE,cmtb6e0nb0003i4iyoxrlm6gj,Koumoulia,Koumoulia Gift Card,arts-crafts,just-because,78,,semantic-category-v8:arts-crafts:just-because
SAFE,cmtb6e0zq0005i4iy5urp2n1t,Proteas Blu Resort,Proteas Blu Resort Gift Card,hotels,birthday,84,,semantic-category-v8:hotels:birthday
SAFE,cmtb6e0zq0005i4iy5urp2n1t,Proteas Blu Resort,Proteas Blu Resort Gift Card,hotels,anniversary,96,,semantic-category-v8:hotels:anniversary
SAFE,cmtb6e0zq0005i4iy5urp2n1t,Proteas Blu Resort,Proteas Blu Resort Gift Card,hotels,wedding,90,,semantic-category-v8:hotels:wedding
SAFE,cmtb6e0zq0005i4iy5urp2n1t,Proteas Blu Resort,Proteas Blu Resort Gift Card,hotels,valentines,92,,semantic-category-v8:hotels:valentines
SAFE,cmtb6ue1m00013giy0vcuqr01,5star Travel,Gift Voucher,travel,birthday,88,,semantic-category-v8:travel:birthday
SAFE,cmtb6ue1m00013giy0vcuqr01,5star Travel,Gift Voucher,travel,anniversary,92,,semantic-category-v8:travel:anniversary
SAFE,cmtb6ue1m00013giy0vcuqr01,5star Travel,Gift Voucher,travel,wedding,88,,semantic-category-v8:travel:wedding
SAFE,cmtb6ue1m00013giy0vcuqr01,5star Travel,Gift Voucher,travel,christmas,82,,semantic-category-v8:travel:christmas
SAFE,cmtb6ueft00033giysa45o8eu,Abajourmonamour,Gift cards,home,wedding,88,,semantic-category-v8:home:wedding
SAFE,cmtb6ueft00033giysa45o8eu,Abajourmonamour,Gift cards,home,christmas,84,,semantic-category-v8:home:christmas
SAFE,cmtb6ueft00033giysa45o8eu,Abajourmonamour,Gift cards,home,just-because,76,,semantic-category-v8:home:just-because
SAFE,cmtb6uetn00053giyiewpxirq,Adventure Junkies,Adventure Junkies Gift Card,experiences,birthday,94,,semantic-category-v8:experiences:birthday
SAFE,cmtb6uetn00053giyiewpxirq,Adventure Junkies,Adventure Junkies Gift Card,experiences,anniversary,90,,semantic-category-v8:experiences:anniversary
SAFE,cmtb6uetn00053giyiewpxirq,Adventure Junkies,Adventure Junkies Gift Card,experiences,valentines,88,,semantic-category-v8:experiences:valentines
SAFE,cmtb6uetn00053giyiewpxirq,Adventure Junkies,Adventure Junkies Gift Card,experiences,christmas,84,,semantic-category-v8:experiences:christmas
SAFE,cmtb6uf7q00073giyshj993ld,Ale Boutique,Ale Boutique Gift Card,fashion,birthday,92,,semantic-category-v8:fashion:birthday
SAFE,cmtb6uf7q00073giyshj993ld,Ale Boutique,Ale Boutique Gift Card,fashion,christmas,86,,semantic-category-v8:fashion:christmas
SAFE,cmtb6uf7q00073giyshj993ld,Ale Boutique,Ale Boutique Gift Card,fashion,just-because,78,,semantic-category-v8:fashion:just-because
SAFE,cmtb6ufkl00093giymppi9r6l,Alhimistis Bags,Δωροεπιταγή Alhimistis Bags,fashion,birthday,92,,semantic-category-v8:fashion:birthday
SAFE,cmtb6ufkl00093giymppi9r6l,Alhimistis Bags,Δωροεπιταγή Alhimistis Bags,fashion,christmas,86,,semantic-category-v8:fashion:christmas
SAFE,cmtb6ufkl00093giymppi9r6l,Alhimistis Bags,Δωροεπιταγή Alhimistis Bags,fashion,just-because,78,,semantic-category-v8:fashion:just-because
SAFE,cmtb6ufxo000b3giyektyl1hg,Angelopoulos Hair,Angelopoulos Hair Gift Card,beauty,birthday,92,,semantic-category-v8:beauty:birthday
SAFE,cmtb6ufxo000b3giyektyl1hg,Angelopoulos Hair,Angelopoulos Hair Gift Card,beauty,christmas,86,,semantic-category-v8:beauty:christmas
SAFE,cmtb6ufxo000b3giyektyl1hg,Angelopoulos Hair,Angelopoulos Hair Gift Card,beauty,mothers-day,82,,semantic-category-v8:beauty:mothers-day
SAFE,cmtb6ufxo000b3giyektyl1hg,Angelopoulos Hair,Angelopoulos Hair Gift Card,beauty,just-because,78,,semantic-category-v8:beauty:just-because
SAFE,cmtb6ugaj000d3giycxlifea1,Angelsflowers,Δωροκάρτα,home,wedding,88,,semantic-category-v8:home:wedding
SAFE,cmtb6ugaj000d3giycxlifea1,Angelsflowers,Δωροκάρτα,home,christmas,84,,semantic-category-v8:home:christmas
SAFE,cmtb6ugaj000d3giycxlifea1,Angelsflowers,Δωροκάρτα,home,just-because,76,,semantic-category-v8:home:just-because
SAFE,cmtb6ugoe000f3giyxjtw5z05,Art Center,Δωροεπιταγές,arts-crafts,birthday,90,,semantic-category-v8:arts-crafts:birthday
SAFE,cmtb6ugoe000f3giyxjtw5z05,Art Center,Δωροεπιταγές,arts-crafts,christmas,86,,semantic-category-v8:arts-crafts:christmas
SAFE,cmtb6ugoe000f3giyxjtw5z05,Art Center,Δωροεπιταγές,arts-crafts,just-because,78,,semantic-category-v8:arts-crafts:just-because
SAFE,cmtb6uh27000h3giy1gjnuq15,Asian For All 50ε,Δωροκάρτα Asian For All 50ε,food-delivery,birthday,84,,semantic-category-v8:food-delivery:birthday
SAFE,cmtb6uh27000h3giy1gjnuq15,Asian For All 50ε,Δωροκάρτα Asian For All 50ε,food-delivery,thank-you,84,,semantic-category-v8:food-delivery:thank-you
SAFE,cmtb6uh27000h3giy1gjnuq15,Asian For All 50ε,Δωροκάρτα Asian For All 50ε,food-delivery,just-because,82,,semantic-category-v8:food-delivery:just-because
SAFE,cmtb6uhff000j3giyc1dy35p6,Beauty Queens,Δωροκάρτα - Beauty Queens,beauty,birthday,92,,semantic-category-v8:beauty:birthday
SAFE,cmtb6uhff000j3giyc1dy35p6,Beauty Queens,Δωροκάρτα - Beauty Queens,beauty,christmas,86,,semantic-category-v8:beauty:christmas
SAFE,cmtb6uhff000j3giyc1dy35p6,Beauty Queens,Δωροκάρτα - Beauty Queens,beauty,mothers-day,82,,semantic-category-v8:beauty:mothers-day
SAFE,cmtb6uhff000j3giyc1dy35p6,Beauty Queens,Δωροκάρτα - Beauty Queens,beauty,just-because,78,,semantic-category-v8:beauty:just-because
SAFE,cmtb6uhsq000l3giy81e5v942,Best Western,Best Western Gift Card,hotels,birthday,84,,semantic-category-v8:hotels:birthday
SAFE,cmtb6uhsq000l3giy81e5v942,Best Western,Best Western Gift Card,hotels,anniversary,96,,semantic-category-v8:hotels:anniversary
SAFE,cmtb6uhsq000l3giy81e5v942,Best Western,Best Western Gift Card,hotels,wedding,90,,semantic-category-v8:hotels:wedding
SAFE,cmtb6uhsq000l3giy81e5v942,Best Western,Best Western Gift Card,hotels,valentines,92,,semantic-category-v8:hotels:valentines
SAFE,cmtb6ui6j000n3giy2kh8ox6c,Black Lotus Massage,Black Lotus Massage Δωροκάρτα,spa-wellness,birthday,92,,semantic-category-v8:spa-wellness:birthday
SAFE,cmtb6ui6j000n3giy2kh8ox6c,Black Lotus Massage,Black Lotus Massage Δωροκάρτα,spa-wellness,anniversary,90,,semantic-category-v8:spa-wellness:anniversary
SAFE,cmtb6ui6j000n3giy2kh8ox6c,Black Lotus Massage,Black Lotus Massage Δωροκάρτα,spa-wellness,valentines,88,,semantic-category-v8:spa-wellness:valentines
SAFE,cmtb6ui6j000n3giy2kh8ox6c,Black Lotus Massage,Black Lotus Massage Δωροκάρτα,spa-wellness,mothers-day,86,,semantic-category-v8:spa-wellness:mothers-day
SAFE,cmtb6ui6j000n3giy2kh8ox6c,Black Lotus Massage,Black Lotus Massage Δωροκάρτα,spa-wellness,fathers-day,82,,semantic-category-v8:spa-wellness:fathers-day
SAFE,cmtb6uiwb000r3giyfnoob57v,Bodywise Studio,Bodywise Studio Gift Card,sports,birthday,92,,semantic-category-v8:sports:birthday
SAFE,cmtb6uiwb000r3giyfnoob57v,Bodywise Studio,Bodywise Studio Gift Card,sports,christmas,86,,semantic-category-v8:sports:christmas
SAFE,cmtb6uiwb000r3giyfnoob57v,Bodywise Studio,Bodywise Studio Gift Card,sports,just-because,76,,semantic-category-v8:sports:just-because
SAFE,cmtb6uja2000t3giyytc1fg40,Borsanuova,Δωροκάρτες,fashion,birthday,92,,semantic-category-v8:fashion:birthday
SAFE,cmtb6uja2000t3giyytc1fg40,Borsanuova,Δωροκάρτες,fashion,christmas,86,,semantic-category-v8:fashion:christmas
SAFE,cmtb6uja2000t3giyytc1fg40,Borsanuova,Δωροκάρτες,fashion,just-because,78,,semantic-category-v8:fashion:just-because
SAFE,cmtb6ujnj000v3giyddwi3q5a,Cafe Manteio - Ψυχικοί Σύμβουλοι,Δωροκάρτα - Cafe Manteio - Ψυχικοί Σύμβουλοι,experiences,birthday,94,,semantic-category-v8:experiences:birthday
SAFE,cmtb6ujnj000v3giyddwi3q5a,Cafe Manteio - Ψυχικοί Σύμβουλοι,Δωροκάρτα - Cafe Manteio - Ψυχικοί Σύμβουλοι,experiences,anniversary,90,,semantic-category-v8:experiences:anniversary
SAFE,cmtb6ujnj000v3giyddwi3q5a,Cafe Manteio - Ψυχικοί Σύμβουλοι,Δωροκάρτα - Cafe Manteio - Ψυχικοί Σύμβουλοι,experiences,valentines,88,,semantic-category-v8:experiences:valentines
SAFE,cmtb6ujnj000v3giyddwi3q5a,Cafe Manteio - Ψυχικοί Σύμβουλοι,Δωροκάρτα - Cafe Manteio - Ψυχικοί Σύμβουλοι,experiences,christmas,84,,semantic-category-v8:experiences:christmas
SAFE,cmtb6uk1i000x3giyckrsgvzu,Calza,Δωροκάρτα - Calza,fashion,birthday,92,,semantic-category-v8:fashion:birthday
SAFE,cmtb6uk1i000x3giyckrsgvzu,Calza,Δωροκάρτα - Calza,fashion,christmas,86,,semantic-category-v8:fashion:christmas
SAFE,cmtb6uk1i000x3giyckrsgvzu,Calza,Δωροκάρτα - Calza,fashion,just-because,78,,semantic-category-v8:fashion:just-because
SAFE,cmtb6uke8000z3giy1zoyix8p,Cestino,Cestino Gift Card,department-stores,birthday,92,,semantic-category-v8:department-stores:birthday
SAFE,cmtb6uke8000z3giy1zoyix8p,Cestino,Cestino Gift Card,department-stores,christmas,92,,semantic-category-v8:department-stores:christmas
SAFE,cmtb6uke8000z3giy1zoyix8p,Cestino,Cestino Gift Card,department-stores,wedding,82,,semantic-category-v8:department-stores:wedding
SAFE,cmtb6uke8000z3giy1zoyix8p,Cestino,Cestino Gift Card,department-stores,just-because,82,,semantic-category-v8:department-stores:just-because
SAFE,cmtb6ukrk00113giy3b51tyv1,Coffee Lovers,Coffee Lovers Gift Card,food-delivery,birthday,84,,semantic-category-v8:food-delivery:birthday
SAFE,cmtb6ukrk00113giy3b51tyv1,Coffee Lovers,Coffee Lovers Gift Card,food-delivery,thank-you,84,,semantic-category-v8:food-delivery:thank-you
SAFE,cmtb6ukrk00113giy3b51tyv1,Coffee Lovers,Coffee Lovers Gift Card,food-delivery,just-because,82,,semantic-category-v8:food-delivery:just-because
SAFE,cmtb6ul4v00133giyhgnnpf1j,ColorDrop,ColorDrop Gift Card,gifts-concept-stores,birthday,92,,semantic-category-v8:gifts-concept-stores:birthday
SAFE,cmtb6ul4v00133giyhgnnpf1j,ColorDrop,ColorDrop Gift Card,gifts-concept-stores,christmas,92,,semantic-category-v8:gifts-concept-stores:christmas
SAFE,cmtb6ul4v00133giyhgnnpf1j,ColorDrop,ColorDrop Gift Card,gifts-concept-stores,thank-you,86,,semantic-category-v8:gifts-concept-stores:thank-you
SAFE,cmtb6ul4v00133giyhgnnpf1j,ColorDrop,ColorDrop Gift Card,gifts-concept-stores,just-because,88,,semantic-category-v8:gifts-concept-stores:just-because
SAFE,cmtb6uli700153giy75i0msk9,Confetti Gifts,Confetti Gifts Gift Card,gifts-concept-stores,birthday,92,,semantic-category-v8:gifts-concept-stores:birthday
SAFE,cmtb6uli700153giy75i0msk9,Confetti Gifts,Confetti Gifts Gift Card,gifts-concept-stores,christmas,92,,semantic-category-v8:gifts-concept-stores:christmas
SAFE,cmtb6uli700153giy75i0msk9,Confetti Gifts,Confetti Gifts Gift Card,gifts-concept-stores,thank-you,86,,semantic-category-v8:gifts-concept-stores:thank-you
SAFE,cmtb6uli700153giy75i0msk9,Confetti Gifts,Confetti Gifts Gift Card,gifts-concept-stores,just-because,88,,semantic-category-v8:gifts-concept-stores:just-because
SAFE,cmtb6ulve00173giyp4cuj8gc,Decomagia,Δωροεπιταγή,home,wedding,88,,semantic-category-v8:home:wedding
SAFE,cmtb6ulve00173giyp4cuj8gc,Decomagia,Δωροεπιταγή,home,christmas,84,,semantic-category-v8:home:christmas
SAFE,cmtb6ulve00173giyp4cuj8gc,Decomagia,Δωροεπιταγή,home,just-because,76,,semantic-category-v8:home:just-because
SAFE,cmtb6um9000193giyhxszewcb,District 75,District 75 Gift Card,sports,birthday,92,,semantic-category-v8:sports:birthday
SAFE,cmtb6um9000193giyhxszewcb,District 75,District 75 Gift Card,sports,christmas,86,,semantic-category-v8:sports:christmas
SAFE,cmtb6um9000193giyhxszewcb,District 75,District 75 Gift Card,sports,just-because,76,,semantic-category-v8:sports:just-because
SAFE,cmtb6umlr001b3giycaopqllh,DMK Tools,DMK Tools Gift Card,automotive,birthday,86,,semantic-category-v8:automotive:birthday
SAFE,cmtb6umlr001b3giycaopqllh,DMK Tools,DMK Tools Gift Card,automotive,christmas,82,,semantic-category-v8:automotive:christmas
SAFE,cmtb6umlr001b3giycaopqllh,DMK Tools,DMK Tools Gift Card,automotive,just-because,76,,semantic-category-v8:automotive:just-because
SAFE,cmtb6umzi001d3giysa8ho0au,eboxing,Δωροκάρτα eboxing,sports,birthday,92,,semantic-category-v8:sports:birthday
SAFE,cmtb6umzi001d3giysa8ho0au,eboxing,Δωροκάρτα eboxing,sports,christmas,86,,semantic-category-v8:sports:christmas
SAFE,cmtb6umzi001d3giysa8ho0au,eboxing,Δωροκάρτα eboxing,sports,just-because,76,,semantic-category-v8:sports:just-because
SAFE,cmtb6unda001f3giyh9ahgeme,EspressoShop,EspressoShop Gift Card,home,wedding,88,,semantic-category-v8:home:wedding
SAFE,cmtb6unda001f3giyh9ahgeme,EspressoShop,EspressoShop Gift Card,home,christmas,84,,semantic-category-v8:home:christmas
SAFE,cmtb6unda001f3giyh9ahgeme,EspressoShop,EspressoShop Gift Card,home,just-because,76,,semantic-category-v8:home:just-because
SAFE,cmtb6uogu001k3giyevih3jt5,F.O.R.T.Y. Boutique,F.O.R.T.Y. Boutique Gift Card,fashion,birthday,92,,semantic-category-v8:fashion:birthday
SAFE,cmtb6uogu001k3giyevih3jt5,F.O.R.T.Y. Boutique,F.O.R.T.Y. Boutique Gift Card,fashion,christmas,86,,semantic-category-v8:fashion:christmas
SAFE,cmtb6uogu001k3giyevih3jt5,F.O.R.T.Y. Boutique,F.O.R.T.Y. Boutique Gift Card,fashion,just-because,78,,semantic-category-v8:fashion:just-because
SAFE,cmtb6uox1001m3giybq8qyts9,Francesca,Francesca Gift Card,jewelry-watches,birthday,94,,semantic-category-v8:jewelry-watches:birthday
SAFE,cmtb6uox1001m3giybq8qyts9,Francesca,Francesca Gift Card,jewelry-watches,anniversary,94,,semantic-category-v8:jewelry-watches:anniversary
SAFE,cmtb6uox1001m3giybq8qyts9,Francesca,Francesca Gift Card,jewelry-watches,wedding,88,,semantic-category-v8:jewelry-watches:wedding
SAFE,cmtb6uox1001m3giybq8qyts9,Francesca,Francesca Gift Card,jewelry-watches,valentines,92,,semantic-category-v8:jewelry-watches:valentines
SAFE,cmtb6uox1001m3giybq8qyts9,Francesca,Francesca Gift Card,jewelry-watches,christmas,88,,semantic-category-v8:jewelry-watches:christmas
SAFE,cmtb6upa5001o3giy345eyvsz,Galanthus Cosmetics,Δωροκάρτα,beauty,birthday,92,,semantic-category-v8:beauty:birthday
SAFE,cmtb6upa5001o3giy345eyvsz,Galanthus Cosmetics,Δωροκάρτα,beauty,christmas,86,,semantic-category-v8:beauty:christmas
SAFE,cmtb6upa5001o3giy345eyvsz,Galanthus Cosmetics,Δωροκάρτα,beauty,mothers-day,82,,semantic-category-v8:beauty:mothers-day
SAFE,cmtb6upa5001o3giy345eyvsz,Galanthus Cosmetics,Δωροκάρτα,beauty,just-because,78,,semantic-category-v8:beauty:just-because
SAFE,cmtb6upo2001q3giyji48e7pn,Gelia Jewelry & Creations,Δωροκάρτα - Gelia Jewelry & Creations,jewelry-watches,birthday,94,,semantic-category-v8:jewelry-watches:birthday
SAFE,cmtb6upo2001q3giyji48e7pn,Gelia Jewelry & Creations,Δωροκάρτα - Gelia Jewelry & Creations,jewelry-watches,anniversary,94,,semantic-category-v8:jewelry-watches:anniversary
SAFE,cmtb6upo2001q3giyji48e7pn,Gelia Jewelry & Creations,Δωροκάρτα - Gelia Jewelry & Creations,jewelry-watches,wedding,88,,semantic-category-v8:jewelry-watches:wedding
SAFE,cmtb6upo2001q3giyji48e7pn,Gelia Jewelry & Creations,Δωροκάρτα - Gelia Jewelry & Creations,jewelry-watches,valentines,92,,semantic-category-v8:jewelry-watches:valentines
SAFE,cmtb6upo2001q3giyji48e7pn,Gelia Jewelry & Creations,Δωροκάρτα - Gelia Jewelry & Creations,jewelry-watches,christmas,88,,semantic-category-v8:jewelry-watches:christmas
SAFE,cmtb6uq1p001s3giyrbtdkh3t,Gifts 4 All,Gifts 4 All Gift Card,marketplaces,birthday,90,,semantic-category-v8:marketplaces:birthday
SAFE,cmtb6uq1p001s3giyrbtdkh3t,Gifts 4 All,Gifts 4 All Gift Card,marketplaces,christmas,90,,semantic-category-v8:marketplaces:christmas
SAFE,cmtb6uq1p001s3giyrbtdkh3t,Gifts 4 All,Gifts 4 All Gift Card,marketplaces,just-because,82,,semantic-category-v8:marketplaces:just-because
SAFE,cmtb6uqep001u3giya6xdb0l8,Globi,Globi Gift Card,technology,birthday,92,,semantic-category-v8:technology:birthday
SAFE,cmtb6uqep001u3giya6xdb0l8,Globi,Globi Gift Card,technology,christmas,90,,semantic-category-v8:technology:christmas
SAFE,cmtb6uqep001u3giya6xdb0l8,Globi,Globi Gift Card,technology,just-because,76,,semantic-category-v8:technology:just-because
SAFE,cmtb6uqs6001w3giyxb5aq7nl,Groombox,Δωροκάρτα - Groombox,pets,just-because,82,,semantic-category-v8:pets:just-because
SAFE,cmtb6ur4z001y3giyzx2tgh2i,Happydonkey,Δωροκάρτα,gifts-concept-stores,birthday,92,,semantic-category-v8:gifts-concept-stores:birthday
SAFE,cmtb6ur4z001y3giyzx2tgh2i,Happydonkey,Δωροκάρτα,gifts-concept-stores,christmas,92,,semantic-category-v8:gifts-concept-stores:christmas
SAFE,cmtb6ur4z001y3giyzx2tgh2i,Happydonkey,Δωροκάρτα,gifts-concept-stores,thank-you,86,,semantic-category-v8:gifts-concept-stores:thank-you
SAFE,cmtb6ur4z001y3giyzx2tgh2i,Happydonkey,Δωροκάρτα,gifts-concept-stores,just-because,88,,semantic-category-v8:gifts-concept-stores:just-because
SAFE,cmtb6urib00203giyzhdgmnv4,HelloKids,HelloKids Gift Card,kids-baby,birthday,94,,semantic-category-v8:kids-baby:birthday
SAFE,cmtb6urib00203giyzhdgmnv4,HelloKids,HelloKids Gift Card,kids-baby,for-kids,96,,semantic-category-v8:kids-baby:for-kids
SAFE,cmtb6urib00203giyzhdgmnv4,HelloKids,HelloKids Gift Card,kids-baby,christmas,90,,semantic-category-v8:kids-baby:christmas
SAFE,cmtb6urwa00223giyk2encfwh,Heraklion Improv Theater,Δωροκάρτα Heraklion Improv Theater,experiences,birthday,94,,semantic-category-v8:experiences:birthday
SAFE,cmtb6urwa00223giyk2encfwh,Heraklion Improv Theater,Δωροκάρτα Heraklion Improv Theater,experiences,anniversary,90,,semantic-category-v8:experiences:anniversary
SAFE,cmtb6urwa00223giyk2encfwh,Heraklion Improv Theater,Δωροκάρτα Heraklion Improv Theater,experiences,valentines,88,,semantic-category-v8:experiences:valentines
SAFE,cmtb6urwa00223giyk2encfwh,Heraklion Improv Theater,Δωροκάρτα Heraklion Improv Theater,experiences,christmas,84,,semantic-category-v8:experiences:christmas
SAFE,cmtb6usai00243giyo2w93f0v,Hypnote Jewelry,"Δωροκάρτα - Hypnote Jewelry | Woman, Man Accessories ...",jewelry-watches,birthday,94,,semantic-category-v8:jewelry-watches:birthday
SAFE,cmtb6usai00243giyo2w93f0v,Hypnote Jewelry,"Δωροκάρτα - Hypnote Jewelry | Woman, Man Accessories ...",jewelry-watches,anniversary,94,,semantic-category-v8:jewelry-watches:anniversary
SAFE,cmtb6usai00243giyo2w93f0v,Hypnote Jewelry,"Δωροκάρτα - Hypnote Jewelry | Woman, Man Accessories ...",jewelry-watches,wedding,88,,semantic-category-v8:jewelry-watches:wedding
SAFE,cmtb6usai00243giyo2w93f0v,Hypnote Jewelry,"Δωροκάρτα - Hypnote Jewelry | Woman, Man Accessories ...",jewelry-watches,valentines,92,,semantic-category-v8:jewelry-watches:valentines
SAFE,cmtb6usai00243giyo2w93f0v,Hypnote Jewelry,"Δωροκάρτα - Hypnote Jewelry | Woman, Man Accessories ...",jewelry-watches,christmas,88,,semantic-category-v8:jewelry-watches:christmas
SAFE,cmtb6uso100263giyirsjmlru,Joykidsboutique,Δωροκάρτα,kids-baby,birthday,94,,semantic-category-v8:kids-baby:birthday
SAFE,cmtb6uso100263giyirsjmlru,Joykidsboutique,Δωροκάρτα,kids-baby,for-kids,96,,semantic-category-v8:kids-baby:for-kids
SAFE,cmtb6uso100263giyirsjmlru,Joykidsboutique,Δωροκάρτα,kids-baby,christmas,90,,semantic-category-v8:kids-baby:christmas
SAFE,cmtb6ut1z00283giy0v2x8vsg,Karam Spa - Karam - Προϊόντα ευεξίας & ομορφιάς,Δωροκάρτα Karam Spa - Karam - Προϊόντα ευεξίας & ομορφιάς,spa-wellness,birthday,92,,semantic-category-v8:spa-wellness:birthday
SAFE,cmtb6ut1z00283giy0v2x8vsg,Karam Spa - Karam - Προϊόντα ευεξίας & ομορφιάς,Δωροκάρτα Karam Spa - Karam - Προϊόντα ευεξίας & ομορφιάς,spa-wellness,anniversary,90,,semantic-category-v8:spa-wellness:anniversary
SAFE,cmtb6ut1z00283giy0v2x8vsg,Karam Spa - Karam - Προϊόντα ευεξίας & ομορφιάς,Δωροκάρτα Karam Spa - Karam - Προϊόντα ευεξίας & ομορφιάς,spa-wellness,valentines,88,,semantic-category-v8:spa-wellness:valentines
SAFE,cmtb6ut1z00283giy0v2x8vsg,Karam Spa - Karam - Προϊόντα ευεξίας & ομορφιάς,Δωροκάρτα Karam Spa - Karam - Προϊόντα ευεξίας & ομορφιάς,spa-wellness,mothers-day,86,,semantic-category-v8:spa-wellness:mothers-day
SAFE,cmtb6ut1z00283giy0v2x8vsg,Karam Spa - Karam - Προϊόντα ευεξίας & ομορφιάς,Δωροκάρτα Karam Spa - Karam - Προϊόντα ευεξίας & ομορφιάς,spa-wellness,fathers-day,82,,semantic-category-v8:spa-wellness:fathers-day
SAFE,cmtb6utf2002a3giysyv46e18,Katofli Tavern,Katofli Tavern Gift Card,restaurants,birthday,92,,semantic-category-v8:restaurants:birthday
SAFE,cmtb6utf2002a3giysyv46e18,Katofli Tavern,Katofli Tavern Gift Card,restaurants,anniversary,94,,semantic-category-v8:restaurants:anniversary
SAFE,cmtb6utf2002a3giysyv46e18,Katofli Tavern,Katofli Tavern Gift Card,restaurants,valentines,92,,semantic-category-v8:restaurants:valentines
SAFE,cmtb6utf2002a3giysyv46e18,Katofli Tavern,Katofli Tavern Gift Card,restaurants,thank-you,84,,semantic-category-v8:restaurants:thank-you
SAFE,cmtb6utf2002a3giysyv46e18,Katofli Tavern,Katofli Tavern Gift Card,restaurants,just-because,84,,semantic-category-v8:restaurants:just-because
SAFE,cmtb6uu6y002e3giy7odfkv74,Kouskoufashionproject,Δωροκάρτα,fashion,birthday,92,,semantic-category-v8:fashion:birthday
SAFE,cmtb6uu6y002e3giy7odfkv74,Kouskoufashionproject,Δωροκάρτα,fashion,christmas,86,,semantic-category-v8:fashion:christmas
SAFE,cmtb6uu6y002e3giy7odfkv74,Kouskoufashionproject,Δωροκάρτα,fashion,just-because,78,,semantic-category-v8:fashion:just-because
SAFE,cmtb6uvau002k3giy11mv75rc,Laviejewelry,Δωροκάρτα,jewelry-watches,birthday,94,,semantic-category-v8:jewelry-watches:birthday
SAFE,cmtb6uvau002k3giy11mv75rc,Laviejewelry,Δωροκάρτα,jewelry-watches,anniversary,94,,semantic-category-v8:jewelry-watches:anniversary
SAFE,cmtb6uvau002k3giy11mv75rc,Laviejewelry,Δωροκάρτα,jewelry-watches,wedding,88,,semantic-category-v8:jewelry-watches:wedding
SAFE,cmtb6uvau002k3giy11mv75rc,Laviejewelry,Δωροκάρτα,jewelry-watches,valentines,92,,semantic-category-v8:jewelry-watches:valentines
SAFE,cmtb6uvau002k3giy11mv75rc,Laviejewelry,Δωροκάρτα,jewelry-watches,christmas,88,,semantic-category-v8:jewelry-watches:christmas
SAFE,cmtb6uvon002m3giyk0eazqf5,LemonTreeKids - Χάρισε Αγάπη!,Δωροκάρτα LemonTreeKids - Χάρισε Αγάπη!,kids-baby,birthday,94,,semantic-category-v8:kids-baby:birthday
SAFE,cmtb6uvon002m3giyk0eazqf5,LemonTreeKids - Χάρισε Αγάπη!,Δωροκάρτα LemonTreeKids - Χάρισε Αγάπη!,kids-baby,for-kids,96,,semantic-category-v8:kids-baby:for-kids
SAFE,cmtb6uvon002m3giyk0eazqf5,LemonTreeKids - Χάρισε Αγάπη!,Δωροκάρτα LemonTreeKids - Χάρισε Αγάπη!,kids-baby,christmas,90,,semantic-category-v8:kids-baby:christmas
SAFE,cmtb6uw0e002o3giyafr6pxqp,Linson Moto,Linson Moto Gift Card,automotive,birthday,86,,semantic-category-v8:automotive:birthday
SAFE,cmtb6uw0e002o3giyafr6pxqp,Linson Moto,Linson Moto Gift Card,automotive,christmas,82,,semantic-category-v8:automotive:christmas
SAFE,cmtb6uw0e002o3giyafr6pxqp,Linson Moto,Linson Moto Gift Card,automotive,just-because,76,,semantic-category-v8:automotive:just-because
SAFE,cmtb6uwdr002q3giyxpcgb4go,LUMINA - Κέντρο Αισθητικής - Ηράκλειο,Δωροκάρτα - LUMINA - Κέντρο Αισθητικής - Ηράκλειο,beauty,birthday,92,,semantic-category-v8:beauty:birthday
SAFE,cmtb6uwdr002q3giyxpcgb4go,LUMINA - Κέντρο Αισθητικής - Ηράκλειο,Δωροκάρτα - LUMINA - Κέντρο Αισθητικής - Ηράκλειο,beauty,christmas,86,,semantic-category-v8:beauty:christmas
SAFE,cmtb6uwdr002q3giyxpcgb4go,LUMINA - Κέντρο Αισθητικής - Ηράκλειο,Δωροκάρτα - LUMINA - Κέντρο Αισθητικής - Ηράκλειο,beauty,mothers-day,82,,semantic-category-v8:beauty:mothers-day
SAFE,cmtb6uwdr002q3giyxpcgb4go,LUMINA - Κέντρο Αισθητικής - Ηράκλειο,Δωροκάρτα - LUMINA - Κέντρο Αισθητικής - Ηράκλειο,beauty,just-because,78,,semantic-category-v8:beauty:just-because
SAFE,cmtb6uwqn002s3giyvacsoqo4,MELODY-SPA,GIFT VOUCHER - MELODY-SPA,spa-wellness,birthday,92,,semantic-category-v8:spa-wellness:birthday
SAFE,cmtb6uwqn002s3giyvacsoqo4,MELODY-SPA,GIFT VOUCHER - MELODY-SPA,spa-wellness,anniversary,90,,semantic-category-v8:spa-wellness:anniversary
SAFE,cmtb6uwqn002s3giyvacsoqo4,MELODY-SPA,GIFT VOUCHER - MELODY-SPA,spa-wellness,valentines,88,,semantic-category-v8:spa-wellness:valentines
SAFE,cmtb6uwqn002s3giyvacsoqo4,MELODY-SPA,GIFT VOUCHER - MELODY-SPA,spa-wellness,mothers-day,86,,semantic-category-v8:spa-wellness:mothers-day
SAFE,cmtb6uwqn002s3giyvacsoqo4,MELODY-SPA,GIFT VOUCHER - MELODY-SPA,spa-wellness,fathers-day,82,,semantic-category-v8:spa-wellness:fathers-day
SAFE,cmtb6ux4b002u3giygie1nujb,Miniature Shoes,Δωροκάρτα - Miniature Shoes,fashion,birthday,92,,semantic-category-v8:fashion:birthday
SAFE,cmtb6ux4b002u3giygie1nujb,Miniature Shoes,Δωροκάρτα - Miniature Shoes,fashion,christmas,86,,semantic-category-v8:fashion:christmas
SAFE,cmtb6ux4b002u3giygie1nujb,Miniature Shoes,Δωροκάρτα - Miniature Shoes,fashion,just-because,78,,semantic-category-v8:fashion:just-because
SAFE,cmtb6uxhg002w3giywpjav1ua,MissYandME,Δωροκάρτα MissYandME | Fashion gift card,fashion,birthday,92,,semantic-category-v8:fashion:birthday
SAFE,cmtb6uxhg002w3giywpjav1ua,MissYandME,Δωροκάρτα MissYandME | Fashion gift card,fashion,christmas,86,,semantic-category-v8:fashion:christmas
SAFE,cmtb6uxhg002w3giywpjav1ua,MissYandME,Δωροκάρτα MissYandME | Fashion gift card,fashion,just-because,78,,semantic-category-v8:fashion:just-because
SAFE,cmtb6uxv7002y3giyuk6pp01x,Nakasconcept,Δωροκάρτες,home,wedding,88,,semantic-category-v8:home:wedding
SAFE,cmtb6uxv7002y3giyuk6pp01x,Nakasconcept,Δωροκάρτες,home,christmas,84,,semantic-category-v8:home:christmas
SAFE,cmtb6uxv7002y3giyuk6pp01x,Nakasconcept,Δωροκάρτες,home,just-because,76,,semantic-category-v8:home:just-because
SAFE,cmtb6uy8d00303giy23wvv4xn,NaniNails.gr,NaniNails.gr Gift Card,beauty,birthday,92,,semantic-category-v8:beauty:birthday
SAFE,cmtb6uy8d00303giy23wvv4xn,NaniNails.gr,NaniNails.gr Gift Card,beauty,christmas,86,,semantic-category-v8:beauty:christmas
SAFE,cmtb6uy8d00303giy23wvv4xn,NaniNails.gr,NaniNails.gr Gift Card,beauty,mothers-day,82,,semantic-category-v8:beauty:mothers-day
SAFE,cmtb6uy8d00303giy23wvv4xn,NaniNails.gr,NaniNails.gr Gift Card,beauty,just-because,78,,semantic-category-v8:beauty:just-because
SAFE,cmtb6uyl600323giy0bapakhq,Nativis,Δωροκάρτα,beauty,birthday,92,,semantic-category-v8:beauty:birthday
SAFE,cmtb6uyl600323giy0bapakhq,Nativis,Δωροκάρτα,beauty,christmas,86,,semantic-category-v8:beauty:christmas
SAFE,cmtb6uyl600323giy0bapakhq,Nativis,Δωροκάρτα,beauty,mothers-day,82,,semantic-category-v8:beauty:mothers-day
SAFE,cmtb6uyl600323giy0bapakhq,Nativis,Δωροκάρτα,beauty,just-because,78,,semantic-category-v8:beauty:just-because
SAFE,cmtb6uzbu00363giyjxgyidjk,OMG,OMG Gift Card,fashion,birthday,92,,semantic-category-v8:fashion:birthday
SAFE,cmtb6uzbu00363giyjxgyidjk,OMG,OMG Gift Card,fashion,christmas,86,,semantic-category-v8:fashion:christmas
SAFE,cmtb6uzbu00363giyjxgyidjk,OMG,OMG Gift Card,fashion,just-because,78,,semantic-category-v8:fashion:just-because
SAFE,cmtb6uzqb00383giyfbh3f5i0,Optika Liolios,Optika Liolios Gift Card,fashion,birthday,92,,semantic-category-v8:fashion:birthday
SAFE,cmtb6uzqb00383giyfbh3f5i0,Optika Liolios,Optika Liolios Gift Card,fashion,christmas,86,,semantic-category-v8:fashion:christmas
SAFE,cmtb6uzqb00383giyfbh3f5i0,Optika Liolios,Optika Liolios Gift Card,fashion,just-because,78,,semantic-category-v8:fashion:just-because
SAFE,cmtb6v04k003a3giyiu8s30dd,Outdoorway,Outdoorway Δωροεπιταγή 10€,sports,birthday,92,,semantic-category-v8:sports:birthday
SAFE,cmtb6v04k003a3giyiu8s30dd,Outdoorway,Outdoorway Δωροεπιταγή 10€,sports,christmas,86,,semantic-category-v8:sports:christmas
SAFE,cmtb6v04k003a3giyiu8s30dd,Outdoorway,Outdoorway Δωροεπιταγή 10€,sports,just-because,76,,semantic-category-v8:sports:just-because
SAFE,cmtb6v0i7003c3giyqzykbead,Parenting Courses,Parenting Courses Gift Card,experiences,birthday,94,,semantic-category-v8:experiences:birthday
SAFE,cmtb6v0i7003c3giyqzykbead,Parenting Courses,Parenting Courses Gift Card,experiences,anniversary,90,,semantic-category-v8:experiences:anniversary
SAFE,cmtb6v0i7003c3giyqzykbead,Parenting Courses,Parenting Courses Gift Card,experiences,valentines,88,,semantic-category-v8:experiences:valentines
SAFE,cmtb6v0i7003c3giyqzykbead,Parenting Courses,Parenting Courses Gift Card,experiences,christmas,84,,semantic-category-v8:experiences:christmas
SAFE,cmtb6v0uz003e3giyj7if68dc,PlanToys Greece,PlanToys Greece Gift Card,kids-baby,birthday,94,,semantic-category-v8:kids-baby:birthday
SAFE,cmtb6v0uz003e3giyj7if68dc,PlanToys Greece,PlanToys Greece Gift Card,kids-baby,for-kids,96,,semantic-category-v8:kids-baby:for-kids
SAFE,cmtb6v0uz003e3giyj7if68dc,PlanToys Greece,PlanToys Greece Gift Card,kids-baby,christmas,90,,semantic-category-v8:kids-baby:christmas
SAFE,cmtb6v18b003g3giyvg8zhfi4,Power Energy,Power Energy Gift Card,technology,birthday,92,,semantic-category-v8:technology:birthday
SAFE,cmtb6v18b003g3giyvg8zhfi4,Power Energy,Power Energy Gift Card,technology,christmas,90,,semantic-category-v8:technology:christmas
SAFE,cmtb6v18b003g3giyvg8zhfi4,Power Energy,Power Energy Gift Card,technology,just-because,76,,semantic-category-v8:technology:just-because
SAFE,cmtb6v1m7003i3giyor8l91p3,Pregnancy Gifts,Pregnancy Gifts Gift Card,kids-baby,birthday,94,,semantic-category-v8:kids-baby:birthday
SAFE,cmtb6v1m7003i3giyor8l91p3,Pregnancy Gifts,Pregnancy Gifts Gift Card,kids-baby,for-kids,96,,semantic-category-v8:kids-baby:for-kids
SAFE,cmtb6v1m7003i3giyor8l91p3,Pregnancy Gifts,Pregnancy Gifts Gift Card,kids-baby,christmas,90,,semantic-category-v8:kids-baby:christmas
SAFE,cmtb6v1zk003k3giylp5bfu63,Princess,Δωροκάρτες - Princess,kids-baby,birthday,94,,semantic-category-v8:kids-baby:birthday
SAFE,cmtb6v1zk003k3giylp5bfu63,Princess,Δωροκάρτες - Princess,kids-baby,for-kids,96,,semantic-category-v8:kids-baby:for-kids
SAFE,cmtb6v1zk003k3giylp5bfu63,Princess,Δωροκάρτες - Princess,kids-baby,christmas,90,,semantic-category-v8:kids-baby:christmas
SAFE,cmtb6v2c1003m3giysn0i7ou6,Project Soma,Δωροκάρτα | Project Soma | projectsoma.gr,fashion,birthday,92,,semantic-category-v8:fashion:birthday
SAFE,cmtb6v2c1003m3giysn0i7ou6,Project Soma,Δωροκάρτα | Project Soma | projectsoma.gr,fashion,christmas,86,,semantic-category-v8:fashion:christmas
SAFE,cmtb6v2c1003m3giysn0i7ou6,Project Soma,Δωροκάρτα | Project Soma | projectsoma.gr,fashion,just-because,78,,semantic-category-v8:fashion:just-because
SAFE,cmtb6v2p6003o3giy2gadgy5g,Sandalista,Sandalista Gift Card,fashion,birthday,92,,semantic-category-v8:fashion:birthday
SAFE,cmtb6v2p6003o3giy2gadgy5g,Sandalista,Sandalista Gift Card,fashion,christmas,86,,semantic-category-v8:fashion:christmas
SAFE,cmtb6v2p6003o3giy2gadgy5g,Sandalista,Sandalista Gift Card,fashion,just-because,78,,semantic-category-v8:fashion:just-because
SAFE,cmtb6v3fr003s3giyb487xou6,Soandjos,Δωροκάρτα,home,wedding,88,,semantic-category-v8:home:wedding
SAFE,cmtb6v3fr003s3giyb487xou6,Soandjos,Δωροκάρτα,home,christmas,84,,semantic-category-v8:home:christmas
SAFE,cmtb6v3fr003s3giyb487xou6,Soandjos,Δωροκάρτα,home,just-because,76,,semantic-category-v8:home:just-because
SAFE,cmtb6v3t6003u3giyjb9259bl,Somatherapy,Δωροεπιταγές,spa-wellness,birthday,92,,semantic-category-v8:spa-wellness:birthday
SAFE,cmtb6v3t6003u3giyjb9259bl,Somatherapy,Δωροεπιταγές,spa-wellness,anniversary,90,,semantic-category-v8:spa-wellness:anniversary
SAFE,cmtb6v3t6003u3giyjb9259bl,Somatherapy,Δωροεπιταγές,spa-wellness,valentines,88,,semantic-category-v8:spa-wellness:valentines
SAFE,cmtb6v3t6003u3giyjb9259bl,Somatherapy,Δωροεπιταγές,spa-wellness,mothers-day,86,,semantic-category-v8:spa-wellness:mothers-day
SAFE,cmtb6v3t6003u3giyjb9259bl,Somatherapy,Δωροεπιταγές,spa-wellness,fathers-day,82,,semantic-category-v8:spa-wellness:fathers-day
SAFE,cmtb6v46e003w3giyyuh44hqy,SOUL bags Gentle · Calm · Conscious,Δωροκάρτα - SOUL bags Gentle · Calm · Conscious,fashion,birthday,92,,semantic-category-v8:fashion:birthday
SAFE,cmtb6v46e003w3giyyuh44hqy,SOUL bags Gentle · Calm · Conscious,Δωροκάρτα - SOUL bags Gentle · Calm · Conscious,fashion,christmas,86,,semantic-category-v8:fashion:christmas
SAFE,cmtb6v46e003w3giyyuh44hqy,SOUL bags Gentle · Calm · Conscious,Δωροκάρτα - SOUL bags Gentle · Calm · Conscious,fashion,just-because,78,,semantic-category-v8:fashion:just-because
SAFE,cmtb6v4wo00403giy1xrcqmye,Stem Toys,Stem Toys Gift Card,kids-baby,birthday,94,,semantic-category-v8:kids-baby:birthday
SAFE,cmtb6v4wo00403giy1xrcqmye,Stem Toys,Stem Toys Gift Card,kids-baby,for-kids,96,,semantic-category-v8:kids-baby:for-kids
SAFE,cmtb6v4wo00403giy1xrcqmye,Stem Toys,Stem Toys Gift Card,kids-baby,christmas,90,,semantic-category-v8:kids-baby:christmas
SAFE,cmtb6v5ah00423giyi23icb4a,Suenobags,Δωροκάρτα,fashion,birthday,92,,semantic-category-v8:fashion:birthday
SAFE,cmtb6v5ah00423giyi23icb4a,Suenobags,Δωροκάρτα,fashion,christmas,86,,semantic-category-v8:fashion:christmas
SAFE,cmtb6v5ah00423giyi23icb4a,Suenobags,Δωροκάρτα,fashion,just-because,78,,semantic-category-v8:fashion:just-because
SAFE,cmtb6v5n300443giyc38lkfcr,for Car Lovers - Swissvax,Gift Voucher - for Car Lovers - Swissvax,automotive,birthday,86,,semantic-category-v8:automotive:birthday
SAFE,cmtb6v5n300443giyc38lkfcr,for Car Lovers - Swissvax,Gift Voucher - for Car Lovers - Swissvax,automotive,christmas,82,,semantic-category-v8:automotive:christmas
SAFE,cmtb6v5n300443giyc38lkfcr,for Car Lovers - Swissvax,Gift Voucher - for Car Lovers - Swissvax,automotive,just-because,76,,semantic-category-v8:automotive:just-because
SAFE,cmtb6v5zy00463giyo0ged1h5,Thermespa,Δωροκάρτες,spa-wellness,birthday,92,,semantic-category-v8:spa-wellness:birthday
SAFE,cmtb6v5zy00463giyo0ged1h5,Thermespa,Δωροκάρτες,spa-wellness,anniversary,90,,semantic-category-v8:spa-wellness:anniversary
SAFE,cmtb6v5zy00463giyo0ged1h5,Thermespa,Δωροκάρτες,spa-wellness,valentines,88,,semantic-category-v8:spa-wellness:valentines
SAFE,cmtb6v5zy00463giyo0ged1h5,Thermespa,Δωροκάρτες,spa-wellness,mothers-day,86,,semantic-category-v8:spa-wellness:mothers-day
SAFE,cmtb6v5zy00463giyo0ged1h5,Thermespa,Δωροκάρτες,spa-wellness,fathers-day,82,,semantic-category-v8:spa-wellness:fathers-day
SAFE,cmtb6v6cq00483giyyk07at2d,Toaromatiseftixias,Δωροκάρτα,beauty,birthday,92,,semantic-category-v8:beauty:birthday
SAFE,cmtb6v6cq00483giyyk07at2d,Toaromatiseftixias,Δωροκάρτα,beauty,christmas,86,,semantic-category-v8:beauty:christmas
SAFE,cmtb6v6cq00483giyyk07at2d,Toaromatiseftixias,Δωροκάρτα,beauty,mothers-day,82,,semantic-category-v8:beauty:mothers-day
SAFE,cmtb6v6cq00483giyyk07at2d,Toaromatiseftixias,Δωροκάρτα,beauty,just-because,78,,semantic-category-v8:beauty:just-because
SAFE,cmtb6v6r8004a3giymncleyja,Tony Couper,Δωροκάρτες – Tony Couper | Style Clothing,fashion,birthday,92,,semantic-category-v8:fashion:birthday
SAFE,cmtb6v6r8004a3giymncleyja,Tony Couper,Δωροκάρτες – Tony Couper | Style Clothing,fashion,christmas,86,,semantic-category-v8:fashion:christmas
SAFE,cmtb6v6r8004a3giymncleyja,Tony Couper,Δωροκάρτες – Tony Couper | Style Clothing,fashion,just-because,78,,semantic-category-v8:fashion:just-because
SAFE,cmtb6v750004c3giytcp40e12,Toysfirst,Δωροκάρτα,kids-baby,birthday,94,,semantic-category-v8:kids-baby:birthday
SAFE,cmtb6v750004c3giytcp40e12,Toysfirst,Δωροκάρτα,kids-baby,for-kids,96,,semantic-category-v8:kids-baby:for-kids
SAFE,cmtb6v750004c3giytcp40e12,Toysfirst,Δωροκάρτα,kids-baby,christmas,90,,semantic-category-v8:kids-baby:christmas
SAFE,cmtb6v7hv004e3giylwic6g8f,Vinoultura gift cart,Vinoultura gift cart - Δωροκάρτα,food-delivery,birthday,84,,semantic-category-v8:food-delivery:birthday
SAFE,cmtb6v7hv004e3giylwic6g8f,Vinoultura gift cart,Vinoultura gift cart - Δωροκάρτα,food-delivery,thank-you,84,,semantic-category-v8:food-delivery:thank-you
SAFE,cmtb6v7hv004e3giylwic6g8f,Vinoultura gift cart,Vinoultura gift cart - Δωροκάρτα,food-delivery,just-because,82,,semantic-category-v8:food-delivery:just-because
SAFE,cmtb6v7un004g3giy4jgauceq,Wellbee Cosmetics,Wellbee Cosmetics Gift Card,beauty,birthday,92,,semantic-category-v8:beauty:birthday
SAFE,cmtb6v7un004g3giy4jgauceq,Wellbee Cosmetics,Wellbee Cosmetics Gift Card,beauty,christmas,86,,semantic-category-v8:beauty:christmas
SAFE,cmtb6v7un004g3giy4jgauceq,Wellbee Cosmetics,Wellbee Cosmetics Gift Card,beauty,mothers-day,82,,semantic-category-v8:beauty:mothers-day
SAFE,cmtb6v7un004g3giy4jgauceq,Wellbee Cosmetics,Wellbee Cosmetics Gift Card,beauty,just-because,78,,semantic-category-v8:beauty:just-because
SAFE,cmtb6v87k004i3giymz6jpty6,Ydrospa,Δωροκάρτες,spa-wellness,birthday,92,,semantic-category-v8:spa-wellness:birthday
SAFE,cmtb6v87k004i3giymz6jpty6,Ydrospa,Δωροκάρτες,spa-wellness,anniversary,90,,semantic-category-v8:spa-wellness:anniversary
SAFE,cmtb6v87k004i3giymz6jpty6,Ydrospa,Δωροκάρτες,spa-wellness,valentines,88,,semantic-category-v8:spa-wellness:valentines
SAFE,cmtb6v87k004i3giymz6jpty6,Ydrospa,Δωροκάρτες,spa-wellness,mothers-day,86,,semantic-category-v8:spa-wellness:mothers-day
SAFE,cmtb6v87k004i3giymz6jpty6,Ydrospa,Δωροκάρτες,spa-wellness,fathers-day,82,,semantic-category-v8:spa-wellness:fathers-day
SAFE,cmtb6v8kh004k3giycre70xx1,Yourbabystore,Δωροκάρτες,kids-baby,birthday,94,,semantic-category-v8:kids-baby:birthday
SAFE,cmtb6v8kh004k3giycre70xx1,Yourbabystore,Δωροκάρτες,kids-baby,for-kids,96,,semantic-category-v8:kids-baby:for-kids
SAFE,cmtb6v8kh004k3giycre70xx1,Yourbabystore,Δωροκάρτες,kids-baby,christmas,90,,semantic-category-v8:kids-baby:christmas
SAFE,cmtb6v8x4004m3giyp2bbit9u,Zooparadise,Δωροκάρτα,pets,just-because,82,,semantic-category-v8:pets:just-because
SAFE,cmtb76xdq0001dkiy9sktofns,ALDO Greece,Gift Card – ALDO Greece,fashion,birthday,92,,semantic-category-v8:fashion:birthday
SAFE,cmtb76xdq0001dkiy9sktofns,ALDO Greece,Gift Card – ALDO Greece,fashion,christmas,86,,semantic-category-v8:fashion:christmas
SAFE,cmtb76xdq0001dkiy9sktofns,ALDO Greece,Gift Card – ALDO Greece,fashion,just-because,78,,semantic-category-v8:fashion:just-because
SAFE,cmtb76xs90003dkiyo4je1mwu,ANEMH clothing&fashion items,Δωροκάρτα – ANEMH clothing&fashion items,fashion,birthday,92,,semantic-category-v8:fashion:birthday
SAFE,cmtb76xs90003dkiyo4je1mwu,ANEMH clothing&fashion items,Δωροκάρτα – ANEMH clothing&fashion items,fashion,christmas,86,,semantic-category-v8:fashion:christmas
SAFE,cmtb76xs90003dkiyo4je1mwu,ANEMH clothing&fashion items,Δωροκάρτα – ANEMH clothing&fashion items,fashion,just-because,78,,semantic-category-v8:fashion:just-because
SAFE,cmtb76y610005dkiyfwuox0v1,Ancient Greece,Gift Card - Ancient Greece,experiences,birthday,94,,semantic-category-v8:experiences:birthday
SAFE,cmtb76y610005dkiyfwuox0v1,Ancient Greece,Gift Card - Ancient Greece,experiences,anniversary,90,,semantic-category-v8:experiences:anniversary
SAFE,cmtb76y610005dkiyfwuox0v1,Ancient Greece,Gift Card - Ancient Greece,experiences,valentines,88,,semantic-category-v8:experiences:valentines
SAFE,cmtb76y610005dkiyfwuox0v1,Ancient Greece,Gift Card - Ancient Greece,experiences,christmas,84,,semantic-category-v8:experiences:christmas
SAFE,cmtb76yl60007dkiymvncu606,for Stay in Greece,Gift Card for Stay in Greece | Restay Resort and Suites L.P.,hotels,birthday,84,,semantic-category-v8:hotels:birthday
SAFE,cmtb76yl60007dkiymvncu606,for Stay in Greece,Gift Card for Stay in Greece | Restay Resort and Suites L.P.,hotels,anniversary,96,,semantic-category-v8:hotels:anniversary
SAFE,cmtb76yl60007dkiymvncu606,for Stay in Greece,Gift Card for Stay in Greece | Restay Resort and Suites L.P.,hotels,wedding,90,,semantic-category-v8:hotels:wedding
SAFE,cmtb76yl60007dkiymvncu606,for Stay in Greece,Gift Card for Stay in Greece | Restay Resort and Suites L.P.,hotels,valentines,92,,semantic-category-v8:hotels:valentines
SAFE,cmtb76zcu000bdkiy6hek2eml,Blue Blue,Blue Blue Gift Card,fashion,birthday,92,,semantic-category-v8:fashion:birthday
SAFE,cmtb76zcu000bdkiy6hek2eml,Blue Blue,Blue Blue Gift Card,fashion,christmas,86,,semantic-category-v8:fashion:christmas
SAFE,cmtb76zcu000bdkiy6hek2eml,Blue Blue,Blue Blue Gift Card,fashion,just-because,78,,semantic-category-v8:fashion:just-because
SAFE,cmtb76zq4000ddkiyz4jny758,Brigitteboutique,Αγοράστε μία Δωροεπιταγή,fashion,birthday,92,,semantic-category-v8:fashion:birthday
SAFE,cmtb76zq4000ddkiyz4jny758,Brigitteboutique,Αγοράστε μία Δωροεπιταγή,fashion,christmas,86,,semantic-category-v8:fashion:christmas
SAFE,cmtb76zq4000ddkiyz4jny758,Brigitteboutique,Αγοράστε μία Δωροεπιταγή,fashion,just-because,78,,semantic-category-v8:fashion:just-because
SAFE,cmtb7703h000fdkiy6xz320nd,Caravin,Caravin Gift Card,food-delivery,birthday,84,,semantic-category-v8:food-delivery:birthday
SAFE,cmtb7703h000fdkiy6xz320nd,Caravin,Caravin Gift Card,food-delivery,thank-you,84,,semantic-category-v8:food-delivery:thank-you
SAFE,cmtb7703h000fdkiy6xz320nd,Caravin,Caravin Gift Card,food-delivery,just-because,82,,semantic-category-v8:food-delivery:just-because
SAFE,cmtb770gt000hdkiyjze93gkc,Chaniapetworld,Δωροκάρτα,pets,just-because,82,,semantic-category-v8:pets:just-because
SAFE,cmtb770up000jdkiys2xgzyjl,Cicado Creative Studio,Cicado Creative Studio Gift Card,fashion,birthday,92,,semantic-category-v8:fashion:birthday
SAFE,cmtb770up000jdkiys2xgzyjl,Cicado Creative Studio,Cicado Creative Studio Gift Card,fashion,christmas,86,,semantic-category-v8:fashion:christmas
SAFE,cmtb770up000jdkiys2xgzyjl,Cicado Creative Studio,Cicado Creative Studio Gift Card,fashion,just-because,78,,semantic-category-v8:fashion:just-because
SAFE,cmtb7718b000ldkiynw5j1q46,Cordella,Cordella Δωροκάρτα 500€,marketplaces,birthday,90,,semantic-category-v8:marketplaces:birthday
SAFE,cmtb7718b000ldkiynw5j1q46,Cordella,Cordella Δωροκάρτα 500€,marketplaces,christmas,90,,semantic-category-v8:marketplaces:christmas
SAFE,cmtb7718b000ldkiynw5j1q46,Cordella,Cordella Δωροκάρτα 500€,marketplaces,just-because,82,,semantic-category-v8:marketplaces:just-because
SAFE,cmtb771lh000ndkiytvwtqvrd,Crescendo,Gift Cards - Crescendo,jewelry-watches,birthday,94,,semantic-category-v8:jewelry-watches:birthday
SAFE,cmtb771lh000ndkiytvwtqvrd,Crescendo,Gift Cards - Crescendo,jewelry-watches,anniversary,94,,semantic-category-v8:jewelry-watches:anniversary
SAFE,cmtb771lh000ndkiytvwtqvrd,Crescendo,Gift Cards - Crescendo,jewelry-watches,wedding,88,,semantic-category-v8:jewelry-watches:wedding
SAFE,cmtb771lh000ndkiytvwtqvrd,Crescendo,Gift Cards - Crescendo,jewelry-watches,valentines,92,,semantic-category-v8:jewelry-watches:valentines
SAFE,cmtb771lh000ndkiytvwtqvrd,Crescendo,Gift Cards - Crescendo,jewelry-watches,christmas,88,,semantic-category-v8:jewelry-watches:christmas
SAFE,cmtb771ze000pdkiyptng0olp,Delta Restaurant,Delta Restaurant Gift Card,restaurants,birthday,92,,semantic-category-v8:restaurants:birthday
SAFE,cmtb771ze000pdkiyptng0olp,Delta Restaurant,Delta Restaurant Gift Card,restaurants,anniversary,94,,semantic-category-v8:restaurants:anniversary
SAFE,cmtb771ze000pdkiyptng0olp,Delta Restaurant,Delta Restaurant Gift Card,restaurants,valentines,92,,semantic-category-v8:restaurants:valentines
SAFE,cmtb771ze000pdkiyptng0olp,Delta Restaurant,Delta Restaurant Gift Card,restaurants,thank-you,84,,semantic-category-v8:restaurants:thank-you
SAFE,cmtb771ze000pdkiyptng0olp,Delta Restaurant,Delta Restaurant Gift Card,restaurants,just-because,84,,semantic-category-v8:restaurants:just-because
SAFE,cmtb772gg000rdkiyb7t4zkvz,DerMARGY LAB,DerMARGY LAB Gift Card,beauty,birthday,92,,semantic-category-v8:beauty:birthday
SAFE,cmtb772gg000rdkiyb7t4zkvz,DerMARGY LAB,DerMARGY LAB Gift Card,beauty,christmas,86,,semantic-category-v8:beauty:christmas
SAFE,cmtb772gg000rdkiyb7t4zkvz,DerMARGY LAB,DerMARGY LAB Gift Card,beauty,mothers-day,82,,semantic-category-v8:beauty:mothers-day
SAFE,cmtb772gg000rdkiyb7t4zkvz,DerMARGY LAB,DerMARGY LAB Gift Card,beauty,just-because,78,,semantic-category-v8:beauty:just-because
SAFE,cmtb772w1000tdkiycjyct23l,Dido Cosmetics,Dido Cosmetics Gift Card,beauty,birthday,92,,semantic-category-v8:beauty:birthday
SAFE,cmtb772w1000tdkiycjyct23l,Dido Cosmetics,Dido Cosmetics Gift Card,beauty,christmas,86,,semantic-category-v8:beauty:christmas
SAFE,cmtb772w1000tdkiycjyct23l,Dido Cosmetics,Dido Cosmetics Gift Card,beauty,mothers-day,82,,semantic-category-v8:beauty:mothers-day
SAFE,cmtb772w1000tdkiycjyct23l,Dido Cosmetics,Dido Cosmetics Gift Card,beauty,just-because,78,,semantic-category-v8:beauty:just-because
SAFE,cmtb773a9000vdkiy4ycbnjw9,Dimidis Tours,Dimidis Tours Gift Card,travel,birthday,88,,semantic-category-v8:travel:birthday
SAFE,cmtb773a9000vdkiy4ycbnjw9,Dimidis Tours,Dimidis Tours Gift Card,travel,anniversary,92,,semantic-category-v8:travel:anniversary
SAFE,cmtb773a9000vdkiy4ycbnjw9,Dimidis Tours,Dimidis Tours Gift Card,travel,wedding,88,,semantic-category-v8:travel:wedding
SAFE,cmtb773a9000vdkiy4ycbnjw9,Dimidis Tours,Dimidis Tours Gift Card,travel,christmas,82,,semantic-category-v8:travel:christmas
SAFE,cmtb773o9000xdkiy4c56wk0k,Easlanidis,Δωροκάρτα,home,wedding,88,,semantic-category-v8:home:wedding
SAFE,cmtb773o9000xdkiy4c56wk0k,Easlanidis,Δωροκάρτα,home,christmas,84,,semantic-category-v8:home:christmas
SAFE,cmtb773o9000xdkiy4c56wk0k,Easlanidis,Δωροκάρτα,home,just-because,76,,semantic-category-v8:home:just-because
SAFE,cmtb77415000zdkiy386z76sh,Έρως Candles,Δωροκάρτα - Έρως Candles,home,wedding,88,,semantic-category-v8:home:wedding
SAFE,cmtb77415000zdkiy386z76sh,Έρως Candles,Δωροκάρτα - Έρως Candles,home,christmas,84,,semantic-category-v8:home:christmas
SAFE,cmtb77415000zdkiy386z76sh,Έρως Candles,Δωροκάρτα - Έρως Candles,home,just-because,76,,semantic-category-v8:home:just-because
SAFE,cmtb774ej0011dkiy2n93voje,Fagotto Books,Fagotto Books Δωροκάρτα,books,birthday,90,,semantic-category-v8:books:birthday
SAFE,cmtb774ej0011dkiy2n93voje,Fagotto Books,Fagotto Books Δωροκάρτα,books,christmas,90,,semantic-category-v8:books:christmas
SAFE,cmtb774ej0011dkiy2n93voje,Fagotto Books,Fagotto Books Δωροκάρτα,books,thank-you,82,,semantic-category-v8:books:thank-you
SAFE,cmtb774sd0013dkiy6s1lutst,Feed Me,Feed Me Gift Card,pets,just-because,82,,semantic-category-v8:pets:just-because
SAFE,cmtb775690015dkiy5pgfyay2,Greek Designers Store,Gift Card | Greek Designers Store,fashion,birthday,92,,semantic-category-v8:fashion:birthday
SAFE,cmtb775690015dkiy5pgfyay2,Greek Designers Store,Gift Card | Greek Designers Store,fashion,christmas,86,,semantic-category-v8:fashion:christmas
SAFE,cmtb775690015dkiy5pgfyay2,Greek Designers Store,Gift Card | Greek Designers Store,fashion,just-because,78,,semantic-category-v8:fashion:just-because
SAFE,cmtb775ig0017dkiyzj5hwneh,Femmefatale,Δωροκάρτα,beauty,birthday,92,,semantic-category-v8:beauty:birthday
SAFE,cmtb775ig0017dkiyzj5hwneh,Femmefatale,Δωροκάρτα,beauty,christmas,86,,semantic-category-v8:beauty:christmas
SAFE,cmtb775ig0017dkiyzj5hwneh,Femmefatale,Δωροκάρτα,beauty,mothers-day,82,,semantic-category-v8:beauty:mothers-day
SAFE,cmtb775ig0017dkiyzj5hwneh,Femmefatale,Δωροκάρτα,beauty,just-because,78,,semantic-category-v8:beauty:just-because
SAFE,cmtb775vo0019dkiybvv3qv3k,5pm,Gift Card - 5pm,fashion,birthday,92,,semantic-category-v8:fashion:birthday
SAFE,cmtb775vo0019dkiybvv3qv3k,5pm,Gift Card - 5pm,fashion,christmas,86,,semantic-category-v8:fashion:christmas
SAFE,cmtb775vo0019dkiybvv3qv3k,5pm,Gift Card - 5pm,fashion,just-because,78,,semantic-category-v8:fashion:just-because
SAFE,cmtb7769p001bdkiyujfcxt1s,Gatos Shoes,Gatos Shoes Gift Card,fashion,birthday,92,,semantic-category-v8:fashion:birthday
SAFE,cmtb7769p001bdkiyujfcxt1s,Gatos Shoes,Gatos Shoes Gift Card,fashion,christmas,86,,semantic-category-v8:fashion:christmas
SAFE,cmtb7769p001bdkiyujfcxt1s,Gatos Shoes,Gatos Shoes Gift Card,fashion,just-because,78,,semantic-category-v8:fashion:just-because
SAFE,cmtb776qx001ddkiyf0qqkxjr,Gerochristo Jewelry,Gerochristo Jewelry Gift Card,jewelry-watches,birthday,94,,semantic-category-v8:jewelry-watches:birthday
SAFE,cmtb776qx001ddkiyf0qqkxjr,Gerochristo Jewelry,Gerochristo Jewelry Gift Card,jewelry-watches,anniversary,94,,semantic-category-v8:jewelry-watches:anniversary
SAFE,cmtb776qx001ddkiyf0qqkxjr,Gerochristo Jewelry,Gerochristo Jewelry Gift Card,jewelry-watches,wedding,88,,semantic-category-v8:jewelry-watches:wedding
SAFE,cmtb776qx001ddkiyf0qqkxjr,Gerochristo Jewelry,Gerochristo Jewelry Gift Card,jewelry-watches,valentines,92,,semantic-category-v8:jewelry-watches:valentines
SAFE,cmtb776qx001ddkiyf0qqkxjr,Gerochristo Jewelry,Gerochristo Jewelry Gift Card,jewelry-watches,christmas,88,,semantic-category-v8:jewelry-watches:christmas
SAFE,cmtb7774t001fdkiyhs33c0v6,God Bless Women,25 CHF Gift card,jewelry-watches,birthday,94,,semantic-category-v8:jewelry-watches:birthday
SAFE,cmtb7774t001fdkiyhs33c0v6,God Bless Women,25 CHF Gift card,jewelry-watches,anniversary,94,,semantic-category-v8:jewelry-watches:anniversary
SAFE,cmtb7774t001fdkiyhs33c0v6,God Bless Women,25 CHF Gift card,jewelry-watches,wedding,88,,semantic-category-v8:jewelry-watches:wedding
SAFE,cmtb7774t001fdkiyhs33c0v6,God Bless Women,25 CHF Gift card,jewelry-watches,valentines,92,,semantic-category-v8:jewelry-watches:valentines
SAFE,cmtb7774t001fdkiyhs33c0v6,God Bless Women,25 CHF Gift card,jewelry-watches,christmas,88,,semantic-category-v8:jewelry-watches:christmas
SAFE,cmtb777w1001jdkiypfzpmll5,Hando Massage & Spa,Hando Massage & Spa - Gift Card,spa-wellness,birthday,92,,semantic-category-v8:spa-wellness:birthday
SAFE,cmtb777w1001jdkiypfzpmll5,Hando Massage & Spa,Hando Massage & Spa - Gift Card,spa-wellness,anniversary,90,,semantic-category-v8:spa-wellness:anniversary
SAFE,cmtb777w1001jdkiypfzpmll5,Hando Massage & Spa,Hando Massage & Spa - Gift Card,spa-wellness,valentines,88,,semantic-category-v8:spa-wellness:valentines
SAFE,cmtb777w1001jdkiypfzpmll5,Hando Massage & Spa,Hando Massage & Spa - Gift Card,spa-wellness,mothers-day,86,,semantic-category-v8:spa-wellness:mothers-day
SAFE,cmtb777w1001jdkiypfzpmll5,Hando Massage & Spa,Hando Massage & Spa - Gift Card,spa-wellness,fathers-day,82,,semantic-category-v8:spa-wellness:fathers-day
SAFE,cmtb778bh001ldkiylnmlumkn,Headplus,Δωροκάρτα,beauty,birthday,92,,semantic-category-v8:beauty:birthday
SAFE,cmtb778bh001ldkiylnmlumkn,Headplus,Δωροκάρτα,beauty,christmas,86,,semantic-category-v8:beauty:christmas
SAFE,cmtb778bh001ldkiylnmlumkn,Headplus,Δωροκάρτα,beauty,mothers-day,82,,semantic-category-v8:beauty:mothers-day
SAFE,cmtb778bh001ldkiylnmlumkn,Headplus,Δωροκάρτα,beauty,just-because,78,,semantic-category-v8:beauty:just-because
SAFE,cmtb778ox001ndkiyym5fan4o,HOME MADE,Δωροκάρτα HOME MADE,home,wedding,88,,semantic-category-v8:home:wedding
SAFE,cmtb778ox001ndkiyym5fan4o,HOME MADE,Δωροκάρτα HOME MADE,home,christmas,84,,semantic-category-v8:home:christmas
SAFE,cmtb778ox001ndkiyym5fan4o,HOME MADE,Δωροκάρτα HOME MADE,home,just-because,76,,semantic-category-v8:home:just-because
SAFE,cmtb77933001pdkiy44gwkr9m,Iasis,GIFT CARDS - Iasis,spa-wellness,birthday,92,,semantic-category-v8:spa-wellness:birthday
SAFE,cmtb77933001pdkiy44gwkr9m,Iasis,GIFT CARDS - Iasis,spa-wellness,anniversary,90,,semantic-category-v8:spa-wellness:anniversary
SAFE,cmtb77933001pdkiy44gwkr9m,Iasis,GIFT CARDS - Iasis,spa-wellness,valentines,88,,semantic-category-v8:spa-wellness:valentines
SAFE,cmtb77933001pdkiy44gwkr9m,Iasis,GIFT CARDS - Iasis,spa-wellness,mothers-day,86,,semantic-category-v8:spa-wellness:mothers-day
SAFE,cmtb77933001pdkiy44gwkr9m,Iasis,GIFT CARDS - Iasis,spa-wellness,fathers-day,82,,semantic-category-v8:spa-wellness:fathers-day
SAFE,cmtb779he001rdkiycol4bpk0,Ioannou Cosmetics,Ioannou Cosmetics Δωροκάρτα,beauty,birthday,92,,semantic-category-v8:beauty:birthday
SAFE,cmtb779he001rdkiycol4bpk0,Ioannou Cosmetics,Ioannou Cosmetics Δωροκάρτα,beauty,christmas,86,,semantic-category-v8:beauty:christmas
SAFE,cmtb779he001rdkiycol4bpk0,Ioannou Cosmetics,Ioannou Cosmetics Δωροκάρτα,beauty,mothers-day,82,,semantic-category-v8:beauty:mothers-day
SAFE,cmtb779he001rdkiycol4bpk0,Ioannou Cosmetics,Ioannou Cosmetics Δωροκάρτα,beauty,just-because,78,,semantic-category-v8:beauty:just-because
SAFE,cmtb779w0001tdkiyd0raoh5k,Toys Center e,Toys Center e-Gift Card - Σύγκριση καρτών,kids-baby,birthday,94,,semantic-category-v8:kids-baby:birthday
SAFE,cmtb779w0001tdkiyd0raoh5k,Toys Center e,Toys Center e-Gift Card - Σύγκριση καρτών,kids-baby,for-kids,96,,semantic-category-v8:kids-baby:for-kids
SAFE,cmtb779w0001tdkiyd0raoh5k,Toys Center e,Toys Center e-Gift Card - Σύγκριση καρτών,kids-baby,christmas,90,,semantic-category-v8:kids-baby:christmas
SAFE,cmtb77anl001xdkiyfhh22j13,ΚΛΑΟΥΔΑΤΟΣ OUTDOOR,Δωροκάρτα - ΚΛΑΟΥΔΑΤΟΣ OUTDOOR,sports,birthday,92,,semantic-category-v8:sports:birthday
SAFE,cmtb77anl001xdkiyfhh22j13,ΚΛΑΟΥΔΑΤΟΣ OUTDOOR,Δωροκάρτα - ΚΛΑΟΥΔΑΤΟΣ OUTDOOR,sports,christmas,86,,semantic-category-v8:sports:christmas
SAFE,cmtb77anl001xdkiyfhh22j13,ΚΛΑΟΥΔΑΤΟΣ OUTDOOR,Δωροκάρτα - ΚΛΑΟΥΔΑΤΟΣ OUTDOOR,sports,just-because,76,,semantic-category-v8:sports:just-because
SAFE,cmtb77b2g001zdkiygg6f6j59,LA Travel,LA Travel Gift Card,travel,birthday,88,,semantic-category-v8:travel:birthday
SAFE,cmtb77b2g001zdkiygg6f6j59,LA Travel,LA Travel Gift Card,travel,anniversary,92,,semantic-category-v8:travel:anniversary
SAFE,cmtb77b2g001zdkiygg6f6j59,LA Travel,LA Travel Gift Card,travel,wedding,88,,semantic-category-v8:travel:wedding
SAFE,cmtb77b2g001zdkiygg6f6j59,LA Travel,LA Travel Gift Card,travel,christmas,82,,semantic-category-v8:travel:christmas
SAFE,cmtb77bua0023dkiy8p69dxkl,Manicurious,Manicurious Gift Card,beauty,birthday,92,,semantic-category-v8:beauty:birthday
SAFE,cmtb77bua0023dkiy8p69dxkl,Manicurious,Manicurious Gift Card,beauty,christmas,86,,semantic-category-v8:beauty:christmas
SAFE,cmtb77bua0023dkiy8p69dxkl,Manicurious,Manicurious Gift Card,beauty,mothers-day,82,,semantic-category-v8:beauty:mothers-day
SAFE,cmtb77bua0023dkiy8p69dxkl,Manicurious,Manicurious Gift Card,beauty,just-because,78,,semantic-category-v8:beauty:just-because
SAFE,cmtb77c840025dkiy8nltursd,Melissinos Sandals,Melissinos Sandals Gift Voucher,fashion,birthday,92,,semantic-category-v8:fashion:birthday
SAFE,cmtb77c840025dkiy8nltursd,Melissinos Sandals,Melissinos Sandals Gift Voucher,fashion,christmas,86,,semantic-category-v8:fashion:christmas
SAFE,cmtb77c840025dkiy8nltursd,Melissinos Sandals,Melissinos Sandals Gift Voucher,fashion,just-because,78,,semantic-category-v8:fashion:just-because
SAFE,cmtb77ckx0027dkiyltinns4m,Mix & Match,Mix & Match Gift Card,fashion,birthday,92,,semantic-category-v8:fashion:birthday
SAFE,cmtb77ckx0027dkiyltinns4m,Mix & Match,Mix & Match Gift Card,fashion,christmas,86,,semantic-category-v8:fashion:christmas
SAFE,cmtb77ckx0027dkiyltinns4m,Mix & Match,Mix & Match Gift Card,fashion,just-because,78,,semantic-category-v8:fashion:just-because
SAFE,cmtb77cyu0029dkiy2m2zhm0b,Αρχεία - Παιδικά Παπούτσια Μούγερ,GIFT CARDS Αρχεία - Παιδικά Παπούτσια Μούγερ,kids-baby,birthday,94,,semantic-category-v8:kids-baby:birthday
SAFE,cmtb77cyu0029dkiy2m2zhm0b,Αρχεία - Παιδικά Παπούτσια Μούγερ,GIFT CARDS Αρχεία - Παιδικά Παπούτσια Μούγερ,kids-baby,for-kids,96,,semantic-category-v8:kids-baby:for-kids
SAFE,cmtb77cyu0029dkiy2m2zhm0b,Αρχεία - Παιδικά Παπούτσια Μούγερ,GIFT CARDS Αρχεία - Παιδικά Παπούτσια Μούγερ,kids-baby,christmas,90,,semantic-category-v8:kids-baby:christmas
SAFE,cmtb77dct002bdkiyz8wew669,Mr & Mrs Spa,Δωροκάρτα - Mr & Mrs Spa | Wellness Club,spa-wellness,birthday,92,,semantic-category-v8:spa-wellness:birthday
SAFE,cmtb77dct002bdkiyz8wew669,Mr & Mrs Spa,Δωροκάρτα - Mr & Mrs Spa | Wellness Club,spa-wellness,anniversary,90,,semantic-category-v8:spa-wellness:anniversary
SAFE,cmtb77dct002bdkiyz8wew669,Mr & Mrs Spa,Δωροκάρτα - Mr & Mrs Spa | Wellness Club,spa-wellness,valentines,88,,semantic-category-v8:spa-wellness:valentines
SAFE,cmtb77dct002bdkiyz8wew669,Mr & Mrs Spa,Δωροκάρτα - Mr & Mrs Spa | Wellness Club,spa-wellness,mothers-day,86,,semantic-category-v8:spa-wellness:mothers-day
SAFE,cmtb77dct002bdkiyz8wew669,Mr & Mrs Spa,Δωροκάρτα - Mr & Mrs Spa | Wellness Club,spa-wellness,fathers-day,82,,semantic-category-v8:spa-wellness:fathers-day
SAFE,cmtb77dqg002ddkiy5xfdestp,Ambassador Mykonos,Gift Cards | Ambassador Mykonos,hotels,birthday,84,,semantic-category-v8:hotels:birthday
SAFE,cmtb77dqg002ddkiy5xfdestp,Ambassador Mykonos,Gift Cards | Ambassador Mykonos,hotels,anniversary,96,,semantic-category-v8:hotels:anniversary
SAFE,cmtb77dqg002ddkiy5xfdestp,Ambassador Mykonos,Gift Cards | Ambassador Mykonos,hotels,wedding,90,,semantic-category-v8:hotels:wedding
SAFE,cmtb77dqg002ddkiy5xfdestp,Ambassador Mykonos,Gift Cards | Ambassador Mykonos,hotels,valentines,92,,semantic-category-v8:hotels:valentines
SAFE,cmtb77e4k002fdkiygyq7c6md,Nirvana Massage & Beauty Spa,Nirvana Massage & Beauty Spa Gift Card,spa-wellness,birthday,92,,semantic-category-v8:spa-wellness:birthday
SAFE,cmtb77e4k002fdkiygyq7c6md,Nirvana Massage & Beauty Spa,Nirvana Massage & Beauty Spa Gift Card,spa-wellness,anniversary,90,,semantic-category-v8:spa-wellness:anniversary
SAFE,cmtb77e4k002fdkiygyq7c6md,Nirvana Massage & Beauty Spa,Nirvana Massage & Beauty Spa Gift Card,spa-wellness,valentines,88,,semantic-category-v8:spa-wellness:valentines
SAFE,cmtb77e4k002fdkiygyq7c6md,Nirvana Massage & Beauty Spa,Nirvana Massage & Beauty Spa Gift Card,spa-wellness,mothers-day,86,,semantic-category-v8:spa-wellness:mothers-day
SAFE,cmtb77e4k002fdkiygyq7c6md,Nirvana Massage & Beauty Spa,Nirvana Massage & Beauty Spa Gift Card,spa-wellness,fathers-day,82,,semantic-category-v8:spa-wellness:fathers-day
SAFE,cmtb77ei2002hdkiyto50x79b,North & South Jewelry,North & South Jewelry Gift Card,jewelry-watches,birthday,94,,semantic-category-v8:jewelry-watches:birthday
SAFE,cmtb77ei2002hdkiyto50x79b,North & South Jewelry,North & South Jewelry Gift Card,jewelry-watches,anniversary,94,,semantic-category-v8:jewelry-watches:anniversary
SAFE,cmtb77ei2002hdkiyto50x79b,North & South Jewelry,North & South Jewelry Gift Card,jewelry-watches,wedding,88,,semantic-category-v8:jewelry-watches:wedding
SAFE,cmtb77ei2002hdkiyto50x79b,North & South Jewelry,North & South Jewelry Gift Card,jewelry-watches,valentines,92,,semantic-category-v8:jewelry-watches:valentines
SAFE,cmtb77ei2002hdkiyto50x79b,North & South Jewelry,North & South Jewelry Gift Card,jewelry-watches,christmas,88,,semantic-category-v8:jewelry-watches:christmas
SAFE,cmtb77evp002jdkiymdaiyh09,Nur and Co,Δωροκάρτες - Nur and Co,home,wedding,88,,semantic-category-v8:home:wedding
SAFE,cmtb77evp002jdkiymdaiyh09,Nur and Co,Δωροκάρτες - Nur and Co,home,christmas,84,,semantic-category-v8:home:christmas
SAFE,cmtb77evp002jdkiymdaiyh09,Nur and Co,Δωροκάρτες - Nur and Co,home,just-because,76,,semantic-category-v8:home:just-because
SAFE,cmtb77f8l002ldkiyow7n1nws,Omnia Welness,Gift Cards – Omnia Welness – Massage & SPA in Kefalonia,spa-wellness,birthday,92,,semantic-category-v8:spa-wellness:birthday
SAFE,cmtb77f8l002ldkiyow7n1nws,Omnia Welness,Gift Cards – Omnia Welness – Massage & SPA in Kefalonia,spa-wellness,anniversary,90,,semantic-category-v8:spa-wellness:anniversary
SAFE,cmtb77f8l002ldkiyow7n1nws,Omnia Welness,Gift Cards – Omnia Welness – Massage & SPA in Kefalonia,spa-wellness,valentines,88,,semantic-category-v8:spa-wellness:valentines
SAFE,cmtb77f8l002ldkiyow7n1nws,Omnia Welness,Gift Cards – Omnia Welness – Massage & SPA in Kefalonia,spa-wellness,mothers-day,86,,semantic-category-v8:spa-wellness:mothers-day
SAFE,cmtb77f8l002ldkiyow7n1nws,Omnia Welness,Gift Cards – Omnia Welness – Massage & SPA in Kefalonia,spa-wellness,fathers-day,82,,semantic-category-v8:spa-wellness:fathers-day
SAFE,cmtb77fl3002ndkiy7zthjbks,Ιδέες για Δώρο Σπα,Ιδέες για Δώρο Σπα - Δωροεπιταγή Σπα | Orloff Day Spa,spa-wellness,birthday,92,,semantic-category-v8:spa-wellness:birthday
SAFE,cmtb77fl3002ndkiy7zthjbks,Ιδέες για Δώρο Σπα,Ιδέες για Δώρο Σπα - Δωροεπιταγή Σπα | Orloff Day Spa,spa-wellness,anniversary,90,,semantic-category-v8:spa-wellness:anniversary
SAFE,cmtb77fl3002ndkiy7zthjbks,Ιδέες για Δώρο Σπα,Ιδέες για Δώρο Σπα - Δωροεπιταγή Σπα | Orloff Day Spa,spa-wellness,valentines,88,,semantic-category-v8:spa-wellness:valentines
SAFE,cmtb77fl3002ndkiy7zthjbks,Ιδέες για Δώρο Σπα,Ιδέες για Δώρο Σπα - Δωροεπιταγή Σπα | Orloff Day Spa,spa-wellness,mothers-day,86,,semantic-category-v8:spa-wellness:mothers-day
SAFE,cmtb77fl3002ndkiy7zthjbks,Ιδέες για Δώρο Σπα,Ιδέες για Δώρο Σπα - Δωροεπιταγή Σπα | Orloff Day Spa,spa-wellness,fathers-day,82,,semantic-category-v8:spa-wellness:fathers-day
SAFE,cmtb77fxv002pdkiyob6nfyir,Oxygen Plus,Oxygen Plus Luxurious Day Spa Gift Card,spa-wellness,birthday,92,,semantic-category-v8:spa-wellness:birthday
SAFE,cmtb77fxv002pdkiyob6nfyir,Oxygen Plus,Oxygen Plus Luxurious Day Spa Gift Card,spa-wellness,anniversary,90,,semantic-category-v8:spa-wellness:anniversary
SAFE,cmtb77fxv002pdkiyob6nfyir,Oxygen Plus,Oxygen Plus Luxurious Day Spa Gift Card,spa-wellness,valentines,88,,semantic-category-v8:spa-wellness:valentines
SAFE,cmtb77fxv002pdkiyob6nfyir,Oxygen Plus,Oxygen Plus Luxurious Day Spa Gift Card,spa-wellness,mothers-day,86,,semantic-category-v8:spa-wellness:mothers-day
SAFE,cmtb77fxv002pdkiyob6nfyir,Oxygen Plus,Oxygen Plus Luxurious Day Spa Gift Card,spa-wellness,fathers-day,82,,semantic-category-v8:spa-wellness:fathers-day
SAFE,cmtb77gbh002rdkiyzvvjbldl,Paco Art Center,Paco Art Center Gift Card,arts-crafts,birthday,90,,semantic-category-v8:arts-crafts:birthday
SAFE,cmtb77gbh002rdkiyzvvjbldl,Paco Art Center,Paco Art Center Gift Card,arts-crafts,christmas,86,,semantic-category-v8:arts-crafts:christmas
SAFE,cmtb77gbh002rdkiyzvvjbldl,Paco Art Center,Paco Art Center Gift Card,arts-crafts,just-because,78,,semantic-category-v8:arts-crafts:just-because
SAFE,cmtb77gud002tdkiyoa7zz562,Pavone Shoes,Pavone Shoes Gift Card,fashion,birthday,92,,semantic-category-v8:fashion:birthday
SAFE,cmtb77gud002tdkiyoa7zz562,Pavone Shoes,Pavone Shoes Gift Card,fashion,christmas,86,,semantic-category-v8:fashion:christmas
SAFE,cmtb77gud002tdkiyoa7zz562,Pavone Shoes,Pavone Shoes Gift Card,fashion,just-because,78,,semantic-category-v8:fashion:just-because
SAFE,cmtb77hlh002xdkiyk3j9xven,Physis Massage,Physis Massage Gift Card,spa-wellness,birthday,92,,semantic-category-v8:spa-wellness:birthday
SAFE,cmtb77hlh002xdkiyk3j9xven,Physis Massage,Physis Massage Gift Card,spa-wellness,anniversary,90,,semantic-category-v8:spa-wellness:anniversary
SAFE,cmtb77hlh002xdkiyk3j9xven,Physis Massage,Physis Massage Gift Card,spa-wellness,valentines,88,,semantic-category-v8:spa-wellness:valentines
SAFE,cmtb77hlh002xdkiyk3j9xven,Physis Massage,Physis Massage Gift Card,spa-wellness,mothers-day,86,,semantic-category-v8:spa-wellness:mothers-day
SAFE,cmtb77hlh002xdkiyk3j9xven,Physis Massage,Physis Massage Gift Card,spa-wellness,fathers-day,82,,semantic-category-v8:spa-wellness:fathers-day
SAFE,cmtb77hz8002zdkiyyqqxt5g5,Pleko,Δωροκάρτα,arts-crafts,birthday,90,,semantic-category-v8:arts-crafts:birthday
SAFE,cmtb77hz8002zdkiyyqqxt5g5,Pleko,Δωροκάρτα,arts-crafts,christmas,86,,semantic-category-v8:arts-crafts:christmas
SAFE,cmtb77hz8002zdkiyyqqxt5g5,Pleko,Δωροκάρτα,arts-crafts,just-because,78,,semantic-category-v8:arts-crafts:just-because
SAFE,cmtb77ibp0031dkiy5l84o2pl,Proper Cretan Guide,Proper Cretan Guide Gift Card,experiences,birthday,94,,semantic-category-v8:experiences:birthday
SAFE,cmtb77ibp0031dkiy5l84o2pl,Proper Cretan Guide,Proper Cretan Guide Gift Card,experiences,anniversary,90,,semantic-category-v8:experiences:anniversary
SAFE,cmtb77ibp0031dkiy5l84o2pl,Proper Cretan Guide,Proper Cretan Guide Gift Card,experiences,valentines,88,,semantic-category-v8:experiences:valentines
SAFE,cmtb77ibp0031dkiy5l84o2pl,Proper Cretan Guide,Proper Cretan Guide Gift Card,experiences,christmas,84,,semantic-category-v8:experiences:christmas
SAFE,cmtb77ipg0033dkiyv9x4fkyi,Perfect Gift for Any Occasion,Gift Card | Perfect Gift for Any Occasion,beauty,birthday,92,,semantic-category-v8:beauty:birthday
SAFE,cmtb77ipg0033dkiyv9x4fkyi,Perfect Gift for Any Occasion,Gift Card | Perfect Gift for Any Occasion,beauty,christmas,86,,semantic-category-v8:beauty:christmas
SAFE,cmtb77ipg0033dkiyv9x4fkyi,Perfect Gift for Any Occasion,Gift Card | Perfect Gift for Any Occasion,beauty,mothers-day,82,,semantic-category-v8:beauty:mothers-day
SAFE,cmtb77ipg0033dkiyv9x4fkyi,Perfect Gift for Any Occasion,Gift Card | Perfect Gift for Any Occasion,beauty,just-because,78,,semantic-category-v8:beauty:just-because
SAFE,cmtb77j2x0035dkiyogo2a953,s Αρχεία,Gift Cards Αρχεία,kids-baby,birthday,94,,semantic-category-v8:kids-baby:birthday
SAFE,cmtb77j2x0035dkiyogo2a953,s Αρχεία,Gift Cards Αρχεία,kids-baby,for-kids,96,,semantic-category-v8:kids-baby:for-kids
SAFE,cmtb77j2x0035dkiyogo2a953,s Αρχεία,Gift Cards Αρχεία,kids-baby,christmas,90,,semantic-category-v8:kids-baby:christmas
SAFE,cmtb77jgp0037dkiywuiflh4j,Sandinmytoes,Sandinmytoes Gift Card,fashion,birthday,92,,semantic-category-v8:fashion:birthday
SAFE,cmtb77jgp0037dkiywuiflh4j,Sandinmytoes,Sandinmytoes Gift Card,fashion,christmas,86,,semantic-category-v8:fashion:christmas
SAFE,cmtb77jgp0037dkiywuiflh4j,Sandinmytoes,Sandinmytoes Gift Card,fashion,just-because,78,,semantic-category-v8:fashion:just-because
SAFE,cmtb77k6s003bdkiymw7vsc5w,Skinreal,Δωροκάρτα,beauty,birthday,92,,semantic-category-v8:beauty:birthday
SAFE,cmtb77k6s003bdkiymw7vsc5w,Skinreal,Δωροκάρτα,beauty,christmas,86,,semantic-category-v8:beauty:christmas
SAFE,cmtb77k6s003bdkiymw7vsc5w,Skinreal,Δωροκάρτα,beauty,mothers-day,82,,semantic-category-v8:beauty:mothers-day
SAFE,cmtb77k6s003bdkiymw7vsc5w,Skinreal,Δωροκάρτα,beauty,just-because,78,,semantic-category-v8:beauty:just-because
SAFE,cmtb77kvs003edkiy6w6lndbt,Tennis Garden,Tennis Garden Gift Card,sports,birthday,92,,semantic-category-v8:sports:birthday
SAFE,cmtb77kvs003edkiy6w6lndbt,Tennis Garden,Tennis Garden Gift Card,sports,christmas,86,,semantic-category-v8:sports:christmas
SAFE,cmtb77kvs003edkiy6w6lndbt,Tennis Garden,Tennis Garden Gift Card,sports,just-because,76,,semantic-category-v8:sports:just-because
SAFE,cmtb77l9j003gdkiyfjvtf40a,Ten Plus,Δωροκάρτα Ten Plus,beauty,birthday,92,,semantic-category-v8:beauty:birthday
SAFE,cmtb77l9j003gdkiyfjvtf40a,Ten Plus,Δωροκάρτα Ten Plus,beauty,christmas,86,,semantic-category-v8:beauty:christmas
SAFE,cmtb77l9j003gdkiyfjvtf40a,Ten Plus,Δωροκάρτα Ten Plus,beauty,mothers-day,82,,semantic-category-v8:beauty:mothers-day
SAFE,cmtb77l9j003gdkiyfjvtf40a,Ten Plus,Δωροκάρτα Ten Plus,beauty,just-because,78,,semantic-category-v8:beauty:just-because
SAFE,cmtb77m0r003kdkiycq639ugh,Threadboutique,Threadboutique Gift Card,fashion,birthday,92,,semantic-category-v8:fashion:birthday
SAFE,cmtb77m0r003kdkiycq639ugh,Threadboutique,Threadboutique Gift Card,fashion,christmas,86,,semantic-category-v8:fashion:christmas
SAFE,cmtb77m0r003kdkiycq639ugh,Threadboutique,Threadboutique Gift Card,fashion,just-because,78,,semantic-category-v8:fashion:just-because
SAFE,cmtb77mrq003odkiy1tu5wv2w,Toolsmania,Αγοράστε μία Δωροεπιταγή,home,wedding,88,,semantic-category-v8:home:wedding
SAFE,cmtb77mrq003odkiy1tu5wv2w,Toolsmania,Αγοράστε μία Δωροεπιταγή,home,christmas,84,,semantic-category-v8:home:christmas
SAFE,cmtb77mrq003odkiy1tu5wv2w,Toolsmania,Αγοράστε μία Δωροεπιταγή,home,just-because,76,,semantic-category-v8:home:just-because
SAFE,cmtb77n4m003qdkiyjf9v5mzc,Topgreekwines,Topgreekwines Gift Card,food-delivery,birthday,84,,semantic-category-v8:food-delivery:birthday
SAFE,cmtb77n4m003qdkiyjf9v5mzc,Topgreekwines,Topgreekwines Gift Card,food-delivery,thank-you,84,,semantic-category-v8:food-delivery:thank-you
SAFE,cmtb77n4m003qdkiyjf9v5mzc,Topgreekwines,Topgreekwines Gift Card,food-delivery,just-because,82,,semantic-category-v8:food-delivery:just-because
SAFE,cmtb77ob5003wdkiyrw1g9la4,Tsiantakishome,Tsiantakishome Gift Card,home,wedding,88,,semantic-category-v8:home:wedding
SAFE,cmtb77ob5003wdkiyrw1g9la4,Tsiantakishome,Tsiantakishome Gift Card,home,christmas,84,,semantic-category-v8:home:christmas
SAFE,cmtb77ob5003wdkiyrw1g9la4,Tsiantakishome,Tsiantakishome Gift Card,home,just-because,76,,semantic-category-v8:home:just-because
SAFE,cmtb77onx003ydkiy1syn6iip,Τζούγκαρης,Τζούγκαρης Gift Card,jewelry-watches,birthday,94,,semantic-category-v8:jewelry-watches:birthday
SAFE,cmtb77onx003ydkiy1syn6iip,Τζούγκαρης,Τζούγκαρης Gift Card,jewelry-watches,anniversary,94,,semantic-category-v8:jewelry-watches:anniversary
SAFE,cmtb77onx003ydkiy1syn6iip,Τζούγκαρης,Τζούγκαρης Gift Card,jewelry-watches,wedding,88,,semantic-category-v8:jewelry-watches:wedding
SAFE,cmtb77onx003ydkiy1syn6iip,Τζούγκαρης,Τζούγκαρης Gift Card,jewelry-watches,valentines,92,,semantic-category-v8:jewelry-watches:valentines
SAFE,cmtb77onx003ydkiy1syn6iip,Τζούγκαρης,Τζούγκαρης Gift Card,jewelry-watches,christmas,88,,semantic-category-v8:jewelry-watches:christmas
SAFE,cmtb77pdh0042dkiyjcs75ba2,Vicious Cycles Athens,Vicious Cycles Athens Gift Card,sports,birthday,92,,semantic-category-v8:sports:birthday
SAFE,cmtb77pdh0042dkiyjcs75ba2,Vicious Cycles Athens,Vicious Cycles Athens Gift Card,sports,christmas,86,,semantic-category-v8:sports:christmas
SAFE,cmtb77pdh0042dkiyjcs75ba2,Vicious Cycles Athens,Vicious Cycles Athens Gift Card,sports,just-because,76,,semantic-category-v8:sports:just-because
SAFE,cmtb77pqn0044dkiykqllgm6x,Vinoteca,Vinoteca Δωροκάρτα 100€,food-delivery,birthday,84,,semantic-category-v8:food-delivery:birthday
SAFE,cmtb77pqn0044dkiykqllgm6x,Vinoteca,Vinoteca Δωροκάρτα 100€,food-delivery,thank-you,84,,semantic-category-v8:food-delivery:thank-you
SAFE,cmtb77pqn0044dkiykqllgm6x,Vinoteca,Vinoteca Δωροκάρτα 100€,food-delivery,just-because,82,,semantic-category-v8:food-delivery:just-because
SAFE,cmtb77qvi004adkiy3pvb8032,AlterEgo,Δωροκάρτα AlterEgo,fashion,birthday,92,,semantic-category-v8:fashion:birthday
SAFE,cmtb77qvi004adkiy3pvb8032,AlterEgo,Δωροκάρτα AlterEgo,fashion,christmas,86,,semantic-category-v8:fashion:christmas
SAFE,cmtb77qvi004adkiy3pvb8032,AlterEgo,Δωροκάρτα AlterEgo,fashion,just-because,78,,semantic-category-v8:fashion:just-because
SAFE,cmtb77r83004bdkiycl9k0utt,Antithesis Clothing,Antithesis Clothing Gift Card,fashion,birthday,92,,semantic-category-v8:fashion:birthday
SAFE,cmtb77r83004bdkiycl9k0utt,Antithesis Clothing,Antithesis Clothing Gift Card,fashion,christmas,86,,semantic-category-v8:fashion:christmas
SAFE,cmtb77r83004bdkiycl9k0utt,Antithesis Clothing,Antithesis Clothing Gift Card,fashion,just-because,78,,semantic-category-v8:fashion:just-because
SAFE,cmtb77s4y004fdkiyo03xtcof,Badila,Badila Gift Card,fashion,birthday,92,,semantic-category-v8:fashion:birthday
SAFE,cmtb77s4y004fdkiyo03xtcof,Badila,Badila Gift Card,fashion,christmas,86,,semantic-category-v8:fashion:christmas
SAFE,cmtb77s4y004fdkiyo03xtcof,Badila,Badila Gift Card,fashion,just-because,78,,semantic-category-v8:fashion:just-because
SAFE,cmtb77sjh004hdkiy2ojn38hf,“Beauty Hall”,GIFT CARD “Beauty Hall”,beauty,birthday,92,,semantic-category-v8:beauty:birthday
SAFE,cmtb77sjh004hdkiy2ojn38hf,“Beauty Hall”,GIFT CARD “Beauty Hall”,beauty,christmas,86,,semantic-category-v8:beauty:christmas
SAFE,cmtb77sjh004hdkiy2ojn38hf,“Beauty Hall”,GIFT CARD “Beauty Hall”,beauty,mothers-day,82,,semantic-category-v8:beauty:mothers-day
SAFE,cmtb77sjh004hdkiy2ojn38hf,“Beauty Hall”,GIFT CARD “Beauty Hall”,beauty,just-because,78,,semantic-category-v8:beauty:just-because
SAFE,cmtb77swu004jdkiyug4cfe0j,BeKIDS,BeKIDS Gift Card,kids-baby,birthday,94,,semantic-category-v8:kids-baby:birthday
SAFE,cmtb77swu004jdkiyug4cfe0j,BeKIDS,BeKIDS Gift Card,kids-baby,for-kids,96,,semantic-category-v8:kids-baby:for-kids
SAFE,cmtb77swu004jdkiyug4cfe0j,BeKIDS,BeKIDS Gift Card,kids-baby,christmas,90,,semantic-category-v8:kids-baby:christmas
SAFE,cmtb77tnt004ndkiyw1tey12d,Chania Culture,Chania Culture Gift Card,experiences,birthday,94,,semantic-category-v8:experiences:birthday
SAFE,cmtb77tnt004ndkiyw1tey12d,Chania Culture,Chania Culture Gift Card,experiences,anniversary,90,,semantic-category-v8:experiences:anniversary
SAFE,cmtb77tnt004ndkiyw1tey12d,Chania Culture,Chania Culture Gift Card,experiences,valentines,88,,semantic-category-v8:experiences:valentines
SAFE,cmtb77tnt004ndkiyw1tey12d,Chania Culture,Chania Culture Gift Card,experiences,christmas,84,,semantic-category-v8:experiences:christmas
SAFE,cmtb77u1e004pdkiy841o8nlg,CheaPet,CheaPet Gift Card,pets,just-because,82,,semantic-category-v8:pets:just-because
SAFE,cmtb77v6h004vdkiy54z2aiui,Cuka,Cuka Gift Card,fashion,birthday,92,,semantic-category-v8:fashion:birthday
SAFE,cmtb77v6h004vdkiy54z2aiui,Cuka,Cuka Gift Card,fashion,christmas,86,,semantic-category-v8:fashion:christmas
SAFE,cmtb77v6h004vdkiy54z2aiui,Cuka,Cuka Gift Card,fashion,just-because,78,,semantic-category-v8:fashion:just-because
SAFE,cmtb77vj5004xdkiy9musmw5c,Dalisleather,Δωροκάρτα,fashion,birthday,92,,semantic-category-v8:fashion:birthday
SAFE,cmtb77vj5004xdkiy9musmw5c,Dalisleather,Δωροκάρτα,fashion,christmas,86,,semantic-category-v8:fashion:christmas
SAFE,cmtb77vj5004xdkiy9musmw5c,Dalisleather,Δωροκάρτα,fashion,just-because,78,,semantic-category-v8:fashion:just-because
SAFE,cmtb77vwl004zdkiysuz7on48,Dimitriou Fashion,Αγοράστε μία Δωροεπιταγή,fashion,birthday,92,,semantic-category-v8:fashion:birthday
SAFE,cmtb77vwl004zdkiysuz7on48,Dimitriou Fashion,Αγοράστε μία Δωροεπιταγή,fashion,christmas,86,,semantic-category-v8:fashion:christmas
SAFE,cmtb77vwl004zdkiysuz7on48,Dimitriou Fashion,Αγοράστε μία Δωροεπιταγή,fashion,just-because,78,,semantic-category-v8:fashion:just-because
SAFE,cmtb77w980051dkiyc5an3okr,ellievfashion,ellievfashion Gift Card,fashion,birthday,92,,semantic-category-v8:fashion:birthday
SAFE,cmtb77w980051dkiyc5an3okr,ellievfashion,ellievfashion Gift Card,fashion,christmas,86,,semantic-category-v8:fashion:christmas
SAFE,cmtb77w980051dkiyc5an3okr,ellievfashion,ellievfashion Gift Card,fashion,just-because,78,,semantic-category-v8:fashion:just-because
SAFE,cmtb77x0q0055dkiynxajordc,Hshome,Αγοράστε μία Δωροεπιταγή,home,wedding,88,,semantic-category-v8:home:wedding
SAFE,cmtb77x0q0055dkiynxajordc,Hshome,Αγοράστε μία Δωροεπιταγή,home,christmas,84,,semantic-category-v8:home:christmas
SAFE,cmtb77x0q0055dkiynxajordc,Hshome,Αγοράστε μία Δωροεπιταγή,home,just-because,76,,semantic-category-v8:home:just-because
SAFE,cmtb77xdt0057dkiytvuvecym,Kosmimamakarezos,Αγοράστε μία Δωροεπιταγή,jewelry-watches,birthday,94,,semantic-category-v8:jewelry-watches:birthday
SAFE,cmtb77xdt0057dkiytvuvecym,Kosmimamakarezos,Αγοράστε μία Δωροεπιταγή,jewelry-watches,anniversary,94,,semantic-category-v8:jewelry-watches:anniversary
SAFE,cmtb77xdt0057dkiytvuvecym,Kosmimamakarezos,Αγοράστε μία Δωροεπιταγή,jewelry-watches,wedding,88,,semantic-category-v8:jewelry-watches:wedding
SAFE,cmtb77xdt0057dkiytvuvecym,Kosmimamakarezos,Αγοράστε μία Δωροεπιταγή,jewelry-watches,valentines,92,,semantic-category-v8:jewelry-watches:valentines
SAFE,cmtb77xdt0057dkiytvuvecym,Kosmimamakarezos,Αγοράστε μία Δωροεπιταγή,jewelry-watches,christmas,88,,semantic-category-v8:jewelry-watches:christmas
SAFE,cmtb77y4v005bdkiyuijz0q0u,Quad & Buggy Safari Crete,Gift Card - Quad & Buggy Safari Crete,experiences,birthday,94,,semantic-category-v8:experiences:birthday
SAFE,cmtb77y4v005bdkiyuijz0q0u,Quad & Buggy Safari Crete,Gift Card - Quad & Buggy Safari Crete,experiences,anniversary,90,,semantic-category-v8:experiences:anniversary
SAFE,cmtb77y4v005bdkiyuijz0q0u,Quad & Buggy Safari Crete,Gift Card - Quad & Buggy Safari Crete,experiences,valentines,88,,semantic-category-v8:experiences:valentines
SAFE,cmtb77y4v005bdkiyuijz0q0u,Quad & Buggy Safari Crete,Gift Card - Quad & Buggy Safari Crete,experiences,christmas,84,,semantic-category-v8:experiences:christmas
SAFE,cmtb77yht005ddkiykt4vsu49,Times Store,Times Store Gift Card,fashion,birthday,92,,semantic-category-v8:fashion:birthday
SAFE,cmtb77yht005ddkiykt4vsu49,Times Store,Times Store Gift Card,fashion,christmas,86,,semantic-category-v8:fashion:christmas
SAFE,cmtb77yht005ddkiykt4vsu49,Times Store,Times Store Gift Card,fashion,just-because,78,,semantic-category-v8:fashion:just-because
SAFE,cmtb77yv5005fdkiyka6uo6kw,Younails,Αγοράστε μία Δωροεπιταγή,beauty,birthday,92,,semantic-category-v8:beauty:birthday
SAFE,cmtb77yv5005fdkiyka6uo6kw,Younails,Αγοράστε μία Δωροεπιταγή,beauty,christmas,86,,semantic-category-v8:beauty:christmas
SAFE,cmtb77yv5005fdkiyka6uo6kw,Younails,Αγοράστε μία Δωροεπιταγή,beauty,mothers-day,82,,semantic-category-v8:beauty:mothers-day
SAFE,cmtb77yv5005fdkiyka6uo6kw,Younails,Αγοράστε μία Δωροεπιταγή,beauty,just-because,78,,semantic-category-v8:beauty:just-because
SAFE,cmtb77z8g005hdkiybcw8e79m,Angels Boutique,Angels Boutique Gift Card,fashion,birthday,92,,semantic-category-v8:fashion:birthday
SAFE,cmtb77z8g005hdkiybcw8e79m,Angels Boutique,Angels Boutique Gift Card,fashion,christmas,86,,semantic-category-v8:fashion:christmas
SAFE,cmtb77z8g005hdkiybcw8e79m,Angels Boutique,Angels Boutique Gift Card,fashion,just-because,78,,semantic-category-v8:fashion:just-because
SAFE,cmtb77zz5005ldkiyl90mvph8,Carrot Store,Carrot Store Gift Card,gifts-concept-stores,birthday,92,,semantic-category-v8:gifts-concept-stores:birthday
SAFE,cmtb77zz5005ldkiyl90mvph8,Carrot Store,Carrot Store Gift Card,gifts-concept-stores,christmas,92,,semantic-category-v8:gifts-concept-stores:christmas
SAFE,cmtb77zz5005ldkiyl90mvph8,Carrot Store,Carrot Store Gift Card,gifts-concept-stores,thank-you,86,,semantic-category-v8:gifts-concept-stores:thank-you
SAFE,cmtb77zz5005ldkiyl90mvph8,Carrot Store,Carrot Store Gift Card,gifts-concept-stores,just-because,88,,semantic-category-v8:gifts-concept-stores:just-because
SAFE,cmtb780bs005ndkiypwklf1n1,Cougarsport,Δωροκάρτα,sports,birthday,92,,semantic-category-v8:sports:birthday
SAFE,cmtb780bs005ndkiypwklf1n1,Cougarsport,Δωροκάρτα,sports,christmas,86,,semantic-category-v8:sports:christmas
SAFE,cmtb780bs005ndkiypwklf1n1,Cougarsport,Δωροκάρτα,sports,just-because,76,,semantic-category-v8:sports:just-because
SAFE,cmtb780qd005pdkiy9ptikri3,Dazzeal,Dazzeal Gift Card,beauty,birthday,92,,semantic-category-v8:beauty:birthday
SAFE,cmtb780qd005pdkiy9ptikri3,Dazzeal,Dazzeal Gift Card,beauty,christmas,86,,semantic-category-v8:beauty:christmas
SAFE,cmtb780qd005pdkiy9ptikri3,Dazzeal,Dazzeal Gift Card,beauty,mothers-day,82,,semantic-category-v8:beauty:mothers-day
SAFE,cmtb780qd005pdkiy9ptikri3,Dazzeal,Dazzeal Gift Card,beauty,just-because,78,,semantic-category-v8:beauty:just-because
SAFE,cmtb781dk005rdkiy10vs3wvb,Drone House,Drone House Gift Card,technology,birthday,92,,semantic-category-v8:technology:birthday
SAFE,cmtb781dk005rdkiy10vs3wvb,Drone House,Drone House Gift Card,technology,christmas,90,,semantic-category-v8:technology:christmas
SAFE,cmtb781dk005rdkiy10vs3wvb,Drone House,Drone House Gift Card,technology,just-because,76,,semantic-category-v8:technology:just-because
SAFE,cmtb781qh005tdkiysv45g5rp,Elbeauty,Δωροκάρτα,beauty,birthday,92,,semantic-category-v8:beauty:birthday
SAFE,cmtb781qh005tdkiysv45g5rp,Elbeauty,Δωροκάρτα,beauty,christmas,86,,semantic-category-v8:beauty:christmas
SAFE,cmtb781qh005tdkiysv45g5rp,Elbeauty,Δωροκάρτα,beauty,mothers-day,82,,semantic-category-v8:beauty:mothers-day
SAFE,cmtb781qh005tdkiysv45g5rp,Elbeauty,Δωροκάρτα,beauty,just-because,78,,semantic-category-v8:beauty:just-because
SAFE,cmtb78232005vdkiy8i7y5w4n,Elbebeboutique,Δωροκάρτα,kids-baby,birthday,94,,semantic-category-v8:kids-baby:birthday
SAFE,cmtb78232005vdkiy8i7y5w4n,Elbebeboutique,Δωροκάρτα,kids-baby,for-kids,96,,semantic-category-v8:kids-baby:for-kids
SAFE,cmtb78232005vdkiy8i7y5w4n,Elbebeboutique,Δωροκάρτα,kids-baby,christmas,90,,semantic-category-v8:kids-baby:christmas
SAFE,cmtb782g1005xdkiyq9opz2o1,Elemental Studios,Gift Card | Elemental Studios,sports,birthday,92,,semantic-category-v8:sports:birthday
SAFE,cmtb782g1005xdkiyq9opz2o1,Elemental Studios,Gift Card | Elemental Studios,sports,christmas,86,,semantic-category-v8:sports:christmas
SAFE,cmtb782g1005xdkiyq9opz2o1,Elemental Studios,Gift Card | Elemental Studios,sports,just-because,76,,semantic-category-v8:sports:just-because
SAFE,cmtb782wo005zdkiyoydj8owp,Fifth Element,Fifth Element Gift Card,sports,birthday,92,,semantic-category-v8:sports:birthday
SAFE,cmtb782wo005zdkiyoydj8owp,Fifth Element,Fifth Element Gift Card,sports,christmas,86,,semantic-category-v8:sports:christmas
SAFE,cmtb782wo005zdkiyoydj8owp,Fifth Element,Fifth Element Gift Card,sports,just-because,76,,semantic-category-v8:sports:just-because
SAFE,cmtb783ak0061dkiyezmzss7i,GreenArt,Δωροκάρτα GreenArt,home,wedding,88,,semantic-category-v8:home:wedding
SAFE,cmtb783ak0061dkiyezmzss7i,GreenArt,Δωροκάρτα GreenArt,home,christmas,84,,semantic-category-v8:home:christmas
SAFE,cmtb783ak0061dkiyezmzss7i,GreenArt,Δωροκάρτα GreenArt,home,just-because,76,,semantic-category-v8:home:just-because
SAFE,cmtb783oh0063dkiy8ckdn4vm,HeHe Messy Play,HeHe Messy Play Gift Card,experiences,birthday,94,,semantic-category-v8:experiences:birthday
SAFE,cmtb783oh0063dkiy8ckdn4vm,HeHe Messy Play,HeHe Messy Play Gift Card,experiences,anniversary,90,,semantic-category-v8:experiences:anniversary
SAFE,cmtb783oh0063dkiy8ckdn4vm,HeHe Messy Play,HeHe Messy Play Gift Card,experiences,valentines,88,,semantic-category-v8:experiences:valentines
SAFE,cmtb783oh0063dkiy8ckdn4vm,HeHe Messy Play,HeHe Messy Play Gift Card,experiences,christmas,84,,semantic-category-v8:experiences:christmas
SAFE,cmtb7841x0065dkiya653ymhs,Insidehome,Αγοράστε μία Δωροεπιταγή,home,wedding,88,,semantic-category-v8:home:wedding
SAFE,cmtb7841x0065dkiya653ymhs,Insidehome,Αγοράστε μία Δωροεπιταγή,home,christmas,84,,semantic-category-v8:home:christmas
SAFE,cmtb7841x0065dkiya653ymhs,Insidehome,Αγοράστε μία Δωροεπιταγή,home,just-because,76,,semantic-category-v8:home:just-because
SAFE,cmtb784rw0067dkiy87ryq6qs,Isola Boutique,Isola Boutique Gift Card,fashion,birthday,92,,semantic-category-v8:fashion:birthday
SAFE,cmtb784rw0067dkiy87ryq6qs,Isola Boutique,Isola Boutique Gift Card,fashion,christmas,86,,semantic-category-v8:fashion:christmas
SAFE,cmtb784rw0067dkiy87ryq6qs,Isola Boutique,Isola Boutique Gift Card,fashion,just-because,78,,semantic-category-v8:fashion:just-because
SAFE,cmtb7854p0069dkiyksq1j4oy,Kakiasoptics,Δωροκάρτα | Gift card,fashion,birthday,92,,semantic-category-v8:fashion:birthday
SAFE,cmtb7854p0069dkiyksq1j4oy,Kakiasoptics,Δωροκάρτα | Gift card,fashion,christmas,86,,semantic-category-v8:fashion:christmas
SAFE,cmtb7854p0069dkiyksq1j4oy,Kakiasoptics,Δωροκάρτα | Gift card,fashion,just-because,78,,semantic-category-v8:fashion:just-because
SAFE,cmtb7865x006edkiy01ch68q5,Archives - Φωτιστικά Κουρτάκης,gift card Archives - Φωτιστικά Κουρτάκης,home,wedding,88,,semantic-category-v8:home:wedding
SAFE,cmtb7865x006edkiy01ch68q5,Archives - Φωτιστικά Κουρτάκης,gift card Archives - Φωτιστικά Κουρτάκης,home,christmas,84,,semantic-category-v8:home:christmas
SAFE,cmtb7865x006edkiy01ch68q5,Archives - Φωτιστικά Κουρτάκης,gift card Archives - Φωτιστικά Κουρτάκης,home,just-because,76,,semantic-category-v8:home:just-because
SAFE,cmtb786je006gdkiyxqepltuw,Loriot,Αγοράστε μία Δωροεπιταγή,fashion,birthday,92,,semantic-category-v8:fashion:birthday
SAFE,cmtb786je006gdkiyxqepltuw,Loriot,Αγοράστε μία Δωροεπιταγή,fashion,christmas,86,,semantic-category-v8:fashion:christmas
SAFE,cmtb786je006gdkiyxqepltuw,Loriot,Αγοράστε μία Δωροεπιταγή,fashion,just-because,78,,semantic-category-v8:fashion:just-because
SAFE,cmtb7870h006idkiywp9f3dvf,Love Lucy Boutique,Love Lucy Boutique Gift Card,fashion,birthday,92,,semantic-category-v8:fashion:birthday
SAFE,cmtb7870h006idkiywp9f3dvf,Love Lucy Boutique,Love Lucy Boutique Gift Card,fashion,christmas,86,,semantic-category-v8:fashion:christmas
SAFE,cmtb7870h006idkiywp9f3dvf,Love Lucy Boutique,Love Lucy Boutique Gift Card,fashion,just-because,78,,semantic-category-v8:fashion:just-because
SAFE,cmtb787e8006kdkiy96ibaqvy,Lucky Boutique,Lucky Boutique Gift Card,fashion,birthday,92,,semantic-category-v8:fashion:birthday
SAFE,cmtb787e8006kdkiy96ibaqvy,Lucky Boutique,Lucky Boutique Gift Card,fashion,christmas,86,,semantic-category-v8:fashion:christmas
SAFE,cmtb787e8006kdkiy96ibaqvy,Lucky Boutique,Lucky Boutique Gift Card,fashion,just-because,78,,semantic-category-v8:fashion:just-because
SAFE,cmtb787rq006mdkiykrdjibgr,Luxury Candles,Luxury Candles Gift Card,home,wedding,88,,semantic-category-v8:home:wedding
SAFE,cmtb787rq006mdkiykrdjibgr,Luxury Candles,Luxury Candles Gift Card,home,christmas,84,,semantic-category-v8:home:christmas
SAFE,cmtb787rq006mdkiykrdjibgr,Luxury Candles,Luxury Candles Gift Card,home,just-because,76,,semantic-category-v8:home:just-because
SAFE,cmtb78851006odkiyq49ms3f9,MaaMonPapa,MaaMonPapa Gift Card,kids-baby,birthday,94,,semantic-category-v8:kids-baby:birthday
SAFE,cmtb78851006odkiyq49ms3f9,MaaMonPapa,MaaMonPapa Gift Card,kids-baby,for-kids,96,,semantic-category-v8:kids-baby:for-kids
SAFE,cmtb78851006odkiyq49ms3f9,MaaMonPapa,MaaMonPapa Gift Card,kids-baby,christmas,90,,semantic-category-v8:kids-baby:christmas
SAFE,cmtb788lp006qdkiy17zrzzhw,Malle Concept,Malle Concept Gift Card,home,wedding,88,,semantic-category-v8:home:wedding
SAFE,cmtb788lp006qdkiy17zrzzhw,Malle Concept,Malle Concept Gift Card,home,christmas,84,,semantic-category-v8:home:christmas
SAFE,cmtb788lp006qdkiy17zrzzhw,Malle Concept,Malle Concept Gift Card,home,just-because,76,,semantic-category-v8:home:just-because
SAFE,cmtb788zr006sdkiyyyqnweis,Melloncollection,Melloncollection Gift Card,fashion,birthday,92,,semantic-category-v8:fashion:birthday
SAFE,cmtb788zr006sdkiyyyqnweis,Melloncollection,Melloncollection Gift Card,fashion,christmas,86,,semantic-category-v8:fashion:christmas
SAFE,cmtb788zr006sdkiyyyqnweis,Melloncollection,Melloncollection Gift Card,fashion,just-because,78,,semantic-category-v8:fashion:just-because
SAFE,cmtb789dc006udkiyns09pnli,Mom & Me,Mom & Me Gift Card,kids-baby,birthday,94,,semantic-category-v8:kids-baby:birthday
SAFE,cmtb789dc006udkiyns09pnli,Mom & Me,Mom & Me Gift Card,kids-baby,for-kids,96,,semantic-category-v8:kids-baby:for-kids
SAFE,cmtb789dc006udkiyns09pnli,Mom & Me,Mom & Me Gift Card,kids-baby,christmas,90,,semantic-category-v8:kids-baby:christmas
SAFE,cmtb789sx006wdkiy2dhrh3x9,Must Men Fashion,Must Men Fashion Gift Card,fashion,birthday,92,,semantic-category-v8:fashion:birthday
SAFE,cmtb789sx006wdkiy2dhrh3x9,Must Men Fashion,Must Men Fashion Gift Card,fashion,christmas,86,,semantic-category-v8:fashion:christmas
SAFE,cmtb789sx006wdkiy2dhrh3x9,Must Men Fashion,Must Men Fashion Gift Card,fashion,just-because,78,,semantic-category-v8:fashion:just-because
SAFE,cmtb78a69006ydkiybuyeg7l8,Plegmashop,Gift Voucher,home,wedding,88,,semantic-category-v8:home:wedding
SAFE,cmtb78a69006ydkiybuyeg7l8,Plegmashop,Gift Voucher,home,christmas,84,,semantic-category-v8:home:christmas
SAFE,cmtb78a69006ydkiybuyeg7l8,Plegmashop,Gift Voucher,home,just-because,76,,semantic-category-v8:home:just-because
SAFE,cmtb78aka0070dkiysu64bvb7,Skincareplus,Δωροκάρτα,beauty,birthday,92,,semantic-category-v8:beauty:birthday
SAFE,cmtb78aka0070dkiysu64bvb7,Skincareplus,Δωροκάρτα,beauty,christmas,86,,semantic-category-v8:beauty:christmas
SAFE,cmtb78aka0070dkiysu64bvb7,Skincareplus,Δωροκάρτα,beauty,mothers-day,82,,semantic-category-v8:beauty:mothers-day
SAFE,cmtb78aka0070dkiysu64bvb7,Skincareplus,Δωροκάρτα,beauty,just-because,78,,semantic-category-v8:beauty:just-because
SAFE,cmtb78bdk0072dkiyytg3oz0b,Sportboutique,Gift Voucher,sports,birthday,92,,semantic-category-v8:sports:birthday
SAFE,cmtb78bdk0072dkiyytg3oz0b,Sportboutique,Gift Voucher,sports,christmas,86,,semantic-category-v8:sports:christmas
SAFE,cmtb78bdk0072dkiyytg3oz0b,Sportboutique,Gift Voucher,sports,just-because,76,,semantic-category-v8:sports:just-because
SAFE,cmtb78bqw0074dkiyvvhnv4d4,Stemalaser,Stemalaser Gift Card,beauty,birthday,92,,semantic-category-v8:beauty:birthday
SAFE,cmtb78bqw0074dkiyvvhnv4d4,Stemalaser,Stemalaser Gift Card,beauty,christmas,86,,semantic-category-v8:beauty:christmas
SAFE,cmtb78bqw0074dkiyvvhnv4d4,Stemalaser,Stemalaser Gift Card,beauty,mothers-day,82,,semantic-category-v8:beauty:mothers-day
SAFE,cmtb78bqw0074dkiyvvhnv4d4,Stemalaser,Stemalaser Gift Card,beauty,just-because,78,,semantic-category-v8:beauty:just-because
SAFE,cmtb78c4x0076dkiyi0rou2i6,Stretch & Relax,Stretch & Relax Massage & Pilates Gift Card,spa-wellness,birthday,92,,semantic-category-v8:spa-wellness:birthday
SAFE,cmtb78c4x0076dkiyi0rou2i6,Stretch & Relax,Stretch & Relax Massage & Pilates Gift Card,spa-wellness,anniversary,90,,semantic-category-v8:spa-wellness:anniversary
SAFE,cmtb78c4x0076dkiyi0rou2i6,Stretch & Relax,Stretch & Relax Massage & Pilates Gift Card,spa-wellness,valentines,88,,semantic-category-v8:spa-wellness:valentines
SAFE,cmtb78c4x0076dkiyi0rou2i6,Stretch & Relax,Stretch & Relax Massage & Pilates Gift Card,spa-wellness,mothers-day,86,,semantic-category-v8:spa-wellness:mothers-day
SAFE,cmtb78c4x0076dkiyi0rou2i6,Stretch & Relax,Stretch & Relax Massage & Pilates Gift Card,spa-wellness,fathers-day,82,,semantic-category-v8:spa-wellness:fathers-day
SAFE,cmtb78cit0078dkiyvd1zkppq,για πρωτότυπα και όμορφα δώρα!,Gift Card για πρωτότυπα και όμορφα δώρα!,food-delivery,birthday,84,,semantic-category-v8:food-delivery:birthday
SAFE,cmtb78cit0078dkiyvd1zkppq,για πρωτότυπα και όμορφα δώρα!,Gift Card για πρωτότυπα και όμορφα δώρα!,food-delivery,thank-you,84,,semantic-category-v8:food-delivery:thank-you
SAFE,cmtb78cit0078dkiyvd1zkppq,για πρωτότυπα και όμορφα δώρα!,Gift Card για πρωτότυπα και όμορφα δώρα!,food-delivery,just-because,82,,semantic-category-v8:food-delivery:just-because
SAFE,cmtb78cvq007adkiylvhj4shj,Lonis Tattoo Studio,Lonis Tattoo Studio Gift Card,experiences,birthday,94,,semantic-category-v8:experiences:birthday
SAFE,cmtb78cvq007adkiylvhj4shj,Lonis Tattoo Studio,Lonis Tattoo Studio Gift Card,experiences,anniversary,90,,semantic-category-v8:experiences:anniversary
SAFE,cmtb78cvq007adkiylvhj4shj,Lonis Tattoo Studio,Lonis Tattoo Studio Gift Card,experiences,valentines,88,,semantic-category-v8:experiences:valentines
SAFE,cmtb78cvq007adkiylvhj4shj,Lonis Tattoo Studio,Lonis Tattoo Studio Gift Card,experiences,christmas,84,,semantic-category-v8:experiences:christmas
SAFE,cmtb78da6007cdkiy8c9l1s4m,Drive at Serres Racing Circuit,Gift Card - Drive at Serres Racing Circuit,experiences,birthday,94,,semantic-category-v8:experiences:birthday
SAFE,cmtb78da6007cdkiy8c9l1s4m,Drive at Serres Racing Circuit,Gift Card - Drive at Serres Racing Circuit,experiences,anniversary,90,,semantic-category-v8:experiences:anniversary
SAFE,cmtb78da6007cdkiy8c9l1s4m,Drive at Serres Racing Circuit,Gift Card - Drive at Serres Racing Circuit,experiences,valentines,88,,semantic-category-v8:experiences:valentines
SAFE,cmtb78da6007cdkiy8c9l1s4m,Drive at Serres Racing Circuit,Gift Card - Drive at Serres Racing Circuit,experiences,christmas,84,,semantic-category-v8:experiences:christmas
SAFE,cmtb78dnx007edkiybk18rh14,Αρχεία - Αρωματοπωλείον,Δωροκάρτα Αρχεία - Αρωματοπωλείον,beauty,birthday,92,,semantic-category-v8:beauty:birthday
SAFE,cmtb78dnx007edkiybk18rh14,Αρχεία - Αρωματοπωλείον,Δωροκάρτα Αρχεία - Αρωματοπωλείον,beauty,christmas,86,,semantic-category-v8:beauty:christmas
SAFE,cmtb78dnx007edkiybk18rh14,Αρχεία - Αρωματοπωλείον,Δωροκάρτα Αρχεία - Αρωματοπωλείον,beauty,mothers-day,82,,semantic-category-v8:beauty:mothers-day
SAFE,cmtb78dnx007edkiybk18rh14,Αρχεία - Αρωματοπωλείον,Δωροκάρτα Αρχεία - Αρωματοπωλείον,beauty,just-because,78,,semantic-category-v8:beauty:just-because
SAFE,cmtb78e22007gdkiyojyhhg7e,Zador,Gift Voucher 100 EUR,fashion,birthday,92,,semantic-category-v8:fashion:birthday
SAFE,cmtb78e22007gdkiyojyhhg7e,Zador,Gift Voucher 100 EUR,fashion,christmas,86,,semantic-category-v8:fashion:christmas
SAFE,cmtb78e22007gdkiyojyhhg7e,Zador,Gift Voucher 100 EUR,fashion,just-because,78,,semantic-category-v8:fashion:just-because
SAFE,cmtb78efu007idkiysrm7kvql,Kymasurf,Kymasurf Gift Card,sports,birthday,92,,semantic-category-v8:sports:birthday
SAFE,cmtb78efu007idkiysrm7kvql,Kymasurf,Kymasurf Gift Card,sports,christmas,86,,semantic-category-v8:sports:christmas
SAFE,cmtb78efu007idkiysrm7kvql,Kymasurf,Kymasurf Gift Card,sports,just-because,76,,semantic-category-v8:sports:just-because
SAFE,cmtb78esw007kdkiy78dgnxfh,Κάρτα Δώρου Physis,Κάρτα Δώρου Physis – Γυμναστήρια Βόρεια Προάστια,sports,birthday,92,,semantic-category-v8:sports:birthday
SAFE,cmtb78esw007kdkiy78dgnxfh,Κάρτα Δώρου Physis,Κάρτα Δώρου Physis – Γυμναστήρια Βόρεια Προάστια,sports,christmas,86,,semantic-category-v8:sports:christmas
SAFE,cmtb78esw007kdkiy78dgnxfh,Κάρτα Δώρου Physis,Κάρτα Δώρου Physis – Γυμναστήρια Βόρεια Προάστια,sports,just-because,76,,semantic-category-v8:sports:just-because
SAFE,cmtb78fkx007odkiylrl8o7it,Hobbywood,Hobbywood Gift Card,home,wedding,88,,semantic-category-v8:home:wedding
SAFE,cmtb78fkx007odkiylrl8o7it,Hobbywood,Hobbywood Gift Card,home,christmas,84,,semantic-category-v8:home:christmas
SAFE,cmtb78fkx007odkiylrl8o7it,Hobbywood,Hobbywood Gift Card,home,just-because,76,,semantic-category-v8:home:just-because
SAFE,cmtb78fy5007qdkiyxevs1v0x,Simclub,Simclub Gift Card,experiences,birthday,94,,semantic-category-v8:experiences:birthday
SAFE,cmtb78fy5007qdkiyxevs1v0x,Simclub,Simclub Gift Card,experiences,anniversary,90,,semantic-category-v8:experiences:anniversary
SAFE,cmtb78fy5007qdkiyxevs1v0x,Simclub,Simclub Gift Card,experiences,valentines,88,,semantic-category-v8:experiences:valentines
SAFE,cmtb78fy5007qdkiyxevs1v0x,Simclub,Simclub Gift Card,experiences,christmas,84,,semantic-category-v8:experiences:christmas
SAFE,cmtb78gcm007sdkiyiijij48q,ΥΜΩΝ,ΥΜΩΝ – I Thought Of You Gift Card,spa-wellness,birthday,92,,semantic-category-v8:spa-wellness:birthday
SAFE,cmtb78gcm007sdkiyiijij48q,ΥΜΩΝ,ΥΜΩΝ – I Thought Of You Gift Card,spa-wellness,anniversary,90,,semantic-category-v8:spa-wellness:anniversary
SAFE,cmtb78gcm007sdkiyiijij48q,ΥΜΩΝ,ΥΜΩΝ – I Thought Of You Gift Card,spa-wellness,valentines,88,,semantic-category-v8:spa-wellness:valentines
SAFE,cmtb78gcm007sdkiyiijij48q,ΥΜΩΝ,ΥΜΩΝ – I Thought Of You Gift Card,spa-wellness,mothers-day,86,,semantic-category-v8:spa-wellness:mothers-day
SAFE,cmtb78gcm007sdkiyiijij48q,ΥΜΩΝ,ΥΜΩΝ – I Thought Of You Gift Card,spa-wellness,fathers-day,82,,semantic-category-v8:spa-wellness:fathers-day
SAFE,cmtb7hvgv000104iytg42blo5,Virtual Reality Athens,Gift vouchers - Virtual Reality Athens,experiences,birthday,94,,semantic-category-v8:experiences:birthday
SAFE,cmtb7hvgv000104iytg42blo5,Virtual Reality Athens,Gift vouchers - Virtual Reality Athens,experiences,anniversary,90,,semantic-category-v8:experiences:anniversary
SAFE,cmtb7hvgv000104iytg42blo5,Virtual Reality Athens,Gift vouchers - Virtual Reality Athens,experiences,valentines,88,,semantic-category-v8:experiences:valentines
SAFE,cmtb7hvgv000104iytg42blo5,Virtual Reality Athens,Gift vouchers - Virtual Reality Athens,experiences,christmas,84,,semantic-category-v8:experiences:christmas
SAFE,cmtb7hvx4000304iy23zcuddb,COYA Mykonos,Monetary Gift Voucher - COYA Mykonos,restaurants,birthday,92,,semantic-category-v8:restaurants:birthday
SAFE,cmtb7hvx4000304iy23zcuddb,COYA Mykonos,Monetary Gift Voucher - COYA Mykonos,restaurants,anniversary,94,,semantic-category-v8:restaurants:anniversary
SAFE,cmtb7hvx4000304iy23zcuddb,COYA Mykonos,Monetary Gift Voucher - COYA Mykonos,restaurants,valentines,92,,semantic-category-v8:restaurants:valentines
SAFE,cmtb7hvx4000304iy23zcuddb,COYA Mykonos,Monetary Gift Voucher - COYA Mykonos,restaurants,thank-you,84,,semantic-category-v8:restaurants:thank-you
SAFE,cmtb7hvx4000304iy23zcuddb,COYA Mykonos,Monetary Gift Voucher - COYA Mykonos,restaurants,just-because,84,,semantic-category-v8:restaurants:just-because
SAFE,cmtb7hwb9000504iyt3p5w1tc,Zuma Mykonos,monetary gift voucher - Zuma Mykonos,restaurants,birthday,92,,semantic-category-v8:restaurants:birthday
SAFE,cmtb7hwb9000504iyt3p5w1tc,Zuma Mykonos,monetary gift voucher - Zuma Mykonos,restaurants,anniversary,94,,semantic-category-v8:restaurants:anniversary
SAFE,cmtb7hwb9000504iyt3p5w1tc,Zuma Mykonos,monetary gift voucher - Zuma Mykonos,restaurants,valentines,92,,semantic-category-v8:restaurants:valentines
SAFE,cmtb7hwb9000504iyt3p5w1tc,Zuma Mykonos,monetary gift voucher - Zuma Mykonos,restaurants,thank-you,84,,semantic-category-v8:restaurants:thank-you
SAFE,cmtb7hwb9000504iyt3p5w1tc,Zuma Mykonos,monetary gift voucher - Zuma Mykonos,restaurants,just-because,84,,semantic-category-v8:restaurants:just-because
SAFE,cmtb7hwow000704iyt99hm2lp,Bioaroma Crete,Bioaroma Crete Spa Gift Card,spa-wellness,birthday,92,,semantic-category-v8:spa-wellness:birthday
SAFE,cmtb7hwow000704iyt99hm2lp,Bioaroma Crete,Bioaroma Crete Spa Gift Card,spa-wellness,anniversary,90,,semantic-category-v8:spa-wellness:anniversary
SAFE,cmtb7hwow000704iyt99hm2lp,Bioaroma Crete,Bioaroma Crete Spa Gift Card,spa-wellness,valentines,88,,semantic-category-v8:spa-wellness:valentines
SAFE,cmtb7hwow000704iyt99hm2lp,Bioaroma Crete,Bioaroma Crete Spa Gift Card,spa-wellness,mothers-day,86,,semantic-category-v8:spa-wellness:mothers-day
SAFE,cmtb7hwow000704iyt99hm2lp,Bioaroma Crete,Bioaroma Crete Spa Gift Card,spa-wellness,fathers-day,82,,semantic-category-v8:spa-wellness:fathers-day
SAFE,cmtb7hx2h000904iykt7d99h5,Calisti Oia,Calisti Oia Honeymoon Spa Gift Card,spa-wellness,birthday,92,,semantic-category-v8:spa-wellness:birthday
SAFE,cmtb7hx2h000904iykt7d99h5,Calisti Oia,Calisti Oia Honeymoon Spa Gift Card,spa-wellness,anniversary,90,,semantic-category-v8:spa-wellness:anniversary
SAFE,cmtb7hx2h000904iykt7d99h5,Calisti Oia,Calisti Oia Honeymoon Spa Gift Card,spa-wellness,valentines,88,,semantic-category-v8:spa-wellness:valentines
SAFE,cmtb7hx2h000904iykt7d99h5,Calisti Oia,Calisti Oia Honeymoon Spa Gift Card,spa-wellness,mothers-day,86,,semantic-category-v8:spa-wellness:mothers-day
SAFE,cmtb7hx2h000904iykt7d99h5,Calisti Oia,Calisti Oia Honeymoon Spa Gift Card,spa-wellness,fathers-day,82,,semantic-category-v8:spa-wellness:fathers-day
SAFE,cmtb7hxhc000b04iy3qi3vpga,Christakis,Christakis Gift Card,fashion,birthday,92,,semantic-category-v8:fashion:birthday
SAFE,cmtb7hxhc000b04iy3qi3vpga,Christakis,Christakis Gift Card,fashion,christmas,86,,semantic-category-v8:fashion:christmas
SAFE,cmtb7hxhc000b04iy3qi3vpga,Christakis,Christakis Gift Card,fashion,just-because,78,,semantic-category-v8:fashion:just-because
SAFE,cmtb7hxus000d04iy47r9hthi,Cretegolfclub,Gift Cards,sports,birthday,92,,semantic-category-v8:sports:birthday
SAFE,cmtb7hxus000d04iy47r9hthi,Cretegolfclub,Gift Cards,sports,christmas,86,,semantic-category-v8:sports:christmas
SAFE,cmtb7hxus000d04iy47r9hthi,Cretegolfclub,Gift Cards,sports,just-because,76,,semantic-category-v8:sports:just-because
SAFE,cmtb7hy8e000f04iyjz2kwfs2,Cretelocaladventures,Cretelocaladventures Gift Card,experiences,birthday,94,,semantic-category-v8:experiences:birthday
SAFE,cmtb7hy8e000f04iyjz2kwfs2,Cretelocaladventures,Cretelocaladventures Gift Card,experiences,anniversary,90,,semantic-category-v8:experiences:anniversary
SAFE,cmtb7hy8e000f04iyjz2kwfs2,Cretelocaladventures,Cretelocaladventures Gift Card,experiences,valentines,88,,semantic-category-v8:experiences:valentines
SAFE,cmtb7hy8e000f04iyjz2kwfs2,Cretelocaladventures,Cretelocaladventures Gift Card,experiences,christmas,84,,semantic-category-v8:experiences:christmas
SAFE,cmtb7hylq000h04iyusxw48a6,The Ultimate Travel Gift,The Ultimate Travel Gift | Divani Palace Acropolis Gift Card,travel,birthday,88,,semantic-category-v8:travel:birthday
SAFE,cmtb7hylq000h04iyusxw48a6,The Ultimate Travel Gift,The Ultimate Travel Gift | Divani Palace Acropolis Gift Card,travel,anniversary,92,,semantic-category-v8:travel:anniversary
SAFE,cmtb7hylq000h04iyusxw48a6,The Ultimate Travel Gift,The Ultimate Travel Gift | Divani Palace Acropolis Gift Card,travel,wedding,88,,semantic-category-v8:travel:wedding
SAFE,cmtb7hylq000h04iyusxw48a6,The Ultimate Travel Gift,The Ultimate Travel Gift | Divani Palace Acropolis Gift Card,travel,christmas,82,,semantic-category-v8:travel:christmas
SAFE,cmtb7hyz3000j04iykde85fi0,& Spa Voucherss,Gift Card & Spa Vouchers | Divani Athens Spa & Thalasso,spa-wellness,birthday,92,,semantic-category-v8:spa-wellness:birthday
SAFE,cmtb7hyz3000j04iykde85fi0,& Spa Voucherss,Gift Card & Spa Vouchers | Divani Athens Spa & Thalasso,spa-wellness,anniversary,90,,semantic-category-v8:spa-wellness:anniversary
SAFE,cmtb7hyz3000j04iykde85fi0,& Spa Voucherss,Gift Card & Spa Vouchers | Divani Athens Spa & Thalasso,spa-wellness,valentines,88,,semantic-category-v8:spa-wellness:valentines
SAFE,cmtb7hyz3000j04iykde85fi0,& Spa Voucherss,Gift Card & Spa Vouchers | Divani Athens Spa & Thalasso,spa-wellness,mothers-day,86,,semantic-category-v8:spa-wellness:mothers-day
SAFE,cmtb7hyz3000j04iykde85fi0,& Spa Voucherss,Gift Card & Spa Vouchers | Divani Athens Spa & Thalasso,spa-wellness,fathers-day,82,,semantic-category-v8:spa-wellness:fathers-day
SAFE,cmtb7hzca000l04iybffdjgu7,Explore Messinia,Explore Messinia Gift Card,experiences,birthday,94,,semantic-category-v8:experiences:birthday
SAFE,cmtb7hzca000l04iybffdjgu7,Explore Messinia,Explore Messinia Gift Card,experiences,anniversary,90,,semantic-category-v8:experiences:anniversary
SAFE,cmtb7hzca000l04iybffdjgu7,Explore Messinia,Explore Messinia Gift Card,experiences,valentines,88,,semantic-category-v8:experiences:valentines
SAFE,cmtb7hzca000l04iybffdjgu7,Explore Messinia,Explore Messinia Gift Card,experiences,christmas,84,,semantic-category-v8:experiences:christmas
SAFE,cmtb7hzpu000n04iyfkfu5yll,Mercato,Mercato Gift Card,restaurants,birthday,92,,semantic-category-v8:restaurants:birthday
SAFE,cmtb7hzpu000n04iyfkfu5yll,Mercato,Mercato Gift Card,restaurants,anniversary,94,,semantic-category-v8:restaurants:anniversary
SAFE,cmtb7hzpu000n04iyfkfu5yll,Mercato,Mercato Gift Card,restaurants,valentines,92,,semantic-category-v8:restaurants:valentines
SAFE,cmtb7hzpu000n04iyfkfu5yll,Mercato,Mercato Gift Card,restaurants,thank-you,84,,semantic-category-v8:restaurants:thank-you
SAFE,cmtb7hzpu000n04iyfkfu5yll,Mercato,Mercato Gift Card,restaurants,just-because,84,,semantic-category-v8:restaurants:just-because
SAFE,cmtb7i03o000p04iysnqf105v,Herminaathens,Herminaathens Gift Card,jewelry-watches,birthday,94,,semantic-category-v8:jewelry-watches:birthday
SAFE,cmtb7i03o000p04iysnqf105v,Herminaathens,Herminaathens Gift Card,jewelry-watches,anniversary,94,,semantic-category-v8:jewelry-watches:anniversary
SAFE,cmtb7i03o000p04iysnqf105v,Herminaathens,Herminaathens Gift Card,jewelry-watches,wedding,88,,semantic-category-v8:jewelry-watches:wedding
SAFE,cmtb7i03o000p04iysnqf105v,Herminaathens,Herminaathens Gift Card,jewelry-watches,valentines,92,,semantic-category-v8:jewelry-watches:valentines
SAFE,cmtb7i03o000p04iysnqf105v,Herminaathens,Herminaathens Gift Card,jewelry-watches,christmas,88,,semantic-category-v8:jewelry-watches:christmas
SAFE,cmtb7i0h0000r04iyqck32vp4,Northsantorini,Gift Cards,hotels,birthday,84,,semantic-category-v8:hotels:birthday
SAFE,cmtb7i0h0000r04iyqck32vp4,Northsantorini,Gift Cards,hotels,anniversary,96,,semantic-category-v8:hotels:anniversary
SAFE,cmtb7i0h0000r04iyqck32vp4,Northsantorini,Gift Cards,hotels,wedding,90,,semantic-category-v8:hotels:wedding
SAFE,cmtb7i0h0000r04iyqck32vp4,Northsantorini,Gift Cards,hotels,valentines,92,,semantic-category-v8:hotels:valentines
SAFE,cmtb7i0ub000t04iyzboosrqi,Μασάζ & Θεραπείας,Gift Cards Μασάζ & Θεραπείας,spa-wellness,birthday,92,,semantic-category-v8:spa-wellness:birthday
SAFE,cmtb7i0ub000t04iyzboosrqi,Μασάζ & Θεραπείας,Gift Cards Μασάζ & Θεραπείας,spa-wellness,anniversary,90,,semantic-category-v8:spa-wellness:anniversary
SAFE,cmtb7i0ub000t04iyzboosrqi,Μασάζ & Θεραπείας,Gift Cards Μασάζ & Θεραπείας,spa-wellness,valentines,88,,semantic-category-v8:spa-wellness:valentines
SAFE,cmtb7i0ub000t04iyzboosrqi,Μασάζ & Θεραπείας,Gift Cards Μασάζ & Θεραπείας,spa-wellness,mothers-day,86,,semantic-category-v8:spa-wellness:mothers-day
SAFE,cmtb7i0ub000t04iyzboosrqi,Μασάζ & Θεραπείας,Gift Cards Μασάζ & Θεραπείας,spa-wellness,fathers-day,82,,semantic-category-v8:spa-wellness:fathers-day
SAFE,cmtb7i1yu000y04iy1ud2iyk4,Starlight Cinema Crete,Starlight Cinema Crete Gift Card,experiences,birthday,94,,semantic-category-v8:experiences:birthday
SAFE,cmtb7i1yu000y04iy1ud2iyk4,Starlight Cinema Crete,Starlight Cinema Crete Gift Card,experiences,anniversary,90,,semantic-category-v8:experiences:anniversary
SAFE,cmtb7i1yu000y04iy1ud2iyk4,Starlight Cinema Crete,Starlight Cinema Crete Gift Card,experiences,valentines,88,,semantic-category-v8:experiences:valentines
SAFE,cmtb7i1yu000y04iy1ud2iyk4,Starlight Cinema Crete,Starlight Cinema Crete Gift Card,experiences,christmas,84,,semantic-category-v8:experiences:christmas
SAFE,cmtb7i2ay001004iy2mok8p6r,Mindful Touch,Mindful Touch Massage Gift Card,spa-wellness,birthday,92,,semantic-category-v8:spa-wellness:birthday
SAFE,cmtb7i2ay001004iy2mok8p6r,Mindful Touch,Mindful Touch Massage Gift Card,spa-wellness,anniversary,90,,semantic-category-v8:spa-wellness:anniversary
SAFE,cmtb7i2ay001004iy2mok8p6r,Mindful Touch,Mindful Touch Massage Gift Card,spa-wellness,valentines,88,,semantic-category-v8:spa-wellness:valentines
SAFE,cmtb7i2ay001004iy2mok8p6r,Mindful Touch,Mindful Touch Massage Gift Card,spa-wellness,mothers-day,86,,semantic-category-v8:spa-wellness:mothers-day
SAFE,cmtb7i2ay001004iy2mok8p6r,Mindful Touch,Mindful Touch Massage Gift Card,spa-wellness,fathers-day,82,,semantic-category-v8:spa-wellness:fathers-day
SAFE,cmtb7i2oe001204iynczh2811,Detail,Gift Card Detail,fashion,birthday,92,,semantic-category-v8:fashion:birthday
SAFE,cmtb7i2oe001204iynczh2811,Detail,Gift Card Detail,fashion,christmas,86,,semantic-category-v8:fashion:christmas
SAFE,cmtb7i2oe001204iynczh2811,Detail,Gift Card Detail,fashion,just-because,78,,semantic-category-v8:fashion:just-because
SAFE,cmtb7i3f1001604iyarnf8jny,4 Elements Massage Kefalonia,4 Elements Massage Kefalonia Gift Card,spa-wellness,birthday,92,,semantic-category-v8:spa-wellness:birthday
SAFE,cmtb7i3f1001604iyarnf8jny,4 Elements Massage Kefalonia,4 Elements Massage Kefalonia Gift Card,spa-wellness,anniversary,90,,semantic-category-v8:spa-wellness:anniversary
SAFE,cmtb7i3f1001604iyarnf8jny,4 Elements Massage Kefalonia,4 Elements Massage Kefalonia Gift Card,spa-wellness,valentines,88,,semantic-category-v8:spa-wellness:valentines
SAFE,cmtb7i3f1001604iyarnf8jny,4 Elements Massage Kefalonia,4 Elements Massage Kefalonia Gift Card,spa-wellness,mothers-day,86,,semantic-category-v8:spa-wellness:mothers-day
SAFE,cmtb7i3f1001604iyarnf8jny,4 Elements Massage Kefalonia,4 Elements Massage Kefalonia Gift Card,spa-wellness,fathers-day,82,,semantic-category-v8:spa-wellness:fathers-day
SAFE,cmtb7i474001904iye9qfchj3,Monkees of Athens,Monkees of Athens Gift Card,fashion,birthday,92,,semantic-category-v8:fashion:birthday
SAFE,cmtb7i474001904iye9qfchj3,Monkees of Athens,Monkees of Athens Gift Card,fashion,christmas,86,,semantic-category-v8:fashion:christmas
SAFE,cmtb7i474001904iye9qfchj3,Monkees of Athens,Monkees of Athens Gift Card,fashion,just-because,78,,semantic-category-v8:fashion:just-because
SAFE,cmtb7i4k6001b04iyd3jlw4se,Om Home,Om Home Gift Card,spa-wellness,birthday,92,,semantic-category-v8:spa-wellness:birthday
SAFE,cmtb7i4k6001b04iyd3jlw4se,Om Home,Om Home Gift Card,spa-wellness,anniversary,90,,semantic-category-v8:spa-wellness:anniversary
SAFE,cmtb7i4k6001b04iyd3jlw4se,Om Home,Om Home Gift Card,spa-wellness,valentines,88,,semantic-category-v8:spa-wellness:valentines
SAFE,cmtb7i4k6001b04iyd3jlw4se,Om Home,Om Home Gift Card,spa-wellness,mothers-day,86,,semantic-category-v8:spa-wellness:mothers-day
SAFE,cmtb7i4k6001b04iyd3jlw4se,Om Home,Om Home Gift Card,spa-wellness,fathers-day,82,,semantic-category-v8:spa-wellness:fathers-day
SAFE,cmtb7i4z6001d04iynhzy9379,Oriad Athens,Oriad Athens Gift Card,beauty,birthday,92,,semantic-category-v8:beauty:birthday
SAFE,cmtb7i4z6001d04iynhzy9379,Oriad Athens,Oriad Athens Gift Card,beauty,christmas,86,,semantic-category-v8:beauty:christmas
SAFE,cmtb7i4z6001d04iynhzy9379,Oriad Athens,Oriad Athens Gift Card,beauty,mothers-day,82,,semantic-category-v8:beauty:mothers-day
SAFE,cmtb7i4z6001d04iynhzy9379,Oriad Athens,Oriad Athens Gift Card,beauty,just-because,78,,semantic-category-v8:beauty:just-because
SAFE,cmtb7i5bs001f04iyz8mjtcii,Sunrisemykonos,Gift Cards,hotels,birthday,84,,semantic-category-v8:hotels:birthday
SAFE,cmtb7i5bs001f04iyz8mjtcii,Sunrisemykonos,Gift Cards,hotels,anniversary,96,,semantic-category-v8:hotels:anniversary
SAFE,cmtb7i5bs001f04iyz8mjtcii,Sunrisemykonos,Gift Cards,hotels,wedding,90,,semantic-category-v8:hotels:wedding
SAFE,cmtb7i5bs001f04iyz8mjtcii,Sunrisemykonos,Gift Cards,hotels,valentines,92,,semantic-category-v8:hotels:valentines
SAFE,cmtb7i5pu001h04iyyjorsy8i,Dia Tauta Gift Shop e,Dia Tauta Gift Shop e-gift card,gifts-concept-stores,birthday,92,,semantic-category-v8:gifts-concept-stores:birthday
SAFE,cmtb7i5pu001h04iyyjorsy8i,Dia Tauta Gift Shop e,Dia Tauta Gift Shop e-gift card,gifts-concept-stores,christmas,92,,semantic-category-v8:gifts-concept-stores:christmas
SAFE,cmtb7i5pu001h04iyyjorsy8i,Dia Tauta Gift Shop e,Dia Tauta Gift Shop e-gift card,gifts-concept-stores,thank-you,86,,semantic-category-v8:gifts-concept-stores:thank-you
SAFE,cmtb7i5pu001h04iyyjorsy8i,Dia Tauta Gift Shop e,Dia Tauta Gift Shop e-gift card,gifts-concept-stores,just-because,88,,semantic-category-v8:gifts-concept-stores:just-because
SAFE,cmtb7r1ep0001u8iyqwzxbtq4,LEGO Store Greece,LEGO Store Greece Gift Card,kids-baby,birthday,94,,semantic-category-v8:kids-baby:birthday
SAFE,cmtb7r1ep0001u8iyqwzxbtq4,LEGO Store Greece,LEGO Store Greece Gift Card,kids-baby,for-kids,96,,semantic-category-v8:kids-baby:for-kids
SAFE,cmtb7r1ep0001u8iyqwzxbtq4,LEGO Store Greece,LEGO Store Greece Gift Card,kids-baby,christmas,90,,semantic-category-v8:kids-baby:christmas
SAFE,cmtb7r1s30003u8iyqwx9ie8b,Business Travel,Business Travel Gift Card,travel,birthday,88,,semantic-category-v8:travel:birthday
SAFE,cmtb7r1s30003u8iyqwx9ie8b,Business Travel,Business Travel Gift Card,travel,anniversary,92,,semantic-category-v8:travel:anniversary
SAFE,cmtb7r1s30003u8iyqwx9ie8b,Business Travel,Business Travel Gift Card,travel,wedding,88,,semantic-category-v8:travel:wedding
SAFE,cmtb7r1s30003u8iyqwx9ie8b,Business Travel,Business Travel Gift Card,travel,christmas,82,,semantic-category-v8:travel:christmas
SAFE,cmtb7r2hm0006u8iyspxxt678,Cla Chic,Cla Chic Gift Card,fashion,birthday,92,,semantic-category-v8:fashion:birthday
SAFE,cmtb7r2hm0006u8iyspxxt678,Cla Chic,Cla Chic Gift Card,fashion,christmas,86,,semantic-category-v8:fashion:christmas
SAFE,cmtb7r2hm0006u8iyspxxt678,Cla Chic,Cla Chic Gift Card,fashion,just-because,78,,semantic-category-v8:fashion:just-because
SAFE,cmtb7r39e000au8iy6kw8beht,Dioptra,Dioptra Gift Card,books,birthday,90,,semantic-category-v8:books:birthday
SAFE,cmtb7r39e000au8iy6kw8beht,Dioptra,Dioptra Gift Card,books,christmas,90,,semantic-category-v8:books:christmas
SAFE,cmtb7r39e000au8iy6kw8beht,Dioptra,Dioptra Gift Card,books,thank-you,82,,semantic-category-v8:books:thank-you
SAFE,cmtb7r40m000du8iyupsublbp,LVK Premium Fitness,LVK Premium Fitness Gift Card,sports,birthday,92,,semantic-category-v8:sports:birthday
SAFE,cmtb7r40m000du8iyupsublbp,LVK Premium Fitness,LVK Premium Fitness Gift Card,sports,christmas,86,,semantic-category-v8:sports:christmas
SAFE,cmtb7r40m000du8iyupsublbp,LVK Premium Fitness,LVK Premium Fitness Gift Card,sports,just-because,76,,semantic-category-v8:sports:just-because
SAFE,cmtb7r4ej000fu8iy8bqfjf4m,MAC Cosmetics Greece,MAC Cosmetics Greece Gift Card,beauty,birthday,92,,semantic-category-v8:beauty:birthday
SAFE,cmtb7r4ej000fu8iy8bqfjf4m,MAC Cosmetics Greece,MAC Cosmetics Greece Gift Card,beauty,christmas,86,,semantic-category-v8:beauty:christmas
SAFE,cmtb7r4ej000fu8iy8bqfjf4m,MAC Cosmetics Greece,MAC Cosmetics Greece Gift Card,beauty,mothers-day,82,,semantic-category-v8:beauty:mothers-day
SAFE,cmtb7r4ej000fu8iy8bqfjf4m,MAC Cosmetics Greece,MAC Cosmetics Greece Gift Card,beauty,just-because,78,,semantic-category-v8:beauty:just-because
SAFE,cmtb7r4sk000hu8iyp7wvodly,Royal Grand Hotel,Royal Grand Hotel Gift Card,hotels,birthday,84,,semantic-category-v8:hotels:birthday
SAFE,cmtb7r4sk000hu8iyp7wvodly,Royal Grand Hotel,Royal Grand Hotel Gift Card,hotels,anniversary,96,,semantic-category-v8:hotels:anniversary
SAFE,cmtb7r4sk000hu8iyp7wvodly,Royal Grand Hotel,Royal Grand Hotel Gift Card,hotels,wedding,90,,semantic-category-v8:hotels:wedding
SAFE,cmtb7r4sk000hu8iyp7wvodly,Royal Grand Hotel,Royal Grand Hotel Gift Card,hotels,valentines,92,,semantic-category-v8:hotels:valentines
SAFE,cmtb7r55q000ju8iyqpd5hbns,Santo Wines,Santo Wines Gift Card,food-delivery,birthday,84,,semantic-category-v8:food-delivery:birthday
SAFE,cmtb7r55q000ju8iyqpd5hbns,Santo Wines,Santo Wines Gift Card,food-delivery,thank-you,84,,semantic-category-v8:food-delivery:thank-you
SAFE,cmtb7r55q000ju8iyqpd5hbns,Santo Wines,Santo Wines Gift Card,food-delivery,just-because,82,,semantic-category-v8:food-delivery:just-because
SAFE,cmtb7r5ii000lu8iy66q25yej,Sports Direct Greece,Sports Direct Greece Gift Card,sports,birthday,92,,semantic-category-v8:sports:birthday
SAFE,cmtb7r5ii000lu8iy66q25yej,Sports Direct Greece,Sports Direct Greece Gift Card,sports,christmas,86,,semantic-category-v8:sports:christmas
SAFE,cmtb7r5ii000lu8iy66q25yej,Sports Direct Greece,Sports Direct Greece Gift Card,sports,just-because,76,,semantic-category-v8:sports:just-because
SAFE,cmtb7r657000nu8iy3ciwxqo0,Summit Gym,Summit Gym Gift Card,sports,birthday,92,,semantic-category-v8:sports:birthday
SAFE,cmtb7r657000nu8iy3ciwxqo0,Summit Gym,Summit Gym Gift Card,sports,christmas,86,,semantic-category-v8:sports:christmas
SAFE,cmtb7r657000nu8iy3ciwxqo0,Summit Gym,Summit Gym Gift Card,sports,just-because,76,,semantic-category-v8:sports:just-because
SAFE,cmucbsbe40001bsiyh2977d4f,Nike,Nike Gift Card,sports,birthday,92,,semantic-category-v8:sports:birthday
SAFE,cmucbsbe40001bsiyh2977d4f,Nike,Nike Gift Card,sports,christmas,86,,semantic-category-v8:sports:christmas
SAFE,cmucbsbe40001bsiyh2977d4f,Nike,Nike Gift Card,sports,just-because,76,,semantic-category-v8:sports:just-because
SAFE,cmucbsbnf0003bsiy2wgnuttu,Zara,Zara Gift Card,fashion,birthday,92,,semantic-category-v8:fashion:birthday
SAFE,cmucbsbnf0003bsiy2wgnuttu,Zara,Zara Gift Card,fashion,christmas,86,,semantic-category-v8:fashion:christmas
SAFE,cmucbsbnf0003bsiy2wgnuttu,Zara,Zara Gift Card,fashion,just-because,78,,semantic-category-v8:fashion:just-because
SAFE,cmucbsbuq0005bsiy3q6f2mqt,H&M,H&M Gift Card,fashion,birthday,92,,semantic-category-v8:fashion:birthday
SAFE,cmucbsbuq0005bsiy3q6f2mqt,H&M,H&M Gift Card,fashion,christmas,86,,semantic-category-v8:fashion:christmas
SAFE,cmucbsbuq0005bsiy3q6f2mqt,H&M,H&M Gift Card,fashion,just-because,78,,semantic-category-v8:fashion:just-because
SAFE,cmucbsc2t0007bsiy33j50zd5,Bershka,Bershka Gift Card,fashion,birthday,92,,semantic-category-v8:fashion:birthday
SAFE,cmucbsc2t0007bsiy33j50zd5,Bershka,Bershka Gift Card,fashion,christmas,86,,semantic-category-v8:fashion:christmas
SAFE,cmucbsc2t0007bsiy33j50zd5,Bershka,Bershka Gift Card,fashion,just-because,78,,semantic-category-v8:fashion:just-because
SAFE,cmucbscal0009bsiyjh3hgwso,Pull&Bear,Pull&Bear Gift Card,fashion,birthday,92,,semantic-category-v8:fashion:birthday
SAFE,cmucbscal0009bsiyjh3hgwso,Pull&Bear,Pull&Bear Gift Card,fashion,christmas,86,,semantic-category-v8:fashion:christmas
SAFE,cmucbscal0009bsiyjh3hgwso,Pull&Bear,Pull&Bear Gift Card,fashion,just-because,78,,semantic-category-v8:fashion:just-because
SAFE,cmucbscjj000bbsiyqiexwdt0,Stradivarius,Stradivarius Gift Card,fashion,birthday,92,,semantic-category-v8:fashion:birthday
SAFE,cmucbscjj000bbsiyqiexwdt0,Stradivarius,Stradivarius Gift Card,fashion,christmas,86,,semantic-category-v8:fashion:christmas
SAFE,cmucbscjj000bbsiyqiexwdt0,Stradivarius,Stradivarius Gift Card,fashion,just-because,78,,semantic-category-v8:fashion:just-because
SAFE,cmucbscsb000dbsiyhe7aydnd,Oysho,Oysho Gift Card,fashion,birthday,92,,semantic-category-v8:fashion:birthday
SAFE,cmucbscsb000dbsiyhe7aydnd,Oysho,Oysho Gift Card,fashion,christmas,86,,semantic-category-v8:fashion:christmas
SAFE,cmucbscsb000dbsiyhe7aydnd,Oysho,Oysho Gift Card,fashion,just-because,78,,semantic-category-v8:fashion:just-because
SAFE,cmucbsd1d000fbsiyya0i8sun,Massimo Dutti,Massimo Dutti Gift Card,fashion,birthday,92,,semantic-category-v8:fashion:birthday
SAFE,cmucbsd1d000fbsiyya0i8sun,Massimo Dutti,Massimo Dutti Gift Card,fashion,christmas,86,,semantic-category-v8:fashion:christmas
SAFE,cmucbsd1d000fbsiyya0i8sun,Massimo Dutti,Massimo Dutti Gift Card,fashion,just-because,78,,semantic-category-v8:fashion:just-because
SAFE,cmucbsda2000hbsiyi2hqvozr,Zara Home,Zara Home Gift Card,home,wedding,88,,semantic-category-v8:home:wedding
SAFE,cmucbsda2000hbsiyi2hqvozr,Zara Home,Zara Home Gift Card,home,christmas,84,,semantic-category-v8:home:christmas
SAFE,cmucbsda2000hbsiyi2hqvozr,Zara Home,Zara Home Gift Card,home,just-because,76,,semantic-category-v8:home:just-because
REVIEW,cmt79igv3001684iyrqjuar1j,Pharm24,Pharm24 Gift Card,pharmacy,,,"Pharmacy catalog can mix beauty, wellness, baby and medical products; category alone is insufficient.",
REVIEW,cmta1eubc0001q8iydiwk2lo3,ToFarmakeioMou,"ToFarmakeioMou.gr | Το online φαρμακείο σου για καλλυντικά, βιταμίνες & πάνες",pharmacy,,,"Pharmacy catalog can mix beauty, wellness, baby and medical products; category alone is insufficient.",
REVIEW,cmta1f2jh000xq8iyzwanlt71,PharmNet,PharmNet Gift Card,pharmacy,,,"Pharmacy catalog can mix beauty, wellness, baby and medical products; category alone is insufficient.",
REVIEW,cmta1fdz30025q8iyjgn4n03r,O-Biotique,O-Biotique Gift Card,pharmacy,,,"Pharmacy catalog can mix beauty, wellness, baby and medical products; category alone is insufficient.",
REVIEW,cmta1frxq003fq8iydayuc6sk,Farmakeio4all,Farmakeio4all Δωροκάρτα,pharmacy,,,"Pharmacy catalog can mix beauty, wellness, baby and medical products; category alone is insufficient.",
REVIEW,cmta1fygo0045q8iypmd5evvg,HerbStore,HerbStore Δωροκάρτα,pharmacy,,,"Pharmacy catalog can mix beauty, wellness, baby and medical products; category alone is insufficient.",
REVIEW,cmta1g8cd004wq8iym0zq4dyi,Ofarmakopoiosmou,Ofarmakopoiosmou Gift Card,pharmacy,,,"Pharmacy catalog can mix beauty, wellness, baby and medical products; category alone is insufficient.",
REVIEW,cmta1glxb006aq8iyq6z8shi9,Efarmakeio,Efarmakeio Δωροκάρτα,pharmacy,,,"Pharmacy catalog can mix beauty, wellness, baby and medical products; category alone is insufficient.",
REVIEW,cmta1hm2i009gq8iy3vf9bzhy,Bestpharmacy,Bestpharmacy Gift Card,pharmacy,,,"Pharmacy catalog can mix beauty, wellness, baby and medical products; category alone is insufficient.",
REVIEW,cmta1iet500cgq8iyotbelz95,Healthypetspharmacy,Αγοράστε μία Δωροεπιταγή,pharmacy,,,"Pharmacy catalog can mix beauty, wellness, baby and medical products; category alone is insufficient.",
REVIEW,cmta1j4b000fmq8iypks872xe,Naturalhealth,Δωροκάρτα | Natural Health,pharmacy,,,"Pharmacy catalog can mix beauty, wellness, baby and medical products; category alone is insufficient.",
REVIEW,cmta1jx1n00iwq8iyq4q9smi3,Vitaspis,Δωροκάρτα,pharmacy,,,"Pharmacy catalog can mix beauty, wellness, baby and medical products; category alone is insufficient.",
REVIEW,cmta1jxyi00j0q8iy3t1yqvto,Wspc,WSPC Gift Card,education,,,Education gift cards need course/product context before assigning birthday or graduation.,
REVIEW,cmta1kaap00kgq8iyxyxwrv9r,Medi Shop,Medi-Shop Δωροκάρτα 50€,health-medical,,,Medical/health services should not receive generic gifting occasions from category alone.,
REVIEW,cmta1ksaz00miq8iyz8knfxq5,Kalousos,Kalousos Gift Card,health-medical,,,Medical/health services should not receive generic gifting occasions from category alone.,
REVIEW,cmta1kv7e00muq8iyjip095a8,Mathimatamageirikis,Δωροκάρτα,education,,,Education gift cards need course/product context before assigning birthday or graduation.,
REVIEW,cmta1l42f00nuq8iy2f3za3fa,Snus Bar,gift card Αρχεία - Snus Bar,tobacco-vaping,,,Age-restricted category; no generic semantic occasion is auto-assigned.,
REVIEW,cmta1ljul00pkq8iysiqz221g,Newaypharmacy,e-Gift Card,pharmacy,,,"Pharmacy catalog can mix beauty, wellness, baby and medical products; category alone is insufficient.",
REVIEW,cmta1lkb500pmq8iyk432joy4,Pharmagalaxy,Pharmagalaxy Gift Card,pharmacy,,,"Pharmacy catalog can mix beauty, wellness, baby and medical products; category alone is insufficient.",
REVIEW,cmta1lkvc00poq8iyrf4ok9ea,Avgerinospharmacy,Gift Card!,pharmacy,,,"Pharmacy catalog can mix beauty, wellness, baby and medical products; category alone is insufficient.",
REVIEW,cmta1loyo00q4q8iysa3cla1n,Alldaypharmacy,Gift card - ΦΑΡΜΑΚΕΙΟ ΓΛΥΦΑΔΑ,pharmacy,,,"Pharmacy catalog can mix beauty, wellness, baby and medical products; category alone is insufficient.",
REVIEW,cmta1lzev00r8q8iybg568yga,Mistridis,Gift Card - Κάρτα Δώρου - Mystridis Family Pharmacy,pharmacy,,,"Pharmacy catalog can mix beauty, wellness, baby and medical products; category alone is insufficient.",
REVIEW,cmta1mhwp00t8q8iyp2up25jv,Athenscentre,Gift voucher,education,,,Education gift cards need course/product context before assigning birthday or graduation.,
REVIEW,cmta1mq7900u2q8iy41zkg4cg,Cigarsmoke,Gift Card Αρχεία,tobacco-vaping,,,Age-restricted category; no generic semantic occasion is auto-assigned.,
REVIEW,cmta1o01w00z2q8iyrp45us19,Yourdigitalcourses,ΔΩΡΟΚΑΡΤΑ 50,education,,,Education gift cards need course/product context before assigning birthday or graduation.,
REVIEW,cmta4239t000at8iyxdbmhou6,Powerpharm,Powerpharm Δωροεπιταγή,pharmacy,,,"Pharmacy catalog can mix beauty, wellness, baby and medical products; category alone is insufficient.",
REVIEW,cmta4y73l0001sciyd3rsxm5u,365pharmacy,Gift Cards | 365pharmacy.gr - Online Φαρμακείο,pharmacy,,,"Pharmacy catalog can mix beauty, wellness, baby and medical products; category alone is insufficient.",
REVIEW,cmta4ykx8001lsciyu1m24dqd,Iaso,IASO presents “IASO Gift Card” for Mammography,health-medical,,,Medical/health services should not receive generic gifting occasions from category alone.,
REVIEW,cmtb6unre001h3giyec12nyxq,Fan Pharmacy,Fan Pharmacy Gift Card,pharmacy,,,"Pharmacy catalog can mix beauty, wellness, baby and medical products; category alone is insufficient.",
REVIEW,cmtb77lnk003idkiykm5i5vto,Theλamdaproject,Theλamdaproject Gift Card,education,,,Education gift cards need course/product context before assigning birthday or graduation.,
REVIEW,cmtb77urx004tdkiyvtb2mf7m,Create Athens,Create Athens Gift Card,education,,,Education gift cards need course/product context before assigning birthday or graduation.,
REVIEW,cmtb785hb006bdkiyfv69uwot,Konstantinidis Dental,Konstantinidis Dental Gift Card,health-medical,,,Medical/health services should not receive generic gifting occasions from category alone.,
REVIEW,cmtb7r2w80008u8iyzhcede6d,Digas,Digas Gift Card,health-medical,,,Medical/health services should not receive generic gifting occasions from category alone.,
